sector,ticker_a,ticker_b,name_a,name_b,eg_adf_stat,eg_pvalue,fdr_level,bh_critical_pvalue,passes_bh,hedge_ratio_beta,intercept_alpha,half_life_days,ar1_alpha,ar1_beta,zscore_window,latest_zscore,max_abs_zscore,threshold_breached,breach_date,ar1_sign_agreement_recent,ar1_latest_residual,zscore_delta_latest,zscore_delta2_latest,zscore_turning_recent,momentum_read
CA_BANKS,BNS.TO,RY.TO,BANK OF NOVA SCOTIA,ROYAL BANK OF CANADA,-3.082925482291879,0.027842855852627912,0.05,,False,1.1021722928431685,-1.4075517274626899,,,,,,,,,,,,,,
CA_BANKS,NA.TO,RY.TO,NATIONAL BANK OF CANADA,ROYAL BANK OF CANADA,-3.080915138526505,0.027998172485380248,0.05,,False,1.092021852465633,-0.7565688163759576,,,,,,,,,,,,,,
CA_BANKS,CM.TO,NA.TO,CANADIAN IMPERIAL BANK OF COMME,NATIONAL BANK OF CANADA,-2.956935915242738,0.039116477649742756,0.05,,False,1.2429166498657935,-1.562164927039304,,,,,,,,,,,,,,
CA_BANKS,BNS.TO,NA.TO,BANK OF NOVA SCOTIA,NATIONAL BANK OF CANADA,-2.6007342927525214,0.09284559901084022,0.05,,False,1.01037583155631,-0.6493042089394789,,,,,,,,,,,,,,
CA_BANKS,BNS.TO,CM.TO,BANK OF NOVA SCOTIA,CANADIAN IMPERIAL BANK OF COMME,-2.574942162981327,0.09828759042646029,0.05,,False,0.8130374627498241,0.6199920598043667,,,,,,,,,,,,,,
CA_BANKS,BMO.TO,CM.TO,BANK OF MONTREAL,CANADIAN IMPERIAL BANK OF COMME,-2.340313880655779,0.15929528586835207,0.05,,False,0.8806015626255539,0.9709351120991636,,,,,,,,,,,,,,
CA_BANKS,CM.TO,TD.TO,CANADIAN IMPERIAL BANK OF COMME,TORONTO-DOMINION BANK,-2.3341542942020888,0.16118897072211952,0.05,,False,0.9861053264064569,0.07098254605969156,,,,,,,,,,,,,,
CA_BANKS,CM.TO,RY.TO,CANADIAN IMPERIAL BANK OF COMME,ROYAL BANK OF CANADA,-2.235677393921628,0.19355230041539578,0.05,,False,1.35606296268194,-2.496089429047161,,,,,,,,,,,,,,
CA_BANKS,BMO.TO,TD.TO,BANK OF MONTREAL,TORONTO-DOMINION BANK,-2.2231410579581783,0.1979540386694743,0.05,,False,0.8665519363113077,1.0417642083462844,,,,,,,,,,,,,,
CA_BANKS,BMO.TO,RY.TO,BANK OF MONTREAL,ROYAL BANK OF CANADA,-2.0752257865287422,0.25459239740831163,0.05,,False,1.198581998805346,-1.2502943197688436,,,,,,,,,,,,,,
CA_BANKS,RY.TO,TD.TO,ROYAL BANK OF CANADA,TORONTO-DOMINION BANK,-2.0688724337000677,0.25721390482989387,0.05,,False,0.7231617492582377,1.911478985734111,,,,,,,,,,,,,,
CA_BANKS,BMO.TO,NA.TO,BANK OF MONTREAL,NATIONAL BANK OF CANADA,-2.025241340579343,0.27561647551306234,0.05,,False,1.0986523598498332,-0.42520824589505857,,,,,,,,,,,,,,
CA_BANKS,BMO.TO,BNS.TO,BANK OF MONTREAL,BANK OF NOVA SCOTIA,-1.937232538284427,0.3147534687733966,0.05,,False,1.0856653655144124,0.28825066648807685,,,,,,,,,,,,,,
CA_BANKS,NA.TO,TD.TO,NATIONAL BANK OF CANADA,TORONTO-DOMINION BANK,-1.9330080774843856,0.3166958906383799,0.05,,False,0.7886260647268676,1.3357735124324308,,,,,,,,,,,,,,
CA_BANKS,BNS.TO,TD.TO,BANK OF NOVA SCOTIA,TORONTO-DOMINION BANK,-1.8156801192072423,0.37270520504052107,0.05,,False,0.7961109590600053,0.7035301151095226,,,,,,,,,,,,,,
CA_ENERGY,CNQ.TO,SU.TO,CDN NATURAL RES,SUNCOR ENERGY INC.,-3.053220368062393,0.03021441687735118,0.05,,False,0.7677702292583849,0.7003531773202538,,,,,,,,,,,,,,
CA_ENERGY,CVE.TO,SU.TO,CENOVUS ENERGY INC.,SUNCOR ENERGY INC.,-2.9262589384041235,0.04237854526611407,0.05,,False,1.167049444491519,-1.5747972311275764,,,,,,,,,,,,,,
CA_ENERGY,CVE.TO,IMO.TO,CENOVUS ENERGY INC.,IMPERIAL OIL,-2.696066942434413,0.0747213360902534,0.05,,False,1.0607593279307561,-1.8808136283410275,,,,,,,,,,,,,,
CA_ENERGY,CNQ.TO,IMO.TO,CDN NATURAL RES,IMPERIAL OIL,-2.4298367586767866,0.133491653853395,0.05,,False,0.6816965814190975,0.5756958156305068,,,,,,,,,,,,,,
CA_ENERGY,CNQ.TO,CVE.TO,CDN NATURAL RES,CENOVUS ENERGY INC.,-2.2375278099512323,0.19290795813200484,0.05,,False,0.6613240320644622,1.725481196182606,,,,,,,,,,,,,,
CA_ENERGY,IMO.TO,SU.TO,IMPERIAL OIL,SUNCOR ENERGY INC.,-1.8454491486406466,0.3581421285753162,0.05,,False,1.0991843711448306,0.2926119903274573,,,,,,,,,,,,,,
CH_FINANCIALS,BAER.SW,UBSG.SW,JULIUS BAER N,UBS GROUP N,-3.1177480727253655,0.025267328814056612,0.05,,False,0.7761645044023515,1.3820008371510646,,,,,,,,,,,,,,
CH_FINANCIALS,BAER.SW,ZURN.SW,JULIUS BAER N,ZURICH INSURANCE N,-2.9138557990635894,0.043760318879444156,0.05,,False,1.5576457038857028,-5.739844543443541,,,,,,,,,,,,,,
CH_FINANCIALS,UBSG.SW,ZURN.SW,UBS GROUP N,ZURICH INSURANCE N,-2.5344757909490334,0.10730970806683954,0.05,,False,2.233495287003446,-10.591683465962841,,,,,,,,,,,,,,
CH_FINANCIALS,BAER.SW,SLHN.SW,JULIUS BAER N,SWISS LIFE HOLDING AG N,-2.3312451114357677,0.16208869459169067,0.05,,False,0.9768861076174732,-2.4814950192521303,,,,,,,,,,,,,,
CH_FINANCIALS,SLHN.SW,ZURN.SW,SWISS LIFE HOLDING AG N,ZURICH INSURANCE N,-2.205961321440473,0.20408896008317623,0.05,,False,1.4995166601110765,-2.7420201129606996,,,,,,,,,,,,,,
CH_FINANCIALS,SLHN.SW,UBSG.SW,SWISS LIFE HOLDING AG N,UBS GROUP N,-2.1767034274013124,0.21480914442866844,0.05,,False,0.7660449621421899,4.050682663545022,,,,,,,,,,,,,,
CH_PHARMA_LIFESCIENCE,LONN.SW,NOVN.SW,LONZA N,NOVARTIS N,-4.1332841008537935,0.0008528486076541793,0.05,0.0008528486076541793,True,-0.21695137366217407,7.277799527871432,12.50526462414639,0.0004858187022909662,-0.055428429656862184,38.0,0.36934438463286984,2.836726537140594,False,,0.2,0.010925791984372733,0.11290717705408637,0.018395608353095505,True,mixed signal
CONSUMER,EZJ.L,MKS.L,EASYJET PLC ORD 27 2/7P,MARKS AND SPENCER GROUP PLC ORD,-4.248070075890084,0.0005457526410703584,0.05,0.0031063607948176495,True,3.7740291589438666,-16.00954978442009,14.466971428550979,-0.001053522634572665,-0.047912390232001126,43.0,-0.21984164008383936,2.602633454618384,False,,0.4,0.003614162744637193,-0.05740410509468624,0.8208234424867067,True,mixed signal
CONSUMER,ABF.L,DNLM.L,ASSOCIATED BRITISH FOODS PLC OR,DUNELM GROUP PLC ORD 1P,-4.111402102070741,0.0009273370417025126,0.05,0.0031063607948176495,True,0.5367643538370528,3.9082754016285906,11.53251694124226,-0.00012897570989592192,-0.06010372099096009,35.0,-0.9002463803513078,3.681741652154644,False,,0.4,0.0020020290719921906,0.04247109052434417,-0.27235981970098055,True,mixed signal
CONSUMER,DOM.L,MKS.L,DOMINO'S PIZZA GROUP PLC ORD 25,MARKS AND SPENCER GROUP PLC ORD,-3.995226158831696,0.001435715810939329,0.05,0.0031063607948176495,True,42.36487734402292,-243.59250603138804,15.923336513014824,-0.016685146608385656,-0.04353027269086516,48.0,0.009033023557013879,2.7320790888445714,False,,0.4,-0.12689856104692232,-0.03781098259351363,0.6928704558959379,True,mixed signal
CONSUMER,BME.L,MKS.L,B&M EUROPEAN VALUE RETAIL PLC O,MARKS AND SPENCER GROUP PLC ORD,-3.978586815454935,0.0015268821706045607,0.05,0.0031063607948176495,True,111.61126984349231,-650.6031589744949,16.023784764321217,-0.04275732750306969,-0.0432573946015124,48.0,-0.03571678504874997,2.7143920944551128,False,,0.4,-0.3283020240657084,-0.03848944838600859,0.7220069483562931,True,mixed signal
CONSUMER,GRG.L,MKS.L,GREGGS PLC ORD 2P,MARKS AND SPENCER GROUP PLC ORD,-3.968153966196079,0.0015867603242831888,0.05,0.0031063607948176495,True,116.2007232710086,-675.5512633738559,16.049443458652053,-0.044074243232581245,-0.043188237794393944,48.0,-0.018187020832282675,2.7263724809563583,False,,0.4,-0.3375164968986117,-0.037796360024782136,0.7252780265483392,True,mixed signal
CONSUMER,ABF.L,MKS.L,ASSOCIATED BRITISH FOODS PLC OR,MARKS AND SPENCER GROUP PLC ORD,-3.967118008258621,0.0015928237570415615,0.05,0.0031063607948176495,True,31.848199935229015,-179.59549186536077,16.118571414528915,-0.012225176184484775,-0.043003015759520605,48.0,-0.11643076578643086,2.6782071625844215,False,,0.4,-0.09770970559467446,-0.04004140648086879,0.745189283236543,True,mixed signal
CONSUMER,MKS.L,PETS.L,MARKS AND SPENCER GROUP PLC ORD,PETS AT HOME GROUP PLC ORD 1P,-3.963318828527821,0.00161524507784109,0.05,0.0031063607948176495,True,0.009526217546402175,5.82714977964453,16.050008145896676,0.0003777478003509302,-0.0431867183031402,48.0,0.05197901794348755,2.701258737443307,False,,0.4,0.002965942182536069,0.03854413859505359,-0.7264245805965581,True,mixed signal
CONSUMER,DNLM.L,MKS.L,DUNELM GROUP PLC ORD 1P,MARKS AND SPENCER GROUP PLC ORD,-3.9436009764945243,0.001736398521202756,0.05,0.0031063607948176495,True,34.600624535342455,-196.46725646196174,16.23835956571135,-0.01342347782541007,-0.04268578841076924,49.0,-0.061466164273834945,2.6341329470914006,False,,0.4,-0.11167012291660047,-0.029871449203499177,0.7493955322846813,True,mixed signal
CONSUMER,IHG.L,MKS.L,INTERCONTINENTAL HOTELS GROUP P,MARKS AND SPENCER GROUP PLC ORD,-3.942310074116898,0.0017446174487851147,0.05,0.0031063607948176495,True,19.826148401715066,-111.7325094167617,16.2578001116671,-0.006537722486077193,-0.042634746140255565,49.0,0.024239310137725584,2.6108084922120365,False,,0.4,-0.047046279913599436,-0.029707325379556986,0.7175211597428024,True,mixed signal
CONSUMER,MKS.L,WTB.L,MARKS AND SPENCER GROUP PLC ORD,WHITBREAD PLC ORD 76 122/153P,-3.9391147902126495,0.0017651167999947215,0.05,0.0031063607948176495,True,0.22737342435382102,4.076943260440161,16.80821836288368,0.0004715907170088281,-0.041238587314558574,50.0,-0.43888669907387984,2.7510543983699702,False,,0.6,0.003437989628110345,0.024479123473210185,-0.47106297242504774,True,reversion signs agree
CONSUMER,DOM.L,TSCO.L,DOMINO'S PIZZA GROUP PLC ORD 25,TESCO PLC ORD 6 1/3P,-3.909343448120705,0.0019671504349052815,0.05,0.0031063607948176495,True,-1.9841858616733874,17.370083370553154,13.560204193014963,0.0004244232769952111,-0.05111627898029695,41.0,1.2604670970418417,2.964308345886248,False,,0.2,0.012020260087049761,-0.0649048478081653,-0.7371239154036954,False,still diverging
CONSUMER,MKS.L,NXT.L,MARKS AND SPENCER GROUP PLC ORD,NEXT PLC ORD 10P,-3.8156620421292367,0.0027510758446089006,0.05,0.0031063607948176495,True,0.0797188084928634,5.132307775315154,16.92444614167198,0.0002960902565674739,-0.04095538339971158,51.0,0.022803880406451822,2.559594527272036,False,,0.4,0.002105235972767039,0.008262644800707443,-0.6912988547803974,True,mixed signal
CONSUMER,MKS.L,TSCO.L,MARKS AND SPENCER GROUP PLC ORD,TESCO PLC ORD 6 1/3P,-3.7897049380477235,0.0030144208311261873,0.05,0.0031063607948176495,True,0.07566997198417351,5.424921954816101,16.96775003170054,0.0003118344597983073,-0.040850859970529445,51.0,-0.042177036992878926,2.6648621802655588,False,,0.4,0.002336118421580867,0.008007691928713902,-0.7343767417017811,True,mixed signal
CONSUMER,MKS.L,SBRY.L,MARKS AND SPENCER GROUP PLC ORD,SAINSBURY (J) PLC ORD 28 4/7P,-3.7811325942910883,0.0031063607948176495,0.05,0.0031063607948176495,True,0.09873273780969584,5.317686582300631,17.108860941427984,0.00032224378853581856,-0.04051392918166369,51.0,0.10978168707573958,2.6402547845133104,False,,0.4,0.002414737505887039,0.0049614312284106815,-0.7806841707725496,True,mixed signal
CONSUMER,DNLM.L,WTB.L,DUNELM GROUP PLC ORD 1P,WHITBREAD PLC ORD 76 122/153P,-3.384156172646208,0.011510991336205078,0.05,0.0031063607948176495,False,1.6395310590034353,-6.047212483545065,,,,,,,,,,,,,,
CONSUMER,ABF.L,PETS.L,ASSOCIATED BRITISH FOODS PLC OR,PETS AT HOME GROUP PLC ORD 1P,-3.322349775330548,0.013908522352168018,0.05,0.0031063607948176495,False,0.45387106960548035,5.171352532700178,,,,,,,,,,,,,,
CONSUMER,BME.L,TSCO.L,B&M EUROPEAN VALUE RETAIL PLC O,TESCO PLC ORD 6 1/3P,-3.314406195362246,0.014246670598830396,0.05,0.0031063607948176495,False,-3.100881111553283,24.151225538567896,,,,,,,,,,,,,,
CONSUMER,DOM.L,SBRY.L,DOMINO'S PIZZA GROUP PLC ORD 25,SAINSBURY (J) PLC ORD 28 4/7P,-3.28790703764771,0.015427760174056122,0.05,0.0031063607948176495,False,-2.327623003541639,18.696674766643504,,,,,,,,,,,,,,
CONSUMER,ABF.L,IHG.L,ASSOCIATED BRITISH FOODS PLC OR,INTERCONTINENTAL HOTELS GROUP P,-3.27624621565637,0.01597423829633876,0.05,0.0031063607948176495,False,-0.557473751757316,10.325636493922183,,,,,,,,,,,,,,
CONSUMER,DOM.L,NXT.L,DOMINO'S PIZZA GROUP PLC ORD 25,NEXT PLC ORD 10P,-3.253892557275879,0.017069553976476245,0.05,0.0031063607948176495,False,-1.6656799885360438,21.065715433895225,,,,,,,,,,,,,,
CONSUMER,ABF.L,WTB.L,ASSOCIATED BRITISH FOODS PLC OR,WHITBREAD PLC ORD 76 122/153P,-3.2023881448543565,0.019846859509900058,0.05,0.0031063607948176495,False,0.8309700314130701,1.0512451564770373,,,,,,,,,,,,,,
CONSUMER,IHG.L,PETS.L,INTERCONTINENTAL HOTELS GROUP P,PETS AT HOME GROUP PLC ORD 1P,-3.160983625045255,0.02235712278279646,0.05,0.0031063607948176495,False,-0.7492701731864693,8.893327925616362,,,,,,,,,,,,,,
CONSUMER,EZJ.L,TSCO.L,EASYJET PLC ORD 27 2/7P,TESCO PLC ORD 6 1/3P,-3.0177021817144287,0.033273984799639215,0.05,0.0031063607948176495,False,-0.9541655395116193,11.90198311527021,,,,,,,,,,,,,,
CONSUMER,BME.L,DOM.L,B&M EUROPEAN VALUE RETAIL PLC O,DOMINO'S PIZZA GROUP PLC ORD 25,-2.8882506386738993,0.04673144724634236,0.05,0.0031063607948176495,False,1.5445067133705646,-2.894719012986557,,,,,,,,,,,,,,
CONSUMER,EZJ.L,NXT.L,EASYJET PLC ORD 27 2/7P,NEXT PLC ORD 10P,-2.848367509451905,0.05169003984875951,0.05,0.0031063607948176495,False,-0.40425827493779826,9.963559063990813,,,,,,,,,,,,,,
CONSUMER,ABF.L,TSCO.L,ASSOCIATED BRITISH FOODS PLC OR,TESCO PLC ORD 6 1/3P,-2.841696235501101,0.05256016584166799,0.05,0.0031063607948176495,False,-0.5304191818389654,10.818938715849118,,,,,,,,,,,,,,
CONSUMER,EZJ.L,SBRY.L,EASYJET PLC ORD 27 2/7P,SAINSBURY (J) PLC ORD 28 4/7P,-2.831579699812086,0.05390250031116897,0.05,0.0031063607948176495,False,-1.258657898134152,13.331938465405997,,,,,,,,,,,,,,
CONSUMER,SBRY.L,TSCO.L,SAINSBURY (J) PLC ORD 28 4/7P,TESCO PLC ORD 6 1/3P,-2.8072671984239785,0.05724317531046357,0.05,0.0031063607948176495,False,0.8908396354188444,0.33962898378907713,,,,,,,,,,,,,,
CONSUMER,ABF.L,BME.L,ASSOCIATED BRITISH FOODS PLC OR,B&M EUROPEAN VALUE RETAIL PLC O,-2.7496031272236663,0.06584098479968266,0.05,0.0031063607948176495,False,0.16223053733201584,6.736719712752123,,,,,,,,,,,,,,
CONSUMER,DOM.L,EZJ.L,DOMINO'S PIZZA GROUP PLC ORD 25,EASYJET PLC ORD 27 2/7P,-2.7165886484875417,0.0712114346397358,0.05,0.0031063607948176495,False,3.5372337126039475,-16.385339141482348,,,,,,,,,,,,,,
CONSUMER,BME.L,NXT.L,B&M EUROPEAN VALUE RETAIL PLC O,NEXT PLC ORD 10P,-2.716574544126217,0.07121380121077141,0.05,0.0031063607948176495,False,-2.669315983213743,30.546685660080968,,,,,,,,,,,,,,
CONSUMER,PETS.L,TSCO.L,PETS AT HOME GROUP PLC ORD 1P,TESCO PLC ORD 6 1/3P,-2.707307309996564,0.07278229864432142,0.05,0.0031063607948176495,False,-1.4806747465146197,14.31507209678808,,,,,,,,,,,,,,
CONSUMER,ABF.L,NXT.L,ASSOCIATED BRITISH FOODS PLC OR,NEXT PLC ORD 10P,-2.705367415418619,0.07311406820210671,0.05,0.0031063607948176495,False,-0.33291827594334195,10.754615730568638,,,,,,,,,,,,,,
CONSUMER,GRG.L,NXT.L,GREGGS PLC ORD 2P,NEXT PLC ORD 10P,-2.6955859704313565,0.07480520848080265,0.05,0.0031063607948176495,False,-1.8813546983423264,25.20003244901787,,,,,,,,,,,,,,
CONSUMER,ABF.L,GRG.L,ASSOCIATED BRITISH FOODS PLC OR,GREGGS PLC ORD 2P,-2.676436980208424,0.07820520490823696,0.05,0.0031063607948176495,False,0.24062085710306297,5.812686002735486,,,,,,,,,,,,,,
CONSUMER,EZJ.L,PETS.L,EASYJET PLC ORD 27 2/7P,PETS AT HOME GROUP PLC ORD 1P,-2.675860896535819,0.07830934166729103,0.05,0.0031063607948176495,False,0.45765532879405435,3.6916220658640393,,,,,,,,,,,,,,
CONSUMER,IHG.L,WTB.L,INTERCONTINENTAL HOTELS GROUP P,WHITBREAD PLC ORD 76 122/153P,-2.671234426414231,0.07914960585260716,0.05,0.0031063607948176495,False,-1.6682572871996604,18.0444156458944,,,,,,,,,,,,,,
CONSUMER,BME.L,EZJ.L,B&M EUROPEAN VALUE RETAIL PLC O,EASYJET PLC ORD 27 2/7P,-2.665080530405315,0.08027821840855215,0.05,0.0031063607948176495,False,6.40944926138796,-34.047007791255,,,,,,,,,,,,,,
CONSUMER,BME.L,GRG.L,B&M EUROPEAN VALUE RETAIL PLC O,GREGGS PLC ORD 2P,-2.6349537924253363,0.0859860479547957,0.05,0.0031063607948176495,False,1.4568938974538623,-5.496364471286333,,,,,,,,,,,,,,
CONSUMER,ABF.L,SBRY.L,ASSOCIATED BRITISH FOODS PLC OR,SAINSBURY (J) PLC ORD 28 4/7P,-2.614805812490206,0.08997565435569571,0.05,0.0031063607948176495,False,-0.33880671070137386,9.562566662918327,,,,,,,,,,,,,,
CONSUMER,EZJ.L,GRG.L,EASYJET PLC ORD 27 2/7P,GREGGS PLC ORD 2P,-2.575196892040788,0.09823268247955319,0.05,0.0031063607948176495,False,0.1934116173170099,4.711387979916962,,,,,,,,,,,,,,
CONSUMER,EZJ.L,IHG.L,EASYJET PLC ORD 27 2/7P,INTERCONTINENTAL HOTELS GROUP P,-2.570956411820028,0.09914977859840601,0.05,0.0031063607948176495,False,-0.44251778449247586,8.31198950212396,,,,,,,,,,,,,,
CONSUMER,ABF.L,DOM.L,ASSOCIATED BRITISH FOODS PLC OR,DOMINO'S PIZZA GROUP PLC ORD 25,-2.570234388351503,0.09930657764672118,0.05,0.0031063607948176495,False,0.1943766910050104,6.574249693136614,,,,,,,,,,,,,,
CONSUMER,DNLM.L,PETS.L,DUNELM GROUP PLC ORD 1P,PETS AT HOME GROUP PLC ORD 1P,-2.513714156137885,0.11217308017739275,0.05,0.0031063607948176495,False,0.8676121353339538,2.233392484454426,,,,,,,,,,,,,,
CONSUMER,DNLM.L,IHG.L,DUNELM GROUP PLC ORD 1P,INTERCONTINENTAL HOTELS GROUP P,-2.5043376204459262,0.11442249892829287,0.05,0.0031063607948176495,False,-1.1938852368122348,12.704721038969584,,,,,,,,,,,,,,
CONSUMER,BME.L,SBRY.L,B&M EUROPEAN VALUE RETAIL PLC O,SAINSBURY (J) PLC ORD 28 4/7P,-2.4939588905457737,0.11695111968385696,0.05,0.0031063607948176495,False,-4.211574959380691,29.486941162226085,,,,,,,,,,,,,,
CONSUMER,BME.L,PETS.L,B&M EUROPEAN VALUE RETAIL PLC O,PETS AT HOME GROUP PLC ORD 1P,-2.4770438894596674,0.12116016643616212,0.05,0.0031063607948176495,False,2.3424447229166723,-7.176158469063311,,,,,,,,,,,,,,
CONSUMER,GRG.L,TSCO.L,GREGGS PLC ORD 2P,TESCO PLC ORD 6 1/3P,-2.4480547919311095,0.12862990775977495,0.05,0.0031063607948176495,False,-2.3455862103993526,21.652730750933543,,,,,,,,,,,,,,
CONSUMER,NXT.L,SBRY.L,NEXT PLC ORD 10P,SAINSBURY (J) PLC ORD 28 4/7P,-2.3876773143774255,0.14524464373672402,0.05,0.0031063607948176495,False,1.4301556822916188,1.2360851950167628,,,,,,,,,,,,,,
CONSUMER,PETS.L,WTB.L,PETS AT HOME GROUP PLC ORD 1P,WHITBREAD PLC ORD 76 122/153P,-2.3693792785884504,0.15056601267320097,0.05,0.0031063607948176495,False,2.1724284982742423,-11.784737571402099,,,,,,,,,,,,,,
CONSUMER,TSCO.L,WTB.L,TESCO PLC ORD 6 1/3P,WHITBREAD PLC ORD 76 122/153P,-2.3087400468223467,0.16916462527790865,0.05,0.0031063607948176495,False,-1.7295424555179344,19.706148412086463,,,,,,,,,,,,,,
CONSUMER,NXT.L,TSCO.L,NEXT PLC ORD 10P,TESCO PLC ORD 6 1/3P,-2.2952918455102087,0.17349094166264772,0.05,0.0031063607948176495,False,1.2208889834308065,2.0406773153798667,,,,,,,,,,,,,,
CONSUMER,GRG.L,PETS.L,GREGGS PLC ORD 2P,PETS AT HOME GROUP PLC ORD 1P,-2.266459437639501,0.1830136953199749,0.05,0.0031063607948176495,False,1.6396360381169022,-1.325738810181461,,,,,,,,,,,,,,
CONSUMER,PETS.L,SBRY.L,PETS AT HOME GROUP PLC ORD 1P,SAINSBURY (J) PLC ORD 28 4/7P,-2.2612345472774824,0.1847754593310626,0.05,0.0031063607948176495,False,-2.116628820016539,17.463105606575454,,,,,,,,,,,,,,
CONSUMER,GRG.L,SBRY.L,GREGGS PLC ORD 2P,SAINSBURY (J) PLC ORD 28 4/7P,-2.2560933157122194,0.18651981503258735,0.05,0.0031063607948176495,False,-3.5272041162227437,27.62970652494412,,,,,,,,,,,,,,
CONSUMER,DNLM.L,TSCO.L,DUNELM GROUP PLC ORD 1P,TESCO PLC ORD 6 1/3P,-2.233343880373007,0.1943668361485849,0.05,0.0031063607948176495,False,-1.5234475652990214,16.08595385820567,,,,,,,,,,,,,,
CONSUMER,ABF.L,EZJ.L,ASSOCIATED BRITISH FOODS PLC OR,EASYJET PLC ORD 27 2/7P,-2.231347303638048,0.1950655060995823,0.05,0.0031063607948176495,False,0.43431801550284427,4.9537165741633995,,,,,,,,,,,,,,
CONSUMER,NXT.L,PETS.L,NEXT PLC ORD 10P,PETS AT HOME GROUP PLC ORD 1P,-2.1149248443846713,0.23855574983361966,0.05,0.0031063607948176495,False,-0.817281113409203,13.804677664899291,,,,,,,,,,,,,,
CONSUMER,DOM.L,GRG.L,DOMINO'S PIZZA GROUP PLC ORD 25,GREGGS PLC ORD 2P,-2.077794950975633,0.2535365827214223,0.05,0.0031063607948176495,False,0.9243674166842002,-1.5411223008916366,,,,,,,,,,,,,,
CONSUMER,DNLM.L,NXT.L,DUNELM GROUP PLC ORD 1P,NEXT PLC ORD 10P,-2.0281471522393804,0.27436952421625604,0.05,0.0031063607948176495,False,-1.083529071395602,17.093736549327602,,,,,,,,,,,,,,
CONSUMER,BME.L,WTB.L,B&M EUROPEAN VALUE RETAIL PLC O,WHITBREAD PLC ORD 76 122/153P,-1.9868674131405732,0.29236080038610035,0.05,0.0031063607948176495,False,5.942284986998912,-41.54524055114514,,,,,,,,,,,,,,
CONSUMER,IHG.L,SBRY.L,INTERCONTINENTAL HOTELS GROUP P,SAINSBURY (J) PLC ORD 28 4/7P,-1.9394479036864294,0.31373707016288827,0.05,0.0031063607948176495,False,1.497047512769074,-3.6860552760218033,,,,,,,,,,,,,,
CONSUMER,NXT.L,WTB.L,NEXT PLC ORD 10P,WHITBREAD PLC ORD 76 122/153P,-1.923671025258059,0.32100874832986864,0.05,0.0031063607948176495,False,-2.328887547668897,27.821881517631724,,,,,,,,,,,,,,
CONSUMER,DNLM.L,SBRY.L,DUNELM GROUP PLC ORD 1P,SAINSBURY (J) PLC ORD 28 4/7P,-1.8914577472521485,0.3360902652642561,0.05,0.0031063607948176495,False,-3.2453110337401165,25.392944098463598,,,,,,,,,,,,,,
CONSUMER,IHG.L,TSCO.L,INTERCONTINENTAL HOTELS GROUP P,TESCO PLC ORD 6 1/3P,-1.8771663012898956,0.3428778549986252,0.05,0.0031063607948176495,False,1.111164052486605,-1.8429593328029128,,,,,,,,,,,,,,
CONSUMER,GRG.L,WTB.L,GREGGS PLC ORD 2P,WHITBREAD PLC ORD 76 122/153P,-1.8489671304870168,0.35643587718981884,0.05,0.0031063607948176495,False,4.896685039188454,-31.22596601310802,,,,,,,,,,,,,,
CONSUMER,SBRY.L,WTB.L,SAINSBURY (J) PLC ORD 28 4/7P,WHITBREAD PLC ORD 76 122/153P,-1.8349322232270378,0.36326184750489754,0.05,0.0031063607948176495,False,-1.8620500862593043,20.441015343362043,,,,,,,,,,,,,,
CONSUMER,DOM.L,PETS.L,DOMINO'S PIZZA GROUP PLC ORD 25,PETS AT HOME GROUP PLC ORD 1P,-1.7573257034090672,0.4018444951564217,0.05,0.0031063607948176495,False,1.5289078076524183,-2.838737196301535,,,,,,,,,,,,,,
CONSUMER,DOM.L,WTB.L,DOMINO'S PIZZA GROUP PLC ORD 25,WHITBREAD PLC ORD 76 122/153P,-1.6118895001187012,0.4769837999957921,0.05,0.0031063607948176495,False,4.532303312056569,-30.452678462462714,,,,,,,,,,,,,,
CONSUMER,BME.L,IHG.L,B&M EUROPEAN VALUE RETAIL PLC O,INTERCONTINENTAL HOTELS GROUP P,-1.537407494980509,0.5149319625452391,0.05,0.0031063607948176495,False,-3.6354615923365095,23.082922419883012,,,,,,,,,,,,,,
CONSUMER,IHG.L,NXT.L,INTERCONTINENTAL HOTELS GROUP P,NEXT PLC ORD 10P,-1.5118223985415669,0.5276550716998905,0.05,0.0031063607948176495,False,0.8239667204400433,-2.8933208846665215,,,,,,,,,,,,,,
CONSUMER,DNLM.L,GRG.L,DUNELM GROUP PLC ORD 1P,GREGGS PLC ORD 2P,-1.4931356163445781,0.5369042770936127,0.05,0.0031063607948176495,False,0.3892279394282346,3.99560010622693,,,,,,,,,,,,,,
CONSUMER,BME.L,DNLM.L,B&M EUROPEAN VALUE RETAIL PLC O,DUNELM GROUP PLC ORD 1P,-1.4480867196629759,0.5590182010292445,0.05,0.0031063607948176495,False,3.697661123046749,-20.136858753782654,,,,,,,,,,,,,,
CONSUMER,DNLM.L,DOM.L,DUNELM GROUP PLC ORD 1P,DOMINO'S PIZZA GROUP PLC ORD 25,-1.3949497525742058,0.5846948614759222,0.05,0.0031063607948176495,False,0.40479352580988126,4.733525136688092,,,,,,,,,,,,,,
CONSUMER,DOM.L,IHG.L,DOMINO'S PIZZA GROUP PLC ORD 25,INTERCONTINENTAL HOTELS GROUP P,-1.3646341722131978,0.5991086641251234,0.05,0.0031063607948176495,False,-2.492804530728637,17.48983908478639,,,,,,,,,,,,,,
CONSUMER,GRG.L,IHG.L,GREGGS PLC ORD 2P,INTERCONTINENTAL HOTELS GROUP P,-1.17738728800096,0.6832467152356917,0.05,0.0031063607948176495,False,-2.9466562304752015,21.793388929850597,,,,,,,,,,,,,,
CONSUMER,EZJ.L,WTB.L,EASYJET PLC ORD 27 2/7P,WHITBREAD PLC ORD 76 122/153P,-1.1594157000545682,0.6908060155330692,0.05,0.0031063607948176495,False,1.4740886265919737,-5.504694890599256,,,,,,,,,,,,,,
CONSUMER,DNLM.L,EZJ.L,DUNELM GROUP PLC ORD 1P,EASYJET PLC ORD 27 2/7P,-1.056396982409532,0.7321435538884162,0.05,0.0031063607948176495,False,1.467970195766966,-2.1222935100164744,,,,,,,,,,,,,,
DE_AUTO,BMW.DE,VOW3.DE,BAYERISCHE MOTOREN WERKE AG   S,VOLKSWAGEN AG                 V,-3.1973362917835204,0.02013938377457835,0.05,,False,1.3118984621771235,-1.5324830863369252,,,,,,,,,,,,,,
DE_AUTO,BMW.DE,MBG.DE,BAYERISCHE MOTOREN WERKE AG   S,Mercedes-Benz Group AG        N,-2.933476145186071,0.041591374863834414,0.05,,False,1.6601276411098114,-2.182744782433563,,,,,,,,,,,,,,
DE_AUTO,MBG.DE,VOW3.DE,Mercedes-Benz Group AG        N,VOLKSWAGEN AG                 V,-2.7313787461133257,0.06876398411691231,0.05,,False,0.791501915219618,0.3860776481904109,,,,,,,,,,,,,,
DE_AUTO,CON.DE,MBG.DE,CONTINENTAL AG                I,Mercedes-Benz Group AG        N,-2.63272440354116,0.08642063442119385,0.05,,False,8.595770398989679,-29.616788849029177,,,,,,,,,,,,,,
DE_AUTO,CON.DE,PAH3.DE,CONTINENTAL AG                I,Porsche Automobil Holding SE  I,-2.5504911966534713,0.1036674191913699,0.05,,False,-6.08838274026885,25.290128043474333,,,,,,,,,,,,,,
DE_AUTO,MBG.DE,PAH3.DE,Mercedes-Benz Group AG        N,Porsche Automobil Holding SE  I,-2.310468134578617,0.16861401403071852,0.05,,False,0.8408138760705988,0.9628870187153522,,,,,,,,,,,,,,
DE_AUTO,BMW.DE,PAH3.DE,BAYERISCHE MOTOREN WERKE AG   S,Porsche Automobil Holding SE  I,-2.033757144311862,0.27197065893198974,0.05,,False,1.7404339922951515,-1.7908851542432975,,,,,,,,,,,,,,
DE_AUTO,CON.DE,VOW3.DE,CONTINENTAL AG                I,VOLKSWAGEN AG                 V,-1.637913079195684,0.46335147651426434,0.05,,False,5.943037139595081,-22.46983373580739,,,,,,,,,,,,,,
DE_AUTO,PAH3.DE,VOW3.DE,Porsche Automobil Holding SE  I,VOLKSWAGEN AG                 V,-1.5797127046372987,0.49377595639756994,0.05,,False,0.8946500580007112,-0.47824574813106224,,,,,,,,,,,,,,
DE_AUTO,BMW.DE,CON.DE,BAYERISCHE MOTOREN WERKE AG   S,CONTINENTAL AG                I,-0.7706037684042873,0.827604873721301,0.05,,False,0.2877699520138112,3.161579471750847,,,,,,,,,,,,,,
DE_BANKS_INSURANCE,CBK.DE,HNR1.DE,Commerzbank AG                I,HANNOVER RUECK SE NA O.N.,-3.5414518887646578,0.006984196077963578,0.05,0.009257585118931112,True,13.329852422824745,-69.87603997601344,19.116381649263086,-0.0012177606247085187,-0.036259329473403,57.0,-1.3364516485853712,1.8433977237767227,False,,0.2,-0.01674805258089469,0.0367879900716801,0.8386166210213561,False,still diverging
DE_BANKS_INSURANCE,DBK.DE,HNR1.DE,DEUTSCHE BANK AG              N,HANNOVER RUECK SE NA O.N.,-3.453745089252825,0.009257585118931112,0.05,0.009257585118931112,True,10.846241440499707,-56.34251265192102,19.903420912301318,-0.0011147564084798397,-0.03482552992342866,60.0,-1.5769732466776474,1.9901709133405576,False,,0.2,-0.015352139770397446,0.06677341056677788,0.8854279498563056,False,still diverging
DE_BANKS_INSURANCE,CBK.DE,DBK.DE,Commerzbank AG                I,DEUTSCHE BANK AG              N,-3.122973268843668,0.024899120350513906,0.05,0.009257585118931112,False,1.2339833508849012,-0.6475438600213774,,,,,,,,,,,,,,
DE_BANKS_INSURANCE,ALV.DE,CBK.DE,Allianz SE                    v,Commerzbank AG                I,-2.8737147631252293,0.04849110693940331,0.05,0.009257585118931112,False,0.37770448011298796,4.565961021649087,,,,,,,,,,,,,,
DE_BANKS_INSURANCE,HNR1.DE,MUV2.DE,HANNOVER RUECK SE NA O.N.,MUENCHENER RUECKVERS.-GES. AG N,-2.842181904702491,0.05249641842722276,0.05,0.009257585118931112,False,0.6464601474893351,1.4701910822130033,,,,,,,,,,,,,,
DE_BANKS_INSURANCE,ALV.DE,HNR1.DE,Allianz SE                    v,HANNOVER RUECK SE NA O.N.,-2.841285700811076,0.05261410075192527,0.05,0.009257585118931112,False,4.007358094593996,-16.195469262411592,,,,,,,,,,,,,,
DE_BANKS_INSURANCE,DBK.DE,MUV2.DE,DEUTSCHE BANK AG              N,MUENCHENER RUECKVERS.-GES. AG N,-2.6625142380805538,0.08075257696806276,0.05,0.009257585118931112,False,4.9958378017934555,-27.889890960120326,,,,,,,,,,,,,,
DE_BANKS_INSURANCE,CBK.DE,MUV2.DE,Commerzbank AG                I,MUENCHENER RUECKVERS.-GES. AG N,-2.1939090280339713,0.20846355111962067,0.05,0.009257585118931112,False,6.566125520992832,-37.55322719506248,,,,,,,,,,,,,,
DE_BANKS_INSURANCE,ALV.DE,DBK.DE,Allianz SE                    v,DEUTSCHE BANK AG              N,-1.853473965061247,0.3542547345712714,0.05,0.009257585118931112,False,0.45859762247247254,4.344618817495862,,,,,,,,,,,,,,
DE_BANKS_INSURANCE,ALV.DE,MUV2.DE,Allianz SE                    v,MUENCHENER RUECKVERS.-GES. AG N,-1.7550755866338108,0.40298227831114775,0.05,0.009257585118931112,False,2.131762057771443,-7.457183186417686,,,,,,,,,,,,,,
DE_CHEMICALS,BAS.DE,LXS.DE,BASF SE                       N,LANXESS AG                    I,-3.5133956267691357,0.0076496573408256175,0.05,0.01353543083437583,True,-0.19991499107287003,4.379600989307352,17.073930059726457,0.00019591146168722112,-0.0405968150352755,51.0,-1.0811236532888555,2.3304046636272244,False,,0.2,0.002342407563258203,-0.004199314177835589,-0.6087807320900822,True,mixed signal
DE_CHEMICALS,LXS.DE,WCH.DE,LANXESS AG                    I,Wacker Chemie AG              I,-3.3943366655491305,0.01115345602816886,0.05,0.01353543083437583,True,-2.803226907757232,15.138312496737163,20.215192787828908,-0.0012593014160956473,-0.03428842790840327,61.0,-0.7705816310461927,2.2657036215175643,False,,0.6,0.0025981889824844666,0.025915744837948784,-0.43506800505530807,True,reversion signs agree
DE_CHEMICALS,BAS.DE,WCH.DE,BASF SE                       N,Wacker Chemie AG              I,-3.3313147137236854,0.01353543083437583,0.05,0.01353543083437583,True,0.4605735131763355,1.7823245103664604,25.254358647982876,0.00043063177754188966,-0.027446635656903074,63.0,0.008028661525697166,2.3259286845521965,False,,0.2,0.0016420040849819849,-0.03697425702613357,-0.2592394980330942,True,mixed signal
DE_CHEMICALS,BAS.DE,SY1.DE,BASF SE                       N,Symrise AG                    I,-2.6146338154262616,0.0900103164433132,0.05,0.01353543083437583,False,-0.2901782836857818,5.059526648187958,,,,,,,,,,,,,,
DE_CHEMICALS,SY1.DE,WCH.DE,Symrise AG                    I,Wacker Chemie AG              I,-2.2785425056461506,0.17898184961354308,0.05,0.01353543083437583,False,5.988168007131099,-21.266311765637784,,,,,,,,,,,,,,
DE_CHEMICALS,LXS.DE,SY1.DE,LANXESS AG                    I,Symrise AG                    I,-2.143398558934569,0.22742549710102355,0.05,0.01353543083437583,False,1.3154091386542148,-2.792478815408357,,,,,,,,,,,,,,
DE_HEALTHCARE,BAYN.DE,SHL.DE,Bayer AG                      N,Siemens Healthineers AG       N,-3.2749434052500166,0.016036338012185805,0.05,,False,-2.4048966773253366,12.493878366159509,,,,,,,,,,,,,,
DE_HEALTHCARE,FRE.DE,MRK.DE,Fresenius SE & Co. KGaA       N,MERCK KGAA                    I,-2.8030048082827865,0.05784583285172369,0.05,,False,-1.2363241077823228,9.636099176338083,,,,,,,,,,,,,,
DE_HEALTHCARE,FME.DE,MRK.DE,Fresenius Medical Care AG     I,MERCK KGAA                    I,-2.733772205915938,0.06837429557012237,0.05,,False,-0.6325157897432543,6.734285233389735,,,,,,,,,,,,,,
DE_HEALTHCARE,BAYN.DE,FME.DE,Bayer AG                      N,Fresenius Medical Care AG     I,-2.3715178212182413,0.14993716434802307,0.05,,False,-6.949952518723472,28.92991202809548,,,,,,,,,,,,,,
DE_HEALTHCARE,BAYN.DE,FRE.DE,Bayer AG                      N,Fresenius SE & Co. KGaA       N,-2.1147074669227686,0.23864192721467248,0.05,,False,2.2340702981026532,-4.836770830553878,,,,,,,,,,,,,,
DE_HEALTHCARE,FME.DE,SHL.DE,Fresenius Medical Care AG     I,Siemens Healthineers AG       N,-2.0209584836708996,0.27745980891009997,0.05,,False,0.32047551164437293,2.462037976222878,,,,,,,,,,,,,,
DE_HEALTHCARE,FME.DE,FRE.DE,Fresenius Medical Care AG     I,Fresenius SE & Co. KGaA       N,-1.905796760941335,0.32933906464648466,0.05,,False,0.39563345395008787,2.2295563874517406,,,,,,,,,,,,,,
DE_HEALTHCARE,FRE.DE,SHL.DE,Fresenius SE & Co. KGaA       N,Siemens Healthineers AG       N,-1.839697385779416,0.3609386457469176,0.05,,False,-1.657015837093517,9.96387651792455,,,,,,,,,,,,,,
DE_HEALTHCARE,BAYN.DE,MRK.DE,Bayer AG                      N,MERCK KGAA                    I,-1.4930847142541674,0.5369294160235656,0.05,,False,-8.303047972572646,43.44701036353147,,,,,,,,,,,,,,
DE_HEALTHCARE,MRK.DE,SHL.DE,MERCK KGAA                    I,Siemens Healthineers AG       N,-0.04868228863634929,0.954316099602033,0.05,,False,1.187029666905916,0.31730634613982733,,,,,,,,,,,,,,
DE_INDUSTRIALS,KGX.DE,MTX.DE,KION GROUP AG                 I,MTU Aero Engines AG           N,-3.2591868284957104,0.016804352886736526,0.05,,False,2.350345452113229,-9.830010256005847,,,,,,,,,,,,,,
DE_INDUSTRIALS,HEI.DE,MTX.DE,Heidelberg Materials AG       I,MTU Aero Engines AG           N,-2.852149682059669,0.05120200453750413,0.05,,False,2.814274356061413,-11.238236288994123,,,,,,,,,,,,,,
DE_INDUSTRIALS,MTX.DE,SIE.DE,MTU Aero Engines AG           N,SIEMENS AG                    N,-2.353300132878709,0.15535303269905992,0.05,,False,0.694920006309157,2.067940852912994,,,,,,,,,,,,,,
DE_INDUSTRIALS,HEI.DE,KGX.DE,Heidelberg Materials AG       I,KION GROUP AG                 I,-2.2422043236235027,0.19128569425324154,0.05,,False,1.2466535462263524,0.34611974252333066,,,,,,,,,,,,,,
DE_INDUSTRIALS,HEI.DE,SIE.DE,Heidelberg Materials AG       I,SIEMENS AG                    N,-1.609449030772322,0.4788454026351326,0.05,,False,1.9997253145014817,-5.654215107868356,,,,,,,,,,,,,,
DE_INDUSTRIALS,KGX.DE,SIE.DE,KION GROUP AG                 I,SIEMENS AG                    N,-0.4745945395305134,0.896879580490577,0.05,,False,1.8239338972166608,-5.990262013410115,,,,,,,,,,,,,,
DE_REAL_ESTATE,DWNI.DE,VNA.DE,Deutsche Wohnen SE            I,Vonovia SE                    N,-4.921107619687099,3.172100476596325e-05,0.05,0.013568324239163048,True,0.8129666854783022,0.45709393197708437,16.065027570085867,0.0003163351422253163,-0.04314634242213382,48.0,0.41538290448170156,2.533802552388705,False,,0.4,-0.0005147617897134716,-0.025839000294432535,0.15128344491481394,False,mixed signal
DE_REAL_ESTATE,DWNI.DE,LEG.DE,Deutsche Wohnen SE            I,LEG Immobilien SE             N,-3.8765907994156534,0.0022140421431528284,0.05,0.013568324239163048,True,0.5443420699262114,0.7913417797446609,18.946843059304932,0.0003732603952443022,-0.036583782236985156,57.0,-1.5945791255155417,3.4753938408926643,False,,0.4,-0.004714541809255209,0.07197683430721336,0.06082935725149907,True,mixed signal
DE_REAL_ESTATE,DWNI.DE,GYC.DE,Deutsche Wohnen SE            I,Grand City Properties S.A.    A,-3.6663882880921452,0.004611555838749236,0.05,0.013568324239163048,True,0.8626328595744776,1.0570492741865531,17.28651280434605,0.00037008079493281023,-0.04009757134971023,52.0,1.9607690027458027,2.68944264151709,False,,0.4,0.00030774831276099505,-0.1229415784923944,0.0148528620296009,True,mixed signal
DE_REAL_ESTATE,GYC.DE,LEG.DE,Grand City Properties S.A.    A,LEG Immobilien SE             N,-3.4628191996127176,0.008994924741535596,0.05,0.013568324239163048,True,0.6957569742541142,-0.5797272006453196,11.732120638278833,4.561684389805321e-05,-0.05908115011180399,35.0,-1.563444665170696,4.226811889620214,False,,0.0,-0.007925596353969305,0.1158237884846649,0.02568219803607752,True,mixed signal
DE_REAL_ESTATE,GYC.DE,VNA.DE,Grand City Properties S.A.    A,Vonovia SE                    N,-3.330515601206444,0.013568324239163048,0.05,0.013568324239163048,True,0.9331811530282867,-0.665713626945855,12.21025224689719,-6.607946969441956e-05,-0.05676763809167698,37.0,-1.5575635672533397,3.1165950059704173,False,,0.4,-0.0015517286975950649,0.107382184085409,0.01196872746749933,True,mixed signal
DE_REAL_ESTATE,LEG.DE,VNA.DE,LEG Immobilien SE             N,Vonovia SE                    N,-2.730100639812697,0.06897280167317586,0.05,0.013568324239163048,False,1.3410924580141874,-0.12309270803733163,,,,,,,,,,,,,,
DE_REAL_ESTATE,AT1.DE,LEG.DE,Aroundtown SA                 B,LEG Immobilien SE             N,-2.2295487910362275,0.195696244074609,0.05,0.013568324239163048,False,0.8960622518422129,-2.7943492051435364,,,,,,,,,,,,,,
DE_REAL_ESTATE,AT1.DE,GYC.DE,Aroundtown SA                 B,Grand City Properties S.A.    A,-1.9914856865984543,0.29031876209358914,0.05,0.013568324239163048,False,2.13879463752305,-4.039353803045705,,,,,,,,,,,,,,
DE_REAL_ESTATE,AT1.DE,VNA.DE,Aroundtown SA                 B,Vonovia SE                    N,-1.9086758494597662,0.32799078916856134,0.05,0.013568324239163048,False,1.800228673393097,-4.832859389511691,,,,,,,,,,,,,,
DE_REAL_ESTATE,AT1.DE,DWNI.DE,Aroundtown SA                 B,Deutsche Wohnen SE            I,-1.8324486973369751,0.36447492495802764,0.05,0.013568324239163048,False,1.849083663121296,-4.721297114837101,,,,,,,,,,,,,,
DE_SOFTWARE,NEM.DE,SAP.DE,Nemetschek SE                 I,SAP SE                        I,-3.5161438698671272,0.0075820369545875005,0.05,0.0075820369545875005,True,1.2411634773356388,-2.0865022957815853,13.779276673261945,-0.00026679140230181345,-0.050303596988147105,41.0,0.2414734202994948,3.7891351285887693,False,,0.6,-0.011692437521719926,-0.020749447759300044,0.10551158979656106,True,reversion signs agree
DE_SOFTWARE,SAP.DE,TMV.DE,SAP SE                        I,TeamViewer SE                 I,-1.5876057679218425,0.48981651045117,0.05,0.0075820369545875005,False,0.4331754097821354,4.4020528112407185,,,,,,,,,,,,,,
DE_SOFTWARE,NEM.DE,TMV.DE,Nemetschek SE                 I,TeamViewer SE                 I,-1.2256593694170206,0.6624614638689497,0.05,0.0075820369545875005,False,0.5729400856903061,3.3019658311156075,,,,,,,,,,,,,,
DE_UTILITIES_ENERGY,ENR.DE,EOAN.DE,Siemens Energy AG             N,E.ON SE                       N,-1.977471327250293,0.29653764826288564,0.05,,False,3.5013654134348977,-4.955236921943436,,,,,,,,,,,,,,
DE_UTILITIES_ENERGY,EOAN.DE,RWE.DE,E.ON SE                       N,RWE AG                        I,-1.8128711107259032,0.3740905269901865,0.05,,False,0.7197860972848295,0.05319579246185491,,,,,,,,,,,,,,
DE_UTILITIES_ENERGY,ENR.DE,RWE.DE,Siemens Energy AG             N,RWE AG                        I,-1.8065697954013196,0.3772048853842638,0.05,,False,2.5964274152963274,-5.045062198185907,,,,,,,,,,,,,,
ENERGY_UTILITIES,GCP.L,HICL.L,GCP INFRASTRUCTURE INVESTMENTS ,HICL INFRASTRUCTURE PLC ORD 0.0,-4.445186842868265,0.000246694739829841,0.05,0.0003895416266890795,True,0.7117212706073036,0.900674042513097,9.827884709143634,-9.061323453373767e-05,-0.07052862351092269,29.0,-1.0681389157853305,2.1378256565900746,False,,0.4,0.0022565575147159463,-0.2999181341445605,-0.12897687255784251,False,mixed signal
ENERGY_UTILITIES,NG.L,SVT.L,NATIONAL GRID PLC ORD 12 204/47,SEVERN TRENT PLC ORD 97 17/19P,-4.37236274230403,0.0003321073945497175,0.05,0.0003895416266890795,True,1.4278662283999792,-4.301980384672153,8.81291643399377,0.00021136152757856135,-0.07865128255231056,26.0,-0.9907159666835104,2.5861002868831595,False,,0.4,-0.0108220849422172,0.06555700737086911,0.1739347192512034,True,mixed signal
ENERGY_UTILITIES,SSE.L,SVT.L,SSE PLC ORD 50P,SEVERN TRENT PLC ORD 97 17/19P,-4.332817667159357,0.0003895416266890795,0.05,0.0003895416266890795,True,2.39501266512026,-11.368649162588477,9.59232853353794,4.5092935512008495e-06,-0.07226057553559331,29.0,-1.0093605886747363,3.1278283761384533,False,,0.4,-0.00601974131312272,-0.10034957611914863,0.13782560592822024,False,mixed signal
ENERGY_UTILITIES,TRIG.L,UKW.L,THE RENEWABLES INFRASTRUCTURE G,GREENCOAT UK WIND PLC ORD 1P,-3.6485051046680717,0.004898624210961024,0.05,0.0003895416266890795,False,1.0786140662586423,-0.7254710671731104,,,,,,,,,,,,,,
ENERGY_UTILITIES,GCP.L,INPP.L,GCP INFRASTRUCTURE INVESTMENTS ,INTERNATIONAL PUBLIC PARTNERSHI,-3.5608548691672635,0.006555037187522497,0.05,0.0003895416266890795,False,0.5758833293220301,1.5345098405648332,,,,,,,,,,,,,,
ENERGY_UTILITIES,ENOG.L,NG.L,ENERGEAN PLC ORD 1P,NATIONAL GRID PLC ORD 12 204/47,-3.545037945879836,0.006903016975412382,0.05,0.0003895416266890795,False,-0.7071026545134748,11.747221948799359,,,,,,,,,,,,,,
ENERGY_UTILITIES,HBR.L,PNN.L,HARBOUR ENERGY PLC ORD 0.002P,PENNON GROUP PLC ORD 61 1/20P,-3.510235418185993,0.0077280851044985895,0.05,0.0003895416266890795,False,2.2278360220651092,-8.49054700454564,,,,,,,,,,,,,,
ENERGY_UTILITIES,BP.L,ENOG.L,BP PLC $0.25,ENERGEAN PLC ORD 1P,-3.4215091567834452,0.010247118331215803,0.05,0.0003895416266890795,False,-2.650465320507502,24.11087098326284,,,,,,,,,,,,,,
ENERGY_UTILITIES,CNA.L,UKW.L,CENTRICA PLC ORD 6 14/81P,GREENCOAT UK WIND PLC ORD 1P,-3.3782243571425874,0.011723983034038843,0.05,0.0003895416266890795,False,-1.4005733564398979,11.678574041092329,,,,,,,,,,,,,,
ENERGY_UTILITIES,ENOG.L,HICL.L,ENERGEAN PLC ORD 1P,HICL INFRASTRUCTURE PLC ORD 0.0,-3.339369340075592,0.013207800849359826,0.05,0.0003895416266890795,False,-3.17232605203337,22.000515212963457,,,,,,,,,,,,,,
ENERGY_UTILITIES,ENOG.L,GCP.L,ENERGEAN PLC ORD 1P,GCP INFRASTRUCTURE INVESTMENTS ,-3.2748363373535,0.0160414509271291,0.05,0.0003895416266890795,False,-9.114389590518714,46.0858389016625,,,,,,,,,,,,,,
ENERGY_UTILITIES,CNA.L,ENOG.L,CENTRICA PLC ORD 6 14/81P,ENERGEAN PLC ORD 1P,-3.2531593578658433,0.01710656915974783,0.05,0.0003895416266890795,False,-3.130729354589523,26.3606637806013,,,,,,,,,,,,,,
ENERGY_UTILITIES,NG.L,UU.L,NATIONAL GRID PLC ORD 12 204/47,UNITED UTILITIES GROUP PLC ORD ,-3.2377523360080036,0.017900817711893825,0.05,0.0003895416266890795,False,1.0289588895184567,-0.25472695302708104,,,,,,,,,,,,,,
ENERGY_UTILITIES,ENOG.L,UU.L,ENERGEAN PLC ORD 1P,UNITED UTILITIES GROUP PLC ORD ,-3.219716308656209,0.018871413978819553,0.05,0.0003895416266890795,False,-0.738199642078282,12.002098542608135,,,,,,,,,,,,,,
ENERGY_UTILITIES,INPP.L,SSE.L,INTERNATIONAL PUBLIC PARTNERSHI,SSE PLC ORD 50P,-3.175200288863758,0.021465814419077855,0.05,0.0003895416266890795,False,0.2623472810538661,2.833223364703558,,,,,,,,,,,,,,
ENERGY_UTILITIES,NG.L,SSE.L,NATIONAL GRID PLC ORD 12 204/47,SSE PLC ORD 50P,-3.1450719715462925,0.02339253423985151,0.05,0.0003895416266890795,False,0.5987755893946628,2.456194120523363,,,,,,,,,,,,,,
ENERGY_UTILITIES,CNA.L,TRIG.L,CENTRICA PLC ORD 6 14/81P,THE RENEWABLES INFRASTRUCTURE G,-3.100930974999535,0.02648436883623299,0.05,0.0003895416266890795,False,-1.29750670037009,10.732236075542655,,,,,,,,,,,,,,
ENERGY_UTILITIES,BP.L,SVT.L,BP PLC $0.25,SEVERN TRENT PLC ORD 97 17/19P,-3.0883032997717486,0.02743099349644092,0.05,0.0003895416266890795,False,2.1075874710286984,-10.592436694396515,,,,,,,,,,,,,,
ENERGY_UTILITIES,DCC.L,ENOG.L,DCC ENERGY PLC ORD EUR0.25 (CDI,ENERGEAN PLC ORD 1P,-3.0452372719674194,0.030880371202132974,0.05,0.0003895416266890795,False,-0.5887035429295157,12.54057937151477,,,,,,,,,,,,,,
ENERGY_UTILITIES,GCP.L,SSE.L,GCP INFRASTRUCTURE INVESTMENTS ,SSE PLC ORD 50P,-3.0088439172538077,0.03407670335154178,0.05,0.0003895416266890795,False,0.07566659783064657,3.736949809293433,,,,,,,,,,,,,,
ENERGY_UTILITIES,ENOG.L,PNN.L,ENERGEAN PLC ORD 1P,PENNON GROUP PLC ORD 61 1/20P,-2.9970755429219396,0.035168411808039944,0.05,0.0003895416266890795,False,0.6477664648560757,2.7522555276305134,,,,,,,,,,,,,,
ENERGY_UTILITIES,CNA.L,SVT.L,CENTRICA PLC ORD 6 14/81P,SEVERN TRENT PLC ORD 97 17/19P,-2.980235305599475,0.03678185480355434,0.05,0.0003895416266890795,False,2.6210203341146845,-15.67098186031673,,,,,,,,,,,,,,
ENERGY_UTILITIES,ENOG.L,SSE.L,ENERGEAN PLC ORD 1P,SSE PLC ORD 50P,-2.9675307946363207,0.03803989433202111,0.05,0.0003895416266890795,False,-0.29011414528285373,9.001598018397896,,,,,,,,,,,,,,
ENERGY_UTILITIES,INPP.L,SVT.L,INTERNATIONAL PUBLIC PARTNERSHI,SEVERN TRENT PLC ORD 97 17/19P,-2.9539078485380243,0.03942882169343042,0.05,0.0003895416266890795,False,0.6339596037753386,-0.19386442572492424,,,,,,,,,,,,,,
ENERGY_UTILITIES,BP.L,SSE.L,BP PLC $0.25,SSE PLC ORD 50P,-2.941885376780422,0.04068961758722085,0.05,0.0003895416266890795,False,0.6424071540225873,1.210187585052732,,,,,,,,,,,,,,
ENERGY_UTILITIES,DCC.L,GCP.L,DCC ENERGY PLC ORD EUR0.25 (CDI,GCP INFRASTRUCTURE INVESTMENTS ,-2.923641301829211,0.04266709767580193,0.05,0.0003895416266890795,False,4.960401980918808,-12.843723148192769,,,,,,,,,,,,,,
ENERGY_UTILITIES,CNA.L,PNN.L,CENTRICA PLC ORD 6 14/81P,PENNON GROUP PLC ORD 61 1/20P,-2.905338404049155,0.04473072621239896,0.05,0.0003895416266890795,False,-4.159237579297343,31.08042059822267,,,,,,,,,,,,,,
ENERGY_UTILITIES,ENOG.L,SVT.L,ENERGEAN PLC ORD 1P,SEVERN TRENT PLC ORD 97 17/19P,-2.8809523226067997,0.04760824217026915,0.05,0.0003895416266890795,False,-1.3622207517771414,17.577035407260322,,,,,,,,,,,,,,
ENERGY_UTILITIES,BP.L,NG.L,BP PLC $0.25,NATIONAL GRID PLC ORD 12 204/47,-2.8718185928436895,0.0487246272432999,0.05,0.0003895416266890795,False,1.2415175784586536,-2.6035884161006217,,,,,,,,,,,,,,
ENERGY_UTILITIES,BP.L,FSFL.L,BP PLC $0.25,FORESIGHT SOLAR FUND LIMITED OR,-2.86893041436519,0.04908209706456504,0.05,0.0003895416266890795,False,-0.9784397978609155,10.308106733804049,,,,,,,,,,,,,,
ENERGY_UTILITIES,SVT.L,TRIG.L,SEVERN TRENT PLC ORD 97 17/19P,THE RENEWABLES INFRASTRUCTURE G,-2.8589206128500737,0.050337759264468276,0.05,0.0003895416266890795,False,-0.39161857526057,9.62104760389482,,,,,,,,,,,,,,
ENERGY_UTILITIES,UKW.L,UU.L,GREENCOAT UK WIND PLC ORD 1P,UNITED UTILITIES GROUP PLC ORD ,-2.8313991344967095,0.053926711074564884,0.05,0.0003895416266890795,False,-1.267976994469253,13.655629669655102,,,,,,,,,,,,,,
ENERGY_UTILITIES,SVT.L,UU.L,SEVERN TRENT PLC ORD 97 17/19P,UNITED UTILITIES GROUP PLC ORD ,-2.826277068805352,0.054617201513426285,0.05,0.0003895416266890795,False,0.7205123342350588,2.8352834557207283,,,,,,,,,,,,,,
ENERGY_UTILITIES,ENOG.L,INPP.L,ENERGEAN PLC ORD 1P,INTERNATIONAL PUBLIC PARTNERSHI,-2.821615118143778,0.05525191992591653,0.05,0.0003895416266890795,False,-2.8881207490754965,20.723493591936652,,,,,,,,,,,,,,
ENERGY_UTILITIES,GCP.L,NG.L,GCP INFRASTRUCTURE INVESTMENTS ,NATIONAL GRID PLC ORD 12 204/47,-2.808869964922115,0.057017884517140884,0.05,0.0003895416266890795,False,0.05444786343757813,3.92918170676267,,,,,,,,,,,,,,
ENERGY_UTILITIES,BP.L,GCP.L,BP PLC $0.25,GCP INFRASTRUCTURE INVESTMENTS ,-2.7964801929121146,0.05877830910376541,0.05,0.0003895416266890795,False,9.370274439574423,-34.31024282209605,,,,,,,,,,,,,,
ENERGY_UTILITIES,BP.L,TRIG.L,BP PLC $0.25,THE RENEWABLES INFRASTRUCTURE G,-2.7783685060484538,0.061430724714475624,0.05,0.0003895416266890795,False,-0.869437487628835,9.877611595111633,,,,,,,,,,,,,,
ENERGY_UTILITIES,INPP.L,NG.L,INTERNATIONAL PUBLIC PARTNERSHI,NATIONAL GRID PLC ORD 12 204/47,-2.7638997234450144,0.0636183294878146,0.05,0.0003895416266890795,False,0.3681147363009634,2.246434529371581,,,,,,,,,,,,,,
ENERGY_UTILITIES,BP.L,PNN.L,BP PLC $0.25,PENNON GROUP PLC ORD 61 1/20P,-2.762329797571575,0.06385941487181519,0.05,0.0003895416266890795,False,8.60025938015356,-47.74334917301372,,,,,,,,,,,,,,
ENERGY_UTILITIES,GCP.L,SVT.L,GCP INFRASTRUCTURE INVESTMENTS ,SEVERN TRENT PLC ORD 97 17/19P,-2.7548247644965413,0.06502208465936697,0.05,0.0003895416266890795,False,0.08736391796184578,3.618883319092276,,,,,,,,,,,,,,
ENERGY_UTILITIES,PNN.L,TRIG.L,PENNON GROUP PLC ORD 61 1/20P,THE RENEWABLES INFRASTRUCTURE G,-2.7325957512197387,0.06856561805080652,0.05,0.0003895416266890795,False,0.5745690925542475,3.7430326605861524,,,,,,,,,,,,,,
ENERGY_UTILITIES,HICL.L,INPP.L,HICL INFRASTRUCTURE PLC ORD 0.0,INTERNATIONAL PUBLIC PARTNERSHI,-2.7311816193739573,0.0687961578559963,0.05,0.0003895416266890795,False,0.8983175374396328,0.460829234720296,,,,,,,,,,,,,,
ENERGY_UTILITIES,SSE.L,UU.L,SSE PLC ORD 50P,UNITED UTILITIES GROUP PLC ORD ,-2.7291442415497214,0.06912938876546891,0.05,0.0003895416266890795,False,1.7623531842576656,-4.836573422669662,,,,,,,,,,,,,,
ENERGY_UTILITIES,DCC.L,HICL.L,DCC ENERGY PLC ORD EUR0.25 (CDI,HICL INFRASTRUCTURE PLC ORD 0.0,-2.7081912364286955,0.07263152154579337,0.05,0.0003895416266890795,False,2.5119864402306074,-3.4978892162873265,,,,,,,,,,,,,,
ENERGY_UTILITIES,GCP.L,UU.L,GCP INFRASTRUCTURE INVESTMENTS ,UNITED UTILITIES GROUP PLC ORD ,-2.6781622299971577,0.07789398756508009,0.05,0.0003895416266890795,False,0.018316632575472072,4.18075214621271,,,,,,,,,,,,,,
ENERGY_UTILITIES,INPP.L,UU.L,INTERNATIONAL PUBLIC PARTNERSHI,UNITED UTILITIES GROUP PLC ORD ,-2.661403610683404,0.08095854596010549,0.05,0.0003895416266890795,False,0.4043978312191002,1.9722971450836582,,,,,,,,,,,,,,
ENERGY_UTILITIES,BP.L,UU.L,BP PLC $0.25,UNITED UTILITIES GROUP PLC ORD ,-2.623137759922437,0.08830883010751595,0.05,0.0003895416266890795,False,1.3211118269626032,-3.227042758722635,,,,,,,,,,,,,,
ENERGY_UTILITIES,NG.L,UKW.L,NATIONAL GRID PLC ORD 12 204/47,GREENCOAT UK WIND PLC ORD 1P,-2.619511607075455,0.08903129443859481,0.05,0.0003895416266890795,False,-0.8240846728051797,10.88630940540046,,,,,,,,,,,,,,
ENERGY_UTILITIES,CNA.L,GCP.L,CENTRICA PLC ORD 6 14/81P,GCP INFRASTRUCTURE INVESTMENTS ,-2.615529709205734,0.08982988221887112,0.05,0.0003895416266890795,False,-83.41371802589622,364.54122805734545,,,,,,,,,,,,,,
ENERGY_UTILITIES,BP.L,UKW.L,BP PLC $0.25,GREENCOAT UK WIND PLC ORD 1P,-2.604543577022783,0.09206183394947204,0.05,0.0003895416266890795,False,-0.9980422640997378,10.793361862224362,,,,,,,,,,,,,,
ENERGY_UTILITIES,HICL.L,SSE.L,HICL INFRASTRUCTURE PLC ORD 0.0,SSE PLC ORD 50P,-2.582207128779858,0.09673073570891488,0.05,0.0003895416266890795,False,0.1500215510249496,3.6542670033119142,,,,,,,,,,,,,,
ENERGY_UTILITIES,CNA.L,FSFL.L,CENTRICA PLC ORD 6 14/81P,FORESIGHT SOLAR FUND LIMITED OR,-2.5803769204691305,0.0971211598252959,0.05,0.0003895416266890795,False,-1.4575343105685756,11.363249032093265,,,,,,,,,,,,,,
ENERGY_UTILITIES,FSFL.L,PNN.L,FORESIGHT SOLAR FUND LIMITED OR,PENNON GROUP PLC ORD 61 1/20P,-2.5724168516749724,0.0988331953845849,0.05,0.0003895416266890795,False,3.751892085632768,-19.148740314145385,,,,,,,,,,,,,,
ENERGY_UTILITIES,CNA.L,UU.L,CENTRICA PLC ORD 6 14/81P,UNITED UTILITIES GROUP PLC ORD ,-2.547093844636275,0.10443216685565443,0.05,0.0003895416266890795,False,1.7113267113836725,-6.992619520037281,,,,,,,,,,,,,,
ENERGY_UTILITIES,FSFL.L,SVT.L,FORESIGHT SOLAR FUND LIMITED OR,SEVERN TRENT PLC ORD 97 17/19P,-2.5184355400629146,0.11105294994918596,0.05,0.0003895416266890795,False,-2.0975132428502534,20.914212005101543,,,,,,,,,,,,,,
ENERGY_UTILITIES,GCP.L,HBR.L,GCP INFRASTRUCTURE INVESTMENTS ,HARBOUR ENERGY PLC ORD 0.002P,-2.5139456038058894,0.1121179749855109,0.05,0.0003895416266890795,False,0.09586527791522075,3.7872115993328848,,,,,,,,,,,,,,
ENERGY_UTILITIES,ENOG.L,UKW.L,ENERGEAN PLC ORD 1P,GREENCOAT UK WIND PLC ORD 1P,-2.483514261017902,0.11953718206382802,0.05,0.0003895416266890795,False,0.49496053061205353,4.464540842214234,,,,,,,,,,,,,,
ENERGY_UTILITIES,BP.L,INPP.L,BP PLC $0.25,INTERNATIONAL PUBLIC PARTNERSHI,-2.4431938384278777,0.12991441479305194,0.05,0.0003895416266890795,False,3.370708826114554,-10.170703377749575,,,,,,,,,,,,,,
ENERGY_UTILITIES,HICL.L,UU.L,HICL INFRASTRUCTURE PLC ORD 0.0,UNITED UTILITIES GROUP PLC ORD ,-2.4263317283196977,0.13444196279788856,0.05,0.0003895416266890795,False,0.2170972840816537,3.2615936132118737,,,,,,,,,,,,,,
ENERGY_UTILITIES,NG.L,PNN.L,NATIONAL GRID PLC ORD 12 204/47,PENNON GROUP PLC ORD 61 1/20P,-2.417539889838865,0.1368469762991522,0.05,0.0003895416266890795,False,2.4853899741343137,-8.563837247823564,,,,,,,,,,,,,,
ENERGY_UTILITIES,BP.L,CNA.L,BP PLC $0.25,CENTRICA PLC ORD 6 14/81P,-2.4142719000257227,0.1377487209084205,0.05,0.0003895416266890795,False,0.6464836119397283,2.805392925253627,,,,,,,,,,,,,,
ENERGY_UTILITIES,PNN.L,SSE.L,PENNON GROUP PLC ORD 61 1/20P,SSE PLC ORD 50P,-2.4035424139880255,0.14073908375965366,0.05,0.0003895416266890795,False,0.2665570228688942,4.2398574542543574,,,,,,,,,,,,,,
ENERGY_UTILITIES,HBR.L,HICL.L,HARBOUR ENERGY PLC ORD 0.002P,HICL INFRASTRUCTURE PLC ORD 0.0,-2.3997229795372252,0.14181461093140502,0.05,0.0003895416266890795,False,6.3007995062040605,-24.72955740199773,,,,,,,,,,,,,,
ENERGY_UTILITIES,HICL.L,SVT.L,HICL INFRASTRUCTURE PLC ORD 0.0,SEVERN TRENT PLC ORD 97 17/19P,-2.3976880311056528,0.14239000839557353,0.05,0.0003895416266890795,False,0.3855352793959948,1.7413041848223911,,,,,,,,,,,,,,
ENERGY_UTILITIES,CNA.L,NG.L,CENTRICA PLC ORD 6 14/81P,NATIONAL GRID PLC ORD 12 204/47,-2.3954137562849342,0.14303502837903131,0.05,0.0003895416266890795,False,1.6537016110847218,-6.502843852672286,,,,,,,,,,,,,,
ENERGY_UTILITIES,FSFL.L,TRIG.L,FORESIGHT SOLAR FUND LIMITED OR,THE RENEWABLES INFRASTRUCTURE G,-2.3851741154972936,0.14596470219825125,0.05,0.0003895416266890795,False,0.9325012145714439,0.24783980009445283,,,,,,,,,,,,,,
ENERGY_UTILITIES,BP.L,HICL.L,BP PLC $0.25,HICL INFRASTRUCTURE PLC ORD 0.0,-2.3759103798575807,0.14865126726150346,0.05,0.0003895416266890795,False,6.320449535023669,-24.20107339356952,,,,,,,,,,,,,,
ENERGY_UTILITIES,HICL.L,NG.L,HICL INFRASTRUCTURE PLC ORD 0.0,NATIONAL GRID PLC ORD 12 204/47,-2.3714385253638883,0.14996044889000287,0.05,0.0003895416266890795,False,0.17491288407819602,3.5674431997634968,,,,,,,,,,,,,,
ENERGY_UTILITIES,FSFL.L,UKW.L,FORESIGHT SOLAR FUND LIMITED OR,GREENCOAT UK WIND PLC ORD 1P,-2.304081562960245,0.17065496524589263,0.05,0.0003895416266890795,False,1.0136341517469847,-0.4656753220534995,,,,,,,,,,,,,,
ENERGY_UTILITIES,DCC.L,INPP.L,DCC ENERGY PLC ORD EUR0.25 (CDI,INTERNATIONAL PUBLIC PARTNERSHI,-2.2996614611995407,0.1720771802626775,0.05,0.0003895416266890795,False,2.321767988877073,-2.6545223757407808,,,,,,,,,,,,,,
ENERGY_UTILITIES,NG.L,TRIG.L,NATIONAL GRID PLC ORD 12 204/47,THE RENEWABLES INFRASTRUCTURE G,-2.28614508213396,0.17647540103000375,0.05,0.0003895416266890795,False,-0.7248853171714535,10.16076231838613,,,,,,,,,,,,,,
ENERGY_UTILITIES,ENOG.L,FSFL.L,ENERGEAN PLC ORD 1P,FORESIGHT SOLAR FUND LIMITED OR,-2.2716593545793717,0.18127134206222073,0.05,0.0003895416266890795,False,0.3513601687405659,5.284716306059749,,,,,,,,,,,,,,
ENERGY_UTILITIES,GCP.L,UKW.L,GCP INFRASTRUCTURE INVESTMENTS ,GREENCOAT UK WIND PLC ORD 1P,-2.267523451868005,0.182656280262811,0.05,0.0003895416266890795,False,0.11015076790575012,3.7886881180899215,,,,,,,,,,,,,,
ENERGY_UTILITIES,FSFL.L,GCP.L,FORESIGHT SOLAR FUND LIMITED OR,GCP INFRASTRUCTURE INVESTMENTS ,-2.25768399710254,0.1859789724562082,0.05,0.0003895416266890795,False,7.889510861688513,-29.672636185262423,,,,,,,,,,,,,,
ENERGY_UTILITIES,FSFL.L,SSE.L,FORESIGHT SOLAR FUND LIMITED OR,SSE PLC ORD 50P,-2.249204190184797,0.1888739953233522,0.05,0.0003895416266890795,False,-0.6046097405222357,8.905148742139716,,,,,,,,,,,,,,
ENERGY_UTILITIES,PNN.L,UKW.L,PENNON GROUP PLC ORD 61 1/20P,GREENCOAT UK WIND PLC ORD 1P,-2.2442965889014546,0.1905627587189453,0.05,0.0003895416266890795,False,0.6293089238434793,3.280931412928947,,,,,,,,,,,,,,
ENERGY_UTILITIES,GCP.L,TRIG.L,GCP INFRASTRUCTURE INVESTMENTS ,THE RENEWABLES INFRASTRUCTURE G,-2.2421310780433483,0.19131103469969518,0.05,0.0003895416266890795,False,0.11203793069289576,3.819382575250772,,,,,,,,,,,,,,
ENERGY_UTILITIES,ENOG.L,TRIG.L,ENERGEAN PLC ORD 1P,THE RENEWABLES INFRASTRUCTURE G,-2.2404128734689728,0.19190609653824725,0.05,0.0003895416266890795,False,0.40011974248134674,5.054623899753041,,,,,,,,,,,,,,
ENERGY_UTILITIES,TRIG.L,UU.L,THE RENEWABLES INFRASTRUCTURE G,UNITED UTILITIES GROUP PLC ORD ,-2.223589017333898,0.197795660010118,0.05,0.0003895416266890795,False,-1.4632337681249499,14.6764759813985,,,,,,,,,,,,,,
ENERGY_UTILITIES,GCP.L,PNN.L,GCP INFRASTRUCTURE INVESTMENTS ,PENNON GROUP PLC ORD 61 1/20P,-2.221542707494044,0.19851980366015026,0.05,0.0003895416266890795,False,0.13080958713226898,3.491149069169687,,,,,,,,,,,,,,
ENERGY_UTILITIES,FSFL.L,NG.L,FORESIGHT SOLAR FUND LIMITED OR,NATIONAL GRID PLC ORD 12 204/47,-2.1906532673260988,0.20965525434473536,0.05,0.0003895416266890795,False,-1.2511832516004475,13.072571246230964,,,,,,,,,,,,,,
ENERGY_UTILITIES,SSE.L,UKW.L,SSE PLC ORD 50P,GREENCOAT UK WIND PLC ORD 1P,-2.163927116591434,0.21959726672568852,0.05,0.0003895416266890795,False,-1.7655997892635489,15.920349188926291,,,,,,,,,,,,,,
ENERGY_UTILITIES,CNA.L,HICL.L,CENTRICA PLC ORD 6 14/81P,HICL INFRASTRUCTURE PLC ORD 0.0,-2.0919410320072043,0.24776747671462684,0.05,0.0003895416266890795,False,104.48702334730699,-495.4198106940007,,,,,,,,,,,,,,
ENERGY_UTILITIES,HBR.L,SVT.L,HARBOUR ENERGY PLC ORD 0.002P,SEVERN TRENT PLC ORD 97 17/19P,-2.091255968656842,0.24804512586039718,0.05,0.0003895416266890795,False,11.146775433913765,-82.68992443915131,,,,,,,,,,,,,,
ENERGY_UTILITIES,HBR.L,SSE.L,HARBOUR ENERGY PLC ORD 0.002P,SSE PLC ORD 50P,-2.015618787323152,0.27976707269655077,0.05,0.0003895416266890795,False,0.9048707111899119,-1.3990693887975327,,,,,,,,,,,,,,
ENERGY_UTILITIES,FSFL.L,UU.L,FORESIGHT SOLAR FUND LIMITED OR,UNITED UTILITIES GROUP PLC ORD ,-2.0060704958055187,0.2839177579983084,0.05,0.0003895416266890795,False,-1.316770240942312,13.597915292245688,,,,,,,,,,,,,,
ENERGY_UTILITIES,SVT.L,UKW.L,SEVERN TRENT PLC ORD 97 17/19P,GREENCOAT UK WIND PLC ORD 1P,-1.9840498693033184,0.29361016661663303,0.05,0.0003895416266890795,False,-0.47918428540886926,10.17371401596392,,,,,,,,,,,,,,
ENERGY_UTILITIES,DCC.L,SVT.L,DCC ENERGY PLC ORD EUR0.25 (CDI,SEVERN TRENT PLC ORD 97 17/19P,-1.9724119427549403,0.29879893667546287,0.05,0.0003895416266890795,False,1.5651435517044425,-3.8418719858343664,,,,,,,,,,,,,,
ENERGY_UTILITIES,FSFL.L,HICL.L,FORESIGHT SOLAR FUND LIMITED OR,HICL INFRASTRUCTURE PLC ORD 0.0,-1.9563303949434951,0.3060426245190141,0.05,0.0003895416266890795,False,8.01650923897788,-34.06891510338753,,,,,,,,,,,,,,
ENERGY_UTILITIES,HICL.L,PNN.L,HICL INFRASTRUCTURE PLC ORD 0.0,PENNON GROUP PLC ORD 61 1/20P,-1.9487745656016286,0.3094750531635848,0.05,0.0003895416266890795,False,0.24740790147500694,3.2416643198369446,,,,,,,,,,,,,,
ENERGY_UTILITIES,FSFL.L,INPP.L,FORESIGHT SOLAR FUND LIMITED OR,INTERNATIONAL PUBLIC PARTNERSHI,-1.921134104231887,0.3221852017802504,0.05,0.0003895416266890795,False,-10.73709442706824,56.070721683681306,,,,,,,,,,,,,,
ENERGY_UTILITIES,HBR.L,INPP.L,HARBOUR ENERGY PLC ORD 0.002P,INTERNATIONAL PUBLIC PARTNERSHI,-1.917945396655043,0.3236666904475683,0.05,0.0003895416266890795,False,4.930149825686639,-18.308247613589263,,,,,,,,,,,,,,
ENERGY_UTILITIES,CNA.L,INPP.L,CENTRICA PLC ORD 6 14/81P,INTERNATIONAL PUBLIC PARTNERSHI,-1.8894272011155355,0.33705111873013827,0.05,0.0003895416266890795,False,8.57623818444135,-36.27484581749649,,,,,,,,,,,,,,
ENERGY_UTILITIES,HICL.L,UKW.L,HICL INFRASTRUCTURE PLC ORD 0.0,GREENCOAT UK WIND PLC ORD 1P,-1.8852114045210313,0.3390497930421933,0.05,0.0003895416266890795,False,0.1206310716308399,4.219246010643397,,,,,,,,,,,,,,
ENERGY_UTILITIES,HICL.L,TRIG.L,HICL INFRASTRUCTURE PLC ORD 0.0,THE RENEWABLES INFRASTRUCTURE G,-1.8646426034538244,0.3488726974490382,0.05,0.0003895416266890795,False,0.15043052210102273,4.131495317933643,,,,,,,,,,,,,,
ENERGY_UTILITIES,SSE.L,TRIG.L,SSE PLC ORD 50P,THE RENEWABLES INFRASTRUCTURE G,-1.8476802540890094,0.35705965115598337,0.05,0.0003895416266890795,False,-1.6958512122435654,14.990733585941282,,,,,,,,,,,,,,
ENERGY_UTILITIES,INPP.L,UKW.L,INTERNATIONAL PUBLIC PARTNERSHI,GREENCOAT UK WIND PLC ORD 1P,-1.844131774243246,0.3587818895509538,0.05,0.0003895416266890795,False,-0.061350185477567036,5.109175914066016,,,,,,,,,,,,,,
ENERGY_UTILITIES,ENOG.L,HBR.L,ENERGEAN PLC ORD 1P,HARBOUR ENERGY PLC ORD 0.002P,-1.8262297419266347,0.36751928897001745,0.05,0.0003895416266890795,False,0.16756124972670183,5.892421012618358,,,,,,,,,,,,,,
ENERGY_UTILITIES,PNN.L,UU.L,PENNON GROUP PLC ORD 61 1/20P,UNITED UTILITIES GROUP PLC ORD ,-1.825860912696895,0.3677001408977406,0.05,0.0003895416266890795,False,0.737417584957988,1.0665523011854976,,,,,,,,,,,,,,
ENERGY_UTILITIES,FSFL.L,HBR.L,FORESIGHT SOLAR FUND LIMITED OR,HARBOUR ENERGY PLC ORD 0.002P,-1.7790636153324193,0.3909044426904592,0.05,0.0003895416266890795,False,0.011381675982943616,4.266673465221494,,,,,,,,,,,,,,
ENERGY_UTILITIES,BP.L,DCC.L,BP PLC $0.25,DCC ENERGY PLC ORD EUR0.25 (CDI,-1.7172257130449131,0.4222598370929839,0.05,0.0003895416266890795,False,2.9971258689045386,-19.504948345090625,,,,,,,,,,,,,,
ENERGY_UTILITIES,INPP.L,TRIG.L,INTERNATIONAL PUBLIC PARTNERSHI,THE RENEWABLES INFRASTRUCTURE G,-1.649093275106253,0.45751335154573647,0.05,0.0003895416266890795,False,0.003226787483980795,4.8048748932219345,,,,,,,,,,,,,,
ENERGY_UTILITIES,CNA.L,HBR.L,CENTRICA PLC ORD 6 14/81P,HARBOUR ENERGY PLC ORD 0.002P,-1.6401522004545144,0.46218126475226984,0.05,0.0003895416266890795,False,-0.9906202690754554,10.45301761872972,,,,,,,,,,,,,,
ENERGY_UTILITIES,HBR.L,TRIG.L,HARBOUR ENERGY PLC ORD 0.002P,THE RENEWABLES INFRASTRUCTURE G,-1.6036152700730733,0.48177716382703933,0.05,0.0003895416266890795,False,2.1171909388496912,-3.8152468609061883,,,,,,,,,,,,,,
ENERGY_UTILITIES,INPP.L,PNN.L,INTERNATIONAL PUBLIC PARTNERSHI,PENNON GROUP PLC ORD 61 1/20P,-1.5707775549227239,0.49825417155784035,0.05,0.0003895416266890795,False,0.3324985127122315,2.738388420080364,,,,,,,,,,,,,,
ENERGY_UTILITIES,HBR.L,UKW.L,HARBOUR ENERGY PLC ORD 0.002P,GREENCOAT UK WIND PLC ORD 1P,-1.5304179871596695,0.5184139461148688,0.05,0.0003895416266890795,False,2.522858128534061,-6.482721791575853,,,,,,,,,,,,,,
ENERGY_UTILITIES,DCC.L,SSE.L,DCC ENERGY PLC ORD EUR0.25 (CDI,SSE PLC ORD 50P,-1.5227364374519772,0.5222354718577362,0.05,0.0003895416266890795,False,0.06070139526690291,8.074604432829567,,,,,,,,,,,,,,
ENERGY_UTILITIES,DCC.L,UU.L,DCC ENERGY PLC ORD EUR0.25 (CDI,UNITED UTILITIES GROUP PLC ORD ,-1.5225920895180973,0.5223072296401056,0.05,0.0003895416266890795,False,0.10752797785254424,7.777141242640372,,,,,,,,,,,,,,
ENERGY_UTILITIES,PNN.L,SVT.L,PENNON GROUP PLC ORD 61 1/20P,SEVERN TRENT PLC ORD 97 17/19P,-1.4888521190479047,0.5390186517297932,0.05,0.0003895416266890795,False,3.055295039624745,-17.90140732107244,,,,,,,,,,,,,,
ENERGY_UTILITIES,DCC.L,FSFL.L,DCC ENERGY PLC ORD EUR0.25 (CDI,FORESIGHT SOLAR FUND LIMITED OR,-1.4639785963080014,0.5512494506853062,0.05,0.0003895416266890795,False,-0.023519236320486008,8.635876449723508,,,,,,,,,,,,,,
ENERGY_UTILITIES,BP.L,HBR.L,BP PLC $0.25,HARBOUR ENERGY PLC ORD 0.002P,-1.4613592130708077,0.5525325011373513,0.05,0.0003895416266890795,False,0.6021999530419754,2.790664207054589,,,,,,,,,,,,,,
ENERGY_UTILITIES,DCC.L,NG.L,DCC ENERGY PLC ORD EUR0.25 (CDI,NATIONAL GRID PLC ORD 12 204/47,-1.438405154690063,0.5637320948271288,0.05,0.0003895416266890795,False,0.009654957919423725,8.466595155381384,,,,,,,,,,,,,,
ENERGY_UTILITIES,CNA.L,DCC.L,CENTRICA PLC ORD 6 14/81P,DCC ENERGY PLC ORD EUR0.25 (CDI,-1.403620333090004,0.5805392598907176,0.05,0.0003895416266890795,False,-12.783610488564365,114.15022197001215,,,,,,,,,,,,,,
ENERGY_UTILITIES,DCC.L,HBR.L,DCC ENERGY PLC ORD EUR0.25 (CDI,HARBOUR ENERGY PLC ORD 0.002P,-1.4031199247523234,0.5807794767482727,0.05,0.0003895416266890795,False,0.25444473928673905,7.14731287859414,,,,,,,,,,,,,,
ENERGY_UTILITIES,CNA.L,SSE.L,CENTRICA PLC ORD 6 14/81P,SSE PLC ORD 50P,-1.374008180499771,0.5946715611277271,0.05,0.0003895416266890795,False,0.9534990146384181,-2.163261747433406,,,,,,,,,,,,,,
ENERGY_UTILITIES,DCC.L,TRIG.L,DCC ENERGY PLC ORD EUR0.25 (CDI,THE RENEWABLES INFRASTRUCTURE G,-1.2746453967413556,0.6406907901902392,0.05,0.0003895416266890795,False,0.09564911018159336,8.11548349873828,,,,,,,,,,,,,,
ENERGY_UTILITIES,DCC.L,UKW.L,DCC ENERGY PLC ORD EUR0.25 (CDI,GREENCOAT UK WIND PLC ORD 1P,-1.2522035131397011,0.650745973774626,0.05,0.0003895416266890795,False,0.12770510806028312,7.930037208579278,,,,,,,,,,,,,,
ENERGY_UTILITIES,HBR.L,NG.L,HARBOUR ENERGY PLC ORD 0.002P,NATIONAL GRID PLC ORD 12 204/47,-1.195128495798052,0.6756877914010841,0.05,0.0003895416266890795,False,13.970882890958183,-92.18507777483681,,,,,,,,,,,,,,
ENERGY_UTILITIES,DCC.L,PNN.L,DCC ENERGY PLC ORD EUR0.25 (CDI,PENNON GROUP PLC ORD 61 1/20P,-1.0812913668729147,0.7224747389338806,0.05,0.0003895416266890795,False,0.19774962554022732,7.2966513531537895,,,,,,,,,,,,,,
ENERGY_UTILITIES,HBR.L,UU.L,HARBOUR ENERGY PLC ORD 0.002P,UNITED UTILITIES GROUP PLC ORD ,-1.0023389010377752,0.7524102851549612,0.05,0.0003895416266890795,False,17.256180311309677,-116.02221557880716,,,,,,,,,,,,,,
ES_BANKS,CABK.MC,SAN.MC,"CAIXABANK, S.A.",BANCO SANTANDER S.A.,-4.365724245777204,0.00034115316742338014,0.05,0.0205163767072458,True,0.8895867985328918,0.2704021787419928,9.46628598653524,-7.3393677733964185e-06,-0.07322271707677874,28.0,-2.2283251257639876,2.9613570391445476,True,2026-10-06 00:00:00,0.4,-0.0003012099653303623,0.33670417226245153,-0.059623568855657005,False,mixed signal
ES_BANKS,BBVA.MC,SAN.MC,BANCO BILBAO VIZCAYA ARGENTARIA,BANCO SANTANDER S.A.,-3.467866547342145,0.008851732920994912,0.05,0.0205163767072458,True,0.9211458404489591,0.8041922158209154,13.307358207095739,-9.009496777205784e-05,-0.05208751201950406,40.0,-1.6888669498748974,2.923839271453732,False,,0.8,0.0030811502684977817,-0.0715875214522026,0.09455885398049269,False,mixed signal
ES_BANKS,BBVA.MC,CABK.MC,BANCO BILBAO VIZCAYA ARGENTARIA,"CAIXABANK, S.A.",-3.452848246951757,0.009283914688192764,0.05,0.0205163767072458,True,1.0357173104736381,0.5237171358693571,14.805538530711205,-8.48362988738374e-05,-0.046816748956625014,44.0,1.5981592499126305,3.400547710061578,False,,0.6,0.0029715800788270006,-0.09165537455566031,0.02617607449800441,True,reversion signs agree
ES_BANKS,BKT.MC,SAN.MC,"BANKINTER, S.A.",BANCO SANTANDER S.A.,-3.1954292917087526,0.020250778865573655,0.05,0.0205163767072458,True,0.7817930503417458,0.830304290257001,17.669640683486886,-0.00021789632509806623,-0.03922814238139681,53.0,-2.2991435130245024,2.4668471310985614,False,,0.4,-0.0015053413195241993,0.16770361807405898,0.2983557562855941,False,mixed signal
ES_BANKS,BKT.MC,SAB.MC,"BANKINTER, S.A.",BANCO DE SABADELL,-3.190919009843874,0.0205163767072458,0.05,0.0205163767072458,True,1.022457352161233,1.5402348669984125,18.662449163984686,-0.00016129498764295766,-0.03714127628530129,56.0,-2.078419823351412,2.7297223140407665,False,,0.4,-0.003693022889672737,0.105602073588138,0.8211522682153867,False,mixed signal
ES_BANKS,BBVA.MC,BKT.MC,BANCO BILBAO VIZCAYA ARGENTARIA,"BANKINTER, S.A.",-2.4207251202217113,0.13597213033450117,0.05,0.0205163767072458,False,1.1791704783923884,-0.1762727425451427,,,,,,,,,,,,,,
ES_BANKS,SAB.MC,SAN.MC,BANCO DE SABADELL,BANCO SANTANDER S.A.,-1.5850948825798956,0.4910763924652866,0.05,0.0205163767072458,False,0.7612606214057103,-0.6878402226007818,,,,,,,,,,,,,,
ES_BANKS,BBVA.MC,SAB.MC,BANCO BILBAO VIZCAYA ARGENTARIA,BANCO DE SABADELL,-1.4978957749517225,0.5345520109459678,0.05,0.0205163767072458,False,1.2099799185025881,1.6365342318173481,,,,,,,,,,,,,,
ES_BANKS,CABK.MC,SAB.MC,"CAIXABANK, S.A.",BANCO DE SABADELL,-1.335516344332771,0.6127710306632521,0.05,0.0205163767072458,False,1.1679566395549283,1.0746732843047333,,,,,,,,,,,,,,
ES_BANKS,BKT.MC,CABK.MC,"BANKINTER, S.A.","CAIXABANK, S.A.",-1.2174681023357874,0.6660366000246655,0.05,0.0205163767072458,False,0.8786742623745923,0.5929718127706674,,,,,,,,,,,,,,
ES_UTILITIES,ENC.MC,IBE.MC,"ENCE ENERGIA Y CELULOSA, S.A.",ACCIONES IBERDROLA,-3.291092773461757,0.01528135304161301,0.05,,False,-0.6263371811659515,2.717766795485288,,,,,,,,,,,,,,
ES_UTILITIES,RED.MC,SLR.MC,"REDEIA CORPORACION, S.A.",SOLARIA ENERGIA Y MEDIO AMBIENT,-3.2518156911710085,0.017174586067306673,0.05,,False,-0.09983211411900292,2.9777964419362344,,,,,,,,,,,,,,
ES_UTILITIES,ENC.MC,SLR.MC,"ENCE ENERGIA Y CELULOSA, S.A.",SOLARIA ENERGIA Y MEDIO AMBIENT,-3.103059044174487,0.026327632227332497,0.05,,False,-0.2621880098467305,1.670324193159205,,,,,,,,,,,,,,
ES_UTILITIES,IBE.MC,NTGY.MC,ACCIONES IBERDROLA,"NATURGY ENERGY GROUP, S.A.",-2.757791928693144,0.06456040184230441,0.05,,False,1.8172341696945107,-3.0108920199516676,,,,,,,,,,,,,,
ES_UTILITIES,ENC.MC,RED.MC,"ENCE ENERGIA Y CELULOSA, S.A.","REDEIA CORPORACION, S.A.",-2.7317914429906787,0.06869666527392296,0.05,,False,3.251544167077473,-7.855143549264542,,,,,,,,,,,,,,
ES_UTILITIES,IBE.MC,RED.MC,ACCIONES IBERDROLA,"REDEIA CORPORACION, S.A.",-2.709753972078242,0.07236556116244562,0.05,,False,-7.647398353725385,23.577529532177724,,,,,,,,,,,,,,
ES_UTILITIES,NTGY.MC,RED.MC,"NATURGY ENERGY GROUP, S.A.","REDEIA CORPORACION, S.A.",-2.484060011010268,0.11940102371763822,0.05,,False,-7.508071950731774,23.629008563636194,,,,,,,,,,,,,,
ES_UTILITIES,NTGY.MC,SLR.MC,"NATURGY ENERGY GROUP, S.A.",SOLARIA ENERGIA Y MEDIO AMBIENT,-2.412379240695778,0.13827289971090367,0.05,,False,0.16817336554406842,2.733478427280737,,,,,,,,,,,,,,
ES_UTILITIES,IBE.MC,SLR.MC,ACCIONES IBERDROLA,SOLARIA ENERGIA Y MEDIO AMBIENT,-2.3711066610694953,0.1500579253497456,0.05,,False,0.3819506072406103,1.7645055884469185,,,,,,,,,,,,,,
ES_UTILITIES,ENC.MC,NTGY.MC,"ENCE ENERGIA Y CELULOSA, S.A.","NATURGY ENERGY GROUP, S.A.",-1.9946023122960805,0.28894480075539763,0.05,,False,-1.2531124015912212,4.966303900638545,,,,,,,,,,,,,,
FINANCIALS,BEZ.L,ICG.L,BEAZLEY PLC ORD 5P,ICG PLC ORD 26 1/4P,-4.296710298215492,0.0004500754028351776,0.05,,False,-2.1876444677299256,23.446550464449878,,,,,,,,,,,,,,
FINANCIALS,PRU.L,STJ.L,PRUDENTIAL PLC ORD 5P,ST. JAMES'S PLACE PLC ORD 15P,-3.9627320956538514,0.0016187337912302766,0.05,,False,0.9252386475529841,0.31916527302905706,,,,,,,,,,,,,,
FINANCIALS,ASHM.L,INVP.L,ASHMORE GROUP PLC ORD 0.01P,INVESTEC PLC ORD GBP0.0002,-3.9236857266350276,0.00186728551417089,0.05,,False,1.9576295116383493,-7.208364370187906,,,,,,,,,,,,,,
FINANCIALS,ABDN.L,MNG.L,ABERDEEN GROUP PLC ORD 13 61/63,M&G PLC,-3.8932982239649845,0.0020847258384130525,0.05,,False,0.9931296112477521,-0.26993626389132164,,,,,,,,,,,,,,
FINANCIALS,BEZ.L,SDR.L,BEAZLEY PLC ORD 5P,SCHRODERS PLC ORD 20P,-3.8221523375479154,0.0026886279701927303,0.05,,False,0.9301922412741152,1.2460175274104035,,,,,,,,,,,,,,
FINANCIALS,HSBA.L,LGEN.L,HSBC HOLDINGS PLC ORD $0.50 (UK,LEGAL & GENERAL GROUP PLC ORD 2,-3.6624668242623732,0.004673158686373844,0.05,,False,4.066778177855925,-15.503838776394073,,,,,,,,,,,,,,
FINANCIALS,LGEN.L,STAN.L,LEGAL & GENERAL GROUP PLC ORD 2,STANDARD CHARTERED PLC ORD USD0,-3.6004646274563767,0.005752151281744499,0.05,,False,0.18904381734786288,4.146345962092406,,,,,,,,,,,,,,
FINANCIALS,BGEO.L,LGEN.L,LION FINANCE GROUP PLC ORD 1P,LEGAL & GENERAL GROUP PLC ORD 2,-3.5704620430080083,0.006351497479540066,0.05,,False,5.929371849429044,-23.778224760506703,,,,,,,,,,,,,,
FINANCIALS,ICG.L,SDR.L,ICG PLC ORD 26 1/4P,SCHRODERS PLC ORD 20P,-3.5592400741379477,0.00658982191319355,0.05,,False,-0.3824732401784613,9.892093065674809,,,,,,,,,,,,,,
FINANCIALS,LGEN.L,MNG.L,LEGAL & GENERAL GROUP PLC ORD 2,M&G PLC,-3.5241515659618736,0.007388067450027018,0.05,,False,0.35453018705137446,3.5472165123218655,,,,,,,,,,,,,,
FINANCIALS,ABDN.L,STAN.L,ABERDEEN GROUP PLC ORD 13 61/63,STANDARD CHARTERED PLC ORD USD0,-3.5143136024824853,0.007627010421637099,0.05,,False,0.5175699221100738,1.494052785750693,,,,,,,,,,,,,,
FINANCIALS,ABDN.L,BGEO.L,ABERDEEN GROUP PLC ORD 13 61/63,LION FINANCE GROUP PLC ORD 1P,-3.5097530178786083,0.007740120447742564,0.05,,False,0.4637852786552822,1.1033986879168607,,,,,,,,,,,,,,
FINANCIALS,ICG.L,LGEN.L,ICG PLC ORD 26 1/4P,LEGAL & GENERAL GROUP PLC ORD 2,-3.4953312419903666,0.008107810354466335,0.05,,False,-2.264876711057011,20.050517455504195,,,,,,,,,,,,,,
FINANCIALS,ABDN.L,LGEN.L,ABERDEEN GROUP PLC ORD 13 61/63,LEGAL & GENERAL GROUP PLC ORD 2,-3.482713419713669,0.00844230849598075,0.05,,False,2.85395975060477,-10.496319110913024,,,,,,,,,,,,,,
FINANCIALS,BARC.L,LGEN.L,BARCLAYS PLC ORD 25P,LEGAL & GENERAL GROUP PLC ORD 2,-3.430494667235664,0.009962210827941503,0.05,,False,4.30341977003472,-17.836057549814285,,,,,,,,,,,,,,
FINANCIALS,NWG.L,STJ.L,NATWEST GROUP PLC ORD 107.69P,ST. JAMES'S PLACE PLC ORD 15P,-3.4053923855909143,0.010776413386185933,0.05,,False,0.8906474368004383,-0.01579653930377134,,,,,,,,,,,,,,
FINANCIALS,LGEN.L,LLOY.L,LEGAL & GENERAL GROUP PLC ORD 2,LLOYDS BANKING GROUP PLC ORD 10,-3.3818561104309612,0.011593166950099163,0.05,,False,0.2648543449326973,4.347590957496246,,,,,,,,,,,,,,
FINANCIALS,BARC.L,NWG.L,BARCLAYS PLC ORD 25P,NATWEST GROUP PLC ORD 107.69P,-3.3778519759453043,0.011737470127200457,0.05,,False,1.2125343418709436,-1.6899437744392793,,,,,,,,,,,,,,
FINANCIALS,ABDN.L,HSBA.L,ABERDEEN GROUP PLC ORD 13 61/63,HSBC HOLDINGS PLC ORD $0.50 (UK,-3.3330841006772602,0.013462849433344632,0.05,,False,0.6788130107617619,0.5411998014994186,,,,,,,,,,,,,,
FINANCIALS,BARC.L,STAN.L,BARCLAYS PLC ORD 25P,STANDARD CHARTERED PLC ORD USD0,-3.327364114328072,0.013698737188365354,0.05,,False,0.832322476001164,-0.12683570120670762,,,,,,,,,,,,,,
FINANCIALS,AV.L,STJ.L,AVIVA PLC ORD 32 17/19P,ST. JAMES'S PLACE PLC ORD 15P,-3.310471761779802,0.014416826347939851,0.05,,False,0.5314129237985529,2.6542540222276063,,,,,,,,,,,,,,
FINANCIALS,BGEO.L,LLOY.L,LION FINANCE GROUP PLC ORD 1P,LLOYDS BANKING GROUP PLC ORD 10,-3.2763276353707993,0.01597036437290586,0.05,,False,1.5495981124064788,2.090632050573266,,,,,,,,,,,,,,
FINANCIALS,ABDN.L,LLOY.L,ABERDEEN GROUP PLC ORD 13 61/63,LLOYDS BANKING GROUP PLC ORD 10,-3.2665332615353844,0.01644234360652383,0.05,,False,0.7410263845310203,1.9760158567056703,,,,,,,,,,,,,,
FINANCIALS,LGEN.L,NWG.L,LEGAL & GENERAL GROUP PLC ORD 2,NATWEST GROUP PLC ORD 107.69P,-3.2639120418046406,0.016570715983868608,0.05,,False,0.27780438189706846,3.7764313163129484,,,,,,,,,,,,,,
FINANCIALS,NWG.L,PRU.L,NATWEST GROUP PLC ORD 107.69P,PRUDENTIAL PLC ORD 5P,-3.261950894877694,0.016667336118256333,0.05,,False,0.9580786984767101,-0.2923266403399225,,,,,,,,,,,,,,
FINANCIALS,AV.L,PRU.L,AVIVA PLC ORD 32 17/19P,PRUDENTIAL PLC ORD 5P,-3.260058369190433,0.01676104373208996,0.05,,False,0.5885798825266886,2.3746181616378905,,,,,,,,,,,,,,
FINANCIALS,BARC.L,STJ.L,BARCLAYS PLC ORD 25P,ST. JAMES'S PLACE PLC ORD 15P,-3.2562441433172586,0.016951308615634677,0.05,,False,1.0925367088404943,-1.796920227888335,,,,,,,,,,,,,,
FINANCIALS,BGEO.L,NWG.L,LION FINANCE GROUP PLC ORD 1P,NATWEST GROUP PLC ORD 107.69P,-3.224706053419927,0.018598401899819435,0.05,,False,1.6791205709625978,-1.5840405993744238,,,,,,,,,,,,,,
FINANCIALS,HSBA.L,ICG.L,HSBC HOLDINGS PLC ORD $0.50 (UK,ICG PLC ORD 26 1/4P,-3.1843360346177065,0.020909463850478944,0.05,,False,-3.528337467159679,33.66776337641901,,,,,,,,,,,,,,
FINANCIALS,BGEO.L,ICG.L,LION FINANCE GROUP PLC ORD 1P,ICG PLC ORD 26 1/4P,-3.1610286365481057,0.022354250979571826,0.05,,False,-5.223850241486883,48.51849488703506,,,,,,,,,,,,,,
FINANCIALS,BEZ.L,LGEN.L,BEAZLEY PLC ORD 5P,LEGAL & GENERAL GROUP PLC ORD 2,-3.1525309172435003,0.022902112249298744,0.05,,False,3.576899497244264,-12.842635621049778,,,,,,,,,,,,,,
FINANCIALS,ICG.L,MNG.L,ICG PLC ORD 26 1/4P,M&G PLC,-3.1405103010276534,0.023696911722812127,0.05,,False,-0.41891654862866146,9.904216762780244,,,,,,,,,,,,,,
FINANCIALS,ICG.L,LLOY.L,ICG PLC ORD 26 1/4P,LLOYDS BANKING GROUP PLC ORD 10,-3.1339798599074205,0.024138603975941527,0.05,,False,-0.30509079186664984,8.924354318796063,,,,,,,,,,,,,,
FINANCIALS,LGEN.L,SDR.L,LEGAL & GENERAL GROUP PLC ORD 2,SCHRODERS PLC ORD 20P,-3.111406295840005,0.025720506506767604,0.05,,False,0.26471912762391914,3.910842641766161,,,,,,,,,,,,,,
FINANCIALS,ASHM.L,ICG.L,ASHMORE GROUP PLC ORD 0.01P,ICG PLC ORD 26 1/4P,-3.1032250416228915,0.026315439735044285,0.05,,False,-2.1601926287428377,21.604510948807754,,,,,,,,,,,,,,
FINANCIALS,JUP.L,STJ.L,JUPITER FUND MANAGEMENT PLC ORD,ST. JAMES'S PLACE PLC ORD 15P,-3.0991888468969155,0.026613275710826657,0.05,,False,1.5535220496540485,-6.105037351134073,,,,,,,,,,,,,,
FINANCIALS,ABDN.L,ICG.L,ABERDEEN GROUP PLC ORD 13 61/63,ICG PLC ORD 26 1/4P,-3.0429245584991023,0.03107561710492884,0.05,,False,-2.815446319352913,26.590156518467953,,,,,,,,,,,,,,
FINANCIALS,ABDN.L,BARC.L,ABERDEEN GROUP PLC ORD 13 61/63,BARCLAYS PLC ORD 25P,-3.0210995963795257,0.032970395910283064,0.05,,False,0.6400860542807463,1.466713104629465,,,,,,,,,,,,,,
FINANCIALS,BGEO.L,STAN.L,LION FINANCE GROUP PLC ORD 1P,STANDARD CHARTERED PLC ORD USD0,-2.990418991863931,0.03579888512677607,0.05,,False,1.1356583687878274,0.7016265807733255,,,,,,,,,,,,,,
FINANCIALS,ABDN.L,NWG.L,ABERDEEN GROUP PLC ORD 13 61/63,NATWEST GROUP PLC ORD 107.69P,-2.968582598352307,0.03793438734411955,0.05,,False,0.7813808151804413,0.3524574477895053,,,,,,,,,,,,,,
FINANCIALS,ICG.L,INVP.L,ICG PLC ORD 26 1/4P,INVESTEC PLC ORD GBP0.0002,-2.9680368523648726,0.03798910069799795,0.05,,False,-2.4011424786867126,22.80340348364683,,,,,,,,,,,,,,
FINANCIALS,BARC.L,ICG.L,BARCLAYS PLC ORD 25P,ICG PLC ORD 26 1/4P,-2.914264872173626,0.04371415598495053,0.05,,False,-4.507481565852598,40.07804993173145,,,,,,,,,,,,,,
FINANCIALS,ICG.L,STAN.L,ICG PLC ORD 26 1/4P,STANDARD CHARTERED PLC ORD USD0,-2.904624472216239,0.04481287103800902,0.05,,False,-0.184484861699268,8.918384229785225,,,,,,,,,,,,,,
FINANCIALS,BNKR.L,LGEN.L,BANKERS INVESTMENT TRUST PLC OR,LEGAL & GENERAL GROUP PLC ORD 2,-2.9006314830118836,0.04527461385422986,0.05,,False,1.4097039040527517,-2.9287141863314377,,,,,,,,,,,,,,
FINANCIALS,NWG.L,STAN.L,NATWEST GROUP PLC ORD 107.69P,STANDARD CHARTERED PLC ORD USD0,-2.897177016338487,0.04567725825981842,0.05,,False,0.6821314166674424,1.3198549156199206,,,,,,,,,,,,,,
FINANCIALS,ICG.L,PRU.L,ICG PLC ORD 26 1/4P,PRUDENTIAL PLC ORD 5P,-2.89676426561384,0.04572556528594952,0.05,,False,-0.27896701506596056,9.488799619943503,,,,,,,,,,,,,,
FINANCIALS,ICG.L,JUP.L,ICG PLC ORD 26 1/4P,JUPITER FUND MANAGEMENT PLC ORD,-2.8322246199661993,0.053816099878362895,0.05,,False,-0.17549522144487953,8.429626845219543,,,,,,,,,,,,,,
FINANCIALS,BGEO.L,HSBA.L,LION FINANCE GROUP PLC ORD 1P,HSBC HOLDINGS PLC ORD $0.50 (UK,-2.830817472036482,0.05400476260207291,0.05,,False,1.4511657910695686,-1.126750026716934,,,,,,,,,,,,,,
FINANCIALS,BNKR.L,HSBA.L,BANKERS INVESTMENT TRUST PLC OR,HSBC HOLDINGS PLC ORD $0.50 (UK,-2.8123294630271993,0.05653406066861583,0.05,,False,0.34931943342185884,2.427155008157474,,,,,,,,,,,,,,
FINANCIALS,LLOY.L,NWG.L,LLOYDS BANKING GROUP PLC ORD 10,NATWEST GROUP PLC ORD 107.69P,-2.7940635970627508,0.05912675720530571,0.05,,False,1.074856673623455,-2.317311133740274,,,,,,,,,,,,,,
FINANCIALS,ICG.L,NWG.L,ICG PLC ORD 26 1/4P,NATWEST GROUP PLC ORD 107.69P,-2.7913481110278826,0.059520296196992215,0.05,,False,-0.29072062733734244,9.400877529367401,,,,,,,,,,,,,,
FINANCIALS,BGEO.L,STJ.L,LION FINANCE GROUP PLC ORD 1P,ST. JAMES'S PLACE PLC ORD 15P,-2.7873466109642266,0.06010407016937765,0.05,,False,1.5644203023696595,-2.0910603517409356,,,,,,,,,,,,,,
FINANCIALS,HSBA.L,SDR.L,HSBC HOLDINGS PLC ORD $0.50 (UK,SCHRODERS PLC ORD 20P,-2.7855398263261097,0.06036917261497129,0.05,,False,1.2062812893671175,-0.37668731439531644,,,,,,,,,,,,,,
FINANCIALS,AV.L,ICG.L,AVIVA PLC ORD 32 17/19P,ICG PLC ORD 26 1/4P,-2.778015135674937,0.061483420138517784,0.05,,False,-1.9498706319882038,21.178702187978075,,,,,,,,,,,,,,
FINANCIALS,BARC.L,BGEO.L,BARCLAYS PLC ORD 25P,LION FINANCE GROUP PLC ORD 1P,-2.7726104244217313,0.062293936248829576,0.05,,False,0.7301433321647699,-0.6167649683405783,,,,,,,,,,,,,,
FINANCIALS,AJB.L,INVP.L,AJ BELL PLC ORD GBP0.000125,INVESTEC PLC ORD GBP0.0002,-2.7516261485633007,0.06552274287920902,0.05,,False,1.743023576584088,-4.868718354103513,,,,,,,,,,,,,,
FINANCIALS,INVP.L,JUP.L,INVESTEC PLC ORD GBP0.0002,JUPITER FUND MANAGEMENT PLC ORD,-2.7046435453333375,0.07323817405532976,0.05,,False,0.1536733496632133,5.605343623794721,,,,,,,,,,,,,,
FINANCIALS,ABDN.L,JUP.L,ABERDEEN GROUP PLC ORD 13 61/63,JUPITER FUND MANAGEMENT PLC ORD,-2.6947403949434525,0.07495284098877328,0.05,,False,0.48300129417440274,2.9094395418387458,,,,,,,,,,,,,,
FINANCIALS,ASHM.L,JUP.L,ASHMORE GROUP PLC ORD 0.01P,JUPITER FUND MANAGEMENT PLC ORD,-2.692004950778959,0.07543200930347672,0.05,,False,0.33123453141343795,3.621142632591486,,,,,,,,,,,,,,
FINANCIALS,INVP.L,SDR.L,INVESTEC PLC ORD GBP0.0002,SCHRODERS PLC ORD 20P,-2.6866637338521904,0.076374593246904,0.05,,False,0.27029898063452085,4.711930854379773,,,,,,,,,,,,,,
FINANCIALS,ADM.L,AJB.L,ADMIRAL GROUP PLC ORD 0.1P,AJ BELL PLC ORD GBP0.000125,-2.6742453441860827,0.0786019605791406,0.05,,False,0.9096866923330011,2.408317248952679,,,,,,,,,,,,,,
FINANCIALS,ADM.L,LGEN.L,ADMIRAL GROUP PLC ORD 0.1P,LEGAL & GENERAL GROUP PLC ORD 2,-2.655915081195013,0.0819824447831019,0.05,,False,1.834701059849207,-2.066779251845137,,,,,,,,,,,,,,
FINANCIALS,ABDN.L,STJ.L,ABERDEEN GROUP PLC ORD 13 61/63,ST. JAMES'S PLACE PLC ORD 15P,-2.6421313483579683,0.08459839714799633,0.05,,False,0.6633612020660052,0.5672242246595784,,,,,,,,,,,,,,
FINANCIALS,LLOY.L,STJ.L,LLOYDS BANKING GROUP PLC ORD 10,ST. JAMES'S PLACE PLC ORD 15P,-2.633251121137467,0.08631780531922578,0.05,,False,0.9544331090354826,-2.3141737234264586,,,,,,,,,,,,,,
FINANCIALS,BNKR.L,STAN.L,BANKERS INVESTMENT TRUST PLC OR,STANDARD CHARTERED PLC ORD USD0,-2.6301522328152918,0.08692415402320691,0.05,,False,0.268559921870589,2.901656914241058,,,,,,,,,,,,,,
FINANCIALS,LLOY.L,STAN.L,LLOYDS BANKING GROUP PLC ORD 10,STANDARD CHARTERED PLC ORD USD0,-2.622711600932308,0.08839350117610384,0.05,,False,0.7264921796237733,-0.8507724017718141,,,,,,,,,,,,,,
FINANCIALS,ABDN.L,AJB.L,ABERDEEN GROUP PLC ORD 13 61/63,AJ BELL PLC ORD GBP0.000125,-2.616277139862009,0.08967956210589267,0.05,,False,1.9206968346439002,-6.653647312987709,,,,,,,,,,,,,,
FINANCIALS,AJB.L,ICG.L,AJ BELL PLC ORD GBP0.000125,ICG PLC ORD 26 1/4P,-2.609325012510181,0.09108525226781744,0.05,,False,-1.3571712461231578,16.482251710604803,,,,,,,,,,,,,,
FINANCIALS,BEZ.L,INVP.L,BEAZLEY PLC ORD 5P,INVESTEC PLC ORD GBP0.0002,-2.6013072560240755,0.09272738509645234,0.05,,False,5.0058159193684695,-24.875075531561514,,,,,,,,,,,,,,
FINANCIALS,ABDN.L,ADM.L,ABERDEEN GROUP PLC ORD 13 61/63,ADMIRAL GROUP PLC ORD 0.1P,-2.596103698987723,0.09380523056578499,0.05,,False,2.0736317177541292,-11.435807055633237,,,,,,,,,,,,,,
FINANCIALS,ADM.L,AV.L,ADMIRAL GROUP PLC ORD 0.1P,AVIVA PLC ORD 32 17/19P,-2.567865228308254,0.09982240142393062,0.05,,False,0.7176440400361996,3.4550736399739437,,,,,,,,,,,,,,
FINANCIALS,BEZ.L,HSBA.L,BEAZLEY PLC ORD 5P,HSBC HOLDINGS PLC ORD $0.50 (UK,-2.564455432393779,0.10056836121319834,0.05,,False,0.7683262892052075,1.5556583355059743,,,,,,,,,,,,,,
FINANCIALS,INVP.L,MNG.L,INVESTEC PLC ORD GBP0.0002,M&G PLC,-2.5400297196993704,0.10603589616843084,0.05,,False,0.3008658616452294,4.67689721872166,,,,,,,,,,,,,,
FINANCIALS,JUP.L,LGEN.L,JUPITER FUND MANAGEMENT PLC ORD,LEGAL & GENERAL GROUP PLC ORD 2,-2.535643888681425,0.10704085289864879,0.05,,False,6.628685122448386,-31.71241353649977,,,,,,,,,,,,,,
FINANCIALS,BNKR.L,ICG.L,BANKERS INVESTMENT TRUST PLC OR,ICG PLC ORD 26 1/4P,-2.5276487451977654,0.10889118534024206,0.05,,False,-0.7046474153346091,10.176066799149625,,,,,,,,,,,,,,
FINANCIALS,ADM.L,BGEO.L,ADMIRAL GROUP PLC ORD 0.1P,LION FINANCE GROUP PLC ORD 1P,-2.508858467684069,0.11333381482044741,0.05,,False,0.20876468748344904,6.178287583658694,,,,,,,,,,,,,,
FINANCIALS,ABDN.L,BEZ.L,ABERDEEN GROUP PLC ORD 13 61/63,BEAZLEY PLC ORD 5P,-2.4996151471459327,0.11556799169671134,0.05,,False,0.8453347533353257,-0.5729558383471423,,,,,,,,,,,,,,
FINANCIALS,ABDN.L,AV.L,ABERDEEN GROUP PLC ORD 13 61/63,AVIVA PLC ORD 32 17/19P,-2.49313834441074,0.1171527786639216,0.05,,False,1.3400450834329807,-3.3295330888638466,,,,,,,,,,,,,,
FINANCIALS,JUP.L,MNG.L,JUPITER FUND MANAGEMENT PLC ORD,M&G PLC,-2.4925223503905665,0.11730433498944776,0.05,,False,1.9886650098458687,-6.211296998782461,,,,,,,,,,,,,,
FINANCIALS,BARC.L,LLOY.L,BARCLAYS PLC ORD 25P,LLOYDS BANKING GROUP PLC ORD 10,-2.490083537672211,0.11790578861186563,0.05,,False,1.1338767370628515,0.8990709267956714,,,,,,,,,,,,,,
FINANCIALS,LGEN.L,STJ.L,LEGAL & GENERAL GROUP PLC ORD 2,ST. JAMES'S PLACE PLC ORD 15P,-2.4816882972470493,0.11999356834232844,0.05,,False,0.21621450548138127,3.9896541865589725,,,,,,,,,,,,,,
FINANCIALS,JUP.L,NWG.L,JUPITER FUND MANAGEMENT PLC ORD,NATWEST GROUP PLC ORD 107.69P,-2.452866551666241,0.1273674779122566,0.05,,False,1.7077277327297866,-5.851194578012611,,,,,,,,,,,,,,
FINANCIALS,HSBA.L,INVP.L,HSBC HOLDINGS PLC ORD $0.50 (UK,INVESTEC PLC ORD GBP0.0002,-2.4434711612687803,0.12984088393568638,0.05,,False,6.551696434470656,-34.63135044035366,,,,,,,,,,,,,,
FINANCIALS,STAN.L,STJ.L,STANDARD CHARTERED PLC ORD USD0,ST. JAMES'S PLACE PLC ORD 15P,-2.427883768117863,0.13402056611306573,0.05,,False,1.3354373927648582,-2.1655091593193188,,,,,,,,,,,,,,
FINANCIALS,BGEO.L,PRU.L,LION FINANCE GROUP PLC ORD 1P,PRUDENTIAL PLC ORD 5P,-2.4255000489423013,0.13466816372736923,0.05,,False,1.613142620431136,-2.1047685937420884,,,,,,,,,,,,,,
FINANCIALS,BGEO.L,MNG.L,LION FINANCE GROUP PLC ORD 1P,M&G PLC,-2.4251196891862685,0.13477170514550135,0.05,,False,2.0637863145299837,-2.5345051264490053,,,,,,,,,,,,,,
FINANCIALS,BGEO.L,INVP.L,LION FINANCE GROUP PLC ORD 1P,INVESTEC PLC ORD GBP0.0002,-2.401888307040187,0.14120415713815038,0.05,,False,10.48109195932375,-57.546425830514906,,,,,,,,,,,,,,
FINANCIALS,ICG.L,STJ.L,ICG PLC ORD 26 1/4P,ST. JAMES'S PLACE PLC ORD 15P,-2.400361168961719,0.14163449736480094,0.05,,False,-0.16864862731930438,8.776012737246981,,,,,,,,,,,,,,
FINANCIALS,BEZ.L,BNKR.L,BEAZLEY PLC ORD 5P,BANKERS INVESTMENT TRUST PLC OR,-2.39757544529402,0.14242189103168462,0.05,,False,2.6762399600718405,-6.081070115675088,,,,,,,,,,,,,,
FINANCIALS,ADM.L,LLOY.L,ADMIRAL GROUP PLC ORD 0.1P,LLOYDS BANKING GROUP PLC ORD 10,-2.3949586784634804,0.14316434299273462,0.05,,False,0.342293281032488,6.5331746538792785,,,,,,,,,,,,,,
FINANCIALS,LLOY.L,MNG.L,LLOYDS BANKING GROUP PLC ORD 10,M&G PLC,-2.3861230881154163,0.14569143048022343,0.05,,False,1.3290386154617535,-2.9694336644620023,,,,,,,,,,,,,,
FINANCIALS,LGEN.L,PRU.L,LEGAL & GENERAL GROUP PLC ORD 2,PRUDENTIAL PLC ORD 5P,-2.3801192825460595,0.14742638993726254,0.05,,False,0.24600670260865729,3.8316514598304767,,,,,,,,,,,,,,
FINANCIALS,INVP.L,STAN.L,INVESTEC PLC ORD GBP0.0002,STANDARD CHARTERED PLC ORD USD0,-2.3796081744922435,0.14757475440893847,0.05,,False,0.09640015468905383,5.642849872256961,,,,,,,,,,,,,,
FINANCIALS,HSBA.L,NWG.L,HSBC HOLDINGS PLC ORD $0.50 (UK,NATWEST GROUP PLC ORD 107.69P,-2.37602779769078,0.1486170000133732,0.05,,False,1.1513040344716206,-0.2793191008025673,,,,,,,,,,,,,,
FINANCIALS,ABDN.L,BNKR.L,ABERDEEN GROUP PLC ORD 13 61/63,BANKERS INVESTMENT TRUST PLC OR,-2.3717919779721703,0.14985668003038288,0.05,,False,2.078620611553738,-4.827954834304241,,,,,,,,,,,,,,
FINANCIALS,HSBA.L,LLOY.L,HSBC HOLDINGS PLC ORD $0.50 (UK,LLOYDS BANKING GROUP PLC ORD 10,-2.3648238888901765,0.15191166903908593,0.05,,False,1.068840411674922,2.2127153765680365,,,,,,,,,,,,,,
FINANCIALS,HSBA.L,STAN.L,HSBC HOLDINGS PLC ORD $0.50 (UK,STANDARD CHARTERED PLC ORD USD0,-2.3475946598355426,0.15707666972491446,0.05,,False,0.7841727516339526,1.248580341360464,,,,,,,,,,,,,,
FINANCIALS,ADM.L,ICG.L,ADMIRAL GROUP PLC ORD 0.1P,ICG PLC ORD 26 1/4P,-2.3380802713286317,0.1599802079438089,0.05,,False,-0.93911739991678,15.15628246330213,,,,,,,,,,,,,,
FINANCIALS,ABDN.L,INVP.L,ABERDEEN GROUP PLC ORD 13 61/63,INVESTEC PLC ORD GBP0.0002,-2.335553736987273,0.16075738383796784,0.05,,False,3.6136283224251895,-17.68799083526708,,,,,,,,,,,,,,
FINANCIALS,BNKR.L,MNG.L,BANKERS INVESTMENT TRUST PLC OR,M&G PLC,-2.334224394445157,0.16116733303070407,0.05,,False,0.48815493261636267,2.1357633197116033,,,,,,,,,,,,,,
FINANCIALS,ASHM.L,SDR.L,ASHMORE GROUP PLC ORD 0.01P,SCHRODERS PLC ORD 20P,-2.3334422816515237,0.1614088587040255,0.05,,False,0.6282660065061693,1.421879320356696,,,,,,,,,,,,,,
FINANCIALS,BARC.L,PRU.L,BARCLAYS PLC ORD 25P,PRUDENTIAL PLC ORD 5P,-2.325720840802441,0.16380661228151883,0.05,,False,1.173284348170508,-2.1228047558869667,,,,,,,,,,,,,,
FINANCIALS,BARC.L,INVP.L,BARCLAYS PLC ORD 25P,INVESTEC PLC ORD GBP0.0002,-2.3222282723260896,0.16489909262226565,0.05,,False,8.268052898675395,-46.53011969288458,,,,,,,,,,,,,,
FINANCIALS,AJB.L,BNKR.L,AJ BELL PLC ORD GBP0.000125,BANKERS INVESTMENT TRUST PLC OR,-2.3220382473107657,0.16495867440528705,0.05,,False,1.3165625966167418,-0.17913301861863307,,,,,,,,,,,,,,
FINANCIALS,JUP.L,LLOY.L,JUPITER FUND MANAGEMENT PLC ORD,LLOYDS BANKING GROUP PLC ORD 10,-2.3130037469226075,0.1678082972039972,0.05,,False,1.5335635027056231,-1.9297343174958659,,,,,,,,,,,,,,
FINANCIALS,BNKR.L,SDR.L,BANKERS INVESTMENT TRUST PLC OR,SCHRODERS PLC ORD 20P,-2.3119332339032974,0.16814814577493253,0.05,,False,0.3844634644285009,2.5167744751612493,,,,,,,,,,,,,,
FINANCIALS,AJB.L,MNG.L,AJ BELL PLC ORD GBP0.000125,M&G PLC,-2.311787769997058,0.16819436107615254,0.05,,False,0.4932423416151122,3.4546816367099327,,,,,,,,,,,,,,
FINANCIALS,AJB.L,LGEN.L,AJ BELL PLC ORD GBP0.000125,LEGAL & GENERAL GROUP PLC ORD 2,-2.308299819179828,0.1693050861560934,0.05,,False,2.225560527750703,-6.066697651175153,,,,,,,,,,,,,,
FINANCIALS,LLOY.L,PRU.L,LLOYDS BANKING GROUP PLC ORD 10,PRUDENTIAL PLC ORD 5P,-2.3049997195655307,0.17036053261563544,0.05,,False,1.0303020560764116,-2.634937747492886,,,,,,,,,,,,,,
FINANCIALS,AV.L,NWG.L,AVIVA PLC ORD 32 17/19P,NATWEST GROUP PLC ORD 107.69P,-2.3001096433848076,0.17193261178018543,0.05,,False,0.6022263514364726,2.629195914878512,,,,,,,,,,,,,,
FINANCIALS,INVP.L,LLOY.L,INVESTEC PLC ORD GBP0.0002,LLOYDS BANKING GROUP PLC ORD 10,-2.2988836297409674,0.17232827594296546,0.05,,False,0.13435121309048798,5.748542281573873,,,,,,,,,,,,,,
FINANCIALS,BARC.L,JUP.L,BARCLAYS PLC ORD 25P,JUPITER FUND MANAGEMENT PLC ORD,-2.296364032687102,0.17314332509389035,0.05,,False,0.7449301629014974,2.2996044093334804,,,,,,,,,,,,,,
FINANCIALS,HSBA.L,MNG.L,HSBC HOLDINGS PLC ORD $0.50 (UK,M&G PLC,-2.2948321043847115,0.17364013840010084,0.05,,False,1.429243350663088,-1.0090580806690888,,,,,,,,,,,,,,
FINANCIALS,JUP.L,PRU.L,JUPITER FUND MANAGEMENT PLC ORD,PRUDENTIAL PLC ORD 5P,-2.280410870865078,0.17836370573067983,0.05,,False,1.5783885168049907,-5.959441069954294,,,,,,,,,,,,,,
FINANCIALS,JUP.L,STAN.L,JUPITER FUND MANAGEMENT PLC ORD,STANDARD CHARTERED PLC ORD USD0,-2.2771408665297006,0.17944650815946633,0.05,,False,1.099131102311149,-3.1273321573227753,,,,,,,,,,,,,,
FINANCIALS,SDR.L,STAN.L,SCHRODERS PLC ORD 20P,STANDARD CHARTERED PLC ORD USD0,-2.266075809064084,0.1831426733241242,0.05,,False,0.5989419078135134,1.7127019266132377,,,,,,,,,,,,,,
FINANCIALS,AJB.L,SDR.L,AJ BELL PLC ORD GBP0.000125,SCHRODERS PLC ORD 20P,-2.2625377156181927,0.18433501229167926,0.05,,False,0.3129630554086979,4.292132820359796,,,,,,,,,,,,,,
FINANCIALS,BEZ.L,BGEO.L,BEAZLEY PLC ORD 5P,LION FINANCE GROUP PLC ORD 1P,-2.2571326094718036,0.1861663319464456,0.05,,False,0.4925386918085678,2.4776858074476413,,,,,,,,,,,,,,
FINANCIALS,ABDN.L,PRU.L,ABERDEEN GROUP PLC ORD 13 61/63,PRUDENTIAL PLC ORD 5P,-2.2432076676179564,0.19093879021498017,0.05,,False,0.7584967572002258,0.05720142387439875,,,,,,,,,,,,,,
FINANCIALS,ASHM.L,BGEO.L,ASHMORE GROUP PLC ORD 0.01P,LION FINANCE GROUP PLC ORD 1P,-2.2296163823270008,0.19567251621995302,0.05,,False,0.23282046445023694,3.134063439957063,,,,,,,,,,,,,,
FINANCIALS,INVP.L,NWG.L,INVESTEC PLC ORD GBP0.0002,NATWEST GROUP PLC ORD 107.69P,-2.222135093821568,0.1983099978051464,0.05,,False,0.09426823973121182,5.7477751628703295,,,,,,,,,,,,,,
FINANCIALS,ASHM.L,LLOY.L,ASHMORE GROUP PLC ORD 0.01P,LLOYDS BANKING GROUP PLC ORD 10,-2.220124262389243,0.19902274963496264,0.05,,False,0.4346737046043592,3.300074429963775,,,,,,,,,,,,,,
FINANCIALS,ADM.L,PRU.L,ADMIRAL GROUP PLC ORD 0.1P,PRUDENTIAL PLC ORD 5P,-2.2174343221533275,0.19997876122412206,0.05,,False,0.35518530719996605,5.61419358193756,,,,,,,,,,,,,,
FINANCIALS,BGEO.L,SDR.L,LION FINANCE GROUP PLC ORD 1P,SCHRODERS PLC ORD 20P,-2.2086618559494107,0.2031167368095943,0.05,,False,1.8599185885044869,-2.328981039073401,,,,,,,,,,,,,,
FINANCIALS,INVP.L,PRU.L,INVESTEC PLC ORD GBP0.0002,PRUDENTIAL PLC ORD 5P,-2.205938766660256,0.20409709238317641,0.05,,False,0.1267392643128043,5.473630930941301,,,,,,,,,,,,,,
FINANCIALS,ADM.L,MNG.L,ADMIRAL GROUP PLC ORD 0.1P,M&G PLC,-2.1978067587706014,0.20704243973336495,0.05,,False,0.456961852068979,5.505532635688569,,,,,,,,,,,,,,
FINANCIALS,ASHM.L,BEZ.L,ASHMORE GROUP PLC ORD 0.01P,BEAZLEY PLC ORD 5P,-2.19265611311578,0.20892165331601337,0.05,,False,0.6276885201472496,0.905801135406989,,,,,,,,,,,,,,
FINANCIALS,ASHM.L,BARC.L,ASHMORE GROUP PLC ORD 0.01P,BARCLAYS PLC ORD 25P,-2.1846330882683707,0.2118699570894042,0.05,,False,0.33765373577864977,3.221398158204453,,,,,,,,,,,,,,
FINANCIALS,ABDN.L,SDR.L,ABERDEEN GROUP PLC ORD 13 61/63,SCHRODERS PLC ORD 20P,-2.1844892230855377,0.21192305893246532,0.05,,False,0.8028554999555872,0.3812816857649741,,,,,,,,,,,,,,
FINANCIALS,MNG.L,STAN.L,M&G PLC,STANDARD CHARTERED PLC ORD USD0,-2.182656886131566,0.21260011080790153,0.05,,False,0.537889575559581,1.6565837423906076,,,,,,,,,,,,,,
FINANCIALS,NWG.L,SDR.L,NATWEST GROUP PLC ORD 107.69P,SCHRODERS PLC ORD 20P,-2.181460826350263,0.2130427779944955,0.05,,False,1.0439887697938195,-0.062020368084027666,,,,,,,,,,,,,,
FINANCIALS,ADM.L,BARC.L,ADMIRAL GROUP PLC ORD 0.1P,BARCLAYS PLC ORD 25P,-2.180895320694457,0.21325227239340766,0.05,,False,0.2727607637278112,6.431244502316413,,,,,,,,,,,,,,
FINANCIALS,BNKR.L,INVP.L,BANKERS INVESTMENT TRUST PLC OR,INVESTEC PLC ORD GBP0.0002,-2.1799381684931856,0.21360714404300246,0.05,,False,1.1289771412036933,-2.3276778389490573,,,,,,,,,,,,,,
FINANCIALS,ADM.L,HSBA.L,ADMIRAL GROUP PLC ORD 0.1P,HSBC HOLDINGS PLC ORD $0.50 (UK,-2.168465307445295,0.21788910758183816,0.05,,False,0.27889871333250726,6.107872262459307,,,,,,,,,,,,,,
FINANCIALS,HSBA.L,STJ.L,HSBC HOLDINGS PLC ORD $0.50 (UK,ST. JAMES'S PLACE PLC ORD 15P,-2.168065702146864,0.21803919063016158,0.05,,False,1.028242413715609,-0.31728186213897835,,,,,,,,,,,,,,
FINANCIALS,INVP.L,STJ.L,INVESTEC PLC ORD GBP0.0002,ST. JAMES'S PLACE PLC ORD 15P,-2.1676761882940414,0.21818554435803672,0.05,,False,0.04973851461369957,5.98488357520896,,,,,,,,,,,,,,
FINANCIALS,ADM.L,SDR.L,ADMIRAL GROUP PLC ORD 0.1P,SCHRODERS PLC ORD 20P,-2.1670634286301778,0.21841590067327632,0.05,,False,0.27849073464627266,6.350011735356669,,,,,,,,,,,,,,
FINANCIALS,BEZ.L,LLOY.L,BEAZLEY PLC ORD 5P,LLOYDS BANKING GROUP PLC ORD 10,-2.16494355953566,0.21921397372557744,0.05,,False,0.8113625725804172,3.298522330181006,,,,,,,,,,,,,,
FINANCIALS,ADM.L,NWG.L,ADMIRAL GROUP PLC ORD 0.1P,NATWEST GROUP PLC ORD 107.69P,-2.162343297768176,0.22019532605517417,0.05,,False,0.3615924420757543,5.779143951511559,,,,,,,,,,,,,,
FINANCIALS,BARC.L,HSBA.L,BARCLAYS PLC ORD 25P,HSBC HOLDINGS PLC ORD $0.50 (UK,-2.1594601167214478,0.22128657301716592,0.05,,False,1.0610016726540406,-1.4493387603371906,,,,,,,,,,,,,,
FINANCIALS,AV.L,LGEN.L,AVIVA PLC ORD 32 17/19P,LEGAL & GENERAL GROUP PLC ORD 2,-2.1593788373071323,0.221317383731433,0.05,,False,2.3501109581237816,-6.559529325208356,,,,,,,,,,,,,,
FINANCIALS,AV.L,INVP.L,AVIVA PLC ORD 32 17/19P,INVESTEC PLC ORD GBP0.0002,-2.158482882402278,0.22165718725657152,0.05,,False,6.040880870399945,-31.889494895717224,,,,,,,,,,,,,,
FINANCIALS,SDR.L,STJ.L,SCHRODERS PLC ORD 20P,ST. JAMES'S PLACE PLC ORD 15P,-2.1484739186933246,0.2254746938121503,0.05,,False,0.7760944268185963,0.581312380987506,,,,,,,,,,,,,,
FINANCIALS,BARC.L,SDR.L,BARCLAYS PLC ORD 25P,SCHRODERS PLC ORD 20P,-2.1459412359523204,0.22644691431044855,0.05,,False,1.3381291881551323,-2.198138200788403,,,,,,,,,,,,,,
FINANCIALS,ADM.L,STAN.L,ADMIRAL GROUP PLC ORD 0.1P,STANDARD CHARTERED PLC ORD USD0,-2.139299621389655,0.22900834678988452,0.05,,False,0.2168485472821375,6.4693632366356315,,,,,,,,,,,,,,
FINANCIALS,AJB.L,BGEO.L,AJ BELL PLC ORD GBP0.000125,LION FINANCE GROUP PLC ORD 1P,-2.1239171386579496,0.23500677592664726,0.05,,False,0.19617828862300146,4.437947300593638,,,,,,,,,,,,,,
FINANCIALS,AJB.L,HSBA.L,AJ BELL PLC ORD GBP0.000125,HSBC HOLDINGS PLC ORD $0.50 (UK,-2.121677204642127,0.2358878910741265,0.05,,False,0.2864003088295317,4.205165619079121,,,,,,,,,,,,,,
FINANCIALS,AJB.L,JUP.L,AJ BELL PLC ORD GBP0.000125,JUPITER FUND MANAGEMENT PLC ORD,-2.1129926798770144,0.2393223757103537,0.05,,False,0.19952898938544641,5.224472146637893,,,,,,,,,,,,,,
FINANCIALS,BARC.L,MNG.L,BARCLAYS PLC ORD 25P,M&G PLC,-2.1009813254184206,0.2441201887540672,0.05,,False,1.5183798017737593,-2.5306773325424405,,,,,,,,,,,,,,
FINANCIALS,BEZ.L,MNG.L,BEAZLEY PLC ORD 5P,M&G PLC,-2.096531832980922,0.24591145386180602,0.05,,False,1.1523967450512929,0.48187719459782574,,,,,,,,,,,,,,
FINANCIALS,ASHM.L,NWG.L,ASHMORE GROUP PLC ORD 0.01P,NATWEST GROUP PLC ORD 107.69P,-2.0934264903140893,0.24716604513273743,0.05,,False,0.3832644843082423,2.81276890290896,,,,,,,,,,,,,,
FINANCIALS,BEZ.L,STAN.L,BEAZLEY PLC ORD 5P,STANDARD CHARTERED PLC ORD USD0,-2.0929505796398042,0.24735864074471503,0.05,,False,0.5558676281705631,2.8481877347136217,,,,,,,,,,,,,,
FINANCIALS,ASHM.L,HSBA.L,ASHMORE GROUP PLC ORD 0.01P,HSBC HOLDINGS PLC ORD $0.50 (UK,-2.0871567668513604,0.24971019115653365,0.05,,False,0.41425119797804716,2.3483207102819907,,,,,,,,,,,,,,
FINANCIALS,LLOY.L,SDR.L,LLOYDS BANKING GROUP PLC ORD 10,SCHRODERS PLC ORD 20P,-2.0743908019522896,0.2549360698405007,0.05,,False,1.1283378880928139,-2.4211245769178467,,,,,,,,,,,,,,
FINANCIALS,ADM.L,BEZ.L,ADMIRAL GROUP PLC ORD 0.1P,BEAZLEY PLC ORD 5P,-2.0617516207886744,0.2601698631016327,0.05,,False,0.3127743810923045,5.885686576815103,,,,,,,,,,,,,,
FINANCIALS,MNG.L,SDR.L,M&G PLC,SCHRODERS PLC ORD 20P,-2.060906312741134,0.26052200610161486,0.05,,False,0.8186858190891294,0.5941437295174143,,,,,,,,,,,,,,
FINANCIALS,AJB.L,BEZ.L,AJ BELL PLC ORD GBP0.000125,BEAZLEY PLC ORD 5P,-2.058199690884106,0.2616513136550811,0.05,,False,0.32710590971952214,3.9366371282156454,,,,,,,,,,,,,,
FINANCIALS,AJB.L,STAN.L,AJ BELL PLC ORD GBP0.000125,STANDARD CHARTERED PLC ORD USD0,-2.0556764491796495,0.2627065306351918,0.05,,False,0.2222207410856111,4.579669630383352,,,,,,,,,,,,,,
FINANCIALS,AJB.L,LLOY.L,AJ BELL PLC ORD GBP0.000125,LLOYDS BANKING GROUP PLC ORD 10,-2.0333677590843573,0.2721367990202238,0.05,,False,0.3022115123287859,4.855835715649341,,,,,,,,,,,,,,
FINANCIALS,MNG.L,NWG.L,M&G PLC,NATWEST GROUP PLC ORD 107.69P,-2.0317925663489476,0.2728094447175873,0.05,,False,0.7967162106712571,0.5651939945092517,,,,,,,,,,,,,,
FINANCIALS,HSBA.L,JUP.L,HSBC HOLDINGS PLC ORD $0.50 (UK,JUPITER FUND MANAGEMENT PLC ORD,-2.0279618980850387,0.27444893146429095,0.05,,False,0.6964367167165895,3.560170962046161,,,,,,,,,,,,,,
FINANCIALS,ADM.L,JUP.L,ADMIRAL GROUP PLC ORD 0.1P,JUPITER FUND MANAGEMENT PLC ORD,-2.0263254476598136,0.27515090903535655,0.05,,False,0.1674184017293014,7.227547690539465,,,,,,,,,,,,,,
FINANCIALS,PRU.L,STAN.L,PRUDENTIAL PLC ORD 5P,STANDARD CHARTERED PLC ORD USD0,-2.025008417987866,0.27571655785730065,0.05,,False,0.6967044848574788,1.7918628171077655,,,,,,,,,,,,,,
FINANCIALS,BARC.L,BNKR.L,BARCLAYS PLC ORD 25P,BANKERS INVESTMENT TRUST PLC OR,-2.0245094277430016,0.27593102911794554,0.05,,False,3.115005170034182,-9.195830551998327,,,,,,,,,,,,,,
FINANCIALS,ADM.L,INVP.L,ADMIRAL GROUP PLC ORD 0.1P,INVESTEC PLC ORD GBP0.0002,-2.0235674503518513,0.27633614152040453,0.05,,False,-8.453480247733026,61.543492232987234,,,,,,,,,,,,,,
FINANCIALS,ASHM.L,STAN.L,ASHMORE GROUP PLC ORD 0.01P,STANDARD CHARTERED PLC ORD USD0,-2.0156294459340427,0.27976245716083725,0.05,,False,0.25815100325059376,3.342100465015913,,,,,,,,,,,,,,
FINANCIALS,AV.L,BGEO.L,AVIVA PLC ORD 32 17/19P,LION FINANCE GROUP PLC ORD 1P,-2.001828524271055,0.2857719309804365,0.05,,False,0.3494667582384275,3.278335617876721,,,,,,,,,,,,,,
FINANCIALS,AV.L,LLOY.L,AVIVA PLC ORD 32 17/19P,LLOYDS BANKING GROUP PLC ORD 10,-1.9927312150659535,0.28976927460774327,0.05,,False,0.5588116380236424,3.9339471923432936,,,,,,,,,,,,,,
FINANCIALS,BGEO.L,BNKR.L,LION FINANCE GROUP PLC ORD 1P,BANKERS INVESTMENT TRUST PLC OR,-1.9916433308683419,0.290249185249881,0.05,,False,4.318269455512472,-12.000398485990079,,,,,,,,,,,,,,
FINANCIALS,AV.L,JUP.L,AVIVA PLC ORD 32 17/19P,JUPITER FUND MANAGEMENT PLC ORD,-1.9887453053371524,0.2915295892439226,0.05,,False,0.34401069450974486,4.733429047870638,,,,,,,,,,,,,,
FINANCIALS,BARC.L,BEZ.L,BARCLAYS PLC ORD 25P,BEAZLEY PLC ORD 5P,-1.9774663508357682,0.29653986827802425,0.05,,False,1.4638132958239274,-4.16288814161822,,,,,,,,,,,,,,
FINANCIALS,AJB.L,BARC.L,AJ BELL PLC ORD GBP0.000125,BARCLAYS PLC ORD 25P,-1.9770669163786527,0.29671808589670023,0.05,,False,0.275627702509324,4.563250616004344,,,,,,,,,,,,,,
FINANCIALS,BEZ.L,JUP.L,BEAZLEY PLC ORD 5P,JUPITER FUND MANAGEMENT PLC ORD,-1.9710099082642574,0.2994270793953054,0.05,,False,0.46868532795371437,4.604891615411024,,,,,,,,,,,,,,
FINANCIALS,BEZ.L,NWG.L,BEAZLEY PLC ORD 5P,NATWEST GROUP PLC ORD 107.69P,-1.9679136113379028,0.3008165916668629,0.05,,False,0.8774388028919985,1.3852649364265153,,,,,,,,,,,,,,
FINANCIALS,ADM.L,BNKR.L,ADMIRAL GROUP PLC ORD 0.1P,BANKERS INVESTMENT TRUST PLC OR,-1.9623590339373937,0.3033171993328887,0.05,,False,1.2882369080013376,1.808721707459604,,,,,,,,,,,,,,
FINANCIALS,ASHM.L,MNG.L,ASHMORE GROUP PLC ORD 0.01P,M&G PLC,-1.962349384005414,0.30332155241554304,0.05,,False,0.7655483388612171,0.9761566314048773,,,,,,,,,,,,,,
FINANCIALS,BGEO.L,JUP.L,LION FINANCE GROUP PLC ORD 1P,JUPITER FUND MANAGEMENT PLC ORD,-1.9487833347198085,0.3094710589461961,0.05,,False,1.044643090867258,3.8789591978938747,,,,,,,,,,,,,,
FINANCIALS,AJB.L,ASHM.L,AJ BELL PLC ORD GBP0.000125,ASHMORE GROUP PLC ORD 0.01P,-1.947633664109679,0.3099949282300628,0.05,,False,0.40732408070113785,4.054864636351142,,,,,,,,,,,,,,
FINANCIALS,BNKR.L,NWG.L,BANKERS INVESTMENT TRUST PLC OR,NATWEST GROUP PLC ORD 107.69P,-1.9359561527426306,0.3153397672245359,0.05,,False,0.36613832163155424,2.5527806548945846,,,,,,,,,,,,,,
FINANCIALS,AV.L,STAN.L,AVIVA PLC ORD 32 17/19P,STANDARD CHARTERED PLC ORD USD0,-1.922677858296829,0.32146907823705984,0.05,,False,0.3881484164624164,3.5858849112477698,,,,,,,,,,,,,,
FINANCIALS,ADM.L,STJ.L,ADMIRAL GROUP PLC ORD 0.1P,ST. JAMES'S PLACE PLC ORD 15P,-1.9207353552379742,0.3223702933385242,0.05,,False,0.30585872931186836,5.886330507579435,,,,,,,,,,,,,,
FINANCIALS,ABDN.L,ASHM.L,ABERDEEN GROUP PLC ORD 13 61/63,ASHMORE GROUP PLC ORD 0.01P,-1.8892409745271974,0.33713930019860344,0.05,,False,1.332885966615314,-1.7209673949719306,,,,,,,,,,,,,,
FINANCIALS,MNG.L,STJ.L,M&G PLC,ST. JAMES'S PLACE PLC ORD 15P,-1.8819146051276552,0.3406162919459629,0.05,,False,0.6788864716488747,0.7667025447859963,,,,,,,,,,,,,,
FINANCIALS,BNKR.L,LLOY.L,BANKERS INVESTMENT TRUST PLC OR,LLOYDS BANKING GROUP PLC ORD 10,-1.863245484120226,0.34954412466804585,0.05,,False,0.3497719340753547,3.30250863031845,,,,,,,,,,,,,,
FINANCIALS,AJB.L,PRU.L,AJ BELL PLC ORD GBP0.000125,PRUDENTIAL PLC ORD 5P,-1.859102727123341,0.35153813735107264,0.05,,False,0.30253515156903477,4.119334348841086,,,,,,,,,,,,,,
FINANCIALS,AJB.L,AV.L,AJ BELL PLC ORD GBP0.000125,AVIVA PLC ORD 32 17/19P,-1.8422222831211919,0.359709993688747,0.05,,False,0.7002391689679732,1.7144507457401392,,,,,,,,,,,,,,
FINANCIALS,ASHM.L,LGEN.L,ASHMORE GROUP PLC ORD 0.01P,LEGAL & GENERAL GROUP PLC ORD 2,-1.8248367132214116,0.3682025217601861,0.05,,False,4.2417805799065125,-18.130984938029844,,,,,,,,,,,,,,
FINANCIALS,ASHM.L,STJ.L,ASHMORE GROUP PLC ORD 0.01P,ST. JAMES'S PLACE PLC ORD 15P,-1.7651851006938744,0.39787810649233146,0.05,,False,0.273796960824044,3.2777327925241364,,,,,,,,,,,,,,
FINANCIALS,BNKR.L,JUP.L,BANKERS INVESTMENT TRUST PLC OR,JUPITER FUND MANAGEMENT PLC ORD,-1.7633511707674583,0.3988025422444008,0.05,,False,0.2391637225469469,3.690241929492758,,,,,,,,,,,,,,
FINANCIALS,ASHM.L,PRU.L,ASHMORE GROUP PLC ORD 0.01P,PRUDENTIAL PLC ORD 5P,-1.7603192402767682,0.4003323201858935,0.05,,False,0.4321435445292073,2.2610384051694745,,,,,,,,,,,,,,
FINANCIALS,INVP.L,LGEN.L,INVESTEC PLC ORD GBP0.0002,LEGAL & GENERAL GROUP PLC ORD 2,-1.7397036684696057,0.41078070884908974,0.05,,False,1.9110504512438033,-4.173652131628346,,,,,,,,,,,,,,
FINANCIALS,AV.L,BEZ.L,AVIVA PLC ORD 32 17/19P,BEAZLEY PLC ORD 5P,-1.7170416012593588,0.42235420982361777,0.05,,False,0.5253211084622195,2.776629437518968,,,,,,,,,,,,,,
FINANCIALS,AV.L,SDR.L,AVIVA PLC ORD 32 17/19P,SCHRODERS PLC ORD 20P,-1.7091209661128235,0.4264193138815904,0.05,,False,0.49178946144380303,3.412373554218427,,,,,,,,,,,,,,
FINANCIALS,BEZ.L,PRU.L,BEAZLEY PLC ORD 5P,PRUDENTIAL PLC ORD 5P,-1.7061003952338734,0.42797214238228953,0.05,,False,0.8208255209119858,1.2630169838698562,,,,,,,,,,,,,,
FINANCIALS,ASHM.L,AV.L,ASHMORE GROUP PLC ORD 0.01P,AVIVA PLC ORD 32 17/19P,-1.6843997837814988,0.4391675698282788,0.05,,False,1.3949112555680017,-3.684060083426007,,,,,,,,,,,,,,
FINANCIALS,AJB.L,NWG.L,AJ BELL PLC ORD GBP0.000125,NATWEST GROUP PLC ORD 107.69P,-1.6614840866507594,0.4510582340116988,0.05,,False,0.3336468370706232,4.100931467032442,,,,,,,,,,,,,,
FINANCIALS,BEZ.L,STJ.L,BEAZLEY PLC ORD 5P,ST. JAMES'S PLACE PLC ORD 15P,-1.6571766024803445,0.45330035424797394,0.05,,False,0.7147759134785897,1.8365390012149367,,,,,,,,,,,,,,
FINANCIALS,JUP.L,SDR.L,JUPITER FUND MANAGEMENT PLC ORD,SCHRODERS PLC ORD 20P,-1.6552030567728255,0.454328308917931,0.05,,False,1.8037714629628352,-6.082486806829006,,,,,,,,,,,,,,
FINANCIALS,AV.L,HSBA.L,AVIVA PLC ORD 32 17/19P,HSBC HOLDINGS PLC ORD $0.50 (UK,-1.581949353863651,0.49265428772770814,0.05,,False,0.4908251610814374,2.9963207873582336,,,,,,,,,,,,,,
FINANCIALS,AV.L,BARC.L,AVIVA PLC ORD 32 17/19P,BARCLAYS PLC ORD 25P,-1.4982678590753118,0.5343680295715122,0.05,,False,0.4861483623831915,3.5297620647703045,,,,,,,,,,,,,,
FINANCIALS,ASHM.L,BNKR.L,ASHMORE GROUP PLC ORD 0.01P,BANKERS INVESTMENT TRUST PLC OR,-1.4352159601743135,0.5652816124914527,0.05,,False,2.2278441038771897,-5.552919149094518,,,,,,,,,,,,,,
FINANCIALS,BNKR.L,STJ.L,BANKERS INVESTMENT TRUST PLC OR,ST. JAMES'S PLACE PLC ORD 15P,-1.4191526055944934,0.5730604604126979,0.05,,False,0.2929888001404475,2.7778560545520503,,,,,,,,,,,,,,
FINANCIALS,AJB.L,STJ.L,AJ BELL PLC ORD GBP0.000125,ST. JAMES'S PLACE PLC ORD 15P,-1.4180857712448667,0.5735755200985329,0.05,,False,0.2677542750341452,4.300695550250429,,,,,,,,,,,,,,
FINANCIALS,PRU.L,SDR.L,PRUDENTIAL PLC ORD 5P,SCHRODERS PLC ORD 20P,-1.4113201613785102,0.5768372198534533,0.05,,False,1.1008645390311091,0.1732960092112794,,,,,,,,,,,,,,
FINANCIALS,ADM.L,ASHM.L,ADMIRAL GROUP PLC ORD 0.1P,ASHMORE GROUP PLC ORD 0.01P,-1.289701540540337,0.633870602253419,0.05,,False,0.024359275284875668,7.892495491209796,,,,,,,,,,,,,,
FINANCIALS,AV.L,MNG.L,AVIVA PLC ORD 32 17/19P,M&G PLC,-1.286387745142248,0.635376699676028,0.05,,False,0.7381337276633911,2.2996101201746226,,,,,,,,,,,,,,
FINANCIALS,HSBA.L,PRU.L,HSBC HOLDINGS PLC ORD $0.50 (UK,PRUDENTIAL PLC ORD 5P,-1.1583875347980177,0.6912354674571538,0.05,,False,1.1076841672299742,-0.6473183720365281,,,,,,,,,,,,,,
FINANCIALS,MNG.L,PRU.L,M&G PLC,PRUDENTIAL PLC ORD 5P,-1.090246107488651,0.7189459289196704,0.05,,False,0.7682484994819637,0.2989046417746124,,,,,,,,,,,,,,
FINANCIALS,AV.L,BNKR.L,AVIVA PLC ORD 32 17/19P,BANKERS INVESTMENT TRUST PLC OR,-0.9077123612241079,0.7854220171888002,0.05,,False,1.72299469114401,-1.946553021987734,,,,,,,,,,,,,,
FINANCIALS,BNKR.L,PRU.L,BANKERS INVESTMENT TRUST PLC OR,PRUDENTIAL PLC ORD 5P,-0.7865722676878356,0.8230345771041196,0.05,,False,0.34103967046731243,2.511754985181399,,,,,,,,,,,,,,
FR_BANKS,ACA.PA,GLE.PA,CREDIT AGRICOLE,SOCIETE GENERALE,-3.271191873645347,0.016216344767455138,0.05,0.016216344767455138,True,0.28844920800780877,1.5825691116185603,19.44215570094893,3.957842608187617e-05,-0.035651765741497185,58.0,-1.9148901594458945,2.433992001929598,False,,0.4,0.0015010899483438498,0.032340771079510056,-0.1972624099588529,True,mixed signal
FR_BANKS,ACA.PA,BNP.PA,CREDIT AGRICOLE,BNP PARIBAS ACT.A,-2.2415817037348944,0.1915011684312945,0.05,0.016216344767455138,False,0.656303408085153,-0.09437670896282091,,,,,,,,,,,,,,
FR_BANKS,BNP.PA,GLE.PA,BNP PARIBAS ACT.A,SOCIETE GENERALE,-1.596463776846634,0.4853696089262077,0.05,0.016216344767455138,False,0.42765969156841555,2.5997018980263444,,,,,,,,,,,,,,
FR_LUXURY,CDI.PA,MC.PA,CHRISTIAN DIOR,LVMH,-3.0948199242049266,0.026938919892250855,0.05,,False,0.9412910742670332,0.3002818533748224,,,,,,,,,,,,,,
FR_LUXURY,KER.PA,RMS.PA,KERING,HERMES INTL,-2.0051185417114543,0.2843333166671702,0.05,,False,-2.234521483317791,22.54252424229514,,,,,,,,,,,,,,
FR_LUXURY,CDI.PA,RMS.PA,CHRISTIAN DIOR,HERMES INTL,-1.6139689576995704,0.4758925240924051,0.05,,False,0.830024858641674,-0.11567233729649473,,,,,,,,,,,,,,
FR_LUXURY,MC.PA,RMS.PA,LVMH,HERMES INTL,-1.4451836070745272,0.560433258370131,0.05,,False,0.9630676967092514,-1.0630660585065046,,,,,,,,,,,,,,
FR_LUXURY,CDI.PA,KER.PA,CHRISTIAN DIOR,KERING,-1.1765137819133695,0.683616426519805,0.05,,False,0.5294313887292701,3.3352048284548164,,,,,,,,,,,,,,
FR_LUXURY,KER.PA,MC.PA,KERING,LVMH,-1.1342508903402724,0.701221627047621,0.05,,False,1.737548140275251,-5.478121849323037,,,,,,,,,,,,,,
FR_UTILITIES,ENGI.PA,RUI.PA,ENGIE,RUBIS,-3.513973102200819,0.007635403678803091,0.05,0.007635403678803091,True,1.534015778387326,-2.1260886317761214,18.99017687979054,0.0007893606925459702,-0.036500301442563006,57.0,-0.8982541586551074,2.33149683101562,False,,0.6,-0.006621945200934969,0.029784060442652915,-0.4397131664699214,True,reversion signs agree
FR_UTILITIES,ENGI.PA,VIE.PA,ENGIE,VEOLIA ENVIRON.,-2.3830959696652028,0.14656439478680316,0.05,0.007635403678803091,False,2.7704243794232277,-6.399802901632321,,,,,,,,,,,,,,
FR_UTILITIES,ALO.PA,ENGI.PA,ALSTOM,ENGIE,-1.7601937241350003,0.40039568908554135,0.05,0.007635403678803091,False,0.12025022181698117,2.678713582897074,,,,,,,,,,,,,,
FR_UTILITIES,ALO.PA,RUI.PA,ALSTOM,RUBIS,-1.5302224175660322,0.5185113099584615,0.05,0.007635403678803091,False,0.4569755545581733,1.5305421496916167,,,,,,,,,,,,,,
FR_UTILITIES,RUI.PA,VIE.PA,RUBIS,VEOLIA ENVIRON.,-1.479677029037898,0.5435398009974389,0.05,0.007635403678803091,False,1.9605039679012992,-3.3045143660440255,,,,,,,,,,,,,,
FR_UTILITIES,ALO.PA,VIE.PA,ALSTOM,VEOLIA ENVIRON.,-0.9268071807152317,0.7790163061245209,0.05,0.007635403678803091,False,-6.232324616896437,23.943541331016455,,,,,,,,,,,,,,
HEALTHCARE,AZN.L,HIK.L,ASTRAZENECA PLC ORD SHS $0.25,HIKMA PHARMACEUTICALS PLC ORD S,-3.840596937439501,0.002518222478975368,0.05,0.026010791358817405,True,-0.7192963123639501,14.785411994364061,16.387965660568895,-1.4717452146184759e-05,-0.04229610892020159,49.0,-0.09885485017213681,2.2964060328404052,False,,0.2,-0.0033912171494778227,0.05095383426071752,-0.9716464847631335,True,mixed signal
HEALTHCARE,AZN.L,GSK.L,ASTRAZENECA PLC ORD SHS $0.25,GSK PLC ORD 31 1/4P,-3.739064050068883,0.003596055850304709,0.05,0.026010791358817405,True,0.7933892963523297,3.5488663809773637,12.610638523097455,-0.00022736567405157114,-0.0549652723206987,38.0,1.2450564684205174,2.9514787242209564,False,,0.4,-0.004787615892304512,-0.05724229971620298,-0.6364441837559826,False,mixed signal
HEALTHCARE,GSK.L,HIK.L,GSK PLC ORD 31 1/4P,HIKMA PHARMACEUTICALS PLC ORD S,-3.5877298275964624,0.005999986704274319,0.05,0.026010791358817405,True,-0.9625984962978374,14.581367207522877,15.198224739061036,0.00025549772786819056,-0.0456071148085134,46.0,-1.0160111639724598,3.153988405522486,False,,0.4,0.00013670239011668802,0.03648321058934134,-0.6619298357093606,True,mixed signal
HEALTHCARE,AZN.L,CTEC.L,ASTRAZENECA PLC ORD SHS $0.25,CONVATEC GROUP PLC ORD 10P,-3.3882377142583753,0.011366442474190505,0.05,0.026010791358817405,True,-2.398838649703382,22.52408645803112,15.260863953154947,-0.0004877921879553214,-0.045419917423262776,46.0,-0.8867304515442116,2.0053290139194706,False,,0.4,-0.009231995844689506,0.018357113601319197,-0.3317974375761368,True,mixed signal
HEALTHCARE,CTEC.L,GSK.L,CONVATEC GROUP PLC ORD 10P,GSK PLC ORD 31 1/4P,-3.1572220083917775,0.02259825130517732,0.05,0.026010791358817405,True,-0.26622287467747136,7.4338292437311395,17.546828497734985,-0.00014048676071522738,-0.039502704471604054,53.0,-1.0872001856854923,2.449211388692237,False,,0.4,-0.002117821358438577,-0.008171898256561505,-0.08983424758675906,True,mixed signal
HEALTHCARE,CTEC.L,HIK.L,CONVATEC GROUP PLC ORD 10P,HIKMA PHARMACEUTICALS PLC ORD S,-3.1073943445507375,0.026010791358817405,0.05,0.026010791358817405,True,0.3177033446699584,3.0925198012276183,17.779940852873345,-0.0001937411583570826,-0.03898478551169807,53.0,-0.9115344598156292,2.3335342382209157,False,,0.4,-0.001914436856609639,-0.018602038869829807,0.2173620947624949,False,mixed signal
HEALTHCARE,CTEC.L,SN.L,CONVATEC GROUP PLC ORD 10P,SMITH & NEPHEW PLC ORD USD0.20,-2.7675765130048564,0.06305656712526476,0.05,0.026010791358817405,False,-0.15291103163788802,6.546297225651273,,,,,,,,,,,,,,
HEALTHCARE,HIK.L,SN.L,HIKMA PHARMACEUTICALS PLC ORD S,SMITH & NEPHEW PLC ORD USD0.20,-2.5198922397092827,0.1107090411472641,0.05,0.026010791358817405,False,-2.2496525941025256,23.33846055140757,,,,,,,,,,,,,,
HEALTHCARE,AZN.L,SN.L,ASTRAZENECA PLC ORD SHS $0.25,SMITH & NEPHEW PLC ORD USD0.20,-2.2257729391478853,0.19702467983108002,0.05,0.026010791358817405,False,1.310981566278392,0.1638874965571535,,,,,,,,,,,,,,
HEALTHCARE,GSK.L,SN.L,GSK PLC ORD 31 1/4P,SMITH & NEPHEW PLC ORD USD0.20,-1.837138070418273,0.3621856989315577,0.05,0.026010791358817405,False,1.9607280078178668,-6.440412502308634,,,,,,,,,,,,,,
INDUSTRIALS,BBY.L,IMI.L,BALFOUR BEATTY PLC ORD 50P,IMI PLC ORD 28 4/7P,-3.8105315719804964,0.002801382642445087,0.05,,False,1.4339345950698381,-4.690115903811042,,,,,,,,,,,,,,
INDUSTRIALS,KIE.L,MGNS.L,KIER GROUP PLC ORD 1P,MORGAN SINDALL GROUP PLC ORD 5P,-3.4107284526202952,0.010598531336202605,0.05,,False,1.141943226050543,-4.287657892891701,,,,,,,,,,,,,,
INDUSTRIALS,BA.L,BNZL.L,BAE SYSTEMS PLC ORD 2.5P,BUNZL PLC ORD 32 1/7P,-3.276870543947984,0.015944554061141914,0.05,,False,-1.0546364700348434,15.72837183588054,,,,,,,,,,,,,,
INDUSTRIALS,BNZL.L,SMIN.L,BUNZL PLC ORD 32 1/7P,SMITHS GROUP PLC ORD 37.5P,-3.23141749771109,0.01823663073106059,0.05,,False,-1.2262891299348864,17.286439505857892,,,,,,,,,,,,,,
INDUSTRIALS,BA.L,MGNS.L,BAE SYSTEMS PLC ORD 2.5P,MORGAN SINDALL GROUP PLC ORD 5P,-3.1647273719463986,0.022119354927100134,0.05,,False,1.184108673410454,-2.409356937681374,,,,,,,,,,,,,,
INDUSTRIALS,BBY.L,SPX.L,BALFOUR BEATTY PLC ORD 50P,SPIRAX GROUP PLC ORD 26 12/13P,-3.081847874442013,0.02792601851838484,0.05,,False,68.5529112190069,-599.9175476777918,,,,,,,,,,,,,,
INDUSTRIALS,IMI.L,SPX.L,IMI PLC ORD 28 4/7P,SPIRAX GROUP PLC ORD 26 12/13P,-3.0751800912878653,0.02844533561027694,0.05,,False,11.520992380430794,-94.19976323673504,,,,,,,,,,,,,,
INDUSTRIALS,KIE.L,SPX.L,KIER GROUP PLC ORD 1P,SPIRAX GROUP PLC ORD 26 12/13P,-3.0721604955037427,0.028683218536662006,0.05,,False,38.57569253348535,-335.96184118068635,,,,,,,,,,,,,,
INDUSTRIALS,SMIN.L,SPX.L,SMITHS GROUP PLC ORD 37.5P,SPIRAX GROUP PLC ORD 26 12/13P,-3.0611397233265265,0.02956590975112917,0.05,,False,-43.10011093589721,388.82230214015834,,,,,,,,,,,,,,
INDUSTRIALS,SPX.L,WEIR.L,SPIRAX GROUP PLC ORD 26 12/13P,WEIR PLC ORD 12.5P,-3.060698136206072,0.029601755666805153,0.05,,False,-0.009362557123228749,8.916697800065142,,,,,,,,,,,,,,
INDUSTRIALS,DPLM.L,SPX.L,DIPLOMA PLC ORD 5P,SPIRAX GROUP PLC ORD 26 12/13P,-3.0588312810064697,0.02975370792741989,0.05,,False,12.404307349989935,-101.17745202778606,,,,,,,,,,,,,,
INDUSTRIALS,BBY.L,DPLM.L,BALFOUR BEATTY PLC ORD 50P,DIPLOMA PLC ORD 5P,-3.0451824955461135,0.03088498348750599,0.05,,False,1.5315836759667603,-6.717914153647279,,,,,,,,,,,,,,
INDUSTRIALS,BA.L,SPX.L,BAE SYSTEMS PLC ORD 2.5P,SPIRAX GROUP PLC ORD 26 12/13P,-2.998614956285061,0.0350239485369416,0.05,,False,-6.123135759890643,61.56125913970847,,,,,,,,,,,,,,
INDUSTRIALS,BNZL.L,WEIR.L,BUNZL PLC ORD 32 1/7P,WEIR PLC ORD 12.5P,-2.9931170151221536,0.035542203324012415,0.05,,False,-1.3840342985337777,18.703564397763596,,,,,,,,,,,,,,
INDUSTRIALS,BNZL.L,SPX.L,BUNZL PLC ORD 32 1/7P,SPIRAX GROUP PLC ORD 26 12/13P,-2.950273172889149,0.0398064930113232,0.05,,False,5.351094871218357,-39.436207043544975,,,,,,,,,,,,,,
INDUSTRIALS,MRO.L,WEIR.L,MELROSE INDUSTRIES PLC ORD GBP0,WEIR PLC ORD 12.5P,-2.948397274586607,0.04000259520863114,0.05,,False,0.7223836916375409,0.6343328186878257,,,,,,,,,,,,,,
INDUSTRIALS,MGNS.L,SPX.L,MORGAN SINDALL GROUP PLC ORD 5P,SPIRAX GROUP PLC ORD 26 12/13P,-2.9400457807696907,0.04088547660534336,0.05,,False,-7.681923210442847,76.22886384923333,,,,,,,,,,,,,,
INDUSTRIALS,IMI.L,MGNS.L,IMI PLC ORD 28 4/7P,MORGAN SINDALL GROUP PLC ORD 5P,-2.877101492966319,0.048076314662979666,0.05,,False,0.9986264453945414,-0.5958183482974722,,,,,,,,,,,,,,
INDUSTRIALS,KIE.L,SMIN.L,KIER GROUP PLC ORD 1P,SMITHS GROUP PLC ORD 37.5P,-2.8341325976316982,0.05356114904509289,0.05,,False,1.2728462791409563,-4.573836633163383,,,,,,,,,,,,,,
INDUSTRIALS,BA.L,SMIN.L,BAE SYSTEMS PLC ORD 2.5P,SMITHS GROUP PLC ORD 37.5P,-2.8044884571899993,0.05763547874013396,0.05,,False,1.2925429563953765,-2.4968170734934025,,,,,,,,,,,,,,
INDUSTRIALS,MGNS.L,MRO.L,MORGAN SINDALL GROUP PLC ORD 5P,MELROSE INDUSTRIES PLC ORD GBP0,-2.728157681848145,0.06929121071974952,0.05,,False,2.236458391657827,-5.75200738331556,,,,,,,,,,,,,,
INDUSTRIALS,MGNS.L,SMIN.L,MORGAN SINDALL GROUP PLC ORD 5P,SMITHS GROUP PLC ORD 37.5P,-2.7173379655002283,0.07108579649486117,0.05,,False,1.1269463914789477,-0.3450039879143585,,,,,,,,,,,,,,
INDUSTRIALS,MRO.L,SPX.L,MELROSE INDUSTRIES PLC ORD GBP0,SPIRAX GROUP PLC ORD 26 12/13P,-2.711088792080756,0.07213900129925682,0.05,,False,1.8193720891574467,-9.809366827091614,,,,,,,,,,,,,,
INDUSTRIALS,BNZL.L,MRO.L,BUNZL PLC ORD 32 1/7P,MELROSE INDUSTRIES PLC ORD GBP0,-2.5937917240200457,0.09428719265006158,0.05,,False,-3.7767802371196346,31.605601049474714,,,,,,,,,,,,,,
INDUSTRIALS,BNZL.L,MGNS.L,BUNZL PLC ORD 32 1/7P,MORGAN SINDALL GROUP PLC ORD 5P,-2.5911298928665216,0.09484443145032573,0.05,,False,-1.1024829953445372,17.029877080753796,,,,,,,,,,,,,,
INDUSTRIALS,DPLM.L,HILS.L,DIPLOMA PLC ORD 5P,HILL & SMITH PLC ORD 25P,-2.590628932535795,0.0949495855798348,0.05,,False,1.4787916908602448,-2.790655178837353,,,,,,,,,,,,,,
INDUSTRIALS,BKG.L,SPX.L,BERKELEY GROUP HOLDINGS (THE) P,SPIRAX GROUP PLC ORD 26 12/13P,-2.5901929438159894,0.09504117435981668,0.05,,False,2.2741403667693203,-11.825385878547808,,,,,,,,,,,,,,
INDUSTRIALS,BA.L,KIE.L,BAE SYSTEMS PLC ORD 2.5P,KIER GROUP PLC ORD 1P,-2.5351751864263785,0.10714867100006104,0.05,,False,1.0065521411363627,2.194043592000215,,,,,,,,,,,,,,
INDUSTRIALS,BNZL.L,KIE.L,BUNZL PLC ORD 32 1/7P,KIER GROUP PLC ORD 1P,-2.5181807147670736,0.11111319276014903,0.05,,False,-0.9500238423993308,12.810451965985685,,,,,,,,,,,,,,
INDUSTRIALS,DPLM.L,IMI.L,DIPLOMA PLC ORD 5P,IMI PLC ORD 28 4/7P,-2.5082949900398384,0.11346908732810523,0.05,,False,0.9508548680283101,1.2116758411141966,,,,,,,,,,,,,,
INDUSTRIALS,BBY.L,SMIN.L,BALFOUR BEATTY PLC ORD 50P,SMITHS GROUP PLC ORD 37.5P,-2.4637615639006913,0.12454229022782365,0.05,,False,1.6459395624038922,-6.285280029343764,,,,,,,,,,,,,,
INDUSTRIALS,DPLM.L,MGNS.L,DIPLOMA PLC ORD 5P,MORGAN SINDALL GROUP PLC ORD 5P,-2.447094694008027,0.12888288251436592,0.05,,False,0.940502642006456,0.7201644452814202,,,,,,,,,,,,,,
INDUSTRIALS,KIE.L,MRO.L,KIER GROUP PLC ORD 1P,MELROSE INDUSTRIES PLC ORD GBP0,-2.4087038122723534,0.1392948766061966,0.05,,False,2.5711739656105714,-10.964555846175484,,,,,,,,,,,,,,
INDUSTRIALS,BKG.L,MRO.L,BERKELEY GROUP HOLDINGS (THE) P,MELROSE INDUSTRIES PLC ORD GBP0,-2.385725966988117,0.1458057440109526,0.05,,False,-1.0715818367628354,15.015871784503505,,,,,,,,,,,,,,
INDUSTRIALS,BKG.L,IMI.L,BERKELEY GROUP HOLDINGS (THE) P,IMI PLC ORD 28 4/7P,-2.3621696683479554,0.15269956784073935,0.05,,False,-0.5381456224364694,12.422424294624031,,,,,,,,,,,,,,
INDUSTRIALS,BKG.L,DPLM.L,BERKELEY GROUP HOLDINGS (THE) P,DIPLOMA PLC ORD 5P,-2.353754554698317,0.1552163150285943,0.05,,False,-0.5844509334614751,13.265734545718004,,,,,,,,,,,,,,
INDUSTRIALS,BKG.L,SMIN.L,BERKELEY GROUP HOLDINGS (THE) P,SMITHS GROUP PLC ORD 37.5P,-2.3404806818494586,0.15924421823014473,0.05,,False,-0.6441154396148114,13.223492147984892,,,,,,,,,,,,,,
INDUSTRIALS,BA.L,MRO.L,BAE SYSTEMS PLC ORD 2.5P,MELROSE INDUSTRIES PLC ORD GBP0,-2.3369337968593995,0.16033255003873736,0.05,,False,8.579059367999504,-46.46782164866012,,,,,,,,,,,,,,
INDUSTRIALS,BKG.L,MGNS.L,BERKELEY GROUP HOLDINGS (THE) P,MORGAN SINDALL GROUP PLC ORD 5P,-2.3331384584268196,0.16150274962061323,0.05,,False,-0.5518862823382431,12.863151307121225,,,,,,,,,,,,,,
INDUSTRIALS,IMI.L,SMIN.L,IMI PLC ORD 28 4/7P,SMITHS GROUP PLC ORD 37.5P,-2.3302238700307347,0.1624053460804421,0.05,,False,1.1127216550327736,-0.8431743459640622,,,,,,,,,,,,,,
INDUSTRIALS,BBY.L,MRO.L,BALFOUR BEATTY PLC ORD 50P,MELROSE INDUSTRIES PLC ORD GBP0,-2.302345042083914,0.17121276422437187,0.05,,False,6.045768682084506,-31.637519816634267,,,,,,,,,,,,,,
INDUSTRIALS,MRO.L,SMIN.L,MELROSE INDUSTRIES PLC ORD GBP0,SMITHS GROUP PLC ORD 37.5P,-2.3010805274392236,0.17161971673872783,0.05,,False,0.5385286161984151,2.152200567208487,,,,,,,,,,,,,,
INDUSTRIALS,BBY.L,MGNS.L,BALFOUR BEATTY PLC ORD 50P,MORGAN SINDALL GROUP PLC ORD 5P,-2.2779719387220316,0.17917090253485507,0.05,,False,1.5075527040896153,-6.171374771234279,,,,,,,,,,,,,,
INDUSTRIALS,IMI.L,KIE.L,IMI PLC ORD 28 4/7P,KIER GROUP PLC ORD 1P,-2.242254594653572,0.19126830346474816,0.05,,False,0.8733500919823196,3.159674543226454,,,,,,,,,,,,,,
INDUSTRIALS,BBY.L,BKG.L,BALFOUR BEATTY PLC ORD 50P,BERKELEY GROUP HOLDINGS (THE) P,-2.2240775002555213,0.19762304617378634,0.05,,False,-2.975251043347399,30.98467514815567,,,,,,,,,,,,,,
INDUSTRIALS,BA.L,WEIR.L,BAE SYSTEMS PLC ORD 2.5P,WEIR PLC ORD 12.5P,-2.1892179428736718,0.21018196904409053,0.05,,False,1.4897111094534536,-4.23201510445237,,,,,,,,,,,,,,
INDUSTRIALS,IMI.L,MRO.L,IMI PLC ORD 28 4/7P,MELROSE INDUSTRIES PLC ORD GBP0,-2.1168396150451483,0.23779744053970625,0.05,,False,2.723165984450941,-9.41588289251018,,,,,,,,,,,,,,
INDUSTRIALS,DPLM.L,MRO.L,DIPLOMA PLC ORD 5P,MELROSE INDUSTRIES PLC ORD GBP0,-2.108700463661297,0.241030524086003,0.05,,False,3.6203641658740517,-14.216621736699487,,,,,,,,,,,,,,
INDUSTRIALS,BKG.L,KIE.L,BERKELEY GROUP HOLDINGS (THE) P,KIER GROUP PLC ORD 1P,-2.085228196703273,0.25049575186403594,0.05,,False,-0.3252737128741953,9.971973238004859,,,,,,,,,,,,,,
INDUSTRIALS,MGNS.L,WEIR.L,MORGAN SINDALL GROUP PLC ORD 5P,WEIR PLC ORD 12.5P,-2.0849439133651577,0.2506116667437812,0.05,,False,1.2522035539999068,-1.4932865944415372,,,,,,,,,,,,,,
INDUSTRIALS,BKG.L,HILS.L,BERKELEY GROUP HOLDINGS (THE) P,HILL & SMITH PLC ORD 25P,-2.0564791757489407,0.262370578035866,0.05,,False,-1.0505258938997906,16.32128322603649,,,,,,,,,,,,,,
INDUSTRIALS,HILS.L,SPX.L,HILL & SMITH PLC ORD 25P,SPIRAX GROUP PLC ORD 26 12/13P,-2.0555278739427427,0.2627687373967452,0.05,,False,1.8647860052345868,-8.842481810586198,,,,,,,,,,,,,,
INDUSTRIALS,DPLM.L,KIE.L,DIPLOMA PLC ORD 5P,KIER GROUP PLC ORD 1P,-2.042730534744743,0.26815705095495757,0.05,,False,0.817803570735076,4.28150841845083,,,,,,,,,,,,,,
INDUSTRIALS,BBY.L,HILS.L,BALFOUR BEATTY PLC ORD 50P,HILL & SMITH PLC ORD 25P,-2.030179961458576,0.27349898507080805,0.05,,False,2.5012452698304486,-12.799844559504216,,,,,,,,,,,,,,
INDUSTRIALS,BA.L,BBY.L,BAE SYSTEMS PLC ORD 2.5P,BALFOUR BEATTY PLC ORD 50P,-1.9690724811121874,0.3002961600004561,0.05,,False,0.7521516593608366,2.6487950564312532,,,,,,,,,,,,,,
INDUSTRIALS,BA.L,BKG.L,BAE SYSTEMS PLC ORD 2.5P,BERKELEY GROUP HOLDINGS (THE) P,-1.9550099777246814,0.30664113204362775,0.05,,False,-2.3430283232817737,26.825562960598567,,,,,,,,,,,,,,
INDUSTRIALS,BBY.L,KIE.L,BALFOUR BEATTY PLC ORD 50P,KIER GROUP PLC ORD 1P,-1.8674002935715828,0.3475489592319798,0.05,,False,1.3058444104496474,-0.4367393295166542,,,,,,,,,,,,,,
INDUSTRIALS,BKG.L,WEIR.L,BERKELEY GROUP HOLDINGS (THE) P,WEIR PLC ORD 12.5P,-1.8354884922100538,0.3629903497625714,0.05,,False,-0.6865762022972849,13.652122386037338,,,,,,,,,,,,,,
INDUSTRIALS,KIE.L,WEIR.L,KIER GROUP PLC ORD 1P,WEIR PLC ORD 12.5P,-1.8264497490812348,0.36741142639387153,0.05,,False,1.4537806646890128,-6.179196746409234,,,,,,,,,,,,,,
INDUSTRIALS,BA.L,IMI.L,BAE SYSTEMS PLC ORD 2.5P,IMI PLC ORD 28 4/7P,-1.8193958836438875,0.37087557706432794,0.05,,False,1.166942917807709,-1.558411495862983,,,,,,,,,,,,,,
INDUSTRIALS,HILS.L,IMI.L,HILL & SMITH PLC ORD 25P,IMI PLC ORD 28 4/7P,-1.6991015919344934,0.4315754230829572,0.05,,False,0.6128512204281512,2.9381801529464573,,,,,,,,,,,,,,
INDUSTRIALS,BKG.L,BNZL.L,BERKELEY GROUP HOLDINGS (THE) P,BUNZL PLC ORD 32 1/7P,-1.6987149837994748,0.43177467720465235,0.05,,False,0.42208961791587785,4.957291469668132,,,,,,,,,,,,,,
INDUSTRIALS,SMIN.L,WEIR.L,SMITHS GROUP PLC ORD 37.5P,WEIR PLC ORD 12.5P,-1.646683085392285,0.4587708630404194,0.05,,False,1.1092822739869548,-1.004355432372682,,,,,,,,,,,,,,
INDUSTRIALS,BNZL.L,IMI.L,BUNZL PLC ORD 32 1/7P,IMI PLC ORD 28 4/7P,-1.6235366020032405,0.47087568472883456,0.05,,False,-1.1063606541742006,16.390243518386495,,,,,,,,,,,,,,
INDUSTRIALS,BA.L,DPLM.L,BAE SYSTEMS PLC ORD 2.5P,DIPLOMA PLC ORD 5P,-1.584584815563302,0.49133229106523585,0.05,,False,1.279007520245296,-3.4863830137953338,,,,,,,,,,,,,,
INDUSTRIALS,HILS.L,MGNS.L,HILL & SMITH PLC ORD 25P,MORGAN SINDALL GROUP PLC ORD 5P,-1.567093358266021,0.5000992967091181,0.05,,False,0.48645411402038297,3.614338109759511,,,,,,,,,,,,,,
INDUSTRIALS,DPLM.L,SMIN.L,DIPLOMA PLC ORD 5P,SMITHS GROUP PLC ORD 37.5P,-1.5240863373550768,0.5215643150211576,0.05,,False,1.066417272697892,0.34569892130208224,,,,,,,,,,,,,,
INDUSTRIALS,BNZL.L,DPLM.L,BUNZL PLC ORD 32 1/7P,DIPLOMA PLC ORD 5P,-1.5005313230773247,0.5332484846245371,0.05,,False,-1.2269654490214947,18.340459017133625,,,,,,,,,,,,,,
INDUSTRIALS,BBY.L,BNZL.L,BALFOUR BEATTY PLC ORD 50P,BUNZL PLC ORD 32 1/7P,-1.2904877024347197,0.6335128871389328,0.05,,False,-1.4384661407357342,17.67587433000591,,,,,,,,,,,,,,
INDUSTRIALS,IMI.L,WEIR.L,IMI PLC ORD 28 4/7P,WEIR PLC ORD 12.5P,-1.2280239374400428,0.6614258641023495,0.05,,False,1.261030060528093,-2.169482282080825,,,,,,,,,,,,,,
INDUSTRIALS,HILS.L,KIE.L,HILL & SMITH PLC ORD 25P,KIER GROUP PLC ORD 1P,-1.178518025907476,0.6827677853934438,0.05,,False,0.45936892773890464,5.267810070564975,,,,,,,,,,,,,,
INDUSTRIALS,HILS.L,SMIN.L,HILL & SMITH PLC ORD 25P,SMITHS GROUP PLC ORD 37.5P,-1.05030981027918,0.7344758517745154,0.05,,False,0.6127099612720102,2.952067530022421,,,,,,,,,,,,,,
INDUSTRIALS,BBY.L,WEIR.L,BALFOUR BEATTY PLC ORD 50P,WEIR PLC ORD 12.5P,-0.8108515476245869,0.8159137070334292,0.05,,False,1.9617501586791082,-9.00084807423871,,,,,,,,,,,,,,
INDUSTRIALS,HILS.L,WEIR.L,HILL & SMITH PLC ORD 25P,WEIR PLC ORD 12.5P,-0.8058557034807298,0.8173959445173558,0.05,,False,0.5855073616444191,3.0726257493770692,,,,,,,,,,,,,,
INDUSTRIALS,BA.L,HILS.L,BAE SYSTEMS PLC ORD 2.5P,HILL & SMITH PLC ORD 25P,-0.7859553578947758,0.8232128038649704,0.05,,False,3.143835103667201,-16.63538110408645,,,,,,,,,,,,,,
INDUSTRIALS,DPLM.L,WEIR.L,DIPLOMA PLC ORD 5P,WEIR PLC ORD 12.5P,-0.7283722764020182,0.8392629811760663,0.05,,False,1.2656652424288517,-1.3717825692155525,,,,,,,,,,,,,,
INDUSTRIALS,BNZL.L,HILS.L,BUNZL PLC ORD 32 1/7P,HILL & SMITH PLC ORD 25P,-0.6794246487844339,0.8520072803776659,0.05,,False,-3.656383213113454,35.853247750537406,,,,,,,,,,,,,,
INDUSTRIALS,HILS.L,MRO.L,HILL & SMITH PLC ORD 25P,MELROSE INDUSTRIES PLC ORD GBP0,-0.4985276443083671,0.8923034968338232,0.05,,False,0.9856456410235375,1.4586535626669077,,,,,,,,,,,,,,
INVESTMENT_TRUSTS,ATT.L,FCIT.L,ALLIANZ TECHNOLOGY TRUST PLC OR,F&C INVESTMENT TRUST PLC ORD 6.,-4.450723572193785,0.00024113597383441216,0.05,0.0008973262098344619,True,2.500436149184585,-8.050212454250847,11.151196179950231,-0.0002471826349864627,-0.06215899795631063,33.0,1.0029104596497596,2.6896257189074175,False,,0.6,0.0045944380818545546,-0.06103081694850454,0.1577771685078222,True,reversion signs agree
INVESTMENT_TRUSTS,FCIT.L,RCP.L,F&C INVESTMENT TRUST PLC ORD 6.,"""RIT Capital Partners""",-4.1200128239377,0.0008973262098344619,0.05,0.0008973262098344619,True,1.1141911687009163,-2.8036746406903728,10.541379523415204,5.048174751805891e-06,-0.06575488331676906,32.0,2.208401702323739,3.019012015804903,True,2026-10-05 00:00:00,0.8,-0.0023859447015040156,-0.21451855076939985,-0.007454869673698017,False,mixed signal
INVESTMENT_TRUSTS,FCIT.L,PCT.L,F&C INVESTMENT TRUST PLC ORD 6.,POLAR CAPITAL TECHNOLOGY TRUST ,-3.700236517140946,0.004109828543331373,0.05,0.0008973262098344619,False,0.3207204632857955,3.748259152318778,,,,,,,,,,,,,,
INVESTMENT_TRUSTS,ATT.L,RCP.L,ALLIANZ TECHNOLOGY TRUST PLC OR,"""RIT Capital Partners""",-3.614111096794498,0.005496914196965792,0.05,0.0008973262098344619,False,2.8696165128487983,-15.696860428196178,,,,,,,,,,,,,,
INVESTMENT_TRUSTS,HGT.L,SMT.L,HG CAPITAL TRUST PLC ORD 2.5P,SCOTTISH MORTGAGE INVESTMENT TR,-3.4464895277685605,0.009472525767395478,0.05,0.0008973262098344619,False,-0.6427065013179634,10.649035233466545,,,,,,,,,,,,,,
INVESTMENT_TRUSTS,PCT.L,RCP.L,POLAR CAPITAL TECHNOLOGY TRUST ,"""RIT Capital Partners""",-3.323076323606244,0.013877950925187217,0.05,0.0008973262098344619,False,3.57529387411841,-21.199015252435082,,,,,,,,,,,,,,
INVESTMENT_TRUSTS,FCIT.L,HGT.L,F&C INVESTMENT TRUST PLC ORD 6.,HG CAPITAL TRUST PLC ORD 2.5P,-3.1658214804873275,0.02205028233157382,0.05,0.0008973262098344619,False,-0.6363393537913894,9.596349999861562,,,,,,,,,,,,,,
INVESTMENT_TRUSTS,MNKS.L,RCP.L,MONKS INVESTMENT TRUST PLC ORD ,"""RIT Capital Partners""",-3.1169673810152507,0.025322742903190382,0.05,0.0008973262098344619,False,1.5245415804492441,-4.39186124795979,,,,,,,,,,,,,,
INVESTMENT_TRUSTS,3IN.L,HGT.L,3I INFRASTRUCTURE PLC ORD NPV,HG CAPITAL TRUST PLC ORD 2.5P,-2.976496357756892,0.03714840895146829,0.05,0.0008973262098344619,False,-0.2869937566116303,7.609559900140502,,,,,,,,,,,,,,
INVESTMENT_TRUSTS,3IN.L,BRWM.L,3I INFRASTRUCTURE PLC ORD NPV,BLACKROCK WORLD MINING TRUST PL,-2.9423813808197954,0.040636943182749526,0.05,0.0008973262098344619,False,0.16616042951641444,4.767822958444267,,,,,,,,,,,,,,
INVESTMENT_TRUSTS,FCIT.L,SMT.L,F&C INVESTMENT TRUST PLC ORD 6.,SCOTTISH MORTGAGE INVESTMENT TR,-2.913495420719189,0.04380102025195697,0.05,0.0008973262098344619,False,0.5040229015321983,2.1574933631734328,,,,,,,,,,,,,,
INVESTMENT_TRUSTS,JAM.L,JGGI.L,JPMORGAN AMERICAN INVESTMENT TR,JPMORGAN GLOBAL GROWTH & INCOME,-2.9094618195136563,0.04425872826905561,0.05,0.0008973262098344619,False,1.833443642891281,-4.645354982122581,,,,,,,,,,,,,,
INVESTMENT_TRUSTS,3IN.L,CTY.L,3I INFRASTRUCTURE PLC ORD NPV,CITY OF LONDON INVESTMENT TRUST,-2.8808549493243443,0.04762003146326315,0.05,0.0008973262098344619,False,0.49518759886369923,2.7752764575047437,,,,,,,,,,,,,,
INVESTMENT_TRUSTS,3IN.L,ATT.L,3I INFRASTRUCTURE PLC ORD NPV,ALLIANZ TECHNOLOGY TRUST PLC OR,-2.840185323552645,0.05275888877255512,0.05,0.0008973262098344619,False,0.20718511057660424,4.569232871787261,,,,,,,,,,,,,,
INVESTMENT_TRUSTS,3IN.L,PCT.L,3I INFRASTRUCTURE PLC ORD NPV,POLAR CAPITAL TECHNOLOGY TRUST ,-2.820273414162185,0.05543570121791176,0.05,0.0008973262098344619,False,0.16681073975415914,4.83918733919993,,,,,,,,,,,,,,
INVESTMENT_TRUSTS,HGT.L,MNKS.L,HG CAPITAL TRUST PLC ORD 2.5P,MONKS INVESTMENT TRUST PLC ORD ,-2.7916411772821395,0.05947772208654657,0.05,0.0008973262098344619,False,-1.0467031952460601,13.709143225896954,,,,,,,,,,,,,,
INVESTMENT_TRUSTS,ATT.L,SMT.L,ALLIANZ TECHNOLOGY TRUST PLC OR,SCOTTISH MORTGAGE INVESTMENT TR,-2.7766196318054437,0.06169187741858432,0.05,0.0008973262098344619,False,1.2735673553788178,-2.748171746437741,,,,,,,,,,,,,,
INVESTMENT_TRUSTS,3IN.L,MNKS.L,3I INFRASTRUCTURE PLC ORD NPV,MONKS INVESTMENT TRUST PLC ORD ,-2.757437120761125,0.06461547011775814,0.05,0.0008973262098344619,False,0.41369245610183325,2.8590137175825614,,,,,,,,,,,,,,
INVESTMENT_TRUSTS,RCP.L,SMT.L,"""RIT Capital Partners""",SCOTTISH MORTGAGE INVESTMENT TR,-2.744395615773489,0.06666587674811734,0.05,0.0008973262098344619,False,0.4306936386124357,4.603769599608359,,,,,,,,,,,,,,
INVESTMENT_TRUSTS,HGT.L,JAM.L,HG CAPITAL TRUST PLC ORD 2.5P,JPMORGAN AMERICAN INVESTMENT TR,-2.7239670386953807,0.0699819528675277,0.05,0.0008973262098344619,False,-2.4922488857713954,23.56798117816069,,,,,,,,,,,,,,
INVESTMENT_TRUSTS,3IN.L,JGGI.L,3I INFRASTRUCTURE PLC ORD NPV,JPMORGAN GLOBAL GROWTH & INCOME,-2.678533148840252,0.07782720486675176,0.05,0.0008973262098344619,False,2.420812191258135,-9.51214932212612,,,,,,,,,,,,,,
INVESTMENT_TRUSTS,3IN.L,RCP.L,3I INFRASTRUCTURE PLC ORD NPV,"""RIT Capital Partners""",-2.658583933657161,0.08148330810270882,0.05,0.0008973262098344619,False,0.6615404437405878,0.8075042832548789,,,,,,,,,,,,,,
INVESTMENT_TRUSTS,3IN.L,FCIT.L,3I INFRASTRUCTURE PLC ORD NPV,F&C INVESTMENT TRUST PLC ORD 6.,-2.6421173581362583,0.08460108487376466,0.05,0.0008973262098344619,False,0.5546366294280904,2.6939001502927766,,,,,,,,,,,,,,
INVESTMENT_TRUSTS,PCT.L,SMT.L,POLAR CAPITAL TECHNOLOGY TRUST ,SCOTTISH MORTGAGE INVESTMENT TR,-2.5845001490490667,0.09624327356164086,0.05,0.0008973262098344619,False,1.5840315235911198,-5.0470887510113975,,,,,,,,,,,,,,
INVESTMENT_TRUSTS,JGGI.L,RCP.L,JPMORGAN GLOBAL GROWTH & INCOME,"""RIT Capital Partners""",-2.5148443046620863,0.11190419486359926,0.05,0.0008973262098344619,False,0.36201886410537887,3.587905963281092,,,,,,,,,,,,,,
INVESTMENT_TRUSTS,3IN.L,SMT.L,3I INFRASTRUCTURE PLC ORD NPV,SCOTTISH MORTGAGE INVESTMENT TR,-2.4432579301250117,0.12989741850715036,0.05,0.0008973262098344619,False,0.2370860888305341,4.186496981752961,,,,,,,,,,,,,,
INVESTMENT_TRUSTS,FCIT.L,MNKS.L,F&C INVESTMENT TRUST PLC ORD 6.,MONKS INVESTMENT TRUST PLC ORD ,-2.4137004747814843,0.13790682972745238,0.05,0.0008973262098344619,False,0.7423152155006552,0.3233764417509981,,,,,,,,,,,,,,
INVESTMENT_TRUSTS,ATT.L,MNKS.L,ALLIANZ TECHNOLOGY TRUST PLC OR,MONKS INVESTMENT TRUST PLC ORD ,-2.403949205395972,0.14062487572817695,0.05,0.0008973262098344619,False,1.873821902562471,-7.3692028341392,,,,,,,,,,,,,,
INVESTMENT_TRUSTS,JGGI.L,PCT.L,JPMORGAN GLOBAL GROWTH & INCOME,POLAR CAPITAL TECHNOLOGY TRUST ,-2.3813391085249016,0.14707272141847638,0.05,0.0008973262098344619,False,0.09657463484852032,5.76248369839027,,,,,,,,,,,,,,
INVESTMENT_TRUSTS,HGT.L,JGGI.L,HG CAPITAL TRUST PLC ORD 2.5P,JPMORGAN GLOBAL GROWTH & INCOME,-2.373927954467886,0.14923065316267675,0.05,0.0008973262098344619,False,-10.74566166145879,74.31102786912298,,,,,,,,,,,,,,
INVESTMENT_TRUSTS,BRWM.L,JGGI.L,BLACKROCK WORLD MINING TRUST PL,JPMORGAN GLOBAL GROWTH & INCOME,-2.360090187933751,0.1533188360248004,0.05,0.0008973262098344619,False,14.64788282265509,-86.44029630806207,,,,,,,,,,,,,,
INVESTMENT_TRUSTS,BRWM.L,RCP.L,BLACKROCK WORLD MINING TRUST PL,"""RIT Capital Partners""",-2.335728144519237,0.16070365220452726,0.05,0.0008973262098344619,False,3.8675278147432692,-22.968716278100633,,,,,,,,,,,,,,
INVESTMENT_TRUSTS,HGT.L,PCT.L,HG CAPITAL TRUST PLC ORD 2.5P,POLAR CAPITAL TECHNOLOGY TRUST ,-2.327194833554868,0.1633470272417903,0.05,0.0008973262098344619,False,-0.3909282490675237,8.512441894488838,,,,,,,,,,,,,,
INVESTMENT_TRUSTS,ATT.L,JGGI.L,ALLIANZ TECHNOLOGY TRUST PLC OR,JPMORGAN GLOBAL GROWTH & INCOME,-2.3191471333885962,0.16586697873822015,0.05,0.0008973262098344619,False,8.012866058322476,-44.68350915018057,,,,,,,,,,,,,,
INVESTMENT_TRUSTS,ATT.L,PCT.L,ALLIANZ TECHNOLOGY TRUST PLC OR,POLAR CAPITAL TECHNOLOGY TRUST ,-2.3126523838878255,0.16791979084793784,0.05,0.0008973262098344619,False,0.8095367858701865,1.2765438378462468,,,,,,,,,,,,,,
INVESTMENT_TRUSTS,ATT.L,HGT.L,ALLIANZ TECHNOLOGY TRUST PLC OR,HG CAPITAL TRUST PLC ORD 2.5P,-2.28527560365274,0.1767608665084613,0.05,0.0008973262098344619,False,-2.0843136728558678,18.987494442579575,,,,,,,,,,,,,,
INVESTMENT_TRUSTS,BRWM.L,FCIT.L,BLACKROCK WORLD MINING TRUST PL,F&C INVESTMENT TRUST PLC ORD 6.,-2.27137988255872,0.1813647068166792,0.05,0.0008973262098344619,False,3.612632216060002,-14.038999376800007,,,,,,,,,,,,,,
INVESTMENT_TRUSTS,MNKS.L,PCT.L,MONKS INVESTMENT TRUST PLC ORD ,POLAR CAPITAL TECHNOLOGY TRUST ,-2.254217487018497,0.1871589267413738,0.05,0.0008973262098344619,False,0.42752448356012407,4.640934951593408,,,,,,,,,,,,,,
INVESTMENT_TRUSTS,JGGI.L,SMT.L,JPMORGAN GLOBAL GROWTH & INCOME,SCOTTISH MORTGAGE INVESTMENT TR,-2.2128531156867384,0.20161363396635107,0.05,0.0008973262098344619,False,0.14201699440472046,5.351456442733628,,,,,,,,,,,,,,
INVESTMENT_TRUSTS,FCIT.L,JGGI.L,F&C INVESTMENT TRUST PLC ORD 6.,JPMORGAN GLOBAL GROWTH & INCOME,-2.195111207302498,0.208024589083936,0.05,0.0008973262098344619,False,2.722469109485143,-11.593496591052196,,,,,,,,,,,,,,
INVESTMENT_TRUSTS,CTY.L,JGGI.L,CITY OF LONDON INVESTMENT TRUST,JPMORGAN GLOBAL GROWTH & INCOME,-2.193613146416485,0.20857167748899796,0.05,0.0008973262098344619,False,7.867628152303317,-43.70416167085158,,,,,,,,,,,,,,
INVESTMENT_TRUSTS,JGGI.L,MNKS.L,JPMORGAN GLOBAL GROWTH & INCOME,MONKS INVESTMENT TRUST PLC ORD ,-2.1907170584841293,0.2096318642677779,0.05,0.0008973262098344619,False,0.2502097523456057,4.538965365087373,,,,,,,,,,,,,,
INVESTMENT_TRUSTS,CTY.L,RCP.L,CITY OF LONDON INVESTMENT TRUST,"""RIT Capital Partners""",-2.1330584262347316,0.23143103296780015,0.05,0.0008973262098344619,False,1.3690112171823607,-4.225329055050824,,,,,,,,,,,,,,
INVESTMENT_TRUSTS,BRWM.L,MNKS.L,BLACKROCK WORLD MINING TRUST PL,MONKS INVESTMENT TRUST PLC ORD ,-2.1110286403302827,0.24010311697627523,0.05,0.0008973262098344619,False,2.638546840357526,-12.559825370984274,,,,,,,,,,,,,,
INVESTMENT_TRUSTS,HGT.L,RCP.L,HG CAPITAL TRUST PLC ORD 2.5P,"""RIT Capital Partners""",-2.101791094732387,0.24379500350838496,0.05,0.0008973262098344619,False,-1.8359599377654938,20.133144705635523,,,,,,,,,,,,,,
INVESTMENT_TRUSTS,3IN.L,JAM.L,3I INFRASTRUCTURE PLC ORD NPV,JPMORGAN AMERICAN INVESTMENT TR,-2.086609700853717,0.24993288428638816,0.05,0.0008973262098344619,False,0.5911233230440764,1.7123058604229424,,,,,,,,,,,,,,
INVESTMENT_TRUSTS,FCIT.L,JAM.L,F&C INVESTMENT TRUST PLC ORD 6.,JPMORGAN AMERICAN INVESTMENT TR,-2.0823253462686377,0.2516807998986285,0.05,0.0008973262098344619,False,1.2059912216303375,-2.748591443488163,,,,,,,,,,,,,,
INVESTMENT_TRUSTS,CTY.L,MNKS.L,CITY OF LONDON INVESTMENT TRUST,MONKS INVESTMENT TRUST PLC ORD ,-2.051224775610348,0.26457389882742866,0.05,0.0008973262098344619,False,0.8743714637805696,-0.11143872093905394,,,,,,,,,,,,,,
INVESTMENT_TRUSTS,CTY.L,HGT.L,CITY OF LONDON INVESTMENT TRUST,HG CAPITAL TRUST PLC ORD 2.5P,-2.032541812191866,0.2724893877827374,0.05,0.0008973262098344619,False,-0.822130578450053,11.258996135789609,,,,,,,,,,,,,,
INVESTMENT_TRUSTS,JAM.L,RCP.L,JPMORGAN AMERICAN INVESTMENT TR,"""RIT Capital Partners""",-1.9905544750308544,0.2907299280910929,0.05,0.0008973262098344619,False,0.9232131708051781,-0.04060291626377399,,,,,,,,,,,,,,
INVESTMENT_TRUSTS,CTY.L,SMT.L,CITY OF LONDON INVESTMENT TRUST,SCOTTISH MORTGAGE INVESTMENT TR,-1.938047702798653,0.31437929609548043,0.05,0.0008973262098344619,False,0.5754388789066581,2.1761569302102446,,,,,,,,,,,,,,
INVESTMENT_TRUSTS,ATT.L,CTY.L,ALLIANZ TECHNOLOGY TRUST PLC OR,CITY OF LONDON INVESTMENT TRUST,-1.8953505523214726,0.33425150905267387,0.05,0.0008973262098344619,False,2.2550105220929817,-7.82308140831841,,,,,,,,,,,,,,
INVESTMENT_TRUSTS,JAM.L,PCT.L,JPMORGAN AMERICAN INVESTMENT TR,POLAR CAPITAL TECHNOLOGY TRUST ,-1.8750111329715413,0.34390641320772464,0.05,0.0008973262098344619,False,0.23353990731635604,5.581337102643675,,,,,,,,,,,,,,
INVESTMENT_TRUSTS,BRWM.L,HGT.L,BLACKROCK WORLD MINING TRUST PL,HG CAPITAL TRUST PLC ORD 2.5P,-1.8620076662378242,0.35013943466751274,0.05,0.0008973262098344619,False,-2.7336829479545677,23.311657214282427,,,,,,,,,,,,,,
INVESTMENT_TRUSTS,ATT.L,JAM.L,ALLIANZ TECHNOLOGY TRUST PLC OR,JPMORGAN AMERICAN INVESTMENT TR,-1.8455479153741932,0.3580941821724467,0.05,0.0008973262098344619,False,3.3477859177951457,-17.242582205057346,,,,,,,,,,,,,,
INVESTMENT_TRUSTS,JAM.L,MNKS.L,JPMORGAN AMERICAN INVESTMENT TR,MONKS INVESTMENT TRUST PLC ORD ,-1.8365571091922153,0.36246900892975725,0.05,0.0008973262098344619,False,0.5866806988205631,2.75501680408511,,,,,,,,,,,,,,
INVESTMENT_TRUSTS,HGT.L,PSH.L,HG CAPITAL TRUST PLC ORD 2.5P,PERSHING SQUARE HOLDINGS LTD OR,-1.7923517430511062,0.3842653977586994,0.05,0.0008973262098344619,False,-3.4827376398603906,35.11812572641257,,,,,,,,,,,,,,
INVESTMENT_TRUSTS,BRWM.L,JAM.L,BLACKROCK WORLD MINING TRUST PL,JPMORGAN AMERICAN INVESTMENT TR,-1.789681093635105,0.3855966447438593,0.05,0.0008973262098344619,False,5.6477727052812385,-32.98103736271332,,,,,,,,,,,,,,
INVESTMENT_TRUSTS,CTY.L,PCT.L,CITY OF LONDON INVESTMENT TRUST,POLAR CAPITAL TECHNOLOGY TRUST ,-1.7655458778897208,0.397696327196963,0.05,0.0008973262098344619,False,0.35910841016071615,4.034610053860084,,,,,,,,,,,,,,
INVESTMENT_TRUSTS,CTY.L,FCIT.L,CITY OF LONDON INVESTMENT TRUST,F&C INVESTMENT TRUST PLC ORD 6.,-1.760348986832384,0.40031730259823023,0.05,0.0008973262098344619,False,1.223127412574062,-0.7488199392995236,,,,,,,,,,,,,,
INVESTMENT_TRUSTS,BRWM.L,SMT.L,BLACKROCK WORLD MINING TRUST PL,SCOTTISH MORTGAGE INVESTMENT TR,-1.7497865059660502,0.40566054178496974,0.05,0.0008973262098344619,False,1.7574725048857713,-5.8030302454911125,,,,,,,,,,,,,,
INVESTMENT_TRUSTS,3IN.L,PSH.L,3I INFRASTRUCTURE PLC ORD NPV,PERSHING SQUARE HOLDINGS LTD OR,-1.7176932953614177,0.4220201865773893,0.05,0.0008973262098344619,False,0.3576452930753914,2.8662210621881945,,,,,,,,,,,,,,
INVESTMENT_TRUSTS,JAM.L,SMT.L,JPMORGAN AMERICAN INVESTMENT TR,SCOTTISH MORTGAGE INVESTMENT TR,-1.7055454011827056,0.42825760808738667,0.05,0.0008973262098344619,False,0.36892846764126186,4.409653070383628,,,,,,,,,,,,,,
INVESTMENT_TRUSTS,BRWM.L,PSH.L,BLACKROCK WORLD MINING TRUST PL,PERSHING SQUARE HOLDINGS LTD OR,-1.6652886073136153,0.44907967784504776,0.05,0.0008973262098344619,False,4.995702520875972,-35.078038998775874,,,,,,,,,,,,,,
INVESTMENT_TRUSTS,CTY.L,JAM.L,CITY OF LONDON INVESTMENT TRUST,JPMORGAN AMERICAN INVESTMENT TR,-1.6581016408612839,0.4528186802660897,0.05,0.0008973262098344619,False,1.8176302447931763,-6.502067906381282,,,,,,,,,,,,,,
INVESTMENT_TRUSTS,BRWM.L,CTY.L,BLACKROCK WORLD MINING TRUST PL,CITY OF LONDON INVESTMENT TRUST,-1.6409699703892076,0.4617540000695412,0.05,0.0008973262098344619,False,2.857534429274817,-11.232910827797841,,,,,,,,,,,,,,
INVESTMENT_TRUSTS,MNKS.L,SMT.L,MONKS INVESTMENT TRUST PLC ORD ,SCOTTISH MORTGAGE INVESTMENT TR,-1.6080611485032479,0.47954297663473466,0.05,0.0008973262098344619,False,0.6721907366416445,2.518181136525551,,,,,,,,,,,,,,
INVESTMENT_TRUSTS,JGGI.L,PSH.L,JPMORGAN GLOBAL GROWTH & INCOME,PERSHING SQUARE HOLDINGS LTD OR,-1.5949058742502238,0.4861519449871606,0.05,0.0008973262098344619,False,0.18832935413015875,4.775912308863333,,,,,,,,,,,,,,
INVESTMENT_TRUSTS,BRWM.L,PCT.L,BLACKROCK WORLD MINING TRUST PL,POLAR CAPITAL TECHNOLOGY TRUST ,-1.548889075376835,0.5092030698209578,0.05,0.0008973262098344619,False,1.0461125018237978,0.17656545502679855,,,,,,,,,,,,,,
INVESTMENT_TRUSTS,ATT.L,BRWM.L,ALLIANZ TECHNOLOGY TRUST PLC OR,BLACKROCK WORLD MINING TRUST PL,-1.4699868482437182,0.5483027485299381,0.05,0.0008973262098344619,False,0.7523488597583502,1.278534039513242,,,,,,,,,,,,,,
INVESTMENT_TRUSTS,PCT.L,PSH.L,POLAR CAPITAL TECHNOLOGY TRUST ,PERSHING SQUARE HOLDINGS LTD OR,-1.3716963138973308,0.5957675537897192,0.05,0.0008973262098344619,False,4.426694119060361,-30.801346697917587,,,,,,,,,,,,,,
INVESTMENT_TRUSTS,MNKS.L,PSH.L,MONKS INVESTMENT TRUST PLC ORD ,PERSHING SQUARE HOLDINGS LTD OR,-1.2332081398705785,0.6591498132222153,0.05,0.0008973262098344619,False,1.1761441086999467,-2.572823352840455,,,,,,,,,,,,,,
INVESTMENT_TRUSTS,PSH.L,SMT.L,PERSHING SQUARE HOLDINGS LTD OR,SCOTTISH MORTGAGE INVESTMENT TR,-1.2033078436246223,0.672171144847601,0.05,0.0008973262098344619,False,0.4271444752903249,5.334862831021147,,,,,,,,,,,,,,
INVESTMENT_TRUSTS,ATT.L,PSH.L,ALLIANZ TECHNOLOGY TRUST PLC OR,PERSHING SQUARE HOLDINGS LTD OR,-1.1775726833489017,0.6831682167723002,0.05,0.0008973262098344619,False,3.20791808397788,-20.53581787255277,,,,,,,,,,,,,,
INVESTMENT_TRUSTS,CTY.L,PSH.L,CITY OF LONDON INVESTMENT TRUST,PERSHING SQUARE HOLDINGS LTD OR,-1.1438399566461692,0.6972763363350821,0.05,0.0008973262098344619,False,0.9881690942631247,-2.026749049858828,,,,,,,,,,,,,,
INVESTMENT_TRUSTS,JAM.L,PSH.L,JPMORGAN AMERICAN INVESTMENT TR,PERSHING SQUARE HOLDINGS LTD OR,-0.9343464749255695,0.7764513546312586,0.05,0.0008973262098344619,False,0.544419037864597,2.4558459130553354,,,,,,,,,,,,,,
INVESTMENT_TRUSTS,FCIT.L,PSH.L,F&C INVESTMENT TRUST PLC ORD 6.,PERSHING SQUARE HOLDINGS LTD OR,-0.6303917355730942,0.8639658170333457,0.05,0.0008973262098344619,False,0.7454697419123469,-0.525849252550393,,,,,,,,,,,,,,
INVESTMENT_TRUSTS,PSH.L,RCP.L,PERSHING SQUARE HOLDINGS LTD OR,"""RIT Capital Partners""",0.05830085718801698,0.9630960458921941,0.05,0.0008973262098344619,False,1.5579624564553307,-3.5373508724687817,,,,,,,,,,,,,,
MATERIALS,ANTO.L,HOC.L,ANTOFAGASTA PLC ORD 5P,HOCHSCHILD MINING PLC ORD 1P,-2.8361951174831526,0.053286659001793545,0.05,,False,0.6945159759369327,3.7509531555446776,,,,,,,,,,,,,,
MATERIALS,AAL.L,ANTO.L,ANGLO AMERICAN PLC ORD USD0.623,ANTOFAGASTA PLC ORD 5P,-2.6978251204995725,0.07441537490977905,0.05,,False,0.6308929188647859,2.9742880655324253,,,,,,,,,,,,,,
MATERIALS,CRDA.L,JMAT.L,CRODA INTERNATIONAL PLC ORD 10.,JOHNSON MATTHEY PLC ORD 147 143,-2.6901643210345485,0.07575579040559077,0.05,,False,-0.5564487395512401,12.345029302427353,,,,,,,,,,,,,,
MATERIALS,CRDA.L,FRES.L,CRODA INTERNATIONAL PLC ORD 10.,FRESNILLO PLC ORD USD0.50,-2.6366186448230593,0.0856626164655302,0.05,,False,-0.14828689580637536,9.114016465165838,,,,,,,,,,,,,,
MATERIALS,GLEN.L,RIO.L,GLENCORE PLC ORD USD0.01,RIO TINTO PLC ORD 10P,-2.6263234906639266,0.08767785974024822,0.05,,False,1.3224579096894138,-5.405631144573901,,,,,,,,,,,,,,
MATERIALS,FRES.L,JMAT.L,FRESNILLO PLC ORD USD0.50,JOHNSON MATTHEY PLC ORD 147 143,-2.580977876113203,0.09699283045188489,0.05,,False,4.341701090858927,-26.353843121651018,,,,,,,,,,,,,,
MATERIALS,AAL.L,RIO.L,ANGLO AMERICAN PLC ORD USD0.623,RIO TINTO PLC ORD 10P,-2.5124019275046905,0.11248588849289903,0.05,,False,1.1507193251484549,-2.0108208113686796,,,,,,,,,,,,,,
MATERIALS,ANTO.L,CRDA.L,ANTOFAGASTA PLC ORD 5P,CRODA INTERNATIONAL PLC ORD 10.,-2.4934641893388094,0.11707266771227182,0.05,,False,-4.74586194825013,45.882176804165915,,,,,,,,,,,,,,
MATERIALS,AAL.L,GLEN.L,ANGLO AMERICAN PLC ORD USD0.623,GLENCORE PLC ORD USD0.01,-2.4927836263652217,0.11724003420669149,0.05,,False,0.8658486526140587,2.718316556848131,,,,,,,,,,,,,,
MATERIALS,BHP.L,GLEN.L,BHP GROUP LIMITED ORD NPV (DI),GLENCORE PLC ORD USD0.01,-2.4589104567072018,0.12579454253649486,0.05,,False,0.7085490940062327,3.482760874878693,,,,,,,,,,,,,,
MATERIALS,AAL.L,BHP.L,ANGLO AMERICAN PLC ORD USD0.623,BHP GROUP LIMITED ORD NPV (DI),-2.4064826452712644,0.13991508347624776,0.05,,False,1.2439966239060407,-1.7068931608518447,,,,,,,,,,,,,,
MATERIALS,CRDA.L,HOC.L,CRODA INTERNATIONAL PLC ORD 10.,HOCHSCHILD MINING PLC ORD 1P,-2.346360807271306,0.15745114627371304,0.05,,False,-0.19802658120498512,9.175445849791295,,,,,,,,,,,,,,
MATERIALS,AAL.L,CRDA.L,ANGLO AMERICAN PLC ORD USD0.623,CRODA INTERNATIONAL PLC ORD 10.,-2.3266809784935463,0.16350714533456923,0.05,,False,-2.9586480853751334,31.635969624373146,,,,,,,,,,,,,,
MATERIALS,FRES.L,HOC.L,FRESNILLO PLC ORD USD0.50,HOCHSCHILD MINING PLC ORD 1P,-2.3253771816974758,0.1639138902511596,0.05,,False,1.5437632857701098,-1.615371903318957,,,,,,,,,,,,,,
MATERIALS,AAL.L,HOC.L,ANGLO AMERICAN PLC ORD USD0.623,HOCHSCHILD MINING PLC ORD 1P,-2.294104906600338,0.17387630618407363,0.05,,False,0.4164499849451687,5.465932678710436,,,,,,,,,,,,,,
MATERIALS,BHP.L,CRDA.L,BHP GROUP LIMITED ORD NPV (DI),CRODA INTERNATIONAL PLC ORD 10.,-2.2551554693821223,0.18683916954984692,0.05,,False,-5.090042129796038,48.5881815834208,,,,,,,,,,,,,,
MATERIALS,CRDA.L,RIO.L,CRODA INTERNATIONAL PLC ORD 10.,RIO TINTO PLC ORD 10P,-2.2383257845308933,0.1926305184841567,0.05,,False,-0.2950202053211775,10.56620057954029,,,,,,,,,,,,,,
MATERIALS,HOC.L,JMAT.L,HOCHSCHILD MINING PLC ORD 1P,JOHNSON MATTHEY PLC ORD 147 143,-2.199119587227845,0.20656515107567924,0.05,,False,3.0587154425713448,-17.933084668685503,,,,,,,,,,,,,,
MATERIALS,ANTO.L,FRES.L,ANTOFAGASTA PLC ORD 5P,FRESNILLO PLC ORD USD0.50,-2.044871897302777,0.2672512847891718,0.05,,False,0.4401837924972327,4.548357137656222,,,,,,,,,,,,,,
MATERIALS,ANTO.L,JMAT.L,ANTOFAGASTA PLC ORD 5P,JOHNSON MATTHEY PLC ORD 147 143,-2.0302938625808187,0.27345025114713717,0.05,,False,1.953034875626853,-7.376721571262619,,,,,,,,,,,,,,
MATERIALS,GLEN.L,HOC.L,GLENCORE PLC ORD USD0.01,HOCHSCHILD MINING PLC ORD 1P,-2.0046870990183305,0.2845217587484403,0.05,,False,0.36240051570650167,3.856928674751127,,,,,,,,,,,,,,
MATERIALS,BHP.L,RIO.L,BHP GROUP LIMITED ORD NPV (DI),RIO TINTO PLC ORD 10P,-1.9801130721080136,0.295360315424105,0.05,,False,0.9335301344811909,-0.31738281543783664,,,,,,,,,,,,,,
MATERIALS,HOC.L,RIO.L,HOCHSCHILD MINING PLC ORD 1P,RIO TINTO PLC ORD 10P,-1.9594999447763546,0.30460826237018823,0.05,,False,2.8987057197264257,-19.117033545936266,,,,,,,,,,,,,,
MATERIALS,CRDA.L,GLEN.L,CRODA INTERNATIONAL PLC ORD 10.,GLENCORE PLC ORD USD0.01,-1.951336191125072,0.3083093133015272,0.05,,False,0.11087734535387539,7.3744554887371745,,,,,,,,,,,,,,
MATERIALS,AAL.L,FRES.L,ANGLO AMERICAN PLC ORD USD0.623,FRESNILLO PLC ORD USD0.50,-1.781998959351287,0.38943461936385537,0.05,,False,0.2539035215277145,6.017233461777389,,,,,,,,,,,,,,
MATERIALS,ANTO.L,GLEN.L,ANTOFAGASTA PLC ORD 5P,GLENCORE PLC ORD USD0.01,-1.7437871779754104,0.4087048122417116,0.05,,False,1.512081694304871,-1.2362093035677937,,,,,,,,,,,,,,
MATERIALS,AAL.L,JMAT.L,ANGLO AMERICAN PLC ORD USD0.623,JOHNSON MATTHEY PLC ORD 147 143,-1.6681940445888501,0.4475698382557429,0.05,,False,1.203920400501451,-1.4608698888956422,,,,,,,,,,,,,,
MATERIALS,BHP.L,HOC.L,BHP GROUP LIMITED ORD NPV (DI),HOCHSCHILD MINING PLC ORD 1P,-1.597960276622218,0.48461801891415285,0.05,,False,0.29431032932520546,5.999202207515406,,,,,,,,,,,,,,
MATERIALS,FRES.L,GLEN.L,FRESNILLO PLC ORD USD0.50,GLENCORE PLC ORD USD0.01,-1.5793429201874292,0.49396137637089615,0.05,,False,5.756333973436964,-26.943866955692563,,,,,,,,,,,,,,
MATERIALS,ANTO.L,RIO.L,ANTOFAGASTA PLC ORD 5P,RIO TINTO PLC ORD 10P,-1.5345725204498624,0.5163447967130663,0.05,,False,1.8630966031924687,-8.237674556021254,,,,,,,,,,,,,,
MATERIALS,ANTO.L,BHP.L,ANTOFAGASTA PLC ORD 5P,BHP GROUP LIMITED ORD NPV (DI),-1.493330700318048,0.5368079283909484,0.05,,False,2.05773792364762,-8.081283304130569,,,,,,,,,,,,,,
MATERIALS,GLEN.L,JMAT.L,GLENCORE PLC ORD USD0.01,JOHNSON MATTHEY PLC ORD 147 143,-1.461228190190935,0.5525966539707481,0.05,,False,1.6061044781042153,-6.4975364796839745,,,,,,,,,,,,,,
MATERIALS,JMAT.L,RIO.L,JOHNSON MATTHEY PLC ORD 147 143,RIO TINTO PLC ORD 10P,-1.3929979621099164,0.5856283418116351,0.05,,False,0.9895645438611614,-0.7465460797465084,,,,,,,,,,,,,,
MATERIALS,FRES.L,RIO.L,FRESNILLO PLC ORD USD0.50,RIO TINTO PLC ORD 10P,-1.326020843163449,0.6171852797232659,0.05,,False,5.121981312254751,-36.68192509413281,,,,,,,,,,,,,,
MATERIALS,BHP.L,JMAT.L,BHP GROUP LIMITED ORD NPV (DI),JOHNSON MATTHEY PLC ORD 147 143,-1.2933053635237823,0.6322295251853169,0.05,,False,0.9066290461770816,0.6715885214922963,,,,,,,,,,,,,,
MATERIALS,BHP.L,FRES.L,BHP GROUP LIMITED ORD NPV (DI),FRESNILLO PLC ORD USD0.50,-1.1928533464399875,0.6766624413061396,0.05,,False,0.1625431896511875,6.5118809182575585,,,,,,,,,,,,,,
NL_BANKS,ABN.AS,INGA.AS,ABN AMRO BANK N.V.,ING GROEP N.V.,-3.317770037142169,0.01410260001272987,0.05,0.01410260001272987,True,1.4291069882463998,-1.1200521362325477,16.887401385459395,0.00010797415823786642,-0.041045224468743174,51.0,0.6008517579889231,2.7889860930274875,False,,0.2,-0.0020673836453617396,-0.015965144237126472,0.20852626721199496,True,mixed signal
NL_SEMI_EQUIPMENT,ASML.AS,BESI.AS,ASML HOLDING,BE Semiconductor Industries N.V,-2.323053841667725,0.16464040757338178,0.05,,False,0.9329782109262011,2.131900452503344,,,,,,,,,,,,,,
REAL_ESTATE,LMP.L,PHP.L,LONDONMETRIC PROPERTY PLC ORD 1,PRIMARY HEALTH PROPERTIES PLC O,-3.762621932731669,0.0033137474516172377,0.05,,False,1.0117043920177948,0.6383692267064003,,,,,,,,,,,,,,
REAL_ESTATE,GPE.L,LMP.L,GREAT PORTLAND ESTATES PLC ORD ,LONDONMETRIC PROPERTY PLC ORD 1,-3.4770881682281196,0.00859538865004459,0.05,,False,1.8884200951853347,-4.157620311588615,,,,,,,,,,,,,,
REAL_ESTATE,BBOX.L,LAND.L,TRITAX BIG BOX REIT PLC ORD 1P,LAND SECURITIES GROUP PLC ORD 1,-3.3129139606646825,0.014310996726716284,0.05,,False,1.1776638763901843,-2.539388119692177,,,,,,,,,,,,,,
REAL_ESTATE,BLND.L,LAND.L,BRITISH LAND COMPANY PLC ORD 25,LAND SECURITIES GROUP PLC ORD 1,-3.2190768213998604,0.018906654911727088,0.05,,False,1.252439359354275,-2.0682641141661033,,,,,,,,,,,,,,
REAL_ESTATE,GPE.L,LAND.L,GREAT PORTLAND ESTATES PLC ORD ,LAND SECURITIES GROUP PLC ORD 1,-3.183065522923703,0.02098607814501898,0.05,,False,1.4333389101455845,-3.4120894990970436,,,,,,,,,,,,,,
REAL_ESTATE,HMSO.L,LAND.L,HAMMERSON PLC ORD 5P,LAND SECURITIES GROUP PLC ORD 1,-3.100322942721736,0.026529298505839644,0.05,,False,2.161209387649894,-8.132720548130925,,,,,,,,,,,,,,
REAL_ESTATE,LAND.L,UTG.L,LAND SECURITIES GROUP PLC ORD 1,UNITE GROUP PLC ORD 25P,-3.013911232123309,0.033615531405736296,0.05,,False,-0.01743651275206483,6.515288735424564,,,,,,,,,,,,,,
REAL_ESTATE,LAND.L,SGRO.L,LAND SECURITIES GROUP PLC ORD 1,SEGRO PLC ORD 10P,-3.0061545935330973,0.034323622484249604,0.05,,False,0.45665135684685937,3.3912874452862303,,,,,,,,,,,,,,
REAL_ESTATE,LMP.L,UTG.L,LONDONMETRIC PROPERTY PLC ORD 1,UNITE GROUP PLC ORD 25P,-2.979717071860053,0.03683247832128285,0.05,,False,0.03547910174331519,5.020661973073501,,,,,,,,,,,,,,
REAL_ESTATE,GPE.L,PHP.L,GREAT PORTLAND ESTATES PLC ORD ,PRIMARY HEALTH PROPERTIES PLC O,-2.948793892812859,0.039961066382654585,0.05,,False,2.230235315367875,-4.410471972036182,,,,,,,,,,,,,,
REAL_ESTATE,BLND.L,SGRO.L,BRITISH LAND COMPANY PLC ORD 25,SEGRO PLC ORD 10P,-2.9178040680814683,0.04331645408339906,0.05,,False,0.62113116401021,1.8548300967241298,,,,,,,,,,,,,,
REAL_ESTATE,PHP.L,UTG.L,PRIMARY HEALTH PROPERTIES PLC O,UNITE GROUP PLC ORD 25P,-2.8944987093050725,0.04599147290478072,0.05,,False,0.0008244942876938277,4.55607263904181,,,,,,,,,,,,,,
REAL_ESTATE,DLN.L,LMP.L,DERWENT LONDON PLC ORD 5P,LONDONMETRIC PROPERTY PLC ORD 1,-2.8228297537826172,0.0550859725084956,0.05,,False,3.792112333171302,-12.367656018742053,,,,,,,,,,,,,,
REAL_ESTATE,BBOX.L,UTG.L,TRITAX BIG BOX REIT PLC ORD 1P,UNITE GROUP PLC ORD 25P,-2.7685034541657534,0.06291557516922477,0.05,,False,-0.061630031378560046,5.402824047594416,,,,,,,,,,,,,,
REAL_ESTATE,DLN.L,PHP.L,DERWENT LONDON PLC ORD 5P,PRIMARY HEALTH PROPERTIES PLC O,-2.7484563848742534,0.06602192819250643,0.05,,False,7.553636001533686,-26.902535089999304,,,,,,,,,,,,,,
REAL_ESTATE,HMSO.L,LMP.L,HAMMERSON PLC ORD 5P,LONDONMETRIC PROPERTY PLC ORD 1,-2.618183448520158,0.08929705146561279,0.05,,False,4.524611312460436,-18.06769544771263,,,,,,,,,,,,,,
REAL_ESTATE,PHP.L,SGRO.L,PRIMARY HEALTH PROPERTIES PLC O,SEGRO PLC ORD 10P,-2.610641885849961,0.09081769272906237,0.05,,False,0.17791613858114216,3.3888665289085327,,,,,,,,,,,,,,
REAL_ESTATE,BBOX.L,HMSO.L,TRITAX BIG BOX REIT PLC ORD 1P,HAMMERSON PLC ORD 5P,-2.5953717896397284,0.0939576023023787,0.05,,False,0.5660801020852477,1.77151391467272,,,,,,,,,,,,,,
REAL_ESTATE,BLND.L,UTG.L,BRITISH LAND COMPANY PLC ORD 25,UNITE GROUP PLC ORD 25P,-2.5516816316619835,0.10340045223209898,0.05,,False,0.0041695099917553385,5.9212533621261345,,,,,,,,,,,,,,
REAL_ESTATE,HMSO.L,UTG.L,HAMMERSON PLC ORD 5P,UNITE GROUP PLC ORD 25P,-2.5122039945595818,0.11253312785455838,0.05,,False,-0.2929921638942137,7.6217887954744405,,,,,,,,,,,,,,
REAL_ESTATE,HMSO.L,PHP.L,HAMMERSON PLC ORD 5P,PRIMARY HEALTH PROPERTIES PLC O,-2.5039835850310683,0.1145080817346169,0.05,,False,5.455786711406906,-19.185292437177623,,,,,,,,,,,,,,
REAL_ESTATE,BBOX.L,BLND.L,TRITAX BIG BOX REIT PLC ORD 1P,BRITISH LAND COMPANY PLC ORD 25,-2.494149127471817,0.11690440328978607,0.05,,False,0.917643137360492,-0.45985415404944074,,,,,,,,,,,,,,
REAL_ESTATE,DLN.L,LAND.L,DERWENT LONDON PLC ORD 5P,LAND SECURITIES GROUP PLC ORD 1,-2.4589282758206483,0.12578992606173378,0.05,,False,3.1520157140228395,-12.62281072594645,,,,,,,,,,,,,,
REAL_ESTATE,GPE.L,UTG.L,GREAT PORTLAND ESTATES PLC ORD ,UNITE GROUP PLC ORD 25P,-2.4504141565795057,0.12800976950321424,0.05,,False,0.024369171958056705,5.602950275018809,,,,,,,,,,,,,,
REAL_ESTATE,LAND.L,LMP.L,LAND SECURITIES GROUP PLC ORD 1,LONDONMETRIC PROPERTY PLC ORD 1,-2.4476167246005582,0.1287452888478663,0.05,,False,1.3493677627815646,-0.6875589922642309,,,,,,,,,,,,,,
REAL_ESTATE,LMP.L,SGRO.L,LONDONMETRIC PROPERTY PLC ORD 1,SEGRO PLC ORD 10P,-2.443301918788394,0.1298857542141545,0.05,,False,0.31161297351717143,3.1994550883949455,,,,,,,,,,,,,,
REAL_ESTATE,BLND.L,LMP.L,BRITISH LAND COMPANY PLC ORD 25,LONDONMETRIC PROPERTY PLC ORD 1,-2.4180493544336343,0.13670677895871874,0.05,,False,1.8183390919956712,-3.6035787787449802,,,,,,,,,,,,,,
REAL_ESTATE,LAND.L,PHP.L,LAND SECURITIES GROUP PLC ORD 1,PRIMARY HEALTH PROPERTIES PLC O,-2.4078723511014353,0.13952681268786993,0.05,,False,1.4923196697328742,-0.4061942024447216,,,,,,,,,,,,,,
REAL_ESTATE,BLND.L,HMSO.L,BRITISH LAND COMPANY PLC ORD 25,HAMMERSON PLC ORD 5P,-2.324680497829327,0.16413151653124947,0.05,,False,0.5351888603708078,2.8973906742614433,,,,,,,,,,,,,,
REAL_ESTATE,BBOX.L,PHP.L,TRITAX BIG BOX REIT PLC ORD 1P,PRIMARY HEALTH PROPERTIES PLC O,-2.3204002183698873,0.16547287996723975,0.05,,False,1.8778208501340008,-3.5668128594169604,,,,,,,,,,,,,,
REAL_ESTATE,BLND.L,PHP.L,BRITISH LAND COMPANY PLC ORD 25,PRIMARY HEALTH PROPERTIES PLC O,-2.2768981847791556,0.17952704073771147,0.05,,False,1.9892141871056892,-3.125170055559961,,,,,,,,,,,,,,
REAL_ESTATE,BBOX.L,GPE.L,TRITAX BIG BOX REIT PLC ORD 1P,GREAT PORTLAND ESTATES PLC ORD ,-2.2387159212051237,0.19249496949568418,0.05,,False,0.8000860656138933,0.3881717267822431,,,,,,,,,,,,,,
REAL_ESTATE,HMSO.L,SGRO.L,HAMMERSON PLC ORD 5P,SEGRO PLC ORD 10P,-2.211197699088515,0.20220646950796306,0.05,,False,0.8410908435989947,0.15768820923912052,,,,,,,,,,,,,,
REAL_ESTATE,GPE.L,HMSO.L,GREAT PORTLAND ESTATES PLC ORD ,HAMMERSON PLC ORD 5P,-2.129446172937556,0.23284014533232922,0.05,,False,0.5883265391489666,2.408555026042644,,,,,,,,,,,,,,
REAL_ESTATE,BLND.L,GPE.L,BRITISH LAND COMPANY PLC ORD 25,GREAT PORTLAND ESTATES PLC ORD ,-2.057041890734481,0.2621352145477981,0.05,,False,0.8671609983613355,0.9514002722164268,,,,,,,,,,,,,,
REAL_ESTATE,GPE.L,SGRO.L,GREAT PORTLAND ESTATES PLC ORD ,SEGRO PLC ORD 10P,-2.0309946445122913,0.27315051531599593,0.05,,False,0.5492003570950342,2.143022648196336,,,,,,,,,,,,,,
REAL_ESTATE,BBOX.L,SGRO.L,TRITAX BIG BOX REIT PLC ORD 1P,SEGRO PLC ORD 10P,-2.018280215421133,0.27861582438218857,0.05,,False,0.5498953237071791,1.3745707532002704,,,,,,,,,,,,,,
REAL_ESTATE,BBOX.L,DLN.L,TRITAX BIG BOX REIT PLC ORD 1P,DERWENT LONDON PLC ORD 5P,-1.985284292560736,0.29306246390560664,0.05,,False,0.2632929045114886,3.0101192750853194,,,,,,,,,,,,,,
REAL_ESTATE,BLND.L,DLN.L,BRITISH LAND COMPANY PLC ORD 25,DERWENT LONDON PLC ORD 5P,-1.9527458736614431,0.30766869551480036,0.05,,False,0.4766807531837997,2.348118147739818,,,,,,,,,,,,,,
REAL_ESTATE,DLN.L,GPE.L,DERWENT LONDON PLC ORD 5P,GREAT PORTLAND ESTATES PLC ORD ,-1.856027129431696,0.3530214656362341,0.05,,False,2.035191291310879,-4.17498393997515,,,,,,,,,,,,,,
REAL_ESTATE,DLN.L,HMSO.L,DERWENT LONDON PLC ORD 5P,HAMMERSON PLC ORD 5P,-1.8098534065345226,0.37558084032769384,0.05,,False,-2.164441959144687,19.893024580919782,,,,,,,,,,,,,,
REAL_ESTATE,SGRO.L,UTG.L,SEGRO PLC ORD 10P,UNITE GROUP PLC ORD 25P,-1.7776196028348876,0.39162817398140054,0.05,,False,0.12237142690167671,5.788632763155395,,,,,,,,,,,,,,
REAL_ESTATE,DLN.L,SGRO.L,DERWENT LONDON PLC ORD 5P,SEGRO PLC ORD 10P,-1.7124001394396116,0.424735142754182,0.05,,False,1.093619333546799,0.3453712255691732,,,,,,,,,,,,,,
REAL_ESTATE,BBOX.L,LMP.L,TRITAX BIG BOX REIT PLC ORD 1P,LONDONMETRIC PROPERTY PLC ORD 1,-1.64778673063688,0.45819496454671327,0.05,,False,1.6016839016950422,-3.415198938523985,,,,,,,,,,,,,,
REAL_ESTATE,DLN.L,UTG.L,DERWENT LONDON PLC ORD 5P,UNITE GROUP PLC ORD 25P,-1.6017566759659678,0.48271097465102414,0.05,,False,0.3737700334771988,5.103053122914023,,,,,,,,,,,,,,
TMT,BT-A.L,ITV.L,BT GROUP PLC ORD 5P,ITV PLC ORD 10P,-4.315504772101956,0.0004175370145094704,0.05,0.012264171601021383,True,4.846280991229003,-15.942065106709302,10.044967898933608,0.001633638328812981,-0.06900441967898484,30.0,1.4286352470281511,2.7664497898112628,False,,0.2,0.05602703996407263,-0.06011886468685468,0.7263290075054276,True,mixed signal
TMT,ITV.L,WPP.L,ITV PLC ORD 10P,WPP PLC ORD 10P,-4.279850722335527,0.0004812875272250734,0.05,0.012264171601021383,True,-0.05902337263157399,4.717052930833952,9.874034253014896,-0.00034084784905762317,-0.0701989848119377,30.0,-1.3913354464481118,2.5320162452461545,False,,0.4,-0.010958293497783874,0.052692585201319364,-0.4953672409492411,True,mixed signal
TMT,AAF.L,ITV.L,AIRTEL AFRICA PLC ORD USD0.50,ITV PLC ORD 10P,-4.220826226947803,0.0006074084946386414,0.05,0.012264171601021383,True,16.383853882294797,-66.06540743588516,10.221433864889997,0.005581537511114768,-0.06781310623560004,31.0,1.3921292414131163,2.6977019962463924,False,,0.4,0.19125420382784084,-0.07604363194102248,0.47031244147812146,True,mixed signal
TMT,ITV.L,VOD.L,ITV PLC ORD 10P,VODAFONE GROUP PLC ORD USD0.20 ,-4.209175746974255,0.0006357273100622649,0.05,0.012264171601021383,True,0.16513018906658045,3.62258358032778,10.308387648645505,-0.00032781498575304554,-0.06724108601513672,31.0,-1.26310181191026,2.9589825373520804,False,,0.4,-0.014100598035224865,0.06319052988571183,-0.47786564571576196,True,mixed signal
TMT,ITV.L,SGE.L,ITV PLC ORD 10P,THE SAGE GROUP PLC ORD 1 4/77P,-4.029152662987296,0.0012653215732962649,0.05,0.012264171601021383,True,-0.1647753619588931,5.504801061419515,10.791790521239497,-0.000299294699104932,-0.06422911741992686,32.0,-1.2236055127978194,2.5244381380484704,False,,0.4,-0.009997448905736592,0.07194623843977777,-0.351110017874416,True,mixed signal
TMT,AAF.L,WPP.L,AIRTEL AFRICA PLC ORD USD0.50,WPP PLC ORD 10P,-4.024939742455572,0.0012854047257354494,0.05,0.012264171601021383,True,-1.040213886530691,11.666967495585913,11.979526404433958,-0.00015786448931847497,-0.05786098357806466,36.0,-1.0683876456669463,3.2088303487126253,False,,0.2,0.014704574270596175,0.05043664594770547,-0.4473550394684205,True,mixed signal
TMT,AUTO.L,ITV.L,AUTOTRADER GROUP PLC ORD 1P,ITV PLC ORD 10P,-3.988789465789178,0.0014703639950818968,0.05,0.012264171601021383,True,-11.741364138439751,57.68502159454079,11.2265260379473,-0.0036111812960860456,-0.061741911809317186,34.0,-1.3764811041241196,2.7435582077499845,False,,0.4,-0.1301510297373543,0.07976850695478999,-0.3772468101200461,True,mixed signal
TMT,ITV.L,REL.L,ITV PLC ORD 10P,RELX PLC ORD 14 51/116P,-3.9786728138047636,0.0015263974449983555,0.05,0.012264171601021383,True,-0.11647272359778485,5.2991227640765075,11.163492037701053,-0.0003139358412680779,-0.062090533877667206,33.0,-1.2924237725278838,2.6212701106130667,False,,0.4,-0.010808616886565352,0.08217619291152123,-0.43066289166639193,True,mixed signal
TMT,EXPN.L,ITV.L,EXPERIAN PLC ORD USD0.10,ITV PLC ORD 10P,-3.938088285133987,0.0017717496513051786,0.05,0.012264171601021383,True,-8.659868213006998,45.845004480486125,11.475410808988931,-0.0026089690417349983,-0.06040282061335778,34.0,-1.4305475444973763,2.7260066812447614,False,,0.4,-0.09410891263463886,0.08894434450407296,-0.38281299000259095,True,mixed signal
TMT,AUTO.L,EXPN.L,AUTOTRADER GROUP PLC ORD 1P,EXPERIAN PLC ORD USD0.10,-3.857269846851736,0.002372819389795401,0.05,0.012264171601021383,True,1.5207201597165168,-5.813968139123358,11.953678237649601,3.3840767064559705e-05,-0.05798609990829365,36.0,1.55377215014,2.941052687727803,True,2026-10-01 00:00:00,0.6,0.0031508386423217106,-0.0692995855502665,0.3183863683798487,True,reversion signs agree
TMT,ITV.L,RMV.L,ITV PLC ORD 10P,RIGHTMOVE PLC ORD 0.1P,-3.8347248981697764,0.0025713600636415378,0.05,0.012264171601021383,True,-0.05867365960690519,4.7301539835010455,12.096059745994717,-0.00025611317245691147,-0.0573035513312062,36.0,-1.4641129645467668,2.8231006597541337,False,,0.4,-0.009245321628372941,0.09902036525057567,-0.41927608863113686,True,mixed signal
TMT,INF.L,ITV.L,INFORMA PLC ORD 0.1P,ITV PLC ORD 10P,-3.5579643220368693,0.0066174211481735135,0.05,0.012264171601021383,True,3.7470587651468916,-9.588119126138007,13.993467783546292,0.0009026731281882849,-0.04953362463698649,42.0,1.8287485318662018,2.7730904323168017,False,,0.4,0.029717220580467683,-0.09680333945932973,0.0991896644312491,True,mixed signal
TMT,REL.L,VOD.L,RELX PLC ORD 14 51/116P,VODAFONE GROUP PLC ORD USD0.20 ,-3.45507589142364,0.009218638565317348,0.05,0.012264171601021383,True,-0.968351852261885,12.400876397648345,18.047898727801787,-0.0001676563037961741,-0.03840597684051665,54.0,0.5021871511810542,3.046558710328742,False,,0.2,0.005062679343649448,-0.02794546765534467,0.053320413403049494,False,still diverging
TMT,REL.L,RMV.L,RELX PLC ORD 14 51/116P,RIGHTMOVE PLC ORD 0.1P,-3.363598876633047,0.012264171601021383,0.05,0.012264171601021383,True,0.8576070141785472,2.6227071373018562,20.23469875989521,-0.00031630684863373775,-0.03425537433419814,61.0,0.9100963876989329,2.6423544212374437,False,,0.4,-0.0002535305807469105,-0.004128225447904366,0.13104399631825492,False,mixed signal
TMT,AUTO.L,REL.L,AUTOTRADER GROUP PLC ORD 1P,RELX PLC ORD 14 51/116P,-3.3278707288158755,0.01367769830741944,0.05,0.012264171601021383,False,1.261612265297331,-3.675224557219834,,,,,,,,,,,,,,
TMT,VOD.L,WPP.L,VODAFONE GROUP PLC ORD USD0.20 ,WPP PLC ORD 10P,-3.0557265678636827,0.030007888363148084,0.05,0.012264171601021383,False,-0.39513566462469835,6.859151372404913,,,,,,,,,,,,,,
TMT,EXPN.L,RMV.L,EXPERIAN PLC ORD USD0.10,RIGHTMOVE PLC ORD 0.1P,-2.9431463992873184,0.040555811849188036,0.05,0.012264171601021383,False,0.6997562919717517,3.657215634793207,,,,,,,,,,,,,,
TMT,EXPN.L,REL.L,EXPERIAN PLC ORD USD0.10,RELX PLC ORD 14 51/116P,-2.825502143651051,0.054722292410811495,0.05,0.012264171601021383,False,0.8251391864328025,1.4426812604382349,,,,,,,,,,,,,,
TMT,BT-A.L,WPP.L,BT GROUP PLC ORD 5P,WPP PLC ORD 10P,-2.7210132616456724,0.07047210650768701,0.05,0.012264171601021383,False,-0.31757843257325,7.111515142415378,,,,,,,,,,,,,,
TMT,INF.L,WPP.L,INFORMA PLC ORD 0.1P,WPP PLC ORD 10P,-2.5762532609513507,0.0980052265619561,0.05,0.012264171601021383,False,-0.03434054885954055,6.941079846341499,,,,,,,,,,,,,,
TMT,AAF.L,INF.L,AIRTEL AFRICA PLC ORD USD0.50,INFORMA PLC ORD 0.1P,-2.5072244874442364,0.11372640986481625,0.05,0.012264171601021383,False,29.21937307032563,-191.37277367147277,,,,,,,,,,,,,,
TMT,AUTO.L,RMV.L,AUTOTRADER GROUP PLC ORD 1P,RIGHTMOVE PLC ORD 0.1P,-2.5039880883484957,0.11450699282679716,0.05,0.012264171601021383,False,1.0914692633982621,-0.4271326058680529,,,,,,,,,,,,,,
TMT,INF.L,REL.L,INFORMA PLC ORD 0.1P,RELX PLC ORD 14 51/116P,-2.498965935815261,0.11572612651418535,0.05,0.012264171601021383,False,-0.035975297232017374,7.022056596262703,,,,,,,,,,,,,,
TMT,INF.L,VOD.L,INFORMA PLC ORD 0.1P,VODAFONE GROUP PLC ORD USD0.20 ,-2.4733585789974204,0.12209175268727546,0.05,0.012264171601021383,False,0.07691485189310573,6.389289724613862,,,,,,,,,,,,,,
TMT,REL.L,SGE.L,RELX PLC ORD 14 51/116P,THE SAGE GROUP PLC ORD 1 4/77P,-2.457033842274848,0.12628141507205443,0.05,0.012264171601021383,False,1.2092105874369619,-0.33194892971796897,,,,,,,,,,,,,,
TMT,EXPN.L,VOD.L,EXPERIAN PLC ORD USD0.10,VODAFONE GROUP PLC ORD USD0.20 ,-2.4481867462193567,0.12859516743241206,0.05,0.012264171601021383,False,-0.7753859117493663,11.57027651288704,,,,,,,,,,,,,,
TMT,BT-A.L,INF.L,BT GROUP PLC ORD 5P,INFORMA PLC ORD 0.1P,-2.440168818865654,0.13071843827781093,0.05,0.012264171601021383,False,19.146737019215724,-123.70255993308461,,,,,,,,,,,,,,
TMT,INF.L,RMV.L,INFORMA PLC ORD 0.1P,RIGHTMOVE PLC ORD 0.1P,-2.415811911114832,0.13732325549742924,0.05,0.012264171601021383,False,0.004706316743533844,6.700364316816127,,,,,,,,,,,,,,
TMT,AUTO.L,INF.L,AUTOTRADER GROUP PLC ORD 1P,INFORMA PLC ORD 0.1P,-2.397068305003824,0.14256556823279837,0.05,0.012264171601021383,False,70.36932267126868,-467.06646827786824,,,,,,,,,,,,,,
TMT,INF.L,SGE.L,INFORMA PLC ORD 0.1P,THE SAGE GROUP PLC ORD 1 4/77P,-2.370707562042418,0.15017520879485308,0.05,0.012264171601021383,False,0.02769167938820445,6.537226854163324,,,,,,,,,,,,,,
TMT,AAF.L,BT-A.L,AIRTEL AFRICA PLC ORD USD0.50,BT GROUP PLC ORD 5P,-2.3008582334782237,0.17169132354586486,0.05,0.012264171601021383,False,3.333527098668112,-11.926344962051338,,,,,,,,,,,,,,
TMT,EXPN.L,INF.L,EXPERIAN PLC ORD USD0.10,INFORMA PLC ORD 0.1P,-2.285683247881517,0.1766269913533603,0.05,0.012264171601021383,False,12.610342796623245,-76.74234818631251,,,,,,,,,,,,,,
TMT,RMV.L,VOD.L,RIGHTMOVE PLC ORD 0.1P,VODAFONE GROUP PLC ORD USD0.20 ,-2.2363386533783456,0.19332188123955663,0.05,0.012264171601021383,False,-1.1573519779757775,11.526860771790307,,,,,,,,,,,,,,
TMT,RMV.L,SGE.L,RIGHTMOVE PLC ORD 0.1P,THE SAGE GROUP PLC ORD 1 4/77P,-2.1704502131597643,0.2171445569184957,0.05,0.012264171601021383,False,1.44230501218512,-3.670774820158031,,,,,,,,,,,,,,
TMT,AUTO.L,VOD.L,AUTOTRADER GROUP PLC ORD 1P,VODAFONE GROUP PLC ORD USD0.20 ,-2.097759710658192,0.24541638682837047,0.05,0.012264171601021383,False,-1.237441591141498,12.039765035567354,,,,,,,,,,,,,,
TMT,SGE.L,VOD.L,THE SAGE GROUP PLC ORD 1 4/77P,VODAFONE GROUP PLC ORD USD0.20 ,-2.091505865937909,0.24794382451222574,0.05,0.012264171601021383,False,-0.7789722592178201,10.432988023765205,,,,,,,,,,,,,,
TMT,EXPN.L,SGE.L,EXPERIAN PLC ORD USD0.10,THE SAGE GROUP PLC ORD 1 4/77P,-2.086060514991561,0.2501565536412328,0.05,0.012264171601021383,False,0.9864245600617718,1.2479225056189405,,,,,,,,,,,,,,
TMT,REL.L,WPP.L,RELX PLC ORD 14 51/116P,WPP PLC ORD 10P,-1.9794540316936577,0.2956538079063511,0.05,0.012264171601021383,False,0.34301048013635094,6.00181160090898,,,,,,,,,,,,,,
TMT,AUTO.L,SGE.L,AUTOTRADER GROUP PLC ORD 1P,THE SAGE GROUP PLC ORD 1 4/77P,-1.9586061650070483,0.30501240743283653,0.05,0.012264171601021383,False,1.6263149112542885,-4.797096379163805,,,,,,,,,,,,,,
TMT,AAF.L,VOD.L,AIRTEL AFRICA PLC ORD USD0.50,VODAFONE GROUP PLC ORD USD0.20 ,-1.8902416359496426,0.336665586575657,0.05,0.012264171601021383,False,2.6412468152551125,-6.428663933572223,,,,,,,,,,,,,,
TMT,AUTO.L,BT-A.L,AUTOTRADER GROUP PLC ORD 1P,BT GROUP PLC ORD 5P,-1.8308725024584795,0.3652456144823001,0.05,0.012264171601021383,False,-1.7244442997224243,15.455410538856018,,,,,,,,,,,,,,
TMT,BT-A.L,REL.L,BT GROUP PLC ORD 5P,RELX PLC ORD 14 51/116P,-1.8120689668061123,0.3744864627900911,0.05,0.012264171601021383,False,-0.7935265673704123,11.595710991025662,,,,,,,,,,,,,,
TMT,AAF.L,EXPN.L,AIRTEL AFRICA PLC ORD USD0.50,EXPERIAN PLC ORD USD0.10,-1.802920534392276,0.3790126964183434,0.05,0.012264171601021383,False,-3.999271908818275,37.80482929604745,,,,,,,,,,,,,,
TMT,BT-A.L,RMV.L,BT GROUP PLC ORD 5P,RIGHTMOVE PLC ORD 0.1P,-1.7966327346487936,0.3821347242768214,0.05,0.012264171601021383,False,-0.45924341504054134,8.099744191449448,,,,,,,,,,,,,,
TMT,BT-A.L,SGE.L,BT GROUP PLC ORD 5P,THE SAGE GROUP PLC ORD 1 4/77P,-1.7758101220135216,0.39253569211615796,0.05,0.012264171601021383,False,-1.072400949664108,12.646634922613659,,,,,,,,,,,,,,
TMT,BT-A.L,EXPN.L,BT GROUP PLC ORD 5P,EXPERIAN PLC ORD USD0.10,-1.7562290185617593,0.4023989174981843,0.05,0.012264171601021383,False,-1.0817013173228829,13.958944560729,,,,,,,,,,,,,,
TMT,AAF.L,REL.L,AIRTEL AFRICA PLC ORD USD0.50,RELX PLC ORD 14 51/116P,-1.6606635291069862,0.45148518693597656,0.05,0.012264171601021383,False,-3.118329773248125,30.56295542873566,,,,,,,,,,,,,,
TMT,BT-A.L,VOD.L,BT GROUP PLC ORD 5P,VODAFONE GROUP PLC ORD USD0.20 ,-1.6478576642256026,0.45815795459896624,0.05,0.012264171601021383,False,0.8155767802651658,1.5460860874594724,,,,,,,,,,,,,,
TMT,AAF.L,AUTO.L,AIRTEL AFRICA PLC ORD USD0.50,AUTOTRADER GROUP PLC ORD 1P,-1.625014348912558,0.470101461470186,0.05,0.012264171601021383,False,-2.325094230539729,20.518470877962027,,,,,,,,,,,,,,
TMT,EXPN.L,WPP.L,EXPERIAN PLC ORD USD0.10,WPP PLC ORD 10P,-1.5875587106977032,0.48984012497831125,0.05,0.012264171601021383,False,0.2652558637518453,6.504036777897862,,,,,,,,,,,,,,
TMT,SGE.L,WPP.L,THE SAGE GROUP PLC ORD 1 4/77P,WPP PLC ORD 10P,-1.572338540562075,0.4974721484755272,0.05,0.012264171601021383,False,0.2387272245968739,5.513553190192205,,,,,,,,,,,,,,
TMT,AUTO.L,WPP.L,AUTOTRADER GROUP PLC ORD 1P,WPP PLC ORD 10P,-1.5545231412071825,0.5063880554295045,0.05,0.012264171601021383,False,0.44238014782102514,3.837645258575249,,,,,,,,,,,,,,
TMT,AAF.L,RMV.L,AIRTEL AFRICA PLC ORD USD0.50,RIGHTMOVE PLC ORD 0.1P,-1.4952620897933944,0.5358537997611791,0.05,0.012264171601021383,False,-3.2654139191326057,26.16365475062602,,,,,,,,,,,,,,
TMT,AAF.L,SGE.L,AIRTEL AFRICA PLC ORD USD0.50,THE SAGE GROUP PLC ORD 1 4/77P,-1.4697525320387672,0.5484177619380551,0.05,0.012264171601021383,False,-4.751869714288675,38.44434533892417,,,,,,,,,,,,,,
TMT,RMV.L,WPP.L,RIGHTMOVE PLC ORD 0.1P,WPP PLC ORD 10P,-1.4526162259896196,0.556807799929563,0.05,0.012264171601021383,False,0.3188121111152911,4.4378868471964985,,,,,,,,,,,,,,
UK_HOUSEBUILDERS,BWY.L,TW.L,BELLWAY PLC ORD 12.5P,TAYLOR WIMPEY PLC ORD 1P,-2.372381637149855,0.14968367571929758,0.05,,False,0.6707702890310614,4.659478762662865,,,,,,,,,,,,,,
UK_HOUSEBUILDERS,PSN.L,TW.L,PERSIMMON PLC ORD 10P,TAYLOR WIMPEY PLC ORD 1P,-2.153584027832655,0.22352073464455513,0.05,,False,0.6177517689706666,4.233871771991859,,,,,,,,,,,,,,
UK_HOUSEBUILDERS,BWY.L,PSN.L,BELLWAY PLC ORD 12.5P,PERSIMMON PLC ORD 10P,-1.6567361561095966,0.4535297310771506,0.05,,False,1.094527925947167,2.2931754958044337e-05,,,,,,,,,,,,,,
US_AIRLINES,JBLU,UAL,JetBlue Airways Corporation,"United Airlines Holdings, Inc.",-2.8142192535466277,0.056271179737267536,0.05,,False,0.02288028158297601,1.563294094973634,,,,,,,,,,,,,,
US_AIRLINES,JBLU,LUV,JetBlue Airways Corporation,Southwest Airlines Company,-2.6462608323546406,0.08380796026550374,0.05,,False,-0.4042548720838148,3.0817641501649105,,,,,,,,,,,,,,
US_AIRLINES,ALK,JBLU,"Alaska Air Group, Inc.",JetBlue Airways Corporation,-2.6237351286826507,0.08819024786961072,0.05,,False,1.1056993860455022,2.0462981916945857,,,,,,,,,,,,,,
US_AIRLINES,AAL,JBLU,"American Airlines Group, Inc.",JetBlue Airways Corporation,-2.5144678599144217,0.11199370541447612,0.05,,False,0.9070767250519993,1.0358633972923497,,,,,,,,,,,,,,
US_AIRLINES,DAL,JBLU,"Delta Air Lines, Inc.",JetBlue Airways Corporation,-2.456384031276643,0.12645032204469758,0.05,,False,2.079053524948698,0.5850987480942478,,,,,,,,,,,,,,
US_AIRLINES,DAL,LUV,"Delta Air Lines, Inc.",Southwest Airlines Company,-2.1517424830973533,0.22422370718219425,0.05,,False,1.1093656562046443,0.15920247104580731,,,,,,,,,,,,,,
US_AIRLINES,AAL,UAL,"American Airlines Group, Inc.","United Airlines Holdings, Inc.",-1.9366723031305786,0.3150107458956568,0.05,,False,0.5034900176501722,0.30632987105824716,,,,,,,,,,,,,,
US_AIRLINES,LUV,UAL,Southwest Airlines Company,"United Airlines Holdings, Inc.",-1.7931836275459718,0.3838510461532676,0.05,,False,0.568531639878419,0.9751839589795828,,,,,,,,,,,,,,
US_AIRLINES,AAL,DAL,"American Airlines Group, Inc.","Delta Air Lines, Inc.",-1.7682378619706398,0.3963407832079041,0.05,,False,0.7819655599793404,-0.6183109000857461,,,,,,,,,,,,,,
US_AIRLINES,AAL,LUV,"American Airlines Group, Inc.",Southwest Airlines Company,-1.6149702517622537,0.4753671672422755,0.05,,False,0.8055152644350714,-0.2766490269355568,,,,,,,,,,,,,,
US_AIRLINES,DAL,UAL,"Delta Air Lines, Inc.","United Airlines Holdings, Inc.",-1.4586169745550162,0.5538746641534171,0.05,,False,0.689041645724463,0.9815340167919349,,,,,,,,,,,,,,
US_AIRLINES,AAL,ALK,"American Airlines Group, Inc.","Alaska Air Group, Inc.",-1.402283129001226,0.581181069637662,0.05,,False,0.8603735553427173,-0.7983770081587784,,,,,,,,,,,,,,
US_AIRLINES,ALK,UAL,"Alaska Air Group, Inc.","United Airlines Holdings, Inc.",-1.3521096167467948,0.6050080788498151,0.05,,False,0.49912778250468515,1.6668941428120463,,,,,,,,,,,,,,
US_AIRLINES,ALK,LUV,"Alaska Air Group, Inc.",Southwest Airlines Company,-0.672252118763532,0.8538065565165394,0.05,,False,0.9869932609835871,0.4285323676547259,,,,,,,,,,,,,,
US_AIRLINES,ALK,DAL,"Alaska Air Group, Inc.","Delta Air Lines, Inc.",-0.6417021815158558,0.8612779366401415,0.05,,False,0.7619672534818717,0.8037779925563293,,,,,,,,,,,,,,
US_ASSET_MANAGERS,BX,KKR,Blackstone Inc.,KKR & Co. Inc.,-3.57682407687813,0.0062198762554835745,0.05,,False,0.8600685327961828,0.8213370086538063,,,,,,,,,,,,,,
US_ASSET_MANAGERS,BEN,KKR,"Franklin Templeton, Inc.",KKR & Co. Inc.,-2.820427979263138,0.05541450415074172,0.05,,False,-1.1628330286044857,8.649530477069094,,,,,,,,,,,,,,
US_ASSET_MANAGERS,BEN,BX,"Franklin Templeton, Inc.",Blackstone Inc.,-2.8002124291678347,0.058243430480627426,0.05,,False,-1.8279882501546412,12.11352815918233,,,,,,,,,,,,,,
US_ASSET_MANAGERS,APO,BEN,"Apollo Global Management, Inc. ","Franklin Templeton, Inc.",-2.6438501564802683,0.08426869372603829,0.05,,False,-0.2252748804990659,5.573369233845535,,,,,,,,,,,,,,
US_ASSET_MANAGERS,BEN,BLK,"Franklin Templeton, Inc.","BlackRock, Inc.",-2.6139666301265816,0.09014486981204817,0.05,,False,2.6245044864751454,-15.011273346378932,,,,,,,,,,,,,,
US_ASSET_MANAGERS,BLK,KKR,"BlackRock, Inc.",KKR & Co. Inc.,-2.554926973061958,0.10267528605625054,0.05,,False,0.18222391015836364,6.017508548496091,,,,,,,,,,,,,,
US_ASSET_MANAGERS,APO,BX,"Apollo Global Management, Inc. ",Blackstone Inc.,-2.306669280776199,0.16982601718692147,0.05,,False,0.8799013968198552,0.5298456883035803,,,,,,,,,,,,,,
US_ASSET_MANAGERS,BLK,TROW,"BlackRock, Inc.","T. Rowe Price Group, Inc.",-2.215793074533759,0.20056349500830195,0.05,,False,1.7059684089774374,-0.911857987615921,,,,,,,,,,,,,,
US_ASSET_MANAGERS,APO,BLK,"Apollo Global Management, Inc. ","BlackRock, Inc.",-2.190639575010584,0.20966027506910034,0.05,,False,2.0146316227343837,-9.002369410653909,,,,,,,,,,,,,,
US_ASSET_MANAGERS,BEN,TROW,"Franklin Templeton, Inc.","T. Rowe Price Group, Inc.",-2.1217190297125743,0.23587142073985967,0.05,,False,5.6962776338146135,-22.97988322786908,,,,,,,,,,,,,,
US_ASSET_MANAGERS,BLK,BX,"BlackRock, Inc.",Blackstone Inc.,-1.9762491556374027,0.29708311627220285,0.05,,False,0.41314041197169343,4.848263675729477,,,,,,,,,,,,,,
US_ASSET_MANAGERS,APO,KKR,"Apollo Global Management, Inc. ",KKR & Co. Inc.,-1.791974015179846,0.38445358982518685,0.05,,False,0.7298746833436965,1.381511762851758,,,,,,,,,,,,,,
US_ASSET_MANAGERS,APO,TROW,"Apollo Global Management, Inc. ","T. Rowe Price Group, Inc.",-1.341149836570913,0.6101423842536334,0.05,,False,2.4957725427900304,-6.534773791280423,,,,,,,,,,,,,,
US_ASSET_MANAGERS,BX,TROW,Blackstone Inc.,"T. Rowe Price Group, Inc.",-0.6410234685972891,0.8614404147220037,0.05,,False,2.8599888175544073,-8.136665098399583,,,,,,,,,,,,,,
US_ASSET_MANAGERS,KKR,TROW,KKR & Co. Inc.,"T. Rowe Price Group, Inc.",-0.3185028264828161,0.9228425905203677,0.05,,False,3.895734425546054,-13.024570387274125,,,,,,,,,,,,,,
US_BANKS,FITB,USB,Fifth Third Bancorp,U.S. Bancorp,-4.156015696877876,0.0007814329318449699,0.05,,False,0.9519026221156933,0.09635751553788774,,,,,,,,,,,,,,
US_BANKS,COF,WFC,Capital One Financial Corporati,Wells Fargo & Company,-3.563080143411925,0.006507374033234831,0.05,,False,0.995010894291067,0.9571489203375796,,,,,,,,,,,,,,
US_BANKS,KEY,TFC,KeyCorp,Truist Financial Corporation,-3.5080027538316374,0.007783929370364488,0.05,,False,1.4335154407275477,-2.531438539905195,,,,,,,,,,,,,,
US_BANKS,CFG,TFC,"Citizens Financial Group, Inc.",Truist Financial Corporation,-3.497372163630664,0.008054839499535758,0.05,,False,1.992636050034756,-3.6188502091800028,,,,,,,,,,,,,,
US_BANKS,BAC,HBAN,Bank of America Corporation,Huntington Bancshares Incorpora,-3.489740324277212,0.008254527038587544,0.05,,False,1.4198384800243744,-0.052077806128826065,,,,,,,,,,,,,,
US_BANKS,KEY,RF,KeyCorp,Regions Financial Corporation,-3.458067199256168,0.009131631764756093,0.05,,False,1.1376995564883146,-0.7451456965339727,,,,,,,,,,,,,,
US_BANKS,C,HBAN,"Citigroup, Inc.",Huntington Bancshares Incorpora,-3.4415724605517073,0.009620718518131708,0.05,,False,3.666028508976,-5.5573611883579295,,,,,,,,,,,,,,
US_BANKS,CFG,PNFP,"Citizens Financial Group, Inc.","Pinnacle Financial Partners, In",-3.4155138806642804,0.01044123756147029,0.05,,False,-9.268897812862507,46.357957330720524,,,,,,,,,,,,,,
US_BANKS,CFG,KEY,"Citizens Financial Group, Inc.",KeyCorp,-3.3746684379162333,0.011853337208930472,0.05,,False,1.379928607308137,-0.07128858491175549,,,,,,,,,,,,,,
US_BANKS,HBAN,WFC,Huntington Bancshares Incorpora,Wells Fargo & Company,-3.373937715872056,0.011880075332821451,0.05,,False,0.5644416440922286,0.3052890202036882,,,,,,,,,,,,,,
US_BANKS,PNC,USB,"PNC Financial Services Group, I",U.S. Bancorp,-3.368448757449867,0.012082642842256509,0.05,,False,0.9417544652739285,1.6302894507809143,,,,,,,,,,,,,,
US_BANKS,C,PNFP,"Citigroup, Inc.","Pinnacle Financial Partners, In",-3.3678690514210152,0.012104214687728062,0.05,,False,-10.741004513335941,53.695043727036136,,,,,,,,,,,,,,
US_BANKS,C,FHN,"Citigroup, Inc.",First Horizon Corporation,-3.361947613289552,0.01232652770369483,0.05,,False,1.7628649064247146,-0.8343537795620728,,,,,,,,,,,,,,
US_BANKS,KEY,USB,KeyCorp,U.S. Bancorp,-3.357603734464857,0.012491909612877777,0.05,,False,1.171169810949999,-1.635389940681474,,,,,,,,,,,,,,
US_BANKS,JPM,PNFP,JP Morgan Chase & Co.,"Pinnacle Financial Partners, In",-3.3493031458435243,0.012813414512434142,0.05,,False,-7.8918516186329875,41.75757238130328,,,,,,,,,,,,,,
US_BANKS,BAC,PNFP,Bank of America Corporation,"Pinnacle Financial Partners, In",-3.293168136110334,0.015186634663024876,0.05,,False,-6.410592427027116,33.215909379628016,,,,,,,,,,,,,,
US_BANKS,TFC,USB,Truist Financial Corporation,U.S. Bancorp,-3.253905188508523,0.017068916910953823,0.05,,False,0.8188236369627458,0.6180579314873427,,,,,,,,,,,,,,
US_BANKS,KEY,PNC,KeyCorp,"PNC Financial Services Group, I",-3.2291811064791376,0.018356491159485566,0.05,,False,1.2436629736723408,-3.6631324111545824,,,,,,,,,,,,,,
US_BANKS,C,TFC,"Citigroup, Inc.",Truist Financial Corporation,-3.17979140227564,0.021184638561933155,0.05,,False,2.986161932888131,-6.759561591529152,,,,,,,,,,,,,,
US_BANKS,RF,TFC,Regions Financial Corporation,Truist Financial Corporation,-3.118616212580697,0.025205830161306456,0.05,,False,1.2557927777199414,-1.5542597467477801,,,,,,,,,,,,,,
US_BANKS,KEY,PNFP,KeyCorp,"Pinnacle Financial Partners, In",-3.114357053357052,0.025508785926937127,0.05,,False,-48.611001005007445,225.74086393632427,,,,,,,,,,,,,,
US_BANKS,MTB,ZION,M&T Bank Corporation,Zions Bancorporation N.A.,-3.090063247794944,0.02729734568352141,0.05,,False,0.9038020541440215,1.6547704083977157,,,,,,,,,,,,,,
US_BANKS,PNFP,RF,"Pinnacle Financial Partners, In",Regions Financial Corporation,-3.0860785237315267,0.027600741574471604,0.05,,False,-0.011368034356903478,4.621145870333522,,,,,,,,,,,,,,
US_BANKS,PNC,ZION,"PNC Financial Services Group, I",Zions Bancorporation N.A.,-3.0828467649542475,0.027848923551773628,0.05,,False,0.9504319798818353,1.4751346534144942,,,,,,,,,,,,,,
US_BANKS,HBAN,JPM,Huntington Bancshares Incorpora,JP Morgan Chase & Co.,-3.0756804611273227,0.02840607997528001,0.05,,False,0.5481409574918773,-0.3255939096935516,,,,,,,,,,,,,,
US_BANKS,C,ZION,"Citigroup, Inc.",Zions Bancorporation N.A.,-3.0102761892502516,0.033945814141227625,0.05,,False,2.4822427934240086,-5.374426534020659,,,,,,,,,,,,,,
US_BANKS,C,MTB,"Citigroup, Inc.",M&T Bank Corporation,-2.985680964952339,0.036253428813335445,0.05,,False,2.8087926067573834,-10.245242233034201,,,,,,,,,,,,,,
US_BANKS,C,KEY,"Citigroup, Inc.",KeyCorp,-2.9523976360528343,0.03958537864428746,0.05,,False,1.985417065328175,-1.2081698605436628,,,,,,,,,,,,,,
US_BANKS,C,RF,"Citigroup, Inc.",Regions Financial Corporation,-2.9156140327030333,0.043562193345375366,0.05,,False,2.3030235890490376,-2.827210314608304,,,,,,,,,,,,,,
US_BANKS,PNFP,USB,"Pinnacle Financial Partners, In",U.S. Bancorp,-2.9048026726857232,0.04479235562318087,0.05,,False,0.06600770674561751,4.332604945084988,,,,,,,,,,,,,,
US_BANKS,FITB,PNC,Fifth Third Bancorp,"PNC Financial Services Group, I",-2.8985928792309754,0.045511871324956626,0.05,,False,1.0107551300007913,-1.5513914072451795,,,,,,,,,,,,,,
US_BANKS,FHN,WFC,First Horizon Corporation,Wells Fargo & Company,-2.868280655220458,0.04916281465352252,0.05,,False,1.043938310798853,-1.4867943345687027,,,,,,,,,,,,,,
US_BANKS,PNFP,WFC,"Pinnacle Financial Partners, In",Wells Fargo & Company,-2.850025423989472,0.05147564214945635,0.05,,False,0.09414195735424212,4.181112837408203,,,,,,,,,,,,,,
US_BANKS,KEY,MTB,KeyCorp,M&T Bank Corporation,-2.8467915723282133,0.05189451463990705,0.05,,False,1.3163560525517226,-4.037321440226755,,,,,,,,,,,,,,
US_BANKS,MTB,PNC,M&T Bank Corporation,"PNC Financial Services Group, I",-2.833572042643338,0.053635949801472675,0.05,,False,0.9521645538247953,0.24558863560872712,,,,,,,,,,,,,,
US_BANKS,BAC,MTB,Bank of America Corporation,M&T Bank Corporation,-2.8235791014373097,0.05498379705554439,0.05,,False,1.1620228709284088,-2.2556845134154786,,,,,,,,,,,,,,
US_BANKS,FHN,PNFP,First Horizon Corporation,"Pinnacle Financial Partners, In",-2.822465913630534,0.05513563883409012,0.05,,False,12.136993291779163,-52.656473776981656,,,,,,,,,,,,,,
US_BANKS,BAC,FHN,Bank of America Corporation,First Horizon Corporation,-2.7739142237724015,0.06209762867382207,0.05,,False,0.7782775726138859,1.491052482635256,,,,,,,,,,,,,,
US_BANKS,C,CFG,"Citigroup, Inc.","Citizens Financial Group, Inc.",-2.7613388702403507,0.06401196403284777,0.05,,False,1.3943748904167235,-0.9342881020931015,,,,,,,,,,,,,,
US_BANKS,CFG,RF,"Citizens Financial Group, Inc.",Regions Financial Corporation,-2.743559759511386,0.0667990466777553,0.05,,False,1.5810467591223887,-1.1345941741748473,,,,,,,,,,,,,,
US_BANKS,CFG,HBAN,"Citizens Financial Group, Inc.",Huntington Bancshares Incorpora,-2.734456675513082,0.06826317892712756,0.05,,False,2.48957518764537,-2.934692259801135,,,,,,,,,,,,,,
US_BANKS,MTB,USB,M&T Bank Corporation,U.S. Bancorp,-2.7191234765457963,0.07078712905031904,0.05,,False,0.8939944026141632,1.8082681399606355,,,,,,,,,,,,,,
US_BANKS,FITB,PNFP,Fifth Third Bancorp,"Pinnacle Financial Partners, In",-2.679249644763806,0.07769832956299588,0.05,,False,6.374034512316649,-25.48676900801418,,,,,,,,,,,,,,
US_BANKS,BAC,TFC,Bank of America Corporation,Truist Financial Corporation,-2.665649611140563,0.08017332440026886,0.05,,False,1.2702976272115747,-0.9445586437391507,,,,,,,,,,,,,,
US_BANKS,FITB,KEY,Fifth Third Bancorp,KeyCorp,-2.6517224101683707,0.0827713858567013,0.05,,False,0.8107777603846731,1.4312676993628526,,,,,,,,,,,,,,
US_BANKS,FHN,HBAN,First Horizon Corporation,Huntington Bancshares Incorpora,-2.6510839173350633,0.08289204958405061,0.05,,False,1.8223479869772918,-1.9773311617783906,,,,,,,,,,,,,,
US_BANKS,USB,ZION,U.S. Bancorp,Zions Bancorporation N.A.,-2.642373986390321,0.08455179339753432,0.05,,False,1.0100250962411303,-0.16795854396801024,,,,,,,,,,,,,,
US_BANKS,BAC,C,Bank of America Corporation,"Citigroup, Inc.",-2.597062969899363,0.09360581249389077,0.05,,False,0.44673205962857615,1.836082235398102,,,,,,,,,,,,,,
US_BANKS,BAC,ZION,Bank of America Corporation,Zions Bancorporation N.A.,-2.5826298789843913,0.09664072403086787,0.05,,False,1.0361868572960355,-0.27721720814876427,,,,,,,,,,,,,,
US_BANKS,COF,PNFP,Capital One Financial Corporati,"Pinnacle Financial Partners, In",-2.5386267279679116,0.10635659994970165,0.05,,False,5.538556503312891,-20.167086300720115,,,,,,,,,,,,,,
US_BANKS,BAC,RF,Bank of America Corporation,Regions Financial Corporation,-2.535252485093866,0.10713088396724241,0.05,,False,0.9934047452494537,0.6849502045351201,,,,,,,,,,,,,,
US_BANKS,JPM,WFC,JP Morgan Chase & Co.,Wells Fargo & Company,-2.5323764599532868,0.10779417220578619,0.05,,False,1.003281959836664,1.2645224970742053,,,,,,,,,,,,,,
US_BANKS,CFG,MTB,"Citizens Financial Group, Inc.",M&T Bank Corporation,-2.529886103329642,0.10837099550587742,0.05,,False,1.8818011584700156,-5.9841498822414625,,,,,,,,,,,,,,
US_BANKS,HBAN,RF,Huntington Bancshares Incorpora,Regions Financial Corporation,-2.5284047947788735,0.10871519401160223,0.05,,False,0.7047887459481341,0.5028994798049906,,,,,,,,,,,,,,
US_BANKS,RF,ZION,Regions Financial Corporation,Zions Bancorporation N.A.,-2.49738797260133,0.11611115346386003,0.05,,False,1.0400548670720406,-0.9566432428927598,,,,,,,,,,,,,,
US_BANKS,HBAN,MTB,Huntington Bancshares Incorpora,M&T Bank Corporation,-2.477413071291296,0.12106713109686246,0.05,,False,0.8218380539371006,-1.5698937291741442,,,,,,,,,,,,,,
US_BANKS,FHN,JPM,First Horizon Corporation,JP Morgan Chase & Co.,-2.4693824390343564,0.12310272147834816,0.05,,False,1.0398162634405204,-2.798619993730623,,,,,,,,,,,,,,
US_BANKS,HBAN,KEY,Huntington Bancshares Incorpora,KeyCorp,-2.462339709584761,0.12490837942525651,0.05,,False,0.5989318166679545,1.0230295248841816,,,,,,,,,,,,,,
US_BANKS,COF,HBAN,Capital One Financial Corporati,Huntington Bancshares Incorpora,-2.448529294083763,0.12850501468083403,0.05,,False,1.7778063600853813,0.37809932303390514,,,,,,,,,,,,,,
US_BANKS,C,JPM,"Citigroup, Inc.",JP Morgan Chase & Co.,-2.435543272927779,0.13195479667669502,0.05,,False,1.8221093384427958,-5.70695609649733,,,,,,,,,,,,,,
US_BANKS,RF,USB,Regions Financial Corporation,U.S. Bancorp,-2.4052187073157243,0.14026888156951284,0.05,,False,1.0294729352697727,-0.7827005513729892,,,,,,,,,,,,,,
US_BANKS,BAC,JPM,Bank of America Corporation,JP Morgan Chase & Co.,-2.3678836048180223,0.1510069136196462,0.05,,False,0.8118219805471176,-0.7012930326716322,,,,,,,,,,,,,,
US_BANKS,C,PNC,"Citigroup, Inc.","PNC Financial Services Group, I",-2.360269938031584,0.1532652378437102,0.05,,False,2.603897602146965,-9.186192844550984,,,,,,,,,,,,,,
US_BANKS,C,USB,"Citigroup, Inc.",U.S. Bancorp,-2.3560213413130557,0.15453557068042695,0.05,,False,2.4279624881197575,-4.848193553465314,,,,,,,,,,,,,,
US_BANKS,FITB,RF,Fifth Third Bancorp,Regions Financial Corporation,-2.3517083397771854,0.15583259707661834,0.05,,False,0.9237266611374068,0.8229989381371667,,,,,,,,,,,,,,
US_BANKS,KEY,ZION,KeyCorp,Zions Bancorporation N.A.,-2.3373739524344903,0.1601972156976852,0.05,,False,1.1882468390302374,-1.8532058707676988,,,,,,,,,,,,,,
US_BANKS,CFG,USB,"Citizens Financial Group, Inc.",U.S. Bancorp,-2.327966145080288,0.16310688589887756,0.05,,False,1.630302080611608,-2.382250924380618,,,,,,,,,,,,,,
US_BANKS,CFG,ZION,"Citizens Financial Group, Inc.",Zions Bancorporation N.A.,-2.323064969331225,0.164636922701061,0.05,,False,1.677092302325118,-2.7765137951223005,,,,,,,,,,,,,,
US_BANKS,PNC,RF,"PNC Financial Services Group, I",Regions Financial Corporation,-2.3198415852289536,0.16564849309007756,0.05,,False,0.9147853556348543,2.346321925093164,,,,,,,,,,,,,,
US_BANKS,MTB,RF,M&T Bank Corporation,Regions Financial Corporation,-2.2993485654695083,0.1721781581952238,0.05,,False,0.8676683478140119,2.4902759794188563,,,,,,,,,,,,,,
US_BANKS,BAC,CFG,Bank of America Corporation,"Citizens Financial Group, Inc.",-2.2572238864108765,0.18613530787025706,0.05,,False,0.6184503603236097,1.4359175213351687,,,,,,,,,,,,,,
US_BANKS,HBAN,USB,Huntington Bancshares Incorpora,U.S. Bancorp,-2.2467236863496858,0.1897263478676875,0.05,,False,0.7101056539375814,0.01041617106535142,,,,,,,,,,,,,,
US_BANKS,HBAN,TFC,Huntington Bancshares Incorpora,Truist Financial Corporation,-2.183579702580974,0.21225896134185446,0.05,,False,0.897293746528303,-0.6383953552462307,,,,,,,,,,,,,,
US_BANKS,C,FITB,"Citigroup, Inc.",Fifth Third Bancorp,-2.1719871140075084,0.21656912751726348,0.05,,False,2.6510308584771685,-5.469399811859096,,,,,,,,,,,,,,
US_BANKS,CFG,FITB,"Citizens Financial Group, Inc.",Fifth Third Bancorp,-2.1678384340693624,0.21812457575590616,0.05,,False,1.7321204868807676,-2.6199930927581296,,,,,,,,,,,,,,
US_BANKS,PNC,PNFP,"PNC Financial Services Group, I","Pinnacle Financial Partners, In",-2.1593953335092517,0.22131113027980281,0.05,,False,2.90999447060199,-8.108189668485137,,,,,,,,,,,,,,
US_BANKS,PNC,TFC,"PNC Financial Services Group, I",Truist Financial Corporation,-2.1524427898295437,0.2239562222583768,0.05,,False,1.1477945712173334,0.9282084714043988,,,,,,,,,,,,,,
US_BANKS,JPM,TFC,JP Morgan Chase & Co.,Truist Financial Corporation,-2.1500314876854576,0.22487803842886533,0.05,,False,1.6721357377630774,-0.7025809938827967,,,,,,,,,,,,,,
US_BANKS,FITB,ZION,Fifth Third Bancorp,Zions Bancorporation N.A.,-2.132072910859676,0.23181497238794313,0.05,,False,0.9598109533433683,-0.05705655939368848,,,,,,,,,,,,,,
US_BANKS,BAC,KEY,Bank of America Corporation,KeyCorp,-2.0982452380680328,0.24522078529261265,0.05,,False,0.8635027218489234,1.3631132557045689,,,,,,,,,,,,,,
US_BANKS,FHN,TFC,First Horizon Corporation,Truist Financial Corporation,-2.092073217377921,0.24771392375222412,0.05,,False,1.6750484016076939,-3.290294916125236,,,,,,,,,,,,,,
US_BANKS,FHN,MTB,First Horizon Corporation,M&T Bank Corporation,-2.090608700556993,0.24830761986237,0.05,,False,1.4996767066571801,-4.848693244580465,,,,,,,,,,,,,,
US_BANKS,HBAN,PNC,Huntington Bancshares Incorpora,"PNC Financial Services Group, I",-2.0831815884448677,0.25133092205555396,0.05,,False,0.7711669629329598,-1.3086015464272829,,,,,,,,,,,,,,
US_BANKS,FITB,MTB,Fifth Third Bancorp,M&T Bank Corporation,-2.0434270837062654,0.26786223843057044,0.05,,False,1.0636972243640015,-1.8234054099706674,,,,,,,,,,,,,,
US_BANKS,TFC,ZION,Truist Financial Corporation,Zions Bancorporation N.A.,-2.029209070475954,0.2739145799479429,0.05,,False,0.824033110318017,0.4923942139700568,,,,,,,,,,,,,,
US_BANKS,MTB,TFC,M&T Bank Corporation,Truist Financial Corporation,-2.0288260309788857,0.2740786344207191,0.05,,False,1.0976936539970539,1.1113693872843795,,,,,,,,,,,,,,
US_BANKS,HBAN,ZION,Huntington Bancshares Incorpora,Zions Bancorporation N.A.,-2.0197467021404854,0.2779825343972804,0.05,,False,0.7349257473620896,-0.17887477741910596,,,,,,,,,,,,,,
US_BANKS,BAC,FITB,Bank of America Corporation,Fifth Third Bancorp,-1.9903367262376845,0.2908261151733369,0.05,,False,1.0869665334190006,-0.24326719176298983,,,,,,,,,,,,,,
US_BANKS,BAC,USB,Bank of America Corporation,U.S. Bancorp,-1.9624795498094996,0.30326283720554725,0.05,,False,1.0251830675165658,-0.10215612193259593,,,,,,,,,,,,,,
US_BANKS,CFG,PNC,"Citizens Financial Group, Inc.","PNC Financial Services Group, I",-1.953832154367742,0.30717548091000546,0.05,,False,1.7424356479176788,-5.263667181502699,,,,,,,,,,,,,,
US_BANKS,JPM,MTB,JP Morgan Chase & Co.,M&T Bank Corporation,-1.9532602030745692,0.3074351221624517,0.05,,False,1.5082415197511148,-2.316702271112404,,,,,,,,,,,,,,
US_BANKS,BAC,PNC,Bank of America Corporation,"PNC Financial Services Group, I",-1.94073273812571,0.31314830189636034,0.05,,False,1.0973550161900332,-1.9227620266122578,,,,,,,,,,,,,,
US_BANKS,FITB,HBAN,Fifth Third Bancorp,Huntington Bancshares Incorpora,-1.839341059118788,0.36111217018661845,0.05,,False,1.3345380444158284,0.09868388653816496,,,,,,,,,,,,,,
US_BANKS,FITB,TFC,Fifth Third Bancorp,Truist Financial Corporation,-1.8168574725730051,0.3721251244082654,0.05,,False,1.1605744699606673,-0.6148329232497804,,,,,,,,,,,,,,
US_BANKS,JPM,RF,JP Morgan Chase & Co.,Regions Financial Corporation,-1.7993773844609366,0.38077084872675393,0.05,,False,1.254973772881674,1.6087350720771632,,,,,,,,,,,,,,
US_BANKS,C,WFC,"Citigroup, Inc.",Wells Fargo & Company,-1.7761092679941166,0.392385612795324,0.05,,False,1.9416798215160629,-3.8904841835436352,,,,,,,,,,,,,,
US_BANKS,JPM,ZION,JP Morgan Chase & Co.,Zions Bancorporation N.A.,-1.7242105599921813,0.4186836101674167,0.05,,False,1.334947774233355,0.2906608510803892,,,,,,,,,,,,,,
US_BANKS,FHN,RF,First Horizon Corporation,Regions Financial Corporation,-1.703025687122292,0.4295542299783097,0.05,,False,1.2907262201768386,-1.0809426943248606,,,,,,,,,,,,,,
US_BANKS,MTB,WFC,M&T Bank Corporation,Wells Fargo & Company,-1.7028765887909545,0.42963098456396676,0.05,,False,0.6615484360917556,2.390111957009294,,,,,,,,,,,,,,
US_BANKS,PNFP,ZION,"Pinnacle Financial Partners, In",Zions Bancorporation N.A.,-1.6832393827249734,0.43976808104552834,0.05,,False,0.44125059319478627,2.839746730154681,,,,,,,,,,,,,,
US_BANKS,TFC,WFC,Truist Financial Corporation,Wells Fargo & Company,-1.6576803029114195,0.4530380621121631,0.05,,False,0.5854552831504397,1.2388413916056091,,,,,,,,,,,,,,
US_BANKS,CFG,FHN,"Citizens Financial Group, Inc.",First Horizon Corporation,-1.6052486315868681,0.4809564223489819,0.05,,False,1.2687857245935448,0.05814341261033373,,,,,,,,,,,,,,
US_BANKS,WFC,ZION,Wells Fargo & Company,Zions Bancorporation N.A.,-1.5115119435942432,0.5278090532781982,0.05,,False,1.3465075620315083,-1.0336789195783282,,,,,,,,,,,,,,
US_BANKS,JPM,KEY,JP Morgan Chase & Co.,KeyCorp,-1.5003200973269917,0.5333529853999135,0.05,,False,1.0795543129242857,2.497674882696749,,,,,,,,,,,,,,
US_BANKS,COF,JPM,Capital One Financial Corporati,JP Morgan Chase & Co.,-1.486709129377774,0.5400755981592659,0.05,,False,0.9912000789908174,-0.29385160062184035,,,,,,,,,,,,,,
US_BANKS,C,COF,"Citigroup, Inc.",Capital One Financial Corporati,-1.4767047417586159,0.5450020918524958,0.05,,False,2.147069838208512,-6.781273150549379,,,,,,,,,,,,,,
US_BANKS,FHN,ZION,First Horizon Corporation,Zions Bancorporation N.A.,-1.4483847722553653,0.5588728479431304,0.05,,False,1.344781414053159,-2.3250244348545865,,,,,,,,,,,,,,
US_BANKS,FITB,JPM,Fifth Third Bancorp,JP Morgan Chase & Co.,-1.4225796479975772,0.5714045676725082,0.05,,False,0.6891997364746307,-0.10007599606741913,,,,,,,,,,,,,,
US_BANKS,FHN,KEY,First Horizon Corporation,KeyCorp,-1.3610924545382201,0.6007803151344542,0.05,,False,1.1197355047851447,-0.19351718785429162,,,,,,,,,,,,,,
US_BANKS,FHN,USB,First Horizon Corporation,U.S. Bancorp,-1.3569071459574136,0.6027522903321398,0.05,,False,1.3527086973343843,-2.182829143238203,,,,,,,,,,,,,,
US_BANKS,RF,WFC,Regions Financial Corporation,Wells Fargo & Company,-1.3209360524375158,0.6195404512883756,0.05,,False,0.7863775824885969,-0.21818413239851786,,,,,,,,,,,,,,
US_BANKS,CFG,JPM,"Citizens Financial Group, Inc.",JP Morgan Chase & Co.,-1.2829023204018364,0.6369577720605617,0.05,,False,1.3358887986003327,-3.5851070493032124,,,,,,,,,,,,,,
US_BANKS,KEY,WFC,KeyCorp,Wells Fargo & Company,-1.274704636755006,0.6406640705300148,0.05,,False,0.9233109604286539,-1.1163617914272073,,,,,,,,,,,,,,
US_BANKS,JPM,PNC,JP Morgan Chase & Co.,"PNC Financial Services Group, I",-1.2535024130351924,0.6501676888797229,0.05,,False,1.4330764861524017,-1.9304984289234843,,,,,,,,,,,,,,
US_BANKS,FHN,PNC,First Horizon Corporation,"PNC Financial Services Group, I",-1.2145850306150436,0.6672903424466583,0.05,,False,1.4389989972131536,-4.538287240443193,,,,,,,,,,,,,,
US_BANKS,BAC,WFC,Bank of America Corporation,Wells Fargo & Company,-1.2091213218330807,0.6696596929778994,0.05,,False,0.8074174883745371,0.3556196666571392,,,,,,,,,,,,,,
US_BANKS,COF,TFC,Capital One Financial Corporati,Truist Financial Corporation,-1.1896126464331644,0.6780480516723508,0.05,,False,1.8540316622574837,-1.7279549115994648,,,,,,,,,,,,,,
US_BANKS,CFG,WFC,"Citizens Financial Group, Inc.",Wells Fargo & Company,-1.168368078303362,0.6870528558820859,0.05,,False,1.3855244712077683,-2.090102748689914,,,,,,,,,,,,,,
US_BANKS,FHN,FITB,First Horizon Corporation,Fifth Third Bancorp,-1.1660533117986764,0.6880256661574161,0.05,,False,1.4601787614616644,-2.4660620479246096,,,,,,,,,,,,,,
US_BANKS,JPM,USB,JP Morgan Chase & Co.,U.S. Bancorp,-1.160849138331555,0.690206737088787,0.05,,False,1.3308570477442632,0.4775935067834025,,,,,,,,,,,,,,
US_BANKS,FITB,WFC,Fifth Third Bancorp,Wells Fargo & Company,-1.0952735939612694,0.7169530560420384,0.05,,False,0.6672353309850051,0.8754325432275678,,,,,,,,,,,,,,
US_BANKS,COF,FHN,Capital One Financial Corporati,First Horizon Corporation,-1.069826388935252,0.7269536110867774,0.05,,False,0.9482501438723544,2.3888792514752764,,,,,,,,,,,,,,
US_BANKS,MTB,PNFP,M&T Bank Corporation,"Pinnacle Financial Partners, In",-1.0623644194730468,0.7298449080905682,0.05,,False,1.3643349903918687,-1.025777900950584,,,,,,,,,,,,,,
US_BANKS,BAC,COF,Bank of America Corporation,Capital One Financial Corporati,-0.9856519280415319,0.758461393040482,0.05,,False,0.7936746598805301,-0.32805079122598,,,,,,,,,,,,,,
US_BANKS,HBAN,PNFP,Huntington Bancshares Incorpora,"Pinnacle Financial Partners, In",-0.9661764124549534,0.7653999694519846,0.05,,False,0.7202918022700482,-0.5743665532434692,,,,,,,,,,,,,,
US_BANKS,COF,MTB,Capital One Financial Corporati,M&T Bank Corporation,-0.9019277496013213,0.7873369191494446,0.05,,False,1.6118093782893705,-3.2012462276054823,,,,,,,,,,,,,,
US_BANKS,CFG,COF,"Citizens Financial Group, Inc.",Capital One Financial Corporati,-0.8959859588473268,0.7892914246633025,0.05,,False,1.4948046483554753,-3.9579616963649866,,,,,,,,,,,,,,
US_BANKS,USB,WFC,U.S. Bancorp,Wells Fargo & Company,-0.8409583399128123,0.8067939035898561,0.05,,False,0.738385453878855,0.6577314480104324,,,,,,,,,,,,,,
US_BANKS,PNC,WFC,"PNC Financial Services Group, I",Wells Fargo & Company,-0.8286319701485511,0.8105666452027569,0.05,,False,0.681477902156445,2.309381125629236,,,,,,,,,,,,,,
US_BANKS,COF,ZION,Capital One Financial Corporati,Zions Bancorporation N.A.,-0.579111284449766,0.8756325091984202,0.05,,False,1.4081862733227712,-0.3419367014026049,,,,,,,,,,,,,,
US_BANKS,PNFP,TFC,"Pinnacle Financial Partners, In",Truist Financial Corporation,-0.5503260810190678,0.8818159866750617,0.05,,False,1.5103059678457045,-1.0815874030263215,,,,,,,,,,,,,,
US_BANKS,COF,RF,Capital One Financial Corporati,Regions Financial Corporation,-0.4645466809770861,0.8987512732813403,0.05,,False,1.3070820629783035,1.1013171148125789,,,,,,,,,,,,,,
US_BANKS,COF,KEY,Capital One Financial Corporati,KeyCorp,-0.4501798972716599,0.9013774160460177,0.05,,False,1.09198323409511,2.1194063540588486,,,,,,,,,,,,,,
US_BANKS,COF,FITB,Capital One Financial Corporati,Fifth Third Bancorp,-0.24717455275882597,0.93265992703651,0.05,,False,1.639897786999391,-0.9042650725862602,,,,,,,,,,,,,,
US_BANKS,COF,PNC,Capital One Financial Corporati,"PNC Financial Services Group, I",-0.03207019848089252,0.9557981705727013,0.05,,False,1.5725244152981515,-3.0033691629579273,,,,,,,,,,,,,,
US_BANKS,COF,USB,Capital One Financial Corporati,U.S. Bancorp,-0.011624378612821794,0.9575601353671997,0.05,,False,1.448208940738567,-0.31445183967917156,,,,,,,,,,,,,,
US_DEFENSE_AEROSPACE,LHX,NOC,"L3Harris Technologies, Inc.",Northrop Grumman Corporation,-2.7213224928769786,0.07042066469559766,0.05,,False,1.3511040926723543,-2.9252426681173196,,,,,,,,,,,,,,
US_DEFENSE_AEROSPACE,GD,RTX,General Dynamics Corporation,RTX Corporation,-2.6178665221265014,0.08936055699961787,0.05,,False,0.5363210775995727,3.037832181154369,,,,,,,,,,,,,,
US_DEFENSE_AEROSPACE,LHX,RTX,"L3Harris Technologies, Inc.",RTX Corporation,-2.3178384920437693,0.16627922923147642,0.05,,False,0.8434746074481674,1.3531916641539432,,,,,,,,,,,,,,
US_DEFENSE_AEROSPACE,GD,LHX,General Dynamics Corporation,"L3Harris Technologies, Inc.",-1.895350282081721,0.3342516365477468,0.05,,False,0.6538337068566002,2.0775181396130655,,,,,,,,,,,,,,
US_DEFENSE_AEROSPACE,LMT,NOC,Lockheed Martin Corporation,Northrop Grumman Corporation,-1.732812302708655,0.41429078257039775,0.05,,False,0.8140442333774222,1.0909673854843325,,,,,,,,,,,,,,
US_DEFENSE_AEROSPACE,LHX,LMT,"L3Harris Technologies, Inc.",Lockheed Martin Corporation,-1.7164752501472496,0.42264454655621153,0.05,,False,1.884919102031812,-6.131959154747469,,,,,,,,,,,,,,
US_DEFENSE_AEROSPACE,LMT,RTX,Lockheed Martin Corporation,RTX Corporation,-1.4874696629260775,0.539700560430449,0.05,,False,0.31975183216761854,4.607187086157826,,,,,,,,,,,,,,
US_DEFENSE_AEROSPACE,NOC,RTX,Northrop Grumman Corporation,RTX Corporation,-1.3270736938600403,0.6166968627644154,0.05,,False,0.6107019966162972,3.234266229518804,,,,,,,,,,,,,,
US_DEFENSE_AEROSPACE,GD,LMT,General Dynamics Corporation,Lockheed Martin Corporation,-1.2837565939514797,0.6365705415572159,0.05,,False,1.0107834703782774,-0.5576943891715089,,,,,,,,,,,,,,
US_DEFENSE_AEROSPACE,GD,NOC,General Dynamics Corporation,Northrop Grumman Corporation,-1.0598034548768342,0.7308328665632198,0.05,,False,0.8605824553975684,0.30807236074905475,,,,,,,,,,,,,,
US_GOLD_MINERS,AEM,KGC,Agnico Eagle Mines Limited,Kinross Gold Corporation,-3.0803923068741743,0.02803868708489547,0.05,,False,0.7462582810362127,2.7125728586475417,,,,,,,,,,,,,,
US_GOLD_MINERS,AU,KGC,AngloGold Ashanti PLC,Kinross Gold Corporation,-3.054933869025459,0.030073081834042847,0.05,,False,1.1267426142832566,0.6816956660644631,,,,,,,,,,,,,,
US_GOLD_MINERS,AEM,AU,Agnico Eagle Mines Limited,AngloGold Ashanti PLC,-2.745735396305462,0.06645286393200288,0.05,,False,0.6602204546037607,2.2691765918909375,,,,,,,,,,,,,,
US_GOLD_MINERS,AU,NEM,AngloGold Ashanti PLC,Newmont Corporation,-2.3109191067395862,0.16847052243321825,0.05,,False,1.4250220032276895,-2.1105829281016373,,,,,,,,,,,,,,
US_GOLD_MINERS,KGC,NEM,Kinross Gold Corporation,Newmont Corporation,-1.837711510644702,0.3619061401148349,0.05,,False,1.2674763582138915,-2.4897207543571103,,,,,,,,,,,,,,
US_GOLD_MINERS,AEM,NEM,Agnico Eagle Mines Limited,Newmont Corporation,-1.6390241000771073,0.46277077435770636,0.05,,False,0.9362348706911175,0.8949995854983417,,,,,,,,,,,,,,
US_GOLD_MINERS,GOLD,NEM,"Gold.com, Inc.",Newmont Corporation,-1.4808237381524,0.5429753375067045,0.05,,False,0.6041646442878339,0.878747614624634,,,,,,,,,,,,,,
US_GOLD_MINERS,AEM,GOLD,Agnico Eagle Mines Limited,"Gold.com, Inc.",-1.328332583625028,0.6161125250935663,0.05,,False,1.8230269944159492,-1.399956341557072,,,,,,,,,,,,,,
US_GOLD_MINERS,AU,GOLD,AngloGold Ashanti PLC,"Gold.com, Inc.",-1.2326300696758234,0.6594039828662399,0.05,,False,3.4959522327609616,-8.065363747304271,,,,,,,,,,,,,,
US_GOLD_MINERS,GOLD,KGC,"Gold.com, Inc.",Kinross Gold Corporation,-1.2313282111720036,0.659976047362111,0.05,,False,0.31524107416299885,2.522013120252524,,,,,,,,,,,,,,
US_HOMEBUILDERS,LEN,NVR,Lennar Corporation,"NVR, Inc.",-3.5774620065404967,0.006206815606093751,0.05,,False,1.7381458982883302,-10.756817612908671,,,,,,,,,,,,,,
US_HOMEBUILDERS,DHI,PHM,"D.R. Horton, Inc.","PulteGroup, Inc.",-2.769703385301491,0.06273343713815276,0.05,,False,1.2280719178574577,-0.8663855347841265,,,,,,,,,,,,,,
US_HOMEBUILDERS,KBH,MTH,KB Home,Meritage Homes Corporation,-2.451627636007857,0.1276916619123813,0.05,,False,1.1777640328575962,-0.935667779976419,,,,,,,,,,,,,,
US_HOMEBUILDERS,PHM,TOL,"PulteGroup, Inc.","Toll Brothers, Inc.",-2.4198271522183106,0.1362183579247655,0.05,,False,0.771426901194335,1.0147083098030811,,,,,,,,,,,,,,
US_HOMEBUILDERS,KBH,NVR,KB Home,"NVR, Inc.",-2.1329646163482185,0.23146756339440933,0.05,,False,1.3291948777007965,-7.76983762231855,,,,,,,,,,,,,,
US_HOMEBUILDERS,LEN,PHM,Lennar Corporation,"PulteGroup, Inc.",-1.9379879770506703,0.3144067040249646,0.05,,False,3.7082510231904453,-12.923706746763136,,,,,,,,,,,,,,
US_HOMEBUILDERS,KBH,PHM,KB Home,"PulteGroup, Inc.",-1.8280469415288534,0.3666287291748853,0.05,,False,1.8995123309852735,-4.955220784273082,,,,,,,,,,,,,,
US_HOMEBUILDERS,DHI,KBH,"D.R. Horton, Inc.",KB Home,-1.817722965705839,0.37169890745234396,0.05,,False,0.7653154346295391,1.8481737879445905,,,,,,,,,,,,,,
US_HOMEBUILDERS,DHI,MTH,"D.R. Horton, Inc.",Meritage Homes Corporation,-1.780121364523711,0.3903745828569752,0.05,,False,0.9439343668433144,0.9494491981137791,,,,,,,,,,,,,,
US_HOMEBUILDERS,MTH,PHM,Meritage Homes Corporation,"PulteGroup, Inc.",-1.675088320034837,0.4439912584320436,0.05,,False,1.449245723856776,-2.631656997794784,,,,,,,,,,,,,,
US_HOMEBUILDERS,DHI,TOL,"D.R. Horton, Inc.","Toll Brothers, Inc.",-1.5948458926124145,0.4861820641982636,0.05,,False,0.9418798162354256,0.4065076448856395,,,,,,,,,,,,,,
US_HOMEBUILDERS,KBH,LEN,KB Home,Lennar Corporation,-1.5335076402474408,0.5168753050192549,0.05,,False,0.7500016477870589,0.526576363128707,,,,,,,,,,,,,,
US_HOMEBUILDERS,DHI,LEN,"D.R. Horton, Inc.",Lennar Corporation,-1.5048273439539157,0.5311219835690306,0.05,,False,0.48325964798596166,2.6855122175587636,,,,,,,,,,,,,,
US_HOMEBUILDERS,LEN,TOL,Lennar Corporation,"Toll Brothers, Inc.",-1.4671119676594555,0.5497133461655266,0.05,,False,3.773405642214977,-13.611438335662095,,,,,,,,,,,,,,
US_HOMEBUILDERS,MTH,TOL,Meritage Homes Corporation,"Toll Brothers, Inc.",-1.3840552776176345,0.5898958998455542,0.05,,False,0.994037565340005,-0.556730531280432,,,,,,,,,,,,,,
US_HOMEBUILDERS,MTH,NVR,Meritage Homes Corporation,"NVR, Inc.",-1.3273243958288967,0.6165805241038677,0.05,,False,1.1305191349941401,-5.820052255759929,,,,,,,,,,,,,,
US_HOMEBUILDERS,LEN,MTH,Lennar Corporation,Meritage Homes Corporation,-1.2840940667919665,0.6364175180383378,0.05,,False,1.6362579017970516,-2.232411421311716,,,,,,,,,,,,,,
US_HOMEBUILDERS,NVR,PHM,"NVR, Inc.","PulteGroup, Inc.",-1.277981888185345,0.6391844689337436,0.05,,False,1.3349902526757342,2.566868986262085,,,,,,,,,,,,,,
US_HOMEBUILDERS,KBH,TOL,KB Home,"Toll Brothers, Inc.",-1.2274530167232915,0.6616760534215727,0.05,,False,1.3748683345666513,-2.5866645369844585,,,,,,,,,,,,,,
US_HOMEBUILDERS,DHI,NVR,"D.R. Horton, Inc.","NVR, Inc.",-0.9088736540883634,0.785036151549462,0.05,,False,1.0982034698745429,-4.822133252979692,,,,,,,,,,,,,,
US_HOMEBUILDERS,NVR,TOL,"NVR, Inc.","Toll Brothers, Inc.",-0.10031616027772987,0.9494070336010434,0.05,,False,0.7029186607267621,5.515564037864781,,,,,,,,,,,,,,
US_INSURANCE,ALL,TRV,Allstate Corporation (The),"The Travelers Companies, Inc.",-4.944972058415678,2.848626656709339e-05,0.05,0.002411619186428431,True,0.6758900589695098,1.512617573856451,7.276841092386977,0.0002267993525203772,-0.09525385696344463,22.0,-0.9757092167795328,3.1809642124487896,False,,0.4,-0.007782965444136351,0.08003953344194648,0.02790920584417622,True,mixed signal
US_INSURANCE,ALL,GL,Allstate Corporation (The),Globe Life Inc.,-4.559046551093772,0.00015358301009542208,0.05,0.002411619186428431,True,0.45701412497932925,3.0659354394722205,8.359976247769781,0.00023144166704660543,-0.08291257774145691,25.0,-1.098420972678185,3.945975989209661,False,,0.6,0.0005889303886904572,0.09164454422592327,0.043523243408504,True,reversion signs agree
US_INSURANCE,AIG,PRU,"American International Group, I","Prudential Financial, Inc.",-4.5552817252920725,0.00015603582335516045,0.05,0.002411619186428431,True,-0.56338139865419,6.9325874079070315,8.506663422579214,0.0003020834648094206,-0.08148285010549808,26.0,-1.0066338398517323,2.9267037347783207,False,,0.2,0.003965542057258545,0.07824640020173068,-0.00983295213831914,True,mixed signal
US_INSURANCE,AFL,CB,AFLAC Incorporated,Chubb Limited,-3.8671096980450166,0.002290686883181664,0.05,0.002411619186428431,True,0.738558960896066,0.4714747062759601,14.15714705714696,0.00020934646782683045,-0.048960936674739386,42.0,-0.924741043436943,2.211984537887934,False,,0.6,-0.0017203606097858824,0.010949127046166907,-0.15812660332749195,True,reversion signs agree
US_INSURANCE,AFL,PGR,AFLAC Incorporated,Progressive Corporation (The),-3.852730438690167,0.002411619186428431,0.05,0.002411619186428431,True,-0.223039037321982,5.8628603178601155,16.22027233058734,0.0007714983707820285,-0.0427333873582902,49.0,-1.0084465810876817,2.2956851124479236,False,,0.2,0.002000516491864365,0.01674815028338217,-0.26992214824959615,True,mixed signal
US_INSURANCE,HIG,PGR,"The Hartford Insurance Group, I",Progressive Corporation (The),-3.5765821994986684,0.00622483483393391,0.05,0.002411619186428431,False,-1.0760963155520713,10.623341389459654,,,,,,,,,,,,,,
US_INSURANCE,AFL,TRV,AFLAC Incorporated,"The Travelers Companies, Inc.",-3.558715946412021,0.006601148113192429,0.05,0.002411619186428431,False,0.4672892848733909,2.0567699825275607,,,,,,,,,,,,,,
US_INSURANCE,AIG,UNM,"American International Group, I",Unum Group,-3.4807016559422403,0.008496771172458874,0.05,0.002411619186428431,False,0.2222187370158604,3.375639055497592,,,,,,,,,,,,,,
US_INSURANCE,AFL,GL,AFLAC Incorporated,Globe Life Inc.,-3.448637307155694,0.009408438609927428,0.05,0.002411619186428431,False,0.3058547077415548,3.179488364589656,,,,,,,,,,,,,,
US_INSURANCE,AIG,GL,"American International Group, I",Globe Life Inc.,-3.388185763746995,0.011368272120346419,0.05,0.002411619186428431,False,0.1566824174953208,3.5670709198929105,,,,,,,,,,,,,,
US_INSURANCE,HIG,PRU,"The Hartford Insurance Group, I","Prudential Financial, Inc.",-3.372696105642503,0.011925630462314325,0.05,0.002411619186428431,False,-2.6309315372661963,16.984544527950497,,,,,,,,,,,,,,
US_INSURANCE,AIG,LNC,"American International Group, I",Lincoln National Corporation,-3.2927527330078057,0.015205551937859581,0.05,0.002411619186428431,False,0.20891041328230928,3.5877037630143387,,,,,,,,,,,,,,
US_INSURANCE,AFL,ALL,AFLAC Incorporated,Allstate Corporation (The),-3.257129399626687,0.016906981464591634,0.05,0.002411619186428431,False,0.7245130145122561,0.8362602756125592,,,,,,,,,,,,,,
US_INSURANCE,AFL,PRU,AFLAC Incorporated,"Prudential Financial, Inc.",-3.1987570052966365,0.020056741466088112,0.05,0.002411619186428431,False,-0.26128129575396913,5.865910369436245,,,,,,,,,,,,,,
US_INSURANCE,AIG,TRV,"American International Group, I","The Travelers Companies, Inc.",-3.185770540154273,0.02082325254374163,0.05,0.002411619186428431,False,0.2610542485832575,2.871385528868806,,,,,,,,,,,,,,
US_INSURANCE,AIG,HIG,"American International Group, I","The Hartford Insurance Group, I",-3.1636523049866536,0.022187407905462225,0.05,0.002411619186428431,False,0.38469102970786334,2.476945238602397,,,,,,,,,,,,,,
US_INSURANCE,CB,PGR,Chubb Limited,Progressive Corporation (The),-3.15721660376016,0.022598599367755406,0.05,0.002411619186428431,False,-0.6118546683373883,8.976780113899588,,,,,,,,,,,,,,
US_INSURANCE,AIG,PGR,"American International Group, I",Progressive Corporation (The),-3.131514322779052,0.024307200020974896,0.05,0.002411619186428431,False,0.2826896905447642,2.793507581169446,,,,,,,,,,,,,,
US_INSURANCE,PGR,TRV,Progressive Corporation (The),"The Travelers Companies, Inc.",-3.071264720555267,0.02875411361430843,0.05,0.002411619186428431,False,-0.4332529485947268,7.821525146666154,,,,,,,,,,,,,,
US_INSURANCE,AFL,LNC,AFLAC Incorporated,Lincoln National Corporation,-3.034432084592387,0.031801607705245816,0.05,0.002411619186428431,False,0.2800484849176737,3.6696561406333297,,,,,,,,,,,,,,
US_INSURANCE,PRU,UNM,"Prudential Financial, Inc.",Unum Group,-3.0325565028319903,0.03196387242302344,0.05,0.002411619186428431,False,-0.1475130165845985,5.260481486282036,,,,,,,,,,,,,,
US_INSURANCE,AIG,ALL,"American International Group, I",Allstate Corporation (The),-3.004584460237008,0.034468481733086996,0.05,0.002411619186428431,False,0.457896809976386,1.9093759815744757,,,,,,,,,,,,,,
US_INSURANCE,HIG,LNC,"The Hartford Insurance Group, I",Lincoln National Corporation,-2.9852992971264065,0.03629025486532012,0.05,0.002411619186428431,False,0.643223387284868,2.5346889392516543,,,,,,,,,,,,,,
US_INSURANCE,ALL,PRU,Allstate Corporation (The),"Prudential Financial, Inc.",-2.9658050246434584,0.03821354097699007,0.05,0.002411619186428431,False,-2.3730580481597343,16.262398114020705,,,,,,,,,,,,,,
US_INSURANCE,GL,PRU,Globe Life Inc.,"Prudential Financial, Inc.",-2.9383498102343246,0.041066741144925534,0.05,0.002411619186428431,False,-6.528849986566887,35.06439361006685,,,,,,,,,,,,,,
US_INSURANCE,PRU,TRV,"Prudential Financial, Inc.","The Travelers Companies, Inc.",-2.912235018623424,0.04394361842197141,0.05,0.002411619186428431,False,-0.2280744126207296,5.899908715913162,,,,,,,,,,,,,,
US_INSURANCE,LNC,PGR,Lincoln National Corporation,Progressive Corporation (The),-2.8936168953358457,0.04609531667451096,0.05,0.002411619186428431,False,-3.066640666811821,20.117402850912722,,,,,,,,,,,,,,
US_INSURANCE,GL,TRV,Globe Life Inc.,"The Travelers Companies, Inc.",-2.886945615300246,0.046887240763975005,0.05,0.002411619186428431,False,1.4562763082434946,-3.272863078888374,,,,,,,,,,,,,,
US_INSURANCE,ALL,PGR,Allstate Corporation (The),Progressive Corporation (The),-2.878778094284254,0.04787205737294176,0.05,0.002411619186428431,False,-0.1892152778345344,6.295893427086767,,,,,,,,,,,,,,
US_INSURANCE,MET,UNM,"MetLife, Inc.",Unum Group,-2.8776819794665327,0.04800551382694681,0.05,0.002411619186428431,False,0.2729468450629521,3.17117796888386,,,,,,,,,,,,,,
US_INSURANCE,AIG,CB,"American International Group, I",Chubb Limited,-2.856919016172928,0.05059198710756158,0.05,0.002411619186428431,False,0.328714129099251,2.4610146923055822,,,,,,,,,,,,,,
US_INSURANCE,LNC,PRU,Lincoln National Corporation,"Prudential Financial, Inc.",-2.809733242342167,0.05689683793949796,0.05,0.002411619186428431,False,-35.49077184393323,167.89210849207606,,,,,,,,,,,,,,
US_INSURANCE,ALL,MET,Allstate Corporation (The),"MetLife, Inc.",-2.805548996244276,0.057485494760953555,0.05,0.002411619186428431,False,1.6331309473031121,-1.8081265514999156,,,,,,,,,,,,,,
US_INSURANCE,GL,MET,Globe Life Inc.,"MetLife, Inc.",-2.774242212317278,0.062048323385098074,0.05,0.002411619186428431,False,5.192294203112364,-17.682974156989346,,,,,,,,,,,,,,
US_INSURANCE,CB,PRU,Chubb Limited,"Prudential Financial, Inc.",-2.7436015433032925,0.06679238457041979,0.05,0.002411619186428431,False,-2.578154353145461,17.605927899166915,,,,,,,,,,,,,,
US_INSURANCE,AFL,MET,AFLAC Incorporated,"MetLife, Inc.",-2.7400484870437416,0.06736079369458679,0.05,0.002411619186428431,False,0.9880928267771015,0.37219383353599333,,,,,,,,,,,,,,
US_INSURANCE,GL,PGR,Globe Life Inc.,Progressive Corporation (The),-2.7294492612270997,0.06907941843429531,0.05,0.002411619186428431,False,-5.824540852331549,36.34806059560947,,,,,,,,,,,,,,
US_INSURANCE,ALL,LNC,Allstate Corporation (The),Lincoln National Corporation,-2.718393291278409,0.07090914845948419,0.05,0.002411619186428431,False,0.4647029484048178,3.6354921600844436,,,,,,,,,,,,,,
US_INSURANCE,PGR,PRU,Progressive Corporation (The),"Prudential Financial, Inc.",-2.7115686000710024,0.07205770072929922,0.05,0.002411619186428431,False,35.03158373801625,-156.8322488500464,,,,,,,,,,,,,,
US_INSURANCE,MET,PRU,"MetLife, Inc.","Prudential Financial, Inc.",-2.701515465469622,0.0737763942621978,0.05,0.002411619186428431,False,0.8866164028183208,0.22900448608199753,,,,,,,,,,,,,,
US_INSURANCE,AFL,AIG,AFLAC Incorporated,"American International Group, I",-2.6471711273876863,0.08363449353869035,0.05,0.002411619186428431,False,1.7754751962818152,-3.020201993142914,,,,,,,,,,,,,,
US_INSURANCE,AFL,HIG,AFLAC Incorporated,"The Hartford Insurance Group, I",-2.621622714834515,0.0886101305333093,0.05,0.002411619186428431,False,0.5666494358148378,1.9360505261384424,,,,,,,,,,,,,,
US_INSURANCE,AFL,UNM,AFLAC Incorporated,Unum Group,-2.6038839181848537,0.09219719459267528,0.05,0.002411619186428431,False,0.2759994584974743,3.478732392820045,,,,,,,,,,,,,,
US_INSURANCE,GL,LNC,Globe Life Inc.,Lincoln National Corporation,-2.5263051849296394,0.10920446135532302,0.05,0.002411619186428431,False,1.3241505544267014,0.1640338426383554,,,,,,,,,,,,,,
US_INSURANCE,LNC,TRV,Lincoln National Corporation,"The Travelers Companies, Inc.",-2.514375521003567,0.11201566977459526,0.05,0.002411619186428431,False,1.2200051517105277,-3.264229332163221,,,,,,,,,,,,,,
US_INSURANCE,LNC,MET,Lincoln National Corporation,"MetLife, Inc.",-2.499260295470515,0.11565440661221699,0.05,0.002411619186428431,False,4.408644415590939,-15.591158441591517,,,,,,,,,,,,,,
US_INSURANCE,MET,TRV,"MetLife, Inc.","The Travelers Companies, Inc.",-2.497208917331989,0.11615490312044147,0.05,0.002411619186428431,False,0.27820016298259315,2.7879057336656565,,,,,,,,,,,,,,
US_INSURANCE,CB,MET,Chubb Limited,"MetLife, Inc.",-2.4804557139952053,0.12030236593159155,0.05,0.002411619186428431,False,2.355629799426887,-4.546684337614201,,,,,,,,,,,,,,
US_INSURANCE,AIG,MET,"American International Group, I","MetLife, Inc.",-2.363534869291354,0.15229395752142344,0.05,0.002411619186428431,False,0.5213972110050908,2.0629765123205033,,,,,,,,,,,,,,
US_INSURANCE,MET,PGR,"MetLife, Inc.",Progressive Corporation (The),-2.3252034579270306,0.16396813873696575,0.05,0.002411619186428431,False,0.18579413556532062,3.3297706494465924,,,,,,,,,,,,,,
US_INSURANCE,ALL,UNM,Allstate Corporation (The),Unum Group,-2.3139423625877193,0.16751070341983315,0.05,0.002411619186428431,False,0.4875421595307662,3.192619991786099,,,,,,,,,,,,,,
US_INSURANCE,GL,HIG,Globe Life Inc.,"The Hartford Insurance Group, I",-2.2744021763166504,0.18035671377731044,0.05,0.002411619186428431,False,1.863135365915578,-4.11565870304721,,,,,,,,,,,,,,
US_INSURANCE,HIG,MET,"The Hartford Insurance Group, I","MetLife, Inc.",-2.242548009254105,0.19116681984128775,0.05,0.002411619186428431,False,3.65521018115195,-11.046501568960423,,,,,,,,,,,,,,
US_INSURANCE,ALL,CB,Allstate Corporation (The),Chubb Limited,-2.210217134187688,0.2025581472716803,0.05,0.002411619186428431,False,1.021725187388983,-0.5167393022069486,,,,,,,,,,,,,,
US_INSURANCE,CB,GL,Chubb Limited,Globe Life Inc.,-2.20814894699327,0.20330116474627397,0.05,0.002411619186428431,False,0.38689049317532,3.798069935949557,,,,,,,,,,,,,,
US_INSURANCE,HIG,TRV,"The Hartford Insurance Group, I","The Travelers Companies, Inc.",-2.1410801008936082,0.22831998920558622,0.05,0.002411619186428431,False,0.8094320258041177,0.297700749248369,,,,,,,,,,,,,,
US_INSURANCE,HIG,UNM,"The Hartford Insurance Group, I",Unum Group,-2.1023038688775735,0.243589213979297,0.05,0.002411619186428431,False,0.5395405243478503,2.4986964281025044,,,,,,,,,,,,,,
US_INSURANCE,LNC,UNM,Lincoln National Corporation,Unum Group,-2.029542908428757,0.273771640975033,0.05,0.002411619186428431,False,0.866724373660164,-0.17501753091332128,,,,,,,,,,,,,,
US_INSURANCE,GL,UNM,Globe Life Inc.,Unum Group,-2.013092224634239,0.2808622827645335,0.05,0.002411619186428431,False,1.169941185150529,-0.1626832169007475,,,,,,,,,,,,,,
US_INSURANCE,TRV,UNM,"The Travelers Companies, Inc.",Unum Group,-1.9783722470605638,0.29613587764370874,0.05,0.002411619186428431,False,0.7560681373137453,2.3374779268290378,,,,,,,,,,,,,,
US_INSURANCE,CB,TRV,Chubb Limited,"The Travelers Companies, Inc.",-1.9440679228751157,0.3116224049803206,0.05,0.002411619186428431,False,0.6366336587832381,2.124614751830242,,,,,,,,,,,,,,
US_INSURANCE,PGR,UNM,Progressive Corporation (The),Unum Group,-1.9427831159289402,0.3122098066376888,0.05,0.002411619186428431,False,0.13504106596190418,4.8358565717789865,,,,,,,,,,,,,,
US_INSURANCE,CB,LNC,Chubb Limited,Lincoln National Corporation,-1.6086166444619239,0.47926378123164276,0.05,0.002411619186428431,False,0.33215369349037543,4.495906379199708,,,,,,,,,,,,,,
US_INSURANCE,CB,HIG,Chubb Limited,"The Hartford Insurance Group, I",-1.5582579581270384,0.5045206966422165,0.05,0.002411619186428431,False,0.7872079651305337,1.8871605530508826,,,,,,,,,,,,,,
US_INSURANCE,CB,UNM,Chubb Limited,Unum Group,-1.5232472629429203,0.5219815154764109,0.05,0.002411619186428431,False,0.3578046981008676,4.139581458254564,,,,,,,,,,,,,,
US_INSURANCE,ALL,HIG,Allstate Corporation (The),"The Hartford Insurance Group, I",-0.9576696853944303,0.7683886702466578,0.05,0.002411619186428431,False,0.8201781080539143,1.3352583345127838,,,,,,,,,,,,,,
US_MEDIA_TELECOM,CHTR,TMUS,"Charter Communications, Inc.","T-Mobile US, Inc.",-2.7654099271852233,0.0633871063192135,0.05,,False,4.728139236231303,-19.716599570877147,,,,,,,,,,,,,,
US_MEDIA_TELECOM,CHTR,VZ,"Charter Communications, Inc.",Verizon Communications Inc.,-2.5977916303123667,0.09345455208924702,0.05,,False,-5.574924957070843,26.19781038769013,,,,,,,,,,,,,,
US_MEDIA_TELECOM,CMCSA,VZ,Comcast Corporation,Verizon Communications Inc.,-2.587800669324988,0.09554492522957025,0.05,,False,-1.9590439334168932,10.630165431956161,,,,,,,,,,,,,,
US_MEDIA_TELECOM,CMCSA,TMUS,Comcast Corporation,"T-Mobile US, Inc.",-2.3839625184075377,0.14631412404086674,0.05,,False,1.5673063852364146,-4.999452746151418,,,,,,,,,,,,,,
US_MEDIA_TELECOM,TMUS,VZ,"T-Mobile US, Inc.",Verizon Communications Inc.,-2.3131703090308107,0.16775546161512817,0.05,,False,-6.309349403348412,28.639082769026167,,,,,,,,,,,,,,
US_MEDIA_TELECOM,CHTR,T,"Charter Communications, Inc.",AT&T Inc.,-2.0453056852080307,0.2670680009194385,0.05,,False,-10.399056743485664,38.491218058546224,,,,,,,,,,,,,,
US_MEDIA_TELECOM,CHTR,CMCSA,"Charter Communications, Inc.",Comcast Corporation,-2.0184025041059375,0.278562986087057,0.05,,False,2.8945210920505753,-4.218823404040436,,,,,,,,,,,,,,
US_MEDIA_TELECOM,CMCSA,T,Comcast Corporation,AT&T Inc.,-1.552380152406963,0.5074590634287938,0.05,,False,-0.8519097384566936,6.094358928830575,,,,,,,,,,,,,,
US_MEDIA_TELECOM,T,VZ,AT&T Inc.,Verizon Communications Inc.,-1.3612429595108588,0.6007093325929603,0.05,,False,1.8589367659398797,-3.698476206801384,,,,,,,,,,,,,,
US_MEDIA_TELECOM,T,TMUS,AT&T Inc.,"T-Mobile US, Inc.",-1.271821609695049,0.6419633660385328,0.05,,False,1.4248504847886188,-4.47791456659837,,,,,,,,,,,,,,
US_OIL_GAS,PSX,VLO,Phillips 66,Valero Energy Corporation,-4.0104222036289885,0.0013569100933863174,0.05,,False,0.6159028380463307,1.7607775930185752,,,,,,,,,,,,,,
US_OIL_GAS,DVN,XOM,Devon Energy Corporation,ExxonMobil Holdings Corporation,-3.2992324229998364,0.014912820089332682,0.05,,False,1.0484237467110393,-1.3835429050161432,,,,,,,,,,,,,,
US_OIL_GAS,EOG,OXY,"EOG Resources, Inc.",Occidental Petroleum Corporatio,-3.2033794626333307,0.0197898941243662,0.05,,False,0.624716186125854,2.3577690138027694,,,,,,,,,,,,,,
US_OIL_GAS,APA,DVN,APA Corporation,Devon Energy Corporation,-3.144119366955263,0.023455816276545666,0.05,,False,1.8122728892904243,-3.363938023269318,,,,,,,,,,,,,,
US_OIL_GAS,FANG,OXY,"Diamondback Energy, Inc.",Occidental Petroleum Corporatio,-3.1178272686032678,0.025261713264867876,0.05,,False,1.0346017451901504,1.0771995083625265,,,,,,,,,,,,,,
US_OIL_GAS,COP,DVN,ConocoPhillips,Devon Energy Corporation,-3.094355692958453,0.0269737220789355,0.05,,False,0.7505109177843021,1.881462474750748,,,,,,,,,,,,,,
US_OIL_GAS,COP,FANG,ConocoPhillips,"Diamondback Energy, Inc.",-2.989489909829937,0.03588763618068991,0.05,,False,0.8177467198646475,0.44149751857326436,,,,,,,,,,,,,,
US_OIL_GAS,COP,OXY,ConocoPhillips,Occidental Petroleum Corporatio,-2.880895674911146,0.04761510039374911,0.05,,False,0.8454049014034741,1.324831451929918,,,,,,,,,,,,,,
US_OIL_GAS,COP,XOM,ConocoPhillips,ExxonMobil Holdings Corporation,-2.6671160826215394,0.07990351612504887,0.05,,False,0.7564510484616161,0.987677510762722,,,,,,,,,,,,,,
US_OIL_GAS,APA,CVX,APA Corporation,Chevron Corporation,-2.6427764122699755,0.08447454302261553,0.05,,False,2.4682563587886643,-9.216999723851213,,,,,,,,,,,,,,
US_OIL_GAS,OXY,XOM,Occidental Petroleum Corporatio,ExxonMobil Holdings Corporation,-2.6405312649177746,0.08490622704548917,0.05,,False,0.8759586681805992,-0.30930453244360434,,,,,,,,,,,,,,
US_OIL_GAS,MPC,VLO,Marathon Petroleum Corporation,Valero Energy Corporation,-2.5963779376810283,0.09374818725594586,0.05,,False,0.7589097556745743,1.3241712016027711,,,,,,,,,,,,,,
US_OIL_GAS,FANG,XOM,"Diamondback Energy, Inc.",ExxonMobil Holdings Corporation,-2.567116054592853,0.0999859370441839,0.05,,False,0.9306484515764307,0.64125269862362,,,,,,,,,,,,,,
US_OIL_GAS,MPC,PSX,Marathon Petroleum Corporation,Phillips 66,-2.545699956738782,0.10474715872402268,0.05,,False,1.2376375664521293,-0.8719540762284934,,,,,,,,,,,,,,
US_OIL_GAS,EOG,FANG,"EOG Resources, Inc.","Diamondback Energy, Inc.",-2.537409636073961,0.10663539901996666,0.05,,False,0.5762379097049471,1.8471032578935893,,,,,,,,,,,,,,
US_OIL_GAS,APA,XOM,APA Corporation,ExxonMobil Holdings Corporation,-2.486192190190068,0.11887016202573825,0.05,,False,1.9519241507078409,-6.1180789298823735,,,,,,,,,,,,,,
US_OIL_GAS,CVX,DVN,Chevron Corporation,Devon Energy Corporation,-2.472816661136264,0.12222918148253109,0.05,,False,0.7475061361245477,2.323517974739119,,,,,,,,,,,,,,
US_OIL_GAS,APA,COP,APA Corporation,ConocoPhillips,-2.4711400115551907,0.12265509150020032,0.05,,False,2.511900635803325,-8.352718339795256,,,,,,,,,,,,,,
US_OIL_GAS,APA,PSX,APA Corporation,Phillips 66,-2.4667369045860763,0.12377875132216148,0.05,,False,1.6863318293401939,-5.0435627848677145,,,,,,,,,,,,,,
US_OIL_GAS,APA,OXY,APA Corporation,Occidental Petroleum Corporatio,-2.4491109708395062,0.12835203211211743,0.05,,False,2.2726358103823743,-5.599708035989436,,,,,,,,,,,,,,
US_OIL_GAS,EOG,VLO,"EOG Resources, Inc.",Valero Energy Corporation,-2.4443385424895814,0.12961109590623038,0.05,,False,0.19355938135802725,3.7905945899463265,,,,,,,,,,,,,,
US_OIL_GAS,DVN,VLO,Devon Energy Corporation,Valero Energy Corporation,-2.4093947091514036,0.13910235951682826,0.05,,False,0.49501523274178716,1.1054657498221565,,,,,,,,,,,,,,
US_OIL_GAS,PSX,XOM,Phillips 66,ExxonMobil Holdings Corporation,-2.3858933736009065,0.14575754739931246,0.05,,False,1.1230660392416976,-0.4734542045377479,,,,,,,,,,,,,,
US_OIL_GAS,OXY,VLO,Occidental Petroleum Corporatio,Valero Energy Corporation,-2.36404970039577,0.15214119236655232,0.05,,False,0.31516711132091707,2.266671619098873,,,,,,,,,,,,,,
US_OIL_GAS,CVX,XOM,Chevron Corporation,ExxonMobil Holdings Corporation,-2.3423005926085887,0.15868776694670012,0.05,,False,0.8322344525573037,1.0585201033754577,,,,,,,,,,,,,,
US_OIL_GAS,APA,FANG,APA Corporation,"Diamondback Energy, Inc.",-2.3163345809676743,0.16675385088584838,0.05,,False,2.113714782918404,-7.5457939228247275,,,,,,,,,,,,,,
US_OIL_GAS,EOG,MPC,"EOG Resources, Inc.",Marathon Petroleum Corporation,-2.3078933434697917,0.1694348477816775,0.05,,False,0.2701268958702757,3.3751857758197157,,,,,,,,,,,,,,
US_OIL_GAS,FANG,VLO,"Diamondback Energy, Inc.",Valero Energy Corporation,-2.2682121924828604,0.1824251688458714,0.05,,False,0.36081443735112473,3.247068436569188,,,,,,,,,,,,,,
US_OIL_GAS,CVX,OXY,Chevron Corporation,Occidental Petroleum Corporatio,-2.236845388954072,0.19314542623182118,0.05,,False,0.8398460949744246,1.7774995595250922,,,,,,,,,,,,,,
US_OIL_GAS,COP,EOG,ConocoPhillips,"EOG Resources, Inc.",-2.2303991627036632,0.1953978562433149,0.05,,False,1.3418861700819595,-1.8116196773709214,,,,,,,,,,,,,,
US_OIL_GAS,COP,VLO,ConocoPhillips,Valero Energy Corporation,-2.1618857003114402,0.22036830191065865,0.05,,False,0.33617325569880757,2.8893817801903534,,,,,,,,,,,,,,
US_OIL_GAS,MPC,OXY,Marathon Petroleum Corporation,Occidental Petroleum Corporatio,-2.155943558469508,0.2226219793515773,0.05,,False,2.101749020383834,-2.953033636598162,,,,,,,,,,,,,,
US_OIL_GAS,APA,EOG,APA Corporation,"EOG Resources, Inc.",-2.1554188455028913,0.22282165545629273,0.05,,False,4.119195829380043,-16.47138921357127,,,,,,,,,,,,,,
US_OIL_GAS,COP,CVX,ConocoPhillips,Chevron Corporation,-2.1530197624563434,0.22373599000405037,0.05,,False,0.9281786879158468,-0.07095991403055546,,,,,,,,,,,,,,
US_OIL_GAS,DVN,OXY,Devon Energy Corporation,Occidental Petroleum Corporatio,-2.1353979027596344,0.2305211261246174,0.05,,False,1.1419256063479857,-0.801390200515165,,,,,,,,,,,,,,
US_OIL_GAS,DVN,PSX,Devon Energy Corporation,Phillips 66,-2.126271198092763,0.23408285759942993,0.05,,False,0.9208643117663328,-0.8798738882987127,,,,,,,,,,,,,,
US_OIL_GAS,EOG,PSX,"EOG Resources, Inc.",Phillips 66,-2.1109454310278877,0.24013622683714397,0.05,,False,0.4118149012016479,2.762452632542551,,,,,,,,,,,,,,
US_OIL_GAS,DVN,FANG,Devon Energy Corporation,"Diamondback Energy, Inc.",-2.093449411854448,0.24715677121024154,0.05,,False,1.0972895261412827,-1.9576761457129823,,,,,,,,,,,,,,
US_OIL_GAS,EOG,XOM,"EOG Resources, Inc.",ExxonMobil Holdings Corporation,-2.0830080936024657,0.2514017933283878,0.05,,False,0.4720373237316408,2.5221000644682743,,,,,,,,,,,,,,
US_OIL_GAS,CVX,FANG,Chevron Corporation,"Diamondback Energy, Inc.",-2.0625217666172793,0.2598492607420184,0.05,,False,0.7912873386903787,1.0067977549044285,,,,,,,,,,,,,,
US_OIL_GAS,DVN,EOG,Devon Energy Corporation,"EOG Resources, Inc.",-2.042876241369608,0.2680953664915701,0.05,,False,2.0201750150843734,-6.027681442042783,,,,,,,,,,,,,,
US_OIL_GAS,FANG,MPC,"Diamondback Energy, Inc.",Marathon Petroleum Corporation,-2.012347868244537,0.28118537135030974,0.05,,False,0.5261187816356747,2.3563992478634908,,,,,,,,,,,,,,
US_OIL_GAS,CVX,VLO,Chevron Corporation,Valero Energy Corporation,-2.0086817494989972,0.2827794765551524,0.05,,False,0.44029544485881356,2.7954363680635455,,,,,,,,,,,,,,
US_OIL_GAS,DVN,MPC,Devon Energy Corporation,Marathon Petroleum Corporation,-1.9905555729952045,0.2907294431235731,0.05,,False,0.6845736684229227,0.07532598726641249,,,,,,,,,,,,,,
US_OIL_GAS,FANG,PSX,"Diamondback Energy, Inc.",Phillips 66,-1.978595131633905,0.2960365227901923,0.05,,False,0.7963321519849922,1.1909752587583742,,,,,,,,,,,,,,
US_OIL_GAS,APA,VLO,APA Corporation,Valero Energy Corporation,-1.9489330952008528,0.30940284882224156,0.05,,False,1.0173796083493651,-1.9671914409345597,,,,,,,,,,,,,,
US_OIL_GAS,CVX,EOG,Chevron Corporation,"EOG Resources, Inc.",-1.9467572202079158,0.3103945799133051,0.05,,False,1.5976410433328712,-2.5995408160902844,,,,,,,,,,,,,,
US_OIL_GAS,VLO,XOM,Valero Energy Corporation,ExxonMobil Holdings Corporation,-1.936206974443765,0.31522451381692274,0.05,,False,1.8617491441739766,-3.8097192845253343,,,,,,,,,,,,,,
US_OIL_GAS,OXY,PSX,Occidental Petroleum Corporatio,Phillips 66,-1.8965242280734176,0.3336979861314055,0.05,,False,0.7459526837558466,0.22555208437733265,,,,,,,,,,,,,,
US_OIL_GAS,COP,MPC,ConocoPhillips,Marathon Petroleum Corporation,-1.8676789629160033,0.34741530819746425,0.05,,False,0.4476575702070028,2.278658264177776,,,,,,,,,,,,,,
US_OIL_GAS,COP,PSX,ConocoPhillips,Phillips 66,-1.8394170187972385,0.36107517653587395,0.05,,False,0.6516082666918649,1.4134167639338604,,,,,,,,,,,,,,
US_OIL_GAS,CVX,PSX,Chevron Corporation,Phillips 66,-1.6064100466440074,0.48037277604204387,0.05,,False,0.7326246618537199,1.4503171490125881,,,,,,,,,,,,,,
US_OIL_GAS,APA,MPC,APA Corporation,Marathon Petroleum Corporation,-1.5129770851263629,0.52708227206874,0.05,,False,1.3933107036694368,-4.014015593166365,,,,,,,,,,,,,,
US_OIL_GAS,CVX,MPC,Chevron Corporation,Marathon Petroleum Corporation,-1.478352791662134,0.544191437128647,0.05,,False,0.5614346630626749,2.123710221510974,,,,,,,,,,,,,,
US_OIL_GAS,MPC,XOM,Marathon Petroleum Corporation,ExxonMobil Holdings Corporation,-1.2182231012636422,0.6657078818766278,0.05,,False,1.4354067345602963,-1.674094948603197,,,,,,,,,,,,,,
US_PAYMENTS,AXP,SYF,American Express Company,Synchrony Financial,-2.8675612508545676,0.04925231152961191,0.05,,False,0.6953941777206821,2.821555963942485,,,,,,,,,,,,,,
US_PAYMENTS,MA,SYF,Mastercard Incorporated,Synchrony Financial,-2.314194737075946,0.16743074747698622,0.05,,False,0.2546908884155779,5.207482884217152,,,,,,,,,,,,,,
US_PAYMENTS,AXP,MA,American Express Company,Mastercard Incorporated,-1.9389137880441671,0.3139819786584398,0.05,,False,2.3117805876864805,-8.77486354617018,,,,,,,,,,,,,,
US_PAYMENTS,SYF,V,Synchrony Financial,Visa Inc.,-1.8703041864550025,0.3461572802022498,0.05,,False,2.74519503366447,-11.684748812672066,,,,,,,,,,,,,,
US_PAYMENTS,MA,V,Mastercard Incorporated,Visa Inc.,-1.8430756241073525,0.3592951135661928,0.05,,False,0.7822811428110189,1.752197292981875,,,,,,,,,,,,,,
US_PAYMENTS,AXP,V,American Express Company,Visa Inc.,-1.7143734185581727,0.4237224890324522,0.05,,False,1.6381430845467093,-3.741895380374654,,,,,,,,,,,,,,
US_PHARMA,BMY,MRK,Bristol-Myers Squibb Company,"Merck & Company, Inc.",-4.095417565668787,0.0009855548959974716,0.05,0.003436768271626926,True,0.5393523017933077,1.437123109451059,25.081521529263902,0.0008785616264231028,-0.027635770810443647,63.0,-1.6749688644263314,2.775017095837515,False,,0.4,-0.0014960588465799366,0.042523295580659815,-0.09404887729180667,False,mixed signal
US_PHARMA,MRK,PFE,"Merck & Company, Inc.","Pfizer, Inc.",-3.7521382550584943,0.003436768271626926,0.05,0.003436768271626926,True,2.6668029046425676,-3.9099570736891014,11.808126116893154,0.00014785790743160728,-0.05870086190630218,35.0,0.5178029617819097,2.658939826217688,False,,0.4,0.0014418001872865955,-0.02803439243230732,-0.3027541474709258,True,mixed signal
US_PHARMA,AMGN,LLY,Amgen Inc.,Eli Lilly and Company,-3.533387486679357,0.007169910232515723,0.05,0.003436768271626926,False,0.700685576356099,0.9654739593748847,,,,,,,,,,,,,,
US_PHARMA,ABBV,LLY,AbbVie Inc.,Eli Lilly and Company,-3.245032907874251,0.017521562350346603,0.05,0.003436768271626926,False,0.7180088458701522,0.41143962284598956,,,,,,,,,,,,,,
US_PHARMA,ABBV,JNJ,AbbVie Inc.,Johnson & Johnson,-3.228437278705119,0.018396509213799286,0.05,0.003436768271626926,False,0.5475605822203425,2.444825582248733,,,,,,,,,,,,,,
US_PHARMA,AMGN,JNJ,Amgen Inc.,Johnson & Johnson,-3.2196296812274072,0.018876184493330124,0.05,0.003436768271626926,False,0.4936528763126727,3.1599667643707017,,,,,,,,,,,,,,
US_PHARMA,AMGN,MRK,Amgen Inc.,"Merck & Company, Inc.",-3.073389219880566,0.02858621558620555,0.05,0.003436768271626926,False,0.5769528102146413,3.0796847155785256,,,,,,,,,,,,,,
US_PHARMA,JNJ,LLY,Johnson & Johnson,Eli Lilly and Company,-2.9918373881062785,0.035663749005217814,0.05,0.003436768271626926,False,1.5254364446724473,-5.163381849953913,,,,,,,,,,,,,,
US_PHARMA,BMY,LLY,Bristol-Myers Squibb Company,Eli Lilly and Company,-2.898462011726857,0.04552713711647349,0.05,0.003436768271626926,False,0.693609157835513,-0.8005517710227243,,,,,,,,,,,,,,
US_PHARMA,AMGN,PFE,Amgen Inc.,"Pfizer, Inc.",-2.872728503422146,0.048612453031001354,0.05,0.003436768271626926,False,1.7709717936081288,0.08605354448056968,,,,,,,,,,,,,,
US_PHARMA,LLY,MRK,Eli Lilly and Company,"Merck & Company, Inc.",-2.8391965724751493,0.052889266987579224,0.05,0.003436768271626926,False,0.8340090185412085,2.9690468392640414,,,,,,,,,,,,,,
US_PHARMA,JNJ,MRK,Johnson & Johnson,"Merck & Company, Inc.",-2.834455248899781,0.053518132964690136,0.05,0.003436768271626926,False,1.3418822165688153,-0.9517562195561577,,,,,,,,,,,,,,
US_PHARMA,JNJ,PFE,Johnson & Johnson,"Pfizer, Inc.",-2.6746303987568067,0.07853213932520138,0.05,0.003436768271626926,False,4.866000717265535,-10.286446934574645,,,,,,,,,,,,,,
US_PHARMA,LLY,PFE,Eli Lilly and Company,"Pfizer, Inc.",-2.574513944347752,0.09837994739152639,0.05,0.003436768271626926,False,3.0651553000872673,-2.9623107039367005,,,,,,,,,,,,,,
US_PHARMA,ABBV,AMGN,AbbVie Inc.,Amgen Inc.,-2.5563587239450873,0.10235658720929902,0.05,0.003436768271626926,False,1.137011806955456,-1.2189908373201916,,,,,,,,,,,,,,
US_PHARMA,GILD,PFE,"Gilead Sciences, Inc.","Pfizer, Inc.",-2.488467784289218,0.11830551077162837,0.05,0.003436768271626926,False,21.723106459333177,-64.3209664061628,,,,,,,,,,,,,,
US_PHARMA,BMY,JNJ,Bristol-Myers Squibb Company,Johnson & Johnson,-2.475017248750652,0.12167182148913303,0.05,0.003436768271626926,False,0.4377573030203683,1.6346872340339065,,,,,,,,,,,,,,
US_PHARMA,BMY,PFE,Bristol-Myers Squibb Company,"Pfizer, Inc.",-2.467434090208764,0.12360033284062466,0.05,0.003436768271626926,False,3.4768547925573308,-7.144439292596572,,,,,,,,,,,,,,
US_PHARMA,ABBV,GILD,AbbVie Inc.,"Gilead Sciences, Inc.",-2.3749737236858466,0.14892481910089161,0.05,0.003436768271626926,False,0.4729079723452325,3.071272555982858,,,,,,,,,,,,,,
US_PHARMA,ABBV,PFE,AbbVie Inc.,"Pfizer, Inc.",-2.3285922527153047,0.1629121296190893,0.05,0.003436768271626926,False,3.6267044783234894,-6.2430622630986585,,,,,,,,,,,,,,
US_PHARMA,AMGN,BMY,Amgen Inc.,Bristol-Myers Squibb Company,-2.313085917051817,0.1677822304033712,0.05,0.003436768271626926,False,0.7731072229811959,2.6977611550474316,,,,,,,,,,,,,,
US_PHARMA,ABBV,MRK,AbbVie Inc.,"Merck & Company, Inc.",-2.2138376884544773,0.20126156238227705,0.05,0.003436768271626926,False,0.36667880253508195,3.601306364897801,,,,,,,,,,,,,,
US_PHARMA,GILD,LLY,"Gilead Sciences, Inc.",Eli Lilly and Company,-2.1036062806362033,0.2430669727812445,0.05,0.003436768271626926,False,2.411573893578791,-11.67220270279112,,,,,,,,,,,,,,
US_PHARMA,BMY,GILD,Bristol-Myers Squibb Company,"Gilead Sciences, Inc.",-2.033172649535417,0.27222006737746174,0.05,0.003436768271626926,False,0.3862144935928707,2.0976241471076826,,,,,,,,,,,,,,
US_PHARMA,AMGN,GILD,Amgen Inc.,"Gilead Sciences, Inc.",-2.0166621943886915,0.2793154316356382,0.05,0.003436768271626926,False,0.32056808562674527,4.217125211111234,,,,,,,,,,,,,,
US_PHARMA,ABBV,BMY,AbbVie Inc.,Bristol-Myers Squibb Company,-1.70115374236014,0.4305181323473384,0.05,0.003436768271626926,False,0.8929730797340293,1.7940902460735861,,,,,,,,,,,,,,
US_PHARMA,GILD,MRK,"Gilead Sciences, Inc.","Merck & Company, Inc.",-1.6355352445122906,0.4645946968272265,0.05,0.003436768271626926,False,4.714107087447024,-16.830923399783934,,,,,,,,,,,,,,
US_PHARMA,GILD,JNJ,"Gilead Sciences, Inc.",Johnson & Johnson,-1.341520108225291,0.6099693604367498,0.05,0.003436768271626926,False,1.1102244900866816,-1.0786782270950201,,,,,,,,,,,,,,
US_RAILROADS,CNI,UNP,Canadian National Railway Compa,Union Pacific Corporation,-3.418351266798987,0.010348961359034974,0.05,,False,1.146205411905451,-1.6160776727159147,,,,,,,,,,,,,,
US_RAILROADS,CP,UNP,Canadian Pacific Kansas City Li,Union Pacific Corporation,-3.331602777408494,0.013523590741125916,0.05,,False,0.9251491147006757,-0.6857202415753889,,,,,,,,,,,,,,
US_RAILROADS,CNI,CP,Canadian National Railway Compa,Canadian Pacific Kansas City Li,-3.236992118299984,0.01794082957443223,0.05,,False,1.2008386737227652,-0.6007284901619263,,,,,,,,,,,,,,
US_RAILROADS,CSX,UNP,CSX Corporation,Union Pacific Corporation,-3.0293547468514377,0.032242494715522464,0.05,,False,2.229222775052201,-8.586903975098664,,,,,,,,,,,,,,
US_RAILROADS,CSX,NSC,CSX Corporation,Norfolk Southern Corporation,-2.74408149410892,0.06671589817367685,0.05,,False,1.1752438337246323,-2.9934865946613707,,,,,,,,,,,,,,
US_RAILROADS,CP,CSX,Canadian Pacific Kansas City Li,CSX Corporation,-2.6754576927330245,0.07838229224164907,0.05,,False,0.3464519951949547,3.121263214555543,,,,,,,,,,,,,,
US_RAILROADS,CNI,CSX,Canadian National Railway Compa,CSX Corporation,-2.178056011829911,0.2143060305866754,0.05,,False,0.36808430811238935,3.3175912726874417,,,,,,,,,,,,,,
US_RAILROADS,CP,NSC,Canadian Pacific Kansas City Li,Norfolk Southern Corporation,-2.152201914520162,0.22404820380554008,0.05,,False,0.2603921853589413,2.901282096745307,,,,,,,,,,,,,,
US_RAILROADS,NSC,UNP,Norfolk Southern Corporation,Union Pacific Corporation,-1.6232166501142484,0.471043337734515,0.05,,False,2.2793363497723758,-6.841862982979791,,,,,,,,,,,,,,
US_RAILROADS,CNI,NSC,Canadian National Railway Compa,Norfolk Southern Corporation,-1.4423552327353941,0.5618106170797285,0.05,,False,0.135420967908652,3.8701316824284406,,,,,,,,,,,,,,
US_REIT,AMT,SPG,American Tower Corporation (REI,"Simon Property Group, Inc.",-4.316669922905025,0.0004155947962602749,0.05,0.0004155947962602749,True,-0.6051309525375003,8.331878771291713,11.238733471813292,0.0004044427580490811,-0.06167484817558457,34.0,-1.3477669277742068,2.8908016543412742,True,2026-10-01 00:00:00,0.6,-0.001381977161243743,0.08564764295724903,-0.45425515141376205,True,reversion signs agree
US_REIT,AMT,WELL,American Tower Corporation (REI,Welltower Inc.,-3.34734846210351,0.01289018335168234,0.05,0.0004155947962602749,False,-0.24292249976955732,6.464396626596441,,,,,,,,,,,,,,
US_REIT,AMT,DLR,American Tower Corporation (REI,"Digital Realty Trust, Inc.",-3.336487755204085,0.013324196867970812,0.05,0.0004155947962602749,False,-0.7742066811561186,9.17828578836233,,,,,,,,,,,,,,
US_REIT,AMT,PLD,American Tower Corporation (REI,"Prologis, Inc.",-3.318734771139048,0.014061519346695939,0.05,0.0004155947962602749,False,-0.5352880986518083,7.779215664348598,,,,,,,,,,,,,,
US_REIT,AMT,O,American Tower Corporation (REI,Realty Income Corporation,-3.1706080619686587,0.021750291714569037,0.05,0.0004155947962602749,False,-1.4711612538253074,11.128902140251833,,,,,,,,,,,,,,
US_REIT,O,PLD,Realty Income Corporation,"Prologis, Inc.",-3.070143699807135,0.028843046404913263,0.05,0.0004155947962602749,False,0.5928913003753922,1.1886960477864732,,,,,,,,,,,,,,
US_REIT,AMT,EQIX,American Tower Corporation (REI,"Equinix, Inc.",-2.8977510790181085,0.045610142091909604,0.05,0.0004155947962602749,False,-0.4196550414083265,8.066475825013914,,,,,,,,,,,,,,
US_REIT,EQIX,PSA,"Equinix, Inc.",Public Storage,-2.669408057720647,0.07948325262548783,0.05,0.0004155947962602749,False,2.6310434406784986,-8.13245335418602,,,,,,,,,,,,,,
US_REIT,DLR,SPG,"Digital Realty Trust, Inc.","Simon Property Group, Inc.",-2.6085219785953924,0.0912487083894114,0.05,0.0004155947962602749,False,0.7158502926222128,1.4297140322266517,,,,,,,,,,,,,,
US_REIT,PSA,WELL,Public Storage,Welltower Inc.,-2.4777784331091364,0.12097510997429789,0.05,0.0004155947962602749,False,-0.04547511059194863,5.8845054874536755,,,,,,,,,,,,,,
US_REIT,PLD,SPG,"Prologis, Inc.","Simon Property Group, Inc.",-2.468681124250879,0.12328166955256403,0.05,0.0004155947962602749,False,0.9812046025802349,-0.2687614424312743,,,,,,,,,,,,,,
US_REIT,DLR,O,"Digital Realty Trust, Inc.",Realty Income Corporation,-2.463924831725449,0.12450030325388695,0.05,0.0004155947962602749,False,1.5027331439194798,-0.927320577637393,,,,,,,,,,,,,,
US_REIT,DLR,WELL,"Digital Realty Trust, Inc.",Welltower Inc.,-2.398331775724779,0.14220780636782376,0.05,0.0004155947962602749,False,0.2856331315488064,3.647665268151541,,,,,,,,,,,,,,
US_REIT,O,SPG,Realty Income Corporation,"Simon Property Group, Inc.",-2.3315074620983713,0.16200741688193454,0.05,0.0004155947962602749,False,0.5597279061281345,1.1420057275280056,,,,,,,,,,,,,,
US_REIT,PSA,SPG,Public Storage,"Simon Property Group, Inc.",-2.323186042147205,0.16459900932945193,0.05,0.0004155947962602749,False,0.1259491760155055,5.010167722712715,,,,,,,,,,,,,,
US_REIT,PLD,PSA,"Prologis, Inc.",Public Storage,-2.2785651930385042,0.17897433505261856,0.05,0.0004155947962602749,False,4.554495168814198,-21.00236639242815,,,,,,,,,,,,,,
US_REIT,O,WELL,Realty Income Corporation,Welltower Inc.,-2.273295798170008,0.1807252822244591,0.05,0.0004155947962602749,False,0.28234405882161046,2.5778471264719247,,,,,,,,,,,,,,
US_REIT,DLR,PSA,"Digital Realty Trust, Inc.",Public Storage,-2.2613614764859196,0.18473252932518125,0.05,0.0004155947962602749,False,3.1020115044185723,-12.448351012444876,,,,,,,,,,,,,,
US_REIT,DLR,PLD,"Digital Realty Trust, Inc.","Prologis, Inc.",-2.2131233576118508,0.20151695985313434,0.05,0.0004155947962602749,False,0.6143915485041936,2.1729946830061238,,,,,,,,,,,,,,
US_REIT,SPG,WELL,"Simon Property Group, Inc.",Welltower Inc.,-2.172696787321623,0.2163037353888686,0.05,0.0004155947962602749,False,0.5050214726395297,2.562262476816814,,,,,,,,,,,,,,
US_REIT,EQIX,O,"Equinix, Inc.",Realty Income Corporation,-2.0557219185113595,0.2626874947590805,0.05,0.0004155947962602749,False,2.309090019351227,-2.5045115585963673,,,,,,,,,,,,,,
US_REIT,DLR,EQIX,"Digital Realty Trust, Inc.","Equinix, Inc.",-2.0180315325088314,0.2787232911267873,0.05,0.0004155947962602749,False,0.7490943552067834,0.03954049442595409,,,,,,,,,,,,,,
US_REIT,EQIX,SPG,"Equinix, Inc.","Simon Property Group, Inc.",-1.962704868808187,0.3031612133613935,0.05,0.0004155947962602749,False,0.9682805509939358,1.7910377070853496,,,,,,,,,,,,,,
US_REIT,PLD,WELL,"Prologis, Inc.",Welltower Inc.,-1.9571430511060308,0.30567455098446383,0.05,0.0004155947962602749,False,0.42360726602732013,2.6090488576862034,,,,,,,,,,,,,,
US_REIT,EQIX,PLD,"Equinix, Inc.","Prologis, Inc.",-1.8852345226361915,0.33903881915170103,0.05,0.0004155947962602749,False,0.9903825646704412,2.0393724635019206,,,,,,,,,,,,,,
US_REIT,O,PSA,Realty Income Corporation,Public Storage,-1.7470185423838136,0.40706427425643976,0.05,0.0004155947962602749,False,1.5177728369721057,-4.576660676017928,,,,,,,,,,,,,,
US_REIT,EQIX,WELL,"Equinix, Inc.",Welltower Inc.,-1.4788037357325328,0.5439695607071513,0.05,0.0004155947962602749,False,0.2841805496301499,5.3078007338672,,,,,,,,,,,,,,
US_REIT,AMT,PSA,American Tower Corporation (REI,Public Storage,-1.4085631070982676,0.578164041974905,0.05,0.0004155947962602749,False,1.9638892229676066,-5.868940645846065,,,,,,,,,,,,,,
US_RETAIL,BBY,KR,"Best Buy Co., Inc.",Kroger Company (The),-3.799984347885059,0.002907475138938176,0.05,,False,-1.283159887803861,9.557323053804756,,,,,,,,,,,,,,
US_RETAIL,BBY,COST,"Best Buy Co., Inc.",Costco Wholesale Corporation,-3.4722740237077594,0.0087283697261346,0.05,,False,-3.560351090248037,28.640452164950695,,,,,,,,,,,,,,
US_RETAIL,COST,KR,Costco Wholesale Corporation,Kroger Company (The),-3.347190335586954,0.01289641143990611,0.05,,False,0.4749591490154647,4.886977911028337,,,,,,,,,,,,,,
US_RETAIL,DG,WMT,Dollar General Corporation,Walmart Inc.,-3.203026516767027,0.019810159568915017,0.05,,False,1.5608657004594084,-2.553620993470048,,,,,,,,,,,,,,
US_RETAIL,BBY,WMT,"Best Buy Co., Inc.",Walmart Inc.,-3.0794855009486946,0.02810907509033205,0.05,,False,-0.5559899314085587,6.809438068346438,,,,,,,,,,,,,,
US_RETAIL,TJX,WMT,"TJX Companies, Inc. (The)",Walmart Inc.,-3.011691168995372,0.03381692309722513,0.05,,False,0.7201286895970507,1.5797110254392739,,,,,,,,,,,,,,
US_RETAIL,DLTR,WMT,"Dollar Tree, Inc.",Walmart Inc.,-2.975208834696798,0.03727534250191646,0.05,,False,1.4575130774587666,-2.152104961370833,,,,,,,,,,,,,,
US_RETAIL,DLTR,TJX,"Dollar Tree, Inc.","TJX Companies, Inc. (The)",-2.9478264049043346,0.040062432820738056,0.05,,False,2.0571501632367175,-5.5113952091866905,,,,,,,,,,,,,,
US_RETAIL,DG,KR,Dollar General Corporation,Kroger Company (The),-2.9374788820416557,0.04116008604483413,0.05,,False,5.659938015385907,-18.762484155084547,,,,,,,,,,,,,,
US_RETAIL,DG,DLTR,Dollar General Corporation,"Dollar Tree, Inc.",-2.9203229298031776,0.04303524476297699,0.05,,False,1.0200953390693863,-0.018666384655901425,,,,,,,,,,,,,,
US_RETAIL,BBY,DLTR,"Best Buy Co., Inc.","Dollar Tree, Inc.",-2.9141467527944864,0.04372748130809267,0.05,,False,-0.33813159994055336,5.792142249303543,,,,,,,,,,,,,,
US_RETAIL,BBY,DG,"Best Buy Co., Inc.",Dollar General Corporation,-2.8712490376578663,0.048794950761593125,0.05,,False,-0.37449649299921084,5.984020557830302,,,,,,,,,,,,,,
US_RETAIL,DG,TJX,Dollar General Corporation,"TJX Companies, Inc. (The)",-2.8702698012187136,0.04891605349416288,0.05,,False,2.2048226443214074,-6.1599037135815236,,,,,,,,,,,,,,
US_RETAIL,DLTR,KR,"Dollar Tree, Inc.",Kroger Company (The),-2.836790452245986,0.05320764326863573,0.05,,False,4.84705900140607,-15.479066458924915,,,,,,,,,,,,,,
US_RETAIL,COST,TGT,Costco Wholesale Corporation,Target Corporation,-2.7216540015470954,0.07036555011093724,0.05,,False,-0.07730909553215609,7.211528811684146,,,,,,,,,,,,,,
US_RETAIL,COST,DG,Costco Wholesale Corporation,Dollar General Corporation,-2.611620570311122,0.09061923780469738,0.05,,False,0.005513766967626943,6.822366881977255,,,,,,,,,,,,,,
US_RETAIL,COST,DLTR,Costco Wholesale Corporation,"Dollar Tree, Inc.",-2.609249168374501,0.09110068056762316,0.05,,False,0.015510214054860258,6.777471911497395,,,,,,,,,,,,,,
US_RETAIL,COST,WMT,Costco Wholesale Corporation,Walmart Inc.,-2.598453091278633,0.0933174036833137,0.05,,False,0.2342246000116376,5.773760681874337,,,,,,,,,,,,,,
US_RETAIL,KR,TGT,Kroger Company (The),Target Corporation,-2.5858843447859026,0.09594992253683121,0.05,,False,-0.46200556648158386,6.302272565768103,,,,,,,,,,,,,,
US_RETAIL,COST,ROST,Costco Wholesale Corporation,"Ross Stores, Inc.",-2.5209513110711934,0.11045950630393947,0.05,,False,0.10260210295759348,6.3274660639902125,,,,,,,,,,,,,,
US_RETAIL,COST,TJX,Costco Wholesale Corporation,"TJX Companies, Inc. (The)",-2.431809706231435,0.1329588599981748,0.05,,False,0.2307310248291639,5.721386638931976,,,,,,,,,,,,,,
US_RETAIL,KR,ROST,Kroger Company (The),"Ross Stores, Inc.",-2.373685385911457,0.14930165473075846,0.05,,False,0.17010038437381397,3.2657355581847947,,,,,,,,,,,,,,
US_RETAIL,KR,WMT,Kroger Company (The),Walmart Inc.,-2.3111406924764006,0.16840004786763457,0.05,,False,0.4756488883878189,1.9473048614681998,,,,,,,,,,,,,,
US_RETAIL,BBY,TGT,"Best Buy Co., Inc.",Target Corporation,-2.310190164709885,0.16870250034595397,0.05,,False,0.518571949599329,1.8199086912702525,,,,,,,,,,,,,,
US_RETAIL,BBY,TJX,"Best Buy Co., Inc.","TJX Companies, Inc. (The)",-2.155918381006229,0.22263155799743267,0.05,,False,-0.9031768617692598,8.669110663319387,,,,,,,,,,,,,,
US_RETAIL,ROST,WMT,"Ross Stores, Inc.",Walmart Inc.,-2.1171628888805643,0.23766955308549287,0.05,,False,1.0649558390888847,0.1877456623960878,,,,,,,,,,,,,,
US_RETAIL,BBY,ROST,"Best Buy Co., Inc.","Ross Stores, Inc.",-2.1062622869283607,0.2420039719514842,0.05,,False,-0.339127566580103,5.979736693801653,,,,,,,,,,,,,,
US_RETAIL,KR,TJX,Kroger Company (The),"TJX Companies, Inc. (The)",-2.104720749420581,0.24262060641904204,0.05,,False,0.6602618396459371,0.9050861911384813,,,,,,,,,,,,,,
US_RETAIL,DG,TGT,Dollar General Corporation,Target Corporation,-1.8868512552553671,0.3382717519815918,0.05,,False,-2.5054294496828664,16.39276397661122,,,,,,,,,,,,,,
US_RETAIL,DG,ROST,Dollar General Corporation,"Ross Stores, Inc.",-1.794646939835144,0.3831225594546498,0.05,,False,1.3803780233229237,-2.3963260787701426,,,,,,,,,,,,,,
US_RETAIL,DLTR,ROST,"Dollar Tree, Inc.","Ross Stores, Inc.",-1.764736363824505,0.3981042409850598,0.05,,False,1.3421709106012985,-2.2749683819842472,,,,,,,,,,,,,,
US_RETAIL,DLTR,TGT,"Dollar Tree, Inc.",Target Corporation,-1.7627700658467265,0.3990956014099082,0.05,,False,-1.9849137904946779,13.871078913690681,,,,,,,,,,,,,,
US_RETAIL,ROST,TJX,"Ross Stores, Inc.","TJX Companies, Inc. (The)",-1.7536732881235946,0.4036918500905322,0.05,,False,1.5026770954204622,-2.2647566811468325,,,,,,,,,,,,,,
US_RETAIL,ROST,TGT,"Ross Stores, Inc.",Target Corporation,-1.5882085671549115,0.48951400126030226,0.05,,False,1.3090626705437396,-1.0889465370419193,,,,,,,,,,,,,,
US_RETAIL,TGT,WMT,Target Corporation,Walmart Inc.,-1.4487080151828942,0.5587151946419201,0.05,,False,-0.9829722412537198,9.21273955410035,,,,,,,,,,,,,,
US_RETAIL,TGT,TJX,Target Corporation,"TJX Companies, Inc. (The)",-1.2623593457303375,0.6462122968596881,0.05,,False,-2.610366136646115,17.448579230511996,,,,,,,,,,,,,,
US_SEMICONDUCTORS,ADI,MU,"Analog Devices, Inc.","Micron Technology, Inc.",-3.560584737877024,0.0065608445673791885,0.05,,False,0.2927337434109286,4.010442329811444,,,,,,,,,,,,,,
US_SEMICONDUCTORS,AVGO,NVDA,Broadcom Inc.,NVIDIA Corporation,-3.559847913544851,0.006576708743064472,0.05,,False,1.59978083491311,-2.513611770166384,,,,,,,,,,,,,,
US_SEMICONDUCTORS,NVDA,QCOM,NVIDIA Corporation,QUALCOMM Incorporated,-3.5133974811640445,0.00764961153099603,0.05,,False,3.983722505316544,-15.147617623487172,,,,,,,,,,,,,,
US_SEMICONDUCTORS,MRVL,QCOM,"Marvell Technology, Inc.",QUALCOMM Incorporated,-3.477935104710369,0.008572182748328548,0.05,,False,4.896425858978234,-20.315944091690987,,,,,,,,,,,,,,
US_SEMICONDUCTORS,INTC,MU,Intel Corporation,"Micron Technology, Inc.",-3.287991678747688,0.015423854408859195,0.05,,False,0.7036005427917105,-0.16276473840572292,,,,,,,,,,,,,,
US_SEMICONDUCTORS,ADI,INTC,"Analog Devices, Inc.",Intel Corporation,-3.233343489303053,0.01813395508808738,0.05,,False,0.4051445499072053,4.115961122386835,,,,,,,,,,,,,,
US_SEMICONDUCTORS,AMD,QCOM,"Advanced Micro Devices, Inc.",QUALCOMM Incorporated,-3.1054823967906704,0.02615011796187411,0.05,,False,5.697648238371808,-23.704170698349564,,,,,,,,,,,,,,
US_SEMICONDUCTORS,INTC,QCOM,Intel Corporation,QUALCOMM Incorporated,-2.9982768239579607,0.035055636900722546,0.05,,False,8.381793210821648,-39.0022625996836,,,,,,,,,,,,,,
US_SEMICONDUCTORS,ON,QCOM,ON Semiconductor Corporation,QUALCOMM Incorporated,-2.9802026015138456,0.03678504776111098,0.05,,False,3.3140144631047885,-12.68211904790034,,,,,,,,,,,,,,
US_SEMICONDUCTORS,MU,QCOM,"Micron Technology, Inc.",QUALCOMM Incorporated,-2.9589072982631803,0.0389142465973261,0.05,,False,14.91845533113005,-70.43027527107914,,,,,,,,,,,,,,
US_SEMICONDUCTORS,QCOM,TXN,QUALCOMM Incorporated,Texas Instruments Incorporated,-2.9567212098716995,0.03913855593212492,0.05,,False,0.5689352924783712,2.0707276692598082,,,,,,,,,,,,,,
US_SEMICONDUCTORS,ADI,QCOM,"Analog Devices, Inc.",QUALCOMM Incorporated,-2.9253074595497863,0.04248324189679822,0.05,,False,3.7435662330222894,-13.447432069345956,,,,,,,,,,,,,,
US_SEMICONDUCTORS,MPWR,QCOM,"Monolithic Power Systems, Inc.",QUALCOMM Incorporated,-2.8925412948121902,0.04622224372070349,0.05,,False,4.807307766806593,-17.60119467779165,,,,,,,,,,,,,,
US_SEMICONDUCTORS,AVGO,QCOM,Broadcom Inc.,QUALCOMM Incorporated,-2.8039528745561872,0.05771134276359813,0.05,,False,9.704627450472843,-43.62645137664287,,,,,,,,,,,,,,
US_SEMICONDUCTORS,INTC,MPWR,Intel Corporation,"Monolithic Power Systems, Inc.",-2.6051588777807755,0.09193571313261917,0.05,,False,1.9280066459595568,-9.559836806995678,,,,,,,,,,,,,,
US_SEMICONDUCTORS,AMD,INTC,"Advanced Micro Devices, Inc.",Intel Corporation,-2.59782182474738,0.09344828816237954,0.05,,False,0.7954460039930433,2.407261426759203,,,,,,,,,,,,,,
US_SEMICONDUCTORS,AVGO,SWKS,Broadcom Inc.,"Skyworks Solutions, Inc.",-2.46576285544683,0.12402833717896855,0.05,,False,-2.8898170330922746,17.888841426981564,,,,,,,,,,,,,,
US_SEMICONDUCTORS,MRVL,TXN,"Marvell Technology, Inc.",Texas Instruments Incorporated,-2.4652112905505312,0.1241698302853147,0.05,,False,2.6190411259496345,-9.29890235418517,,,,,,,,,,,,,,
US_SEMICONDUCTORS,NVDA,SWKS,NVIDIA Corporation,"Skyworks Solutions, Inc.",-2.4411751170486915,0.13045057568284107,0.05,,False,-1.62011671055189,11.957585176680467,,,,,,,,,,,,,,
US_SEMICONDUCTORS,ADI,SWKS,"Analog Devices, Inc.","Skyworks Solutions, Inc.",-2.355366063560692,0.15473214607162122,0.05,,False,-2.001249818766811,14.069097599234404,,,,,,,,,,,,,,
US_SEMICONDUCTORS,INTC,SWKS,Intel Corporation,"Skyworks Solutions, Inc.",-2.343872445072933,0.15820823788372163,0.05,,False,-9.170067786926138,42.63866538339771,,,,,,,,,,,,,,
US_SEMICONDUCTORS,ADI,AMD,"Analog Devices, Inc.","Advanced Micro Devices, Inc.",-2.311737624601619,0.1682102947454639,0.05,,False,0.4914525893387039,2.9821926445045572,,,,,,,,,,,,,,
US_SEMICONDUCTORS,MU,SWKS,"Micron Technology, Inc.","Skyworks Solutions, Inc.",-2.3088133812533425,0.1691412345226529,0.05,,False,-10.52773410740213,50.12972229501782,,,,,,,,,,,,,,
US_SEMICONDUCTORS,ADI,MPWR,"Analog Devices, Inc.","Monolithic Power Systems, Inc.",-2.2861831683131193,0.1764629036630832,0.05,,False,0.7451536170621669,0.4858450709372333,,,,,,,,,,,,,,
US_SEMICONDUCTORS,AMD,TXN,"Advanced Micro Devices, Inc.",Texas Instruments Incorporated,-2.281674646323193,0.17794639187448646,0.05,,False,3.182149365110783,-11.59286497306923,,,,,,,,,,,,,,
US_SEMICONDUCTORS,MRVL,ON,"Marvell Technology, Inc.",ON Semiconductor Corporation,-2.2802447679979165,0.17841860307989565,0.05,,False,1.4918566219993072,-1.6372596099225767,,,,,,,,,,,,,,
US_SEMICONDUCTORS,ON,TXN,ON Semiconductor Corporation,Texas Instruments Incorporated,-2.186004294193272,0.21136424731195763,0.05,,False,1.7596521545949473,-5.157201361811501,,,,,,,,,,,,,,
US_SEMICONDUCTORS,AMD,MPWR,"Advanced Micro Devices, Inc.","Monolithic Power Systems, Inc.",-2.173986233552133,0.2158220401821747,0.05,,False,1.5000102745005233,-4.969968851144466,,,,,,,,,,,,,,
US_SEMICONDUCTORS,ADI,NVDA,"Analog Devices, Inc.",NVIDIA Corporation,-2.1690285249961794,0.21767768263301246,0.05,,False,1.0637775549615658,0.16215164744889865,,,,,,,,,,,,,,
US_SEMICONDUCTORS,MPWR,SWKS,"Monolithic Power Systems, Inc.","Skyworks Solutions, Inc.",-2.163536250502427,0.2197447680203709,0.05,,False,-7.710151113054132,39.69236067230274,,,,,,,,,,,,,,
US_SEMICONDUCTORS,AMD,SWKS,"Advanced Micro Devices, Inc.","Skyworks Solutions, Inc.",-2.147555906545623,0.22582680065265914,0.05,,False,-15.51023711771531,71.42098618048975,,,,,,,,,,,,,,
US_SEMICONDUCTORS,AVGO,INTC,Broadcom Inc.,Intel Corporation,-2.1246647919424193,0.23471310564446823,0.05,,False,0.5368657796292177,3.6833856825771605,,,,,,,,,,,,,,
US_SEMICONDUCTORS,AMD,MU,"Advanced Micro Devices, Inc.","Micron Technology, Inc.",-2.119516141975073,0.23673981626065405,0.05,,False,0.5535389769033022,2.309442064687981,,,,,,,,,,,,,,
US_SEMICONDUCTORS,INTC,MRVL,Intel Corporation,"Marvell Technology, Inc.",-2.116988195329189,0.23773865703624486,0.05,,False,1.5859995420569224,-3.659766510803754,,,,,,,,,,,,,,
US_SEMICONDUCTORS,MPWR,NVDA,"Monolithic Power Systems, Inc.",NVIDIA Corporation,-2.1154497693520056,0.23834772282049438,0.05,,False,1.5077999654323142,-0.8383708000542471,,,,,,,,,,,,,,
US_SEMICONDUCTORS,MPWR,MU,"Monolithic Power Systems, Inc.","Micron Technology, Inc.",-2.030060631179566,0.27355004688796924,0.05,,False,0.3650180199751422,4.873564277379097,,,,,,,,,,,,,,
US_SEMICONDUCTORS,MRVL,SWKS,"Marvell Technology, Inc.","Skyworks Solutions, Inc.",-2.0299881497576417,0.27358106440589147,0.05,,False,-37.928083114537884,166.51448388875397,,,,,,,,,,,,,,
US_SEMICONDUCTORS,MU,TXN,"Micron Technology, Inc.",Texas Instruments Incorporated,-2.0221056893653713,0.27696541729526475,0.05,,False,5.968162309420576,-26.270805203157995,,,,,,,,,,,,,,
US_SEMICONDUCTORS,INTC,NVDA,Intel Corporation,NVIDIA Corporation,-2.010163546652151,0.282134595701933,0.05,,False,3.0752240772972894,-12.023280438919146,,,,,,,,,,,,,,
US_SEMICONDUCTORS,INTC,TXN,Intel Corporation,Texas Instruments Incorporated,-2.0041283872677935,0.2847658841766889,0.05,,False,3.9557731801191522,-17.365033179375146,,,,,,,,,,,,,,
US_SEMICONDUCTORS,AMD,ON,"Advanced Micro Devices, Inc.",ON Semiconductor Corporation,-1.9851175261310943,0.2931364266614697,0.05,,False,1.818281053619664,-2.307213043043884,,,,,,,,,,,,,,
US_SEMICONDUCTORS,INTC,ON,Intel Corporation,ON Semiconductor Corporation,-1.9799868384775985,0.29541652016387565,0.05,,False,2.4982251301746445,-6.799432018364133,,,,,,,,,,,,,,
US_SEMICONDUCTORS,MU,NVDA,"Micron Technology, Inc.",NVIDIA Corporation,-1.961859219248976,0.30354270564904906,0.05,,False,4.104534879441085,-15.516301066760736,,,,,,,,,,,,,,
US_SEMICONDUCTORS,MU,ON,"Micron Technology, Inc.",ON Semiconductor Corporation,-1.96179916201625,0.3035698077501343,0.05,,False,4.0015249825163774,-11.285178740105358,,,,,,,,,,,,,,
US_SEMICONDUCTORS,AMD,NVDA,"Advanced Micro Devices, Inc.",NVIDIA Corporation,-1.9599231448358385,0.3044169923827833,0.05,,False,2.2632873694215787,-6.235451081164686,,,,,,,,,,,,,,
US_SEMICONDUCTORS,NVDA,ON,NVIDIA Corporation,ON Semiconductor Corporation,-1.8727166647305018,0.34500286737317853,0.05,,False,0.5582240527771474,2.7429897836122743,,,,,,,,,,,,,,
US_SEMICONDUCTORS,AMD,MRVL,"Advanced Micro Devices, Inc.","Marvell Technology, Inc.",-1.851774325000127,0.3550766731999713,0.05,,False,1.2161522697847549,-0.2997997479382022,,,,,,,,,,,,,,
US_SEMICONDUCTORS,AVGO,MPWR,Broadcom Inc.,"Monolithic Power Systems, Inc.",-1.8325364568566271,0.3644320325998427,0.05,,False,1.1881861579621755,-2.483349759340329,,,,,,,,,,,,,,
US_SEMICONDUCTORS,QCOM,SWKS,QUALCOMM Incorporated,"Skyworks Solutions, Inc.",-1.7912696424503383,0.3848046071808511,0.05,,False,0.4438224220829544,3.1707842359373495,,,,,,,,,,,,,,
US_SEMICONDUCTORS,AVGO,MU,Broadcom Inc.,"Micron Technology, Inc.",-1.7752858704134191,0.39279875014278287,0.05,,False,0.3826099118159337,3.570882793243549,,,,,,,,,,,,,,
US_SEMICONDUCTORS,MPWR,ON,"Monolithic Power Systems, Inc.",ON Semiconductor Corporation,-1.7243573312999263,0.4186085501680532,0.05,,False,1.1102956677493723,2.1938005635083107,,,,,,,,,,,,,,
US_SEMICONDUCTORS,ADI,AVGO,"Analog Devices, Inc.",Broadcom Inc.,-1.6346329314970398,0.4650665957527338,0.05,,False,0.6039142588913218,2.171981704653407,,,,,,,,,,,,,,
US_SEMICONDUCTORS,AMD,AVGO,"Advanced Micro Devices, Inc.",Broadcom Inc.,-1.6141063618164555,0.47582042688067433,0.05,,False,1.400898096289358,-2.6025356238634396,,,,,,,,,,,,,,
US_SEMICONDUCTORS,ADI,MRVL,"Analog Devices, Inc.","Marvell Technology, Inc.",-1.5725238159449617,0.4973793196019582,0.05,,False,0.5222914035058608,3.1735685579750164,,,,,,,,,,,,,,
US_SEMICONDUCTORS,AVGO,ON,Broadcom Inc.,ON Semiconductor Corporation,-1.5459458302380928,0.5106726667095652,0.05,,False,2.1702047239568056,-3.373356362571612,,,,,,,,,,,,,,
US_SEMICONDUCTORS,ADI,TXN,"Analog Devices, Inc.",Texas Instruments Incorporated,-1.5366636314467899,0.5153027416601959,0.05,,False,1.4377793874567488,-2.051135269144261,,,,,,,,,,,,,,
US_SEMICONDUCTORS,ADI,ON,"Analog Devices, Inc.",ON Semiconductor Corporation,-1.5319884995395594,0.5176319427851697,0.05,,False,0.7590251123280634,2.4012750044929145,,,,,,,,,,,,,,
US_SEMICONDUCTORS,NVDA,TXN,NVIDIA Corporation,Texas Instruments Incorporated,-1.5269166426899776,0.5201565417532328,0.05,,False,1.5954708874785095,-3.364913519714775,,,,,,,,,,,,,,
US_SEMICONDUCTORS,MRVL,MU,"Marvell Technology, Inc.","Micron Technology, Inc.",-1.5067786348670769,0.5301554197006662,0.05,,False,0.40530664028515045,2.4025732660466463,,,,,,,,,,,,,,
US_SEMICONDUCTORS,MPWR,TXN,"Monolithic Power Systems, Inc.",Texas Instruments Incorporated,-1.4062891076488357,0.5792573549715145,0.05,,False,2.123861352298842,-4.4280984042704175,,,,,,,,,,,,,,
US_SEMICONDUCTORS,MRVL,NVDA,"Marvell Technology, Inc.",NVIDIA Corporation,-1.3651744938406314,0.5988534054169675,0.05,,False,2.3674686074721065,-7.431521114420461,,,,,,,,,,,,,,
US_SEMICONDUCTORS,MPWR,MRVL,"Monolithic Power Systems, Inc.","Marvell Technology, Inc.",-1.3517361397346705,0.6051834770135199,0.05,,False,0.7021063341474663,3.601598729087631,,,,,,,,,,,,,,
US_SEMICONDUCTORS,ON,SWKS,ON Semiconductor Corporation,"Skyworks Solutions, Inc.",-1.1941445793561365,0.6761094802652581,0.05,,False,2.920854029383401,-8.368308110444886,,,,,,,,,,,,,,
US_SEMICONDUCTORS,AVGO,TXN,Broadcom Inc.,Texas Instruments Incorporated,-1.123518265451091,0.7056025578617671,0.05,,False,3.7493760311003155,-14.199927694984524,,,,,,,,,,,,,,
US_SEMICONDUCTORS,AVGO,MRVL,Broadcom Inc.,"Marvell Technology, Inc.",-1.016888259484658,0.74705496935961,0.05,,False,0.8314370060006614,1.808582040273587,,,,,,,,,,,,,,
US_SEMICONDUCTORS,SWKS,TXN,"Skyworks Solutions, Inc.",Texas Instruments Incorporated,-0.045471233121549194,0.9546061696201966,0.05,,False,3.3264043059791493,-13.244854037772246,,,,,,,,,,,,,,
US_STAPLES,CLX,PG,Clorox Company (The),Procter & Gamble Company (The),-4.440025463104191,0.00025198604942858936,0.05,0.0022747489216817514,True,3.4424766786822634,-12.528684249022632,9.036879990817846,-9.860937897237704e-05,-0.076702045536096,27.0,-1.1678990591837741,2.260166674470046,False,,0.2,-0.019731927388880795,-0.004970464400368968,0.4152900968739812,False,still diverging
US_STAPLES,GIS,PG,"General Mills, Inc.",Procter & Gamble Company (The),-3.8850982810151202,0.002147294130908117,0.05,0.0022747489216817514,True,4.511959632343218,-18.8219967821327,11.825571467066732,-0.00033463223542226726,-0.05861426506873724,35.0,-1.8288628193052705,2.5795261673213887,False,,0.2,-0.015277880868427265,0.15472606344593953,0.5474884856172191,False,still diverging
US_STAPLES,KHC,PG,The Kraft Heinz Company,Procter & Gamble Company (The),-3.869056844016146,0.0022747489216817514,0.05,0.0022747489216817514,True,2.451878561170564,-9.10195700948002,11.883603423771977,1.9461550283509578e-05,-0.058328030298736885,36.0,-2.3453663786211143,2.8075119060161184,True,2026-10-06 00:00:00,0.4,-0.0038095279492512905,0.27904913685256716,0.5609355365211326,False,mixed signal
US_STAPLES,KMB,PG,Kimberly-Clark Corporation,Procter & Gamble Company (The),-3.6481122004503193,0.004905110124822569,0.05,0.0022747489216817514,False,2.557230310796395,-8.123292473931018,,,,,,,,,,,,,,
US_STAPLES,KO,PG,Coca-Cola Company (The),Procter & Gamble Company (The),-3.5947738500537136,0.005861730141299016,0.05,0.0022747489216817514,False,-2.4568163878155445,16.586078898097263,,,,,,,,,,,,,,
US_STAPLES,CLX,KO,Clorox Company (The),Coca-Cola Company (The),-3.127237822128488,0.024602040123214514,0.05,0.0022747489216817514,False,-2.3812696754758806,14.848863700210153,,,,,,,,,,,,,,
US_STAPLES,CHD,PG,"Church & Dwight Company, Inc.",Procter & Gamble Company (The),-3.1081883621953024,0.02595311777565304,0.05,0.0022747489216817514,False,1.463694444802158,-2.8003143592418454,,,,,,,,,,,,,,
US_STAPLES,HSY,KMB,The Hershey Company,Kimberly-Clark Corporation,-3.036092947269589,0.031658503929732476,0.05,0.0022747489216817514,False,-0.6725974338930001,8.361588333425894,,,,,,,,,,,,,,
US_STAPLES,HSY,PG,The Hershey Company,Procter & Gamble Company (The),-3.025249273220563,0.03260277377740137,0.05,0.0022747489216817514,False,-4.244241600515748,26.529440699534664,,,,,,,,,,,,,,
US_STAPLES,GIS,KO,"General Mills, Inc.",Coca-Cola Company (The),-2.9611257965286635,0.038687714539340175,0.05,0.0022747489216817514,False,-2.8131075413197175,15.761011378306653,,,,,,,,,,,,,,
US_STAPLES,KHC,KMB,The Kraft Heinz Company,Kimberly-Clark Corporation,-2.7081553074581843,0.07263764535586374,0.05,0.0022747489216817514,False,0.9222180212411532,-1.1396654729615112,,,,,,,,,,,,,,
US_STAPLES,HSY,KHC,The Hershey Company,The Kraft Heinz Company,-2.6374596396416896,0.08549959536315982,0.05,0.0022747489216817514,False,-0.64655689072925,7.2624006968632315,,,,,,,,,,,,,,
US_STAPLES,CLX,GIS,Clorox Company (The),"General Mills, Inc.",-2.615259263637397,0.08988432092174092,0.05,0.0022747489216817514,False,0.8135755576917707,1.6352187777521294,,,,,,,,,,,,,,
US_STAPLES,CHD,HSY,"Church & Dwight Company, Inc.",The Hershey Company,-2.596717937402539,0.09367750215159198,0.05,0.0022747489216817514,False,-0.3226003070207816,6.23369782841846,,,,,,,,,,,,,,
US_STAPLES,MDLZ,PG,"Mondelez International, Inc.",Procter & Gamble Company (The),-2.5878628004826516,0.09553181627549456,0.05,0.0022747489216817514,False,1.6413019428473827,-4.163800910140811,,,,,,,,,,,,,,
US_STAPLES,KMB,MDLZ,Kimberly-Clark Corporation,"Mondelez International, Inc.",-2.540275954991628,0.10597968531174373,0.05,0.0022747489216817514,False,2.07952905796694,-3.7721707459721596,,,,,,,,,,,,,,
US_STAPLES,KHC,KO,The Kraft Heinz Company,Coca-Cola Company (The),-2.4814007340350153,0.12006555910883066,0.05,0.0022747489216817514,False,-1.5545541005176347,9.800231808072468,,,,,,,,,,,,,,
US_STAPLES,CLX,HSY,Clorox Company (The),The Hershey Company,-2.4383294463807554,0.13120907845048518,0.05,0.0022747489216817514,False,-2.9830914147558705,20.215999255239698,,,,,,,,,,,,,,
US_STAPLES,KMB,KO,Kimberly-Clark Corporation,Coca-Cola Company (The),-2.4138002347744174,0.13787921761815786,0.05,0.0022747489216817514,False,-1.708296576571062,11.958112990743466,,,,,,,,,,,,,,
US_STAPLES,GIS,HSY,"General Mills, Inc.",The Hershey Company,-2.385653264495727,0.14582667865469778,0.05,0.0022747489216817514,False,-4.177596856727477,25.479484727501045,,,,,,,,,,,,,,
US_STAPLES,CHD,KO,"Church & Dwight Company, Inc.",Coca-Cola Company (The),-2.374229031814207,0.14914255846988428,0.05,0.0022747489216817514,False,-0.526402952036588,6.7883366291476515,,,,,,,,,,,,,,
US_STAPLES,CHD,KHC,"Church & Dwight Company, Inc.",The Kraft Heinz Company,-2.3599519339566277,0.15336006967016574,0.05,0.0022747489216817514,False,0.4831788895877094,3.0017110764431525,,,,,,,,,,,,,,
US_STAPLES,HSY,PEP,The Hershey Company,"Pepsico, Inc.",-2.354462591917813,0.15500346028091538,0.05,0.0022747489216817514,False,1.4886514336018983,-2.2258256600846726,,,,,,,,,,,,,,
US_STAPLES,KO,MDLZ,Coca-Cola Company (The),"Mondelez International, Inc.",-2.3458004521796667,0.15762141794413398,0.05,0.0022747489216817514,False,-5.035456153823552,24.849553114467447,,,,,,,,,,,,,,
US_STAPLES,CLX,KHC,Clorox Company (The),The Kraft Heinz Company,-2.3313236826676524,0.16206434986171425,0.05,0.0022747489216817514,False,1.5778431764391954,-0.3122316528959965,,,,,,,,,,,,,,
US_STAPLES,HSY,MDLZ,The Hershey Company,"Mondelez International, Inc.",-2.322161924228697,0.16491989421079378,0.05,0.0022747489216817514,False,-8.444033465801652,39.76066095995125,,,,,,,,,,,,,,
US_STAPLES,CHD,CL,"Church & Dwight Company, Inc.",Colgate-Palmolive Company,-2.2922521360702186,0.17447898945727114,0.05,0.0022747489216817514,False,0.9713618666078481,0.22735344336056063,,,,,,,,,,,,,,
US_STAPLES,KHC,MDLZ,The Kraft Heinz Company,"Mondelez International, Inc.",-2.249706515180328,0.18870168925786612,0.05,0.0022747489216817514,False,1.9421367120965227,-4.71821223421866,,,,,,,,,,,,,,
US_STAPLES,PEP,PG,"Pepsico, Inc.",Procter & Gamble Company (The),-2.221075635726919,0.19868532642553927,0.05,0.0022747489216817514,False,3.998680123918337,-15.157282472891797,,,,,,,,,,,,,,
US_STAPLES,CLX,MDLZ,Clorox Company (The),"Mondelez International, Inc.",-2.2052446747679975,0.20434745232593948,0.05,0.0022747489216817514,False,4.397174175585663,-13.216716363005563,,,,,,,,,,,,,,
US_STAPLES,CHD,GIS,"Church & Dwight Company, Inc.","General Mills, Inc.",-2.184421187038336,0.21194817447801523,0.05,0.0022747489216817514,False,0.19134918227341766,3.8226416431218464,,,,,,,,,,,,,,
US_STAPLES,GIS,MDLZ,"General Mills, Inc.","Mondelez International, Inc.",-2.1584121558457507,0.2216840247680163,0.05,0.0022747489216817514,False,5.153315156086605,-17.225104667066503,,,,,,,,,,,,,,
US_STAPLES,CHD,CLX,"Church & Dwight Company, Inc.",Clorox Company (The),-2.1498316399249497,0.22495454057646824,0.05,0.0022747489216817514,False,0.33404716589517447,2.9638816988030543,,,,,,,,,,,,,,
US_STAPLES,CHD,KMB,"Church & Dwight Company, Inc.",Kimberly-Clark Corporation,-2.1114940589457887,0.23991797092406542,0.05,0.0022747489216817514,False,0.4191632299389719,2.5765215237905075,,,,,,,,,,,,,,
US_STAPLES,CL,MDLZ,Colgate-Palmolive Company,"Mondelez International, Inc.",-2.1054660197384822,0.24232237560403458,0.05,0.0022747489216817514,False,1.0473256374187707,0.17631106509829042,,,,,,,,,,,,,,
US_STAPLES,KMB,PEP,Kimberly-Clark Corporation,"Pepsico, Inc.",-2.088249227823178,0.24926582237442252,0.05,0.0022747489216817514,False,-9.783149517437817,53.34358115275589,,,,,,,,,,,,,,
US_STAPLES,CHD,MDLZ,"Church & Dwight Company, Inc.","Mondelez International, Inc.",-2.086413523437414,0.25001276930069616,0.05,0.0022747489216817514,False,1.0244097882319365,0.3696212345763872,,,,,,,,,,,,,,
US_STAPLES,GIS,KHC,"General Mills, Inc.",The Kraft Heinz Company,-2.068574306559338,0.2573372857151726,0.05,0.0022747489216817514,False,1.8676698149079793,-2.161456923496936,,,,,,,,,,,,,,
US_STAPLES,CLX,KMB,Clorox Company (The),Kimberly-Clark Corporation,-2.020039191182235,0.2778563161330505,0.05,0.0022747489216817514,False,1.4737701567685721,-2.198995629181468,,,,,,,,,,,,,,
US_STAPLES,CL,KO,Colgate-Palmolive Company,Coca-Cola Company (The),-2.019366589870245,0.27814660993172124,0.05,0.0022747489216817514,False,0.1291078693891152,3.921769601634133,,,,,,,,,,,,,,
US_STAPLES,CL,PG,Colgate-Palmolive Company,Procter & Gamble Company (The),-1.9981688992219755,0.2873765497626646,0.05,0.0022747489216817514,False,1.595853477968125,-3.5648815786071237,,,,,,,,,,,,,,
US_STAPLES,CL,KHC,Colgate-Palmolive Company,The Kraft Heinz Company,-1.9402238053577288,0.31338145530153283,0.05,0.0022747489216817514,False,0.5316713272238884,2.7452626389964943,,,,,,,,,,,,,,
US_STAPLES,CLX,PEP,Clorox Company (The),"Pepsico, Inc.",-1.9380224299171906,0.31439089359257355,0.05,0.0022747489216817514,False,11.07264108648655,-50.20546624141572,,,,,,,,,,,,,,
US_STAPLES,CL,HSY,Colgate-Palmolive Company,The Hershey Company,-1.924330084418741,0.32070344302505654,0.05,0.0022747489216817514,False,0.20840401704706768,3.3895594763040835,,,,,,,,,,,,,,
US_STAPLES,GIS,PEP,"General Mills, Inc.","Pepsico, Inc.",-1.9097851232505039,0.3274719744126337,0.05,0.0022747489216817514,False,12.693709307554885,-59.16873901860931,,,,,,,,,,,,,,
US_STAPLES,GIS,KMB,"General Mills, Inc.",Kimberly-Clark Corporation,-1.8210925495955326,0.37004124506012126,0.05,0.0022747489216817514,False,1.812081494430423,-4.715682897885566,,,,,,,,,,,,,,
US_STAPLES,CL,GIS,Colgate-Palmolive Company,"General Mills, Inc.",-1.797135919903987,0.381884554161521,0.05,0.0022747489216817514,False,0.1896429191085562,3.729838794937651,,,,,,,,,,,,,,
US_STAPLES,CL,CLX,Colgate-Palmolive Company,Clorox Company (The),-1.790545562549867,0.38516555899275773,0.05,0.0022747489216817514,False,0.25982856922214936,3.2204539495079643,,,,,,,,,,,,,,
US_STAPLES,CL,PEP,Colgate-Palmolive Company,"Pepsico, Inc.",-1.7647803317102773,0.39808208222459146,0.05,0.0022747489216817514,False,0.9527688855091827,-0.266001647933658,,,,,,,,,,,,,,
US_STAPLES,CHD,PEP,"Church & Dwight Company, Inc.","Pepsico, Inc.",-1.757538347480746,0.40173702118568594,0.05,0.0022747489216817514,False,0.8452321984202603,0.36760882081241864,,,,,,,,,,,,,,
US_STAPLES,CL,KMB,Colgate-Palmolive Company,Kimberly-Clark Corporation,-1.716911924545601,0.42242068330010485,0.05,0.0022747489216817514,False,0.3897130433545973,2.616882788425688,,,,,,,,,,,,,,
US_STAPLES,HSY,KO,The Hershey Company,Coca-Cola Company (The),-1.5979628840164746,0.48461670932317386,0.05,0.0022747489216817514,False,1.264500515072613,-0.16899200559843752,,,,,,,,,,,,,,
US_STAPLES,MDLZ,PEP,"Mondelez International, Inc.","Pepsico, Inc.",-1.565181913631712,0.5010562553049515,0.05,0.0022747489216817514,False,0.6567572678124064,0.8342200523634653,,,,,,,,,,,,,,
US_STAPLES,KHC,PEP,The Kraft Heinz Company,"Pepsico, Inc.",-1.5439939768011484,0.5116468690587358,0.05,0.0022747489216817514,False,2.796282379497477,-10.652308045694637,,,,,,,,,,,,,,
US_STAPLES,KO,PEP,Coca-Cola Company (The),"Pepsico, Inc.",-1.5253748139541874,0.5209235317600661,0.05,0.0022747489216817514,False,2.8727806375152105,-10.04889664029321,,,,,,,,,,,,,,
US_UTILITIES,PPL,WEC,PPL Corporation,"WEC Energy Group, Inc.",-4.497410619139178,0.00019876924241419756,0.05,0.0059512895353867725,True,0.8019815868339558,-0.19149598514440935,8.442329451394912,-7.424828724960912e-05,-0.08210378243950403,25.0,0.9689897908696627,2.5492669435575,False,,0.6,-0.0007017558640143385,-0.044970996787122575,-0.5838073862678429,False,mixed signal
US_UTILITIES,AEP,PEG,American Electric Power Company,Public Service Enterprise Group,-4.038496537203273,0.0012218188148301029,0.05,0.0059512895353867725,True,16.486888335539447,-67.37022857592427,12.874235322388143,-0.0036933465301422557,-0.05383987189938734,39.0,-0.18180081824213667,2.845926034623701,False,,0.8,0.09654373449098923,-0.0370225819308575,1.146259096607329,True,reversion signs agree
US_UTILITIES,ES,FE,Eversource Energy (D/B/A),FirstEnergy Corp.,-3.9414254809805387,0.001750270322201894,0.05,0.0059512895353867725,True,0.9864796051259102,0.44513233680771513,13.457930423618874,0.00011364028743663298,-0.051504738005143894,40.0,-1.0956508816574844,3.0535132535839398,False,,0.6,-0.00040159884162986224,0.05348523625952217,0.4255243190784729,False,mixed signal
US_UTILITIES,FE,PEG,FirstEnergy Corp.,Public Service Enterprise Group,-3.9380928795954904,0.0017717199123221676,0.05,0.0059512895353867725,True,7.302137649276726,-28.176277957303242,13.396029138694345,-0.0014883968787152895,-0.05174273461064623,40.0,-0.26430970382541136,2.7797148667328777,False,,0.8,0.041071005160202484,-0.02708382692536343,1.2197087736973729,True,reversion signs agree
US_UTILITIES,ES,PEG,Eversource Energy (D/B/A),Public Service Enterprise Group,-3.9248861313408394,0.0018591440120318313,0.05,0.0059512895353867725,True,9.138654340238594,-35.80548225009237,13.584387133069624,-0.0018993507658226023,-0.05102528172747362,41.0,-0.25446208316681745,2.7708699186866186,False,,0.8,0.04961932327590395,-0.017959781473482345,1.2638135155061239,True,reversion signs agree
US_UTILITIES,EXC,PEG,Exelon Corporation,Public Service Enterprise Group,-3.884228827693983,0.0021540292656120207,0.05,0.0059512895353867725,True,8.94852558270356,-35.37980433912515,13.515828907965638,-0.0017846877801973998,-0.05128410438455866,41.0,-0.20783810052835625,2.790953127270812,False,,0.8,0.04658592742046828,-0.01902345642911199,1.219386214708175,True,reversion signs agree
US_UTILITIES,ED,PEG,"Consolidated Edison, Inc.",Public Service Enterprise Group,-3.848463994773001,0.0024486192009821094,0.05,0.0059512895353867725,True,6.508179216412174,-23.848725974893558,13.88078843896666,-0.0012902766847985674,-0.04993572113051713,42.0,-0.12364551961688576,2.724084747979323,False,,0.8,0.03599411714720225,-0.0305285538881421,1.1433938148994152,True,reversion signs agree
US_UTILITIES,AEP,DUK,American Electric Power Company,Duke Energy Corporation (Holdin,-3.8212839232027767,0.0026969072202948667,0.05,0.0059512895353867725,True,1.9180617981306087,-4.419551573668761,13.914725497397468,-0.00014343115827690787,-0.049813931341267756,42.0,1.2923069773780391,3.094458191594482,False,,0.4,0.005563902742414643,-0.059426007929525015,0.3991114548494423,True,mixed signal
US_UTILITIES,PEG,XEL,Public Service Enterprise Group,Xcel Energy Inc.,-3.808561050921967,0.00282092878441511,0.05,0.0059512895353867725,True,0.14449830468907596,3.7581805716414896,13.513298931877179,0.00014875361371704274,-0.05129370585629884,41.0,0.21934556223141605,2.7713910353127273,False,,0.8,-0.0055192118169328655,0.01950016537476229,-1.2643789261711649,True,reversion signs agree
US_UTILITIES,PPL,XEL,PPL Corporation,Xcel Energy Inc.,-3.7450397668427806,0.003522429984950088,0.05,0.0059512895353867725,True,0.698503021175922,0.5527959924340617,12.696253147099418,8.889542187680757e-07,-0.05459462508577198,38.0,1.1616995875198741,2.758887190403961,False,,0.4,-0.0016173677071253194,-0.022198465018456126,-1.3138390017245296,False,mixed signal
US_UTILITIES,AEE,PEG,Ameren Corporation,Public Service Enterprise Group,-3.7392769918890076,0.003593408169864744,0.05,0.0059512895353867725,True,7.209039043448045,-26.952873560604544,13.982937207974144,-0.0010132672527404063,-0.049570928500248114,42.0,-0.1944353663219353,2.7416255328630146,False,,0.8,0.03923917184003221,-0.028932622730739405,1.1914166157117536,True,reversion signs agree
US_UTILITIES,PEG,WEC,Public Service Enterprise Group,"WEC Energy Group, Inc.",-3.734536907036294,0.003652770400825184,0.05,0.0059512895353867725,True,0.15796816340909506,3.6408013657580205,13.920545636441489,0.00013982185659508863,-0.04979310428360009,42.0,0.18158015819377202,2.7617574336037927,False,,0.8,-0.005135215849776408,0.031174532381722325,-1.1752559652515855,True,reversion signs agree
US_UTILITIES,D,PEG,"Dominion Energy, Inc.",Public Service Enterprise Group,-3.700342427195523,0.004108340171265788,0.05,0.0059512895353867725,True,5.19153494205351,-18.667951838918743,14.349193708963998,-0.0006140103579774589,-0.048305653587137336,43.0,-0.3124545232581175,2.670958638370994,False,,0.8,0.03018331333547682,-0.02183599185497287,1.304175066957561,True,reversion signs agree
US_UTILITIES,DUK,SO,Duke Energy Corporation (Holdin,Southern Company (The),-3.6736909079162214,0.004498807788460746,0.05,0.0059512895353867725,True,1.1661076804044106,-0.4668815605843246,13.101387756368059,-3.17930718573253e-05,-0.05290639384541796,39.0,-0.1287197295898647,2.1896567127163706,False,,0.8,0.0016669131972296112,-0.06046017294055847,0.4970688606245216,True,reversion signs agree
US_UTILITIES,DUK,PEG,Duke Energy Corporation (Holdin,Public Service Enterprise Group,-3.6129669526525987,0.005517911868142393,0.05,0.0059512895353867725,True,4.019932474203833,-12.828367322262263,14.931445988331538,-0.0005614633531143989,-0.04642197286864369,45.0,-0.24302419506812828,2.6048485839676787,False,,0.8,0.019233127684763207,-0.031251394026763996,1.236892356664445,True,reversion signs agree
US_UTILITIES,PEG,PPL,Public Service Enterprise Group,PPL Corporation,-3.590193949836804,0.0059512895353867725,0.05,0.0059512895353867725,True,0.24475129378762034,3.5110072178648384,14.768121170998473,0.00012419673180917075,-0.04693536655977218,44.0,0.09881331578728525,2.565601155197779,False,,0.8,-0.0047712792521911775,0.028298144730896535,-1.2125842394217847,True,reversion signs agree
US_UTILITIES,PEG,SO,Public Service Enterprise Group,Southern Company (The),-3.3771631943143188,0.011762453123514205,0.05,0.0059512895353867725,False,0.4001112309698598,2.5842027443702618,,,,,,,,,,,,,,
US_UTILITIES,EXC,WEC,Exelon Corporation,"WEC Energy Group, Inc.",-3.3456704854476667,0.012956409475001575,0.05,0.0059512895353867725,False,0.9804686960035194,-0.8031474355089334,,,,,,,,,,,,,,
US_UTILITIES,EXC,PPL,Exelon Corporation,PPL Corporation,-3.2510615029648506,0.017212867091643835,0.05,0.0059512895353867725,False,1.2303631502669612,-0.5963988372831257,,,,,,,,,,,,,,
US_UTILITIES,DUK,PPL,Duke Energy Corporation (Holdin,PPL Corporation,-3.183900957155273,0.02093567245857018,0.05,0.0059512895353867725,False,0.848952884322396,1.7587131632236987,,,,,,,,,,,,,,
US_UTILITIES,AEP,D,American Electric Power Company,"Dominion Energy, Inc.",-3.166494478210692,0.02200788794795444,0.05,0.0059512895353867725,False,1.5031004055462682,-1.3713215845544795,,,,,,,,,,,,,,
US_UTILITIES,WEC,XEL,"WEC Energy Group, Inc.",Xcel Energy Inc.,-3.1502397500248227,0.02305180049060284,0.05,0.0059512895353867725,False,0.876787831422756,0.9034747543344874,,,,,,,,,,,,,,
US_UTILITIES,DUK,FE,Duke Energy Corporation (Holdin,FirstEnergy Corp.,-3.139290611606171,0.02377887261453547,0.05,0.0059512895353867725,False,0.7400805653308118,1.9764652287693822,,,,,,,,,,,,,,
US_UTILITIES,ES,SO,Eversource Energy (D/B/A),Southern Company (The),-3.0858380650270756,0.027619142081800906,0.05,0.0059512895353867725,False,1.6281367543607246,-3.1408722121235186,,,,,,,,,,,,,,
US_UTILITIES,D,ES,"Dominion Energy, Inc.",Eversource Energy (D/B/A),-3.062477489403099,0.029457542288190385,0.05,0.0059512895353867725,False,0.9871696204227991,-0.054967891444401396,,,,,,,,,,,,,,
US_UTILITIES,DUK,EXC,Duke Energy Corporation (Holdin,Exelon Corporation,-3.0595148719741374,0.029697990175553163,0.05,0.0059512895353867725,False,0.6914927853006465,2.16468738299139,,,,,,,,,,,,,,
US_UTILITIES,AEP,ES,American Electric Power Company,Eversource Energy (D/B/A),-3.0474031546713305,0.030698468704153353,0.05,0.0059512895353867725,False,1.5178853012500126,-1.5943909457265057,,,,,,,,,,,,,,
US_UTILITIES,DUK,ES,Duke Energy Corporation (Holdin,Eversource Energy (D/B/A),-3.0384024595353254,0.031460420685010974,0.05,0.0059512895353867725,False,0.7387966716384375,1.6896225085351824,,,,,,,,,,,,,,
US_UTILITIES,DUK,WEC,Duke Energy Corporation (Holdin,"WEC Energy Group, Inc.",-3.0088651301098084,0.03407476168958202,0.05,0.0059512895353867725,False,0.6759027331318399,1.6189262931383763,,,,,,,,,,,,,,
US_UTILITIES,PPL,SO,PPL Corporation,Southern Company (The),-2.932913321578049,0.041652319543848584,0.05,0.0059512895353867725,False,1.4010067161852078,-2.7439117725959243,,,,,,,,,,,,,,
US_UTILITIES,AEP,SO,American Electric Power Company,Southern Company (The),-2.8965147114541945,0.0457547928291331,0.05,0.0059512895353867725,False,2.3755555371056607,-5.934645781390072,,,,,,,,,,,,,,
US_UTILITIES,DUK,XEL,Duke Energy Corporation (Holdin,Xcel Energy Inc.,-2.849506153699341,0.05154271440358072,0.05,0.0059512895353867725,False,0.5827300892965978,2.2714149892079676,,,,,,,,,,,,,,
US_UTILITIES,AEE,DUK,Ameren Corporation,Duke Energy Corporation (Holdin,-2.7540894012921,0.06513691374153802,0.05,0.0059512895353867725,False,1.665833877618116,-3.3437799922707407,,,,,,,,,,,,,,
US_UTILITIES,AEP,PPL,American Electric Power Company,PPL Corporation,-2.7493806730116463,0.06587605455139328,0.05,0.0059512895353867725,False,1.68944666754725,-1.2604572033581727,,,,,,,,,,,,,,
US_UTILITIES,AEE,EXC,Ameren Corporation,Exelon Corporation,-2.7067790273568564,0.07287252956159171,0.05,0.0059512895353867725,False,1.1382057725608095,0.3131796701599088,,,,,,,,,,,,,,
US_UTILITIES,AEE,WEC,Ameren Corporation,"WEC Energy Group, Inc.",-2.703954226230962,0.07335651116063062,0.05,0.0059512895353867725,False,1.1105728060554523,-0.5760601745470817,,,,,,,,,,,,,,
US_UTILITIES,AEP,WEC,American Electric Power Company,"WEC Energy Group, Inc.",-2.6703513113689272,0.07931079871666769,0.05,0.0059512895353867725,False,1.3223696049959381,-1.433975734037693,,,,,,,,,,,,,,
US_UTILITIES,AEP,FE,American Electric Power Company,FirstEnergy Corp.,-2.6633464972700653,0.08059850093230997,0.05,0.0059512895353867725,False,1.463840991541959,-0.793776687489447,,,,,,,,,,,,,,
US_UTILITIES,EXC,XEL,Exelon Corporation,Xcel Energy Inc.,-2.6169153348266843,0.08955136457662899,0.05,0.0059512895353867725,False,0.8523953515622416,0.11340838649937046,,,,,,,,,,,,,,
US_UTILITIES,AEE,SO,Ameren Corporation,Southern Company (The),-2.6048947034307837,0.09198984580430353,0.05,0.0059512895353867725,False,2.0326752543588342,-4.523614905821661,,,,,,,,,,,,,,
US_UTILITIES,AEE,PPL,Ameren Corporation,PPL Corporation,-2.600256000757942,0.09294436883073665,0.05,0.0059512895353867725,False,1.3906269131821307,-0.3313578209228094,,,,,,,,,,,,,,
US_UTILITIES,ED,ES,"Consolidated Edison, Inc.",Eversource Energy (D/B/A),-2.591331196729325,0.09480220183237348,0.05,0.0059512895353867725,False,0.6881628328208723,1.7494080890354198,,,,,,,,,,,,,,
US_UTILITIES,AEE,XEL,Ameren Corporation,Xcel Energy Inc.,-2.5570745109594455,0.10219753795334635,0.05,0.0059512895353867725,False,0.9762054155524387,0.41687688774319565,,,,,,,,,,,,,,
US_UTILITIES,EXC,SO,Exelon Corporation,Southern Company (The),-2.534728910467677,0.10725140590905025,0.05,0.0059512895353867725,False,1.735644451673161,-4.025481389850173,,,,,,,,,,,,,,
US_UTILITIES,D,FE,"Dominion Energy, Inc.",FirstEnergy Corp.,-2.5260300554694712,0.1092686958895197,0.05,0.0059512895353867725,False,0.9737695906485266,0.3846511861795796,,,,,,,,,,,,,,
US_UTILITIES,D,SO,"Dominion Energy, Inc.",Southern Company (The),-2.5242496551952183,0.10968504885101243,0.05,0.0059512895353867725,False,1.5783509793003463,-3.026635126595129,,,,,,,,,,,,,,
US_UTILITIES,SO,WEC,Southern Company (The),"WEC Energy Group, Inc.",-2.4816078794157743,0.12001369756242447,0.05,0.0059512895353867725,False,0.5660095625990074,1.8514561538657417,,,,,,,,,,,,,,
US_UTILITIES,AEE,AEP,Ameren Corporation,American Electric Power Company,-2.472518290986522,0.1223048955704561,0.05,0.0059512895353867725,False,0.8521065714475142,0.5710259076000797,,,,,,,,,,,,,,
US_UTILITIES,SO,XEL,Southern Company (The),Xcel Energy Inc.,-2.464448767804692,0.12436563424573216,0.05,0.0059512895353867725,False,0.474528001892988,2.4547561275789205,,,,,,,,,,,,,,
US_UTILITIES,AEP,ED,American Electric Power Company,"Consolidated Edison, Inc.",-2.4009367505574226,0.14147219230516628,0.05,0.0059512895353867725,False,2.1052367757555572,-4.992296380658624,,,,,,,,,,,,,,
US_UTILITIES,ES,XEL,Eversource Energy (D/B/A),Xcel Energy Inc.,-2.3833488714040683,0.1464913223820279,0.05,0.0059512895353867725,False,0.7346484106025848,1.0162477609858636,,,,,,,,,,,,,,
US_UTILITIES,FE,PPL,FirstEnergy Corp.,PPL Corporation,-2.351788114375226,0.15580853882879098,0.05,0.0059512895353867725,False,1.1512430979135269,-0.3087226128709082,,,,,,,,,,,,,,
US_UTILITIES,AEP,XEL,American Electric Power Company,Xcel Energy Inc.,-2.2749700963537722,0.18016771508441298,0.05,0.0059512895353867725,False,1.1446393713442926,-0.17668258633927358,,,,,,,,,,,,,,
US_UTILITIES,ES,EXC,Eversource Energy (D/B/A),Exelon Corporation,-2.2732832007021275,0.18072948168594122,0.05,0.0059512895353867725,False,0.8778679800326238,0.8590121841081033,,,,,,,,,,,,,,
US_UTILITIES,ES,WEC,Eversource Energy (D/B/A),"WEC Energy Group, Inc.",-2.262707192771801,0.18427778269924971,0.05,0.0059512895353867725,False,0.8553669432751925,0.17864438751406908,,,,,,,,,,,,,,
US_UTILITIES,ES,PPL,Eversource Energy (D/B/A),PPL Corporation,-2.2401860264543583,0.1919847491333353,0.05,0.0059512895353867725,False,1.1489739819749492,0.09396737129935318,,,,,,,,,,,,,,
US_UTILITIES,FE,SO,FirstEnergy Corp.,Southern Company (The),-2.2283196337213065,0.19612806002001026,0.05,0.0059512895353867725,False,1.6655497515177284,-3.7025068300432773,,,,,,,,,,,,,,
US_UTILITIES,D,DUK,"Dominion Energy, Inc.",Duke Energy Corporation (Holdin,-2.2220436222907174,0.19834238510962854,0.05,0.0059512895353867725,False,1.3170791091550464,-2.2221444614517694,,,,,,,,,,,,,,
US_UTILITIES,ED,SO,"Consolidated Edison, Inc.",Southern Company (The),-2.189366792906206,0.21012730799515605,0.05,0.0059512895353867725,False,1.194730626921338,-0.7435104339075105,,,,,,,,,,,,,,
US_UTILITIES,FE,XEL,FirstEnergy Corp.,Xcel Energy Inc.,-2.1843625275808582,0.21196983013012766,0.05,0.0059512895353867725,False,0.7592920262376033,0.5173221512201907,,,,,,,,,,,,,,
US_UTILITIES,AEE,ES,Ameren Corporation,Eversource Energy (D/B/A),-2.175988527108054,0.2150753556830291,0.05,0.0059512895353867725,False,1.3530865155335665,-1.033609483946698,,,,,,,,,,,,,,
US_UTILITIES,ED,FE,"Consolidated Edison, Inc.",FirstEnergy Corp.,-2.151256753376033,0.2244093466663154,0.05,0.0059512895353867725,False,0.7011810644889354,1.9725236048964079,,,,,,,,,,,,,,
US_UTILITIES,D,XEL,"Dominion Energy, Inc.",Xcel Energy Inc.,-2.117396071532079,0.23757733076056065,0.05,0.0059512895353867725,False,0.7475046398851286,0.8540343742913237,,,,,,,,,,,,,,
US_UTILITIES,ED,EXC,"Consolidated Edison, Inc.",Exelon Corporation,-2.0675622863234686,0.25775635926327833,0.05,0.0059512895353867725,False,0.6536956213522855,2.1562481696055653,,,,,,,,,,,,,,
US_UTILITIES,AEE,D,Ameren Corporation,"Dominion Energy, Inc.",-2.041890102925219,0.26851299506210324,0.05,0.0059512895353867725,False,1.3095719944209274,-0.712982198873247,,,,,,,,,,,,,,
US_UTILITIES,FE,WEC,FirstEnergy Corp.,"WEC Energy Group, Inc.",-1.9575593975854542,0.3054860594883443,0.05,0.0059512895353867725,False,0.875102255299956,-0.30707894439748795,,,,,,,,,,,,,,
US_UTILITIES,AEE,ED,Ameren Corporation,"Consolidated Edison, Inc.",-1.9354123556087015,0.31558971140715164,0.05,0.0059512895353867725,False,1.8604916834011136,-3.988409762230936,,,,,,,,,,,,,,
US_UTILITIES,AEE,FE,Ameren Corporation,FirstEnergy Corp.,-1.9143420434390797,0.32534453112567213,0.05,0.0059512895353867725,False,1.3010731645204185,-0.30561747455860644,,,,,,,,,,,,,,
US_UTILITIES,ED,PPL,"Consolidated Edison, Inc.",PPL Corporation,-1.9126974074525256,0.32611162807533767,0.05,0.0059512895353867725,False,0.8141287136137534,1.7318657152985315,,,,,,,,,,,,,,
US_UTILITIES,AEP,EXC,American Electric Power Company,Exelon Corporation,-1.861174018535752,0.3505405972875143,0.05,0.0059512895353867725,False,1.346023490765588,-0.3407685890863341,,,,,,,,,,,,,,
US_UTILITIES,D,ED,"Dominion Energy, Inc.","Consolidated Edison, Inc.",-1.859074397660747,0.35155178885718896,0.05,0.0059512895353867725,False,1.4055474912543784,-2.431711409139411,,,,,,,,,,,,,,
US_UTILITIES,D,PPL,"Dominion Energy, Inc.",PPL Corporation,-1.8275751462187302,0.36685986522393754,0.05,0.0059512895353867725,False,1.1169713023222145,0.09831073804572865,,,,,,,,,,,,,,
US_UTILITIES,ED,XEL,"Consolidated Edison, Inc.",Xcel Energy Inc.,-1.8041395120268287,0.3784084861471172,0.05,0.0059512895353867725,False,0.4922388859924965,2.5050630024859952,,,,,,,,,,,,,,
US_UTILITIES,ED,WEC,"Consolidated Edison, Inc.","WEC Energy Group, Inc.",-1.796051722925346,0.382423658024596,0.05,0.0059512895353867725,False,0.6196607682491402,1.7292863833554706,,,,,,,,,,,,,,
US_UTILITIES,EXC,FE,Exelon Corporation,FirstEnergy Corp.,-1.7761681220391599,0.39235608835043145,0.05,0.0059512895353867725,False,1.1131887141584977,-0.43219674939879793,,,,,,,,,,,,,,
US_UTILITIES,D,WEC,"Dominion Energy, Inc.","WEC Energy Group, Inc.",-1.7652150248526493,0.3978630280735366,0.05,0.0059512895353867725,False,0.8583789879618444,0.056899158815343576,,,,,,,,,,,,,,
US_UTILITIES,DUK,ED,Duke Energy Corporation (Holdin,"Consolidated Edison, Inc.",-1.7624340210768028,0.3992651039109332,0.05,0.0059512895353867725,False,0.9996982627301982,0.15032513128523917,,,,,,,,,,,,,,
US_UTILITIES,D,EXC,"Dominion Energy, Inc.",Exelon Corporation,-1.4123590517688203,0.576336901657784,0.05,0.0059512895353867725,False,0.8705872095332255,0.778218426194849,,,,,,,,,,,,,,
