sector,ticker_a,ticker_b,name_a,name_b,eg_adf_stat,eg_pvalue,fdr_level,bh_critical_pvalue,passes_bh,hedge_ratio_beta,intercept_alpha,half_life_days,ar1_alpha,ar1_beta,zscore_window,latest_zscore,max_abs_zscore,threshold_breached,breach_date,ar1_sign_agreement_recent,ar1_latest_residual,zscore_delta_latest,zscore_delta2_latest,zscore_turning_recent,momentum_read
CA_BANKS,CM.TO,NA.TO,CANADIAN IMPERIAL BANK OF COMME,NATIONAL BANK OF CANADA,-3.6458220182240755,0.00494307147542665,0.05,,False,1.2953878366443063,-1.822864394664225,,,,,,,,,,,,,,
CA_BANKS,NA.TO,RY.TO,NATIONAL BANK OF CANADA,ROYAL BANK OF CANADA,-3.355699816229416,0.012565014611018646,0.05,,False,1.101964553333591,-0.7999955955670357,,,,,,,,,,,,,,
CA_BANKS,BNS.TO,NA.TO,BANK OF NOVA SCOTIA,NATIONAL BANK OF CANADA,-2.9067403692367013,0.0445697799883518,0.05,,False,1.0146557441368629,-0.6674585511428983,,,,,,,,,,,,,,
CA_BANKS,BNS.TO,RY.TO,BANK OF NOVA SCOTIA,ROYAL BANK OF CANADA,-2.8620925262273444,0.04993703735233258,0.05,,False,1.116520416422852,-1.470887333555944,,,,,,,,,,,,,,
CA_BANKS,BNS.TO,CM.TO,BANK OF NOVA SCOTIA,CANADIAN IMPERIAL BANK OF COMME,-2.371797509352499,0.1498550564910484,0.05,,False,0.7833575917789354,0.7600219771437233,,,,,,,,,,,,,,
CA_BANKS,BMO.TO,CM.TO,BANK OF MONTREAL,CANADIAN IMPERIAL BANK OF COMME,-2.310130253151328,0.16872157613214728,0.05,,False,0.8423456361236035,1.1406219568315756,,,,,,,,,,,,,,
CA_BANKS,RY.TO,TD.TO,ROYAL BANK OF CANADA,TORONTO-DOMINION BANK,-2.216924182790629,0.20016039452921558,0.05,,False,0.7224682996403464,1.9108233718802388,,,,,,,,,,,,,,
CA_BANKS,BMO.TO,TD.TO,BANK OF MONTREAL,TORONTO-DOMINION BANK,-2.1930348162764455,0.2087831222726239,0.05,,False,0.8718528950794974,1.015537880186535,,,,,,,,,,,,,,
CA_BANKS,BMO.TO,NA.TO,BANK OF MONTREAL,NATIONAL BANK OF CANADA,-2.176869888657125,0.21474718748565003,0.05,,False,1.0959401919924399,-0.41841030293216797,,,,,,,,,,,,,,
CA_BANKS,BMO.TO,RY.TO,BANK OF MONTREAL,ROYAL BANK OF CANADA,-2.137876657913513,0.22955937283601757,0.05,,False,1.2065787062765276,-1.2893923584429903,,,,,,,,,,,,,,
CA_BANKS,CM.TO,TD.TO,CANADIAN IMPERIAL BANK OF COMME,TORONTO-DOMINION BANK,-2.0429471755748283,0.26806533948699496,0.05,,False,1.0386720100632314,-0.1650804719121739,,,,,,,,,,,,,,
CA_BANKS,CM.TO,RY.TO,CANADIAN IMPERIAL BANK OF COMME,ROYAL BANK OF CANADA,-2.0295780700910244,0.2737565881636301,0.05,,False,1.424125037228512,-2.8417648234779387,,,,,,,,,,,,,,
CA_BANKS,NA.TO,TD.TO,NATIONAL BANK OF CANADA,TORONTO-DOMINION BANK,-1.9978403078479259,0.28752085107038705,0.05,,False,0.7952993018743625,1.3094671451799709,,,,,,,,,,,,,,
CA_BANKS,BMO.TO,BNS.TO,BANK OF MONTREAL,BANK OF NOVA SCOTIA,-1.9372726486932004,0.3147350526207666,0.05,,False,1.0781993967632504,0.31080439097432944,,,,,,,,,,,,,,
CA_BANKS,BNS.TO,TD.TO,BANK OF NOVA SCOTIA,TORONTO-DOMINION BANK,-1.7121567833687645,0.424860071649984,0.05,,False,0.8063691129129914,0.6638678357696337,,,,,,,,,,,,,,
CA_ENERGY,CNQ.TO,SU.TO,CDN NATURAL RES,SUNCOR ENERGY INC.,-2.569493027012626,0.09946777204713697,0.05,,False,0.7565526218211002,0.7584804216305612,,,,,,,,,,,,,,
CA_ENERGY,CVE.TO,IMO.TO,CENOVUS ENERGY INC.,IMPERIAL OIL,-2.2668129243677972,0.18289490399392044,0.05,,False,1.0072756261941997,-1.6129890690593034,,,,,,,,,,,,,,
CA_ENERGY,CNQ.TO,CVE.TO,CDN NATURAL RES,CENOVUS ENERGY INC.,-2.207125250345574,0.20366957354188908,0.05,,False,0.6731060227047807,1.6930315261892028,,,,,,,,,,,,,,
CA_ENERGY,CNQ.TO,IMO.TO,CDN NATURAL RES,IMPERIAL OIL,-2.175573396972588,0.21523003303376043,0.05,,False,0.6557693743830502,0.7123481748640343,,,,,,,,,,,,,,
CA_ENERGY,CVE.TO,SU.TO,CENOVUS ENERGY INC.,SUNCOR ENERGY INC.,-2.128319842445318,0.23328055366531553,0.05,,False,1.1333074314147693,-1.4260692819817904,,,,,,,,,,,,,,
CA_ENERGY,IMO.TO,SU.TO,IMPERIAL OIL,SUNCOR ENERGY INC.,-1.8367939335547525,0.36235350952134104,0.05,,False,1.1164447917662421,0.22056768810993876,,,,,,,,,,,,,,
CH_FINANCIALS,BAER.SW,UBSG.SW,JULIUS BAER N,UBS GROUP N,-3.102548590440514,0.026365155388351075,0.05,,False,0.8097608832102858,1.2685209118064935,,,,,,,,,,,,,,
CH_FINANCIALS,BAER.SW,ZURN.SW,JULIUS BAER N,ZURICH INSURANCE N,-2.638954601885362,0.08521040174072092,0.05,,False,1.4095762699615604,-4.812689323646415,,,,,,,,,,,,,,
CH_FINANCIALS,BAER.SW,SLHN.SW,JULIUS BAER N,SWISS LIFE HOLDING AG N,-2.4287969920955996,0.13377305841822257,0.05,,False,0.8692079316407765,-1.76955063340889,,,,,,,,,,,,,,
CH_FINANCIALS,SLHN.SW,UBSG.SW,SWISS LIFE HOLDING AG N,UBS GROUP N,-2.367144665046444,0.15122507296777216,0.05,,False,0.9030249960698044,3.5908117801047763,,,,,,,,,,,,,,
CH_FINANCIALS,UBSG.SW,ZURN.SW,UBS GROUP N,ZURICH INSURANCE N,-2.259632258151497,0.18531794714370414,0.05,,False,1.964363628099241,-8.904340909007898,,,,,,,,,,,,,,
CH_FINANCIALS,SLHN.SW,ZURN.SW,SWISS LIFE HOLDING AG N,ZURICH INSURANCE N,-2.1780286253556,0.214316210183711,0.05,,False,1.5022901060041733,-2.75659904313967,,,,,,,,,,,,,,
CH_PHARMA_LIFESCIENCE,LONN.SW,NOVN.SW,LONZA N,NOVARTIS N,-4.195369233506239,0.0006708943434400058,0.05,0.0006708943434400058,True,-0.23571101924291654,7.356396025032411,13.11443756740317,0.00013263481088898358,-0.05285374816856881,39.0,-2.7035427967979144,3.1999868669391125,True,2026-09-10 00:00:00,1.0,-0.0024433956123217603,0.2205232485356734,1.048362191624184,False,mixed signal
CONSUMER,ABF.L,DNLM.L,ASSOCIATED BRITISH FOODS PLC OR,DUNELM GROUP PLC ORD 1P,-3.862863461370275,0.002325802197834205,0.05,,False,0.6075520956790761,3.4189457715746387,,,,,,,,,,,,,,
CONSUMER,DOM.L,TSCO.L,DOMINO'S PIZZA GROUP PLC ORD 25,TESCO PLC ORD 6 1/3P,-3.469369365958145,0.008809495137545023,0.05,,False,-1.881096478451402,16.742898614261957,,,,,,,,,,,,,,
CONSUMER,DNLM.L,WTB.L,DUNELM GROUP PLC ORD 1P,WHITBREAD PLC ORD 76 122/153P,-3.3674877642485517,0.01211842166721225,0.05,,False,1.5943673034437893,-5.689876229965885,,,,,,,,,,,,,,
CONSUMER,ABF.L,MKS.L,ASSOCIATED BRITISH FOODS PLC OR,MARKS AND SPENCER GROUP PLC ORD,-3.3446649403811453,0.01299624044027304,0.05,,False,-3.516759595264301,28.289588367828138,,,,,,,,,,,,,,
CONSUMER,EZJ.L,MKS.L,EASYJET PLC ORD 27 2/7P,MARKS AND SPENCER GROUP PLC ORD,-3.343668005088185,0.013035837388512267,0.05,,False,3.0954838913614116,-11.999761209920567,,,,,,,,,,,,,,
CONSUMER,MKS.L,PETS.L,MARKS AND SPENCER GROUP PLC ORD,PETS AT HOME GROUP PLC ORD 1P,-3.323282832657331,0.013869272357948754,0.05,,False,-0.055948600461748516,6.175005512781013,,,,,,,,,,,,,,
CONSUMER,DOM.L,SBRY.L,DOMINO'S PIZZA GROUP PLC ORD 25,SAINSBURY (J) PLC ORD 28 4/7P,-3.32088373712699,0.013970390973933213,0.05,,False,-2.2987559837025695,18.534144673100176,,,,,,,,,,,,,,
CONSUMER,GRG.L,MKS.L,GREGGS PLC ORD 2P,MARKS AND SPENCER GROUP PLC ORD,-3.3026380216552504,0.01476096587086068,0.05,,False,-33.48101973094372,204.13626896336277,,,,,,,,,,,,,,
CONSUMER,DOM.L,MKS.L,DOMINO'S PIZZA GROUP PLC ORD 25,MARKS AND SPENCER GROUP PLC ORD,-3.3006326998030056,0.01485021647080396,0.05,,False,-124.89527696589383,738.6234033150165,,,,,,,,,,,,,,
CONSUMER,BME.L,MKS.L,B&M EUROPEAN VALUE RETAIL PLC O,MARKS AND SPENCER GROUP PLC ORD,-3.294717762636352,0.015116248084298466,0.05,,False,-48.93934327380267,292.8544744592211,,,,,,,,,,,,,,
CONSUMER,IHG.L,MKS.L,INTERCONTINENTAL HOTELS GROUP P,MARKS AND SPENCER GROUP PLC ORD,-3.2935233529810235,0.015170474683745343,0.05,,False,8.217038567279722,-43.42859556505606,,,,,,,,,,,,,,
CONSUMER,ABF.L,PETS.L,ASSOCIATED BRITISH FOODS PLC OR,PETS AT HOME GROUP PLC ORD 1P,-3.279875632411103,0.015802351768574203,0.05,,False,0.4930041990531504,4.958679895050148,,,,,,,,,,,,,,
CONSUMER,DNLM.L,MKS.L,DUNELM GROUP PLC ORD 1P,MARKS AND SPENCER GROUP PLC ORD,-3.248491079187126,0.01734389859182903,0.05,,False,19.256594474363393,-106.0788102933982,,,,,,,,,,,,,,
CONSUMER,DOM.L,NXT.L,DOMINO'S PIZZA GROUP PLC ORD 25,NEXT PLC ORD 10P,-3.2013730210518934,0.019905340802518098,0.05,,False,-1.653823427444604,20.945016113271,,,,,,,,,,,,,,
CONSUMER,MKS.L,WTB.L,MARKS AND SPENCER GROUP PLC ORD,WHITBREAD PLC ORD 76 122/153P,-3.1882362309390686,0.020675790292194456,0.05,,False,0.2843565648290795,3.6143042429496206,,,,,,,,,,,,,,
CONSUMER,IHG.L,PETS.L,INTERCONTINENTAL HOTELS GROUP P,PETS AT HOME GROUP PLC ORD 1P,-3.1392045890821665,0.023784662397455514,0.05,,False,-0.6599327346296499,8.402998241119782,,,,,,,,,,,,,,
CONSUMER,BME.L,TSCO.L,B&M EUROPEAN VALUE RETAIL PLC O,TESCO PLC ORD 6 1/3P,-3.138952034660103,0.023801667712822456,0.05,,False,-2.9989897215164434,23.52653332970856,,,,,,,,,,,,,,
CONSUMER,MKS.L,NXT.L,MARKS AND SPENCER GROUP PLC ORD,NEXT PLC ORD 10P,-3.1386375116774348,0.02382286024688551,0.05,,False,0.16703835867596661,4.3086190700444,,,,,,,,,,,,,,
CONSUMER,ABF.L,WTB.L,ASSOCIATED BRITISH FOODS PLC OR,WHITBREAD PLC ORD 76 122/153P,-3.061618631062894,0.029527076192810545,0.05,,False,0.9527435124822476,0.08831969536308115,,,,,,,,,,,,,,
CONSUMER,MKS.L,TSCO.L,MARKS AND SPENCER GROUP PLC ORD,TESCO PLC ORD 6 1/3P,-3.0190306305982975,0.03315499542964843,0.05,,False,0.20693798131997437,4.6316357746574965,,,,,,,,,,,,,,
CONSUMER,ABF.L,IHG.L,ASSOCIATED BRITISH FOODS PLC OR,INTERCONTINENTAL HOTELS GROUP P,-3.0090954001248402,0.03405369056084502,0.05,,False,-0.7042435345716324,11.030438051172975,,,,,,,,,,,,,,
CONSUMER,MKS.L,SBRY.L,MARKS AND SPENCER GROUP PLC ORD,SAINSBURY (J) PLC ORD 28 4/7P,-2.9871884562891435,0.03610828280098953,0.05,,False,0.20915546114828956,4.682798694119657,,,,,,,,,,,,,,
CONSUMER,BME.L,DOM.L,B&M EUROPEAN VALUE RETAIL PLC O,DOMINO'S PIZZA GROUP PLC ORD 25,-2.9635066907793255,0.0384458315272986,0.05,,False,1.592936933107423,-3.1589386932553536,,,,,,,,,,,,,,
CONSUMER,EZJ.L,TSCO.L,EASYJET PLC ORD 27 2/7P,TESCO PLC ORD 6 1/3P,-2.9253644022510774,0.04247697011171295,0.05,,False,-0.7640976295284253,10.743389735901655,,,,,,,,,,,,,,
CONSUMER,PETS.L,TSCO.L,PETS AT HOME GROUP PLC ORD 1P,TESCO PLC ORD 6 1/3P,-2.755776924354233,0.06487364344375848,0.05,,False,-1.3664544234065268,13.62849826692938,,,,,,,,,,,,,,
CONSUMER,BME.L,NXT.L,B&M EUROPEAN VALUE RETAIL PLC O,NEXT PLC ORD 10P,-2.7493463706575074,0.06588146362485112,0.05,,False,-2.6997548151435655,30.81571801936949,,,,,,,,,,,,,,
CONSUMER,ABF.L,TSCO.L,ASSOCIATED BRITISH FOODS PLC OR,TESCO PLC ORD 6 1/3P,-2.747310688048148,0.06620310405439586,0.05,,False,-0.5612755211798127,11.004995805675536,,,,,,,,,,,,,,
CONSUMER,BME.L,GRG.L,B&M EUROPEAN VALUE RETAIL PLC O,GREGGS PLC ORD 2P,-2.652096186553698,0.08270081237044236,0.05,,False,1.4666103109572586,-5.569641009676656,,,,,,,,,,,,,,
CONSUMER,EZJ.L,SBRY.L,EASYJET PLC ORD 27 2/7P,SAINSBURY (J) PLC ORD 28 4/7P,-2.6498962861304496,0.083116855263905,0.05,,False,-1.1287456528087427,12.57783492162956,,,,,,,,,,,,,,
CONSUMER,DOM.L,EZJ.L,DOMINO'S PIZZA GROUP PLC ORD 25,EASYJET PLC ORD 27 2/7P,-2.6268687631844543,0.08757021263998305,0.05,,False,3.4217458744026334,-15.62904419574544,,,,,,,,,,,,,,
CONSUMER,IHG.L,WTB.L,INTERCONTINENTAL HOTELS GROUP P,WHITBREAD PLC ORD 76 122/153P,-2.6170951362711743,0.08951527245715934,0.05,,False,-1.544532107173578,17.057876693064074,,,,,,,,,,,,,,
CONSUMER,EZJ.L,NXT.L,EASYJET PLC ORD 27 2/7P,NEXT PLC ORD 10P,-2.6150096560402467,0.08993458765560791,0.05,,False,-0.41733122426392644,10.071810948826096,,,,,,,,,,,,,,
CONSUMER,NXT.L,TSCO.L,NEXT PLC ORD 10P,TESCO PLC ORD 6 1/3P,-2.6058506903970313,0.091794067921328,0.05,,False,1.1510861963463164,2.459084054658044,,,,,,,,,,,,,,
CONSUMER,GRG.L,NXT.L,GREGGS PLC ORD 2P,NEXT PLC ORD 10P,-2.587750850863215,0.09555543734002353,0.05,,False,-1.8952092271899104,25.317627326728864,,,,,,,,,,,,,,
CONSUMER,ABF.L,NXT.L,ASSOCIATED BRITISH FOODS PLC OR,NEXT PLC ORD 10P,-2.5831764786961897,0.09652443709014469,0.05,,False,-0.39526705928887873,11.340923149410562,,,,,,,,,,,,,,
CONSUMER,BME.L,EZJ.L,B&M EUROPEAN VALUE RETAIL PLC O,EASYJET PLC ORD 27 2/7P,-2.575229143930488,0.09822573210985663,0.05,,False,6.734016877940675,-35.97455529476275,,,,,,,,,,,,,,
CONSUMER,ABF.L,BME.L,ASSOCIATED BRITISH FOODS PLC OR,B&M EUROPEAN VALUE RETAIL PLC O,-2.571051972024069,0.09912904025418434,0.05,,False,0.17465322444672682,6.671645072123129,,,,,,,,,,,,,,
CONSUMER,BME.L,SBRY.L,B&M EUROPEAN VALUE RETAIL PLC O,SAINSBURY (J) PLC ORD 28 4/7P,-2.5689681345919255,0.09958201958071211,0.05,,False,-4.253894518418833,29.7258160342713,,,,,,,,,,,,,,
CONSUMER,GRG.L,TSCO.L,GREGGS PLC ORD 2P,TESCO PLC ORD 6 1/3P,-2.545814134670085,0.10472132984909205,0.05,,False,-2.234300047831304,20.97282650613237,,,,,,,,,,,,,,
CONSUMER,EZJ.L,PETS.L,EASYJET PLC ORD 27 2/7P,PETS AT HOME GROUP PLC ORD 1P,-2.53756590224957,0.10659957249557922,0.05,,False,0.47086629339222474,3.6039999667029674,,,,,,,,,,,,,,
CONSUMER,ABF.L,GRG.L,ASSOCIATED BRITISH FOODS PLC OR,GREGGS PLC ORD 2P,-2.5236322238554427,0.10982971365303557,0.05,,False,0.2590297999630302,5.67698335332255,,,,,,,,,,,,,,
CONSUMER,DNLM.L,IHG.L,DUNELM GROUP PLC ORD 1P,INTERCONTINENTAL HOTELS GROUP P,-2.516145402065162,0.11159523146316602,0.05,,False,-1.2744693090756942,13.082310157657162,,,,,,,,,,,,,,
CONSUMER,ABF.L,SBRY.L,ASSOCIATED BRITISH FOODS PLC OR,SAINSBURY (J) PLC ORD 28 4/7P,-2.506722127182622,0.11384731405411119,0.05,,False,-0.4758769345059359,10.347343499382657,,,,,,,,,,,,,,
CONSUMER,BME.L,PETS.L,B&M EUROPEAN VALUE RETAIL PLC O,PETS AT HOME GROUP PLC ORD 1P,-2.506413032368983,0.11392175196109638,0.05,,False,2.397769015586107,-7.4910943832812125,,,,,,,,,,,,,,
CONSUMER,ABF.L,EZJ.L,ASSOCIATED BRITISH FOODS PLC OR,EASYJET PLC ORD 27 2/7P,-2.492850547540906,0.11722356889178998,0.05,,False,0.5270949010313243,4.393554463950875,,,,,,,,,,,,,,
CONSUMER,EZJ.L,GRG.L,EASYJET PLC ORD 27 2/7P,GREGGS PLC ORD 2P,-2.477160016877686,0.12113089620329787,0.05,,False,0.18920125166954974,4.732466378036365,,,,,,,,,,,,,,
CONSUMER,DNLM.L,PETS.L,DUNELM GROUP PLC ORD 1P,PETS AT HOME GROUP PLC ORD 1P,-2.4546603291421323,0.12689916304571852,0.05,,False,0.7797222494147675,2.70733305400546,,,,,,,,,,,,,,
CONSUMER,SBRY.L,TSCO.L,SAINSBURY (J) PLC ORD 28 4/7P,TESCO PLC ORD 6 1/3P,-2.412837593161375,0.13814582719301038,0.05,,False,0.8435228509052114,0.6283462033776512,,,,,,,,,,,,,,
CONSUMER,ABF.L,DOM.L,ASSOCIATED BRITISH FOODS PLC OR,DOMINO'S PIZZA GROUP PLC ORD 25,-2.386677822229329,0.14553185268142604,0.05,,False,0.21815882183147586,6.449364752904087,,,,,,,,,,,,,,
CONSUMER,EZJ.L,IHG.L,EASYJET PLC ORD 27 2/7P,INTERCONTINENTAL HOTELS GROUP P,-2.3682602208289425,0.15089580855386353,0.05,,False,-0.9177420656929204,10.581062680173849,,,,,,,,,,,,,,
CONSUMER,PETS.L,WTB.L,PETS AT HOME GROUP PLC ORD 1P,WHITBREAD PLC ORD 76 122/153P,-2.356916183563346,0.15426740818335982,0.05,,False,2.3542750273882436,-13.224548256844159,,,,,,,,,,,,,,
CONSUMER,DNLM.L,TSCO.L,DUNELM GROUP PLC ORD 1P,TESCO PLC ORD 6 1/3P,-2.3422690338719034,0.158697404868262,0.05,,False,-1.1922004108465556,14.092261734997006,,,,,,,,,,,,,,
CONSUMER,NXT.L,SBRY.L,NEXT PLC ORD 10P,SAINSBURY (J) PLC ORD 28 4/7P,-2.3418526666277084,0.158824599546384,0.05,,False,1.4222954212338872,1.2742381362996866,,,,,,,,,,,,,,
CONSUMER,GRG.L,SBRY.L,GREGGS PLC ORD 2P,SAINSBURY (J) PLC ORD 28 4/7P,-2.2959354167029566,0.1732822318259834,0.05,,False,-3.509032366168585,27.52022775212389,,,,,,,,,,,,,,
CONSUMER,TSCO.L,WTB.L,TESCO PLC ORD 6 1/3P,WHITBREAD PLC ORD 76 122/153P,-2.2649460205874776,0.18352286096358333,0.05,,False,-2.23770700952785,23.73536800759189,,,,,,,,,,,,,,
CONSUMER,PETS.L,SBRY.L,PETS AT HOME GROUP PLC ORD 1P,SAINSBURY (J) PLC ORD 28 4/7P,-2.2595569459486535,0.18534347123459843,0.05,,False,-2.038351878707512,17.021405921985366,,,,,,,,,,,,,,
CONSUMER,DNLM.L,EZJ.L,DUNELM GROUP PLC ORD 1P,EASYJET PLC ORD 27 2/7P,-2.18415577908741,0.2120461675974586,0.05,,False,1.2887792152178623,-0.9950260981557548,,,,,,,,,,,,,,
CONSUMER,GRG.L,PETS.L,GREGGS PLC ORD 2P,PETS AT HOME GROUP PLC ORD 1P,-2.1798064129890533,0.21365602194954336,0.05,,False,1.6734717241172732,-1.520365321832272,,,,,,,,,,,,,,
CONSUMER,EZJ.L,WTB.L,EASYJET PLC ORD 27 2/7P,WHITBREAD PLC ORD 76 122/153P,-2.136532373770477,0.23008065611277512,0.05,,False,1.407495562457281,-4.994448250587616,,,,,,,,,,,,,,
CONSUMER,NXT.L,PETS.L,NEXT PLC ORD 10P,PETS AT HOME GROUP PLC ORD 1P,-2.1269037805120328,0.2338349479451417,0.05,,False,-0.8301544676838631,13.872888320958632,,,,,,,,,,,,,,
CONSUMER,BME.L,WTB.L,B&M EUROPEAN VALUE RETAIL PLC O,WHITBREAD PLC ORD 76 122/153P,-2.1033556608535657,0.24316741609585973,0.05,,False,6.518352190512206,-46.1284828433239,,,,,,,,,,,,,,
CONSUMER,IHG.L,TSCO.L,INTERCONTINENTAL HOTELS GROUP P,TESCO PLC ORD 6 1/3P,-2.0981791278806043,0.24524741344575962,0.05,,False,0.8817624298419504,-0.47117416696227643,,,,,,,,,,,,,,
CONSUMER,SBRY.L,WTB.L,SAINSBURY (J) PLC ORD 28 4/7P,WHITBREAD PLC ORD 76 122/153P,-2.087513258522038,0.249565135400323,0.05,,False,-2.506897749871241,25.5627135366876,,,,,,,,,,,,,,
CONSUMER,DNLM.L,NXT.L,DUNELM GROUP PLC ORD 1P,NEXT PLC ORD 10P,-2.054410534301779,0.26323681372484176,0.05,,False,-0.8157823516261347,14.58332156662414,,,,,,,,,,,,,,
CONSUMER,NXT.L,WTB.L,NEXT PLC ORD 10P,WHITBREAD PLC ORD 76 122/153P,-2.0320571733495996,0.27269638905626636,0.05,,False,-2.712780647494873,30.867214766992095,,,,,,,,,,,,,,
CONSUMER,DOM.L,GRG.L,DOMINO'S PIZZA GROUP PLC ORD 25,GREGGS PLC ORD 2P,-2.0162443667438725,0.2794962433613456,0.05,,False,0.9018591017145778,-1.3701719587090837,,,,,,,,,,,,,,
CONSUMER,IHG.L,NXT.L,INTERCONTINENTAL HOTELS GROUP P,NEXT PLC ORD 10P,-1.930636028071235,0.3177890051953363,0.05,,False,0.6504155180672155,-1.2742188814749982,,,,,,,,,,,,,,
CONSUMER,DNLM.L,SBRY.L,DUNELM GROUP PLC ORD 1P,SAINSBURY (J) PLC ORD 28 4/7P,-1.9290385825034821,0.318526141324859,0.05,,False,-2.931642325252082,23.59850544665928,,,,,,,,,,,,,,
CONSUMER,DOM.L,WTB.L,DOMINO'S PIZZA GROUP PLC ORD 25,WHITBREAD PLC ORD 76 122/153P,-1.9009375626799827,0.3316201802685844,0.05,,False,4.974429151882119,-33.97481635178097,,,,,,,,,,,,,,
CONSUMER,GRG.L,WTB.L,GREGGS PLC ORD 2P,WHITBREAD PLC ORD 76 122/153P,-1.8818491510004947,0.34064742401297526,0.05,,False,5.401889760734703,-35.24948612592274,,,,,,,,,,,,,,
CONSUMER,DOM.L,PETS.L,DOMINO'S PIZZA GROUP PLC ORD 25,PETS AT HOME GROUP PLC ORD 1P,-1.7021278368664892,0.4300164861194561,0.05,,False,1.532420629440012,-2.8677129247548256,,,,,,,,,,,,,,
CONSUMER,DOM.L,IHG.L,DOMINO'S PIZZA GROUP PLC ORD 25,INTERCONTINENTAL HOTELS GROUP P,-1.608274387176248,0.4794358027313864,0.05,,False,-2.8884850949219074,19.366644041120885,,,,,,,,,,,,,,
CONSUMER,BME.L,DNLM.L,B&M EUROPEAN VALUE RETAIL PLC O,DUNELM GROUP PLC ORD 1P,-1.5902273080559648,0.4885007951377075,0.05,,False,4.388971647268626,-24.957765578920114,,,,,,,,,,,,,,
CONSUMER,IHG.L,SBRY.L,INTERCONTINENTAL HOTELS GROUP P,SAINSBURY (J) PLC ORD 28 4/7P,-1.4659053086368172,0.5503050636845143,0.05,,False,1.1647691508329021,-1.805954327703005,,,,,,,,,,,,,,
CONSUMER,DNLM.L,GRG.L,DUNELM GROUP PLC ORD 1P,GREGGS PLC ORD 2P,-1.4594587144960944,0.5534627992194997,0.05,,False,0.32153600776978386,4.513417828913365,,,,,,,,,,,,,,
CONSUMER,DNLM.L,DOM.L,DUNELM GROUP PLC ORD 1P,DOMINO'S PIZZA GROUP PLC ORD 25,-1.4270898850952474,0.5692222095522351,0.05,,False,0.3318080445412912,5.137516384599115,,,,,,,,,,,,,,
CONSUMER,BME.L,IHG.L,B&M EUROPEAN VALUE RETAIL PLC O,INTERCONTINENTAL HOTELS GROUP P,-1.3929207335742895,0.5856652627602538,0.05,,False,-4.076605196885676,25.170047515795204,,,,,,,,,,,,,,
CONSUMER,GRG.L,IHG.L,GREGGS PLC ORD 2P,INTERCONTINENTAL HOTELS GROUP P,-0.8045829032544577,0.8177721663137282,0.05,,False,-3.412481694716714,24.000993177047885,,,,,,,,,,,,,,
DE_AUTO,BMW.DE,VOW3.DE,BAYERISCHE MOTOREN WERKE AG   S,VOLKSWAGEN AG                 V,-2.9705479076598618,0.03773790469209878,0.05,,False,1.2476662138738228,-1.2461385787429364,,,,,,,,,,,,,,
DE_AUTO,CON.DE,MBG.DE,CONTINENTAL AG                I,Mercedes-Benz Group AG        N,-2.8885376415783743,0.04669724235723948,0.05,,False,8.114238850550667,-27.82654309655298,,,,,,,,,,,,,,
DE_AUTO,CON.DE,PAH3.DE,CONTINENTAL AG                I,Porsche Automobil Holding SE  I,-2.6975566004638427,0.07446203908959702,0.05,,False,-6.7708839936958185,27.73848126721127,,,,,,,,,,,,,,
DE_AUTO,MBG.DE,VOW3.DE,Mercedes-Benz Group AG        N,VOLKSWAGEN AG                 V,-2.652517595681938,0.08262130151987412,0.05,,False,0.821879865055598,0.25234830134910924,,,,,,,,,,,,,,
DE_AUTO,BMW.DE,MBG.DE,BAYERISCHE MOTOREN WERKE AG   S,Mercedes-Benz Group AG        N,-2.638461459813076,0.08530571375401647,0.05,,False,1.5325082039812392,-1.6857752645592363,,,,,,,,,,,,,,
DE_AUTO,CON.DE,VOW3.DE,CONTINENTAL AG                I,VOLKSWAGEN AG                 V,-2.4173242833737003,0.1369063389988654,0.05,,False,5.250032376268807,-19.454914144429377,,,,,,,,,,,,,,
DE_AUTO,MBG.DE,PAH3.DE,Mercedes-Benz Group AG        N,Porsche Automobil Holding SE  I,-2.0919177236866457,0.24777692042344895,0.05,,False,0.8822272197004409,0.8151644835489167,,,,,,,,,,,,,,
DE_AUTO,BMW.DE,PAH3.DE,BAYERISCHE MOTOREN WERKE AG   S,Porsche Automobil Holding SE  I,-1.8138417611056654,0.37361161944071664,0.05,,False,1.7553988028841465,-1.8540691606243787,,,,,,,,,,,,,,
DE_AUTO,BMW.DE,CON.DE,BAYERISCHE MOTOREN WERKE AG   S,CONTINENTAL AG                I,-1.8058988715689521,0.37753702542812445,0.05,,False,0.3349648986501899,2.9934509627926595,,,,,,,,,,,,,,
DE_AUTO,PAH3.DE,VOW3.DE,Porsche Automobil Holding SE  I,VOLKSWAGEN AG                 V,-1.153814970552877,0.6931413761481764,0.05,,False,0.8893064818192744,-0.44946254760586735,,,,,,,,,,,,,,
DE_BANKS_INSURANCE,ALV.DE,CBK.DE,Allianz SE                    v,Commerzbank AG                I,-3.4830769695841797,0.008432499951030651,0.05,,False,0.37808613043732114,4.558546818227426,,,,,,,,,,,,,,
DE_BANKS_INSURANCE,CBK.DE,HNR1.DE,Commerzbank AG                I,HANNOVER RUECK SE NA O.N.,-3.1909334581173647,0.02051552107648883,0.05,,False,11.281816594827914,-58.64618467339122,,,,,,,,,,,,,,
DE_BANKS_INSURANCE,DBK.DE,HNR1.DE,DEUTSCHE BANK AG              N,HANNOVER RUECK SE NA O.N.,-3.1349658959566917,0.024071460689324656,0.05,,False,9.290357159345767,-47.80841016489785,,,,,,,,,,,,,,
DE_BANKS_INSURANCE,HNR1.DE,MUV2.DE,HANNOVER RUECK SE NA O.N.,MUENCHENER RUECKVERS.-GES. AG N,-2.9891394852891833,0.035921158806542904,0.05,,False,0.6467307533236871,1.4678874809924398,,,,,,,,,,,,,,
DE_BANKS_INSURANCE,CBK.DE,DBK.DE,Commerzbank AG                I,DEUTSCHE BANK AG              N,-2.945428096882494,0.040314638169563155,0.05,,False,1.2285212540319204,-0.6332202222145371,,,,,,,,,,,,,,
DE_BANKS_INSURANCE,ALV.DE,HNR1.DE,Allianz SE                    v,HANNOVER RUECK SE NA O.N.,-2.4803388692817734,0.120331669129153,0.05,,False,3.372149011720691,-12.721924900052496,,,,,,,,,,,,,,
DE_BANKS_INSURANCE,ALV.DE,DBK.DE,Allianz SE                    v,DEUTSCHE BANK AG              N,-2.3820263298055915,0.14687373515207913,0.05,,False,0.458041292957496,4.338951821963955,,,,,,,,,,,,,,
DE_BANKS_INSURANCE,DBK.DE,MUV2.DE,DEUTSCHE BANK AG              N,MUENCHENER RUECKVERS.-GES. AG N,-2.158049591005069,0.2218216325745384,0.05,,False,4.45143084773718,-24.51984074011712,,,,,,,,,,,,,,
DE_BANKS_INSURANCE,CBK.DE,MUV2.DE,Commerzbank AG                I,MUENCHENER RUECKVERS.-GES. AG N,-1.1121773917548883,0.7101913512873343,0.05,,False,5.7114082798102865,-32.2610495000524,,,,,,,,,,,,,,
DE_BANKS_INSURANCE,ALV.DE,MUV2.DE,Allianz SE                    v,MUENCHENER RUECKVERS.-GES. AG N,-0.9084758066872833,0.7851683994427594,0.05,,False,1.8543985631524251,-5.748184413571867,,,,,,,,,,,,,,
DE_CHEMICALS,BAS.DE,LXS.DE,BASF SE                       N,LANXESS AG                    I,-3.338545196082271,0.013240998297874802,0.05,,False,-0.18307633259479936,4.323845791363264,,,,,,,,,,,,,,
DE_CHEMICALS,LXS.DE,WCH.DE,LANXESS AG                    I,Wacker Chemie AG              I,-2.9465793821026383,0.04019340414878553,0.05,,False,-3.239278450148378,17.032882023227515,,,,,,,,,,,,,,
DE_CHEMICALS,LXS.DE,SY1.DE,LANXESS AG                    I,Symrise AG                    I,-2.7814908067384385,0.0609667016384956,0.05,,False,1.1560033778224519,-2.0763185490170297,,,,,,,,,,,,,,
DE_CHEMICALS,BAS.DE,SY1.DE,BASF SE                       N,Symrise AG                    I,-2.653429222378457,0.0824495010992769,0.05,,False,-0.27637392648684994,4.994070736712979,,,,,,,,,,,,,,
DE_CHEMICALS,BAS.DE,WCH.DE,BASF SE                       N,Wacker Chemie AG              I,-2.27579369149974,0.1798938624718322,0.05,,False,0.3662213599668403,2.180828757825335,,,,,,,,,,,,,,
DE_CHEMICALS,SY1.DE,WCH.DE,Symrise AG                    I,Wacker Chemie AG              I,-1.8034795983522856,0.37873554318532987,0.05,,False,2.6507293243404417,-6.916940790681769,,,,,,,,,,,,,,
DE_HEALTHCARE,FRE.DE,MRK.DE,Fresenius SE & Co. KGaA       N,MERCK KGAA                    I,-3.083031787733532,0.02783466340017033,0.05,,False,-1.3267905551271977,10.06103898534576,,,,,,,,,,,,,,
DE_HEALTHCARE,FME.DE,MRK.DE,Fresenius Medical Care AG     I,MERCK KGAA                    I,-2.9666661277278408,0.03812681395853673,0.05,,False,-0.6748684870649754,6.933024674790856,,,,,,,,,,,,,,
DE_HEALTHCARE,BAYN.DE,SHL.DE,Bayer AG                      N,Siemens Healthineers AG       N,-2.4378584181540335,0.13133493521443318,0.05,,False,-2.495661636762328,12.856978481188925,,,,,,,,,,,,,,
DE_HEALTHCARE,BAYN.DE,FME.DE,Bayer AG                      N,Fresenius Medical Care AG     I,-2.337642319510923,0.16011473947827165,0.05,,False,-5.6330169038521865,24.017902426913604,,,,,,,,,,,,,,
DE_HEALTHCARE,BAYN.DE,MRK.DE,Bayer AG                      N,MERCK KGAA                    I,-2.1190799502427713,0.236911988362286,0.05,,False,-4.527176313691263,25.2069634622926,,,,,,,,,,,,,,
DE_HEALTHCARE,BAYN.DE,FRE.DE,Bayer AG                      N,Fresenius SE & Co. KGaA       N,-1.9440026993386723,0.31165221196132037,0.05,,False,1.7327262437696551,-2.9923853639509423,,,,,,,,,,,,,,
DE_HEALTHCARE,FME.DE,FRE.DE,Fresenius Medical Care AG     I,Fresenius SE & Co. KGaA       N,-1.8841733073475326,0.33954272131602925,0.05,,False,0.40505418736991416,2.193642009479152,,,,,,,,,,,,,,
DE_HEALTHCARE,FME.DE,SHL.DE,Fresenius Medical Care AG     I,Siemens Healthineers AG       N,-1.7530189647757912,0.40402307037049057,0.05,,False,0.5026993025272091,1.753661272972896,,,,,,,,,,,,,,
DE_HEALTHCARE,FRE.DE,SHL.DE,Fresenius SE & Co. KGaA       N,Siemens Healthineers AG       N,-1.5665861635558385,0.5003532447590016,0.05,,False,-2.1013502759763423,11.669886812379744,,,,,,,,,,,,,,
DE_HEALTHCARE,MRK.DE,SHL.DE,MERCK KGAA                    I,Siemens Healthineers AG       N,-0.4207873475977273,0.9065697527161927,0.05,,False,1.3687619534155964,-0.3919669206544345,,,,,,,,,,,,,,
DE_INDUSTRIALS,KGX.DE,MTX.DE,KION GROUP AG                 I,MTU Aero Engines AG           N,-3.4841294507306824,0.00840416177739354,0.05,,False,2.1057780553112155,-8.382296151843525,,,,,,,,,,,,,,
DE_INDUSTRIALS,HEI.DE,MTX.DE,Heidelberg Materials AG       I,MTU Aero Engines AG           N,-2.8700686138296905,0.04894096508967705,0.05,,False,2.5600655509015917,-9.750012470889551,,,,,,,,,,,,,,
DE_INDUSTRIALS,HEI.DE,SIE.DE,Heidelberg Materials AG       I,SIEMENS AG                    N,-2.1545384620034067,0.22315692293958928,0.05,,False,2.0976488340264634,-6.162335368609965,,,,,,,,,,,,,,
DE_INDUSTRIALS,HEI.DE,KGX.DE,Heidelberg Materials AG       I,KION GROUP AG                 I,-1.7402768047098647,0.41048916661974155,0.05,,False,1.3215732835607932,0.04137501600528104,,,,,,,,,,,,,,
DE_INDUSTRIALS,MTX.DE,SIE.DE,MTU Aero Engines AG           N,SIEMENS AG                    N,-1.715000012136765,0.4234010611494656,0.05,,False,0.8489274896822273,1.2437550987490713,,,,,,,,,,,,,,
DE_INDUSTRIALS,KGX.DE,SIE.DE,KION GROUP AG                 I,SIEMENS AG                    N,-0.5805592505197611,0.8753146099125086,0.05,,False,1.7926939554737098,-5.790113447073381,,,,,,,,,,,,,,
DE_REAL_ESTATE,GYC.DE,LEG.DE,Grand City Properties S.A.    A,LEG Immobilien SE             N,-3.430035243998702,0.009976604445803151,0.05,,False,0.6927341746299984,-0.5679301332561115,,,,,,,,,,,,,,
DE_REAL_ESTATE,GYC.DE,VNA.DE,Grand City Properties S.A.    A,Vonovia SE                    N,-3.310663824180164,0.014408478617833615,0.05,,False,0.9409757799283622,-0.6896545264297269,,,,,,,,,,,,,,
DE_REAL_ESTATE,DWNI.DE,LEG.DE,Deutsche Wohnen SE            I,LEG Immobilien SE             N,-3.132559965331721,0.024235574269762108,0.05,,False,0.5421815252082758,0.7933928186205201,,,,,,,,,,,,,,
DE_REAL_ESTATE,DWNI.DE,VNA.DE,Deutsche Wohnen SE            I,Vonovia SE                    N,-2.8530468191971683,0.05108679832016897,0.05,,False,0.8956537692821946,0.18445460580853634,,,,,,,,,,,,,,
DE_REAL_ESTATE,LEG.DE,VNA.DE,LEG Immobilien SE             N,Vonovia SE                    N,-2.834855431724722,0.05346481956318787,0.05,,False,1.3622876821643868,-0.18842107873247382,,,,,,,,,,,,,,
DE_REAL_ESTATE,DWNI.DE,GYC.DE,Deutsche Wohnen SE            I,Grand City Properties S.A.    A,-2.789995678541958,0.05971708542549869,0.05,,False,0.9559223875873452,0.8312998517975307,,,,,,,,,,,,,,
DE_REAL_ESTATE,AT1.DE,DWNI.DE,Aroundtown SA                 B,Deutsche Wohnen SE            I,-1.7148841130726462,0.4234605099420112,0.05,,False,1.9156472537688882,-4.93054146004763,,,,,,,,,,,,,,
DE_REAL_ESTATE,AT1.DE,GYC.DE,Aroundtown SA                 B,Grand City Properties S.A.    A,-1.390114014823565,0.5870063003539362,0.05,,False,3.392807101058373,-7.002847651108828,,,,,,,,,,,,,,
DE_REAL_ESTATE,AT1.DE,VNA.DE,Aroundtown SA                 B,Vonovia SE                    N,-1.3327363983829568,0.6140655194615826,0.05,,False,2.6179849452847583,-7.488627804859602,,,,,,,,,,,,,,
DE_REAL_ESTATE,AT1.DE,LEG.DE,Aroundtown SA                 B,LEG Immobilien SE             N,-0.8742933585702696,0.79632008016333,0.05,,False,2.9813990755616824,-11.585080566198302,,,,,,,,,,,,,,
DE_SOFTWARE,NEM.DE,SAP.DE,Nemetschek SE                 I,SAP SE                        I,-3.3969564165469737,0.011063065770739377,0.05,0.011063065770739377,True,1.2149438908661983,-1.9397928426301254,16.134528996406413,-0.0004089707263160587,-0.04296048435714036,48.0,-1.2688336713539135,3.979009561216327,False,,0.2,-0.015090400916821706,0.028379983366934924,0.22393325254248198,False,still diverging
DE_SOFTWARE,SAP.DE,TMV.DE,SAP SE                        I,TeamViewer SE                 I,-1.7930219207592488,0.3839315783838288,0.05,0.011063065770739377,False,0.37920989721770426,4.516320168901766,,,,,,,,,,,,,,
DE_SOFTWARE,NEM.DE,TMV.DE,Nemetschek SE                 I,TeamViewer SE                 I,-1.1596018931838763,0.6907282097686964,0.05,0.011063065770739377,False,0.5063208797125733,3.448789916143427,,,,,,,,,,,,,,
DE_UTILITIES_ENERGY,ENR.DE,EOAN.DE,Siemens Energy AG             N,E.ON SE                       N,-2.0107038968571618,0.2818996247092389,0.05,,False,3.7149127182671235,-5.529441372924441,,,,,,,,,,,,,,
DE_UTILITIES_ENERGY,EOAN.DE,RWE.DE,E.ON SE                       N,RWE AG                        I,-1.9285883489384597,0.3187340427417656,0.05,,False,0.742499939935912,-0.03041885814189671,,,,,,,,,,,,,,
DE_UTILITIES_ENERGY,ENR.DE,RWE.DE,Siemens Energy AG             N,RWE AG                        I,-1.4583598893466905,0.5540004356978072,0.05,,False,2.89882431971747,-6.148340509302257,,,,,,,,,,,,,,
ENERGY_UTILITIES,NG.L,SVT.L,NATIONAL GRID PLC ORD 12 204/47,SEVERN TRENT PLC ORD 97 17/19P,-4.319939223614228,0.00041019059831255857,0.05,0.001425764709516602,True,1.440813171343436,-4.406314681012505,9.701431362170041,5.3986709840882825e-05,-0.07144792914402483,29.0,1.3217155830275757,2.4585652479846156,False,,0.6,-0.004328104242149957,-0.03680210472688761,0.24935614621635827,False,mixed signal
ENERGY_UTILITIES,SSE.L,SVT.L,SSE PLC ORD 50P,SEVERN TRENT PLC ORD 97 17/19P,-4.301860520605639,0.00044092844805712286,0.05,0.001425764709516602,True,2.323123694972226,-10.795268530596676,10.575359182746144,-0.0003111515019328943,-0.06554360647067432,32.0,2.1537407570007514,3.205692413576716,True,2026-09-08 00:00:00,0.4,0.004605885110635519,-0.15464079914722406,0.03974923940327102,False,mixed signal
ENERGY_UTILITIES,ENOG.L,UU.L,ENERGEAN PLC ORD 1P,UNITED UTILITIES GROUP PLC ORD ,-4.2052136333415975,0.0006456377820427687,0.05,0.001425764709516602,True,-0.570535725445594,10.83035983914267,12.828429826097564,-0.000247749000425104,-0.054032113825016895,38.0,0.45363797900209024,3.3825381095232507,True,2026-09-09 00:00:00,0.8,-0.08274337410601773,-2.9289001305211606,-5.704543680719931,True,reversion signs agree
ENERGY_UTILITIES,ENOG.L,NG.L,ENERGEAN PLC ORD 1P,NATIONAL GRID PLC ORD 12 204/47,-4.182535304646748,0.000705217038358428,0.05,0.001425764709516602,True,-0.5374755510391517,10.569730041287267,12.93473862128946,-0.0001979891447248326,-0.05358803149056952,39.0,0.4151199094583296,3.031189019565795,True,2026-09-09 00:00:00,0.8,-0.0880944622411794,-2.3618092822317553,-4.462996074468974,False,mixed signal
ENERGY_UTILITIES,ENOG.L,SVT.L,ENERGEAN PLC ORD 1P,SEVERN TRENT PLC ORD 97 17/19P,-4.096931792499152,0.000979896583658047,0.05,0.001425764709516602,True,-0.9693501811163815,14.47821267463683,13.004518571613001,-0.00014927014917389016,-0.05330048757614035,39.0,-0.0757957860529337,2.9952825980480724,True,2026-09-09 00:00:00,0.8,-0.08649597595724147,-3.071078384101006,-5.9193859659293295,True,reversion signs agree
ENERGY_UTILITIES,GCP.L,HICL.L,GCP INFRASTRUCTURE INVESTMENTS ,HICL INFRASTRUCTURE PLC ORD 0.0,-4.013514807964039,0.0013413738404929295,0.05,0.001425764709516602,True,0.7787594452342376,0.5815631076810743,11.034109016907136,-5.748337860426029e-05,-0.06281859092545332,33.0,2.0845173873715686,2.8209020167181973,False,,0.0,0.0061064368777119455,-0.012150350609808847,0.01883760475366314,False,still diverging
ENERGY_UTILITIES,CNA.L,ENOG.L,CENTRICA PLC ORD 6 14/81P,ENERGEAN PLC ORD 1P,-3.9971015413974476,0.001425764709516602,0.05,0.001425764709516602,True,-3.6201605866751185,29.73392571360303,13.64159369951072,-0.0012745880820346754,-0.050811305176521,41.0,0.8668806410122335,3.084368217199444,True,2026-09-09 00:00:00,0.8,-0.3134861166826169,-2.2174875761872106,-4.275365398672457,False,mixed signal
ENERGY_UTILITIES,ENOG.L,SSE.L,ENERGEAN PLC ORD 1P,SSE PLC ORD 50P,-3.689010166797102,0.004270418517477448,0.05,0.001425764709516602,False,-0.21713811910768702,8.461098697540322,,,,,,,,,,,,,,
ENERGY_UTILITIES,ENOG.L,UKW.L,ENERGEAN PLC ORD 1P,GREENCOAT UK WIND PLC ORD 1P,-3.6407467404356773,0.005028152688942021,0.05,0.001425764709516602,False,0.393923628539304,4.952749151246142,,,,,,,,,,,,,,
ENERGY_UTILITIES,TRIG.L,UKW.L,THE RENEWABLES INFRASTRUCTURE G,GREENCOAT UK WIND PLC ORD 1P,-3.630847018958424,0.0051979563993562305,0.05,0.001425764709516602,False,1.085795471042889,-0.7597189112636009,,,,,,,,,,,,,,
ENERGY_UTILITIES,BP.L,ENOG.L,BP PLC $0.25,ENERGEAN PLC ORD 1P,-3.6233723429150984,0.005329602258021823,0.05,0.001425764709516602,False,-4.942203604261703,39.77665910343428,,,,,,,,,,,,,,
ENERGY_UTILITIES,NG.L,UU.L,NATIONAL GRID PLC ORD 12 204/47,UNITED UTILITIES GROUP PLC ORD ,-3.607534067364086,0.005618615377096274,0.05,0.001425764709516602,False,1.0658639051312409,-0.515519417318484,,,,,,,,,,,,,,
ENERGY_UTILITIES,HBR.L,PNN.L,HARBOUR ENERGY PLC ORD 0.002P,PENNON GROUP PLC ORD 61 1/20P,-3.421184421622391,0.010257549716327663,0.05,0.001425764709516602,False,2.246919085721597,-8.619034233255526,,,,,,,,,,,,,,
ENERGY_UTILITIES,BP.L,SVT.L,BP PLC $0.25,SEVERN TRENT PLC ORD 97 17/19P,-3.309327719391948,0.01446663905803367,0.05,0.001425764709516602,False,2.207174260859954,-11.366173365598044,,,,,,,,,,,,,,
ENERGY_UTILITIES,ENOG.L,PNN.L,ENERGEAN PLC ORD 1P,PENNON GROUP PLC ORD 61 1/20P,-3.242311112049737,0.01766251329278023,0.05,0.001425764709516602,False,0.4225079571467579,4.172120883055847,,,,,,,,,,,,,,
ENERGY_UTILITIES,FSFL.L,SVT.L,FORESIGHT SOLAR FUND LIMITED OR,SEVERN TRENT PLC ORD 97 17/19P,-3.2051150682516205,0.019690501590577458,0.05,0.001425764709516602,False,-2.103456545093649,20.955738632062,,,,,,,,,,,,,,
ENERGY_UTILITIES,SVT.L,UU.L,SEVERN TRENT PLC ORD 97 17/19P,UNITED UTILITIES GROUP PLC ORD ,-3.200392456391051,0.019961973537688995,0.05,0.001425764709516602,False,0.739947391585454,2.699137774050044,,,,,,,,,,,,,,
ENERGY_UTILITIES,CNA.L,SVT.L,CENTRICA PLC ORD 6 14/81P,SEVERN TRENT PLC ORD 97 17/19P,-3.154318153042904,0.022785931573609156,0.05,0.001425764709516602,False,2.591044459480995,-15.425582328025039,,,,,,,,,,,,,,
ENERGY_UTILITIES,GCP.L,HBR.L,GCP INFRASTRUCTURE INVESTMENTS ,HARBOUR ENERGY PLC ORD 0.002P,-3.148280154324127,0.023180496632381704,0.05,0.001425764709516602,False,0.11136733207599668,3.701232588973811,,,,,,,,,,,,,,
ENERGY_UTILITIES,INPP.L,SSE.L,INTERNATIONAL PUBLIC PARTNERSHI,SSE PLC ORD 50P,-3.1124352034392904,0.025646510154672886,0.05,0.001425764709516602,False,0.2379231845398184,3.0168773638121724,,,,,,,,,,,,,,
ENERGY_UTILITIES,CNA.L,UKW.L,CENTRICA PLC ORD 6 14/81P,GREENCOAT UK WIND PLC ORD 1P,-3.0922352632904326,0.02713317573161994,0.05,0.001425764709516602,False,-1.3728890273049725,11.552132048801614,,,,,,,,,,,,,,
ENERGY_UTILITIES,NG.L,SSE.L,NATIONAL GRID PLC ORD 12 204/47,SSE PLC ORD 50P,-2.9874817136643923,0.03608010402272188,0.05,0.001425764709516602,False,0.6228758464654268,2.268778732950264,,,,,,,,,,,,,,
ENERGY_UTILITIES,HBR.L,HICL.L,HARBOUR ENERGY PLC ORD 0.002P,HICL INFRASTRUCTURE PLC ORD 0.0,-2.982803353837456,0.036531858959590754,0.05,0.001425764709516602,False,6.28560462193629,-24.627523124380225,,,,,,,,,,,,,,
ENERGY_UTILITIES,BP.L,NG.L,BP PLC $0.25,NATIONAL GRID PLC ORD 12 204/47,-2.94793039919641,0.0400515267371124,0.05,0.001425764709516602,False,1.2215987812512048,-2.4512639171278385,,,,,,,,,,,,,,
ENERGY_UTILITIES,BP.L,GCP.L,BP PLC $0.25,GCP INFRASTRUCTURE INVESTMENTS ,-2.9478671207665084,0.04005816257320015,0.05,0.001425764709516602,False,9.76986795901411,-36.03133330076018,,,,,,,,,,,,,,
ENERGY_UTILITIES,GCP.L,SSE.L,GCP INFRASTRUCTURE INVESTMENTS ,SSE PLC ORD 50P,-2.9475587629368034,0.04009051237962421,0.05,0.001425764709516602,False,0.05491241539254135,3.89441286325364,,,,,,,,,,,,,,
ENERGY_UTILITIES,CNA.L,UU.L,CENTRICA PLC ORD 6 14/81P,UNITED UTILITIES GROUP PLC ORD ,-2.9286073809768065,0.042121052575148914,0.05,0.001425764709516602,False,1.7341608223197222,-7.145080657094077,,,,,,,,,,,,,,
ENERGY_UTILITIES,ENOG.L,TRIG.L,ENERGEAN PLC ORD 1P,THE RENEWABLES INFRASTRUCTURE G,-2.9151446171227695,0.04361501605149491,0.05,0.001425764709516602,False,0.3261258777292571,5.389236554978189,,,,,,,,,,,,,,
ENERGY_UTILITIES,BP.L,SSE.L,BP PLC $0.25,SSE PLC ORD 50P,-2.8781676626610024,0.0479463420893514,0.05,0.001425764709516602,False,0.6522606048293443,1.1414739909369072,,,,,,,,,,,,,,
ENERGY_UTILITIES,DCC.L,GCP.L,DCC ENERGY PLC ORD EUR0.25 (CDI,GCP INFRASTRUCTURE INVESTMENTS ,-2.872760824722288,0.0486084723634962,0.05,0.001425764709516602,False,5.2030232156935705,-13.891911924410616,,,,,,,,,,,,,,
ENERGY_UTILITIES,INPP.L,SVT.L,INTERNATIONAL PUBLIC PARTNERSHI,SEVERN TRENT PLC ORD 97 17/19P,-2.8637038461219104,0.04973447911464517,0.05,0.001425764709516602,False,0.5135929220749763,0.7575969772183475,,,,,,,,,,,,,,
ENERGY_UTILITIES,CNA.L,TRIG.L,CENTRICA PLC ORD 6 14/81P,THE RENEWABLES INFRASTRUCTURE G,-2.8569358561929867,0.050589843822828835,0.05,0.001425764709516602,False,-1.2607121023560066,10.575322285462503,,,,,,,,,,,,,,
ENERGY_UTILITIES,SVT.L,TRIG.L,SEVERN TRENT PLC ORD 97 17/19P,THE RENEWABLES INFRASTRUCTURE G,-2.8448255857875138,0.05215052650005946,0.05,0.001425764709516602,False,-0.3913567950521375,9.61726937832543,,,,,,,,,,,,,,
ENERGY_UTILITIES,GCP.L,SVT.L,GCP INFRASTRUCTURE INVESTMENTS ,SEVERN TRENT PLC ORD 97 17/19P,-2.8042864993251846,0.057664076083890466,0.05,0.001425764709516602,False,-0.009502763392176003,4.384553685144601,,,,,,,,,,,,,,
ENERGY_UTILITIES,CNA.L,GCP.L,CENTRICA PLC ORD 6 14/81P,GCP INFRASTRUCTURE INVESTMENTS ,-2.799854831140406,0.05829450739925412,0.05,0.001425764709516602,False,-30.9550347317631,138.4450597957209,,,,,,,,,,,,,,
ENERGY_UTILITIES,GCP.L,PNN.L,GCP INFRASTRUCTURE INVESTMENTS ,PENNON GROUP PLC ORD 61 1/20P,-2.7995505387017277,0.05833799910339651,0.05,0.001425764709516602,False,0.1856422073637034,3.1461235185630105,,,,,,,,,,,,,,
ENERGY_UTILITIES,GCP.L,TRIG.L,GCP INFRASTRUCTURE INVESTMENTS ,THE RENEWABLES INFRASTRUCTURE G,-2.79752324466335,0.05862842681129212,0.05,0.001425764709516602,False,0.14106683010160007,3.6906701332950678,,,,,,,,,,,,,,
ENERGY_UTILITIES,GCP.L,UU.L,GCP INFRASTRUCTURE INVESTMENTS ,UNITED UTILITIES GROUP PLC ORD ,-2.7974757206270873,0.058635249080089484,0.05,0.001425764709516602,False,-0.050177461542504784,4.662195006784006,,,,,,,,,,,,,,
ENERGY_UTILITIES,GCP.L,NG.L,GCP INFRASTRUCTURE INVESTMENTS ,NATIONAL GRID PLC ORD 12 204/47,-2.7939406078863254,0.059144535612662245,0.05,0.001425764709516602,False,-0.016586043529523743,4.425195619110443,,,,,,,,,,,,,,
ENERGY_UTILITIES,ENOG.L,HICL.L,ENERGEAN PLC ORD 1P,HICL INFRASTRUCTURE PLC ORD 0.0,-2.7721176980968196,0.062368254029485995,0.05,0.001425764709516602,False,-6.1982788539716545,36.490925700767235,,,,,,,,,,,,,,
ENERGY_UTILITIES,FSFL.L,GCP.L,FORESIGHT SOLAR FUND LIMITED OR,GCP INFRASTRUCTURE INVESTMENTS ,-2.7558598735985504,0.06486072458519329,0.05,0.001425764709516602,False,6.555532485771524,-23.91360979464835,,,,,,,,,,,,,,
ENERGY_UTILITIES,GCP.L,UKW.L,GCP INFRASTRUCTURE INVESTMENTS ,GREENCOAT UK WIND PLC ORD 1P,-2.7489582525533818,0.06594269002250745,0.05,0.001425764709516602,False,0.14514428418180725,3.621537136948838,,,,,,,,,,,,,,
ENERGY_UTILITIES,HICL.L,INPP.L,HICL INFRASTRUCTURE PLC ORD 0.0,INTERNATIONAL PUBLIC PARTNERSHI,-2.7447587668419144,0.06660808516853767,0.05,0.001425764709516602,False,0.9074741813628682,0.4172693065607298,,,,,,,,,,,,,,
ENERGY_UTILITIES,CNA.L,NG.L,CENTRICA PLC ORD 6 14/81P,NATIONAL GRID PLC ORD 12 204/47,-2.7217913974050987,0.07034271758030211,0.05,0.001425764709516602,False,1.6238521148076608,-6.284366396084254,,,,,,,,,,,,,,
ENERGY_UTILITIES,NG.L,UKW.L,NATIONAL GRID PLC ORD 12 204/47,GREENCOAT UK WIND PLC ORD 1P,-2.7140003333652514,0.07164677496970728,0.05,0.001425764709516602,False,-0.8256618372908087,10.89026641889915,,,,,,,,,,,,,,
ENERGY_UTILITIES,ENOG.L,GCP.L,ENERGEAN PLC ORD 1P,GCP INFRASTRUCTURE INVESTMENTS ,-2.708101588252429,0.07264680213446913,0.05,0.001425764709516602,False,20.223177915396516,-80.33148834343571,,,,,,,,,,,,,,
ENERGY_UTILITIES,HICL.L,SSE.L,HICL INFRASTRUCTURE PLC ORD 0.0,SSE PLC ORD 50P,-2.7070776718073186,0.07282151007320527,0.05,0.001425764709516602,False,0.1215111559879009,3.8685292938205182,,,,,,,,,,,,,,
ENERGY_UTILITIES,ENOG.L,FSFL.L,ENERGEAN PLC ORD 1P,FORESIGHT SOLAR FUND LIMITED OR,-2.6976141110189933,0.07445204279603268,0.05,0.001425764709516602,False,0.2799972211072836,5.605393590846631,,,,,,,,,,,,,,
ENERGY_UTILITIES,DCC.L,HICL.L,DCC ENERGY PLC ORD EUR0.25 (CDI,HICL INFRASTRUCTURE PLC ORD 0.0,-2.694323420514491,0.07502572689338934,0.05,0.001425764709516602,False,3.134772185955878,-6.475727298277814,,,,,,,,,,,,,,
ENERGY_UTILITIES,BP.L,UU.L,BP PLC $0.25,UNITED UTILITIES GROUP PLC ORD ,-2.687337290239731,0.07625521960475519,0.05,0.001425764709516602,False,1.372591707438868,-3.576832235527317,,,,,,,,,,,,,,
ENERGY_UTILITIES,BP.L,INPP.L,BP PLC $0.25,INTERNATIONAL PUBLIC PARTNERSHI,-2.679503639003614,0.07765268419481339,0.05,0.001425764709516602,False,3.799145935543999,-12.222175319891164,,,,,,,,,,,,,,
ENERGY_UTILITIES,FSFL.L,TRIG.L,FORESIGHT SOLAR FUND LIMITED OR,THE RENEWABLES INFRASTRUCTURE G,-2.6627936224393842,0.08070082891382774,0.05,0.001425764709516602,False,0.9305223642335486,0.2554567691024925,,,,,,,,,,,,,,
ENERGY_UTILITIES,SSE.L,UU.L,SSE PLC ORD 50P,UNITED UTILITIES GROUP PLC ORD ,-2.634974914473512,0.0859819386432012,0.05,0.001425764709516602,False,1.746381429867336,-4.717388153762001,,,,,,,,,,,,,,
ENERGY_UTILITIES,BP.L,HICL.L,BP PLC $0.25,HICL INFRASTRUCTURE PLC ORD 0.0,-2.6152787799583663,0.08988039157885397,0.05,0.001425764709516602,False,7.628111097098275,-30.44400568468796,,,,,,,,,,,,,,
ENERGY_UTILITIES,CNA.L,PNN.L,CENTRICA PLC ORD 6 14/81P,PENNON GROUP PLC ORD 61 1/20P,-2.6078196049857976,0.09139186015102585,0.05,0.001425764709516602,False,-4.010994701722628,30.18052457445266,,,,,,,,,,,,,,
ENERGY_UTILITIES,HBR.L,INPP.L,HARBOUR ENERGY PLC ORD 0.002P,INTERNATIONAL PUBLIC PARTNERSHI,-2.589076500983379,0.095276014998252,0.05,0.001425764709516602,False,5.114999414143841,-19.16842940053426,,,,,,,,,,,,,,
ENERGY_UTILITIES,BP.L,FSFL.L,BP PLC $0.25,FORESIGHT SOLAR FUND LIMITED OR,-2.5738785502355044,0.09851710894540816,0.05,0.001425764709516602,False,-0.9164677629545283,10.046685981430606,,,,,,,,,,,,,,
ENERGY_UTILITIES,HICL.L,SVT.L,HICL INFRASTRUCTURE PLC ORD 0.0,SEVERN TRENT PLC ORD 97 17/19P,-2.532193577977552,0.10783645345374832,0.05,0.001425764709516602,False,0.24730281106899835,2.8331652886997283,,,,,,,,,,,,,,
ENERGY_UTILITIES,INPP.L,UU.L,INTERNATIONAL PUBLIC PARTNERSHI,UNITED UTILITIES GROUP PLC ORD ,-2.5228985588581665,0.11000179723105241,0.05,0.001425764709516602,False,0.32854523392564056,2.5057751162782673,,,,,,,,,,,,,,
ENERGY_UTILITIES,GCP.L,INPP.L,GCP INFRASTRUCTURE INVESTMENTS ,INTERNATIONAL PUBLIC PARTNERSHI,-2.496235983923718,0.1163928387183269,0.05,0.001425764709516602,False,0.633088210609036,1.2609948403266005,,,,,,,,,,,,,,
ENERGY_UTILITIES,HICL.L,UU.L,HICL INFRASTRUCTURE PLC ORD 0.0,UNITED UTILITIES GROUP PLC ORD ,-2.470411287087589,0.12284054318508342,0.05,0.001425764709516602,False,0.13251388275021336,3.855494787158,,,,,,,,,,,,,,
ENERGY_UTILITIES,HICL.L,NG.L,HICL INFRASTRUCTURE PLC ORD 0.0,NATIONAL GRID PLC ORD 12 204/47,-2.421130156724626,0.1358611713616829,0.05,0.001425764709516602,False,0.08443854932619302,4.197872246162235,,,,,,,,,,,,,,
ENERGY_UTILITIES,INPP.L,NG.L,INTERNATIONAL PUBLIC PARTNERSHI,NATIONAL GRID PLC ORD 12 204/47,-2.4184551824215554,0.13659517432605006,0.05,0.001425764709516602,False,0.27338745980212686,2.907864358981776,,,,,,,,,,,,,,
ENERGY_UTILITIES,TRIG.L,UU.L,THE RENEWABLES INFRASTRUCTURE G,UNITED UTILITIES GROUP PLC ORD ,-2.3925882270584053,0.14383926379947332,0.05,0.001425764709516602,False,-1.540587041439285,15.216047322051704,,,,,,,,,,,,,,
ENERGY_UTILITIES,CNA.L,FSFL.L,CENTRICA PLC ORD 6 14/81P,FORESIGHT SOLAR FUND LIMITED OR,-2.362060128720218,0.15273214528053464,0.05,0.001425764709516602,False,-1.4130261158223625,11.173782313033527,,,,,,,,,,,,,,
ENERGY_UTILITIES,HICL.L,PNN.L,HICL INFRASTRUCTURE PLC ORD 0.0,PENNON GROUP PLC ORD 61 1/20P,-2.357216428727349,0.15417750424810273,0.05,0.001425764709516602,False,0.2920538963044324,2.956792773884023,,,,,,,,,,,,,,
ENERGY_UTILITIES,ENOG.L,HBR.L,ENERGEAN PLC ORD 1P,HARBOUR ENERGY PLC ORD 0.002P,-2.3372254311800464,0.1602428726751423,0.05,0.001425764709516602,False,0.16706247364944174,5.9073980364813305,,,,,,,,,,,,,,
ENERGY_UTILITIES,NG.L,TRIG.L,NATIONAL GRID PLC ORD 12 204/47,THE RENEWABLES INFRASTRUCTURE G,-2.334867356043688,0.16096896415004008,0.05,0.001425764709516602,False,-0.7239721406257066,10.152672140133838,,,,,,,,,,,,,,
ENERGY_UTILITIES,PNN.L,TRIG.L,PENNON GROUP PLC ORD 61 1/20P,THE RENEWABLES INFRASTRUCTURE G,-2.310961692479326,0.16845697664295367,0.05,0.001425764709516602,False,0.5692261667036335,3.7696628565727175,,,,,,,,,,,,,,
ENERGY_UTILITIES,FSFL.L,UKW.L,FORESIGHT SOLAR FUND LIMITED OR,GREENCOAT UK WIND PLC ORD 1P,-2.2816732854495543,0.17794684090278584,0.05,0.001425764709516602,False,1.01840551670146,-0.4896263300399015,,,,,,,,,,,,,,
ENERGY_UTILITIES,CNA.L,HICL.L,CENTRICA PLC ORD 6 14/81P,HICL INFRASTRUCTURE PLC ORD 0.0,-2.2720697394301874,0.18113429995467267,0.05,0.001425764709516602,False,-70.89635471545492,344.4251960796692,,,,,,,,,,,,,,
ENERGY_UTILITIES,DCC.L,HBR.L,DCC ENERGY PLC ORD EUR0.25 (CDI,HARBOUR ENERGY PLC ORD 0.002P,-2.250772163486959,0.18833649185902723,0.05,0.001425764709516602,False,0.2637784239939308,7.089742646335797,,,,,,,,,,,,,,
ENERGY_UTILITIES,ENOG.L,INPP.L,ENERGEAN PLC ORD 1P,INTERNATIONAL PUBLIC PARTNERSHI,-2.245265461863403,0.19022858610685084,0.05,0.001425764709516602,False,-6.529702514419562,38.26201740995831,,,,,,,,,,,,,,
ENERGY_UTILITIES,BP.L,UKW.L,BP PLC $0.25,GREENCOAT UK WIND PLC ORD 1P,-2.197647192656365,0.2071004982041021,0.05,0.001425764709516602,False,-0.9356413547456699,10.506340233252025,,,,,,,,,,,,,,
ENERGY_UTILITIES,HICL.L,TRIG.L,HICL INFRASTRUCTURE PLC ORD 0.0,THE RENEWABLES INFRASTRUCTURE G,-2.196204029868793,0.207626058724032,0.05,0.001425764709516602,False,0.17110205166575176,4.036430228273367,,,,,,,,,,,,,,
ENERGY_UTILITIES,DCC.L,INPP.L,DCC ENERGY PLC ORD EUR0.25 (CDI,INTERNATIONAL PUBLIC PARTNERSHI,-2.181034973260739,0.21320052557320734,0.05,0.001425764709516602,False,3.3820947723051167,-7.75525705448427,,,,,,,,,,,,,,
ENERGY_UTILITIES,NG.L,PNN.L,NATIONAL GRID PLC ORD 12 204/47,PENNON GROUP PLC ORD 61 1/20P,-2.169578605799612,0.2174713102585077,0.05,0.001425764709516602,False,6.715239785985082,-35.10512217937945,,,,,,,,,,,,,,
ENERGY_UTILITIES,FSFL.L,SSE.L,FORESIGHT SOLAR FUND LIMITED OR,SSE PLC ORD 50P,-2.154975833426294,0.22299032513550698,0.05,0.001425764709516602,False,-0.6559402401045339,9.295329877217728,,,,,,,,,,,,,,
ENERGY_UTILITIES,PNN.L,UKW.L,PENNON GROUP PLC ORD 61 1/20P,GREENCOAT UK WIND PLC ORD 1P,-2.146513324629254,0.2262270870772664,0.05,0.001425764709516602,False,0.6263261746213649,3.2980469647201645,,,,,,,,,,,,,,
ENERGY_UTILITIES,BP.L,DCC.L,BP PLC $0.25,DCC ENERGY PLC ORD EUR0.25 (CDI,-2.134915960059049,0.2307083969288028,0.05,0.001425764709516602,False,3.6870800120804583,-25.38056591946077,,,,,,,,,,,,,,
ENERGY_UTILITIES,FSFL.L,UU.L,FORESIGHT SOLAR FUND LIMITED OR,UNITED UTILITIES GROUP PLC ORD ,-2.120840642713785,0.2362174633712178,0.05,0.001425764709516602,False,-1.3795315850126497,14.03460630232907,,,,,,,,,,,,,,
ENERGY_UTILITIES,SVT.L,UKW.L,SEVERN TRENT PLC ORD 97 17/19P,GREENCOAT UK WIND PLC ORD 1P,-2.1079096681423786,0.2413460020304356,0.05,0.001425764709516602,False,-0.47735571776274655,10.16305616106899,,,,,,,,,,,,,,
ENERGY_UTILITIES,HICL.L,UKW.L,HICL INFRASTRUCTURE PLC ORD 0.0,GREENCOAT UK WIND PLC ORD 1P,-2.1001394575605694,0.244458528613002,0.05,0.001425764709516602,False,0.1524305493735669,4.064515672534236,,,,,,,,,,,,,,
ENERGY_UTILITIES,FSFL.L,NG.L,FORESIGHT SOLAR FUND LIMITED OR,NATIONAL GRID PLC ORD 12 204/47,-2.095326767078847,0.2463978794326202,0.05,0.001425764709516602,False,-1.2516159991092008,13.069681261548277,,,,,,,,,,,,,,
ENERGY_UTILITIES,BP.L,PNN.L,BP PLC $0.25,PENNON GROUP PLC ORD 61 1/20P,-2.0941931948086894,0.24685594884512102,0.05,0.001425764709516602,False,3.4461304488448987,-15.523979998432587,,,,,,,,,,,,,,
ENERGY_UTILITIES,FSFL.L,PNN.L,FORESIGHT SOLAR FUND LIMITED OR,PENNON GROUP PLC ORD 61 1/20P,-2.0796846734835928,0.2527615629816723,0.05,0.001425764709516602,False,3.1956168554020277,-15.688481530452657,,,,,,,,,,,,,,
ENERGY_UTILITIES,INPP.L,PNN.L,INTERNATIONAL PUBLIC PARTNERSHI,PENNON GROUP PLC ORD 61 1/20P,-2.0344695238865564,0.2716668465310379,0.05,0.001425764709516602,False,0.36364137208365,2.5364459088773,,,,,,,,,,,,,,
ENERGY_UTILITIES,BP.L,CNA.L,BP PLC $0.25,CENTRICA PLC ORD 6 14/81P,-2.019217997587526,0.2782107636665004,0.05,0.001425764709516602,False,0.6198208209994196,2.9446543469787083,,,,,,,,,,,,,,
ENERGY_UTILITIES,PNN.L,SSE.L,PENNON GROUP PLC ORD 61 1/20P,SSE PLC ORD 50P,-1.9870772850948903,0.2922678455133676,0.05,0.001425764709516602,False,0.31864710236302546,3.858099036726061,,,,,,,,,,,,,,
ENERGY_UTILITIES,CNA.L,INPP.L,CENTRICA PLC ORD 6 14/81P,INTERNATIONAL PUBLIC PARTNERSHI,-1.923194430894582,0.3212296107378142,0.05,0.001425764709516602,False,11.111645615665656,-48.460363410408384,,,,,,,,,,,,,,
ENERGY_UTILITIES,UKW.L,UU.L,GREENCOAT UK WIND PLC ORD 1P,UNITED UTILITIES GROUP PLC ORD ,-1.9174224346786137,0.3239099555279711,0.05,0.001425764709516602,False,-1.3230668654533695,14.040082104244664,,,,,,,,,,,,,,
ENERGY_UTILITIES,DCC.L,SSE.L,DCC ENERGY PLC ORD EUR0.25 (CDI,SSE PLC ORD 50P,-1.9092684874545471,0.32771356281607444,0.05,0.001425764709516602,False,-0.0186009926500342,8.670994176582873,,,,,,,,,,,,,,
ENERGY_UTILITIES,HBR.L,SSE.L,HARBOUR ENERGY PLC ORD 0.002P,SSE PLC ORD 50P,-1.873548454375377,0.34460521314355674,0.05,0.001425764709516602,False,1.1353068582727313,-3.119787561038759,,,,,,,,,,,,,,
ENERGY_UTILITIES,CNA.L,DCC.L,CENTRICA PLC ORD 6 14/81P,DCC ENERGY PLC ORD EUR0.25 (CDI,-1.8433639499352696,0.35915497653722006,0.05,0.001425764709516602,False,-7.807275280062813,71.64420457074603,,,,,,,,,,,,,,
ENERGY_UTILITIES,DCC.L,SVT.L,DCC ENERGY PLC ORD EUR0.25 (CDI,SEVERN TRENT PLC ORD 97 17/19P,-1.838971661773908,0.3612920938260462,0.05,0.001425764709516602,False,-0.41126207750692795,11.7795864461217,,,,,,,,,,,,,,
ENERGY_UTILITIES,FSFL.L,INPP.L,FORESIGHT SOLAR FUND LIMITED OR,INTERNATIONAL PUBLIC PARTNERSHI,-1.8315171204063554,0.3649303502221072,0.05,0.001425764709516602,False,-19.144189613544025,96.52148262233624,,,,,,,,,,,,,,
ENERGY_UTILITIES,SSE.L,UKW.L,SSE PLC ORD 50P,GREENCOAT UK WIND PLC ORD 1P,-1.8115219989397753,0.3747565311121374,0.05,0.001425764709516602,False,-1.6440362600972442,15.35088344711178,,,,,,,,,,,,,,
ENERGY_UTILITIES,DCC.L,NG.L,DCC ENERGY PLC ORD EUR0.25 (CDI,NATIONAL GRID PLC ORD 12 204/47,-1.7940278544647978,0.38343070332646945,0.05,0.001425764709516602,False,-0.22388386275454306,10.092406838362304,,,,,,,,,,,,,,
ENERGY_UTILITIES,DCC.L,UU.L,DCC ENERGY PLC ORD EUR0.25 (CDI,UNITED UTILITIES GROUP PLC ORD ,-1.7825033533862378,0.3891822366604435,0.05,0.001425764709516602,False,-0.18532271743104126,9.833106170607882,,,,,,,,,,,,,,
ENERGY_UTILITIES,DCC.L,TRIG.L,DCC ENERGY PLC ORD EUR0.25 (CDI,THE RENEWABLES INFRASTRUCTURE G,-1.7588655043536643,0.40106645174286587,0.05,0.001425764709516602,False,0.1743569213179672,7.765558102448254,,,,,,,,,,,,,,
ENERGY_UTILITIES,INPP.L,UKW.L,INTERNATIONAL PUBLIC PARTNERSHI,GREENCOAT UK WIND PLC ORD 1P,-1.7426617813731524,0.4092766173987769,0.05,0.001425764709516602,False,-0.011704392395455518,4.870731436914199,,,,,,,,,,,,,,
ENERGY_UTILITIES,DCC.L,UKW.L,DCC ENERGY PLC ORD EUR0.25 (CDI,GREENCOAT UK WIND PLC ORD 1P,-1.7264532878962948,0.41753705632293103,0.05,0.001425764709516602,False,0.21918379423791645,7.491531408436517,,,,,,,,,,,,,,
ENERGY_UTILITIES,HBR.L,SVT.L,HARBOUR ENERGY PLC ORD 0.002P,SEVERN TRENT PLC ORD 97 17/19P,-1.7151277003284353,0.42333556777489356,0.05,0.001425764709516602,False,21.297354230322224,-162.7989039997961,,,,,,,,,,,,,,
ENERGY_UTILITIES,BP.L,TRIG.L,BP PLC $0.25,THE RENEWABLES INFRASTRUCTURE G,-1.7032480180698288,0.42943978203635674,0.05,0.001425764709516602,False,-0.7906827397272141,9.540110666894053,,,,,,,,,,,,,,
ENERGY_UTILITIES,FSFL.L,HICL.L,FORESIGHT SOLAR FUND LIMITED OR,HICL INFRASTRUCTURE PLC ORD 0.0,-1.702436776123499,0.42985741585972337,0.05,0.001425764709516602,False,6.881590336274299,-28.60479881453164,,,,,,,,,,,,,,
ENERGY_UTILITIES,DCC.L,FSFL.L,DCC ENERGY PLC ORD EUR0.25 (CDI,FORESIGHT SOLAR FUND LIMITED OR,-1.7015105441126888,0.430334367632775,0.05,0.001425764709516602,False,0.07532550304891483,8.20368603465205,,,,,,,,,,,,,,
ENERGY_UTILITIES,SSE.L,TRIG.L,SSE PLC ORD 50P,THE RENEWABLES INFRASTRUCTURE G,-1.6852282096807698,0.43873896721584266,0.05,0.001425764709516602,False,-1.52883261350366,14.265061417009552,,,,,,,,,,,,,,
ENERGY_UTILITIES,INPP.L,TRIG.L,INTERNATIONAL PUBLIC PARTNERSHI,THE RENEWABLES INFRASTRUCTURE G,-1.6310511411092423,0.46694055188476535,0.05,0.001425764709516602,False,0.03827099395670685,4.6473758660083035,,,,,,,,,,,,,,
ENERGY_UTILITIES,FSFL.L,HBR.L,FORESIGHT SOLAR FUND LIMITED OR,HARBOUR ENERGY PLC ORD 0.002P,-1.4732480474747578,0.546701213029685,0.05,0.001425764709516602,False,0.12083402398808979,3.6773576377705086,,,,,,,,,,,,,,
ENERGY_UTILITIES,CNA.L,SSE.L,CENTRICA PLC ORD 6 14/81P,SSE PLC ORD 50P,-1.4711860439709048,0.5477140079872341,0.05,0.001425764709516602,False,0.9987006245880043,-2.5037747075712957,,,,,,,,,,,,,,
ENERGY_UTILITIES,HBR.L,TRIG.L,HARBOUR ENERGY PLC ORD 0.002P,THE RENEWABLES INFRASTRUCTURE G,-1.4518112286309846,0.5572008676769243,0.05,0.001425764709516602,False,1.974858455010903,-3.2013511491088646,,,,,,,,,,,,,,
ENERGY_UTILITIES,PNN.L,SVT.L,PENNON GROUP PLC ORD 61 1/20P,SEVERN TRENT PLC ORD 97 17/19P,-1.4289772305226427,0.568307957941059,0.05,0.001425764709516602,False,3.2588549589941778,-19.480057954006487,,,,,,,,,,,,,,
ENERGY_UTILITIES,DCC.L,PNN.L,DCC ENERGY PLC ORD EUR0.25 (CDI,PENNON GROUP PLC ORD 61 1/20P,-1.410900570803604,0.5770392349718549,0.05,0.001425764709516602,False,0.3508335897036685,6.331847232829424,,,,,,,,,,,,,,
ENERGY_UTILITIES,HBR.L,NG.L,HARBOUR ENERGY PLC ORD 0.002P,NATIONAL GRID PLC ORD 12 204/47,-1.3886218442007152,0.5877186304242585,0.05,0.001425764709516602,False,-49.04578498351226,347.64821838840527,,,,,,,,,,,,,,
ENERGY_UTILITIES,HBR.L,UKW.L,HARBOUR ENERGY PLC ORD 0.002P,GREENCOAT UK WIND PLC ORD 1P,-1.3749910521576727,0.5942052766644628,0.05,0.001425764709516602,False,2.3636708518663663,-5.7414755582715635,,,,,,,,,,,,,,
ENERGY_UTILITIES,BP.L,HBR.L,BP PLC $0.25,HARBOUR ENERGY PLC ORD 0.002P,-1.263095546549315,0.6458825685262658,0.05,0.001425764709516602,False,0.5658816033291528,2.9810648908113007,,,,,,,,,,,,,,
ENERGY_UTILITIES,CNA.L,HBR.L,CENTRICA PLC ORD 6 14/81P,HARBOUR ENERGY PLC ORD 0.002P,-1.2257235132123971,0.662433392085071,0.05,0.001425764709516602,False,-0.7540344476956675,9.163293832161703,,,,,,,,,,,,,,
ENERGY_UTILITIES,PNN.L,UU.L,PENNON GROUP PLC ORD 61 1/20P,UNITED UTILITIES GROUP PLC ORD ,-1.1980949973742911,0.67441465861621,0.05,0.001425764709516602,False,1.067533361328923,-1.2374939646939103,,,,,,,,,,,,,,
ENERGY_UTILITIES,DCC.L,ENOG.L,DCC ENERGY PLC ORD EUR0.25 (CDI,ENERGEAN PLC ORD 1P,-1.0571047012848453,0.7318715735704623,0.05,0.001425764709516602,False,0.7985201579872447,3.084626412856603,,,,,,,,,,,,,,
ENERGY_UTILITIES,HBR.L,UU.L,HARBOUR ENERGY PLC ORD 0.002P,UNITED UTILITIES GROUP PLC ORD ,-0.9458737362746724,0.772490582588185,0.05,0.001425764709516602,False,750.7034000069533,-5271.544767758274,,,,,,,,,,,,,,
ES_BANKS,CABK.MC,SAN.MC,"CAIXABANK, S.A.",BANCO SANTANDER S.A.,-4.3917208213473415,0.00030700875220115813,0.05,0.00030700875220115813,True,0.8851822258001079,0.27619037196485374,9.136599947185783,0.00019022324668739441,-0.07586489334836703,27.0,0.8935668555698474,2.8526810220000196,False,,0.4,0.011390597604359606,0.3420406015474635,0.16110750810599966,True,mixed signal
ES_BANKS,BBVA.MC,SAN.MC,BANCO BILBAO VIZCAYA ARGENTARIA,BANCO SANTANDER S.A.,-3.4104300468302307,0.010608409373758006,0.05,0.00030700875220115813,False,0.9196270394252543,0.8082609696348251,,,,,,,,,,,,,,
ES_BANKS,BKT.MC,SAN.MC,"BANKINTER, S.A.",BANCO SANTANDER S.A.,-3.1741737666370713,0.02152912331271631,0.05,0.00030700875220115813,False,0.7963077195489235,0.8051407232940608,,,,,,,,,,,,,,
ES_BANKS,BKT.MC,SAB.MC,"BANKINTER, S.A.",BANCO DE SABADELL,-3.167675250159633,0.021933677819923475,0.05,0.00030700875220115813,False,1.0150293129089214,1.5479797011801473,,,,,,,,,,,,,,
ES_BANKS,BBVA.MC,CABK.MC,BANCO BILBAO VIZCAYA ARGENTARIA,"CAIXABANK, S.A.",-2.777116855607712,0.06161753795966132,0.05,0.00030700875220115813,False,1.0392076071159273,0.5207476387123706,,,,,,,,,,,,,,
ES_BANKS,BBVA.MC,BKT.MC,BANCO BILBAO VIZCAYA ARGENTARIA,"BANKINTER, S.A.",-2.5661618111135938,0.1001945310551341,0.05,0.00030700875220115813,False,1.155846940665453,-0.12384032401024081,,,,,,,,,,,,,,
ES_BANKS,SAB.MC,SAN.MC,BANCO DE SABADELL,BANCO SANTANDER S.A.,-1.7290525370611576,0.41620930256494354,0.05,0.00030700875220115813,False,0.7811939540186861,-0.7255494280711153,,,,,,,,,,,,,,
ES_BANKS,BBVA.MC,SAB.MC,BANCO BILBAO VIZCAYA ARGENTARIA,BANCO DE SABADELL,-1.5776866043462543,0.4947918087176278,0.05,0.00030700875220115813,False,1.1770394089777159,1.6625091661440805,,,,,,,,,,,,,,
ES_BANKS,CABK.MC,SAB.MC,"CAIXABANK, S.A.",BANCO DE SABADELL,-1.1094491922776077,0.7112890033154077,0.05,0.00030700875220115813,False,1.1316248774769775,1.0994430751088882,,,,,,,,,,,,,,
ES_BANKS,BKT.MC,CABK.MC,"BANKINTER, S.A.","CAIXABANK, S.A.",-0.8939599258180174,0.7899549923913831,0.05,0.00030700875220115813,False,0.8996487646560849,0.556580498406368,,,,,,,,,,,,,,
ES_UTILITIES,RED.MC,SLR.MC,"REDEIA CORPORACION, S.A.",SOLARIA ENERGIA Y MEDIO AMBIENT,-3.273685257937581,0.016096510057962067,0.05,,False,-0.10282997202037002,2.982607137466994,,,,,,,,,,,,,,
ES_UTILITIES,ENC.MC,SLR.MC,"ENCE ENERGIA Y CELULOSA, S.A.",SOLARIA ENERGIA Y MEDIO AMBIENT,-3.23459464656185,0.018067526322088554,0.05,,False,-0.2617778833621849,1.6759253189253038,,,,,,,,,,,,,,
ES_UTILITIES,ENC.MC,IBE.MC,"ENCE ENERGIA Y CELULOSA, S.A.",ACCIONES IBERDROLA,-3.2086992245071655,0.01948662380903407,0.05,,False,-0.6255329561382591,2.7124521420688414,,,,,,,,,,,,,,
ES_UTILITIES,IBE.MC,NTGY.MC,ACCIONES IBERDROLA,"NATURGY ENERGY GROUP, S.A.",-2.9771222021854866,0.037086839990655415,0.05,,False,1.6853983246168098,-2.5920436449835256,,,,,,,,,,,,,,
ES_UTILITIES,NTGY.MC,SLR.MC,"NATURGY ENERGY GROUP, S.A.",SOLARIA ENERGIA Y MEDIO AMBIENT,-2.8224927038061134,0.05513198057262082,0.05,,False,0.16378141435810575,2.7316844388551216,,,,,,,,,,,,,,
ES_UTILITIES,ENC.MC,RED.MC,"ENCE ENERGIA Y CELULOSA, S.A.","REDEIA CORPORACION, S.A.",-2.7619358599612878,0.06392002491556525,0.05,,False,3.4896648725941044,-8.490547598250213,,,,,,,,,,,,,,
ES_UTILITIES,IBE.MC,RED.MC,ACCIONES IBERDROLA,"REDEIA CORPORACION, S.A.",-2.6109047411541457,0.09076435883344419,0.05,,False,-9.179448081177412,27.726646476483218,,,,,,,,,,,,,,
ES_UTILITIES,IBE.MC,SLR.MC,ACCIONES IBERDROLA,SOLARIA ENERGIA Y MEDIO AMBIENT,-2.4421755022803397,0.13018467982819776,0.05,,False,0.3754559990094326,1.7642394811289535,,,,,,,,,,,,,,
ES_UTILITIES,NTGY.MC,RED.MC,"NATURGY ENERGY GROUP, S.A.","REDEIA CORPORACION, S.A.",-2.3109518575596955,0.16846010489618496,0.05,,False,-16.843840918883068,49.06304717914811,,,,,,,,,,,,,,
ES_UTILITIES,ENC.MC,NTGY.MC,"ENCE ENERGIA Y CELULOSA, S.A.","NATURGY ENERGY GROUP, S.A.",-1.8338333623915453,0.3637983955620051,0.05,,False,-1.1258717590135074,4.5586641879504235,,,,,,,,,,,,,,
FINANCIALS,BEZ.L,ICG.L,BEAZLEY PLC ORD 5P,ICG PLC ORD 26 1/4P,-4.237211779687686,0.0005695838283042646,0.05,,False,-2.2039396137205007,23.566906521164448,,,,,,,,,,,,,,
FINANCIALS,BGEO.L,LGEN.L,LION FINANCE GROUP PLC ORD 1P,LEGAL & GENERAL GROUP PLC ORD 2,-4.063896655916495,0.0011105135274140849,0.05,,False,6.597638103485068,-27.434636845082462,,,,,,,,,,,,,,
FINANCIALS,HSBA.L,LGEN.L,HSBC HOLDINGS PLC ORD $0.50 (UK,LEGAL & GENERAL GROUP PLC ORD 2,-3.9412316831445673,0.001751511029758825,0.05,,False,4.480721348785074,-17.769315516320162,,,,,,,,,,,,,,
FINANCIALS,LGEN.L,MNG.L,LEGAL & GENERAL GROUP PLC ORD 2,M&G PLC,-3.784548492748608,0.0030694199777051585,0.05,,False,0.3290757690513616,3.6847450523920235,,,,,,,,,,,,,,
FINANCIALS,ABDN.L,LGEN.L,ABERDEEN GROUP PLC ORD 13 61/63,LEGAL & GENERAL GROUP PLC ORD 2,-3.782937451736426,0.0030867917613867043,0.05,,False,3.0979929700821525,-11.828757676710882,,,,,,,,,,,,,,
FINANCIALS,LGEN.L,STAN.L,LEGAL & GENERAL GROUP PLC ORD 2,STANDARD CHARTERED PLC ORD USD0,-3.7826007647554714,0.0030904336430785675,0.05,,False,0.16498591444246855,4.316276361232652,,,,,,,,,,,,,,
FINANCIALS,LGEN.L,LLOY.L,LEGAL & GENERAL GROUP PLC ORD 2,LLOYDS BANKING GROUP PLC ORD 10,-3.771821721776257,0.003209137217862332,0.05,,False,0.23964281934474915,4.454531075376234,,,,,,,,,,,,,,
FINANCIALS,BARC.L,LGEN.L,BARCLAYS PLC ORD 25P,LEGAL & GENERAL GROUP PLC ORD 2,-3.713866439074297,0.003922284373666288,0.05,,False,4.908998351436001,-21.15623234804149,,,,,,,,,,,,,,
FINANCIALS,ASHM.L,INVP.L,ASHMORE GROUP PLC ORD 0.01P,INVESTEC PLC ORD GBP0.0002,-3.706093130882332,0.004028260536827158,0.05,,False,1.98296084103294,-7.369832974997682,,,,,,,,,,,,,,
FINANCIALS,ABDN.L,MNG.L,ABERDEEN GROUP PLC ORD 13 61/63,M&G PLC,-3.67364297648217,0.004499539548260553,0.05,,False,0.9999646708523183,-0.3064966490090404,,,,,,,,,,,,,,
FINANCIALS,ICG.L,LGEN.L,ICG PLC ORD 26 1/4P,LEGAL & GENERAL GROUP PLC ORD 2,-3.5729009652245556,0.00630074462034687,0.05,,False,-2.826772963581477,23.124547043652072,,,,,,,,,,,,,,
FINANCIALS,LGEN.L,NWG.L,LEGAL & GENERAL GROUP PLC ORD 2,NATWEST GROUP PLC ORD 107.69P,-3.48452507061258,0.008393531806817444,0.05,,False,0.23716971289142863,4.026130233654769,,,,,,,,,,,,,,
FINANCIALS,ICG.L,SDR.L,ICG PLC ORD 26 1/4P,SCHRODERS PLC ORD 20P,-3.407583588031326,0.010703048342067633,0.05,,False,-0.3916169414918361,9.949463552798932,,,,,,,,,,,,,,
FINANCIALS,BEZ.L,LGEN.L,BEAZLEY PLC ORD 5P,LEGAL & GENERAL GROUP PLC ORD 2,-3.3590123628547244,0.012438065382999765,0.05,,False,4.081067765523799,-15.60327516683589,,,,,,,,,,,,,,
FINANCIALS,LGEN.L,SDR.L,LEGAL & GENERAL GROUP PLC ORD 2,SCHRODERS PLC ORD 20P,-3.327982973331951,0.013673040841523834,0.05,,False,0.24035562492774357,4.052424585319157,,,,,,,,,,,,,,
FINANCIALS,BEZ.L,SDR.L,BEAZLEY PLC ORD 5P,SCHRODERS PLC ORD 20P,-3.327417792357101,0.01369650667236324,0.05,,False,0.9809304550135204,0.9348075720614952,,,,,,,,,,,,,,
FINANCIALS,BGEO.L,LLOY.L,LION FINANCE GROUP PLC ORD 1P,LLOYDS BANKING GROUP PLC ORD 10,-3.32621706114112,0.013746478200462453,0.05,,False,1.5648237842627086,2.0248815717415933,,,,,,,,,,,,,,
FINANCIALS,NWG.L,STJ.L,NATWEST GROUP PLC ORD 107.69P,ST. JAMES'S PLACE PLC ORD 15P,-3.3239539765985593,0.013841100563643634,0.05,,False,0.8172835539613212,0.49247850681561545,,,,,,,,,,,,,,
FINANCIALS,BARC.L,NWG.L,BARCLAYS PLC ORD 25P,NATWEST GROUP PLC ORD 107.69P,-3.2044293345122967,0.019729719271287208,0.05,,False,1.1777312458774238,-1.475001076699269,,,,,,,,,,,,,,
FINANCIALS,BGEO.L,MNG.L,LION FINANCE GROUP PLC ORD 1P,M&G PLC,-3.18052695103812,0.021139889410968865,0.05,,False,2.1630243476187925,-3.07962894818486,,,,,,,,,,,,,,
FINANCIALS,AV.L,PRU.L,AVIVA PLC ORD 32 17/19P,PRUDENTIAL PLC ORD 5P,-3.172700389619357,0.02162027420918451,0.05,,False,0.5975765105361809,2.3098272226638743,,,,,,,,,,,,,,
FINANCIALS,ABDN.L,BGEO.L,ABERDEEN GROUP PLC ORD 13 61/63,LION FINANCE GROUP PLC ORD 1P,-3.1692034892180465,0.0218379518586852,0.05,,False,0.4433251347152589,1.283758426923871,,,,,,,,,,,,,,
FINANCIALS,BARC.L,STAN.L,BARCLAYS PLC ORD 25P,STANDARD CHARTERED PLC ORD USD0,-3.1128118755404492,0.025619466689556794,0.05,,False,0.8301184912221854,-0.11119777976155909,,,,,,,,,,,,,,
FINANCIALS,NWG.L,STAN.L,NATWEST GROUP PLC ORD 107.69P,STANDARD CHARTERED PLC ORD USD0,-3.112570021879276,0.025636827941158166,0.05,,False,0.7008841398443908,1.186140333976489,,,,,,,,,,,,,,
FINANCIALS,LLOY.L,PRU.L,LLOYDS BANKING GROUP PLC ORD 10,PRUDENTIAL PLC ORD 5P,-3.104498696137396,0.026222051186938353,0.05,,False,1.008005685318515,-2.495992638634429,,,,,,,,,,,,,,
FINANCIALS,LGEN.L,PRU.L,LEGAL & GENERAL GROUP PLC ORD 2,PRUDENTIAL PLC ORD 5P,-3.0943894840890778,0.026971187546942103,0.05,,False,0.22884551092487637,3.942306606518541,,,,,,,,,,,,,,
FINANCIALS,JUP.L,LGEN.L,JUPITER FUND MANAGEMENT PLC ORD,LEGAL & GENERAL GROUP PLC ORD 2,-3.0323255653173407,0.03198390035942999,0.05,,False,7.346449163899129,-35.623951266720944,,,,,,,,,,,,,,
FINANCIALS,BNKR.L,LGEN.L,BANKERS INVESTMENT TRUST PLC OR,LEGAL & GENERAL GROUP PLC ORD 2,-3.021131008315158,0.03296759996709056,0.05,,False,1.4909114811454134,-3.372805766727314,,,,,,,,,,,,,,
FINANCIALS,JUP.L,MNG.L,JUPITER FUND MANAGEMENT PLC ORD,M&G PLC,-3.0138246859589937,0.03362336332857562,0.05,,False,2.065942262698556,-6.62681137246669,,,,,,,,,,,,,,
FINANCIALS,BGEO.L,HSBA.L,LION FINANCE GROUP PLC ORD 1P,HSBC HOLDINGS PLC ORD $0.50 (UK,-2.9686604692703824,0.03792658585123855,0.05,,False,1.4841248226277601,-1.3498746854960455,,,,,,,,,,,,,,
FINANCIALS,ASHM.L,ICG.L,ASHMORE GROUP PLC ORD 0.01P,ICG PLC ORD 26 1/4P,-2.9573679611606307,0.03907208173921528,0.05,,False,-2.2762678606346634,22.501724421479132,,,,,,,,,,,,,,
FINANCIALS,ICG.L,LLOY.L,ICG PLC ORD 26 1/4P,LLOYDS BANKING GROUP PLC ORD 10,-2.945729864124551,0.040282831579289746,0.05,,False,-0.29664988333821624,8.889510106610851,,,,,,,,,,,,,,
FINANCIALS,BGEO.L,PRU.L,LION FINANCE GROUP PLC ORD 1P,PRUDENTIAL PLC ORD 5P,-2.9428881053593225,0.04058318914814289,0.05,,False,1.5886932192337426,-1.95754594991263,,,,,,,,,,,,,,
FINANCIALS,BGEO.L,ICG.L,LION FINANCE GROUP PLC ORD 1P,ICG PLC ORD 26 1/4P,-2.9329839362364543,0.041644669035367246,0.05,,False,-5.408535574852651,49.93315428975593,,,,,,,,,,,,,,
FINANCIALS,HSBA.L,ICG.L,HSBC HOLDINGS PLC ORD $0.50 (UK,ICG PLC ORD 26 1/4P,-2.924849786481907,0.04253367896153534,0.05,,False,-3.588408942770313,34.12940354089285,,,,,,,,,,,,,,
FINANCIALS,ICG.L,MNG.L,ICG PLC ORD 26 1/4P,M&G PLC,-2.918768022741786,0.04320865678736982,0.05,,False,-0.4228545837206895,9.92736625354356,,,,,,,,,,,,,,
FINANCIALS,ABDN.L,LLOY.L,ABERDEEN GROUP PLC ORD 13 61/63,LLOYDS BANKING GROUP PLC ORD 10,-2.918014559841034,0.04329289610214678,0.05,,False,0.7178997088541725,2.0771232177370194,,,,,,,,,,,,,,
FINANCIALS,NWG.L,PRU.L,NATWEST GROUP PLC ORD 107.69P,PRUDENTIAL PLC ORD 5P,-2.908507594549586,0.044367586812805636,0.05,,False,0.9888883698309511,-0.5155123704079223,,,,,,,,,,,,,,
FINANCIALS,ABDN.L,JUP.L,ABERDEEN GROUP PLC ORD 13 61/63,JUPITER FUND MANAGEMENT PLC ORD,-2.860060071779062,0.05019350326266855,0.05,,False,0.4659304173348876,2.9860389425666276,,,,,,,,,,,,,,
FINANCIALS,PRU.L,STJ.L,PRUDENTIAL PLC ORD 5P,ST. JAMES'S PLACE PLC ORD 15P,-2.8401171935428855,0.05276786405282264,0.05,,False,0.8063570972053429,1.1589310995250592,,,,,,,,,,,,,,
FINANCIALS,LGEN.L,STJ.L,LEGAL & GENERAL GROUP PLC ORD 2,ST. JAMES'S PLACE PLC ORD 15P,-2.826131354561644,0.0546369498617677,0.05,,False,0.17587654158701418,4.267608325094259,,,,,,,,,,,,,,
FINANCIALS,ABDN.L,HSBA.L,ABERDEEN GROUP PLC ORD 13 61/63,HSBC HOLDINGS PLC ORD $0.50 (UK,-2.8212775481823056,0.05529811210442964,0.05,,False,0.6637318774705411,0.6458697785991863,,,,,,,,,,,,,,
FINANCIALS,ABDN.L,ICG.L,ABERDEEN GROUP PLC ORD 13 61/63,ICG PLC ORD 26 1/4P,-2.8000648306235694,0.05826450807236907,0.05,,False,-2.8848001897241105,27.126618669148847,,,,,,,,,,,,,,
FINANCIALS,AV.L,ICG.L,AVIVA PLC ORD 32 17/19P,ICG PLC ORD 26 1/4P,-2.7677234665482473,0.06303419788154256,0.05,,False,-2.1305729079463624,22.56010454365064,,,,,,,,,,,,,,
FINANCIALS,ICG.L,JUP.L,ICG PLC ORD 26 1/4P,JUPITER FUND MANAGEMENT PLC ORD,-2.763634516358686,0.06365900452805924,0.05,,False,-0.16943003912330717,8.405396864406958,,,,,,,,,,,,,,
FINANCIALS,ICG.L,NWG.L,ICG PLC ORD 26 1/4P,NATWEST GROUP PLC ORD 107.69P,-2.760537730968016,0.0641355100215524,0.05,,False,-0.2652972683728861,9.24536212101619,,,,,,,,,,,,,,
FINANCIALS,BARC.L,ICG.L,BARCLAYS PLC ORD 25P,ICG PLC ORD 26 1/4P,-2.753601732447589,0.06521315427902594,0.05,,False,-4.810975304481295,42.3961432664576,,,,,,,,,,,,,,
FINANCIALS,ABDN.L,STAN.L,ABERDEEN GROUP PLC ORD 13 61/63,STANDARD CHARTERED PLC ORD USD0,-2.747642453897058,0.06615059905092875,0.05,,False,0.48233606275799495,1.7476076468112849,,,,,,,,,,,,,,
FINANCIALS,ADM.L,LGEN.L,ADMIRAL GROUP PLC ORD 0.1P,LEGAL & GENERAL GROUP PLC ORD 2,-2.7426657015389058,0.0669417247977454,0.05,,False,2.190738928151212,-4.016775403521658,,,,,,,,,,,,,,
FINANCIALS,BARC.L,BGEO.L,BARCLAYS PLC ORD 25P,LION FINANCE GROUP PLC ORD 1P,-2.7406677180114745,0.067261453471642,0.05,,False,0.7395004378359427,-0.70341612075614,,,,,,,,,,,,,,
FINANCIALS,ASHM.L,JUP.L,ASHMORE GROUP PLC ORD 0.01P,JUPITER FUND MANAGEMENT PLC ORD,-2.7273138446989877,0.06942986168368896,0.05,,False,0.32092307009653653,3.6729674228090996,,,,,,,,,,,,,,
FINANCIALS,ICG.L,PRU.L,ICG PLC ORD 26 1/4P,PRUDENTIAL PLC ORD 5P,-2.7266343604285,0.06954166832368992,0.05,,False,-0.27067726297609673,9.438398605761883,,,,,,,,,,,,,,
FINANCIALS,AV.L,STJ.L,AVIVA PLC ORD 32 17/19P,ST. JAMES'S PLACE PLC ORD 15P,-2.7001377428442663,0.07401443654468591,0.05,,False,0.47549178746144155,3.0465893717946955,,,,,,,,,,,,,,
FINANCIALS,ICG.L,STAN.L,ICG PLC ORD 26 1/4P,STANDARD CHARTERED PLC ORD USD0,-2.6880866187068566,0.07612258971670462,0.05,,False,-0.17317735176341797,8.839973969323779,,,,,,,,,,,,,,
FINANCIALS,BGEO.L,NWG.L,LION FINANCE GROUP PLC ORD 1P,NATWEST GROUP PLC ORD 107.69P,-2.687602095400088,0.07620832875140438,0.05,,False,1.6108703387095304,-1.1560274466079576,,,,,,,,,,,,,,
FINANCIALS,ADM.L,AV.L,ADMIRAL GROUP PLC ORD 0.1P,AVIVA PLC ORD 32 17/19P,-2.670148348940719,0.07934788130212106,0.05,,False,0.7048908713945184,3.532956388672326,,,,,,,,,,,,,,
FINANCIALS,AV.L,LGEN.L,AVIVA PLC ORD 32 17/19P,LEGAL & GENERAL GROUP PLC ORD 2,-2.6275049028436035,0.08744475590198197,0.05,,False,2.661396907873031,-8.259734558417216,,,,,,,,,,,,,,
FINANCIALS,AJB.L,ICG.L,AJ BELL PLC ORD GBP0.000125,ICG PLC ORD 26 1/4P,-2.6064018326530674,0.09168134432995384,0.05,,False,-1.3189308799530737,16.18674271102274,,,,,,,,,,,,,,
FINANCIALS,ADM.L,AJB.L,ADMIRAL GROUP PLC ORD 0.1P,AJ BELL PLC ORD GBP0.000125,-2.600777958841873,0.09283658574553155,0.05,,False,0.9662938843570116,2.064246680986386,,,,,,,,,,,,,,
FINANCIALS,ICG.L,INVP.L,ICG PLC ORD 26 1/4P,INVESTEC PLC ORD GBP0.0002,-2.590467334013154,0.09498352494128948,0.05,,False,-3.1665145719702754,27.650853017493375,,,,,,,,,,,,,,
FINANCIALS,INVP.L,SDR.L,INVESTEC PLC ORD GBP0.0002,SCHRODERS PLC ORD 20P,-2.5748201575201426,0.09831389749473157,0.05,,False,0.27151381536193797,4.706783444939747,,,,,,,,,,,,,,
FINANCIALS,BEZ.L,HSBA.L,BEAZLEY PLC ORD 5P,HSBC HOLDINGS PLC ORD $0.50 (UK,-2.567552297104547,0.09989068585271532,0.05,,False,0.7732687689717402,1.5196447461640048,,,,,,,,,,,,,,
FINANCIALS,BGEO.L,STAN.L,LION FINANCE GROUP PLC ORD 1P,STANDARD CHARTERED PLC ORD USD0,-2.489693442386115,0.11800220328278016,0.05,,False,1.117834292860394,0.8342705928060967,,,,,,,,,,,,,,
FINANCIALS,BARC.L,HSBA.L,BARCLAYS PLC ORD 25P,HSBC HOLDINGS PLC ORD $0.50 (UK,-2.464047935783028,0.12446865186708128,0.05,,False,1.0998664795806734,-1.7177225742855793,,,,,,,,,,,,,,
FINANCIALS,ADM.L,BGEO.L,ADMIRAL GROUP PLC ORD 0.1P,LION FINANCE GROUP PLC ORD 1P,-2.458073965547357,0.12601139457620114,0.05,,False,0.21088511700238116,6.156375984485102,,,,,,,,,,,,,,
FINANCIALS,ABDN.L,BARC.L,ABERDEEN GROUP PLC ORD 13 61/63,BARCLAYS PLC ORD 25P,-2.4394623468974785,0.13090672816080523,0.05,,False,0.6008741365845238,1.6974563658191824,,,,,,,,,,,,,,
FINANCIALS,BNKR.L,SDR.L,BANKERS INVESTMENT TRUST PLC OR,SCHRODERS PLC ORD 20P,-2.4305381042555703,0.13330208039120195,0.05,,False,0.3691116775438466,2.6046891703035477,,,,,,,,,,,,,,
FINANCIALS,BARC.L,MNG.L,BARCLAYS PLC ORD 25P,M&G PLC,-2.4293199742869613,0.13363146428236616,0.05,,False,1.6210667856679144,-3.09871097927216,,,,,,,,,,,,,,
FINANCIALS,ICG.L,STJ.L,ICG PLC ORD 26 1/4P,ST. JAMES'S PLACE PLC ORD 15P,-2.4143347146645113,0.13773134848219676,0.05,,False,-0.15364134868910956,8.676065562662494,,,,,,,,,,,,,,
FINANCIALS,INVP.L,JUP.L,INVESTEC PLC ORD GBP0.0002,JUPITER FUND MANAGEMENT PLC ORD,-2.406781968030263,0.13983139073867912,0.05,,False,0.13960248537286224,5.673319718922204,,,,,,,,,,,,,,
FINANCIALS,LLOY.L,MNG.L,LLOYDS BANKING GROUP PLC ORD 10,M&G PLC,-2.40487215267264,0.14036599901749486,0.05,,False,1.3786869513417708,-3.242340271756996,,,,,,,,,,,,,,
FINANCIALS,BNKR.L,HSBA.L,BANKERS INVESTMENT TRUST PLC OR,HSBC HOLDINGS PLC ORD $0.50 (UK,-2.403236524973279,0.1408250064229184,0.05,,False,0.3292760819926289,2.5633727020363293,,,,,,,,,,,,,,
FINANCIALS,AJB.L,LGEN.L,AJ BELL PLC ORD GBP0.000125,LEGAL & GENERAL GROUP PLC ORD 2,-2.3899977077787242,0.14457940573794842,0.05,,False,2.843254202979195,-9.455136782318139,,,,,,,,,,,,,,
FINANCIALS,ADM.L,ICG.L,ADMIRAL GROUP PLC ORD 0.1P,ICG PLC ORD 26 1/4P,-2.3895414189554005,0.14471005024160866,0.05,,False,-1.0146058889117604,15.727950203563687,,,,,,,,,,,,,,
FINANCIALS,JUP.L,LLOY.L,JUPITER FUND MANAGEMENT PLC ORD,LLOYDS BANKING GROUP PLC ORD 10,-2.3819993428990824,0.1468815456987269,0.05,,False,1.5457414771512317,-1.9721322159400154,,,,,,,,,,,,,,
FINANCIALS,HSBA.L,SDR.L,HSBC HOLDINGS PLC ORD $0.50 (UK,SCHRODERS PLC ORD 20P,-2.3727701776099788,0.14956975530672822,0.05,,False,1.2749156722676838,-0.7943527015581324,,,,,,,,,,,,,,
FINANCIALS,HSBA.L,STAN.L,HSBC HOLDINGS PLC ORD $0.50 (UK,STANDARD CHARTERED PLC ORD USD0,-2.36558518840845,0.15168620184439108,0.05,,False,0.754380656346272,1.4632418394200704,,,,,,,,,,,,,,
FINANCIALS,BNKR.L,ICG.L,BANKERS INVESTMENT TRUST PLC OR,ICG PLC ORD 26 1/4P,-2.36403741938305,0.15214483525454592,0.05,,False,-0.5819981342924351,9.238931417560408,,,,,,,,,,,,,,
FINANCIALS,ABDN.L,PRU.L,ABERDEEN GROUP PLC ORD 13 61/63,PRUDENTIAL PLC ORD 5P,-2.361647767145697,0.15285482623084473,0.05,,False,0.7236455167132921,0.28526077090752633,,,,,,,,,,,,,,
FINANCIALS,BARC.L,PRU.L,BARCLAYS PLC ORD 25P,PRUDENTIAL PLC ORD 5P,-2.3614959592235434,0.15290000755863392,0.05,,False,1.1744041704794157,-2.148081775653387,,,,,,,,,,,,,,
FINANCIALS,ABDN.L,ADM.L,ABERDEEN GROUP PLC ORD 13 61/63,ADMIRAL GROUP PLC ORD 0.1P,-2.355379709351458,0.15472805073619422,0.05,,False,1.984996084988851,-10.719654217600047,,,,,,,,,,,,,,
FINANCIALS,AJB.L,INVP.L,AJ BELL PLC ORD GBP0.000125,INVESTEC PLC ORD GBP0.0002,-2.3366579745613527,0.16041739684838852,0.05,,False,1.9376761245543697,-6.11343883655807,,,,,,,,,,,,,,
FINANCIALS,ABDN.L,SDR.L,ABERDEEN GROUP PLC ORD 13 61/63,SCHRODERS PLC ORD 20P,-2.3350988741272354,0.16089757626948165,0.05,,False,0.8218696707534834,0.2640286978708817,,,,,,,,,,,,,,
FINANCIALS,ABDN.L,AJB.L,ABERDEEN GROUP PLC ORD 13 61/63,AJ BELL PLC ORD GBP0.000125,-2.334646964621462,0.16103694129452234,0.05,,False,1.9719887353992875,-6.953637755688153,,,,,,,,,,,,,,
FINANCIALS,BARC.L,STJ.L,BARCLAYS PLC ORD 25P,ST. JAMES'S PLACE PLC ORD 15P,-2.319090353845334,0.16588485113031615,0.05,,False,0.9670325787824977,-0.9261811441005356,,,,,,,,,,,,,,
FINANCIALS,BARC.L,LLOY.L,BARCLAYS PLC ORD 25P,LLOYDS BANKING GROUP PLC ORD 10,-2.2985662051082207,0.17243081590663822,0.05,,False,1.1609180123976048,0.7778883181242406,,,,,,,,,,,,,,
FINANCIALS,ADM.L,LLOY.L,ADMIRAL GROUP PLC ORD 0.1P,LLOYDS BANKING GROUP PLC ORD 10,-2.2946019476030375,0.17371486186724044,0.05,,False,0.34844175374831815,6.503804716528126,,,,,,,,,,,,,,
FINANCIALS,HSBA.L,NWG.L,HSBC HOLDINGS PLC ORD $0.50 (UK,NATWEST GROUP PLC ORD 107.69P,-2.2906008893797414,0.17501729342535788,0.05,,False,1.0769102986163972,0.18297099153778795,,,,,,,,,,,,,,
FINANCIALS,HSBA.L,LLOY.L,HSBC HOLDINGS PLC ORD $0.50 (UK,LLOYDS BANKING GROUP PLC ORD 10,-2.260554286869495,0.18500564832996985,0.05,,False,1.0551654831601074,2.2704911942381605,,,,,,,,,,,,,,
FINANCIALS,INVP.L,MNG.L,INVESTEC PLC ORD GBP0.0002,M&G PLC,-2.2531982071476713,0.1875068021720802,0.05,,False,0.28319442825192154,4.776794324226588,,,,,,,,,,,,,,
FINANCIALS,ADM.L,PRU.L,ADMIRAL GROUP PLC ORD 0.1P,PRUDENTIAL PLC ORD 5P,-2.2512950635577864,0.18815746228199381,0.05,,False,0.35609482877076487,5.601233018340409,,,,,,,,,,,,,,
FINANCIALS,BEZ.L,BNKR.L,BEAZLEY PLC ORD 5P,BANKERS INVESTMENT TRUST PLC OR,-2.247107840207831,0.18959418168584063,0.05,,False,2.964905101721617,-7.465760182494659,,,,,,,,,,,,,,
FINANCIALS,AV.L,NWG.L,AVIVA PLC ORD 32 17/19P,NATWEST GROUP PLC ORD 107.69P,-2.2435062047759686,0.1908356502210034,0.05,,False,0.5945886901467103,2.6811773594666177,,,,,,,,,,,,,,
FINANCIALS,ADM.L,STJ.L,ADMIRAL GROUP PLC ORD 0.1P,ST. JAMES'S PLACE PLC ORD 15P,-2.2386948594580875,0.1925022856130968,0.05,,False,0.27951076760554655,6.066885999737771,,,,,,,,,,,,,,
FINANCIALS,STAN.L,STJ.L,STANDARD CHARTERED PLC ORD USD0,ST. JAMES'S PLACE PLC ORD 15P,-2.2384778537429404,0.1925776762800384,0.05,,False,1.1795122532268425,-1.0829836270424593,,,,,,,,,,,,,,
FINANCIALS,LLOY.L,NWG.L,LLOYDS BANKING GROUP PLC ORD 10,NATWEST GROUP PLC ORD 107.69P,-2.2345648774549898,0.19394036088999766,0.05,,False,1.0192769479019332,-1.9701740549168,,,,,,,,,,,,,,
FINANCIALS,MNG.L,NWG.L,M&G PLC,NATWEST GROUP PLC ORD 107.69P,-2.2278615026345325,0.19628916221145248,0.05,,False,0.7209355959910071,1.0360432659421566,,,,,,,,,,,,,,
FINANCIALS,BEZ.L,INVP.L,BEAZLEY PLC ORD 5P,INVESTEC PLC ORD GBP0.0002,-2.2274199594045103,0.1964445113755115,0.05,,False,6.299386176340119,-33.07372520251353,,,,,,,,,,,,,,
FINANCIALS,ASHM.L,BGEO.L,ASHMORE GROUP PLC ORD 0.01P,LION FINANCE GROUP PLC ORD 1P,-2.2252667348825605,0.19720321171500027,0.05,,False,0.21453326765674516,3.297637459752515,,,,,,,,,,,,,,
FINANCIALS,JUP.L,STJ.L,JUPITER FUND MANAGEMENT PLC ORD,ST. JAMES'S PLACE PLC ORD 15P,-2.210858787854672,0.2023279757129871,0.05,,False,1.3278185505002245,-4.520383665011202,,,,,,,,,,,,,,
FINANCIALS,ABDN.L,BNKR.L,ABERDEEN GROUP PLC ORD 13 61/63,BANKERS INVESTMENT TRUST PLC OR,-2.2027515119047756,0.20524833288226096,0.05,,False,2.1800287893647514,-5.311518383222369,,,,,,,,,,,,,,
FINANCIALS,ASHM.L,SDR.L,ASHMORE GROUP PLC ORD 0.01P,SCHRODERS PLC ORD 20P,-2.2000543069672807,0.20622574714725617,0.05,,False,0.6715768122684432,1.1677587704271124,,,,,,,,,,,,,,
FINANCIALS,LLOY.L,STAN.L,LLOYDS BANKING GROUP PLC ORD 10,STANDARD CHARTERED PLC ORD USD0,-2.1989694137962763,0.20661971281538133,0.05,,False,0.7067693761603627,-0.7069816337245092,,,,,,,,,,,,,,
FINANCIALS,ADM.L,MNG.L,ADMIRAL GROUP PLC ORD 0.1P,M&G PLC,-2.197488964720237,0.20715807983544554,0.05,,False,0.4817802585617726,5.366428500578277,,,,,,,,,,,,,,
FINANCIALS,ASHM.L,LLOY.L,ASHMORE GROUP PLC ORD 0.01P,LLOYDS BANKING GROUP PLC ORD 10,-2.1934334031740974,0.2086373795699657,0.05,,False,0.41282705187654406,3.3992508838628273,,,,,,,,,,,,,,
FINANCIALS,ABDN.L,NWG.L,ABERDEEN GROUP PLC ORD 13 61/63,NATWEST GROUP PLC ORD 107.69P,-2.1908823898259335,0.20957125037378477,0.05,,False,0.7079721254576619,0.809292484788501,,,,,,,,,,,,,,
FINANCIALS,ABDN.L,BEZ.L,ABERDEEN GROUP PLC ORD 13 61/63,BEAZLEY PLC ORD 5P,-2.1890805669329954,0.21023242439479112,0.05,,False,0.8116843521958558,-0.3413890103615742,,,,,,,,,,,,,,
FINANCIALS,BEZ.L,BGEO.L,BEAZLEY PLC ORD 5P,LION FINANCE GROUP PLC ORD 1P,-2.1884453607117824,0.21046582043162182,0.05,,False,0.48273323621879466,2.559084856762518,,,,,,,,,,,,,,
FINANCIALS,ADM.L,NWG.L,ADMIRAL GROUP PLC ORD 0.1P,NATWEST GROUP PLC ORD 107.69P,-2.174169290238146,0.21575370960432044,0.05,,False,0.3515450737317504,5.839596996033842,,,,,,,,,,,,,,
FINANCIALS,AJB.L,MNG.L,AJ BELL PLC ORD GBP0.000125,M&G PLC,-2.1719812264220018,0.21657133009602408,0.05,,False,0.47943079519792553,3.5223693241358682,,,,,,,,,,,,,,
FINANCIALS,AJB.L,SDR.L,AJ BELL PLC ORD GBP0.000125,SCHRODERS PLC ORD 20P,-2.1702506419473973,0.2172193468032872,0.05,,False,0.26632454316998816,4.559076976203847,,,,,,,,,,,,,,
FINANCIALS,ABDN.L,INVP.L,ABERDEEN GROUP PLC ORD 13 61/63,INVESTEC PLC ORD GBP0.0002,-2.169890832612952,0.21735422623788958,0.05,,False,3.9289581841957872,-19.6920796639387,,,,,,,,,,,,,,
FINANCIALS,ASHM.L,BARC.L,ASHMORE GROUP PLC ORD 0.01P,BARCLAYS PLC ORD 25P,-2.1652720372761856,0.21909019450196754,0.05,,False,0.2998631874280151,3.4452307626430967,,,,,,,,,,,,,,
FINANCIALS,BNKR.L,MNG.L,BANKERS INVESTMENT TRUST PLC OR,M&G PLC,-2.163168309847869,0.21988367305555334,0.05,,False,0.4697479859142861,2.23525282056468,,,,,,,,,,,,,,
FINANCIALS,ADM.L,BARC.L,ADMIRAL GROUP PLC ORD 0.1P,BARCLAYS PLC ORD 25P,-2.1605073218224327,0.22088984025168235,0.05,,False,0.2730930993685142,6.426879882182071,,,,,,,,,,,,,,
FINANCIALS,ADM.L,HSBA.L,ADMIRAL GROUP PLC ORD 0.1P,HSBC HOLDINGS PLC ORD $0.50 (UK,-2.157462981166841,0.22204438402750487,0.05,,False,0.28637469283884687,6.053254688007044,,,,,,,,,,,,,,
FINANCIALS,HSBA.L,MNG.L,HSBC HOLDINGS PLC ORD $0.50 (UK,M&G PLC,-2.1574118168295273,0.22206381892005317,0.05,,False,1.466360597328034,-1.2143992712506648,,,,,,,,,,,,,,
FINANCIALS,ADM.L,STAN.L,ADMIRAL GROUP PLC ORD 0.1P,STANDARD CHARTERED PLC ORD USD0,-2.1494052134650734,0.22511782990570206,0.05,,False,0.21689867762271942,6.4661567082720355,,,,,,,,,,,,,,
FINANCIALS,BGEO.L,JUP.L,LION FINANCE GROUP PLC ORD 1P,JUPITER FUND MANAGEMENT PLC ORD,-2.1324457638818353,0.23166967104648284,0.05,,False,1.0481176837643096,3.8532972950391695,,,,,,,,,,,,,,
FINANCIALS,AJB.L,HSBA.L,AJ BELL PLC ORD GBP0.000125,HSBC HOLDINGS PLC ORD $0.50 (UK,-2.1271985588802034,0.23371947694295392,0.05,,False,0.2694511267337062,4.3117988335785045,,,,,,,,,,,,,,
FINANCIALS,ADM.L,BEZ.L,ADMIRAL GROUP PLC ORD 0.1P,BEAZLEY PLC ORD 5P,-2.126687540080149,0.23391967534953767,0.05,,False,0.320228332396642,5.83105667934072,,,,,,,,,,,,,,
FINANCIALS,ABDN.L,AV.L,ABERDEEN GROUP PLC ORD 13 61/63,AVIVA PLC ORD 32 17/19P,-2.1246819860423622,0.23470635452652522,0.05,,False,1.2435230796095205,-2.718520152344812,,,,,,,,,,,,,,
FINANCIALS,HSBA.L,INVP.L,HSBC HOLDINGS PLC ORD $0.50 (UK,INVESTEC PLC ORD GBP0.0002,-2.110044464039106,0.24049490099824739,0.05,,False,8.017663222698213,-43.92150096942948,,,,,,,,,,,,,,
FINANCIALS,JUP.L,PRU.L,JUPITER FUND MANAGEMENT PLC ORD,PRUDENTIAL PLC ORD 5P,-2.1097099962476515,0.2406281314685959,0.05,,False,1.5506633149463327,-5.77993156512305,,,,,,,,,,,,,,
FINANCIALS,BGEO.L,SDR.L,LION FINANCE GROUP PLC ORD 1P,SCHRODERS PLC ORD 20P,-2.108843641259217,0.2409734307606176,0.05,,False,2.0474074513691543,-3.4566123177154235,,,,,,,,,,,,,,
FINANCIALS,BARC.L,JUP.L,BARCLAYS PLC ORD 25P,JUPITER FUND MANAGEMENT PLC ORD,-2.105684866003947,0.24223484134086293,0.05,,False,0.7562592232994876,2.2345368554867027,,,,,,,,,,,,,,
FINANCIALS,BGEO.L,INVP.L,LION FINANCE GROUP PLC ORD 1P,INVESTEC PLC ORD GBP0.0002,-2.105057338400102,0.24248588916713582,0.05,,False,13.307293746625955,-75.44686619682628,,,,,,,,,,,,,,
FINANCIALS,AJB.L,BEZ.L,AJ BELL PLC ORD GBP0.000125,BEAZLEY PLC ORD 5P,-2.093799982701285,0.24701495705023685,0.05,,False,0.30009700196569267,4.110935926693801,,,,,,,,,,,,,,
FINANCIALS,AJB.L,JUP.L,AJ BELL PLC ORD GBP0.000125,JUPITER FUND MANAGEMENT PLC ORD,-2.0849673294792916,0.2506021178111839,0.05,,False,0.18933507682268302,5.260957520090249,,,,,,,,,,,,,,
FINANCIALS,ASHM.L,LGEN.L,ASHMORE GROUP PLC ORD 0.01P,LEGAL & GENERAL GROUP PLC ORD 2,-2.084345806425217,0.25085564054983683,0.05,,False,5.217213459875189,-23.454729516261125,,,,,,,,,,,,,,
FINANCIALS,AJB.L,BNKR.L,AJ BELL PLC ORD GBP0.000125,BANKERS INVESTMENT TRUST PLC OR,-2.0840746165365167,0.25096630590577573,0.05,,False,1.43846077890204,-0.7689218540476572,,,,,,,,,,,,,,
FINANCIALS,AJB.L,BGEO.L,AJ BELL PLC ORD GBP0.000125,LION FINANCE GROUP PLC ORD 1P,-2.080143338834157,0.25257365498480455,0.05,,False,0.18629808491255812,4.515248948890541,,,,,,,,,,,,,,
FINANCIALS,ADM.L,SDR.L,ADMIRAL GROUP PLC ORD 0.1P,SCHRODERS PLC ORD 20P,-2.075618175250784,0.25443098337212633,0.05,,False,0.27463751246431173,6.366342013535735,,,,,,,,,,,,,,
FINANCIALS,BEZ.L,STAN.L,BEAZLEY PLC ORD 5P,STANDARD CHARTERED PLC ORD USD0,-2.059333946973771,0.2611777302396685,0.05,,False,0.5346552939204385,2.997063400795861,,,,,,,,,,,,,,
FINANCIALS,ASHM.L,NWG.L,ASHMORE GROUP PLC ORD 0.01P,NATWEST GROUP PLC ORD 107.69P,-2.0592530892009986,0.26121147495768277,0.05,,False,0.30842532179418886,3.2787788151051536,,,,,,,,,,,,,,
FINANCIALS,BEZ.L,LLOY.L,BEAZLEY PLC ORD 5P,LLOYDS BANKING GROUP PLC ORD 10,-2.0531096051973265,0.2637823748503977,0.05,,False,0.8044419137866643,3.3249032557482012,,,,,,,,,,,,,,
FINANCIALS,JUP.L,NWG.L,JUPITER FUND MANAGEMENT PLC ORD,NATWEST GROUP PLC ORD 107.69P,-2.036540898094249,0.27078449033414204,0.05,,False,1.6336483318768156,-5.3758465958534245,,,,,,,,,,,,,,
FINANCIALS,AV.L,LLOY.L,AVIVA PLC ORD 32 17/19P,LLOYDS BANKING GROUP PLC ORD 10,-2.0329816203428632,0.27230160753381366,0.05,,False,0.5846634128575612,3.8247705390498448,,,,,,,,,,,,,,
FINANCIALS,AJB.L,STAN.L,AJ BELL PLC ORD GBP0.000125,STANDARD CHARTERED PLC ORD USD0,-2.0236950359089896,0.27628125290766403,0.05,,False,0.20974053848264554,4.660083167233186,,,,,,,,,,,,,,
FINANCIALS,INVP.L,STAN.L,INVESTEC PLC ORD GBP0.0002,STANDARD CHARTERED PLC ORD USD0,-2.0227056486124524,0.2767070484126787,0.05,,False,0.06781347416767551,5.847310897994616,,,,,,,,,,,,,,
FINANCIALS,INVP.L,LLOY.L,INVESTEC PLC ORD GBP0.0002,LLOYDS BANKING GROUP PLC ORD 10,-2.0205445708704275,0.2776382999559732,0.05,,False,0.10259663381402424,5.886456654594502,,,,,,,,,,,,,,
FINANCIALS,BEZ.L,MNG.L,BEAZLEY PLC ORD 5P,M&G PLC,-2.0178366491450204,0.27880752394949526,0.05,,False,1.2026106657820288,0.20388571967419633,,,,,,,,,,,,,,
FINANCIALS,ADM.L,JUP.L,ADMIRAL GROUP PLC ORD 0.1P,JUPITER FUND MANAGEMENT PLC ORD,-2.0155808162748405,0.27978351575699123,0.05,,False,0.1675288936948982,7.220343017934649,,,,,,,,,,,,,,
FINANCIALS,MNG.L,PRU.L,M&G PLC,PRUDENTIAL PLC ORD 5P,-2.0128372979279816,0.28097291212006187,0.05,,False,0.7295905236434755,0.5517799742403078,,,,,,,,,,,,,,
FINANCIALS,JUP.L,STAN.L,JUPITER FUND MANAGEMENT PLC ORD,STANDARD CHARTERED PLC ORD USD0,-2.012520011651602,0.28111063512002715,0.05,,False,1.0771652838442043,-2.956099409162034,,,,,,,,,,,,,,
FINANCIALS,MNG.L,SDR.L,M&G PLC,SCHRODERS PLC ORD 20P,-2.000575632917414,0.28632076124518,0.05,,False,0.8316345156155187,0.512370278709442,,,,,,,,,,,,,,
FINANCIALS,LLOY.L,STJ.L,LLOYDS BANKING GROUP PLC ORD 10,ST. JAMES'S PLACE PLC ORD 15P,-1.9942961578785463,0.28907962176495533,0.05,,False,0.8171753479714938,-1.358072589190063,,,,,,,,,,,,,,
FINANCIALS,BNKR.L,INVP.L,BANKERS INVESTMENT TRUST PLC OR,INVESTEC PLC ORD GBP0.0002,-1.9920247804522737,0.29008086617434004,0.05,,False,1.0256377147145832,-1.6811750319147771,,,,,,,,,,,,,,
FINANCIALS,BARC.L,INVP.L,BARCLAYS PLC ORD 25P,INVESTEC PLC ORD GBP0.0002,-1.9893589184607283,0.29125824491603236,0.05,,False,11.58466055294743,-67.53393981023976,,,,,,,,,,,,,,
FINANCIALS,ASHM.L,BEZ.L,ASHMORE GROUP PLC ORD 0.01P,BEAZLEY PLC ORD 5P,-1.982763016607431,0.2941816785839567,0.05,,False,0.6158975444028603,0.9948985304556972,,,,,,,,,,,,,,
FINANCIALS,BNKR.L,STAN.L,BANKERS INVESTMENT TRUST PLC OR,STANDARD CHARTERED PLC ORD USD0,-1.9774219580017722,0.29655967261388777,0.05,,False,0.24226516597271158,3.0887729878212244,,,,,,,,,,,,,,
FINANCIALS,NWG.L,SDR.L,NATWEST GROUP PLC ORD 107.69P,SCHRODERS PLC ORD 20P,-1.9749026161925003,0.29768466747276146,0.05,,False,1.2379392087252326,-1.2306440761044337,,,,,,,,,,,,,,
FINANCIALS,ASHM.L,HSBA.L,ASHMORE GROUP PLC ORD 0.01P,HSBC HOLDINGS PLC ORD $0.50 (UK,-1.9712146779798503,0.29933529740715326,0.05,,False,0.40314387725825823,2.4297324055956904,,,,,,,,,,,,,,
FINANCIALS,INVP.L,LGEN.L,INVESTEC PLC ORD GBP0.0002,LEGAL & GENERAL GROUP PLC ORD 2,-1.9678611216662343,0.3008401744960352,0.05,,False,3.2157163831031426,-11.320734186384517,,,,,,,,,,,,,,
FINANCIALS,INVP.L,PRU.L,INVESTEC PLC ORD GBP0.0002,PRUDENTIAL PLC ORD 5P,-1.967290765867643,0.30109648535670375,0.05,,False,0.10720979215366004,5.6047545607431415,,,,,,,,,,,,,,
FINANCIALS,BNKR.L,JUP.L,BANKERS INVESTMENT TRUST PLC OR,JUPITER FUND MANAGEMENT PLC ORD,-1.9589420014441925,0.3048605200771518,0.05,,False,0.22448729792069477,3.755614640803276,,,,,,,,,,,,,,
FINANCIALS,ABDN.L,ASHM.L,ABERDEEN GROUP PLC ORD 13 61/63,ASHMORE GROUP PLC ORD 0.01P,-1.954098863317133,0.30705444257249737,0.05,,False,1.286348828874785,-1.4891566520081767,,,,,,,,,,,,,,
FINANCIALS,HSBA.L,JUP.L,HSBC HOLDINGS PLC ORD $0.50 (UK,JUPITER FUND MANAGEMENT PLC ORD,-1.9539685576626844,0.30711357525537364,0.05,,False,0.6817574588233284,3.6208097260678147,,,,,,,,,,,,,,
FINANCIALS,INVP.L,NWG.L,INVESTEC PLC ORD GBP0.0002,NATWEST GROUP PLC ORD 107.69P,-1.942375459633879,0.3123962925094879,0.05,,False,0.049608989983371224,6.023268762842406,,,,,,,,,,,,,,
FINANCIALS,MNG.L,STAN.L,M&G PLC,STANDARD CHARTERED PLC ORD USD0,-1.9393382717439864,0.31378733246871315,0.05,,False,0.5007911948097976,1.9231584402398902,,,,,,,,,,,,,,
FINANCIALS,BARC.L,BEZ.L,BARCLAYS PLC ORD 25P,BEAZLEY PLC ORD 5P,-1.9387041062760668,0.31407814874297424,0.05,,False,1.5216208048091966,-4.553806032078529,,,,,,,,,,,,,,
FINANCIALS,AV.L,BARC.L,AVIVA PLC ORD 32 17/19P,BARCLAYS PLC ORD 25P,-1.934912940226338,0.3158193379400017,0.05,,False,0.49758784690041935,3.4679296685030394,,,,,,,,,,,,,,
FINANCIALS,INVP.L,STJ.L,INVESTEC PLC ORD GBP0.0002,ST. JAMES'S PLACE PLC ORD 15P,-1.929831266510602,0.3181602611025305,0.05,,False,0.019233668968942182,6.195652722021116,,,,,,,,,,,,,,
FINANCIALS,ASHM.L,STAN.L,ASHMORE GROUP PLC ORD 0.01P,STANDARD CHARTERED PLC ORD USD0,-1.9247095469065005,0.32052771962655646,0.05,,False,0.22748920340140233,3.5641848531456253,,,,,,,,,,,,,,
FINANCIALS,AV.L,INVP.L,AVIVA PLC ORD 32 17/19P,INVESTEC PLC ORD GBP0.0002,-1.923196688718859,0.3212285642575665,0.05,,False,9.947800103918588,-56.61373253600635,,,,,,,,,,,,,,
FINANCIALS,ADM.L,INVP.L,ADMIRAL GROUP PLC ORD 0.1P,INVESTEC PLC ORD GBP0.0002,-1.913102318398196,0.3259226927045082,0.05,,False,-3.7090617604216054,31.48274086615316,,,,,,,,,,,,,,
FINANCIALS,AJB.L,LLOY.L,AJ BELL PLC ORD GBP0.000125,LLOYDS BANKING GROUP PLC ORD 10,-1.904914782306458,0.32975258615122194,0.05,,False,0.28383791556872895,4.925646248292263,,,,,,,,,,,,,,
FINANCIALS,BEZ.L,NWG.L,BEAZLEY PLC ORD 5P,NATWEST GROUP PLC ORD 107.69P,-1.8975833822128352,0.3331988166718487,0.05,,False,0.8121382901586,1.788178194354387,,,,,,,,,,,,,,
FINANCIALS,BGEO.L,STJ.L,LION FINANCE GROUP PLC ORD 1P,ST. JAMES'S PLACE PLC ORD 15P,-1.89571520242588,0.3340794918676061,0.05,,False,1.3500633491081682,-0.5954614748841642,,,,,,,,,,,,,,
FINANCIALS,BGEO.L,BNKR.L,LION FINANCE GROUP PLC ORD 1P,BANKERS INVESTMENT TRUST PLC OR,-1.8878206360893908,0.3378121807212202,0.05,,False,4.677951060762722,-13.724787994255848,,,,,,,,,,,,,,
FINANCIALS,AJB.L,BARC.L,AJ BELL PLC ORD GBP0.000125,BARCLAYS PLC ORD 25P,-1.885565193141374,0.33888187044000184,0.05,,False,0.2595449934591244,4.648351363528558,,,,,,,,,,,,,,
FINANCIALS,ASHM.L,MNG.L,ASHMORE GROUP PLC ORD 0.01P,M&G PLC,-1.881654298361769,0.340740109269609,0.05,,False,0.8012634041939642,0.7883978317716114,,,,,,,,,,,,,,
FINANCIALS,BARC.L,SDR.L,BARCLAYS PLC ORD 25P,SCHRODERS PLC ORD 20P,-1.8752034402062487,0.3438145818041912,0.05,,False,1.5179433864076206,-3.282794909742342,,,,,,,,,,,,,,
FINANCIALS,BEZ.L,JUP.L,BEAZLEY PLC ORD 5P,JUPITER FUND MANAGEMENT PLC ORD,-1.8478205429306958,0.35699162954094055,0.05,,False,0.45815434031151364,4.64380029574323,,,,,,,,,,,,,,
FINANCIALS,LLOY.L,SDR.L,LLOYDS BANKING GROUP PLC ORD 10,SCHRODERS PLC ORD 20P,-1.8387130162849479,0.3614180937728976,0.05,,False,1.212968962777524,-2.932739502810489,,,,,,,,,,,,,,
FINANCIALS,AV.L,BGEO.L,AVIVA PLC ORD 32 17/19P,LION FINANCE GROUP PLC ORD 1P,-1.832362568933865,0.36451702197528046,0.05,,False,0.3627547347353754,3.163663707011777,,,,,,,,,,,,,,
FINANCIALS,HSBA.L,STJ.L,HSBC HOLDINGS PLC ORD $0.50 (UK,ST. JAMES'S PLACE PLC ORD 15P,-1.817768060319959,0.37167670525522556,0.05,,False,0.8661599922886375,0.8103907463625699,,,,,,,,,,,,,,
FINANCIALS,ASHM.L,PRU.L,ASHMORE GROUP PLC ORD 0.01P,PRUDENTIAL PLC ORD 5P,-1.8150240985197672,0.37302856847985444,0.05,,False,0.40662927712974395,2.433048719098404,,,,,,,,,,,,,,
FINANCIALS,SDR.L,STAN.L,SCHRODERS PLC ORD 20P,STANDARD CHARTERED PLC ORD USD0,-1.8146715557451922,0.37320238476692136,0.05,,False,0.5235651641543777,2.255008620607805,,,,,,,,,,,,,,
FINANCIALS,AV.L,STAN.L,AVIVA PLC ORD 32 17/19P,STANDARD CHARTERED PLC ORD USD0,-1.8070436973674018,0.37697034338280355,0.05,,False,0.39710562511685027,3.5259462808329967,,,,,,,,,,,,,,
FINANCIALS,AJB.L,ASHM.L,AJ BELL PLC ORD GBP0.000125,ASHMORE GROUP PLC ORD 0.01P,-1.7914007853539256,0.38473924511690816,0.05,,False,0.3265615711549984,4.4586549078496285,,,,,,,,,,,,,,
FINANCIALS,AV.L,JUP.L,AVIVA PLC ORD 32 17/19P,JUPITER FUND MANAGEMENT PLC ORD,-1.790390652965615,0.38524279591413824,0.05,,False,0.35618307265604543,4.674344398778124,,,,,,,,,,,,,,
FINANCIALS,AJB.L,PRU.L,AJ BELL PLC ORD GBP0.000125,PRUDENTIAL PLC ORD 5P,-1.7849464818271934,0.387960541990647,0.05,,False,0.29224801503068126,4.175715184017719,,,,,,,,,,,,,,
FINANCIALS,ASHM.L,AV.L,ASHMORE GROUP PLC ORD 0.01P,AVIVA PLC ORD 32 17/19P,-1.757623220176448,0.4016941275139233,0.05,,False,1.2515280743013362,-2.7636616327813046,,,,,,,,,,,,,,
FINANCIALS,JUP.L,SDR.L,JUPITER FUND MANAGEMENT PLC ORD,SCHRODERS PLC ORD 20P,-1.742506868129751,0.40935534569375304,0.05,,False,1.954945335629384,-6.983473487083536,,,,,,,,,,,,,,
FINANCIALS,ASHM.L,STJ.L,ASHMORE GROUP PLC ORD 0.01P,ST. JAMES'S PLACE PLC ORD 15P,-1.7107866105503082,0.4255636351309227,0.05,,False,0.19195297518582038,3.8480445378203556,,,,,,,,,,,,,,
FINANCIALS,PRU.L,STAN.L,PRUDENTIAL PLC ORD 5P,STANDARD CHARTERED PLC ORD USD0,-1.706077728788726,0.42798380013424836,0.05,,False,0.6940700169794436,1.8251554730666832,,,,,,,,,,,,,,
FINANCIALS,ADM.L,BNKR.L,ADMIRAL GROUP PLC ORD 0.1P,BANKERS INVESTMENT TRUST PLC OR,-1.7042448376918164,0.42892674658919205,0.05,,False,1.5432130899475858,0.5841290270730202,,,,,,,,,,,,,,
FINANCIALS,AJB.L,AV.L,AJ BELL PLC ORD GBP0.000125,AVIVA PLC ORD 32 17/19P,-1.6883327471073648,0.4371336001013857,0.05,,False,0.6486880796702584,2.032777827879425,,,,,,,,,,,,,,
FINANCIALS,AV.L,BEZ.L,AVIVA PLC ORD 32 17/19P,BEAZLEY PLC ORD 5P,-1.6422105775478257,0.46110593656263354,0.05,,False,0.5696300106432048,2.4763755036114206,,,,,,,,,,,,,,
FINANCIALS,BARC.L,BNKR.L,BARCLAYS PLC ORD 25P,BANKERS INVESTMENT TRUST PLC OR,-1.5957594413997136,0.4857233187757868,0.05,,False,3.447172671734708,-10.79434167599797,,,,,,,,,,,,,,
FINANCIALS,AV.L,SDR.L,AVIVA PLC ORD 32 17/19P,SCHRODERS PLC ORD 20P,-1.5852181805355656,0.49101453248284965,0.05,,False,0.5518826070669668,3.050009409256701,,,,,,,,,,,,,,
FINANCIALS,BNKR.L,LLOY.L,BANKERS INVESTMENT TRUST PLC OR,LLOYDS BANKING GROUP PLC ORD 10,-1.5763022692103177,0.495485763095314,0.05,,False,0.32395773941161615,3.412325532923673,,,,,,,,,,,,,,
FINANCIALS,BEZ.L,PRU.L,BEAZLEY PLC ORD 5P,PRUDENTIAL PLC ORD 5P,-1.5571377450198522,0.5050808928977908,0.05,,False,0.7928278381894405,1.4390164044027003,,,,,,,,,,,,,,
FINANCIALS,ADM.L,ASHM.L,ADMIRAL GROUP PLC ORD 0.1P,ASHMORE GROUP PLC ORD 0.01P,-1.5139872334103255,0.5265810568839079,0.05,,False,-0.03866602535784748,8.207724291764272,,,,,,,,,,,,,,
FINANCIALS,AV.L,HSBA.L,AVIVA PLC ORD 32 17/19P,HSBC HOLDINGS PLC ORD $0.50 (UK,-1.4965019095776926,0.5352410790122349,0.05,,False,0.524419358196946,2.7692087018641476,,,,,,,,,,,,,,
FINANCIALS,AJB.L,NWG.L,AJ BELL PLC ORD GBP0.000125,NATWEST GROUP PLC ORD 107.69P,-1.4850486097465214,0.5408941871489801,0.05,,False,0.3099256753242589,4.239305699855554,,,,,,,,,,,,,,
FINANCIALS,BEZ.L,STJ.L,BEAZLEY PLC ORD 5P,ST. JAMES'S PLACE PLC ORD 15P,-1.468138851644608,0.5492096247420586,0.05,,False,0.5938487958708669,2.673413511119066,,,,,,,,,,,,,,
FINANCIALS,ABDN.L,STJ.L,ABERDEEN GROUP PLC ORD 13 61/63,ST. JAMES'S PLACE PLC ORD 15P,-1.4671085521734182,0.5497150213301571,0.05,,False,0.5403481321572571,1.4236166275213504,,,,,,,,,,,,,,
FINANCIALS,SDR.L,STJ.L,SCHRODERS PLC ORD 20P,ST. JAMES'S PLACE PLC ORD 15P,-1.4372429906755269,0.5642969408611531,0.05,,False,0.5401513678638273,2.2253517274746333,,,,,,,,,,,,,,
FINANCIALS,ASHM.L,BNKR.L,ASHMORE GROUP PLC ORD 0.01P,BANKERS INVESTMENT TRUST PLC OR,-1.308644075480326,0.6252084181031979,0.05,,False,2.499498428851433,-6.842583040162238,,,,,,,,,,,,,,
FINANCIALS,BNKR.L,NWG.L,BANKERS INVESTMENT TRUST PLC OR,NATWEST GROUP PLC ORD 107.69P,-1.2998472871994773,0.6292421770769334,0.05,,False,0.31877912800521946,2.844515840818327,,,,,,,,,,,,,,
FINANCIALS,PRU.L,SDR.L,PRUDENTIAL PLC ORD 5P,SCHRODERS PLC ORD 20P,-1.293181167390876,0.6322861351125286,0.05,,False,1.216680913150678,-0.5130225617376309,,,,,,,,,,,,,,
FINANCIALS,MNG.L,STJ.L,M&G PLC,ST. JAMES'S PLACE PLC ORD 15P,-1.2794248756365307,0.6385321076645359,0.05,,False,0.5539122840869408,1.6361369385496616,,,,,,,,,,,,,,
FINANCIALS,AJB.L,STJ.L,AJ BELL PLC ORD GBP0.000125,ST. JAMES'S PLACE PLC ORD 15P,-1.2758658286425522,0.6401401403853029,0.05,,False,0.25416463669913764,4.385914902472092,,,,,,,,,,,,,,
FINANCIALS,AV.L,MNG.L,AVIVA PLC ORD 32 17/19P,M&G PLC,-1.2332267820428815,0.6591416149443995,0.05,,False,0.8030162825095309,1.9458204403422998,,,,,,,,,,,,,,
FINANCIALS,HSBA.L,PRU.L,HSBC HOLDINGS PLC ORD $0.50 (UK,PRUDENTIAL PLC ORD 5P,-0.9739164801534551,0.7626584069744542,0.05,,False,1.0662683296258584,-0.3811377693249174,,,,,,,,,,,,,,
FINANCIALS,AV.L,BNKR.L,AVIVA PLC ORD 32 17/19P,BANKERS INVESTMENT TRUST PLC OR,-0.7420784539205997,0.8355472129103043,0.05,,False,1.9387099101695544,-2.978004958904041,,,,,,,,,,,,,,
FINANCIALS,BNKR.L,PRU.L,BANKERS INVESTMENT TRUST PLC OR,PRUDENTIAL PLC ORD 5P,-0.7048896360086722,0.8454789433141991,0.05,,False,0.3205275693667577,2.644432070924994,,,,,,,,,,,,,,
FINANCIALS,BNKR.L,STJ.L,BANKERS INVESTMENT TRUST PLC OR,ST. JAMES'S PLACE PLC ORD 15P,-0.5965700714267635,0.8717551682007838,0.05,,False,0.23970576977763847,3.14610167685075,,,,,,,,,,,,,,
FR_BANKS,ACA.PA,GLE.PA,CREDIT AGRICOLE,SOCIETE GENERALE,-3.4025574984151503,0.010871995024699653,0.05,0.010871995024699653,True,0.28571435152750585,1.5877381479120283,17.729533479343417,5.192451084719422e-05,-0.0390956243359436,53.0,0.26281760355666917,3.0578819927856897,False,,0.6,0.005113801607132524,0.0034309398429416826,0.20620461592003236,True,reversion signs agree
FR_BANKS,ACA.PA,BNP.PA,CREDIT AGRICOLE,BNP PARIBAS ACT.A,-2.0533572355940812,0.2636784802269569,0.05,0.010871995024699653,False,0.6931796672629367,-0.2713485700461691,,,,,,,,,,,,,,
FR_BANKS,BNP.PA,GLE.PA,BNP PARIBAS ACT.A,SOCIETE GENERALE,-1.868947411987859,0.3468072220955965,0.05,0.010871995024699653,False,0.4023839473470906,2.7184427611411817,,,,,,,,,,,,,,
FR_LUXURY,CDI.PA,MC.PA,CHRISTIAN DIOR,LVMH,-3.5488410737472633,0.006817855892248074,0.05,0.006817855892248074,True,0.9454324237655821,0.2753138728990976,5.212636054067246,-5.143296103318732e-05,-0.13297440553500867,16.0,1.0972906551130188,2.969273025048045,False,,0.4,-0.0067355666781961036,-0.33018453470338116,-0.4343508848472164,False,mixed signal
FR_LUXURY,KER.PA,RMS.PA,KERING,HERMES INTL,-1.9703253297750474,0.2997340222146433,0.05,0.006817855892248074,False,-3.23779115206697,30.24796681773574,,,,,,,,,,,,,,
FR_LUXURY,CDI.PA,RMS.PA,CHRISTIAN DIOR,HERMES INTL,-1.2696223441399963,0.6429530404163127,0.05,0.006817855892248074,False,1.112562010302201,-2.272561833594027,,,,,,,,,,,,,,
FR_LUXURY,CDI.PA,KER.PA,CHRISTIAN DIOR,KERING,-1.2341608093357475,0.6587307320438976,0.05,0.006817855892248074,False,0.5724002889630745,3.1088487619117715,,,,,,,,,,,,,,
FR_LUXURY,KER.PA,MC.PA,KERING,LVMH,-1.1320130756288496,0.7021381268307383,0.05,0.006817855892248074,False,1.6346938402185762,-4.842972597823986,,,,,,,,,,,,,,
FR_LUXURY,MC.PA,RMS.PA,LVMH,HERMES INTL,-1.1088596473148764,0.7115258787530665,0.05,0.006817855892248074,False,1.2784832684152334,-3.4732135972766995,,,,,,,,,,,,,,
FR_UTILITIES,ENGI.PA,RUI.PA,ENGIE,RUBIS,-3.1222046606979017,0.024952990976203283,0.05,,False,1.5674768573871944,-2.25004244454084,,,,,,,,,,,,,,
FR_UTILITIES,ENGI.PA,VIE.PA,ENGIE,VEOLIA ENVIRON.,-2.715726927015976,0.07135613759125094,0.05,,False,3.11346593914243,-7.543158082562567,,,,,,,,,,,,,,
FR_UTILITIES,ALO.PA,ENGI.PA,ALSTOM,ENGIE,-1.8020263195526116,0.37945614727785076,0.05,,False,0.28006540288076714,2.226053587553091,,,,,,,,,,,,,,
FR_UTILITIES,RUI.PA,VIE.PA,RUBIS,VEOLIA ENVIRON.,-1.781906493968891,0.3894808919671087,0.05,,False,2.173759604849653,-4.00361563175536,,,,,,,,,,,,,,
FR_UTILITIES,ALO.PA,RUI.PA,ALSTOM,RUBIS,-1.2201930553189024,0.664849412572233,0.05,,False,0.6054611615899641,1.0525369537677711,,,,,,,,,,,,,,
FR_UTILITIES,ALO.PA,VIE.PA,ALSTOM,VEOLIA ENVIRON.,0.21861110393524488,0.9732863273645661,0.05,,False,7.9282716771061885,-23.478420922753745,,,,,,,,,,,,,,
HEALTHCARE,GSK.L,HIK.L,GSK PLC ORD 31 1/4P,HIKMA PHARMACEUTICALS PLC ORD S,-3.79041141180161,0.00300695652494038,0.05,0.028618856492482574,True,-0.9395657041769129,14.407731993576656,14.765771330929974,-0.00010283770726009114,-0.04694283590238219,44.0,-3.1390584323383255,3.1390584323383255,True,2026-09-10 00:00:00,0.8,-0.039282528746817216,-0.5650722818053842,0.1441787753216388,False,mixed signal
HEALTHCARE,AZN.L,HIK.L,ASTRAZENECA PLC ORD SHS $0.25,HIKMA PHARMACEUTICALS PLC ORD S,-3.6488169256108405,0.004893482349054199,0.05,0.028618856492482574,True,-0.7079611073756978,14.701822805176409,17.09655347675896,-0.00023610500208847595,-0.040543094343676284,51.0,-1.7139675770427063,3.0444876762951143,False,,0.2,-0.013687091264348823,-0.05962123769484262,0.6746454758894489,False,still diverging
HEALTHCARE,AZN.L,GSK.L,ASTRAZENECA PLC ORD SHS $0.25,GSK PLC ORD 31 1/4P,-3.513597393936668,0.0076446744577430056,0.05,0.028618856492482574,True,0.8023695656475364,3.485229464350386,13.677080883023995,-0.00017774341811880502,-0.050679467825644,41.0,0.7222412896596558,3.041860870823782,False,,0.6,0.014970436186632676,0.8290206531034188,1.6795135993001478,False,mixed signal
HEALTHCARE,AZN.L,CTEC.L,ASTRAZENECA PLC ORD SHS $0.25,CONVATEC GROUP PLC ORD 10P,-3.2824826783147896,0.01567988955449846,0.05,0.028618856492482574,True,-2.592451981856699,23.590037355239076,15.517973403213665,-0.0007728666701322626,-0.04466737779150977,47.0,-1.6669748143891725,2.6336654502929875,False,,0.0,-0.038196691640215885,-0.32110349699224905,-0.026902739696605726,False,still diverging
HEALTHCARE,CTEC.L,HIK.L,CONVATEC GROUP PLC ORD 10P,HIKMA PHARMACEUTICALS PLC ORD S,-3.0815851210113103,0.027946328304577762,0.05,0.028618856492482574,True,0.2941086544349037,3.271121994480678,17.494166580992413,-0.00019673594454407926,-0.03962161771759145,52.0,-0.30742388723804626,2.329435379742335,False,,0.4,-0.008426026291633337,-0.3105563169792224,-0.6429392604827926,True,mixed signal
HEALTHCARE,CTEC.L,GSK.L,CONVATEC GROUP PLC ORD 10P,GSK PLC ORD 31 1/4P,-3.0729753642714943,0.028618856492482574,0.05,0.028618856492482574,True,-0.23713225898952814,7.221453448693138,17.722538850219944,-0.0002601115408211341,-0.03911105437082131,53.0,-1.4143053830532857,2.439734461358724,False,,0.2,-0.019811267480547203,-0.605252615377328,-0.5532296355398869,False,still diverging
HEALTHCARE,CTEC.L,SN.L,CONVATEC GROUP PLC ORD 10P,SMITH & NEPHEW PLC ORD USD0.20,-2.6650512225565626,0.08028362339207146,0.05,0.028618856492482574,False,-0.14142196637611168,6.469272679263747,,,,,,,,,,,,,,
HEALTHCARE,HIK.L,SN.L,HIKMA PHARMACEUTICALS PLC ORD S,SMITH & NEPHEW PLC ORD USD0.20,-2.554597236007262,0.10274878952252631,0.05,0.028618856492482574,False,-2.0247120848166063,21.75262938503721,,,,,,,,,,,,,,
HEALTHCARE,AZN.L,SN.L,ASTRAZENECA PLC ORD SHS $0.25,SMITH & NEPHEW PLC ORD USD0.20,-2.4957970302815142,0.11650030472555672,0.05,0.028618856492482574,False,1.199971804000894,0.9467447961961941,,,,,,,,,,,,,,
HEALTHCARE,GSK.L,SN.L,GSK PLC ORD 31 1/4P,SMITH & NEPHEW PLC ORD USD0.20,-2.09714572243483,0.24566386874441198,0.05,0.028618856492482574,False,1.729157537740821,-4.809918977598911,,,,,,,,,,,,,,
INDUSTRIALS,BBY.L,IMI.L,BALFOUR BEATTY PLC ORD 50P,IMI PLC ORD 28 4/7P,-4.029566174600437,0.0012633662011488334,0.05,,False,1.4716358221694608,-4.984413603291845,,,,,,,,,,,,,,
INDUSTRIALS,BA.L,BNZL.L,BAE SYSTEMS PLC ORD 2.5P,BUNZL PLC ORD 32 1/7P,-3.333821139658091,0.013432717331624117,0.05,,False,-1.0633020312262789,15.789480466595968,,,,,,,,,,,,,,
INDUSTRIALS,BNZL.L,SMIN.L,BUNZL PLC ORD 32 1/7P,SMITHS GROUP PLC ORD 37.5P,-3.2782107502002042,0.015880996468481075,0.05,,False,-1.2252162249212994,17.265361370352245,,,,,,,,,,,,,,
INDUSTRIALS,BA.L,MGNS.L,BAE SYSTEMS PLC ORD 2.5P,MORGAN SINDALL GROUP PLC ORD 5P,-3.2430950622436976,0.017621814241056608,0.05,,False,1.0936481914518132,-1.6471188849636524,,,,,,,,,,,,,,
INDUSTRIALS,BNZL.L,KIE.L,BUNZL PLC ORD 32 1/7P,KIER GROUP PLC ORD 1P,-3.0032563498565263,0.03459141519642203,0.05,,False,-0.951501992070164,12.808582298238433,,,,,,,,,,,,,,
INDUSTRIALS,BNZL.L,MGNS.L,BUNZL PLC ORD 32 1/7P,MORGAN SINDALL GROUP PLC ORD 5P,-2.9926214067045493,0.03558923728958317,0.05,,False,-1.0132963889450395,16.27247349617067,,,,,,,,,,,,,,
INDUSTRIALS,BNZL.L,WEIR.L,BUNZL PLC ORD 32 1/7P,WEIR PLC ORD 12.5P,-2.9505286148596563,0.039779852025726814,0.05,,False,-1.3343441143942651,18.31135902308294,,,,,,,,,,,,,,
INDUSTRIALS,BA.L,SMIN.L,BAE SYSTEMS PLC ORD 2.5P,SMITHS GROUP PLC ORD 37.5P,-2.8960491462553426,0.04580936073835138,0.05,,False,1.3042636168753952,-2.5802022936012454,,,,,,,,,,,,,,
INDUSTRIALS,BBY.L,DPLM.L,BALFOUR BEATTY PLC ORD 50P,DIPLOMA PLC ORD 5P,-2.8606183756459878,0.05012294588492721,0.05,,False,1.6231166492393228,-7.497247546737535,,,,,,,,,,,,,,
INDUSTRIALS,KIE.L,SMIN.L,KIER GROUP PLC ORD 1P,SMITHS GROUP PLC ORD 37.5P,-2.8005652794847933,0.05819306727528379,0.05,,False,1.274671390386552,-4.584534122513374,,,,,,,,,,,,,,
INDUSTRIALS,BBY.L,SMIN.L,BALFOUR BEATTY PLC ORD 50P,SMITHS GROUP PLC ORD 37.5P,-2.6514839268616437,0.08281643890686796,0.05,,False,1.6074889426903725,-5.997780080684187,,,,,,,,,,,,,,
INDUSTRIALS,MRO.L,WEIR.L,MELROSE INDUSTRIES PLC ORD GBP0,WEIR PLC ORD 12.5P,-2.641473084349633,0.0847249311925019,0.05,,False,0.6395102913920928,1.2933431567165483,,,,,,,,,,,,,,
INDUSTRIALS,BA.L,SPX.L,BAE SYSTEMS PLC ORD 2.5P,SPIRAX GROUP PLC ORD 26 12/13P,-2.6086895399453853,0.09121458296331841,0.05,,False,-4.729078494613987,49.26002422225719,,,,,,,,,,,,,,
INDUSTRIALS,SPX.L,WEIR.L,SPIRAX GROUP PLC ORD 26 12/13P,WEIR PLC ORD 12.5P,-2.575385730297052,0.0981919926391604,0.05,,False,-0.13401419875801984,9.898560650410532,,,,,,,,,,,,,,
INDUSTRIALS,BNZL.L,SPX.L,BUNZL PLC ORD 32 1/7P,SPIRAX GROUP PLC ORD 26 12/13P,-2.5719258932890896,0.09893953585808246,0.05,,False,4.421859333860862,-31.2505971752558,,,,,,,,,,,,,,
INDUSTRIALS,IMI.L,SPX.L,IMI PLC ORD 28 4/7P,SPIRAX GROUP PLC ORD 26 12/13P,-2.560995160682385,0.10132967381008667,0.05,,False,24.66338633246554,-210.65548720698666,,,,,,,,,,,,,,
INDUSTRIALS,DPLM.L,SPX.L,DIPLOMA PLC ORD 5P,SPIRAX GROUP PLC ORD 26 12/13P,-2.560301550698848,0.10148280200410126,0.05,,False,28.93550283570127,-247.64024121056474,,,,,,,,,,,,,,
INDUSTRIALS,KIE.L,SPX.L,KIER GROUP PLC ORD 1P,SPIRAX GROUP PLC ORD 26 12/13P,-2.557404593282263,0.10212425597676444,0.05,,False,-37.0972388915851,333.5561902007949,,,,,,,,,,,,,,
INDUSTRIALS,MGNS.L,MRO.L,MORGAN SINDALL GROUP PLC ORD 5P,MELROSE INDUSTRIES PLC ORD GBP0,-2.552866470414983,0.10313525551354691,0.05,,False,2.753688814213332,-9.041920006175841,,,,,,,,,,,,,,
INDUSTRIALS,SMIN.L,SPX.L,SMITHS GROUP PLC ORD 37.5P,SPIRAX GROUP PLC ORD 26 12/13P,-2.547073845997703,0.10443668111468835,0.05,,False,-8.491315491796824,82.81633389371648,,,,,,,,,,,,,,
INDUSTRIALS,MGNS.L,SPX.L,MORGAN SINDALL GROUP PLC ORD 5P,SPIRAX GROUP PLC ORD 26 12/13P,-2.5332254000546772,0.10759806477268113,0.05,,False,-4.552770079794431,48.57194374644088,,,,,,,,,,,,,,
INDUSTRIALS,DPLM.L,IMI.L,DIPLOMA PLC ORD 5P,IMI PLC ORD 28 4/7P,-2.525934074584023,0.10929111120797669,0.05,,False,0.9218243231736556,1.4319752618392174,,,,,,,,,,,,,,
INDUSTRIALS,BBY.L,SPX.L,BALFOUR BEATTY PLC ORD 50P,SPIRAX GROUP PLC ORD 26 12/13P,-2.5248890234910095,0.10953539418958302,0.05,,False,-27.420278917751897,249.027434048824,,,,,,,,,,,,,,
INDUSTRIALS,BA.L,KIE.L,BAE SYSTEMS PLC ORD 2.5P,KIER GROUP PLC ORD 1P,-2.511224459173845,0.11276712420020257,0.05,,False,1.017181073578334,2.1419442491173477,,,,,,,,,,,,,,
INDUSTRIALS,BNZL.L,MRO.L,BUNZL PLC ORD 32 1/7P,MELROSE INDUSTRIES PLC ORD GBP0,-2.4356600670358177,0.13192347564827073,0.05,,False,-4.04792268052077,33.34115909918521,,,,,,,,,,,,,,
INDUSTRIALS,MGNS.L,SMIN.L,MORGAN SINDALL GROUP PLC ORD 5P,SMITHS GROUP PLC ORD 37.5P,-2.435153417224859,0.13205938420510466,0.05,,False,1.2215154795990537,-1.0745412446042408,,,,,,,,,,,,,,
INDUSTRIALS,KIE.L,MRO.L,KIER GROUP PLC ORD 1P,MELROSE INDUSTRIES PLC ORD GBP0,-2.4263568131552535,0.13443514443413984,0.05,,False,2.5973338833290214,-11.16227146779751,,,,,,,,,,,,,,
INDUSTRIALS,DPLM.L,HILS.L,DIPLOMA PLC ORD 5P,HILL & SMITH PLC ORD 25P,-2.422987421802912,0.13535320625385178,0.05,,False,1.6260821853330234,-3.9157227288223275,,,,,,,,,,,,,,
INDUSTRIALS,MGNS.L,WEIR.L,MORGAN SINDALL GROUP PLC ORD 5P,WEIR PLC ORD 12.5P,-2.3981208018563738,0.1422675011064719,0.05,,False,1.2924554070463594,-1.8217655925362433,,,,,,,,,,,,,,
INDUSTRIALS,KIE.L,MGNS.L,KIER GROUP PLC ORD 1P,MORGAN SINDALL GROUP PLC ORD 5P,-2.383266702705975,0.14651506106737683,0.05,,False,1.0612365461417992,-3.6097834613041906,,,,,,,,,,,,,,
INDUSTRIALS,IMI.L,SMIN.L,IMI PLC ORD 28 4/7P,SMITHS GROUP PLC ORD 37.5P,-2.3693883861622944,0.1505633306563346,0.05,,False,1.0625217987165259,-0.46068024805926644,,,,,,,,,,,,,,
INDUSTRIALS,BKG.L,MRO.L,BERKELEY GROUP HOLDINGS (THE) P,MELROSE INDUSTRIES PLC ORD GBP0,-2.34457380610769,0.15799459373916774,0.05,,False,-1.4193142007433512,17.222034110951245,,,,,,,,,,,,,,
INDUSTRIALS,BKG.L,IMI.L,BERKELEY GROUP HOLDINGS (THE) P,IMI PLC ORD 28 4/7P,-2.315610119631727,0.16698281187675007,0.05,,False,-0.5966996827599539,12.87430981255207,,,,,,,,,,,,,,
INDUSTRIALS,BKG.L,SMIN.L,BERKELEY GROUP HOLDINGS (THE) P,SMITHS GROUP PLC ORD 37.5P,-2.2861831148597966,0.17646292120251844,0.05,,False,-0.6724610131467098,13.443382080467117,,,,,,,,,,,,,,
INDUSTRIALS,BA.L,BBY.L,BAE SYSTEMS PLC ORD 2.5P,BALFOUR BEATTY PLC ORD 50P,-2.2711738296985935,0.1814335643177054,0.05,,False,0.7851633487639973,2.451277278292621,,,,,,,,,,,,,,
INDUSTRIALS,BKG.L,MGNS.L,BERKELEY GROUP HOLDINGS (THE) P,MORGAN SINDALL GROUP PLC ORD 5P,-2.2607922245371066,0.18492511278616253,0.05,,False,-0.5308625425790751,12.68931196342371,,,,,,,,,,,,,,
INDUSTRIALS,BKG.L,DPLM.L,BERKELEY GROUP HOLDINGS (THE) P,DIPLOMA PLC ORD 5P,-2.2572724165219813,0.18611881436790656,0.05,,False,-0.6796659948919248,14.076327940198558,,,,,,,,,,,,,,
INDUSTRIALS,BA.L,MRO.L,BAE SYSTEMS PLC ORD 2.5P,MELROSE INDUSTRIES PLC ORD GBP0,-2.2269986099946295,0.19659282901277214,0.05,,False,9.119405509770932,-49.93522355657758,,,,,,,,,,,,,,
INDUSTRIALS,BBY.L,MRO.L,BALFOUR BEATTY PLC ORD 50P,MELROSE INDUSTRIES PLC ORD GBP0,-2.2132743769422487,0.2014629482303833,0.05,,False,5.278003067885523,-26.882526440286647,,,,,,,,,,,,,,
INDUSTRIALS,MRO.L,SMIN.L,MELROSE INDUSTRIES PLC ORD GBP0,SMITHS GROUP PLC ORD 37.5P,-2.185216563164335,0.21165467614558864,0.05,,False,0.5320561547861954,2.216584141846533,,,,,,,,,,,,,,
INDUSTRIALS,BA.L,BKG.L,BAE SYSTEMS PLC ORD 2.5P,BERKELEY GROUP HOLDINGS (THE) P,-2.1524108431076576,0.22396842024246572,0.05,,False,-2.248445569947642,26.057351433173,,,,,,,,,,,,,,
INDUSTRIALS,BKG.L,SPX.L,BERKELEY GROUP HOLDINGS (THE) P,SPIRAX GROUP PLC ORD 26 12/13P,-2.141441621861288,0.22818037141043446,0.05,,False,1.7518728613112067,-7.208856033158035,,,,,,,,,,,,,,
INDUSTRIALS,BBY.L,BKG.L,BALFOUR BEATTY PLC ORD 50P,BERKELEY GROUP HOLDINGS (THE) P,-2.10709597594854,0.24167086395233595,0.05,,False,-2.764607897293452,29.24309925954845,,,,,,,,,,,,,,
INDUSTRIALS,IMI.L,MGNS.L,IMI PLC ORD 28 4/7P,MORGAN SINDALL GROUP PLC ORD 5P,-2.0958555081458217,0.246184385002088,0.05,,False,0.8711642069947685,0.4630377784969859,,,,,,,,,,,,,,
INDUSTRIALS,BNZL.L,IMI.L,BUNZL PLC ORD 32 1/7P,IMI PLC ORD 28 4/7P,-2.079527315128321,0.2528260483711192,0.05,,False,-1.1650997116799158,16.825991486943302,,,,,,,,,,,,,,
INDUSTRIALS,BKG.L,BNZL.L,BERKELEY GROUP HOLDINGS (THE) P,BUNZL PLC ORD 32 1/7P,-2.0450174591796606,0.26718977444697495,0.05,,False,0.44899373521863295,4.755369598587391,,,,,,,,,,,,,,
INDUSTRIALS,BA.L,WEIR.L,BAE SYSTEMS PLC ORD 2.5P,WEIR PLC ORD 12.5P,-2.03008301031072,0.27354047039739904,0.05,,False,1.4345977985654574,-3.8042962543820797,,,,,,,,,,,,,,
INDUSTRIALS,BBY.L,BNZL.L,BALFOUR BEATTY PLC ORD 50P,BUNZL PLC ORD 32 1/7P,-2.0159778298065496,0.2796116172211488,0.05,,False,-1.3773843125257745,17.170442814390395,,,,,,,,,,,,,,
INDUSTRIALS,BKG.L,KIE.L,BERKELEY GROUP HOLDINGS (THE) P,KIER GROUP PLC ORD 1P,-1.9537092301213235,0.3072312743322338,0.05,,False,-0.34985426986796264,10.10660759930557,,,,,,,,,,,,,,
INDUSTRIALS,DPLM.L,MGNS.L,DIPLOMA PLC ORD 5P,MORGAN SINDALL GROUP PLC ORD 5P,-1.94009950778019,0.31343841118854354,0.05,,False,0.7861526912999268,1.9986457055021125,,,,,,,,,,,,,,
INDUSTRIALS,BKG.L,WEIR.L,BERKELEY GROUP HOLDINGS (THE) P,WEIR PLC ORD 12.5P,-1.8983670566067388,0.3328296883635896,0.05,,False,-0.7021878557415686,13.781913618917747,,,,,,,,,,,,,,
INDUSTRIALS,KIE.L,WEIR.L,KIER GROUP PLC ORD 1P,WEIR PLC ORD 12.5P,-1.8828387394901254,0.34017687301624644,0.05,,False,1.3851809577330962,-5.649146401128919,,,,,,,,,,,,,,
INDUSTRIALS,IMI.L,MRO.L,IMI PLC ORD 28 4/7P,MELROSE INDUSTRIES PLC ORD GBP0,-1.8692834626934156,0.34664619524476603,0.05,,False,2.2906340972123926,-6.733206298058437,,,,,,,,,,,,,,
INDUSTRIALS,IMI.L,KIE.L,IMI PLC ORD 28 4/7P,KIER GROUP PLC ORD 1P,-1.8584357488832626,0.35185960011904455,0.05,,False,0.8315363941034646,3.371311212340559,,,,,,,,,,,,,,
INDUSTRIALS,DPLM.L,KIE.L,DIPLOMA PLC ORD 5P,KIER GROUP PLC ORD 1P,-1.8130609222916976,0.373996858721245,0.05,,False,0.7530297952925616,4.609488996894015,,,,,,,,,,,,,,
INDUSTRIALS,MRO.L,SPX.L,MELROSE INDUSTRIES PLC ORD GBP0,SPIRAX GROUP PLC ORD 26 12/13P,-1.811785682493239,0.37462632717997474,0.05,,False,1.4989994395421555,-6.982416102241486,,,,,,,,,,,,,,
INDUSTRIALS,BA.L,IMI.L,BAE SYSTEMS PLC ORD 2.5P,IMI PLC ORD 28 4/7P,-1.7943495046058422,0.3832705944048188,0.05,,False,1.2395056908233433,-2.106636005886128,,,,,,,,,,,,,,
INDUSTRIALS,DPLM.L,MRO.L,DIPLOMA PLC ORD 5P,MELROSE INDUSTRIES PLC ORD GBP0,-1.775283552326575,0.3927999134350324,0.05,,False,2.446571730276118,-6.881032287491456,,,,,,,,,,,,,,
INDUSTRIALS,BBY.L,KIE.L,BALFOUR BEATTY PLC ORD 50P,KIER GROUP PLC ORD 1P,-1.7331451213458517,0.4141210711328981,0.05,,False,1.2714299916108898,-0.26959192099277374,,,,,,,,,,,,,,
INDUSTRIALS,BNZL.L,DPLM.L,BUNZL PLC ORD 32 1/7P,DIPLOMA PLC ORD 5P,-1.7041358383034113,0.4289828382705319,0.05,,False,-1.3486567437840786,19.35628063617146,,,,,,,,,,,,,,
INDUSTRIALS,BBY.L,HILS.L,BALFOUR BEATTY PLC ORD 50P,HILL & SMITH PLC ORD 25P,-1.6755986099260232,0.4437266194768686,0.05,,False,3.008737338648826,-16.673625985875624,,,,,,,,,,,,,,
INDUSTRIALS,BBY.L,MGNS.L,BALFOUR BEATTY PLC ORD 50P,MORGAN SINDALL GROUP PLC ORD 5P,-1.671635418214139,0.44578280841964035,0.05,,False,1.359203818296991,-4.941185600428179,,,,,,,,,,,,,,
INDUSTRIALS,HILS.L,IMI.L,HILL & SMITH PLC ORD 25P,IMI PLC ORD 28 4/7P,-1.5978244103878332,0.48468625879454874,0.05,,False,0.5318162934158417,3.557707959396444,,,,,,,,,,,,,,
INDUSTRIALS,BA.L,DPLM.L,BAE SYSTEMS PLC ORD 2.5P,DIPLOMA PLC ORD 5P,-1.5860214863853077,0.490611486990794,0.05,,False,1.4150235202403023,-4.630535120852346,,,,,,,,,,,,,,
INDUSTRIALS,SMIN.L,WEIR.L,SMITHS GROUP PLC ORD 37.5P,WEIR PLC ORD 12.5P,-1.4324213133605799,0.5666380655759419,0.05,,False,1.064850279212193,-0.6646206728538164,,,,,,,,,,,,,,
INDUSTRIALS,DPLM.L,SMIN.L,DIPLOMA PLC ORD 5P,SMITHS GROUP PLC ORD 37.5P,-1.4322473502891622,0.56672246037815,0.05,,False,0.9791716917651236,1.009502663615379,,,,,,,,,,,,,,
INDUSTRIALS,HILS.L,SPX.L,HILL & SMITH PLC ORD 25P,SPIRAX GROUP PLC ORD 26 12/13P,-1.421273040256923,0.5720361403299559,0.05,,False,1.1764200819262496,-2.7782436163347786,,,,,,,,,,,,,,
INDUSTRIALS,BKG.L,HILS.L,BERKELEY GROUP HOLDINGS (THE) P,HILL & SMITH PLC ORD 25P,-1.3888034289212021,0.5876319689908842,0.05,,False,-2.483782443292267,27.26402909725963,,,,,,,,,,,,,,
INDUSTRIALS,BNZL.L,HILS.L,BUNZL PLC ORD 32 1/7P,HILL & SMITH PLC ORD 25P,-0.9988053602003757,0.7536997691889438,0.05,,False,-4.26877225115607,40.48674630624185,,,,,,,,,,,,,,
INDUSTRIALS,HILS.L,KIE.L,HILL & SMITH PLC ORD 25P,KIER GROUP PLC ORD 1P,-0.9517696321637558,0.770446514956596,0.05,,False,0.3780123228251113,5.682406540795679,,,,,,,,,,,,,,
INDUSTRIALS,HILS.L,MGNS.L,HILL & SMITH PLC ORD 25P,MORGAN SINDALL GROUP PLC ORD 5P,-0.9448025153611306,0.7728606437060599,0.05,,False,0.3243147520144046,4.953398967619412,,,,,,,,,,,,,,
INDUSTRIALS,HILS.L,SMIN.L,HILL & SMITH PLC ORD 25P,SMITHS GROUP PLC ORD 37.5P,-0.854304486570519,0.802648092471181,0.05,,False,0.4735932542786579,4.012496649657226,,,,,,,,,,,,,,
INDUSTRIALS,BA.L,HILS.L,BAE SYSTEMS PLC ORD 2.5P,HILL & SMITH PLC ORD 25P,-0.7609792031055723,0.8303163533576202,0.05,,False,4.049746550471198,-23.52447454584628,,,,,,,,,,,,,,
INDUSTRIALS,IMI.L,WEIR.L,IMI PLC ORD 28 4/7P,WEIR PLC ORD 12.5P,-0.5191221961781465,0.8882306012957562,0.05,,False,1.1375962663779595,-1.2150292884890943,,,,,,,,,,,,,,
INDUSTRIALS,BBY.L,WEIR.L,BALFOUR BEATTY PLC ORD 50P,WEIR PLC ORD 12.5P,-0.5020437065646544,0.8916170635036903,0.05,,False,1.7581788952189377,-7.428803570556969,,,,,,,,,,,,,,
INDUSTRIALS,DPLM.L,WEIR.L,DIPLOMA PLC ORD 5P,WEIR PLC ORD 12.5P,-0.1815863268912404,0.9406811818358488,0.05,,False,1.0577161496209635,0.24124799782003947,,,,,,,,,,,,,,
INDUSTRIALS,HILS.L,WEIR.L,HILL & SMITH PLC ORD 25P,WEIR PLC ORD 12.5P,0.23093434530902324,0.9739442034789838,0.05,,False,0.4469864466205143,4.145311284626018,,,,,,,,,,,,,,
INDUSTRIALS,HILS.L,MRO.L,HILL & SMITH PLC ORD 25P,MELROSE INDUSTRIES PLC ORD GBP0,0.2767268726766177,0.9762511689272998,0.05,,False,0.6292782712326315,3.6793545805374737,,,,,,,,,,,,,,
INVESTMENT_TRUSTS,ATT.L,RCP.L,ALLIANZ TECHNOLOGY TRUST PLC OR,"""RIT Capital Partners""",-4.107051407622678,0.0009428554944899466,0.05,,False,2.7298692213012523,-14.633869316916453,,,,,,,,,,,,,,
INVESTMENT_TRUSTS,PCT.L,RCP.L,POLAR CAPITAL TECHNOLOGY TRUST ,"""RIT Capital Partners""",-3.911535846755609,0.0019515709488316655,0.05,,False,3.444851685088225,-20.205601361376544,,,,,,,,,,,,,,
INVESTMENT_TRUSTS,FCIT.L,RCP.L,F&C INVESTMENT TRUST PLC ORD 6.,"""RIT Capital Partners""",-3.9070918817521574,0.0019832702695849074,0.05,,False,1.1158225254092953,-2.818459316429024,,,,,,,,,,,,,,
INVESTMENT_TRUSTS,ATT.L,FCIT.L,ALLIANZ TECHNOLOGY TRUST PLC OR,F&C INVESTMENT TRUST PLC ORD 6.,-3.541809190298919,0.0069760692044680255,0.05,,False,2.3968892682713876,-7.45770184019958,,,,,,,,,,,,,,
INVESTMENT_TRUSTS,MNKS.L,RCP.L,MONKS INVESTMENT TRUST PLC ORD ,"""RIT Capital Partners""",-3.460554025658074,0.009059859484690357,0.05,,False,1.5446393694617118,-4.544131376179994,,,,,,,,,,,,,,
INVESTMENT_TRUSTS,BRWM.L,RCP.L,BLACKROCK WORLD MINING TRUST PL,"""RIT Capital Partners""",-3.4166308130555127,0.010404825922445935,0.05,,False,3.9468943642191103,-23.557536841822355,,,,,,,,,,,,,,
INVESTMENT_TRUSTS,HGT.L,PCT.L,HG CAPITAL TRUST PLC ORD 2.5P,POLAR CAPITAL TECHNOLOGY TRUST ,-3.230880686445856,0.018265338820804285,0.05,,False,-0.384669646349857,8.473304103138592,,,,,,,,,,,,,,
INVESTMENT_TRUSTS,FCIT.L,PCT.L,F&C INVESTMENT TRUST PLC ORD 6.,POLAR CAPITAL TECHNOLOGY TRUST ,-3.2242838149818054,0.018621370199110088,0.05,,False,0.330364659414105,3.6878337672236254,,,,,,,,,,,,,,
INVESTMENT_TRUSTS,HGT.L,SMT.L,HG CAPITAL TRUST PLC ORD 2.5P,SCOTTISH MORTGAGE INVESTMENT TR,-3.1944594883908084,0.020307634076489146,0.05,,False,-0.609879477446057,10.417969685032869,,,,,,,,,,,,,,
INVESTMENT_TRUSTS,ATT.L,HGT.L,ALLIANZ TECHNOLOGY TRUST PLC OR,HG CAPITAL TRUST PLC ORD 2.5P,-3.1356415674848592,0.02402554449653681,0.05,,False,-2.097424366522614,19.06444415478751,,,,,,,,,,,,,,
INVESTMENT_TRUSTS,RCP.L,SMT.L,"""RIT Capital Partners""",SCOTTISH MORTGAGE INVESTMENT TR,-3.1261223454185263,0.024679450742604987,0.05,,False,0.4312836488603176,4.59921927677253,,,,,,,,,,,,,,
INVESTMENT_TRUSTS,3IN.L,BRWM.L,3I INFRASTRUCTURE PLC ORD NPV,BLACKROCK WORLD MINING TRUST PL,-3.1152201288647254,0.025447143212092852,0.05,,False,0.16266275975812955,4.788046920554077,,,,,,,,,,,,,,
INVESTMENT_TRUSTS,JAM.L,JGGI.L,JPMORGAN AMERICAN INVESTMENT TR,JPMORGAN GLOBAL GROWTH & INCOME,-3.0985049506334224,0.02666402684846234,0.05,,False,1.897316370386111,-5.054429225958467,,,,,,,,,,,,,,
INVESTMENT_TRUSTS,3IN.L,HGT.L,3I INFRASTRUCTURE PLC ORD NPV,HG CAPITAL TRUST PLC ORD 2.5P,-3.03399505046063,0.03183935476758361,0.05,,False,-0.26553036576488787,7.474217958286985,,,,,,,,,,,,,,
INVESTMENT_TRUSTS,HGT.L,MNKS.L,HG CAPITAL TRUST PLC ORD 2.5P,MONKS INVESTMENT TRUST PLC ORD ,-2.936042186213082,0.041314456275149694,0.05,,False,-0.9838543806359656,13.25322798455979,,,,,,,,,,,,,,
INVESTMENT_TRUSTS,3IN.L,CTY.L,3I INFRASTRUCTURE PLC ORD NPV,CITY OF LONDON INVESTMENT TRUST,-2.9290569782789944,0.042071905941967774,0.05,,False,0.47588827123706456,2.8946841092341615,,,,,,,,,,,,,,
INVESTMENT_TRUSTS,FCIT.L,HGT.L,F&C INVESTMENT TRUST PLC ORD 6.,HG CAPITAL TRUST PLC ORD 2.5P,-2.927044947225049,0.042292218465839714,0.05,,False,-0.6317612254423386,9.562033130685816,,,,,,,,,,,,,,
INVESTMENT_TRUSTS,JGGI.L,RCP.L,JPMORGAN GLOBAL GROWTH & INCOME,"""RIT Capital Partners""",-2.9229108660250933,0.04274790785229069,0.05,,False,0.3181126150307123,3.922694775720319,,,,,,,,,,,,,,
INVESTMENT_TRUSTS,FCIT.L,SMT.L,F&C INVESTMENT TRUST PLC ORD 6.,SCOTTISH MORTGAGE INVESTMENT TR,-2.8293558825737297,0.05420129613913872,0.05,,False,0.5068373587384819,2.1354856344852133,,,,,,,,,,,,,,
INVESTMENT_TRUSTS,3IN.L,PCT.L,3I INFRASTRUCTURE PLC ORD NPV,POLAR CAPITAL TECHNOLOGY TRUST ,-2.818819336595425,0.05563543709004846,0.05,,False,0.1706432422301932,4.815622845647525,,,,,,,,,,,,,,
INVESTMENT_TRUSTS,3IN.L,ATT.L,3I INFRASTRUCTURE PLC ORD NPV,ALLIANZ TECHNOLOGY TRUST PLC OR,-2.808240744638575,0.057106243989034064,0.05,,False,0.21444303271573356,4.5243363241941745,,,,,,,,,,,,,,
INVESTMENT_TRUSTS,3IN.L,JGGI.L,3I INFRASTRUCTURE PLC ORD NPV,JPMORGAN GLOBAL GROWTH & INCOME,-2.770624011956919,0.06259398282901922,0.05,,False,3.1865753560089907,-14.36758566034391,,,,,,,,,,,,,,
INVESTMENT_TRUSTS,HGT.L,JAM.L,HG CAPITAL TRUST PLC ORD 2.5P,JPMORGAN AMERICAN INVESTMENT TR,-2.766751088251626,0.06318233186904121,0.05,,False,-2.6750745948316696,24.833250993596202,,,,,,,,,,,,,,
INVESTMENT_TRUSTS,3IN.L,MNKS.L,3I INFRASTRUCTURE PLC ORD NPV,MONKS INVESTMENT TRUST PLC ORD ,-2.7597591920566757,0.06425575417586572,0.05,,False,0.4052193901257521,2.9197606730312655,,,,,,,,,,,,,,
INVESTMENT_TRUSTS,CTY.L,MNKS.L,CITY OF LONDON INVESTMENT TRUST,MONKS INVESTMENT TRUST PLC ORD ,-2.6802168797681514,0.07752462020051921,0.05,,False,0.8964093633632249,-0.2702379606548577,,,,,,,,,,,,,,
INVESTMENT_TRUSTS,3IN.L,RCP.L,3I INFRASTRUCTURE PLC ORD NPV,"""RIT Capital Partners""",-2.672883063724819,0.07884937155385774,0.05,,False,0.6606413412425831,0.8145861269851915,,,,,,,,,,,,,,
INVESTMENT_TRUSTS,BRWM.L,JGGI.L,BLACKROCK WORLD MINING TRUST PL,JPMORGAN GLOBAL GROWTH & INCOME,-2.5875520829501832,0.09559738781926602,0.05,,False,17.004542775576795,-101.3719303425933,,,,,,,,,,,,,,
INVESTMENT_TRUSTS,3IN.L,PSH.L,3I INFRASTRUCTURE PLC ORD NPV,PERSHING SQUARE HOLDINGS LTD OR,-2.5495919345608242,0.10386943201696536,0.05,,False,0.37172023614936395,2.742521579290423,,,,,,,,,,,,,,
INVESTMENT_TRUSTS,JGGI.L,PCT.L,JPMORGAN GLOBAL GROWTH & INCOME,POLAR CAPITAL TECHNOLOGY TRUST ,-2.5461226169810653,0.10465157018605326,0.05,,False,0.08953278939101658,5.805341617063608,,,,,,,,,,,,,,
INVESTMENT_TRUSTS,FCIT.L,JGGI.L,F&C INVESTMENT TRUST PLC ORD 6.,JPMORGAN GLOBAL GROWTH & INCOME,-2.5227727351288642,0.11003132980929792,0.05,,False,3.0853279127457425,-13.900633932234344,,,,,,,,,,,,,,
INVESTMENT_TRUSTS,HGT.L,JGGI.L,HG CAPITAL TRUST PLC ORD 2.5P,JPMORGAN GLOBAL GROWTH & INCOME,-2.518629603513142,0.11100708806581022,0.05,,False,-17.70829691437385,118.43990630853304,,,,,,,,,,,,,,
INVESTMENT_TRUSTS,3IN.L,SMT.L,3I INFRASTRUCTURE PLC ORD NPV,SCOTTISH MORTGAGE INVESTMENT TR,-2.5068151530692364,0.1138249181133617,0.05,,False,0.2311153863593233,4.227069223854946,,,,,,,,,,,,,,
INVESTMENT_TRUSTS,CTY.L,HGT.L,CITY OF LONDON INVESTMENT TRUST,HG CAPITAL TRUST PLC ORD 2.5P,-2.489136889674336,0.11813985953714612,0.05,,False,-0.8848856297321812,11.642956436701201,,,,,,,,,,,,,,
INVESTMENT_TRUSTS,ATT.L,PCT.L,ALLIANZ TECHNOLOGY TRUST PLC OR,POLAR CAPITAL TECHNOLOGY TRUST ,-2.485074861684658,0.11914813324348544,0.05,,False,0.8013518745997528,1.3249251117946823,,,,,,,,,,,,,,
INVESTMENT_TRUSTS,ATT.L,JGGI.L,ALLIANZ TECHNOLOGY TRUST PLC OR,JPMORGAN GLOBAL GROWTH & INCOME,-2.458815450229799,0.1258191583549334,0.05,,False,8.439771523199083,-47.398096545973736,,,,,,,,,,,,,,
INVESTMENT_TRUSTS,CTY.L,JGGI.L,CITY OF LONDON INVESTMENT TRUST,JPMORGAN GLOBAL GROWTH & INCOME,-2.458009607817033,0.1260280899306479,0.05,,False,13.356392705665462,-78.49688980204344,,,,,,,,,,,,,,
INVESTMENT_TRUSTS,JGGI.L,MNKS.L,JPMORGAN GLOBAL GROWTH & INCOME,MONKS INVESTMENT TRUST PLC ORD ,-2.4295190134472433,0.13357760395119467,0.05,,False,0.22111574758690197,4.749458238204538,,,,,,,,,,,,,,
INVESTMENT_TRUSTS,ATT.L,CTY.L,ALLIANZ TECHNOLOGY TRUST PLC OR,CITY OF LONDON INVESTMENT TRUST,-2.4289015669085856,0.13374473683845584,0.05,,False,2.066856767182729,-6.658732925632688,,,,,,,,,,,,,,
INVESTMENT_TRUSTS,BRWM.L,CTY.L,BLACKROCK WORLD MINING TRUST PL,CITY OF LONDON INVESTMENT TRUST,-2.4284561835750362,0.13386538809541065,0.05,,False,2.830110712558831,-11.05000440445188,,,,,,,,,,,,,,
INVESTMENT_TRUSTS,3IN.L,FCIT.L,3I INFRASTRUCTURE PLC ORD NPV,F&C INVESTMENT TRUST PLC ORD 6.,-2.4240535849661917,0.1350622235981047,0.05,,False,0.5465375099911887,2.740940667801437,,,,,,,,,,,,,,
INVESTMENT_TRUSTS,JGGI.L,SMT.L,JPMORGAN GLOBAL GROWTH & INCOME,SCOTTISH MORTGAGE INVESTMENT TR,-2.420518687224323,0.13602870717407922,0.05,,False,0.12187339935886823,5.492284699871849,,,,,,,,,,,,,,
INVESTMENT_TRUSTS,ATT.L,SMT.L,ALLIANZ TECHNOLOGY TRUST PLC OR,SCOTTISH MORTGAGE INVESTMENT TR,-2.400336335987216,0.14164150284289467,0.05,,False,1.215250707936669,-2.3420827527102857,,,,,,,,,,,,,,
INVESTMENT_TRUSTS,CTY.L,RCP.L,CITY OF LONDON INVESTMENT TRUST,"""RIT Capital Partners""",-2.369766711336706,0.15045195011471224,0.05,,False,1.4237997722899414,-4.6412298539469985,,,,,,,,,,,,,,
INVESTMENT_TRUSTS,FCIT.L,MNKS.L,F&C INVESTMENT TRUST PLC ORD 6.,MONKS INVESTMENT TRUST PLC ORD ,-2.3684756616047364,0.15083227722770653,0.05,,False,0.7348394421765019,0.3745804233230432,,,,,,,,,,,,,,
INVESTMENT_TRUSTS,BRWM.L,HGT.L,BLACKROCK WORLD MINING TRUST PL,HG CAPITAL TRUST PLC ORD 2.5P,-2.3072304197464213,0.16964662055397833,0.05,,False,-2.893193297553576,24.303439007235873,,,,,,,,,,,,,,
INVESTMENT_TRUSTS,HGT.L,RCP.L,HG CAPITAL TRUST PLC ORD 2.5P,"""RIT Capital Partners""",-2.272514579121769,0.18098582930624463,0.05,,False,-1.856175338081817,20.280288394528544,,,,,,,,,,,,,,
INVESTMENT_TRUSTS,PCT.L,SMT.L,POLAR CAPITAL TECHNOLOGY TRUST ,SCOTTISH MORTGAGE INVESTMENT TR,-2.251738542228282,0.1880057116186834,0.05,,False,1.5294729279354438,-4.666203121665761,,,,,,,,,,,,,,
INVESTMENT_TRUSTS,3IN.L,JAM.L,3I INFRASTRUCTURE PLC ORD NPV,JPMORGAN AMERICAN INVESTMENT TR,-2.249222737341331,0.18886763151543567,0.05,,False,0.5635909414954663,1.9034177987019252,,,,,,,,,,,,,,
INVESTMENT_TRUSTS,BRWM.L,FCIT.L,BLACKROCK WORLD MINING TRUST PL,F&C INVESTMENT TRUST PLC ORD 6.,-2.2457158973228077,0.19007335635802491,0.05,,False,3.7513604557439026,-14.799912636124908,,,,,,,,,,,,,,
INVESTMENT_TRUSTS,BRWM.L,JAM.L,BLACKROCK WORLD MINING TRUST PL,JPMORGAN AMERICAN INVESTMENT TR,-2.127848855283035,0.23346486092661256,0.05,,False,5.982365529929524,-35.290379780667536,,,,,,,,,,,,,,
INVESTMENT_TRUSTS,BRWM.L,MNKS.L,BLACKROCK WORLD MINING TRUST PL,MONKS INVESTMENT TRUST PLC ORD ,-2.11593003852606,0.2381574856188936,0.05,,False,2.6724482530416416,-12.789254541898913,,,,,,,,,,,,,,
INVESTMENT_TRUSTS,CTY.L,SMT.L,CITY OF LONDON INVESTMENT TRUST,SCOTTISH MORTGAGE INVESTMENT TR,-2.0765582479432663,0.25404450627052305,0.05,,False,0.6001892371458538,2.0035708254922397,,,,,,,,,,,,,,
INVESTMENT_TRUSTS,JAM.L,RCP.L,JPMORGAN AMERICAN INVESTMENT TR,"""RIT Capital Partners""",-2.0315725326871763,0.27290347508812807,0.05,,False,0.92773707296849,-0.07469918703527245,,,,,,,,,,,,,,
INVESTMENT_TRUSTS,CTY.L,PCT.L,CITY OF LONDON INVESTMENT TRUST,POLAR CAPITAL TECHNOLOGY TRUST ,-2.0302741510432165,0.273458684627145,0.05,,False,0.3864300076769406,3.870372637272579,,,,,,,,,,,,,,
INVESTMENT_TRUSTS,JGGI.L,PSH.L,JPMORGAN GLOBAL GROWTH & INCOME,PERSHING SQUARE HOLDINGS LTD OR,-1.9071026815310106,0.32872719800298467,0.05,,False,0.20694828272495164,4.6185498948742465,,,,,,,,,,,,,,
INVESTMENT_TRUSTS,FCIT.L,JAM.L,F&C INVESTMENT TRUST PLC ORD 6.,JPMORGAN AMERICAN INVESTMENT TR,-1.8703591815964216,0.3461309462612886,0.05,,False,1.2028151936035656,-2.7291700833904535,,,,,,,,,,,,,,
INVESTMENT_TRUSTS,PSH.L,RCP.L,PERSHING SQUARE HOLDINGS LTD OR,"""RIT Capital Partners""",-1.8636752212915084,0.3493375455632074,0.05,,False,1.5745100461662573,-3.6462181618412117,,,,,,,,,,,,,,
INVESTMENT_TRUSTS,JAM.L,PCT.L,JPMORGAN AMERICAN INVESTMENT TR,POLAR CAPITAL TECHNOLOGY TRUST ,-1.8460323324641266,0.3578590579001011,0.05,,False,0.24019405417062373,5.540605391685024,,,,,,,,,,,,,,
INVESTMENT_TRUSTS,ATT.L,MNKS.L,ALLIANZ TECHNOLOGY TRUST PLC OR,MONKS INVESTMENT TRUST PLC ORD ,-1.8082769272420773,0.3763602408396409,0.05,,False,1.7548896616396814,-6.513570836315364,,,,,,,,,,,,,,
INVESTMENT_TRUSTS,BRWM.L,SMT.L,BLACKROCK WORLD MINING TRUST PL,SCOTTISH MORTGAGE INVESTMENT TR,-1.7668664321515577,0.397031182170034,0.05,,False,1.8050631308630094,-6.119740703864566,,,,,,,,,,,,,,
INVESTMENT_TRUSTS,ATT.L,JAM.L,ALLIANZ TECHNOLOGY TRUST PLC OR,JPMORGAN AMERICAN INVESTMENT TR,-1.7582458478957597,0.40137950147983836,0.05,,False,3.1998221831798737,-16.20850242514016,,,,,,,,,,,,,,
INVESTMENT_TRUSTS,MNKS.L,PCT.L,MONKS INVESTMENT TRUST PLC ORD ,POLAR CAPITAL TECHNOLOGY TRUST ,-1.7532748895286379,0.40389351083704916,0.05,,False,0.45088792307166403,4.500973471332676,,,,,,,,,,,,,,
INVESTMENT_TRUSTS,BRWM.L,PCT.L,BLACKROCK WORLD MINING TRUST PL,POLAR CAPITAL TECHNOLOGY TRUST ,-1.7090400865868616,0.42646087447318537,0.05,,False,1.1039666377632358,-0.15803092411717667,,,,,,,,,,,,,,
INVESTMENT_TRUSTS,JAM.L,SMT.L,JPMORGAN AMERICAN INVESTMENT TR,SCOTTISH MORTGAGE INVESTMENT TR,-1.7051123727261208,0.42848037230783,0.05,,False,0.36797674092936844,4.415595501243272,,,,,,,,,,,,,,
INVESTMENT_TRUSTS,CTY.L,JAM.L,CITY OF LONDON INVESTMENT TRUST,JPMORGAN AMERICAN INVESTMENT TR,-1.6919982796724482,0.4352398480691558,0.05,,False,1.9542363100798654,-7.452247112830945,,,,,,,,,,,,,,
INVESTMENT_TRUSTS,ATT.L,BRWM.L,ALLIANZ TECHNOLOGY TRUST PLC OR,BLACKROCK WORLD MINING TRUST PL,-1.6810346739166444,0.4409095175834377,0.05,,False,0.7031416393453773,1.5858291826378261,,,,,,,,,,,,,,
INVESTMENT_TRUSTS,HGT.L,PSH.L,HG CAPITAL TRUST PLC ORD 2.5P,PERSHING SQUARE HOLDINGS LTD OR,-1.6538678286527388,0.45502402605695563,0.05,,False,-1.6133200371814809,19.594414110455336,,,,,,,,,,,,,,
INVESTMENT_TRUSTS,JAM.L,MNKS.L,JPMORGAN AMERICAN INVESTMENT TR,MONKS INVESTMENT TRUST PLC ORD ,-1.627699470223575,0.46869513029724247,0.05,,False,0.5793035383234459,2.8078501146074,,,,,,,,,,,,,,
INVESTMENT_TRUSTS,CTY.L,FCIT.L,CITY OF LONDON INVESTMENT TRUST,F&C INVESTMENT TRUST PLC ORD 6.,-1.6263436161880596,0.46940518313743973,0.05,,False,1.2698241679410291,-1.009850492767705,,,,,,,,,,,,,,
INVESTMENT_TRUSTS,BRWM.L,PSH.L,BLACKROCK WORLD MINING TRUST PL,PERSHING SQUARE HOLDINGS LTD OR,-1.5825427853055438,0.4923566417142148,0.05,,False,4.302261360388454,-29.348524088020742,,,,,,,,,,,,,,
INVESTMENT_TRUSTS,MNKS.L,SMT.L,MONKS INVESTMENT TRUST PLC ORD ,SCOTTISH MORTGAGE INVESTMENT TR,-1.5205041396181918,0.5233449538430778,0.05,,False,0.6845452198112308,2.4323221815784475,,,,,,,,,,,,,,
INVESTMENT_TRUSTS,MNKS.L,PSH.L,MONKS INVESTMENT TRUST PLC ORD ,PERSHING SQUARE HOLDINGS LTD OR,-1.5107687405369337,0.5281776302433167,0.05,,False,1.1170714298216604,-2.0983895329537052,,,,,,,,,,,,,,
INVESTMENT_TRUSTS,CTY.L,PSH.L,CITY OF LONDON INVESTMENT TRUST,PERSHING SQUARE HOLDINGS LTD OR,-1.4839445413840282,0.5414382673329543,0.05,,False,0.9787153540854391,-1.9630018835766903,,,,,,,,,,,,,,
INVESTMENT_TRUSTS,JAM.L,PSH.L,JPMORGAN AMERICAN INVESTMENT TR,PERSHING SQUARE HOLDINGS LTD OR,-1.336122572511351,0.6124885042473386,0.05,,False,0.5476081416100254,2.419792955341137,,,,,,,,,,,,,,
INVESTMENT_TRUSTS,PCT.L,PSH.L,POLAR CAPITAL TECHNOLOGY TRUST ,PERSHING SQUARE HOLDINGS LTD OR,-1.1123328707520346,0.7101287233635123,0.05,,False,3.3873367075103418,-22.202436341729253,,,,,,,,,,,,,,
INVESTMENT_TRUSTS,PSH.L,SMT.L,PERSHING SQUARE HOLDINGS LTD OR,SCOTTISH MORTGAGE INVESTMENT TR,-1.1021600512087306,0.7142097333920461,0.05,,False,0.49888186295813597,4.847808350975898,,,,,,,,,,,,,,
INVESTMENT_TRUSTS,ATT.L,PSH.L,ALLIANZ TECHNOLOGY TRUST PLC OR,PERSHING SQUARE HOLDINGS LTD OR,-0.8095499801750234,0.8163007247800171,0.05,,False,2.4360567669437647,-14.1519932912419,,,,,,,,,,,,,,
INVESTMENT_TRUSTS,FCIT.L,PSH.L,F&C INVESTMENT TRUST PLC ORD 6.,PERSHING SQUARE HOLDINGS LTD OR,-0.6866345020843612,0.850181195347829,0.05,,False,0.7275723233678085,-0.3915713738242461,,,,,,,,,,,,,,
MATERIALS,AAL.L,RIO.L,ANGLO AMERICAN PLC ORD USD0.623,RIO TINTO PLC ORD 10P,-2.5151376056311845,0.11183449103088844,0.05,,False,1.1447951847759215,-1.9631244734263182,,,,,,,,,,,,,,
MATERIALS,ANTO.L,HOC.L,ANTOFAGASTA PLC ORD 5P,HOCHSCHILD MINING PLC ORD 1P,-2.4768872157914665,0.12119966467480903,0.05,,False,0.6522115012504166,3.9974301863253925,,,,,,,,,,,,,,
MATERIALS,FRES.L,JMAT.L,FRESNILLO PLC ORD USD0.50,JOHNSON MATTHEY PLC ORD 147 143,-2.3180061889795107,0.16622636228721777,0.05,,False,4.502060799032764,-27.619096768478382,,,,,,,,,,,,,,
MATERIALS,CRDA.L,JMAT.L,CRODA INTERNATIONAL PLC ORD 10.,JOHNSON MATTHEY PLC ORD 147 143,-2.3047960406866825,0.17042581844042104,0.05,,False,-0.641590639554125,13.009788228395777,,,,,,,,,,,,,,
MATERIALS,FRES.L,HOC.L,FRESNILLO PLC ORD USD0.50,HOCHSCHILD MINING PLC ORD 1P,-2.282047585007104,0.17782336687216138,0.05,,False,1.5556928995116175,-1.6850796550997078,,,,,,,,,,,,,,
MATERIALS,CRDA.L,FRES.L,CRODA INTERNATIONAL PLC ORD 10.,FRESNILLO PLC ORD USD0.50,-2.2531436810698704,0.1875254235223197,0.05,,False,-0.16216273309793997,9.215738276667459,,,,,,,,,,,,,,
MATERIALS,ANTO.L,JMAT.L,ANTOFAGASTA PLC ORD 5P,JOHNSON MATTHEY PLC ORD 147 143,-2.203326387024117,0.2050403862218214,0.05,,False,1.8660139302460852,-6.70927824130639,,,,,,,,,,,,,,
MATERIALS,BHP.L,RIO.L,BHP GROUP LIMITED ORD NPV (DI),RIO TINTO PLC ORD 10P,-2.1544436580893764,0.22319304432577292,0.05,,False,0.8991309081014316,-0.02353579874320122,,,,,,,,,,,,,,
MATERIALS,AAL.L,ANTO.L,ANGLO AMERICAN PLC ORD USD0.623,ANTOFAGASTA PLC ORD 5P,-2.133867017524761,0.23111630194563615,0.05,,False,0.6207438187672655,3.049951888528013,,,,,,,,,,,,,,
MATERIALS,ANTO.L,CRDA.L,ANTOFAGASTA PLC ORD 5P,CRODA INTERNATIONAL PLC ORD 10.,-2.114274619250564,0.23881357992774604,0.05,,False,-4.050357984316366,40.31478604414062,,,,,,,,,,,,,,
MATERIALS,AAL.L,HOC.L,ANGLO AMERICAN PLC ORD USD0.623,HOCHSCHILD MINING PLC ORD 1P,-2.075295997747063,0.25456351092312585,0.05,,False,0.38478213493700597,5.646285947550886,,,,,,,,,,,,,,
MATERIALS,BHP.L,GLEN.L,BHP GROUP LIMITED ORD NPV (DI),GLENCORE PLC ORD USD0.01,-2.0448657811240873,0.26725386948182717,0.05,,False,0.6582360491038738,3.7729360919440844,,,,,,,,,,,,,,
MATERIALS,GLEN.L,RIO.L,GLENCORE PLC ORD USD0.01,RIO TINTO PLC ORD 10P,-2.0364250551651635,0.2708337960063805,0.05,,False,1.3791272809017314,-5.880422726970255,,,,,,,,,,,,,,
MATERIALS,HOC.L,JMAT.L,HOCHSCHILD MINING PLC ORD 1P,JOHNSON MATTHEY PLC ORD 147 143,-2.0354724679057012,0.271239423925035,0.05,,False,3.1434069075650837,-18.601192537789167,,,,,,,,,,,,,,
MATERIALS,AAL.L,BHP.L,ANGLO AMERICAN PLC ORD USD0.623,BHP GROUP LIMITED ORD NPV (DI),-2.025135014372753,0.2756621594448431,0.05,,False,1.2920912545855914,-2.0781246021669224,,,,,,,,,,,,,,
MATERIALS,CRDA.L,HOC.L,CRODA INTERNATIONAL PLC ORD 10.,HOCHSCHILD MINING PLC ORD 1P,-1.9970741860516807,0.2878574383444962,0.05,,False,-0.2217372061424286,9.314119099073853,,,,,,,,,,,,,,
MATERIALS,AAL.L,GLEN.L,ANGLO AMERICAN PLC ORD USD0.623,GLENCORE PLC ORD USD0.01,-1.9795947260685325,0.2955911398338261,0.05,,False,0.8202899603698651,2.9763390024175473,,,,,,,,,,,,,,
MATERIALS,AAL.L,CRDA.L,ANGLO AMERICAN PLC ORD USD0.623,CRODA INTERNATIONAL PLC ORD 10.,-1.963282352029269,0.3029008314354454,0.05,,False,-2.1940151568727218,25.499149357723407,,,,,,,,,,,,,,
MATERIALS,CRDA.L,RIO.L,CRODA INTERNATIONAL PLC ORD 10.,RIO TINTO PLC ORD 10P,-1.8516554539713137,0.3551341870912235,0.05,,False,-0.4367624509095273,11.788148821617838,,,,,,,,,,,,,,
MATERIALS,BHP.L,CRDA.L,BHP GROUP LIMITED ORD NPV (DI),CRODA INTERNATIONAL PLC ORD 10.,-1.8427959140088646,0.35943108339597074,0.05,,False,-2.449588070375015,27.388891339783797,,,,,,,,,,,,,,
MATERIALS,ANTO.L,FRES.L,ANTOFAGASTA PLC ORD 5P,FRESNILLO PLC ORD USD0.50,-1.7822712297136978,0.3892983772224592,0.05,,False,0.4071323225065734,4.791359584685742,,,,,,,,,,,,,,
MATERIALS,CRDA.L,GLEN.L,CRODA INTERNATIONAL PLC ORD 10.,GLENCORE PLC ORD USD0.01,-1.7482484950330406,0.40644034504647286,0.05,,False,0.18968448771999025,6.917419273657821,,,,,,,,,,,,,,
MATERIALS,AAL.L,JMAT.L,ANGLO AMERICAN PLC ORD USD0.623,JOHNSON MATTHEY PLC ORD 147 143,-1.6085717484297717,0.4792863465617292,0.05,,False,1.1237027211963475,-0.8469049249474976,,,,,,,,,,,,,,
MATERIALS,ANTO.L,GLEN.L,ANTOFAGASTA PLC ORD 5P,GLENCORE PLC ORD USD0.01,-1.5484384207841597,0.5094281310836785,0.05,,False,1.498075737208743,-1.1678554757125594,,,,,,,,,,,,,,
MATERIALS,GLEN.L,JMAT.L,GLENCORE PLC ORD USD0.01,JOHNSON MATTHEY PLC ORD 147 143,-1.5439708701124155,0.511658400139718,0.05,,False,1.6180161694047357,-6.5811998843767485,,,,,,,,,,,,,,
MATERIALS,AAL.L,FRES.L,ANGLO AMERICAN PLC ORD USD0.623,FRESNILLO PLC ORD USD0.50,-1.4442222087187104,0.5609015804616,0.05,,False,0.23151511386282117,6.177368659189815,,,,,,,,,,,,,,
MATERIALS,HOC.L,RIO.L,HOCHSCHILD MINING PLC ORD 1P,RIO TINTO PLC ORD 10P,-1.3933984683090674,0.5854368518410357,0.05,,False,3.173015091603805,-21.471699568840446,,,,,,,,,,,,,,
MATERIALS,GLEN.L,HOC.L,GLENCORE PLC ORD USD0.01,HOCHSCHILD MINING PLC ORD 1P,-1.3450809626041618,0.6083038444388313,0.05,,False,0.3081772428470975,4.176291280923269,,,,,,,,,,,,,,
MATERIALS,JMAT.L,RIO.L,JOHNSON MATTHEY PLC ORD 147 143,RIO TINTO PLC ORD 10P,-1.201242157830759,0.6730611388614767,0.05,,False,1.0644691823424386,-1.385056598417453,,,,,,,,,,,,,,
MATERIALS,ANTO.L,RIO.L,ANTOFAGASTA PLC ORD 5P,RIO TINTO PLC ORD 10P,-1.1938909561744042,0.6762181318045215,0.05,,False,1.8891265862517455,-8.460747744539315,,,,,,,,,,,,,,
MATERIALS,BHP.L,JMAT.L,BHP GROUP LIMITED ORD NPV (DI),JOHNSON MATTHEY PLC ORD 147 143,-1.0237636561147434,0.7444986907493294,0.05,,False,0.7895369707327041,1.5731183082648101,,,,,,,,,,,,,,
MATERIALS,ANTO.L,BHP.L,ANTOFAGASTA PLC ORD 5P,BHP GROUP LIMITED ORD NPV (DI),-0.9548963600619385,0.7693574980028124,0.05,,False,2.1848452038574426,-9.055077962165793,,,,,,,,,,,,,,
MATERIALS,BHP.L,HOC.L,BHP GROUP LIMITED ORD NPV (DI),HOCHSCHILD MINING PLC ORD 1P,-0.8476899373884507,0.8047107449446343,0.05,,False,0.25302480503705177,6.2346160593874425,,,,,,,,,,,,,,
MATERIALS,FRES.L,GLEN.L,FRESNILLO PLC ORD USD0.50,GLENCORE PLC ORD USD0.01,-0.8324608786709882,0.8094005096782102,0.05,,False,7.404436626738092,-36.76665014789448,,,,,,,,,,,,,,
MATERIALS,FRES.L,RIO.L,FRESNILLO PLC ORD USD0.50,RIO TINTO PLC ORD 10P,-0.6121409450722173,0.8682150039417678,0.05,,False,5.746637000929889,-42.034966199230624,,,,,,,,,,,,,,
MATERIALS,BHP.L,FRES.L,BHP GROUP LIMITED ORD NPV (DI),FRESNILLO PLC ORD USD0.50,-0.45497638046104055,0.9005071653869587,0.05,,False,0.13494688412439357,6.708759827028321,,,,,,,,,,,,,,
NL_BANKS,ABN.AS,INGA.AS,ABN AMRO BANK N.V.,ING GROEP N.V.,-3.0857903494249737,0.02762279464911964,0.05,0.02762279464911964,True,1.446433376051288,-1.1725369067793876,18.566064124848577,2.9226460760622508e-05,-0.03733409385526393,56.0,-0.4892374832745213,2.8988954771130033,False,,0.4,2.548371411294605e-05,0.11425643105126182,-0.2032274595001229,True,mixed signal
NL_SEMI_EQUIPMENT,ASML.AS,BESI.AS,ASML HOLDING,BE Semiconductor Industries N.V,-2.2003314420150373,0.20612518451394846,0.05,,False,0.9418876009454444,2.0892500959253972,,,,,,,,,,,,,,
REAL_ESTATE,LMP.L,PHP.L,LONDONMETRIC PROPERTY PLC ORD 1,PRIMARY HEALTH PROPERTIES PLC O,-3.7146620566030695,0.003911582635241099,0.05,,False,0.9960821085809761,0.7116150075884295,,,,,,,,,,,,,,
REAL_ESTATE,BLND.L,LAND.L,BRITISH LAND COMPANY PLC ORD 25,LAND SECURITIES GROUP PLC ORD 1,-3.711899333833256,0.003948858739375101,0.05,,False,1.288901334868702,-2.299984479786964,,,,,,,,,,,,,,
REAL_ESTATE,GPE.L,LMP.L,GREAT PORTLAND ESTATES PLC ORD ,LONDONMETRIC PROPERTY PLC ORD 1,-3.6915350038567696,0.004233809723348625,0.05,,False,1.9069547867585903,-4.256322016030907,,,,,,,,,,,,,,
REAL_ESTATE,BBOX.L,LAND.L,TRITAX BIG BOX REIT PLC ORD 1P,LAND SECURITIES GROUP PLC ORD 1,-3.2568159903106437,0.016922663072379208,0.05,,False,1.1935592944600126,-2.6404252885340993,,,,,,,,,,,,,,
REAL_ESTATE,PHP.L,SGRO.L,PRIMARY HEALTH PROPERTIES PLC O,SEGRO PLC ORD 10P,-2.98966345241404,0.035871044360900016,0.05,,False,0.1390381430807809,3.6440458090578365,,,,,,,,,,,,,,
REAL_ESTATE,PHP.L,UTG.L,PRIMARY HEALTH PROPERTIES PLC O,UNITE GROUP PLC ORD 25P,-2.989192390841567,0.035916096017282725,0.05,,False,-0.009726266310588021,4.624856852695828,,,,,,,,,,,,,,
REAL_ESTATE,DLN.L,PHP.L,DERWENT LONDON PLC ORD 5P,PRIMARY HEALTH PROPERTIES PLC O,-2.967187792001025,0.038074354340006965,0.05,,False,10.050596329361344,-38.280312544732496,,,,,,,,,,,,,,
REAL_ESTATE,DLN.L,LMP.L,DERWENT LONDON PLC ORD 5P,LONDONMETRIC PROPERTY PLC ORD 1,-2.938012518167033,0.04110287065466016,0.05,,False,4.052423464956768,-13.734642975028123,,,,,,,,,,,,,,
REAL_ESTATE,LMP.L,SGRO.L,LONDONMETRIC PROPERTY PLC ORD 1,SEGRO PLC ORD 10P,-2.9330143665558555,0.041641372525859977,0.05,,False,0.30027540870774794,3.2745593315904262,,,,,,,,,,,,,,
REAL_ESTATE,LAND.L,SGRO.L,LAND SECURITIES GROUP PLC ORD 1,SEGRO PLC ORD 10P,-2.8986492571863205,0.045505296101936876,0.05,,False,0.41159343466652154,3.6855297666758613,,,,,,,,,,,,,,
REAL_ESTATE,BLND.L,PHP.L,BRITISH LAND COMPANY PLC ORD 25,PRIMARY HEALTH PROPERTIES PLC O,-2.893004661371261,0.046167528382937174,0.05,,False,2.0051338343546123,-3.196649787486608,,,,,,,,,,,,,,
REAL_ESTATE,LMP.L,UTG.L,LONDONMETRIC PROPERTY PLC ORD 1,UNITE GROUP PLC ORD 25P,-2.891294018358099,0.046369791552017106,0.05,,False,0.03347152614159064,5.034514594050208,,,,,,,,,,,,,,
REAL_ESTATE,GPE.L,PHP.L,GREAT PORTLAND ESTATES PLC ORD ,PRIMARY HEALTH PROPERTIES PLC O,-2.8786263595311645,0.04789051342034981,0.05,,False,2.3129755329005346,-4.785196891874232,,,,,,,,,,,,,,
REAL_ESTATE,HMSO.L,LAND.L,HAMMERSON PLC ORD 5P,LAND SECURITIES GROUP PLC ORD 1,-2.843868108619071,0.05227558388891865,0.05,,False,2.1287571892456385,-7.931313402373352,,,,,,,,,,,,,,
REAL_ESTATE,LAND.L,UTG.L,LAND SECURITIES GROUP PLC ORD 1,UNITE GROUP PLC ORD 25P,-2.8148033208345336,0.0561901340501778,0.05,,False,0.005035055461288645,6.366550547373648,,,,,,,,,,,,,,
REAL_ESTATE,GPE.L,LAND.L,GREAT PORTLAND ESTATES PLC ORD ,LAND SECURITIES GROUP PLC ORD 1,-2.8044179846009887,0.057645456389024026,0.05,,False,1.485232224126532,-3.7409502749432164,,,,,,,,,,,,,,
REAL_ESTATE,HMSO.L,UTG.L,HAMMERSON PLC ORD 5P,UNITE GROUP PLC ORD 25P,-2.718741573959253,0.07085092699525211,0.05,,False,-0.2643718838113931,7.4306448091191655,,,,,,,,,,,,,,
REAL_ESTATE,BBOX.L,BLND.L,TRITAX BIG BOX REIT PLC ORD 1P,BRITISH LAND COMPANY PLC ORD 25,-2.635181835435718,0.08594169005658442,0.05,,False,0.9008610177905573,-0.3608645626603,,,,,,,,,,,,,,
REAL_ESTATE,BBOX.L,PHP.L,TRITAX BIG BOX REIT PLC ORD 1P,PRIMARY HEALTH PROPERTIES PLC O,-2.6120467493756143,0.09053292280866082,0.05,,False,1.8190518348850648,-3.2985475552862216,,,,,,,,,,,,,,
REAL_ESTATE,LAND.L,LMP.L,LAND SECURITIES GROUP PLC ORD 1,LONDONMETRIC PROPERTY PLC ORD 1,-2.591634247983885,0.0947386547185678,0.05,,False,1.2939797297504585,-0.39973230985621466,,,,,,,,,,,,,,
REAL_ESTATE,BLND.L,HMSO.L,BRITISH LAND COMPANY PLC ORD 25,HAMMERSON PLC ORD 5P,-2.539781143962972,0.1060926640133461,0.05,,False,0.5681699130753588,2.7145179396057943,,,,,,,,,,,,,,
REAL_ESTATE,LAND.L,PHP.L,LAND SECURITIES GROUP PLC ORD 1,PRIMARY HEALTH PROPERTIES PLC O,-2.5271034716449443,0.10901824489181766,0.05,,False,1.4088780455065133,-0.026078014758920354,,,,,,,,,,,,,,
REAL_ESTATE,HMSO.L,PHP.L,HAMMERSON PLC ORD 5P,PRIMARY HEALTH PROPERTIES PLC O,-2.5269996185919883,0.10904245727071316,0.05,,False,3.9784619960874985,-12.453321664753394,,,,,,,,,,,,,,
REAL_ESTATE,BBOX.L,UTG.L,TRITAX BIG BOX REIT PLC ORD 1P,UNITE GROUP PLC ORD 25P,-2.502208654473241,0.11493785973686688,0.05,,False,-0.04094680651228163,5.267237063235423,,,,,,,,,,,,,,
REAL_ESTATE,BLND.L,LMP.L,BRITISH LAND COMPANY PLC ORD 25,LONDONMETRIC PROPERTY PLC ORD 1,-2.4915213909901737,0.11755091469133294,0.05,,False,1.7818792065356253,-3.4145808620721905,,,,,,,,,,,,,,
REAL_ESTATE,BBOX.L,HMSO.L,TRITAX BIG BOX REIT PLC ORD 1P,HAMMERSON PLC ORD 5P,-2.469720994758801,0.12301640324655833,0.05,,False,0.6009406668509053,1.5773885163455081,,,,,,,,,,,,,,
REAL_ESTATE,DLN.L,LAND.L,DERWENT LONDON PLC ORD 5P,LAND SECURITIES GROUP PLC ORD 1,-2.4380343651211214,0.13128791275066676,0.05,,False,3.326909593036069,-13.731724153160293,,,,,,,,,,,,,,
REAL_ESTATE,HMSO.L,LMP.L,HAMMERSON PLC ORD 5P,LONDONMETRIC PROPERTY PLC ORD 1,-2.4353913470037813,0.13199554711878853,0.05,,False,3.563915660160607,-13.035072345345865,,,,,,,,,,,,,,
REAL_ESTATE,BLND.L,UTG.L,BRITISH LAND COMPANY PLC ORD 25,UNITE GROUP PLC ORD 25P,-2.4220321136520404,0.13561431463822526,0.05,,False,0.03457483539177714,5.721170422352528,,,,,,,,,,,,,,
REAL_ESTATE,BLND.L,SGRO.L,BRITISH LAND COMPANY PLC ORD 25,SEGRO PLC ORD 10P,-2.4030709112503246,0.14087154198837537,0.05,,False,0.5894819316473797,2.0613824489271955,,,,,,,,,,,,,,
REAL_ESTATE,GPE.L,UTG.L,GREAT PORTLAND ESTATES PLC ORD ,UNITE GROUP PLC ORD 25P,-2.385215248949078,0.14595284970513706,0.05,,False,0.04367635794874643,5.476800501542048,,,,,,,,,,,,,,
REAL_ESTATE,BBOX.L,GPE.L,TRITAX BIG BOX REIT PLC ORD 1P,GREAT PORTLAND ESTATES PLC ORD ,-2.2481204862843973,0.18924607214559563,0.05,,False,0.7753407434324624,0.5288604607426786,,,,,,,,,,,,,,
REAL_ESTATE,BBOX.L,LMP.L,TRITAX BIG BOX REIT PLC ORD 1P,LONDONMETRIC PROPERTY PLC ORD 1,-2.2138960647707684,0.20124069993796984,0.05,,False,1.5526698787888675,-3.160766483001453,,,,,,,,,,,,,,
REAL_ESTATE,DLN.L,HMSO.L,DERWENT LONDON PLC ORD 5P,HAMMERSON PLC ORD 5P,-2.094533906163389,0.24671821837623914,0.05,,False,-2.9469912033458083,24.33369816273738,,,,,,,,,,,,,,
REAL_ESTATE,BLND.L,GPE.L,BRITISH LAND COMPANY PLC ORD 25,GREAT PORTLAND ESTATES PLC ORD ,-2.079940387939239,0.2526567910686833,0.05,,False,0.8553500861397311,1.018281503138276,,,,,,,,,,,,,,
REAL_ESTATE,GPE.L,SGRO.L,GREAT PORTLAND ESTATES PLC ORD ,SEGRO PLC ORD 10P,-2.079452057844906,0.2528568920504102,0.05,,False,0.5289807952192549,2.275825453355151,,,,,,,,,,,,,,
REAL_ESTATE,BBOX.L,SGRO.L,TRITAX BIG BOX REIT PLC ORD 1P,SEGRO PLC ORD 10P,-2.0713201859602948,0.2562021414327264,0.05,,False,0.502107308189195,1.6869513022468108,,,,,,,,,,,,,,
REAL_ESTATE,BBOX.L,DLN.L,TRITAX BIG BOX REIT PLC ORD 1P,DERWENT LONDON PLC ORD 5P,-2.0227640193190233,0.27668191821226773,0.05,,False,0.25414669601236156,3.076761633589456,,,,,,,,,,,,,,
REAL_ESTATE,DLN.L,UTG.L,DERWENT LONDON PLC ORD 5P,UNITE GROUP PLC ORD 25P,-2.0097621764396814,0.2823091972174623,0.05,,False,0.41353463503191146,4.839786774630829,,,,,,,,,,,,,,
REAL_ESTATE,DLN.L,GPE.L,DERWENT LONDON PLC ORD 5P,GREAT PORTLAND ESTATES PLC ORD ,-1.9233082340170427,0.3211768660058534,0.05,,False,2.1026671875065928,-4.560472035207647,,,,,,,,,,,,,,
REAL_ESTATE,SGRO.L,UTG.L,SEGRO PLC ORD 10P,UNITE GROUP PLC ORD 25P,-1.8560474282681232,0.3530116674844587,0.05,,False,0.1972766533537747,5.296829754956692,,,,,,,,,,,,,,
REAL_ESTATE,GPE.L,HMSO.L,GREAT PORTLAND ESTATES PLC ORD ,HAMMERSON PLC ORD 5P,-1.8341862567573555,0.3636260525375179,0.05,,False,0.697882761233027,1.7916761390149962,,,,,,,,,,,,,,
REAL_ESTATE,DLN.L,SGRO.L,DERWENT LONDON PLC ORD 5P,SEGRO PLC ORD 10P,-1.7782765372392204,0.3912988677229933,0.05,,False,1.091309198418166,0.36305509814998693,,,,,,,,,,,,,,
REAL_ESTATE,BLND.L,DLN.L,BRITISH LAND COMPANY PLC ORD 25,DERWENT LONDON PLC ORD 5P,-1.6955371646945303,0.433413318418136,0.05,,False,0.4631948889777484,2.4470852553979956,,,,,,,,,,,,,,
REAL_ESTATE,HMSO.L,SGRO.L,HAMMERSON PLC ORD 5P,SEGRO PLC ORD 10P,-1.6567604356061914,0.4535170861788489,0.05,,False,0.4517109462108192,2.7133390745932333,,,,,,,,,,,,,,
TMT,ITV.L,WPP.L,ITV PLC ORD 10P,WPP PLC ORD 10P,-4.091408204166958,0.0010006849531512213,0.05,0.00955525114415072,True,-0.05458598090169075,4.692245119875788,10.67020615840337,5.8239696978981605e-05,-0.06496099234353162,32.0,-1.9168240318592848,4.22131451188066,False,,0.2,-0.017249542395073085,-0.3251688197588791,-0.05619205735071775,False,still diverging
TMT,ITV.L,SGE.L,ITV PLC ORD 10P,THE SAGE GROUP PLC ORD 1 4/77P,-4.068662552821328,0.0010907145016043093,0.05,0.00955525114415072,True,-0.1765921764566212,5.5892916341180054,10.870646397181744,7.523638752448885e-05,-0.06376319817924041,33.0,-2.3765520878878137,4.072861709545736,False,,0.2,-0.017985683971044004,-0.29827368910580887,0.34086610552845453,False,still diverging
TMT,AAF.L,ITV.L,AIRTEL AFRICA PLC ORD USD0.50,ITV PLC ORD 10P,-4.009919727247902,0.0013594501531724982,0.05,0.00955525114415072,True,17.85639675576356,-72.52301027598375,11.116234236548806,-0.0006888944736127435,-0.06235449575909105,33.0,1.7773047548521375,4.278084625407179,False,,0.2,0.32851343246254605,0.29513280817344345,0.16978963239120626,False,still diverging
TMT,ITV.L,VOD.L,ITV PLC ORD 10P,VODAFONE GROUP PLC ORD USD0.20 ,-4.000107693795444,0.0014099474417165248,0.05,0.00955525114415072,True,0.1544741771141764,3.672352282367672,11.194089150284755,9.927368145129505e-06,-0.061920820109094186,34.0,-2.0807557613345575,4.230114236191326,False,,0.2,-0.022221656872278544,-0.296217907914458,-0.22143007055560227,False,still diverging
TMT,BT-A.L,ITV.L,BT GROUP PLC ORD 5P,ITV PLC ORD 10P,-3.961723681175356,0.0016247461902885384,0.05,0.00955525114415072,True,5.593228019998834,-19.208520360228064,11.384899641911755,-9.27621158015207e-05,-0.060883029483038274,34.0,1.7275428924663097,4.139332217803237,False,,0.2,0.10772188690781712,0.3943127956239394,0.22077346215274196,False,still diverging
TMT,ITV.L,REL.L,ITV PLC ORD 10P,RELX PLC ORD 14 51/116P,-3.944138257130232,0.0017329883652954894,0.05,0.00955525114415072,True,-0.11856491216296527,5.318183742988684,11.491601202543878,7.930953775749649e-05,-0.06031771972790914,34.0,-1.7805710584505299,4.17329336689102,False,,0.2,-0.01892680373984376,-0.28924279888688176,-0.04572784696464827,False,still diverging
TMT,AUTO.L,EXPN.L,AUTOTRADER GROUP PLC ORD 1P,EXPERIAN PLC ORD USD0.10,-3.938526435709874,0.001768915678600264,0.05,0.00955525114415072,True,1.561208898316177,-6.145433590546228,11.527792804384877,9.834797364286002e-06,-0.06012835174278027,35.0,-0.5066751190749308,2.834524808512243,False,,0.6,-0.023909638250069018,-0.5918386759860883,-0.08146294023218692,False,mixed signal
TMT,AUTO.L,ITV.L,AUTOTRADER GROUP PLC ORD 1P,ITV PLC ORD 10P,-3.8990245335652753,0.002042037742023342,0.05,0.00955525114415072,True,-12.267107510298294,59.99664166206988,11.743216565247904,0.0008987640781906437,-0.05902532553229062,35.0,-1.9570881198732635,4.367245436030136,False,,0.2,-0.22357321199322555,-0.27977223587288047,0.07877547216817415,False,still diverging
TMT,EXPN.L,ITV.L,EXPERIAN PLC ORD USD0.10,ITV PLC ORD 10P,-3.8695297668815454,0.0022708934130613017,0.05,0.00955525114415072,True,-8.858894424515984,46.72756040958574,11.916597456319355,0.0007296864575134453,-0.058166534793232465,36.0,-1.9269209038461381,4.288066277806762,False,,0.2,-0.14272257084162415,-0.21732142058185966,0.06067697057936483,False,still diverging
TMT,AAF.L,WPP.L,AIRTEL AFRICA PLC ORD USD0.50,WPP PLC ORD 10P,-3.8362974790625906,0.002557028866303677,0.05,0.00955525114415072,True,-1.0482463684981047,11.717511944588965,11.928354019173234,0.00021890260504439917,-0.05810920596804923,36.0,0.45903741211914073,3.2125136842907915,False,,0.6,0.023745255874073175,0.0006986873161627383,0.3221817716557984,True,reversion signs agree
TMT,ITV.L,RMV.L,ITV PLC ORD 10P,RIGHTMOVE PLC ORD 0.1P,-3.7831822736041634,0.0030841460462116654,0.05,0.00955525114415072,True,-0.059112242805361995,4.733722694588945,12.437020896049885,0.00013316645026443933,-0.05573257344772134,37.0,-2.029017735659493,4.213762061148121,False,,0.2,-0.01664843850794155,-0.2974755898421271,0.06686065841837596,False,still diverging
TMT,REL.L,VOD.L,RELX PLC ORD 14 51/116P,VODAFONE GROUP PLC ORD USD0.20 ,-3.5422573268582593,0.006965888345448973,0.05,0.00955525114415072,True,-0.9068415048457519,12.130408791048971,14.775244993551746,0.0002014126689572092,-0.04691273686916532,44.0,0.7051465646420734,2.851199633670615,False,,0.4,0.008822459231419437,0.10409968910988143,0.44803437089819653,True,mixed signal
TMT,AUTO.L,REL.L,AUTOTRADER GROUP PLC ORD 1P,RELX PLC ORD 14 51/116P,-3.4665252153302113,0.00888958530994808,0.05,0.00955525114415072,True,1.294752806812457,-3.945172642782344,20.719557619807365,-0.00018521688270458373,-0.033453763505902,62.0,-0.764032383974155,2.1456657401735137,False,,0.6,0.0024016757823335437,0.04228543363326287,0.6868201350929214,True,reversion signs agree
TMT,INF.L,ITV.L,INFORMA PLC ORD 0.1P,ITV PLC ORD 10P,-3.443736265234553,0.00955525114415072,0.05,0.00955525114415072,True,3.6706064794234563,-9.257495564715462,14.688105897828612,-0.0006522853124953585,-0.047191052773006996,44.0,1.6579925512387523,3.9652613635904386,False,,0.2,0.04250657766505158,0.1660563187642734,0.0713419783661502,False,still diverging
TMT,EXPN.L,RMV.L,EXPERIAN PLC ORD USD0.10,RIGHTMOVE PLC ORD 0.1P,-3.109135590166095,0.02588445951275247,0.05,0.00955525114415072,False,0.6714781496571882,3.845764435110193,,,,,,,,,,,,,,
TMT,BT-A.L,WPP.L,BT GROUP PLC ORD 5P,WPP PLC ORD 10P,-2.99701627910915,0.03517398334521543,0.05,0.00955525114415072,False,-0.33486503476366364,7.218702413721235,,,,,,,,,,,,,,
TMT,VOD.L,WPP.L,VODAFONE GROUP PLC ORD USD0.20 ,WPP PLC ORD 10P,-2.9578363244429116,0.039024001661290324,0.05,0.00955525114415072,False,-0.3975353712604497,6.8749978688103575,,,,,,,,,,,,,,
TMT,EXPN.L,VOD.L,EXPERIAN PLC ORD USD0.10,VODAFONE GROUP PLC ORD USD0.20 ,-2.779914603857388,0.06120059529570512,0.05,0.00955525114415072,False,-0.7206698221038503,11.330592780789317,,,,,,,,,,,,,,
TMT,EXPN.L,REL.L,EXPERIAN PLC ORD USD0.10,RELX PLC ORD 14 51/116P,-2.7227045352124577,0.07019112142131544,0.05,0.00955525114415072,False,0.8232047958563468,1.4590516542583147,,,,,,,,,,,,,,
TMT,REL.L,RMV.L,RELX PLC ORD 14 51/116P,RIGHTMOVE PLC ORD 0.1P,-2.56050526040611,0.10143781088810566,0.05,0.00955525114415072,False,0.8292337428288549,2.8125757357410865,,,,,,,,,,,,,,
TMT,INF.L,WPP.L,INFORMA PLC ORD 0.1P,WPP PLC ORD 10P,-2.506731029710121,0.11384517063318755,0.05,0.00955525114415072,False,-0.02645513117432955,6.892387714849605,,,,,,,,,,,,,,
TMT,AUTO.L,RMV.L,AUTOTRADER GROUP PLC ORD 1P,RIGHTMOVE PLC ORD 0.1P,-2.462429048135462,0.1248853541054386,0.05,0.00955525114415072,False,1.0905765937974248,-0.4119258849976797,,,,,,,,,,,,,,
TMT,INF.L,REL.L,INFORMA PLC ORD 0.1P,RELX PLC ORD 14 51/116P,-2.451754113734559,0.12765853940938188,0.05,0.00955525114415072,False,-0.008545999176362989,6.798489138463965,,,,,,,,,,,,,,
TMT,AAF.L,INF.L,AIRTEL AFRICA PLC ORD USD0.50,INFORMA PLC ORD 0.1P,-2.446893071054423,0.12893605354201498,0.05,0.00955525114415072,False,36.842295252188926,-242.66805711052695,,,,,,,,,,,,,,
TMT,BT-A.L,INF.L,BT GROUP PLC ORD 5P,INFORMA PLC ORD 0.1P,-2.4329265904218667,0.13265792392999726,0.05,0.00955525114415072,False,31.79801251906584,-208.819898231331,,,,,,,,,,,,,,
TMT,INF.L,RMV.L,INFORMA PLC ORD 0.1P,RIGHTMOVE PLC ORD 0.1P,-2.431056949565178,0.1331619611513734,0.05,0.00955525114415072,False,0.02233733081773321,6.586086046755279,,,,,,,,,,,,,,
TMT,AUTO.L,INF.L,AUTOTRADER GROUP PLC ORD 1P,INFORMA PLC ORD 0.1P,-2.425739243177182,0.13460307954118322,0.05,0.00955525114415072,False,27.229699097525792,-176.66122880164502,,,,,,,,,,,,,,
TMT,AAF.L,BT-A.L,AIRTEL AFRICA PLC ORD USD0.50,BT GROUP PLC ORD 5P,-2.4218007572014715,0.13567760400508755,0.05,0.00955525114415072,False,3.1897843625865874,-11.185748017008354,,,,,,,,,,,,,,
TMT,INF.L,VOD.L,INFORMA PLC ORD 0.1P,VODAFONE GROUP PLC ORD USD0.20 ,-2.4147001827173757,0.1376303032271145,0.05,0.00955525114415072,False,0.05985932376532359,6.464441939186019,,,,,,,,,,,,,,
TMT,SGE.L,VOD.L,THE SAGE GROUP PLC ORD 1 4/77P,VODAFONE GROUP PLC ORD USD0.20 ,-2.3762577205113526,0.14854991528763467,0.05,0.00955525114415072,False,-0.7205755406402493,10.173553271154088,,,,,,,,,,,,,,
TMT,INF.L,SGE.L,INFORMA PLC ORD 0.1P,THE SAGE GROUP PLC ORD 1 4/77P,-2.371255493581264,0.15001420422452244,0.05,0.00955525114415072,False,0.06937073762475705,6.244335182412617,,,,,,,,,,,,,,
TMT,AUTO.L,VOD.L,AUTOTRADER GROUP PLC ORD 1P,VODAFONE GROUP PLC ORD USD0.20 ,-2.370004305888271,0.15038203064351557,0.05,0.00955525114415072,False,-1.1884637168012375,11.824054190553094,,,,,,,,,,,,,,
TMT,REL.L,SGE.L,RELX PLC ORD 14 51/116P,THE SAGE GROUP PLC ORD 1 4/77P,-2.344474291408245,0.1580248951854426,0.05,0.00955525114415072,False,1.2086639951032854,-0.32475042917190855,,,,,,,,,,,,,,
TMT,EXPN.L,INF.L,EXPERIAN PLC ORD USD0.10,INFORMA PLC ORD 0.1P,-2.3284805350279227,0.16294686875859393,0.05,0.00955525114415072,False,7.306257827068084,-41.01998924514916,,,,,,,,,,,,,,
TMT,RMV.L,VOD.L,RIGHTMOVE PLC ORD 0.1P,VODAFONE GROUP PLC ORD USD0.20 ,-2.264824729462633,0.1835637076724843,0.05,0.00955525114415072,False,-1.115899256333784,11.335311086081646,,,,,,,,,,,,,,
TMT,RMV.L,SGE.L,RIGHTMOVE PLC ORD 0.1P,THE SAGE GROUP PLC ORD 1 4/77P,-2.215161811024804,0.20078868626533763,0.05,0.00955525114415072,False,1.494093133271506,-4.0386398464414635,,,,,,,,,,,,,,
TMT,BT-A.L,REL.L,BT GROUP PLC ORD 5P,RELX PLC ORD 14 51/116P,-2.0507280563391097,0.26478270921114566,0.05,0.00955525114415072,False,-0.9310326438236064,12.712730741901403,,,,,,,,,,,,,,
TMT,EXPN.L,SGE.L,EXPERIAN PLC ORD USD0.10,THE SAGE GROUP PLC ORD 1 4/77P,-2.039283678201138,0.26961850373470486,0.05,0.00955525114415072,False,0.9802215776286174,1.2948307788589997,,,,,,,,,,,,,,
TMT,BT-A.L,EXPN.L,BT GROUP PLC ORD 5P,EXPERIAN PLC ORD USD0.10,-1.9791197036176786,0.2958027508710752,0.05,0.00955525114415072,False,-1.2857618865544147,15.623465091392678,,,,,,,,,,,,,,
TMT,AUTO.L,BT-A.L,AUTOTRADER GROUP PLC ORD 1P,BT GROUP PLC ORD 5P,-1.9577804460683823,0.30538600759930734,0.05,0.00955525114415072,False,-1.545799155651819,14.533159841011257,,,,,,,,,,,,,,
TMT,REL.L,WPP.L,RELX PLC ORD 14 51/116P,WPP PLC ORD 10P,-1.9433507448658505,0.3119502275299436,0.05,0.00955525114415072,False,0.31746627760852464,6.161523539406098,,,,,,,,,,,,,,
TMT,BT-A.L,RMV.L,BT GROUP PLC ORD 5P,RIGHTMOVE PLC ORD 0.1P,-1.8891027191921148,0.3372047728753085,0.05,0.00955525114415072,False,-0.4887400052694179,8.280472578158786,,,,,,,,,,,,,,
TMT,AUTO.L,SGE.L,AUTOTRADER GROUP PLC ORD 1P,THE SAGE GROUP PLC ORD 1 4/77P,-1.87464007879491,0.34408362961049316,0.05,0.00955525114415072,False,1.6979604773718129,-5.295299668437714,,,,,,,,,,,,,,
TMT,BT-A.L,SGE.L,BT GROUP PLC ORD 5P,THE SAGE GROUP PLC ORD 1 4/77P,-1.8469642881165658,0.3574068798570706,0.05,0.00955525114415072,False,-1.331318377713014,14.454664383277088,,,,,,,,,,,,,,
TMT,AAF.L,EXPN.L,AIRTEL AFRICA PLC ORD USD0.50,EXPERIAN PLC ORD USD0.10,-1.8407868715239273,0.3604082867240033,0.05,0.00955525114415072,False,-4.372170073552664,40.855797235081525,,,,,,,,,,,,,,
TMT,AAF.L,VOD.L,AIRTEL AFRICA PLC ORD USD0.50,VODAFONE GROUP PLC ORD USD0.20 ,-1.7018381781678427,0.430165641905424,0.05,0.00955525114415072,False,2.650143085580117,-6.469628399886176,,,,,,,,,,,,,,
TMT,AAF.L,SGE.L,AIRTEL AFRICA PLC ORD USD0.50,THE SAGE GROUP PLC ORD 1 4/77P,-1.6651608380797287,0.4491460973685728,0.05,0.00955525114415072,False,-5.47666060484117,43.51682946388593,,,,,,,,,,,,,,
TMT,AAF.L,REL.L,AIRTEL AFRICA PLC ORD USD0.50,RELX PLC ORD 14 51/116P,-1.6431356025677595,0.4606228231667956,0.05,0.00955525114415072,False,-3.396082230074088,32.82708965149679,,,,,,,,,,,,,,
TMT,AAF.L,AUTO.L,AIRTEL AFRICA PLC ORD USD0.50,AUTOTRADER GROUP PLC ORD 1P,-1.587210264430362,0.4900149811019481,0.05,0.00955525114415072,False,-2.4485174913501497,21.33303768935092,,,,,,,,,,,,,,
TMT,AAF.L,RMV.L,AIRTEL AFRICA PLC ORD USD0.50,RIGHTMOVE PLC ORD 0.1P,-1.575920012991209,0.4956773659698001,0.05,0.00955525114415072,False,-3.760086083903813,29.318283102035853,,,,,,,,,,,,,,
TMT,SGE.L,WPP.L,THE SAGE GROUP PLC ORD 1 4/77P,WPP PLC ORD 10P,-1.5178227868048395,0.5246769616892575,0.05,0.00955525114415072,False,0.21120975727653835,5.684067056470719,,,,,,,,,,,,,,
TMT,BT-A.L,VOD.L,BT GROUP PLC ORD 5P,VODAFONE GROUP PLC ORD USD0.20 ,-1.4702568795969178,0.5481701950122996,0.05,0.00955525114415072,False,0.8537271641593863,1.3772415811202259,,,,,,,,,,,,,,
TMT,EXPN.L,WPP.L,EXPERIAN PLC ORD USD0.10,WPP PLC ORD 10P,-1.4117434864886766,0.5766333745663188,0.05,0.00955525114415072,False,0.2440861285736177,6.637750564361809,,,,,,,,,,,,,,
TMT,RMV.L,WPP.L,RIGHTMOVE PLC ORD 0.1P,WPP PLC ORD 10P,-1.3866590089287965,0.5886549830780863,0.05,0.00955525114415072,False,0.2789118799864187,4.680150632530848,,,,,,,,,,,,,,
TMT,AUTO.L,WPP.L,AUTOTRADER GROUP PLC ORD 1P,WPP PLC ORD 10P,-1.2002609707406973,0.6734834388344257,0.05,0.00955525114415072,False,0.4224333998039686,3.962150292194904,,,,,,,,,,,,,,
UK_HOUSEBUILDERS,BWY.L,TW.L,BELLWAY PLC ORD 12.5P,TAYLOR WIMPEY PLC ORD 1P,-2.0572518783088136,0.2620474140317013,0.05,,False,0.6220623304031099,4.88641229813496,,,,,,,,,,,,,,
UK_HOUSEBUILDERS,PSN.L,TW.L,PERSIMMON PLC ORD 10P,TAYLOR WIMPEY PLC ORD 1P,-2.0234485415306893,0.27638730250334054,0.05,,False,0.6111390776094281,4.261425991978104,,,,,,,,,,,,,,
UK_HOUSEBUILDERS,BWY.L,PSN.L,BELLWAY PLC ORD 12.5P,PERSIMMON PLC ORD 10P,-0.6558675489550131,0.8578521616510578,0.05,,False,1.0407878935617738,0.3847824174431418,,,,,,,,,,,,,,
US_AIRLINES,JBLU,UAL,JetBlue Airways Corporation,"United Airlines Holdings, Inc.",-2.7858212815365127,0.06032781375969143,0.05,,False,-0.026707033497177755,1.783600147766068,,,,,,,,,,,,,,
US_AIRLINES,JBLU,LUV,JetBlue Airways Corporation,Southwest Airlines Company,-2.660120074861297,0.08119709266793651,0.05,,False,-1.225511835058749,5.933161230772437,,,,,,,,,,,,,,
US_AIRLINES,ALK,JBLU,"Alaska Air Group, Inc.",JetBlue Airways Corporation,-2.374271423658297,0.14913015761159815,0.05,,False,1.1508567154565221,1.962768148495165,,,,,,,,,,,,,,
US_AIRLINES,AAL,JBLU,"American Airlines Group, Inc.",JetBlue Airways Corporation,-2.3024931054385456,0.17116515614621514,0.05,,False,0.8315981762356525,1.1462298152252879,,,,,,,,,,,,,,
US_AIRLINES,DAL,LUV,"Delta Air Lines, Inc.",Southwest Airlines Company,-2.210255026025065,0.20254455026196572,0.05,,False,1.0949369118103736,0.21114465593083098,,,,,,,,,,,,,,
US_AIRLINES,AAL,UAL,"American Airlines Group, Inc.","United Airlines Holdings, Inc.",-1.9379053956576575,0.31444460217204395,0.05,,False,0.449968258049123,0.5453221637825825,,,,,,,,,,,,,,
US_AIRLINES,AAL,ALK,"American Airlines Group, Inc.","Alaska Air Group, Inc.",-1.7935306452519892,0.38367824602051426,0.05,,False,0.7947565295033688,-0.5520353795485531,,,,,,,,,,,,,,
US_AIRLINES,DAL,JBLU,"Delta Air Lines, Inc.",JetBlue Airways Corporation,-1.7583065140322964,0.40134884971588064,0.05,,False,1.4533089241941024,1.6031008541630687,,,,,,,,,,,,,,
US_AIRLINES,LUV,UAL,Southwest Airlines Company,"United Airlines Holdings, Inc.",-1.6729876228128386,0.4450810355022316,0.05,,False,0.49977631763309244,1.2762087290774584,,,,,,,,,,,,,,
US_AIRLINES,AAL,LUV,"American Airlines Group, Inc.",Southwest Airlines Company,-1.5264762562673229,0.5203756372598195,0.05,,False,0.8227333721655768,-0.3334615102615315,,,,,,,,,,,,,,
US_AIRLINES,AAL,DAL,"American Airlines Group, Inc.","Delta Air Lines, Inc.",-1.353045087661553,0.604568614637129,0.05,,False,0.813473842008059,-0.7419025022340922,,,,,,,,,,,,,,
US_AIRLINES,DAL,UAL,"Delta Air Lines, Inc.","United Airlines Holdings, Inc.",-1.3409236649938971,0.6102480565399588,0.05,,False,0.6088272950915935,1.3365997739065576,,,,,,,,,,,,,,
US_AIRLINES,ALK,UAL,"Alaska Air Group, Inc.","United Airlines Holdings, Inc.",-1.0955003756048258,0.7168629635106732,0.05,,False,0.5085672813999246,1.6350048429228758,,,,,,,,,,,,,,
US_AIRLINES,ALK,LUV,"Alaska Air Group, Inc.",Southwest Airlines Company,-0.7185909970274013,0.8418751049006512,0.05,,False,1.8354740353496393,-2.511665937025242,,,,,,,,,,,,,,
US_AIRLINES,ALK,DAL,"Alaska Air Group, Inc.","Delta Air Lines, Inc.",0.03334724723589817,0.9612045176868378,0.05,,False,1.0290838668217717,-0.2611634481349441,,,,,,,,,,,,,,
US_ASSET_MANAGERS,BX,KKR,Blackstone Inc.,KKR & Co. Inc.,-3.3075385911319977,0.014544843853824737,0.05,,False,0.9038399070207437,0.6059051880202313,,,,,,,,,,,,,,
US_ASSET_MANAGERS,BEN,KKR,"Franklin Templeton, Inc.",KKR & Co. Inc.,-2.7608276510277623,0.06409077851967276,0.05,,False,-0.9507905559792771,7.627962788328305,,,,,,,,,,,,,,
US_ASSET_MANAGERS,APO,BEN,"Apollo Global Management, Inc. ","Franklin Templeton, Inc.",-2.602230875858244,0.09253706681258278,0.05,,False,-0.27588776415577615,5.722761643022284,,,,,,,,,,,,,,
US_ASSET_MANAGERS,BEN,BX,"Franklin Templeton, Inc.",Blackstone Inc.,-2.525948329601955,0.10928778188242544,0.05,,False,-1.396537577577467,9.968666710389927,,,,,,,,,,,,,,
US_ASSET_MANAGERS,APO,TROW,"Apollo Global Management, Inc. ","T. Rowe Price Group, Inc.",-2.4593057483468193,0.1256921615679557,0.05,,False,2.7293539764214536,-7.634249683161761,,,,,,,,,,,,,,
US_ASSET_MANAGERS,BLK,TROW,"BlackRock, Inc.","T. Rowe Price Group, Inc.",-2.2731948976977367,0.18075891996942917,0.05,,False,3.8512655817734562,-10.77417519841375,,,,,,,,,,,,,,
US_ASSET_MANAGERS,BEN,BLK,"Franklin Templeton, Inc.","BlackRock, Inc.",-2.2276548804360634,0.19636184878401564,0.05,,False,1.7601348311012182,-9.043983675786613,,,,,,,,,,,,,,
US_ASSET_MANAGERS,BEN,TROW,"Franklin Templeton, Inc.","T. Rowe Price Group, Inc.",-2.1757687514694797,0.21515723549180887,0.05,,False,8.99939339113037,-38.187351308728594,,,,,,,,,,,,,,
US_ASSET_MANAGERS,APO,BX,"Apollo Global Management, Inc. ",Blackstone Inc.,-1.9846195082814477,0.293357358954354,0.05,,False,0.8849656124743202,0.5026098148195599,,,,,,,,,,,,,,
US_ASSET_MANAGERS,BX,TROW,Blackstone Inc.,"T. Rowe Price Group, Inc.",-1.8695593764058611,0.34651400758679374,0.05,,False,2.9359506657780314,-8.515274108120888,,,,,,,,,,,,,,
US_ASSET_MANAGERS,APO,BLK,"Apollo Global Management, Inc. ","BlackRock, Inc.",-1.8395183168551648,0.3610258449440926,0.05,,False,1.4691988978631978,-5.2309153027824244,,,,,,,,,,,,,,
US_ASSET_MANAGERS,BLK,KKR,"BlackRock, Inc.",KKR & Co. Inc.,-1.7648089231782962,0.3980676730170861,0.05,,False,0.3383475203067825,5.256315702085017,,,,,,,,,,,,,,
US_ASSET_MANAGERS,KKR,TROW,KKR & Co. Inc.,"T. Rowe Price Group, Inc.",-1.3707078226540794,0.5962358345616586,0.05,,False,3.2622931340925247,-10.155693285813378,,,,,,,,,,,,,,
US_ASSET_MANAGERS,BLK,BX,"BlackRock, Inc.",Blackstone Inc.,-1.304607519363625,0.6270617404420231,0.05,,False,0.5875781189483735,3.975480321937064,,,,,,,,,,,,,,
US_ASSET_MANAGERS,APO,KKR,"Apollo Global Management, Inc. ",KKR & Co. Inc.,-1.1706140684149404,0.6861073720854802,0.05,,False,0.7842242162594331,1.1138787941775457,,,,,,,,,,,,,,
US_BANKS,KEY,RF,KeyCorp,Regions Financial Corporation,-3.753126239118488,0.0034249983880257294,0.05,,False,1.1119745601575057,-0.6645090250667276,,,,,,,,,,,,,,
US_BANKS,TFC,USB,Truist Financial Corporation,U.S. Bancorp,-3.6420222236172903,0.005006646185609488,0.05,,False,0.8742041731335263,0.39996012501917555,,,,,,,,,,,,,,
US_BANKS,KEY,PNC,KeyCorp,"PNC Financial Services Group, I",-3.6357530582903568,0.005113164844463741,0.05,,False,1.251613249556073,-3.702630908557487,,,,,,,,,,,,,,
US_BANKS,KEY,USB,KeyCorp,U.S. Bancorp,-3.630737246627387,0.0051998681476403035,0.05,,False,1.200769675750284,-1.7593057916275523,,,,,,,,,,,,,,
US_BANKS,FITB,USB,Fifth Third Bancorp,U.S. Bancorp,-3.5095117877133375,0.007746145194909719,0.05,,False,0.9371318830471842,0.15160479139568261,,,,,,,,,,,,,,
US_BANKS,KEY,TFC,KeyCorp,Truist Financial Corporation,-3.47104968237238,0.008762482798171831,0.05,,False,1.376679051400182,-2.3203401613782555,,,,,,,,,,,,,,
US_BANKS,CFG,TFC,"Citizens Financial Group, Inc.",Truist Financial Corporation,-3.2922740818806417,0.015227375225734521,0.05,,False,1.8774030780091397,-3.1871079815200503,,,,,,,,,,,,,,
US_BANKS,PNC,USB,"PNC Financial Services Group, I",U.S. Bancorp,-3.223237286151135,0.018678404520433723,0.05,,False,0.9590785364586148,1.5537977989839762,,,,,,,,,,,,,,
US_BANKS,PNC,ZION,"PNC Financial Services Group, I",Zions Bancorporation N.A.,-3.1773502244918594,0.021333744235683197,0.05,,False,0.9515982386500457,1.4706494600724063,,,,,,,,,,,,,,
US_BANKS,C,ZION,"Citigroup, Inc.",Zions Bancorporation N.A.,-3.170358012543438,0.021765875075916524,0.05,,False,2.4146660146571457,-5.090300541505824,,,,,,,,,,,,,,
US_BANKS,RF,TFC,Regions Financial Corporation,Truist Financial Corporation,-3.1544236314553147,0.022779090827467256,0.05,,False,1.235468251918192,-1.4794457151409515,,,,,,,,,,,,,,
US_BANKS,FHN,HBAN,First Horizon Corporation,Huntington Bancshares Incorpora,-3.153865829083029,0.022815286957408795,0.05,,False,1.7029491689498357,-1.6581208257144833,,,,,,,,,,,,,,
US_BANKS,CFG,KEY,"Citizens Financial Group, Inc.",KeyCorp,-3.145230849928138,0.023381994227836232,0.05,,False,1.3539943176648706,0.004651867886984906,,,,,,,,,,,,,,
US_BANKS,FITB,PNC,Fifth Third Bancorp,"PNC Financial Services Group, I",-3.0603778928410588,0.029627774667479453,0.05,,False,0.9771447572108134,-1.3667824356806628,,,,,,,,,,,,,,
US_BANKS,PNC,RF,"PNC Financial Services Group, I",Regions Financial Corporation,-3.0285663637886495,0.03231141657619914,0.05,,False,0.8884389232604163,2.427346279930278,,,,,,,,,,,,,,
US_BANKS,C,MTB,"Citigroup, Inc.",M&T Bank Corporation,-3.0078612197336576,0.034166754571413854,0.05,,False,2.617162651746296,-9.224967485444736,,,,,,,,,,,,,,
US_BANKS,C,TFC,"Citigroup, Inc.",Truist Financial Corporation,-2.996266735915247,0.03524451407085919,0.05,,False,2.7506617345027027,-5.86873207851243,,,,,,,,,,,,,,
US_BANKS,FITB,KEY,Fifth Third Bancorp,KeyCorp,-2.93481791598893,0.04144638287251817,0.05,,False,0.7785055329918747,1.5301138386358786,,,,,,,,,,,,,,
US_BANKS,COF,WFC,Capital One Financial Corporati,Wells Fargo & Company,-2.8812818986743363,0.047568357227243147,0.05,,False,1.0343403669899387,0.7893825604914744,,,,,,,,,,,,,,
US_BANKS,FHN,WFC,First Horizon Corporation,Wells Fargo & Company,-2.8657128713454547,0.04948287276672996,0.05,,False,1.0497572017578518,-1.5106421021532817,,,,,,,,,,,,,,
US_BANKS,PNC,TFC,"PNC Financial Services Group, I",Truist Financial Corporation,-2.839097656383405,0.052902324707633806,0.05,,False,1.0957404409486775,1.1200411077089738,,,,,,,,,,,,,,
US_BANKS,BAC,FHN,Bank of America Corporation,First Horizon Corporation,-2.822997034657732,0.055063149926082335,0.05,,False,0.7223943065424819,1.6536660736361837,,,,,,,,,,,,,,
US_BANKS,C,PNFP,"Citigroup, Inc.","Pinnacle Financial Partners, In",-2.818300046266939,0.055706910055407656,0.05,,False,-23.365577938050688,111.31166412722477,,,,,,,,,,,,,,
US_BANKS,MTB,ZION,M&T Bank Corporation,Zions Bancorporation N.A.,-2.810795357374387,0.05674819752781087,0.05,,False,0.9474622819870672,1.4821049058642686,,,,,,,,,,,,,,
US_BANKS,C,RF,"Citigroup, Inc.",Regions Financial Corporation,-2.793563817563237,0.05919902858804869,0.05,,False,2.1604808797040844,-2.367994796807139,,,,,,,,,,,,,,
US_BANKS,HBAN,WFC,Huntington Bancshares Incorpora,Wells Fargo & Company,-2.7745786010116515,0.06199778811333999,0.05,,False,0.6069849805354198,0.1270209010839647,,,,,,,,,,,,,,
US_BANKS,BAC,C,Bank of America Corporation,"Citigroup, Inc.",-2.7481396283984867,0.06607197902415562,0.05,,False,0.44974693104765767,1.8220248813241844,,,,,,,,,,,,,,
US_BANKS,JPM,WFC,JP Morgan Chase & Co.,Wells Fargo & Company,-2.743198119490455,0.06685672963203297,0.05,,False,1.0024021914933563,1.2681807382338377,,,,,,,,,,,,,,
US_BANKS,C,KEY,"Citigroup, Inc.",KeyCorp,-2.708561217304836,0.07256848501020878,0.05,,False,1.9045558541868666,-0.968530647860744,,,,,,,,,,,,,,
US_BANKS,FITB,RF,Fifth Third Bancorp,Regions Financial Corporation,-2.7030303708767827,0.07351534892322462,0.05,,False,0.8663998670488322,1.0105258863847872,,,,,,,,,,,,,,
US_BANKS,KEY,MTB,KeyCorp,M&T Bank Corporation,-2.686807150756339,0.0763491633054284,0.05,,False,1.265798402256316,-3.7705078971234958,,,,,,,,,,,,,,
US_BANKS,RF,USB,Regions Financial Corporation,U.S. Bancorp,-2.6777695678875566,0.07796473411519834,0.05,,False,1.0807261505027,-0.9878831714906284,,,,,,,,,,,,,,
US_BANKS,CFG,RF,"Citizens Financial Group, Inc.",Regions Financial Corporation,-2.652280818653748,0.08266596891927619,0.05,,False,1.515806239919955,-0.9270922355246043,,,,,,,,,,,,,,
US_BANKS,BAC,TFC,Bank of America Corporation,Truist Financial Corporation,-2.6506809153987585,0.08296828029086772,0.05,,False,1.1694237942698373,-0.5644894394825344,,,,,,,,,,,,,,
US_BANKS,CFG,PNFP,"Citizens Financial Group, Inc.","Pinnacle Financial Partners, In",-2.6375662743328676,0.08547894216946256,0.05,,False,60.17209350218952,-271.4656492335783,,,,,,,,,,,,,,
US_BANKS,USB,ZION,U.S. Bancorp,Zions Bancorporation N.A.,-2.6360032580098998,0.08578205773753833,0.05,,False,0.9922891430282328,-0.0870447273197823,,,,,,,,,,,,,,
US_BANKS,HBAN,JPM,Huntington Bancshares Incorpora,JP Morgan Chase & Co.,-2.6272399652014324,0.08749698885963952,0.05,,False,0.5957823350791112,-0.5867442811184418,,,,,,,,,,,,,,
US_BANKS,BAC,RF,Bank of America Corporation,Regions Financial Corporation,-2.619125598667441,0.0891084695406314,0.05,,False,0.9296889565436481,0.8887544175086566,,,,,,,,,,,,,,
US_BANKS,C,HBAN,"Citigroup, Inc.",Huntington Bancshares Incorpora,-2.600713366509669,0.0928499187053905,0.05,,False,3.1915431605070457,-4.280055370833809,,,,,,,,,,,,,,
US_BANKS,C,CFG,"Citigroup, Inc.","Citizens Financial Group, Inc.",-2.5968632835913024,0.0936472974978993,0.05,,False,1.3577497407156305,-0.7879371703986866,,,,,,,,,,,,,,
US_BANKS,FITB,TFC,Fifth Third Bancorp,Truist Financial Corporation,-2.588542168158253,0.09538856719657024,0.05,,False,1.0703112225402456,-0.2708982868228462,,,,,,,,,,,,,,
US_BANKS,CFG,USB,"Citizens Financial Group, Inc.",U.S. Bancorp,-2.5818924598037225,0.09679777628978242,0.05,,False,1.6399421174496107,-2.4312913167369965,,,,,,,,,,,,,,
US_BANKS,BAC,CFG,Bank of America Corporation,"Citizens Financial Group, Inc.",-2.5580528768339215,0.10198044536953904,0.05,,False,0.6046945259421751,1.490433662672518,,,,,,,,,,,,,,
US_BANKS,KEY,ZION,KeyCorp,Zions Bancorporation N.A.,-2.5569078723611205,0.10223454868236947,0.05,,False,1.1976032720618461,-1.8878001763238785,,,,,,,,,,,,,,
US_BANKS,BAC,JPM,Bank of America Corporation,JP Morgan Chase & Co.,-2.545927323854233,0.10469572937638827,0.05,,False,0.7595936675977647,-0.41408786516599827,,,,,,,,,,,,,,
US_BANKS,TFC,ZION,Truist Financial Corporation,Zions Bancorporation N.A.,-2.522686294017867,0.11005162216790076,0.05,,False,0.8659028472854182,0.3300055514830835,,,,,,,,,,,,,,
US_BANKS,CFG,ZION,"Citizens Financial Group, Inc.",Zions Bancorporation N.A.,-2.5120580272964044,0.11256797435129834,0.05,,False,1.6588866952293664,-2.698343408791154,,,,,,,,,,,,,,
US_BANKS,C,PNC,"Citigroup, Inc.","PNC Financial Services Group, I",-2.4745079587792365,0.12180064755654135,0.05,,False,2.529229489346833,-8.778999046823538,,,,,,,,,,,,,,
US_BANKS,MTB,PNC,M&T Bank Corporation,"PNC Financial Services Group, I",-2.4704052317337184,0.12284208505834099,0.05,,False,0.996428135104061,0.013808466373482986,,,,,,,,,,,,,,
US_BANKS,BAC,ZION,Bank of America Corporation,Zions Bancorporation N.A.,-2.4490275605914618,0.1283739611314606,0.05,,False,1.001630317637731,-0.13537921504758144,,,,,,,,,,,,,,
US_BANKS,BAC,MTB,Bank of America Corporation,M&T Bank Corporation,-2.4432607600763876,0.12989666807781147,0.05,,False,1.0657966270191512,-1.7471569266015687,,,,,,,,,,,,,,
US_BANKS,RF,ZION,Regions Financial Corporation,Zions Bancorporation N.A.,-2.438599702117495,0.13113690650384574,0.05,,False,1.0730598128162747,-1.0845792233471907,,,,,,,,,,,,,,
US_BANKS,C,USB,"Citigroup, Inc.",U.S. Bancorp,-2.4331307321559197,0.1326029724395963,0.05,,False,2.3938212454204053,-4.727276265647337,,,,,,,,,,,,,,
US_BANKS,JPM,PNFP,JP Morgan Chase & Co.,"Pinnacle Financial Partners, In",-2.4292594437920196,0.13364784702637766,0.05,,False,8.687840453519318,-34.192306010051524,,,,,,,,,,,,,,
US_BANKS,HBAN,MTB,Huntington Bancshares Incorpora,M&T Bank Corporation,-2.4257274574951215,0.13460628586943957,0.05,,False,0.8716056345390553,-1.8181012342241698,,,,,,,,,,,,,,
US_BANKS,FHN,JPM,First Horizon Corporation,JP Morgan Chase & Co.,-2.4220595805210317,0.13560680226394461,0.05,,False,1.0465974132551918,-2.8351551605940446,,,,,,,,,,,,,,
US_BANKS,CFG,FITB,"Citizens Financial Group, Inc.",Fifth Third Bancorp,-2.410768779097942,0.13872004006048272,0.05,,False,1.7701457120178072,-2.77187342448641,,,,,,,,,,,,,,
US_BANKS,BAC,HBAN,Bank of America Corporation,Huntington Bancshares Incorpora,-2.4101906820134986,0.1388807978456731,0.05,,False,1.2339174242051685,0.44572781123711014,,,,,,,,,,,,,,
US_BANKS,C,FHN,"Citigroup, Inc.",First Horizon Corporation,-2.4077045124134813,0.13957366455579256,0.05,,False,1.6296512548403035,-0.444139940802315,,,,,,,,,,,,,,
US_BANKS,FHN,PNFP,First Horizon Corporation,"Pinnacle Financial Partners, In",-2.371720768839487,0.1498775820269091,0.05,,False,3.4624474048963187,-12.861752332725956,,,,,,,,,,,,,,
US_BANKS,C,FITB,"Citigroup, Inc.",Fifth Third Bancorp,-2.3080217823295173,0.16939383825038068,0.05,,False,2.6649270832003356,-5.526661755452425,,,,,,,,,,,,,,
US_BANKS,MTB,USB,M&T Bank Corporation,U.S. Bancorp,-2.3018649461627256,0.17136719474354056,0.05,,False,0.9540746985019584,1.5680809035067749,,,,,,,,,,,,,,
US_BANKS,COF,PNFP,Capital One Financial Corporati,"Pinnacle Financial Partners, In",-2.268992238365943,0.182163651660529,0.05,,False,2.8427474300983038,-7.792463320237999,,,,,,,,,,,,,,
US_BANKS,KEY,PNFP,KeyCorp,"Pinnacle Financial Partners, In",-2.2665629521539055,0.18297890340312678,0.05,,False,3.21111315030004,-11.866576854249185,,,,,,,,,,,,,,
US_BANKS,COF,HBAN,Capital One Financial Corporati,Huntington Bancshares Incorpora,-2.248732810499484,0.18903577951003303,0.05,,False,1.6956992972005553,0.5957059243294642,,,,,,,,,,,,,,
US_BANKS,CFG,PNC,"Citizens Financial Group, Inc.","PNC Financial Services Group, I",-2.2190149067856426,0.19941666455720058,0.05,,False,1.7217525071966857,-5.149889889006512,,,,,,,,,,,,,,
US_BANKS,FITB,ZION,Fifth Third Bancorp,Zions Bancorporation N.A.,-2.210357905197906,0.20250763627167084,0.05,,False,0.9276920594110075,0.07874326048521363,,,,,,,,,,,,,,
US_BANKS,FHN,MTB,First Horizon Corporation,M&T Bank Corporation,-2.186450757286345,0.21119975046583295,0.05,,False,1.48184792023665,-4.74147829015112,,,,,,,,,,,,,,
US_BANKS,CFG,MTB,"Citizens Financial Group, Inc.",M&T Bank Corporation,-2.119087856017461,0.23690886716968984,0.05,,False,1.7760826227829751,-5.424668092477771,,,,,,,,,,,,,,
US_BANKS,FHN,TFC,First Horizon Corporation,Truist Financial Corporation,-2.108025372851914,0.24129982815024886,0.05,,False,1.6516311841259914,-3.193197822926796,,,,,,,,,,,,,,
US_BANKS,BAC,KEY,Bank of America Corporation,KeyCorp,-2.098194639678362,0.24524116538635005,0.05,,False,0.8267665184824645,1.4706109472752833,,,,,,,,,,,,,,
US_BANKS,JPM,MTB,JP Morgan Chase & Co.,M&T Bank Corporation,-2.090182571383697,0.24848051923194697,0.05,,False,1.4714688015052517,-2.1111240840349,,,,,,,,,,,,,,
US_BANKS,PNFP,WFC,"Pinnacle Financial Partners, In",Wells Fargo & Company,-2.079334246437671,0.2529051804996224,0.05,,False,0.2889017015840389,3.339435235990334,,,,,,,,,,,,,,
US_BANKS,JPM,TFC,JP Morgan Chase & Co.,Truist Financial Corporation,-2.076782594195889,0.25395232311583527,0.05,,False,1.6296036474753288,-0.5345991773999783,,,,,,,,,,,,,,
US_BANKS,BAC,PNC,Bank of America Corporation,"PNC Financial Services Group, I",-2.0514452499562585,0.2644812448594192,0.05,,False,1.059688693068401,-1.7204396695611064,,,,,,,,,,,,,,
US_BANKS,HBAN,RF,Huntington Bancshares Incorpora,Regions Financial Corporation,-2.038450171147281,0.2699725505887769,0.05,,False,0.7613272139183351,0.3343078494669647,,,,,,,,,,,,,,
US_BANKS,CFG,HBAN,"Citizens Financial Group, Inc.",Huntington Bancshares Incorpora,-2.037525511211457,0.2703656088632037,0.05,,False,2.180827036969537,-2.1096276147137027,,,,,,,,,,,,,,
US_BANKS,FHN,ZION,First Horizon Corporation,Zions Bancorporation N.A.,-1.9629259833100021,0.3030615019663013,0.05,,False,1.3961621159305324,-2.5144024221784265,,,,,,,,,,,,,,
US_BANKS,BAC,USB,Bank of America Corporation,U.S. Bancorp,-1.961488014458971,0.3037102385322784,0.05,,False,1.0100827217854915,-0.05006884077318707,,,,,,,,,,,,,,
US_BANKS,MTB,TFC,M&T Bank Corporation,Truist Financial Corporation,-1.9532069558692526,0.3074592994612519,0.05,,False,1.0968194102548692,1.1111895173250765,,,,,,,,,,,,,,
US_BANKS,MTB,RF,M&T Bank Corporation,Regions Financial Corporation,-1.951636524538118,0.3081727759093415,0.05,,False,0.8818781503120242,2.443113617540892,,,,,,,,,,,,,,
US_BANKS,FHN,RF,First Horizon Corporation,Regions Financial Corporation,-1.9237783990378152,0.32095899898268787,0.05,,False,1.299242643855285,-1.0974126277046756,,,,,,,,,,,,,,
US_BANKS,BAC,FITB,Bank of America Corporation,Fifth Third Bancorp,-1.8948858836208577,0.3344707640433099,0.05,,False,1.0908473641611767,-0.2619636069723694,,,,,,,,,,,,,,
US_BANKS,HBAN,KEY,Huntington Bancshares Incorpora,KeyCorp,-1.8560615211136917,0.3530048649991606,0.05,,False,0.6680041747726922,0.836326303809948,,,,,,,,,,,,,,
US_BANKS,PNFP,RF,"Pinnacle Financial Partners, In",Regions Financial Corporation,-1.8495994032038978,0.35612956016538566,0.05,,False,0.507426883956926,2.9829103869493254,,,,,,,,,,,,,,
US_BANKS,WFC,ZION,Wells Fargo & Company,Zions Bancorporation N.A.,-1.8495491794498282,0.3561538882480749,0.05,,False,1.3856405881189153,-1.1751804915687725,,,,,,,,,,,,,,
US_BANKS,BAC,PNFP,Bank of America Corporation,"Pinnacle Financial Partners, In",-1.830245319293551,0.3655524507993506,0.05,,False,2.4502919830778898,-7.404440768238548,,,,,,,,,,,,,,
US_BANKS,JPM,ZION,JP Morgan Chase & Co.,Zions Bancorporation N.A.,-1.8093870997554855,0.37581131895762,0.05,,False,1.3799091092353044,0.12582779373505026,,,,,,,,,,,,,,
US_BANKS,TFC,WFC,Truist Financial Corporation,Wells Fargo & Company,-1.7913089852641573,0.3847849981935237,0.05,,False,0.6028694842414419,1.1586678962899861,,,,,,,,,,,,,,
US_BANKS,HBAN,TFC,Huntington Bancshares Incorpora,Truist Financial Corporation,-1.7804540276104688,0.39020799027672204,0.05,,False,0.9532948782681957,-0.8394949486461134,,,,,,,,,,,,,,
US_BANKS,JPM,RF,JP Morgan Chase & Co.,Regions Financial Corporation,-1.7714399512965506,0.39473028621923056,0.05,,False,1.2537755907121548,1.6215308768147256,,,,,,,,,,,,,,
US_BANKS,HBAN,USB,Huntington Bancshares Incorpora,U.S. Bancorp,-1.767696866083407,0.39661308357949254,0.05,,False,0.8160014952845598,-0.39189356376491613,,,,,,,,,,,,,,
US_BANKS,HBAN,ZION,Huntington Bancshares Incorpora,Zions Bancorporation N.A.,-1.6902524779966461,0.43614156189743575,0.05,,False,0.8216493819079197,-0.5099049321491989,,,,,,,,,,,,,,
US_BANKS,FHN,USB,First Horizon Corporation,U.S. Bancorp,-1.6834624701993923,0.4396526186116268,0.05,,False,1.4354892443331273,-2.500644621712437,,,,,,,,,,,,,,
US_BANKS,FITB,MTB,Fifth Third Bancorp,M&T Bank Corporation,-1.6697472202918298,0.44676312980683514,0.05,,False,0.9795749020101756,-1.3747351393850984,,,,,,,,,,,,,,
US_BANKS,C,JPM,"Citigroup, Inc.",JP Morgan Chase & Co.,-1.6600576549621489,0.4518004848300434,0.05,,False,1.695669152109268,-5.009344027061358,,,,,,,,,,,,,,
US_BANKS,JPM,KEY,JP Morgan Chase & Co.,KeyCorp,-1.656157263201094,0.4538312409771815,0.05,,False,1.1100933414880052,2.420009023004668,,,,,,,,,,,,,,
US_BANKS,FITB,WFC,Fifth Third Bancorp,Wells Fargo & Company,-1.6215654063220577,0.4719087107803157,0.05,,False,0.6221285139387471,1.0681662982439812,,,,,,,,,,,,,,
US_BANKS,MTB,WFC,M&T Bank Corporation,Wells Fargo & Company,-1.617434207872799,0.4740746982731351,0.05,,False,0.680080799893715,2.301448602588335,,,,,,,,,,,,,,
US_BANKS,BAC,WFC,Bank of America Corporation,Wells Fargo & Company,-1.5690378108391088,0.4991255768210515,0.05,,False,0.756960594579411,0.568280935132071,,,,,,,,,,,,,,
US_BANKS,HBAN,PNC,Huntington Bancshares Incorpora,"PNC Financial Services Group, I",-1.5519830866125466,0.5076574686890152,0.05,,False,0.863197110024858,-1.778450300262986,,,,,,,,,,,,,,
US_BANKS,FHN,PNC,First Horizon Corporation,"PNC Financial Services Group, I",-1.542032175473289,0.5126257233763638,0.05,,False,1.4912531804179272,-4.797669073398589,,,,,,,,,,,,,,
US_BANKS,CFG,FHN,"Citizens Financial Group, Inc.",First Horizon Corporation,-1.5314633025027615,0.5178934786739835,0.05,,False,1.199303146999776,0.2560586929265103,,,,,,,,,,,,,,
US_BANKS,COF,JPM,Capital One Financial Corporati,JP Morgan Chase & Co.,-1.5277758215265842,0.5197290408782776,0.05,,False,1.0332271200319525,-0.5267906422332693,,,,,,,,,,,,,,
US_BANKS,JPM,PNC,JP Morgan Chase & Co.,"PNC Financial Services Group, I",-1.4837552263533904,0.5415315453083098,0.05,,False,1.4770389510852362,-2.147264326563068,,,,,,,,,,,,,,
US_BANKS,FITB,JPM,Fifth Third Bancorp,JP Morgan Chase & Co.,-1.4776355860360353,0.544544265808041,0.05,,False,0.637971197901387,0.18478625055336284,,,,,,,,,,,,,,
US_BANKS,C,WFC,"Citigroup, Inc.",Wells Fargo & Company,-1.4746220591563841,0.5460260174209851,0.05,,False,1.77283125251509,-3.1715444019097534,,,,,,,,,,,,,,
US_BANKS,RF,WFC,Regions Financial Corporation,Wells Fargo & Company,-1.4725728863591374,0.5470328962079584,0.05,,False,0.7890742231978697,-0.23720635927218403,,,,,,,,,,,,,,
US_BANKS,FHN,FITB,First Horizon Corporation,Fifth Third Bancorp,-1.4717557720779213,0.5474342326967452,0.05,,False,1.5777062610765193,-2.9040992470333973,,,,,,,,,,,,,,
US_BANKS,FHN,KEY,First Horizon Corporation,KeyCorp,-1.407610635571541,0.5786220944549189,0.05,,False,1.1571445081085283,-0.28917094372562113,,,,,,,,,,,,,,
US_BANKS,PNC,WFC,"PNC Financial Services Group, I",Wells Fargo & Company,-1.342343499180021,0.6095844886292217,0.05,,False,0.6654394865146969,2.3688916301024965,,,,,,,,,,,,,,
US_BANKS,JPM,USB,JP Morgan Chase & Co.,U.S. Bancorp,-1.3379734875060474,0.6116253865835648,0.05,,False,1.4087180027367285,0.1778313975946917,,,,,,,,,,,,,,
US_BANKS,CFG,WFC,"Citizens Financial Group, Inc.",Wells Fargo & Company,-1.278638524666149,0.6388876766911771,0.05,,False,1.299241226689929,-1.7278767948730591,,,,,,,,,,,,,,
US_BANKS,KEY,WFC,KeyCorp,Wells Fargo & Company,-1.1977512018896599,0.6745623391852767,0.05,,False,0.8966139013301894,-1.010327869993842,,,,,,,,,,,,,,
US_BANKS,PNFP,USB,"Pinnacle Financial Partners, In",U.S. Bancorp,-1.1416828672891632,0.6981663884373449,0.05,,False,0.7422200922371995,1.741677696835068,,,,,,,,,,,,,,
US_BANKS,USB,WFC,U.S. Bancorp,Wells Fargo & Company,-1.1316603001179244,0.7022824602210365,0.05,,False,0.7003720102603411,0.8218993765416509,,,,,,,,,,,,,,
US_BANKS,FITB,HBAN,Fifth Third Bancorp,Huntington Bancshares Incorpora,-1.121734270179227,0.7063271690841595,0.05,,False,1.137852461402942,0.6305151351358624,,,,,,,,,,,,,,
US_BANKS,CFG,JPM,"Citizens Financial Group, Inc.",JP Morgan Chase & Co.,-1.101293567495753,0.7145557697856982,0.05,,False,1.268540374465291,-3.218335387632731,,,,,,,,,,,,,,
US_BANKS,COF,FHN,Capital One Financial Corporati,First Horizon Corporation,-0.9623262586423051,0.7667558289996496,0.05,,False,0.9847211967740226,2.2796051286588384,,,,,,,,,,,,,,
US_BANKS,COF,MTB,Capital One Financial Corporati,M&T Bank Corporation,-0.934786011085258,0.7763011957839743,0.05,,False,1.5868712233444535,-3.0545964108452086,,,,,,,,,,,,,,
US_BANKS,COF,TFC,Capital One Financial Corporati,Truist Financial Corporation,-0.9079596365548622,0.7853398947059385,0.05,,False,1.8216908679764279,-1.5946715278897932,,,,,,,,,,,,,,
US_BANKS,HBAN,PNFP,Huntington Bancshares Incorpora,"Pinnacle Financial Partners, In",-0.8990806431184849,0.7882750243148064,0.05,,False,0.7884704886426118,-0.8841344060393999,,,,,,,,,,,,,,
US_BANKS,PNC,PNFP,"PNC Financial Services Group, I","Pinnacle Financial Partners, In",-0.6595633056059165,0.8569474377330868,0.05,,False,1.0598563423595924,0.3661335682979754,,,,,,,,,,,,,,
US_BANKS,MTB,PNFP,M&T Bank Corporation,"Pinnacle Financial Partners, In",-0.5387181699214664,0.8842369044344522,0.05,,False,1.0311448195121478,0.49267319222380035,,,,,,,,,,,,,,
US_BANKS,PNFP,ZION,"Pinnacle Financial Partners, In",Zions Bancorporation N.A.,-0.5084719361262238,0.8903526248677054,0.05,,False,0.8343618997158212,1.2919808611369255,,,,,,,,,,,,,,
US_BANKS,COF,RF,Capital One Financial Corporati,Regions Financial Corporation,-0.4817854327479174,0.8955222030196089,0.05,,False,1.3470144748497241,0.9867716448217285,,,,,,,,,,,,,,
US_BANKS,COF,ZION,Capital One Financial Corporati,Zions Bancorporation N.A.,-0.44048804159883437,0.9031160973334558,0.05,,False,1.4899031628291692,-0.6491818799907145,,,,,,,,,,,,,,
US_BANKS,PNFP,TFC,"Pinnacle Financial Partners, In",Truist Financial Corporation,-0.38694785688519473,0.9122553148857834,0.05,,False,1.396119374828372,-0.642537320178481,,,,,,,,,,,,,,
US_BANKS,BAC,COF,Bank of America Corporation,Capital One Financial Corporati,-0.3759417164026734,0.9140388191882862,0.05,,False,0.7141451210733003,0.08278349993330814,,,,,,,,,,,,,,
US_BANKS,FITB,PNFP,Fifth Third Bancorp,"Pinnacle Financial Partners, In",-0.3055411130772747,0.9247158701893337,0.05,,False,0.9652435131936452,-0.6869758811974602,,,,,,,,,,,,,,
US_BANKS,COF,PNC,Capital One Financial Corporati,"PNC Financial Services Group, I",-0.20460468493695758,0.9379705209132334,0.05,,False,1.640514095646721,-3.3419973129301628,,,,,,,,,,,,,,
US_BANKS,COF,FITB,Capital One Financial Corporati,Fifth Third Bancorp,-0.18471832273476524,0.9403188077098394,0.05,,False,1.7969861115674046,-1.4877395176946386,,,,,,,,,,,,,,
US_BANKS,COF,USB,Capital One Financial Corporati,U.S. Bancorp,-0.06232687700674856,0.9530640248353507,0.05,,False,1.5783679745231578,-0.8120047748508066,,,,,,,,,,,,,,
US_BANKS,C,COF,"Citigroup, Inc.",Capital One Financial Corporati,0.005529413586898924,0.9589869828672304,0.05,,False,1.816592357787456,-5.059527948852493,,,,,,,,,,,,,,
US_BANKS,CFG,COF,"Citizens Financial Group, Inc.",Capital One Financial Corporati,0.06296656331146645,0.9634397794636067,0.05,,False,1.2886382131204608,-2.8890300983314736,,,,,,,,,,,,,,
US_BANKS,COF,KEY,Capital One Financial Corporati,KeyCorp,0.13529361998956466,0.9683897660532577,0.05,,False,1.1821628695697668,1.8742442358030753,,,,,,,,,,,,,,
US_DEFENSE_AEROSPACE,GD,LHX,General Dynamics Corporation,"L3Harris Technologies, Inc.",-3.253226428871618,0.0171031801949367,0.05,,False,0.6248637289688219,2.2370061930345826,,,,,,,,,,,,,,
US_DEFENSE_AEROSPACE,GD,RTX,General Dynamics Corporation,RTX Corporation,-2.507745445162369,0.11360113040419728,0.05,,False,0.4924086712968144,3.259318841568382,,,,,,,,,,,,,,
US_DEFENSE_AEROSPACE,LHX,NOC,"L3Harris Technologies, Inc.",Northrop Grumman Corporation,-2.42333101883802,0.13525938105571156,0.05,,False,1.282135623592693,-2.493442678144701,,,,,,,,,,,,,,
US_DEFENSE_AEROSPACE,GD,NOC,General Dynamics Corporation,Northrop Grumman Corporation,-2.267487747477637,0.18266826634897004,0.05,,False,0.7778240711608868,0.8251858866241131,,,,,,,,,,,,,,
US_DEFENSE_AEROSPACE,LHX,RTX,"L3Harris Technologies, Inc.",RTX Corporation,-2.1823360628102675,0.2127187931138052,0.05,,False,0.8281941172066967,1.4369865303851164,,,,,,,,,,,,,,
US_DEFENSE_AEROSPACE,NOC,RTX,Northrop Grumman Corporation,RTX Corporation,-1.9816820805005373,0.294662170292282,0.05,,False,0.6439874530367654,3.0752539164516772,,,,,,,,,,,,,,
US_DEFENSE_AEROSPACE,LMT,NOC,Lockheed Martin Corporation,Northrop Grumman Corporation,-1.6908321261576342,0.4358421239785552,0.05,,False,0.768487129182992,1.3773608843372847,,,,,,,,,,,,,,
US_DEFENSE_AEROSPACE,LHX,LMT,"L3Harris Technologies, Inc.",Lockheed Martin Corporation,-1.6595295266937249,0.452075357530774,0.05,,False,1.8575496800867257,-5.9629454309296595,,,,,,,,,,,,,,
US_DEFENSE_AEROSPACE,GD,LMT,General Dynamics Corporation,Lockheed Martin Corporation,-1.5917077064532688,0.4877576688263706,0.05,,False,0.9245837501066384,-0.026586470932233652,,,,,,,,,,,,,,
US_DEFENSE_AEROSPACE,LMT,RTX,Lockheed Martin Corporation,RTX Corporation,-1.5668758055433742,0.5002082254848147,0.05,,False,0.3273466236573129,4.571011046799997,,,,,,,,,,,,,,
US_GOLD_MINERS,AU,KGC,AngloGold Ashanti PLC,Kinross Gold Corporation,-2.7452035957731535,0.06653735006065804,0.05,,False,1.1055541725829787,0.7402248680587658,,,,,,,,,,,,,,
US_GOLD_MINERS,AEM,KGC,Agnico Eagle Mines Limited,Kinross Gold Corporation,-2.7400890296343743,0.06735428605867873,0.05,,False,0.7579242610768036,2.679026882352954,,,,,,,,,,,,,,
US_GOLD_MINERS,AU,NEM,AngloGold Ashanti PLC,Newmont Corporation,-2.3618546350974334,0.15279327276877902,0.05,,False,1.4341335997551217,-2.151518709114887,,,,,,,,,,,,,,
US_GOLD_MINERS,AEM,AU,Agnico Eagle Mines Limited,AngloGold Ashanti PLC,-2.143610922755059,0.22734366930927158,0.05,,False,0.6836589123067865,2.1788167399958387,,,,,,,,,,,,,,
US_GOLD_MINERS,KGC,NEM,Kinross Gold Corporation,Newmont Corporation,-1.7904029116605036,0.38523668361629376,0.05,,False,1.3006157334280908,-2.6298339070588255,,,,,,,,,,,,,,
US_GOLD_MINERS,GOLD,NEM,"Gold.com, Inc.",Newmont Corporation,-1.6054468466230196,0.4808568162518344,0.05,,False,0.5528089301313066,1.1269479341080686,,,,,,,,,,,,,,
US_GOLD_MINERS,AEM,NEM,Agnico Eagle Mines Limited,Newmont Corporation,-1.4786763797141589,0.5440322259635018,0.05,,False,0.9769363560396962,0.7225695261026575,,,,,,,,,,,,,,
US_GOLD_MINERS,AEM,GOLD,Agnico Eagle Mines Limited,"Gold.com, Inc.",-1.3842334459201502,0.5898110290207156,0.05,,False,2.3371104609296816,-3.2224022253650073,,,,,,,,,,,,,,
US_GOLD_MINERS,AU,GOLD,AngloGold Ashanti PLC,"Gold.com, Inc.",-1.3535172150533321,0.6043467468996414,0.05,,False,4.079877872903759,-10.167349701990297,,,,,,,,,,,,,,
US_GOLD_MINERS,GOLD,KGC,"Gold.com, Inc.",Kinross Gold Corporation,-1.3193261376393493,0.6202848589123476,0.05,,False,0.25874672554670614,2.707545628601083,,,,,,,,,,,,,,
US_HOMEBUILDERS,LEN,NVR,Lennar Corporation,"NVR, Inc.",-3.5048704431909417,0.007862888251452035,0.05,,False,1.7494924479204557,-10.850338790627909,,,,,,,,,,,,,,
US_HOMEBUILDERS,KBH,LEN,KB Home,Lennar Corporation,-3.143364048559175,0.023506097546219015,0.05,,False,0.78039354681914,0.37329468877718375,,,,,,,,,,,,,,
US_HOMEBUILDERS,KBH,MTH,KB Home,Meritage Homes Corporation,-2.7288384174800178,0.0691795197884669,0.05,,False,1.1735126190912506,-0.9204227907408988,,,,,,,,,,,,,,
US_HOMEBUILDERS,DHI,PHM,"D.R. Horton, Inc.","PulteGroup, Inc.",-2.664132384070768,0.08045322100494912,0.05,,False,1.2329894683064988,-0.8899049864708735,,,,,,,,,,,,,,
US_HOMEBUILDERS,KBH,NVR,KB Home,"NVR, Inc.",-2.558511554792431,0.1018787880319833,0.05,,False,1.3731729094533462,-8.164755036082042,,,,,,,,,,,,,,
US_HOMEBUILDERS,PHM,TOL,"PulteGroup, Inc.","Toll Brothers, Inc.",-2.50294145890763,0.11476027547404505,0.05,,False,0.7808260305333711,0.9735273183969841,,,,,,,,,,,,,,
US_HOMEBUILDERS,LEN,MTH,Lennar Corporation,Meritage Homes Corporation,-2.4250858096707337,0.13478093058220458,0.05,,False,1.5238591579978533,-1.7442192502981024,,,,,,,,,,,,,,
US_HOMEBUILDERS,MTH,NVR,Meritage Homes Corporation,"NVR, Inc.",-2.2511368341395173,0.18821162490223353,0.05,,False,1.1636438068565744,-6.115082285950836,,,,,,,,,,,,,,
US_HOMEBUILDERS,DHI,MTH,"D.R. Horton, Inc.",Meritage Homes Corporation,-2.009860375671306,0.2822664740241093,0.05,,False,0.9466853824305417,0.9255246417667031,,,,,,,,,,,,,,
US_HOMEBUILDERS,LEN,PHM,Lennar Corporation,"PulteGroup, Inc.",-1.8012342133483636,0.3798491133317189,0.05,,False,3.253041909503038,-10.718977636106995,,,,,,,,,,,,,,
US_HOMEBUILDERS,DHI,TOL,"D.R. Horton, Inc.","Toll Brothers, Inc.",-1.711219250055037,0.4253414493434692,0.05,,False,0.9597003665360414,0.3252809359844129,,,,,,,,,,,,,,
US_HOMEBUILDERS,MTH,PHM,Meritage Homes Corporation,"PulteGroup, Inc.",-1.6069911487905861,0.4800807390307997,0.05,,False,1.4750797199975518,-2.7415709860407054,,,,,,,,,,,,,,
US_HOMEBUILDERS,MTH,TOL,Meritage Homes Corporation,"Toll Brothers, Inc.",-1.5398799414403441,0.5136992270816624,0.05,,False,1.017348743454208,-0.6515646295666109,,,,,,,,,,,,,,
US_HOMEBUILDERS,LEN,TOL,Lennar Corporation,"Toll Brothers, Inc.",-1.4576798629909782,0.5543330721315134,0.05,,False,2.999219942662684,-9.785746204254188,,,,,,,,,,,,,,
US_HOMEBUILDERS,KBH,PHM,KB Home,"PulteGroup, Inc.",-1.4279875305049383,0.56878745483668,0.05,,False,1.9013936401995288,-4.950698720594416,,,,,,,,,,,,,,
US_HOMEBUILDERS,DHI,LEN,"D.R. Horton, Inc.",Lennar Corporation,-1.4256122967122775,0.5699375494101033,0.05,,False,0.5246616373111833,2.4731442339240464,,,,,,,,,,,,,,
US_HOMEBUILDERS,DHI,KBH,"D.R. Horton, Inc.",KB Home,-1.364625363058306,0.5991128252363472,0.05,,False,0.768883651351668,1.8239948981113958,,,,,,,,,,,,,,
US_HOMEBUILDERS,NVR,PHM,"NVR, Inc.","PulteGroup, Inc.",-1.0230844224592244,0.7447519592595118,0.05,,False,1.2206836425378913,3.123163371492833,,,,,,,,,,,,,,
US_HOMEBUILDERS,KBH,TOL,KB Home,"Toll Brothers, Inc.",-0.9015937256580602,0.7874471278490116,0.05,,False,1.3953391428001016,-2.6651289499928748,,,,,,,,,,,,,,
US_HOMEBUILDERS,DHI,NVR,"D.R. Horton, Inc.","NVR, Inc.",-0.692163104220574,0.8487690407549924,0.05,,False,1.1499701310916493,-5.296324590405456,,,,,,,,,,,,,,
US_HOMEBUILDERS,NVR,TOL,"NVR, Inc.","Toll Brothers, Inc.",-0.018234199189945337,0.9569979011520899,0.05,,False,0.7190745312364125,5.450207002477411,,,,,,,,,,,,,,
US_INSURANCE,ALL,TRV,Allstate Corporation (The),"The Travelers Companies, Inc.",-4.863172633395007,4.111169321750973e-05,0.05,0.0035496188096619144,True,0.6898384558207586,1.4292561600461307,7.744721513562274,0.0001387618104242194,-0.08949930340892584,23.0,-1.6574835281628622,2.166379579494345,False,,1.0,-0.00024497513933540403,-0.1120959555081491,0.0028380321125882624,False,mixed signal
US_INSURANCE,ALL,GL,Allstate Corporation (The),Globe Life Inc.,-4.7682586972924526,6.2522289207351e-05,0.05,0.0035496188096619144,True,0.4581642552090875,3.057211515655979,7.973670404546228,5.173728686016737e-05,-0.08692949989063305,24.0,-1.0983705769086114,2.6299475335862,False,,0.6,0.0040263374842304505,-0.5818115628813818,-0.8312985318012608,True,reversion signs agree
US_INSURANCE,AIG,PRU,"American International Group, I","Prudential Financial, Inc.",-4.725371175081376,7.538693625970121e-05,0.05,0.0035496188096619144,True,-0.6400584296359084,7.290826696212884,8.161745448574411,5.8038754720912775e-05,-0.08492634142137026,24.0,-1.846543603623296,2.6515849231516864,False,,0.6,0.008354630019299215,0.18345913077997467,0.26371310841897855,False,mixed signal
US_INSURANCE,HIG,PRU,"The Hartford Insurance Group, I","Prudential Financial, Inc.",-3.752455582238595,0.003432983903932803,0.05,0.0035496188096619144,True,-2.89728750453177,18.202628263932667,12.774636386248329,0.0005174490559040095,-0.054259640713226566,38.0,-1.2472495619856663,2.6765550823752386,False,,0.6,0.04742877198023503,0.3914936706501193,1.1546573998770322,True,reversion signs agree
US_INSURANCE,ALL,PRU,Allstate Corporation (The),"Prudential Financial, Inc.",-3.742819809936037,0.0035496188096619144,0.05,0.0035496188096619144,True,-2.1087599598629017,15.019783679682277,12.642761497138284,0.0006440972083272159,-0.054825615488897785,38.0,-1.1846574879219478,2.5589170185127887,False,,0.6,0.04205151200729725,0.1909118622305721,0.8989939751258114,False,mixed signal
US_INSURANCE,GL,PRU,Globe Life Inc.,"Prudential Financial, Inc.",-3.5618130206745966,0.006534475968411214,0.05,0.0035496188096619144,False,-5.667012576139775,31.037890012655723,,,,,,,,,,,,,,
US_INSURANCE,PRU,TRV,"Prudential Financial, Inc.","The Travelers Companies, Inc.",-3.5445176048900113,0.006914743060106559,0.05,0.0035496188096619144,False,-0.27220086339536104,6.140070378472036,,,,,,,,,,,,,,
US_INSURANCE,AFL,PRU,AFLAC Incorporated,"Prudential Financial, Inc.",-3.477600938333803,0.008581332118821672,0.05,0.0035496188096619144,False,-1.8657612205832712,13.281836376752885,,,,,,,,,,,,,,
US_INSURANCE,PRU,UNM,"Prudential Financial, Inc.",Unum Group,-3.4254584068850513,0.010121013499602441,0.05,0.0035496188096619144,False,-0.15912604131202154,5.304862666782146,,,,,,,,,,,,,,
US_INSURANCE,AFL,ALL,AFLAC Incorporated,Allstate Corporation (The),-3.359431807764772,0.01242207210593363,0.05,0.0035496188096619144,False,0.815991593267046,0.35432598662433445,,,,,,,,,,,,,,
US_INSURANCE,CB,PRU,Chubb Limited,"Prudential Financial, Inc.",-3.346004558204479,0.01294320036375847,0.05,0.0035496188096619144,False,-1.7021083425907015,13.538847782064348,,,,,,,,,,,,,,
US_INSURANCE,GL,TRV,Globe Life Inc.,"The Travelers Companies, Inc.",-3.3337883968177895,0.01343405467807685,0.05,0.0035496188096619144,False,1.493242387389103,-3.4843389261853366,,,,,,,,,,,,,,
US_INSURANCE,AIG,UNM,"American International Group, I",Unum Group,-3.3155210185148563,0.01419878034234006,0.05,0.0035496188096619144,False,0.22424814292241885,3.376309441522263,,,,,,,,,,,,,,
US_INSURANCE,AIG,GL,"American International Group, I",Globe Life Inc.,-3.2668148946494835,0.01642860289550533,0.05,0.0035496188096619144,False,0.1738246056888246,3.4930649280540016,,,,,,,,,,,,,,
US_INSURANCE,MET,UNM,"MetLife, Inc.",Unum Group,-3.2318527358367337,0.01821338362034261,0.05,0.0035496188096619144,False,0.2675423199646689,3.1900131223500763,,,,,,,,,,,,,,
US_INSURANCE,AFL,CB,AFLAC Incorporated,Chubb Limited,-3.231249486223665,0.018245611562199393,0.05,0.0035496188096619144,False,0.9134710457350383,-0.5251369663828065,,,,,,,,,,,,,,
US_INSURANCE,AIG,LNC,"American International Group, I",Lincoln National Corporation,-3.200614775485887,0.019949121166868384,0.05,0.0035496188096619144,False,0.22015436814648506,3.554373829849588,,,,,,,,,,,,,,
US_INSURANCE,AFL,TRV,AFLAC Incorporated,"The Travelers Companies, Inc.",-3.136600653788252,0.02396049823259162,0.05,0.0035496188096619144,False,0.5341288810881271,1.680211456782176,,,,,,,,,,,,,,
US_INSURANCE,LNC,PRU,Lincoln National Corporation,"Prudential Financial, Inc.",-3.1296302470555295,0.02443671863375946,0.05,0.0035496188096619144,False,-20.078946498348557,96.47667073381085,,,,,,,,,,,,,,
US_INSURANCE,AIG,HIG,"American International Group, I","The Hartford Insurance Group, I",-3.129303435140171,0.024459245385458333,0.05,0.0035496188096619144,False,0.3706503233445081,2.5526144784924787,,,,,,,,,,,,,,
US_INSURANCE,AIG,PGR,"American International Group, I",Progressive Corporation (The),-3.1066196698469337,0.02606716606095111,0.05,0.0035496188096619144,False,0.2976632893426143,2.7176849647252537,,,,,,,,,,,,,,
US_INSURANCE,AFL,GL,AFLAC Incorporated,Globe Life Inc.,-3.0702409278960747,0.02883532381266733,0.05,0.0035496188096619144,False,0.34693653846390016,2.9781980846381257,,,,,,,,,,,,,,
US_INSURANCE,GL,MET,Globe Life Inc.,"MetLife, Inc.",-3.0550076377338016,0.030067009827070276,0.05,0.0035496188096619144,False,5.116134493007154,-17.325989854222748,,,,,,,,,,,,,,
US_INSURANCE,AIG,TRV,"American International Group, I","The Travelers Companies, Inc.",-3.0471547824608876,0.03071928193341176,0.05,0.0035496188096619144,False,0.2872509404945869,2.7337948448181253,,,,,,,,,,,,,,
US_INSURANCE,ALL,UNM,Allstate Corporation (The),Unum Group,-3.0171939378333845,0.03331960385425753,0.05,0.0035496188096619144,False,0.4807505519075997,3.2173373808223418,,,,,,,,,,,,,,
US_INSURANCE,ALL,LNC,Allstate Corporation (The),Lincoln National Corporation,-2.9664796856548787,0.03814557766475753,0.05,0.0035496188096619144,False,0.49261770825780926,3.526596548575979,,,,,,,,,,,,,,
US_INSURANCE,AIG,ALL,"American International Group, I",Allstate Corporation (The),-2.9599177849182063,0.03881092773187977,0.05,0.0035496188096619144,False,0.48208054572344344,1.793433547107782,,,,,,,,,,,,,,
US_INSURANCE,PGR,PRU,Progressive Corporation (The),"Prudential Financial, Inc.",-2.9551431435751736,0.03930115007076274,0.05,0.0035496188096619144,False,119.98798159916404,-550.1370618076337,,,,,,,,,,,,,,
US_INSURANCE,HIG,LNC,"The Hartford Insurance Group, I",Lincoln National Corporation,-2.9522092500211117,0.039604944242438045,0.05,0.0035496188096619144,False,0.6897282528101237,2.3664845558392242,,,,,,,,,,,,,,
US_INSURANCE,AFL,LNC,AFLAC Incorporated,Lincoln National Corporation,-2.8289779810058593,0.05425220581146,0.05,0.0035496188096619144,False,0.33976009358108983,3.4504299665360527,,,,,,,,,,,,,,
US_INSURANCE,ALL,MET,Allstate Corporation (The),"MetLife, Inc.",-2.7664594038550763,0.06322682219823351,0.05,0.0035496188096619144,False,1.689550603903359,-2.0505305558951843,,,,,,,,,,,,,,
US_INSURANCE,HIG,PGR,"The Hartford Insurance Group, I",Progressive Corporation (The),-2.7571052979738186,0.06466700507351031,0.05,0.0035496188096619144,False,-1.945875115004604,15.310856095582768,,,,,,,,,,,,,,
US_INSURANCE,AFL,PGR,AFLAC Incorporated,Progressive Corporation (The),-2.7481804445161493,0.0660655279465224,0.05,0.0035496188096619144,False,0.04200086621572698,4.416228412525163,,,,,,,,,,,,,,
US_INSURANCE,MET,PGR,"MetLife, Inc.",Progressive Corporation (The),-2.7138253964236414,0.07167627442855105,0.05,0.0035496188096619144,False,0.31187201552652705,2.6381645394299014,,,,,,,,,,,,,,
US_INSURANCE,MET,TRV,"MetLife, Inc.","The Travelers Companies, Inc.",-2.705285057770187,0.0731281798314186,0.05,0.0035496188096619144,False,0.28493025565917673,2.7439850048922283,,,,,,,,,,,,,,
US_INSURANCE,CB,PGR,Chubb Limited,Progressive Corporation (The),-2.690960662331927,0.07561557355139793,0.05,0.0035496188096619144,False,-0.373591739039398,7.678346808678702,,,,,,,,,,,,,,
US_INSURANCE,AFL,MET,AFLAC Incorporated,"MetLife, Inc.",-2.6583626330081507,0.08152460593894822,0.05,0.0035496188096619144,False,1.2216458328975686,-0.6398591958750854,,,,,,,,,,,,,,
US_INSURANCE,AFL,AIG,AFLAC Incorporated,"American International Group, I",-2.653443149665495,0.0824468785977654,0.05,0.0035496188096619144,False,2.128962365846726,-4.569418138665132,,,,,,,,,,,,,,
US_INSURANCE,LNC,TRV,Lincoln National Corporation,"The Travelers Companies, Inc.",-2.635664952540804,0.08584777492734175,0.05,0.0035496188096619144,False,1.2182994239505025,-3.247580024757211,,,,,,,,,,,,,,
US_INSURANCE,HIG,MET,"The Hartford Insurance Group, I","MetLife, Inc.",-2.6268929219538113,0.08756544560872509,0.05,0.0035496188096619144,False,3.2433192764661514,-9.238107779042343,,,,,,,,,,,,,,
US_INSURANCE,LNC,MET,Lincoln National Corporation,"MetLife, Inc.",-2.613237567088777,0.0902920793914363,0.05,0.0035496188096619144,False,4.0982772942984695,-14.212613749021244,,,,,,,,,,,,,,
US_INSURANCE,GL,LNC,Globe Life Inc.,Lincoln National Corporation,-2.6080065653351623,0.09135373864291135,0.05,0.0035496188096619144,False,1.3453184483695486,0.07607862790630726,,,,,,,,,,,,,,
US_INSURANCE,AFL,UNM,AFLAC Incorporated,Unum Group,-2.5985785069146323,0.09329141720692513,0.05,0.0035496188096619144,False,0.3268593531293031,3.2571332783388494,,,,,,,,,,,,,,
US_INSURANCE,CB,MET,Chubb Limited,"MetLife, Inc.",-2.5036514568902573,0.1145884118839412,0.05,0.0035496188096619144,False,2.221343296472758,-3.9484960218836447,,,,,,,,,,,,,,
US_INSURANCE,HIG,TRV,"The Hartford Insurance Group, I","The Travelers Companies, Inc.",-2.4833503678488964,0.11957809378991624,0.05,0.0035496188096619144,False,0.8614624729127388,0.00911070807866654,,,,,,,,,,,,,,
US_INSURANCE,AIG,CB,"American International Group, I",Chubb Limited,-2.4724932699815922,0.12231124643229857,0.05,0.0035496188096619144,False,0.43409526064388065,1.8712081047377236,,,,,,,,,,,,,,
US_INSURANCE,AFL,HIG,AFLAC Incorporated,"The Hartford Insurance Group, I",-2.4186832407080705,0.13653248577184668,0.05,0.0035496188096619144,False,0.6237604303513766,1.656680077191007,,,,,,,,,,,,,,
US_INSURANCE,GL,UNM,Globe Life Inc.,Unum Group,-2.378649504765936,0.14785331921112244,0.05,0.0035496188096619144,False,1.1212955434503484,0.044147580929021046,,,,,,,,,,,,,,
US_INSURANCE,PGR,TRV,Progressive Corporation (The),"The Travelers Companies, Inc.",-2.3075123698327307,0.16955652905809532,0.05,0.0035496188096619144,False,-0.17770313217733655,6.393513917448843,,,,,,,,,,,,,,
US_INSURANCE,LNC,PGR,Lincoln National Corporation,Progressive Corporation (The),-2.2937898981960996,0.17397867623273572,0.05,0.0035496188096619144,False,-4.559803338463599,28.16906015728212,,,,,,,,,,,,,,
US_INSURANCE,CB,GL,Chubb Limited,Globe Life Inc.,-2.2664056996574384,0.18303175872643923,0.05,0.0035496188096619144,False,0.34010774097177165,4.025698367826693,,,,,,,,,,,,,,
US_INSURANCE,GL,HIG,Globe Life Inc.,"The Hartford Insurance Group, I",-2.1918478582218928,0.2092175076027693,0.05,0.0035496188096619144,False,1.7634709420936043,-3.644208881831182,,,,,,,,,,,,,,
US_INSURANCE,TRV,UNM,"The Travelers Companies, Inc.",Unum Group,-2.176547545000993,0.21486717389414817,0.05,0.0035496188096619144,False,0.7111647068116115,2.531544870376779,,,,,,,,,,,,,,
US_INSURANCE,ALL,CB,Allstate Corporation (The),Chubb Limited,-2.1521616925995364,0.2240635653188242,0.05,0.0035496188096619144,False,1.1437953098611184,-1.215467870413545,,,,,,,,,,,,,,
US_INSURANCE,ALL,HIG,Allstate Corporation (The),"The Hartford Insurance Group, I",-2.068736183118741,0.25727028848707323,0.05,0.0035496188096619144,False,0.7962882124043102,1.4434487515532695,,,,,,,,,,,,,,
US_INSURANCE,MET,PRU,"MetLife, Inc.","Prudential Financial, Inc.",-2.0390360672756915,0.2697236547252527,0.05,0.0035496188096619144,False,0.9122692210105237,0.10086049157564236,,,,,,,,,,,,,,
US_INSURANCE,AIG,MET,"American International Group, I","MetLife, Inc.",-1.9422509277748008,0.31245327116079924,0.05,0.0035496188096619144,False,0.6436779595952866,1.5436593432887715,,,,,,,,,,,,,,
US_INSURANCE,CB,TRV,Chubb Limited,"The Travelers Companies, Inc.",-1.9269933065284557,0.319471078519431,0.05,0.0035496188096619144,False,0.5860080082865319,2.4071305062932096,,,,,,,,,,,,,,
US_INSURANCE,GL,PGR,Globe Life Inc.,Progressive Corporation (The),-1.8632514675446472,0.34954124803202324,0.05,0.0035496188096619144,False,-62.984890477620894,345.4020105108783,,,,,,,,,,,,,,
US_INSURANCE,CB,UNM,Chubb Limited,Unum Group,-1.8141280954405183,0.37347038787648734,0.05,0.0035496188096619144,False,0.30267425988025026,4.374427914245036,,,,,,,,,,,,,,
US_INSURANCE,LNC,UNM,Lincoln National Corporation,Unum Group,-1.808874045747089,0.37606496155554614,0.05,0.0035496188096619144,False,0.8032200286608528,0.10459721437586511,,,,,,,,,,,,,,
US_INSURANCE,HIG,UNM,"The Hartford Insurance Group, I",Unum Group,-1.6355496886062106,0.4645871433432359,0.05,0.0035496188096619144,False,0.5625327151745858,2.4024556931856624,,,,,,,,,,,,,,
US_INSURANCE,CB,HIG,Chubb Limited,"The Hartford Insurance Group, I",-1.485653777727319,0.5405958970179091,0.05,0.0035496188096619144,False,0.6838741781358895,2.383569536719942,,,,,,,,,,,,,,
US_INSURANCE,CB,LNC,Chubb Limited,Lincoln National Corporation,-1.4547947212120678,0.5557435839497982,0.05,0.0035496188096619144,False,0.31413974573184783,4.555109897374363,,,,,,,,,,,,,,
US_INSURANCE,ALL,PGR,Allstate Corporation (The),Progressive Corporation (The),-1.3293068025076566,0.6156600698961622,0.05,0.0035496188096619144,False,0.34928547812654714,3.3673925698214147,,,,,,,,,,,,,,
US_INSURANCE,PGR,UNM,Progressive Corporation (The),Unum Group,-1.0724188551562543,0.7259447092962688,0.05,0.0035496188096619144,False,0.2666035345710836,4.277008946314851,,,,,,,,,,,,,,
US_MEDIA_TELECOM,CMCSA,VZ,Comcast Corporation,Verizon Communications Inc.,-2.633626939965554,0.08624449361385567,0.05,,False,-1.6813435260554748,9.604213095798404,,,,,,,,,,,,,,
US_MEDIA_TELECOM,CHTR,VZ,"Charter Communications, Inc.",Verizon Communications Inc.,-2.627082619682342,0.08752802124991699,0.05,,False,-5.187430772414254,24.751709820382302,,,,,,,,,,,,,,
US_MEDIA_TELECOM,CHTR,T,"Charter Communications, Inc.",AT&T Inc.,-2.5832596276342623,0.09650675683531995,0.05,,False,-5.832061202778373,24.026426881520077,,,,,,,,,,,,,,
US_MEDIA_TELECOM,CHTR,TMUS,"Charter Communications, Inc.","T-Mobile US, Inc.",-2.321035282691266,0.16527339331512808,0.05,,False,4.748210886388329,-19.786950278130153,,,,,,,,,,,,,,
US_MEDIA_TELECOM,CHTR,CMCSA,"Charter Communications, Inc.",Comcast Corporation,-2.1827566281149653,0.2125632215619243,0.05,,False,2.9282486805146664,-4.343730993877698,,,,,,,,,,,,,,
US_MEDIA_TELECOM,CMCSA,TMUS,Comcast Corporation,"T-Mobile US, Inc.",-2.0575842873731482,0.26190845941516405,0.05,,False,1.1609591838549238,-2.8059034180704105,,,,,,,,,,,,,,
US_MEDIA_TELECOM,CMCSA,T,Comcast Corporation,AT&T Inc.,-1.8673085415908395,0.3475929685113648,0.05,,False,-0.614450214851792,5.350608835749686,,,,,,,,,,,,,,
US_MEDIA_TELECOM,T,TMUS,AT&T Inc.,"T-Mobile US, Inc.",-1.085397670326357,0.7208598778641037,0.05,,False,1.5544635549491794,-5.180068758047218,,,,,,,,,,,,,,
US_MEDIA_TELECOM,T,VZ,AT&T Inc.,Verizon Communications Inc.,-1.0335863339348206,0.7408182537610599,0.05,,False,1.9967478976299495,-4.2002157976878935,,,,,,,,,,,,,,
US_MEDIA_TELECOM,TMUS,VZ,"T-Mobile US, Inc.",Verizon Communications Inc.,-1.0170722238329164,0.746986784623282,0.05,,False,5.086499505366025,-13.364569387318747,,,,,,,,,,,,,,
US_OIL_GAS,PSX,VLO,Phillips 66,Valero Energy Corporation,-3.676082977590968,0.004462426169919478,0.05,,False,0.6225334805870227,1.729506644741658,,,,,,,,,,,,,,
US_OIL_GAS,FANG,OXY,"Diamondback Energy, Inc.",Occidental Petroleum Corporatio,-3.113916358861274,0.025540310781761492,0.05,,False,0.9928847684033492,1.2288376340615343,,,,,,,,,,,,,,
US_OIL_GAS,PSX,XOM,Phillips 66,ExxonMobil Holdings Corporation,-3.069128561911393,0.02892378194372432,0.05,,False,1.0649500974783388,-0.1971647973247217,,,,,,,,,,,,,,
US_OIL_GAS,APA,PSX,APA Corporation,Phillips 66,-3.056780925665569,0.02992136213334741,0.05,,False,1.7617364071791488,-5.399847686844083,,,,,,,,,,,,,,
US_OIL_GAS,APA,DVN,APA Corporation,Devon Energy Corporation,-2.9853618995465165,0.03628421237498251,0.05,,False,1.7378874278345657,-3.118812851975844,,,,,,,,,,,,,,
US_OIL_GAS,EOG,OXY,"EOG Resources, Inc.",Occidental Petroleum Corporatio,-2.8129789638577067,0.05644359887027192,0.05,,False,0.5542606752997834,2.618674683641207,,,,,,,,,,,,,,
US_OIL_GAS,COP,DVN,ConocoPhillips,Devon Energy Corporation,-2.7758674100252563,0.061804478845479065,0.05,,False,0.7353855117483105,1.9292105723631199,,,,,,,,,,,,,,
US_OIL_GAS,VLO,XOM,Valero Energy Corporation,ExxonMobil Holdings Corporation,-2.7210344727853273,0.07046857699840488,0.05,,False,1.7396577390001038,-3.232429419078409,,,,,,,,,,,,,,
US_OIL_GAS,CVX,VLO,Chevron Corporation,Valero Energy Corporation,-2.655162754405367,0.08212357750077937,0.05,,False,0.4727141657477374,2.6346886726462833,,,,,,,,,,,,,,
US_OIL_GAS,MPC,VLO,Marathon Petroleum Corporation,Valero Energy Corporation,-2.616055398007979,0.08972413764851794,0.05,,False,0.7513480369883491,1.3619632092767304,,,,,,,,,,,,,,
US_OIL_GAS,DVN,XOM,Devon Energy Corporation,ExxonMobil Holdings Corporation,-2.501874804711614,0.11501883068259044,0.05,,False,1.0984154821251528,-1.6018522631251475,,,,,,,,,,,,,,
US_OIL_GAS,APA,COP,APA Corporation,ConocoPhillips,-2.4658758103556826,0.12399937533462058,0.05,,False,2.4411279734762914,-8.035061254588344,,,,,,,,,,,,,,
US_OIL_GAS,COP,EOG,ConocoPhillips,"EOG Resources, Inc.",-2.418500241828103,0.13658278678853691,0.05,,False,1.3913990918397872,-2.040971465825624,,,,,,,,,,,,,,
US_OIL_GAS,COP,FANG,ConocoPhillips,"Diamondback Energy, Inc.",-2.4090511640825674,0.13919806402934404,0.05,,False,0.8084644333982639,0.48734653332285127,,,,,,,,,,,,,,
US_OIL_GAS,COP,OXY,ConocoPhillips,Occidental Petroleum Corporatio,-2.408309703464271,0.13940477906573123,0.05,,False,0.7993459812843418,1.4938309616670131,,,,,,,,,,,,,,
US_OIL_GAS,DVN,PSX,Devon Energy Corporation,Phillips 66,-2.401283287573323,0.14137453780281717,0.05,,False,1.0156197936932232,-1.321744165451289,,,,,,,,,,,,,,
US_OIL_GAS,CVX,PSX,Chevron Corporation,Phillips 66,-2.391651984002678,0.1441064505185637,0.05,,False,0.7727038645789688,1.2565076982364292,,,,,,,,,,,,,,
US_OIL_GAS,MPC,PSX,Marathon Petroleum Corporation,Phillips 66,-2.388056641560191,0.14513574668814105,0.05,,False,1.2126788015232794,-0.7533782329018477,,,,,,,,,,,,,,
US_OIL_GAS,COP,XOM,ConocoPhillips,ExxonMobil Holdings Corporation,-2.376592466251187,0.1484522841906768,0.05,,False,0.7608946157972016,0.9736027027282996,,,,,,,,,,,,,,
US_OIL_GAS,APA,VLO,APA Corporation,Valero Energy Corporation,-2.3635892924488044,0.1522778035723134,0.05,,False,1.078476071250489,-2.261187173063517,,,,,,,,,,,,,,
US_OIL_GAS,APA,CVX,APA Corporation,Chevron Corporation,-2.3576052867813555,0.15406112045508752,0.05,,False,2.4974383309016948,-9.35392443620599,,,,,,,,,,,,,,
US_OIL_GAS,EOG,VLO,"EOG Resources, Inc.",Valero Energy Corporation,-2.348309436095893,0.1568600147871182,0.05,,False,0.18734048148871865,3.820539927291013,,,,,,,,,,,,,,
US_OIL_GAS,CVX,XOM,Chevron Corporation,ExxonMobil Holdings Corporation,-2.316533853760205,0.16669090939765763,0.05,,False,0.8306524739294453,1.0673297070146668,,,,,,,,,,,,,,
US_OIL_GAS,DVN,VLO,Devon Energy Corporation,Valero Energy Corporation,-2.3078411147651883,0.16945152591503115,0.05,,False,0.5441443168467623,0.8773034897374501,,,,,,,,,,,,,,
US_OIL_GAS,DVN,FANG,Devon Energy Corporation,"Diamondback Energy, Inc.",-2.269364249511279,0.18203901858343213,0.05,,False,1.1066076734704315,-1.9973413864688014,,,,,,,,,,,,,,
US_OIL_GAS,APA,XOM,APA Corporation,ExxonMobil Holdings Corporation,-2.2553718331227963,0.18676546196299543,0.05,,False,1.969900962988808,-6.191995258480944,,,,,,,,,,,,,,
US_OIL_GAS,COP,VLO,ConocoPhillips,Valero Energy Corporation,-2.2175683683844385,0.19993105191186827,0.05,,False,0.36461182441962453,2.7528781852471935,,,,,,,,,,,,,,
US_OIL_GAS,COP,PSX,ConocoPhillips,Phillips 66,-2.2123437515817157,0.20179592946644542,0.05,,False,0.7055976889952094,1.15764883065334,,,,,,,,,,,,,,
US_OIL_GAS,EOG,FANG,"EOG Resources, Inc.","Diamondback Energy, Inc.",-2.207942376479095,0.20337547164259595,0.05,,False,0.5359524971957815,2.045596856302089,,,,,,,,,,,,,,
US_OIL_GAS,APA,EOG,APA Corporation,"EOG Resources, Inc.",-2.1509595336808918,0.2245229857815993,0.05,,False,4.318725634998439,-17.408034196526454,,,,,,,,,,,,,,
US_OIL_GAS,EOG,PSX,"EOG Resources, Inc.",Phillips 66,-2.1215951250529455,0.2359202152361658,0.05,,False,0.4156125295245341,2.743184909674942,,,,,,,,,,,,,,
US_OIL_GAS,MPC,XOM,Marathon Petroleum Corporation,ExxonMobil Holdings Corporation,-2.0708159994923423,0.2564103619193212,0.05,,False,1.3250170222693554,-1.1517876157765388,,,,,,,,,,,,,,
US_OIL_GAS,APA,FANG,APA Corporation,"Diamondback Energy, Inc.",-2.0357233241211983,0.27113257346531383,0.05,,False,2.0446063658268243,-7.205371017969332,,,,,,,,,,,,,,
US_OIL_GAS,EOG,XOM,"EOG Resources, Inc.",ExxonMobil Holdings Corporation,-2.0356713197589733,0.27115472250572203,0.05,,False,0.4519576295448696,2.616870057998595,,,,,,,,,,,,,,
US_OIL_GAS,CVX,MPC,Chevron Corporation,Marathon Petroleum Corporation,-2.034068389762991,0.27183789801777497,0.05,,False,0.6088441608943079,1.8821065290838255,,,,,,,,,,,,,,
US_OIL_GAS,DVN,OXY,Devon Energy Corporation,Occidental Petroleum Corporatio,-2.031054072548854,0.27312510504360515,0.05,,False,1.1025964429805415,-0.6524325726178901,,,,,,,,,,,,,,
US_OIL_GAS,OXY,VLO,Occidental Petroleum Corporatio,Valero Energy Corporation,-2.021071514340824,0.27741107736574444,0.05,,False,0.35415107130094203,2.0873000344137833,,,,,,,,,,,,,,
US_OIL_GAS,DVN,EOG,Devon Energy Corporation,"EOG Resources, Inc.",-2.0154091820257887,0.2798578469154809,0.05,,False,2.230225412177255,-7.008885452017461,,,,,,,,,,,,,,
US_OIL_GAS,COP,MPC,ConocoPhillips,Marathon Petroleum Corporation,-1.9762575669492435,0.2970793605127219,0.05,,False,0.4977403477783837,2.0279436441100995,,,,,,,,,,,,,,
US_OIL_GAS,DVN,MPC,Devon Energy Corporation,Marathon Petroleum Corporation,-1.951003485931806,0.3084606013356823,0.05,,False,0.780854069895638,-0.3998824591617618,,,,,,,,,,,,,,
US_OIL_GAS,COP,CVX,ConocoPhillips,Chevron Corporation,-1.9427952824018722,0.3122042417883931,0.05,,False,0.9453194585919139,-0.15084566821235512,,,,,,,,,,,,,,
US_OIL_GAS,CVX,EOG,Chevron Corporation,"EOG Resources, Inc.",-1.93850138397893,0.31417114002195995,0.05,,False,1.6452125560556774,-2.8247534983418827,,,,,,,,,,,,,,
US_OIL_GAS,OXY,XOM,Occidental Petroleum Corporatio,ExxonMobil Holdings Corporation,-1.929758773355375,0.31819371378937356,0.05,,False,0.9694916122972973,-0.7343064849552103,,,,,,,,,,,,,,
US_OIL_GAS,FANG,VLO,"Diamondback Energy, Inc.",Valero Energy Corporation,-1.9190712366058025,0.32314326718001296,0.05,,False,0.3832226655720384,3.1426255004779406,,,,,,,,,,,,,,
US_OIL_GAS,APA,OXY,APA Corporation,Occidental Petroleum Corporatio,-1.9153587118349755,0.3248707398828467,0.05,,False,2.1050595644927808,-4.982831234982472,,,,,,,,,,,,,,
US_OIL_GAS,FANG,XOM,"Diamondback Energy, Inc.",ExxonMobil Holdings Corporation,-1.9023577956633149,0.33095274348609055,0.05,,False,0.9623241592941504,0.5010337198178227,,,,,,,,,,,,,,
US_OIL_GAS,APA,MPC,APA Corporation,Marathon Petroleum Corporation,-1.8931377549296193,0.33529618185631904,0.05,,False,1.500811084348238,-4.55210782772478,,,,,,,,,,,,,,
US_OIL_GAS,FANG,PSX,"Diamondback Energy, Inc.",Phillips 66,-1.850816882132223,0.35554002212715086,0.05,,False,0.8831906440192692,0.7784675816879556,,,,,,,,,,,,,,
US_OIL_GAS,CVX,DVN,Chevron Corporation,Devon Energy Corporation,-1.8366435755739343,0.362426837576474,0.05,,False,0.6955288307257068,2.4978272861409456,,,,,,,,,,,,,,
US_OIL_GAS,MPC,OXY,Marathon Petroleum Corporation,Occidental Petroleum Corporatio,-1.8133477147504258,0.3738553483874397,0.05,,False,1.7209155009359212,-1.5175255355162305,,,,,,,,,,,,,,
US_OIL_GAS,EOG,MPC,"EOG Resources, Inc.",Marathon Petroleum Corporation,-1.692221935116698,0.43512435996643556,0.05,,False,0.26707039268941934,3.3898916485064907,,,,,,,,,,,,,,
US_OIL_GAS,OXY,PSX,Occidental Petroleum Corporatio,Phillips 66,-1.6690156101594225,0.4471430865909882,0.05,,False,0.884797150417479,-0.4306642477917064,,,,,,,,,,,,,,
US_OIL_GAS,FANG,MPC,"Diamondback Energy, Inc.",Marathon Petroleum Corporation,-1.653705691456049,0.4551085203413666,0.05,,False,0.5935417498562605,2.0191781791645695,,,,,,,,,,,,,,
US_OIL_GAS,CVX,OXY,Chevron Corporation,Occidental Petroleum Corporatio,-1.448587508648393,0.5587739704422848,0.05,,False,0.7194948480285719,2.2272591641458765,,,,,,,,,,,,,,
US_OIL_GAS,CVX,FANG,Chevron Corporation,"Diamondback Energy, Inc.",-1.4411388451478484,0.562402582955531,0.05,,False,0.7323630194178962,1.297701506075044,,,,,,,,,,,,,,
US_PAYMENTS,AXP,SYF,American Express Company,Synchrony Financial,-2.997555131536309,0.0351233518994215,0.05,,False,0.7025424903083163,2.7910633822362976,,,,,,,,,,,,,,
US_PAYMENTS,MA,V,Mastercard Incorporated,Visa Inc.,-1.9072959661642428,0.3286366807619302,0.05,,False,0.8138107868664984,1.5724872964159688,,,,,,,,,,,,,,
US_PAYMENTS,MA,SYF,Mastercard Incorporated,Synchrony Financial,-1.792175449115217,0.38435322723907517,0.05,,False,0.3027965824421578,5.009387009719974,,,,,,,,,,,,,,
US_PAYMENTS,SYF,V,Synchrony Financial,Visa Inc.,-1.7201344088110373,0.4207696168748184,0.05,,False,2.6166164953627695,-10.941482028746195,,,,,,,,,,,,,,
US_PAYMENTS,AXP,MA,American Express Company,Mastercard Incorporated,-1.7201007764446339,0.42078683994873334,0.05,,False,2.0575918221443006,-7.18811466491123,,,,,,,,,,,,,,
US_PAYMENTS,AXP,V,American Express Company,Visa Inc.,-1.571988169661262,0.4976476899563141,0.05,,False,1.6219151475280873,-3.6498203556031514,,,,,,,,,,,,,,
US_PHARMA,MRK,PFE,"Merck & Company, Inc.","Pfizer, Inc.",-4.118778381168784,0.0009015720012077296,0.05,0.0009015720012077296,True,2.660991440500083,-3.8847511528255607,10.831842826526984,-0.0001393865765456243,-0.0639916209698354,32.0,-0.12655136809160886,3.898250977229179,False,,0.8,0.00913421832126439,0.16164154526797256,0.17058572648454687,True,reversion signs agree
US_PHARMA,AMGN,PFE,Amgen Inc.,"Pfizer, Inc.",-3.4261741487047304,0.010098307853753824,0.05,0.0009015720012077296,False,1.6509871288405298,0.46003355654312816,,,,,,,,,,,,,,
US_PHARMA,AMGN,LLY,Amgen Inc.,Eli Lilly and Company,-3.3785340013346534,0.011712778673667854,0.05,0.0009015720012077296,False,0.7335488689573967,0.7431284200021553,,,,,,,,,,,,,,
US_PHARMA,LLY,PFE,Eli Lilly and Company,"Pfizer, Inc.",-3.1108820542874978,0.025758279128529533,0.05,0.0009015720012077296,False,2.590707136131473,-1.465408655234027,,,,,,,,,,,,,,
US_PHARMA,LLY,MRK,Eli Lilly and Company,"Merck & Company, Inc.",-3.058721960458095,0.029762626629024926,0.05,0.0009015720012077296,False,0.7275318516325915,3.4395368929248176,,,,,,,,,,,,,,
US_PHARMA,BMY,MRK,Bristol-Myers Squibb Company,"Merck & Company, Inc.",-3.023887040782254,0.032723069523658097,0.05,0.0009015720012077296,False,0.45648840572251004,1.8072284682207727,,,,,,,,,,,,,,
US_PHARMA,AMGN,JNJ,Amgen Inc.,Johnson & Johnson,-3.005080612734725,0.034422651358636314,0.05,0.0009015720012077296,False,0.4811475007683493,3.227261698933101,,,,,,,,,,,,,,
US_PHARMA,JNJ,PFE,Johnson & Johnson,"Pfizer, Inc.",-2.9634236039356905,0.03845425118096312,0.05,0.0009015720012077296,False,4.590824236249649,-9.432329187912384,,,,,,,,,,,,,,
US_PHARMA,AMGN,MRK,Amgen Inc.,"Merck & Company, Inc.",-2.8838140322685493,0.04726284055857097,0.05,0.0009015720012077296,False,0.5161056812799578,3.3463928535860905,,,,,,,,,,,,,,
US_PHARMA,ABBV,JNJ,AbbVie Inc.,Johnson & Johnson,-2.8609263649169296,0.05008405769810512,0.05,0.0009015720012077296,False,0.5656406679660752,2.348154031039145,,,,,,,,,,,,,,
US_PHARMA,JNJ,LLY,Johnson & Johnson,Eli Lilly and Company,-2.6828288964776745,0.07705704361291714,0.05,0.0009015720012077296,False,1.7101488859746552,-6.417258122673512,,,,,,,,,,,,,,
US_PHARMA,BMY,LLY,Bristol-Myers Squibb Company,Eli Lilly and Company,-2.6716174088682885,0.07907978088938328,0.05,0.0009015720012077296,False,0.9933413799181942,-2.8241277025840406,,,,,,,,,,,,,,
US_PHARMA,BMY,PFE,Bristol-Myers Squibb Company,"Pfizer, Inc.",-2.5638560282715552,0.10069992803011152,0.05,0.0009015720012077296,False,4.35971503180227,-9.950687089024534,,,,,,,,,,,,,,
US_PHARMA,ABBV,LLY,AbbVie Inc.,Eli Lilly and Company,-2.5563997379209513,0.10234746877678597,0.05,0.0009015720012077296,False,0.7923421928602299,-0.09889436143609842,,,,,,,,,,,,,,
US_PHARMA,ABBV,GILD,AbbVie Inc.,"Gilead Sciences, Inc.",-2.5368841500680417,0.10675594137867694,0.05,0.0009015720012077296,False,0.4367446781157201,3.2331637664699753,,,,,,,,,,,,,,
US_PHARMA,JNJ,MRK,Johnson & Johnson,"Merck & Company, Inc.",-2.5269655148661854,0.10905040911556535,0.05,0.0009015720012077296,False,1.373123120086093,-1.1234967065637784,,,,,,,,,,,,,,
US_PHARMA,ABBV,PFE,AbbVie Inc.,"Pfizer, Inc.",-2.5258149204853084,0.10931894316425728,0.05,0.0009015720012077296,False,3.7001365605520506,-6.490099919325862,,,,,,,,,,,,,,
US_PHARMA,GILD,PFE,"Gilead Sciences, Inc.","Pfizer, Inc.",-2.495107987196978,0.11666914615902946,0.05,0.0009015720012077296,False,28.794129479554666,-86.78028245832353,,,,,,,,,,,,,,
US_PHARMA,ABBV,AMGN,AbbVie Inc.,Amgen Inc.,-2.188006033086304,0.21062733826208263,0.05,0.0009015720012077296,False,1.228742437015893,-1.7487870701653732,,,,,,,,,,,,,,
US_PHARMA,ABBV,MRK,AbbVie Inc.,"Merck & Company, Inc.",-2.0651346643999884,0.25876317338042626,0.05,0.0009015720012077296,False,0.1254768773497519,4.6842991592030385,,,,,,,,,,,,,,
US_PHARMA,BMY,JNJ,Bristol-Myers Squibb Company,Johnson & Johnson,-2.033036289558425,0.27227827083227213,0.05,0.0009015720012077296,False,0.5298673228902573,1.1655169028068975,,,,,,,,,,,,,,
US_PHARMA,AMGN,GILD,Amgen Inc.,"Gilead Sciences, Inc.",-2.024211363171531,0.27605918253085604,0.05,0.0009015720012077296,False,0.25182436184683954,4.534630015224864,,,,,,,,,,,,,,
US_PHARMA,AMGN,BMY,Amgen Inc.,Bristol-Myers Squibb Company,-1.9409051546567173,0.3130693325785231,0.05,0.0009015720012077296,False,0.5801736180187231,3.4444526353126075,,,,,,,,,,,,,,
US_PHARMA,BMY,GILD,Bristol-Myers Squibb Company,"Gilead Sciences, Inc.",-1.870740366000586,0.3459484422572974,0.05,0.0009015720012077296,False,0.4146958547074786,1.9687336326449285,,,,,,,,,,,,,,
US_PHARMA,GILD,LLY,"Gilead Sciences, Inc.",Eli Lilly and Company,-1.8350416311328825,0.3632084427442951,0.05,0.0009015720012077296,False,3.9353270293715474,-21.9668848506517,,,,,,,,,,,,,,
US_PHARMA,ABBV,BMY,AbbVie Inc.,Bristol-Myers Squibb Company,-1.5767902993374765,0.49524113012768967,0.05,0.0009015720012077296,False,0.7408464529514335,2.3747760685384223,,,,,,,,,,,,,,
US_PHARMA,GILD,JNJ,"Gilead Sciences, Inc.",Johnson & Johnson,-1.3537204089313086,0.6042512446822615,0.05,0.0009015720012077296,False,1.2921630666721327,-2.011126324603506,,,,,,,,,,,,,,
US_PHARMA,GILD,MRK,"Gilead Sciences, Inc.","Merck & Company, Inc.",-1.1490193957231487,0.6951332040064051,0.05,0.0009015720012077296,False,-11.025909739043874,54.94714951747535,,,,,,,,,,,,,,
US_RAILROADS,CNI,CP,Canadian National Railway Compa,Canadian Pacific Kansas City Li,-3.663363767930783,0.0046590026590727215,0.05,0.0046590026590727215,True,1.288226228285662,-0.9787274283734737,18.4231322793973,-0.00040053220533683786,-0.037623742263149025,55.0,-0.0044008144626635866,2.5885936776409344,False,,0.6,0.007701664076656677,0.35935825495024526,0.02119570821201966,True,reversion signs agree
US_RAILROADS,CNI,UNP,Canadian National Railway Compa,Union Pacific Corporation,-3.2703659568716947,0.016256211608509437,0.05,0.0046590026590727215,False,1.3357889932867966,-2.6378702507881684,,,,,,,,,,,,,,
US_RAILROADS,CSX,UNP,CSX Corporation,Union Pacific Corporation,-3.012704551497727,0.033724868405638396,0.05,0.0046590026590727215,False,2.254124232079329,-8.717840079858156,,,,,,,,,,,,,,
US_RAILROADS,CP,UNP,Canadian Pacific Kansas City Li,Union Pacific Corporation,-2.999103205848679,0.0349782344819396,0.05,0.0046590026590727215,False,0.9412377332215649,-0.7678360245720004,,,,,,,,,,,,,,
US_RAILROADS,CNI,CSX,Canadian National Railway Compa,CSX Corporation,-2.609432950472348,0.09106329887143866,0.05,0.0046590026590727215,False,0.3120201971983488,3.520023633325418,,,,,,,,,,,,,,
US_RAILROADS,CP,CSX,Canadian Pacific Kansas City Li,CSX Corporation,-2.6042932483442582,0.09211318289933451,0.05,0.0046590026590727215,False,0.33166026433833046,3.176034517439242,,,,,,,,,,,,,,
US_RAILROADS,CP,NSC,Canadian Pacific Kansas City Li,Norfolk Southern Corporation,-2.0085386554228024,0.28284179184388175,0.05,0.0046590026590727215,False,0.17466456150268198,3.378514932709226,,,,,,,,,,,,,,
US_RAILROADS,NSC,UNP,Norfolk Southern Corporation,Union Pacific Corporation,-1.9134856499964752,0.3257438718102613,0.05,0.0046590026590727215,False,2.691063598848106,-9.075082163224216,,,,,,,,,,,,,,
US_RAILROADS,CNI,NSC,Canadian National Railway Compa,Norfolk Southern Corporation,-1.74114339912074,0.41004846098378955,0.05,0.0046590026590727215,False,-0.09272287430766307,5.137709626729817,,,,,,,,,,,,,,
US_RAILROADS,CSX,NSC,CSX Corporation,Norfolk Southern Corporation,-1.4858722951557852,0.5404881773256514,0.05,0.0046590026590727215,False,1.021566622847596,-2.13750996382001,,,,,,,,,,,,,,
US_REIT,AMT,SPG,American Tower Corporation (REI,"Simon Property Group, Inc.",-3.23170736881996,0.018221145138457972,0.05,,False,-0.5805242123046014,8.207746619091555,,,,,,,,,,,,,,
US_REIT,AMT,DLR,American Tower Corporation (REI,"Digital Realty Trust, Inc.",-3.0666505992567687,0.029121669381806704,0.05,,False,-0.6566646417327169,8.589825911673083,,,,,,,,,,,,,,
US_REIT,AMT,PLD,American Tower Corporation (REI,"Prologis, Inc.",-2.9803331436764253,0.036772304092120935,0.05,,False,-0.5138459205038567,7.687701240790229,,,,,,,,,,,,,,
US_REIT,AMT,O,American Tower Corporation (REI,Realty Income Corporation,-2.9071511260161023,0.04452271606770447,0.05,,False,-1.3189674622304717,10.524561090185978,,,,,,,,,,,,,,
US_REIT,AMT,WELL,American Tower Corporation (REI,Welltower Inc.,-2.835280064158964,0.05340829640477061,0.05,,False,-0.18317702701245178,6.169107135316008,,,,,,,,,,,,,,
US_REIT,EQIX,PSA,"Equinix, Inc.",Public Storage,-2.7774561763521133,0.06156684792620094,0.05,,False,2.632148644509191,-8.159527632925872,,,,,,,,,,,,,,
US_REIT,PSA,WELL,Public Storage,Welltower Inc.,-2.7258120895452165,0.0696771616404534,0.05,,False,-0.04261388932978071,5.871249570119188,,,,,,,,,,,,,,
US_REIT,AMT,EQIX,American Tower Corporation (REI,"Equinix, Inc.",-2.627258390166014,0.08749335556216309,0.05,,False,-0.34353360446344283,7.560495488387161,,,,,,,,,,,,,,
US_REIT,PSA,SPG,Public Storage,"Simon Property Group, Inc.",-2.539885742151628,0.1060687738901005,0.05,,False,0.08811065639686437,5.207856322960806,,,,,,,,,,,,,,
US_REIT,PLD,PSA,"Prologis, Inc.",Public Storage,-2.4783960246158747,0.12081967812052014,0.05,,False,5.202063352406043,-24.680909880946608,,,,,,,,,,,,,,
US_REIT,O,PLD,Realty Income Corporation,"Prologis, Inc.",-2.4514702066888585,0.12773289884707179,0.05,,False,0.646330793654887,0.9319438552035861,,,,,,,,,,,,,,
US_REIT,DLR,SPG,"Digital Realty Trust, Inc.","Simon Property Group, Inc.",-2.4029180982128153,0.14091449037668002,0.05,,False,0.7834698842422886,1.0945934645927053,,,,,,,,,,,,,,
US_REIT,DLR,WELL,"Digital Realty Trust, Inc.",Welltower Inc.,-2.389257869545249,0.14479127791255347,0.05,,False,0.2888929537404896,3.6364063683281835,,,,,,,,,,,,,,
US_REIT,DLR,PSA,"Digital Realty Trust, Inc.",Public Storage,-2.3752538960823477,0.14884295746576787,0.05,,False,3.2974362273388085,-13.565074886266476,,,,,,,,,,,,,,
US_REIT,O,SPG,Realty Income Corporation,"Simon Property Group, Inc.",-2.278995727071121,0.17883177234222453,0.05,,False,0.6294141706277041,0.7916140167913328,,,,,,,,,,,,,,
US_REIT,AMT,PSA,American Tower Corporation (REI,Public Storage,-2.255992112770628,0.18655425940993664,0.05,,False,1.6247521779213785,-3.9429810715514506,,,,,,,,,,,,,,
US_REIT,DLR,O,"Digital Realty Trust, Inc.",Realty Income Corporation,-2.215683440733964,0.2006025932826666,0.05,,False,1.4047512841810792,-0.530787253640268,,,,,,,,,,,,,,
US_REIT,SPG,WELL,"Simon Property Group, Inc.",Welltower Inc.,-2.180290716828763,0.2134763916137158,0.05,,False,0.467689348024776,2.7468716486828484,,,,,,,,,,,,,,
US_REIT,O,WELL,Realty Income Corporation,Welltower Inc.,-2.162926904188777,0.21997483760911307,0.05,,False,0.2906861855902256,2.539053570283734,,,,,,,,,,,,,,
US_REIT,PLD,SPG,"Prologis, Inc.","Simon Property Group, Inc.",-2.05594845322308,0.2625926665886912,0.05,,False,0.9883640540782271,-0.2912276017941897,,,,,,,,,,,,,,
US_REIT,DLR,EQIX,"Digital Realty Trust, Inc.","Equinix, Inc.",-1.9963979752714691,0.28815469145614403,0.05,,False,0.8037407951039087,-0.3210444914573358,,,,,,,,,,,,,,
US_REIT,DLR,PLD,"Digital Realty Trust, Inc.","Prologis, Inc.",-1.96602295044148,0.3016666092444271,0.05,,False,0.6798006099476531,1.8613895942675431,,,,,,,,,,,,,,
US_REIT,EQIX,SPG,"Equinix, Inc.","Simon Property Group, Inc.",-1.9591393323623172,0.30477129112862994,0.05,,False,0.9790840361273005,1.7393664600739767,,,,,,,,,,,,,,
US_REIT,EQIX,O,"Equinix, Inc.",Realty Income Corporation,-1.9351159238068774,0.315725998583844,0.05,,False,2.0121274089686954,-1.3184803516872998,,,,,,,,,,,,,,
US_REIT,O,PSA,Realty Income Corporation,Public Storage,-1.8780855172081852,0.3424395506513773,0.05,,False,1.7665518118771495,-5.993147057235615,,,,,,,,,,,,,,
US_REIT,EQIX,PLD,"Equinix, Inc.","Prologis, Inc.",-1.7868352452997063,0.3870169380333537,0.05,,False,0.9928018421861847,2.0174576810529796,,,,,,,,,,,,,,
US_REIT,PLD,WELL,"Prologis, Inc.",Welltower Inc.,-1.5531728021941174,0.5070629580861378,0.05,,False,0.37844413861225645,2.8449501499906513,,,,,,,,,,,,,,
US_REIT,EQIX,WELL,"Equinix, Inc.",Welltower Inc.,-1.2955792209485815,0.6311923906758037,0.05,,False,0.2509995348522802,5.4688843082651175,,,,,,,,,,,,,,
US_RETAIL,BBY,KR,"Best Buy Co., Inc.",Kroger Company (The),-3.479969729116558,0.008516664107850855,0.05,,False,-1.1417455560710126,8.976259578144052,,,,,,,,,,,,,,
US_RETAIL,BBY,COST,"Best Buy Co., Inc.",Costco Wholesale Corporation,-3.4072291815173195,0.01071488418169563,0.05,,False,-3.1878654076662607,26.086272822009033,,,,,,,,,,,,,,
US_RETAIL,COST,KR,Costco Wholesale Corporation,Kroger Company (The),-3.28275604097105,0.015667097211700384,0.05,,False,0.4729335660638323,4.8942377543047435,,,,,,,,,,,,,,
US_RETAIL,BBY,DLTR,"Best Buy Co., Inc.","Dollar Tree, Inc.",-3.2541879251536887,0.01705466233273413,0.05,,False,-0.3545417784420716,5.876503884202058,,,,,,,,,,,,,,
US_RETAIL,BBY,WMT,"Best Buy Co., Inc.",Walmart Inc.,-3.1117932504811225,0.025692656230616534,0.05,,False,-0.523517153290609,6.66070794928152,,,,,,,,,,,,,,
US_RETAIL,BBY,DG,"Best Buy Co., Inc.",Dollar General Corporation,-3.083778272526585,0.027777193485746053,0.05,,False,-0.36475088153821045,5.952945328514802,,,,,,,,,,,,,,
US_RETAIL,DG,DLTR,Dollar General Corporation,"Dollar Tree, Inc.",-2.9910459675248946,0.03573909757319492,0.05,,False,1.0441535724296342,-0.11706550473277932,,,,,,,,,,,,,,
US_RETAIL,COST,ROST,Costco Wholesale Corporation,"Ross Stores, Inc.",-2.8151640193016205,0.05614013067847266,0.05,,False,0.12843446168741854,6.1940118043607955,,,,,,,,,,,,,,
US_RETAIL,KR,TGT,Kroger Company (The),Target Corporation,-2.8077048726422915,0.057181582544743044,0.05,,False,-0.5278777906078598,6.605152300868799,,,,,,,,,,,,,,
US_RETAIL,DLTR,WMT,"Dollar Tree, Inc.",Walmart Inc.,-2.8032470433076675,0.057811445885024786,0.05,,False,1.3482449745702152,-1.6260310679257968,,,,,,,,,,,,,,
US_RETAIL,COST,DLTR,Costco Wholesale Corporation,"Dollar Tree, Inc.",-2.7496968887681668,0.06582620783814555,0.05,,False,-0.0010008584380110865,6.847671318997722,,,,,,,,,,,,,,
US_RETAIL,DG,WMT,Dollar General Corporation,Walmart Inc.,-2.7467492359103542,0.06629203502827972,0.05,,False,1.5461409612294221,-2.4464242372469602,,,,,,,,,,,,,,
US_RETAIL,COST,WMT,Costco Wholesale Corporation,Walmart Inc.,-2.742971822225374,0.06689284516103747,0.05,,False,0.24746325704625968,5.713664802164042,,,,,,,,,,,,,,
US_RETAIL,COST,DG,Costco Wholesale Corporation,Dollar General Corporation,-2.739859074748818,0.06739120359488272,0.05,,False,-0.013231432321245068,6.90414320240957,,,,,,,,,,,,,,
US_RETAIL,COST,TGT,Costco Wholesale Corporation,Target Corporation,-2.700745680253548,0.07390932265272643,0.05,,False,-0.11022381734025437,7.361869848700239,,,,,,,,,,,,,,
US_RETAIL,BBY,TJX,"Best Buy Co., Inc.","TJX Companies, Inc. (The)",-2.607714222460526,0.0914133532027136,0.05,,False,-0.9127942776117699,8.713574986599738,,,,,,,,,,,,,,
US_RETAIL,DLTR,KR,"Dollar Tree, Inc.",Kroger Company (The),-2.594695081992978,0.09409865049230037,0.05,,False,4.922128753427512,-15.75585133509462,,,,,,,,,,,,,,
US_RETAIL,DLTR,TJX,"Dollar Tree, Inc.","TJX Companies, Inc. (The)",-2.559647695220977,0.10162731385277213,0.05,,False,2.199487962314666,-6.176637864111825,,,,,,,,,,,,,,
US_RETAIL,TJX,WMT,"TJX Companies, Inc. (The)",Walmart Inc.,-2.5171541538288937,0.11135612684425489,0.05,,False,0.6761751281014843,1.7805090517392488,,,,,,,,,,,,,,
US_RETAIL,COST,TJX,Costco Wholesale Corporation,"TJX Companies, Inc. (The)",-2.5098476673193284,0.11309662999098669,0.05,,False,0.28122043874753655,5.474519699389331,,,,,,,,,,,,,,
US_RETAIL,DG,KR,Dollar General Corporation,Kroger Company (The),-2.427492891227783,0.13412660433879947,0.05,,False,6.885328716104945,-23.763114722515606,,,,,,,,,,,,,,
US_RETAIL,KR,WMT,Kroger Company (The),Walmart Inc.,-2.3871566923986083,0.14539419720071622,0.05,,False,0.526307892757335,1.718697805148575,,,,,,,,,,,,,,
US_RETAIL,BBY,TGT,"Best Buy Co., Inc.",Target Corporation,-2.273389713372123,0.18069397690826677,0.05,,False,0.5224790762552243,1.8123981540916154,,,,,,,,,,,,,,
US_RETAIL,BBY,ROST,"Best Buy Co., Inc.","Ross Stores, Inc.",-2.2506950027959207,0.18836291936908783,0.05,,False,-0.45941740753732446,6.5932320966493645,,,,,,,,,,,,,,
US_RETAIL,DG,TJX,Dollar General Corporation,"TJX Companies, Inc. (The)",-2.1582843873938917,0.22173251207940198,0.05,,False,2.4577351848548346,-7.350607584662433,,,,,,,,,,,,,,
US_RETAIL,KR,ROST,Kroger Company (The),"Ross Stores, Inc.",-2.093631779381599,0.24708299344822265,0.05,,False,0.3012168925475911,2.598481486582552,,,,,,,,,,,,,,
US_RETAIL,ROST,TJX,"Ross Stores, Inc.","TJX Companies, Inc. (The)",-2.0585828419395726,0.261491284591463,0.05,,False,1.3972677586585642,-1.7459483690398443,,,,,,,,,,,,,,
US_RETAIL,DLTR,TGT,"Dollar Tree, Inc.",Target Corporation,-1.9664876282118877,0.3014575869739331,0.05,,False,-1.8314437699864197,13.146699164465133,,,,,,,,,,,,,,
US_RETAIL,DG,TGT,Dollar General Corporation,Target Corporation,-1.9170844125303224,0.32406723659155945,0.05,,False,-2.662948128498044,17.142731486318628,,,,,,,,,,,,,,
US_RETAIL,KR,TJX,Kroger Company (The),"TJX Companies, Inc. (The)",-1.847377138695992,0.3572066396391329,0.05,,False,0.8008724603100227,0.22326002694002778,,,,,,,,,,,,,,
US_RETAIL,ROST,WMT,"Ross Stores, Inc.",Walmart Inc.,-1.8239589586666773,0.36863327335501195,0.05,,False,0.8930547855050079,0.9780652255601705,,,,,,,,,,,,,,
US_RETAIL,TGT,WMT,Target Corporation,Walmart Inc.,-1.3854121181080186,0.5892494079053409,0.05,,False,-0.8395487846820809,8.538031590625367,,,,,,,,,,,,,,
US_RETAIL,DLTR,ROST,"Dollar Tree, Inc.","Ross Stores, Inc.",-1.3538871929432341,0.6041728485915128,0.05,,False,1.5214121396778781,-3.161810383492872,,,,,,,,,,,,,,
US_RETAIL,DG,ROST,Dollar General Corporation,"Ross Stores, Inc.",-1.246490524821611,0.6532839829294496,0.05,,False,1.5983642981132014,-3.467892461603104,,,,,,,,,,,,,,
US_RETAIL,ROST,TGT,"Ross Stores, Inc.",Target Corporation,-1.0473647106087578,0.7355997316214128,0.05,,False,0.8659548236506203,0.9788421627701611,,,,,,,,,,,,,,
US_RETAIL,TGT,TJX,Target Corporation,"TJX Companies, Inc. (The)",-0.8535858248315719,0.8028729515062758,0.05,,False,-2.031630355743793,14.593520740376125,,,,,,,,,,,,,,
US_SEMICONDUCTORS,MPWR,QCOM,"Monolithic Power Systems, Inc.",QUALCOMM Incorporated,-3.874045757782363,0.002234379849843915,0.05,,False,5.93487370876486,-23.335481186092334,,,,,,,,,,,,,,
US_SEMICONDUCTORS,NVDA,QCOM,NVIDIA Corporation,QUALCOMM Incorporated,-3.743897809176321,0.0035363921164675107,0.05,,False,6.805086490344517,-29.460432915029052,,,,,,,,,,,,,,
US_SEMICONDUCTORS,ADI,QCOM,"Analog Devices, Inc.",QUALCOMM Incorporated,-3.726693440390788,0.0037529746125149347,0.05,,False,5.193188116231257,-20.81522068501446,,,,,,,,,,,,,,
US_SEMICONDUCTORS,AVGO,QCOM,Broadcom Inc.,QUALCOMM Incorporated,-3.7118894971541256,0.003948992039745158,0.05,,False,34.775017989298135,-170.68774989068186,,,,,,,,,,,,,,
US_SEMICONDUCTORS,AMD,QCOM,"Advanced Micro Devices, Inc.",QUALCOMM Incorporated,-3.607045921199929,0.005627744810177362,0.05,,False,5.989674904690946,-25.229614242016382,,,,,,,,,,,,,,
US_SEMICONDUCTORS,AVGO,NVDA,Broadcom Inc.,NVIDIA Corporation,-3.59822433336821,0.005795065565652606,0.05,,False,1.6443217304059057,-2.741975424186883,,,,,,,,,,,,,,
US_SEMICONDUCTORS,ON,QCOM,ON Semiconductor Corporation,QUALCOMM Incorporated,-3.551518460520264,0.006758473337898462,0.05,,False,3.283347901105941,-12.542415950709648,,,,,,,,,,,,,,
US_SEMICONDUCTORS,ADI,MU,"Analog Devices, Inc.","Micron Technology, Inc.",-3.54098812168883,0.006994757272057201,0.05,,False,0.3008737242235954,3.9694142178708995,,,,,,,,,,,,,,
US_SEMICONDUCTORS,INTC,MU,Intel Corporation,"Micron Technology, Inc.",-3.1697461447861324,0.02180404819262744,0.05,,False,0.6864647772114052,-0.07472566048905449,,,,,,,,,,,,,,
US_SEMICONDUCTORS,MRVL,QCOM,"Marvell Technology, Inc.",QUALCOMM Incorporated,-3.144705135175125,0.023416885892658067,0.05,,False,5.275171198008941,-22.28692595619959,,,,,,,,,,,,,,
US_SEMICONDUCTORS,QCOM,TXN,QUALCOMM Incorporated,Texas Instruments Incorporated,-3.0884446623571105,0.02742023796605023,0.05,,False,0.6745169613573275,1.5274587970845657,,,,,,,,,,,,,,
US_SEMICONDUCTORS,ADI,INTC,"Analog Devices, Inc.",Intel Corporation,-3.0849525363316648,0.02768699558557422,0.05,,False,0.4233205859076615,4.053268339079677,,,,,,,,,,,,,,
US_SEMICONDUCTORS,AMD,MPWR,"Advanced Micro Devices, Inc.","Monolithic Power Systems, Inc.",-2.864605266034953,0.04962145719368952,0.05,,False,1.3629223028720987,-4.061005326029359,,,,,,,,,,,,,,
US_SEMICONDUCTORS,INTC,QCOM,Intel Corporation,QUALCOMM Incorporated,-2.7622767019662837,0.06386758130643264,0.05,,False,9.480624006993134,-44.62427794737847,,,,,,,,,,,,,,
US_SEMICONDUCTORS,MU,QCOM,"Micron Technology, Inc.",QUALCOMM Incorporated,-2.6832425218247713,0.07698320451808283,0.05,,False,20.96535466366977,-101.14825463781905,,,,,,,,,,,,,,
US_SEMICONDUCTORS,INTC,MPWR,Intel Corporation,"Monolithic Power Systems, Inc.",-2.6801761052847604,0.0775319368741656,0.05,,False,1.7596083986497726,-8.4394695330263,,,,,,,,,,,,,,
US_SEMICONDUCTORS,AMD,INTC,"Advanced Micro Devices, Inc.",Intel Corporation,-2.667388487090415,0.07985347627693751,0.05,,False,0.7896853462890185,2.4242512031658587,,,,,,,,,,,,,,
US_SEMICONDUCTORS,AMD,TXN,"Advanced Micro Devices, Inc.",Texas Instruments Incorporated,-2.6364537782453645,0.08569460298370901,0.05,,False,3.5460294488921464,-13.487891133120353,,,,,,,,,,,,,,
US_SEMICONDUCTORS,INTC,TXN,Intel Corporation,Texas Instruments Incorporated,-2.634349144486164,0.0861037473022297,0.05,,False,4.4062163349101535,-19.70806422784238,,,,,,,,,,,,,,
US_SEMICONDUCTORS,ON,TXN,ON Semiconductor Corporation,Texas Instruments Incorporated,-2.61143872037467,0.0906560875560562,0.05,,False,1.9601161944095518,-6.191492155909337,,,,,,,,,,,,,,
US_SEMICONDUCTORS,MU,TXN,"Micron Technology, Inc.",Texas Instruments Incorporated,-2.510069811691907,0.11304341615328645,0.05,,False,6.926554310483512,-31.265485848249085,,,,,,,,,,,,,,
US_SEMICONDUCTORS,MRVL,TXN,"Marvell Technology, Inc.",Texas Instruments Incorporated,-2.458111762959623,0.1260015901135243,0.05,,False,2.701626224886401,-9.73464329257129,,,,,,,,,,,,,,
US_SEMICONDUCTORS,ADI,AMD,"Analog Devices, Inc.","Advanced Micro Devices, Inc.",-2.3365143303108797,0.16046159601367593,0.05,,False,0.5130178933163281,2.8716890207929113,,,,,,,,,,,,,,
US_SEMICONDUCTORS,AVGO,SWKS,Broadcom Inc.,"Skyworks Solutions, Inc.",-2.3018646753974306,0.17136728186590222,0.05,,False,-2.626201579067823,16.764483153104806,,,,,,,,,,,,,,
US_SEMICONDUCTORS,ADI,MPWR,"Analog Devices, Inc.","Monolithic Power Systems, Inc.",-2.2557025749719175,0.1866528263894927,0.05,,False,0.7159504580972165,0.6755180195612143,,,,,,,,,,,,,,
US_SEMICONDUCTORS,NVDA,SWKS,NVIDIA Corporation,"Skyworks Solutions, Inc.",-2.243681910415687,0.19077496347688128,0.05,,False,-1.3819959124268333,10.941165252465957,,,,,,,,,,,,,,
US_SEMICONDUCTORS,QCOM,SWKS,QUALCOMM Incorporated,"Skyworks Solutions, Inc.",-2.2428648252231786,0.1910572814514473,0.05,,False,0.47226973355934876,3.0434291268482343,,,,,,,,,,,,,,
US_SEMICONDUCTORS,AMD,MU,"Advanced Micro Devices, Inc.","Micron Technology, Inc.",-2.24282343244101,0.19107159060513917,0.05,,False,0.5342785173081606,2.404932501149423,,,,,,,,,,,,,,
US_SEMICONDUCTORS,ADI,NVDA,"Analog Devices, Inc.",NVIDIA Corporation,-2.18427456079835,0.21200230790589297,0.05,,False,0.9655637148930399,0.6508126279887163,,,,,,,,,,,,,,
US_SEMICONDUCTORS,MRVL,ON,"Marvell Technology, Inc.",ON Semiconductor Corporation,-2.1508385198836883,0.22456926418467693,0.05,,False,1.296780336588677,-0.8671894803752949,,,,,,,,,,,,,,
US_SEMICONDUCTORS,AMD,NVDA,"Advanced Micro Devices, Inc.",NVIDIA Corporation,-2.1394150877738505,0.2289636684100862,0.05,,False,1.9457105245519284,-4.648244018070595,,,,,,,,,,,,,,
US_SEMICONDUCTORS,MPWR,MU,"Monolithic Power Systems, Inc.","Micron Technology, Inc.",-2.110843925584424,0.24017662051856875,0.05,,False,0.3896278099143623,4.756271925089668,,,,,,,,,,,,,,
US_SEMICONDUCTORS,ADI,TXN,"Analog Devices, Inc.",Texas Instruments Incorporated,-2.1012297808416265,0.244020388071221,0.05,,False,1.5844643669179548,-2.8162307916216545,,,,,,,,,,,,,,
US_SEMICONDUCTORS,AVGO,INTC,Broadcom Inc.,Intel Corporation,-2.0844898429810677,0.25079687430951275,0.05,,False,0.6445699577561372,3.3127865713850535,,,,,,,,,,,,,,
US_SEMICONDUCTORS,AVGO,MU,Broadcom Inc.,"Micron Technology, Inc.",-2.0829655352063754,0.2514191798224196,0.05,,False,0.44046055463590816,3.274852576108193,,,,,,,,,,,,,,
US_SEMICONDUCTORS,MU,NVDA,"Micron Technology, Inc.",NVIDIA Corporation,-1.9976831726105357,0.28758987030680905,0.05,,False,3.6539576763238983,-13.262576795801865,,,,,,,,,,,,,,
US_SEMICONDUCTORS,ADI,SWKS,"Analog Devices, Inc.","Skyworks Solutions, Inc.",-1.967726473257062,0.3009006741735005,0.05,,False,-1.3572753858988693,11.313192285966892,,,,,,,,,,,,,,
US_SEMICONDUCTORS,INTC,NVDA,Intel Corporation,NVIDIA Corporation,-1.9412737138266811,0.3129005584938139,0.05,,False,2.687930687451818,-10.080700099838717,,,,,,,,,,,,,,
US_SEMICONDUCTORS,MPWR,NVDA,"Monolithic Power Systems, Inc.",NVIDIA Corporation,-1.9398176396166533,0.31356758742323776,0.05,,False,1.441138385240974,-0.49882050963475866,,,,,,,,,,,,,,
US_SEMICONDUCTORS,AMD,ON,"Advanced Micro Devices, Inc.",ON Semiconductor Corporation,-1.8910863885743525,0.3362659036365886,0.05,,False,1.7510660819835886,-2.049367739664433,,,,,,,,,,,,,,
US_SEMICONDUCTORS,AMD,AVGO,"Advanced Micro Devices, Inc.",Broadcom Inc.,-1.8871350715167623,0.3381371705545087,0.05,,False,1.1440001595850458,-1.187099465326014,,,,,,,,,,,,,,
US_SEMICONDUCTORS,MPWR,ON,"Monolithic Power Systems, Inc.",ON Semiconductor Corporation,-1.8416974739281862,0.3599652396640506,0.05,,False,1.1586110743170304,1.9925243319706265,,,,,,,,,,,,,,
US_SEMICONDUCTORS,NVDA,ON,NVIDIA Corporation,ON Semiconductor Corporation,-1.8396521146880038,0.36096069013620524,0.05,,False,0.5771316953320969,2.6573192106239616,,,,,,,,,,,,,,
US_SEMICONDUCTORS,INTC,MRVL,Intel Corporation,"Marvell Technology, Inc.",-1.8156476083789574,0.3727212277610873,0.05,,False,1.8296197644012204,-4.713774465847422,,,,,,,,,,,,,,
US_SEMICONDUCTORS,MPWR,TXN,"Monolithic Power Systems, Inc.",Texas Instruments Incorporated,-1.809836529174869,0.3755891813141658,0.05,,False,2.484648112604793,-6.302022098373921,,,,,,,,,,,,,,
US_SEMICONDUCTORS,INTC,SWKS,Intel Corporation,"Skyworks Solutions, Inc.",-1.7967036068719096,0.3820994850947734,0.05,,False,-7.185310155377185,34.19815040259434,,,,,,,,,,,,,,
US_SEMICONDUCTORS,MU,SWKS,"Micron Technology, Inc.","Skyworks Solutions, Inc.",-1.764545714093647,0.3982003283410347,0.05,,False,-8.331778467436443,40.7777781062952,,,,,,,,,,,,,,
US_SEMICONDUCTORS,MPWR,SWKS,"Monolithic Power Systems, Inc.","Skyworks Solutions, Inc.",-1.7606450233599056,0.4001678576298462,0.05,,False,-6.271833851308877,33.607331010743266,,,,,,,,,,,,,,
US_SEMICONDUCTORS,AMD,SWKS,"Advanced Micro Devices, Inc.","Skyworks Solutions, Inc.",-1.727901677885207,0.4167970448950053,0.05,,False,-12.683176566092987,59.46020502042438,,,,,,,,,,,,,,
US_SEMICONDUCTORS,ADI,AVGO,"Analog Devices, Inc.",Broadcom Inc.,-1.7075474401425252,0.4272280641831889,0.05,,False,0.5260362081426584,2.598159238072877,,,,,,,,,,,,,,
US_SEMICONDUCTORS,MRVL,SWKS,"Marvell Technology, Inc.","Skyworks Solutions, Inc.",-1.6910807265427934,0.43571371494907063,0.05,,False,-19.675094780764756,88.73940702446838,,,,,,,,,,,,,,
US_SEMICONDUCTORS,INTC,ON,Intel Corporation,ON Semiconductor Corporation,-1.6763242932534281,0.4433503331795954,0.05,,False,2.5088521421946255,-6.8581378538281434,,,,,,,,,,,,,,
US_SEMICONDUCTORS,NVDA,TXN,NVIDIA Corporation,Texas Instruments Incorporated,-1.6426088115414683,0.46089794037938403,0.05,,False,2.139315948042122,-6.205655798989249,,,,,,,,,,,,,,
US_SEMICONDUCTORS,AMD,MRVL,"Advanced Micro Devices, Inc.","Marvell Technology, Inc.",-1.636933730395877,0.4638634529779394,0.05,,False,1.366801406784782,-0.9515986806929613,,,,,,,,,,,,,,
US_SEMICONDUCTORS,ADI,MRVL,"Analog Devices, Inc.","Marvell Technology, Inc.",-1.5348535878476042,0.5162047560097602,0.05,,False,0.5791095194634074,2.925756614757769,,,,,,,,,,,,,,
US_SEMICONDUCTORS,MU,ON,"Micron Technology, Inc.",ON Semiconductor Corporation,-1.524676554915358,0.5212708088611722,0.05,,False,4.376915211179547,-12.838135753508263,,,,,,,,,,,,,,
US_SEMICONDUCTORS,AVGO,MPWR,Broadcom Inc.,"Monolithic Power Systems, Inc.",-1.5246472932195603,0.5212853610511003,0.05,,False,1.323286162275985,-3.400735689750295,,,,,,,,,,,,,,
US_SEMICONDUCTORS,ADI,ON,"Analog Devices, Inc.",ON Semiconductor Corporation,-1.3967820859874862,0.5838178509417974,0.05,,False,0.7221107766595634,2.5417367047945696,,,,,,,,,,,,,,
US_SEMICONDUCTORS,SWKS,TXN,"Skyworks Solutions, Inc.",Texas Instruments Incorporated,-1.1886852578914138,0.6784439914114854,0.05,,False,8.148866244148802,-38.47520827102976,,,,,,,,,,,,,,
US_SEMICONDUCTORS,MRVL,NVDA,"Marvell Technology, Inc.",NVIDIA Corporation,-1.163645875705421,0.6890356663059507,0.05,,False,1.7982077547692632,-4.585382659920022,,,,,,,,,,,,,,
US_SEMICONDUCTORS,MPWR,MRVL,"Monolithic Power Systems, Inc.","Marvell Technology, Inc.",-1.1590619170489214,0.6909538234681772,0.05,,False,0.8774279955484584,2.8384899025390844,,,,,,,,,,,,,,
US_SEMICONDUCTORS,AVGO,TXN,Broadcom Inc.,Texas Instruments Incorporated,-1.1147052500245906,0.7091721367186961,0.05,,False,5.4080618159613465,-22.86527676508105,,,,,,,,,,,,,,
US_SEMICONDUCTORS,MRVL,MU,"Marvell Technology, Inc.","Micron Technology, Inc.",-0.9403641668863881,0.7743895625521245,0.05,,False,0.3319549080889236,2.755202725394744,,,,,,,,,,,,,,
US_SEMICONDUCTORS,ON,SWKS,ON Semiconductor Corporation,"Skyworks Solutions, Inc.",-0.8732935559974282,0.7966399799589696,0.05,,False,2.0276816886283604,-4.593720564709052,,,,,,,,,,,,,,
US_SEMICONDUCTORS,AVGO,ON,Broadcom Inc.,ON Semiconductor Corporation,-0.7609178170961287,0.8303335434837495,0.05,,False,5.272203590761388,-16.071128204220763,,,,,,,,,,,,,,
US_SEMICONDUCTORS,AVGO,MRVL,Broadcom Inc.,"Marvell Technology, Inc.",-0.16845490928714804,0.9421787360989269,0.05,,False,1.2441007571022231,-0.013313506913807949,,,,,,,,,,,,,,
US_STAPLES,CLX,PG,Clorox Company (The),Procter & Gamble Company (The),-4.5822940773434695,0.00013923204762197937,0.05,0.00013923204762197937,True,3.270801415880778,-11.661597879714229,8.6738963627461,5.027716123530478e-05,-0.07991185870481156,26.0,-0.96114411734867,2.5581519061385465,False,,0.8,-0.0017756602342156374,0.07092798602215578,-0.6080994285663118,True,reversion signs agree
US_STAPLES,KHC,PG,The Kraft Heinz Company,Procter & Gamble Company (The),-3.8587285191241505,0.002360474591685733,0.05,0.00013923204762197937,False,2.497844007359523,-9.330999899347374,,,,,,,,,,,,,,
US_STAPLES,GIS,PG,"General Mills, Inc.",Procter & Gamble Company (The),-3.73122835205382,0.003694736052456629,0.05,0.00013923204762197937,False,4.257360321790033,-17.52960743784327,,,,,,,,,,,,,,
US_STAPLES,KMB,PG,Kimberly-Clark Corporation,Procter & Gamble Company (The),-3.6083005195311344,0.005604308118923033,0.05,0.00013923204762197937,False,2.56206739551099,-8.146572466897055,,,,,,,,,,,,,,
US_STAPLES,KO,PG,Coca-Cola Company (The),Procter & Gamble Company (The),-3.45501051334171,0.009220548452354437,0.05,0.00013923204762197937,False,-2.3322492816819858,15.958197951461983,,,,,,,,,,,,,,
US_STAPLES,HSY,PG,The Hershey Company,Procter & Gamble Company (The),-3.0636583853467303,0.029362164116022136,0.05,0.00013923204762197937,False,-4.252783311940129,26.58075412715455,,,,,,,,,,,,,,
US_STAPLES,CHD,PG,"Church & Dwight Company, Inc.",Procter & Gamble Company (The),-3.0563529356757866,0.029956459596808968,0.05,0.00013923204762197937,False,1.5041494186580255,-3.0045088236501796,,,,,,,,,,,,,,
US_STAPLES,CLX,KHC,Clorox Company (The),The Kraft Heinz Company,-2.9946583631121535,0.03539626210088589,0.05,0.00013923204762197937,False,1.486781515517173,-0.01864438557474557,,,,,,,,,,,,,,
US_STAPLES,HSY,KMB,The Hershey Company,Kimberly-Clark Corporation,-2.944673904332904,0.0403942227109338,0.05,0.00013923204762197937,False,-0.6787230237107325,8.394443788212648,,,,,,,,,,,,,,
US_STAPLES,KHC,KMB,The Kraft Heinz Company,Kimberly-Clark Corporation,-2.8527536592995797,0.051124421138875456,0.05,0.00013923204762197937,False,0.9351824787207251,-1.1996937557319436,,,,,,,,,,,,,,
US_STAPLES,GIS,KO,"General Mills, Inc.",Coca-Cola Company (The),-2.781271155476733,0.06099925247193447,0.05,0.00013923204762197937,False,-2.867802279250487,15.995094615391052,,,,,,,,,,,,,,
US_STAPLES,HSY,KHC,The Hershey Company,The Kraft Heinz Company,-2.768873714669785,0.06285932783020734,0.05,0.00013923204762197937,False,-0.6307053634452082,7.215234387321216,,,,,,,,,,,,,,
US_STAPLES,CLX,KO,Clorox Company (The),Coca-Cola Company (The),-2.659003438918181,0.08140506733087466,0.05,0.00013923204762197937,False,-2.524259636797998,15.447650698853042,,,,,,,,,,,,,,
US_STAPLES,CLX,GIS,Clorox Company (The),"General Mills, Inc.",-2.640641055922272,0.08488507728198225,0.05,0.00013923204762197937,False,0.8096078383834161,1.6444087309337565,,,,,,,,,,,,,,
US_STAPLES,KMB,KO,Kimberly-Clark Corporation,Coca-Cola Company (The),-2.614479427838312,0.09004143850523688,0.05,0.00013923204762197937,False,-1.788335799546807,12.29196898415791,,,,,,,,,,,,,,
US_STAPLES,GIS,HSY,"General Mills, Inc.",The Hershey Company,-2.55573178184737,0.10249604852528338,0.05,0.00013923204762197937,False,-3.7426088699534303,23.248832968586285,,,,,,,,,,,,,,
US_STAPLES,CHD,CL,"Church & Dwight Company, Inc.",Colgate-Palmolive Company,-2.50455628833652,0.11436966289206452,0.05,0.00013923204762197937,False,0.9979731963690128,0.11100295323640541,,,,,,,,,,,,,,
US_STAPLES,CHD,HSY,"Church & Dwight Company, Inc.",The Hershey Company,-2.4435238925161835,0.12982690589341522,0.05,0.00013923204762197937,False,-0.3428818536704138,6.340890131750902,,,,,,,,,,,,,,
US_STAPLES,KHC,KO,The Kraft Heinz Company,Coca-Cola Company (The),-2.4270805807444598,0.13423852232089367,0.05,0.00013923204762197937,False,-1.6459845798921102,10.184100572226045,,,,,,,,,,,,,,
US_STAPLES,CLX,HSY,Clorox Company (The),The Hershey Company,-2.422217862323312,0.1355635169217242,0.05,0.00013923204762197937,False,-2.6692052990056947,18.601913744278175,,,,,,,,,,,,,,
US_STAPLES,MDLZ,PG,"Mondelez International, Inc.",Procter & Gamble Company (The),-2.403032362058399,0.1408823754351301,0.05,0.00013923204762197937,False,1.6512939896968284,-4.207471444099416,,,,,,,,,,,,,,
US_STAPLES,GIS,KMB,"General Mills, Inc.",Kimberly-Clark Corporation,-2.307275024135003,0.16963236596947945,0.05,0.00013923204762197937,False,1.7106240564574866,-4.225132371523577,,,,,,,,,,,,,,
US_STAPLES,HSY,MDLZ,The Hershey Company,"Mondelez International, Inc.",-2.2969465676592913,0.17295465548174838,0.05,0.00013923204762197937,False,-8.229969958720236,38.966086636469896,,,,,,,,,,,,,,
US_STAPLES,HSY,PEP,The Hershey Company,"Pepsico, Inc.",-2.285294038346908,0.17675481088252476,0.05,0.00013923204762197937,False,1.4772434321155763,-2.174288316343497,,,,,,,,,,,,,,
US_STAPLES,CL,MDLZ,Colgate-Palmolive Company,"Mondelez International, Inc.",-2.2792856376364536,0.17873581664455024,0.05,0.00013923204762197937,False,1.0452073305587528,0.1744994018944439,,,,,,,,,,,,,,
US_STAPLES,CHD,KHC,"Church & Dwight Company, Inc.",The Kraft Heinz Company,-2.2496785800302357,0.1887112688100085,0.05,0.00013923204762197937,False,0.5054898391521291,2.928225166679271,,,,,,,,,,,,,,
US_STAPLES,CLX,KMB,Clorox Company (The),Kimberly-Clark Corporation,-2.229131298629224,0.19584284521641337,0.05,0.00013923204762197937,False,1.3995984158145007,-1.8459920772104708,,,,,,,,,,,,,,
US_STAPLES,CL,PG,Colgate-Palmolive Company,Procter & Gamble Company (The),-2.2143137432236943,0.20109147057822147,0.05,0.00013923204762197937,False,1.5808041167808506,-3.492409120606597,,,,,,,,,,,,,,
US_STAPLES,PEP,PG,"Pepsico, Inc.",Procter & Gamble Company (The),-2.204149911182977,0.20474272780401243,0.05,0.00013923204762197937,False,4.083627731638727,-15.59029253958046,,,,,,,,,,,,,,
US_STAPLES,CHD,CLX,"Church & Dwight Company, Inc.",Clorox Company (The),-2.1950207956200933,0.2080575817881653,0.05,0.00013923204762197937,False,0.37234549165745334,2.779039453775092,,,,,,,,,,,,,,
US_STAPLES,KMB,PEP,Kimberly-Clark Corporation,"Pepsico, Inc.",-2.185292374540793,0.21162671446992748,0.05,0.00013923204762197937,False,-10.841588148142657,58.64103512592537,,,,,,,,,,,,,,
US_STAPLES,CHD,KO,"Church & Dwight Company, Inc.",Coca-Cola Company (The),-2.1618657917491984,0.22037582939748107,0.05,0.00013923204762197937,False,-0.7333388053416081,7.660158602681266,,,,,,,,,,,,,,
US_STAPLES,KO,MDLZ,Coca-Cola Company (The),"Mondelez International, Inc.",-2.137181609622007,0.2298288090961384,0.05,0.00013923204762197937,False,-3.274755812960443,17.663841399651094,,,,,,,,,,,,,,
US_STAPLES,CL,KO,Colgate-Palmolive Company,Coca-Cola Company (The),-2.1083465978415945,0.24117166483975278,0.05,0.00013923204762197937,False,-0.2471311496250633,5.5086026270171775,,,,,,,,,,,,,,
US_STAPLES,KMB,MDLZ,Kimberly-Clark Corporation,"Mondelez International, Inc.",-2.0873770836639287,0.24962053903176956,0.05,0.00013923204762197937,False,2.051102731320775,-3.6699578693567476,,,,,,,,,,,,,,
US_STAPLES,CHD,MDLZ,"Church & Dwight Company, Inc.","Mondelez International, Inc.",-2.060989093439366,0.26048750924945807,0.05,0.00013923204762197937,False,1.0717823741546997,0.1673140166673397,,,,,,,,,,,,,,
US_STAPLES,CLX,PEP,Clorox Company (The),"Pepsico, Inc.",-2.0236163986121802,0.2763150827960152,0.05,0.00013923204762197937,False,10.94645614383729,-49.60238717897543,,,,,,,,,,,,,,
US_STAPLES,KHC,MDLZ,The Kraft Heinz Company,"Mondelez International, Inc.",-2.0182813927652905,0.2786153156521482,0.05,0.00013923204762197937,False,1.9524946700552057,-4.772794406290538,,,,,,,,,,,,,,
US_STAPLES,CL,PEP,Colgate-Palmolive Company,"Pepsico, Inc.",-2.0115403479514677,0.28153609532558777,0.05,0.00013923204762197937,False,0.9394418068762287,-0.20264502765100012,,,,,,,,,,,,,,
US_STAPLES,GIS,KHC,"General Mills, Inc.",The Kraft Heinz Company,-2.009274932444188,0.2825212304404361,0.05,0.00013923204762197937,False,1.741682853915421,-1.7466749929182588,,,,,,,,,,,,,,
US_STAPLES,CHD,KMB,"Church & Dwight Company, Inc.",Kimberly-Clark Corporation,-1.9556859467608838,0.30633466412585275,0.05,0.00013923204762197937,False,0.44512566170998963,2.4529797710082564,,,,,,,,,,,,,,
US_STAPLES,CL,KHC,Colgate-Palmolive Company,The Kraft Heinz Company,-1.9343462087159056,0.31608001014904985,0.05,0.00013923204762197937,False,0.5399261073389396,2.7145140790891267,,,,,,,,,,,,,,
US_STAPLES,GIS,PEP,"General Mills, Inc.","Pepsico, Inc.",-1.9293688193614424,0.318373689836136,0.05,0.00013923204762197937,False,11.029317646121795,-50.915006483243516,,,,,,,,,,,,,,
US_STAPLES,CLX,MDLZ,Clorox Company (The),"Mondelez International, Inc.",-1.927652484678916,0.3191663909430317,0.05,0.00013923204762197937,False,4.0139499215844605,-11.677328172970082,,,,,,,,,,,,,,
US_STAPLES,CHD,GIS,"Church & Dwight Company, Inc.","General Mills, Inc.",-1.9026983471317276,0.3307927897796323,0.05,0.00013923204762197937,False,0.2301365034445885,3.6698849573484975,,,,,,,,,,,,,,
US_STAPLES,HSY,KO,The Hershey Company,Coca-Cola Company (The),-1.8645131029294875,0.34893491059370296,0.05,0.00013923204762197937,False,1.340459464379306,-0.48239560072532495,,,,,,,,,,,,,,
US_STAPLES,CL,HSY,Colgate-Palmolive Company,The Hershey Company,-1.8574959196652476,0.3523127697823858,0.05,0.00013923204762197937,False,0.19943051409699264,3.4361043855305784,,,,,,,,,,,,,,
US_STAPLES,CL,CLX,Colgate-Palmolive Company,Clorox Company (The),-1.8365283159572963,0.36248305237419604,0.05,0.00013923204762197937,False,0.3051577153914182,3.0000376255484325,,,,,,,,,,,,,,
US_STAPLES,KO,PEP,Coca-Cola Company (The),"Pepsico, Inc.",-1.739116387857071,0.4110795073016958,0.05,0.00013923204762197937,False,2.2048245066617516,-6.743518091318415,,,,,,,,,,,,,,
US_STAPLES,CHD,PEP,"Church & Dwight Company, Inc.","Pepsico, Inc.",-1.7278952968317611,0.4168003043210218,0.05,0.00013923204762197937,False,0.8916157999494227,0.13702228568469543,,,,,,,,,,,,,,
US_STAPLES,CL,GIS,Colgate-Palmolive Company,"General Mills, Inc.",-1.6689875692588594,0.4471576507334379,0.05,0.00013923204762197937,False,0.23419869206378133,3.552068930956155,,,,,,,,,,,,,,
US_STAPLES,KHC,PEP,The Kraft Heinz Company,"Pepsico, Inc.",-1.6504713138706475,0.4567946321636772,0.05,0.00013923204762197937,False,2.699780868267531,-10.173720484484635,,,,,,,,,,,,,,
US_STAPLES,GIS,MDLZ,"General Mills, Inc.","Mondelez International, Inc.",-1.5986268689674723,0.4842832076753868,0.05,0.00013923204762197937,False,4.615391205948423,-15.048008484241489,,,,,,,,,,,,,,
US_STAPLES,CL,KMB,Colgate-Palmolive Company,Kimberly-Clark Corporation,-1.5907107195798076,0.48825814402113893,0.05,0.00013923204762197937,False,0.4110360363964683,2.513066588358602,,,,,,,,,,,,,,
US_STAPLES,MDLZ,PEP,"Mondelez International, Inc.","Pepsico, Inc.",-1.4938063028459125,0.5365730169774822,0.05,0.00013923204762197937,False,0.637471103608249,0.9381402423109702,,,,,,,,,,,,,,
US_UTILITIES,PPL,WEC,PPL Corporation,"WEC Energy Group, Inc.",-4.735380273014614,7.21752192893774e-05,0.05,7.21752192893774e-05,True,0.8046978506983675,-0.19416022879154005,7.713941114496905,-9.134939386603016e-05,-0.08985642621218683,23.0,-0.7574753566111514,2.554669617080906,False,,0.6,-0.004045371366821155,-0.20340646361924208,0.6852453090138289,True,reversion signs agree
US_UTILITIES,ES,FE,Eversource Energy (D/B/A),FirstEnergy Corp.,-3.979502825492678,0.0015217264761435132,0.05,7.21752192893774e-05,False,0.9775313809172542,0.4893911975490366,,,,,,,,,,,,,,
US_UTILITIES,DUK,SO,Duke Energy Corporation (Holdin,Southern Company (The),-3.8187137958408495,0.0027215480704213986,0.05,7.21752192893774e-05,False,1.1686109296020988,-0.47759470022850525,,,,,,,,,,,,,,
US_UTILITIES,PPL,XEL,PPL Corporation,Xcel Energy Inc.,-3.6880840057776707,0.004283919687103473,0.05,7.21752192893774e-05,False,0.7262896778734402,0.4382870287976597,,,,,,,,,,,,,,
US_UTILITIES,EXC,WEC,Exelon Corporation,"WEC Energy Group, Inc.",-3.2831744449394673,0.01564753525781673,0.05,7.21752192893774e-05,False,0.9278902318188683,-0.5583326520584544,,,,,,,,,,,,,,
US_UTILITIES,AEP,PEG,American Electric Power Company,Public Service Enterprise Group,-3.264528535423806,0.016540444801367144,0.05,7.21752192893774e-05,False,7.4454403744362585,-27.840496503871098,,,,,,,,,,,,,,
US_UTILITIES,AEP,D,American Electric Power Company,"Dominion Energy, Inc.",-3.2441085280113335,0.01756932147257412,0.05,7.21752192893774e-05,False,1.5398711411012305,-1.5135419267138719,,,,,,,,,,,,,,
US_UTILITIES,DUK,PPL,Duke Energy Corporation (Holdin,PPL Corporation,-3.223811021748699,0.01864711789366602,0.05,7.21752192893774e-05,False,0.82644436343818,1.8297179513012924,,,,,,,,,,,,,,
US_UTILITIES,PEG,XEL,Public Service Enterprise Group,Xcel Energy Inc.,-3.2167338860669137,0.019036260727036902,0.05,7.21752192893774e-05,False,0.22298349495823097,3.4223889111907924,,,,,,,,,,,,,,
US_UTILITIES,EXC,PEG,Exelon Corporation,Public Service Enterprise Group,-3.211857869688149,0.019308477852839977,0.05,7.21752192893774e-05,False,4.645316735519392,-16.563896062252333,,,,,,,,,,,,,,
US_UTILITIES,FE,PEG,FirstEnergy Corp.,Public Service Enterprise Group,-3.1852497725409665,0.020854514006499236,0.05,7.21752192893774e-05,False,4.062109332718201,-14.006642173158376,,,,,,,,,,,,,,
US_UTILITIES,AEE,PPL,Ameren Corporation,PPL Corporation,-3.163757914322097,0.022180714689339267,0.05,7.21752192893774e-05,False,1.3646785617360857,-0.2547457365463197,,,,,,,,,,,,,,
US_UTILITIES,PEG,WEC,Public Service Enterprise Group,"WEC Energy Group, Inc.",-3.1440361984700638,0.023461348216496113,0.05,7.21752192893774e-05,False,0.2512132180115725,3.209121424197682,,,,,,,,,,,,,,
US_UTILITIES,ES,PEG,Eversource Energy (D/B/A),Public Service Enterprise Group,-3.143288292896471,0.02351114570629135,0.05,7.21752192893774e-05,False,4.402321277200578,-15.085121288198994,,,,,,,,,,,,,,
US_UTILITIES,PPL,SO,PPL Corporation,Southern Company (The),-3.1174817505167267,0.02528622082763363,0.05,7.21752192893774e-05,False,1.4359181585455205,-2.88931574538193,,,,,,,,,,,,,,
US_UTILITIES,AEE,PEG,Ameren Corporation,Public Service Enterprise Group,-3.097731985757622,0.02672148761633937,0.05,7.21752192893774e-05,False,4.453127456339504,-14.904644933578755,,,,,,,,,,,,,,
US_UTILITIES,PEG,PPL,Public Service Enterprise Group,PPL Corporation,-3.093421993942683,0.027043835789763382,0.05,7.21752192893774e-05,False,0.35087739926071554,3.1342212663809272,,,,,,,,,,,,,,
US_UTILITIES,AEP,DUK,American Electric Power Company,Duke Energy Corporation (Holdin,-3.0769748635266465,0.028304744769307687,0.05,7.21752192893774e-05,False,1.7576070105129245,-3.6586828821759925,,,,,,,,,,,,,,
US_UTILITIES,AEP,ES,American Electric Power Company,Eversource Energy (D/B/A),-3.045503108193903,0.030857995578401725,0.05,7.21752192893774e-05,False,1.5127468797493249,-1.5918503707612492,,,,,,,,,,,,,,
US_UTILITIES,AEE,EXC,Ameren Corporation,Exelon Corporation,-3.045138599946633,0.030888680008782195,0.05,7.21752192893774e-05,False,1.1870479354489167,0.12791429162471957,,,,,,,,,,,,,,
US_UTILITIES,DUK,XEL,Duke Energy Corporation (Holdin,Xcel Energy Inc.,-3.009046400279861,0.03405817342601785,0.05,7.21752192893774e-05,False,0.5910468851722203,2.230711057464466,,,,,,,,,,,,,,
US_UTILITIES,EXC,PPL,Exelon Corporation,PPL Corporation,-3.0008843454762277,0.034811896028083954,0.05,7.21752192893774e-05,False,1.160116446535799,-0.3590508577179792,,,,,,,,,,,,,,
US_UTILITIES,DUK,EXC,Duke Energy Corporation (Holdin,Exelon Corporation,-2.997597075501292,0.035119413358717454,0.05,7.21752192893774e-05,False,0.7126610359214887,2.084459810258073,,,,,,,,,,,,,,
US_UTILITIES,ED,PEG,"Consolidated Edison, Inc.",Public Service Enterprise Group,-2.9964628937266617,0.03522604443693267,0.05,7.21752192893774e-05,False,2.7879805081802016,-7.5877854504670585,,,,,,,,,,,,,,
US_UTILITIES,DUK,WEC,Duke Energy Corporation (Holdin,"WEC Energy Group, Inc.",-2.9874686624183413,0.03608135770847975,0.05,7.21752192893774e-05,False,0.6603642646882721,1.6907239100228972,,,,,,,,,,,,,,
US_UTILITIES,WEC,XEL,"WEC Energy Group, Inc.",Xcel Energy Inc.,-2.9764065526234282,0.037157250797378506,0.05,7.21752192893774e-05,False,0.9072116902009885,0.7663286691605009,,,,,,,,,,,,,,
US_UTILITIES,DUK,PEG,Duke Energy Corporation (Holdin,Public Service Enterprise Group,-2.9389777236131076,0.040999551969725,0.05,7.21752192893774e-05,False,2.4109058473138156,-5.794844936187653,,,,,,,,,,,,,,
US_UTILITIES,DUK,ES,Duke Energy Corporation (Holdin,Eversource Energy (D/B/A),-2.9231411026966803,0.042722422376769514,0.05,7.21752192893774e-05,False,0.8151464849929194,1.363668173239382,,,,,,,,,,,,,,
US_UTILITIES,ES,SO,Eversource Energy (D/B/A),Southern Company (The),-2.911430105994654,0.04403488552124955,0.05,7.21752192893774e-05,False,1.4789711599873507,-2.4606739149197177,,,,,,,,,,,,,,
US_UTILITIES,D,ES,"Dominion Energy, Inc.",Eversource Energy (D/B/A),-2.896137860663341,0.045798958556216025,0.05,7.21752192893774e-05,False,0.9587207921733459,0.04670230643892603,,,,,,,,,,,,,,
US_UTILITIES,AEE,WEC,Ameren Corporation,"WEC Energy Group, Inc.",-2.864052185832773,0.049690778469874075,0.05,7.21752192893774e-05,False,1.095806011985366,-0.5089271056174418,,,,,,,,,,,,,,
US_UTILITIES,PEG,SO,Public Service Enterprise Group,Southern Company (The),-2.8266798291942705,0.05456264653033195,0.05,7.21752192893774e-05,False,0.5790482085015678,1.7856231876450028,,,,,,,,,,,,,,
US_UTILITIES,D,FE,"Dominion Energy, Inc.",FirstEnergy Corp.,-2.8145385408394468,0.056226863375639605,0.05,7.21752192893774e-05,False,0.9377014992550518,0.513952369460585,,,,,,,,,,,,,,
US_UTILITIES,AEE,XEL,Ameren Corporation,Xcel Energy Inc.,-2.7929533674767386,0.059287400688374695,0.05,7.21752192893774e-05,False,0.9960718046459113,0.3226205140469469,,,,,,,,,,,,,,
US_UTILITIES,AEE,DUK,Ameren Corporation,Duke Energy Corporation (Holdin,-2.786100674380115,0.060286780615500205,0.05,7.21752192893774e-05,False,1.6779088796638573,-3.4019629362272266,,,,,,,,,,,,,,
US_UTILITIES,EXC,XEL,Exelon Corporation,Xcel Energy Inc.,-2.7655765134334542,0.0633616421936721,0.05,7.21752192893774e-05,False,0.8349479715885898,0.18161179145652584,,,,,,,,,,,,,,
US_UTILITIES,AEP,FE,American Electric Power Company,FirstEnergy Corp.,-2.6749857978400584,0.07846773865441363,0.05,7.21752192893774e-05,False,1.4456609308987436,-0.7285194099246928,,,,,,,,,,,,,,
US_UTILITIES,D,XEL,"Dominion Energy, Inc.",Xcel Energy Inc.,-2.664357832172657,0.08041158225493095,0.05,7.21752192893774e-05,False,0.673988182023484,1.1557317223648873,,,,,,,,,,,,,,
US_UTILITIES,EXC,SO,Exelon Corporation,Southern Company (The),-2.6452999377920055,0.0839913729431832,0.05,7.21752192893774e-05,False,1.6792701193371846,-3.770807525221959,,,,,,,,,,,,,,
US_UTILITIES,SO,XEL,Southern Company (The),Xcel Energy Inc.,-2.630132245910922,0.08692807546986614,0.05,7.21752192893774e-05,False,0.4851222058376744,2.4046412788102822,,,,,,,,,,,,,,
US_UTILITIES,DUK,FE,Duke Energy Corporation (Holdin,FirstEnergy Corp.,-2.6297076070122007,0.08701142234090409,0.05,7.21752192893774e-05,False,0.8038346803535531,1.736565005731821,,,,,,,,,,,,,,
US_UTILITIES,D,DUK,"Dominion Energy, Inc.",Duke Energy Corporation (Holdin,-2.626501144700951,0.08764277624050987,0.05,7.21752192893774e-05,False,1.1604868941101047,-1.4832390049364639,,,,,,,,,,,,,,
US_UTILITIES,AEE,SO,Ameren Corporation,Southern Company (The),-2.6028248533594183,0.0924148321066875,0.05,7.21752192893774e-05,False,2.034168718829551,-4.529798069277331,,,,,,,,,,,,,,
US_UTILITIES,D,SO,"Dominion Energy, Inc.",Southern Company (The),-2.567805163259413,0.09983550541591307,0.05,7.21752192893774e-05,False,1.3862400486343769,-2.171382753719307,,,,,,,,,,,,,,
US_UTILITIES,ED,ES,"Consolidated Edison, Inc.",Eversource Energy (D/B/A),-2.5372885204476194,0.1066631729319511,0.05,7.21752192893774e-05,False,0.7187630727371838,1.6132623274781084,,,,,,,,,,,,,,
US_UTILITIES,SO,WEC,Southern Company (The),"WEC Energy Group, Inc.",-2.5275700065131583,0.10890952617323357,0.05,7.21752192893774e-05,False,0.554381041724416,1.9046338022763676,,,,,,,,,,,,,,
US_UTILITIES,ES,XEL,Eversource Energy (D/B/A),Xcel Energy Inc.,-2.51730356221999,0.11132074500382849,0.05,7.21752192893774e-05,False,0.6722043291616405,1.286726453062482,,,,,,,,,,,,,,
US_UTILITIES,D,PEG,"Dominion Energy, Inc.",Public Service Enterprise Group,-2.4998721627224536,0.11550543204706348,0.05,7.21752192893774e-05,False,2.8978689867230503,-8.644579789702398,,,,,,,,,,,,,,
US_UTILITIES,AEP,SO,American Electric Power Company,Southern Company (The),-2.438695620012455,0.1311112984565856,0.05,7.21752192893774e-05,False,2.167067336545519,-5.001570545968767,,,,,,,,,,,,,,
US_UTILITIES,AEE,D,Ameren Corporation,"Dominion Energy, Inc.",-2.431458338201163,0.13305363483335841,0.05,7.21752192893774e-05,False,1.4948387343301852,-1.4532378537709212,,,,,,,,,,,,,,
US_UTILITIES,ES,WEC,Eversource Energy (D/B/A),"WEC Energy Group, Inc.",-2.27871874264347,0.178923481552353,0.05,7.21752192893774e-05,False,0.7440790941737175,0.7045664693202527,,,,,,,,,,,,,,
US_UTILITIES,ES,EXC,Eversource Energy (D/B/A),Exelon Corporation,-2.2770391181927203,0.17948026986572596,0.05,7.21752192893774e-05,False,0.8195381657310631,1.0869816761691582,,,,,,,,,,,,,,
US_UTILITIES,AEE,ES,Ameren Corporation,Eversource Energy (D/B/A),-2.2409718817149087,0.19171236550553272,0.05,7.21752192893774e-05,False,1.5290993576164755,-1.7790427151707364,,,,,,,,,,,,,,
US_UTILITIES,ES,PPL,Eversource Energy (D/B/A),PPL Corporation,-2.2328705062432337,0.19453234028238786,0.05,7.21752192893774e-05,False,0.986927578632503,0.6660594078910647,,,,,,,,,,,,,,
US_UTILITIES,AEP,ED,American Electric Power Company,"Consolidated Edison, Inc.",-2.2206855749072667,0.19882362506265067,0.05,7.21752192893774e-05,False,2.02591900552737,-4.626894765664903,,,,,,,,,,,,,,
US_UTILITIES,D,WEC,"Dominion Energy, Inc.","WEC Energy Group, Inc.",-2.213350998274252,0.20143554833988936,0.05,7.21752192893774e-05,False,0.7390084897931553,0.6043885889892291,,,,,,,,,,,,,,
US_UTILITIES,FE,SO,FirstEnergy Corp.,Southern Company (The),-2.1917147024416406,0.20926627308569196,0.05,7.21752192893774e-05,False,1.524890047734422,-3.070950989578142,,,,,,,,,,,,,,
US_UTILITIES,ED,SO,"Consolidated Edison, Inc.",Southern Company (The),-2.1909368278099435,0.20955129466940475,0.05,7.21752192893774e-05,False,1.1186422935413116,-0.4029188355307314,,,,,,,,,,,,,,
US_UTILITIES,ED,EXC,"Consolidated Edison, Inc.",Exelon Corporation,-2.1614989859901708,0.22051454773194312,0.05,7.21752192893774e-05,False,0.6379532955787035,2.2134263897707958,,,,,,,,,,,,,,
US_UTILITIES,AEP,PPL,American Electric Power Company,PPL Corporation,-2.0632996227045917,0.2595256706454913,0.05,7.21752192893774e-05,False,1.481475331855524,-0.544009032175298,,,,,,,,,,,,,,
US_UTILITIES,FE,XEL,FirstEnergy Corp.,Xcel Energy Inc.,-2.0419236827261416,0.26849876827213365,0.05,7.21752192893774e-05,False,0.7026853656275144,0.7522555870933014,,,,,,,,,,,,,,
US_UTILITIES,ED,FE,"Consolidated Edison, Inc.",FirstEnergy Corp.,-2.0258124346620154,0.27537116888526014,0.05,7.21752192893774e-05,False,0.7211660176935053,1.8960667286641915,,,,,,,,,,,,,,
US_UTILITIES,AEE,ED,Ameren Corporation,"Consolidated Edison, Inc.",-2.003080777114636,0.2852239216778909,0.05,7.21752192893774e-05,False,1.988186053562043,-4.573996203075148,,,,,,,,,,,,,,
US_UTILITIES,ED,PPL,"Consolidated Edison, Inc.",PPL Corporation,-1.9956833369909492,0.28846900707761314,0.05,7.21752192893774e-05,False,0.7391436146524256,1.9877185313382233,,,,,,,,,,,,,,
US_UTILITIES,AEE,AEP,Ameren Corporation,American Electric Power Company,-1.90853468994396,0.3280568366958547,0.05,7.21752192893774e-05,False,0.9475436203081306,0.1238475861656827,,,,,,,,,,,,,,
US_UTILITIES,ED,WEC,"Consolidated Edison, Inc.","WEC Energy Group, Inc.",-1.890666060242738,0.33646475054387476,0.05,7.21752192893774e-05,False,0.5689789213930005,1.9627556464122025,,,,,,,,,,,,,,
US_UTILITIES,DUK,ED,Duke Energy Corporation (Holdin,"Consolidated Edison, Inc.",-1.8733742044192438,0.34468850112195626,0.05,7.21752192893774e-05,False,1.0666776586152178,-0.15739679980811871,,,,,,,,,,,,,,
US_UTILITIES,ED,XEL,"Consolidated Edison, Inc.",Xcel Energy Inc.,-1.8657803074172357,0.3483263300623633,0.05,7.21752192893774e-05,False,0.4767835628982205,2.5649947787020735,,,,,,,,,,,,,,
US_UTILITIES,D,PPL,"Dominion Energy, Inc.",PPL Corporation,-1.862184099993038,0.35005455628830556,0.05,7.21752192893774e-05,False,0.9459892908281975,0.6859631897881258,,,,,,,,,,,,,,
US_UTILITIES,AEP,WEC,American Electric Power Company,"WEC Energy Group, Inc.",-1.8380190844649624,0.36175622851005584,0.05,7.21752192893774e-05,False,1.1688690156150827,-0.7247584363518351,,,,,,,,,,,,,,
US_UTILITIES,FE,PPL,FirstEnergy Corp.,PPL Corporation,-1.8185674811776398,0.3712831934911389,0.05,7.21752192893774e-05,False,1.0132688605283842,0.16792255308976056,,,,,,,,,,,,,,
US_UTILITIES,AEE,FE,Ameren Corporation,FirstEnergy Corp.,-1.8070225035600194,0.37698083144380135,0.05,7.21752192893774e-05,False,1.4481236158823192,-0.8574521144355627,,,,,,,,,,,,,,
US_UTILITIES,AEP,XEL,American Electric Power Company,Xcel Energy Inc.,-1.7979912802041145,0.3814594222995905,0.05,7.21752192893774e-05,False,1.0505605979934902,0.21253653690106056,,,,,,,,,,,,,,
US_UTILITIES,FE,WEC,FirstEnergy Corp.,"WEC Energy Group, Inc.",-1.6935961163899542,0.43441493415008464,0.05,7.21752192893774e-05,False,0.7720214385169091,0.17032973692413478,,,,,,,,,,,,,,
US_UTILITIES,D,ED,"Dominion Energy, Inc.","Consolidated Edison, Inc.",-1.6801017910070053,0.4413926885544215,0.05,7.21752192893774e-05,False,1.2987603326074217,-1.9445711689004463,,,,,,,,,,,,,,
US_UTILITIES,EXC,FE,Exelon Corporation,FirstEnergy Corp.,-1.6064766787995413,0.4803392900995963,0.05,7.21752192893774e-05,False,1.177656050331486,-0.6729583050331991,,,,,,,,,,,,,,
US_UTILITIES,AEP,EXC,American Electric Power Company,Exelon Corporation,-1.5941906575772242,0.4865110748131364,0.05,7.21752192893774e-05,False,1.2605938598220763,-0.02471140924562043,,,,,,,,,,,,,,
US_UTILITIES,D,EXC,"Dominion Energy, Inc.",Exelon Corporation,-1.1436441336461156,0.6973571970917812,0.05,7.21752192893774e-05,False,0.793448635453193,1.0601448502619526,,,,,,,,,,,,,,
