sector,ticker_a,ticker_b,name_a,name_b,eg_adf_stat,eg_pvalue,fdr_level,bh_critical_pvalue,passes_bh,hedge_ratio_beta,intercept_alpha,half_life_days,ar1_alpha,ar1_beta,zscore_window,latest_zscore,max_abs_zscore,threshold_breached,breach_date,ar1_sign_agreement_recent,ar1_latest_residual,zscore_delta_latest,zscore_delta2_latest,zscore_turning_recent,momentum_read
CA_BANKS,CM.TO,NA.TO,CANADIAN IMPERIAL BANK OF COMME,NATIONAL BANK OF CANADA,-3.7012759278961886,0.0040952428241117726,0.05,,False,1.2924056571688667,-1.8079685663264309,,,,,,,,,,,,,,
CA_BANKS,NA.TO,RY.TO,NATIONAL BANK OF CANADA,ROYAL BANK OF CANADA,-3.395511732746742,0.011112831225881891,0.05,,False,1.101712022853257,-0.7989579814046381,,,,,,,,,,,,,,
CA_BANKS,BNS.TO,RY.TO,BANK OF NOVA SCOTIA,ROYAL BANK OF CANADA,-3.031468313797461,0.032058338272333904,0.05,,False,1.1154592073973957,-1.4655642107780675,,,,,,,,,,,,,,
CA_BANKS,BNS.TO,NA.TO,BANK OF NOVA SCOTIA,NATIONAL BANK OF CANADA,-2.7063084350435713,0.07295298153397936,0.05,,False,1.013881176598896,-0.6635576860310595,,,,,,,,,,,,,,
CA_BANKS,BMO.TO,CM.TO,BANK OF MONTREAL,CANADIAN IMPERIAL BANK OF COMME,-2.6509543061325185,0.08291656051530649,0.05,,False,0.8438967866266917,1.133529133211176,,,,,,,,,,,,,,
CA_BANKS,BNS.TO,CM.TO,BANK OF NOVA SCOTIA,CANADIAN IMPERIAL BANK OF COMME,-2.4699690563516814,0.12295318548883932,0.05,,False,0.784531019189262,0.7545974418202581,,,,,,,,,,,,,,
CA_BANKS,RY.TO,TD.TO,ROYAL BANK OF CANADA,TORONTO-DOMINION BANK,-2.213403450967935,0.2014167925473131,0.05,,False,0.7224806960289774,1.9109640738817046,,,,,,,,,,,,,,
CA_BANKS,BMO.TO,TD.TO,BANK OF MONTREAL,TORONTO-DOMINION BANK,-2.194534400108583,0.20823513155585788,0.05,,False,0.8712638409337491,1.0182998188496133,,,,,,,,,,,,,,
CA_BANKS,BMO.TO,NA.TO,BANK OF MONTREAL,NATIONAL BANK OF CANADA,-2.1936738668980027,0.20854948506825255,0.05,,False,1.095440975053256,-0.41580609790969003,,,,,,,,,,,,,,
CA_BANKS,BMO.TO,RY.TO,BANK OF MONTREAL,ROYAL BANK OF CANADA,-2.1732196846453293,0.21610831847029183,0.05,,False,1.205790839969892,-1.2854528721188556,,,,,,,,,,,,,,
CA_BANKS,CM.TO,RY.TO,CANADIAN IMPERIAL BANK OF COMME,ROYAL BANK OF CANADA,-2.065420331304305,0.2586445848348031,0.05,,False,1.420754382878808,-2.8243963486545764,,,,,,,,,,,,,,
CA_BANKS,CM.TO,TD.TO,CANADIAN IMPERIAL BANK OF COMME,TORONTO-DOMINION BANK,-2.0363749233717976,0.2708551348565549,0.05,,False,1.0359818183565446,-0.15272725785114272,,,,,,,,,,,,,,
CA_BANKS,NA.TO,TD.TO,NATIONAL BANK OF CANADA,TORONTO-DOMINION BANK,-2.0142233962803155,0.2803716678721363,0.05,,False,0.7951148088763863,1.310250166728832,,,,,,,,,,,,,,
CA_BANKS,BMO.TO,BNS.TO,BANK OF MONTREAL,BANK OF NOVA SCOTIA,-1.9371462946319873,0.3147930680904232,0.05,,False,1.0785657049040835,0.3092732526780173,,,,,,,,,,,,,,
CA_BANKS,BNS.TO,TD.TO,BANK OF NOVA SCOTIA,TORONTO-DOMINION BANK,-1.7290281265904075,0.41622176661119886,0.05,,False,0.8055498183599643,0.6676232214324469,,,,,,,,,,,,,,
CA_ENERGY,CNQ.TO,SU.TO,CDN NATURAL RES,SUNCOR ENERGY INC.,-2.6043912332792387,0.09209308101076208,0.05,,False,0.7573462414532869,0.7551428821310862,,,,,,,,,,,,,,
CA_ENERGY,CVE.TO,IMO.TO,CENOVUS ENERGY INC.,IMPERIAL OIL,-2.3547004670471425,0.15493199404508462,0.05,,False,1.0119618178614929,-1.6355389077179252,,,,,,,,,,,,,,
CA_ENERGY,CVE.TO,SU.TO,CENOVUS ENERGY INC.,SUNCOR ENERGY INC.,-2.2663327636156465,0.18305627721366435,0.05,,False,1.1353194586671271,-1.43451538943894,,,,,,,,,,,,,,
CA_ENERGY,CNQ.TO,CVE.TO,CDN NATURAL RES,CENOVUS ENERGY INC.,-2.2236269977565994,0.19778223552761365,0.05,,False,0.6725638496710269,1.6948154446590946,,,,,,,,,,,,,,
CA_ENERGY,CNQ.TO,IMO.TO,CDN NATURAL RES,IMPERIAL OIL,-2.191364808358789,0.20939444812443098,0.05,,False,0.6583801325901179,0.6998467376428295,,,,,,,,,,,,,,
CA_ENERGY,IMO.TO,SU.TO,IMPERIAL OIL,SUNCOR ENERGY INC.,-1.8056937897597607,0.37763857163404957,0.05,,False,1.1140222994339088,0.2304296848142,,,,,,,,,,,,,,
CH_FINANCIALS,BAER.SW,UBSG.SW,JULIUS BAER N,UBS GROUP N,-3.088257014633869,0.027434515872820676,0.05,,False,0.806213573601557,1.280398618655573,,,,,,,,,,,,,,
CH_FINANCIALS,BAER.SW,ZURN.SW,JULIUS BAER N,ZURICH INSURANCE N,-2.6413486122311265,0.08474887422935934,0.05,,False,1.4166303782741407,-4.856809257161645,,,,,,,,,,,,,,
CH_FINANCIALS,BAER.SW,SLHN.SW,JULIUS BAER N,SWISS LIFE HOLDING AG N,-2.438817346155841,0.1310788053430308,0.05,,False,0.8737369892205714,-1.7994956122593257,,,,,,,,,,,,,,
CH_FINANCIALS,UBSG.SW,ZURN.SW,UBS GROUP N,ZURICH INSURANCE N,-2.2667594987810094,0.1829128547312584,0.05,,False,1.9824858609961382,-9.017655920024096,,,,,,,,,,,,,,
CH_FINANCIALS,SLHN.SW,UBSG.SW,SWISS LIFE HOLDING AG N,UBS GROUP N,-2.2654457047721475,0.18335464729573875,0.05,,False,0.893749602271887,3.621877110073554,,,,,,,,,,,,,,
CH_FINANCIALS,SLHN.SW,ZURN.SW,SWISS LIFE HOLDING AG N,ZURICH INSURANCE N,-2.160725339246885,0.22080729891019946,0.05,,False,1.5026286130871762,-2.7587903361751334,,,,,,,,,,,,,,
CH_PHARMA_LIFESCIENCE,LONN.SW,NOVN.SW,LONZA N,NOVARTIS N,-4.2775913327211095,0.00048562228556772556,0.05,0.00048562228556772556,True,-0.23798436498383624,7.366934937400604,12.83748217535003,0.00015447694322863768,-0.05399401308543946,39.0,-2.603492453824171,3.1998736667720182,True,2026-09-11 00:00:00,1.0,-0.005413010480197617,0.10294338113100032,-0.11936545623569605,False,mixed signal
CONSUMER,ABF.L,DNLM.L,ASSOCIATED BRITISH FOODS PLC OR,DUNELM GROUP PLC ORD 1P,-3.871736505603701,0.0022529826884921675,0.05,,False,0.6034042291878171,3.447634148161864,,,,,,,,,,,,,,
CONSUMER,DOM.L,TSCO.L,DOMINO'S PIZZA GROUP PLC ORD 25,TESCO PLC ORD 6 1/3P,-3.447180262307764,0.009451872583373657,0.05,,False,-1.8853053956219554,16.76862609962548,,,,,,,,,,,,,,
CONSUMER,EZJ.L,MKS.L,EASYJET PLC ORD 27 2/7P,MARKS AND SPENCER GROUP PLC ORD,-3.354428334933191,0.012614046884680359,0.05,,False,3.1265809806172316,-12.18357096515421,,,,,,,,,,,,,,
CONSUMER,ABF.L,MKS.L,ASSOCIATED BRITISH FOODS PLC OR,MARKS AND SPENCER GROUP PLC ORD,-3.3520437241890453,0.01270646251770621,0.05,,False,-3.691068369780301,29.31401998661555,,,,,,,,,,,,,,
CONSUMER,DNLM.L,WTB.L,DUNELM GROUP PLC ORD 1P,WHITBREAD PLC ORD 76 122/153P,-3.3465039482658816,0.012923476913210453,0.05,,False,1.5966268911205364,-5.707744192393705,,,,,,,,,,,,,,
CONSUMER,MKS.L,PETS.L,MARKS AND SPENCER GROUP PLC ORD,PETS AT HOME GROUP PLC ORD 1P,-3.3195788192397506,0.014025664491117008,0.05,,False,-0.05324846179063398,6.160708610983724,,,,,,,,,,,,,,
CONSUMER,GRG.L,MKS.L,GREGGS PLC ORD 2P,MARKS AND SPENCER GROUP PLC ORD,-3.3030184159067426,0.014744089170606616,0.05,,False,-35.64974427008627,216.8825297850799,,,,,,,,,,,,,,
CONSUMER,DOM.L,MKS.L,DOMINO'S PIZZA GROUP PLC ORD 25,MARKS AND SPENCER GROUP PLC ORD,-3.300674259428746,0.014848361966273786,0.05,,False,-152.79030750059528,902.4389513949488,,,,,,,,,,,,,,
CONSUMER,DOM.L,SBRY.L,DOMINO'S PIZZA GROUP PLC ORD 25,SAINSBURY (J) PLC ORD 28 4/7P,-3.2961537070430382,0.01505128177058516,0.05,,False,-2.3008177468732476,18.545701237930107,,,,,,,,,,,,,,
CONSUMER,BME.L,MKS.L,B&M EUROPEAN VALUE RETAIL PLC O,MARKS AND SPENCER GROUP PLC ORD,-3.2953191124931163,0.01508901126535337,0.05,,False,-52.450234654403864,313.4864670325132,,,,,,,,,,,,,,
CONSUMER,IHG.L,MKS.L,INTERCONTINENTAL HOTELS GROUP P,MARKS AND SPENCER GROUP PLC ORD,-3.2888187531996547,0.015385734814732703,0.05,,False,8.51281541305061,-45.16794267325211,,,,,,,,,,,,,,
CONSUMER,ABF.L,PETS.L,ASSOCIATED BRITISH FOODS PLC OR,PETS AT HOME GROUP PLC ORD 1P,-3.2632900938354754,0.01660130423765072,0.05,,False,0.49106057609380105,4.9692321277364755,,,,,,,,,,,,,,
CONSUMER,DNLM.L,MKS.L,DUNELM GROUP PLC ORD 1P,MARKS AND SPENCER GROUP PLC ORD,-3.253540771397813,0.017087304930560356,0.05,,False,20.51633501878206,-113.4837646991709,,,,,,,,,,,,,,
CONSUMER,DOM.L,NXT.L,DOMINO'S PIZZA GROUP PLC ORD 25,NEXT PLC ORD 10P,-3.2502209710264154,0.01725561881047395,0.05,,False,-1.6543718517082069,20.950623848962984,,,,,,,,,,,,,,
CONSUMER,BME.L,TSCO.L,B&M EUROPEAN VALUE RETAIL PLC O,TESCO PLC ORD 6 1/3P,-3.2301235339358874,0.018305897659589412,0.05,,False,-3.0023992506132973,23.54760217383254,,,,,,,,,,,,,,
CONSUMER,MKS.L,WTB.L,MARKS AND SPENCER GROUP PLC ORD,WHITBREAD PLC ORD 76 122/153P,-3.1915545274413346,0.02047877049698247,0.05,,False,0.2774706536231665,3.6695075669462103,,,,,,,,,,,,,,
CONSUMER,IHG.L,PETS.L,INTERCONTINENTAL HOTELS GROUP P,PETS AT HOME GROUP PLC ORD 1P,-3.154034611500512,0.022804329319289236,0.05,,False,-0.6643938182912611,8.427578008467874,,,,,,,,,,,,,,
CONSUMER,MKS.L,NXT.L,MARKS AND SPENCER GROUP PLC ORD,NEXT PLC ORD 10P,-3.133885036661606,0.02414506939095331,0.05,,False,0.16315170251171404,4.345276004714155,,,,,,,,,,,,,,
CONSUMER,ABF.L,IHG.L,ASSOCIATED BRITISH FOODS PLC OR,INTERCONTINENTAL HOTELS GROUP P,-3.0629642484912383,0.029418195927533586,0.05,,False,-0.695497983157249,10.988522226371417,,,,,,,,,,,,,,
CONSUMER,ABF.L,WTB.L,ASSOCIATED BRITISH FOODS PLC OR,WHITBREAD PLC ORD 76 122/153P,-3.0429750668736455,0.031071341853035856,0.05,,False,0.9453341256536483,0.1469518713757001,,,,,,,,,,,,,,
CONSUMER,MKS.L,SBRY.L,MARKS AND SPENCER GROUP PLC ORD,SAINSBURY (J) PLC ORD 28 4/7P,-2.93059403760841,0.04190424697976477,0.05,,False,0.2036122468261103,4.714660200153667,,,,,,,,,,,,,,
CONSUMER,BME.L,DOM.L,B&M EUROPEAN VALUE RETAIL PLC O,DOMINO'S PIZZA GROUP PLC ORD 25,-2.9268130401853694,0.04231767340213106,0.05,,False,1.5902194176319293,-3.1442280142256873,,,,,,,,,,,,,,
CONSUMER,EZJ.L,TSCO.L,EASYJET PLC ORD 27 2/7P,TESCO PLC ORD 6 1/3P,-2.9265128489425547,0.04235064241037601,0.05,,False,-0.770017908094727,10.77965698782369,,,,,,,,,,,,,,
CONSUMER,MKS.L,TSCO.L,MARKS AND SPENCER GROUP PLC ORD,TESCO PLC ORD 6 1/3P,-2.9080776409084974,0.04441670877439638,0.05,,False,0.2015691171624342,4.664072400048883,,,,,,,,,,,,,,
CONSUMER,BME.L,NXT.L,B&M EUROPEAN VALUE RETAIL PLC O,NEXT PLC ORD 10P,-2.860177935250552,0.050178601107343096,0.05,,False,-2.6974982157162595,30.795252438123125,,,,,,,,,,,,,,
CONSUMER,ABF.L,TSCO.L,ASSOCIATED BRITISH FOODS PLC OR,TESCO PLC ORD 6 1/3P,-2.764465750087431,0.06353158737448115,0.05,,False,-0.5598502357349521,10.996416137206074,,,,,,,,,,,,,,
CONSUMER,PETS.L,TSCO.L,PETS AT HOME GROUP PLC ORD 1P,TESCO PLC ORD 6 1/3P,-2.73408793047392,0.06832302300001396,0.05,,False,-1.3714483926899461,13.658557903172877,,,,,,,,,,,,,,
CONSUMER,GRG.L,NXT.L,GREGGS PLC ORD 2P,NEXT PLC ORD 10P,-2.6639624773330537,0.08048461278476393,0.05,,False,-1.894269767129359,25.3095052419811,,,,,,,,,,,,,,
CONSUMER,BME.L,GRG.L,B&M EUROPEAN VALUE RETAIL PLC O,GREGGS PLC ORD 2P,-2.642153330201697,0.08459417424907367,0.05,,False,1.4663094453889929,-5.567620997031845,,,,,,,,,,,,,,
CONSUMER,EZJ.L,SBRY.L,EASYJET PLC ORD 27 2/7P,SAINSBURY (J) PLC ORD 28 4/7P,-2.6357366734294825,0.08583383959680707,0.05,,False,-1.1303447078948503,12.587540533941837,,,,,,,,,,,,,,
CONSUMER,IHG.L,WTB.L,INTERCONTINENTAL HOTELS GROUP P,WHITBREAD PLC ORD 76 122/153P,-2.6118642865874495,0.09056986965152258,0.05,,False,-1.5494382167536653,17.097089874939986,,,,,,,,,,,,,,
CONSUMER,ABF.L,NXT.L,ASSOCIATED BRITISH FOODS PLC OR,NEXT PLC ORD 10P,-2.5960546710573857,0.0938154314730858,0.05,,False,-0.3924125239828998,11.314083820968161,,,,,,,,,,,,,,
CONSUMER,NXT.L,TSCO.L,NEXT PLC ORD 10P,TESCO PLC ORD 6 1/3P,-2.5878363800907196,0.09553739050404508,0.05,,False,1.1538502154163617,2.442496149924154,,,,,,,,,,,,,,
CONSUMER,DOM.L,EZJ.L,DOMINO'S PIZZA GROUP PLC ORD 25,EASYJET PLC ORD 27 2/7P,-2.5859984293350675,0.09592577520534001,0.05,,False,3.4169732698754807,-15.60130802704521,,,,,,,,,,,,,,
CONSUMER,EZJ.L,NXT.L,EASYJET PLC ORD 27 2/7P,NEXT PLC ORD 10P,-2.5809965840278797,0.09698883759803095,0.05,,False,-0.41893166811501326,10.087355295043558,,,,,,,,,,,,,,
CONSUMER,ABF.L,BME.L,ASSOCIATED BRITISH FOODS PLC OR,B&M EUROPEAN VALUE RETAIL PLC O,-2.578199052411526,0.09758731050558889,0.05,,False,0.17408303222175583,6.674630006737681,,,,,,,,,,,,,,
CONSUMER,BME.L,SBRY.L,B&M EUROPEAN VALUE RETAIL PLC O,SAINSBURY (J) PLC ORD 28 4/7P,-2.5622813053776294,0.10104619462060976,0.05,,False,-4.252174481662539,29.715843361365796,,,,,,,,,,,,,,
CONSUMER,EZJ.L,PETS.L,EASYJET PLC ORD 27 2/7P,PETS AT HOME GROUP PLC ORD 1P,-2.5326020724852363,0.1077420290094665,0.05,,False,0.47081233812624296,3.6049487881712445,,,,,,,,,,,,,,
CONSUMER,BME.L,EZJ.L,B&M EUROPEAN VALUE RETAIL PLC O,EASYJET PLC ORD 27 2/7P,-2.531282164710416,0.10804735208459132,0.05,,False,6.690978779306886,-35.71216189984062,,,,,,,,,,,,,,
CONSUMER,ABF.L,GRG.L,ASSOCIATED BRITISH FOODS PLC OR,GREGGS PLC ORD 2P,-2.5194917872430325,0.11080350381458348,0.05,,False,0.258209627075667,5.6829783908678735,,,,,,,,,,,,,,
CONSUMER,GRG.L,TSCO.L,GREGGS PLC ORD 2P,TESCO PLC ORD 6 1/3P,-2.5192913090421407,0.11085081714313771,0.05,,False,-2.2383920072159875,20.998106061021765,,,,,,,,,,,,,,
CONSUMER,DNLM.L,IHG.L,DUNELM GROUP PLC ORD 1P,INTERCONTINENTAL HOTELS GROUP P,-2.5111875936491437,0.11277593787532736,0.05,,False,-1.2695718400674623,13.059348309195922,,,,,,,,,,,,,,
CONSUMER,DNLM.L,PETS.L,DUNELM GROUP PLC ORD 1P,PETS AT HOME GROUP PLC ORD 1P,-2.49253671248388,0.11730079976086577,0.05,,False,0.785024848075747,2.678613380942492,,,,,,,,,,,,,,
CONSUMER,SBRY.L,TSCO.L,SAINSBURY (J) PLC ORD 28 4/7P,TESCO PLC ORD 6 1/3P,-2.490685152649908,0.11775720921600136,0.05,,False,0.8451666965645523,0.6181894492244755,,,,,,,,,,,,,,
CONSUMER,ABF.L,SBRY.L,ASSOCIATED BRITISH FOODS PLC OR,SAINSBURY (J) PLC ORD 28 4/7P,-2.467274112434862,0.12364125654272284,0.05,,False,-0.46958811621807806,10.311312878755272,,,,,,,,,,,,,,
CONSUMER,BME.L,PETS.L,B&M EUROPEAN VALUE RETAIL PLC O,PETS AT HOME GROUP PLC ORD 1P,-2.4643958344395287,0.12437923505850962,0.05,,False,2.3934021266335748,-7.466812082819766,,,,,,,,,,,,,,
CONSUMER,EZJ.L,GRG.L,EASYJET PLC ORD 27 2/7P,GREGGS PLC ORD 2P,-2.4471665644663023,0.12886393302116506,0.05,,False,0.1904157225607045,4.723640178170854,,,,,,,,,,,,,,
CONSUMER,ABF.L,EZJ.L,ASSOCIATED BRITISH FOODS PLC OR,EASYJET PLC ORD 27 2/7P,-2.4214945860299744,0.13576139199675108,0.05,,False,0.5256715925225627,4.401719455498211,,,,,,,,,,,,,,
CONSUMER,NXT.L,SBRY.L,NEXT PLC ORD 10P,SAINSBURY (J) PLC ORD 28 4/7P,-2.375990583242409,0.1486278600886014,0.05,,False,1.4232700216813434,1.269073457385339,,,,,,,,,,,,,,
CONSUMER,ABF.L,DOM.L,ASSOCIATED BRITISH FOODS PLC OR,DOMINO'S PIZZA GROUP PLC ORD 25,-2.3745206319991277,0.14905727142937203,0.05,,False,0.21702817122807766,6.4552764889352945,,,,,,,,,,,,,,
CONSUMER,PETS.L,WTB.L,PETS AT HOME GROUP PLC ORD 1P,WHITBREAD PLC ORD 76 122/153P,-2.370867462601227,0.1501282110563263,0.05,,False,2.3414471089233686,-13.122834345606204,,,,,,,,,,,,,,
CONSUMER,EZJ.L,IHG.L,EASYJET PLC ORD 27 2/7P,INTERCONTINENTAL HOTELS GROUP P,-2.3212521895277662,0.16520529588268917,0.05,,False,-0.8921302578516253,10.458986865873483,,,,,,,,,,,,,,
CONSUMER,GRG.L,SBRY.L,GREGGS PLC ORD 2P,SAINSBURY (J) PLC ORD 28 4/7P,-2.3057642487892323,0.17011562579665995,0.05,,False,-3.5109381323925892,27.531312238712992,,,,,,,,,,,,,,
CONSUMER,DNLM.L,TSCO.L,DUNELM GROUP PLC ORD 1P,TESCO PLC ORD 6 1/3P,-2.2745354132045086,0.18031236198907624,0.05,,False,-1.2099077000499052,14.198659412645837,,,,,,,,,,,,,,
CONSUMER,TSCO.L,WTB.L,TESCO PLC ORD 6 1/3P,WHITBREAD PLC ORD 76 122/153P,-2.2526211905335276,0.18770392174219908,0.05,,False,-2.202846714656376,23.45880151748152,,,,,,,,,,,,,,
CONSUMER,EZJ.L,WTB.L,EASYJET PLC ORD 27 2/7P,WHITBREAD PLC ORD 76 122/153P,-2.183712457901195,0.2122099118640326,0.05,,False,1.4030942834452884,-4.958785376494503,,,,,,,,,,,,,,
CONSUMER,NXT.L,PETS.L,NEXT PLC ORD 10P,PETS AT HOME GROUP PLC ORD 1P,-2.1418538025022826,0.2280212513401651,0.05,,False,-0.8291631339923243,13.867595276221497,,,,,,,,,,,,,,
CONSUMER,GRG.L,PETS.L,GREGGS PLC ORD 2P,PETS AT HOME GROUP PLC ORD 1P,-2.115823450393587,0.23819969809452146,0.05,,False,1.670874297625314,-1.5056617459261403,,,,,,,,,,,,,,
CONSUMER,DNLM.L,EZJ.L,DUNELM GROUP PLC ORD 1P,EASYJET PLC ORD 27 2/7P,-2.1138552257440852,0.23897996581690018,0.05,,False,1.29892734035211,-1.058477044120127,,,,,,,,,,,,,,
CONSUMER,BME.L,WTB.L,B&M EUROPEAN VALUE RETAIL PLC O,WHITBREAD PLC ORD 76 122/153P,-2.1106130220599675,0.24026852234963264,0.05,,False,6.473400657660957,-45.77119379579108,,,,,,,,,,,,,,
CONSUMER,PETS.L,SBRY.L,PETS AT HOME GROUP PLC ORD 1P,SAINSBURY (J) PLC ORD 28 4/7P,-2.1027735419722746,0.2434008098948932,0.05,,False,-2.044201831465372,17.054424365037605,,,,,,,,,,,,,,
CONSUMER,SBRY.L,WTB.L,SAINSBURY (J) PLC ORD 28 4/7P,WHITBREAD PLC ORD 76 122/153P,-2.0942544906119074,0.2468311671512613,0.05,,False,-2.456806202199603,25.16477814147917,,,,,,,,,,,,,,
CONSUMER,NXT.L,WTB.L,NEXT PLC ORD 10P,WHITBREAD PLC ORD 76 122/153P,-2.0334287589338302,0.2721107684563565,0.05,,False,-2.683050642997366,30.631239069077772,,,,,,,,,,,,,,
CONSUMER,IHG.L,TSCO.L,INTERCONTINENTAL HOTELS GROUP P,TESCO PLC ORD 6 1/3P,-2.0280744957305608,0.2744006662096855,0.05,,False,0.8923353251836702,-0.5342845013677948,,,,,,,,,,,,,,
CONSUMER,DNLM.L,NXT.L,DUNELM GROUP PLC ORD 1P,NEXT PLC ORD 10P,-2.0215082938364732,0.2772228085945514,0.05,,False,-0.8344423001106676,14.757936467407653,,,,,,,,,,,,,,
CONSUMER,DOM.L,GRG.L,DOMINO'S PIZZA GROUP PLC ORD 25,GREGGS PLC ORD 2P,-1.999532940429038,0.2867779260579303,0.05,,False,0.903169453172382,-1.3801970588113166,,,,,,,,,,,,,,
CONSUMER,DNLM.L,SBRY.L,DUNELM GROUP PLC ORD 1P,SAINSBURY (J) PLC ORD 28 4/7P,-1.9312313963031318,0.31751447666136334,0.05,,False,-2.9592456553756166,23.755731836373386,,,,,,,,,,,,,,
CONSUMER,DOM.L,WTB.L,DOMINO'S PIZZA GROUP PLC ORD 25,WHITBREAD PLC ORD 76 122/153P,-1.9159748153413383,0.32458377281873496,0.05,,False,4.940907344194418,-33.70799726989734,,,,,,,,,,,,,,
CONSUMER,GRG.L,WTB.L,GREGGS PLC ORD 2P,WHITBREAD PLC ORD 76 122/153P,-1.8899914975979153,0.33678397531775217,0.05,,False,5.368070359100094,-34.98017870609094,,,,,,,,,,,,,,
CONSUMER,IHG.L,NXT.L,INTERCONTINENTAL HOTELS GROUP P,NEXT PLC ORD 10P,-1.8536127671348825,0.35418764403303693,0.05,,False,0.6593352650659889,-1.3572966909565105,,,,,,,,,,,,,,
CONSUMER,DOM.L,PETS.L,DOMINO'S PIZZA GROUP PLC ORD 25,PETS AT HOME GROUP PLC ORD 1P,-1.6675379794020648,0.44791068116441607,0.05,,False,1.531608803352194,-2.8628381029534546,,,,,,,,,,,,,,
CONSUMER,DOM.L,IHG.L,DOMINO'S PIZZA GROUP PLC ORD 25,INTERCONTINENTAL HOTELS GROUP P,-1.5657991812871324,0.5007472477358457,0.05,,False,-2.866140312204072,19.26081678829231,,,,,,,,,,,,,,
CONSUMER,BME.L,DNLM.L,B&M EUROPEAN VALUE RETAIL PLC O,DUNELM GROUP PLC ORD 1P,-1.548384252543361,0.5094551821617533,0.05,,False,4.337011565153747,-24.59560976084487,,,,,,,,,,,,,,
CONSUMER,IHG.L,SBRY.L,INTERCONTINENTAL HOTELS GROUP P,SAINSBURY (J) PLC ORD 28 4/7P,-1.4202082974072243,0.5725505843721118,0.05,,False,1.1825175404859882,-1.9062473509970355,,,,,,,,,,,,,,
CONSUMER,BME.L,IHG.L,B&M EUROPEAN VALUE RETAIL PLC O,INTERCONTINENTAL HOTELS GROUP P,-1.411760245325692,0.5766253039585424,0.05,,False,-4.050922436592578,25.04844655472772,,,,,,,,,,,,,,
CONSUMER,DNLM.L,GRG.L,DUNELM GROUP PLC ORD 1P,GREGGS PLC ORD 2P,-1.4047024303407845,0.5800196494989049,0.05,,False,0.3253383364552975,4.484292087818156,,,,,,,,,,,,,,
CONSUMER,DNLM.L,DOM.L,DUNELM GROUP PLC ORD 1P,DOMINO'S PIZZA GROUP PLC ORD 25,-1.3930065132214822,0.5856242536776436,0.05,,False,0.3362572912851841,5.112887355082358,,,,,,,,,,,,,,
CONSUMER,GRG.L,IHG.L,GREGGS PLC ORD 2P,INTERCONTINENTAL HOTELS GROUP P,-0.7664215353817686,0.828787090450992,0.05,,False,-3.3899477698040634,23.894686980371375,,,,,,,,,,,,,,
DE_AUTO,CON.DE,MBG.DE,CONTINENTAL AG                I,Mercedes-Benz Group AG        N,-2.9989238152013566,0.034995024693935936,0.05,,False,8.060156499882714,-27.611875062995104,,,,,,,,,,,,,,
DE_AUTO,BMW.DE,VOW3.DE,BAYERISCHE MOTOREN WERKE AG   S,VOLKSWAGEN AG                 V,-2.956463644797412,0.039165055279812386,0.05,,False,1.2497477876808814,-1.2554859419130135,,,,,,,,,,,,,,
DE_AUTO,CON.DE,PAH3.DE,CONTINENTAL AG                I,Porsche Automobil Holding SE  I,-2.763225795065633,0.0637217313987364,0.05,,False,-6.777438547352677,27.759328079298125,,,,,,,,,,,,,,
DE_AUTO,MBG.DE,VOW3.DE,Mercedes-Benz Group AG        N,VOLKSWAGEN AG                 V,-2.6551461387242696,0.08212669665748173,0.05,,False,0.820926236983226,0.2565377683536747,,,,,,,,,,,,,,
DE_AUTO,BMW.DE,MBG.DE,BAYERISCHE MOTOREN WERKE AG   S,Mercedes-Benz Group AG        N,-2.6066969118132297,0.09162103635350582,0.05,,False,1.536739257707148,-1.7023160494069547,,,,,,,,,,,,,,
DE_AUTO,CON.DE,VOW3.DE,CONTINENTAL AG                I,VOLKSWAGEN AG                 V,-2.53755225812775,0.10660270026918228,0.05,,False,5.240785828758516,-19.411519855240076,,,,,,,,,,,,,,
DE_AUTO,MBG.DE,PAH3.DE,Mercedes-Benz Group AG        N,Porsche Automobil Holding SE  I,-2.013643684253092,0.28062304620848777,0.05,,False,0.8804411438941349,0.8216883436608642,,,,,,,,,,,,,,
DE_AUTO,BMW.DE,CON.DE,BAYERISCHE MOTOREN WERKE AG   S,CONTINENTAL AG                I,-1.9287825523580184,0.3186443590139117,0.05,,False,0.33342575892598814,2.998810504566043,,,,,,,,,,,,,,
DE_AUTO,BMW.DE,PAH3.DE,BAYERISCHE MOTOREN WERKE AG   S,Porsche Automobil Holding SE  I,-1.8890247755429665,0.33724168654971654,0.05,,False,1.7572470023624391,-1.8599516896874198,,,,,,,,,,,,,,
DE_AUTO,PAH3.DE,VOW3.DE,Porsche Automobil Holding SE  I,VOLKSWAGEN AG                 V,-1.1229676371284705,0.7058263180883906,0.05,,False,0.8892621608035066,-0.44962243888211395,,,,,,,,,,,,,,
DE_BANKS_INSURANCE,ALV.DE,CBK.DE,Allianz SE                    v,Commerzbank AG                I,-3.6206094829677213,0.005379024578365285,0.05,,False,0.37784758689743936,4.5595721111905885,,,,,,,,,,,,,,
DE_BANKS_INSURANCE,CBK.DE,HNR1.DE,Commerzbank AG                I,HANNOVER RUECK SE NA O.N.,-3.2346809650462753,0.018062951196474133,0.05,,False,11.427584481810475,-59.444353853277164,,,,,,,,,,,,,,
DE_BANKS_INSURANCE,DBK.DE,HNR1.DE,DEUTSCHE BANK AG              N,HANNOVER RUECK SE NA O.N.,-3.1433639138353335,0.023506106523033893,0.05,,False,9.403423385701416,-48.427616197620225,,,,,,,,,,,,,,
DE_BANKS_INSURANCE,CBK.DE,DBK.DE,Commerzbank AG                I,DEUTSCHE BANK AG              N,-3.113092965864545,0.025599301573120733,0.05,,False,1.228758120253839,-0.633838266520999,,,,,,,,,,,,,,
DE_BANKS_INSURANCE,HNR1.DE,MUV2.DE,HANNOVER RUECK SE NA O.N.,MUENCHENER RUECKVERS.-GES. AG N,-2.9929432970971535,0.035558683447910786,0.05,,False,0.6457083175602104,1.474268810815853,,,,,,,,,,,,,,
DE_BANKS_INSURANCE,ALV.DE,HNR1.DE,Allianz SE                    v,HANNOVER RUECK SE NA O.N.,-2.439275751559095,0.13095649243704505,0.05,,False,3.4120577318718035,-12.940010185681828,,,,,,,,,,,,,,
DE_BANKS_INSURANCE,ALV.DE,DBK.DE,Allianz SE                    v,DEUTSCHE BANK AG              N,-2.3335236858175374,0.16138370860182716,0.05,,False,0.4577876993023823,4.340058525816451,,,,,,,,,,,,,,
DE_BANKS_INSURANCE,DBK.DE,MUV2.DE,DEUTSCHE BANK AG              N,MUENCHENER RUECKVERS.-GES. AG N,-2.1636946033408786,0.21968500307574068,0.05,,False,4.47993146188683,-24.695770592970085,,,,,,,,,,,,,,
DE_BANKS_INSURANCE,CBK.DE,MUV2.DE,Commerzbank AG                I,MUENCHENER RUECKVERS.-GES. AG N,-1.2471628548093516,0.6529857637922858,0.05,,False,5.75521460332843,-32.531623380526774,,,,,,,,,,,,,,
DE_BANKS_INSURANCE,ALV.DE,MUV2.DE,Allianz SE                    v,MUENCHENER RUECKVERS.-GES. AG N,-0.9268277474166933,0.7790093366190578,0.05,,False,1.8646346123359898,-5.8109361075802415,,,,,,,,,,,,,,
DE_CHEMICALS,BAS.DE,LXS.DE,BASF SE                       N,LANXESS AG                    I,-3.3629213169268732,0.012289724111859019,0.05,,False,-0.18478987200912692,4.329430927132875,,,,,,,,,,,,,,
DE_CHEMICALS,LXS.DE,WCH.DE,LANXESS AG                    I,Wacker Chemie AG              I,-2.940767175056076,0.040808577178122654,0.05,,False,-3.196413325920226,16.848259154897303,,,,,,,,,,,,,,
DE_CHEMICALS,LXS.DE,SY1.DE,LANXESS AG                    I,Symrise AG                    I,-2.761268881089399,0.06402274963307424,0.05,,False,1.1620611585379417,-2.103350529191719,,,,,,,,,,,,,,
DE_CHEMICALS,BAS.DE,SY1.DE,BASF SE                       N,Symrise AG                    I,-2.675273811085641,0.07841557915928035,0.05,,False,-0.27755960140931973,4.999592285447267,,,,,,,,,,,,,,
DE_CHEMICALS,BAS.DE,WCH.DE,BASF SE                       N,Wacker Chemie AG              I,-2.3573037778689345,0.15415135566727306,0.05,,False,0.3701788586180167,2.164152194052662,,,,,,,,,,,,,,
DE_CHEMICALS,SY1.DE,WCH.DE,Symrise AG                    I,Wacker Chemie AG              I,-1.78071603491393,0.3900767975089326,0.05,,False,2.689292876729886,-7.083577167712808,,,,,,,,,,,,,,
DE_HEALTHCARE,FRE.DE,MRK.DE,Fresenius SE & Co. KGaA       N,MERCK KGAA                    I,-3.041657502786055,0.031183030132961465,0.05,,False,-1.328115017915218,10.067521112890264,,,,,,,,,,,,,,
DE_HEALTHCARE,FME.DE,MRK.DE,Fresenius Medical Care AG     I,MERCK KGAA                    I,-2.9139267619749547,0.04375230798598003,0.05,,False,-0.6769132657482291,6.942925873674481,,,,,,,,,,,,,,
DE_HEALTHCARE,BAYN.DE,SHL.DE,Bayer AG                      N,Siemens Healthineers AG       N,-2.484410546776548,0.1193136292097901,0.05,,False,-2.485128105075738,12.815638950963777,,,,,,,,,,,,,,
DE_HEALTHCARE,BAYN.DE,FME.DE,Bayer AG                      N,Fresenius Medical Care AG     I,-2.350749461732973,0.15612197417086005,0.05,,False,-5.650302689389774,24.08381230505924,,,,,,,,,,,,,,
DE_HEALTHCARE,BAYN.DE,FRE.DE,Bayer AG                      N,Fresenius SE & Co. KGaA       N,-2.091453929586108,0.2479648761103146,0.05,,False,1.7456302692030825,-3.039961564677824,,,,,,,,,,,,,,
DE_HEALTHCARE,BAYN.DE,MRK.DE,Bayer AG                      N,MERCK KGAA                    I,-2.0805617976742408,0.25240228767138007,0.05,,False,-4.592477765219869,25.521180524666743,,,,,,,,,,,,,,
DE_HEALTHCARE,FME.DE,FRE.DE,Fresenius Medical Care AG     I,Fresenius SE & Co. KGaA       N,-1.8757287216673868,0.3435637993474588,0.05,,False,0.40529624673907955,2.192805817605608,,,,,,,,,,,,,,
DE_HEALTHCARE,FME.DE,SHL.DE,Fresenius Medical Care AG     I,Siemens Healthineers AG       N,-1.7264807382868694,0.41752302806219943,0.05,,False,0.4847189074945916,1.8229471502464865,,,,,,,,,,,,,,
DE_HEALTHCARE,FRE.DE,SHL.DE,Fresenius SE & Co. KGaA       N,Siemens Healthineers AG       N,-1.7129359641542432,0.4244601055315012,0.05,,False,-2.0829071249667734,11.598639208607127,,,,,,,,,,,,,,
DE_HEALTHCARE,MRK.DE,SHL.DE,MERCK KGAA                    I,Siemens Healthineers AG       N,-0.5151433246934229,0.8890273474114827,0.05,,False,1.3518206325647912,-0.3267588092545308,,,,,,,,,,,,,,
DE_INDUSTRIALS,KGX.DE,MTX.DE,KION GROUP AG                 I,MTU Aero Engines AG           N,-3.5629324054461504,0.006510528691743098,0.05,0.006510528691743098,True,2.119408855855775,-8.462548583340347,22.392171633063874,-0.0015895580329058983,-0.03095488869585372,63.0,1.1144783321262048,2.8913598388466912,False,,0.6,-0.040789516398167545,-0.35943857595612627,-0.11330066001026307,True,reversion signs agree
DE_INDUSTRIALS,HEI.DE,MTX.DE,Heidelberg Materials AG       I,MTU Aero Engines AG           N,-2.9678862406781157,0.03800421182142241,0.05,0.006510528691743098,False,2.5769541533252367,-9.848088998343101,,,,,,,,,,,,,,
DE_INDUSTRIALS,HEI.DE,SIE.DE,Heidelberg Materials AG       I,SIEMENS AG                    N,-2.0669389361974546,0.2580146748539033,0.05,0.006510528691743098,False,2.0941252344017074,-6.144317327952251,,,,,,,,,,,,,,
DE_INDUSTRIALS,HEI.DE,KGX.DE,Heidelberg Materials AG       I,KION GROUP AG                 I,-2.005980165017624,0.28395717680645594,0.05,0.006510528691743098,False,1.318274213823703,0.05513488329167604,,,,,,,,,,,,,,
DE_INDUSTRIALS,MTX.DE,SIE.DE,MTU Aero Engines AG           N,SIEMENS AG                    N,-1.8596611514736088,0.3512690855190305,0.05,0.006510528691743098,False,0.8391935553406975,1.2955788184009336,,,,,,,,,,,,,,
DE_INDUSTRIALS,KGX.DE,SIE.DE,KION GROUP AG                 I,SIEMENS AG                    N,-0.6883097102107949,0.8497543934456129,0.05,0.006510528691743098,False,1.7954779654298278,-5.806763763642708,,,,,,,,,,,,,,
DE_REAL_ESTATE,GYC.DE,LEG.DE,Grand City Properties S.A.    A,LEG Immobilien SE             N,-3.49271049317548,0.008176289509738118,0.05,,False,0.6929282217023693,-0.5687000827704534,,,,,,,,,,,,,,
DE_REAL_ESTATE,GYC.DE,VNA.DE,Grand City Properties S.A.    A,Vonovia SE                    N,-3.2515799118624575,0.017186545711503843,0.05,,False,0.9405697432280293,-0.688387467912452,,,,,,,,,,,,,,
DE_REAL_ESTATE,DWNI.DE,LEG.DE,Deutsche Wohnen SE            I,LEG Immobilien SE             N,-3.0741074764624563,0.028529642027945154,0.05,,False,0.5411767730185949,0.7979818359941597,,,,,,,,,,,,,,
DE_REAL_ESTATE,LEG.DE,VNA.DE,LEG Immobilien SE             N,Vonovia SE                    N,-2.901922283563432,0.045124918257777945,0.05,,False,1.3610924755770626,-0.1846926902281325,,,,,,,,,,,,,,
DE_REAL_ESTATE,DWNI.DE,VNA.DE,Deutsche Wohnen SE            I,Vonovia SE                    N,-2.8660156457663146,0.049445044885125904,0.05,,False,0.8891314674060525,0.2058350698674558,,,,,,,,,,,,,,
DE_REAL_ESTATE,DWNI.DE,GYC.DE,Deutsche Wohnen SE            I,Grand City Properties S.A.    A,-2.733728684951161,0.06838136563000445,0.05,,False,0.947913542040754,0.8504701537544155,,,,,,,,,,,,,,
DE_REAL_ESTATE,AT1.DE,DWNI.DE,Aroundtown SA                 B,Deutsche Wohnen SE            I,-1.7045602573845446,0.4287644399920113,0.05,,False,1.9131216712627312,-4.922533668596661,,,,,,,,,,,,,,
DE_REAL_ESTATE,AT1.DE,VNA.DE,Aroundtown SA                 B,Vonovia SE                    N,-1.390032089961697,0.5870454207612908,0.05,,False,2.565280087442477,-7.317437060587971,,,,,,,,,,,,,,
DE_REAL_ESTATE,AT1.DE,GYC.DE,Aroundtown SA                 B,Grand City Properties S.A.    A,-1.3825064361191386,0.5906334280043362,0.05,,False,3.3073949750898963,-6.800994359532951,,,,,,,,,,,,,,
DE_REAL_ESTATE,AT1.DE,LEG.DE,Aroundtown SA                 B,LEG Immobilien SE             N,-0.9590363087143932,0.7679102552404422,0.05,,False,2.7046961915029097,-10.419059320778274,,,,,,,,,,,,,,
DE_SOFTWARE,NEM.DE,SAP.DE,Nemetschek SE                 I,SAP SE                        I,-3.422022260946522,0.010230655321628458,0.05,0.010230655321628458,True,1.2177123612191765,-1.9550217177644287,15.82356777118643,-0.0004727049854930402,-0.04380473421563726,47.0,-1.1339463139565324,3.9491474106943403,False,,0.4,-0.0049495844579633165,0.11593717267076831,0.09086603419072325,True,mixed signal
DE_SOFTWARE,SAP.DE,TMV.DE,SAP SE                        I,TeamViewer SE                 I,-1.8304552111168273,0.36544975474057956,0.05,0.010230655321628458,False,0.3816741150384136,4.5111330694650285,,,,,,,,,,,,,,
DE_SOFTWARE,NEM.DE,TMV.DE,Nemetschek SE                 I,TeamViewer SE                 I,-1.0931175293031918,0.7178087361206287,0.05,0.010230655321628458,False,0.5097610056742286,3.441124180879613,,,,,,,,,,,,,,
DE_UTILITIES_ENERGY,ENR.DE,EOAN.DE,Siemens Energy AG             N,E.ON SE                       N,-2.056168697628505,0.26250048958711314,0.05,,False,3.702230195565228,-5.495464574937691,,,,,,,,,,,,,,
DE_UTILITIES_ENERGY,EOAN.DE,RWE.DE,E.ON SE                       N,RWE AG                        I,-1.9587518823068895,0.3049464999736618,0.05,,False,0.7411204352605312,-0.025409970939635595,,,,,,,,,,,,,,
DE_UTILITIES_ENERGY,ENR.DE,RWE.DE,Siemens Energy AG             N,RWE AG                        I,-1.5878886361863498,0.48967455771967255,0.05,,False,2.880654306320835,-6.082464299175016,,,,,,,,,,,,,,
ENERGY_UTILITIES,SSE.L,SVT.L,SSE PLC ORD 50P,SEVERN TRENT PLC ORD 97 17/19P,-4.418052198594939,0.0002757418371748727,0.05,0.0028937273124424747,True,2.329561525823939,-10.846376306433964,10.243990883934996,-0.00031200316296558784,-0.06766378342321294,31.0,1.6590964158710877,3.248192127313535,True,2026-09-08 00:00:00,0.4,-0.012689601262781519,-0.4542464546163063,-0.24556349252272724,True,mixed signal
ENERGY_UTILITIES,NG.L,SVT.L,NATIONAL GRID PLC ORD 12 204/47,SEVERN TRENT PLC ORD 97 17/19P,-4.267815769098195,0.0005048051440025682,0.05,0.0028937273124424747,True,1.4405100617373343,-4.403814107141764,9.795039284545808,6.770658972373235e-05,-0.0707651251234452,29.0,1.0440966099062667,2.4586910682752428,False,,0.4,-0.011271668993952235,-0.27731376311590106,-0.2404906785096148,True,mixed signal
ENERGY_UTILITIES,GCP.L,HICL.L,GCP INFRASTRUCTURE INVESTMENTS ,HICL INFRASTRUCTURE PLC ORD 0.0,-4.036595452176873,0.0012305550765732876,0.05,0.0028937273124424747,True,0.776624036194528,0.5917420238769053,10.97225781585196,-4.699627058618976e-05,-0.06317270266458141,33.0,1.7668393087721,2.821081389105313,False,,0.2,-0.0004760907004766916,-0.31670442275701616,-0.30323389230457964,False,still diverging
ENERGY_UTILITIES,ENOG.L,UU.L,ENERGEAN PLC ORD 1P,UNITED UTILITIES GROUP PLC ORD ,-3.9961985293466222,0.0014305482019119115,0.05,0.0028937273124424747,True,-0.5797586390889226,10.894832793211418,13.532009420897264,-0.0004768196402513729,-0.051222782884671164,41.0,0.3051836967697484,3.3075246543928354,True,2026-09-09 00:00:00,0.6,-0.007435635850149766,-0.21852395404188835,2.56529304953931,True,reversion signs agree
ENERGY_UTILITIES,ENOG.L,NG.L,ENERGEAN PLC ORD 1P,NATIONAL GRID PLC ORD 12 204/47,-3.963184732239076,0.0016160417976577937,0.05,0.0028937273124424747,True,-0.5470163642270153,10.636016287280501,14.052497106152812,-0.00041605191294496904,-0.04932555227187732,42.0,0.2845057772342478,2.876712702840927,True,2026-09-09 00:00:00,0.6,-0.010422950265232867,-0.16029668975485428,2.2716135460969706,True,reversion signs agree
ENERGY_UTILITIES,ENOG.L,SVT.L,ENERGEAN PLC ORD 1P,SEVERN TRENT PLC ORD 97 17/19P,-3.8792971040043054,0.0021926036912083904,0.05,0.0028937273124424747,True,-0.992380997904891,14.659907679732141,13.98777620091985,-0.00037983831436427996,-0.049553779714774336,42.0,-0.016544180682048566,2.880671091091157,True,2026-09-09 00:00:00,0.6,-0.003001601363982386,-0.043658248801678234,2.809898774169849,True,reversion signs agree
ENERGY_UTILITIES,CNA.L,ENOG.L,CENTRICA PLC ORD 6 14/81P,ENERGEAN PLC ORD 1P,-3.801330914522078,0.0028937273124424747,0.05,0.0028937273124424747,True,-3.5805461385339012,29.462149917552612,14.429633683186157,-0.002038679482774846,-0.04803636708862687,43.0,0.6944340639044042,3.1577266771321515,True,2026-09-09 00:00:00,0.6,-0.04624589046344271,-0.19462740094216946,2.0740378113434086,True,reversion signs agree
ENERGY_UTILITIES,TRIG.L,UKW.L,THE RENEWABLES INFRASTRUCTURE G,GREENCOAT UK WIND PLC ORD 1P,-3.5795897394844745,0.0061634328426181245,0.05,0.0028937273124424747,False,1.084849635534775,-0.7551968894308008,,,,,,,,,,,,,,
ENERGY_UTILITIES,NG.L,UU.L,NATIONAL GRID PLC ORD 12 204/47,UNITED UTILITIES GROUP PLC ORD ,-3.572481519978034,0.0063094468613394085,0.05,0.0028937273124424747,False,1.0630856500146308,-0.49584541148143035,,,,,,,,,,,,,,
ENERGY_UTILITIES,ENOG.L,SSE.L,ENERGEAN PLC ORD 1P,SSE PLC ORD 50P,-3.5647930476099416,0.006470899088244169,0.05,0.0028937273124424747,False,-0.22091380912326547,8.489145206406072,,,,,,,,,,,,,,
ENERGY_UTILITIES,ENOG.L,UKW.L,ENERGEAN PLC ORD 1P,GREENCOAT UK WIND PLC ORD 1P,-3.479411039011635,0.008531876798442986,0.05,0.0028937273124424747,False,0.3994568368009283,4.926104217150213,,,,,,,,,,,,,,
ENERGY_UTILITIES,HBR.L,PNN.L,HARBOUR ENERGY PLC ORD 0.002P,PENNON GROUP PLC ORD 61 1/20P,-3.399235434777651,0.010984963212895374,0.05,0.0028937273124424747,False,2.2496598628918525,-8.635466076478135,,,,,,,,,,,,,,
ENERGY_UTILITIES,BP.L,SVT.L,BP PLC $0.25,SEVERN TRENT PLC ORD 97 17/19P,-3.3483186970773713,0.012852027262440198,0.05,0.0028937273124424747,False,2.209209242913199,-11.38284093046132,,,,,,,,,,,,,,
ENERGY_UTILITIES,FSFL.L,SVT.L,FORESIGHT SOLAR FUND LIMITED OR,SEVERN TRENT PLC ORD 97 17/19P,-3.26694679202062,0.01642217116829531,0.05,0.0028937273124424747,False,-2.1077182741967713,20.98980602637784,,,,,,,,,,,,,,
ENERGY_UTILITIES,GCP.L,INPP.L,GCP INFRASTRUCTURE INVESTMENTS ,INTERNATIONAL PUBLIC PARTNERSHI,-3.237153112626463,0.01793234958073558,0.05,0.0028937273124424747,False,0.6313863128221112,1.269117384972105,,,,,,,,,,,,,,
ENERGY_UTILITIES,CNA.L,SVT.L,CENTRICA PLC ORD 6 14/81P,SEVERN TRENT PLC ORD 97 17/19P,-3.1724380409087374,0.021636539544665365,0.05,0.0028937273124424747,False,2.596560539839055,-15.46948500810947,,,,,,,,,,,,,,
ENERGY_UTILITIES,INPP.L,SSE.L,INTERNATIONAL PUBLIC PARTNERSHI,SSE PLC ORD 50P,-3.1480409103344735,0.023196251403606538,0.05,0.0028937273124424747,False,0.23917360450921119,3.0074824799808315,,,,,,,,,,,,,,
ENERGY_UTILITIES,CNA.L,UKW.L,CENTRICA PLC ORD 6 14/81P,GREENCOAT UK WIND PLC ORD 1P,-3.1333204416136415,0.02418359659466807,0.05,0.0028937273124424747,False,-1.373675299802988,11.555777471087945,,,,,,,,,,,,,,
ENERGY_UTILITIES,BP.L,ENOG.L,BP PLC $0.25,ENERGEAN PLC ORD 1P,-3.1178902036211906,0.025257251491826033,0.05,0.0028937273124424747,False,-4.714500694242255,38.221027038038756,,,,,,,,,,,,,,
ENERGY_UTILITIES,GCP.L,HBR.L,GCP INFRASTRUCTURE INVESTMENTS ,HARBOUR ENERGY PLC ORD 0.002P,-3.0853695898548836,0.027655021158896165,0.05,0.0028937273124424747,False,0.11146908379539226,3.700767474852303,,,,,,,,,,,,,,
ENERGY_UTILITIES,ENOG.L,PNN.L,ENERGEAN PLC ORD 1P,PENNON GROUP PLC ORD 61 1/20P,-3.078895703650777,0.028154937380439428,0.05,0.0028937273124424747,False,0.4335722447993976,4.102356794116414,,,,,,,,,,,,,,
ENERGY_UTILITIES,NG.L,SSE.L,NATIONAL GRID PLC ORD 12 204/47,SSE PLC ORD 50P,-3.0360525495579065,0.031661978186994455,0.05,0.0028937273124424747,False,0.6209716712090364,2.2834277437066373,,,,,,,,,,,,,,
ENERGY_UTILITIES,HBR.L,HICL.L,HARBOUR ENERGY PLC ORD 0.002P,HICL INFRASTRUCTURE PLC ORD 0.0,-2.9712653612292126,0.03766639030335508,0.05,0.0028937273124424747,False,6.2687472859753655,-24.547938162209654,,,,,,,,,,,,,,
ENERGY_UTILITIES,SVT.L,UU.L,SEVERN TRENT PLC ORD 97 17/19P,UNITED UTILITIES GROUP PLC ORD ,-2.969489161204631,0.037843646839033,0.05,0.0028937273124424747,False,0.738290311596722,2.71081276975136,,,,,,,,,,,,,,
ENERGY_UTILITIES,CNA.L,UU.L,CENTRICA PLC ORD 6 14/81P,UNITED UTILITIES GROUP PLC ORD ,-2.967403891892149,0.03805264065481006,0.05,0.0028937273124424747,False,1.7334371411656047,-7.140161181716379,,,,,,,,,,,,,,
ENERGY_UTILITIES,ENOG.L,HICL.L,ENERGEAN PLC ORD 1P,HICL INFRASTRUCTURE PLC ORD 0.0,-2.9408608078123004,0.04079860494815695,0.05,0.0028937273124424747,False,-5.829036697111898,34.72348948890872,,,,,,,,,,,,,,
ENERGY_UTILITIES,BP.L,NG.L,BP PLC $0.25,NATIONAL GRID PLC ORD 12 204/47,-2.9372679372837913,0.041182721448377924,0.05,0.0028937273124424747,False,1.227538673347311,-2.4932619625110792,,,,,,,,,,,,,,
ENERGY_UTILITIES,INPP.L,SVT.L,INTERNATIONAL PUBLIC PARTNERSHI,SEVERN TRENT PLC ORD 97 17/19P,-2.9305558330002075,0.04190840749054922,0.05,0.0028937273124424747,False,0.5200717788213192,0.7064222286332908,,,,,,,,,,,,,,
ENERGY_UTILITIES,BP.L,SSE.L,BP PLC $0.25,SSE PLC ORD 50P,-2.916905076504997,0.04341718817350914,0.05,0.0028937273124424747,False,0.6534475900400543,1.1323276524717985,,,,,,,,,,,,,,
ENERGY_UTILITIES,CNA.L,TRIG.L,CENTRICA PLC ORD 6 14/81P,THE RENEWABLES INFRASTRUCTURE G,-2.9100419278623897,0.04419265763895064,0.05,0.0028937273124424747,False,-1.2627910632342336,10.584411909452303,,,,,,,,,,,,,,
ENERGY_UTILITIES,BP.L,GCP.L,BP PLC $0.25,GCP INFRASTRUCTURE INVESTMENTS ,-2.88737882673611,0.0468354765015918,0.05,0.0028937273124424747,False,9.683506662449583,-35.65948136452123,,,,,,,,,,,,,,
ENERGY_UTILITIES,GCP.L,SSE.L,GCP INFRASTRUCTURE INVESTMENTS ,SSE PLC ORD 50P,-2.8814852640462116,0.04754375993493782,0.05,0.0028937273124424747,False,0.05602475330014929,3.886027246033521,,,,,,,,,,,,,,
ENERGY_UTILITIES,SVT.L,TRIG.L,SEVERN TRENT PLC ORD 97 17/19P,THE RENEWABLES INFRASTRUCTURE G,-2.8696938823556835,0.04898739326869711,0.05,0.0028937273124424747,False,-0.39037561320263364,9.613129143259908,,,,,,,,,,,,,,
ENERGY_UTILITIES,UKW.L,UU.L,GREENCOAT UK WIND PLC ORD 1P,UNITED UTILITIES GROUP PLC ORD ,-2.86603794850412,0.04944225937806126,0.05,0.0028937273124424747,False,-1.3216124242680087,14.029948975182979,,,,,,,,,,,,,,
ENERGY_UTILITIES,DCC.L,GCP.L,DCC ENERGY PLC ORD EUR0.25 (CDI,GCP INFRASTRUCTURE INVESTMENTS ,-2.845165116184415,0.05210623888686284,0.05,0.0028937273124424747,False,5.154602256840387,-13.683318738322194,,,,,,,,,,,,,,
ENERGY_UTILITIES,HICL.L,INPP.L,HICL INFRASTRUCTURE PLC ORD 0.0,INTERNATIONAL PUBLIC PARTNERSHI,-2.774489510074568,0.062011168907656955,0.05,0.0028937273124424747,False,0.9069126417185626,0.4199163252677742,,,,,,,,,,,,,,
ENERGY_UTILITIES,HICL.L,SSE.L,HICL INFRASTRUCTURE PLC ORD 0.0,SSE PLC ORD 50P,-2.751544844409601,0.06553550903353496,0.05,0.0028937273124424747,False,0.12314158172236704,3.8562580617993234,,,,,,,,,,,,,,
ENERGY_UTILITIES,GCP.L,SVT.L,GCP INFRASTRUCTURE INVESTMENTS ,SEVERN TRENT PLC ORD 97 17/19P,-2.7393323130436062,0.06747583218304402,0.05,0.0028937273124424747,False,-0.005780881970630166,4.355207904896722,,,,,,,,,,,,,,
ENERGY_UTILITIES,CNA.L,GCP.L,CENTRICA PLC ORD 6 14/81P,GCP INFRASTRUCTURE INVESTMENTS ,-2.7386241460661185,0.0675897387879204,0.05,0.0028937273124424747,False,-32.09742316590067,143.3706260624509,,,,,,,,,,,,,,
ENERGY_UTILITIES,GCP.L,UU.L,GCP INFRASTRUCTURE INVESTMENTS ,UNITED UTILITIES GROUP PLC ORD ,-2.737369784287268,0.06779187615959574,0.05,0.0028937273124424747,False,-0.047636354290109324,4.644411699969067,,,,,,,,,,,,,,
ENERGY_UTILITIES,GCP.L,TRIG.L,GCP INFRASTRUCTURE INVESTMENTS ,THE RENEWABLES INFRASTRUCTURE G,-2.7361872940842207,0.06798287333562447,0.05,0.0028937273124424747,False,0.14030112649786577,3.694160641925169,,,,,,,,,,,,,,
ENERGY_UTILITIES,SSE.L,UU.L,SSE PLC ORD 50P,UNITED UTILITIES GROUP PLC ORD ,-2.7306593436835422,0.06888145830295406,0.05,0.0028937273124424747,False,1.7478639737991122,-4.7280059294973436,,,,,,,,,,,,,,
ENERGY_UTILITIES,GCP.L,NG.L,GCP INFRASTRUCTURE INVESTMENTS ,NATIONAL GRID PLC ORD 12 204/47,-2.7304606785281345,0.06891392732650838,0.05,0.0028937273124424747,False,-0.01388677551671894,4.406428981163783,,,,,,,,,,,,,,
ENERGY_UTILITIES,ENOG.L,TRIG.L,ENERGEAN PLC ORD 1P,THE RENEWABLES INFRASTRUCTURE G,-2.728867179772726,0.06917480380777744,0.05,0.0028937273124424747,False,0.33010291496756095,5.371336909145218,,,,,,,,,,,,,,
ENERGY_UTILITIES,BP.L,UU.L,BP PLC $0.25,UNITED UTILITIES GROUP PLC ORD ,-2.7224983989287592,0.07022532076466526,0.05,0.0028937273124424747,False,1.3737029802401772,-3.5850547060361055,,,,,,,,,,,,,,
ENERGY_UTILITIES,DCC.L,HICL.L,DCC ENERGY PLC ORD EUR0.25 (CDI,HICL INFRASTRUCTURE PLC ORD 0.0,-2.717403945838001,0.07107474199654204,0.05,0.0028937273124424747,False,3.0932788247572214,-6.277280433158618,,,,,,,,,,,,,,
ENERGY_UTILITIES,GCP.L,PNN.L,GCP INFRASTRUCTURE INVESTMENTS ,PENNON GROUP PLC ORD 61 1/20P,-2.7119891688689877,0.07198649765714461,0.05,0.0028937273124424747,False,0.1835673167476459,3.159268379741426,,,,,,,,,,,,,,
ENERGY_UTILITIES,FSFL.L,GCP.L,FORESIGHT SOLAR FUND LIMITED OR,GCP INFRASTRUCTURE INVESTMENTS ,-2.6743932948877362,0.07857512718326677,0.05,0.0028937273124424747,False,6.581695424119287,-24.02711917816296,,,,,,,,,,,,,,
ENERGY_UTILITIES,GCP.L,UKW.L,GCP INFRASTRUCTURE INVESTMENTS ,GREENCOAT UK WIND PLC ORD 1P,-2.668691926342032,0.07961437818199346,0.05,0.0028937273124424747,False,0.14380245916581466,3.628029686269021,,,,,,,,,,,,,,
ENERGY_UTILITIES,NG.L,UKW.L,NATIONAL GRID PLC ORD 12 204/47,GREENCOAT UK WIND PLC ORD 1P,-2.668390470761348,0.0796696261626057,0.05,0.0028937273124424747,False,-0.8239606036831593,10.882410262428472,,,,,,,,,,,,,,
ENERGY_UTILITIES,BP.L,FSFL.L,BP PLC $0.25,FORESIGHT SOLAR FUND LIMITED OR,-2.6555209911590856,0.08205635046149562,0.05,0.0028937273124424747,False,-0.9215832859343849,10.06874891029798,,,,,,,,,,,,,,
ENERGY_UTILITIES,BP.L,INPP.L,BP PLC $0.25,INTERNATIONAL PUBLIC PARTNERSHI,-2.650321895335716,0.08303623751559613,0.05,0.0028937273124424747,False,3.7717411605943085,-12.090756455502415,,,,,,,,,,,,,,
ENERGY_UTILITIES,ENOG.L,GCP.L,ENERGEAN PLC ORD 1P,GCP INFRASTRUCTURE INVESTMENTS ,-2.649367932412136,0.08321701942589038,0.05,0.0028937273124424747,False,24.98968555255923,-100.87469457278935,,,,,,,,,,,,,,
ENERGY_UTILITIES,BP.L,HICL.L,BP PLC $0.25,HICL INFRASTRUCTURE PLC ORD 0.0,-2.6331450688609537,0.08633850187852243,0.05,0.0028937273124424747,False,7.517655506380386,-29.915994545683386,,,,,,,,,,,,,,
ENERGY_UTILITIES,CNA.L,NG.L,CENTRICA PLC ORD 6 14/81P,NATIONAL GRID PLC ORD 12 204/47,-2.6284698250917784,0.08725472359239916,0.05,0.0028937273124424747,False,1.6272752977551401,-6.308650613059675,,,,,,,,,,,,,,
ENERGY_UTILITIES,CNA.L,PNN.L,CENTRICA PLC ORD 6 14/81P,PENNON GROUP PLC ORD 61 1/20P,-2.6159268130430386,0.08974999419877422,0.05,0.0028937273124424747,False,-4.013336171952434,30.19397463070614,,,,,,,,,,,,,,
ENERGY_UTILITIES,HICL.L,SVT.L,HICL INFRASTRUCTURE PLC ORD 0.0,SEVERN TRENT PLC ORD 97 17/19P,-2.58966726138082,0.09515169501477538,0.05,0.0028937273124424747,False,0.2547000519988502,2.7747574447339347,,,,,,,,,,,,,,
ENERGY_UTILITIES,ENOG.L,FSFL.L,ENERGEAN PLC ORD 1P,FORESIGHT SOLAR FUND LIMITED OR,-2.573978649266368,0.09849549107913919,0.05,0.0028937273124424747,False,0.2834660410053382,5.589827995528317,,,,,,,,,,,,,,
ENERGY_UTILITIES,INPP.L,UU.L,INTERNATIONAL PUBLIC PARTNERSHI,UNITED UTILITIES GROUP PLC ORD ,-2.5586890968576794,0.10183945974938619,0.05,0.0028937273124424747,False,0.33185752367686466,2.4825415804812025,,,,,,,,,,,,,,
ENERGY_UTILITIES,HBR.L,INPP.L,HARBOUR ENERGY PLC ORD 0.002P,INTERNATIONAL PUBLIC PARTNERSHI,-2.5347629004266876,0.10724357865745787,0.05,0.0028937273124424747,False,5.088603274141225,-19.042670768459317,,,,,,,,,,,,,,
ENERGY_UTILITIES,HICL.L,UU.L,HICL INFRASTRUCTURE PLC ORD 0.0,UNITED UTILITIES GROUP PLC ORD ,-2.5177555799381084,0.11121375233518288,0.05,0.0028937273124424747,False,0.1364895545455949,3.8276133529506198,,,,,,,,,,,,,,
ENERGY_UTILITIES,INPP.L,NG.L,INTERNATIONAL PUBLIC PARTNERSHI,NATIONAL GRID PLC ORD 12 204/47,-2.5107979405967527,0.11286912599711019,0.05,0.0028937273124424747,False,0.27797068390231294,2.875914500037198,,,,,,,,,,,,,,
ENERGY_UTILITIES,HICL.L,NG.L,HICL INFRASTRUCTURE PLC ORD 0.0,NATIONAL GRID PLC ORD 12 204/47,-2.4925573586944925,0.11729571783476689,0.05,0.0028937273124424747,False,0.08903917684207359,4.165846117675649,,,,,,,,,,,,,,
ENERGY_UTILITIES,FSFL.L,TRIG.L,FORESIGHT SOLAR FUND LIMITED OR,THE RENEWABLES INFRASTRUCTURE G,-2.4721603859494055,0.12239576241267591,0.05,0.0028937273124424747,False,0.9309371839430227,0.2537468384693744,,,,,,,,,,,,,,
ENERGY_UTILITIES,TRIG.L,UU.L,THE RENEWABLES INFRASTRUCTURE G,UNITED UTILITIES GROUP PLC ORD ,-2.466533213349539,0.12383091389902329,0.05,0.0028937273124424747,False,-1.5373899244646643,15.193759390520128,,,,,,,,,,,,,,
ENERGY_UTILITIES,CNA.L,FSFL.L,CENTRICA PLC ORD 6 14/81P,FORESIGHT SOLAR FUND LIMITED OR,-2.419208934449454,0.13638806160126776,0.05,0.0028937273124424747,False,-1.4151058350367656,11.182898902139204,,,,,,,,,,,,,,
ENERGY_UTILITIES,ENOG.L,INPP.L,ENERGEAN PLC ORD 1P,INTERNATIONAL PUBLIC PARTNERSHI,-2.3924789799935455,0.14387042290368374,0.05,0.0028937273124424747,False,-6.040820557553951,35.90853440747939,,,,,,,,,,,,,,
ENERGY_UTILITIES,HICL.L,PNN.L,HICL INFRASTRUCTURE PLC ORD 0.0,PENNON GROUP PLC ORD 61 1/20P,-2.3433358355108256,0.15837183058264892,0.05,0.0028937273124424747,False,0.28971081047735514,2.9717397459633244,,,,,,,,,,,,,,
ENERGY_UTILITIES,CNA.L,HICL.L,CENTRICA PLC ORD 6 14/81P,HICL INFRASTRUCTURE PLC ORD 0.0,-2.33544038104348,0.16079231323572368,0.05,0.0028937273124424747,False,-80.58954733554782,390.8374515303917,,,,,,,,,,,,,,
ENERGY_UTILITIES,BP.L,UKW.L,BP PLC $0.25,GREENCOAT UK WIND PLC ORD 1P,-2.3327081752064616,0.1616357845230162,0.05,0.0028937273124424747,False,-0.9409170607754378,10.531080823643556,,,,,,,,,,,,,,
ENERGY_UTILITIES,PNN.L,TRIG.L,PENNON GROUP PLC ORD 61 1/20P,THE RENEWABLES INFRASTRUCTURE G,-2.3031405996517575,0.17095706626420182,0.05,0.0028937273124424747,False,0.5700319892584974,3.7659667596576165,,,,,,,,,,,,,,
ENERGY_UTILITIES,NG.L,TRIG.L,NATIONAL GRID PLC ORD 12 204/47,THE RENEWABLES INFRASTRUCTURE G,-2.287656515660917,0.1759799002515008,0.05,0.0028937273124424747,False,-0.7229044876205454,10.148245083421937,,,,,,,,,,,,,,
ENERGY_UTILITIES,FSFL.L,UKW.L,FORESIGHT SOLAR FUND LIMITED OR,GREENCOAT UK WIND PLC ORD 1P,-2.259636444134625,0.18531652853779967,0.05,0.0028937273124424747,False,1.0179027385324697,-0.48709303268510595,,,,,,,,,,,,,,
ENERGY_UTILITIES,HICL.L,TRIG.L,HICL INFRASTRUCTURE PLC ORD 0.0,THE RENEWABLES INFRASTRUCTURE G,-2.2396943960671556,0.19215527904242058,0.05,0.0028937273124424747,False,0.17014512026197212,4.04084756020474,,,,,,,,,,,,,,
ENERGY_UTILITIES,FSFL.L,UU.L,FORESIGHT SOLAR FUND LIMITED OR,UNITED UTILITIES GROUP PLC ORD ,-2.2334250556774253,0.19433846419939715,0.05,0.0028937273124424747,False,-1.3775150987121971,14.020689301138281,,,,,,,,,,,,,,
ENERGY_UTILITIES,DCC.L,INPP.L,DCC ENERGY PLC ORD EUR0.25 (CDI,INTERNATIONAL PUBLIC PARTNERSHI,-2.207375750241971,0.2035793845683243,0.05,0.0028937273124424747,False,3.2866177474066904,-7.295966965726276,,,,,,,,,,,,,,
ENERGY_UTILITIES,ENOG.L,HBR.L,ENERGEAN PLC ORD 1P,HARBOUR ENERGY PLC ORD 0.002P,-2.1948480250988323,0.2081206376707535,0.05,0.0028937273124424747,False,0.16602613027041158,5.912478586322319,,,,,,,,,,,,,,
ENERGY_UTILITIES,SVT.L,UKW.L,SEVERN TRENT PLC ORD 97 17/19P,GREENCOAT UK WIND PLC ORD 1P,-2.16976483556255,0.21740147006909055,0.05,0.0028937273124424747,False,-0.4761707887012139,10.157560794967706,,,,,,,,,,,,,,
ENERGY_UTILITIES,BP.L,TRIG.L,BP PLC $0.25,THE RENEWABLES INFRASTRUCTURE G,-2.159978212369323,0.22109023888837137,0.05,0.0028937273124424747,False,-0.7971358306932566,9.568224535072138,,,,,,,,,,,,,,
ENERGY_UTILITIES,FSFL.L,SSE.L,FORESIGHT SOLAR FUND LIMITED OR,SSE PLC ORD 50P,-2.157996191504227,0.22184190418755373,0.05,0.0028937273124424747,False,-0.653389860008999,9.276071797776545,,,,,,,,,,,,,,
ENERGY_UTILITIES,DCC.L,HBR.L,DCC ENERGY PLC ORD EUR0.25 (CDI,HARBOUR ENERGY PLC ORD 0.002P,-2.147364051482062,0.22590042906467905,0.05,0.0028937273124424747,False,0.26469982371614187,7.085007946780095,,,,,,,,,,,,,,
ENERGY_UTILITIES,PNN.L,UKW.L,PENNON GROUP PLC ORD 61 1/20P,GREENCOAT UK WIND PLC ORD 1P,-2.144892557930971,0.22685020543220186,0.05,0.0028937273124424747,False,0.6267078875870146,3.2961031408160175,,,,,,,,,,,,,,
ENERGY_UTILITIES,HICL.L,UKW.L,HICL INFRASTRUCTURE PLC ORD 0.0,GREENCOAT UK WIND PLC ORD 1P,-2.1311225255218624,0.23218558308359638,0.05,0.0028937273124424747,False,0.15051825876777633,4.073787677215129,,,,,,,,,,,,,,
ENERGY_UTILITIES,NG.L,PNN.L,NATIONAL GRID PLC ORD 12 204/47,PENNON GROUP PLC ORD 61 1/20P,-2.126897463272772,0.23383742291138138,0.05,0.0028937273124424747,False,5.876486442648182,-29.8455820411152,,,,,,,,,,,,,,
ENERGY_UTILITIES,BP.L,CNA.L,BP PLC $0.25,CENTRICA PLC ORD 6 14/81P,-2.120252054205576,0.2364495057488305,0.05,0.0028937273124424747,False,0.6227022265841695,2.929948522239943,,,,,,,,,,,,,,
ENERGY_UTILITIES,BP.L,PNN.L,BP PLC $0.25,PENNON GROUP PLC ORD 61 1/20P,-2.0791773386732246,0.2529695017973088,0.05,0.0028937273124424747,False,3.597836696272496,-16.472764972715005,,,,,,,,,,,,,,
ENERGY_UTILITIES,BP.L,DCC.L,BP PLC $0.25,DCC ENERGY PLC ORD EUR0.25 (CDI,-2.069779629191923,0.25683866178073705,0.05,0.0028937273124424747,False,3.6237162733619717,-24.84060558220229,,,,,,,,,,,,,,
ENERGY_UTILITIES,FSFL.L,PNN.L,FORESIGHT SOLAR FUND LIMITED OR,PENNON GROUP PLC ORD 61 1/20P,-2.0647541900554387,0.25892116604797266,0.05,0.0028937273124424747,False,3.209496215770132,-15.774352606678882,,,,,,,,,,,,,,
ENERGY_UTILITIES,FSFL.L,NG.L,FORESIGHT SOLAR FUND LIMITED OR,NATIONAL GRID PLC ORD 12 204/47,-2.0571024521212675,0.2621098908135829,0.05,0.0028937273124424747,False,-1.2538238911897592,13.085503510880566,,,,,,,,,,,,,,
ENERGY_UTILITIES,INPP.L,PNN.L,INTERNATIONAL PUBLIC PARTNERSHI,PENNON GROUP PLC ORD 61 1/20P,-1.978226204646922,0.2962009877151548,0.05,0.0028937273124424747,False,0.3622915678791703,2.545278106874616,,,,,,,,,,,,,,
ENERGY_UTILITIES,CNA.L,INPP.L,CENTRICA PLC ORD 6 14/81P,INTERNATIONAL PUBLIC PARTNERSHI,-1.969619788386053,0.30005052620412065,0.05,0.0028937273124424747,False,10.921082978643899,-47.544352081779564,,,,,,,,,,,,,,
ENERGY_UTILITIES,DCC.L,SSE.L,DCC ENERGY PLC ORD EUR0.25 (CDI,SSE PLC ORD 50P,-1.9613072768827102,0.3037918256441956,0.05,0.0028937273124424747,False,-0.014299066402864699,8.638703910376806,,,,,,,,,,,,,,
ENERGY_UTILITIES,PNN.L,SSE.L,PENNON GROUP PLC ORD 61 1/20P,SSE PLC ORD 50P,-1.949890625486522,0.3089669002881315,0.05,0.0028937273124424747,False,0.31651106277365587,3.8735833142119467,,,,,,,,,,,,,,
ENERGY_UTILITIES,HBR.L,SSE.L,HARBOUR ENERGY PLC ORD 0.002P,SSE PLC ORD 50P,-1.8964061879097025,0.3337536375488339,0.05,0.0028937273124424747,False,1.1249862218283326,-3.0427778041215046,,,,,,,,,,,,,,
ENERGY_UTILITIES,CNA.L,DCC.L,CENTRICA PLC ORD 6 14/81P,DCC ENERGY PLC ORD EUR0.25 (CDI,-1.8941181031232615,0.33483317993501394,0.05,0.0028937273124424747,False,-8.013902240127615,73.40920098384235,,,,,,,,,,,,,,
ENERGY_UTILITIES,FSFL.L,INPP.L,FORESIGHT SOLAR FUND LIMITED OR,INTERNATIONAL PUBLIC PARTNERSHI,-1.8936276588425898,0.3350647738198603,0.05,0.0028937273124424747,False,-18.70573006215291,94.41363677090968,,,,,,,,,,,,,,
ENERGY_UTILITIES,DCC.L,SVT.L,DCC ENERGY PLC ORD EUR0.25 (CDI,SEVERN TRENT PLC ORD 97 17/19P,-1.8845174443866386,0.33937927806282464,0.05,0.0028937273124424747,False,-0.40749672815689103,11.750207291220716,,,,,,,,,,,,,,
ENERGY_UTILITIES,SSE.L,UKW.L,SSE PLC ORD 50P,GREENCOAT UK WIND PLC ORD 1P,-1.8835831641516456,0.3398230798561108,0.05,0.0028937273124424747,False,-1.6485700359151145,15.372123994366934,,,,,,,,,,,,,,
ENERGY_UTILITIES,DCC.L,UU.L,DCC ENERGY PLC ORD EUR0.25 (CDI,UNITED UTILITIES GROUP PLC ORD ,-1.850467107819354,0.355709353197193,0.05,0.0028937273124424747,False,-0.1758091603233179,9.766531222684858,,,,,,,,,,,,,,
ENERGY_UTILITIES,HBR.L,SVT.L,HARBOUR ENERGY PLC ORD 0.002P,SEVERN TRENT PLC ORD 97 17/19P,-1.8488175823851292,0.35650834394871406,0.05,0.0028937273124424747,False,20.197899032788627,-154.12043008167237,,,,,,,,,,,,,,
ENERGY_UTILITIES,DCC.L,NG.L,DCC ENERGY PLC ORD EUR0.25 (CDI,NATIONAL GRID PLC ORD 12 204/47,-1.8063410840852658,0.37731809698708174,0.05,0.0028937273124424747,False,-0.21691918831414342,10.04417188795439,,,,,,,,,,,,,,
ENERGY_UTILITIES,INPP.L,UKW.L,INTERNATIONAL PUBLIC PARTNERSHI,GREENCOAT UK WIND PLC ORD 1P,-1.799190441225114,0.380863691080556,0.05,0.0028937273124424747,False,-0.013834501878455268,4.881025251391674,,,,,,,,,,,,,,
ENERGY_UTILITIES,DCC.L,TRIG.L,DCC ENERGY PLC ORD EUR0.25 (CDI,THE RENEWABLES INFRASTRUCTURE G,-1.7742591838005501,0.39331408430656734,0.05,0.0028937273124424747,False,0.17157903504010483,7.778052653068395,,,,,,,,,,,,,,
ENERGY_UTILITIES,SSE.L,TRIG.L,SSE PLC ORD 50P,THE RENEWABLES INFRASTRUCTURE G,-1.7596064476486872,0.40069222633170515,0.05,0.0028937273124424747,False,-1.5374777678354434,14.302786095360531,,,,,,,,,,,,,,
ENERGY_UTILITIES,FSFL.L,HICL.L,FORESIGHT SOLAR FUND LIMITED OR,HICL INFRASTRUCTURE PLC ORD 0.0,-1.7331445324938162,0.4141213713842471,0.05,0.0028937273124424747,False,6.922418861620119,-28.80152375291987,,,,,,,,,,,,,,
ENERGY_UTILITIES,DCC.L,UKW.L,DCC ENERGY PLC ORD EUR0.25 (CDI,GREENCOAT UK WIND PLC ORD 1P,-1.716584653012779,0.42258845775973003,0.05,0.0028937273124424747,False,0.21515166014287251,7.51097350199766,,,,,,,,,,,,,,
ENERGY_UTILITIES,INPP.L,TRIG.L,INTERNATIONAL PUBLIC PARTNERSHI,THE RENEWABLES INFRASTRUCTURE G,-1.6760856253871315,0.44347408150163353,0.05,0.0028937273124424747,False,0.03713418468094001,4.652587431716629,,,,,,,,,,,,,,
ENERGY_UTILITIES,DCC.L,FSFL.L,DCC ENERGY PLC ORD EUR0.25 (CDI,FORESIGHT SOLAR FUND LIMITED OR,-1.6638561361134496,0.4498244428384173,0.05,0.0028937273124424747,False,0.07218422346411998,8.217556223311993,,,,,,,,,,,,,,
ENERGY_UTILITIES,PNN.L,SVT.L,PENNON GROUP PLC ORD 61 1/20P,SEVERN TRENT PLC ORD 97 17/19P,-1.5843476683062059,0.49145126260112093,0.05,0.0028937273124424747,False,3.2450888611672317,-19.372969704528685,,,,,,,,,,,,,,
ENERGY_UTILITIES,CNA.L,SSE.L,CENTRICA PLC ORD 6 14/81P,SSE PLC ORD 50P,-1.496716737020021,0.5351348923923209,0.05,0.0028937273124424747,False,0.9967474624581815,-2.4889873795549597,,,,,,,,,,,,,,
ENERGY_UTILITIES,FSFL.L,HBR.L,FORESIGHT SOLAR FUND LIMITED OR,HARBOUR ENERGY PLC ORD 0.002P,-1.4782269577631968,0.544253345937833,0.05,0.0028937273124424747,False,0.11657898248962464,3.7002460875033742,,,,,,,,,,,,,,
ENERGY_UTILITIES,HBR.L,NG.L,HARBOUR ENERGY PLC ORD 0.002P,NATIONAL GRID PLC ORD 12 204/47,-1.4628730204879536,0.551791114452147,0.05,0.0028937273124424747,False,-66.67301202293547,470.67374784296777,,,,,,,,,,,,,,
ENERGY_UTILITIES,HBR.L,TRIG.L,HARBOUR ENERGY PLC ORD 0.002P,THE RENEWABLES INFRASTRUCTURE G,-1.4186576919536773,0.573299425830967,0.05,0.0028937273124424747,False,1.9855366495287106,-3.2474369568776638,,,,,,,,,,,,,,
ENERGY_UTILITIES,HBR.L,UKW.L,HARBOUR ENERGY PLC ORD 0.002P,GREENCOAT UK WIND PLC ORD 1P,-1.35240139548475,0.6048710279250122,0.05,0.0028937273124424747,False,2.373947725821932,-5.789235989750022,,,,,,,,,,,,,,
ENERGY_UTILITIES,DCC.L,PNN.L,DCC ENERGY PLC ORD EUR0.25 (CDI,PENNON GROUP PLC ORD 61 1/20P,-1.3376591597309138,0.6117720186212265,0.05,0.0028937273124424747,False,0.3458751034231463,6.36329871002227,,,,,,,,,,,,,,
ENERGY_UTILITIES,BP.L,HBR.L,BP PLC $0.25,HARBOUR ENERGY PLC ORD 0.002P,-1.3303735542327122,0.6151643873514685,0.05,0.0028937273124424747,False,0.5684201306319558,2.9676034320033713,,,,,,,,,,,,,,
ENERGY_UTILITIES,CNA.L,HBR.L,CENTRICA PLC ORD 6 14/81P,HARBOUR ENERGY PLC ORD 0.002P,-1.3181247501973459,0.6208399666116242,0.05,0.0028937273124424747,False,-0.7561491174789049,9.17525743718928,,,,,,,,,,,,,,
ENERGY_UTILITIES,PNN.L,UU.L,PENNON GROUP PLC ORD 61 1/20P,UNITED UTILITIES GROUP PLC ORD ,-1.1695182539254163,0.6865688657685074,0.05,0.0028937273124424747,False,1.061422565449066,-1.1954996273756686,,,,,,,,,,,,,,
ENERGY_UTILITIES,HBR.L,UU.L,HARBOUR ENERGY PLC ORD 0.002P,UNITED UTILITIES GROUP PLC ORD ,-1.1241873171035626,0.7053305419187801,0.05,0.0028937273124424747,False,223.05393911491177,-1562.5818467377917,,,,,,,,,,,,,,
ENERGY_UTILITIES,DCC.L,ENOG.L,DCC ENERGY PLC ORD EUR0.25 (CDI,ENERGEAN PLC ORD 1P,-0.7588999293596584,0.8308978874345238,0.05,0.0028937273124424747,False,0.76130628082149,3.3391156536194133,,,,,,,,,,,,,,
ES_BANKS,CABK.MC,SAN.MC,"CAIXABANK, S.A.",BANCO SANTANDER S.A.,-4.328007126396633,0.00039713700511047676,0.05,0.009780580130812526,True,0.8854347215849829,0.2759177786023641,9.283886792210938,0.00018442355260675129,-0.07466131331345907,28.0,0.42531225267263756,2.882264433419299,False,,0.6,-0.003961676086960574,-0.500194388637192,-0.8321833752150762,True,reversion signs agree
ES_BANKS,BBVA.MC,SAN.MC,BANCO BILBAO VIZCAYA ARGENTARIA,BANCO SANTANDER S.A.,-3.436343613281899,0.009780580130812526,0.05,0.009780580130812526,True,0.9195383724645623,0.8083848994941363,13.889391588002166,-3.0463345933820333e-05,-0.0499047907295446,42.0,0.8633918271398183,2.9950753670773245,False,,0.6,0.004493440718707288,0.009824225600851721,0.05396435549638334,True,reversion signs agree
ES_BANKS,BKT.MC,SAB.MC,"BANKINTER, S.A.",BANCO DE SABADELL,-3.2480207783073687,0.01736796725736763,0.05,0.009780580130812526,False,1.0156990119120455,1.5473151666801404,,,,,,,,,,,,,,
ES_BANKS,BKT.MC,SAN.MC,"BANKINTER, S.A.",BANCO SANTANDER S.A.,-3.1236709858550666,0.024850305139130464,0.05,0.009780580130812526,False,0.7955958824528081,0.8063320349876881,,,,,,,,,,,,,,
ES_BANKS,BBVA.MC,CABK.MC,BANCO BILBAO VIZCAYA ARGENTARIA,"CAIXABANK, S.A.",-2.8277397414410785,0.05441929100700855,0.05,0.009780580130812526,False,1.0388084312913055,0.5212689667823467,,,,,,,,,,,,,,
ES_BANKS,BBVA.MC,BKT.MC,BANCO BILBAO VIZCAYA ARGENTARIA,"BANKINTER, S.A.",-2.504982673576092,0.11426668876217944,0.05,0.009780580130812526,False,1.1567631725769443,-0.1258239886274466,,,,,,,,,,,,,,
ES_BANKS,SAB.MC,SAN.MC,BANCO DE SABADELL,BANCO SANTANDER S.A.,-1.7029216453331693,0.4296077894782957,0.05,0.009780580130812526,False,0.7799766643308947,-0.7232344512997309,,,,,,,,,,,,,,
ES_BANKS,BBVA.MC,SAB.MC,BANCO BILBAO VIZCAYA ARGENTARIA,BANCO DE SABADELL,-1.5785102702693117,0.4943788631010095,0.05,0.009780580130812526,False,1.1787715864766062,1.66114818922326,,,,,,,,,,,,,,
ES_BANKS,CABK.MC,SAB.MC,"CAIXABANK, S.A.",BANCO DE SABADELL,-1.1260911073996078,0.7045557290804989,0.05,0.009780580130812526,False,1.1337760417507619,1.0980183087594622,,,,,,,,,,,,,,
ES_BANKS,BKT.MC,CABK.MC,"BANKINTER, S.A.","CAIXABANK, S.A.",-0.7788724621128262,0.8252494864477826,0.05,0.009780580130812526,False,0.8985759177145132,0.5583337072515169,,,,,,,,,,,,,,
ES_UTILITIES,ENC.MC,SLR.MC,"ENCE ENERGIA Y CELULOSA, S.A.",SOLARIA ENERGIA Y MEDIO AMBIENT,-3.3191155816923046,0.014045332643099342,0.05,,False,-0.26154556102151594,1.675076245877216,,,,,,,,,,,,,,
ES_UTILITIES,RED.MC,SLR.MC,"REDEIA CORPORACION, S.A.",SOLARIA ENERGIA Y MEDIO AMBIENT,-3.2827549396538203,0.015667148730778197,0.05,,False,-0.10274138179060167,2.982450561972752,,,,,,,,,,,,,,
ES_UTILITIES,ENC.MC,IBE.MC,"ENCE ENERGIA Y CELULOSA, S.A.",ACCIONES IBERDROLA,-3.2177301472294664,0.01898105542540309,0.05,,False,-0.6254099946931225,2.712275117908608,,,,,,,,,,,,,,
ES_UTILITIES,ENC.MC,RED.MC,"ENCE ENERGIA Y CELULOSA, S.A.","REDEIA CORPORACION, S.A.",-2.841139633126408,0.05263330164454129,0.05,,False,3.4698002821360707,-8.436762874101671,,,,,,,,,,,,,,
ES_UTILITIES,IBE.MC,NTGY.MC,ACCIONES IBERDROLA,"NATURGY ENERGY GROUP, S.A.",-2.8166412978530295,0.05593571437123809,0.05,,False,1.6910055167267808,-2.6101316693812033,,,,,,,,,,,,,,
ES_UTILITIES,IBE.MC,RED.MC,ACCIONES IBERDROLA,"REDEIA CORPORACION, S.A.",-2.607593550446321,0.09143796935993975,0.05,,False,-9.061530123283323,27.405774666069135,,,,,,,,,,,,,,
ES_UTILITIES,NTGY.MC,SLR.MC,"NATURGY ENERGY GROUP, S.A.",SOLARIA ENERGIA Y MEDIO AMBIENT,-2.5752763965375434,0.09821554972029883,0.05,,False,0.1644502464967192,2.7308090787202928,,,,,,,,,,,,,,
ES_UTILITIES,NTGY.MC,RED.MC,"NATURGY ENERGY GROUP, S.A.","REDEIA CORPORACION, S.A.",-2.3020085266459724,0.1713209999884988,0.05,,False,-15.773756299960958,46.14553820452706,,,,,,,,,,,,,,
ES_UTILITIES,IBE.MC,SLR.MC,ACCIONES IBERDROLA,SOLARIA ENERGIA Y MEDIO AMBIENT,-2.2598379652739227,0.18524824256810551,0.05,,False,0.37559678440359734,1.7646217153946666,,,,,,,,,,,,,,
ES_UTILITIES,ENC.MC,NTGY.MC,"ENCE ENERGIA Y CELULOSA, S.A.","NATURGY ENERGY GROUP, S.A.",-1.8187044431130794,0.371215789860053,0.05,,False,-1.1313972956983247,4.576543389510382,,,,,,,,,,,,,,
FINANCIALS,BEZ.L,ICG.L,BEAZLEY PLC ORD 5P,ICG PLC ORD 26 1/4P,-4.205635155161714,0.000644576559001327,0.05,,False,-2.206586418453917,23.58737830877581,,,,,,,,,,,,,,
FINANCIALS,BGEO.L,LGEN.L,LION FINANCE GROUP PLC ORD 1P,LEGAL & GENERAL GROUP PLC ORD 2,-4.028118012721947,0.00127022649812122,0.05,,False,6.563739816984612,-27.24927092960435,,,,,,,,,,,,,,
FINANCIALS,HSBA.L,LGEN.L,HSBC HOLDINGS PLC ORD $0.50 (UK,LEGAL & GENERAL GROUP PLC ORD 2,-3.9208441687591615,0.0018866897605239244,0.05,,False,4.461573187226986,-17.664713464717313,,,,,,,,,,,,,,
FINANCIALS,LGEN.L,MNG.L,LEGAL & GENERAL GROUP PLC ORD 2,M&G PLC,-3.7753048513960126,0.0031703289578363554,0.05,,False,0.3302729474482469,3.678293763643158,,,,,,,,,,,,,,
FINANCIALS,LGEN.L,STAN.L,LEGAL & GENERAL GROUP PLC ORD 2,STANDARD CHARTERED PLC ORD USD0,-3.76461866153336,0.003290780251574672,0.05,,False,0.1659864056180819,4.309261046460778,,,,,,,,,,,,,,
FINANCIALS,LGEN.L,LLOY.L,LEGAL & GENERAL GROUP PLC ORD 2,LLOYDS BANKING GROUP PLC ORD 10,-3.723086560346713,0.0037998941486036874,0.05,,False,0.2408218929412181,4.449566285913757,,,,,,,,,,,,,,
FINANCIALS,ABDN.L,LGEN.L,ABERDEEN GROUP PLC ORD 13 61/63,LEGAL & GENERAL GROUP PLC ORD 2,-3.7204351654561845,0.003834726286796163,0.05,,False,3.085032901805703,-11.757955851749694,,,,,,,,,,,,,,
FINANCIALS,ASHM.L,INVP.L,ASHMORE GROUP PLC ORD 0.01P,INVESTEC PLC ORD GBP0.0002,-3.7061519386147546,0.00402744905324792,0.05,,False,1.9789249094988144,-7.344606120007818,,,,,,,,,,,,,,
FINANCIALS,ABDN.L,MNG.L,ABERDEEN GROUP PLC ORD 13 61/63,M&G PLC,-3.6933033089277267,0.004208341214331835,0.05,,False,0.9995097485586866,-0.3039724420728396,,,,,,,,,,,,,,
FINANCIALS,BARC.L,LGEN.L,BARCLAYS PLC ORD 25P,LEGAL & GENERAL GROUP PLC ORD 2,-3.684347279108346,0.004338788946539779,0.05,,False,4.877346359760817,-20.982892907273456,,,,,,,,,,,,,,
FINANCIALS,ICG.L,LGEN.L,ICG PLC ORD 26 1/4P,LEGAL & GENERAL GROUP PLC ORD 2,-3.5161650548496404,0.0075815177970902795,0.05,,False,-2.798772477573661,22.971623842875676,,,,,,,,,,,,,,
FINANCIALS,ICG.L,SDR.L,ICG PLC ORD 26 1/4P,SCHRODERS PLC ORD 20P,-3.43890245724312,0.00970205415698158,0.05,,False,-0.3902826248551714,9.941413852002903,,,,,,,,,,,,,,
FINANCIALS,LGEN.L,NWG.L,LEGAL & GENERAL GROUP PLC ORD 2,NATWEST GROUP PLC ORD 107.69P,-3.418270052561596,0.010351592420345588,0.05,,False,0.23895958048789503,4.015190508697948,,,,,,,,,,,,,,
FINANCIALS,BEZ.L,SDR.L,BEAZLEY PLC ORD 5P,SCHRODERS PLC ORD 20P,-3.3742476262636645,0.011868728748141695,0.05,,False,0.9778857035860166,0.9533957422236057,,,,,,,,,,,,,,
FINANCIALS,LGEN.L,SDR.L,LEGAL & GENERAL GROUP PLC ORD 2,SCHRODERS PLC ORD 20P,-3.351025419080084,0.012746109480281681,0.05,,False,0.24143636772333435,4.04617379518797,,,,,,,,,,,,,,
FINANCIALS,BEZ.L,LGEN.L,BEAZLEY PLC ORD 5P,LEGAL & GENERAL GROUP PLC ORD 2,-3.3385720380492203,0.013239915910744672,0.05,,False,4.056766031296859,-15.47033847264915,,,,,,,,,,,,,,
FINANCIALS,BGEO.L,LLOY.L,LION FINANCE GROUP PLC ORD 1P,LLOYDS BANKING GROUP PLC ORD 10,-3.3065824208539927,0.01458679183168023,0.05,,False,1.5650620536316242,2.023991836332277,,,,,,,,,,,,,,
FINANCIALS,LLOY.L,PRU.L,LLOYDS BANKING GROUP PLC ORD 10,PRUDENTIAL PLC ORD 5P,-3.2539153081223695,0.017068406535810838,0.05,,False,1.0083924237291204,-2.4980837956592206,,,,,,,,,,,,,,
FINANCIALS,NWG.L,STJ.L,NATWEST GROUP PLC ORD 107.69P,ST. JAMES'S PLACE PLC ORD 15P,-3.2496382450538643,0.01728531239658305,0.05,,False,0.8201717493535668,0.4725141620992437,,,,,,,,,,,,,,
FINANCIALS,ABDN.L,BGEO.L,ABERDEEN GROUP PLC ORD 13 61/63,LION FINANCE GROUP PLC ORD 1P,-3.2071603979135888,0.01957393053499597,0.05,,False,0.4441092257020671,1.2769234307932145,,,,,,,,,,,,,,
FINANCIALS,BGEO.L,MNG.L,LION FINANCE GROUP PLC ORD 1P,M&G PLC,-3.1914797890443003,0.020483189965686408,0.05,,False,2.1583974560852144,-3.05421585359454,,,,,,,,,,,,,,
FINANCIALS,AV.L,PRU.L,AVIVA PLC ORD 32 17/19P,PRUDENTIAL PLC ORD 5P,-3.162195627169614,0.022279906593985717,0.05,,False,0.5969166142247571,2.314436460175708,,,,,,,,,,,,,,
FINANCIALS,BARC.L,NWG.L,BARCLAYS PLC ORD 25P,NATWEST GROUP PLC ORD 107.69P,-3.1310432175840384,0.0243395299808704,0.05,,False,1.17966527680429,-1.486858117987115,,,,,,,,,,,,,,
FINANCIALS,BARC.L,STAN.L,BARCLAYS PLC ORD 25P,STANDARD CHARTERED PLC ORD USD0,-3.1308744597187537,0.024351120136480144,0.05,,False,0.8296849987429585,-0.10808604230633279,,,,,,,,,,,,,,
FINANCIALS,LGEN.L,PRU.L,LEGAL & GENERAL GROUP PLC ORD 2,PRUDENTIAL PLC ORD 5P,-3.1028099917298104,0.026345934197115874,0.05,,False,0.22957740513516375,3.937619674067983,,,,,,,,,,,,,,
FINANCIALS,BGEO.L,PRU.L,LION FINANCE GROUP PLC ORD 1P,PRUDENTIAL PLC ORD 5P,-3.0607830538258014,0.029594859585624453,0.05,,False,1.5898439402154674,-1.9643744530696754,,,,,,,,,,,,,,
FINANCIALS,NWG.L,STAN.L,NATWEST GROUP PLC ORD 107.69P,STANDARD CHARTERED PLC ORD USD0,-3.046053044171308,0.03081175086822861,0.05,,False,0.6993293477036425,1.1971643998184378,,,,,,,,,,,,,,
FINANCIALS,BNKR.L,LGEN.L,BANKERS INVESTMENT TRUST PLC OR,LEGAL & GENERAL GROUP PLC ORD 2,-3.0264644065862703,0.03249578473603104,0.05,,False,1.488267264472386,-3.3583236053156744,,,,,,,,,,,,,,
FINANCIALS,ASHM.L,ICG.L,ASHMORE GROUP PLC ORD 0.01P,ICG PLC ORD 26 1/4P,-3.0210542023384916,0.03297443674096474,0.05,,False,-2.2734987955717583,22.47999310846086,,,,,,,,,,,,,,
FINANCIALS,JUP.L,LGEN.L,JUPITER FUND MANAGEMENT PLC ORD,LEGAL & GENERAL GROUP PLC ORD 2,-3.0108111089948295,0.03389703932064649,0.05,,False,7.309550259548048,-35.422861826523466,,,,,,,,,,,,,,
FINANCIALS,ABDN.L,LLOY.L,ABERDEEN GROUP PLC ORD 13 61/63,LLOYDS BANKING GROUP PLC ORD 10,-2.9994790964173372,0.034943074759675515,0.05,,False,0.7191863285341776,2.0716496559657456,,,,,,,,,,,,,,
FINANCIALS,NWG.L,PRU.L,NATWEST GROUP PLC ORD 107.69P,PRUDENTIAL PLC ORD 5P,-2.9887809423423106,0.03595548537692796,0.05,,False,0.9865202038921607,-0.4988552985300645,,,,,,,,,,,,,,
FINANCIALS,BGEO.L,HSBA.L,LION FINANCE GROUP PLC ORD 1P,HSBC HOLDINGS PLC ORD $0.50 (UK,-2.9830392743838474,0.03650896434814618,0.05,,False,1.4821463738741874,-1.3363505312421893,,,,,,,,,,,,,,
FINANCIALS,JUP.L,MNG.L,JUPITER FUND MANAGEMENT PLC ORD,M&G PLC,-2.9734207695562858,0.03745222792185202,0.05,,False,2.0631966475852073,-6.612048488990422,,,,,,,,,,,,,,
FINANCIALS,ICG.L,LLOY.L,ICG PLC ORD 26 1/4P,LLOYDS BANKING GROUP PLC ORD 10,-2.956694677938657,0.03914128495154263,0.05,,False,-0.29686317975255194,8.890373365244544,,,,,,,,,,,,,,
FINANCIALS,BGEO.L,ICG.L,LION FINANCE GROUP PLC ORD 1P,ICG PLC ORD 26 1/4P,-2.941488430739459,0.040731813367587154,0.05,,False,-5.40532892421982,49.9085333340582,,,,,,,,,,,,,,
FINANCIALS,HSBA.L,ICG.L,HSBC HOLDINGS PLC ORD $0.50 (UK,ICG PLC ORD 26 1/4P,-2.9344275510780022,0.04148852220156601,0.05,,False,-3.590968887890814,34.14874267834071,,,,,,,,,,,,,,
FINANCIALS,ICG.L,MNG.L,ICG PLC ORD 26 1/4P,M&G PLC,-2.9295791675555307,0.04201488410587347,0.05,,False,-0.4220934062641087,9.923165427716686,,,,,,,,,,,,,,
FINANCIALS,ABDN.L,JUP.L,ABERDEEN GROUP PLC ORD 13 61/63,JUPITER FUND MANAGEMENT PLC ORD,-2.898574628058368,0.04551400008324214,0.05,,False,0.4664046900560984,2.984010891881962,,,,,,,,,,,,,,
FINANCIALS,ABDN.L,HSBA.L,ABERDEEN GROUP PLC ORD 13 61/63,HSBC HOLDINGS PLC ORD $0.50 (UK,-2.8435418303575637,0.05231825560971652,0.05,,False,0.6640264273348564,0.6439095443372844,,,,,,,,,,,,,,
FINANCIALS,ABDN.L,STAN.L,ABERDEEN GROUP PLC ORD 13 61/63,STANDARD CHARTERED PLC ORD USD0,-2.8211533445801855,0.05531511571442378,0.05,,False,0.4835961828658813,1.7386690627123316,,,,,,,,,,,,,,
FINANCIALS,ABDN.L,ICG.L,ABERDEEN GROUP PLC ORD 13 61/63,ICG PLC ORD 26 1/4P,-2.8136764463410264,0.05634658538820942,0.05,,False,-2.886914638611098,27.14244863031493,,,,,,,,,,,,,,
FINANCIALS,AV.L,ICG.L,AVIVA PLC ORD 32 17/19P,ICG PLC ORD 26 1/4P,-2.7993230352484018,0.058370532750113974,0.05,,False,-2.124844040059775,22.51618222573788,,,,,,,,,,,,,,
FINANCIALS,ICG.L,JUP.L,ICG PLC ORD 26 1/4P,JUPITER FUND MANAGEMENT PLC ORD,-2.791294534363339,0.05952808201366979,0.05,,False,-0.1694766146807732,8.405469669996968,,,,,,,,,,,,,,
FINANCIALS,ICG.L,PRU.L,ICG PLC ORD 26 1/4P,PRUDENTIAL PLC ORD 5P,-2.7714035424366177,0.06247609670021931,0.05,,False,-0.2708133497804497,9.439085224110627,,,,,,,,,,,,,,
FINANCIALS,ICG.L,NWG.L,ICG PLC ORD 26 1/4P,NATWEST GROUP PLC ORD 107.69P,-2.7700753312822832,0.06267706557138158,0.05,,False,-0.26623242519343554,9.251064308071658,,,,,,,,,,,,,,
FINANCIALS,BARC.L,ICG.L,BARCLAYS PLC ORD 25P,ICG PLC ORD 26 1/4P,-2.7685686028743923,0.06290567530567338,0.05,,False,-4.801863125155468,42.32642899174785,,,,,,,,,,,,,,
FINANCIALS,PRU.L,STJ.L,PRUDENTIAL PLC ORD 5P,ST. JAMES'S PLACE PLC ORD 15P,-2.7484709459718957,0.06601962811711308,0.05,,False,0.8120700421670914,1.1187231772793371,,,,,,,,,,,,,,
FINANCIALS,BARC.L,BGEO.L,BARCLAYS PLC ORD 25P,LION FINANCE GROUP PLC ORD 1P,-2.7298635227881287,0.06901159747487524,0.05,,False,0.7386385112783496,-0.6957158318176866,,,,,,,,,,,,,,
FINANCIALS,LGEN.L,STJ.L,LEGAL & GENERAL GROUP PLC ORD 2,ST. JAMES'S PLACE PLC ORD 15P,-2.7251577962611773,0.06978512578077246,0.05,,False,0.1774575697087317,4.256779357048803,,,,,,,,,,,,,,
FINANCIALS,ADM.L,LGEN.L,ADMIRAL GROUP PLC ORD 0.1P,LEGAL & GENERAL GROUP PLC ORD 2,-2.714181347071123,0.07161626093469949,0.05,,False,2.1729839190367484,-3.91966885301421,,,,,,,,,,,,,,
FINANCIALS,ICG.L,STAN.L,ICG PLC ORD 26 1/4P,STANDARD CHARTERED PLC ORD USD0,-2.704893438659662,0.07319531158983122,0.05,,False,-0.1734095150723705,8.841540085294007,,,,,,,,,,,,,,
FINANCIALS,ASHM.L,JUP.L,ASHMORE GROUP PLC ORD 0.01P,JUPITER FUND MANAGEMENT PLC ORD,-2.6989135609561026,0.07422645920345508,0.05,,False,0.3214773870877961,3.670141784348049,,,,,,,,,,,,,,
FINANCIALS,ADM.L,AV.L,ADMIRAL GROUP PLC ORD 0.1P,AVIVA PLC ORD 32 17/19P,-2.687169757095703,0.07628489757534816,0.05,,False,0.7057121932729983,3.527910873790524,,,,,,,,,,,,,,
FINANCIALS,AV.L,STJ.L,AVIVA PLC ORD 32 17/19P,ST. JAMES'S PLACE PLC ORD 15P,-2.670416541370008,0.07929888364664528,0.05,,False,0.4779333451615024,3.029474036126626,,,,,,,,,,,,,,
FINANCIALS,BGEO.L,NWG.L,LION FINANCE GROUP PLC ORD 1P,NATWEST GROUP PLC ORD 107.69P,-2.652730318749466,0.08258118789118263,0.05,,False,1.6155408668497417,-1.1849424998176232,,,,,,,,,,,,,,
FINANCIALS,ADM.L,AJB.L,ADMIRAL GROUP PLC ORD 0.1P,AJ BELL PLC ORD GBP0.000125,-2.6503669789501365,0.083027701469014,0.05,,False,0.9644889473704799,2.0750125624840576,,,,,,,,,,,,,,
FINANCIALS,ICG.L,INVP.L,ICG PLC ORD 26 1/4P,INVESTEC PLC ORD GBP0.0002,-2.625797277658207,0.0877818411518867,0.05,,False,-3.0997601788319735,27.228916550940326,,,,,,,,,,,,,,
FINANCIALS,ABDN.L,PRU.L,ABERDEEN GROUP PLC ORD 13 61/63,PRUDENTIAL PLC ORD 5P,-2.6019577365084054,0.09259331782775332,0.05,,False,0.7249930394074676,0.2766095266792661,,,,,,,,,,,,,,
FINANCIALS,AJB.L,ICG.L,AJ BELL PLC ORD GBP0.000125,ICG PLC ORD 26 1/4P,-2.5954943536581196,0.0939320732446497,0.05,,False,-1.3240580500970351,16.226137727332237,,,,,,,,,,,,,,
FINANCIALS,AV.L,LGEN.L,AVIVA PLC ORD 32 17/19P,LEGAL & GENERAL GROUP PLC ORD 2,-2.5860130987267156,0.09592267059334869,0.05,,False,2.647191622057306,-8.182308925581436,,,,,,,,,,,,,,
FINANCIALS,INVP.L,SDR.L,INVESTEC PLC ORD GBP0.0002,SCHRODERS PLC ORD 20P,-2.5824067860009556,0.09668821687125517,0.05,,False,0.2721037275458122,4.7033328472330505,,,,,,,,,,,,,,
FINANCIALS,BEZ.L,HSBA.L,BEAZLEY PLC ORD 5P,HSBC HOLDINGS PLC ORD $0.50 (UK,-2.566831555892503,0.10004809289549255,0.05,,False,0.773338468335928,1.5193635919705262,,,,,,,,,,,,,,
FINANCIALS,ABDN.L,BARC.L,ABERDEEN GROUP PLC ORD 13 61/63,BARCLAYS PLC ORD 25P,-2.5575773107704256,0.10208592658900001,0.05,,False,0.6027566582497793,1.6865250020452938,,,,,,,,,,,,,,
FINANCIALS,BARC.L,HSBA.L,BARCLAYS PLC ORD 25P,HSBC HOLDINGS PLC ORD $0.50 (UK,-2.547668332333864,0.10430255144109746,0.05,,False,1.0971004556535164,-1.6986988779398366,,,,,,,,,,,,,,
FINANCIALS,AJB.L,INVP.L,AJ BELL PLC ORD GBP0.000125,INVESTEC PLC ORD GBP0.0002,-2.51411759527039,0.11207703871471408,0.05,,False,1.9149457695782732,-5.96923873054768,,,,,,,,,,,,,,
FINANCIALS,INVP.L,JUP.L,INVESTEC PLC ORD GBP0.0002,JUPITER FUND MANAGEMENT PLC ORD,-2.4986591709028,0.11580090390649395,0.05,,False,0.14037928549571066,5.669755709016576,,,,,,,,,,,,,,
FINANCIALS,BGEO.L,STAN.L,LION FINANCE GROUP PLC ORD 1P,STANDARD CHARTERED PLC ORD USD0,-2.493742625322924,0.11700424456360947,0.05,,False,1.1185608723451603,0.8289770630826556,,,,,,,,,,,,,,
FINANCIALS,ADM.L,BGEO.L,ADMIRAL GROUP PLC ORD 0.1P,LION FINANCE GROUP PLC ORD 1P,-2.468664234557062,0.12328598148228209,0.05,,False,0.21076862009466962,6.15753570941255,,,,,,,,,,,,,,
FINANCIALS,BARC.L,PRU.L,BARCLAYS PLC ORD 25P,PRUDENTIAL PLC ORD 5P,-2.4440182907961394,0.12969590325946673,0.05,,False,1.1736171926598193,-2.1419292522766495,,,,,,,,,,,,,,
FINANCIALS,HSBA.L,SDR.L,HSBC HOLDINGS PLC ORD $0.50 (UK,SCHRODERS PLC ORD 20P,-2.4405881763918837,0.13060676295785723,0.05,,False,1.270284044843924,-0.7664233696534986,,,,,,,,,,,,,,
FINANCIALS,ICG.L,STJ.L,ICG PLC ORD 26 1/4P,ST. JAMES'S PLACE PLC ORD 15P,-2.43433167095392,0.1322800314095226,0.05,,False,-0.15409613336041908,8.679034462262665,,,,,,,,,,,,,,
FINANCIALS,LLOY.L,MNG.L,LLOYDS BANKING GROUP PLC ORD 10,M&G PLC,-2.410859577120966,0.13869480289594904,0.05,,False,1.3756547885010866,-3.2257721734992364,,,,,,,,,,,,,,
FINANCIALS,ADM.L,ICG.L,ADMIRAL GROUP PLC ORD 0.1P,ICG PLC ORD 26 1/4P,-2.379419415646308,0.1476295737836179,0.05,,False,-1.0124454279585087,15.711655704553928,,,,,,,,,,,,,,
FINANCIALS,ABDN.L,ADM.L,ABERDEEN GROUP PLC ORD 13 61/63,ADMIRAL GROUP PLC ORD 0.1P,-2.377109153053334,0.1483016767705564,0.05,,False,1.9894053543115444,-10.75513441102655,,,,,,,,,,,,,,
FINANCIALS,JUP.L,LLOY.L,JUPITER FUND MANAGEMENT PLC ORD,LLOYDS BANKING GROUP PLC ORD 10,-2.3669204547957787,0.15129131059088152,0.05,,False,1.5469482605037943,-1.9776067911911293,,,,,,,,,,,,,,
FINANCIALS,HSBA.L,STAN.L,HSBC HOLDINGS PLC ORD $0.50 (UK,STANDARD CHARTERED PLC ORD USD0,-2.357705237156666,0.15403121550934346,0.05,,False,0.7558741129448009,1.4525231123343056,,,,,,,,,,,,,,
FINANCIALS,INVP.L,MNG.L,INVESTEC PLC ORD GBP0.0002,M&G PLC,-2.3481933033296416,0.156895201620957,0.05,,False,0.2848797189744342,4.7676056373489475,,,,,,,,,,,,,,
FINANCIALS,ABDN.L,AJB.L,ABERDEEN GROUP PLC ORD 13 61/63,AJ BELL PLC ORD GBP0.000125,-2.341257429528402,0.15900655819463655,0.05,,False,1.9712594695847991,-6.950042779051902,,,,,,,,,,,,,,
FINANCIALS,BNKR.L,SDR.L,BANKERS INVESTMENT TRUST PLC OR,SCHRODERS PLC ORD 20P,-2.33930829440632,0.15960339300513826,0.05,,False,0.37009141373598053,2.599102283322064,,,,,,,,,,,,,,
FINANCIALS,BARC.L,MNG.L,BARCLAYS PLC ORD 25P,M&G PLC,-2.3331634914223436,0.16149501222769197,0.05,,False,1.6153725077950176,-3.067345113579549,,,,,,,,,,,,,,
FINANCIALS,AJB.L,LGEN.L,AJ BELL PLC ORD GBP0.000125,LEGAL & GENERAL GROUP PLC ORD 2,-2.3272518077374955,0.16332928057374563,0.05,,False,2.8032533014510768,-9.235829769817515,,,,,,,,,,,,,,
FINANCIALS,ABDN.L,SDR.L,ABERDEEN GROUP PLC ORD 13 61/63,SCHRODERS PLC ORD 20P,-2.324026644345663,0.16433594246097327,0.05,,False,0.8197884410979779,0.27670440934134444,,,,,,,,,,,,,,
FINANCIALS,BARC.L,LLOY.L,BARCLAYS PLC ORD 25P,LLOYDS BANKING GROUP PLC ORD 10,-2.3190991692812237,0.1658820762261708,0.05,,False,1.159694764940197,0.7833993203433343,,,,,,,,,,,,,,
FINANCIALS,BNKR.L,HSBA.L,BANKERS INVESTMENT TRUST PLC OR,HSBC HOLDINGS PLC ORD $0.50 (UK,-2.308976462438999,0.169089225953104,0.05,,False,0.33034010360180793,2.556250855030775,,,,,,,,,,,,,,
FINANCIALS,ADM.L,LLOY.L,ADMIRAL GROUP PLC ORD 0.1P,LLOYDS BANKING GROUP PLC ORD 10,-2.3083675737355973,0.16928346298654184,0.05,,False,0.3482957517786049,6.504577950677441,,,,,,,,,,,,,,
FINANCIALS,ADM.L,PRU.L,ADMIRAL GROUP PLC ORD 0.1P,PRUDENTIAL PLC ORD 5P,-2.3080621011874154,0.16938096613149406,0.05,,False,0.3559919649009549,5.6022496468208995,,,,,,,,,,,,,,
FINANCIALS,AJB.L,SDR.L,AJ BELL PLC ORD GBP0.000125,SCHRODERS PLC ORD 20P,-2.307608765199129,0.16952573524685682,0.05,,False,0.26894453635272686,4.544127785114927,,,,,,,,,,,,,,
FINANCIALS,ABDN.L,NWG.L,ABERDEEN GROUP PLC ORD 13 61/63,NATWEST GROUP PLC ORD 107.69P,-2.3042036202174607,0.17061580446177194,0.05,,False,0.7115637655167482,0.7871493045541955,,,,,,,,,,,,,,
FINANCIALS,BEZ.L,INVP.L,BEAZLEY PLC ORD 5P,INVESTEC PLC ORD GBP0.0002,-2.2978376397036286,0.17266632422353284,0.05,,False,6.214466291685868,-32.53696509018657,,,,,,,,,,,,,,
FINANCIALS,BNKR.L,ICG.L,BANKERS INVESTMENT TRUST PLC OR,ICG PLC ORD 26 1/4P,-2.2904694788858695,0.17506018058007117,0.05,,False,-0.5890317799487655,9.292802519019048,,,,,,,,,,,,,,
FINANCIALS,AV.L,NWG.L,AVIVA PLC ORD 32 17/19P,NATWEST GROUP PLC ORD 107.69P,-2.276122580679576,0.17978458081956328,0.05,,False,0.595221131275511,2.677044789009151,,,,,,,,,,,,,,
FINANCIALS,ABDN.L,AV.L,ABERDEEN GROUP PLC ORD 13 61/63,AVIVA PLC ORD 32 17/19P,-2.2725379017503693,0.18097804731023398,0.05,,False,1.2482512384157554,-2.7482812486017254,,,,,,,,,,,,,,
FINANCIALS,HSBA.L,NWG.L,HSBC HOLDINGS PLC ORD $0.50 (UK,NATWEST GROUP PLC ORD 107.69P,-2.2673826337754837,0.18270355638001579,0.05,,False,1.081533354397783,0.15438145432242845,,,,,,,,,,,,,,
FINANCIALS,LLOY.L,NWG.L,LLOYDS BANKING GROUP PLC ORD 10,NATWEST GROUP PLC ORD 107.69P,-2.253760931403339,0.1873146950027929,0.05,,False,1.0220690342883463,-1.987538919088025,,,,,,,,,,,,,,
FINANCIALS,ABDN.L,INVP.L,ABERDEEN GROUP PLC ORD 13 61/63,INVESTEC PLC ORD GBP0.0002,-2.244599282512924,0.19045831630549848,0.05,,False,3.897990055306812,-19.49634515993902,,,,,,,,,,,,,,
FINANCIALS,ADM.L,STJ.L,ADMIRAL GROUP PLC ORD 0.1P,ST. JAMES'S PLACE PLC ORD 15P,-2.2424314448758373,0.19120713192016614,0.05,,False,0.28072185238110814,6.058618487492693,,,,,,,,,,,,,,
FINANCIALS,HSBA.L,LLOY.L,HSBC HOLDINGS PLC ORD $0.50 (UK,LLOYDS BANKING GROUP PLC ORD 10,-2.2415878546086354,0.1914990389911962,0.05,,False,1.056737142040332,2.2637855702785874,,,,,,,,,,,,,,
FINANCIALS,ASHM.L,SDR.L,ASHMORE GROUP PLC ORD 0.01P,SCHRODERS PLC ORD 20P,-2.2353789279018303,0.1936563602496456,0.05,,False,0.6688690650625574,1.1836503383200294,,,,,,,,,,,,,,
FINANCIALS,JUP.L,STJ.L,JUPITER FUND MANAGEMENT PLC ORD,ST. JAMES'S PLACE PLC ORD 15P,-2.2337853099115605,0.1942125822109168,0.05,,False,1.3397509861557004,-4.603650085886257,,,,,,,,,,,,,,
FINANCIALS,AJB.L,MNG.L,AJ BELL PLC ORD GBP0.000125,M&G PLC,-2.2266873652838437,0.19670243507751545,0.05,,False,0.47969836185318254,3.5213957522237727,,,,,,,,,,,,,,
FINANCIALS,ASHM.L,BGEO.L,ASHMORE GROUP PLC ORD 0.01P,LION FINANCE GROUP PLC ORD 1P,-2.2231146952787535,0.19796336186818236,0.05,,False,0.21565023068936215,3.2876970642587144,,,,,,,,,,,,,,
FINANCIALS,ABDN.L,BEZ.L,ABERDEEN GROUP PLC ORD 13 61/63,BEAZLEY PLC ORD 5P,-2.221579313482545,0.19850683479596437,0.05,,False,0.8122716087755761,-0.3454380355410649,,,,,,,,,,,,,,
FINANCIALS,JUP.L,PRU.L,JUPITER FUND MANAGEMENT PLC ORD,PRUDENTIAL PLC ORD 5P,-2.216831378865625,0.2001934482925843,0.05,,False,1.5529169949933916,-5.794614246298596,,,,,,,,,,,,,,
FINANCIALS,ASHM.L,LLOY.L,ASHMORE GROUP PLC ORD 0.01P,LLOYDS BANKING GROUP PLC ORD 10,-2.210961221987062,0.20229124623840994,0.05,,False,0.41468439302671356,3.391032609153691,,,,,,,,,,,,,,
FINANCIALS,LLOY.L,STAN.L,LLOYDS BANKING GROUP PLC ORD 10,STANDARD CHARTERED PLC ORD USD0,-2.2092616102020424,0.2029012156400174,0.05,,False,0.7071354630099581,-0.7097397460795554,,,,,,,,,,,,,,
FINANCIALS,BGEO.L,SDR.L,LION FINANCE GROUP PLC ORD 1P,SCHRODERS PLC ORD 20P,-2.206482393327098,0.2039011404106819,0.05,,False,2.0349519605164814,-3.3819243001683468,,,,,,,,,,,,,,
FINANCIALS,ADM.L,MNG.L,ADMIRAL GROUP PLC ORD 0.1P,M&G PLC,-2.200617603493459,0.20602137877911575,0.05,,False,0.48051520049570035,5.373486493048317,,,,,,,,,,,,,,
FINANCIALS,BARC.L,JUP.L,BARCLAYS PLC ORD 25P,JUPITER FUND MANAGEMENT PLC ORD,-2.1937269986103036,0.20853006743685737,0.05,,False,0.754860381176426,2.2415326324480986,,,,,,,,,,,,,,
FINANCIALS,BEZ.L,BNKR.L,BEAZLEY PLC ORD 5P,BANKERS INVESTMENT TRUST PLC OR,-2.1881209145956073,0.2105850948963398,0.05,,False,2.948804971078888,-7.388810854321338,,,,,,,,,,,,,,
FINANCIALS,BEZ.L,BGEO.L,BEAZLEY PLC ORD 5P,LION FINANCE GROUP PLC ORD 1P,-2.1853637040271527,0.2116004079503414,0.05,,False,0.48348518621195274,2.552747345123051,,,,,,,,,,,,,,
FINANCIALS,ADM.L,HSBA.L,ADMIRAL GROUP PLC ORD 0.1P,HSBC HOLDINGS PLC ORD $0.50 (UK,-2.1817637282581828,0.21293061878973746,0.05,,False,0.2859378804781013,6.056414710381902,,,,,,,,,,,,,,
FINANCIALS,AJB.L,HSBA.L,AJ BELL PLC ORD GBP0.000125,HSBC HOLDINGS PLC ORD $0.50 (UK,-2.1779490003267017,0.21434580862909286,0.05,,False,0.2699591274899463,4.3089031740164305,,,,,,,,,,,,,,
FINANCIALS,ASHM.L,BARC.L,ASHMORE GROUP PLC ORD 0.01P,BARCLAYS PLC ORD 25P,-2.1772270395795563,0.21461429290918038,0.05,,False,0.30223003518761454,3.4313395922054295,,,,,,,,,,,,,,
FINANCIALS,ADM.L,NWG.L,ADMIRAL GROUP PLC ORD 0.1P,NATWEST GROUP PLC ORD 107.69P,-2.1757324046581403,0.21517077874006302,0.05,,False,0.3522411843720403,5.835401417432205,,,,,,,,,,,,,,
FINANCIALS,ADM.L,BARC.L,ADMIRAL GROUP PLC ORD 0.1P,BARCLAYS PLC ORD 25P,-2.17383545200667,0.21587833322360184,0.05,,False,0.2731825052784402,6.426481720189264,,,,,,,,,,,,,,
FINANCIALS,HSBA.L,MNG.L,HSBC HOLDINGS PLC ORD $0.50 (UK,M&G PLC,-2.1714625661806397,0.216765417709402,0.05,,False,1.4651610224007758,-1.2078143899544633,,,,,,,,,,,,,,
FINANCIALS,HSBA.L,INVP.L,HSBC HOLDINGS PLC ORD $0.50 (UK,INVESTEC PLC ORD GBP0.0002,-2.1677181032940926,0.21816979257147645,0.05,,False,7.923753088572855,-43.32826449447996,,,,,,,,,,,,,,
FINANCIALS,ADM.L,STAN.L,ADMIRAL GROUP PLC ORD 0.1P,STANDARD CHARTERED PLC ORD USD0,-2.166107691810539,0.21877548968311078,0.05,,False,0.21686172572735413,6.466566710458566,,,,,,,,,,,,,,
FINANCIALS,BGEO.L,INVP.L,LION FINANCE GROUP PLC ORD 1P,INVESTEC PLC ORD GBP0.0002,-2.165494593850583,0.219006353445321,0.05,,False,13.13529352824168,-74.36035456510322,,,,,,,,,,,,,,
FINANCIALS,AJB.L,JUP.L,AJ BELL PLC ORD GBP0.000125,JUPITER FUND MANAGEMENT PLC ORD,-2.1615956420251896,0.2204779892724314,0.05,,False,0.18966358254195412,5.260046062816674,,,,,,,,,,,,,,
FINANCIALS,MNG.L,NWG.L,M&G PLC,NATWEST GROUP PLC ORD 107.69P,-2.1488620710380255,0.22532591594530088,0.05,,False,0.7248424342159374,1.0119081808043289,,,,,,,,,,,,,,
FINANCIALS,BARC.L,STJ.L,BARCLAYS PLC ORD 25P,ST. JAMES'S PLACE PLC ORD 15P,-2.1427593717712545,0.22767189436863094,0.05,,False,0.9722816607265758,-0.9624586929053018,,,,,,,,,,,,,,
FINANCIALS,AJB.L,BGEO.L,AJ BELL PLC ORD GBP0.000125,LION FINANCE GROUP PLC ORD 1P,-2.14236441536869,0.2278242240719166,0.05,,False,0.1865257656658593,4.513807766075221,,,,,,,,,,,,,,
FINANCIALS,AJB.L,BEZ.L,AJ BELL PLC ORD GBP0.000125,BEAZLEY PLC ORD 5P,-2.13952760687241,0.22892013545135242,0.05,,False,0.3008355617190727,4.106481203685343,,,,,,,,,,,,,,
FINANCIALS,BNKR.L,INVP.L,BANKERS INVESTMENT TRUST PLC OR,INVESTEC PLC ORD GBP0.0002,-2.133577880449525,0.23122881466102208,0.05,,False,1.0293656358884735,-1.704497329353611,,,,,,,,,,,,,,
FINANCIALS,AJB.L,STAN.L,AJ BELL PLC ORD GBP0.000125,STANDARD CHARTERED PLC ORD USD0,-2.1211543549908036,0.23609384150399343,0.05,,False,0.20998806850493243,4.658854479667027,,,,,,,,,,,,,,
FINANCIALS,JUP.L,NWG.L,JUPITER FUND MANAGEMENT PLC ORD,NATWEST GROUP PLC ORD 107.69P,-2.115109319733275,0.23848263044854306,0.05,,False,1.6397859061996622,-5.414269774833547,,,,,,,,,,,,,,
FINANCIALS,ASHM.L,LGEN.L,ASHMORE GROUP PLC ORD 0.01P,LEGAL & GENERAL GROUP PLC ORD 2,-2.1084668467834016,0.24112369770945957,0.05,,False,5.162687056552678,-23.1573340794914,,,,,,,,,,,,,,
FINANCIALS,ADM.L,SDR.L,ADMIRAL GROUP PLC ORD 0.1P,SCHRODERS PLC ORD 20P,-2.0936137477526096,0.2470902876798367,0.05,,False,0.2746521475287513,6.366586616377182,,,,,,,,,,,,,,
FINANCIALS,ABDN.L,BNKR.L,ABERDEEN GROUP PLC ORD 13 61/63,BANKERS INVESTMENT TRUST PLC OR,-2.0802882655268538,0.25251429716663326,0.05,,False,2.172495589201167,-5.275608743954745,,,,,,,,,,,,,,
FINANCIALS,BEZ.L,STAN.L,BEAZLEY PLC ORD 5P,STANDARD CHARTERED PLC ORD USD0,-2.0777705614822906,0.2535465941538768,0.05,,False,0.5359036526551906,2.988402104702487,,,,,,,,,,,,,,
FINANCIALS,INVP.L,STAN.L,INVESTEC PLC ORD GBP0.0002,STANDARD CHARTERED PLC ORD USD0,-2.076676405554295,0.2539959533457495,0.05,,False,0.06897721226365051,5.839224525478864,,,,,,,,,,,,,,
FINANCIALS,BNKR.L,MNG.L,BANKERS INVESTMENT TRUST PLC OR,M&G PLC,-2.0750382265947622,0.25466957282510927,0.05,,False,0.4710874518508551,2.2280643646810967,,,,,,,,,,,,,,
FINANCIALS,ASHM.L,NWG.L,ASHMORE GROUP PLC ORD 0.01P,NATWEST GROUP PLC ORD 107.69P,-2.0688314947740936,0.25723084558559517,0.05,,False,0.3125130641668609,3.2534600111039453,,,,,,,,,,,,,,
FINANCIALS,BGEO.L,JUP.L,LION FINANCE GROUP PLC ORD 1P,JUPITER FUND MANAGEMENT PLC ORD,-2.067641772670453,0.2577234305536141,0.05,,False,1.047371178570041,3.8571532580794567,,,,,,,,,,,,,,
FINANCIALS,AJB.L,BNKR.L,AJ BELL PLC ORD GBP0.000125,BANKERS INVESTMENT TRUST PLC OR,-2.0644249514561146,0.2590579261376566,0.05,,False,1.4283888329764018,-0.7203839603670188,,,,,,,,,,,,,,
FINANCIALS,INVP.L,LLOY.L,INVESTEC PLC ORD GBP0.0002,LLOYDS BANKING GROUP PLC ORD 10,-2.0616714556277214,0.26020324744330536,0.05,,False,0.10413998086109802,5.879986758693112,,,,,,,,,,,,,,
FINANCIALS,BEZ.L,LLOY.L,BEAZLEY PLC ORD 5P,LLOYDS BANKING GROUP PLC ORD 10,-2.053643022228249,0.2635586048122421,0.05,,False,0.8059042191382911,3.3188608631950043,,,,,,,,,,,,,,
FINANCIALS,BARC.L,INVP.L,BARCLAYS PLC ORD 25P,INVESTEC PLC ORD GBP0.0002,-2.05316742556305,0.26375811400943455,0.05,,False,11.390083671757806,-66.30439178102291,,,,,,,,,,,,,,
FINANCIALS,AV.L,LLOY.L,AVIVA PLC ORD 32 17/19P,LLOYDS BANKING GROUP PLC ORD 10,-2.049875365520081,0.26514137227741685,0.05,,False,0.583550542327659,3.8294245690685367,,,,,,,,,,,,,,
FINANCIALS,ADM.L,JUP.L,ADMIRAL GROUP PLC ORD 0.1P,JUPITER FUND MANAGEMENT PLC ORD,-2.0406671958647133,0.269031382862558,0.05,,False,0.16743967401240917,7.221062272548748,,,,,,,,,,,,,,
FINANCIALS,INVP.L,LGEN.L,INVESTEC PLC ORD GBP0.0002,LEGAL & GENERAL GROUP PLC ORD 2,-2.029102950923051,0.2739600253438016,0.05,,False,3.120104292283015,-10.796961203562622,,,,,,,,,,,,,,
FINANCIALS,STAN.L,STJ.L,STANDARD CHARTERED PLC ORD USD0,ST. JAMES'S PLACE PLC ORD 15P,-2.0267353262964645,0.2749749966626308,0.05,,False,1.1868706439861851,-1.1339327918999462,,,,,,,,,,,,,,
FINANCIALS,BEZ.L,MNG.L,BEAZLEY PLC ORD 5P,M&G PLC,-2.0258745033250953,0.27534451501015755,0.05,,False,1.2012019438956394,0.21174458718639322,,,,,,,,,,,,,,
FINANCIALS,ASHM.L,HSBA.L,ASHMORE GROUP PLC ORD 0.01P,HSBC HOLDINGS PLC ORD $0.50 (UK,-2.023809783858333,0.2762318920905251,0.05,,False,0.4038858656769689,2.4244197199257376,,,,,,,,,,,,,,
FINANCIALS,ASHM.L,BEZ.L,ASHMORE GROUP PLC ORD 0.01P,BEAZLEY PLC ORD 5P,-2.018612511322645,0.2784722587978903,0.05,,False,0.6163954100811683,0.9910432922685084,,,,,,,,,,,,,,
FINANCIALS,AV.L,BGEO.L,AVIVA PLC ORD 32 17/19P,LION FINANCE GROUP PLC ORD 1P,-2.0132571492727727,0.28079072330081345,0.05,,False,0.36187841268126614,3.17117881634938,,,,,,,,,,,,,,
FINANCIALS,ABDN.L,ASHM.L,ABERDEEN GROUP PLC ORD 13 61/63,ASHMORE GROUP PLC ORD 0.01P,-2.0070276394240802,0.2835002508898721,0.05,,False,1.2870630279346609,-1.4922833352773797,,,,,,,,,,,,,,
FINANCIALS,JUP.L,STAN.L,JUPITER FUND MANAGEMENT PLC ORD,STANDARD CHARTERED PLC ORD USD0,-1.9955379033757912,0.28853299380183883,0.05,,False,1.0786956692482037,-2.9674532432314917,,,,,,,,,,,,,,
FINANCIALS,AJB.L,BARC.L,AJ BELL PLC ORD GBP0.000125,BARCLAYS PLC ORD 25P,-1.9938606508359875,0.2892714608881646,0.05,,False,0.2598884543154735,4.646874379227607,,,,,,,,,,,,,,
FINANCIALS,INVP.L,PRU.L,INVESTEC PLC ORD GBP0.0002,PRUDENTIAL PLC ORD 5P,-1.9938346750381333,0.28928290517146193,0.05,,False,0.10805596598153923,5.599279004963505,,,,,,,,,,,,,,
FINANCIALS,MNG.L,SDR.L,M&G PLC,SCHRODERS PLC ORD 20P,-1.990924830212942,0.2905663665873974,0.05,,False,0.8299833184228066,0.5224371559555925,,,,,,,,,,,,,,
FINANCIALS,NWG.L,SDR.L,NATWEST GROUP PLC ORD 107.69P,SCHRODERS PLC ORD 20P,-1.9851303568375915,0.29313073576786286,0.05,,False,1.2238173454677435,-1.1459954507627046,,,,,,,,,,,,,,
FINANCIALS,AJB.L,LLOY.L,AJ BELL PLC ORD GBP0.000125,LLOYDS BANKING GROUP PLC ORD 10,-1.9791960768730743,0.29576872333191195,0.05,,False,0.28422877940015295,4.924552350426431,,,,,,,,,,,,,,
FINANCIALS,BARC.L,SDR.L,BARCLAYS PLC ORD 25P,SCHRODERS PLC ORD 20P,-1.9736180030752466,0.29825911613063716,0.05,,False,1.5050383219814036,-3.2053558782223455,,,,,,,,,,,,,,
FINANCIALS,ASHM.L,STAN.L,ASHMORE GROUP PLC ORD 0.01P,STANDARD CHARTERED PLC ORD USD0,-1.9726139253682293,0.29870849763481955,0.05,,False,0.22908319933795243,3.552717925067279,,,,,,,,,,,,,,
FINANCIALS,BNKR.L,STAN.L,BANKERS INVESTMENT TRUST PLC OR,STANDARD CHARTERED PLC ORD USD0,-1.960762467362743,0.3040378236360325,0.05,,False,0.24348642697940184,3.080210914624698,,,,,,,,,,,,,,
FINANCIALS,INVP.L,NWG.L,INVESTEC PLC ORD GBP0.0002,NATWEST GROUP PLC ORD 107.69P,-1.9558974544948786,0.30623880199338016,0.05,,False,0.050967304050983576,6.015143520263548,,,,,,,,,,,,,,
FINANCIALS,BARC.L,BEZ.L,BARCLAYS PLC ORD 25P,BEAZLEY PLC ORD 5P,-1.9555550676428233,0.3063939900094044,0.05,,False,1.5168332390994588,-4.521521123644028,,,,,,,,,,,,,,
FINANCIALS,MNG.L,STAN.L,M&G PLC,STANDARD CHARTERED PLC ORD USD0,-1.9542520221352555,0.306984946127026,0.05,,False,0.5023123633477731,1.9122974887913244,,,,,,,,,,,,,,
FINANCIALS,HSBA.L,JUP.L,HSBC HOLDINGS PLC ORD $0.50 (UK,JUPITER FUND MANAGEMENT PLC ORD,-1.9457778364813498,0.3108414609046964,0.05,,False,0.6822888584660975,3.6185733925769648,,,,,,,,,,,,,,
FINANCIALS,AV.L,BARC.L,AVIVA PLC ORD 32 17/19P,BARCLAYS PLC ORD 25P,-1.935704612049042,0.31545537077977787,0.05,,False,0.4970976873072742,3.4705115651522505,,,,,,,,,,,,,,
FINANCIALS,ASHM.L,MNG.L,ASHMORE GROUP PLC ORD 0.01P,M&G PLC,-1.9354324827887368,0.31558045875144586,0.05,,False,0.8001398080544718,0.7941128099084631,,,,,,,,,,,,,,
FINANCIALS,AV.L,INVP.L,AVIVA PLC ORD 32 17/19P,INVESTEC PLC ORD GBP0.0002,-1.9328730293842524,0.3167580780766367,0.05,,False,9.755262860302684,-55.39767384201477,,,,,,,,,,,,,,
FINANCIALS,LLOY.L,STJ.L,LLOYDS BANKING GROUP PLC ORD 10,ST. JAMES'S PLACE PLC ORD 15P,-1.9250882622157934,0.32035238626802154,0.05,,False,0.8228324832611913,-1.3973817382164446,,,,,,,,,,,,,,
FINANCIALS,ADM.L,BEZ.L,ADMIRAL GROUP PLC ORD 0.1P,BEAZLEY PLC ORD 5P,-1.9233147331995541,0.32117385392654807,0.05,,False,0.31961867832187457,5.835371640288733,,,,,,,,,,,,,,
FINANCIALS,INVP.L,STJ.L,INVESTEC PLC ORD GBP0.0002,ST. JAMES'S PLACE PLC ORD 15P,-1.9220372853600667,0.32176614180070423,0.05,,False,0.01940997188923301,6.194719123167702,,,,,,,,,,,,,,
FINANCIALS,AJB.L,PRU.L,AJ BELL PLC ORD GBP0.000125,PRUDENTIAL PLC ORD 5P,-1.919633634204721,0.3228819424581323,0.05,,False,0.2922704059757117,4.176300921841613,,,,,,,,,,,,,,
FINANCIALS,BEZ.L,NWG.L,BEAZLEY PLC ORD 5P,NATWEST GROUP PLC ORD 107.69P,-1.9045007621038756,0.3299467815276066,0.05,,False,0.8165024797003012,1.7614251801124423,,,,,,,,,,,,,,
FINANCIALS,AJB.L,ASHM.L,AJ BELL PLC ORD GBP0.000125,ASHMORE GROUP PLC ORD 0.01P,-1.8896777519227366,0.33693249430247246,0.05,,False,0.33036103822066887,4.439816021225121,,,,,,,,,,,,,,
FINANCIALS,BEZ.L,JUP.L,BEAZLEY PLC ORD 5P,JUPITER FUND MANAGEMENT PLC ORD,-1.857596792948146,0.35226411913910055,0.05,,False,0.4587615755737434,4.641458646459423,,,,,,,,,,,,,,
FINANCIALS,ASHM.L,PRU.L,ASHMORE GROUP PLC ORD 0.01P,PRUDENTIAL PLC ORD 5P,-1.8450479061907947,0.358336937964012,0.05,,False,0.4081195199280069,2.4229993492673536,,,,,,,,,,,,,,
FINANCIALS,AJB.L,AV.L,AJ BELL PLC ORD GBP0.000125,AVIVA PLC ORD 32 17/19P,-1.8390591983331246,0.36124945396278363,0.05,,False,0.6501279851585765,2.0242072930558317,,,,,,,,,,,,,,
FINANCIALS,SDR.L,STAN.L,SCHRODERS PLC ORD 20P,STANDARD CHARTERED PLC ORD USD0,-1.8369235289030206,0.36229031176313764,0.05,,False,0.5276964068551779,2.2255037995349474,,,,,,,,,,,,,,
FINANCIALS,LLOY.L,SDR.L,LLOYDS BANKING GROUP PLC ORD 10,SCHRODERS PLC ORD 20P,-1.8309219654818867,0.36522141987500023,0.05,,False,1.2062178674655866,-2.8922352164223764,,,,,,,,,,,,,,
FINANCIALS,AV.L,JUP.L,AVIVA PLC ORD 32 17/19P,JUPITER FUND MANAGEMENT PLC ORD,-1.824791858758927,0.36822452920765153,0.05,,False,0.35512973933146985,4.679282580107744,,,,,,,,,,,,,,
FINANCIALS,BNKR.L,JUP.L,BANKERS INVESTMENT TRUST PLC OR,JUPITER FUND MANAGEMENT PLC ORD,-1.8245824592532418,0.3683272757215961,0.05,,False,0.22526044720325114,3.752207281314875,,,,,,,,,,,,,,
FINANCIALS,BGEO.L,BNKR.L,LION FINANCE GROUP PLC ORD 1P,BANKERS INVESTMENT TRUST PLC OR,-1.8018674470777178,0.3795349529136068,0.05,,False,4.657495979325383,-13.627095348395581,,,,,,,,,,,,,,
FINANCIALS,ADM.L,INVP.L,ADMIRAL GROUP PLC ORD 0.1P,INVESTEC PLC ORD GBP0.0002,-1.8006977636912471,0.38011532837012113,0.05,,False,-3.760173373829044,31.808022921048405,,,,,,,,,,,,,,
FINANCIALS,AV.L,STAN.L,AVIVA PLC ORD 32 17/19P,STANDARD CHARTERED PLC ORD USD0,-1.7959306114582168,0.38248389554500406,0.05,,False,0.39638959320130585,3.530827073561412,,,,,,,,,,,,,,
FINANCIALS,PRU.L,STAN.L,PRUDENTIAL PLC ORD 5P,STANDARD CHARTERED PLC ORD USD0,-1.780228903181663,0.39032072658476985,0.05,,False,0.6940954247139272,1.8243160470685975,,,,,,,,,,,,,,
FINANCIALS,BGEO.L,STJ.L,LION FINANCE GROUP PLC ORD 1P,ST. JAMES'S PLACE PLC ORD 15P,-1.7624080403393103,0.3992782096427453,0.05,,False,1.3602188790325338,-0.665995468278755,,,,,,,,,,,,,,
FINANCIALS,JUP.L,SDR.L,JUPITER FUND MANAGEMENT PLC ORD,SCHRODERS PLC ORD 20P,-1.7465270729531899,0.407313665025793,0.05,,False,1.945605701901116,-6.9277512384615365,,,,,,,,,,,,,,
FINANCIALS,ASHM.L,STJ.L,ASHMORE GROUP PLC ORD 0.01P,ST. JAMES'S PLACE PLC ORD 15P,-1.736332933304765,0.41249652069141163,0.05,,False,0.19527120958314476,3.825018812725708,,,,,,,,,,,,,,
FINANCIALS,AJB.L,NWG.L,AJ BELL PLC ORD GBP0.000125,NATWEST GROUP PLC ORD 107.69P,-1.7038159444949945,0.42914746771235357,0.05,,False,0.3103474384270144,4.23722849754442,,,,,,,,,,,,,,
FINANCIALS,ASHM.L,AV.L,ASHMORE GROUP PLC ORD 0.01P,AVIVA PLC ORD 32 17/19P,-1.696370416640005,0.43298351104237365,0.05,,False,1.26196213287082,-2.830314753323252,,,,,,,,,,,,,,
FINANCIALS,HSBA.L,STJ.L,HSBC HOLDINGS PLC ORD $0.50 (UK,ST. JAMES'S PLACE PLC ORD 15P,-1.6924229120580114,0.4350205882811953,0.05,,False,0.8736469899264306,0.7584456766913004,,,,,,,,,,,,,,
FINANCIALS,ADM.L,BNKR.L,ADMIRAL GROUP PLC ORD 0.1P,BANKERS INVESTMENT TRUST PLC OR,-1.6581218195443643,0.4528081741443247,0.05,,False,1.5272451288139783,0.6605997349732968,,,,,,,,,,,,,,
FINANCIALS,AV.L,BEZ.L,AVIVA PLC ORD 32 17/19P,BEAZLEY PLC ORD 5P,-1.6534962982221169,0.45521764526966,0.05,,False,0.5662934519412808,2.498911484975489,,,,,,,,,,,,,,
FINANCIALS,AV.L,SDR.L,AVIVA PLC ORD 32 17/19P,SCHRODERS PLC ORD 20P,-1.619331807661852,0.47307962301976464,0.05,,False,0.5473615248811537,3.07711379606562,,,,,,,,,,,,,,
FINANCIALS,BEZ.L,PRU.L,BEAZLEY PLC ORD 5P,PRUDENTIAL PLC ORD 5P,-1.6052134680057097,0.4809740924589252,0.05,,False,0.7946295110079763,1.427543950727567,,,,,,,,,,,,,,
FINANCIALS,MNG.L,PRU.L,M&G PLC,PRUDENTIAL PLC ORD 5P,-1.6044299728078337,0.48136779775537014,0.05,,False,0.7312281965145463,0.5411336213339126,,,,,,,,,,,,,,
FINANCIALS,ABDN.L,STJ.L,ABERDEEN GROUP PLC ORD 13 61/63,ST. JAMES'S PLACE PLC ORD 15P,-1.5986458249258395,0.48427368637034196,0.05,,False,0.5450696972379985,1.3909640534884482,,,,,,,,,,,,,,
FINANCIALS,BARC.L,BNKR.L,BARCLAYS PLC ORD 25P,BANKERS INVESTMENT TRUST PLC OR,-1.5759656476761261,0.4956544923760669,0.05,,False,3.427792952681115,-10.701496105438213,,,,,,,,,,,,,,
FINANCIALS,AV.L,HSBA.L,AVIVA PLC ORD 32 17/19P,HSBC HOLDINGS PLC ORD $0.50 (UK,-1.4938281193146041,0.5365622406484079,0.05,,False,0.5223276093962269,2.7833338167025445,,,,,,,,,,,,,,
FINANCIALS,AJB.L,STJ.L,AJ BELL PLC ORD GBP0.000125,ST. JAMES'S PLACE PLC ORD 15P,-1.4778810135718259,0.5444235356272111,0.05,,False,0.25410327998570875,4.386892210183798,,,,,,,,,,,,,,
FINANCIALS,BNKR.L,LLOY.L,BANKERS INVESTMENT TRUST PLC OR,LLOYDS BANKING GROUP PLC ORD 10,-1.4639169993868406,0.5512796339735937,0.05,,False,0.3254386200823838,3.4061289478916645,,,,,,,,,,,,,,
FINANCIALS,SDR.L,STJ.L,SCHRODERS PLC ORD 20P,ST. JAMES'S PLACE PLC ORD 15P,-1.4626372751364385,0.5519065923892761,0.05,,False,0.550559580146647,2.1531343129507783,,,,,,,,,,,,,,
FINANCIALS,BEZ.L,STJ.L,BEAZLEY PLC ORD 5P,ST. JAMES'S PLACE PLC ORD 15P,-1.4546890535296826,0.5557952200876949,0.05,,False,0.5991247027280542,2.6371258507482453,,,,,,,,,,,,,,
FINANCIALS,ADM.L,ASHM.L,ADMIRAL GROUP PLC ORD 0.1P,ASHMORE GROUP PLC ORD 0.01P,-1.4302674483463416,0.5676826169951598,0.05,,False,-0.035449404062548866,8.191652078213819,,,,,,,,,,,,,,
FINANCIALS,PRU.L,SDR.L,PRUDENTIAL PLC ORD 5P,SCHRODERS PLC ORD 20P,-1.3997266918738707,0.5824071388583765,0.05,,False,1.2094590644047691,-0.47023646948664677,,,,,,,,,,,,,,
FINANCIALS,AV.L,MNG.L,AVIVA PLC ORD 32 17/19P,M&G PLC,-1.2418103728463874,0.6553564557859408,0.05,,False,0.7995661552843079,1.9645567028818762,,,,,,,,,,,,,,
FINANCIALS,ASHM.L,BNKR.L,ASHMORE GROUP PLC ORD 0.01P,BANKERS INVESTMENT TRUST PLC OR,-1.2418070299179986,0.6553579339390858,0.05,,False,2.4823773219374554,-6.761404230791014,,,,,,,,,,,,,,
FINANCIALS,MNG.L,STJ.L,M&G PLC,ST. JAMES'S PLACE PLC ORD 15P,-1.2251005836655144,0.66270596032105,0.05,,False,0.5590924512732288,1.6002485058616607,,,,,,,,,,,,,,
FINANCIALS,BNKR.L,NWG.L,BANKERS INVESTMENT TRUST PLC OR,NATWEST GROUP PLC ORD 107.69P,-1.221065855186492,0.6644687059077266,0.05,,False,0.32104840988679517,2.8306839301783953,,,,,,,,,,,,,,
FINANCIALS,HSBA.L,PRU.L,HSBC HOLDINGS PLC ORD $0.50 (UK,PRUDENTIAL PLC ORD 5P,-1.1061144856266831,0.7126273692397358,0.05,,False,1.0684136524350574,-0.39500788132128584,,,,,,,,,,,,,,
FINANCIALS,BNKR.L,PRU.L,BANKERS INVESTMENT TRUST PLC OR,PRUDENTIAL PLC ORD 5P,-0.5940218024072196,0.8723271407612719,0.05,,False,0.3215250979186989,2.6380601389450518,,,,,,,,,,,,,,
FINANCIALS,BNKR.L,STJ.L,BANKERS INVESTMENT TRUST PLC OR,ST. JAMES'S PLACE PLC ORD 15P,-0.4512188274159094,0.9011894689467783,0.05,,False,0.2417104650769935,3.1324074801595447,,,,,,,,,,,,,,
FINANCIALS,AV.L,BNKR.L,AVIVA PLC ORD 32 17/19P,BANKERS INVESTMENT TRUST PLC OR,-0.1890290727143757,0.939816750790018,0.05,,False,1.9271910582758969,-2.923172571347573,,,,,,,,,,,,,,
FR_BANKS,ACA.PA,GLE.PA,CREDIT AGRICOLE,SOCIETE GENERALE,-3.4284691148298294,0.01002581064031019,0.05,0.01002581064031019,True,0.2855673163134512,1.5883424057486792,17.966988708975215,2.8850320816418932e-05,-0.03857892893391151,54.0,0.2965316428609955,3.0254614182648916,False,,0.6,0.005288521261734998,0.008363878422773086,0.003341487007111066,True,reversion signs agree
FR_BANKS,ACA.PA,BNP.PA,CREDIT AGRICOLE,BNP PARIBAS ACT.A,-2.053721069056687,0.26352587265625615,0.05,0.01002581064031019,False,0.6908948345807813,-0.2617984744270476,,,,,,,,,,,,,,
FR_BANKS,BNP.PA,GLE.PA,BNP PARIBAS ACT.A,SOCIETE GENERALE,-1.8469502675940939,0.3574136808466928,0.05,0.01002581064031019,False,0.4033580285346347,2.7150455007356564,,,,,,,,,,,,,,
FR_LUXURY,CDI.PA,MC.PA,CHRISTIAN DIOR,LVMH,-3.422101366571503,0.01022811931022243,0.05,,False,0.9450326947573271,0.27778105130205777,,,,,,,,,,,,,,
FR_LUXURY,KER.PA,RMS.PA,KERING,HERMES INTL,-2.0018396907907534,0.28576704190983293,0.05,,False,-3.185741189547575,29.848028193189073,,,,,,,,,,,,,,
FR_LUXURY,CDI.PA,RMS.PA,CHRISTIAN DIOR,HERMES INTL,-1.374858780150597,0.5942680393648091,0.05,,False,1.0950469216139598,-2.1386648326008206,,,,,,,,,,,,,,
FR_LUXURY,CDI.PA,KER.PA,CHRISTIAN DIOR,KERING,-1.3358347031652147,0.6126226732515724,0.05,,False,0.5698427369740295,3.12242204217597,,,,,,,,,,,,,,
FR_LUXURY,KER.PA,MC.PA,KERING,LVMH,-1.2034762058035275,0.6720985511105697,0.05,,False,1.6406098001974678,-4.879669498587184,,,,,,,,,,,,,,
FR_LUXURY,MC.PA,RMS.PA,LVMH,HERMES INTL,-1.112598485147459,0.7100217139666547,0.05,,False,1.2610029165087961,-3.339488647266741,,,,,,,,,,,,,,
FR_UTILITIES,ENGI.PA,RUI.PA,ENGIE,RUBIS,-3.0378079974913605,0.03151130581591467,0.05,,False,1.5647790974494755,-2.240671850795592,,,,,,,,,,,,,,
FR_UTILITIES,ENGI.PA,VIE.PA,ENGIE,VEOLIA ENVIRON.,-2.7391735886139537,0.06750134920382726,0.05,,False,3.0954858578257323,-7.483269260381452,,,,,,,,,,,,,,
FR_UTILITIES,ALO.PA,ENGI.PA,ALSTOM,ENGIE,-1.8315046750557369,0.36493643591152014,0.05,,False,0.27188746346051856,2.2490915121092097,,,,,,,,,,,,,,
FR_UTILITIES,RUI.PA,VIE.PA,RUBIS,VEOLIA ENVIRON.,-1.7104975717080322,0.42571208985246006,0.05,,False,2.1628377366533735,-3.9677151168596896,,,,,,,,,,,,,,
FR_UTILITIES,ALO.PA,RUI.PA,ALSTOM,RUBIS,-1.252319502543581,0.6506943526809208,0.05,,False,0.5949708043361676,1.0864142126177678,,,,,,,,,,,,,,
FR_UTILITIES,ALO.PA,VIE.PA,ALSTOM,VEOLIA ENVIRON.,0.22520704072253694,0.9736404666422301,0.05,,False,8.683838605973992,-26.009723503998412,,,,,,,,,,,,,,
HEALTHCARE,GSK.L,HIK.L,GSK PLC ORD 31 1/4P,HIKMA PHARMACEUTICALS PLC ORD S,-3.792129515981359,0.002988874653932736,0.05,0.027561472854476844,True,-0.9405009803284071,14.414591560972019,14.489586766588793,-0.00019104709016918632,-0.04783760860304571,43.0,-2.4176734570864413,3.1019250716396902,True,2026-09-10 00:00:00,0.8,0.015189712086163588,0.6842516145532489,1.2341304634932246,False,mixed signal
HEALTHCARE,AZN.L,HIK.L,ASTRAZENECA PLC ORD SHS $0.25,HIKMA PHARMACEUTICALS PLC ORD S,-3.6580899233921276,0.004742801360550897,0.05,0.027561472854476844,True,-0.7075531899594972,14.698480294249736,17.00937769142576,-0.00030749119305827587,-0.04075088419662485,51.0,-1.4618343011819712,3.0442139906510546,False,,0.4,0.005243419848744508,0.25172589695658965,0.31122555297437615,False,mixed signal
HEALTHCARE,AZN.L,GSK.L,ASTRAZENECA PLC ORD SHS $0.25,GSK PLC ORD 31 1/4P,-3.437038860760495,0.009759188296406332,0.05,0.027561472854476844,True,0.8010648199316345,3.4946491783503495,14.006444020634842,-0.00018074753244177604,-0.049487734327055014,42.0,0.6309068810780618,3.068160813325788,False,,0.6,-0.007552193926148085,-0.0906850161398598,-0.9342054446132363,False,mixed signal
HEALTHCARE,AZN.L,CTEC.L,ASTRAZENECA PLC ORD SHS $0.25,CONVATEC GROUP PLC ORD 10P,-3.2769000301944367,0.015943153311411988,0.05,0.027561472854476844,True,-2.5710770682944943,23.47226238833249,15.586538622571512,-0.0007839462162852693,-0.04447088589356011,47.0,-1.9858011229108485,2.634521971912166,False,,0.0,-0.03868658134939312,-0.31432884125453997,0.005337852152213829,False,still diverging
HEALTHCARE,CTEC.L,HIK.L,CONVATEC GROUP PLC ORD 10P,HIKMA PHARMACEUTICALS PLC ORD S,-3.1101774752379794,0.025809120526528027,0.05,0.027561472854476844,True,0.2963159996472352,3.2544135597210624,17.38371000142912,-0.0001737508435454295,-0.03987337458476709,52.0,-0.9203665128817253,2.328265795295665,False,,0.2,-0.017002064638129782,-0.6179420377895044,-0.3090703923949531,False,still diverging
HEALTHCARE,CTEC.L,GSK.L,CONVATEC GROUP PLC ORD 10P,GSK PLC ORD 31 1/4P,-3.0865921487377284,0.027561472854476844,0.05,0.027561472854476844,True,-0.24001819572899807,7.242475762907247,17.683973916474567,-0.0002618853364328642,-0.039196347146508874,53.0,-1.7096850830616952,2.440701960798049,False,,0.0,-0.012114272652606993,-0.2881749696504068,0.3182197562018648,False,still diverging
HEALTHCARE,CTEC.L,SN.L,CONVATEC GROUP PLC ORD 10P,SMITH & NEPHEW PLC ORD USD0.20,-2.6860745730413726,0.07647913017992425,0.05,0.027561472854476844,False,-0.14157670278467538,6.470045300419392,,,,,,,,,,,,,,
HEALTHCARE,AZN.L,SN.L,ASTRAZENECA PLC ORD SHS $0.25,SMITH & NEPHEW PLC ORD USD0.20,-2.5343408210896414,0.10734080599063839,0.05,0.027561472854476844,False,1.2044961108061252,0.9146591619992552,,,,,,,,,,,,,,
HEALTHCARE,HIK.L,SN.L,HIKMA PHARMACEUTICALS PLC ORD S,SMITH & NEPHEW PLC ORD USD0.20,-2.521047307551795,0.11043690868265665,0.05,0.027561472854476844,False,-2.0404435426342493,21.86345272460072,,,,,,,,,,,,,,
HEALTHCARE,GSK.L,SN.L,GSK PLC ORD 31 1/4P,SMITH & NEPHEW PLC ORD USD0.20,-2.1440466975990264,0.22717581224353,0.05,0.027561472854476844,False,1.740869466656695,-4.892514377001665,,,,,,,,,,,,,,
INDUSTRIALS,BBY.L,IMI.L,BALFOUR BEATTY PLC ORD 50P,IMI PLC ORD 28 4/7P,-3.9382980194157646,0.001770392557487087,0.05,,False,1.4674511068258265,-4.9520289498078975,,,,,,,,,,,,,,
INDUSTRIALS,BA.L,BNZL.L,BAE SYSTEMS PLC ORD 2.5P,BUNZL PLC ORD 32 1/7P,-3.3262301658922575,0.01374593194375765,0.05,,False,-1.0626156440564174,15.784409760820708,,,,,,,,,,,,,,
INDUSTRIALS,BA.L,MGNS.L,BAE SYSTEMS PLC ORD 2.5P,MORGAN SINDALL GROUP PLC ORD 5P,-3.1634115131579708,0.02220267514159573,0.05,,False,1.0987616824925064,-1.6900729684199858,,,,,,,,,,,,,,
INDUSTRIALS,BNZL.L,SMIN.L,BUNZL PLC ORD 32 1/7P,SMITHS GROUP PLC ORD 37.5P,-3.1036345979415385,0.026285378610312545,0.05,,False,-1.2256692378762784,17.26959270882946,,,,,,,,,,,,,,
INDUSTRIALS,BNZL.L,WEIR.L,BUNZL PLC ORD 32 1/7P,WEIR PLC ORD 12.5P,-2.971859714435117,0.03760723258976636,0.05,,False,-1.336673095261274,18.32979194623275,,,,,,,,,,,,,,
INDUSTRIALS,BNZL.L,KIE.L,BUNZL PLC ORD 32 1/7P,KIER GROUP PLC ORD 1P,-2.9171221041905855,0.04339285189642036,0.05,,False,-0.952431153060838,12.8138674361259,,,,,,,,,,,,,,
INDUSTRIALS,BBY.L,DPLM.L,BALFOUR BEATTY PLC ORD 50P,DIPLOMA PLC ORD 5P,-2.8165670710400477,0.05594597092202326,0.05,,False,1.6161992691812037,-7.438397881335287,,,,,,,,,,,,,,
INDUSTRIALS,BNZL.L,MGNS.L,BUNZL PLC ORD 32 1/7P,MORGAN SINDALL GROUP PLC ORD 5P,-2.7838764680366106,0.06061406538382384,0.05,,False,-1.0185725520376554,16.317041844876787,,,,,,,,,,,,,,
INDUSTRIALS,BA.L,SMIN.L,BAE SYSTEMS PLC ORD 2.5P,SMITHS GROUP PLC ORD 37.5P,-2.7766685689065906,0.06168455767149593,0.05,,False,1.3040514502115315,-2.5790477664559583,,,,,,,,,,,,,,
INDUSTRIALS,KIE.L,SMIN.L,KIER GROUP PLC ORD 1P,SMITHS GROUP PLC ORD 37.5P,-2.7589134655116196,0.06438658044509234,0.05,,False,1.2740847026210853,-4.580330775926744,,,,,,,,,,,,,,
INDUSTRIALS,BA.L,SPX.L,BAE SYSTEMS PLC ORD 2.5P,SPIRAX GROUP PLC ORD 26 12/13P,-2.6946316317544774,0.07497184708439684,0.05,,False,-4.778392348281787,49.695182179625945,,,,,,,,,,,,,,
INDUSTRIALS,BBY.L,SMIN.L,BALFOUR BEATTY PLC ORD 50P,SMITHS GROUP PLC ORD 37.5P,-2.6824284837685464,0.07712857709348217,0.05,,False,1.6080282465634719,-6.001502038404815,,,,,,,,,,,,,,
INDUSTRIALS,IMI.L,SPX.L,IMI PLC ORD 28 4/7P,SPIRAX GROUP PLC ORD 26 12/13P,-2.6746023594443624,0.07853722199957992,0.05,,False,23.178718037288682,-197.50240064269786,,,,,,,,,,,,,,
INDUSTRIALS,DPLM.L,SPX.L,DIPLOMA PLC ORD 5P,SPIRAX GROUP PLC ORD 26 12/13P,-2.6729788109257475,0.07883196246125251,0.05,,False,26.493563326489742,-226.01183214967375,,,,,,,,,,,,,,
INDUSTRIALS,SPX.L,WEIR.L,SPIRAX GROUP PLC ORD 26 12/13P,WEIR PLC ORD 12.5P,-2.6706694313511625,0.07925270341472185,0.05,,False,-0.12859861154318478,9.855905474755648,,,,,,,,,,,,,,
INDUSTRIALS,KIE.L,SPX.L,KIER GROUP PLC ORD 1P,SPIRAX GROUP PLC ORD 26 12/13P,-2.661243150284398,0.080988337721975,0.05,,False,-41.64441347126516,373.79178201346315,,,,,,,,,,,,,,
INDUSTRIALS,BNZL.L,SPX.L,BUNZL PLC ORD 32 1/7P,SPIRAX GROUP PLC ORD 26 12/13P,-2.637917386109704,0.08541096559179517,0.05,,False,4.449907583539209,-31.49728390626347,,,,,,,,,,,,,,
INDUSTRIALS,SMIN.L,SPX.L,SMITHS GROUP PLC ORD 37.5P,SPIRAX GROUP PLC ORD 26 12/13P,-2.6357241974565606,0.08583626354562834,0.05,,False,-8.881841160337778,86.27044981686748,,,,,,,,,,,,,,
INDUSTRIALS,BBY.L,SPX.L,BALFOUR BEATTY PLC ORD 50P,SPIRAX GROUP PLC ORD 26 12/13P,-2.6260567624673117,0.08773055419215359,0.05,,False,-29.96878225668991,271.5763675888161,,,,,,,,,,,,,,
INDUSTRIALS,MGNS.L,WEIR.L,MORGAN SINDALL GROUP PLC ORD 5P,WEIR PLC ORD 12.5P,-2.6052373090774634,0.09191964627836585,0.05,,False,1.289110416027115,-1.7949645597856811,,,,,,,,,,,,,,
INDUSTRIALS,MRO.L,WEIR.L,MELROSE INDUSTRIES PLC ORD GBP0,WEIR PLC ORD 12.5P,-2.600425133703178,0.09290943277901409,0.05,,False,0.6436371283569717,1.260450111565527,,,,,,,,,,,,,,
INDUSTRIALS,MGNS.L,SPX.L,MORGAN SINDALL GROUP PLC ORD 5P,SPIRAX GROUP PLC ORD 26 12/13P,-2.5951147634953746,0.09401115594719844,0.05,,False,-4.627241203334754,49.23040909163578,,,,,,,,,,,,,,
INDUSTRIALS,DPLM.L,IMI.L,DIPLOMA PLC ORD 5P,IMI PLC ORD 28 4/7P,-2.5631549103461375,0.10085398602558077,0.05,,False,0.923102710498878,1.4223111232691368,,,,,,,,,,,,,,
INDUSTRIALS,MGNS.L,MRO.L,MORGAN SINDALL GROUP PLC ORD 5P,MELROSE INDUSTRIES PLC ORD GBP0,-2.5629071098683274,0.10090847837480021,0.05,,False,2.7191883337242273,-8.822689555804518,,,,,,,,,,,,,,
INDUSTRIALS,BA.L,KIE.L,BAE SYSTEMS PLC ORD 2.5P,KIER GROUP PLC ORD 1P,-2.518960282708597,0.11092897309042243,0.05,,False,1.017496909602598,2.1401400321383752,,,,,,,,,,,,,,
INDUSTRIALS,DPLM.L,HILS.L,DIPLOMA PLC ORD 5P,HILL & SMITH PLC ORD 25P,-2.5014274438146584,0.11512739847298176,0.05,,False,1.6156284450915614,-3.836060782378226,,,,,,,,,,,,,,
INDUSTRIALS,BNZL.L,MRO.L,BUNZL PLC ORD 32 1/7P,MELROSE INDUSTRIES PLC ORD GBP0,-2.4681522963445186,0.12341673129339964,0.05,,False,-4.0431103285734,33.30891871237602,,,,,,,,,,,,,,
INDUSTRIALS,KIE.L,MRO.L,KIER GROUP PLC ORD 1P,MELROSE INDUSTRIES PLC ORD GBP0,-2.4582373872768617,0.12596900776842818,0.05,,False,2.590699009051913,-11.118675171619333,,,,,,,,,,,,,,
INDUSTRIALS,BKG.L,MRO.L,BERKELEY GROUP HOLDINGS (THE) P,MELROSE INDUSTRIES PLC ORD GBP0,-2.4006516834432925,0.1415525603279736,0.05,,False,-1.3823917396830778,16.988499540267316,,,,,,,,,,,,,,
INDUSTRIALS,KIE.L,MGNS.L,KIER GROUP PLC ORD 1P,MORGAN SINDALL GROUP PLC ORD 5P,-2.3894128497167695,0.14474687716350276,0.05,,False,1.065077609161278,-3.6420162552110176,,,,,,,,,,,,,,
INDUSTRIALS,MGNS.L,SMIN.L,MORGAN SINDALL GROUP PLC ORD 5P,SMITHS GROUP PLC ORD 37.5P,-2.386142720453502,0.14568578083720524,0.05,,False,1.216256217695517,-1.0341533894374066,,,,,,,,,,,,,,
INDUSTRIALS,BA.L,WEIR.L,BAE SYSTEMS PLC ORD 2.5P,WEIR PLC ORD 12.5P,-2.3171369419610697,0.1665005184738767,0.05,,False,1.4367338113368924,-3.8208975594960775,,,,,,,,,,,,,,
INDUSTRIALS,BKG.L,IMI.L,BERKELEY GROUP HOLDINGS (THE) P,IMI PLC ORD 28 4/7P,-2.3102255377049614,0.16869123829952615,0.05,,False,-0.5918750563513828,12.837083248599804,,,,,,,,,,,,,,
INDUSTRIALS,BKG.L,SMIN.L,BERKELEY GROUP HOLDINGS (THE) P,SMITHS GROUP PLC ORD 37.5P,-2.3090977174195984,0.16905056325808676,0.05,,False,-0.6695689835635436,13.420999620742597,,,,,,,,,,,,,,
INDUSTRIALS,BKG.L,MGNS.L,BERKELEY GROUP HOLDINGS (THE) P,MORGAN SINDALL GROUP PLC ORD 5P,-2.2944841831113534,0.17375310399172078,0.05,,False,-0.5305645952666025,12.686651285082654,,,,,,,,,,,,,,
INDUSTRIALS,IMI.L,SMIN.L,IMI PLC ORD 28 4/7P,SMITHS GROUP PLC ORD 37.5P,-2.291252017929558,0.17480489436285968,0.05,,False,1.0657178778700482,-0.48503314268913833,,,,,,,,,,,,,,
INDUSTRIALS,BA.L,MRO.L,BAE SYSTEMS PLC ORD 2.5P,MELROSE INDUSTRIES PLC ORD GBP0,-2.2584308888955253,0.18572537781346476,0.05,,False,9.097349688599891,-49.79204466296135,,,,,,,,,,,,,,
INDUSTRIALS,BBY.L,MRO.L,BALFOUR BEATTY PLC ORD 50P,MELROSE INDUSTRIES PLC ORD GBP0,-2.2343210609674204,0.19402547408699505,0.05,,False,5.303977261608168,-27.041810630918448,,,,,,,,,,,,,,
INDUSTRIALS,MRO.L,SMIN.L,MELROSE INDUSTRIES PLC ORD GBP0,SMITHS GROUP PLC ORD 37.5P,-2.1859143090376754,0.21139741146163515,0.05,,False,0.5325769218903877,2.211729364315458,,,,,,,,,,,,,,
INDUSTRIALS,BA.L,BBY.L,BAE SYSTEMS PLC ORD 2.5P,BALFOUR BEATTY PLC ORD 50P,-2.1814869806395034,0.2130330920851582,0.05,,False,0.7844788394386395,2.45483950991325,,,,,,,,,,,,,,
INDUSTRIALS,BKG.L,SPX.L,BERKELEY GROUP HOLDINGS (THE) P,SPIRAX GROUP PLC ORD 26 12/13P,-2.170734163601718,0.2170381728644532,0.05,,False,1.7668120080397685,-7.341177678104875,,,,,,,,,,,,,,
INDUSTRIALS,KIE.L,WEIR.L,KIER GROUP PLC ORD 1P,WEIR PLC ORD 12.5P,-2.1593140222182434,0.22134195515405758,0.05,,False,1.3868605767188618,-5.662006591039947,,,,,,,,,,,,,,
INDUSTRIALS,BA.L,BKG.L,BAE SYSTEMS PLC ORD 2.5P,BERKELEY GROUP HOLDINGS (THE) P,-2.1447840894982875,0.22689194379865735,0.05,,False,-2.258059640002729,26.135914548618803,,,,,,,,,,,,,,
INDUSTRIALS,BBY.L,BKG.L,BALFOUR BEATTY PLC ORD 50P,BERKELEY GROUP HOLDINGS (THE) P,-2.1263420587439557,0.234055079538112,0.05,,False,-2.779070110931636,29.362597597453302,,,,,,,,,,,,,,
INDUSTRIALS,BKG.L,DPLM.L,BERKELEY GROUP HOLDINGS (THE) P,DIPLOMA PLC ORD 5P,-2.079538945038315,0.25282128212166366,0.05,,False,-0.6725521405331157,14.0157468987195,,,,,,,,,,,,,,
INDUSTRIALS,BKG.L,WEIR.L,BERKELEY GROUP HOLDINGS (THE) P,WEIR PLC ORD 12.5P,-2.0706340855255543,0.25648551249227225,0.05,,False,-0.6992580564753587,13.758483833802854,,,,,,,,,,,,,,
INDUSTRIALS,BKG.L,KIE.L,BERKELEY GROUP HOLDINGS (THE) P,KIER GROUP PLC ORD 1P,-2.019761620756013,0.27797609581300997,0.05,,False,-0.3473775614500875,10.09326542809934,,,,,,,,,,,,,,
INDUSTRIALS,BKG.L,BNZL.L,BERKELEY GROUP HOLDINGS (THE) P,BUNZL PLC ORD 32 1/7P,-2.0065719388051857,0.2836989883452937,0.05,,False,0.4471710925062706,4.769053226841473,,,,,,,,,,,,,,
INDUSTRIALS,IMI.L,MGNS.L,IMI PLC ORD 28 4/7P,MORGAN SINDALL GROUP PLC ORD 5P,-1.941917437762937,0.31260588125308586,0.05,,False,0.8781598498646044,0.4051428010055629,,,,,,,,,,,,,,
INDUSTRIALS,MRO.L,SPX.L,MELROSE INDUSTRIES PLC ORD GBP0,SPIRAX GROUP PLC ORD 26 12/13P,-1.8792337347855335,0.34189238412821377,0.05,,False,1.5149999939875052,-7.1238538032361145,,,,,,,,,,,,,,
INDUSTRIALS,DPLM.L,MGNS.L,DIPLOMA PLC ORD 5P,MORGAN SINDALL GROUP PLC ORD 5P,-1.8645386257488008,0.34892264885697927,0.05,,False,0.7938163159037582,1.9353871769839808,,,,,,,,,,,,,,
INDUSTRIALS,IMI.L,MRO.L,IMI PLC ORD 28 4/7P,MELROSE INDUSTRIES PLC ORD GBP0,-1.8494306557738922,0.356211303006497,0.05,,False,2.3153196961827005,-6.886427355679201,,,,,,,,,,,,,,
INDUSTRIALS,BBY.L,BNZL.L,BALFOUR BEATTY PLC ORD 50P,BUNZL PLC ORD 32 1/7P,-1.8032624225115697,0.37884319857049975,0.05,,False,-1.3774652002093613,17.172473142522154,,,,,,,,,,,,,,
INDUSTRIALS,DPLM.L,MRO.L,DIPLOMA PLC ORD 5P,MELROSE INDUSTRIES PLC ORD GBP0,-1.794576192188944,0.3831577691194366,0.05,,False,2.497413883596066,-7.198556316079475,,,,,,,,,,,,,,
INDUSTRIALS,HILS.L,IMI.L,HILL & SMITH PLC ORD 25P,IMI PLC ORD 28 4/7P,-1.754577025136973,0.4032345103866188,0.05,,False,0.5364840330324891,3.5221344783710284,,,,,,,,,,,,,,
INDUSTRIALS,SMIN.L,WEIR.L,SMITHS GROUP PLC ORD 37.5P,WEIR PLC ORD 12.5P,-1.7415018765769583,0.40986619738144703,0.05,,False,1.0664401629175542,-0.6766031671629191,,,,,,,,,,,,,,
INDUSTRIALS,BBY.L,HILS.L,BALFOUR BEATTY PLC ORD 50P,HILL & SMITH PLC ORD 25P,-1.6999215380702284,0.4311529032689936,0.05,,False,2.9725145813004037,-16.397519920645788,,,,,,,,,,,,,,
INDUSTRIALS,DPLM.L,KIE.L,DIPLOMA PLC ORD 5P,KIER GROUP PLC ORD 1P,-1.685406796835542,0.43864658370705967,0.05,,False,0.756659992906604,4.591192418088783,,,,,,,,,,,,,,
INDUSTRIALS,BBY.L,MGNS.L,BALFOUR BEATTY PLC ORD 50P,MORGAN SINDALL GROUP PLC ORD 5P,-1.6753362802762208,0.4438626608689206,0.05,,False,1.3658839355406913,-4.996282075705039,,,,,,,,,,,,,,
INDUSTRIALS,BBY.L,KIE.L,BALFOUR BEATTY PLC ORD 50P,KIER GROUP PLC ORD 1P,-1.6671007836476548,0.44813784432394865,0.05,,False,1.2727509590994688,-0.2756620750671228,,,,,,,,,,,,,,
INDUSTRIALS,BNZL.L,IMI.L,BUNZL PLC ORD 32 1/7P,IMI PLC ORD 28 4/7P,-1.6650747189995367,0.44919086657063,0.05,,False,-1.1618507671467482,16.801968825590375,,,,,,,,,,,,,,
INDUSTRIALS,IMI.L,KIE.L,IMI PLC ORD 28 4/7P,KIER GROUP PLC ORD 1P,-1.6399946624927246,0.4622635818278435,0.05,,False,0.8344495889081422,3.3565964948705584,,,,,,,,,,,,,,
INDUSTRIALS,BNZL.L,DPLM.L,BUNZL PLC ORD 32 1/7P,DIPLOMA PLC ORD 5P,-1.580029472884818,0.4936171144629815,0.05,,False,-1.3423801785918688,19.30407881417474,,,,,,,,,,,,,,
INDUSTRIALS,BA.L,IMI.L,BAE SYSTEMS PLC ORD 2.5P,IMI PLC ORD 28 4/7P,-1.5163594806110905,0.5254035749810133,0.05,,False,1.2353836459124168,-2.0756286303888904,,,,,,,,,,,,,,
INDUSTRIALS,HILS.L,SPX.L,HILL & SMITH PLC ORD 25P,SPIRAX GROUP PLC ORD 26 12/13P,-1.4662630244240467,0.5501296696226068,0.05,,False,1.2079278307455985,-3.0559070754938205,,,,,,,,,,,,,,
INDUSTRIALS,BKG.L,HILS.L,BERKELEY GROUP HOLDINGS (THE) P,HILL & SMITH PLC ORD 25P,-1.4341043705487597,0.565821304814414,0.05,,False,-2.3322580525956944,26.107977114974503,,,,,,,,,,,,,,
INDUSTRIALS,DPLM.L,SMIN.L,DIPLOMA PLC ORD 5P,SMITHS GROUP PLC ORD 37.5P,-1.428206335555138,0.5686814608181137,0.05,,False,0.9839010131910497,0.9735508505096107,,,,,,,,,,,,,,
INDUSTRIALS,BA.L,DPLM.L,BAE SYSTEMS PLC ORD 2.5P,DIPLOMA PLC ORD 5P,-1.3799781624764997,0.5918363145494623,0.05,,False,1.4080495231415464,-4.572111338561073,,,,,,,,,,,,,,
INDUSTRIALS,BBY.L,WEIR.L,BALFOUR BEATTY PLC ORD 50P,WEIR PLC ORD 12.5P,-1.0251331907507442,0.7439875417355101,0.05,,False,1.7644217191695408,-7.476470184192581,,,,,,,,,,,,,,
INDUSTRIALS,BNZL.L,HILS.L,BUNZL PLC ORD 32 1/7P,HILL & SMITH PLC ORD 25P,-1.020618428467609,0.7456701217006905,0.05,,False,-4.228862806575095,40.18491240429968,,,,,,,,,,,,,,
INDUSTRIALS,HILS.L,MGNS.L,HILL & SMITH PLC ORD 25P,MORGAN SINDALL GROUP PLC ORD 5P,-1.0122846568916264,0.7487574264761626,0.05,,False,0.3308608416417408,4.899620926639573,,,,,,,,,,,,,,
INDUSTRIALS,HILS.L,KIE.L,HILL & SMITH PLC ORD 25P,KIER GROUP PLC ORD 1P,-0.9768583001281849,0.7616108609245689,0.05,,False,0.3818779944411886,5.66288259344569,,,,,,,,,,,,,,
INDUSTRIALS,IMI.L,WEIR.L,IMI PLC ORD 28 4/7P,WEIR PLC ORD 12.5P,-0.946499369248841,0.7722742646961052,0.05,,False,1.1434268741823876,-1.2600016444968585,,,,,,,,,,,,,,
INDUSTRIALS,HILS.L,SMIN.L,HILL & SMITH PLC ORD 25P,SMITHS GROUP PLC ORD 37.5P,-0.9234228501177439,0.7801611139969931,0.05,,False,0.48098016656887127,3.9563309688670536,,,,,,,,,,,,,,
INDUSTRIALS,BA.L,HILS.L,BAE SYSTEMS PLC ORD 2.5P,HILL & SMITH PLC ORD 25P,-0.7195627840554624,0.8416170567243461,0.05,,False,4.00253815171016,-23.166378315663167,,,,,,,,,,,,,,
INDUSTRIALS,DPLM.L,WEIR.L,DIPLOMA PLC ORD 5P,WEIR PLC ORD 12.5P,-0.48406568643907566,0.8950886415190119,0.05,,False,1.0662823683400975,0.17500638614721709,,,,,,,,,,,,,,
INDUSTRIALS,HILS.L,WEIR.L,HILL & SMITH PLC ORD 25P,WEIR PLC ORD 12.5P,-0.025973185085350178,0.9563306847671105,0.05,,False,0.4522821530056772,4.104536088964792,,,,,,,,,,,,,,
INDUSTRIALS,HILS.L,MRO.L,HILL & SMITH PLC ORD 25P,MELROSE INDUSTRIES PLC ORD GBP0,0.1663279604030367,0.9703085230033217,0.05,,False,0.6364186007634345,3.6354815358978794,,,,,,,,,,,,,,
INVESTMENT_TRUSTS,FCIT.L,RCP.L,F&C INVESTMENT TRUST PLC ORD 6.,"""RIT Capital Partners""",-3.869554513861301,0.002270691829478523,0.05,,False,1.1179729822491362,-2.8347704756153256,,,,,,,,,,,,,,
INVESTMENT_TRUSTS,ATT.L,RCP.L,ALLIANZ TECHNOLOGY TRUST PLC OR,"""RIT Capital Partners""",-3.7184869508289795,0.0038605065886186596,0.05,,False,2.7432738921324678,-14.73591723029421,,,,,,,,,,,,,,
INVESTMENT_TRUSTS,ATT.L,FCIT.L,ALLIANZ TECHNOLOGY TRUST PLC OR,F&C INVESTMENT TRUST PLC ORD 6.,-3.604868898745014,0.005668624193195034,0.05,,False,2.404397297035753,-7.50042976427055,,,,,,,,,,,,,,
INVESTMENT_TRUSTS,PCT.L,RCP.L,POLAR CAPITAL TECHNOLOGY TRUST ,"""RIT Capital Partners""",-3.5333310205697335,0.007171226144218682,0.05,,False,3.457644282771616,-20.303160492272884,,,,,,,,,,,,,,
INVESTMENT_TRUSTS,MNKS.L,RCP.L,MONKS INVESTMENT TRUST PLC ORD ,"""RIT Capital Partners""",-3.3669689101920537,0.012137778249311495,0.05,,False,1.5456252998453768,-4.551818461596,,,,,,,,,,,,,,
INVESTMENT_TRUSTS,JAM.L,JGGI.L,JPMORGAN AMERICAN INVESTMENT TR,JPMORGAN GLOBAL GROWTH & INCOME,-3.2304497831321517,0.018288411635062025,0.05,,False,1.8940753865529398,-5.03367991957526,,,,,,,,,,,,,,
INVESTMENT_TRUSTS,HGT.L,PCT.L,HG CAPITAL TRUST PLC ORD 2.5P,POLAR CAPITAL TECHNOLOGY TRUST ,-3.2263185827884446,0.018510913419912723,0.05,,False,-0.3842130597772849,8.470822865997949,,,,,,,,,,,,,,
INVESTMENT_TRUSTS,FCIT.L,PCT.L,F&C INVESTMENT TRUST PLC ORD 6.,POLAR CAPITAL TECHNOLOGY TRUST ,-3.2216137860573455,0.0187671847750554,0.05,,False,0.32970099739051795,3.691929388526611,,,,,,,,,,,,,,
INVESTMENT_TRUSTS,HGT.L,SMT.L,HG CAPITAL TRUST PLC ORD 2.5P,SCOTTISH MORTGAGE INVESTMENT TR,-3.175741081639626,0.02143252701074953,0.05,,False,-0.610915123483146,10.425407335181156,,,,,,,,,,,,,,
INVESTMENT_TRUSTS,BRWM.L,RCP.L,BLACKROCK WORLD MINING TRUST PL,"""RIT Capital Partners""",-3.1631006941906676,0.022222395852281186,0.05,,False,3.947632600865971,-23.564097970392638,,,,,,,,,,,,,,
INVESTMENT_TRUSTS,ATT.L,HGT.L,ALLIANZ TECHNOLOGY TRUST PLC OR,HG CAPITAL TRUST PLC ORD 2.5P,-3.120639819660746,0.025062978643937705,0.05,,False,-2.1022589041233415,19.094886729974434,,,,,,,,,,,,,,
INVESTMENT_TRUSTS,3IN.L,BRWM.L,3I INFRASTRUCTURE PLC ORD NPV,BLACKROCK WORLD MINING TRUST PL,-3.1128734900348585,0.02561504536370549,0.05,,False,0.1623699531194049,4.7899735640408965,,,,,,,,,,,,,,
INVESTMENT_TRUSTS,3IN.L,HGT.L,3I INFRASTRUCTURE PLC ORD NPV,HG CAPITAL TRUST PLC ORD 2.5P,-3.034131349580673,0.031827578398799974,0.05,,False,-0.2663109247459994,7.479192460343587,,,,,,,,,,,,,,
INVESTMENT_TRUSTS,3IN.L,CTY.L,3I INFRASTRUCTURE PLC ORD NPV,CITY OF LONDON INVESTMENT TRUST,-2.928360304885666,0.04214808146478807,0.05,,False,0.47617166409023054,2.8928791671682212,,,,,,,,,,,,,,
INVESTMENT_TRUSTS,RCP.L,SMT.L,"""RIT Capital Partners""",SCOTTISH MORTGAGE INVESTMENT TR,-2.919872649578592,0.04308540288209239,0.05,,False,0.4306851648529954,4.603518220280344,,,,,,,,,,,,,,
INVESTMENT_TRUSTS,3IN.L,ATT.L,3I INFRASTRUCTURE PLC ORD NPV,ALLIANZ TECHNOLOGY TRUST PLC OR,-2.9197907502181377,0.043094531133986376,0.05,,False,0.2130577452307727,4.532760175217067,,,,,,,,,,,,,,
INVESTMENT_TRUSTS,JGGI.L,RCP.L,JPMORGAN GLOBAL GROWTH & INCOME,"""RIT Capital Partners""",-2.891909910572441,0.04629688532620393,0.05,,False,0.3213553182904835,3.897999043175554,,,,,,,,,,,,,,
INVESTMENT_TRUSTS,FCIT.L,HGT.L,F&C INVESTMENT TRUST PLC ORD 6.,HG CAPITAL TRUST PLC ORD 2.5P,-2.876748763902263,0.048119378416939744,0.05,,False,-0.6338775789924291,9.575532600512716,,,,,,,,,,,,,,
INVESTMENT_TRUSTS,HGT.L,MNKS.L,HG CAPITAL TRUST PLC ORD 2.5P,MONKS INVESTMENT TRUST PLC ORD ,-2.836076857870335,0.05330236641219727,0.05,,False,-0.9857931685604607,13.267469189212681,,,,,,,,,,,,,,
INVESTMENT_TRUSTS,3IN.L,PCT.L,3I INFRASTRUCTURE PLC ORD NPV,POLAR CAPITAL TECHNOLOGY TRUST ,-2.7857959522059303,0.060331534877904915,0.05,,False,0.16975739529513426,4.82089036420202,,,,,,,,,,,,,,
INVESTMENT_TRUSTS,3IN.L,MNKS.L,3I INFRASTRUCTURE PLC ORD NPV,MONKS INVESTMENT TRUST PLC ORD ,-2.7626814629883425,0.06380534772345847,0.05,,False,0.40474697984288416,2.923135685754477,,,,,,,,,,,,,,
INVESTMENT_TRUSTS,3IN.L,JGGI.L,3I INFRASTRUCTURE PLC ORD NPV,JPMORGAN GLOBAL GROWTH & INCOME,-2.7104756371956205,0.07224300254081258,0.05,,False,3.1343909980000517,-14.036889356606345,,,,,,,,,,,,,,
INVESTMENT_TRUSTS,CTY.L,MNKS.L,CITY OF LONDON INVESTMENT TRUST,MONKS INVESTMENT TRUST PLC ORD ,-2.650684258905407,0.08296764761792796,0.05,,False,0.8948325944306557,-0.25886051454584713,,,,,,,,,,,,,,
INVESTMENT_TRUSTS,HGT.L,JAM.L,HG CAPITAL TRUST PLC ORD 2.5P,JPMORGAN AMERICAN INVESTMENT TR,-2.644984502259318,0.0840516503733102,0.05,,False,-2.656040795179955,24.701300018694386,,,,,,,,,,,,,,
INVESTMENT_TRUSTS,3IN.L,PSH.L,3I INFRASTRUCTURE PLC ORD NPV,PERSHING SQUARE HOLDINGS LTD OR,-2.6208285396396134,0.08876838679826321,0.05,,False,0.3718414154063395,2.741828023123515,,,,,,,,,,,,,,
INVESTMENT_TRUSTS,3IN.L,RCP.L,3I INFRASTRUCTURE PLC ORD NPV,"""RIT Capital Partners""",-2.612069187624101,0.0905283800949252,0.05,,False,0.660361120274784,0.816594051181271,,,,,,,,,,,,,,
INVESTMENT_TRUSTS,FCIT.L,SMT.L,F&C INVESTMENT TRUST PLC ORD 6.,SCOTTISH MORTGAGE INVESTMENT TR,-2.606349451754698,0.09169205307215289,0.05,,False,0.5068823512666151,2.1353296864539315,,,,,,,,,,,,,,
INVESTMENT_TRUSTS,FCIT.L,JGGI.L,F&C INVESTMENT TRUST PLC ORD 6.,JPMORGAN GLOBAL GROWTH & INCOME,-2.602723304318816,0.0924357211084525,0.05,,False,3.068951895202583,-13.796534571876848,,,,,,,,,,,,,,
INVESTMENT_TRUSTS,JGGI.L,PCT.L,JPMORGAN GLOBAL GROWTH & INCOME,POLAR CAPITAL TECHNOLOGY TRUST ,-2.576781124319656,0.09789171798342239,0.05,,False,0.0897855393843105,5.803813031387565,,,,,,,,,,,,,,
INVESTMENT_TRUSTS,BRWM.L,JGGI.L,BLACKROCK WORLD MINING TRUST PL,JPMORGAN GLOBAL GROWTH & INCOME,-2.5672461344558197,0.09995752760520915,0.05,,False,16.856799240163376,-100.43606999614016,,,,,,,,,,,,,,
INVESTMENT_TRUSTS,3IN.L,FCIT.L,3I INFRASTRUCTURE PLC ORD NPV,F&C INVESTMENT TRUST PLC ORD 6.,-2.561905818353211,0.10112889359872396,0.05,,False,0.5449534985026614,2.7497971991999672,,,,,,,,,,,,,,
INVESTMENT_TRUSTS,3IN.L,SMT.L,3I INFRASTRUCTURE PLC ORD NPV,SCOTTISH MORTGAGE INVESTMENT TR,-2.5045105734844335,0.11438070733341699,0.05,,False,0.2307304152381394,4.229767863262655,,,,,,,,,,,,,,
INVESTMENT_TRUSTS,ATT.L,JGGI.L,ALLIANZ TECHNOLOGY TRUST PLC OR,JPMORGAN GLOBAL GROWTH & INCOME,-2.49439892061461,0.11684308261638393,0.05,,False,8.429823222207537,-47.33471342636457,,,,,,,,,,,,,,
INVESTMENT_TRUSTS,CTY.L,HGT.L,CITY OF LONDON INVESTMENT TRUST,HG CAPITAL TRUST PLC ORD 2.5P,-2.4844308370731922,0.11930857193480837,0.05,,False,-0.8821204626905929,11.626192067583993,,,,,,,,,,,,,,
INVESTMENT_TRUSTS,HGT.L,JGGI.L,HG CAPITAL TRUST PLC ORD 2.5P,JPMORGAN GLOBAL GROWTH & INCOME,-2.460982677423484,0.12525850897091306,0.05,,False,-17.13454692014617,114.80430474762471,,,,,,,,,,,,,,
INVESTMENT_TRUSTS,JGGI.L,MNKS.L,JPMORGAN GLOBAL GROWTH & INCOME,MONKS INVESTMENT TRUST PLC ORD ,-2.460387603205294,0.1254122699028561,0.05,,False,0.22238825103602858,4.7402790637814105,,,,,,,,,,,,,,
INVESTMENT_TRUSTS,JGGI.L,SMT.L,JPMORGAN GLOBAL GROWTH & INCOME,SCOTTISH MORTGAGE INVESTMENT TR,-2.439134543435254,0.13099416117849866,0.05,,False,0.12274845706188946,5.486201446657107,,,,,,,,,,,,,,
INVESTMENT_TRUSTS,ATT.L,PCT.L,ALLIANZ TECHNOLOGY TRUST PLC OR,POLAR CAPITAL TECHNOLOGY TRUST ,-2.4275350837114726,0.13411515534263785,0.05,,False,0.8020162391707295,1.321033030466051,,,,,,,,,,,,,,
INVESTMENT_TRUSTS,BRWM.L,CTY.L,BLACKROCK WORLD MINING TRUST PL,CITY OF LONDON INVESTMENT TRUST,-2.4197938565477184,0.1362274938964131,0.05,,False,2.835526759498902,-11.084002408147164,,,,,,,,,,,,,,
INVESTMENT_TRUSTS,CTY.L,JGGI.L,CITY OF LONDON INVESTMENT TRUST,JPMORGAN GLOBAL GROWTH & INCOME,-2.408988943719054,0.13921540233471857,0.05,,False,12.940566005039354,-75.86166514257795,,,,,,,,,,,,,,
INVESTMENT_TRUSTS,CTY.L,RCP.L,CITY OF LONDON INVESTMENT TRUST,"""RIT Capital Partners""",-2.337017164746421,0.16030691095878696,0.05,,False,1.4224907528006037,-4.631443765536418,,,,,,,,,,,,,,
INVESTMENT_TRUSTS,BRWM.L,HGT.L,BLACKROCK WORLD MINING TRUST PL,HG CAPITAL TRUST PLC ORD 2.5P,-2.332721699861127,0.16163160183242686,0.05,,False,-2.888588468981222,24.275209172854193,,,,,,,,,,,,,,
INVESTMENT_TRUSTS,ATT.L,CTY.L,ALLIANZ TECHNOLOGY TRUST PLC OR,CITY OF LONDON INVESTMENT TRUST,-2.3149026724649113,0.1672066009287544,0.05,,False,2.0807877794257013,-6.744766375955728,,,,,,,,,,,,,,
INVESTMENT_TRUSTS,3IN.L,JAM.L,3I INFRASTRUCTURE PLC ORD NPV,JPMORGAN AMERICAN INVESTMENT TR,-2.2582230028631627,0.1857959393451052,0.05,,False,0.5628370412467034,1.9086804261001973,,,,,,,,,,,,,,
INVESTMENT_TRUSTS,CTY.L,PCT.L,CITY OF LONDON INVESTMENT TRUST,POLAR CAPITAL TECHNOLOGY TRUST ,-2.2405424367355473,0.19186118358284937,0.05,,False,0.3843277524871343,3.8829498915738965,,,,,,,,,,,,,,
INVESTMENT_TRUSTS,HGT.L,RCP.L,HG CAPITAL TRUST PLC ORD 2.5P,"""RIT Capital Partners""",-2.2239812953342133,0.19765703423250208,0.05,,False,-1.8528976271143254,20.256063079296307,,,,,,,,,,,,,,
INVESTMENT_TRUSTS,ATT.L,SMT.L,ALLIANZ TECHNOLOGY TRUST PLC OR,SCOTTISH MORTGAGE INVESTMENT TR,-2.195790274377793,0.20777689083715095,0.05,,False,1.2197793024515173,-2.373428969673081,,,,,,,,,,,,,,
INVESTMENT_TRUSTS,FCIT.L,MNKS.L,F&C INVESTMENT TRUST PLC ORD 6.,MONKS INVESTMENT TRUST PLC ORD ,-2.167846892321893,0.21812139760538124,0.05,,False,0.7356177984037893,0.36914391001452973,,,,,,,,,,,,,,
INVESTMENT_TRUSTS,BRWM.L,FCIT.L,BLACKROCK WORLD MINING TRUST PL,F&C INVESTMENT TRUST PLC ORD 6.,-2.167485558158835,0.2182571925200124,0.05,,False,3.7442311030327953,-14.76075342956588,,,,,,,,,,,,,,
INVESTMENT_TRUSTS,PCT.L,SMT.L,POLAR CAPITAL TECHNOLOGY TRUST ,SCOTTISH MORTGAGE INVESTMENT TR,-2.145343948842095,0.22667656083918053,0.05,,False,1.533723734171125,-4.695686682358629,,,,,,,,,,,,,,
INVESTMENT_TRUSTS,BRWM.L,MNKS.L,BLACKROCK WORLD MINING TRUST PL,MONKS INVESTMENT TRUST PLC ORD ,-2.081613387937144,0.2519719298357861,0.05,,False,2.6733304341986424,-12.796127400787153,,,,,,,,,,,,,,
INVESTMENT_TRUSTS,JAM.L,RCP.L,JPMORGAN AMERICAN INVESTMENT TR,"""RIT Capital Partners""",-2.0769301403592753,0.2538917071135479,0.05,,False,0.9288472785565961,-0.08322217845172641,,,,,,,,,,,,,,
INVESTMENT_TRUSTS,CTY.L,SMT.L,CITY OF LONDON INVESTMENT TRUST,SCOTTISH MORTGAGE INVESTMENT TR,-2.0744522833832852,0.2549107557538366,0.05,,False,0.5984890446519558,2.0154416454242963,,,,,,,,,,,,,,
INVESTMENT_TRUSTS,BRWM.L,JAM.L,BLACKROCK WORLD MINING TRUST PL,JPMORGAN AMERICAN INVESTMENT TR,-2.0647886660709944,0.2589068476159261,0.05,,False,5.965370362597804,-35.17317298678043,,,,,,,,,,,,,,
INVESTMENT_TRUSTS,FCIT.L,JAM.L,F&C INVESTMENT TRUST PLC ORD 6.,JPMORGAN AMERICAN INVESTMENT TR,-1.905625309878114,0.32941943259830253,0.05,,False,1.203994927709663,-2.7372642950600135,,,,,,,,,,,,,,
INVESTMENT_TRUSTS,MNKS.L,PCT.L,MONKS INVESTMENT TRUST PLC ORD ,POLAR CAPITAL TECHNOLOGY TRUST ,-1.8880116945376753,0.33772163390570376,0.05,,False,0.4490594909097849,4.511847335867424,,,,,,,,,,,,,,
INVESTMENT_TRUSTS,JAM.L,PCT.L,JPMORGAN AMERICAN INVESTMENT TR,POLAR CAPITAL TECHNOLOGY TRUST ,-1.859899165172598,0.35115443458105106,0.05,,False,0.2395779983736434,5.544336797235063,,,,,,,,,,,,,,
INVESTMENT_TRUSTS,JGGI.L,PSH.L,JPMORGAN GLOBAL GROWTH & INCOME,PERSHING SQUARE HOLDINGS LTD OR,-1.8394936529691104,0.36103785587971343,0.05,,False,0.20658188397762872,4.621753239468271,,,,,,,,,,,,,,
INVESTMENT_TRUSTS,JAM.L,MNKS.L,JPMORGAN AMERICAN INVESTMENT TR,MONKS INVESTMENT TRUST PLC ORD ,-1.8357862449839577,0.36284505774099707,0.05,,False,0.5795736119979875,2.805951950428634,,,,,,,,,,,,,,
INVESTMENT_TRUSTS,BRWM.L,SMT.L,BLACKROCK WORLD MINING TRUST PL,SCOTTISH MORTGAGE INVESTMENT TR,-1.8317536336072737,0.36481470423708295,0.05,,False,1.8038478042425952,-6.111798221394633,,,,,,,,,,,,,,
INVESTMENT_TRUSTS,PSH.L,RCP.L,PERSHING SQUARE HOLDINGS LTD OR,"""RIT Capital Partners""",-1.8212979963536688,0.3699402640944695,0.05,,False,1.57266079407749,-3.6332261314076053,,,,,,,,,,,,,,
INVESTMENT_TRUSTS,ATT.L,MNKS.L,ALLIANZ TECHNOLOGY TRUST PLC OR,MONKS INVESTMENT TRUST PLC ORD ,-1.8184154939674952,0.3713579968281757,0.05,,False,1.7638490809496603,-6.577849840396561,,,,,,,,,,,,,,
INVESTMENT_TRUSTS,HGT.L,PSH.L,HG CAPITAL TRUST PLC ORD 2.5P,PERSHING SQUARE HOLDINGS LTD OR,-1.7715213753058694,0.3946893611128528,0.05,,False,-1.6551835824492172,19.941885485691508,,,,,,,,,,,,,,
INVESTMENT_TRUSTS,ATT.L,JAM.L,ALLIANZ TECHNOLOGY TRUST PLC OR,JPMORGAN AMERICAN INVESTMENT TR,-1.7604561856722436,0.40026318456297055,0.05,,False,3.212702402254709,-16.29838222057348,,,,,,,,,,,,,,
INVESTMENT_TRUSTS,BRWM.L,PCT.L,BLACKROCK WORLD MINING TRUST PL,POLAR CAPITAL TECHNOLOGY TRUST ,-1.7185886368127232,0.42156139508186874,0.05,,False,1.1007742640746232,-0.1394519284709821,,,,,,,,,,,,,,
INVESTMENT_TRUSTS,JAM.L,SMT.L,JPMORGAN AMERICAN INVESTMENT TR,SCOTTISH MORTGAGE INVESTMENT TR,-1.713765038040582,0.4240346338724598,0.05,,False,0.36791434367177256,4.416100654963795,,,,,,,,,,,,,,
INVESTMENT_TRUSTS,CTY.L,PSH.L,CITY OF LONDON INVESTMENT TRUST,PERSHING SQUARE HOLDINGS LTD OR,-1.6793508637662604,0.4417817011606411,0.05,,False,0.9795128350582177,-1.9688224141001731,,,,,,,,,,,,,,
INVESTMENT_TRUSTS,BRWM.L,PSH.L,BLACKROCK WORLD MINING TRUST PL,PERSHING SQUARE HOLDINGS LTD OR,-1.6679340574164643,0.4477049021705175,0.05,,False,4.342189931821629,-29.678524247497716,,,,,,,,,,,,,,
INVESTMENT_TRUSTS,CTY.L,JAM.L,CITY OF LONDON INVESTMENT TRUST,JPMORGAN AMERICAN INVESTMENT TR,-1.6469866121963657,0.4586124658757463,0.05,,False,1.9461998977915773,-7.396405397037751,,,,,,,,,,,,,,
INVESTMENT_TRUSTS,ATT.L,BRWM.L,ALLIANZ TECHNOLOGY TRUST PLC OR,BLACKROCK WORLD MINING TRUST PL,-1.6326813464484453,0.46608750332584,0.05,,False,0.7060217685550157,1.5677546298761786,,,,,,,,,,,,,,
INVESTMENT_TRUSTS,MNKS.L,PSH.L,MONKS INVESTMENT TRUST PLC ORD ,PERSHING SQUARE HOLDINGS LTD OR,-1.606055651858701,0.48055087460438306,0.05,,False,1.1204509341206736,-2.1256251332823393,,,,,,,,,,,,,,
INVESTMENT_TRUSTS,MNKS.L,SMT.L,MONKS INVESTMENT TRUST PLC ORD ,SCOTTISH MORTGAGE INVESTMENT TR,-1.5855769971370872,0.4908345059688942,0.05,,False,0.6837348757320636,2.4379553021446885,,,,,,,,,,,,,,
INVESTMENT_TRUSTS,CTY.L,FCIT.L,CITY OF LONDON INVESTMENT TRUST,F&C INVESTMENT TRUST PLC ORD 6.,-1.4856800117447602,0.5405829650957203,0.05,,False,1.2659894564981737,-0.9883392211804107,,,,,,,,,,,,,,
INVESTMENT_TRUSTS,PSH.L,SMT.L,PERSHING SQUARE HOLDINGS LTD OR,SCOTTISH MORTGAGE INVESTMENT TR,-1.330121693883945,0.6152814418853597,0.05,,False,0.4951620823188975,4.873003500436362,,,,,,,,,,,,,,
INVESTMENT_TRUSTS,PCT.L,PSH.L,POLAR CAPITAL TECHNOLOGY TRUST ,PERSHING SQUARE HOLDINGS LTD OR,-1.2515325784823181,0.6510445012641881,0.05,,False,3.4365321221019687,-22.609353417798662,,,,,,,,,,,,,,
INVESTMENT_TRUSTS,JAM.L,PSH.L,JPMORGAN AMERICAN INVESTMENT TR,PERSHING SQUARE HOLDINGS LTD OR,-1.234120213410761,0.6587485954799879,0.05,,False,0.5485279804739588,2.41267205973615,,,,,,,,,,,,,,
INVESTMENT_TRUSTS,ATT.L,PSH.L,ALLIANZ TECHNOLOGY TRUST PLC OR,PERSHING SQUARE HOLDINGS LTD OR,-0.9142863518902264,0.7832313173296029,0.05,,False,2.4738054686103004,-14.464134136726408,,,,,,,,,,,,,,
INVESTMENT_TRUSTS,FCIT.L,PSH.L,F&C INVESTMENT TRUST PLC ORD 6.,PERSHING SQUARE HOLDINGS LTD OR,-0.6315051082185972,0.8637030890003367,0.05,,False,0.7299875048999216,-0.4108739356701152,,,,,,,,,,,,,,
MATERIALS,AAL.L,RIO.L,ANGLO AMERICAN PLC ORD USD0.623,RIO TINTO PLC ORD 10P,-2.496333691065198,0.11636892771453705,0.05,,False,1.1445405886777293,-1.9607899595299383,,,,,,,,,,,,,,
MATERIALS,ANTO.L,HOC.L,ANTOFAGASTA PLC ORD 5P,HOCHSCHILD MINING PLC ORD 1P,-2.485502298437235,0.11904173828476589,0.05,,False,0.6548159066293947,3.9823969302120625,,,,,,,,,,,,,,
MATERIALS,CRDA.L,JMAT.L,CRODA INTERNATIONAL PLC ORD 10.,JOHNSON MATTHEY PLC ORD 147 143,-2.3768851672127913,0.1483669525670787,0.05,,False,-0.636326797860117,12.968857303205665,,,,,,,,,,,,,,
MATERIALS,FRES.L,JMAT.L,FRESNILLO PLC ORD USD0.50,JOHNSON MATTHEY PLC ORD 147 143,-2.3057963015770873,0.17010536328800213,0.05,,False,4.494779272527969,-27.561929689143618,,,,,,,,,,,,,,
MATERIALS,CRDA.L,FRES.L,CRODA INTERNATIONAL PLC ORD 10.,FRESNILLO PLC ORD USD0.50,-2.262271689976712,0.18442486817032855,0.05,,False,-0.16135720725302474,9.20991169602773,,,,,,,,,,,,,,
MATERIALS,FRES.L,HOC.L,FRESNILLO PLC ORD USD0.50,HOCHSCHILD MINING PLC ORD 1P,-2.2409964151337745,0.19170386604792206,0.05,,False,1.5543762294805705,-1.677820110021349,,,,,,,,,,,,,,
MATERIALS,ANTO.L,CRDA.L,ANTOFAGASTA PLC ORD 5P,CRODA INTERNATIONAL PLC ORD 10.,-2.191887085349714,0.20920314284861025,0.05,,False,-4.097503196289441,40.69316063761916,,,,,,,,,,,,,,
MATERIALS,AAL.L,ANTO.L,ANGLO AMERICAN PLC ORD USD0.623,ANTOFAGASTA PLC ORD 5P,-2.1908805591243032,0.20957192148717252,0.05,,False,0.6216859652135432,3.0428650874223226,,,,,,,,,,,,,,
MATERIALS,ANTO.L,JMAT.L,ANTOFAGASTA PLC ORD 5P,JOHNSON MATTHEY PLC ORD 147 143,-2.156978429416627,0.2222284834749978,0.05,,False,1.87285024081547,-6.761832258486524,,,,,,,,,,,,,,
MATERIALS,AAL.L,HOC.L,ANGLO AMERICAN PLC ORD USD0.623,HOCHSCHILD MINING PLC ORD 1P,-2.1558215392432944,0.22266840330889687,0.05,,False,0.3868865736282578,5.634408402503367,,,,,,,,,,,,,,
MATERIALS,BHP.L,RIO.L,BHP GROUP LIMITED ORD NPV (DI),RIO TINTO PLC ORD 10P,-2.0831948199988606,0.25132551753388926,0.05,,False,0.9018905635946993,-0.0470723527924104,,,,,,,,,,,,,,
MATERIALS,AAL.L,CRDA.L,ANGLO AMERICAN PLC ORD USD0.623,CRODA INTERNATIONAL PLC ORD 10.,-2.037651245557423,0.2703121431159785,0.05,,False,-2.2418378312383096,25.883679922597366,,,,,,,,,,,,,,
MATERIALS,HOC.L,JMAT.L,HOCHSCHILD MINING PLC ORD 1P,JOHNSON MATTHEY PLC ORD 147 143,-2.028927970221201,0.27403496909518765,0.05,,False,3.140973869778941,-18.581809135305686,,,,,,,,,,,,,,
MATERIALS,AAL.L,BHP.L,ANGLO AMERICAN PLC ORD USD0.623,BHP GROUP LIMITED ORD NPV (DI),-2.0211228161730617,0.2773889608088803,0.05,,False,1.2872322364926798,-2.040804173561037,,,,,,,,,,,,,,
MATERIALS,GLEN.L,RIO.L,GLENCORE PLC ORD USD0.01,RIO TINTO PLC ORD 10P,-1.9965909868192036,0.2880698302050543,0.05,,False,1.3746771988852176,-5.8429178463010585,,,,,,,,,,,,,,
MATERIALS,BHP.L,CRDA.L,BHP GROUP LIMITED ORD NPV (DI),CRODA INTERNATIONAL PLC ORD 10.,-1.9711310845675631,0.29937276401379587,0.05,,False,-2.6972742011537765,29.380691565581913,,,,,,,,,,,,,,
MATERIALS,CRDA.L,HOC.L,CRODA INTERNATIONAL PLC ORD 10.,HOCHSCHILD MINING PLC ORD 1P,-1.955168032209152,0.3065694607637994,0.05,,False,-0.22018585054325723,9.305197818335827,,,,,,,,,,,,,,
MATERIALS,CRDA.L,RIO.L,CRODA INTERNATIONAL PLC ORD 10.,RIO TINTO PLC ORD 10P,-1.9545055009602035,0.30686994568613746,0.05,,False,-0.42275399483253695,11.667853724215707,,,,,,,,,,,,,,
MATERIALS,AAL.L,GLEN.L,ANGLO AMERICAN PLC ORD USD0.623,GLENCORE PLC ORD USD0.01,-1.9413434899479254,0.3128686107829808,0.05,,False,0.8232737569755784,2.9593019494211408,,,,,,,,,,,,,,
MATERIALS,CRDA.L,GLEN.L,CRODA INTERNATIONAL PLC ORD 10.,GLENCORE PLC ORD USD0.01,-1.8344384850103062,0.3635028909222081,0.05,,False,0.18434328385553805,6.94847946501603,,,,,,,,,,,,,,
MATERIALS,BHP.L,GLEN.L,BHP GROUP LIMITED ORD NPV (DI),GLENCORE PLC ORD USD0.01,-1.8080005350309656,0.3764969467464961,0.05,,False,0.6620933585248889,3.7505547135061996,,,,,,,,,,,,,,
MATERIALS,ANTO.L,FRES.L,ANTOFAGASTA PLC ORD 5P,FRESNILLO PLC ORD USD0.50,-1.7033947728681018,0.4293642420290156,0.05,,False,0.4091620088987802,4.776739575426587,,,,,,,,,,,,,,
MATERIALS,ANTO.L,GLEN.L,ANTOFAGASTA PLC ORD 5P,GLENCORE PLC ORD USD0.01,-1.6011571562603277,0.48301216538310765,0.05,,False,1.4978177112074211,-1.1656222191466155,,,,,,,,,,,,,,
MATERIALS,GLEN.L,JMAT.L,GLENCORE PLC ORD USD0.01,JOHNSON MATTHEY PLC ORD 147 143,-1.6003661769002786,0.48340952366477297,0.05,,False,1.620143155915785,-6.598115148827158,,,,,,,,,,,,,,
MATERIALS,AAL.L,JMAT.L,ANGLO AMERICAN PLC ORD USD0.623,JOHNSON MATTHEY PLC ORD 147 143,-1.5886605333928518,0.48928717531422344,0.05,,False,1.1303455780823088,-0.8978770525768329,,,,,,,,,,,,,,
MATERIALS,HOC.L,RIO.L,HOCHSCHILD MINING PLC ORD 1P,RIO TINTO PLC ORD 10P,-1.501409740131972,0.5328138457048679,0.05,,False,3.1512497495090286,-21.285351380012298,,,,,,,,,,,,,,
MATERIALS,GLEN.L,HOC.L,GLENCORE PLC ORD USD0.01,HOCHSCHILD MINING PLC ORD 1P,-1.4953784053120398,0.5357963242556131,0.05,,False,0.31177029442085646,4.155475340697739,,,,,,,,,,,,,,
MATERIALS,AAL.L,FRES.L,ANGLO AMERICAN PLC ORD USD0.623,FRESNILLO PLC ORD USD0.50,-1.4320425152230898,0.5668218256976487,0.05,,False,0.23294503391205154,6.167338981906856,,,,,,,,,,,,,,
MATERIALS,ANTO.L,RIO.L,ANTOFAGASTA PLC ORD 5P,RIO TINTO PLC ORD 10P,-1.2921031331478197,0.6327773512244018,0.05,,False,1.8853045412808407,-8.428097646628117,,,,,,,,,,,,,,
MATERIALS,JMAT.L,RIO.L,JOHNSON MATTHEY PLC ORD 147 143,RIO TINTO PLC ORD 10P,-1.212881316396988,0.6680300937330532,0.05,,False,1.0567229380208627,-1.3189488374960412,,,,,,,,,,,,,,
MATERIALS,ANTO.L,BHP.L,ANTOFAGASTA PLC ORD 5P,BHP GROUP LIMITED ORD NPV (DI),-1.02483341759296,0.7440994809937642,0.05,,False,2.1724902116991824,-8.960578916402827,,,,,,,,,,,,,,
MATERIALS,BHP.L,JMAT.L,BHP GROUP LIMITED ORD NPV (DI),JOHNSON MATTHEY PLC ORD 147 143,-0.9799600718413233,0.7605030564695612,0.05,,False,0.7995718779363263,1.49585458089894,,,,,,,,,,,,,,
MATERIALS,FRES.L,GLEN.L,FRESNILLO PLC ORD USD0.50,GLENCORE PLC ORD USD0.01,-0.9495103128983254,0.7712312629302962,0.05,,False,7.278038392074051,-36.01598904570159,,,,,,,,,,,,,,
MATERIALS,BHP.L,HOC.L,BHP GROUP LIMITED ORD NPV (DI),HOCHSCHILD MINING PLC ORD 1P,-0.9058925054681111,0.7860257377309028,0.05,,False,0.2559057191530152,6.218373503326639,,,,,,,,,,,,,,
MATERIALS,FRES.L,RIO.L,FRESNILLO PLC ORD USD0.50,RIO TINTO PLC ORD 10P,-0.6241141736894211,0.8654395901305127,0.05,,False,5.698498297591388,-41.62363082628933,,,,,,,,,,,,,,
MATERIALS,BHP.L,FRES.L,BHP GROUP LIMITED ORD NPV (DI),FRESNILLO PLC ORD USD0.50,-0.40978845361652166,0.9084515830970837,0.05,,False,0.13672040156799978,6.696348097060731,,,,,,,,,,,,,,
NL_BANKS,ABN.AS,INGA.AS,ABN AMRO BANK N.V.,ING GROEP N.V.,-3.09544341590243,0.02689223896795,0.05,0.02689223896795,True,1.4465085128437556,-1.1727288009953787,18.532548219468374,5.76786617807638e-05,-0.037401612144831585,56.0,-0.47116416866131905,2.8989668844486007,False,,0.4,-0.0029457663530095186,0.018204496702953876,-0.09604554553412759,True,mixed signal
NL_SEMI_EQUIPMENT,ASML.AS,BESI.AS,ASML HOLDING,BE Semiconductor Industries N.V,-2.217404230680391,0.19998947228002584,0.05,,False,0.9391562876436611,2.1022891475879097,,,,,,,,,,,,,,
REAL_ESTATE,BLND.L,LAND.L,BRITISH LAND COMPANY PLC ORD 25,LAND SECURITIES GROUP PLC ORD 1,-3.7894613646459727,0.003016998274408034,0.05,,False,1.2838898528306566,-2.2681231907371515,,,,,,,,,,,,,,
REAL_ESTATE,LMP.L,PHP.L,LONDONMETRIC PROPERTY PLC ORD 1,PRIMARY HEALTH PROPERTIES PLC O,-3.776276495048397,0.00315958031478892,0.05,,False,0.9976711252896387,0.7042488820779136,,,,,,,,,,,,,,
REAL_ESTATE,GPE.L,LMP.L,GREAT PORTLAND ESTATES PLC ORD ,LONDONMETRIC PROPERTY PLC ORD 1,-3.630551747663748,0.005203100172140492,0.05,,False,1.9058195418945876,-4.25026790236862,,,,,,,,,,,,,,
REAL_ESTATE,BBOX.L,LAND.L,TRITAX BIG BOX REIT PLC ORD 1P,LAND SECURITIES GROUP PLC ORD 1,-3.1377515987742437,0.023882640558324023,0.05,,False,1.1903083609246197,-2.619781239411279,,,,,,,,,,,,,,
REAL_ESTATE,PHP.L,UTG.L,PRIMARY HEALTH PROPERTIES PLC O,UNITE GROUP PLC ORD 25P,-2.9451001832698473,0.040349224421082734,0.05,,False,-0.008895388471256066,4.619418573276637,,,,,,,,,,,,,,
REAL_ESTATE,PHP.L,SGRO.L,PRIMARY HEALTH PROPERTIES PLC O,SEGRO PLC ORD 10P,-2.9306654969512667,0.04189646592774805,0.05,,False,0.1423346052894638,3.6223978503164163,,,,,,,,,,,,,,
REAL_ESTATE,DLN.L,PHP.L,DERWENT LONDON PLC ORD 5P,PRIMARY HEALTH PROPERTIES PLC O,-2.9095142130233036,0.044252757615694735,0.05,,False,9.825878382488883,-37.25612922293927,,,,,,,,,,,,,,
REAL_ESTATE,LMP.L,UTG.L,LONDONMETRIC PROPERTY PLC ORD 1,UNITE GROUP PLC ORD 25P,-2.892791816293522,0.04619265493553598,0.05,,False,0.03371607099304119,5.03285886783018,,,,,,,,,,,,,,
REAL_ESTATE,HMSO.L,LAND.L,HAMMERSON PLC ORD 5P,LAND SECURITIES GROUP PLC ORD 1,-2.8789840012334063,0.04784702155267649,0.05,,False,2.1224946829416904,-7.8910724299924855,,,,,,,,,,,,,,
REAL_ESTATE,DLN.L,LMP.L,DERWENT LONDON PLC ORD 5P,LONDONMETRIC PROPERTY PLC ORD 1,-2.877000759039832,0.04808860975578438,0.05,,False,4.033733192783886,-13.636478696500127,,,,,,,,,,,,,,
REAL_ESTATE,LAND.L,UTG.L,LAND SECURITIES GROUP PLC ORD 1,UNITE GROUP PLC ORD 25P,-2.853137158289624,0.0510752091898668,0.05,,False,0.0038253857697036694,6.374645757498133,,,,,,,,,,,,,,
REAL_ESTATE,LMP.L,SGRO.L,LONDONMETRIC PROPERTY PLC ORD 1,SEGRO PLC ORD 10P,-2.850128266330467,0.0514623668752471,0.05,,False,0.3022795228810619,3.261375388304204,,,,,,,,,,,,,,
REAL_ESTATE,LAND.L,SGRO.L,LAND SECURITIES GROUP PLC ORD 1,SEGRO PLC ORD 10P,-2.8444812605256296,0.052195471036348653,0.05,,False,0.4148555046606883,3.6643126818188874,,,,,,,,,,,,,,
REAL_ESTATE,GPE.L,LAND.L,GREAT PORTLAND ESTATES PLC ORD ,LAND SECURITIES GROUP PLC ORD 1,-2.822674094361749,0.0551072164709181,0.05,,False,1.481031870035779,-3.714340752242622,,,,,,,,,,,,,,
REAL_ESTATE,GPE.L,PHP.L,GREAT PORTLAND ESTATES PLC ORD ,PRIMARY HEALTH PROPERTIES PLC O,-2.8084005522909568,0.057083792157437925,0.05,,False,2.308729633009429,-4.765983814519345,,,,,,,,,,,,,,
REAL_ESTATE,HMSO.L,UTG.L,HAMMERSON PLC ORD 5P,UNITE GROUP PLC ORD 25P,-2.674361846072161,0.07858083036332561,0.05,,False,-0.2653627398344529,7.437329439895868,,,,,,,,,,,,,,
REAL_ESTATE,BLND.L,HMSO.L,BRITISH LAND COMPANY PLC ORD 25,HAMMERSON PLC ORD 5P,-2.6666100336091128,0.07999654092401454,0.05,,False,0.5680410657169871,2.71495884119187,,,,,,,,,,,,,,
REAL_ESTATE,BBOX.L,PHP.L,TRITAX BIG BOX REIT PLC ORD 1P,PRIMARY HEALTH PROPERTIES PLC O,-2.62189763114466,0.08855539842258997,0.05,,False,1.8198203461179305,-3.3021163255234383,,,,,,,,,,,,,,
REAL_ESTATE,BLND.L,PHP.L,BRITISH LAND COMPANY PLC ORD 25,PRIMARY HEALTH PROPERTIES PLC O,-2.6127970508556926,0.09038111642046981,0.05,,False,2.000277723284256,-3.1746086237716007,,,,,,,,,,,,,,
REAL_ESTATE,BBOX.L,BLND.L,TRITAX BIG BOX REIT PLC ORD 1P,BRITISH LAND COMPANY PLC ORD 25,-2.5924361106052234,0.09457066850509649,0.05,,False,0.9017689577561261,-0.36623207144557757,,,,,,,,,,,,,,
REAL_ESTATE,BBOX.L,UTG.L,TRITAX BIG BOX REIT PLC ORD 1P,UNITE GROUP PLC ORD 25P,-2.5308846587639877,0.10813943055802339,0.05,,False,-0.04153346003172553,5.271051684142829,,,,,,,,,,,,,,
REAL_ESTATE,BLND.L,UTG.L,BRITISH LAND COMPANY PLC ORD 25,UNITE GROUP PLC ORD 25P,-2.4899293890896486,0.11794388053211119,0.05,,False,0.03253426130044641,5.734588689608217,,,,,,,,,,,,,,
REAL_ESTATE,LAND.L,LMP.L,LAND SECURITIES GROUP PLC ORD 1,LONDONMETRIC PROPERTY PLC ORD 1,-2.4623042361571827,0.12491752288696834,0.05,,False,1.2988034194729552,-0.4248348859095632,,,,,,,,,,,,,,
REAL_ESTATE,HMSO.L,PHP.L,HAMMERSON PLC ORD 5P,PRIMARY HEALTH PROPERTIES PLC O,-2.4522688015357015,0.12752381511317418,0.05,,False,4.045645136149771,-12.759428828811826,,,,,,,,,,,,,,
REAL_ESTATE,LAND.L,PHP.L,LAND SECURITIES GROUP PLC ORD 1,PRIMARY HEALTH PROPERTIES PLC O,-2.4406553883915896,0.13058887073755132,0.05,,False,1.4177617412922272,-0.06651003558832969,,,,,,,,,,,,,,
REAL_ESTATE,BLND.L,LMP.L,BRITISH LAND COMPANY PLC ORD 25,LONDONMETRIC PROPERTY PLC ORD 1,-2.434478946115882,0.1322404670422861,0.05,,False,1.7819891546368947,-3.4150460704473957,,,,,,,,,,,,,,
REAL_ESTATE,GPE.L,UTG.L,GREAT PORTLAND ESTATES PLC ORD ,UNITE GROUP PLC ORD 25P,-2.420952727892481,0.13590976967884794,0.05,,False,0.04284544337713453,5.482240447226587,,,,,,,,,,,,,,
REAL_ESTATE,HMSO.L,LMP.L,HAMMERSON PLC ORD 5P,LONDONMETRIC PROPERTY PLC ORD 1,-2.4180441420943604,0.13670821280022816,0.05,,False,3.6016797213866405,-13.232757040172716,,,,,,,,,,,,,,
REAL_ESTATE,BLND.L,SGRO.L,BRITISH LAND COMPANY PLC ORD 25,SEGRO PLC ORD 10P,-2.3371612184357287,0.16026261510086848,0.05,,False,0.591017873622788,2.0514429043494986,,,,,,,,,,,,,,
REAL_ESTATE,DLN.L,LAND.L,DERWENT LONDON PLC ORD 5P,LAND SECURITIES GROUP PLC ORD 1,-2.329870604474253,0.16251497968772105,0.05,,False,3.312890293627694,-13.642838157385235,,,,,,,,,,,,,,
REAL_ESTATE,BBOX.L,GPE.L,TRITAX BIG BOX REIT PLC ORD 1P,GREAT PORTLAND ESTATES PLC ORD ,-2.2841839329280447,0.17711971608659766,0.05,,False,0.7758050267599683,0.5262395932601578,,,,,,,,,,,,,,
REAL_ESTATE,BBOX.L,HMSO.L,TRITAX BIG BOX REIT PLC ORD 1P,HAMMERSON PLC ORD 5P,-2.2084510187009183,0.2031925352959572,0.05,,False,0.5988129899129586,1.5892298710601103,,,,,,,,,,,,,,
REAL_ESTATE,BBOX.L,LMP.L,TRITAX BIG BOX REIT PLC ORD 1P,LONDONMETRIC PROPERTY PLC ORD 1,-2.139948251228894,0.22875743443871477,0.05,,False,1.5528144248074351,-3.1613956436014314,,,,,,,,,,,,,,
REAL_ESTATE,BBOX.L,SGRO.L,TRITAX BIG BOX REIT PLC ORD 1P,SEGRO PLC ORD 10P,-2.1150734332074457,0.23849685355050398,0.05,,False,0.505018704666096,1.6679459603697522,,,,,,,,,,,,,,
REAL_ESTATE,BLND.L,GPE.L,BRITISH LAND COMPANY PLC ORD 25,GREAT PORTLAND ESTATES PLC ORD ,-2.082158106884856,0.25174916939310044,0.05,,False,0.8548340596225672,1.021279755737746,,,,,,,,,,,,,,
REAL_ESTATE,BBOX.L,DLN.L,TRITAX BIG BOX REIT PLC ORD 1P,DERWENT LONDON PLC ORD 5P,-2.058115745039552,0.2616863821562875,0.05,,False,0.2546391526343568,3.0731372839908775,,,,,,,,,,,,,,
REAL_ESTATE,GPE.L,SGRO.L,GREAT PORTLAND ESTATES PLC ORD ,SEGRO PLC ORD 10P,-2.0414360840225663,0.26870538971956565,0.05,,False,0.5318240192973388,2.2572088377002966,,,,,,,,,,,,,,
REAL_ESTATE,DLN.L,UTG.L,DERWENT LONDON PLC ORD 5P,UNITE GROUP PLC ORD 25P,-2.0269106953054976,0.2748997497489401,0.05,,False,0.4115331174571966,4.853005553522401,,,,,,,,,,,,,,
REAL_ESTATE,DLN.L,HMSO.L,DERWENT LONDON PLC ORD 5P,HAMMERSON PLC ORD 5P,-2.0112692981363254,0.2816538693335794,0.05,,False,-2.918717261790062,24.173696643453724,,,,,,,,,,,,,,
REAL_ESTATE,SGRO.L,UTG.L,SEGRO PLC ORD 10P,UNITE GROUP PLC ORD 25P,-1.9649499438899127,0.3021495420168854,0.05,,False,0.19447489287254843,5.315082166985941,,,,,,,,,,,,,,
REAL_ESTATE,DLN.L,GPE.L,DERWENT LONDON PLC ORD 5P,GREAT PORTLAND ESTATES PLC ORD ,-1.8986342793784248,0.3327038613303576,0.05,,False,2.0978686772865203,-4.533048879193459,,,,,,,,,,,,,,
REAL_ESTATE,GPE.L,HMSO.L,GREAT PORTLAND ESTATES PLC ORD ,HAMMERSON PLC ORD 5P,-1.829825303806877,0.3657579890953855,0.05,,False,0.6932305218755975,1.8177737166566268,,,,,,,,,,,,,,
REAL_ESTATE,DLN.L,SGRO.L,DERWENT LONDON PLC ORD 5P,SEGRO PLC ORD 10P,-1.812043683998045,0.37449894476495926,0.05,,False,1.0934323986261938,0.3490875075391582,,,,,,,,,,,,,,
REAL_ESTATE,BLND.L,DLN.L,BRITISH LAND COMPANY PLC ORD 25,DERWENT LONDON PLC ORD 5P,-1.6927536581736122,0.43484982445939246,0.05,,False,0.46277604618941587,2.4503924918320297,,,,,,,,,,,,,,
REAL_ESTATE,HMSO.L,SGRO.L,HAMMERSON PLC ORD 5P,SEGRO PLC ORD 10P,-1.555680740379218,0.5058093783700508,0.05,,False,0.46892720197699095,2.6004412086218385,,,,,,,,,,,,,,
TMT,ITV.L,WPP.L,ITV PLC ORD 10P,WPP PLC ORD 10P,-4.114864282351402,0.0009151590842428218,0.05,0.0074408299933817834,True,-0.05462045848226112,4.692471629010661,10.599279313156604,1.5081486455917831e-05,-0.06539568965783929,32.0,-1.0802392464860664,4.221200808881321,False,,0.4,0.006839694936030623,0.8366993620530978,1.1618711266925104,True,mixed signal
TMT,ITV.L,SGE.L,ITV PLC ORD 10P,THE SAGE GROUP PLC ORD 1 4/77P,-4.072773286632601,0.0010739027173386636,0.05,0.0074408299933817834,True,-0.17626565647467143,5.5870414496595675,10.844606074627196,3.127487319740236e-05,-0.06391630786679114,33.0,-1.6520985587258514,4.073346900298964,False,,0.4,0.003183073561063959,0.7234621211568362,1.0216057505319744,True,mixed signal
TMT,AAF.L,ITV.L,AIRTEL AFRICA PLC ORD USD0.50,ITV PLC ORD 10P,-4.0259378409314985,0.0012806200597011736,0.05,0.0074408299933817834,True,17.85658303397644,-72.52371931308248,11.059213724870252,6.45926150887327e-05,-0.06267599106084527,33.0,1.0234467188785352,4.278086372814889,False,,0.4,-0.10826526805512551,-0.7538574113003234,-1.048990150213945,True,mixed signal
TMT,ITV.L,VOD.L,ITV PLC ORD 10P,VODAFONE GROUP PLC ORD USD0.20 ,-4.003243039791769,0.0013936246236516945,0.05,0.0074408299933817834,True,0.15429440091945054,3.6731184130371775,11.173869552415958,-2.099104898101248e-05,-0.06203286849810023,34.0,-1.332054636923245,4.230552889423607,False,,0.4,0.0042628943697521834,0.7483763469383393,1.0446015867262008,True,mixed signal
TMT,BT-A.L,ITV.L,BT GROUP PLC ORD 5P,ITV PLC ORD 10P,-3.9746571035572287,0.0015491851840925138,0.05,0.0074408299933817834,True,5.580804379596653,-19.154315757111675,11.34207955941897,5.147737928235061e-05,-0.061112882953137534,34.0,1.002901936943547,4.1381761323974855,False,,0.4,-0.03184001663948657,-0.7245559271602013,-1.1190949266846866,True,mixed signal
TMT,ITV.L,REL.L,ITV PLC ORD 10P,RELX PLC ORD 14 51/116P,-3.962487533519983,0.0016201900245195631,0.05,0.0074408299933817834,True,-0.11842855388259144,5.317106132424977,11.42193036634332,3.119218238817642e-05,-0.06068564229759468,34.0,-1.1162979959600057,4.173528453549531,False,,0.4,0.005598187331987775,0.6642512768550193,0.9534960455291823,True,mixed signal
TMT,AUTO.L,EXPN.L,AUTOTRADER GROUP PLC ORD 1P,EXPERIAN PLC ORD USD0.10,-3.91960889373354,0.001895183296019746,0.05,0.0074408299933817834,True,1.5596904123081248,-6.133020373958401,11.579494788311324,5.582806303277883e-05,-0.059859881042446515,35.0,-0.24616488390034505,2.83332984972962,False,,0.6,0.004631359330740438,0.26248309064460573,0.8545732132931475,False,mixed signal
TMT,AUTO.L,ITV.L,AUTOTRADER GROUP PLC ORD 1P,ITV PLC ORD 10P,-3.9163862327229784,0.0019175089288721678,0.05,0.0074408299933817834,True,-12.275369146173464,60.03298802785115,11.678716625845986,0.00038595837556613347,-0.059351314255365356,35.0,-1.1707965200142794,4.3672361668304065,False,,0.4,0.0946961318527748,0.786185978835888,1.0659740232233228,True,mixed signal
TMT,EXPN.L,ITV.L,EXPERIAN PLC ORD USD0.10,ITV PLC ORD 10P,-3.8888564372975605,0.002118405504625307,0.05,0.0074408299933817834,True,-8.86418396948247,46.75091924937324,11.843279526527544,0.00032745065015367966,-0.058526625079428185,36.0,-1.1525901132841823,4.288088479108676,False,,0.4,0.06742166971816985,0.7742731875601963,0.9916428523793663,True,mixed signal
TMT,AAF.L,WPP.L,AIRTEL AFRICA PLC ORD USD0.50,WPP PLC ORD 10P,-3.8480434541359108,0.0024522945053508053,0.05,0.0074408299933817834,True,-1.0488360763784175,11.721358598099036,11.903993614279756,0.0001992583199771907,-0.058228121000372675,36.0,0.40613610149521495,3.21278166392085,False,,0.6,0.017252844780691143,-0.052801086455917245,-0.053471220368989714,True,reversion signs agree
TMT,ITV.L,RMV.L,ITV PLC ORD 10P,RIGHTMOVE PLC ORD 0.1P,-3.8135747158147577,0.002771441825638893,0.05,0.0074408299933817834,True,-0.0595680505475957,4.736731730641215,12.32587263884941,9.032678041444535e-05,-0.056235140575381516,37.0,-1.135664124558663,4.213252718725334,False,,0.4,0.009929838510655847,0.894876197455124,1.192375358773925,True,mixed signal
TMT,INF.L,ITV.L,INFORMA PLC ORD 0.1P,ITV PLC ORD 10P,-3.5219547693586244,0.0074408299933817834,0.05,0.0074408299933817834,True,3.6568426505910514,-9.197977030048113,14.345951588499242,-0.00046746140728851256,-0.04831657044734645,43.0,1.0773839358730846,3.920124546755067,False,,0.4,-0.01738426914146588,-0.5562257772617814,-0.7201188189516403,True,mixed signal
TMT,REL.L,VOD.L,RELX PLC ORD 14 51/116P,VODAFONE GROUP PLC ORD USD0.20 ,-3.360618234968034,0.012376932821419221,0.05,0.0074408299933817834,False,-0.9085883455942301,12.138250981527642,,,,,,,,,,,,,,
TMT,AUTO.L,REL.L,AUTOTRADER GROUP PLC ORD 1P,RELX PLC ORD 14 51/116P,-3.269566969998226,0.01629486043084801,0.05,0.0074408299933817834,False,1.294586261307478,-3.943939496607883,,,,,,,,,,,,,,
TMT,VOD.L,WPP.L,VODAFONE GROUP PLC ORD USD0.20 ,WPP PLC ORD 10P,-3.0537019815033872,0.03017463479138709,0.05,0.0074408299933817834,False,-0.3980564726206229,6.87840508257708,,,,,,,,,,,,,,
TMT,BT-A.L,WPP.L,BT GROUP PLC ORD 5P,WPP PLC ORD 10P,-2.963946547460539,0.03840128415879461,0.05,0.0074408299933817834,False,-0.334378232580351,7.215813477110183,,,,,,,,,,,,,,
TMT,EXPN.L,RMV.L,EXPERIAN PLC ORD USD0.10,RIGHTMOVE PLC ORD 0.1P,-2.8708788097733913,0.04884070798205614,0.05,0.0074408299933817834,False,0.6732894331570495,3.8337485783031235,,,,,,,,,,,,,,
TMT,EXPN.L,REL.L,EXPERIAN PLC ORD USD0.10,RELX PLC ORD 14 51/116P,-2.7631765315519545,0.06372929527380367,0.05,0.0074408299933817834,False,0.8239635337623321,1.45277925901783,,,,,,,,,,,,,,
TMT,EXPN.L,VOD.L,EXPERIAN PLC ORD USD0.10,VODAFONE GROUP PLC ORD USD0.20 ,-2.7173127450649877,0.0710900223456296,0.05,0.0074408299933817834,False,-0.7230678585520213,11.341158142602117,,,,,,,,,,,,,,
TMT,INF.L,WPP.L,INFORMA PLC ORD 0.1P,WPP PLC ORD 10P,-2.5700934234224424,0.09933721241027854,0.05,0.0074408299933817834,False,-0.026514533185389474,6.892707684347072,,,,,,,,,,,,,,
TMT,REL.L,RMV.L,RELX PLC ORD 14 51/116P,RIGHTMOVE PLC ORD 0.1P,-2.519097827032004,0.1108964936293918,0.05,0.0074408299933817834,False,0.8303807696240719,2.8048626469704576,,,,,,,,,,,,,,
TMT,AAF.L,INF.L,AIRTEL AFRICA PLC ORD USD0.50,INFORMA PLC ORD 0.1P,-2.5162367680952547,0.11157355922987511,0.05,0.0074408299933817834,False,36.79651584958314,-242.3579388774861,,,,,,,,,,,,,,
TMT,INF.L,REL.L,INFORMA PLC ORD 0.1P,RELX PLC ORD 14 51/116P,-2.493369935005925,0.11709583655632888,0.05,0.0074408299933817834,False,-0.008760094625015277,6.8002251790793435,,,,,,,,,,,,,,
TMT,INF.L,VOD.L,INFORMA PLC ORD 0.1P,VODAFONE GROUP PLC ORD USD0.20 ,-2.487520428764856,0.11854034109514794,0.05,0.0074408299933817834,False,0.05989358799824765,6.464237430752621,,,,,,,,,,,,,,
TMT,BT-A.L,INF.L,BT GROUP PLC ORD 5P,INFORMA PLC ORD 0.1P,-2.480972278137921,0.12017288083050448,0.05,0.0074408299933817834,False,31.434311175391894,-206.37188814516807,,,,,,,,,,,,,,
TMT,INF.L,RMV.L,INFORMA PLC ORD 0.1P,RIGHTMOVE PLC ORD 0.1P,-2.456268679975615,0.12648032273580306,0.05,0.0074408299933817834,False,0.022081690445199018,6.587736386027194,,,,,,,,,,,,,,
TMT,AUTO.L,INF.L,AUTOTRADER GROUP PLC ORD 1P,INFORMA PLC ORD 0.1P,-2.437709869702491,0.13137464477173766,0.05,0.0074408299933817834,False,27.61530627644815,-179.25720058338823,,,,,,,,,,,,,,
TMT,AUTO.L,RMV.L,AUTOTRADER GROUP PLC ORD 1P,RIGHTMOVE PLC ORD 0.1P,-2.409871504306064,0.13896961184619833,0.05,0.0074408299933817834,False,1.091626379341325,-0.419237382079654,,,,,,,,,,,,,,
TMT,SGE.L,VOD.L,THE SAGE GROUP PLC ORD 1 4/77P,VODAFONE GROUP PLC ORD USD0.20 ,-2.3998332986463278,0.14178346444030515,0.05,0.0074408299933817834,False,-0.7229493447866732,10.18424465101433,,,,,,,,,,,,,,
TMT,INF.L,SGE.L,INFORMA PLC ORD 0.1P,THE SAGE GROUP PLC ORD 1 4/77P,-2.3808774080412918,0.14720651384147687,0.05,0.0074408299933817834,False,0.06843131307874861,6.250937082532198,,,,,,,,,,,,,,
TMT,REL.L,SGE.L,RELX PLC ORD 14 51/116P,THE SAGE GROUP PLC ORD 1 4/77P,-2.3560023246032435,0.15454127302627735,0.05,0.0074408299933817834,False,1.2081563458780977,-0.3213546879363385,,,,,,,,,,,,,,
TMT,AUTO.L,VOD.L,AUTOTRADER GROUP PLC ORD 1P,VODAFONE GROUP PLC ORD USD0.20 ,-2.353760463344311,0.15521453789721623,0.05,0.0074408299933817834,False,-1.1905578651772526,11.83336117794418,,,,,,,,,,,,,,
TMT,AAF.L,BT-A.L,AIRTEL AFRICA PLC ORD USD0.50,BT GROUP PLC ORD 5P,-2.3536319097056966,0.15525320588905173,0.05,0.0074408299933817834,False,3.196559158627914,-11.2208518393134,,,,,,,,,,,,,,
TMT,EXPN.L,INF.L,EXPERIAN PLC ORD USD0.10,INFORMA PLC ORD 0.1P,-2.2988015345326174,0.17235479182996238,0.05,0.0074408299933817834,False,7.4076613423729825,-41.70309379983055,,,,,,,,,,,,,,
TMT,RMV.L,SGE.L,RIGHTMOVE PLC ORD 0.1P,THE SAGE GROUP PLC ORD 1 4/77P,-2.215097940772775,0.2008114796910091,0.05,0.0074408299933817834,False,1.4912937994056168,-4.018797766039061,,,,,,,,,,,,,,
TMT,RMV.L,VOD.L,RIGHTMOVE PLC ORD 0.1P,VODAFONE GROUP PLC ORD USD0.20 ,-2.2067195311274013,0.20381570046982223,0.05,0.0074408299933817834,False,-1.1163757473987281,11.338027991633101,,,,,,,,,,,,,,
TMT,AAF.L,VOD.L,AIRTEL AFRICA PLC ORD USD0.50,VODAFONE GROUP PLC ORD USD0.20 ,-2.1280076693084746,0.23340270402637758,0.05,0.0074408299933817834,False,2.6477535015447247,-6.459371639672642,,,,,,,,,,,,,,
TMT,EXPN.L,SGE.L,EXPERIAN PLC ORD USD0.10,THE SAGE GROUP PLC ORD 1 4/77P,-2.01231855603255,0.28119809830833153,0.05,0.0074408299933817834,False,0.981027758816567,1.2889547703919373,,,,,,,,,,,,,,
TMT,BT-A.L,REL.L,BT GROUP PLC ORD 5P,RELX PLC ORD 14 51/116P,-1.9442712263193744,0.31152950451143824,0.05,0.0074408299933817834,False,-0.9244149478096609,12.65905351089806,,,,,,,,,,,,,,
TMT,REL.L,WPP.L,RELX PLC ORD 14 51/116P,WPP PLC ORD 10P,-1.8968485801730444,0.333545087374323,0.05,0.0074408299933817834,False,0.3187640503425636,6.153376951607182,,,,,,,,,,,,,,
TMT,AUTO.L,BT-A.L,AUTOTRADER GROUP PLC ORD 1P,BT GROUP PLC ORD 5P,-1.8795764294186739,0.34172914938811516,0.05,0.0074408299933817834,False,-1.5552734045869248,14.582057905989352,,,,,,,,,,,,,,
TMT,AUTO.L,SGE.L,AUTOTRADER GROUP PLC ORD 1P,THE SAGE GROUP PLC ORD 1 4/77P,-1.8582787278328663,0.35193529663221834,0.05,0.0074408299933817834,False,1.6951521560720122,-5.275927088313936,,,,,,,,,,,,,,
TMT,AAF.L,EXPN.L,AIRTEL AFRICA PLC ORD USD0.50,EXPERIAN PLC ORD USD0.10,-1.8162974709083834,0.372400995474106,0.05,0.0074408299933817834,False,-4.350037005658071,40.674596262296845,,,,,,,,,,,,,,
TMT,BT-A.L,RMV.L,BT GROUP PLC ORD 5P,RIGHTMOVE PLC ORD 0.1P,-1.8141287035250568,0.37347008796543874,0.05,0.0074408299933817834,False,-0.48848400640943535,8.279367571915136,,,,,,,,,,,,,,
TMT,BT-A.L,EXPN.L,BT GROUP PLC ORD 5P,EXPERIAN PLC ORD USD0.10,-1.7959911609543766,0.3824537794780398,0.05,0.0074408299933817834,False,-1.273615799118228,15.524374484455462,,,,,,,,,,,,,,
TMT,BT-A.L,SGE.L,BT GROUP PLC ORD 5P,THE SAGE GROUP PLC ORD 1 4/77P,-1.7533467947123809,0.40385711175039546,0.05,0.0074408299933817834,False,-1.3153377696839632,14.343103919081509,,,,,,,,,,,,,,
TMT,AAF.L,SGE.L,AIRTEL AFRICA PLC ORD USD0.50,THE SAGE GROUP PLC ORD 1 4/77P,-1.7438783515650147,0.4086584977981477,0.05,0.0074408299933817834,False,-5.43093861473502,43.19687811256693,,,,,,,,,,,,,,
TMT,SGE.L,WPP.L,THE SAGE GROUP PLC ORD 1 4/77P,WPP PLC ORD 10P,-1.6103416387406997,0.47779629831432935,0.05,0.0074408299933817834,False,0.21273639527831056,5.674559166288914,,,,,,,,,,,,,,
TMT,AAF.L,AUTO.L,AIRTEL AFRICA PLC ORD USD0.50,AUTOTRADER GROUP PLC ORD 1P,-1.6096682585067796,0.4787352099333298,0.05,0.0074408299933817834,False,-2.4404962233782874,21.279905922389293,,,,,,,,,,,,,,
TMT,AAF.L,REL.L,AIRTEL AFRICA PLC ORD USD0.50,RELX PLC ORD 14 51/116P,-1.595289770508572,0.48595917170821745,0.05,0.0074408299933817834,False,-3.38229703273172,32.7148292328651,,,,,,,,,,,,,,
TMT,AAF.L,RMV.L,AIRTEL AFRICA PLC ORD USD0.50,RIGHTMOVE PLC ORD 0.1P,-1.4965965623911885,0.5351942939399243,0.05,0.0074408299933817834,False,-3.7303457782781773,29.128419776903154,,,,,,,,,,,,,,
TMT,BT-A.L,VOD.L,BT GROUP PLC ORD 5P,VODAFONE GROUP PLC ORD USD0.20 ,-1.4276100859560206,0.5689702783559347,0.05,0.0074408299933817834,False,0.8509324894733795,1.389542660465894,,,,,,,,,,,,,,
TMT,RMV.L,WPP.L,RIGHTMOVE PLC ORD 0.1P,WPP PLC ORD 10P,-1.4083697200343586,0.5782570570070847,0.05,0.0074408299933817834,False,0.281158994473047,4.666366005957379,,,,,,,,,,,,,,
TMT,EXPN.L,WPP.L,EXPERIAN PLC ORD USD0.10,WPP PLC ORD 10P,-1.3907520704798486,0.5867015741566189,0.05,0.0074408299933817834,False,0.2452951870222752,6.630031841776267,,,,,,,,,,,,,,
TMT,AUTO.L,WPP.L,AUTOTRADER GROUP PLC ORD 1P,WPP PLC ORD 10P,-1.2666779680920337,0.6442760142704093,0.05,0.0074408299933817834,False,0.4239977059648095,3.9522206749620468,,,,,,,,,,,,,,
UK_HOUSEBUILDERS,BWY.L,TW.L,BELLWAY PLC ORD 12.5P,TAYLOR WIMPEY PLC ORD 1P,-2.071529348855906,0.2561157884117311,0.05,,False,0.626119669963775,4.8672484374882,,,,,,,,,,,,,,
UK_HOUSEBUILDERS,PSN.L,TW.L,PERSIMMON PLC ORD 10P,TAYLOR WIMPEY PLC ORD 1P,-2.0608414628067386,0.260549032504052,0.05,,False,0.6109521138910413,4.262517680044486,,,,,,,,,,,,,,
UK_HOUSEBUILDERS,BWY.L,PSN.L,BELLWAY PLC ORD 12.5P,PERSIMMON PLC ORD 10P,-0.7473323258557817,0.8341056416874403,0.05,,False,1.046664637869235,0.34258623069858185,,,,,,,,,,,,,,
US_AIRLINES,JBLU,UAL,JetBlue Airways Corporation,"United Airlines Holdings, Inc.",-2.6229315053437348,0.08834980180971558,0.05,,False,-0.02689244521318668,1.7842649992968784,,,,,,,,,,,,,,
US_AIRLINES,JBLU,LUV,JetBlue Airways Corporation,Southwest Airlines Company,-2.535567772166958,0.10705835685498111,0.05,,False,-1.2060821210093169,5.866534979922526,,,,,,,,,,,,,,
US_AIRLINES,ALK,JBLU,"Alaska Air Group, Inc.",JetBlue Airways Corporation,-2.3962236081811232,0.1428051054856691,0.05,,False,1.1485118886293604,1.9671536930045395,,,,,,,,,,,,,,
US_AIRLINES,AAL,JBLU,"American Airlines Group, Inc.",JetBlue Airways Corporation,-2.2674299817066625,0.18268765961091987,0.05,,False,0.832115511874639,1.1460215098743731,,,,,,,,,,,,,,
US_AIRLINES,DAL,LUV,"Delta Air Lines, Inc.",Southwest Airlines Company,-2.227819715523175,0.19630386089790164,0.05,,False,1.0974613271456903,0.20224721264273926,,,,,,,,,,,,,,
US_AIRLINES,AAL,UAL,"American Airlines Group, Inc.","United Airlines Holdings, Inc.",-1.9487088874348948,0.3095049694816614,0.05,,False,0.4511962067346391,0.5397249497009562,,,,,,,,,,,,,,
US_AIRLINES,DAL,JBLU,"Delta Air Lines, Inc.",JetBlue Airways Corporation,-1.8575036079534197,0.35230906166697085,0.05,,False,1.4945319106722863,1.5357316099254303,,,,,,,,,,,,,,
US_AIRLINES,LUV,UAL,Southwest Airlines Company,"United Airlines Holdings, Inc.",-1.8093412275476348,0.37583399467282685,0.05,,False,0.5014312982161736,1.2691751528193027,,,,,,,,,,,,,,
US_AIRLINES,AAL,ALK,"American Airlines Group, Inc.","Alaska Air Group, Inc.",-1.8028212668205597,0.37906191529264915,0.05,,False,0.7958539700008476,-0.5560057081364866,,,,,,,,,,,,,,
US_AIRLINES,AAL,LUV,"American Airlines Group, Inc.",Southwest Airlines Company,-1.5740712331243512,0.496603936294956,0.05,,False,0.8210693846586847,-0.328008579531081,,,,,,,,,,,,,,
US_AIRLINES,AAL,DAL,"American Airlines Group, Inc.","Delta Air Lines, Inc.",-1.4859776457647975,0.5404362418447806,0.05,,False,0.8102026873537371,-0.7290635187312096,,,,,,,,,,,,,,
US_AIRLINES,ALK,UAL,"Alaska Air Group, Inc.","United Airlines Holdings, Inc.",-1.3131485949277073,0.6231355526189519,0.05,,False,0.5079117125144222,1.6374022057697855,,,,,,,,,,,,,,
US_AIRLINES,DAL,UAL,"Delta Air Lines, Inc.","United Airlines Holdings, Inc.",-1.2864718977240852,0.6353384875590911,0.05,,False,0.6120516494778492,1.3224669430011402,,,,,,,,,,,,,,
US_AIRLINES,ALK,LUV,"Alaska Air Group, Inc.",Southwest Airlines Company,-0.6838119953569083,0.8508981571673111,0.05,,False,1.829684784972922,-2.493107318884896,,,,,,,,,,,,,,
US_AIRLINES,ALK,DAL,"Alaska Air Group, Inc.","Delta Air Lines, Inc.",-0.18581788880466765,0.940191109254324,0.05,,False,1.0169817869082116,-0.2132329163966351,,,,,,,,,,,,,,
US_ASSET_MANAGERS,BX,KKR,Blackstone Inc.,KKR & Co. Inc.,-3.2467768974115496,0.01743176660734456,0.05,,False,0.9018766979407924,0.6155323314828403,,,,,,,,,,,,,,
US_ASSET_MANAGERS,BEN,KKR,"Franklin Templeton, Inc.",KKR & Co. Inc.,-2.806979694639222,0.057283664299721336,0.05,,False,-0.9657032001768285,7.700319244926687,,,,,,,,,,,,,,
US_ASSET_MANAGERS,APO,BEN,"Apollo Global Management, Inc. ","Franklin Templeton, Inc.",-2.598955735598103,0.09321328778711918,0.05,,False,-0.264880779468483,5.689641484514598,,,,,,,,,,,,,,
US_ASSET_MANAGERS,BEN,BX,"Franklin Templeton, Inc.",Blackstone Inc.,-2.4811505573694,0.1201282160291754,0.05,,False,-1.4291528197939334,10.130957537649406,,,,,,,,,,,,,,
US_ASSET_MANAGERS,APO,TROW,"Apollo Global Management, Inc. ","T. Rowe Price Group, Inc.",-2.404606574223405,0.14044045622019363,0.05,,False,2.704051678721882,-7.518021846951622,,,,,,,,,,,,,,
US_ASSET_MANAGERS,BLK,TROW,"BlackRock, Inc.","T. Rowe Price Group, Inc.",-2.360278253287942,0.1532627587014747,0.05,,False,3.6889662497366613,-10.029782453036471,,,,,,,,,,,,,,
US_ASSET_MANAGERS,BEN,TROW,"Franklin Templeton, Inc.","T. Rowe Price Group, Inc.",-2.2241293493885723,0.19760473003620843,0.05,,False,8.822836700650408,-37.37766274702445,,,,,,,,,,,,,,
US_ASSET_MANAGERS,BEN,BLK,"Franklin Templeton, Inc.","BlackRock, Inc.",-2.218040137812495,0.1997631987249443,0.05,,False,1.7934295394904864,-9.27331449678747,,,,,,,,,,,,,,
US_ASSET_MANAGERS,APO,BX,"Apollo Global Management, Inc. ",Blackstone Inc.,-1.9407196524062353,0.3131542957320451,0.05,,False,0.884086417652042,0.5072171937155963,,,,,,,,,,,,,,
US_ASSET_MANAGERS,APO,BLK,"Apollo Global Management, Inc. ","BlackRock, Inc.",-1.8709903943655342,0.34582875498281285,0.05,,False,1.4875881154537245,-5.357967358733197,,,,,,,,,,,,,,
US_ASSET_MANAGERS,BLK,KKR,"BlackRock, Inc.",KKR & Co. Inc.,-1.8035853062132958,0.3786831470561859,0.05,,False,0.3270744520578973,5.311056311101219,,,,,,,,,,,,,,
US_ASSET_MANAGERS,BX,TROW,Blackstone Inc.,"T. Rowe Price Group, Inc.",-1.6863886312309373,0.43813875574336136,0.05,,False,2.9249360737320407,-8.464797004374768,,,,,,,,,,,,,,
US_ASSET_MANAGERS,BLK,BX,"BlackRock, Inc.",Blackstone Inc.,-1.3534841689161212,0.6043622779133638,0.05,,False,0.5790931002604878,4.017960516021741,,,,,,,,,,,,,,
US_ASSET_MANAGERS,KKR,TROW,KKR & Co. Inc.,"T. Rowe Price Group, Inc.",-1.1587376088267138,0.691089282822783,0.05,,False,3.272550295397137,-10.202957344367094,,,,,,,,,,,,,,
US_ASSET_MANAGERS,APO,KKR,"Apollo Global Management, Inc. ",KKR & Co. Inc.,-1.0309868912664022,0.7417954718187054,0.05,,False,0.7809692871996345,1.1299408667935777,,,,,,,,,,,,,,
US_BANKS,TFC,USB,Truist Financial Corporation,U.S. Bancorp,-3.706317288877884,0.004025168198232969,0.05,,False,0.8726878921861775,0.4057612659104679,,,,,,,,,,,,,,
US_BANKS,KEY,PNC,KeyCorp,"PNC Financial Services Group, I",-3.679228328393509,0.004414996351739313,0.05,,False,1.2517801433823268,-3.70358256224394,,,,,,,,,,,,,,
US_BANKS,KEY,USB,KeyCorp,U.S. Bancorp,-3.63279044996041,0.005164216099184998,0.05,,False,1.2010147793772552,-1.7602646388220742,,,,,,,,,,,,,,
US_BANKS,KEY,RF,KeyCorp,Regions Financial Corporation,-3.596792266506374,0.005822649681347966,0.05,,False,1.1143229109459567,-0.6719125405794095,,,,,,,,,,,,,,
US_BANKS,KEY,TFC,KeyCorp,Truist Financial Corporation,-3.556357722047216,0.006652326499313545,0.05,,False,1.3793473886953287,-2.3303556790901516,,,,,,,,,,,,,,
US_BANKS,FITB,USB,Fifth Third Bancorp,U.S. Bancorp,-3.4945749070106635,0.008127519966272959,0.05,,False,0.9383979654884584,0.14680261023255659,,,,,,,,,,,,,,
US_BANKS,CFG,TFC,"Citizens Financial Group, Inc.",Truist Financial Corporation,-3.379995312800489,0.011660030017638276,0.05,,False,1.881310481933239,-3.201819912389945,,,,,,,,,,,,,,
US_BANKS,PNC,USB,"PNC Financial Services Group, I",U.S. Bancorp,-3.31281770940913,0.014315154639955965,0.05,,False,0.9591444799412144,1.5535927786551724,,,,,,,,,,,,,,
US_BANKS,FHN,HBAN,First Horizon Corporation,Huntington Bancshares Incorpora,-3.2820204288359798,0.01570154199011134,0.05,,False,1.705911095196591,-1.6661987445866084,,,,,,,,,,,,,,
US_BANKS,RF,TFC,Regions Financial Corporation,Truist Financial Corporation,-3.172774465310856,0.021615683516966057,0.05,,False,1.2352361846190698,-1.4785838082899243,,,,,,,,,,,,,,
US_BANKS,CFG,KEY,"Citizens Financial Group, Inc.",KeyCorp,-3.1502896104507485,0.023048533989995602,0.05,,False,1.3541884931909154,0.00406426232809709,,,,,,,,,,,,,,
US_BANKS,PNC,ZION,"PNC Financial Services Group, I",Zions Bancorporation N.A.,-3.134274880804459,0.02411849786227346,0.05,,False,0.9522764540894217,1.4679037081788784,,,,,,,,,,,,,,
US_BANKS,FITB,PNC,Fifth Third Bancorp,"PNC Financial Services Group, I",-3.0984656570138784,0.026666945302913032,0.05,,False,0.9783960133836288,-1.3733224816985148,,,,,,,,,,,,,,
US_BANKS,PNC,RF,"PNC Financial Services Group, I",Regions Financial Corporation,-3.0693011462872604,0.028910042428008004,0.05,,False,0.8901932731882851,2.421878566788685,,,,,,,,,,,,,,
US_BANKS,C,TFC,"Citigroup, Inc.",Truist Financial Corporation,-3.0672844639014847,0.029070939909216345,0.05,,False,2.7614033818517623,-5.909492791245201,,,,,,,,,,,,,,
US_BANKS,C,MTB,"Citigroup, Inc.",M&T Bank Corporation,-3.057351033768828,0.029874664681830896,0.05,,False,2.6286353801335505,-9.28568960459285,,,,,,,,,,,,,,
US_BANKS,COF,WFC,Capital One Financial Corporati,Wells Fargo & Company,-2.9965061315132004,0.0352219743949518,0.05,,False,1.0325720160179603,0.796753683135198,,,,,,,,,,,,,,
US_BANKS,C,ZION,"Citigroup, Inc.",Zions Bancorporation N.A.,-2.96583478111469,0.03821054125882589,0.05,,False,2.420916718799565,-5.115819494206095,,,,,,,,,,,,,,
US_BANKS,FITB,KEY,Fifth Third Bancorp,KeyCorp,-2.9249678491580933,0.04252066329838246,0.05,,False,0.7794025641602923,1.5276313988945192,,,,,,,,,,,,,,
US_BANKS,MTB,ZION,M&T Bank Corporation,Zions Bancorporation N.A.,-2.9222651448573016,0.04281945189164334,0.05,,False,0.9457722997286272,1.4887366933403752,,,,,,,,,,,,,,
US_BANKS,PNC,TFC,"PNC Financial Services Group, I",Truist Financial Corporation,-2.91944696224644,0.04313286624563776,0.05,,False,1.0977130241222677,1.1127029586880743,,,,,,,,,,,,,,
US_BANKS,C,PNFP,"Citigroup, Inc.","Pinnacle Financial Partners, In",-2.8727823034707907,0.04860582720525202,0.05,,False,-21.631417863294622,103.38892405677427,,,,,,,,,,,,,,
US_BANKS,BAC,FHN,Bank of America Corporation,First Horizon Corporation,-2.850382164927488,0.05142960471834398,0.05,,False,0.7241832730234166,1.648285375641985,,,,,,,,,,,,,,
US_BANKS,C,RF,"Citigroup, Inc.",Regions Financial Corporation,-2.822811960807827,0.0550884005059019,0.05,,False,2.1697069237203377,-2.3974809288636143,,,,,,,,,,,,,,
US_BANKS,FHN,WFC,First Horizon Corporation,Wells Fargo & Company,-2.820757668559781,0.05536931260828216,0.05,,False,1.0501246935319863,-1.511936924789429,,,,,,,,,,,,,,
US_BANKS,C,FHN,"Citigroup, Inc.",First Horizon Corporation,-2.7957047938172317,0.058889931877907635,0.05,,False,1.6361262734270916,-0.46355165771610274,,,,,,,,,,,,,,
US_BANKS,HBAN,WFC,Huntington Bancshares Incorpora,Wells Fargo & Company,-2.7727131899945014,0.06227844514023056,0.05,,False,0.6060934097066004,0.13101127046500416,,,,,,,,,,,,,,
US_BANKS,BAC,TFC,Bank of America Corporation,Truist Financial Corporation,-2.768404989663558,0.06293054001184825,0.05,,False,1.1729653296272506,-0.5779540321575434,,,,,,,,,,,,,,
US_BANKS,RF,USB,Regions Financial Corporation,U.S. Bancorp,-2.7485427954230772,0.06600827969550553,0.05,,False,1.0786296364437,-0.9798699959712858,,,,,,,,,,,,,,
US_BANKS,KEY,MTB,KeyCorp,M&T Bank Corporation,-2.7416474950076632,0.06710451181696388,0.05,,False,1.2691268452235838,-3.7880136801141586,,,,,,,,,,,,,,
US_BANKS,C,KEY,"Citigroup, Inc.",KeyCorp,-2.7150948636121757,0.0714624239819695,0.05,,False,1.9088133313397724,-0.9809826132741355,,,,,,,,,,,,,,
US_BANKS,CFG,PNFP,"Citizens Financial Group, Inc.","Pinnacle Financial Partners, In",-2.7069946997831207,0.07283568191650783,0.05,,False,124.53426481056131,-565.98423207386,,,,,,,,,,,,,,
US_BANKS,JPM,WFC,JP Morgan Chase & Co.,Wells Fargo & Company,-2.696417639449804,0.07466022801006504,0.05,,False,1.0020435043599973,1.2699234954078786,,,,,,,,,,,,,,
US_BANKS,CFG,RF,"Citizens Financial Group, Inc.",Regions Financial Corporation,-2.686041909218723,0.07648492913486654,0.05,,False,1.5192896322321536,-0.938119369419868,,,,,,,,,,,,,,
US_BANKS,FITB,RF,Fifth Third Bancorp,Regions Financial Corporation,-2.678745499096167,0.07778899216781955,0.05,,False,0.8692621293138456,1.0015680838535426,,,,,,,,,,,,,,
US_BANKS,HBAN,JPM,Huntington Bancshares Incorpora,JP Morgan Chase & Co.,-2.649775606702698,0.08313972512920986,0.05,,False,0.5950123311732699,-0.5824057158886227,,,,,,,,,,,,,,
US_BANKS,C,HBAN,"Citigroup, Inc.",Huntington Bancshares Incorpora,-2.6304824949678856,0.08685937615660766,0.05,,False,3.2110405964145934,-4.333567809710187,,,,,,,,,,,,,,
US_BANKS,CFG,USB,"Citizens Financial Group, Inc.",U.S. Bancorp,-2.6177086915316474,0.08939219599859038,0.05,,False,1.640530028039626,-2.433619547439472,,,,,,,,,,,,,,
US_BANKS,BAC,CFG,Bank of America Corporation,"Citizens Financial Group, Inc.",-2.5983227199698735,0.09334442287068467,0.05,,False,0.6052254776648955,1.4882663312818374,,,,,,,,,,,,,,
US_BANKS,CFG,ZION,"Citizens Financial Group, Inc.",Zions Bancorporation N.A.,-2.5935804173475616,0.09433133670521304,0.05,,False,1.660584395396694,-2.7053537156312006,,,,,,,,,,,,,,
US_BANKS,BAC,C,Bank of America Corporation,"Citigroup, Inc.",-2.588904298431888,0.09531227676294651,0.05,,False,0.44905750306620623,1.8250576497193045,,,,,,,,,,,,,,
US_BANKS,USB,ZION,U.S. Bancorp,Zions Bancorporation N.A.,-2.588151473723156,0.0954709275871109,0.05,,False,0.9929442411042678,-0.08975162013873828,,,,,,,,,,,,,,
US_BANKS,FITB,TFC,Fifth Third Bancorp,Truist Financial Corporation,-2.5735076663998226,0.09859723823618322,0.05,,False,1.073619509175913,-0.28324333174689365,,,,,,,,,,,,,,
US_BANKS,TFC,ZION,Truist Financial Corporation,Zions Bancorporation N.A.,-2.573027100824368,0.0987011378855901,0.05,,False,0.8649162729668854,0.3337893852136884,,,,,,,,,,,,,,
US_BANKS,BAC,RF,Bank of America Corporation,Regions Financial Corporation,-2.5676529478951142,0.09986871907249523,0.05,,False,0.932760754987117,0.8789091810183352,,,,,,,,,,,,,,
US_BANKS,KEY,ZION,KeyCorp,Zions Bancorporation N.A.,-2.540894411758995,0.10583860204672124,0.05,,False,1.1986304746320136,-1.8920269847101472,,,,,,,,,,,,,,
US_BANKS,C,CFG,"Citigroup, Inc.","Citizens Financial Group, Inc.",-2.5361170070668986,0.1069321014562879,0.05,,False,1.3607977573711534,-0.7999079287970305,,,,,,,,,,,,,,
US_BANKS,BAC,JPM,Bank of America Corporation,JP Morgan Chase & Co.,-2.524059281794036,0.1097296383575958,0.05,,False,0.7619491702278212,-0.4271856408066723,,,,,,,,,,,,,,
US_BANKS,C,PNC,"Citigroup, Inc.","PNC Financial Services Group, I",-2.5229409370758624,0.10999185180606325,0.05,,False,2.534398961594617,-8.806678041253333,,,,,,,,,,,,,,
US_BANKS,MTB,PNC,M&T Bank Corporation,"PNC Financial Services Group, I",-2.5096508308079204,0.11314379696704358,0.05,,False,0.993966130214147,0.026705682956394305,,,,,,,,,,,,,,
US_BANKS,JPM,PNFP,JP Morgan Chase & Co.,"Pinnacle Financial Partners, In",-2.5064614899950217,0.11391007974515538,0.05,,False,9.873000682235247,-39.61791957421667,,,,,,,,,,,,,,
US_BANKS,BAC,MTB,Bank of America Corporation,M&T Bank Corporation,-2.504263128167331,0.11444050239302067,0.05,,False,1.0701004361525968,-1.7699031445759825,,,,,,,,,,,,,,
US_BANKS,BAC,HBAN,Bank of America Corporation,Huntington Bancshares Incorpora,-2.4977464809729044,0.11602359354165898,0.05,,False,1.2391463896310615,0.4314263849181388,,,,,,,,,,,,,,
US_BANKS,FHN,PNFP,First Horizon Corporation,"Pinnacle Financial Partners, In",-2.472686036269937,0.12226232448754087,0.05,,False,3.5895058707674132,-13.443533940872154,,,,,,,,,,,,,,
US_BANKS,COF,PNFP,Capital One Financial Corporati,"Pinnacle Financial Partners, In",-2.4726126477560437,0.12228094799041839,0.05,,False,2.8976299297427532,-8.044208523777211,,,,,,,,,,,,,,
US_BANKS,HBAN,MTB,Huntington Bancshares Incorpora,M&T Bank Corporation,-2.448968189903935,0.12838957166886905,0.05,,False,0.8713321908985392,-1.8168943886315634,,,,,,,,,,,,,,
US_BANKS,RF,ZION,Regions Financial Corporation,Zions Bancorporation N.A.,-2.4305553122859664,0.13329743149774792,0.05,,False,1.0716809633414013,-1.0792839039287419,,,,,,,,,,,,,,
US_BANKS,BAC,ZION,Bank of America Corporation,Zions Bancorporation N.A.,-2.4259259644612308,0.13455228878727415,0.05,,False,1.0035948484525365,-0.14344184124115733,,,,,,,,,,,,,,
US_BANKS,C,FITB,"Citigroup, Inc.",Fifth Third Bancorp,-2.4251018441552605,0.13477656431456747,0.05,,False,2.666653001933557,-5.533849906250808,,,,,,,,,,,,,,
US_BANKS,FHN,JPM,First Horizon Corporation,JP Morgan Chase & Co.,-2.4215819014293407,0.13573749315476186,0.05,,False,1.0473187714517809,-2.8391036852886393,,,,,,,,,,,,,,
US_BANKS,MTB,USB,M&T Bank Corporation,U.S. Bancorp,-2.4046449442544584,0.14042969712056041,0.05,,False,0.9517314813786446,1.5771317767906718,,,,,,,,,,,,,,
US_BANKS,CFG,FITB,"Citizens Financial Group, Inc.",Fifth Third Bancorp,-2.4035361142405973,0.14074085295156813,0.05,,False,1.7683440393788934,-2.7653115338352605,,,,,,,,,,,,,,
US_BANKS,C,USB,"Citigroup, Inc.",U.S. Bancorp,-2.396550875285689,0.14271226608125281,0.05,,False,2.3992763668580475,-4.748672673142536,,,,,,,,,,,,,,
US_BANKS,KEY,PNFP,KeyCorp,"Pinnacle Financial Partners, In",-2.3792410778500606,0.14768137978283957,0.05,,False,3.41713555252764,-12.809551014461126,,,,,,,,,,,,,,
US_BANKS,CFG,PNC,"Citizens Financial Group, Inc.","PNC Financial Services Group, I",-2.2358507256650015,0.19349188501830766,0.05,,False,1.7222546154461875,-5.152683527470137,,,,,,,,,,,,,,
US_BANKS,COF,HBAN,Capital One Financial Corporati,Huntington Bancshares Incorpora,-2.2069317968870528,0.20373924097682433,0.05,,False,1.6964858596788335,0.5930747528851166,,,,,,,,,,,,,,
US_BANKS,BAC,KEY,Bank of America Corporation,KeyCorp,-2.1695182429893767,0.21749395056469817,0.05,,False,0.827611808288543,1.4680564742034408,,,,,,,,,,,,,,
US_BANKS,PNFP,WFC,"Pinnacle Financial Partners, In",Wells Fargo & Company,-2.1479576553310955,0.22567266783169532,0.05,,False,0.2790709385741958,3.381703103413388,,,,,,,,,,,,,,
US_BANKS,FITB,ZION,Fifth Third Bancorp,Zions Bancorporation N.A.,-2.1334524975681157,0.2312776153538964,0.05,,False,0.9296179627262101,0.07107727691671117,,,,,,,,,,,,,,
US_BANKS,HBAN,RF,Huntington Bancshares Incorpora,Regions Financial Corporation,-2.1283311396646454,0.23327613387957113,0.05,,False,0.7606191857807802,0.33640465244636664,,,,,,,,,,,,,,
US_BANKS,FHN,TFC,First Horizon Corporation,Truist Financial Corporation,-2.1164916548161847,0.23793513888697593,0.05,,False,1.6529648453992543,-3.1984561278666175,,,,,,,,,,,,,,
US_BANKS,FHN,MTB,First Horizon Corporation,M&T Bank Corporation,-2.0980590879492427,0.24529576790200253,0.05,,False,1.4839126011292745,-4.7526169831702205,,,,,,,,,,,,,,
US_BANKS,JPM,MTB,JP Morgan Chase & Co.,M&T Bank Corporation,-2.09572162894761,0.24623843256504496,0.05,,False,1.473170413395203,-2.1204669785845844,,,,,,,,,,,,,,
US_BANKS,JPM,TFC,JP Morgan Chase & Co.,Truist Financial Corporation,-2.0952541536789675,0.24642720745797075,0.05,,False,1.630282316544656,-0.5374972834437406,,,,,,,,,,,,,,
US_BANKS,CFG,HBAN,"Citizens Financial Group, Inc.",Huntington Bancshares Incorpora,-2.086017552937343,0.2501740557729898,0.05,,False,2.190019272650562,-2.1346345359264203,,,,,,,,,,,,,,
US_BANKS,CFG,MTB,"Citizens Financial Group, Inc.",M&T Bank Corporation,-2.0616650817412836,0.26020590191495374,0.05,,False,1.7812199212341022,-5.451758633255626,,,,,,,,,,,,,,
US_BANKS,BAC,PNC,Bank of America Corporation,"PNC Financial Services Group, I",-2.051557365825484,0.26443413515748804,0.05,,False,1.0609201904652892,-1.7271199565510944,,,,,,,,,,,,,,
US_BANKS,BAC,PNFP,Bank of America Corporation,"Pinnacle Financial Partners, In",-2.0023910309712107,0.2855257005176613,0.05,,False,2.8362833711427577,-9.170897861225868,,,,,,,,,,,,,,
US_BANKS,MTB,TFC,M&T Bank Corporation,Truist Financial Corporation,-2.002196965548933,0.2856106379530887,0.05,,False,1.0960758402206476,1.1140555451674246,,,,,,,,,,,,,,
US_BANKS,BAC,USB,Bank of America Corporation,U.S. Bancorp,-1.9839215961407888,0.29366710976060817,0.05,,False,1.011332288919546,-0.05504151466068352,,,,,,,,,,,,,,
US_BANKS,FHN,ZION,First Horizon Corporation,Zions Bancorporation N.A.,-1.9678320559729725,0.300853233670253,0.05,,False,1.3955760504013803,-2.5124958186370345,,,,,,,,,,,,,,
US_BANKS,PNFP,RF,"Pinnacle Financial Partners, In",Regions Financial Corporation,-1.9541515177859945,0.3070305495368464,0.05,,False,0.4855161569334025,3.0516035942842263,,,,,,,,,,,,,,
US_BANKS,FHN,RF,First Horizon Corporation,Regions Financial Corporation,-1.9363443944137704,0.3151613772320766,0.05,,False,1.3003731264337568,-1.1011877496033429,,,,,,,,,,,,,,
US_BANKS,HBAN,KEY,Huntington Bancshares Incorpora,KeyCorp,-1.9311725917851061,0.3175415869500482,0.05,,False,0.6656512013502204,0.8428904401553468,,,,,,,,,,,,,,
US_BANKS,MTB,RF,M&T Bank Corporation,Regions Financial Corporation,-1.9296983401120495,0.31822160255317244,0.05,,False,0.881433287135257,2.444607505612657,,,,,,,,,,,,,,
US_BANKS,BAC,FITB,Bank of America Corporation,Fifth Third Bancorp,-1.9054756124704701,0.32948961060074383,0.05,,False,1.0905062479909864,-0.2609392580778014,,,,,,,,,,,,,,
US_BANKS,HBAN,USB,Huntington Bancshares Incorpora,U.S. Bancorp,-1.830373081472807,0.36548993790687034,0.05,,False,0.8133589164510038,-0.3819162537112235,,,,,,,,,,,,,,
US_BANKS,HBAN,TFC,Huntington Bancshares Incorpora,Truist Financial Corporation,-1.8143764747361433,0.37334789294576076,0.05,,False,0.9523173164065046,-0.8359812258879731,,,,,,,,,,,,,,
US_BANKS,WFC,ZION,Wells Fargo & Company,Zions Bancorporation N.A.,-1.8023966748873164,0.3792724619397943,0.05,,False,1.385146785556541,-1.1739425518400308,,,,,,,,,,,,,,
US_BANKS,HBAN,ZION,Huntington Bancshares Incorpora,Zions Bancorporation N.A.,-1.786458917653787,0.3872048854850204,0.05,,False,0.8197350915303716,-0.5026013391519122,,,,,,,,,,,,,,
US_BANKS,JPM,ZION,JP Morgan Chase & Co.,Zions Bancorporation N.A.,-1.7851657265135246,0.38785097050211886,0.05,,False,1.3785875133673142,0.13054034810614112,,,,,,,,,,,,,,
US_BANKS,TFC,WFC,Truist Financial Corporation,Wells Fargo & Company,-1.7830513634796883,0.3889080913184379,0.05,,False,0.6022177574448395,1.1618151863777877,,,,,,,,,,,,,,
US_BANKS,JPM,RF,JP Morgan Chase & Co.,Regions Financial Corporation,-1.779198968079173,0.3908366270849332,0.05,,False,1.2541201157208084,1.620162933125719,,,,,,,,,,,,,,
US_BANKS,HBAN,PNC,Huntington Bancshares Incorpora,"PNC Financial Services Group, I",-1.7240945999700976,0.4187429155824998,0.05,,False,0.8605276698343312,-1.7646912732789306,,,,,,,,,,,,,,
US_BANKS,FITB,MTB,Fifth Third Bancorp,M&T Bank Corporation,-1.7073846311918854,0.42731176540062454,0.05,,False,0.983411157391571,-1.3947935103850728,,,,,,,,,,,,,,
US_BANKS,FHN,USB,First Horizon Corporation,U.S. Bancorp,-1.6592889534353075,0.45220057811070463,0.05,,False,1.433845186254231,-2.4946132466518294,,,,,,,,,,,,,,
US_BANKS,JPM,KEY,JP Morgan Chase & Co.,KeyCorp,-1.6446395189298142,0.45983755168167506,0.05,,False,1.1075182613518515,2.4270550491722944,,,,,,,,,,,,,,
US_BANKS,COF,JPM,Capital One Financial Corporati,JP Morgan Chase & Co.,-1.6120021092331311,0.4769246961312375,0.05,,False,1.0318087489159415,-0.5193194155041319,,,,,,,,,,,,,,
US_BANKS,C,JPM,"Citigroup, Inc.",JP Morgan Chase & Co.,-1.5791109729031645,0.49407767735089414,0.05,,False,1.7037081497674418,-5.054019524046131,,,,,,,,,,,,,,
US_BANKS,FITB,JPM,Fifth Third Bancorp,JP Morgan Chase & Co.,-1.5719790781293201,0.49765224486446935,0.05,,False,0.6401582808587779,0.17291118965515606,,,,,,,,,,,,,,
US_BANKS,FHN,PNC,First Horizon Corporation,"PNC Financial Services Group, I",-1.5434666611960342,0.5119100079260119,0.05,,False,1.489525994936391,-4.788971170423382,,,,,,,,,,,,,,
US_BANKS,FITB,WFC,Fifth Third Bancorp,Wells Fargo & Company,-1.5365610144270816,0.5153538873708169,0.05,,False,0.6237611722781689,1.0616063311566397,,,,,,,,,,,,,,
US_BANKS,MTB,WFC,M&T Bank Corporation,Wells Fargo & Company,-1.5187802482757593,0.5242014099312555,0.05,,False,0.6789582881142533,2.306716174329928,,,,,,,,,,,,,,
US_BANKS,CFG,FHN,"Citizens Financial Group, Inc.",First Horizon Corporation,-1.5031825343542697,0.5319364012904754,0.05,,False,1.2014202859102865,0.24988348303169072,,,,,,,,,,,,,,
US_BANKS,BAC,WFC,Bank of America Corporation,Wells Fargo & Company,-1.499529788390034,0.5337439330335815,0.05,,False,0.7589272039236088,0.5600205123195487,,,,,,,,,,,,,,
US_BANKS,RF,WFC,Regions Financial Corporation,Wells Fargo & Company,-1.487930814304466,0.539473120004581,0.05,,False,0.7884135207821213,-0.2339769026652032,,,,,,,,,,,,,,
US_BANKS,JPM,PNC,JP Morgan Chase & Co.,"PNC Financial Services Group, I",-1.4500091417130074,0.5580804415645783,0.05,,False,1.4744157356903507,-2.133985810748003,,,,,,,,,,,,,,
US_BANKS,FHN,FITB,First Horizon Corporation,Fifth Third Bancorp,-1.4288696755269314,0.5683600749332894,0.05,,False,1.5735426402537043,-2.888906892728166,,,,,,,,,,,,,,
US_BANKS,FHN,KEY,First Horizon Corporation,KeyCorp,-1.3837326983725027,0.5900495450940492,0.05,,False,1.155433137250551,-0.28451128837636075,,,,,,,,,,,,,,
US_BANKS,C,WFC,"Citigroup, Inc.",Wells Fargo & Company,-1.3616045468669011,0.6005387777422626,0.05,,False,1.7821497685332663,-3.211119474904872,,,,,,,,,,,,,,
US_BANKS,JPM,USB,JP Morgan Chase & Co.,U.S. Bancorp,-1.3240832390105863,0.6180834555235573,0.05,,False,1.406133744339807,0.18737154775580223,,,,,,,,,,,,,,
US_BANKS,PNC,WFC,"PNC Financial Services Group, I",Wells Fargo & Company,-1.2796334516778738,0.6384377676765028,0.05,,False,0.6661616059854546,2.3662277044133555,,,,,,,,,,,,,,
US_BANKS,FITB,HBAN,Fifth Third Bancorp,Huntington Bancshares Incorpora,-1.2154549183153502,0.6669123134013692,0.05,,False,1.1433401891885255,0.6157366926605112,,,,,,,,,,,,,,
US_BANKS,CFG,WFC,"Citizens Financial Group, Inc.",Wells Fargo & Company,-1.1959266936242845,0.6753454863355391,0.05,,False,1.3028040775200151,-1.7426832334123135,,,,,,,,,,,,,,
US_BANKS,PNFP,USB,"Pinnacle Financial Partners, In",U.S. Bancorp,-1.1655640648931995,0.6882310667279052,0.05,,False,0.7153927343344135,1.8438563443231444,,,,,,,,,,,,,,
US_BANKS,KEY,WFC,KeyCorp,Wells Fargo & Company,-1.1579648503119568,0.6914119220294008,0.05,,False,0.8983743355832112,-1.0174585643826632,,,,,,,,,,,,,,
US_BANKS,CFG,JPM,"Citizens Financial Group, Inc.",JP Morgan Chase & Co.,-1.0944019180826392,0.7172991844453408,0.05,,False,1.2719514484026955,-3.2370963619962203,,,,,,,,,,,,,,
US_BANKS,USB,WFC,U.S. Bancorp,Wells Fargo & Company,-1.09058717364932,0.7188109968529175,0.05,,False,0.701209912111333,0.8187042943666754,,,,,,,,,,,,,,
US_BANKS,COF,FHN,Capital One Financial Corporati,First Horizon Corporation,-1.08254003179434,0.7219842796663407,0.05,,False,0.9824714259438144,2.2858441042154976,,,,,,,,,,,,,,
US_BANKS,COF,TFC,Capital One Financial Corporati,Truist Financial Corporation,-0.9348846863950564,0.7762674758709855,0.05,,False,1.8247630918204858,-1.607054922372467,,,,,,,,,,,,,,
US_BANKS,COF,MTB,Capital One Financial Corporati,M&T Bank Corporation,-0.9338135194497178,0.7766333361870135,0.05,,False,1.589864007387526,-3.071160931916043,,,,,,,,,,,,,,
US_BANKS,HBAN,PNFP,Huntington Bancshares Incorpora,"Pinnacle Financial Partners, In",-0.8121022651698889,0.8155412445734489,0.05,,False,0.7887411719514974,-0.8850618806491561,,,,,,,,,,,,,,
US_BANKS,PNC,PNFP,"PNC Financial Services Group, I","Pinnacle Financial Partners, In",-0.7171642768469229,0.8422533690047114,0.05,,False,1.0793687891796446,0.2773397817097569,,,,,,,,,,,,,,
US_BANKS,PNFP,ZION,"Pinnacle Financial Partners, In",Zions Bancorporation N.A.,-0.5552046930347214,0.8807861352351152,0.05,,False,0.8218628775882391,1.3407146103264855,,,,,,,,,,,,,,
US_BANKS,COF,RF,Capital One Financial Corporati,Regions Financial Corporation,-0.5357957268678087,0.8848399003614669,0.05,,False,1.3470244502722917,0.9859809116526437,,,,,,,,,,,,,,
US_BANKS,COF,ZION,Capital One Financial Corporati,Zions Bancorporation N.A.,-0.5107115812853156,0.8899091985756868,0.05,,False,1.4893071143758774,-0.6478210412039873,,,,,,,,,,,,,,
US_BANKS,MTB,PNFP,M&T Bank Corporation,"Pinnacle Financial Partners, In",-0.4897713543272085,0.8939971393749007,0.05,,False,1.0367373100859514,0.4676356221815201,,,,,,,,,,,,,,
US_BANKS,BAC,COF,Bank of America Corporation,Capital One Financial Corporati,-0.4745785433527824,0.8968825833086655,0.05,,False,0.7168652446022138,0.06890626641837194,,,,,,,,,,,,,,
US_BANKS,FITB,PNFP,Fifth Third Bancorp,"Pinnacle Financial Partners, In",-0.3343919787368045,0.9204901862954922,0.05,,False,0.9911826275787463,-0.8051687507243983,,,,,,,,,,,,,,
US_BANKS,PNFP,TFC,"Pinnacle Financial Partners, In",Truist Financial Corporation,-0.3088091728550388,0.924247390198625,0.05,,False,1.4008597301839587,-0.6609869363658794,,,,,,,,,,,,,,
US_BANKS,COF,PNC,Capital One Financial Corporati,"PNC Financial Services Group, I",-0.30509530334508933,0.924779578242386,0.05,,False,1.639209918974264,-3.3361318658042487,,,,,,,,,,,,,,
US_BANKS,COF,FITB,Capital One Financial Corporati,Fifth Third Bancorp,-0.2005323528001522,0.9384581326401473,0.05,,False,1.7939581838668164,-1.4774685218504109,,,,,,,,,,,,,,
US_BANKS,C,COF,"Citigroup, Inc.",Capital One Financial Corporati,-0.09035898910606636,0.9503903888528359,0.05,,False,1.8344031340485403,-5.151837800601122,,,,,,,,,,,,,,
US_BANKS,COF,USB,Capital One Financial Corporati,U.S. Bancorp,-0.07452022004184997,0.9519180196032011,0.05,,False,1.5764842225228555,-0.8056769058558917,,,,,,,,,,,,,,
US_BANKS,CFG,COF,"Citizens Financial Group, Inc.",Capital One Financial Corporati,0.011969823392016174,0.9595108584809724,0.05,,False,1.297240325015269,-2.9332238389358705,,,,,,,,,,,,,,
US_BANKS,COF,KEY,Capital One Financial Corporati,KeyCorp,0.09613835536234885,0.9657964505758863,0.05,,False,1.177861048939786,1.8857126075160826,,,,,,,,,,,,,,
US_DEFENSE_AEROSPACE,GD,LHX,General Dynamics Corporation,"L3Harris Technologies, Inc.",-3.178263003465152,0.021277885973927615,0.05,,False,0.6262627684069723,2.229229206114467,,,,,,,,,,,,,,
US_DEFENSE_AEROSPACE,GD,RTX,General Dynamics Corporation,RTX Corporation,-2.482476469782734,0.11979641370096522,0.05,,False,0.4944095858114439,3.2492884926633345,,,,,,,,,,,,,,
US_DEFENSE_AEROSPACE,LHX,NOC,"L3Harris Technologies, Inc.",Northrop Grumman Corporation,-2.4380875669110553,0.13127369676860545,0.05,,False,1.2853238740043962,-2.5133122027216634,,,,,,,,,,,,,,
US_DEFENSE_AEROSPACE,LHX,RTX,"L3Harris Technologies, Inc.",RTX Corporation,-2.1849936226558944,0.2117369170477843,0.05,,False,0.8290109338039492,1.4327505708346253,,,,,,,,,,,,,,
US_DEFENSE_AEROSPACE,GD,NOC,General Dynamics Corporation,Northrop Grumman Corporation,-2.004361748895554,0.28466390520469453,0.05,,False,0.7814816061435083,0.8023214598274064,,,,,,,,,,,,,,
US_DEFENSE_AEROSPACE,NOC,RTX,Northrop Grumman Corporation,RTX Corporation,-1.948711570399416,0.309503747367858,0.05,,False,0.6427942916244624,3.08093735621088,,,,,,,,,,,,,,
US_DEFENSE_AEROSPACE,LHX,LMT,"L3Harris Technologies, Inc.",Lockheed Martin Corporation,-1.6782047442160273,0.44237558137467203,0.05,,False,1.857731279880975,-5.964097741580354,,,,,,,,,,,,,,
US_DEFENSE_AEROSPACE,LMT,NOC,Lockheed Martin Corporation,Northrop Grumman Corporation,-1.6641460552662308,0.44967368980304906,0.05,,False,0.7706435485659339,1.3638823877519206,,,,,,,,,,,,,,
US_DEFENSE_AEROSPACE,LMT,RTX,Lockheed Martin Corporation,RTX Corporation,-1.5712589062532551,0.4980130394494647,0.05,,False,0.32769527941922444,4.569330673221596,,,,,,,,,,,,,,
US_DEFENSE_AEROSPACE,GD,LMT,General Dynamics Corporation,Lockheed Martin Corporation,-1.5580646947104833,0.5046173501387018,0.05,,False,0.9282567934474105,-0.04927819155111646,,,,,,,,,,,,,,
US_GOLD_MINERS,AEM,KGC,Agnico Eagle Mines Limited,Kinross Gold Corporation,-2.7909393468832766,0.059579719075495655,0.05,,False,0.7575096986559166,2.680154458432796,,,,,,,,,,,,,,
US_GOLD_MINERS,AU,KGC,AngloGold Ashanti PLC,Kinross Gold Corporation,-2.7670318719931872,0.06313952800039692,0.05,,False,1.1065312352287318,0.7375666190526715,,,,,,,,,,,,,,
US_GOLD_MINERS,AU,NEM,AngloGold Ashanti PLC,Newmont Corporation,-2.3639416048212922,0.1521732585852562,0.05,,False,1.4337069264573363,-2.149612034144514,,,,,,,,,,,,,,
US_GOLD_MINERS,AEM,AU,Agnico Eagle Mines Limited,AngloGold Ashanti PLC,-2.2434859459693106,0.19084264818691776,0.05,,False,0.68266058661529,2.182564448576877,,,,,,,,,,,,,,
US_GOLD_MINERS,KGC,NEM,Kinross Gold Corporation,Newmont Corporation,-1.7894114735150293,0.3857311299525262,0.05,,False,1.2990568508750722,-2.623288708606584,,,,,,,,,,,,,,
US_GOLD_MINERS,GOLD,NEM,"Gold.com, Inc.",Newmont Corporation,-1.5889785657316022,0.48912756052921114,0.05,,False,0.5557566462638045,1.1142065591598111,,,,,,,,,,,,,,
US_GOLD_MINERS,AEM,NEM,Agnico Eagle Mines Limited,Newmont Corporation,-1.5284164775684301,0.5194102248013421,0.05,,False,0.9751882359438987,0.7298773633065752,,,,,,,,,,,,,,
US_GOLD_MINERS,AEM,GOLD,Agnico Eagle Mines Limited,"Gold.com, Inc.",-1.3443005392714262,0.6086691137624083,0.05,,False,2.3050243770277192,-3.1118216321012904,,,,,,,,,,,,,,
US_GOLD_MINERS,AU,GOLD,AngloGold Ashanti PLC,"Gold.com, Inc.",-1.2929062242624718,0.6324114433032932,0.05,,False,4.039425243640605,-10.028037404244161,,,,,,,,,,,,,,
US_GOLD_MINERS,GOLD,KGC,"Gold.com, Inc.",Kinross Gold Corporation,-1.2521781844882163,0.6507572458048716,0.05,,False,0.2619505332252474,2.698509536460981,,,,,,,,,,,,,,
US_HOMEBUILDERS,LEN,NVR,Lennar Corporation,"NVR, Inc.",-3.579403389297931,0.0061672213704601206,0.05,,False,1.7460803640927212,-10.820115182907912,,,,,,,,,,,,,,
US_HOMEBUILDERS,KBH,LEN,KB Home,Lennar Corporation,-3.2279458271798465,0.01842299118204281,0.05,,False,0.7799747154305607,0.37553881009948054,,,,,,,,,,,,,,
US_HOMEBUILDERS,DHI,PHM,"D.R. Horton, Inc.","PulteGroup, Inc.",-2.6673449994185154,0.07986146317938392,0.05,,False,1.2329619834908383,-0.8898200649493457,,,,,,,,,,,,,,
US_HOMEBUILDERS,KBH,MTH,KB Home,Meritage Homes Corporation,-2.6453695176656287,0.08397808126543593,0.05,,False,1.1751444801744282,-0.9275752842948783,,,,,,,,,,,,,,
US_HOMEBUILDERS,KBH,NVR,KB Home,"NVR, Inc.",-2.589154491252226,0.09525959557000113,0.05,,False,1.3703775620781777,-8.139747802676734,,,,,,,,,,,,,,
US_HOMEBUILDERS,PHM,TOL,"PulteGroup, Inc.","Toll Brothers, Inc.",-2.4499848630147243,0.1281224440495411,0.05,,False,0.7805561290000961,0.9746720328788672,,,,,,,,,,,,,,
US_HOMEBUILDERS,LEN,MTH,Lennar Corporation,Meritage Homes Corporation,-2.352025987619019,0.1557368167692047,0.05,,False,1.5277493977139807,-1.761408443063166,,,,,,,,,,,,,,
US_HOMEBUILDERS,MTH,NVR,Meritage Homes Corporation,"NVR, Inc.",-2.048951495989887,0.26553027378378036,0.05,,False,1.1598691045862657,-6.081193814641752,,,,,,,,,,,,,,
US_HOMEBUILDERS,DHI,MTH,"D.R. Horton, Inc.",Meritage Homes Corporation,-1.8882913118030016,0.3375891358844712,0.05,,False,0.9477606342100978,0.9213293512280654,,,,,,,,,,,,,,
US_HOMEBUILDERS,LEN,PHM,Lennar Corporation,"PulteGroup, Inc.",-1.6737878158353967,0.4446658548549454,0.05,,False,3.2618090952768606,-10.762286393463793,,,,,,,,,,,,,,
US_HOMEBUILDERS,DHI,TOL,"D.R. Horton, Inc.","Toll Brothers, Inc.",-1.673158120101033,0.44499256618837973,0.05,,False,0.959321857223221,0.3268699622330846,,,,,,,,,,,,,,
US_HOMEBUILDERS,MTH,PHM,Meritage Homes Corporation,"PulteGroup, Inc.",-1.4631327662471123,0.5516638708573696,0.05,,False,1.4719708852534283,-2.7272656493081087,,,,,,,,,,,,,,
US_HOMEBUILDERS,MTH,TOL,Meritage Homes Corporation,"Toll Brothers, Inc.",-1.3856167655465836,0.5891518682410198,0.05,,False,1.0149935310809508,-0.6408237884670864,,,,,,,,,,,,,,
US_HOMEBUILDERS,KBH,PHM,KB Home,"PulteGroup, Inc.",-1.3052673380552973,0.6267590678222923,0.05,,False,1.903453689795878,-4.961324539571193,,,,,,,,,,,,,,
US_HOMEBUILDERS,DHI,LEN,"D.R. Horton, Inc.",Lennar Corporation,-1.278398430257296,0.6389962096331279,0.05,,False,0.5236313084585902,2.478729366591995,,,,,,,,,,,,,,
US_HOMEBUILDERS,DHI,KBH,"D.R. Horton, Inc.",KB Home,-1.2285028913546003,0.6612159051521882,0.05,,False,0.7683171378377905,1.8268520155649588,,,,,,,,,,,,,,
US_HOMEBUILDERS,LEN,TOL,Lennar Corporation,"Toll Brothers, Inc.",-1.1861332218434817,0.6795322243932964,0.05,,False,3.014398175525005,-9.861818648593353,,,,,,,,,,,,,,
US_HOMEBUILDERS,NVR,PHM,"NVR, Inc.","PulteGroup, Inc.",-0.9203727393728034,0.7811893717090328,0.05,,False,1.2269594885195116,3.092669723239088,,,,,,,,,,,,,,
US_HOMEBUILDERS,KBH,TOL,KB Home,"Toll Brothers, Inc.",-0.806981230824073,0.817062777437241,0.05,,False,1.3967037533583433,-2.6728422339671702,,,,,,,,,,,,,,
US_HOMEBUILDERS,DHI,NVR,"D.R. Horton, Inc.","NVR, Inc.",-0.5751990111635152,0.8764881395348394,0.05,,False,1.1467270882392038,-5.266758812382778,,,,,,,,,,,,,,
US_HOMEBUILDERS,NVR,TOL,"NVR, Inc.","Toll Brothers, Inc.",0.10246757411259919,0.9662291635502237,0.05,,False,0.7201884030536974,5.444145310008834,,,,,,,,,,,,,,
US_INSURANCE,ALL,TRV,Allstate Corporation (The),"The Travelers Companies, Inc.",-4.941142261943295,2.8983071060220483e-05,0.05,7.799149107341062e-05,True,0.6886412699757603,1.43835723475117,7.599297175641736,0.00010411579356152572,-0.09121201139254187,23.0,-2.53847989863025,2.53847989863025,True,2026-09-11 00:00:00,1.0,-0.005017564935964294,-0.324312321028005,0.3441591933541761,False,mixed signal
US_INSURANCE,ALL,GL,Allstate Corporation (The),Globe Life Inc.,-4.783853258813734,5.838890973988007e-05,0.05,7.799149107341062e-05,True,0.4576185647312539,3.059837652320333,7.9277717560917,-1.3992620277199098e-05,-0.08743278715451551,24.0,-1.1772555147415358,2.6292030188756534,False,,0.6,0.010874581949845696,0.1736430583772517,1.0064581477271686,False,mixed signal
US_INSURANCE,AIG,PRU,"American International Group, I","Prudential Financial, Inc.",-4.717549747469893,7.799149107341062e-05,0.05,7.799149107341062e-05,True,-0.6382550329220246,7.2825595941779175,8.172099772427194,6.470360711415542e-05,-0.08481873690512638,25.0,-1.7636174141336376,2.672718105795759,False,,0.8,0.003061860119138747,-0.13742160761723654,-0.5087012952128025,False,mixed signal
US_INSURANCE,HIG,PRU,"The Hartford Insurance Group, I","Prudential Financial, Inc.",-3.721604565981804,0.003819327658773268,0.05,7.799149107341062e-05,False,-2.875765216916218,18.103567677156647,,,,,,,,,,,,,,
US_INSURANCE,ALL,PRU,Allstate Corporation (The),"Prudential Financial, Inc.",-3.7027728848986503,0.004074319657104472,0.05,7.799149107341062e-05,False,-2.097196454084945,14.966925919185421,,,,,,,,,,,,,,
US_INSURANCE,GL,PRU,Globe Life Inc.,"Prudential Financial, Inc.",-3.5017928720901588,0.007941168516982252,0.05,7.799149107341062e-05,False,-5.6725772817456965,31.06513540094698,,,,,,,,,,,,,,
US_INSURANCE,PRU,TRV,"Prudential Financial, Inc.","The Travelers Companies, Inc.",-3.492635184679145,0.008178264953735765,0.05,7.799149107341062e-05,False,-0.27194317264339296,6.137939746035318,,,,,,,,,,,,,,
US_INSURANCE,AFL,PRU,AFLAC Incorporated,"Prudential Financial, Inc.",-3.44149109628622,0.00962318805840539,0.05,7.799149107341062e-05,False,-1.8031110748680326,12.992408404169126,,,,,,,,,,,,,,
US_INSURANCE,AFL,ALL,AFLAC Incorporated,Allstate Corporation (The),-3.3942909391499256,0.011155039565536935,0.05,7.799149107341062e-05,False,0.8128857706763333,0.37073878460220744,,,,,,,,,,,,,,
US_INSURANCE,PRU,UNM,"Prudential Financial, Inc.",Unum Group,-3.379182521713264,0.011689343043465092,0.05,7.799149107341062e-05,False,-0.15846191924268788,5.302249507009974,,,,,,,,,,,,,,
US_INSURANCE,GL,TRV,Globe Life Inc.,"The Travelers Companies, Inc.",-3.377127680001945,0.011763742553673958,0.05,7.799149107341062e-05,False,1.4920534650299422,-3.4724172348431166,,,,,,,,,,,,,,
US_INSURANCE,AIG,UNM,"American International Group, I",Unum Group,-3.334791688536797,0.013393129744778354,0.05,7.799149107341062e-05,False,0.22341627910816292,3.379638458529816,,,,,,,,,,,,,,
US_INSURANCE,CB,PRU,Chubb Limited,"Prudential Financial, Inc.",-3.300259902376077,0.014866860845291242,0.05,7.799149107341062e-05,False,-1.7166325201300148,13.606576973420188,,,,,,,,,,,,,,
US_INSURANCE,AIG,GL,"American International Group, I",Globe Life Inc.,-3.2823607976592504,0.015685596070442134,0.05,7.799149107341062e-05,False,0.1730626725473129,3.496550583929721,,,,,,,,,,,,,,
US_INSURANCE,AFL,TRV,AFLAC Incorporated,"The Travelers Companies, Inc.",-3.2111052839685046,0.019350793960108817,0.05,7.799149107341062e-05,False,0.531054751051032,1.6992780244564636,,,,,,,,,,,,,,
US_INSURANCE,AIG,LNC,"American International Group, I",Lincoln National Corporation,-3.200776146889797,0.01993979672313993,0.05,7.799149107341062e-05,False,0.21952816107723536,3.5565516323209048,,,,,,,,,,,,,,
US_INSURANCE,MET,UNM,"MetLife, Inc.",Unum Group,-3.1799784916361893,0.021173248670186204,0.05,7.799149107341062e-05,False,0.2678403643437861,3.188975922625511,,,,,,,,,,,,,,
US_INSURANCE,AFL,CB,AFLAC Incorporated,Chubb Limited,-3.1636189993521473,0.022189519083679027,0.05,7.799149107341062e-05,False,0.9045106706539973,-0.47423388135483524,,,,,,,,,,,,,,
US_INSURANCE,AIG,HIG,"American International Group, I","The Hartford Insurance Group, I",-3.1542850011184433,0.02278808199100327,0.05,7.799149107341062e-05,False,0.3718383005497714,2.54679325075859,,,,,,,,,,,,,,
US_INSURANCE,LNC,PRU,Lincoln National Corporation,"Prudential Financial, Inc.",-3.1200452978193516,0.02510487495555942,0.05,7.799149107341062e-05,False,-20.353181450560225,97.7469685685693,,,,,,,,,,,,,,
US_INSURANCE,AIG,PGR,"American International Group, I",Progressive Corporation (The),-3.097862309863284,0.026711792125399144,0.05,7.799149107341062e-05,False,0.29667335896124725,2.7230985378451584,,,,,,,,,,,,,,
US_INSURANCE,AFL,GL,AFLAC Incorporated,Globe Life Inc.,-3.0703363013504403,0.028827750245950894,0.05,7.799149107341062e-05,False,0.3449719581696423,2.987759905670921,,,,,,,,,,,,,,
US_INSURANCE,AIG,TRV,"American International Group, I","The Travelers Companies, Inc.",-3.067913017024642,0.02902071006593511,0.05,7.799149107341062e-05,False,0.2863354625239997,2.7396971618003727,,,,,,,,,,,,,,
US_INSURANCE,ALL,UNM,Allstate Corporation (The),Unum Group,-3.0370516606488307,0.0315761483069131,0.05,7.799149107341062e-05,False,0.4795937809761465,3.222315246016862,,,,,,,,,,,,,,
US_INSURANCE,AIG,ALL,"American International Group, I",Allstate Corporation (The),-3.03557890938495,0.03170273604603445,0.05,7.799149107341062e-05,False,0.4825654099182034,1.7906413708541429,,,,,,,,,,,,,,
US_INSURANCE,ALL,LNC,Allstate Corporation (The),Lincoln National Corporation,-3.024906804251225,0.032632981109461195,0.05,7.799149107341062e-05,False,0.4904856742168517,3.53452784692087,,,,,,,,,,,,,,
US_INSURANCE,GL,MET,Globe Life Inc.,"MetLife, Inc.",-3.0210174101182212,0.03297771217335074,0.05,7.799149107341062e-05,False,5.113819643430436,-17.31739614461387,,,,,,,,,,,,,,
US_INSURANCE,PGR,PRU,Progressive Corporation (The),"Prudential Financial, Inc.",-2.9513019440757127,0.03969928963310228,0.05,7.799149107341062e-05,False,117.59601845513014,-539.0629972532363,,,,,,,,,,,,,,
US_INSURANCE,HIG,LNC,"The Hartford Insurance Group, I",Lincoln National Corporation,-2.924293754059979,0.04259502264351622,0.05,7.799149107341062e-05,False,0.6865189850537691,2.3780106531622374,,,,,,,,,,,,,,
US_INSURANCE,AFL,LNC,AFLAC Incorporated,Lincoln National Corporation,-2.865405402374587,0.04952131154461215,0.05,7.799149107341062e-05,False,0.3367229425467464,3.461571760436737,,,,,,,,,,,,,,
US_INSURANCE,CB,MET,Chubb Limited,"MetLife, Inc.",-2.8186272924864637,0.05566186053552092,0.05,7.799149107341062e-05,False,2.2199632759329946,-3.943298722516297,,,,,,,,,,,,,,
US_INSURANCE,AFL,PGR,AFLAC Incorporated,Progressive Corporation (The),-2.8039454012281775,0.05771240191612132,0.05,7.799149107341062e-05,False,0.024841043041538648,4.509652058051355,,,,,,,,,,,,,,
US_INSURANCE,HIG,PGR,"The Hartford Insurance Group, I",Progressive Corporation (The),-2.7921756691937567,0.05940013923150023,0.05,7.799149107341062e-05,False,-1.7611324281517933,14.312500988123551,,,,,,,,,,,,,,
US_INSURANCE,CB,PGR,Chubb Limited,Progressive Corporation (The),-2.7001138223336594,0.07401857487581136,0.05,7.799149107341062e-05,False,-0.3847630283587956,7.7392515610149,,,,,,,,,,,,,,
US_INSURANCE,ALL,MET,Allstate Corporation (The),"MetLife, Inc.",-2.6990529710019326,0.07420228983486257,0.05,7.799149107341062e-05,False,1.6818500057897683,-2.01750137872265,,,,,,,,,,,,,,
US_INSURANCE,AFL,AIG,AFLAC Incorporated,"American International Group, I",-2.6907857724525637,0.07564634997056818,0.05,7.799149107341062e-05,False,2.1146477292705708,-4.507009024438869,,,,,,,,,,,,,,
US_INSURANCE,MET,TRV,"MetLife, Inc.","The Travelers Companies, Inc.",-2.636497771824723,0.08568606668192702,0.05,7.799149107341062e-05,False,0.28481427089805555,2.745928976160872,,,,,,,,,,,,,,
US_INSURANCE,AFL,MET,AFLAC Incorporated,"MetLife, Inc.",-2.633157325138238,0.0863361098165707,0.05,7.799149107341062e-05,False,1.2087048225791142,-0.5839392901646665,,,,,,,,,,,,,,
US_INSURANCE,LNC,TRV,Lincoln National Corporation,"The Travelers Companies, Inc.",-2.6151902876772155,0.08989820934382559,0.05,7.799149107341062e-05,False,1.2205596964581886,-3.2564904922082483,,,,,,,,,,,,,,
US_INSURANCE,GL,LNC,Globe Life Inc.,Lincoln National Corporation,-2.613883073753402,0.09016173180327586,0.05,7.799149107341062e-05,False,1.3419994667338704,0.08856802126285412,,,,,,,,,,,,,,
US_INSURANCE,AFL,UNM,AFLAC Incorporated,Unum Group,-2.6116432071831874,0.09061465151591669,0.05,7.799149107341062e-05,False,0.3240167744608989,3.2694168781526747,,,,,,,,,,,,,,
US_INSURANCE,HIG,MET,"The Hartford Insurance Group, I","MetLife, Inc.",-2.5654682401795066,0.10034634996372277,0.05,7.799149107341062e-05,False,3.2602736482011534,-9.3126847873242,,,,,,,,,,,,,,
US_INSURANCE,MET,PGR,"MetLife, Inc.",Progressive Corporation (The),-2.5653281467251285,0.1003770368155299,0.05,7.799149107341062e-05,False,0.3037168291750752,2.682806026855154,,,,,,,,,,,,,,
US_INSURANCE,AIG,CB,"American International Group, I",Chubb Limited,-2.5252344011209793,0.10945461633888615,0.05,7.799149107341062e-05,False,0.4288977968618979,1.9004922500933885,,,,,,,,,,,,,,
US_INSURANCE,LNC,MET,Lincoln National Corporation,"MetLife, Inc.",-2.520449770146201,0.11057762536663657,0.05,7.799149107341062e-05,False,4.109694796167917,-14.263837093252087,,,,,,,,,,,,,,
US_INSURANCE,AFL,HIG,AFLAC Incorporated,"The Hartford Insurance Group, I",-2.456837224489287,0.12633250511154193,0.05,7.799149107341062e-05,False,0.6212369225367748,1.669040290083005,,,,,,,,,,,,,,
US_INSURANCE,GL,UNM,Globe Life Inc.,Unum Group,-2.376691611752119,0.14842337628421914,0.05,7.799149107341062e-05,False,1.1203496517743015,0.04821123874310462,,,,,,,,,,,,,,
US_INSURANCE,HIG,TRV,"The Hartford Insurance Group, I","The Travelers Companies, Inc.",-2.362146954906001,0.15270632249526633,0.05,7.799149107341062e-05,False,0.8591519456856473,0.024733093925109806,,,,,,,,,,,,,,
US_INSURANCE,CB,GL,Chubb Limited,Globe Life Inc.,-2.3548000622348604,0.15490207884288226,0.05,7.799149107341062e-05,False,0.3419705039141577,4.016735168160153,,,,,,,,,,,,,,
US_INSURANCE,PGR,TRV,Progressive Corporation (The),"The Travelers Companies, Inc.",-2.3421093334246845,0.15874618296239718,0.05,7.799149107341062e-05,False,-0.19933265814133916,6.513048119528221,,,,,,,,,,,,,,
US_INSURANCE,LNC,PGR,Lincoln National Corporation,Progressive Corporation (The),-2.305520560155257,0.17019366248686468,0.05,7.799149107341062e-05,False,-4.444439124433481,27.54592813118633,,,,,,,,,,,,,,
US_INSURANCE,ALL,CB,Allstate Corporation (The),Chubb Limited,-2.247396367629879,0.1894949545622463,0.05,7.799149107341062e-05,False,1.1365164407072035,-1.1741511498021273,,,,,,,,,,,,,,
US_INSURANCE,TRV,UNM,"The Travelers Companies, Inc.",Unum Group,-2.1798619894534856,0.21363540366763667,0.05,7.799149107341062e-05,False,0.7109688012391704,2.5288905804486914,,,,,,,,,,,,,,
US_INSURANCE,ALL,HIG,Allstate Corporation (The),"The Hartford Insurance Group, I",-2.171111827454867,0.2168967279022559,0.05,7.799149107341062e-05,False,0.7967013773116581,1.4416848601088699,,,,,,,,,,,,,,
US_INSURANCE,MET,PRU,"MetLife, Inc.","Prudential Financial, Inc.",-2.0710709639842446,0.2563050540921319,0.05,7.799149107341062e-05,False,0.9131474006394686,0.09734758158528312,,,,,,,,,,,,,,
US_INSURANCE,GL,HIG,Globe Life Inc.,"The Hartford Insurance Group, I",-2.0480953052770423,0.2658909632965898,0.05,7.799149107341062e-05,False,1.7685145523405683,-3.6679210703035645,,,,,,,,,,,,,,
US_INSURANCE,CB,TRV,Chubb Limited,"The Travelers Companies, Inc.",-1.967522692530112,0.30099224745693176,0.05,7.799149107341062e-05,False,0.5882539065887478,2.396672830642903,,,,,,,,,,,,,,
US_INSURANCE,GL,PGR,Globe Life Inc.,Progressive Corporation (The),-1.9230936919851085,0.3212763038584674,0.05,7.799149107341062e-05,False,-40.39834645860266,223.26500098235744,,,,,,,,,,,,,,
US_INSURANCE,AIG,MET,"American International Group, I","MetLife, Inc.",-1.9136084570343463,0.3256865927163326,0.05,7.799149107341062e-05,False,0.6360297677503163,1.5764578911008735,,,,,,,,,,,,,,
US_INSURANCE,CB,UNM,Chubb Limited,Unum Group,-1.861230216406387,0.3505135482414088,0.05,7.799149107341062e-05,False,0.304134691784531,4.368327341428374,,,,,,,,,,,,,,
US_INSURANCE,LNC,UNM,Lincoln National Corporation,Unum Group,-1.811194939782594,0.374918051835999,0.05,7.799149107341062e-05,False,0.8045392610349484,0.09845564116827132,,,,,,,,,,,,,,
US_INSURANCE,HIG,UNM,"The Hartford Insurance Group, I",Unum Group,-1.571565469364029,0.4978594599953288,0.05,7.799149107341062e-05,False,0.5594688930591195,2.4153234171759776,,,,,,,,,,,,,,
US_INSURANCE,ALL,PGR,Allstate Corporation (The),Progressive Corporation (The),-1.529547449095923,0.5188473141426126,0.05,7.799149107341062e-05,False,0.32309322550303504,3.509679582641844,,,,,,,,,,,,,,
US_INSURANCE,CB,HIG,Chubb Limited,"The Hartford Insurance Group, I",-1.5282953513511555,0.5194705050148831,0.05,7.799149107341062e-05,False,0.6881649576599205,2.3631040763560565,,,,,,,,,,,,,,
US_INSURANCE,CB,LNC,Chubb Limited,Lincoln National Corporation,-1.5250033223507289,0.5211082978918352,0.05,7.799149107341062e-05,False,0.31439276892520707,4.5545500847903035,,,,,,,,,,,,,,
US_INSURANCE,PGR,UNM,Progressive Corporation (The),Unum Group,-1.03653436355559,0.7397071752656705,0.05,7.799149107341062e-05,False,0.2598906784232833,4.305216492719921,,,,,,,,,,,,,,
US_MEDIA_TELECOM,CHTR,VZ,"Charter Communications, Inc.",Verizon Communications Inc.,-2.6501731426894697,0.08306440691178807,0.05,,False,-5.1813490592260285,24.73058972604375,,,,,,,,,,,,,,
US_MEDIA_TELECOM,CMCSA,VZ,Comcast Corporation,Verizon Communications Inc.,-2.6490591566853663,0.08327559998349154,0.05,,False,-1.6851957788205212,9.618564749918242,,,,,,,,,,,,,,
US_MEDIA_TELECOM,CHTR,T,"Charter Communications, Inc.",AT&T Inc.,-2.5889498313929087,0.09530268757812527,0.05,,False,-5.962477341429456,24.439644071729916,,,,,,,,,,,,,,
US_MEDIA_TELECOM,CHTR,TMUS,"Charter Communications, Inc.","T-Mobile US, Inc.",-2.3209510989239237,0.16529982776037216,0.05,,False,4.76138353264434,-19.859540810721448,,,,,,,,,,,,,,
US_MEDIA_TELECOM,CHTR,CMCSA,"Charter Communications, Inc.",Comcast Corporation,-2.171441513487069,0.21677329807954504,0.05,,False,2.927575795837543,-4.340795741095163,,,,,,,,,,,,,,
US_MEDIA_TELECOM,CMCSA,TMUS,Comcast Corporation,"T-Mobile US, Inc.",-2.1611755936887502,0.2206368920223019,0.05,,False,1.2011858910031787,-3.0223101704855555,,,,,,,,,,,,,,
US_MEDIA_TELECOM,CMCSA,T,Comcast Corporation,AT&T Inc.,-1.8605949152862555,0.3508193794375306,0.05,,False,-0.6226399954953404,5.376113746141547,,,,,,,,,,,,,,
US_MEDIA_TELECOM,T,TMUS,AT&T Inc.,"T-Mobile US, Inc.",-1.137470124852149,0.6999003794704959,0.05,,False,1.5494622410692915,-5.152829018707758,,,,,,,,,,,,,,
US_MEDIA_TELECOM,TMUS,VZ,"T-Mobile US, Inc.",Verizon Communications Inc.,-1.0816391310606424,0.7223381940490998,0.05,,False,5.469771146999578,-14.77804390980437,,,,,,,,,,,,,,
US_MEDIA_TELECOM,T,VZ,AT&T Inc.,Verizon Communications Inc.,-0.9653064615730266,0.7657067871283563,0.05,,False,1.9849772552950256,-4.157262192718132,,,,,,,,,,,,,,
US_OIL_GAS,PSX,VLO,Phillips 66,Valero Energy Corporation,-3.698044675816809,0.004140741737372998,0.05,,False,0.6225310309343073,1.7294764830675318,,,,,,,,,,,,,,
US_OIL_GAS,FANG,OXY,"Diamondback Energy, Inc.",Occidental Petroleum Corporatio,-3.090316415011803,0.02727816652843442,0.05,,False,0.9946440802952001,1.226778962427736,,,,,,,,,,,,,,
US_OIL_GAS,PSX,XOM,Phillips 66,ExxonMobil Holdings Corporation,-3.086417681490972,0.027574806214784118,0.05,,False,1.0674410115128148,-0.2090180175791465,,,,,,,,,,,,,,
US_OIL_GAS,APA,PSX,APA Corporation,Phillips 66,-3.0488252895082706,0.03057952688227133,0.05,,False,1.7575655016090435,-5.380090247918501,,,,,,,,,,,,,,
US_OIL_GAS,EOG,OXY,"EOG Resources, Inc.",Occidental Petroleum Corporatio,-2.9698145790899204,0.0378111193166255,0.05,,False,0.5577849098337097,2.6080097297200013,,,,,,,,,,,,,,
US_OIL_GAS,APA,DVN,APA Corporation,Devon Energy Corporation,-2.933120991816872,0.041629823553513204,0.05,,False,1.7426713462834431,-3.135495368869407,,,,,,,,,,,,,,
US_OIL_GAS,COP,DVN,ConocoPhillips,Devon Energy Corporation,-2.807152026858436,0.057259392062404185,0.05,,False,0.7366235122096707,1.9249061625550898,,,,,,,,,,,,,,
US_OIL_GAS,VLO,XOM,Valero Energy Corporation,ExxonMobil Holdings Corporation,-2.684413355748682,0.07677449273657057,0.05,,False,1.7435832296273581,-3.2510602106362283,,,,,,,,,,,,,,
US_OIL_GAS,MPC,VLO,Marathon Petroleum Corporation,Valero Energy Corporation,-2.6241322212722458,0.0881114900892519,0.05,,False,0.7521067167565851,1.358195690388123,,,,,,,,,,,,,,
US_OIL_GAS,CVX,VLO,Chevron Corporation,Valero Energy Corporation,-2.6097360974388,0.09100166387698871,0.05,,False,0.47192854868110756,2.638635536328897,,,,,,,,,,,,,,
US_OIL_GAS,DVN,XOM,Devon Energy Corporation,ExxonMobil Holdings Corporation,-2.6000479235325313,0.0929873630235662,0.05,,False,1.0945158714938772,-1.5840164233996963,,,,,,,,,,,,,,
US_OIL_GAS,COP,OXY,ConocoPhillips,Occidental Petroleum Corporatio,-2.5525730010764653,0.1032008934687198,0.05,,False,0.80150274198765,1.489400877991586,,,,,,,,,,,,,,
US_OIL_GAS,COP,EOG,ConocoPhillips,"EOG Resources, Inc.",-2.4893135836571396,0.11809614371496024,0.05,,False,1.3885286685095293,-2.027631318252917,,,,,,,,,,,,,,
US_OIL_GAS,APA,COP,APA Corporation,ConocoPhillips,-2.462661230863057,0.12482552786013545,0.05,,False,2.44360026696804,-8.046210578350477,,,,,,,,,,,,,,
US_OIL_GAS,COP,FANG,ConocoPhillips,"Diamondback Energy, Inc.",-2.4236101452406906,0.1351831949697933,0.05,,False,0.8090967274426994,0.48422819238369286,,,,,,,,,,,,,,
US_OIL_GAS,COP,XOM,ConocoPhillips,ExxonMobil Holdings Corporation,-2.420149978762212,0.13612980051606832,0.05,,False,0.7605863880450989,0.9747669959536642,,,,,,,,,,,,,,
US_OIL_GAS,EOG,VLO,"EOG Resources, Inc.",Valero Energy Corporation,-2.403486770172411,0.14075471105684595,0.05,,False,0.18838184141884828,3.8154696714598426,,,,,,,,,,,,,,
US_OIL_GAS,MPC,PSX,Marathon Petroleum Corporation,Phillips 66,-2.36874547506919,0.15075273823109442,0.05,,False,1.2138810540332678,-0.7591260011609471,,,,,,,,,,,,,,
US_OIL_GAS,CVX,PSX,Chevron Corporation,Phillips 66,-2.3617825819165796,0.15281471020522658,0.05,,False,0.7713434869847368,1.2631387487911803,,,,,,,,,,,,,,
US_OIL_GAS,DVN,PSX,Devon Energy Corporation,Phillips 66,-2.350157247111024,0.1563008821355501,0.05,,False,1.0099408317756704,-1.2947902706449672,,,,,,,,,,,,,,
US_OIL_GAS,CVX,XOM,Chevron Corporation,ExxonMobil Holdings Corporation,-2.336216267155554,0.1605533363028941,0.05,,False,0.8310568188957072,1.065405173600951,,,,,,,,,,,,,,
US_OIL_GAS,APA,VLO,APA Corporation,Valero Energy Corporation,-2.331449254264905,0.16202544759237314,0.05,,False,1.0758918973157205,-2.2487600652266058,,,,,,,,,,,,,,
US_OIL_GAS,EOG,FANG,"EOG Resources, Inc.","Diamondback Energy, Inc.",-2.3260139175915673,0.163715162059535,0.05,,False,0.5382803871847864,2.0341033147671777,,,,,,,,,,,,,,
US_OIL_GAS,APA,XOM,APA Corporation,ExxonMobil Holdings Corporation,-2.3082072950910364,0.16933461727409543,0.05,,False,1.967866790464334,-6.182956931401646,,,,,,,,,,,,,,
US_OIL_GAS,DVN,VLO,Devon Energy Corporation,Valero Energy Corporation,-2.2814487322821644,0.1780209438394924,0.05,,False,0.5416786198324661,0.8891158569341435,,,,,,,,,,,,,,
US_OIL_GAS,APA,CVX,APA Corporation,Chevron Corporation,-2.2654346537163748,0.18335836642811776,0.05,,False,2.4924371433399672,-9.32953885448207,,,,,,,,,,,,,,
US_OIL_GAS,APA,EOG,APA Corporation,"EOG Resources, Inc.",-2.2348824055145213,0.19382955192307388,0.05,,False,4.30079072469713,-17.323586290484272,,,,,,,,,,,,,,
US_OIL_GAS,COP,VLO,ConocoPhillips,Valero Energy Corporation,-2.2188258244662307,0.19948385416267322,0.05,,False,0.3639851870076752,2.755807962429061,,,,,,,,,,,,,,
US_OIL_GAS,COP,PSX,ConocoPhillips,Phillips 66,-2.162225323851976,0.22023991332585774,0.05,,False,0.7032014865470497,1.1690166669089281,,,,,,,,,,,,,,
US_OIL_GAS,EOG,PSX,"EOG Resources, Inc.",Phillips 66,-2.1348571535760046,0.23073125383463672,0.05,,False,0.41608224410130007,2.7410040846963004,,,,,,,,,,,,,,
US_OIL_GAS,DVN,EOG,Devon Energy Corporation,"EOG Resources, Inc.",-2.132716314783655,0.23156427079710296,0.05,,False,2.2154306897301903,-6.939230542769611,,,,,,,,,,,,,,
US_OIL_GAS,DVN,FANG,Devon Energy Corporation,"Diamondback Energy, Inc.",-2.119676441287009,0.23667656189228847,0.05,,False,1.1056108065802104,-1.992398467760394,,,,,,,,,,,,,,
US_OIL_GAS,EOG,XOM,"EOG Resources, Inc.",ExxonMobil Holdings Corporation,-2.066650303570386,0.2581343326095029,0.05,,False,0.45330765925028277,2.610544439340019,,,,,,,,,,,,,,
US_OIL_GAS,MPC,XOM,Marathon Petroleum Corporation,ExxonMobil Holdings Corporation,-2.038937843368682,0.2697653728204547,0.05,,False,1.3295809068454927,-1.173415230755876,,,,,,,,,,,,,,
US_OIL_GAS,APA,FANG,APA Corporation,"Diamondback Energy, Inc.",-2.0354567940229322,0.2712461008560211,0.05,,False,2.0481023005428796,-7.222701077245032,,,,,,,,,,,,,,
US_OIL_GAS,DVN,OXY,Devon Energy Corporation,Occidental Petroleum Corporatio,-2.027238081878765,0.27475930476465166,0.05,,False,1.1036301281321699,-0.6512752821167171,,,,,,,,,,,,,,
US_OIL_GAS,OXY,VLO,Occidental Petroleum Corporatio,Valero Energy Corporation,-1.9934232870255373,0.2894641831042736,0.05,,False,0.35305691278325013,2.0877589292329715,,,,,,,,,,,,,,
US_OIL_GAS,CVX,MPC,Chevron Corporation,Marathon Petroleum Corporation,-1.993020946536222,0.289641530128121,0.05,,False,0.607256167785993,1.8902535070300837,,,,,,,,,,,,,,
US_OIL_GAS,FANG,XOM,"Diamondback Energy, Inc.",ExxonMobil Holdings Corporation,-1.980235944646041,0.29530561231997376,0.05,,False,0.9599723889358922,0.5117058415430282,,,,,,,,,,,,,,
US_OIL_GAS,CVX,EOG,Chevron Corporation,"EOG Resources, Inc.",-1.9577224793262615,0.30541224321600685,0.05,,False,1.6428429640965576,-2.8135543192057453,,,,,,,,,,,,,,
US_OIL_GAS,FANG,VLO,"Diamondback Energy, Inc.",Valero Energy Corporation,-1.9575808926237386,0.305476329618834,0.05,,False,0.38277156367844417,3.144589921253403,,,,,,,,,,,,,,
US_OIL_GAS,COP,MPC,ConocoPhillips,Marathon Petroleum Corporation,-1.9485091837804371,0.30959594270153556,0.05,,False,0.49588663945475625,2.0372148472213114,,,,,,,,,,,,,,
US_OIL_GAS,OXY,XOM,Occidental Petroleum Corporatio,ExxonMobil Holdings Corporation,-1.9448179443646414,0.31127974418846205,0.05,,False,0.9636454297034491,-0.711823288784613,,,,,,,,,,,,,,
US_OIL_GAS,APA,MPC,APA Corporation,Marathon Petroleum Corporation,-1.9262017215346097,0.3198371444645698,0.05,,False,1.4948228772787235,-4.522023947846881,,,,,,,,,,,,,,
US_OIL_GAS,COP,CVX,ConocoPhillips,Chevron Corporation,-1.9139608121477503,0.3255222740179321,0.05,,False,0.9437904375400382,-0.14349476599611943,,,,,,,,,,,,,,
US_OIL_GAS,DVN,MPC,Devon Energy Corporation,Marathon Petroleum Corporation,-1.8842058313474224,0.3395272730462304,0.05,,False,0.7750918449505307,-0.370940263786522,,,,,,,,,,,,,,
US_OIL_GAS,APA,OXY,APA Corporation,Occidental Petroleum Corporatio,-1.879437438917884,0.3417953503669739,0.05,,False,2.1126336640443015,-5.001662795461943,,,,,,,,,,,,,,
US_OIL_GAS,FANG,PSX,"Diamondback Energy, Inc.",Phillips 66,-1.8373470031132577,0.3620838321849411,0.05,,False,0.8784622902495511,0.800985297920918,,,,,,,,,,,,,,
US_OIL_GAS,CVX,DVN,Chevron Corporation,Devon Energy Corporation,-1.8324118784041552,0.364492920737833,0.05,,False,0.6995024172594607,2.483984550471243,,,,,,,,,,,,,,
US_OIL_GAS,MPC,OXY,Marathon Petroleum Corporation,Occidental Petroleum Corporatio,-1.758226821546704,0.40138911475240563,0.05,,False,1.736926531632499,-1.5704809292690367,,,,,,,,,,,,,,
US_OIL_GAS,OXY,PSX,Occidental Petroleum Corporatio,Phillips 66,-1.7362188191403087,0.41255464384174556,0.05,,False,0.8773619609186984,-0.39976897452554727,,,,,,,,,,,,,,
US_OIL_GAS,EOG,MPC,"EOG Resources, Inc.",Marathon Petroleum Corporation,-1.7016962883481985,0.4302387106861967,0.05,,False,0.2681505027625577,3.384478533431554,,,,,,,,,,,,,,
US_OIL_GAS,FANG,MPC,"Diamondback Energy, Inc.",Marathon Petroleum Corporation,-1.6933499361732172,0.43454200589337066,0.05,,False,0.5901741914856312,2.03607882905862,,,,,,,,,,,,,,
US_OIL_GAS,CVX,OXY,Chevron Corporation,Occidental Petroleum Corporatio,-1.536176549952591,0.5155455014654997,0.05,,False,0.726648195533376,2.2035012211917406,,,,,,,,,,,,,,
US_OIL_GAS,CVX,FANG,Chevron Corporation,"Diamondback Energy, Inc.",-1.4393405488703932,0.5632773072241705,0.05,,False,0.7369048128359981,1.2751178838108435,,,,,,,,,,,,,,
US_PAYMENTS,AXP,SYF,American Express Company,Synchrony Financial,-2.941026767575514,0.04078093463065275,0.05,,False,0.7027721159695199,2.790002829624931,,,,,,,,,,,,,,
US_PAYMENTS,MA,V,Mastercard Incorporated,Visa Inc.,-1.9987167770072396,0.2871360310300477,0.05,,False,0.8127087019647005,1.5787656094478937,,,,,,,,,,,,,,
US_PAYMENTS,MA,SYF,Mastercard Incorporated,Synchrony Financial,-1.7011976146716696,0.43049553563590465,0.05,,False,0.3008191295754647,5.017399816040614,,,,,,,,,,,,,,
US_PAYMENTS,SYF,V,Synchrony Financial,Visa Inc.,-1.6767335246835429,0.44313816521179084,0.05,,False,2.619135425474788,-10.955699458658149,,,,,,,,,,,,,,
US_PAYMENTS,AXP,MA,American Express Company,Mastercard Incorporated,-1.6322956494285783,0.46628930838557947,0.05,,False,2.065121931484373,-7.234964229048448,,,,,,,,,,,,,,
US_PAYMENTS,AXP,V,American Express Company,Visa Inc.,-1.5571112628941939,0.5050941350072724,0.05,,False,1.621707250618094,-3.6484659236494013,,,,,,,,,,,,,,
US_PHARMA,MRK,PFE,"Merck & Company, Inc.","Pfizer, Inc.",-4.208670392339106,0.0006369833486543993,0.05,0.0006369833486543993,True,2.655769342623161,-3.8683901778603795,10.582560471068986,-0.0002650773241576201,-0.06549900493882345,32.0,-0.07903951329422128,3.897654758900579,False,,0.8,0.01447492210812981,0.24576413308745798,0.2834424850739533,True,reversion signs agree
US_PHARMA,AMGN,LLY,Amgen Inc.,Eli Lilly and Company,-3.4788614824539765,0.008546864586915672,0.05,0.0006369833486543993,False,0.7313481603946951,0.7579227647848086,,,,,,,,,,,,,,
US_PHARMA,AMGN,PFE,Amgen Inc.,"Pfizer, Inc.",-3.3412154843308883,0.013133703323892852,0.05,0.0006369833486543993,False,1.65273489250364,0.4547783498176292,,,,,,,,,,,,,,
US_PHARMA,LLY,PFE,Eli Lilly and Company,"Pfizer, Inc.",-3.1143599409024323,0.02550857947827415,0.05,0.0006369833486543993,False,2.600637998812701,-1.496448986485695,,,,,,,,,,,,,,
US_PHARMA,AMGN,JNJ,Amgen Inc.,Johnson & Johnson,-3.0683810987251654,0.028983352214996125,0.05,0.0006369833486543993,False,0.4819854262179871,3.222845847464336,,,,,,,,,,,,,,
US_PHARMA,LLY,MRK,Eli Lilly and Company,"Merck & Company, Inc.",-2.985559596188435,0.03626513592799972,0.05,0.0006369833486543993,False,0.7343312485463698,3.40920449578894,,,,,,,,,,,,,,
US_PHARMA,JNJ,PFE,Johnson & Johnson,"Pfizer, Inc.",-2.9490071183711097,0.039938755022965976,0.05,0.0006369833486543993,False,4.567409615328432,-9.357245482104563,,,,,,,,,,,,,,
US_PHARMA,AMGN,MRK,Amgen Inc.,"Merck & Company, Inc.",-2.8945112298264073,0.04598999986460192,0.05,0.0006369833486543993,False,0.5197903751485312,3.330005271730702,,,,,,,,,,,,,,
US_PHARMA,BMY,MRK,Bristol-Myers Squibb Company,"Merck & Company, Inc.",-2.86405991835185,0.04968980875217933,0.05,0.0006369833486543993,False,0.46365411925516536,1.7753896323200182,,,,,,,,,,,,,,
US_PHARMA,ABBV,JNJ,AbbVie Inc.,Johnson & Johnson,-2.8602021820044303,0.05017553590214516,0.05,0.0006369833486543993,False,0.5636448313236471,2.358514330212352,,,,,,,,,,,,,,
US_PHARMA,JNJ,LLY,Johnson & Johnson,Eli Lilly and Company,-2.6653374088000903,0.08023085681827336,0.05,0.0006369833486543993,False,1.6984090500033133,-6.33797256780332,,,,,,,,,,,,,,
US_PHARMA,BMY,LLY,Bristol-Myers Squibb Company,Eli Lilly and Company,-2.65906479723693,0.0813936284814657,0.05,0.0006369833486543993,False,0.9696010889000118,-2.6634646161390623,,,,,,,,,,,,,,
US_PHARMA,ABBV,GILD,AbbVie Inc.,"Gilead Sciences, Inc.",-2.59067462341852,0.09493999113787954,0.05,0.0006369833486543993,False,0.43811484228767583,3.226875389627987,,,,,,,,,,,,,,
US_PHARMA,ABBV,LLY,AbbVie Inc.,Eli Lilly and Company,-2.5632534187067577,0.10083232982170076,0.05,0.0006369833486543993,False,0.7834833121059613,-0.03883782089048804,,,,,,,,,,,,,,
US_PHARMA,JNJ,MRK,Johnson & Johnson,"Merck & Company, Inc.",-2.5394181401927445,0.1061756050636522,0.05,0.0006369833486543993,False,1.3715625913919993,-1.1152615780797692,,,,,,,,,,,,,,
US_PHARMA,BMY,PFE,Bristol-Myers Squibb Company,"Pfizer, Inc.",-2.4881452802447863,0.11838541453790291,0.05,0.0006369833486543993,False,4.259152303461534,-9.630886967160448,,,,,,,,,,,,,,
US_PHARMA,ABBV,PFE,AbbVie Inc.,"Pfizer, Inc.",-2.4711892425737445,0.12264257017708857,0.05,0.0006369833486543993,False,3.634427374221092,-6.28104823271738,,,,,,,,,,,,,,
US_PHARMA,GILD,PFE,"Gilead Sciences, Inc.","Pfizer, Inc.",-2.4301577774381533,0.13340485858950657,0.05,0.0006369833486543993,False,27.352194836211346,-82.20302254912679,,,,,,,,,,,,,,
US_PHARMA,ABBV,AMGN,AbbVie Inc.,Amgen Inc.,-2.1525068768276383,0.22393175359539436,0.05,0.0006369833486543993,False,1.2203011319905592,-1.700457999690614,,,,,,,,,,,,,,
US_PHARMA,ABBV,MRK,AbbVie Inc.,"Merck & Company, Inc.",-2.074583538069947,0.2548567182549617,0.05,0.0006369833486543993,False,0.1373835271826066,4.630675427194222,,,,,,,,,,,,,,
US_PHARMA,BMY,JNJ,Bristol-Myers Squibb Company,Johnson & Johnson,-2.0264506377374665,0.27509717342366885,0.05,0.0006369833486543993,False,0.5249656577409111,1.1910044427012334,,,,,,,,,,,,,,
US_PHARMA,AMGN,GILD,Amgen Inc.,"Gilead Sciences, Inc.",-1.9025728137178284,0.33085174763331826,0.05,0.0006369833486543993,False,0.25511826431771206,4.519405012024524,,,,,,,,,,,,,,
US_PHARMA,AMGN,BMY,Amgen Inc.,Bristol-Myers Squibb Company,-1.8486239599726462,0.3566021765095031,0.05,0.0006369833486543993,False,0.5891282824042197,3.409530111243475,,,,,,,,,,,,,,
US_PHARMA,BMY,GILD,Bristol-Myers Squibb Company,"Gilead Sciences, Inc.",-1.8472022965363175,0.35729143595096635,0.05,0.0006369833486543993,False,0.4136589153283753,1.9737775856453201,,,,,,,,,,,,,,
US_PHARMA,GILD,LLY,"Gilead Sciences, Inc.",Eli Lilly and Company,-1.8086334295214574,0.3761839380021461,0.05,0.0006369833486543993,False,3.8450401540692485,-21.357725583064756,,,,,,,,,,,,,,
US_PHARMA,ABBV,BMY,AbbVie Inc.,Bristol-Myers Squibb Company,-1.6013109865689454,0.48293488427069686,0.05,0.0006369833486543993,False,0.7435378560513964,2.364380526166823,,,,,,,,,,,,,,
US_PHARMA,GILD,JNJ,"Gilead Sciences, Inc.",Johnson & Johnson,-1.5758278481435948,0.4957235616458443,0.05,0.0006369833486543993,False,1.2816995851683308,-1.957230800917296,,,,,,,,,,,,,,
US_PHARMA,GILD,MRK,"Gilead Sciences, Inc.","Merck & Company, Inc.",-1.115542356670123,0.7088341626482868,0.05,0.0006369833486543993,False,-12.596726217377924,62.116263259736776,,,,,,,,,,,,,,
US_RAILROADS,CNI,CP,Canadian National Railway Compa,Canadian Pacific Kansas City Li,-3.7754058993713424,0.0031692095681800096,0.05,0.0031692095681800096,True,1.2750770113886372,-0.9219560225709209,17.79418900130457,-0.0004130375921093148,-0.03895356964619897,53.0,0.12078379293881798,2.553058476354588,False,,0.8,-0.00156632080118535,-0.07996297420392727,-0.6357648418697214,True,reversion signs agree
US_RAILROADS,CNI,UNP,Canadian National Railway Compa,Union Pacific Corporation,-3.3219834663078927,0.013923958316500104,0.05,0.0031692095681800096,False,1.3132070980277541,-2.515706205189314,,,,,,,,,,,,,,
US_RAILROADS,CSX,UNP,CSX Corporation,Union Pacific Corporation,-3.0150534828915707,0.033512308988850666,0.05,0.0031692095681800096,False,2.253223864902436,-8.713093167278391,,,,,,,,,,,,,,
US_RAILROADS,CP,UNP,Canadian Pacific Kansas City Li,Union Pacific Corporation,-2.9642279466985633,0.038372807609651956,0.05,0.0031692095681800096,False,0.9421078061696755,-0.7726670837772609,,,,,,,,,,,,,,
US_RAILROADS,CNI,CSX,Canadian National Railway Compa,CSX Corporation,-2.659526156252197,0.08130765890422881,0.05,0.0031692095681800096,False,0.31534333064973785,3.50798989309323,,,,,,,,,,,,,,
US_RAILROADS,CP,CSX,Canadian Pacific Kansas City Li,CSX Corporation,-2.6234371978261555,0.08824937401683519,0.05,0.0031692095681800096,False,0.3336695652440332,3.168957754264091,,,,,,,,,,,,,,
US_RAILROADS,CP,NSC,Canadian Pacific Kansas City Li,Norfolk Southern Corporation,-2.0213221989189347,0.27730301442501876,0.05,0.0031692095681800096,False,0.17955627899805882,3.351508708412994,,,,,,,,,,,,,,
US_RAILROADS,NSC,UNP,Norfolk Southern Corporation,Union Pacific Corporation,-1.8852466981206726,0.3390330396569612,0.05,0.0031692095681800096,False,2.6675981135486877,-8.947903738211007,,,,,,,,,,,,,,
US_RAILROADS,CNI,NSC,Canadian National Railway Compa,Norfolk Southern Corporation,-1.8186975944451373,0.3712191602160061,0.05,0.0031692095681800096,False,-0.08037322640505255,5.069154991320893,,,,,,,,,,,,,,
US_RAILROADS,CSX,NSC,CSX Corporation,Norfolk Southern Corporation,-1.3442306399051847,0.6087018228356759,0.05,0.0031692095681800096,False,1.0293722221505661,-2.180817793020253,,,,,,,,,,,,,,
US_REIT,AMT,SPG,American Tower Corporation (REI,"Simon Property Group, Inc.",-3.4209270749313996,0.010265823131344642,0.05,,False,-0.5781033337790097,8.195946454624664,,,,,,,,,,,,,,
US_REIT,AMT,DLR,American Tower Corporation (REI,"Digital Realty Trust, Inc.",-3.2082284886283863,0.019513295339721903,0.05,,False,-0.6612620417746713,8.613616229187567,,,,,,,,,,,,,,
US_REIT,AMT,PLD,American Tower Corporation (REI,"Prologis, Inc.",-3.098598123506218,0.02665710771640319,0.05,,False,-0.5105203230001112,7.672309552322073,,,,,,,,,,,,,,
US_REIT,AMT,WELL,American Tower Corporation (REI,Welltower Inc.,-2.9991653719232962,0.034972417585389805,0.05,,False,-0.1845135670311606,6.176127300063575,,,,,,,,,,,,,,
US_REIT,AMT,O,American Tower Corporation (REI,Realty Income Corporation,-2.9942251757469447,0.03543722690919164,0.05,,False,-1.3194277056421184,10.527067861494114,,,,,,,,,,,,,,
US_REIT,EQIX,PSA,"Equinix, Inc.",Public Storage,-2.797557811858186,0.058623464953985245,0.05,,False,2.638172784350924,-8.194167940532285,,,,,,,,,,,,,,
US_REIT,PSA,WELL,Public Storage,Welltower Inc.,-2.784019387620313,0.0605929921638008,0.05,,False,-0.04343454179802744,5.875918732387025,,,,,,,,,,,,,,
US_REIT,AMT,EQIX,American Tower Corporation (REI,"Equinix, Inc.",-2.7442223407020987,0.06669346574052831,0.05,,False,-0.3428129808934114,7.555919901235646,,,,,,,,,,,,,,
US_REIT,PSA,SPG,Public Storage,"Simon Property Group, Inc.",-2.5847417804559543,0.09619201565100172,0.05,,False,0.0890915147962332,5.203258157878387,,,,,,,,,,,,,,
US_REIT,PLD,PSA,"Prologis, Inc.",Public Storage,-2.5316217432285026,0.10796873844701071,0.05,,False,5.180806216102222,-24.562435049539214,,,,,,,,,,,,,,
US_REIT,O,PLD,Realty Income Corporation,"Prologis, Inc.",-2.5178594894659168,0.11118916776297788,0.05,,False,0.6432469250590267,0.9466058667631811,,,,,,,,,,,,,,
US_REIT,DLR,SPG,"Digital Realty Trust, Inc.","Simon Property Group, Inc.",-2.428034239718847,0.13397976176971715,0.05,,False,0.7785172851878854,1.1197056273368848,,,,,,,,,,,,,,
US_REIT,DLR,PSA,"Digital Realty Trust, Inc.",Public Storage,-2.409997653220282,0.13893450497622845,0.05,,False,3.310453193469067,-13.639753759481971,,,,,,,,,,,,,,
US_REIT,DLR,WELL,"Digital Realty Trust, Inc.",Welltower Inc.,-2.3904858397331346,0.1444397359239465,0.05,,False,0.28834027421025454,3.6393136309359706,,,,,,,,,,,,,,
US_REIT,O,SPG,Realty Income Corporation,"Simon Property Group, Inc.",-2.2544835925590805,0.1870681754368188,0.05,,False,0.6265373415026873,0.806208347163826,,,,,,,,,,,,,,
US_REIT,DLR,O,"Digital Realty Trust, Inc.",Realty Income Corporation,-2.2492103339969445,0.18887188727372445,0.05,,False,1.4033657875339083,-0.5253688935608327,,,,,,,,,,,,,,
US_REIT,O,WELL,Realty Income Corporation,Welltower Inc.,-2.186478662561636,0.21118947156013423,0.05,,False,0.29080297752386164,2.538522388314564,,,,,,,,,,,,,,
US_REIT,AMT,PSA,American Tower Corporation (REI,Public Storage,-2.127501044745028,0.23360102173334074,0.05,,False,1.6293150848714755,-3.969543948919571,,,,,,,,,,,,,,
US_REIT,SPG,WELL,"Simon Property Group, Inc.",Welltower Inc.,-2.110290899888127,0.24039676420854156,0.05,,False,0.46967314676420785,2.737094520708353,,,,,,,,,,,,,,
US_REIT,PLD,SPG,"Prologis, Inc.","Simon Property Group, Inc.",-2.0628148071592842,0.2597273289408243,0.05,,False,0.9891056081598937,-0.2951662091672116,,,,,,,,,,,,,,
US_REIT,DLR,EQIX,"Digital Realty Trust, Inc.","Equinix, Inc.",-2.0186200247849038,0.2784690131207188,0.05,,False,0.7997233361127716,-0.29401989199786716,,,,,,,,,,,,,,
US_REIT,DLR,PLD,"Digital Realty Trust, Inc.","Prologis, Inc.",-1.9998156382738155,0.286653941211263,0.05,,False,0.6726969649163581,1.8951833979515094,,,,,,,,,,,,,,
US_REIT,EQIX,O,"Equinix, Inc.",Realty Income Corporation,-1.9787723165475104,0.2959575512467175,0.05,,False,2.0207696305306087,-1.353315236875594,,,,,,,,,,,,,,
US_REIT,EQIX,SPG,"Equinix, Inc.","Simon Property Group, Inc.",-1.9428700540346475,0.3121700428588542,0.05,,False,0.9780852307570591,1.7443038902270835,,,,,,,,,,,,,,
US_REIT,O,PSA,Realty Income Corporation,Public Storage,-1.8464960385430926,0.3576340430345105,0.05,,False,1.76848949891125,-6.004478610729075,,,,,,,,,,,,,,
US_REIT,EQIX,PLD,"Equinix, Inc.","Prologis, Inc.",-1.7936733624828554,0.3836071866108309,0.05,,False,0.990485786577105,2.0284537470914215,,,,,,,,,,,,,,
US_REIT,PLD,WELL,"Prologis, Inc.",Welltower Inc.,-1.5333132524279516,0.5169721353135978,0.05,,False,0.38109986585658995,2.8317565991864004,,,,,,,,,,,,,,
US_REIT,EQIX,WELL,"Equinix, Inc.",Welltower Inc.,-1.2788731282014998,0.6387816114001175,0.05,,False,0.2526246303150008,5.461053077151433,,,,,,,,,,,,,,
US_RETAIL,BBY,KR,"Best Buy Co., Inc.",Kroger Company (The),-3.4135391464608005,0.010505891559598834,0.05,,False,-1.1471960984807472,8.999223050982936,,,,,,,,,,,,,,
US_RETAIL,BBY,COST,"Best Buy Co., Inc.",Costco Wholesale Corporation,-3.4047506169835073,0.010797985556225199,0.05,,False,-3.20998035516717,26.238538848679188,,,,,,,,,,,,,,
US_RETAIL,COST,KR,Costco Wholesale Corporation,Kroger Company (The),-3.289999806555385,0.015331444197333755,0.05,,False,0.47247495089740443,4.896203327301811,,,,,,,,,,,,,,
US_RETAIL,BBY,DLTR,"Best Buy Co., Inc.","Dollar Tree, Inc.",-3.1933133422405935,0.02037500644118549,0.05,,False,-0.35452795123781317,5.876384900403166,,,,,,,,,,,,,,
US_RETAIL,BBY,WMT,"Best Buy Co., Inc.",Walmart Inc.,-3.0802784115978206,0.028047519563116654,0.05,,False,-0.5240465759208273,6.663679624779034,,,,,,,,,,,,,,
US_RETAIL,BBY,DG,"Best Buy Co., Inc.",Dollar General Corporation,-3.017797380686825,0.03326544579714898,0.05,,False,-0.3655388631676971,5.956449162783913,,,,,,,,,,,,,,
US_RETAIL,DG,DLTR,Dollar General Corporation,"Dollar Tree, Inc.",-2.9926040655833264,0.03559088393748858,0.05,,False,1.0433618543071699,-0.11368319439777252,,,,,,,,,,,,,,
US_RETAIL,DLTR,WMT,"Dollar Tree, Inc.",Walmart Inc.,-2.925303171717177,0.042483714198642504,0.05,,False,1.3502711006651233,-1.6368509420306552,,,,,,,,,,,,,,
US_RETAIL,COST,ROST,Costco Wholesale Corporation,"Ross Stores, Inc.",-2.800146997826542,0.0582527735433295,0.05,,False,0.12697185942652028,6.201583128075063,,,,,,,,,,,,,,
US_RETAIL,DG,WMT,Dollar General Corporation,Walmart Inc.,-2.782612280889212,0.06080072528458722,0.05,,False,1.543863234377076,-2.438032531446442,,,,,,,,,,,,,,
US_RETAIL,KR,TGT,Kroger Company (The),Target Corporation,-2.7603063410116855,0.06417122895833482,0.05,,False,-0.5243788495553121,6.589173673036994,,,,,,,,,,,,,,
US_RETAIL,COST,WMT,Costco Wholesale Corporation,Walmart Inc.,-2.7214637896682623,0.07039716936775701,0.05,,False,0.2466413564916682,5.717433167850682,,,,,,,,,,,,,,
US_RETAIL,COST,TGT,Costco Wholesale Corporation,Target Corporation,-2.699210495948441,0.07417498739044164,0.05,,False,-0.10807233731550159,7.35205427206659,,,,,,,,,,,,,,
US_RETAIL,COST,DLTR,Costco Wholesale Corporation,"Dollar Tree, Inc.",-2.6487119139650903,0.08334151681980317,0.05,,False,0.0004966681728822444,6.841203280822492,,,,,,,,,,,,,,
US_RETAIL,COST,DG,Costco Wholesale Corporation,Dollar General Corporation,-2.6362182762540964,0.08574030987416742,0.05,,False,-0.01197786117604414,6.898674003123621,,,,,,,,,,,,,,
US_RETAIL,DLTR,KR,"Dollar Tree, Inc.",Kroger Company (The),-2.5979463905118965,0.0934224500195609,0.05,,False,4.874398820555643,-15.56155876941633,,,,,,,,,,,,,,
US_RETAIL,DLTR,TJX,"Dollar Tree, Inc.","TJX Companies, Inc. (The)",-2.584816528511997,0.09617616336706286,0.05,,False,2.181958717923668,-6.093356723238739,,,,,,,,,,,,,,
US_RETAIL,TJX,WMT,"TJX Companies, Inc. (The)",Walmart Inc.,-2.5340948745897753,0.10739749101336293,0.05,,False,0.678575190225976,1.7696923730142862,,,,,,,,,,,,,,
US_RETAIL,BBY,TJX,"Best Buy Co., Inc.","TJX Companies, Inc. (The)",-2.513824315798237,0.11214684983993117,0.05,,False,-0.9099948737633321,8.700743539884408,,,,,,,,,,,,,,
US_RETAIL,COST,TJX,Costco Wholesale Corporation,"TJX Companies, Inc. (The)",-2.4953124181525763,0.11661903406170054,0.05,,False,0.27811490367600544,5.489681520016613,,,,,,,,,,,,,,
US_RETAIL,DG,KR,Dollar General Corporation,Kroger Company (The),-2.4271143470671,0.13422935423912769,0.05,,False,6.778881053832281,-23.328007512445545,,,,,,,,,,,,,,
US_RETAIL,KR,WMT,Kroger Company (The),Walmart Inc.,-2.3626410424944924,0.15255943471211336,0.05,,False,0.5247668547957075,1.7256040327749176,,,,,,,,,,,,,,
US_RETAIL,BBY,TGT,"Best Buy Co., Inc.",Target Corporation,-2.274169100444074,0.18043431720420394,0.05,,False,0.522027103413306,1.814465970681987,,,,,,,,,,,,,,
US_RETAIL,BBY,ROST,"Best Buy Co., Inc.","Ross Stores, Inc.",-2.1518878056009503,0.22416818484258622,0.05,,False,-0.44991950653688784,6.545628050226035,,,,,,,,,,,,,,
US_RETAIL,DG,TJX,Dollar General Corporation,"TJX Companies, Inc. (The)",-2.142784944887316,0.22766203324141232,0.05,,False,2.436706536911857,-7.250738234781369,,,,,,,,,,,,,,
US_RETAIL,KR,ROST,Kroger Company (The),"Ross Stores, Inc.",-2.07929682716819,0.2529205189677186,0.05,,False,0.29425775509870544,2.6338462035958514,,,,,,,,,,,,,,
US_RETAIL,ROST,TJX,"Ross Stores, Inc.","TJX Companies, Inc. (The)",-2.0688200465698943,0.2572355830274692,0.05,,False,1.4037190725423387,-1.7776298513371005,,,,,,,,,,,,,,
US_RETAIL,DLTR,TGT,"Dollar Tree, Inc.",Target Corporation,-1.8810107461940517,0.34104630261880764,0.05,,False,-1.8334464191815791,13.156123183559298,,,,,,,,,,,,,,
US_RETAIL,DG,TGT,Dollar General Corporation,Target Corporation,-1.8277268690209776,0.36678552911917345,0.05,,False,-2.650756578166942,17.085135089162687,,,,,,,,,,,,,,
US_RETAIL,KR,TJX,Kroger Company (The),"TJX Companies, Inc. (The)",-1.8169132786911393,0.37209763698557063,0.05,,False,0.7943019593454917,0.254982976673654,,,,,,,,,,,,,,
US_RETAIL,ROST,WMT,"Ross Stores, Inc.",Walmart Inc.,-1.813722895798964,0.3736702542570183,0.05,,False,0.9029858947306479,0.9327053757092623,,,,,,,,,,,,,,
US_RETAIL,DLTR,ROST,"Dollar Tree, Inc.","Ross Stores, Inc.",-1.3411140676242477,0.6101590970506677,0.05,,False,1.5029130335031302,-3.069845054265616,,,,,,,,,,,,,,
US_RETAIL,TGT,WMT,Target Corporation,Walmart Inc.,-1.297429446281348,0.6303475230117628,0.05,,False,-0.8428445815927913,8.554058741022267,,,,,,,,,,,,,,
US_RETAIL,DG,ROST,Dollar General Corporation,"Ross Stores, Inc.",-1.1951552034813526,0.6756763409477824,0.05,,False,1.5802582396696976,-3.3781951684868456,,,,,,,,,,,,,,
US_RETAIL,ROST,TGT,"Ross Stores, Inc.",Target Corporation,-1.00378017106054,0.751883074859842,0.05,,False,0.9150056036945581,0.7490727381496365,,,,,,,,,,,,,,
US_RETAIL,TGT,TJX,Target Corporation,"TJX Companies, Inc. (The)",-0.6985791525600781,0.847117226200615,0.05,,False,-2.0522229992846523,14.695664364109003,,,,,,,,,,,,,,
US_SEMICONDUCTORS,MPWR,QCOM,"Monolithic Power Systems, Inc.",QUALCOMM Incorporated,-3.8813644942042145,0.0021763560587875264,0.05,,False,5.824744589129316,-22.776103043269366,,,,,,,,,,,,,,
US_SEMICONDUCTORS,AMD,QCOM,"Advanced Micro Devices, Inc.",QUALCOMM Incorporated,-3.8286560792322915,0.002627363749839563,0.05,,False,5.95799635737502,-25.06710331127121,,,,,,,,,,,,,,
US_SEMICONDUCTORS,ADI,QCOM,"Analog Devices, Inc.",QUALCOMM Incorporated,-3.718135929684258,0.003865168408834674,0.05,,False,5.05275336785643,-20.102614242460923,,,,,,,,,,,,,,
US_SEMICONDUCTORS,NVDA,QCOM,NVIDIA Corporation,QUALCOMM Incorporated,-3.665065472799365,0.004632252876990132,0.05,,False,6.48807108659019,-27.85437271487058,,,,,,,,,,,,,,
US_SEMICONDUCTORS,ON,QCOM,ON Semiconductor Corporation,QUALCOMM Incorporated,-3.609962207425732,0.005573403139052105,0.05,,False,3.2886124299751,-12.568230252315303,,,,,,,,,,,,,,
US_SEMICONDUCTORS,AVGO,NVDA,Broadcom Inc.,NVIDIA Corporation,-3.588048918185814,0.005993660391959253,0.05,,False,1.6401428948230707,-2.7188343053291373,,,,,,,,,,,,,,
US_SEMICONDUCTORS,ADI,MU,"Analog Devices, Inc.","Micron Technology, Inc.",-3.5625687590441864,0.006518299550710058,0.05,,False,0.30065258765135094,3.9704738342057433,,,,,,,,,,,,,,
US_SEMICONDUCTORS,INTC,MU,Intel Corporation,"Micron Technology, Inc.",-3.1707758306145726,0.021739841607187754,0.05,,False,0.6873887455957038,-0.07952085746931026,,,,,,,,,,,,,,
US_SEMICONDUCTORS,ADI,INTC,"Analog Devices, Inc.",Intel Corporation,-3.1267791542823073,0.02463384488140309,0.05,,False,0.4226840568897553,4.055460510435304,,,,,,,,,,,,,,
US_SEMICONDUCTORS,MRVL,QCOM,"Marvell Technology, Inc.",QUALCOMM Incorporated,-3.1177455443914917,0.025267508108545975,0.05,,False,5.231649649486162,-22.063701999868638,,,,,,,,,,,,,,
US_SEMICONDUCTORS,QCOM,TXN,QUALCOMM Incorporated,Texas Instruments Incorporated,-2.9360622470098914,0.041312297458422784,0.05,,False,0.6662169624073117,1.570410700315719,,,,,,,,,,,,,,
US_SEMICONDUCTORS,AMD,MPWR,"Advanced Micro Devices, Inc.","Monolithic Power Systems, Inc.",-2.8842892785189487,0.04720568038555235,0.05,,False,1.367262285272289,-4.090154210381647,,,,,,,,,,,,,,
US_SEMICONDUCTORS,INTC,QCOM,Intel Corporation,QUALCOMM Incorporated,-2.752096546651988,0.06544892138453683,0.05,,False,9.370923597747678,-44.065963897202835,,,,,,,,,,,,,,
US_SEMICONDUCTORS,INTC,MPWR,Intel Corporation,"Monolithic Power Systems, Inc.",-2.7137316768252355,0.07169208224432301,0.05,,False,1.7649120235799107,-8.475152323341103,,,,,,,,,,,,,,
US_SEMICONDUCTORS,AMD,INTC,"Advanced Micro Devices, Inc.",Intel Corporation,-2.6673205129815623,0.07986596060927992,0.05,,False,0.7897719370714601,2.42396750829294,,,,,,,,,,,,,,
US_SEMICONDUCTORS,MU,QCOM,"Micron Technology, Inc.",QUALCOMM Incorporated,-2.6354678074147064,0.08588608916305723,0.05,,False,20.325853882704298,-97.9043887543187,,,,,,,,,,,,,,
US_SEMICONDUCTORS,ON,TXN,ON Semiconductor Corporation,Texas Instruments Incorporated,-2.5616828701753325,0.10117802096132544,0.05,,False,1.9489106724276568,-6.133582459877204,,,,,,,,,,,,,,
US_SEMICONDUCTORS,INTC,TXN,Intel Corporation,Texas Instruments Incorporated,-2.557266489579735,0.10215491171353563,0.05,,False,4.372498973068622,-19.53254269578334,,,,,,,,,,,,,,
US_SEMICONDUCTORS,AMD,TXN,"Advanced Micro Devices, Inc.",Texas Instruments Incorporated,-2.5487861778114453,0.10405069142630485,0.05,,False,3.517487548061252,-13.339279916312247,,,,,,,,,,,,,,
US_SEMICONDUCTORS,MRVL,TXN,"Marvell Technology, Inc.",Texas Instruments Incorporated,-2.458946536331272,0.12578519536011257,0.05,,False,2.699846873594311,-9.7250090565746,,,,,,,,,,,,,,
US_SEMICONDUCTORS,AVGO,QCOM,Broadcom Inc.,QUALCOMM Incorporated,-2.441269284275576,0.1304255299548247,0.05,,False,29.770565192303867,-145.32947799542424,,,,,,,,,,,,,,
US_SEMICONDUCTORS,MU,TXN,"Micron Technology, Inc.",Texas Instruments Incorporated,-2.3850902763653417,0.1459888623120943,0.05,,False,6.856137745288601,-30.8983464028046,,,,,,,,,,,,,,
US_SEMICONDUCTORS,ADI,AMD,"Analog Devices, Inc.","Advanced Micro Devices, Inc.",-2.36262418064898,0.15256444596847885,0.05,,False,0.5125323510562486,2.8742364866523125,,,,,,,,,,,,,,
US_SEMICONDUCTORS,ADI,MPWR,"Analog Devices, Inc.","Monolithic Power Systems, Inc.",-2.2662329618187074,0.1830898305014807,0.05,,False,0.7171895124860087,0.667252408628948,,,,,,,,,,,,,,
US_SEMICONDUCTORS,AMD,MU,"Advanced Micro Devices, Inc.","Micron Technology, Inc.",-2.233898587557559,0.19417301095081935,0.05,,False,0.5352050399156536,2.4001885081239895,,,,,,,,,,,,,,
US_SEMICONDUCTORS,AVGO,SWKS,Broadcom Inc.,"Skyworks Solutions, Inc.",-2.231075080541511,0.19516089084630595,0.05,,False,-2.63004230880294,16.782174430483963,,,,,,,,,,,,,,
US_SEMICONDUCTORS,NVDA,SWKS,NVIDIA Corporation,"Skyworks Solutions, Inc.",-2.187216230331234,0.21091790106465302,0.05,,False,-1.3891598391111368,10.97135972195296,,,,,,,,,,,,,,
US_SEMICONDUCTORS,MPWR,MU,"Monolithic Power Systems, Inc.","Micron Technology, Inc.",-2.1348325286105,0.23074082546672242,0.05,,False,0.38897031061172205,4.7595338142701,,,,,,,,,,,,,,
US_SEMICONDUCTORS,MRVL,ON,"Marvell Technology, Inc.",ON Semiconductor Corporation,-2.1232366684259367,0.23527424521936707,0.05,,False,1.3096729435632548,-0.9183701510909881,,,,,,,,,,,,,,
US_SEMICONDUCTORS,ADI,NVDA,"Analog Devices, Inc.",NVIDIA Corporation,-2.107008995305772,0.24170560544671427,0.05,,False,0.9719429601165883,0.6200113974268655,,,,,,,,,,,,,,
US_SEMICONDUCTORS,AVGO,INTC,Broadcom Inc.,Intel Corporation,-2.078111183937669,0.2534067951101562,0.05,,False,0.6371713912795111,3.338373914299274,,,,,,,,,,,,,,
US_SEMICONDUCTORS,QCOM,SWKS,QUALCOMM Incorporated,"Skyworks Solutions, Inc.",-2.051718123109268,0.26436659493657105,0.05,,False,0.47142004599148907,3.047237437203748,,,,,,,,,,,,,,
US_SEMICONDUCTORS,AVGO,MU,Broadcom Inc.,"Micron Technology, Inc.",-2.030598354807123,0.27331999333009843,0.05,,False,0.4365809125638563,3.2948416183072453,,,,,,,,,,,,,,
US_SEMICONDUCTORS,ADI,TXN,"Analog Devices, Inc.",Texas Instruments Incorporated,-2.0086634481638757,0.2827874461101916,0.05,,False,1.5760233419814895,-2.772257222894236,,,,,,,,,,,,,,
US_SEMICONDUCTORS,AMD,NVDA,"Advanced Micro Devices, Inc.",NVIDIA Corporation,-1.9959387818186543,0.2883566360259274,0.05,,False,1.9607836360494195,-4.721641873680723,,,,,,,,,,,,,,
US_SEMICONDUCTORS,MU,NVDA,"Micron Technology, Inc.",NVIDIA Corporation,-1.9005777115148683,0.33178938581300443,0.05,,False,3.677761523062896,-13.377762233742942,,,,,,,,,,,,,,
US_SEMICONDUCTORS,MPWR,NVDA,"Monolithic Power Systems, Inc.",NVIDIA Corporation,-1.892117321851595,0.3357784095625659,0.05,,False,1.447751038354842,-0.5304168044329582,,,,,,,,,,,,,,
US_SEMICONDUCTORS,AMD,ON,"Advanced Micro Devices, Inc.",ON Semiconductor Corporation,-1.882726160355562,0.34023039067103045,0.05,,False,1.7491213338130231,-2.0409064768886864,,,,,,,,,,,,,,
US_SEMICONDUCTORS,ADI,SWKS,"Analog Devices, Inc.","Skyworks Solutions, Inc.",-1.8726016568724857,0.34505786427684826,0.05,,False,-1.3864598717707275,11.438959119795019,,,,,,,,,,,,,,
US_SEMICONDUCTORS,AMD,AVGO,"Advanced Micro Devices, Inc.",Broadcom Inc.,-1.8511071868602258,0.3553995054849355,0.05,,False,1.1582531471508615,-1.2659102373129434,,,,,,,,,,,,,,
US_SEMICONDUCTORS,NVDA,ON,NVIDIA Corporation,ON Semiconductor Corporation,-1.8410185371508339,0.36029555141922603,0.05,,False,0.5748934634242417,2.6658756654273157,,,,,,,,,,,,,,
US_SEMICONDUCTORS,INTC,NVDA,Intel Corporation,NVIDIA Corporation,-1.8232926586356044,0.3689603803221021,0.05,,False,2.7074538115825346,-10.175832223229929,,,,,,,,,,,,,,
US_SEMICONDUCTORS,MPWR,ON,"Monolithic Power Systems, Inc.",ON Semiconductor Corporation,-1.822797602596937,0.36920348818881327,0.05,,False,1.155245969873548,2.0067204154024685,,,,,,,,,,,,,,
US_SEMICONDUCTORS,INTC,SWKS,Intel Corporation,"Skyworks Solutions, Inc.",-1.7801645421435701,0.39035295884502574,0.05,,False,-7.326268658554748,34.80250655262099,,,,,,,,,,,,,,
US_SEMICONDUCTORS,MPWR,SWKS,"Monolithic Power Systems, Inc.","Skyworks Solutions, Inc.",-1.7702389049263505,0.39533411018596154,0.05,,False,-6.415991842259564,34.22448990275854,,,,,,,,,,,,,,
US_SEMICONDUCTORS,INTC,MRVL,Intel Corporation,"Marvell Technology, Inc.",-1.7421130547379806,0.40955550484683934,0.05,,False,1.805103697093588,-4.607292235979218,,,,,,,,,,,,,,
US_SEMICONDUCTORS,AMD,SWKS,"Advanced Micro Devices, Inc.","Skyworks Solutions, Inc.",-1.738916140766408,0.41118140379016754,0.05,,False,-12.96710254059756,60.6748083317885,,,,,,,,,,,,,,
US_SEMICONDUCTORS,MPWR,TXN,"Monolithic Power Systems, Inc.",Texas Instruments Incorporated,-1.7349088129228116,0.4132220500440534,0.05,,False,2.4620616152428876,-6.184307969023478,,,,,,,,,,,,,,
US_SEMICONDUCTORS,MU,SWKS,"Micron Technology, Inc.","Skyworks Solutions, Inc.",-1.7344203297985554,0.4134709939562123,0.05,,False,-8.473364864781878,41.38583802071488,,,,,,,,,,,,,,
US_SEMICONDUCTORS,MRVL,SWKS,"Marvell Technology, Inc.","Skyworks Solutions, Inc.",-1.711889084259871,0.4249975080187852,0.05,,False,-21.18907379719691,95.22231031113934,,,,,,,,,,,,,,
US_SEMICONDUCTORS,INTC,ON,Intel Corporation,ON Semiconductor Corporation,-1.6856415379802396,0.43852515817073767,0.05,,False,2.4981972235676535,-6.814164846702472,,,,,,,,,,,,,,
US_SEMICONDUCTORS,ADI,AVGO,"Analog Devices, Inc.",Broadcom Inc.,-1.5688073836149348,0.4992409796686968,0.05,,False,0.5316183296269379,2.5674531643471084,,,,,,,,,,,,,,
US_SEMICONDUCTORS,AMD,MRVL,"Advanced Micro Devices, Inc.","Marvell Technology, Inc.",-1.5685269043784413,0.4993814452153744,0.05,,False,1.3500761857264587,-0.8789890951504127,,,,,,,,,,,,,,
US_SEMICONDUCTORS,MU,ON,"Micron Technology, Inc.",ON Semiconductor Corporation,-1.5111975527259967,0.5279649764975827,0.05,,False,4.331239872661059,-12.651136606163139,,,,,,,,,,,,,,
US_SEMICONDUCTORS,ADI,MRVL,"Analog Devices, Inc.","Marvell Technology, Inc.",-1.50646126648748,0.5303126556916551,0.05,,False,0.5744514699581461,2.9459794792139355,,,,,,,,,,,,,,
US_SEMICONDUCTORS,AVGO,MPWR,Broadcom Inc.,"Monolithic Power Systems, Inc.",-1.4918357591761109,0.5375461366806081,0.05,,False,1.310513079961554,-3.314614445317048,,,,,,,,,,,,,,
US_SEMICONDUCTORS,NVDA,TXN,NVIDIA Corporation,Texas Instruments Incorporated,-1.490762206465014,0.5380760932062225,0.05,,False,2.10053606455007,-6.004199708852445,,,,,,,,,,,,,,
US_SEMICONDUCTORS,ADI,ON,"Analog Devices, Inc.",ON Semiconductor Corporation,-1.426826594005817,0.5693497029122249,0.05,,False,0.7241466994705755,2.533880724553405,,,,,,,,,,,,,,
US_SEMICONDUCTORS,MPWR,MRVL,"Monolithic Power Systems, Inc.","Marvell Technology, Inc.",-1.1457820920531974,0.6964737180048179,0.05,,False,0.8636688951653074,2.8986635680436708,,,,,,,,,,,,,,
US_SEMICONDUCTORS,MRVL,NVDA,"Marvell Technology, Inc.",NVIDIA Corporation,-1.0888332306655917,0.7195044775080297,0.05,,False,1.8363799770829126,-4.774057108319362,,,,,,,,,,,,,,
US_SEMICONDUCTORS,MRVL,MU,"Marvell Technology, Inc.","Micron Technology, Inc.",-1.0441856451479756,0.7368095688452119,0.05,,False,0.3375293001714235,2.728337075925268,,,,,,,,,,,,,,
US_SEMICONDUCTORS,ON,SWKS,ON Semiconductor Corporation,"Skyworks Solutions, Inc.",-0.9334699113503433,0.7767506101349042,0.05,,False,2.0654501562346006,-4.753967740192883,,,,,,,,,,,,,,
US_SEMICONDUCTORS,AVGO,TXN,Broadcom Inc.,Texas Instruments Incorporated,-0.9206495986263837,0.7810961732663223,0.05,,False,5.277393698988808,-22.182506140490055,,,,,,,,,,,,,,
US_SEMICONDUCTORS,SWKS,TXN,"Skyworks Solutions, Inc.",Texas Instruments Incorporated,-0.8628384128519532,0.7999638781663942,0.05,,False,7.8620766188493745,-36.9779927421213,,,,,,,,,,,,,,
US_SEMICONDUCTORS,AVGO,ON,Broadcom Inc.,ON Semiconductor Corporation,-0.6959056103033514,0.8478072284745477,0.05,,False,4.812067875685809,-14.189838304129443,,,,,,,,,,,,,,
US_SEMICONDUCTORS,AVGO,MRVL,Broadcom Inc.,"Marvell Technology, Inc.",-0.12799826902564393,0.9465774010280288,0.05,,False,1.207618049892789,0.14737029919594669,,,,,,,,,,,,,,
US_STAPLES,CLX,PG,Clorox Company (The),Procter & Gamble Company (The),-4.537932088760228,0.00016782962511767633,0.05,0.00016782962511767633,True,3.276196451940155,-11.688715131821507,8.755857987615103,-2.081078177360482e-06,-0.07916382169975587,26.0,-1.9129061069888615,2.5580589975454457,False,,0.4,-0.0723238944129394,-0.6859515650107377,-0.4891876270155835,False,mixed signal
US_STAPLES,KHC,PG,The Kraft Heinz Company,Procter & Gamble Company (The),-3.884838957340528,0.002149300914167268,0.05,0.00016782962511767633,False,2.491314440004207,-9.298228931640558,,,,,,,,,,,,,,
US_STAPLES,GIS,PG,"General Mills, Inc.",Procter & Gamble Company (The),-3.780675918334392,0.003111330317613917,0.05,0.00016782962511767633,False,4.275208217103725,-17.620018856881835,,,,,,,,,,,,,,
US_STAPLES,KMB,PG,Kimberly-Clark Corporation,Procter & Gamble Company (The),-3.6160819537909843,0.005460914560322925,0.05,0.00016782962511767633,False,2.564359767719687,-8.158145623588258,,,,,,,,,,,,,,
US_STAPLES,KO,PG,Coca-Cola Company (The),Procter & Gamble Company (The),-3.4956980000500764,0.008098268352306762,0.05,0.00016782962511767633,False,-2.3430881994775885,16.01303869651111,,,,,,,,,,,,,,
US_STAPLES,CHD,PG,"Church & Dwight Company, Inc.",Procter & Gamble Company (The),-3.0921329583278165,0.027140889328064247,0.05,0.00016782962511767633,False,1.5017206735492048,-2.992219010678234,,,,,,,,,,,,,,
US_STAPLES,HSY,PG,The Hershey Company,Procter & Gamble Company (The),-3.0418922552589622,0.031163105494559296,0.05,0.00016782962511767633,False,-4.238851643610295,26.509929627620316,,,,,,,,,,,,,,
US_STAPLES,HSY,KMB,The Hershey Company,Kimberly-Clark Corporation,-2.967982770180007,0.03799452627373857,0.05,0.00016782962511767633,False,-0.6773008257578129,8.387354012511613,,,,,,,,,,,,,,
US_STAPLES,CLX,KHC,Clorox Company (The),The Kraft Heinz Company,-2.9007785234285794,0.045257540662235814,0.05,0.00016782962511767633,False,1.492338228004368,-0.036410043379442314,,,,,,,,,,,,,,
US_STAPLES,KHC,KMB,The Kraft Heinz Company,Kimberly-Clark Corporation,-2.861255274391538,0.0500425554207031,0.05,0.00016782962511767633,False,0.9319908848395956,-1.1846141629874576,,,,,,,,,,,,,,
US_STAPLES,GIS,KO,"General Mills, Inc.",Coca-Cola Company (The),-2.840523945796379,0.05271429804527597,0.05,0.00016782962511767633,False,-2.8627186486105445,15.974242755878347,,,,,,,,,,,,,,
US_STAPLES,CLX,KO,Clorox Company (The),Coca-Cola Company (The),-2.779517250058165,0.06125967301386848,0.05,0.00016782962511767633,False,-2.5112600728887515,15.393956176625782,,,,,,,,,,,,,,
US_STAPLES,HSY,KHC,The Hershey Company,The Kraft Heinz Company,-2.7742767574357097,0.062043132184047674,0.05,0.00016782962511767633,False,-0.6354029161125533,7.230127688075761,,,,,,,,,,,,,,
US_STAPLES,CLX,GIS,Clorox Company (The),"General Mills, Inc.",-2.7201153937481584,0.07062163963077399,0.05,0.00016782962511767633,False,0.8087079589424729,1.6484404307575362,,,,,,,,,,,,,,
US_STAPLES,KMB,KO,Kimberly-Clark Corporation,Coca-Cola Company (The),-2.7179442949042656,0.07098426203730944,0.05,0.00016782962511767633,False,-1.7810791720411783,12.262062658335385,,,,,,,,,,,,,,
US_STAPLES,CLX,HSY,Clorox Company (The),The Hershey Company,-2.573305332085807,0.0986409733557338,0.05,0.00016782962511767633,False,-2.680755318919501,18.661031565647605,,,,,,,,,,,,,,
US_STAPLES,GIS,HSY,"General Mills, Inc.",The Hershey Company,-2.55742416182538,0.10211991278814408,0.05,0.00016782962511767633,False,-3.7578827974631093,23.32639905211064,,,,,,,,,,,,,,
US_STAPLES,CHD,CL,"Church & Dwight Company, Inc.",Colgate-Palmolive Company,-2.4863859127278607,0.11882201590496183,0.05,0.00016782962511767633,False,0.9962580232090609,0.11851042586101901,,,,,,,,,,,,,,
US_STAPLES,KHC,KO,The Kraft Heinz Company,Coca-Cola Company (The),-2.4808949717084627,0.12019225241764586,0.05,0.00016782962511767633,False,-1.636581179109238,10.144992803918923,,,,,,,,,,,,,,
US_STAPLES,MDLZ,PG,"Mondelez International, Inc.",Procter & Gamble Company (The),-2.4168128540609994,0.13704722378880957,0.05,0.00016782962511767633,False,1.6520757129339076,-4.211188294162832,,,,,,,,,,,,,,
US_STAPLES,CHD,HSY,"Church & Dwight Company, Inc.",The Hershey Company,-2.377828427106129,0.1480921959282155,0.05,0.00016782962511767633,False,-0.34350833747770293,6.3439490427896095,,,,,,,,,,,,,,
US_STAPLES,HSY,MDLZ,The Hershey Company,"Mondelez International, Inc.",-2.3029934940348906,0.17100432772713403,0.05,0.00016782962511767633,False,-8.183138719012527,38.77350305004182,,,,,,,,,,,,,,
US_STAPLES,CHD,KHC,"Church & Dwight Company, Inc.",The Kraft Heinz Company,-2.293129394184073,0.1741934546505191,0.05,0.00016782962511767633,False,0.5049549173297474,2.9300393339919912,,,,,,,,,,,,,,
US_STAPLES,CHD,CLX,"Church & Dwight Company, Inc.",Clorox Company (The),-2.2864565142337105,0.17637322686911544,0.05,0.00016782962511767633,False,0.37059822366927714,2.787439389610258,,,,,,,,,,,,,,
US_STAPLES,CL,MDLZ,Colgate-Palmolive Company,"Mondelez International, Inc.",-2.2789899794189714,0.17883367506665876,0.05,0.00016782962511767633,False,1.0454672096388362,0.17345170421357903,,,,,,,,,,,,,,
US_STAPLES,GIS,KMB,"General Mills, Inc.",Kimberly-Clark Corporation,-2.277388783698569,0.17936426290988622,0.05,0.00016782962511767633,False,1.7148220864758439,-4.245563553364907,,,,,,,,,,,,,,
US_STAPLES,CLX,KMB,Clorox Company (The),Kimberly-Clark Corporation,-2.2749234680956234,0.18018322762003902,0.05,0.00016782962511767633,False,1.4006955257509697,-1.8510699964113586,,,,,,,,,,,,,,
US_STAPLES,HSY,PEP,The Hershey Company,"Pepsico, Inc.",-2.2723646199108543,0.1810358710453402,0.05,0.00016782962511767633,False,1.4802701753600436,-2.1890780618814087,,,,,,,,,,,,,,
US_STAPLES,CHD,KO,"Church & Dwight Company, Inc.",Coca-Cola Company (The),-2.2660880985584795,0.18313854060436924,0.05,0.00016782962511767633,False,-0.7198849186250513,7.60372513803515,,,,,,,,,,,,,,
US_STAPLES,KO,MDLZ,Coca-Cola Company (The),"Mondelez International, Inc.",-2.201049908443857,0.20586462135911238,0.05,0.00016782962511767633,False,-3.50026590340628,18.59046153925477,,,,,,,,,,,,,,
US_STAPLES,CL,PG,Colgate-Palmolive Company,Procter & Gamble Company (The),-2.1886396602190112,0.2103944111994413,0.05,0.00016782962511767633,False,1.5810972579028655,-3.4936581593443883,,,,,,,,,,,,,,
US_STAPLES,PEP,PG,"Pepsico, Inc.",Procter & Gamble Company (The),-2.1878650422418846,0.2106791895499635,0.05,0.00016782962511767633,False,4.083865806384263,-15.59109208642947,,,,,,,,,,,,,,
US_STAPLES,KMB,MDLZ,Kimberly-Clark Corporation,"Mondelez International, Inc.",-2.1799779916676734,0.21359237202688836,0.05,0.00016782962511767633,False,2.059433659034323,-3.704528377077346,,,,,,,,,,,,,,
US_STAPLES,KMB,PEP,Kimberly-Clark Corporation,"Pepsico, Inc.",-2.162934212271467,0.2199720774434415,0.05,0.00016782962511767633,False,-10.801450465600082,58.43889052973076,,,,,,,,,,,,,,
US_STAPLES,CL,KO,Colgate-Palmolive Company,Coca-Cola Company (The),-2.1306380103999705,0.23237465875665753,0.05,0.00016782962511767633,False,-0.2295830442921484,5.434762312111039,,,,,,,,,,,,,,
US_STAPLES,KHC,MDLZ,The Kraft Heinz Company,"Mondelez International, Inc.",-2.093953447690855,0.2469528914872356,0.05,0.00016782962511767633,False,1.9507044109575453,-4.7658661998571095,,,,,,,,,,,,,,
US_STAPLES,CHD,MDLZ,"Church & Dwight Company, Inc.","Mondelez International, Inc.",-2.0658123718299892,0.2584818866449946,0.05,0.00016782962511767633,False,1.0690892089223965,0.17824024049495968,,,,,,,,,,,,,,
US_STAPLES,CHD,KMB,"Church & Dwight Company, Inc.",Kimberly-Clark Corporation,-2.0087201041529132,0.28276277489907997,0.05,0.00016782962511767633,False,0.442797812740217,2.4640653954294067,,,,,,,,,,,,,,
US_STAPLES,CL,PEP,Colgate-Palmolive Company,"Pepsico, Inc.",-2.0073788705656432,0.2833471232615199,0.05,0.00016782962511767633,False,0.9419052916792316,-0.21470280302421418,,,,,,,,,,,,,,
US_STAPLES,CLX,PEP,Clorox Company (The),"Pepsico, Inc.",-2.007003201253655,0.28351090689013003,0.05,0.00016782962511767633,False,10.968918045044683,-49.712208328212895,,,,,,,,,,,,,,
US_STAPLES,HSY,KO,The Hershey Company,Coca-Cola Company (The),-1.993320465371615,0.28950950044238244,0.05,0.00016782962511767633,False,1.3324548358896533,-0.44952266067067725,,,,,,,,,,,,,,
US_STAPLES,CLX,MDLZ,Clorox Company (The),"Mondelez International, Inc.",-1.9681126926203734,0.300727155654087,0.05,0.00016782962511767633,False,4.043424308343637,-11.798704469556956,,,,,,,,,,,,,,
US_STAPLES,CHD,GIS,"Church & Dwight Company, Inc.","General Mills, Inc.",-1.9655271304337192,0.30188971817745724,0.05,0.00016782962511767633,False,0.22739100747638083,3.6807160270204435,,,,,,,,,,,,,,
US_STAPLES,CL,KHC,Colgate-Palmolive Company,The Kraft Heinz Company,-1.9611495348848955,0.30386304098086325,0.05,0.00016782962511767633,False,0.5410896205807009,2.7109870579567015,,,,,,,,,,,,,,
US_STAPLES,GIS,PEP,"General Mills, Inc.","Pepsico, Inc.",-1.9233263816836965,0.3211684554094568,0.05,0.00016782962511767633,False,11.222669745960147,-51.87492293486396,,,,,,,,,,,,,,
US_STAPLES,GIS,KHC,"General Mills, Inc.",The Kraft Heinz Company,-1.8968852182659506,0.33352781819163024,0.05,0.00016782962511767633,False,1.7528418749848385,-1.7832422314260867,,,,,,,,,,,,,,
US_STAPLES,CL,HSY,Colgate-Palmolive Company,The Hershey Company,-1.8705947142962713,0.3460181728785396,0.05,0.00016782962511767633,False,0.1992645157741611,3.4369649262883435,,,,,,,,,,,,,,
US_STAPLES,CL,CLX,Colgate-Palmolive Company,Clorox Company (The),-1.8516299909641725,0.35514650745128024,0.05,0.00016782962511767633,False,0.3034301092146629,3.008467408530295,,,,,,,,,,,,,,
US_STAPLES,KO,PEP,Coca-Cola Company (The),"Pepsico, Inc.",-1.746073886697424,0.4075436690805015,0.05,0.00016782962511767633,False,2.259671792106445,-7.015053317536026,,,,,,,,,,,,,,
US_STAPLES,CHD,PEP,"Church & Dwight Company, Inc.","Pepsico, Inc.",-1.7342770579840296,0.41354401701161886,0.05,0.00016782962511767633,False,0.8911182990242801,0.13951764326682703,,,,,,,,,,,,,,
US_STAPLES,CL,GIS,Colgate-Palmolive Company,"General Mills, Inc.",-1.7214167951127795,0.42011304784893716,0.05,0.00016782962511767633,False,0.23181141942970113,3.561659921365997,,,,,,,,,,,,,,
US_STAPLES,GIS,MDLZ,"General Mills, Inc.","Mondelez International, Inc.",-1.7078169854176184,0.42708949802916324,0.05,0.00016782962511767633,False,4.6765556411602125,-15.300252069947799,,,,,,,,,,,,,,
US_STAPLES,KHC,PEP,The Kraft Heinz Company,"Pepsico, Inc.",-1.662953818546018,0.45029369518867546,0.05,0.00016782962511767633,False,2.7110501208310396,-10.229648624711725,,,,,,,,,,,,,,
US_STAPLES,CL,KMB,Colgate-Palmolive Company,Kimberly-Clark Corporation,-1.6243446487244808,0.4704523096765416,0.05,0.00016782962511767633,False,0.4093151196895765,2.5214074087123732,,,,,,,,,,,,,,
US_STAPLES,MDLZ,PEP,"Mondelez International, Inc.","Pepsico, Inc.",-1.5186347083123535,0.524273702702532,0.05,0.00016782962511767633,False,0.6395774070985015,0.9277770486111057,,,,,,,,,,,,,,
US_UTILITIES,PPL,WEC,PPL Corporation,"WEC Energy Group, Inc.",-4.741596339952305,7.024703940482477e-05,0.05,0.0012549886324025564,True,0.8045959436421958,-0.2020666638495614,7.739487150490673,-7.515806389854227e-05,-0.08955983349827007,23.0,-0.3329922867943681,2.5547103278980225,False,,0.6,-0.00457391653357104,-0.3252873333558466,-0.8717776784647601,True,reversion signs agree
US_UTILITIES,ES,FE,Eversource Energy (D/B/A),FirstEnergy Corp.,-4.031344603031148,0.0012549886324025564,0.05,0.0012549886324025564,True,0.9771974529846329,0.4906143596267989,13.0738324251878,-2.231670358681525e-05,-0.05301790309202227,39.0,-3.1140520511334797,3.1140520511334797,True,2026-09-11 00:00:00,0.6,-0.00382040962618594,-0.09870159925513633,2.5622924385826797,False,mixed signal
US_UTILITIES,DUK,SO,Duke Energy Corporation (Holdin,Southern Company (The),-3.8731092775639526,0.002241906745400371,0.05,0.0012549886324025564,False,1.1696944568769894,-0.4824497743382965,,,,,,,,,,,,,,
US_UTILITIES,PPL,XEL,PPL Corporation,Xcel Energy Inc.,-3.678151146787559,0.004431187482692791,0.05,0.0012549886324025564,False,0.7255501912829736,0.4330782177826591,,,,,,,,,,,,,,
US_UTILITIES,EXC,WEC,Exelon Corporation,"WEC Energy Group, Inc.",-3.401020967252435,0.010924116106511651,0.05,0.0012549886324025564,False,0.9304068649542337,-0.570066441142544,,,,,,,,,,,,,,
US_UTILITIES,AEP,PEG,American Electric Power Company,Public Service Enterprise Group,-3.3988678283751126,0.010997527862741675,0.05,0.0012549886324025564,False,7.669191860631123,-28.817807509491768,,,,,,,,,,,,,,
US_UTILITIES,EXC,PEG,Exelon Corporation,Public Service Enterprise Group,-3.3288006723569015,0.01363915358879699,0.05,0.0012549886324025564,False,4.742595570250191,-16.988946221634226,,,,,,,,,,,,,,
US_UTILITIES,PEG,XEL,Public Service Enterprise Group,Xcel Energy Inc.,-3.322763791714997,0.013891094240883724,0.05,0.0012549886324025564,False,0.21959997812839752,3.436731394604293,,,,,,,,,,,,,,
US_UTILITIES,FE,PEG,FirstEnergy Corp.,Public Service Enterprise Group,-3.308522357659935,0.014501796293682468,0.05,0.0012549886324025564,False,4.155626300459777,-14.41520131281595,,,,,,,,,,,,,,
US_UTILITIES,ES,PEG,Eversource Energy (D/B/A),Public Service Enterprise Group,-3.2846597664154076,0.015578264302890166,0.05,0.0012549886324025564,False,4.516230843273238,-15.582775337543493,,,,,,,,,,,,,,
US_UTILITIES,DUK,PPL,Duke Energy Corporation (Holdin,PPL Corporation,-3.272349162755395,0.016160627117662696,0.05,0.0012549886324025564,False,0.8275303520883232,1.8328187087562302,,,,,,,,,,,,,,
US_UTILITIES,PEG,WEC,Public Service Enterprise Group,"WEC Energy Group, Inc.",-3.2433982051086034,0.017606098493005665,0.05,0.0012549886324025564,False,0.2474417260743493,3.226497360397766,,,,,,,,,,,,,,
US_UTILITIES,AEP,D,American Electric Power Company,"Dominion Energy, Inc.",-3.2309960681053695,0.01825916500356204,0.05,0.0012549886324025564,False,1.5356772921887498,-1.4969182412966688,,,,,,,,,,,,,,
US_UTILITIES,AEE,PEG,Ameren Corporation,Public Service Enterprise Group,-3.1856401960431655,0.02083107322406834,0.05,0.0012549886324025564,False,4.5241575909644896,-15.214758251061275,,,,,,,,,,,,,,
US_UTILITIES,PEG,PPL,Public Service Enterprise Group,PPL Corporation,-3.1724437978924085,0.021636182504071153,0.05,0.0012549886324025564,False,0.3468144460768299,3.151380935230396,,,,,,,,,,,,,,
US_UTILITIES,AEE,PPL,Ameren Corporation,PPL Corporation,-3.1643950605119997,0.022140371289408628,0.05,0.0012549886324025564,False,1.364771648116407,-0.24359557975135004,,,,,,,,,,,,,,
US_UTILITIES,PPL,SO,PPL Corporation,Southern Company (The),-3.1565678506533232,0.022640413301367936,0.05,0.0012549886324025564,False,1.4356576715237306,-2.8965484822145364,,,,,,,,,,,,,,
US_UTILITIES,ED,PEG,"Consolidated Edison, Inc.",Public Service Enterprise Group,-3.1246590828995435,0.024781314760333267,0.05,0.0012549886324025564,False,2.8623429300962258,-7.912525475816483,,,,,,,,,,,,,,
US_UTILITIES,AEE,EXC,Ameren Corporation,Exelon Corporation,-3.1075350677932456,0.026000561884543093,0.05,0.0012549886324025564,False,1.1836129166821314,0.1408871338062081,,,,,,,,,,,,,,
US_UTILITIES,AEP,DUK,American Electric Power Company,Duke Energy Corporation (Holdin,-3.052456190253987,0.030277630964277887,0.05,0.0012549886324025564,False,1.7626123785639574,-3.6823670566301674,,,,,,,,,,,,,,
US_UTILITIES,DUK,PEG,Duke Energy Corporation (Holdin,Public Service Enterprise Group,-3.0476102059075156,0.030681127287904487,0.05,0.0012549886324025564,False,2.4507530160270896,-5.968805061750257,,,,,,,,,,,,,,
US_UTILITIES,DUK,EXC,Duke Energy Corporation (Holdin,Exelon Corporation,-3.0394737702867642,0.0313688943101995,0.05,0.0012549886324025564,False,0.7116663334461456,2.0882446316157264,,,,,,,,,,,,,,
US_UTILITIES,DUK,XEL,Duke Energy Corporation (Holdin,Xcel Energy Inc.,-3.031614847893685,0.032045603831743555,0.05,0.0012549886324025564,False,0.591200620015857,2.2300823456994965,,,,,,,,,,,,,,
US_UTILITIES,AEP,ES,American Electric Power Company,Eversource Energy (D/B/A),-3.0256951795296856,0.032563478342868615,0.05,0.0012549886324025564,False,1.5134011603235589,-1.5944079761138283,,,,,,,,,,,,,,
US_UTILITIES,EXC,PPL,Exelon Corporation,PPL Corporation,-3.0232046572797553,0.032783470662648424,0.05,0.0012549886324025564,False,1.163367557666735,-0.3608725066929659,,,,,,,,,,,,,,
US_UTILITIES,WEC,XEL,"WEC Energy Group, Inc.",Xcel Energy Inc.,-3.021221914040078,0.03295950967686616,0.05,0.0012549886324025564,False,0.906456452018105,0.7695681185561805,,,,,,,,,,,,,,
US_UTILITIES,DUK,WEC,Duke Energy Corporation (Holdin,"WEC Energy Group, Inc.",-2.9993584478489734,0.03495435662604883,0.05,0.0012549886324025564,False,0.6611637681213739,1.6870291230002072,,,,,,,,,,,,,,
US_UTILITIES,ES,SO,Eversource Energy (D/B/A),Southern Company (The),-2.9732293918444026,0.03747120180735224,0.05,0.0012549886324025564,False,1.484832321872968,-2.486975310531256,,,,,,,,,,,,,,
US_UTILITIES,DUK,ES,Duke Energy Corporation (Holdin,Eversource Energy (D/B/A),-2.9216226285366287,0.04289073975700051,0.05,0.0012549886324025564,False,0.812817648252402,1.3733918425729374,,,,,,,,,,,,,,
US_UTILITIES,PEG,SO,Public Service Enterprise Group,Southern Company (The),-2.9005386043696424,0.045285400952406483,0.05,0.0012549886324025564,False,0.572691142926041,1.8139044013447352,,,,,,,,,,,,,,
US_UTILITIES,D,FE,"Dominion Energy, Inc.",FirstEnergy Corp.,-2.8762913365178746,0.04817527189393852,0.05,0.0012549886324025564,False,0.940360766253043,0.5042499320267173,,,,,,,,,,,,,,
US_UTILITIES,AEE,XEL,Ameren Corporation,Xcel Energy Inc.,-2.8629272469811173,0.04983202047998871,0.05,0.0012549886324025564,False,0.9951460553546189,0.3266315307068721,,,,,,,,,,,,,,
US_UTILITIES,D,ES,"Dominion Energy, Inc.",Eversource Energy (D/B/A),-2.833714791879028,0.053616893169938756,0.05,0.0012549886324025564,False,0.9618096964942248,0.034166819835887985,,,,,,,,,,,,,,
US_UTILITIES,AEE,DUK,Ameren Corporation,Duke Energy Corporation (Holdin,-2.819799044970875,0.05550079749227995,0.05,0.0012549886324025564,False,1.6757750808313376,-3.3918065326100955,,,,,,,,,,,,,,
US_UTILITIES,AEE,WEC,Ameren Corporation,"WEC Energy Group, Inc.",-2.8055953589288554,0.057478945276038224,0.05,0.0012549886324025564,False,1.0956823500333381,-0.508310285082131,,,,,,,,,,,,,,
US_UTILITIES,EXC,XEL,Exelon Corporation,Xcel Energy Inc.,-2.727215062453989,0.06944610704040115,0.05,0.0012549886324025564,False,0.8365566709367158,0.17470707926760642,,,,,,,,,,,,,,
US_UTILITIES,EXC,SO,Exelon Corporation,Southern Company (The),-2.7130457704851794,0.07180785925240665,0.05,0.0012549886324025564,False,1.6834024996858303,-3.7894064694063787,,,,,,,,,,,,,,
US_UTILITIES,AEP,FE,American Electric Power Company,FirstEnergy Corp.,-2.684888359679775,0.07668994606459838,0.05,0.0012549886324025564,False,1.445648389805415,-0.7283432276386765,,,,,,,,,,,,,,
US_UTILITIES,FE,SO,FirstEnergy Corp.,Southern Company (The),-2.658872313941256,0.08142951678129717,0.05,0.0012549886324025564,False,1.5315627352731271,-3.100856903766842,,,,,,,,,,,,,,
US_UTILITIES,SO,XEL,Southern Company (The),Xcel Energy Inc.,-2.629445945558405,0.08706281128262222,0.05,0.0012549886324025564,False,0.4845693687043084,2.4070353601586154,,,,,,,,,,,,,,
US_UTILITIES,DUK,FE,Duke Energy Corporation (Holdin,FirstEnergy Corp.,-2.617790662958233,0.08937576278374942,0.05,0.0012549886324025564,False,0.8014068355588931,1.745693202573717,,,,,,,,,,,,,,
US_UTILITIES,D,XEL,"Dominion Energy, Inc.",Xcel Energy Inc.,-2.6113128487651918,0.09068160071245013,0.05,0.0012549886324025564,False,0.6780348135616504,1.1387549812377449,,,,,,,,,,,,,,
US_UTILITIES,AEE,SO,Ameren Corporation,Southern Company (The),-2.6018924164477477,0.09260677389515798,0.05,0.0012549886324025564,False,2.0344313702264545,-4.530979608880932,,,,,,,,,,,,,,
US_UTILITIES,ED,ES,"Consolidated Edison, Inc.",Eversource Energy (D/B/A),-2.54088271209821,0.10584126968045399,0.05,0.0012549886324025564,False,0.7177876642365617,1.6173686944310601,,,,,,,,,,,,,,
US_UTILITIES,D,PEG,"Dominion Energy, Inc.",Public Service Enterprise Group,-2.5381240784655783,0.10647167540468477,0.05,0.0012549886324025564,False,2.9669938833851828,-8.946263774278197,,,,,,,,,,,,,,
US_UTILITIES,SO,WEC,Southern Company (The),"WEC Energy Group, Inc.",-2.527414702391074,0.10894570838796253,0.05,0.0012549886324025564,False,0.5544015447744529,1.9045568368386672,,,,,,,,,,,,,,
US_UTILITIES,ES,XEL,Eversource Energy (D/B/A),Xcel Energy Inc.,-2.524712361551538,0.10957672956662956,0.05,0.0012549886324025564,False,0.67443482754764,1.277234234779392,,,,,,,,,,,,,,
US_UTILITIES,D,DUK,"Dominion Energy, Inc.",Duke Energy Corporation (Holdin,-2.490310446631051,0.11784973324142078,0.05,0.0012549886324025564,False,1.1674059860451635,-1.5158644386287259,,,,,,,,,,,,,,
US_UTILITIES,AEP,SO,American Electric Power Company,Southern Company (The),-2.4782487584845905,0.12085672790680685,0.05,0.0012549886324025564,False,2.176014867080063,-5.041545979381001,,,,,,,,,,,,,,
US_UTILITIES,D,SO,"Dominion Energy, Inc.",Southern Company (The),-2.4297514198532597,0.133514734108236,0.05,0.0012549886324025564,False,1.396266951843934,-2.216005093796082,,,,,,,,,,,,,,
US_UTILITIES,AEE,D,Ameren Corporation,"Dominion Energy, Inc.",-2.3769796656324704,0.14833941060855022,0.05,0.0012549886324025564,False,1.4838283691814629,-1.4092507897476088,,,,,,,,,,,,,,
US_UTILITIES,ES,EXC,Eversource Energy (D/B/A),Exelon Corporation,-2.2986195341821256,0.17241358577508958,0.05,0.0012549886324025564,False,0.8205258700397611,1.0833276370450617,,,,,,,,,,,,,,
US_UTILITIES,ES,WEC,Eversource Energy (D/B/A),"WEC Energy Group, Inc.",-2.286597747984044,0.17632690409035995,0.05,0.0012549886324025564,False,0.7474860183435748,0.6887916261794067,,,,,,,,,,,,,,
US_UTILITIES,ES,PPL,Eversource Energy (D/B/A),PPL Corporation,-2.2761458803331887,0.17977684059169374,0.05,0.0012549886324025564,False,0.9918513730085577,0.6569552657319924,,,,,,,,,,,,,,
US_UTILITIES,AEE,ES,Ameren Corporation,Eversource Energy (D/B/A),-2.2678325319729744,0.18255254261965154,0.05,0.0012549886324025564,False,1.5219642720805069,-1.7494232730320727,,,,,,,,,,,,,,
US_UTILITIES,AEP,ED,American Electric Power Company,"Consolidated Edison, Inc.",-2.2171035334946265,0.20009652541458933,0.05,0.0012549886324025564,False,2.028977480783256,-4.640897242897876,,,,,,,,,,,,,,
US_UTILITIES,ED,EXC,"Consolidated Edison, Inc.",Exelon Corporation,-2.1936019524497286,0.20857576887595292,0.05,0.0012549886324025564,False,0.638013312783896,2.2132638688823834,,,,,,,,,,,,,,
US_UTILITIES,ED,SO,"Consolidated Edison, Inc.",Southern Company (The),-2.137561354610975,0.2296815771923778,0.05,0.0012549886324025564,False,1.1220841507093597,-0.41833264044205887,,,,,,,,,,,,,,
US_UTILITIES,AEP,PPL,American Electric Power Company,PPL Corporation,-2.1040459378810805,0.24289082494999048,0.05,0.0012549886324025564,False,1.4885629792254842,-0.5564692662471602,,,,,,,,,,,,,,
US_UTILITIES,D,WEC,"Dominion Energy, Inc.","WEC Energy Group, Inc.",-2.102085041298984,0.2436770228990393,0.05,0.0012549886324025564,False,0.7444154883392051,0.5796089530432735,,,,,,,,,,,,,,
US_UTILITIES,FE,XEL,FirstEnergy Corp.,Xcel Energy Inc.,-2.06784395543589,0.2576396830983313,0.05,0.0012549886324025564,False,0.7052559406440599,0.7413324823397769,,,,,,,,,,,,,,
US_UTILITIES,ED,FE,"Consolidated Edison, Inc.",FirstEnergy Corp.,-2.033178507302641,0.27221756721601387,0.05,0.0012549886324025564,False,0.7200763435661346,1.900179458087346,,,,,,,,,,,,,,
US_UTILITIES,ED,PPL,"Consolidated Edison, Inc.",PPL Corporation,-2.0303877067101026,0.27341010232049245,0.05,0.0012549886324025564,False,0.7415988701120956,1.9852767487859695,,,,,,,,,,,,,,
US_UTILITIES,AEE,ED,Ameren Corporation,"Consolidated Edison, Inc.",-2.024537743285934,0.27591885643623304,0.05,0.0012549886324025564,False,1.9822829826670545,-4.546897650901094,,,,,,,,,,,,,,
US_UTILITIES,DUK,ED,Duke Energy Corporation (Holdin,"Consolidated Edison, Inc.",-1.920529520019087,0.32246585700735364,0.05,0.0012549886324025564,False,1.0646616256976298,-0.14811495585326462,,,,,,,,,,,,,,
US_UTILITIES,ED,WEC,"Consolidated Edison, Inc.","WEC Energy Group, Inc.",-1.8972713496900055,0.3333458407943555,0.05,0.0012549886324025564,False,0.5706753858778039,1.9549305941730095,,,,,,,,,,,,,,
US_UTILITIES,ED,XEL,"Consolidated Edison, Inc.",Xcel Energy Inc.,-1.8848869421643684,0.3392038273950131,0.05,0.0012549886324025564,False,0.47750159257146213,2.5619971628117244,,,,,,,,,,,,,,
US_UTILITIES,D,PPL,"Dominion Energy, Inc.",PPL Corporation,-1.8844412144025342,0.3394154795773765,0.05,0.0012549886324025564,False,0.9532605800620291,0.6685197293810154,,,,,,,,,,,,,,
US_UTILITIES,AEE,FE,Ameren Corporation,FirstEnergy Corp.,-1.8641553780192486,0.3491067882269078,0.05,0.0012549886324025564,False,1.4408867263730085,-0.830353826674898,,,,,,,,,,,,,,
US_UTILITIES,AEP,WEC,American Electric Power Company,"WEC Energy Group, Inc.",-1.839541066898447,0.3610147661576093,0.05,0.0012549886324025564,False,1.1740593004315871,-0.7486845794245962,,,,,,,,,,,,,,
US_UTILITIES,AEE,AEP,Ameren Corporation,American Electric Power Company,-1.8219248282140317,0.36963222736046364,0.05,0.0012549886324025564,False,0.9433446737006128,0.1434682629593258,,,,,,,,,,,,,,
US_UTILITIES,FE,PPL,FirstEnergy Corp.,PPL Corporation,-1.8187502847027326,0.3711932306565854,0.05,0.0012549886324025564,False,1.0183350709212189,0.15855368706456252,,,,,,,,,,,,,,
US_UTILITIES,FE,WEC,FirstEnergy Corp.,"WEC Energy Group, Inc.",-1.7658461040910118,0.3975450766657055,0.05,0.0012549886324025564,False,0.7758170606166817,0.15277597040285595,,,,,,,,,,,,,,
US_UTILITIES,AEP,XEL,American Electric Power Company,Xcel Energy Inc.,-1.7009212859887752,0.43063786523157177,0.05,0.0012549886324025564,False,1.0541830236069174,0.1972414750604683,,,,,,,,,,,,,,
US_UTILITIES,D,ED,"Dominion Energy, Inc.","Consolidated Edison, Inc.",-1.6437118699685165,0.4603218981088404,0.05,0.0012549886324025564,False,1.3054856972449043,-1.9752496770951407,,,,,,,,,,,,,,
US_UTILITIES,EXC,FE,Exelon Corporation,FirstEnergy Corp.,-1.595040733107372,0.4860842263630699,0.05,0.0012549886324025564,False,1.1757900061994815,-0.6660423227254388,,,,,,,,,,,,,,
US_UTILITIES,AEP,EXC,American Electric Power Company,Exelon Corporation,-1.5856521308309273,0.4907968088915733,0.05,0.0012549886324025564,False,1.2625770991168932,-0.0319230716769896,,,,,,,,,,,,,,
US_UTILITIES,D,EXC,"Dominion Energy, Inc.",Exelon Corporation,-1.1398480182790545,0.6989223171115221,0.05,0.0012549886324025564,False,0.7969955678624973,1.0472053966130925,,,,,,,,,,,,,,
