sector,ticker_a,ticker_b,name_a,name_b,eg_adf_stat,eg_pvalue,fdr_level,bh_critical_pvalue,passes_bh,hedge_ratio_beta,intercept_alpha,half_life_days,ar1_alpha,ar1_beta,zscore_window,latest_zscore,max_abs_zscore,threshold_breached,breach_date,ar1_sign_agreement_recent,ar1_latest_residual,zscore_delta_latest,zscore_delta2_latest,zscore_turning_recent,momentum_read
CA_BANKS,CM.TO,NA.TO,CANADIAN IMPERIAL BANK OF COMME,NATIONAL BANK OF CANADA,-3.156820866284971,0.02262409778638591,0.05,,False,1.2368189449565632,-1.5318748025256523,,,,,,,,,,,,,,
CA_BANKS,NA.TO,RY.TO,NATIONAL BANK OF CANADA,ROYAL BANK OF CANADA,-3.103372266932673,0.026304630111446306,0.05,,False,1.0904696403205298,-0.7486049383790432,,,,,,,,,,,,,,
CA_BANKS,BNS.TO,RY.TO,BANK OF NOVA SCOTIA,ROYAL BANK OF CANADA,-3.095088894576172,0.026918773520739972,0.05,,False,1.0988590895950567,-1.3903862448250282,,,,,,,,,,,,,,
CA_BANKS,BNS.TO,CM.TO,BANK OF NOVA SCOTIA,CANADIAN IMPERIAL BANK OF COMME,-2.6343109813667493,0.08611118023466419,0.05,,False,0.8156978884248712,0.60769002537966,,,,,,,,,,,,,,
CA_BANKS,BNS.TO,NA.TO,BANK OF NOVA SCOTIA,NATIONAL BANK OF CANADA,-2.577317454091985,0.0977764913259363,0.05,,False,1.0087083140217863,-0.6410525841901711,,,,,,,,,,,,,,
CA_BANKS,CM.TO,TD.TO,CANADIAN IMPERIAL BANK OF COMME,TORONTO-DOMINION BANK,-2.431496143178697,0.13304343533117235,0.05,,False,0.9814795226163765,0.09263738937222055,,,,,,,,,,,,,,
CA_BANKS,BMO.TO,CM.TO,BANK OF MONTREAL,CANADIAN IMPERIAL BANK OF COMME,-2.381741346022956,0.14695622982813372,0.05,,False,0.8843425313115509,0.9537158308401761,,,,,,,,,,,,,,
CA_BANKS,BMO.TO,RY.TO,BANK OF MONTREAL,ROYAL BANK OF CANADA,-2.0680979232610124,0.2575345068696536,0.05,,False,1.1959994508309881,-1.236922705741768,,,,,,,,,,,,,,
CA_BANKS,BMO.TO,NA.TO,BANK OF MONTREAL,NATIONAL BANK OF CANADA,-2.035819778695164,0.27109149532292603,0.05,,False,1.0978297848937824,-0.42110194505994336,,,,,,,,,,,,,,
CA_BANKS,RY.TO,TD.TO,ROYAL BANK OF CANADA,TORONTO-DOMINION BANK,-2.034353555228655,0.2717162919231159,0.05,,False,0.7244511697353249,1.9059744777336376,,,,,,,,,,,,,,
CA_BANKS,BMO.TO,TD.TO,BANK OF MONTREAL,TORONTO-DOMINION BANK,-2.0328133666395782,0.27237343686872173,0.05,,False,0.866245962027667,1.0435272904154975,,,,,,,,,,,,,,
CA_BANKS,CM.TO,RY.TO,CANADIAN IMPERIAL BANK OF COMME,ROYAL BANK OF CANADA,-2.0116093596350795,0.2815061131177595,0.05,,False,1.3476152749149417,-2.4520175114577514,,,,,,,,,,,,,,
CA_BANKS,BMO.TO,BNS.TO,BANK OF MONTREAL,BANK OF NOVA SCOTIA,-1.9471649263251318,0.3102086385907241,0.05,,False,1.0866961173988063,0.2838071754776834,,,,,,,,,,,,,,
CA_BANKS,NA.TO,TD.TO,NATIONAL BANK OF CANADA,TORONTO-DOMINION BANK,-1.9278594443068675,0.31907075698513226,0.05,,False,0.7889306154201808,1.3346754407086578,,,,,,,,,,,,,,
CA_BANKS,BNS.TO,TD.TO,BANK OF NOVA SCOTIA,TORONTO-DOMINION BANK,-1.8060585775537374,0.37745795375949287,0.05,,False,0.7950953576673885,0.7084847934441734,,,,,,,,,,,,,,
CA_ENERGY,CNQ.TO,SU.TO,CDN NATURAL RES,SUNCOR ENERGY INC.,-2.9912774134566824,0.03571704848740246,0.05,,False,0.7686772941549304,0.6961115623163594,,,,,,,,,,,,,,
CA_ENERGY,CVE.TO,SU.TO,CENOVUS ENERGY INC.,SUNCOR ENERGY INC.,-2.8991633780097996,0.0454453717585488,0.05,,False,1.169552537157137,-1.5859681101295968,,,,,,,,,,,,,,
CA_ENERGY,CVE.TO,IMO.TO,CENOVUS ENERGY INC.,IMPERIAL OIL,-2.726755474778377,0.06952172890969033,0.05,,False,1.065016409462678,-1.9022135822776218,,,,,,,,,,,,,,
CA_ENERGY,CNQ.TO,IMO.TO,CDN NATURAL RES,IMPERIAL OIL,-2.424517202253032,0.13493583063917886,0.05,,False,0.6839882310636184,0.5641847225461696,,,,,,,,,,,,,,
CA_ENERGY,CNQ.TO,CVE.TO,CDN NATURAL RES,CENOVUS ENERGY INC.,-2.319859972996827,0.1656427106594689,0.05,,False,0.6602904925811485,1.7288463885633112,,,,,,,,,,,,,,
CA_ENERGY,IMO.TO,SU.TO,IMPERIAL OIL,SUNCOR ENERGY INC.,-1.9016595642670642,0.33128080252061276,0.05,,False,1.0976834838280032,0.2988494221191331,,,,,,,,,,,,,,
CH_FINANCIALS,BAER.SW,UBSG.SW,JULIUS BAER N,UBS GROUP N,-3.124224786913645,0.0248116175921254,0.05,,False,0.775330336522587,1.3849423740853113,,,,,,,,,,,,,,
CH_FINANCIALS,BAER.SW,ZURN.SW,JULIUS BAER N,ZURICH INSURANCE N,-2.938889018411191,0.04100903819909044,0.05,,False,1.5786721171918563,-5.871755936849297,,,,,,,,,,,,,,
CH_FINANCIALS,UBSG.SW,ZURN.SW,UBS GROUP N,ZURICH INSURANCE N,-2.5992896450455465,0.09314417225937377,0.05,,False,2.259542540923043,-10.75562379586351,,,,,,,,,,,,,,
CH_FINANCIALS,SLHN.SW,ZURN.SW,SWISS LIFE HOLDING AG N,ZURICH INSURANCE N,-2.329916273103014,0.16250080389170346,0.05,,False,1.5018809015758212,-2.757217312390659,,,,,,,,,,,,,,
CH_FINANCIALS,BAER.SW,SLHN.SW,JULIUS BAER N,SWISS LIFE HOLDING AG N,-2.245443598925238,0.1901671864314114,0.05,,False,0.9912382991776802,-2.576590790108788,,,,,,,,,,,,,,
CH_FINANCIALS,SLHN.SW,UBSG.SW,SWISS LIFE HOLDING AG N,UBS GROUP N,-2.0702913389555158,0.25662713809300924,0.05,,False,0.7546122770266437,4.089311361949778,,,,,,,,,,,,,,
CH_PHARMA_LIFESCIENCE,LONN.SW,NOVN.SW,LONZA N,NOVARTIS N,-4.1732943606580974,0.0007309451577643785,0.05,0.0007309451577643785,True,-0.2104648610431981,7.248981061818617,12.64029740766123,0.00044129313226153776,-0.054836303150575534,38.0,0.17179314760237407,2.823012458285606,False,,0.2,0.022367147634002237,0.4370588780638346,1.116088005223128,False,still diverging
CONSUMER,DOM.L,TSCO.L,DOMINO'S PIZZA GROUP PLC ORD 25,TESCO PLC ORD 6 1/3P,-4.273398128618277,0.0004937649466964244,0.05,0.004084221820250308,True,-1.9902060193224054,17.407236481330305,13.506006312044503,0.0005056937033698879,-0.05132140208921748,41.0,2.473464232085065,2.9637406372779163,True,2026-10-08 00:00:00,0.0,0.018476924821132133,-0.24654470215660762,-1.1670568786802653,False,still diverging
CONSUMER,EZJ.L,MKS.L,EASYJET PLC ORD 27 2/7P,MARKS AND SPENCER GROUP PLC ORD,-4.075386690613828,0.001063340886247176,0.05,0.004084221820250308,True,3.8601572788975878,-16.517800599259687,14.298331008982183,-0.0007776295395054731,-0.04847748874498091,43.0,-1.2987743017475146,2.6082717144031373,False,,0.4,-0.0015886257122972678,-0.06046824420308039,0.2353059709826173,False,mixed signal
CONSUMER,ABF.L,DNLM.L,ASSOCIATED BRITISH FOODS PLC OR,DUNELM GROUP PLC ORD 1P,-3.9956563321113747,0.0014334275389120837,0.05,0.004084221820250308,True,0.5289984004442484,3.9620337069051166,11.754659442783765,-7.603710632737958e-05,-0.05896786580112036,35.0,-0.9448716541064509,3.640797450182001,False,,0.4,0.0014952240805785107,0.05012506048357279,-0.11018347876871559,True,mixed signal
CONSUMER,DOM.L,MKS.L,DOMINO'S PIZZA GROUP PLC ORD 25,MARKS AND SPENCER GROUP PLC ORD,-3.898819194665805,0.002043554389596443,0.05,0.004084221820250308,True,37.102898195537826,-212.6903054441773,15.559754810712128,-0.01426038007595547,-0.0445474359327788,47.0,-0.9389099151879743,2.794338249089532,False,,0.2,-0.15678814851705122,-0.057908396028677145,0.19278496775315834,False,still diverging
CONSUMER,BME.L,MKS.L,B&M EUROPEAN VALUE RETAIL PLC O,MARKS AND SPENCER GROUP PLC ORD,-3.8813033757746744,0.002176834786849949,0.05,0.004084221820250308,True,84.82600726581413,-493.2079534682212,15.659830277988382,-0.031982734059184094,-0.0442627517830918,47.0,-0.9717220618389228,2.7769443601699106,False,,0.2,-0.3506189640429291,-0.06127557986491916,0.17494127952377325,False,still diverging
CONSUMER,ABF.L,MKS.L,ASSOCIATED BRITISH FOODS PLC OR,MARKS AND SPENCER GROUP PLC ORD,-3.8702874949333577,0.0022647286192571574,0.05,0.004084221820250308,True,16.301683318883015,-88.21334966292856,15.851917059469356,-0.006239787301223755,-0.04372639460322463,48.0,-1.1341095657890772,2.6562969027996726,False,,0.2,-0.07175202131243286,-0.05295768762969333,0.15834840905979186,False,still diverging
CONSUMER,GRG.L,MKS.L,GREGGS PLC ORD 2P,MARKS AND SPENCER GROUP PLC ORD,-3.8678310780522973,0.002284770177482682,0.05,0.004084221820250308,True,80.66190247841611,-466.69066434484716,15.719045740156838,-0.03004348528092235,-0.04409600888107278,47.0,-0.9621142387580971,2.7966678237750604,False,,0.2,-0.32956484217104187,-0.06076192297080485,0.17578770592593862,False,still diverging
CONSUMER,MKS.L,PETS.L,MARKS AND SPENCER GROUP PLC ORD,PETS AT HOME GROUP PLC ORD 1P,-3.8617306665195392,0.002335253826302579,0.05,0.004084221820250308,True,0.016305705745150594,5.791172531392905,15.719646313750923,0.0003725128182192616,-0.04409432418041159,47.0,1.0110330509786383,2.7605991415292506,False,,0.2,0.004188186800555561,0.0607465212614674,-0.1766811855226077,False,still diverging
CONSUMER,IHG.L,MKS.L,INTERCONTINENTAL HOTELS GROUP P,MARKS AND SPENCER GROUP PLC ORD,-3.8410887748972864,0.0025138180274728327,0.05,0.004084221820250308,True,21.292954410043247,-120.37152727237532,15.91188566292972,-0.006893772633342696,-0.043561598872897005,48.0,-0.9364931552973028,2.6722285015630924,False,,0.2,-0.07745908320292279,-0.05687993042117212,0.17661156495888553,False,still diverging
CONSUMER,DNLM.L,MKS.L,DUNELM GROUP PLC ORD 1P,MARKS AND SPENCER GROUP PLC ORD,-3.839307126902169,0.002529806703912504,0.05,0.004084221820250308,True,35.05234795657938,-199.15285746258482,15.89908492027287,-0.01317366218110647,-0.043596671383025046,48.0,-1.0032971449707542,2.6876632049100664,False,,0.2,-0.15463462039989234,-0.05533039816192309,0.1591749299275853,False,still diverging
CONSUMER,MKS.L,WTB.L,MARKS AND SPENCER GROUP PLC ORD,WHITBREAD PLC ORD 76 122/153P,-3.825981678210977,0.002652398664359172,0.05,0.004084221820250308,True,0.22108377819149266,4.127814938734191,16.44287532049255,0.00045842374297875205,-0.04215486446558921,49.0,0.8966991030620024,2.7430020616913446,False,,0.2,0.00497956522878326,0.025206348169250825,-0.30379907113510496,True,mixed signal
CONSUMER,MKS.L,NXT.L,MARKS AND SPENCER GROUP PLC ORD,NEXT PLC ORD 10P,-3.729492773055461,0.0037169263161661533,0.05,0.004084221820250308,True,0.07244326887865472,5.201123892520415,16.556355345756735,0.0002891429836293194,-0.04186592798260962,50.0,0.9244152525497145,2.5906347193494055,False,,0.2,0.0033374326734166493,0.041720727166469906,-0.18095683032626841,False,still diverging
CONSUMER,MKS.L,TSCO.L,MARKS AND SPENCER GROUP PLC ORD,TESCO PLC ORD 6 1/3P,-3.725292183474031,0.0037711392530523496,0.05,0.004084221820250308,True,0.06440618178511032,5.493215039484754,16.52728057282396,0.00030960016882247845,-0.04193957847485793,50.0,0.6890333054906327,2.6867265547587342,False,,0.2,0.003386996137051693,0.03779375583107358,-0.06138419916823501,True,mixed signal
CONSUMER,MKS.L,SBRY.L,MARKS AND SPENCER GROUP PLC ORD,SAINSBURY (J) PLC ORD 28 4/7P,-3.702063556443479,0.004084221820250308,0.05,0.004084221820250308,True,0.09175877994959977,5.358048790336042,16.685671058280754,0.00031221595693370656,-0.041541462620165386,50.0,0.8877232062177156,2.6680055716531283,False,,0.2,0.0034612170485941304,0.03661861255839427,-0.12248330977686772,False,still diverging
CONSUMER,DNLM.L,WTB.L,DUNELM GROUP PLC ORD 1P,WHITBREAD PLC ORD 76 122/153P,-3.3716648304214116,0.011963586234128808,0.05,0.004084221820250308,False,1.6364742753902308,-6.022744202911026,,,,,,,,,,,,,,
CONSUMER,ABF.L,PETS.L,ASSOCIATED BRITISH FOODS PLC OR,PETS AT HOME GROUP PLC ORD 1P,-3.275491964702845,0.016010164587916896,0.05,0.004084221820250308,False,0.45019918432696426,5.191269343335785,,,,,,,,,,,,,,
CONSUMER,DOM.L,SBRY.L,DOMINO'S PIZZA GROUP PLC ORD 25,SAINSBURY (J) PLC ORD 28 4/7P,-3.2573132272830274,0.016897789476040797,0.05,0.004084221820250308,False,-2.318674075701179,18.646171731588396,,,,,,,,,,,,,,
CONSUMER,BME.L,TSCO.L,B&M EUROPEAN VALUE RETAIL PLC O,TESCO PLC ORD 6 1/3P,-3.2476762533717896,0.017385617625873342,0.05,0.004084221820250308,False,-3.106469433198994,24.186439347706017,,,,,,,,,,,,,,
CONSUMER,ABF.L,IHG.L,ASSOCIATED BRITISH FOODS PLC OR,INTERCONTINENTAL HOTELS GROUP P,-3.206350072347201,0.019620041932634637,0.05,0.004084221820250308,False,-0.5443022236181764,10.262104879780813,,,,,,,,,,,,,,
CONSUMER,DOM.L,NXT.L,DOMINO'S PIZZA GROUP PLC ORD 25,NEXT PLC ORD 10P,-3.158052117521616,0.022544846666817834,0.05,0.004084221820250308,False,-1.6650331801527523,21.060780479809523,,,,,,,,,,,,,,
CONSUMER,ABF.L,WTB.L,ASSOCIATED BRITISH FOODS PLC OR,WHITBREAD PLC ORD 76 122/153P,-3.0854942403646635,0.02764547066339053,0.05,0.004084221820250308,False,0.8136612990770474,1.1883123218834042,,,,,,,,,,,,,,
CONSUMER,BME.L,DOM.L,B&M EUROPEAN VALUE RETAIL PLC O,DOMINO'S PIZZA GROUP PLC ORD 25,-2.9534292928045547,0.03947837519633715,0.05,0.004084221820250308,False,1.5409973353127016,-2.8755069333953784,,,,,,,,,,,,,,
CONSUMER,SBRY.L,TSCO.L,SAINSBURY (J) PLC ORD 28 4/7P,TESCO PLC ORD 6 1/3P,-2.8397355319107094,0.052818166330383484,0.05,0.004084221820250308,False,0.8973984340759378,0.2999292603125623,,,,,,,,,,,,,,
CONSUMER,ABF.L,TSCO.L,ASSOCIATED BRITISH FOODS PLC OR,TESCO PLC ORD 6 1/3P,-2.8031943462541378,0.057818925190326345,0.05,0.004084221820250308,False,-0.5222769592297285,10.770036519378444,,,,,,,,,,,,,,
CONSUMER,IHG.L,PETS.L,INTERCONTINENTAL HOTELS GROUP P,PETS AT HOME GROUP PLC ORD 1P,-2.7388268418113557,0.06755712008662487,0.05,0.004084221820250308,False,-0.7595433830218675,8.949308770036176,,,,,,,,,,,,,,
CONSUMER,PETS.L,TSCO.L,PETS AT HOME GROUP PLC ORD 1P,TESCO PLC ORD 6 1/3P,-2.699984584594806,0.07404093661585309,0.05,0.004084221820250308,False,-1.4836666058586045,14.333471394934737,,,,,,,,,,,,,,
CONSUMER,ABF.L,BME.L,ASSOCIATED BRITISH FOODS PLC OR,B&M EUROPEAN VALUE RETAIL PLC O,-2.6915269324480753,0.07551599134344798,0.05,0.004084221820250308,False,0.16034150387006546,6.746837559541105,,,,,,,,,,,,,,
CONSUMER,IHG.L,WTB.L,INTERCONTINENTAL HOTELS GROUP P,WHITBREAD PLC ORD 76 122/153P,-2.685877262263544,0.07651416491858579,0.05,0.004084221820250308,False,-1.6629944343121081,18.00274223342909,,,,,,,,,,,,,,
CONSUMER,NXT.L,SBRY.L,NEXT PLC ORD 10P,SAINSBURY (J) PLC ORD 28 4/7P,-2.6735566983141092,0.07872695295758819,0.05,0.004084221820250308,False,1.4241378059506034,1.2707140490452353,,,,,,,,,,,,,,
CONSUMER,ABF.L,NXT.L,ASSOCIATED BRITISH FOODS PLC OR,NEXT PLC ORD 10P,-2.6473506288771445,0.08360032057149774,0.05,0.004084221820250308,False,-0.323145631724461,10.66284260218979,,,,,,,,,,,,,,
CONSUMER,GRG.L,NXT.L,GREGGS PLC ORD 2P,NEXT PLC ORD 10P,-2.643837950383409,0.08427103158321403,0.05,0.004084221820250308,False,-1.878695474008465,25.17630030050138,,,,,,,,,,,,,,
CONSUMER,ABF.L,GRG.L,ASSOCIATED BRITISH FOODS PLC OR,GREGGS PLC ORD 2P,-2.636857358995834,0.08561631885748794,0.05,0.004084221820250308,False,0.23771721898334996,5.8344062809363475,,,,,,,,,,,,,,
CONSUMER,BME.L,GRG.L,B&M EUROPEAN VALUE RETAIL PLC O,GREGGS PLC ORD 2P,-2.628147499778668,0.087318166929296,0.05,0.004084221820250308,False,1.4560160249037304,-5.489331422746613,,,,,,,,,,,,,,
CONSUMER,BME.L,NXT.L,B&M EUROPEAN VALUE RETAIL PLC O,NEXT PLC ORD 10P,-2.5955396589351136,0.09392263787995819,0.05,0.004084221820250308,False,-2.665932801768208,30.516952712248113,,,,,,,,,,,,,,
CONSUMER,ABF.L,SBRY.L,ASSOCIATED BRITISH FOODS PLC OR,SAINSBURY (J) PLC ORD 28 4/7P,-2.5782972785031286,0.09756624958616661,0.05,0.004084221820250308,False,-0.3191798561048138,9.450470540353887,,,,,,,,,,,,,,
CONSUMER,ABF.L,DOM.L,ASSOCIATED BRITISH FOODS PLC OR,DOMINO'S PIZZA GROUP PLC ORD 25,-2.5345913694777167,0.10728308339791509,0.05,0.004084221820250308,False,0.19079934694942094,6.593329701583059,,,,,,,,,,,,,,
CONSUMER,DNLM.L,PETS.L,DUNELM GROUP PLC ORD 1P,PETS AT HOME GROUP PLC ORD 1P,-2.5272425144297364,0.1089858346442284,0.05,0.004084221820250308,False,0.8788094088516077,2.1729183193539,,,,,,,,,,,,,,
CONSUMER,DNLM.L,IHG.L,DUNELM GROUP PLC ORD 1P,INTERCONTINENTAL HOTELS GROUP P,-2.5012411550908675,0.1151726303158973,0.05,0.004084221820250308,False,-1.189763873629607,12.685448600747936,,,,,,,,,,,,,,
CONSUMER,BME.L,PETS.L,B&M EUROPEAN VALUE RETAIL PLC O,PETS AT HOME GROUP PLC ORD 1P,-2.4678937584771004,0.12348280072329249,0.05,0.004084221820250308,False,2.3449023063679344,-7.188293057692409,,,,,,,,,,,,,,
CONSUMER,BME.L,SBRY.L,B&M EUROPEAN VALUE RETAIL PLC O,SAINSBURY (J) PLC ORD 28 4/7P,-2.4529145863885176,0.12735492081652622,0.05,0.004084221820250308,False,-4.189050098311377,29.36014514476367,,,,,,,,,,,,,,
CONSUMER,GRG.L,TSCO.L,GREGGS PLC ORD 2P,TESCO PLC ORD 6 1/3P,-2.447472966515303,0.12878316912501908,0.05,0.004084221820250308,False,-2.3528144287075103,21.69733764746779,,,,,,,,,,,,,,
CONSUMER,PETS.L,WTB.L,PETS AT HOME GROUP PLC ORD 1P,WHITBREAD PLC ORD 76 122/153P,-2.333395216375632,0.16142340090850782,0.05,0.004084221820250308,False,2.1378297225564076,-11.510400620021528,,,,,,,,,,,,,,
CONSUMER,GRG.L,PETS.L,GREGGS PLC ORD 2P,PETS AT HOME GROUP PLC ORD 1P,-2.280439831979514,0.17835413516714788,0.05,0.004084221820250308,False,1.6423912513686774,-1.3400706740067712,,,,,,,,,,,,,,
CONSUMER,NXT.L,TSCO.L,NEXT PLC ORD 10P,TESCO PLC ORD 6 1/3P,-2.2618727142765365,0.18455968456187688,0.05,0.004084221820250308,False,1.2263584357679451,2.0078674567289827,,,,,,,,,,,,,,
CONSUMER,DNLM.L,TSCO.L,DUNELM GROUP PLC ORD 1P,TESCO PLC ORD 6 1/3P,-2.25883853551992,0.18558706355740856,0.05,0.004084221820250308,False,-1.54886775344278,16.23958667259963,,,,,,,,,,,,,,
CONSUMER,PETS.L,SBRY.L,PETS AT HOME GROUP PLC ORD 1P,SAINSBURY (J) PLC ORD 28 4/7P,-2.2433198096877027,0.19090004262871324,0.05,0.004084221820250308,False,-2.0971105171827746,17.352498051879056,,,,,,,,,,,,,,
CONSUMER,GRG.L,SBRY.L,GREGGS PLC ORD 2P,SAINSBURY (J) PLC ORD 28 4/7P,-2.216173780678648,0.2004277628016175,0.05,0.004084221820250308,False,-3.507107421980025,27.516728107038652,,,,,,,,,,,,,,
CONSUMER,DOM.L,PETS.L,DOMINO'S PIZZA GROUP PLC ORD 25,PETS AT HOME GROUP PLC ORD 1P,-2.181168290864779,0.21315113334581498,0.05,0.004084221820250308,False,1.5337715968998904,-2.864364933349731,,,,,,,,,,,,,,
CONSUMER,ABF.L,EZJ.L,ASSOCIATED BRITISH FOODS PLC OR,EASYJET PLC ORD 27 2/7P,-2.174044562376231,0.2158002660176867,0.05,0.004084221820250308,False,0.4046200262395854,5.135803782080253,,,,,,,,,,,,,,
CONSUMER,NXT.L,PETS.L,NEXT PLC ORD 10P,PETS AT HOME GROUP PLC ORD 1P,-2.0892063045385103,0.24887689201799174,0.05,0.004084221820250308,False,-0.8202476693083668,13.821179060914469,,,,,,,,,,,,,,
CONSUMER,EZJ.L,SBRY.L,EASYJET PLC ORD 27 2/7P,SAINSBURY (J) PLC ORD 28 4/7P,-2.083609536358261,0.2511561570182992,0.05,0.004084221820250308,False,-1.3250795296007283,13.712126572394311,,,,,,,,,,,,,,
CONSUMER,DOM.L,GRG.L,DOMINO'S PIZZA GROUP PLC ORD 25,GREGGS PLC ORD 2P,-2.0818025222819574,0.251894571561419,0.05,0.004084221820250308,False,0.9258767826580953,-1.552384035063958,,,,,,,,,,,,,,
CONSUMER,DNLM.L,NXT.L,DUNELM GROUP PLC ORD 1P,NEXT PLC ORD 10P,-2.054392613119907,0.26324432499572825,0.05,0.004084221820250308,False,-1.102765348485275,17.274713203915404,,,,,,,,,,,,,,
CONSUMER,TSCO.L,WTB.L,TESCO PLC ORD 6 1/3P,WHITBREAD PLC ORD 76 122/153P,-2.0169591798387536,0.2791869507432252,0.05,0.004084221820250308,False,-1.676988827275516,19.289644541294244,,,,,,,,,,,,,,
CONSUMER,NXT.L,WTB.L,NEXT PLC ORD 10P,WHITBREAD PLC ORD 76 122/153P,-1.9812796586315833,0.2948411529259092,0.05,0.004084221820250308,False,-2.2780867351999166,27.419061417662874,,,,,,,,,,,,,,
CONSUMER,EZJ.L,TSCO.L,EASYJET PLC ORD 27 2/7P,TESCO PLC ORD 6 1/3P,-1.9479933520499653,0.30983098420796695,0.05,0.004084221820250308,False,-1.0069170072329199,12.221279188349971,,,,,,,,,,,,,,
CONSUMER,IHG.L,SBRY.L,INTERCONTINENTAL HOTELS GROUP P,SAINSBURY (J) PLC ORD 28 4/7P,-1.945638242669119,0.3109051807347819,0.05,0.004084221820250308,False,1.5088381490195764,-3.7530646381940187,,,,,,,,,,,,,,
CONSUMER,BME.L,WTB.L,B&M EUROPEAN VALUE RETAIL PLC O,WHITBREAD PLC ORD 76 122/153P,-1.942748964339778,0.3122254275570593,0.05,0.004084221820250308,False,5.8722055135857945,-40.98750708075446,,,,,,,,,,,,,,
CONSUMER,IHG.L,TSCO.L,INTERCONTINENTAL HOTELS GROUP P,TESCO PLC ORD 6 1/3P,-1.893948429421064,0.3349132941060132,0.05,0.004084221820250308,False,1.130219120622944,-1.9574475413409358,,,,,,,,,,,,,,
CONSUMER,SBRY.L,WTB.L,SAINSBURY (J) PLC ORD 28 4/7P,WHITBREAD PLC ORD 76 122/153P,-1.8466106047447672,0.3575784579816893,0.05,0.004084221820250308,False,-1.7836568103194725,19.8191185849788,,,,,,,,,,,,,,
CONSUMER,DNLM.L,SBRY.L,DUNELM GROUP PLC ORD 1P,SAINSBURY (J) PLC ORD 28 4/7P,-1.8357251164757908,0.3628748843090317,0.05,0.004084221820250308,False,-3.2033246547769187,25.156364808722937,,,,,,,,,,,,,,
CONSUMER,GRG.L,WTB.L,GREGGS PLC ORD 2P,WHITBREAD PLC ORD 76 122/153P,-1.8047338456077973,0.3781140163541799,0.05,0.004084221820250308,False,4.822022649956597,-30.63216625340619,,,,,,,,,,,,,,
CONSUMER,EZJ.L,NXT.L,EASYJET PLC ORD 27 2/7P,NEXT PLC ORD 10P,-1.7602982833371252,0.4003429004285851,0.05,0.004084221820250308,False,-0.3952759019974637,9.881441072260642,,,,,,,,,,,,,,
CONSUMER,BME.L,EZJ.L,B&M EUROPEAN VALUE RETAIL PLC O,EASYJET PLC ORD 27 2/7P,-1.7474853378864779,0.4068274455263927,0.05,0.004084221820250308,False,6.462713906115613,-34.387269867511584,,,,,,,,,,,,,,
CONSUMER,EZJ.L,IHG.L,EASYJET PLC ORD 27 2/7P,INTERCONTINENTAL HOTELS GROUP P,-1.7424584553621612,0.4093799503913107,0.05,0.004084221820250308,False,-0.38229101775884133,8.023350755595427,,,,,,,,,,,,,,
CONSUMER,DOM.L,EZJ.L,DOMINO'S PIZZA GROUP PLC ORD 25,EASYJET PLC ORD 27 2/7P,-1.723207054348224,0.41919690727774295,0.05,0.004084221820250308,False,3.566480784147969,-16.572531326923237,,,,,,,,,,,,,,
CONSUMER,EZJ.L,GRG.L,EASYJET PLC ORD 27 2/7P,GREGGS PLC ORD 2P,-1.71214605627549,0.42486557870861663,0.05,0.004084221820250308,False,0.19014986583704346,4.737822491774541,,,,,,,,,,,,,,
CONSUMER,IHG.L,NXT.L,INTERCONTINENTAL HOTELS GROUP P,NEXT PLC ORD 10P,-1.5929919843285574,0.48711291454353906,0.05,0.004084221820250308,False,0.8381836288598159,-3.026478396389802,,,,,,,,,,,,,,
CONSUMER,DOM.L,WTB.L,DOMINO'S PIZZA GROUP PLC ORD 25,WHITBREAD PLC ORD 76 122/153P,-1.5622619591307871,0.5025176641586386,0.05,0.004084221820250308,False,4.469966323763793,-29.95652843954782,,,,,,,,,,,,,,
CONSUMER,BME.L,IHG.L,B&M EUROPEAN VALUE RETAIL PLC O,INTERCONTINENTAL HOTELS GROUP P,-1.5194056169161632,0.5238907516951443,0.05,0.004084221820250308,False,-3.5984522337293314,22.90699323693513,,,,,,,,,,,,,,
CONSUMER,DNLM.L,GRG.L,DUNELM GROUP PLC ORD 1P,GREGGS PLC ORD 2P,-1.515508711159735,0.5258259279459343,0.05,0.004084221820250308,False,0.3958221406544217,3.9452816025058652,,,,,,,,,,,,,,
CONSUMER,BME.L,DNLM.L,B&M EUROPEAN VALUE RETAIL PLC O,DUNELM GROUP PLC ORD 1P,-1.4890307641566949,0.5389305160505093,0.05,0.004084221820250308,False,3.6484842755388813,-19.79371256817612,,,,,,,,,,,,,,
CONSUMER,EZJ.L,PETS.L,EASYJET PLC ORD 27 2/7P,PETS AT HOME GROUP PLC ORD 1P,-1.474533981882448,0.546069306669092,0.05,0.004084221820250308,False,0.46279366458834453,3.665821383967466,,,,,,,,,,,,,,
CONSUMER,DNLM.L,DOM.L,DUNELM GROUP PLC ORD 1P,DOMINO'S PIZZA GROUP PLC ORD 25,-1.397425326247801,0.5835098251446055,0.05,0.004084221820250308,False,0.4112867976742712,4.697590803759187,,,,,,,,,,,,,,
CONSUMER,DOM.L,IHG.L,DOMINO'S PIZZA GROUP PLC ORD 25,INTERCONTINENTAL HOTELS GROUP P,-1.3065881699347655,0.6261528536780078,0.05,0.004084221820250308,False,-2.462079600611599,17.3435001155509,,,,,,,,,,,,,,
CONSUMER,GRG.L,IHG.L,GREGGS PLC ORD 2P,INTERCONTINENTAL HOTELS GROUP P,-1.1454414154956742,0.6966145942370363,0.05,0.004084221820250308,False,-2.9044198839763773,21.59187239827547,,,,,,,,,,,,,,
CONSUMER,EZJ.L,WTB.L,EASYJET PLC ORD 27 2/7P,WHITBREAD PLC ORD 76 122/153P,-0.3818965914288012,0.9130778016763802,0.05,0.004084221820250308,False,1.541400400414129,-6.035452477765513,,,,,,,,,,,,,,
CONSUMER,DNLM.L,EZJ.L,DUNELM GROUP PLC ORD 1P,EASYJET PLC ORD 27 2/7P,0.07022409512951358,0.9639683626597723,0.05,0.004084221820250308,False,1.471538482374403,-2.1474636838743493,,,,,,,,,,,,,,
DE_AUTO,BMW.DE,VOW3.DE,BAYERISCHE MOTOREN WERKE AG   S,VOLKSWAGEN AG                 V,-3.139207064221099,0.02378449579016474,0.05,,False,1.3171825970843158,-1.5558443103633426,,,,,,,,,,,,,,
DE_AUTO,BMW.DE,MBG.DE,BAYERISCHE MOTOREN WERKE AG   S,Mercedes-Benz Group AG        N,-2.733887476460174,0.0683555724782171,0.05,,False,1.6779823220379837,-2.2524277571313336,,,,,,,,,,,,,,
DE_AUTO,CON.DE,MBG.DE,CONTINENTAL AG                I,Mercedes-Benz Group AG        N,-2.7219657705699323,0.07031374862124444,0.05,,False,8.67558656196151,-29.919195020801773,,,,,,,,,,,,,,
DE_AUTO,MBG.DE,VOW3.DE,Mercedes-Benz Group AG        N,VOLKSWAGEN AG                 V,-2.687678919299851,0.07619472927187583,0.05,,False,0.7860747291470952,0.4102626584823801,,,,,,,,,,,,,,
DE_AUTO,CON.DE,PAH3.DE,CONTINENTAL AG                I,Porsche Automobil Holding SE  I,-2.4627563362874882,0.12480102818665462,0.05,,False,-6.009395966871432,25.007245608827983,,,,,,,,,,,,,,
DE_AUTO,MBG.DE,PAH3.DE,Mercedes-Benz Group AG        N,Porsche Automobil Holding SE  I,-2.22477639019092,0.1973762486118194,0.05,,False,0.8350426054843852,0.9834627704934435,,,,,,,,,,,,,,
DE_AUTO,BMW.DE,PAH3.DE,BAYERISCHE MOTOREN WERKE AG   S,Porsche Automobil Holding SE  I,-1.9792027371872312,0.2957657559707608,0.05,,False,1.7385181275523824,-1.783000670955592,,,,,,,,,,,,,,
DE_AUTO,CON.DE,VOW3.DE,CONTINENTAL AG                I,VOLKSWAGEN AG                 V,-1.6996146147932236,0.43131104985394264,0.05,,False,6.068053253920538,-23.0170202735859,,,,,,,,,,,,,,
DE_AUTO,PAH3.DE,VOW3.DE,Porsche Automobil Holding SE  I,VOLKSWAGEN AG                 V,-1.5472919399388245,0.5100006231034272,0.05,,False,0.8939978427365137,-0.47578553151528435,,,,,,,,,,,,,,
DE_AUTO,BMW.DE,CON.DE,BAYERISCHE MOTOREN WERKE AG   S,CONTINENTAL AG                I,-0.7069237823917334,0.8449479615168703,0.05,,False,0.2821826497167613,3.181805489667914,,,,,,,,,,,,,,
DE_BANKS_INSURANCE,CBK.DE,HNR1.DE,Commerzbank AG                I,HANNOVER RUECK SE NA O.N.,-3.6996834367886957,0.004117609087669536,0.05,0.004117609087669536,True,13.45678251460339,-70.57543917228101,18.504061169958245,-0.0023193515893585783,-0.03745919202241318,56.0,-2.1783598369220827,2.322262089761181,False,,0.0,-0.02573845261830654,0.1439022528390983,0.20904193048886732,False,still diverging
DE_BANKS_INSURANCE,DBK.DE,HNR1.DE,DEUTSCHE BANK AG              N,HANNOVER RUECK SE NA O.N.,-3.1088758062245345,0.025903273971798823,0.05,0.004117609087669536,False,10.9471125032883,-56.898614881851884,,,,,,,,,,,,,,
DE_BANKS_INSURANCE,CBK.DE,DBK.DE,Commerzbank AG                I,DEUTSCHE BANK AG              N,-3.0977058081141537,0.026723435472082967,0.05,0.004117609087669536,False,1.2350096737627525,-0.6504763182801176,,,,,,,,,,,,,,
DE_BANKS_INSURANCE,ALV.DE,CBK.DE,Allianz SE                    v,Commerzbank AG                I,-3.073172055341307,0.028603339443287915,0.05,0.004117609087669536,False,0.3779089778273538,4.565956143020366,,,,,,,,,,,,,,
DE_BANKS_INSURANCE,ALV.DE,HNR1.DE,Allianz SE                    v,HANNOVER RUECK SE NA O.N.,-2.9212179310474458,0.042935692060827986,0.05,0.004117609087669536,False,4.051242336533135,-16.436149790848223,,,,,,,,,,,,,,
DE_BANKS_INSURANCE,DBK.DE,MUV2.DE,DEUTSCHE BANK AG              N,MUENCHENER RUECKVERS.-GES. AG N,-2.8578380616092813,0.05047512616738493,0.05,0.004117609087669536,False,5.043724063302944,-28.18756604679175,,,,,,,,,,,,,,
DE_BANKS_INSURANCE,HNR1.DE,MUV2.DE,HANNOVER RUECK SE NA O.N.,MUENCHENER RUECKVERS.-GES. AG N,-2.8430653814467632,0.052380618374527683,0.05,0.004117609087669536,False,0.647536696059914,1.463617585490387,,,,,,,,,,,,,,
DE_BANKS_INSURANCE,CBK.DE,MUV2.DE,Commerzbank AG                I,MUENCHENER RUECKVERS.-GES. AG N,-2.2634271439022053,0.18403479706427522,0.05,0.004117609087669536,False,6.64314885403342,-38.031859078076394,,,,,,,,,,,,,,
DE_BANKS_INSURANCE,ALV.DE,MUV2.DE,Allianz SE                    v,MUENCHENER RUECKVERS.-GES. AG N,-2.029975322421206,0.27358655389927145,0.05,0.004117609087669536,False,2.16288792655029,-7.649682178737606,,,,,,,,,,,,,,
DE_BANKS_INSURANCE,ALV.DE,DBK.DE,Allianz SE                    v,DEUTSCHE BANK AG              N,-1.937503381047022,0.3146291247751718,0.05,0.004117609087669536,False,0.4590596289455638,4.343950509485337,,,,,,,,,,,,,,
DE_CHEMICALS,LXS.DE,WCH.DE,LANXESS AG                    I,Wacker Chemie AG              I,-3.5554296773798284,0.006672565161699548,0.05,0.023707070262494807,True,-2.7660404553852884,14.976847702761795,19.221153276442436,-0.0012197733809931556,-0.03606168530009439,58.0,-1.3268050239488594,2.3839441415219063,False,,0.8,-0.0014107292284952445,0.03753608509279793,0.3365372324956408,False,mixed signal
DE_CHEMICALS,BAS.DE,LXS.DE,BASF SE                       N,LANXESS AG                    I,-3.3913392523405435,0.011257683025410657,0.05,0.023707070262494807,True,-0.20203096254778347,4.38669649083926,17.82563803015266,0.00016849837167984602,-0.038884845489819984,53.0,-0.7754003515547205,2.2218111788997716,False,,0.0,0.0025560158539672485,-0.012258526688290972,-0.1300299734395819,True,mixed signal
DE_CHEMICALS,BAS.DE,WCH.DE,BASF SE                       N,Wacker Chemie AG              I,-3.1403589306086133,0.023707070262494807,0.05,0.023707070262494807,True,0.47109261261463964,1.7379913663713475,26.359350025227936,0.0004066006993662369,-0.026296064959741034,63.0,0.8737742873039293,2.3541408075846073,False,,0.0,0.002233073718488269,-0.02032407305469397,-0.4894239804092996,False,still diverging
DE_CHEMICALS,BAS.DE,SY1.DE,BASF SE                       N,Symrise AG                    I,-2.4737782545520983,0.12198540188788026,0.05,0.023707070262494807,False,-0.290363637164083,5.060935138723886,,,,,,,,,,,,,,
DE_CHEMICALS,SY1.DE,WCH.DE,Symrise AG                    I,Wacker Chemie AG              I,-2.210188726455573,0.2025683414075904,0.05,0.023707070262494807,False,7.099870887014334,-26.044791831370866,,,,,,,,,,,,,,
DE_CHEMICALS,LXS.DE,SY1.DE,LANXESS AG                    I,Symrise AG                    I,-2.0338202605893057,0.27194373404740246,0.05,0.023707070262494807,False,1.3315984317780438,-2.8650731490722348,,,,,,,,,,,,,,
DE_HEALTHCARE,BAYN.DE,SHL.DE,Bayer AG                      N,Siemens Healthineers AG       N,-2.990069380415601,0.03583226020743784,0.05,,False,-2.406804990561322,12.499858811615422,,,,,,,,,,,,,,
DE_HEALTHCARE,FRE.DE,MRK.DE,Fresenius SE & Co. KGaA       N,MERCK KGAA                    I,-2.78759593314952,0.060067562116754986,0.05,,False,-1.224870368983555,9.582123524319423,,,,,,,,,,,,,,
DE_HEALTHCARE,FME.DE,MRK.DE,Fresenius Medical Care AG     I,MERCK KGAA                    I,-2.6745507297264974,0.07854658157219752,0.05,,False,-0.626273000351336,6.704953589655087,,,,,,,,,,,,,,
DE_HEALTHCARE,BAYN.DE,FME.DE,Bayer AG                      N,Fresenius Medical Care AG     I,-2.31468883114271,0.16727428596976468,0.05,,False,-7.19233064555122,29.831205317505916,,,,,,,,,,,,,,
DE_HEALTHCARE,FME.DE,SHL.DE,Fresenius Medical Care AG     I,Siemens Healthineers AG       N,-1.9884127537832263,0.2916766994112241,0.05,,False,0.312974826382927,2.491985146795396,,,,,,,,,,,,,,
DE_HEALTHCARE,FME.DE,FRE.DE,Fresenius Medical Care AG     I,Fresenius SE & Co. KGaA       N,-1.893494119220206,0.33512784491905356,0.05,,False,0.3940704840689269,2.2356047183384513,,,,,,,,,,,,,,
DE_HEALTHCARE,BAYN.DE,FRE.DE,Bayer AG                      N,Fresenius SE & Co. KGaA       N,-1.819288307094361,0.3709285009383112,0.05,,False,2.296802257037746,-5.067846080955048,,,,,,,,,,,,,,
DE_HEALTHCARE,FRE.DE,SHL.DE,Fresenius SE & Co. KGaA       N,Siemens Healthineers AG       N,-1.707990943361013,0.42700007674769563,0.05,,False,-1.6173626665423184,9.8121843193059,,,,,,,,,,,,,,
DE_HEALTHCARE,BAYN.DE,MRK.DE,Bayer AG                      N,MERCK KGAA                    I,-1.5690630056477506,0.49911295852798976,0.05,,False,-8.992691802836958,46.777809120194604,,,,,,,,,,,,,,
DE_HEALTHCARE,MRK.DE,SHL.DE,MERCK KGAA                    I,Siemens Healthineers AG       N,-0.023069377122204842,0.9565821729491963,0.05,,False,1.172697333084582,0.37343520179211165,,,,,,,,,,,,,,
DE_INDUSTRIALS,KGX.DE,MTX.DE,KION GROUP AG                 I,MTU Aero Engines AG           N,-3.4999416709611677,0.007988592201130074,0.05,0.007988592201130074,True,2.372392249007822,-9.96082641444948,21.04087019923622,-0.0015458765511251315,-0.03294289513677559,63.0,-0.8996052855356891,2.0404194226684136,False,,0.8,-0.011033413376962984,0.02280200048590475,-0.30345831098777154,True,reversion signs agree
DE_INDUSTRIALS,HEI.DE,MTX.DE,Heidelberg Materials AG       I,MTU Aero Engines AG           N,-2.9590411934075207,0.03890054303048992,0.05,0.007988592201130074,False,2.836572956988951,-11.369188240019827,,,,,,,,,,,,,,
DE_INDUSTRIALS,MTX.DE,SIE.DE,MTU Aero Engines AG           N,SIEMENS AG                    N,-2.2987887220130623,0.17235893038540256,0.05,0.007988592201130074,False,0.6822958162312835,2.1357285391352727,,,,,,,,,,,,,,
DE_INDUSTRIALS,HEI.DE,KGX.DE,Heidelberg Materials AG       I,KION GROUP AG                 I,-2.122223381719295,0.2356728646483796,0.05,0.007988592201130074,False,1.2394836066310504,0.3751256161187744,,,,,,,,,,,,,,
DE_INDUSTRIALS,HEI.DE,SIE.DE,Heidelberg Materials AG       I,SIEMENS AG                    N,-1.5153261900057142,0.5259165283048167,0.05,0.007988592201130074,False,1.989601325380754,-5.601422259151795,,,,,,,,,,,,,,
DE_INDUSTRIALS,KGX.DE,SIE.DE,KION GROUP AG                 I,SIEMENS AG                    N,-0.5694271527677639,0.8777416849178792,0.05,0.007988592201130074,False,1.826807412932895,-6.008746918985974,,,,,,,,,,,,,,
DE_REAL_ESTATE,DWNI.DE,VNA.DE,Deutsche Wohnen SE            I,Vonovia SE                    N,-5.083699757025168,1.5116515332320947e-05,0.05,0.014605424652487658,True,0.8103964926721478,0.46598863465088547,15.016697502805313,0.0003201437740662342,-0.046158430003032054,45.0,-1.094868856059214,2.5066746656466585,False,,0.4,-0.0012045349430998358,-0.015291394346969689,-0.0979832491779622,False,mixed signal
DE_REAL_ESTATE,DWNI.DE,LEG.DE,Deutsche Wohnen SE            I,LEG Immobilien SE             N,-3.9751594646039288,0.001546317246475223,0.05,0.014605424652487658,True,0.548436150684887,0.7748832131083314,17.538995784048808,0.00038840255760170573,-0.039520345924841487,53.0,-2.0876321986448083,3.416218888486168,False,,0.2,-0.006343976927553283,0.13368386378000086,0.39644245634055686,False,still diverging
DE_REAL_ESTATE,DWNI.DE,GYC.DE,Deutsche Wohnen SE            I,Grand City Properties S.A.    A,-3.735403404430867,0.0036418521789071995,0.05,0.014605424652487658,True,0.861545772199143,1.0602854649810554,16.695887263960522,0.00034864194741538655,-0.041516043418438855,50.0,1.632884968855682,2.8113520825253895,False,,0.6,7.328480786550682e-05,-0.08624352573023808,-0.047862718401542104,True,reversion signs agree
DE_REAL_ESTATE,GYC.DE,LEG.DE,Grand City Properties S.A.    A,LEG Immobilien SE             N,-3.4912525407785338,0.008214609906251445,0.05,0.014605424652487658,True,0.6954268920823201,-0.5782203850360159,11.672643240650881,8.486136325839899e-05,-0.0593821952979773,35.0,-1.6089651417006634,4.226842541453161,False,,0.0,-0.009761433848086311,0.12204375791256017,0.19816912897199135,True,mixed signal
DE_REAL_ESTATE,GYC.DE,VNA.DE,Grand City Properties S.A.    A,Vonovia SE                    N,-3.3061584783961435,0.014605424652487658,0.05,0.014605424652487658,True,0.9314559882796167,-0.6602527659346227,12.268979992516043,-3.7120848306168824e-05,-0.05649590927548649,37.0,-1.4855263004976655,3.1175803455398605,False,,0.0,-0.0021114529935431147,0.09280656239407725,0.032487919457445225,True,mixed signal
DE_REAL_ESTATE,LEG.DE,VNA.DE,LEG Immobilien SE             N,Vonovia SE                    N,-2.6627225982031972,0.0807139816864284,0.05,0.014605424652487658,False,1.3389490473590286,-0.11650172246146173,,,,,,,,,,,,,,
DE_REAL_ESTATE,AT1.DE,LEG.DE,Aroundtown SA                 B,LEG Immobilien SE             N,-2.6042596717161324,0.09212007201543904,0.05,0.014605424652487658,False,0.8737889624576207,-2.699442609125994,,,,,,,,,,,,,,
DE_REAL_ESTATE,AT1.DE,GYC.DE,Aroundtown SA                 B,Grand City Properties S.A.    A,-1.9233687029875537,0.3211488418520624,0.05,0.014605424652487658,False,2.0647405710696476,-3.864073234851436,,,,,,,,,,,,,,
DE_REAL_ESTATE,AT1.DE,VNA.DE,Aroundtown SA                 B,Vonovia SE                    N,-1.8793474923382203,0.3418381946781662,0.05,0.014605424652487658,False,1.7457915739201675,-4.655879524815575,,,,,,,,,,,,,,
DE_REAL_ESTATE,AT1.DE,DWNI.DE,Aroundtown SA                 B,Deutsche Wohnen SE            I,-1.8166367251509974,0.37223386129188585,0.05,0.014605424652487658,False,1.8420424787065017,-4.699367318204574,,,,,,,,,,,,,,
DE_SOFTWARE,NEM.DE,SAP.DE,Nemetschek SE                 I,SAP SE                        I,-3.567766162650754,0.006408027810085497,0.05,0.006408027810085497,True,1.242160153589027,-2.092393434964385,13.318661536746008,-0.0002584053535005787,-0.05204330620217065,40.0,0.43257245489309637,3.7546428619113894,False,,0.6,-0.011544429119943841,-0.0062573260025518,-0.12087584529808232,False,mixed signal
DE_SOFTWARE,SAP.DE,TMV.DE,SAP SE                        I,TeamViewer SE                 I,-1.6403275115080433,0.46208966363371434,0.05,0.006408027810085497,False,0.43821181102277634,4.391361352687979,,,,,,,,,,,,,,
DE_SOFTWARE,NEM.DE,TMV.DE,Nemetschek SE                 I,TeamViewer SE                 I,-1.2129554314887485,0.6679979305519972,0.05,0.006408027810085497,False,0.5789309681392989,3.2887555348677395,,,,,,,,,,,,,,
DE_UTILITIES_ENERGY,ENR.DE,EOAN.DE,Siemens Energy AG             N,E.ON SE                       N,-1.9743646215377015,0.29792517921360606,0.05,,False,3.4773796738969125,-4.891642315808756,,,,,,,,,,,,,,
DE_UTILITIES_ENERGY,EOAN.DE,RWE.DE,E.ON SE                       N,RWE AG                        I,-1.9460915793363873,0.31069827058081984,0.05,,False,0.718385012031241,0.058611287867784245,,,,,,,,,,,,,,
DE_UTILITIES_ENERGY,ENR.DE,RWE.DE,Siemens Energy AG             N,RWE AG                        I,-1.8006509683261902,0.38013855382882245,0.05,,False,2.5684417486890285,-4.9428878846734605,,,,,,,,,,,,,,
ENERGY_UTILITIES,SSE.L,SVT.L,SSE PLC ORD 50P,SEVERN TRENT PLC ORD 97 17/19P,-4.562086960936583,0.00015162902343566513,0.05,0.0003407178953375767,True,2.395695797018353,-11.374172226221715,9.282266758051962,-0.00036279440570282344,-0.07467434395361136,28.0,-1.2376872166934034,3.0687880386626696,False,,0.4,-0.005879015630912688,0.03030626931107605,1.1031609278686698,False,mixed signal
ENERGY_UTILITIES,GCP.L,HICL.L,GCP INFRASTRUCTURE INVESTMENTS ,HICL INFRASTRUCTURE PLC ORD 0.0,-4.366039844885225,0.0003407178953375767,0.05,0.0003407178953375767,True,0.7075196122249594,0.920606717494798,9.86372249030373,-6.422394701440808e-05,-0.07027237244775746,30.0,-1.7921223029259628,2.1216228972923457,False,,0.6,0.001615315537796932,0.051571644263331384,1.0948540387978805,False,mixed signal
ENERGY_UTILITIES,NG.L,SVT.L,NATIONAL GRID PLC ORD 12 204/47,SEVERN TRENT PLC ORD 97 17/19P,-3.962172365908719,0.0016220684703298325,0.05,0.0003407178953375767,False,1.422135818090957,-4.256312834038485,,,,,,,,,,,,,,
ENERGY_UTILITIES,BP.L,ENOG.L,BP PLC $0.25,ENERGEAN PLC ORD 1P,-3.7266369131988455,0.0037537058264928407,0.05,0.0003407178953375767,False,-2.5738329797262147,23.586004090369798,,,,,,,,,,,,,,
ENERGY_UTILITIES,ENOG.L,NG.L,ENERGEAN PLC ORD 1P,NATIONAL GRID PLC ORD 12 204/47,-3.6658207724148366,0.004620424954236305,0.05,0.0003407178953375767,False,-0.7139764035381138,11.79459553434023,,,,,,,,,,,,,,
ENERGY_UTILITIES,TRIG.L,UKW.L,THE RENEWABLES INFRASTRUCTURE G,GREENCOAT UK WIND PLC ORD 1P,-3.6518405822538567,0.004843877209997644,0.05,0.0003407178953375767,False,1.078712767602392,-0.7259161246128718,,,,,,,,,,,,,,
ENERGY_UTILITIES,GCP.L,INPP.L,GCP INFRASTRUCTURE INVESTMENTS ,INTERNATIONAL PUBLIC PARTNERSHI,-3.554359147214919,0.006695980244294124,0.05,0.0003407178953375767,False,0.5743100275294555,1.5419426018334983,,,,,,,,,,,,,,
ENERGY_UTILITIES,HBR.L,PNN.L,HARBOUR ENERGY PLC ORD 0.002P,PENNON GROUP PLC ORD 61 1/20P,-3.539285528497167,0.007033653525510876,0.05,0.0003407178953375767,False,2.25447044014283,-8.655717143285562,,,,,,,,,,,,,,
ENERGY_UTILITIES,CNA.L,ENOG.L,CENTRICA PLC ORD 6 14/81P,ENERGEAN PLC ORD 1P,-3.429587892071621,0.009990637726853921,0.05,0.0003407178953375767,False,-3.1182020765680445,26.271830189589423,,,,,,,,,,,,,,
ENERGY_UTILITIES,CNA.L,UKW.L,CENTRICA PLC ORD 6 14/81P,GREENCOAT UK WIND PLC ORD 1P,-3.3860614459221052,0.011443313327300683,0.05,0.0003407178953375767,False,-1.405680026436414,11.701919473660357,,,,,,,,,,,,,,
ENERGY_UTILITIES,NG.L,SSE.L,NATIONAL GRID PLC ORD 12 204/47,SSE PLC ORD 50P,-3.382847665876433,0.011557677334343904,0.05,0.0003407178953375767,False,0.5969861172327964,2.4701633581231164,,,,,,,,,,,,,,
ENERGY_UTILITIES,ENOG.L,HICL.L,ENERGEAN PLC ORD 1P,HICL INFRASTRUCTURE PLC ORD 0.0,-3.354157176696875,0.012624525511234764,0.05,0.0003407178953375767,False,-3.0313521054528714,21.324727553495684,,,,,,,,,,,,,,
ENERGY_UTILITIES,ENOG.L,GCP.L,ENERGEAN PLC ORD 1P,GCP INFRASTRUCTURE INVESTMENTS ,-3.2930799963589275,0.015190646775576145,0.05,0.0003407178953375767,False,-7.5980099085000585,39.549388610796846,,,,,,,,,,,,,,
ENERGY_UTILITIES,BP.L,SVT.L,BP PLC $0.25,SEVERN TRENT PLC ORD 97 17/19P,-3.28851709258514,0.015399628638152023,0.05,0.0003407178953375767,False,2.099968092377352,-10.532899194450966,,,,,,,,,,,,,,
ENERGY_UTILITIES,NG.L,UU.L,NATIONAL GRID PLC ORD 12 204/47,UNITED UTILITIES GROUP PLC ORD ,-3.2586819306859893,0.016829487461213266,0.05,0.0003407178953375767,False,1.0241220112913316,-0.22064438823835975,,,,,,,,,,,,,,
ENERGY_UTILITIES,ENOG.L,UU.L,ENERGEAN PLC ORD 1P,UNITED UTILITIES GROUP PLC ORD ,-3.2362404623837775,0.017980467693459592,0.05,0.0003407178953375767,False,-0.7415666931211279,12.025123214364768,,,,,,,,,,,,,,
ENERGY_UTILITIES,INPP.L,SVT.L,INTERNATIONAL PUBLIC PARTNERSHI,SEVERN TRENT PLC ORD 97 17/19P,-3.1785086366727335,0.021262875940593725,0.05,0.0003407178953375767,False,0.6408007297344521,-0.24800065138731853,,,,,,,,,,,,,,
ENERGY_UTILITIES,CNA.L,TRIG.L,CENTRICA PLC ORD 6 14/81P,THE RENEWABLES INFRASTRUCTURE G,-3.1458724592224545,0.02333947151715383,0.05,0.0003407178953375767,False,-1.3024264432375556,10.75298684173539,,,,,,,,,,,,,,
ENERGY_UTILITIES,BP.L,NG.L,BP PLC $0.25,NATIONAL GRID PLC ORD 12 204/47,-3.1412366604510193,0.023648217672665436,0.05,0.0003407178953375767,False,1.2441979757027888,-2.623305329307952,,,,,,,,,,,,,,
ENERGY_UTILITIES,INPP.L,SSE.L,INTERNATIONAL PUBLIC PARTNERSHI,SSE PLC ORD 50P,-3.0877776606554335,0.027471018306018523,0.05,0.0003407178953375767,False,0.26467357166865335,2.8156087273751913,,,,,,,,,,,,,,
ENERGY_UTILITIES,DCC.L,ENOG.L,DCC ENERGY PLC ORD EUR0.25 (CDI,ENERGEAN PLC ORD 1P,-3.0710621600426107,0.028770165774424487,0.05,0.0003407178953375767,False,-0.6494798441631093,12.953758683697236,,,,,,,,,,,,,,
ENERGY_UTILITIES,ENOG.L,PNN.L,ENERGEAN PLC ORD 1P,PENNON GROUP PLC ORD 61 1/20P,-2.9964301362371772,0.035229128216062576,0.05,0.0003407178953375767,False,0.6678070045435601,2.6262497865629717,,,,,,,,,,,,,,
ENERGY_UTILITIES,FSFL.L,SVT.L,FORESIGHT SOLAR FUND LIMITED OR,SEVERN TRENT PLC ORD 97 17/19P,-2.9926050170550096,0.03559079358763603,0.05,0.0003407178953375767,False,-2.0786958864532914,20.76556550686164,,,,,,,,,,,,,,
ENERGY_UTILITIES,BP.L,SSE.L,BP PLC $0.25,SSE PLC ORD 50P,-2.9923692928447507,0.03561318340174253,0.05,0.0003407178953375767,False,0.6420760636880473,1.2123472556539188,,,,,,,,,,,,,,
ENERGY_UTILITIES,ENOG.L,SSE.L,ENERGEAN PLC ORD 1P,SSE PLC ORD 50P,-2.9899912179296213,0.03583972544708257,0.05,0.0003407178953375767,False,-0.29426326457145646,9.031892282341763,,,,,,,,,,,,,,
ENERGY_UTILITIES,GCP.L,SSE.L,GCP INFRASTRUCTURE INVESTMENTS ,SSE PLC ORD 50P,-2.9523438915111035,0.03959095967717247,0.05,0.0003407178953375767,False,0.07919274501953366,3.7101869376510974,,,,,,,,,,,,,,
ENERGY_UTILITIES,SVT.L,UKW.L,SEVERN TRENT PLC ORD 97 17/19P,GREENCOAT UK WIND PLC ORD 1P,-2.945241158293903,0.0403343522290254,0.05,0.0003407178953375767,False,-0.484542410562532,10.198978948522045,,,,,,,,,,,,,,
ENERGY_UTILITIES,ENOG.L,INPP.L,ENERGEAN PLC ORD 1P,INTERNATIONAL PUBLIC PARTNERSHI,-2.935942908425635,0.04132514131212387,0.05,0.0003407178953375767,False,-2.751601407802976,20.064955617739933,,,,,,,,,,,,,,
ENERGY_UTILITIES,SSE.L,UU.L,SSE PLC ORD 50P,UNITED UTILITIES GROUP PLC ORD ,-2.9315791094647485,0.04179709077876842,0.05,0.0003407178953375767,False,1.760001733744074,-4.820719836094392,,,,,,,,,,,,,,
ENERGY_UTILITIES,ENOG.L,SVT.L,ENERGEAN PLC ORD 1P,SEVERN TRENT PLC ORD 97 17/19P,-2.918697606857956,0.04321652370439152,0.05,0.0003407178953375767,False,-1.3647676382225375,17.59643468599497,,,,,,,,,,,,,,
ENERGY_UTILITIES,DCC.L,GCP.L,DCC ENERGY PLC ORD EUR0.25 (CDI,GCP INFRASTRUCTURE INVESTMENTS ,-2.909530343988195,0.04425091949978349,0.05,0.0003407178953375767,False,4.861839709874916,-12.418531813612217,,,,,,,,,,,,,,
ENERGY_UTILITIES,CNA.L,SVT.L,CENTRICA PLC ORD 6 14/81P,SEVERN TRENT PLC ORD 97 17/19P,-2.8988279068002076,0.0454844658333238,0.05,0.0003407178953375767,False,2.6118815015494645,-15.59915277054442,,,,,,,,,,,,,,
ENERGY_UTILITIES,BP.L,PNN.L,BP PLC $0.25,PENNON GROUP PLC ORD 61 1/20P,-2.8306899660565983,0.054021884568044784,0.05,0.0003407178953375767,False,10.337130766381588,-58.59856203676313,,,,,,,,,,,,,,
ENERGY_UTILITIES,BP.L,UU.L,BP PLC $0.25,UNITED UTILITIES GROUP PLC ORD ,-2.822788140033486,0.05509165118260691,0.05,0.0003407178953375767,False,1.3151814997427036,-3.186281584910594,,,,,,,,,,,,,,
ENERGY_UTILITIES,BP.L,GCP.L,BP PLC $0.25,GCP INFRASTRUCTURE INVESTMENTS ,-2.775415506131207,0.0618722047918475,0.05,0.0003407178953375767,False,9.171797845964038,-33.45464379972043,,,,,,,,,,,,,,
ENERGY_UTILITIES,GCP.L,NG.L,GCP INFRASTRUCTURE INVESTMENTS ,NATIONAL GRID PLC ORD 12 204/47,-2.774340537683341,0.06203354865011335,0.05,0.0003407178953375767,False,0.06591680161777987,3.8489745504993023,,,,,,,,,,,,,,
ENERGY_UTILITIES,GCP.L,SVT.L,GCP INFRASTRUCTURE INVESTMENTS ,SEVERN TRENT PLC ORD 97 17/19P,-2.760006977572082,0.06421746445290169,0.05,0.0003407178953375767,False,0.09932799840645185,3.5242445320806413,,,,,,,,,,,,,,
ENERGY_UTILITIES,HICL.L,INPP.L,HICL INFRASTRUCTURE PLC ORD 0.0,INTERNATIONAL PUBLIC PARTNERSHI,-2.7486519784603725,0.06599103752813673,0.05,0.0003407178953375767,False,0.8993525190090526,0.45587824512248964,,,,,,,,,,,,,,
ENERGY_UTILITIES,SVT.L,UU.L,SEVERN TRENT PLC ORD 97 17/19P,UNITED UTILITIES GROUP PLC ORD ,-2.746433643048781,0.06634206519123735,0.05,0.0003407178953375767,False,0.7196985102622623,2.8407863824861215,,,,,,,,,,,,,,
ENERGY_UTILITIES,PNN.L,TRIG.L,PENNON GROUP PLC ORD 61 1/20P,THE RENEWABLES INFRASTRUCTURE G,-2.7441803071486883,0.06670015973206896,0.05,0.0003407178953375767,False,0.565564762283592,3.7819188600094384,,,,,,,,,,,,,,
ENERGY_UTILITIES,INPP.L,NG.L,INTERNATIONAL PUBLIC PARTNERSHI,NATIONAL GRID PLC ORD 12 204/47,-2.726546574601238,0.0695561236105104,0.05,0.0003407178953375767,False,0.3773204841644245,2.1819772606986283,,,,,,,,,,,,,,
ENERGY_UTILITIES,CNA.L,PNN.L,CENTRICA PLC ORD 6 14/81P,PENNON GROUP PLC ORD 61 1/20P,-2.71224220584393,0.07194368492524798,0.05,0.0003407178953375767,False,-4.269138351638396,31.763697358339364,,,,,,,,,,,,,,
ENERGY_UTILITIES,DCC.L,HICL.L,DCC ENERGY PLC ORD EUR0.25 (CDI,HICL INFRASTRUCTURE PLC ORD 0.0,-2.709731916292276,0.07236930943639856,0.05,0.0003407178953375767,False,2.480479819962858,-3.347214923141749,,,,,,,,,,,,,,
ENERGY_UTILITIES,SVT.L,TRIG.L,SEVERN TRENT PLC ORD 97 17/19P,THE RENEWABLES INFRASTRUCTURE G,-2.69179663269937,0.07546859920999406,0.05,0.0003407178953375767,False,-0.3962605527075579,9.641361585151312,,,,,,,,,,,,,,
ENERGY_UTILITIES,FSFL.L,PNN.L,FORESIGHT SOLAR FUND LIMITED OR,PENNON GROUP PLC ORD 61 1/20P,-2.664009065891787,0.08047600418102424,0.05,0.0003407178953375767,False,4.1517532102808365,-21.646604321201522,,,,,,,,,,,,,,
ENERGY_UTILITIES,GCP.L,UU.L,GCP INFRASTRUCTURE INVESTMENTS ,UNITED UTILITIES GROUP PLC ORD ,-2.649403477053787,0.08321027800031794,0.05,0.0003407178953375767,False,0.02967127051467151,4.100807015808933,,,,,,,,,,,,,,
ENERGY_UTILITIES,UKW.L,UU.L,GREENCOAT UK WIND PLC ORD 1P,UNITED UTILITIES GROUP PLC ORD ,-2.6446828080709373,0.08410933341405108,0.05,0.0003407178953375767,False,-1.2547672286739544,13.562710170686298,,,,,,,,,,,,,,
ENERGY_UTILITIES,INPP.L,UU.L,INTERNATIONAL PUBLIC PARTNERSHI,UNITED UTILITIES GROUP PLC ORD ,-2.633620741075143,0.08624570245174007,0.05,0.0003407178953375767,False,0.4106522212872141,1.9281352775912417,,,,,,,,,,,,,,
ENERGY_UTILITIES,CNA.L,FSFL.L,CENTRICA PLC ORD 6 14/81P,FORESIGHT SOLAR FUND LIMITED OR,-2.621229414429096,0.08868847673120561,0.05,0.0003407178953375767,False,-1.4642665220041198,11.391951595671133,,,,,,,,,,,,,,
ENERGY_UTILITIES,HICL.L,SSE.L,HICL INFRASTRUCTURE PLC ORD 0.0,SSE PLC ORD 50P,-2.5701999329760485,0.09931406489130756,0.05,0.0003407178953375767,False,0.15295298173108127,3.6322026710792414,,,,,,,,,,,,,,
ENERGY_UTILITIES,NG.L,UKW.L,NATIONAL GRID PLC ORD 12 204/47,GREENCOAT UK WIND PLC ORD 1P,-2.569529661436253,0.09945980195260212,0.05,0.0003407178953375767,False,-0.8274284572722355,10.902201647967813,,,,,,,,,,,,,,
ENERGY_UTILITIES,CNA.L,GCP.L,CENTRICA PLC ORD 6 14/81P,GCP INFRASTRUCTURE INVESTMENTS ,-2.554310929972359,0.10281264376515925,0.05,0.0003407178953375767,False,-118.60848649538777,516.222364334164,,,,,,,,,,,,,,
ENERGY_UTILITIES,PNN.L,SSE.L,PENNON GROUP PLC ORD 61 1/20P,SSE PLC ORD 50P,-2.5490939690874854,0.10398142397534438,0.05,0.0003407178953375767,False,0.26095557684292914,4.280722217699386,,,,,,,,,,,,,,
ENERGY_UTILITIES,NG.L,PNN.L,NATIONAL GRID PLC ORD 12 204/47,PENNON GROUP PLC ORD 61 1/20P,-2.5455048089054984,0.10479131538619152,0.05,0.0003407178953375767,False,2.4576257780753252,-8.385957430971498,,,,,,,,,,,,,,
ENERGY_UTILITIES,HICL.L,SVT.L,HICL INFRASTRUCTURE PLC ORD 0.0,SEVERN TRENT PLC ORD 97 17/19P,-2.543449448578155,0.10525723873600912,0.05,0.0003407178953375767,False,0.3961819570282472,1.657209198738606,,,,,,,,,,,,,,
ENERGY_UTILITIES,BP.L,TRIG.L,BP PLC $0.25,THE RENEWABLES INFRASTRUCTURE G,-2.541047105213339,0.10580379112101673,0.05,0.0003407178953375767,False,-0.8805721672848742,9.925565769370305,,,,,,,,,,,,,,
ENERGY_UTILITIES,BP.L,FSFL.L,BP PLC $0.25,FORESIGHT SOLAR FUND LIMITED OR,-2.5381333330994673,0.10646955582536649,0.05,0.0003407178953375767,False,-0.9885632410079962,10.351385331217685,,,,,,,,,,,,,,
ENERGY_UTILITIES,BP.L,UKW.L,BP PLC $0.25,GREENCOAT UK WIND PLC ORD 1P,-2.5342532490145535,0.107360986772636,0.05,0.0003407178953375767,False,-1.0096737210612392,10.847511609044851,,,,,,,,,,,,,,
ENERGY_UTILITIES,ENOG.L,UKW.L,ENERGEAN PLC ORD 1P,GREENCOAT UK WIND PLC ORD 1P,-2.5299741211845896,0.10835056927170394,0.05,0.0003407178953375767,False,0.500537004461743,4.437337151240247,,,,,,,,,,,,,,
ENERGY_UTILITIES,BP.L,CNA.L,BP PLC $0.25,CENTRICA PLC ORD 6 14/81P,-2.5237872722131334,0.10979337227704988,0.05,0.0003407178953375767,False,0.6499006121814976,2.7878997040703553,,,,,,,,,,,,,,
ENERGY_UTILITIES,CNA.L,UU.L,CENTRICA PLC ORD 6 14/81P,UNITED UTILITIES GROUP PLC ORD ,-2.5002104635531013,0.11542312510169,0.05,0.0003407178953375767,False,1.7045929060328386,-6.946062524742288,,,,,,,,,,,,,,
ENERGY_UTILITIES,CNA.L,NG.L,CENTRICA PLC ORD 6 14/81P,NATIONAL GRID PLC ORD 12 204/47,-2.496504177263094,0.1163272148246724,0.05,0.0003407178953375767,False,1.6541828163746883,-6.507097005641974,,,,,,,,,,,,,,
ENERGY_UTILITIES,GCP.L,HBR.L,GCP INFRASTRUCTURE INVESTMENTS ,HARBOUR ENERGY PLC ORD 0.002P,-2.491895221826972,0.11745877928298315,0.05,0.0003407178953375767,False,0.09186594794987327,3.8091439239986347,,,,,,,,,,,,,,
ENERGY_UTILITIES,HICL.L,UU.L,HICL INFRASTRUCTURE PLC ORD 0.0,UNITED UTILITIES GROUP PLC ORD ,-2.4909000406606348,0.11770417229869873,0.05,0.0003407178953375767,False,0.22545354251639022,3.2028331402358043,,,,,,,,,,,,,,
ENERGY_UTILITIES,BP.L,INPP.L,BP PLC $0.25,INTERNATIONAL PUBLIC PARTNERSHI,-2.453679745778625,0.12715501616042657,0.05,0.0003407178953375767,False,3.336126843309758,-10.004643025273676,,,,,,,,,,,,,,
ENERGY_UTILITIES,FSFL.L,TRIG.L,FORESIGHT SOLAR FUND LIMITED OR,THE RENEWABLES INFRASTRUCTURE G,-2.4391022050087328,0.13100278889056682,0.05,0.0003407178953375767,False,0.9323945193923981,0.24859424274093556,,,,,,,,,,,,,,
ENERGY_UTILITIES,FSFL.L,SSE.L,FORESIGHT SOLAR FUND LIMITED OR,SSE PLC ORD 50P,-2.432494113196617,0.13277439353209908,0.05,0.0003407178953375767,False,-0.598291634882321,8.857070463834123,,,,,,,,,,,,,,
ENERGY_UTILITIES,BP.L,HICL.L,BP PLC $0.25,HICL INFRASTRUCTURE PLC ORD 0.0,-2.3949322941510887,0.14317184287267604,0.05,0.0003407178953375767,False,6.183796157630061,-23.54797828320555,,,,,,,,,,,,,,
ENERGY_UTILITIES,HICL.L,NG.L,HICL INFRASTRUCTURE PLC ORD 0.0,NATIONAL GRID PLC ORD 12 204/47,-2.380687479806893,0.14726157636584825,0.05,0.0003407178953375767,False,0.18423351338455524,3.5023996716617485,,,,,,,,,,,,,,
ENERGY_UTILITIES,HBR.L,HICL.L,HARBOUR ENERGY PLC ORD 0.002P,HICL INFRASTRUCTURE PLC ORD 0.0,-2.368307234068911,0.15088194323037507,0.05,0.0003407178953375767,False,6.316410381362723,-24.80749556607089,,,,,,,,,,,,,,
ENERGY_UTILITIES,ENOG.L,FSFL.L,ENERGEAN PLC ORD 1P,FORESIGHT SOLAR FUND LIMITED OR,-2.3363049618131306,0.16052603339027627,0.05,0.0003407178953375767,False,0.35196068621712095,5.2810030970635715,,,,,,,,,,,,,,
ENERGY_UTILITIES,FSFL.L,UKW.L,FORESIGHT SOLAR FUND LIMITED OR,GREENCOAT UK WIND PLC ORD 1P,-2.307412265229097,0.16958851178563694,0.05,0.0003407178953375767,False,1.013724563985804,-0.465785495072506,,,,,,,,,,,,,,
ENERGY_UTILITIES,DCC.L,INPP.L,DCC ENERGY PLC ORD EUR0.25 (CDI,INTERNATIONAL PUBLIC PARTNERSHI,-2.2988289464900684,0.17234593775256218,0.05,0.0003407178953375767,False,2.293741279136269,-2.519625618113926,,,,,,,,,,,,,,
ENERGY_UTILITIES,TRIG.L,UU.L,THE RENEWABLES INFRASTRUCTURE G,UNITED UTILITIES GROUP PLC ORD ,-2.2730391086700044,0.1808108643245051,0.05,0.0003407178953375767,False,-1.4465792987960813,14.559430278514327,,,,,,,,,,,,,,
ENERGY_UTILITIES,PNN.L,UKW.L,PENNON GROUP PLC ORD 61 1/20P,GREENCOAT UK WIND PLC ORD 1P,-2.2672830967897104,0.18273697825918273,0.05,0.0003407178953375767,False,0.6180648136363538,3.3336177872451493,,,,,,,,,,,,,,
ENERGY_UTILITIES,ENOG.L,TRIG.L,ENERGEAN PLC ORD 1P,THE RENEWABLES INFRASTRUCTURE G,-2.258433138349339,0.18572461439037152,0.05,0.0003407178953375767,False,0.40379793411062426,5.0376119932591035,,,,,,,,,,,,,,
ENERGY_UTILITIES,GCP.L,PNN.L,GCP INFRASTRUCTURE INVESTMENTS ,PENNON GROUP PLC ORD 61 1/20P,-2.258371585712717,0.1857455049583578,0.05,0.0003407178953375767,False,0.1192697937040044,3.5635225002316715,,,,,,,,,,,,,,
ENERGY_UTILITIES,GCP.L,UKW.L,GCP INFRASTRUCTURE INVESTMENTS ,GREENCOAT UK WIND PLC ORD 1P,-2.2481482585313812,0.1892365309409803,0.05,0.0003407178953375767,False,0.10227256608145602,3.826089767296915,,,,,,,,,,,,,,
ENERGY_UTILITIES,HBR.L,SVT.L,HARBOUR ENERGY PLC ORD 0.002P,SEVERN TRENT PLC ORD 97 17/19P,-2.2391065245327466,0.19235931999570144,0.05,0.0003407178953375767,False,10.8819949242865,-80.60310788154652,,,,,,,,,,,,,,
ENERGY_UTILITIES,GCP.L,TRIG.L,GCP INFRASTRUCTURE INVESTMENTS ,THE RENEWABLES INFRASTRUCTURE G,-2.237571167667957,0.19289287691910562,0.05,0.0003407178953375767,False,0.10504474869004185,3.8501362512732924,,,,,,,,,,,,,,
ENERGY_UTILITIES,FSFL.L,GCP.L,FORESIGHT SOLAR FUND LIMITED OR,GCP INFRASTRUCTURE INVESTMENTS ,-2.235332986207702,0.19367238096385708,0.05,0.0003407178953375767,False,8.23056464685279,-31.143504061228235,,,,,,,,,,,,,,
ENERGY_UTILITIES,NG.L,TRIG.L,NATIONAL GRID PLC ORD 12 204/47,THE RENEWABLES INFRASTRUCTURE G,-2.233266333751086,0.19439394230521728,0.05,0.0003407178953375767,False,-0.7277436132265789,10.173414772743094,,,,,,,,,,,,,,
ENERGY_UTILITIES,PNN.L,UU.L,PENNON GROUP PLC ORD 61 1/20P,UNITED UTILITIES GROUP PLC ORD ,-2.113081902830517,0.23928694310879667,0.05,0.0003407178953375767,False,0.6167544598711054,1.91406525809834,,,,,,,,,,,,,,
ENERGY_UTILITIES,DCC.L,SVT.L,DCC ENERGY PLC ORD EUR0.25 (CDI,SEVERN TRENT PLC ORD 97 17/19P,-2.1040844281225772,0.24287540741772523,0.05,0.0003407178953375767,False,1.5991159509993838,-4.110825217648184,,,,,,,,,,,,,,
ENERGY_UTILITIES,SSE.L,UKW.L,SSE PLC ORD 50P,GREENCOAT UK WIND PLC ORD 1P,-2.0890238688634284,0.24895100235103745,0.05,0.0003407178953375767,False,-1.7820238539807363,15.996970130011658,,,,,,,,,,,,,,
ENERGY_UTILITIES,CNA.L,HICL.L,CENTRICA PLC ORD 6 14/81P,HICL INFRASTRUCTURE PLC ORD 0.0,-2.0437436912684785,0.26772829314016366,0.05,0.0003407178953375767,False,83.05039026651545,-392.76564050917335,,,,,,,,,,,,,,
ENERGY_UTILITIES,HBR.L,SSE.L,HARBOUR ENERGY PLC ORD 0.002P,SSE PLC ORD 50P,-2.039188349850467,0.2696589834630043,0.05,0.0003407178953375767,False,0.8821105800538216,-1.2290789674579559,,,,,,,,,,,,,,
ENERGY_UTILITIES,HICL.L,PNN.L,HICL INFRASTRUCTURE PLC ORD 0.0,PENNON GROUP PLC ORD 61 1/20P,-1.9332574754393077,0.31658106188847823,0.05,0.0003407178953375767,False,0.2459992698345926,3.251078175893676,,,,,,,,,,,,,,
ENERGY_UTILITIES,FSFL.L,UU.L,FORESIGHT SOLAR FUND LIMITED OR,UNITED UTILITIES GROUP PLC ORD ,-1.9053622110832926,0.3295427774747963,0.05,0.0003407178953375767,False,-1.3032460253078997,13.503132621797423,,,,,,,,,,,,,,
ENERGY_UTILITIES,FSFL.L,HICL.L,FORESIGHT SOLAR FUND LIMITED OR,HICL INFRASTRUCTURE PLC ORD 0.0,-1.904828658717471,0.3297929780849142,0.05,0.0003407178953375767,False,8.143183258221974,-34.678955737155015,,,,,,,,,,,,,,
ENERGY_UTILITIES,FSFL.L,NG.L,FORESIGHT SOLAR FUND LIMITED OR,NATIONAL GRID PLC ORD 12 204/47,-1.891090024718993,0.3362641836880082,0.05,0.0003407178953375767,False,-1.246515961793646,13.040388277024693,,,,,,,,,,,,,,
ENERGY_UTILITIES,HBR.L,INPP.L,HARBOUR ENERGY PLC ORD 0.002P,INTERNATIONAL PUBLIC PARTNERSHI,-1.8856524781545394,0.33884044685081494,0.05,0.0003407178953375767,False,4.935030094334769,-18.334487217091077,,,,,,,,,,,,,,
ENERGY_UTILITIES,ENOG.L,HBR.L,ENERGEAN PLC ORD 1P,HARBOUR ENERGY PLC ORD 0.002P,-1.883442168985212,0.3398900768090487,0.05,0.0003407178953375767,False,0.16469342469402043,5.906832924349791,,,,,,,,,,,,,,
ENERGY_UTILITIES,SSE.L,TRIG.L,SSE PLC ORD 50P,THE RENEWABLES INFRASTRUCTURE G,-1.8780105858084741,0.3424752709299479,0.05,0.0003407178953375767,False,-1.7151258528635105,15.07397598124718,,,,,,,,,,,,,,
ENERGY_UTILITIES,HICL.L,UKW.L,HICL INFRASTRUCTURE PLC ORD 0.0,GREENCOAT UK WIND PLC ORD 1P,-1.8400206073850933,0.3607812707513586,0.05,0.0003407178953375767,False,0.11645451991573355,4.239434537612141,,,,,,,,,,,,,,
ENERGY_UTILITIES,HICL.L,TRIG.L,HICL INFRASTRUCTURE PLC ORD 0.0,THE RENEWABLES INFRASTRUCTURE G,-1.8396307480438703,0.3609710946304059,0.05,0.0003407178953375767,False,0.1472397111670264,4.145941229591454,,,,,,,,,,,,,,
ENERGY_UTILITIES,FSFL.L,INPP.L,FORESIGHT SOLAR FUND LIMITED OR,INTERNATIONAL PUBLIC PARTNERSHI,-1.8023807775012808,0.37928034593349513,0.05,0.0003407178953375767,False,-10.1162081660134,53.08063985643101,,,,,,,,,,,,,,
ENERGY_UTILITIES,CNA.L,INPP.L,CENTRICA PLC ORD 6 14/81P,INTERNATIONAL PUBLIC PARTNERSHI,-1.7564088239181204,0.4023080020660405,0.05,0.0003407178953375767,False,8.35373159038657,-35.20406786426454,,,,,,,,,,,,,,
ENERGY_UTILITIES,FSFL.L,HBR.L,FORESIGHT SOLAR FUND LIMITED OR,HARBOUR ENERGY PLC ORD 0.002P,-1.7437039221736998,0.408747105929706,0.05,0.0003407178953375767,False,-0.0048796628008512645,4.354380657722579,,,,,,,,,,,,,,
ENERGY_UTILITIES,INPP.L,UKW.L,INTERNATIONAL PUBLIC PARTNERSHI,GREENCOAT UK WIND PLC ORD 1P,-1.730503976394888,0.41546837793448516,0.05,0.0003407178953375767,False,-0.06934061440163258,5.147170266494595,,,,,,,,,,,,,,
ENERGY_UTILITIES,BP.L,DCC.L,BP PLC $0.25,DCC ENERGY PLC ORD EUR0.25 (CDI,-1.6887831620890876,0.43690079839920526,0.05,0.0003407178953375767,False,2.9092951073028868,-18.756457831299915,,,,,,,,,,,,,,
ENERGY_UTILITIES,PNN.L,SVT.L,PENNON GROUP PLC ORD 61 1/20P,SEVERN TRENT PLC ORD 97 17/19P,-1.6472193355967906,0.45849102420873766,0.05,0.0003407178953375767,False,2.944846331763296,-17.030812392761902,,,,,,,,,,,,,,
ENERGY_UTILITIES,CNA.L,HBR.L,CENTRICA PLC ORD 6 14/81P,HARBOUR ENERGY PLC ORD 0.002P,-1.6467825285669946,0.4587189670316523,0.05,0.0003407178953375767,False,-1.0358412478798196,10.699010744960354,,,,,,,,,,,,,,
ENERGY_UTILITIES,INPP.L,PNN.L,INTERNATIONAL PUBLIC PARTNERSHI,PENNON GROUP PLC ORD 61 1/20P,-1.5687200730786528,0.4992847057861941,0.05,0.0003407178953375767,False,0.3326641672258401,2.738051332846669,,,,,,,,,,,,,,
ENERGY_UTILITIES,HBR.L,TRIG.L,HARBOUR ENERGY PLC ORD 0.002P,THE RENEWABLES INFRASTRUCTURE G,-1.5575322629648747,0.5048836124426918,0.05,0.0003407178953375767,False,2.146248218078638,-3.9409631563093175,,,,,,,,,,,,,,
ENERGY_UTILITIES,INPP.L,TRIG.L,INTERNATIONAL PUBLIC PARTNERSHI,THE RENEWABLES INFRASTRUCTURE G,-1.543840158162097,0.5117236293528091,0.05,0.0003407178953375767,False,-0.0030773233638074784,4.832743974056744,,,,,,,,,,,,,,
ENERGY_UTILITIES,HBR.L,UKW.L,HARBOUR ENERGY PLC ORD 0.002P,GREENCOAT UK WIND PLC ORD 1P,-1.5420308674931456,0.5126263758960095,0.05,0.0003407178953375767,False,2.5638997718127126,-6.675049921688991,,,,,,,,,,,,,,
ENERGY_UTILITIES,HBR.L,UU.L,HARBOUR ENERGY PLC ORD 0.002P,UNITED UTILITIES GROUP PLC ORD ,-1.4627358786007332,0.5518582932596866,0.05,0.0003407178953375767,False,15.873465483085885,-106.30633594429207,,,,,,,,,,,,,,
ENERGY_UTILITIES,DCC.L,UU.L,DCC ENERGY PLC ORD EUR0.25 (CDI,UNITED UTILITIES GROUP PLC ORD ,-1.4517686787405877,0.5572216413950093,0.05,0.0003407178953375767,False,0.14676803284180473,7.50125569340298,,,,,,,,,,,,,,
ENERGY_UTILITIES,DCC.L,SSE.L,DCC ENERGY PLC ORD EUR0.25 (CDI,SSE PLC ORD 50P,-1.3985364113210366,0.5829775798471061,0.05,0.0003407178953375767,False,0.06944113609298938,8.008863805439228,,,,,,,,,,,,,,
ENERGY_UTILITIES,BP.L,HBR.L,BP PLC $0.25,HARBOUR ENERGY PLC ORD 0.002P,-1.370412234085671,0.5963758253561702,0.05,0.0003407178953375767,False,0.6087889223131798,2.7559147157495065,,,,,,,,,,,,,,
ENERGY_UTILITIES,DCC.L,FSFL.L,DCC ENERGY PLC ORD EUR0.25 (CDI,FORESIGHT SOLAR FUND LIMITED OR,-1.3342271104076535,0.6133715858023513,0.05,0.0003407178953375767,False,-0.03562395282221595,8.68873070400265,,,,,,,,,,,,,,
ENERGY_UTILITIES,DCC.L,NG.L,DCC ENERGY PLC ORD EUR0.25 (CDI,NATIONAL GRID PLC ORD 12 204/47,-1.324177664281735,0.618039705128393,0.05,0.0003407178953375767,False,0.04245917966439312,8.23778672396754,,,,,,,,,,,,,,
ENERGY_UTILITIES,CNA.L,SSE.L,CENTRICA PLC ORD 6 14/81P,SSE PLC ORD 50P,-1.3227426590615419,0.6187043649789014,0.05,0.0003407178953375767,False,0.9483190655254923,-2.1241987408075733,,,,,,,,,,,,,,
ENERGY_UTILITIES,DCC.L,HBR.L,DCC ENERGY PLC ORD EUR0.25 (CDI,HARBOUR ENERGY PLC ORD 0.002P,-1.3026424814788944,0.6279625096973891,0.05,0.0003407178953375767,False,0.253496478073731,7.1533038835388645,,,,,,,,,,,,,,
ENERGY_UTILITIES,CNA.L,DCC.L,CENTRICA PLC ORD 6 14/81P,DCC ENERGY PLC ORD EUR0.25 (CDI,-1.2596680655013452,0.6474164258721066,0.05,0.0003407178953375767,False,-13.687928952147105,121.87532874717155,,,,,,,,,,,,,,
ENERGY_UTILITIES,DCC.L,TRIG.L,DCC ENERGY PLC ORD EUR0.25 (CDI,THE RENEWABLES INFRASTRUCTURE G,-1.160706046096846,0.6902665884513919,0.05,0.0003407178953375767,False,0.08342924246790047,8.169557200529631,,,,,,,,,,,,,,
ENERGY_UTILITIES,HBR.L,NG.L,HARBOUR ENERGY PLC ORD 0.002P,NATIONAL GRID PLC ORD 12 204/47,-1.1412012553432458,0.6983649083607507,0.05,0.0003407178953375767,False,12.363165445161417,-80.96425700820406,,,,,,,,,,,,,,
ENERGY_UTILITIES,DCC.L,UKW.L,DCC ENERGY PLC ORD EUR0.25 (CDI,GREENCOAT UK WIND PLC ORD 1P,-1.1293854223955846,0.7032122379303212,0.05,0.0003407178953375767,False,0.1142386990446293,7.994359526239796,,,,,,,,,,,,,,
ENERGY_UTILITIES,DCC.L,PNN.L,DCC ENERGY PLC ORD EUR0.25 (CDI,PENNON GROUP PLC ORD 61 1/20P,-1.008308896876339,0.7502217711620944,0.05,0.0003407178953375767,False,0.17703093174240078,7.4270082686433145,,,,,,,,,,,,,,
ES_BANKS,CABK.MC,SAN.MC,"CAIXABANK, S.A.",BANCO SANTANDER S.A.,-4.296736496656546,0.0004500284235175629,0.05,0.008414017433827574,True,0.8908165293541781,0.2680502807231857,9.61482234850953,2.045158334135459e-05,-0.07209152238443547,29.0,-1.8383939433016727,3.0190244897338165,True,2026-10-07 00:00:00,0.6,-0.008185947473130012,-0.19438561361651563,-1.4852528586197296,True,reversion signs agree
ES_BANKS,BBVA.MC,SAN.MC,BANCO BILBAO VIZCAYA ARGENTARIA,BANCO SANTANDER S.A.,-3.589688643664156,0.005961246338374149,0.05,0.008414017433827574,True,0.9222835496406399,0.801851426442137,13.165731239209379,-7.138378709908248e-05,-0.05264783003435894,39.0,-2.5723735196290125,3.026605680035942,True,2026-10-09 00:00:00,0.8,-0.005792876259312743,-0.4261570064162101,-1.30654617323935,False,mixed signal
ES_BANKS,BBVA.MC,CABK.MC,BANCO BILBAO VIZCAYA ARGENTARIA,"CAIXABANK, S.A.",-3.483763050150042,0.008414017433827574,0.05,0.008414017433827574,True,1.0355567347856667,0.5238681503344442,14.68639584729498,-9.501387083643034e-05,-0.04719654759187312,44.0,0.7708290011067549,3.4003168450976777,False,,0.6,0.0024173379625938595,-0.028833486984608525,0.8509780314476605,True,reversion signs agree
ES_BANKS,BKT.MC,SAN.MC,"BANKINTER, S.A.",BANCO SANTANDER S.A.,-3.1470520706613856,0.02326146700444644,0.05,0.008414017433827574,False,0.7819552251481681,0.8296483280562097,,,,,,,,,,,,,,
ES_BANKS,BKT.MC,SAB.MC,"BANKINTER, S.A.",BANCO DE SABADELL,-2.976730778586066,0.03712533717340547,0.05,0.008414017433827574,False,1.0238582075495297,1.5389331580720387,,,,,,,,,,,,,,
ES_BANKS,BBVA.MC,BKT.MC,BANCO BILBAO VIZCAYA ARGENTARIA,"BANKINTER, S.A.",-2.426586297009501,0.13437277943307552,0.05,0.008414017433827574,False,1.1804098927921756,-0.17891527709339217,,,,,,,,,,,,,,
ES_BANKS,SAB.MC,SAN.MC,BANCO DE SABADELL,BANCO SANTANDER S.A.,-1.6017614339872626,0.4827085842346331,0.05,0.008414017433827574,False,0.7603463577096067,-0.6861942047407352,,,,,,,,,,,,,,
ES_BANKS,BBVA.MC,SAB.MC,BANCO BILBAO VIZCAYA ARGENTARIA,BANCO DE SABADELL,-1.4183063151767639,0.5734690594866312,0.05,0.008414017433827574,False,1.2129613444530756,1.6342032871047953,,,,,,,,,,,,,,
ES_BANKS,BKT.MC,CABK.MC,"BANKINTER, S.A.","CAIXABANK, S.A.",-1.3258515877763661,0.617263773056,0.05,0.008414017433827574,False,0.8776100499661035,0.5947256916787829,,,,,,,,,,,,,,
ES_BANKS,CABK.MC,SAB.MC,"CAIXABANK, S.A.",BANCO DE SABADELL,-1.2880044433293163,0.6346422708780992,0.05,0.008414017433827574,False,1.171055174346649,1.0724138961488872,,,,,,,,,,,,,,
ES_UTILITIES,ENC.MC,IBE.MC,"ENCE ENERGIA Y CELULOSA, S.A.",ACCIONES IBERDROLA,-3.293078155246244,0.015190730592789775,0.05,,False,-0.6279975489363337,2.723002750293147,,,,,,,,,,,,,,
ES_UTILITIES,RED.MC,SLR.MC,"REDEIA CORPORACION, S.A.",SOLARIA ENERGIA Y MEDIO AMBIENT,-3.266668745835382,0.016435732149936853,0.05,,False,-0.09951967310186993,2.977395077109773,,,,,,,,,,,,,,
ES_UTILITIES,ENC.MC,SLR.MC,"ENCE ENERGIA Y CELULOSA, S.A.",SOLARIA ENERGIA Y MEDIO AMBIENT,-3.152206685721139,0.02292324398874694,0.05,,False,-0.2622959880614748,1.6701733862117458,,,,,,,,,,,,,,
ES_UTILITIES,IBE.MC,NTGY.MC,ACCIONES IBERDROLA,"NATURGY ENERGY GROUP, S.A.",-2.7417451447436045,0.06708888623936339,0.05,,False,1.822343177701544,-3.027325380147318,,,,,,,,,,,,,,
ES_UTILITIES,IBE.MC,RED.MC,ACCIONES IBERDROLA,"REDEIA CORPORACION, S.A.",-2.7105478634118017,0.07223074560329816,0.05,,False,-7.558982547495635,23.34047596779662,,,,,,,,,,,,,,
ES_UTILITIES,ENC.MC,RED.MC,"ENCE ENERGIA Y CELULOSA, S.A.","REDEIA CORPORACION, S.A.",-2.647966219318787,0.0834832088286378,0.05,,False,3.2525668452878875,-7.859480407322155,,,,,,,,,,,,,,
ES_UTILITIES,NTGY.MC,RED.MC,"NATURGY ENERGY GROUP, S.A.","REDEIA CORPORACION, S.A.",-2.4866565681757358,0.11875477356844405,0.05,,False,-7.2525962525516725,22.935341485940853,,,,,,,,,,,,,,
ES_UTILITIES,IBE.MC,SLR.MC,ACCIONES IBERDROLA,SOLARIA ENERGIA Y MEDIO AMBIENT,-2.1545987149028263,0.22313396772563254,0.05,,False,0.3823874894983412,1.7652837091757172,,,,,,,,,,,,,,
ES_UTILITIES,NTGY.MC,SLR.MC,"NATURGY ENERGY GROUP, S.A.",SOLARIA ENERGIA Y MEDIO AMBIENT,-2.1392463884940134,0.2290289463935405,0.05,,False,0.16863944399656228,2.7335881820806485,,,,,,,,,,,,,,
ES_UTILITIES,ENC.MC,NTGY.MC,"ENCE ENERGIA Y CELULOSA, S.A.","NATURGY ENERGY GROUP, S.A.",-1.9784019160428488,0.29612265119652625,0.05,,False,-1.260217782414114,4.989823594447866,,,,,,,,,,,,,,
FINANCIALS,BEZ.L,ICG.L,BEAZLEY PLC ORD 5P,ICG PLC ORD 26 1/4P,-4.327730041395882,0.0003975787322247231,0.05,,False,-2.1914002377793333,23.475607721236454,,,,,,,,,,,,,,
FINANCIALS,ASHM.L,INVP.L,ASHMORE GROUP PLC ORD 0.01P,INVESTEC PLC ORD GBP0.0002,-3.965198149357598,0.0016041176235853166,0.05,,False,1.960558781508117,-7.226273294420223,,,,,,,,,,,,,,
FINANCIALS,ABDN.L,MNG.L,ABERDEEN GROUP PLC ORD 13 61/63,M&G PLC,-3.862095440356099,0.0023322064186138596,0.05,,False,0.9932582621923228,-0.2710584764711186,,,,,,,,,,,,,,
FINANCIALS,BEZ.L,SDR.L,BEAZLEY PLC ORD 5P,SCHRODERS PLC ORD 20P,-3.8418031311385596,0.0025074335595502138,0.05,,False,0.9244922589590148,1.2811929975929788,,,,,,,,,,,,,,
FINANCIALS,PRU.L,STJ.L,PRUDENTIAL PLC ORD 5P,ST. JAMES'S PLACE PLC ORD 15P,-3.7882132359392733,0.0030302375504042763,0.05,,False,0.9407748143543501,0.20966016179290747,,,,,,,,,,,,,,
FINANCIALS,HSBA.L,LGEN.L,HSBC HOLDINGS PLC ORD $0.50 (UK,LEGAL & GENERAL GROUP PLC ORD 2,-3.6456253728397128,0.00494634344678228,0.05,,False,4.020102497303871,-15.247706223310633,,,,,,,,,,,,,,
FINANCIALS,LGEN.L,STAN.L,LEGAL & GENERAL GROUP PLC ORD 2,STANDARD CHARTERED PLC ORD USD0,-3.559161407038527,0.006591520757663263,0.05,,False,0.19203818961599955,4.125024886055529,,,,,,,,,,,,,,
FINANCIALS,BGEO.L,LGEN.L,LION FINANCE GROUP PLC ORD 1P,LEGAL & GENERAL GROUP PLC ORD 2,-3.53211667904311,0.007199578486612753,0.05,,False,5.868088095865202,-23.442769088722102,,,,,,,,,,,,,,
FINANCIALS,LGEN.L,MNG.L,LEGAL & GENERAL GROUP PLC ORD 2,M&G PLC,-3.515834884250717,0.007589612572121871,0.05,,False,0.35712377698674547,3.5331129470715554,,,,,,,,,,,,,,
FINANCIALS,ICG.L,LGEN.L,ICG PLC ORD 26 1/4P,LEGAL & GENERAL GROUP PLC ORD 2,-3.485147016622411,0.008376845060833195,0.05,,False,-2.2126849122100585,19.764633828356146,,,,,,,,,,,,,,
FINANCIALS,ABDN.L,LGEN.L,ABERDEEN GROUP PLC ORD 13 61/63,LEGAL & GENERAL GROUP PLC ORD 2,-3.4834367394885946,0.00842280346630225,0.05,,False,2.8331826344449924,-10.383013662992209,,,,,,,,,,,,,,
FINANCIALS,ICG.L,SDR.L,ICG PLC ORD 26 1/4P,SCHRODERS PLC ORD 20P,-3.469169175919025,0.008815111164082573,0.05,,False,-0.38038035262714825,9.879250245869798,,,,,,,,,,,,,,
FINANCIALS,ABDN.L,BGEO.L,ABERDEEN GROUP PLC ORD 13 61/63,LION FINANCE GROUP PLC ORD 1P,-3.464148480166867,0.008957013383763018,0.05,,False,0.46648087947853567,1.0794762108868188,,,,,,,,,,,,,,
FINANCIALS,BARC.L,STAN.L,BARCLAYS PLC ORD 25P,STANDARD CHARTERED PLC ORD USD0,-3.383883321184961,0.011520712494150799,0.05,,False,0.8334271087123545,-0.13499098377829633,,,,,,,,,,,,,,
FINANCIALS,ABDN.L,STAN.L,ABERDEEN GROUP PLC ORD 13 61/63,STANDARD CHARTERED PLC ORD USD0,-3.380460987019697,0.011643265103492883,0.05,,False,0.5232216185660075,1.4530606286296526,,,,,,,,,,,,,,
FINANCIALS,BARC.L,LGEN.L,BARCLAYS PLC ORD 25P,LEGAL & GENERAL GROUP PLC ORD 2,-3.3776836733685487,0.01174357032001506,0.05,,False,4.246635932808531,-17.524413231911634,,,,,,,,,,,,,,
FINANCIALS,BARC.L,NWG.L,BARCLAYS PLC ORD 25P,NATWEST GROUP PLC ORD 107.69P,-3.370664725482072,0.012000497244899492,0.05,,False,1.217414861978629,-1.7203431557180506,,,,,,,,,,,,,,
FINANCIALS,LGEN.L,LLOY.L,LEGAL & GENERAL GROUP PLC ORD 2,LLOYDS BANKING GROUP PLC ORD 10,-3.3393675655401402,0.013207872250426864,0.05,,False,0.26750809705514267,4.336285683415042,,,,,,,,,,,,,,
FINANCIALS,BGEO.L,NWG.L,LION FINANCE GROUP PLC ORD 1P,NATWEST GROUP PLC ORD 107.69P,-3.3318642967534835,0.01351284961641678,0.05,,False,1.6883043467549528,-1.6419087592307484,,,,,,,,,,,,,,
FINANCIALS,AV.L,PRU.L,AVIVA PLC ORD 32 17/19P,PRUDENTIAL PLC ORD 5P,-3.286263180146539,0.015503788805316434,0.05,,False,0.5878282175828693,2.380035232376437,,,,,,,,,,,,,,
FINANCIALS,BGEO.L,LLOY.L,LION FINANCE GROUP PLC ORD 1P,LLOYDS BANKING GROUP PLC ORD 10,-3.279460574393732,0.015821925920432352,0.05,,False,1.548369159696764,2.0958394188896676,,,,,,,,,,,,,,
FINANCIALS,ABDN.L,LLOY.L,ABERDEEN GROUP PLC ORD 13 61/63,LLOYDS BANKING GROUP PLC ORD 10,-3.205695641216139,0.019657351239959785,0.05,,False,0.7442756943336438,1.961641020484898,,,,,,,,,,,,,,
FINANCIALS,ABDN.L,HSBA.L,ABERDEEN GROUP PLC ORD 13 61/63,HSBC HOLDINGS PLC ORD $0.50 (UK,-3.1958883625791326,0.02022391392585568,0.05,,False,0.6826324122740965,0.5145071730558213,,,,,,,,,,,,,,
FINANCIALS,NWG.L,PRU.L,NATWEST GROUP PLC ORD 107.69P,PRUDENTIAL PLC ORD 5P,-3.182073420489066,0.021046073235749977,0.05,,False,0.9542411550848365,-0.264923013206281,,,,,,,,,,,,,,
FINANCIALS,HSBA.L,ICG.L,HSBC HOLDINGS PLC ORD $0.50 (UK,ICG PLC ORD 26 1/4P,-3.1720962174620255,0.02165774814828006,0.05,,False,-3.5398635684518247,33.755138269258175,,,,,,,,,,,,,,
FINANCIALS,LGEN.L,NWG.L,LEGAL & GENERAL GROUP PLC ORD 2,NATWEST GROUP PLC ORD 107.69P,-3.1712934182920938,0.0217076291208824,0.05,,False,0.2828129974172669,3.7454979191883195,,,,,,,,,,,,,,
FINANCIALS,AV.L,STJ.L,AVIVA PLC ORD 32 17/19P,ST. JAMES'S PLACE PLC ORD 15P,-3.162164912295732,0.02228186057081899,0.05,,False,0.5394964763867921,2.5975643820715986,,,,,,,,,,,,,,
FINANCIALS,BEZ.L,LGEN.L,BEAZLEY PLC ORD 5P,LEGAL & GENERAL GROUP PLC ORD 2,-3.139825845770731,0.02374287577740177,0.05,,False,3.5221833476424558,-12.542399490348284,,,,,,,,,,,,,,
FINANCIALS,LGEN.L,SDR.L,LEGAL & GENERAL GROUP PLC ORD 2,SCHRODERS PLC ORD 20P,-3.1353961952104106,0.024042210362907886,0.05,,False,0.2672642834600714,3.8960273622054546,,,,,,,,,,,,,,
FINANCIALS,BGEO.L,ICG.L,LION FINANCE GROUP PLC ORD 1P,ICG PLC ORD 26 1/4P,-3.1328582509353606,0.02421517532094724,0.05,,False,-5.235054714769132,48.60248487930905,,,,,,,,,,,,,,
FINANCIALS,ICG.L,LLOY.L,ICG PLC ORD 26 1/4P,LLOYDS BANKING GROUP PLC ORD 10,-3.1063001762381965,0.0260904468366372,0.05,,False,-0.30412728713103687,8.919995061160662,,,,,,,,,,,,,,
FINANCIALS,ICG.L,MNG.L,ICG PLC ORD 26 1/4P,M&G PLC,-3.102617523104538,0.02636008550754861,0.05,,False,-0.4155567976111781,9.885638829065256,,,,,,,,,,,,,,
FINANCIALS,NWG.L,STJ.L,NATWEST GROUP PLC ORD 107.69P,ST. JAMES'S PLACE PLC ORD 15P,-3.0310458439800967,0.032095076761255066,0.05,,False,0.9005248501763069,-0.08437840081100045,,,,,,,,,,,,,,
FINANCIALS,ASHM.L,ICG.L,ASHMORE GROUP PLC ORD 0.01P,ICG PLC ORD 26 1/4P,-3.022716888881183,0.03282670336628238,0.05,,False,-2.1606607117671266,21.606779546650344,,,,,,,,,,,,,,
FINANCIALS,ABDN.L,ICG.L,ABERDEEN GROUP PLC ORD 13 61/63,ICG PLC ORD 26 1/4P,-3.010443834377604,0.03393052161164278,0.05,,False,-2.829773994639214,26.69798104370935,,,,,,,,,,,,,,
FINANCIALS,JUP.L,STJ.L,JUPITER FUND MANAGEMENT PLC ORD,ST. JAMES'S PLACE PLC ORD 15P,-2.9799547383390457,0.03680925466394703,0.05,,False,1.5827377869017163,-6.310567617113265,,,,,,,,,,,,,,
FINANCIALS,BGEO.L,STAN.L,LION FINANCE GROUP PLC ORD 1P,STANDARD CHARTERED PLC ORD USD0,-2.9693608862624163,0.03785647516648149,0.05,,False,1.1391569478521033,0.6755857821049034,,,,,,,,,,,,,,
FINANCIALS,ICG.L,INVP.L,ICG PLC ORD 26 1/4P,INVESTEC PLC ORD GBP0.0002,-2.9484435191248384,0.03999775120870243,0.05,,False,-2.338862793502973,22.408264448366197,,,,,,,,,,,,,,
FINANCIALS,BGEO.L,HSBA.L,LION FINANCE GROUP PLC ORD 1P,HSBC HOLDINGS PLC ORD $0.50 (UK,-2.9145841577522464,0.04367815352464587,0.05,,False,1.45048038427588,-1.1227974533111595,,,,,,,,,,,,,,
FINANCIALS,BNKR.L,LGEN.L,BANKERS INVESTMENT TRUST PLC OR,LEGAL & GENERAL GROUP PLC ORD 2,-2.9043941444633585,0.04483939918003882,0.05,,False,1.4013510310075004,-2.883054246118153,,,,,,,,,,,,,,
FINANCIALS,ICG.L,PRU.L,ICG PLC ORD 26 1/4P,PRUDENTIAL PLC ORD 5P,-2.8718862628780504,0.04871627751373507,0.05,,False,-0.27880639090353615,9.487175881398263,,,,,,,,,,,,,,
FINANCIALS,ABDN.L,BARC.L,ABERDEEN GROUP PLC ORD 13 61/63,BARCLAYS PLC ORD 25P,-2.859305026671741,0.05028905426950171,0.05,,False,0.6453350711004032,1.4356601874573047,,,,,,,,,,,,,,
FINANCIALS,NWG.L,STAN.L,NATWEST GROUP PLC ORD 107.69P,STANDARD CHARTERED PLC ORD USD0,-2.8572102176443526,0.05055493544393571,0.05,,False,0.6801931756938135,1.333647024951964,,,,,,,,,,,,,,
FINANCIALS,ABDN.L,NWG.L,ABERDEEN GROUP PLC ORD 13 61/63,NATWEST GROUP PLC ORD 107.69P,-2.82280611824135,0.05508919779106548,0.05,,False,0.7916330462125118,0.2883277955502326,,,,,,,,,,,,,,
FINANCIALS,HSBA.L,SDR.L,HSBC HOLDINGS PLC ORD $0.50 (UK,SCHRODERS PLC ORD 20P,-2.8005420837110755,0.05819637698084828,0.05,,False,1.1991364175253034,-0.3327805732362137,,,,,,,,,,,,,,
FINANCIALS,ICG.L,NWG.L,ICG PLC ORD 26 1/4P,NATWEST GROUP PLC ORD 107.69P,-2.794322300263584,0.05908937510664731,0.05,,False,-0.2915913635255765,9.406148670966925,,,,,,,,,,,,,,
FINANCIALS,ICG.L,JUP.L,ICG PLC ORD 26 1/4P,JUPITER FUND MANAGEMENT PLC ORD,-2.7830698144039725,0.06073311596203577,0.05,,False,-0.1753801188283758,8.428598433141806,,,,,,,,,,,,,,
FINANCIALS,BARC.L,ICG.L,BARCLAYS PLC ORD 25P,ICG PLC ORD 26 1/4P,-2.779320491207542,0.06128894373386884,0.05,,False,-4.512726300748973,40.1169112449272,,,,,,,,,,,,,,
FINANCIALS,AV.L,ICG.L,AVIVA PLC ORD 32 17/19P,ICG PLC ORD 26 1/4P,-2.763396490829406,0.063695528508096,0.05,,False,-1.948782199265141,21.169778608051566,,,,,,,,,,,,,,
FINANCIALS,AJB.L,INVP.L,AJ BELL PLC ORD GBP0.000125,INVESTEC PLC ORD GBP0.0002,-2.7603738365447086,0.06416080823585757,0.05,,False,1.7300703991998487,-4.785126219475231,,,,,,,,,,,,,,
FINANCIALS,INVP.L,JUP.L,INVESTEC PLC ORD GBP0.0002,JUPITER FUND MANAGEMENT PLC ORD,-2.7303118901532537,0.06893825268075286,0.05,,False,0.15475800910705778,5.599869592642962,,,,,,,,,,,,,,
FINANCIALS,ABDN.L,JUP.L,ABERDEEN GROUP PLC ORD 13 61/63,JUPITER FUND MANAGEMENT PLC ORD,-2.7273662753940853,0.06942124035820924,0.05,,False,0.48531333141862204,2.898843415607936,,,,,,,,,,,,,,
FINANCIALS,ASHM.L,JUP.L,ASHMORE GROUP PLC ORD 0.01P,JUPITER FUND MANAGEMENT PLC ORD,-2.721295760206563,0.07042511059946963,0.05,,False,0.3326366299861665,3.614395601800698,,,,,,,,,,,,,,
FINANCIALS,ICG.L,STAN.L,ICG PLC ORD 26 1/4P,STANDARD CHARTERED PLC ORD USD0,-2.7036668709574987,0.07340588681283668,0.05,,False,-0.18447652965185296,8.918160430178409,,,,,,,,,,,,,,
FINANCIALS,BARC.L,BGEO.L,BARCLAYS PLC ORD 25P,LION FINANCE GROUP PLC ORD 1P,-2.6927668295746368,0.07529830870641831,0.05,,False,0.7289029444485742,-0.6053188249148294,,,,,,,,,,,,,,
FINANCIALS,INVP.L,SDR.L,INVESTEC PLC ORD GBP0.0002,SCHRODERS PLC ORD 20P,-2.691334654937186,0.07554979296550328,0.05,,False,0.26953329030122525,4.716122520454006,,,,,,,,,,,,,,
FINANCIALS,BGEO.L,STJ.L,LION FINANCE GROUP PLC ORD 1P,ST. JAMES'S PLACE PLC ORD 15P,-2.678171249105358,0.07789236317089607,0.05,,False,1.5941461226546192,-2.2990253659494577,,,,,,,,,,,,,,
FINANCIALS,LLOY.L,NWG.L,LLOYDS BANKING GROUP PLC ORD 10,NATWEST GROUP PLC ORD 107.69P,-2.675281052922067,0.07841426800611292,0.05,,False,1.0820690687662333,-2.3625147668760524,,,,,,,,,,,,,,
FINANCIALS,ADM.L,AJB.L,ADMIRAL GROUP PLC ORD 0.1P,AJ BELL PLC ORD GBP0.000125,-2.6742051016584383,0.07860926049523569,0.05,,False,0.9068692134545504,2.425497120729296,,,,,,,,,,,,,,
FINANCIALS,BNKR.L,HSBA.L,BANKERS INVESTMENT TRUST PLC OR,HSBC HOLDINGS PLC ORD $0.50 (UK,-2.641537832230069,0.08471247858721398,0.05,,False,0.35188240321148617,2.409483660108184,,,,,,,,,,,,,,
FINANCIALS,ADM.L,AV.L,ADMIRAL GROUP PLC ORD 0.1P,AVIVA PLC ORD 32 17/19P,-2.62970289998868,0.08701234656822693,0.05,,False,0.7194249223238907,3.444217545774505,,,,,,,,,,,,,,
FINANCIALS,AJB.L,ICG.L,AJ BELL PLC ORD GBP0.000125,ICG PLC ORD 26 1/4P,-2.624753320864981,0.08798841267226687,0.05,,False,-1.3866709625937221,16.70682314178001,,,,,,,,,,,,,,
FINANCIALS,BEZ.L,INVP.L,BEAZLEY PLC ORD 5P,INVESTEC PLC ORD GBP0.0002,-2.6162829840271113,0.08967838751656987,0.05,,False,4.886315236161466,-24.116146014203977,,,,,,,,,,,,,,
FINANCIALS,ABDN.L,ADM.L,ABERDEEN GROUP PLC ORD 13 61/63,ADMIRAL GROUP PLC ORD 0.1P,-2.6146412166016066,0.09000882469329424,0.05,,False,2.079460062721184,-11.483694147076907,,,,,,,,,,,,,,
FINANCIALS,ADM.L,LGEN.L,ADMIRAL GROUP PLC ORD 0.1P,LEGAL & GENERAL GROUP PLC ORD 2,-2.6113831775835137,0.09066734494897505,0.05,,False,1.8008889941707498,-1.8811836987202941,,,,,,,,,,,,,,
FINANCIALS,ABDN.L,AJB.L,ABERDEEN GROUP PLC ORD 13 61/63,AJ BELL PLC ORD GBP0.000125,-2.6090005673918775,0.09115126535455143,0.05,,False,1.919322541549421,-6.646787943689118,,,,,,,,,,,,,,
FINANCIALS,LLOY.L,STAN.L,LLOYDS BANKING GROUP PLC ORD 10,STANDARD CHARTERED PLC ORD USD0,-2.57991752134893,0.09721934812369681,0.05,,False,0.7296047140722467,-0.8735779791445761,,,,,,,,,,,,,,
FINANCIALS,BEZ.L,HSBA.L,BEAZLEY PLC ORD 5P,HSBC HOLDINGS PLC ORD $0.50 (UK,-2.5620221075654257,0.10110327605611175,0.05,,False,0.7671892524625387,1.5636380801876086,,,,,,,,,,,,,,
FINANCIALS,INVP.L,MNG.L,INVESTEC PLC ORD GBP0.0002,M&G PLC,-2.5524471144382583,0.10322905919069153,0.05,,False,0.3017760076583687,4.671336499857725,,,,,,,,,,,,,,
FINANCIALS,ABDN.L,BEZ.L,ABERDEEN GROUP PLC ORD 13 61/63,BEAZLEY PLC ORD 5P,-2.5459328684784173,0.10469447544650845,0.05,,False,0.8527737308805823,-0.6242854743204536,,,,,,,,,,,,,,
FINANCIALS,ADM.L,BGEO.L,ADMIRAL GROUP PLC ORD 0.1P,LION FINANCE GROUP PLC ORD 1P,-2.5441562097036003,0.10509684978685602,0.05,,False,0.20887815461055384,6.177823603658537,,,,,,,,,,,,,,
FINANCIALS,BNKR.L,STAN.L,BANKERS INVESTMENT TRUST PLC OR,STANDARD CHARTERED PLC ORD USD0,-2.5342957207705727,0.10735119889968198,0.05,,False,0.27182542238502416,2.878160080582135,,,,,,,,,,,,,,
FINANCIALS,BARC.L,PRU.L,BARCLAYS PLC ORD 25P,PRUDENTIAL PLC ORD 5P,-2.529807783664884,0.1083891735111101,0.05,,False,1.1734894039296806,-2.122647529054669,,,,,,,,,,,,,,
FINANCIALS,JUP.L,LGEN.L,JUPITER FUND MANAGEMENT PLC ORD,LEGAL & GENERAL GROUP PLC ORD 2,-2.521535770190263,0.11032197772333913,0.05,,False,6.55951254210786,-31.33536118269522,,,,,,,,,,,,,,
FINANCIALS,BNKR.L,ICG.L,BANKERS INVESTMENT TRUST PLC OR,ICG PLC ORD 26 1/4P,-2.5178692523462884,0.11118685811317625,0.05,,False,-0.7198366068010073,10.291815562778458,,,,,,,,,,,,,,
FINANCIALS,LLOY.L,PRU.L,LLOYDS BANKING GROUP PLC ORD 10,PRUDENTIAL PLC ORD 5P,-2.4780438210272733,0.1209083007298824,0.05,,False,1.0331553017313244,-2.6532458597104718,,,,,,,,,,,,,,
FINANCIALS,BARC.L,STJ.L,BARCLAYS PLC ORD 25P,ST. JAMES'S PLACE PLC ORD 15P,-2.466155837185764,0.1239275972175587,0.05,,False,1.1103401004282047,-1.9209107320572967,,,,,,,,,,,,,,
FINANCIALS,HSBA.L,INVP.L,HSBC HOLDINGS PLC ORD $0.50 (UK,INVESTEC PLC ORD GBP0.0002,-2.4579929488225885,0.12603241178405067,0.05,,False,6.416355513755478,-33.771679849140895,,,,,,,,,,,,,,
FINANCIALS,BEZ.L,BNKR.L,BEAZLEY PLC ORD 5P,BANKERS INVESTMENT TRUST PLC OR,-2.452708839030745,0.1274087129995492,0.05,,False,2.6439017852871936,-5.92520936773307,,,,,,,,,,,,,,
FINANCIALS,ABDN.L,AV.L,ABERDEEN GROUP PLC ORD 13 61/63,AVIVA PLC ORD 32 17/19P,-2.44634086487301,0.12908175991694432,0.05,,False,1.3515686786206227,-3.4028181934029895,,,,,,,,,,,,,,
FINANCIALS,JUP.L,MNG.L,JUPITER FUND MANAGEMENT PLC ORD,M&G PLC,-2.4308705827199213,0.13321227915691608,0.05,,False,1.9808530707582963,-6.169734342685357,,,,,,,,,,,,,,
FINANCIALS,BGEO.L,PRU.L,LION FINANCE GROUP PLC ORD 1P,PRUDENTIAL PLC ORD 5P,-2.429177256790661,0.13367009347028636,0.05,,False,1.6168624593638863,-2.128542487591435,,,,,,,,,,,,,,
FINANCIALS,LGEN.L,PRU.L,LEGAL & GENERAL GROUP PLC ORD 2,PRUDENTIAL PLC ORD 5P,-2.4251835531632646,0.13475431613043576,0.05,,False,0.24822593590011918,3.8171512044236273,,,,,,,,,,,,,,
FINANCIALS,ABDN.L,BNKR.L,ABERDEEN GROUP PLC ORD 13 61/63,BANKERS INVESTMENT TRUST PLC OR,-2.411042656239576,0.13864392628470856,0.05,,False,2.0723504087457814,-4.798168353275624,,,,,,,,,,,,,,
FINANCIALS,ADM.L,LLOY.L,ADMIRAL GROUP PLC ORD 0.1P,LLOYDS BANKING GROUP PLC ORD 10,-2.408987032207019,0.1392159350203212,0.05,,False,0.3421866874730104,6.5340997225951725,,,,,,,,,,,,,,
FINANCIALS,BGEO.L,INVP.L,LION FINANCE GROUP PLC ORD 1P,INVESTEC PLC ORD GBP0.0002,-2.397913097162221,0.14232628814711884,0.05,,False,10.274960453518817,-56.23810264549244,,,,,,,,,,,,,,
FINANCIALS,INVP.L,STAN.L,INVESTEC PLC ORD GBP0.0002,STANDARD CHARTERED PLC ORD USD0,-2.390941254437043,0.14430951328647307,0.05,,False,0.09991724613370664,5.617355642417231,,,,,,,,,,,,,,
FINANCIALS,ADM.L,ICG.L,ADMIRAL GROUP PLC ORD 0.1P,ICG PLC ORD 26 1/4P,-2.375689393457793,0.14871577497194044,0.05,,False,-0.9435200057911799,15.190177918999145,,,,,,,,,,,,,,
FINANCIALS,JUP.L,PRU.L,JUPITER FUND MANAGEMENT PLC ORD,PRUDENTIAL PLC ORD 5P,-2.366457534980232,0.1514281332157461,0.05,,False,1.5818623448141222,-5.982651731715765,,,,,,,,,,,,,,
FINANCIALS,ICG.L,STJ.L,ICG PLC ORD 26 1/4P,ST. JAMES'S PLACE PLC ORD 15P,-2.364845288781242,0.1519053280447134,0.05,,False,-0.16858008390393078,8.775063827132733,,,,,,,,,,,,,,
FINANCIALS,BARC.L,LLOY.L,BARCLAYS PLC ORD 25P,LLOYDS BANKING GROUP PLC ORD 10,-2.3622952851261587,0.15266221494507842,0.05,,False,1.1308915080857551,0.912440075286824,,,,,,,,,,,,,,
FINANCIALS,HSBA.L,STAN.L,HSBC HOLDINGS PLC ORD $0.50 (UK,STANDARD CHARTERED PLC ORD USD0,-2.356050712232091,0.1545267638101973,0.05,,False,0.7869941943883271,1.2282073990205982,,,,,,,,,,,,,,
FINANCIALS,ABDN.L,INVP.L,ABERDEEN GROUP PLC ORD 13 61/63,INVESTEC PLC ORD GBP0.0002,-2.3552168842789114,0.15477692222052264,0.05,,False,3.608952153255347,-17.656990552585548,,,,,,,,,,,,,,
FINANCIALS,JUP.L,NWG.L,JUPITER FUND MANAGEMENT PLC ORD,NATWEST GROUP PLC ORD 107.69P,-2.353496473104359,0.15529395142964797,0.05,,False,1.7165164607150407,-5.907849538218447,,,,,,,,,,,,,,
FINANCIALS,HSBA.L,LLOY.L,HSBC HOLDINGS PLC ORD $0.50 (UK,LLOYDS BANKING GROUP PLC ORD 10,-2.3515073473768937,0.15589322329768396,0.05,,False,1.0684772616363218,2.2147144572611612,,,,,,,,,,,,,,
FINANCIALS,JUP.L,STAN.L,JUPITER FUND MANAGEMENT PLC ORD,STANDARD CHARTERED PLC ORD USD0,-2.349326724030631,0.15655202131081225,0.05,,False,1.1027929927435995,-3.1555394211815813,,,,,,,,,,,,,,
FINANCIALS,LLOY.L,MNG.L,LLOYDS BANKING GROUP PLC ORD 10,M&G PLC,-2.3479086819781165,0.15698146148091408,0.05,,False,1.324036915110235,-2.9420946587810315,,,,,,,,,,,,,,
FINANCIALS,BGEO.L,MNG.L,LION FINANCE GROUP PLC ORD 1P,M&G PLC,-2.347597939914963,0.15707567503337466,0.05,,False,2.054666825450461,-2.4847476587058512,,,,,,,,,,,,,,
FINANCIALS,BNKR.L,MNG.L,BANKERS INVESTMENT TRUST PLC OR,M&G PLC,-2.34661923482226,0.15737266217243384,0.05,,False,0.48957411732281375,2.1279489436376875,,,,,,,,,,,,,,
FINANCIALS,AJB.L,MNG.L,AJ BELL PLC ORD GBP0.000125,M&G PLC,-2.3355391176303444,0.1607618883415643,0.05,,False,0.4933439761518542,3.4547982159559414,,,,,,,,,,,,,,
FINANCIALS,LLOY.L,STJ.L,LLOYDS BANKING GROUP PLC ORD 10,ST. JAMES'S PLACE PLC ORD 15P,-2.3312858534738883,0.16207607065303525,0.05,,False,0.9736375379472313,-2.4482899788922667,,,,,,,,,,,,,,
FINANCIALS,ADM.L,PRU.L,ADMIRAL GROUP PLC ORD 0.1P,PRUDENTIAL PLC ORD 5P,-2.326699554069067,0.16350135529228138,0.05,,False,0.35552214803919435,5.612717776033724,,,,,,,,,,,,,,
FINANCIALS,ASHM.L,SDR.L,ASHMORE GROUP PLC ORD 0.01P,SCHRODERS PLC ORD 20P,-2.326572517790372,0.16354095553114856,0.05,,False,0.6260338440092064,1.434950186047303,,,,,,,,,,,,,,
FINANCIALS,JUP.L,LLOY.L,JUPITER FUND MANAGEMENT PLC ORD,LLOYDS BANKING GROUP PLC ORD 10,-2.324624581328845,0.1641489919397921,0.05,,False,1.532104029109742,-1.924639120260907,,,,,,,,,,,,,,
FINANCIALS,BARC.L,INVP.L,BARCLAYS PLC ORD 25P,INVESTEC PLC ORD GBP0.0002,-2.3206610530375795,0.16539092670980327,0.05,,False,8.023114285616595,-44.97646325490939,,,,,,,,,,,,,,
FINANCIALS,ABDN.L,PRU.L,ABERDEEN GROUP PLC ORD 13 61/63,PRUDENTIAL PLC ORD 5P,-2.3185014129991264,0.16607030799104067,0.05,,False,0.763526597984322,0.023635791929840444,,,,,,,,,,,,,,
FINANCIALS,BNKR.L,SDR.L,BANKERS INVESTMENT TRUST PLC OR,SCHRODERS PLC ORD 20P,-2.3149834142486183,0.167181049364859,0.05,,False,0.3858675999313966,2.508695491842804,,,,,,,,,,,,,,
FINANCIALS,AJB.L,SDR.L,AJ BELL PLC ORD GBP0.000125,SCHRODERS PLC ORD 20P,-2.3146600624099305,0.16728339326157404,0.05,,False,0.31642961274245546,4.272504961584328,,,,,,,,,,,,,,
FINANCIALS,INVP.L,LLOY.L,INVESTEC PLC ORD GBP0.0002,LLOYDS BANKING GROUP PLC ORD 10,-2.3088114829028483,0.16914183999316518,0.05,,False,0.13737906152112775,5.735113639220775,,,,,,,,,,,,,,
FINANCIALS,AJB.L,BNKR.L,AJ BELL PLC ORD GBP0.000125,BANKERS INVESTMENT TRUST PLC OR,-2.2983034423677484,0.17251572897134576,0.05,,False,1.3048557620942718,-0.12230850593340392,,,,,,,,,,,,,,
FINANCIALS,NWG.L,SDR.L,NATWEST GROUP PLC ORD 107.69P,SCHRODERS PLC ORD 20P,-2.2920163548554777,0.17455578607095795,0.05,,False,1.0274970249443827,0.03788975466116273,,,,,,,,,,,,,,
FINANCIALS,HSBA.L,MNG.L,HSBC HOLDINGS PLC ORD $0.50 (UK,M&G PLC,-2.2904808693883245,0.17505646289607213,0.05,,False,1.4229385213092007,-0.9741574116317242,,,,,,,,,,,,,,
FINANCIALS,BEZ.L,BGEO.L,BEAZLEY PLC ORD 5P,LION FINANCE GROUP PLC ORD 1P,-2.288764026054837,0.1756174080987365,0.05,,False,0.4922716068498089,2.480761884660067,,,,,,,,,,,,,,
FINANCIALS,HSBA.L,NWG.L,HSBC HOLDINGS PLC ORD $0.50 (UK,NATWEST GROUP PLC ORD 107.69P,-2.274289488679521,0.18039423076851202,0.05,,False,1.158855609842951,-0.32624463632237877,,,,,,,,,,,,,,
FINANCIALS,AJB.L,LGEN.L,AJ BELL PLC ORD GBP0.000125,LEGAL & GENERAL GROUP PLC ORD 2,-2.252428753010286,0.18776969194775434,0.05,,False,2.17545595810005,-5.79151953640562,,,,,,,,,,,,,,
FINANCIALS,ABDN.L,STJ.L,ABERDEEN GROUP PLC ORD 13 61/63,ST. JAMES'S PLACE PLC ORD 15P,-2.2504806193496774,0.18843635827735983,0.05,,False,0.6820333657672907,0.4367237036338123,,,,,,,,,,,,,,
FINANCIALS,INVP.L,PRU.L,INVESTEC PLC ORD GBP0.0002,PRUDENTIAL PLC ORD 5P,-2.2337794459410487,0.19421463081175205,0.05,,False,0.12910931424092564,5.457456106949723,,,,,,,,,,,,,,
FINANCIALS,INVP.L,NWG.L,INVESTEC PLC ORD GBP0.0002,NATWEST GROUP PLC ORD 107.69P,-2.230063036097178,0.1955157651990324,0.05,,False,0.10011236147683669,5.711354528577999,,,,,,,,,,,,,,
FINANCIALS,AJB.L,BGEO.L,AJ BELL PLC ORD GBP0.000125,LION FINANCE GROUP PLC ORD 1P,-2.2288461156322943,0.1959430267470777,0.05,,False,0.19703817479326272,4.431301217141158,,,,,,,,,,,,,,
FINANCIALS,ADM.L,BARC.L,ADMIRAL GROUP PLC ORD 0.1P,BARCLAYS PLC ORD 25P,-2.226966954050477,0.1966039749951905,0.05,,False,0.2731914367215865,6.429171717851503,,,,,,,,,,,,,,
FINANCIALS,ASHM.L,BEZ.L,ASHMORE GROUP PLC ORD 0.01P,BEAZLEY PLC ORD 5P,-2.2220256009736024,0.1983487663107561,0.05,,False,0.6325870833539872,0.8715127290756843,,,,,,,,,,,,,,
FINANCIALS,AV.L,NWG.L,AVIVA PLC ORD 32 17/19P,NATWEST GROUP PLC ORD 107.69P,-2.21640805348861,0.20034426707948144,0.05,,False,0.6038667524374749,2.6185213006948547,,,,,,,,,,,,,,
FINANCIALS,LGEN.L,STJ.L,LEGAL & GENERAL GROUP PLC ORD 2,ST. JAMES'S PLACE PLC ORD 15P,-2.2025167705554414,0.20533328276194807,0.05,,False,0.22155765009222428,3.952664871122937,,,,,,,,,,,,,,
FINANCIALS,SDR.L,STAN.L,SCHRODERS PLC ORD 20P,STANDARD CHARTERED PLC ORD USD0,-2.202068394775916,0.20549560556558305,0.05,,False,0.6070728571062973,1.6537240178307027,,,,,,,,,,,,,,
FINANCIALS,ABDN.L,SDR.L,ABERDEEN GROUP PLC ORD 13 61/63,SCHRODERS PLC ORD 20P,-2.1993794435244793,0.20647076015121157,0.05,,False,0.8029902141953955,0.38072345516317796,,,,,,,,,,,,,,
FINANCIALS,ADM.L,MNG.L,ADMIRAL GROUP PLC ORD 0.1P,M&G PLC,-2.1978719025249998,0.20701873996810977,0.05,,False,0.4552569753585539,5.515309116917848,,,,,,,,,,,,,,
FINANCIALS,ADM.L,NWG.L,ADMIRAL GROUP PLC ORD 0.1P,NATWEST GROUP PLC ORD 107.69P,-2.1973076616962985,0.2072240711680461,0.05,,False,0.3633997087846448,5.768250206189352,,,,,,,,,,,,,,
FINANCIALS,ADM.L,HSBA.L,ADMIRAL GROUP PLC ORD 0.1P,HSBC HOLDINGS PLC ORD $0.50 (UK,-2.19654880341352,0.20750042586457845,0.05,,False,0.2789928914096337,6.107683025596524,,,,,,,,,,,,,,
FINANCIALS,AJB.L,HSBA.L,AJ BELL PLC ORD GBP0.000125,HSBC HOLDINGS PLC ORD $0.50 (UK,-2.187421909871916,0.21084220907541718,0.05,,False,0.2877173152675345,4.196924185634382,,,,,,,,,,,,,,
FINANCIALS,BNKR.L,INVP.L,BANKERS INVESTMENT TRUST PLC OR,INVESTEC PLC ORD GBP0.0002,-2.1839630428010497,0.21211734668788862,0.05,,False,1.1418750472441697,-2.4084224333776083,,,,,,,,,,,,,,
FINANCIALS,AJB.L,JUP.L,AJ BELL PLC ORD GBP0.000125,JUPITER FUND MANAGEMENT PLC ORD,-2.180642967107274,0.21334579908949297,0.05,,False,0.20059100327705712,5.220605603464252,,,,,,,,,,,,,,
FINANCIALS,ADM.L,STAN.L,ADMIRAL GROUP PLC ORD 0.1P,STANDARD CHARTERED PLC ORD USD0,-2.17675298272462,0.2147906987681235,0.05,,False,0.21739708845637418,6.465849643703273,,,,,,,,,,,,,,
FINANCIALS,AV.L,INVP.L,AVIVA PLC ORD 32 17/19P,INVESTEC PLC ORD GBP0.0002,-2.1727081723602106,0.216299479423673,0.05,,False,5.769975844714291,-30.17337082252907,,,,,,,,,,,,,,
FINANCIALS,INVP.L,STJ.L,INVESTEC PLC ORD GBP0.0002,ST. JAMES'S PLACE PLC ORD 15P,-2.1720766131818072,0.21653564706589873,0.05,,False,0.05516192446017223,5.9469756297136565,,,,,,,,,,,,,,
FINANCIALS,ADM.L,SDR.L,ADMIRAL GROUP PLC ORD 0.1P,SCHRODERS PLC ORD 20P,-2.1685913733068514,0.21784177310104574,0.05,,False,0.28017068694645114,6.3407977889375156,,,,,,,,,,,,,,
FINANCIALS,MNG.L,SDR.L,M&G PLC,SCHRODERS PLC ORD 20P,-2.1682575017256496,0.2179671469994941,0.05,,False,0.8187002684653959,0.5947078849715872,,,,,,,,,,,,,,
FINANCIALS,ASHM.L,BGEO.L,ASHMORE GROUP PLC ORD 0.01P,LION FINANCE GROUP PLC ORD 1P,-2.1617178617426083,0.22043176707256112,0.05,,False,0.23531498236388287,3.111936027982506,,,,,,,,,,,,,,
FINANCIALS,BEZ.L,LLOY.L,BEAZLEY PLC ORD 5P,LLOYDS BANKING GROUP PLC ORD 10,-2.155835690147241,0.2226630190951135,0.05,,False,0.809831993200136,3.305703986599643,,,,,,,,,,,,,,
FINANCIALS,MNG.L,STAN.L,M&G PLC,STANDARD CHARTERED PLC ORD USD0,-2.1485846955804258,0.22543222727340917,0.05,,False,0.5426271839250575,1.6224691571827616,,,,,,,,,,,,,,
FINANCIALS,BARC.L,MNG.L,BARCLAYS PLC ORD 25P,M&G PLC,-2.14238629639987,0.22781578323936402,0.05,,False,1.5081541464137607,-2.4742384926962755,,,,,,,,,,,,,,
FINANCIALS,AJB.L,STAN.L,AJ BELL PLC ORD GBP0.000125,STANDARD CHARTERED PLC ORD USD0,-2.1375352196239326,0.22969170825487595,0.05,,False,0.2234493186554643,4.571624903615864,,,,,,,,,,,,,,
FINANCIALS,BARC.L,HSBA.L,BARCLAYS PLC ORD 25P,HSBC HOLDINGS PLC ORD $0.50 (UK,-2.1346492092291376,0.230812088440341,0.05,,False,1.0586205800835986,-1.4330598740595075,,,,,,,,,,,,,,
FINANCIALS,ASHM.L,LLOY.L,ASHMORE GROUP PLC ORD 0.01P,LLOYDS BANKING GROUP PLC ORD 10,-2.1290336719474507,0.23300138094202621,0.05,,False,0.43802025524628424,3.2851982354695073,,,,,,,,,,,,,,
FINANCIALS,AJB.L,BEZ.L,AJ BELL PLC ORD GBP0.000125,BEAZLEY PLC ORD 5P,-2.12699146865532,0.2338005951047229,0.05,,False,0.3293630117578788,3.922073285419811,,,,,,,,,,,,,,
FINANCIALS,AV.L,LGEN.L,AVIVA PLC ORD 32 17/19P,LEGAL & GENERAL GROUP PLC ORD 2,-2.1225390842188556,0.2355486271153005,0.05,,False,2.318105850143502,-6.384461256672934,,,,,,,,,,,,,,
FINANCIALS,BGEO.L,SDR.L,LION FINANCE GROUP PLC ORD 1P,SCHRODERS PLC ORD 20P,-2.118178810791862,0.23726791517866153,0.05,,False,1.8458621278342278,-2.2440900763373506,,,,,,,,,,,,,,
FINANCIALS,BARC.L,JUP.L,BARCLAYS PLC ORD 25P,JUPITER FUND MANAGEMENT PLC ORD,-2.1108481569901016,0.24017493656889682,0.05,,False,0.7437571359342972,2.3064609020881552,,,,,,,,,,,,,,
FINANCIALS,ADM.L,BEZ.L,ADMIRAL GROUP PLC ORD 0.1P,BEAZLEY PLC ORD 5P,-2.0987912602204255,0.245000919553148,0.05,,False,0.3133413614278216,5.882337302494562,,,,,,,,,,,,,,
FINANCIALS,AJB.L,LLOY.L,AJ BELL PLC ORD GBP0.000125,LLOYDS BANKING GROUP PLC ORD 10,-2.0927968995190263,0.24742085163386135,0.05,,False,0.30371359826053607,4.850229700172275,,,,,,,,,,,,,,
FINANCIALS,BEZ.L,STAN.L,BEAZLEY PLC ORD 5P,STANDARD CHARTERED PLC ORD USD0,-2.0896293903550593,0.2487050713654511,0.05,,False,0.5572683799152638,2.8384020740089384,,,,,,,,,,,,,,
FINANCIALS,BEZ.L,MNG.L,BEAZLEY PLC ORD 5P,M&G PLC,-2.0877460555527394,0.24947043658245738,0.05,,False,1.1441718016926445,0.527368234120158,,,,,,,,,,,,,,
FINANCIALS,AJB.L,BARC.L,AJ BELL PLC ORD GBP0.000125,BARCLAYS PLC ORD 25P,-2.079455862090383,0.2528553328557466,0.05,,False,0.27699112012160726,4.556090085398176,,,,,,,,,,,,,,
FINANCIALS,SDR.L,STJ.L,SCHRODERS PLC ORD 20P,ST. JAMES'S PLACE PLC ORD 15P,-2.074042107756714,0.2550796662547492,0.05,,False,0.8078074371095525,0.35961857682172305,,,,,,,,,,,,,,
FINANCIALS,ASHM.L,BARC.L,ASHMORE GROUP PLC ORD 0.01P,BARCLAYS PLC ORD 25P,-2.07220147447647,0.25583841104951066,0.05,,False,0.3428622268309597,3.1907171781785872,,,,,,,,,,,,,,
FINANCIALS,HSBA.L,JUP.L,HSBC HOLDINGS PLC ORD $0.50 (UK,JUPITER FUND MANAGEMENT PLC ORD,-2.0650135625249235,0.25881345535285993,0.05,,False,0.6969370985008836,3.559094377423539,,,,,,,,,,,,,,
FINANCIALS,BARC.L,SDR.L,BARCLAYS PLC ORD 25P,SCHRODERS PLC ORD 20P,-2.060535031088598,0.26067675976806237,0.05,,False,1.3240591680453138,-2.1127979192791546,,,,,,,,,,,,,,
FINANCIALS,ADM.L,INVP.L,ADMIRAL GROUP PLC ORD 0.1P,INVESTEC PLC ORD GBP0.0002,-2.0605024228977484,0.2606903535904555,0.05,,False,-10.869708257927815,76.84424411112457,,,,,,,,,,,,,,
FINANCIALS,ASHM.L,HSBA.L,ASHMORE GROUP PLC ORD 0.01P,HSBC HOLDINGS PLC ORD $0.50 (UK,-2.0504671413263607,0.2648924284534062,0.05,,False,0.4178858714137075,2.322867274406208,,,,,,,,,,,,,,
FINANCIALS,STAN.L,STJ.L,STANDARD CHARTERED PLC ORD USD0,ST. JAMES'S PLACE PLC ORD 15P,-2.040903651367751,0.2689311077540462,0.05,,False,1.3565454630744898,-2.31226690962281,,,,,,,,,,,,,,
FINANCIALS,ADM.L,JUP.L,ADMIRAL GROUP PLC ORD 0.1P,JUPITER FUND MANAGEMENT PLC ORD,-2.036643784902249,0.27074070315647614,0.05,,False,0.16793921611803572,7.225971565067185,,,,,,,,,,,,,,
FINANCIALS,MNG.L,NWG.L,M&G PLC,NATWEST GROUP PLC ORD 107.69P,-2.036332756158002,0.27087308424238404,0.05,,False,0.8059905716462199,0.5075090078224118,,,,,,,,,,,,,,
FINANCIALS,AV.L,JUP.L,AVIVA PLC ORD 32 17/19P,JUPITER FUND MANAGEMENT PLC ORD,-2.0070937714141475,0.2834714157900772,0.05,,False,0.3429415179723338,4.738772016700469,,,,,,,,,,,,,,
FINANCIALS,AV.L,LLOY.L,AVIVA PLC ORD 32 17/19P,LLOYDS BANKING GROUP PLC ORD 10,-2.0038176024287426,0.28490172633423394,0.05,,False,0.5561885300799472,3.9451189846851222,,,,,,,,,,,,,,
FINANCIALS,AV.L,BGEO.L,AVIVA PLC ORD 32 17/19P,LION FINANCE GROUP PLC ORD 1P,-2.001653807567609,0.28584843331858256,0.05,,False,0.348089971929273,3.290348242208649,,,,,,,,,,,,,,
FINANCIALS,BGEO.L,JUP.L,LION FINANCE GROUP PLC ORD 1P,JUPITER FUND MANAGEMENT PLC ORD,-2.0013911399602393,0.285963466100833,0.05,,False,1.044550570274318,3.8804327869565993,,,,,,,,,,,,,,
FINANCIALS,AJB.L,ASHM.L,AJ BELL PLC ORD GBP0.000125,ASHMORE GROUP PLC ORD 0.01P,-1.9990744241027694,0.2869790793555947,0.05,,False,0.41538505580598983,4.014422406629566,,,,,,,,,,,,,,
FINANCIALS,BARC.L,BEZ.L,BARCLAYS PLC ORD 25P,BEAZLEY PLC ORD 5P,-1.9853068464677481,0.2930524617191919,0.05,,False,1.4621535820143663,-4.152078436187446,,,,,,,,,,,,,,
FINANCIALS,AJB.L,PRU.L,AJ BELL PLC ORD GBP0.000125,PRUDENTIAL PLC ORD 5P,-1.9755004556233118,0.29741751496242824,0.05,,False,0.30366965521286143,4.112888419849279,,,,,,,,,,,,,,
FINANCIALS,PRU.L,STAN.L,PRUDENTIAL PLC ORD 5P,STANDARD CHARTERED PLC ORD USD0,-1.9747414567942425,0.2977567040501367,0.05,,False,0.6976928591760416,1.7833131636704005,,,,,,,,,,,,,,
FINANCIALS,ASHM.L,STAN.L,ASHMORE GROUP PLC ORD 0.01P,STANDARD CHARTERED PLC ORD USD0,-1.9685837360040668,0.30051559438214703,0.05,,False,0.26311317035784276,3.3062847001620947,,,,,,,,,,,,,,
FINANCIALS,ASHM.L,NWG.L,ASHMORE GROUP PLC ORD 0.01P,NATWEST GROUP PLC ORD 107.69P,-1.9668613974671108,0.30128950884474165,0.05,,False,0.39442738765765617,2.7432678852875365,,,,,,,,,,,,,,
FINANCIALS,BNKR.L,JUP.L,BANKERS INVESTMENT TRUST PLC OR,JUPITER FUND MANAGEMENT PLC ORD,-1.9621432939068961,0.30341452688320447,0.05,,False,0.24058266684929533,3.683890747196361,,,,,,,,,,,,,,
FINANCIALS,BEZ.L,NWG.L,BEAZLEY PLC ORD 5P,NATWEST GROUP PLC ORD 107.69P,-1.9524156992207133,0.3078186830927659,0.05,,False,0.8832036201426259,1.3496472872609981,,,,,,,,,,,,,,
FINANCIALS,BGEO.L,BNKR.L,LION FINANCE GROUP PLC ORD 1P,BANKERS INVESTMENT TRUST PLC OR,-1.9459095745538915,0.3107813326380141,0.05,,False,4.286830809955098,-11.849296512094496,,,,,,,,,,,,,,
FINANCIALS,ASHM.L,MNG.L,ASHMORE GROUP PLC ORD 0.01P,M&G PLC,-1.9407704910602301,0.31313100969280094,0.05,,False,0.7630941389195112,0.9888552865307059,,,,,,,,,,,,,,
FINANCIALS,BEZ.L,JUP.L,BEAZLEY PLC ORD 5P,JUPITER FUND MANAGEMENT PLC ORD,-1.938940901639483,0.31396954407661437,0.05,,False,0.46885418796922035,4.6054446948136,,,,,,,,,,,,,,
FINANCIALS,LLOY.L,SDR.L,LLOYDS BANKING GROUP PLC ORD 10,SCHRODERS PLC ORD 20P,-1.9374554706822185,0.31465111876382695,0.05,,False,1.122156474832254,-2.3834568069759854,,,,,,,,,,,,,,
FINANCIALS,ADM.L,BNKR.L,ADMIRAL GROUP PLC ORD 0.1P,BANKERS INVESTMENT TRUST PLC OR,-1.9248115259528529,0.32048050218446056,0.05,,False,1.2678666137239532,1.9069925086246942,,,,,,,,,,,,,,
FINANCIALS,BNKR.L,NWG.L,BANKERS INVESTMENT TRUST PLC OR,NATWEST GROUP PLC ORD 107.69P,-1.9218881630510871,0.3218353147507722,0.05,,False,0.3719570413721508,2.5166774758469534,,,,,,,,,,,,,,
FINANCIALS,AJB.L,AV.L,AJ BELL PLC ORD GBP0.000125,AVIVA PLC ORD 32 17/19P,-1.9030563782481227,0.33062466283002223,0.05,,False,0.7048910225168485,1.6857081482683585,,,,,,,,,,,,,,
FINANCIALS,BARC.L,BNKR.L,BARCLAYS PLC ORD 25P,BANKERS INVESTMENT TRUST PLC OR,-1.9022971859740556,0.3309812148399578,0.05,,False,3.084026251253201,-9.046271498168402,,,,,,,,,,,,,,
FINANCIALS,ABDN.L,ASHM.L,ABERDEEN GROUP PLC ORD 13 61/63,ASHMORE GROUP PLC ORD 0.01P,-1.8865517274680874,0.33841380843793845,0.05,,False,1.3378203861367222,-1.7459621253414248,,,,,,,,,,,,,,
FINANCIALS,AV.L,STAN.L,AVIVA PLC ORD 32 17/19P,STANDARD CHARTERED PLC ORD USD0,-1.876143640144753,0.3433657610777623,0.05,,False,0.387822238068029,3.587764196036052,,,,,,,,,,,,,,
FINANCIALS,ADM.L,STJ.L,ADMIRAL GROUP PLC ORD 0.1P,ST. JAMES'S PLACE PLC ORD 15P,-1.863247032433207,0.3495433802885529,0.05,,False,0.30912156471063,5.864036741467668,,,,,,,,,,,,,,
FINANCIALS,BNKR.L,LLOY.L,BANKERS INVESTMENT TRUST PLC OR,LLOYDS BANKING GROUP PLC ORD 10,-1.8515264400183142,0.355196612668631,0.05,,False,0.35229134177713234,3.2916720449061057,,,,,,,,,,,,,,
FINANCIALS,ASHM.L,LGEN.L,ASHMORE GROUP PLC ORD 0.01P,LEGAL & GENERAL GROUP PLC ORD 2,-1.8475163963635248,0.35713910704058793,0.05,,False,4.139401036916034,-17.57111642805377,,,,,,,,,,,,,,
FINANCIALS,HSBA.L,STJ.L,HSBC HOLDINGS PLC ORD $0.50 (UK,ST. JAMES'S PLACE PLC ORD 15P,-1.782869343973556,0.3889991405650578,0.05,,False,1.0490266383370097,-0.4620295136740431,,,,,,,,,,,,,,
FINANCIALS,INVP.L,LGEN.L,INVESTEC PLC ORD GBP0.0002,LEGAL & GENERAL GROUP PLC ORD 2,-1.7773558658387203,0.3917604047660884,0.05,,False,1.8252650086716886,-3.703640772231841,,,,,,,,,,,,,,
FINANCIALS,ASHM.L,PRU.L,ASHMORE GROUP PLC ORD 0.01P,PRUDENTIAL PLC ORD 5P,-1.760153817738399,0.40041583713679474,0.05,,False,0.4361606431427995,2.23395708842481,,,,,,,,,,,,,,
FINANCIALS,AJB.L,NWG.L,AJ BELL PLC ORD GBP0.000125,NATWEST GROUP PLC ORD 107.69P,-1.7534821505151774,0.4037885960326543,0.05,,False,0.3361618208249275,4.086084921990974,,,,,,,,,,,,,,
FINANCIALS,AV.L,SDR.L,AVIVA PLC ORD 32 17/19P,SCHRODERS PLC ORD 20P,-1.7349792905960095,0.41318613622339806,0.05,,False,0.48743763824192093,3.4388184958520536,,,,,,,,,,,,,,
FINANCIALS,ASHM.L,AV.L,ASHMORE GROUP PLC ORD 0.01P,AVIVA PLC ORD 32 17/19P,-1.7196591328801167,0.4210130220157877,0.05,,False,1.409423790508,-3.7772767477842644,,,,,,,,,,,,,,
FINANCIALS,BEZ.L,PRU.L,BEAZLEY PLC ORD 5P,PRUDENTIAL PLC ORD 5P,-1.711437624616677,0.4252293123158991,0.05,,False,0.8218969554970793,1.2571403555042586,,,,,,,,,,,,,,
FINANCIALS,AV.L,BEZ.L,AVIVA PLC ORD 32 17/19P,BEAZLEY PLC ORD 5P,-1.7081065639924746,0.42694064573544527,0.05,,False,0.5227582198335229,2.7939500883523074,,,,,,,,,,,,,,
FINANCIALS,ASHM.L,STJ.L,ASHMORE GROUP PLC ORD 0.01P,ST. JAMES'S PLACE PLC ORD 15P,-1.655848341215922,0.4539921545996042,0.05,,False,0.28677562925350963,3.1871905351991336,,,,,,,,,,,,,,
FINANCIALS,JUP.L,SDR.L,JUPITER FUND MANAGEMENT PLC ORD,SCHRODERS PLC ORD 20P,-1.640919483360704,0.4617803764385494,0.05,,False,1.7919999409784595,-6.012350538449483,,,,,,,,,,,,,,
FINANCIALS,AV.L,HSBA.L,AVIVA PLC ORD 32 17/19P,HSBC HOLDINGS PLC ORD $0.50 (UK,-1.559021710138416,0.5041387089625518,0.05,,False,0.48833747580347403,3.013033241676242,,,,,,,,,,,,,,
FINANCIALS,MNG.L,STJ.L,M&G PLC,ST. JAMES'S PLACE PLC ORD 15P,-1.5545199361034743,0.5063896575066439,0.05,,False,0.6958960979523505,0.6481827935281714,,,,,,,,,,,,,,
FINANCIALS,BEZ.L,STJ.L,BEAZLEY PLC ORD 5P,ST. JAMES'S PLACE PLC ORD 15P,-1.495593674943519,0.53568994784802,0.05,,False,0.7301971133958081,1.7295449610332065,,,,,,,,,,,,,,
FINANCIALS,PRU.L,SDR.L,PRUDENTIAL PLC ORD 5P,SCHRODERS PLC ORD 20P,-1.493501113405647,0.536723760453752,0.05,,False,1.0905784035382842,0.23455696805739468,,,,,,,,,,,,,,
FINANCIALS,AV.L,BARC.L,AVIVA PLC ORD 32 17/19P,BARCLAYS PLC ORD 25P,-1.4664181229699547,0.5500536165770037,0.05,,False,0.4851055181865514,3.535437759952137,,,,,,,,,,,,,,
FINANCIALS,ASHM.L,BNKR.L,ASHMORE GROUP PLC ORD 0.01P,BANKERS INVESTMENT TRUST PLC OR,-1.4347663256076473,0.5654999407787483,0.05,,False,2.2022833854483586,-5.431123497726772,,,,,,,,,,,,,,
FINANCIALS,ADM.L,ASHM.L,ADMIRAL GROUP PLC ORD 0.1P,ASHMORE GROUP PLC ORD 0.01P,-1.409518287809878,0.5777045207573516,0.05,,False,0.034761814362543934,7.839843026114046,,,,,,,,,,,,,,
FINANCIALS,AJB.L,STJ.L,AJ BELL PLC ORD GBP0.000125,ST. JAMES'S PLACE PLC ORD 15P,-1.4078406192388981,0.5785115083112451,0.05,,False,0.2690407560376241,4.292648277463533,,,,,,,,,,,,,,
FINANCIALS,AV.L,MNG.L,AVIVA PLC ORD 32 17/19P,M&G PLC,-1.2713806112173383,0.6421619185206597,0.05,,False,0.7314850331319395,2.3358800422491734,,,,,,,,,,,,,,
FINANCIALS,MNG.L,PRU.L,M&G PLC,PRUDENTIAL PLC ORD 5P,-1.2495676278675105,0.6519180839420549,0.05,,False,0.772944839521235,0.2680113520470524,,,,,,,,,,,,,,
FINANCIALS,HSBA.L,PRU.L,HSBC HOLDINGS PLC ORD $0.50 (UK,PRUDENTIAL PLC ORD 5P,-1.2269572200145291,0.6618932466885811,0.05,,False,1.1106676056945648,-0.666025913841434,,,,,,,,,,,,,,
FINANCIALS,BNKR.L,STJ.L,BANKERS INVESTMENT TRUST PLC OR,ST. JAMES'S PLACE PLC ORD 15P,-1.0880782920910412,0.719802653266499,0.05,,False,0.300528639428175,2.7254280597785363,,,,,,,,,,,,,,
FINANCIALS,BNKR.L,PRU.L,BANKERS INVESTMENT TRUST PLC OR,PRUDENTIAL PLC ORD 5P,-0.9011920965199074,0.787579589674297,0.05,,False,0.34353909168300495,2.4953175561579615,,,,,,,,,,,,,,
FINANCIALS,AV.L,BNKR.L,AVIVA PLC ORD 32 17/19P,BANKERS INVESTMENT TRUST PLC OR,-0.8980993211548813,0.7885976940537955,0.05,,False,1.702030031673969,-1.8459809693928682,,,,,,,,,,,,,,
FR_BANKS,ACA.PA,GLE.PA,CREDIT AGRICOLE,SOCIETE GENERALE,-3.174355816031591,0.02151788394592241,0.05,,False,0.289285192199436,1.5795325866073395,,,,,,,,,,,,,,
FR_BANKS,ACA.PA,BNP.PA,CREDIT AGRICOLE,BNP PARIBAS ACT.A,-2.3233088180943486,0.1645605686925094,0.05,,False,0.6539378582915408,-0.08447576373574472,,,,,,,,,,,,,,
FR_BANKS,BNP.PA,GLE.PA,BNP PARIBAS ACT.A,SOCIETE GENERALE,-1.5902766241210526,0.4884760411324164,0.05,,False,0.4304132188228638,2.5896491109823376,,,,,,,,,,,,,,
FR_LUXURY,CDI.PA,MC.PA,CHRISTIAN DIOR,LVMH,-3.0049269584518354,0.034436839133896335,0.05,,False,0.9412333584194871,0.30054526577373775,,,,,,,,,,,,,,
FR_LUXURY,KER.PA,RMS.PA,KERING,HERMES INTL,-2.0171420852457422,0.2791078382188424,0.05,,False,-2.170558589156332,22.051069936231094,,,,,,,,,,,,,,
FR_LUXURY,CDI.PA,RMS.PA,CHRISTIAN DIOR,HERMES INTL,-1.700159458517905,0.43103032091572907,0.05,,False,0.8154262281372082,-0.004618550729219351,,,,,,,,,,,,,,
FR_LUXURY,MC.PA,RMS.PA,LVMH,HERMES INTL,-1.4191623678792193,0.5730557463342079,0.05,,False,0.9444431680659119,-0.9211046261768425,,,,,,,,,,,,,,
FR_LUXURY,CDI.PA,KER.PA,CHRISTIAN DIOR,KERING,-1.1998730895641383,0.6736503032145031,0.05,,False,0.5267751890295347,3.348948079521459,,,,,,,,,,,,,,
FR_LUXURY,KER.PA,MC.PA,KERING,LVMH,-1.139885047824926,0.6989070720974808,0.05,,False,1.7441508186605694,-5.518478926688902,,,,,,,,,,,,,,
FR_UTILITIES,ENGI.PA,RUI.PA,ENGIE,RUBIS,-3.677930432201737,0.004434511729272552,0.05,0.004434511729272552,True,1.530360660054016,-2.1125338285312303,18.278014619220524,0.0007790975660101052,-0.03792245465385807,55.0,-1.0222130436185821,2.3576382496423443,False,,0.2,-0.007573417373509033,0.023961238588762646,0.1297693548060188,True,mixed signal
FR_UTILITIES,ENGI.PA,VIE.PA,ENGIE,VEOLIA ENVIRON.,-2.1217111973534237,0.23587450500063867,0.05,0.004434511729272552,False,2.7369116193537217,-6.287904515479788,,,,,,,,,,,,,,
FR_UTILITIES,ALO.PA,ENGI.PA,ALSTOM,ENGIE,-1.6316963790497667,0.4666028858233939,0.05,0.004434511729272552,False,0.10547416491624036,2.720565912854118,,,,,,,,,,,,,,
FR_UTILITIES,ALO.PA,RUI.PA,ALSTOM,RUBIS,-1.3483886858665406,0.6067541960972487,0.05,0.004434511729272552,False,0.44676648136965874,1.562889811537674,,,,,,,,,,,,,,
FR_UTILITIES,RUI.PA,VIE.PA,RUBIS,VEOLIA ENVIRON.,-1.2464066632618056,0.6533211718864125,0.05,0.004434511729272552,False,1.9389294006217497,-3.2337209328826697,,,,,,,,,,,,,,
FR_UTILITIES,ALO.PA,VIE.PA,ALSTOM,VEOLIA ENVIRON.,-0.993837038207903,0.7555054576110594,0.05,0.004434511729272552,False,-5.260030428803109,20.68687815696258,,,,,,,,,,,,,,
HEALTHCARE,AZN.L,HIK.L,ASTRAZENECA PLC ORD SHS $0.25,HIKMA PHARMACEUTICALS PLC ORD S,-3.8759684507891943,0.002218999523975582,0.05,0.023711779698792422,True,-0.7187244621338913,14.780879907401147,16.32489544346408,-0.0001428785633332805,-0.042459517303521675,49.0,-0.4204913104869867,2.297131422422125,False,,0.4,-0.0037440931959809944,0.027943151415394663,1.3102777159464167,True,mixed signal
HEALTHCARE,AZN.L,GSK.L,ASTRAZENECA PLC ORD SHS $0.25,GSK PLC ORD 31 1/4P,-3.502964126254965,0.007911294543385848,0.05,0.023711779698792422,True,0.7909513979390055,3.566217164472511,14.079863170948675,-0.0003212853227187514,-0.049229681577455435,42.0,1.478688066964521,2.8724637879533144,False,,0.8,-0.003732417896558411,-0.0635956960558981,-0.02555148545995567,False,mixed signal
HEALTHCARE,GSK.L,HIK.L,GSK PLC ORD 31 1/4P,HIKMA PHARMACEUTICALS PLC ORD S,-3.4127733981402257,0.010531058571563192,0.05,0.023711779698792422,True,-0.9649340619199003,14.599295254163401,15.021715168327018,0.00020953092122331333,-0.04614301181941141,45.0,-1.4644201396461438,3.1592889874318644,False,,0.4,-0.0009930932046017854,0.041416716589344205,1.1871902915799897,True,mixed signal
HEALTHCARE,AZN.L,CTEC.L,ASTRAZENECA PLC ORD SHS $0.25,CONVATEC GROUP PLC ORD 10P,-3.3437506504836727,0.013032550766138483,0.05,0.023711779698792422,True,-2.386336034524601,22.454676730614636,15.49593612184459,-0.0005370621208511036,-0.04473090074131224,46.0,-1.6583986694070039,2.008830166536766,False,,0.6,-0.011862829335504456,0.09360146553845716,0.969951180611397,False,mixed signal
HEALTHCARE,CTEC.L,GSK.L,CONVATEC GROUP PLC ORD 10P,GSK PLC ORD 31 1/4P,-3.1636383302666626,0.02218829371410158,0.05,0.023711779698792422,True,-0.2682391659041823,7.4484854090432755,17.542197263578657,-0.0001225910908632765,-0.03951313339743743,53.0,-1.7620354635172502,2.449845898710884,False,,0.4,-0.0032906983391974543,0.0893976752924468,0.7539443951106231,False,mixed signal
HEALTHCARE,CTEC.L,HIK.L,CONVATEC GROUP PLC ORD 10P,HIKMA PHARMACEUTICALS PLC ORD S,-3.1402887752144686,0.023711779698792422,0.05,0.023711779698792422,True,0.31921011256415704,3.0809336828411844,17.642800234412853,-0.0001603584194383522,-0.03928782117069712,53.0,-1.59245330165039,2.3325466188139234,False,,0.2,-0.002829062378630151,0.06513958815188237,0.3825484492493363,False,still diverging
HEALTHCARE,CTEC.L,SN.L,CONVATEC GROUP PLC ORD 10P,SMITH & NEPHEW PLC ORD USD0.20,-2.7884181347668133,0.059947294827701,0.05,0.023711779698792422,False,-0.15273876807838224,6.544607127321499,,,,,,,,,,,,,,
HEALTHCARE,HIK.L,SN.L,HIKMA PHARMACEUTICALS PLC ORD S,SMITH & NEPHEW PLC ORD USD0.20,-2.5607517739709253,0.10138338634016592,0.05,0.023711779698792422,False,-2.2586712299879226,23.40194994518838,,,,,,,,,,,,,,
HEALTHCARE,AZN.L,SN.L,ASTRAZENECA PLC ORD SHS $0.25,SMITH & NEPHEW PLC ORD USD0.20,-2.386758933409388,0.14550853010745995,0.05,0.023711779698792422,False,1.3130477484054643,0.14920146920863075,,,,,,,,,,,,,,
HEALTHCARE,GSK.L,SN.L,GSK PLC ORD 31 1/4P,SMITH & NEPHEW PLC ORD USD0.20,-1.9386378149619021,0.3141085559850165,0.05,0.023711779698792422,False,1.9778062475697136,-6.560219588318729,,,,,,,,,,,,,,
INDUSTRIALS,BBY.L,IMI.L,BALFOUR BEATTY PLC ORD 50P,IMI PLC ORD 28 4/7P,-3.7913474565660072,0.002997092854627739,0.05,,False,1.433249944519607,-4.68432768972958,,,,,,,,,,,,,,
INDUSTRIALS,KIE.L,MGNS.L,KIER GROUP PLC ORD 1P,MORGAN SINDALL GROUP PLC ORD 5P,-3.466338648303641,0.008894861714294391,0.05,,False,1.1525647232519067,-4.377000600895011,,,,,,,,,,,,,,
INDUSTRIALS,BA.L,MGNS.L,BAE SYSTEMS PLC ORD 2.5P,MORGAN SINDALL GROUP PLC ORD 5P,-3.24725570140273,0.017407184227693457,0.05,,False,1.1929039740656426,-2.4835030458210294,,,,,,,,,,,,,,
INDUSTRIALS,BA.L,BNZL.L,BAE SYSTEMS PLC ORD 2.5P,BUNZL PLC ORD 32 1/7P,-3.2255380074938707,0.018553218883135946,0.05,,False,-1.0533384938090862,15.718929935452207,,,,,,,,,,,,,,
INDUSTRIALS,BNZL.L,SMIN.L,BUNZL PLC ORD 32 1/7P,SMITHS GROUP PLC ORD 37.5P,-3.2096008011806627,0.01943562985309061,0.05,,False,-1.2258270114271095,17.283938044676493,,,,,,,,,,,,,,
INDUSTRIALS,MRO.L,SPX.L,MELROSE INDUSTRIES PLC ORD GBP0,SPIRAX GROUP PLC ORD 26 12/13P,-3.1436321648707075,0.023488238493092374,0.05,,False,1.8722287840411111,-10.275371539130733,,,,,,,,,,,,,,
INDUSTRIALS,IMI.L,SPX.L,IMI PLC ORD 28 4/7P,SPIRAX GROUP PLC ORD 26 12/13P,-3.0856085743297235,0.0276367130864809,0.05,,False,11.099546669981255,-90.4574992399573,,,,,,,,,,,,,,
INDUSTRIALS,BBY.L,SPX.L,BALFOUR BEATTY PLC ORD 50P,SPIRAX GROUP PLC ORD 26 12/13P,-3.0842688299310357,0.02773948209357717,0.05,,False,53.460540946991514,-466.3797976948077,,,,,,,,,,,,,,
INDUSTRIALS,SPX.L,WEIR.L,SPIRAX GROUP PLC ORD 26 12/13P,WEIR PLC ORD 12.5P,-3.06898758367067,0.0289350094202309,0.05,,False,0.008213852026042209,8.778101680975697,,,,,,,,,,,,,,
INDUSTRIALS,KIE.L,SPX.L,KIER GROUP PLC ORD 1P,SPIRAX GROUP PLC ORD 26 12/13P,-3.060228855044398,0.029639890279477978,0.05,,False,34.639023557264586,-301.10430356184713,,,,,,,,,,,,,,
INDUSTRIALS,DPLM.L,SPX.L,DIPLOMA PLC ORD 5P,SPIRAX GROUP PLC ORD 26 12/13P,-3.059131015039373,0.029729266407418645,0.05,,False,12.089512126439372,-98.37701499201286,,,,,,,,,,,,,,
INDUSTRIALS,SMIN.L,SPX.L,SMITHS GROUP PLC ORD 37.5P,SPIRAX GROUP PLC ORD 26 12/13P,-3.0568741556067867,0.02991372143227909,0.05,,False,-70.72664726718607,633.053465207918,,,,,,,,,,,,,,
INDUSTRIALS,BBY.L,DPLM.L,BALFOUR BEATTY PLC ORD 50P,DIPLOMA PLC ORD 5P,-3.042830900199757,0.03108354608124238,0.05,,False,1.52650984667399,-6.674518924520463,,,,,,,,,,,,,,
INDUSTRIALS,BNZL.L,WEIR.L,BUNZL PLC ORD 32 1/7P,WEIR PLC ORD 12.5P,-3.041109078768727,0.03122961989668423,0.05,,False,-1.3890624497959534,18.743224834487172,,,,,,,,,,,,,,
INDUSTRIALS,BA.L,SPX.L,BAE SYSTEMS PLC ORD 2.5P,SPIRAX GROUP PLC ORD 26 12/13P,-3.0086157150984754,0.03409759714346948,0.05,,False,-6.39640082239971,63.971579034699296,,,,,,,,,,,,,,
INDUSTRIALS,KIE.L,SMIN.L,KIER GROUP PLC ORD 1P,SMITHS GROUP PLC ORD 37.5P,-3.0058246434075233,0.03435402063391483,0.05,,False,1.2750478656388562,-4.591134231293827,,,,,,,,,,,,,,
INDUSTRIALS,MRO.L,WEIR.L,MELROSE INDUSTRIES PLC ORD GBP0,WEIR PLC ORD 12.5P,-2.990274166306077,0.03581270747892559,0.05,,False,0.7320341288664048,0.5575277903223803,,,,,,,,,,,,,,
INDUSTRIALS,BNZL.L,SPX.L,BUNZL PLC ORD 32 1/7P,SPIRAX GROUP PLC ORD 26 12/13P,-2.9560980766889497,0.03920269223158592,0.05,,False,5.540917879007923,-41.108817677197045,,,,,,,,,,,,,,
INDUSTRIALS,MGNS.L,SPX.L,MORGAN SINDALL GROUP PLC ORD 5P,SPIRAX GROUP PLC ORD 26 12/13P,-2.9400566366285004,0.04088431849242441,0.05,,False,-8.561748222967465,84.00144123692738,,,,,,,,,,,,,,
INDUSTRIALS,BA.L,SMIN.L,BAE SYSTEMS PLC ORD 2.5P,SMITHS GROUP PLC ORD 37.5P,-2.814336638839741,0.05625488361878163,0.05,,False,1.2899619181503519,-2.4773324723760215,,,,,,,,,,,,,,
INDUSTRIALS,MGNS.L,MRO.L,MORGAN SINDALL GROUP PLC ORD 5P,MELROSE INDUSTRIES PLC ORD GBP0,-2.756937920518043,0.06469301275678922,0.05,,False,2.1805638486351326,-5.396881197954171,,,,,,,,,,,,,,
INDUSTRIALS,MGNS.L,SMIN.L,MORGAN SINDALL GROUP PLC ORD 5P,SMITHS GROUP PLC ORD 37.5P,-2.678155408029279,0.07789521625910886,0.05,,False,1.1174554637607546,-0.27154583993089254,,,,,,,,,,,,,,
INDUSTRIALS,BNZL.L,MGNS.L,BUNZL PLC ORD 32 1/7P,MORGAN SINDALL GROUP PLC ORD 5P,-2.6551788264213267,0.08212056049085181,0.05,,False,-1.1116122128762722,17.10743887268048,,,,,,,,,,,,,,
INDUSTRIALS,IMI.L,MGNS.L,IMI PLC ORD 28 4/7P,MORGAN SINDALL GROUP PLC ORD 5P,-2.6514568529517364,0.08282155477985137,0.05,,False,1.0111427141851186,-0.7002134181870998,,,,,,,,,,,,,,
INDUSTRIALS,DPLM.L,HILS.L,DIPLOMA PLC ORD 5P,HILL & SMITH PLC ORD 25P,-2.6371410682381144,0.0855613199007289,0.05,,False,1.4601102095412175,-2.647741248477585,,,,,,,,,,,,,,
INDUSTRIALS,BNZL.L,MRO.L,BUNZL PLC ORD 32 1/7P,MELROSE INDUSTRIES PLC ORD GBP0,-2.586130859535041,0.09589775062009837,0.05,,False,-3.7180208819861726,31.23278054060078,,,,,,,,,,,,,,
INDUSTRIALS,BA.L,KIE.L,BAE SYSTEMS PLC ORD 2.5P,KIER GROUP PLC ORD 1P,-2.581055914576429,0.09697617543268,0.05,,False,1.0018750537039067,2.218424800068661,,,,,,,,,,,,,,
INDUSTRIALS,BKG.L,SPX.L,BERKELEY GROUP HOLDINGS (THE) P,SPIRAX GROUP PLC ORD 26 12/13P,-2.5643787426244575,0.10058518704258262,0.05,,False,2.3943694067621606,-12.887338426986416,,,,,,,,,,,,,,
INDUSTRIALS,BNZL.L,KIE.L,BUNZL PLC ORD 32 1/7P,KIER GROUP PLC ORD 1P,-2.5322568785002586,0.10782181733625429,0.05,,False,-0.9470440009557864,12.795623545585645,,,,,,,,,,,,,,
INDUSTRIALS,DPLM.L,IMI.L,DIPLOMA PLC ORD 5P,IMI PLC ORD 28 4/7P,-2.493349288010179,0.11710091228679337,0.05,,False,0.9534312938823142,1.1920845292757623,,,,,,,,,,,,,,
INDUSTRIALS,BBY.L,SMIN.L,BALFOUR BEATTY PLC ORD 50P,SMITHS GROUP PLC ORD 37.5P,-2.491033642312384,0.11767120669762648,0.05,,False,1.651504142818419,-6.3272773308565,,,,,,,,,,,,,,
INDUSTRIALS,DPLM.L,MGNS.L,DIPLOMA PLC ORD 5P,MORGAN SINDALL GROUP PLC ORD 5P,-2.4245068350880468,0.13493865604561867,0.05,,False,0.9561394596961539,0.5901461801305263,,,,,,,,,,,,,,
INDUSTRIALS,BKG.L,MRO.L,BERKELEY GROUP HOLDINGS (THE) P,MELROSE INDUSTRIES PLC ORD GBP0,-2.418484859874811,0.13658701543853646,0.05,,False,-1.0385008238091573,14.80561623960817,,,,,,,,,,,,,,
INDUSTRIALS,BKG.L,IMI.L,BERKELEY GROUP HOLDINGS (THE) P,IMI PLC ORD 28 4/7P,-2.406454209049615,0.1399230362925069,0.05,,False,-0.5340998226397469,12.390606803172442,,,,,,,,,,,,,,
INDUSTRIALS,BKG.L,DPLM.L,BERKELEY GROUP HOLDINGS (THE) P,DIPLOMA PLC ORD 5P,-2.3789264921826487,0.14777279597347576,0.05,,False,-0.5781095994405316,13.211135876883809,,,,,,,,,,,,,,
INDUSTRIALS,BKG.L,SMIN.L,BERKELEY GROUP HOLDINGS (THE) P,SMITHS GROUP PLC ORD 37.5P,-2.362017720581184,0.15274475889427647,0.05,,False,-0.6410999151503098,13.199642945496588,,,,,,,,,,,,,,
INDUSTRIALS,IMI.L,SMIN.L,IMI PLC ORD 28 4/7P,SMITHS GROUP PLC ORD 37.5P,-2.347715906747177,0.157039904208728,0.05,,False,1.1165234014449577,-0.872174934294546,,,,,,,,,,,,,,
INDUSTRIALS,KIE.L,MRO.L,KIER GROUP PLC ORD 1P,MELROSE INDUSTRIES PLC ORD GBP0,-2.3416291182396076,0.15889291950564494,0.05,,False,2.580842217892604,-11.021753900900011,,,,,,,,,,,,,,
INDUSTRIALS,BKG.L,MGNS.L,BERKELEY GROUP HOLDINGS (THE) P,MORGAN SINDALL GROUP PLC ORD 5P,-2.327921954907681,0.1631206376342081,0.05,,False,-0.5533739954410398,12.875115072837444,,,,,,,,,,,,,,
INDUSTRIALS,BA.L,MRO.L,BAE SYSTEMS PLC ORD 2.5P,MELROSE INDUSTRIES PLC ORD GBP0,-2.3136433494562607,0.16760546858371628,0.05,,False,8.377705922073133,-45.19470236330244,,,,,,,,,,,,,,
INDUSTRIALS,MRO.L,SMIN.L,MELROSE INDUSTRIES PLC ORD GBP0,SMITHS GROUP PLC ORD 37.5P,-2.2999679846012877,0.1719782973261843,0.05,,False,0.5402081301664557,2.1377347673063944,,,,,,,,,,,,,,
INDUSTRIALS,BBY.L,BKG.L,BALFOUR BEATTY PLC ORD 50P,BERKELEY GROUP HOLDINGS (THE) P,-2.284733616269206,0.17693896596011788,0.05,,False,-2.9953604296253737,31.149390823877887,,,,,,,,,,,,,,
INDUSTRIALS,BBY.L,MRO.L,BALFOUR BEATTY PLC ORD 50P,MELROSE INDUSTRIES PLC ORD GBP0,-2.279629113016119,0.17862217599635521,0.05,,False,6.1252632973947465,-32.12865337112492,,,,,,,,,,,,,,
INDUSTRIALS,BBY.L,MGNS.L,BALFOUR BEATTY PLC ORD 50P,MORGAN SINDALL GROUP PLC ORD 5P,-2.2675022796835256,0.18266338777528696,0.05,,False,1.524705602230291,-6.314123967946941,,,,,,,,,,,,,,
INDUSTRIALS,BKG.L,KIE.L,BERKELEY GROUP HOLDINGS (THE) P,KIER GROUP PLC ORD 1P,-2.2256948832554246,0.19705220242761134,0.05,,False,-0.32344671020831417,9.961317558011377,,,,,,,,,,,,,,
INDUSTRIALS,BA.L,BBY.L,BAE SYSTEMS PLC ORD 2.5P,BALFOUR BEATTY PLC ORD 50P,-2.2087732578871315,0.20307669369967551,0.05,,False,0.7471278701310694,2.6798895756382795,,,,,,,,,,,,,,
INDUSTRIALS,BA.L,WEIR.L,BAE SYSTEMS PLC ORD 2.5P,WEIR PLC ORD 12.5P,-2.2069265302668892,0.2037411378286017,0.05,,False,1.4949541061295448,-4.272602888479565,,,,,,,,,,,,,,
INDUSTRIALS,MGNS.L,WEIR.L,MORGAN SINDALL GROUP PLC ORD 5P,WEIR PLC ORD 12.5P,-2.2030143263228226,0.20515324992135536,0.05,,False,1.2484768747217132,-1.4628223017958302,,,,,,,,,,,,,,
INDUSTRIALS,IMI.L,KIE.L,IMI PLC ORD 28 4/7P,KIER GROUP PLC ORD 1P,-2.1950924629126796,0.20803142895037074,0.05,,False,0.8748374417002047,3.152477132119123,,,,,,,,,,,,,,
INDUSTRIALS,HILS.L,SPX.L,HILL & SMITH PLC ORD 25P,SPIRAX GROUP PLC ORD 26 12/13P,-2.190313708474755,0.20977978651561607,0.05,,False,1.9952432845652992,-9.99252479737368,,,,,,,,,,,,,,
INDUSTRIALS,IMI.L,MRO.L,IMI PLC ORD 28 4/7P,MELROSE INDUSTRIES PLC ORD GBP0,-2.0955170526569638,0.24632103394681187,0.05,,False,2.7563646054775,-9.620366250492083,,,,,,,,,,,,,,
INDUSTRIALS,BKG.L,HILS.L,BERKELEY GROUP HOLDINGS (THE) P,HILL & SMITH PLC ORD 25P,-2.0879857243725364,0.24937296373826784,0.05,,False,-0.9735428889176807,15.732033297190108,,,,,,,,,,,,,,
INDUSTRIALS,DPLM.L,MRO.L,DIPLOMA PLC ORD 5P,MELROSE INDUSTRIES PLC ORD GBP0,-2.0795102832298182,0.2528330285918793,0.05,,False,3.747541665332273,-15.01034868272603,,,,,,,,,,,,,,
INDUSTRIALS,KIE.L,WEIR.L,KIER GROUP PLC ORD 1P,WEIR PLC ORD 12.5P,-2.0759567902971385,0.2542917359725094,0.05,,False,1.464645547329431,-6.263843152504506,,,,,,,,,,,,,,
INDUSTRIALS,BA.L,BKG.L,BAE SYSTEMS PLC ORD 2.5P,BERKELEY GROUP HOLDINGS (THE) P,-2.041078380726302,0.2688570221885892,0.05,,False,-2.356196440877455,26.93234037629047,,,,,,,,,,,,,,
INDUSTRIALS,DPLM.L,KIE.L,DIPLOMA PLC ORD 5P,KIER GROUP PLC ORD 1P,-2.008319295546962,0.2829373335584756,0.05,,False,0.8216873325050384,4.262094921953887,,,,,,,,,,,,,,
INDUSTRIALS,BBY.L,KIE.L,BALFOUR BEATTY PLC ORD 50P,KIER GROUP PLC ORD 1P,-1.9957399192762622,0.2884441144107625,0.05,,False,1.3074090938526979,-0.4436619227389249,,,,,,,,,,,,,,
INDUSTRIALS,BBY.L,HILS.L,BALFOUR BEATTY PLC ORD 50P,HILL & SMITH PLC ORD 25P,-1.9258485896265052,0.32000051135939217,0.05,,False,2.4519753683261554,-12.423063629027384,,,,,,,,,,,,,,
INDUSTRIALS,BKG.L,WEIR.L,BERKELEY GROUP HOLDINGS (THE) P,WEIR PLC ORD 12.5P,-1.8761787701903823,0.34334899589953816,0.05,,False,-0.6830051835085118,13.623091598231007,,,,,,,,,,,,,,
INDUSTRIALS,BA.L,IMI.L,BAE SYSTEMS PLC ORD 2.5P,IMI PLC ORD 28 4/7P,-1.8065542312863394,0.37721258920447065,0.05,,False,1.1598386351554586,-1.5042768242629272,,,,,,,,,,,,,,
INDUSTRIALS,BKG.L,BNZL.L,BERKELEY GROUP HOLDINGS (THE) P,BUNZL PLC ORD 32 1/7P,-1.773343441980762,0.3937739149237483,0.05,,False,0.4177343221925578,4.990291891219377,,,,,,,,,,,,,,
INDUSTRIALS,HILS.L,IMI.L,HILL & SMITH PLC ORD 25P,IMI PLC ORD 28 4/7P,-1.7513051618246296,0.40489098795880113,0.05,,False,0.6234168817087384,2.8571475914993147,,,,,,,,,,,,,,
INDUSTRIALS,SMIN.L,WEIR.L,SMITHS GROUP PLC ORD 37.5P,WEIR PLC ORD 12.5P,-1.6629388710969055,0.45030146943904514,0.05,,False,1.1145151137641787,-1.0446862451500545,,,,,,,,,,,,,,
INDUSTRIALS,HILS.L,MGNS.L,HILL & SMITH PLC ORD 25P,MORGAN SINDALL GROUP PLC ORD 5P,-1.5753171739826748,0.4959795176321068,0.05,,False,0.5106942290880309,3.4133808244401465,,,,,,,,,,,,,,
INDUSTRIALS,BA.L,DPLM.L,BAE SYSTEMS PLC ORD 2.5P,DIPLOMA PLC ORD 5P,-1.568626923341193,0.49933135572456117,0.05,,False,1.2660877244379485,-3.3771220729198195,,,,,,,,,,,,,,
INDUSTRIALS,BNZL.L,IMI.L,BUNZL PLC ORD 32 1/7P,IMI PLC ORD 28 4/7P,-1.5590343996179297,0.504132362023983,0.05,,False,-1.1011632312337485,16.351496063779692,,,,,,,,,,,,,,
INDUSTRIALS,DPLM.L,SMIN.L,DIPLOMA PLC ORD 5P,SMITHS GROUP PLC ORD 37.5P,-1.5222332917466512,0.5224855851414467,0.05,,False,1.0737209006256931,0.29004746946796267,,,,,,,,,,,,,,
INDUSTRIALS,BNZL.L,DPLM.L,BUNZL PLC ORD 32 1/7P,DIPLOMA PLC ORD 5P,-1.4240676666711753,0.5706849481970332,0.05,,False,-1.2161471178471313,18.24984161187711,,,,,,,,,,,,,,
INDUSTRIALS,BBY.L,BNZL.L,BALFOUR BEATTY PLC ORD 50P,BUNZL PLC ORD 32 1/7P,-1.2591275097832606,0.6476580457754081,0.05,,False,-1.4487489927794395,17.75896227116235,,,,,,,,,,,,,,
INDUSTRIALS,IMI.L,WEIR.L,IMI PLC ORD 28 4/7P,WEIR PLC ORD 12.5P,-1.2151349831844895,0.6670513738052887,0.05,,False,1.2736286002294837,-2.267194968325934,,,,,,,,,,,,,,
INDUSTRIALS,HILS.L,KIE.L,HILL & SMITH PLC ORD 25P,KIER GROUP PLC ORD 1P,-1.0782978935549186,0.7236484128040079,0.05,,False,0.4691088926301126,5.217926795101503,,,,,,,,,,,,,,
INDUSTRIALS,HILS.L,SMIN.L,HILL & SMITH PLC ORD 25P,SMITHS GROUP PLC ORD 37.5P,-1.0284036859349213,0.7427642782152134,0.05,,False,0.6304958488070508,2.8160880244281232,,,,,,,,,,,,,,
INDUSTRIALS,BBY.L,WEIR.L,BALFOUR BEATTY PLC ORD 50P,WEIR PLC ORD 12.5P,-0.945347974720967,0.7726722616677342,0.05,,False,1.9882830230589794,-9.20673426131447,,,,,,,,,,,,,,
INDUSTRIALS,DPLM.L,WEIR.L,DIPLOMA PLC ORD 5P,WEIR PLC ORD 12.5P,-0.7721562084848349,0.8271644785369923,0.05,,False,1.2890735719418065,-1.5538593214476233,,,,,,,,,,,,,,
INDUSTRIALS,BA.L,HILS.L,BAE SYSTEMS PLC ORD 2.5P,HILL & SMITH PLC ORD 25P,-0.7514465688350579,0.8329700751314194,0.05,,False,3.033519271302478,-15.793845334698881,,,,,,,,,,,,,,
INDUSTRIALS,BNZL.L,HILS.L,BUNZL PLC ORD 32 1/7P,HILL & SMITH PLC ORD 25P,-0.6063896924436356,0.8695316716312358,0.05,,False,-3.577939144113253,35.2569911443093,,,,,,,,,,,,,,
INDUSTRIALS,HILS.L,MRO.L,HILL & SMITH PLC ORD 25P,MELROSE INDUSTRIES PLC ORD GBP0,-0.5379632883157395,0.8843929109661597,0.05,,False,1.1011587759298131,0.7353573661499038,,,,,,,,,,,,,,
INDUSTRIALS,HILS.L,WEIR.L,HILL & SMITH PLC ORD 25P,WEIR PLC ORD 12.5P,-0.07871576509490341,0.9515176910932399,0.05,,False,0.6111938068311871,2.8726503072051237,,,,,,,,,,,,,,
INVESTMENT_TRUSTS,ATT.L,FCIT.L,ALLIANZ TECHNOLOGY TRUST PLC OR,F&C INVESTMENT TRUST PLC ORD 6.,-4.15477778093394,0.0007851729597031237,0.05,0.001250436359170062,True,2.5098413480688295,-8.104108308115315,11.76001270351806,-0.00019505321215534734,-0.05894102311238042,35.0,0.8290846408985678,2.769713149206244,False,,0.8,0.004008375099119345,-0.04720949965282806,0.12632210930933174,True,reversion signs agree
INVESTMENT_TRUSTS,FCIT.L,RCP.L,F&C INVESTMENT TRUST PLC ORD 6.,"""RIT Capital Partners""",-4.032315629446393,0.001250436359170062,0.05,0.001250436359170062,True,1.1037036377798175,-2.7238959059463808,10.804026538032476,-1.693659356478287e-05,-0.06415637522917216,32.0,1.8847302426821817,3.0186232641071595,True,2026-10-05 00:00:00,0.6,-0.0022851936357835946,-0.14354377608877078,-0.3419284623974994,True,reversion signs agree
INVESTMENT_TRUSTS,ATT.L,RCP.L,ALLIANZ TECHNOLOGY TRUST PLC OR,"""RIT Capital Partners""",-3.5987756695528317,0.005784477506391105,0.05,0.001250436359170062,False,2.8555079014062055,-15.590169994492921,,,,,,,,,,,,,,
INVESTMENT_TRUSTS,HGT.L,SMT.L,HG CAPITAL TRUST PLC ORD 2.5P,SCOTTISH MORTGAGE INVESTMENT TR,-3.496633018513569,0.0080739874996142,0.05,0.001250436359170062,False,-0.645671923158314,10.669717345537283,,,,,,,,,,,,,,
INVESTMENT_TRUSTS,FCIT.L,PCT.L,F&C INVESTMENT TRUST PLC ORD 6.,POLAR CAPITAL TECHNOLOGY TRUST ,-3.4206300515511137,0.010275379514386514,0.05,0.001250436359170062,False,0.3199324263006626,3.753251408720087,,,,,,,,,,,,,,
INVESTMENT_TRUSTS,PCT.L,RCP.L,POLAR CAPITAL TECHNOLOGY TRUST ,"""RIT Capital Partners""",-3.2801908775587125,0.015787499025036403,0.05,0.001250436359170062,False,3.554469030374322,-21.041531919138087,,,,,,,,,,,,,,
INVESTMENT_TRUSTS,FCIT.L,HGT.L,F&C INVESTMENT TRUST PLC ORD 6.,HG CAPITAL TRUST PLC ORD 2.5P,-3.1199390496557062,0.025112368674098526,0.05,0.001250436359170062,False,-0.6346454797155384,9.586250449790636,,,,,,,,,,,,,,
INVESTMENT_TRUSTS,MNKS.L,RCP.L,MONKS INVESTMENT TRUST PLC ORD ,"""RIT Capital Partners""",-3.069956759466986,0.028857899589405638,0.05,0.001250436359170062,False,1.5103504757195643,-4.284208874046559,,,,,,,,,,,,,,
INVESTMENT_TRUSTS,3IN.L,HGT.L,3I INFRASTRUCTURE PLC ORD NPV,HG CAPITAL TRUST PLC ORD 2.5P,-2.9277706378325026,0.042212646518138205,0.05,0.001250436359170062,False,-0.2905286361323967,7.631592322093255,,,,,,,,,,,,,,
INVESTMENT_TRUSTS,JAM.L,JGGI.L,JPMORGAN AMERICAN INVESTMENT TR,JPMORGAN GLOBAL GROWTH & INCOME,-2.9241758644791394,0.042608038148148515,0.05,0.001250436359170062,False,1.8275800999267138,-4.60784359311265,,,,,,,,,,,,,,
INVESTMENT_TRUSTS,3IN.L,BRWM.L,3I INFRASTRUCTURE PLC ORD NPV,BLACKROCK WORLD MINING TRUST PL,-2.8758392640976242,0.04823056364567264,0.05,0.001250436359170062,False,0.16717882420619545,4.761573335087167,,,,,,,,,,,,,,
INVESTMENT_TRUSTS,3IN.L,CTY.L,3I INFRASTRUCTURE PLC ORD NPV,CITY OF LONDON INVESTMENT TRUST,-2.8621936907328984,0.04992430008242173,0.05,0.001250436359170062,False,0.4985635235153949,2.7544283864232004,,,,,,,,,,,,,,
INVESTMENT_TRUSTS,3IN.L,ATT.L,3I INFRASTRUCTURE PLC ORD NPV,ALLIANZ TECHNOLOGY TRUST PLC OR,-2.8209629226346244,0.05534119296250124,0.05,0.001250436359170062,False,0.2079831984970221,4.5644502395312765,,,,,,,,,,,,,,
INVESTMENT_TRUSTS,HGT.L,MNKS.L,HG CAPITAL TRUST PLC ORD 2.5P,MONKS INVESTMENT TRUST PLC ORD ,-2.8174806725201584,0.05581983732711695,0.05,0.001250436359170062,False,-1.0528038213347077,13.753172532036448,,,,,,,,,,,,,,
INVESTMENT_TRUSTS,ATT.L,SMT.L,ALLIANZ TECHNOLOGY TRUST PLC OR,SCOTTISH MORTGAGE INVESTMENT TR,-2.7909410022572545,0.05957947833361818,0.05,0.001250436359170062,False,1.2775853811946876,-2.7763609812506003,,,,,,,,,,,,,,
INVESTMENT_TRUSTS,3IN.L,PCT.L,3I INFRASTRUCTURE PLC ORD NPV,POLAR CAPITAL TECHNOLOGY TRUST ,-2.789371840399488,0.059808035869167976,0.05,0.001250436359170062,False,0.16760134132150936,4.834578990712101,,,,,,,,,,,,,,
INVESTMENT_TRUSTS,3IN.L,MNKS.L,3I INFRASTRUCTURE PLC ORD NPV,MONKS INVESTMENT TRUST PLC ORD ,-2.7480134750699605,0.06609192102536655,0.05,0.001250436359170062,False,0.4166918471333344,2.8374697648843683,,,,,,,,,,,,,,
INVESTMENT_TRUSTS,RCP.L,SMT.L,"""RIT Capital Partners""",SCOTTISH MORTGAGE INVESTMENT TR,-2.7048513604861912,0.07320252757587228,0.05,0.001250436359170062,False,0.4343772716298342,4.578271001552331,,,,,,,,,,,,,,
INVESTMENT_TRUSTS,HGT.L,JAM.L,HG CAPITAL TRUST PLC ORD 2.5P,JPMORGAN AMERICAN INVESTMENT TR,-2.6977709910361583,0.07442477982305941,0.05,0.001250436359170062,False,-2.4801932913698135,23.484429091958532,,,,,,,,,,,,,,
INVESTMENT_TRUSTS,3IN.L,RCP.L,3I INFRASTRUCTURE PLC ORD NPV,"""RIT Capital Partners""",-2.6856679163201687,0.07655135045099808,0.05,0.001250436359170062,False,0.6587942974608846,0.8283055125990995,,,,,,,,,,,,,,
INVESTMENT_TRUSTS,3IN.L,JGGI.L,3I INFRASTRUCTURE PLC ORD NPV,JPMORGAN GLOBAL GROWTH & INCOME,-2.680382956051621,0.07749482467110584,0.05,0.001250436359170062,False,2.376008371811618,-9.227988573808643,,,,,,,,,,,,,,
INVESTMENT_TRUSTS,PCT.L,SMT.L,POLAR CAPITAL TECHNOLOGY TRUST ,SCOTTISH MORTGAGE INVESTMENT TR,-2.6394490192583993,0.08511492627897183,0.05,0.001250436359170062,False,1.587030325598336,-5.068350725298279,,,,,,,,,,,,,,
INVESTMENT_TRUSTS,3IN.L,FCIT.L,3I INFRASTRUCTURE PLC ORD NPV,F&C INVESTMENT TRUST PLC ORD 6.,-2.616339547724662,0.08966701967671875,0.05,0.001250436359170062,False,0.5597102645543396,2.6650786321551903,,,,,,,,,,,,,,
INVESTMENT_TRUSTS,FCIT.L,SMT.L,F&C INVESTMENT TRUST PLC ORD 6.,SCOTTISH MORTGAGE INVESTMENT TR,-2.594868077798444,0.09406257704707066,0.05,0.001250436359170062,False,0.5033770176368751,2.1621573767947453,,,,,,,,,,,,,,
INVESTMENT_TRUSTS,JGGI.L,RCP.L,JPMORGAN GLOBAL GROWTH & INCOME,"""RIT Capital Partners""",-2.502721288025841,0.11481360925029044,0.05,0.001250436359170062,False,0.3630276453196224,3.580091688533186,,,,,,,,,,,,,,
INVESTMENT_TRUSTS,3IN.L,SMT.L,3I INFRASTRUCTURE PLC ORD NPV,SCOTTISH MORTGAGE INVESTMENT TR,-2.396198056504457,0.14281235580212376,0.05,0.001250436359170062,False,0.23920753435492736,4.171831842621505,,,,,,,,,,,,,,
INVESTMENT_TRUSTS,JGGI.L,PCT.L,JPMORGAN GLOBAL GROWTH & INCOME,POLAR CAPITAL TECHNOLOGY TRUST ,-2.3832641926822906,0.14651578626026157,0.05,0.001250436359170062,False,0.09750893806257058,5.756846870135287,,,,,,,,,,,,,,
INVESTMENT_TRUSTS,HGT.L,PCT.L,HG CAPITAL TRUST PLC ORD 2.5P,POLAR CAPITAL TECHNOLOGY TRUST ,-2.355916815965103,0.1545669154251177,0.05,0.001250436359170062,False,-0.39200696901365273,8.5187338870054,,,,,,,,,,,,,,
INVESTMENT_TRUSTS,ATT.L,JGGI.L,ALLIANZ TECHNOLOGY TRUST PLC OR,JPMORGAN GLOBAL GROWTH & INCOME,-2.3412226122362525,0.15901720595913882,0.05,0.001250436359170062,False,7.951007722073564,-44.29076546945136,,,,,,,,,,,,,,
INVESTMENT_TRUSTS,BRWM.L,RCP.L,BLACKROCK WORLD MINING TRUST PL,"""RIT Capital Partners""",-2.3342287428654447,0.16116599087861172,0.05,0.001250436359170062,False,3.836255806512581,-22.73316169987598,,,,,,,,,,,,,,
INVESTMENT_TRUSTS,HGT.L,JGGI.L,HG CAPITAL TRUST PLC ORD 2.5P,JPMORGAN GLOBAL GROWTH & INCOME,-2.324167525152985,0.164291881739008,0.05,0.001250436359170062,False,-10.27099583095633,71.30210884196993,,,,,,,,,,,,,,
INVESTMENT_TRUSTS,BRWM.L,JGGI.L,BLACKROCK WORLD MINING TRUST PL,JPMORGAN GLOBAL GROWTH & INCOME,-2.3098295870729544,0.16881732991880216,0.05,0.001250436359170062,False,14.441982569564434,-85.1362849002579,,,,,,,,,,,,,,
INVESTMENT_TRUSTS,ATT.L,HGT.L,ALLIANZ TECHNOLOGY TRUST PLC OR,HG CAPITAL TRUST PLC ORD 2.5P,-2.3017857673486892,0.17139267285508647,0.05,0.001250436359170062,False,-2.080245642537291,18.962114804511895,,,,,,,,,,,,,,
INVESTMENT_TRUSTS,FCIT.L,MNKS.L,F&C INVESTMENT TRUST PLC ORD 6.,MONKS INVESTMENT TRUST PLC ORD ,-2.300498816523998,0.17180714373079886,0.05,0.001250436359170062,False,0.7423813927738111,0.3231042392557315,,,,,,,,,,,,,,
INVESTMENT_TRUSTS,ATT.L,PCT.L,ALLIANZ TECHNOLOGY TRUST PLC OR,POLAR CAPITAL TECHNOLOGY TRUST ,-2.241630877438559,0.19148414486194715,0.05,0.001250436359170062,False,0.8104026274880369,1.2714462928220467,,,,,,,,,,,,,,
INVESTMENT_TRUSTS,ATT.L,MNKS.L,ALLIANZ TECHNOLOGY TRUST PLC OR,MONKS INVESTMENT TRUST PLC ORD ,-2.232101627685791,0.19480135338855442,0.05,0.001250436359170062,False,1.882571326264238,-7.432302245328267,,,,,,,,,,,,,,
INVESTMENT_TRUSTS,JGGI.L,SMT.L,JPMORGAN GLOBAL GROWTH & INCOME,SCOTTISH MORTGAGE INVESTMENT TR,-2.2063152493713942,0.20396137536281034,0.05,0.001250436359170062,False,0.14422687352933852,5.336001703512669,,,,,,,,,,,,,,
INVESTMENT_TRUSTS,CTY.L,RCP.L,CITY OF LONDON INVESTMENT TRUST,"""RIT Capital Partners""",-2.202935256509734,0.20518185347695939,0.05,0.001250436359170062,False,1.354271261888949,-4.113502928357476,,,,,,,,,,,,,,
INVESTMENT_TRUSTS,FCIT.L,JGGI.L,F&C INVESTMENT TRUST PLC ORD 6.,JPMORGAN GLOBAL GROWTH & INCOME,-2.20072711740276,0.2059816610332415,0.05,0.001250436359170062,False,2.6874134884360985,-11.370673508692587,,,,,,,,,,,,,,
INVESTMENT_TRUSTS,MNKS.L,PCT.L,MONKS INVESTMENT TRUST PLC ORD ,POLAR CAPITAL TECHNOLOGY TRUST ,-2.1919305318690077,0.2091872336941668,0.05,0.001250436359170062,False,0.42609306325302254,4.649614422891865,,,,,,,,,,,,,,
INVESTMENT_TRUSTS,JGGI.L,MNKS.L,JPMORGAN GLOBAL GROWTH & INCOME,MONKS INVESTMENT TRUST PLC ORD ,-2.17406482099397,0.21579270378642096,0.05,0.001250436359170062,False,0.2533405986284449,4.516322329561426,,,,,,,,,,,,,,
INVESTMENT_TRUSTS,CTY.L,JGGI.L,CITY OF LONDON INVESTMENT TRUST,JPMORGAN GLOBAL GROWTH & INCOME,-2.1494683857412604,0.22509363516536046,0.05,0.001250436359170062,False,7.552856683621468,-41.70871077478805,,,,,,,,,,,,,,
INVESTMENT_TRUSTS,BRWM.L,MNKS.L,BLACKROCK WORLD MINING TRUST PL,MONKS INVESTMENT TRUST PLC ORD ,-2.083159736998802,0.25133984757687156,0.05,0.001250436359170062,False,2.6330188219676742,-12.521698396600893,,,,,,,,,,,,,,
INVESTMENT_TRUSTS,3IN.L,JAM.L,3I INFRASTRUCTURE PLC ORD NPV,JPMORGAN AMERICAN INVESTMENT TR,-2.0705514459362244,0.2565196558352736,0.05,0.001250436359170062,False,0.5985092355208702,1.660882094894208,,,,,,,,,,,,,,
INVESTMENT_TRUSTS,CTY.L,MNKS.L,CITY OF LONDON INVESTMENT TRUST,MONKS INVESTMENT TRUST PLC ORD ,-2.068800798339408,0.25724354834896923,0.05,0.001250436359170062,False,0.873902818884408,-0.10806421147617229,,,,,,,,,,,,,,
INVESTMENT_TRUSTS,HGT.L,RCP.L,HG CAPITAL TRUST PLC ORD 2.5P,"""RIT Capital Partners""",-2.050241071276692,0.26498751485164684,0.05,0.001250436359170062,False,-1.815503640587872,19.978168253111676,,,,,,,,,,,,,,
INVESTMENT_TRUSTS,BRWM.L,FCIT.L,BLACKROCK WORLD MINING TRUST PL,F&C INVESTMENT TRUST PLC ORD 6.,-2.0423629382153368,0.26831270595839285,0.05,0.001250436359170062,False,3.601209309258241,-13.976705520531453,,,,,,,,,,,,,,
INVESTMENT_TRUSTS,BRWM.L,HGT.L,BLACKROCK WORLD MINING TRUST PL,HG CAPITAL TRUST PLC ORD 2.5P,-2.031371978774788,0.2729891959496946,0.05,0.001250436359170062,False,-2.7168083006739834,23.205803477479883,,,,,,,,,,,,,,
INVESTMENT_TRUSTS,CTY.L,HGT.L,CITY OF LONDON INVESTMENT TRUST,HG CAPITAL TRUST PLC ORD 2.5P,-2.0081608663136454,0.2830063474758455,0.05,0.001250436359170062,False,-0.8177983064759531,11.232352516191744,,,,,,,,,,,,,,
INVESTMENT_TRUSTS,JAM.L,RCP.L,JPMORGAN AMERICAN INVESTMENT TR,"""RIT Capital Partners""",-1.9983071949755553,0.2873158280992958,0.05,0.001250436359170062,False,0.9147290055271708,0.023740615037723956,,,,,,,,,,,,,,
INVESTMENT_TRUSTS,ATT.L,CTY.L,ALLIANZ TECHNOLOGY TRUST PLC OR,CITY OF LONDON INVESTMENT TRUST,-1.9804634164368364,0.29520435477559365,0.05,0.001250436359170062,False,2.265806958539086,-7.890071548243342,,,,,,,,,,,,,,
INVESTMENT_TRUSTS,CTY.L,SMT.L,CITY OF LONDON INVESTMENT TRUST,SCOTTISH MORTGAGE INVESTMENT TR,-1.9764128656278408,0.2970100218832348,0.05,0.001250436359170062,False,0.5743240662209064,2.1839111661115425,,,,,,,,,,,,,,
INVESTMENT_TRUSTS,FCIT.L,JAM.L,F&C INVESTMENT TRUST PLC ORD 6.,JPMORGAN AMERICAN INVESTMENT TR,-1.9113011101476927,0.3267635308229563,0.05,0.001250436359170062,False,1.2038626000730803,-2.7334929919770525,,,,,,,,,,,,,,
INVESTMENT_TRUSTS,HGT.L,PSH.L,HG CAPITAL TRUST PLC ORD 2.5P,PERSHING SQUARE HOLDINGS LTD OR,-1.8743691857173006,0.3442130329042322,0.05,0.001250436359170062,False,-3.772793209122281,37.52678280293018,,,,,,,,,,,,,,
INVESTMENT_TRUSTS,JAM.L,PCT.L,JPMORGAN AMERICAN INVESTMENT TR,POLAR CAPITAL TECHNOLOGY TRUST ,-1.8738291117330645,0.3444710822017576,0.05,0.001250436359170062,False,0.2334849640051652,5.58177882459957,,,,,,,,,,,,,,
INVESTMENT_TRUSTS,CTY.L,PCT.L,CITY OF LONDON INVESTMENT TRUST,POLAR CAPITAL TECHNOLOGY TRUST ,-1.842770563787419,0.35944340737859803,0.05,0.001250436359170062,False,0.3578657871802162,4.042183060266849,,,,,,,,,,,,,,
INVESTMENT_TRUSTS,BRWM.L,SMT.L,BLACKROCK WORLD MINING TRUST PL,SCOTTISH MORTGAGE INVESTMENT TR,-1.8356778676312686,0.36289793918565383,0.05,0.001250436359170062,False,1.751696815552512,-5.764552255967409,,,,,,,,,,,,,,
INVESTMENT_TRUSTS,ATT.L,JAM.L,ALLIANZ TECHNOLOGY TRUST PLC OR,JPMORGAN AMERICAN INVESTMENT TR,-1.835577536084048,0.3629468974061417,0.05,0.001250436359170062,False,3.3539649231139133,-17.28592990445915,,,,,,,,,,,,,,
INVESTMENT_TRUSTS,JAM.L,MNKS.L,JPMORGAN AMERICAN INVESTMENT TR,MONKS INVESTMENT TRUST PLC ORD ,-1.8099904127803108,0.37551313271384784,0.05,0.001250436359170062,False,0.5879997121632743,2.745523114605472,,,,,,,,,,,,,,
INVESTMENT_TRUSTS,BRWM.L,JAM.L,BLACKROCK WORLD MINING TRUST PL,JPMORGAN AMERICAN INVESTMENT TR,-1.7616570565522334,0.3996570937851843,0.05,0.001250436359170062,False,5.612674823769074,-32.73858451089876,,,,,,,,,,,,,,
INVESTMENT_TRUSTS,BRWM.L,PSH.L,BLACKROCK WORLD MINING TRUST PL,PERSHING SQUARE HOLDINGS LTD OR,-1.7326588581444675,0.41436903378478007,0.05,0.001250436359170062,False,5.046279161161452,-35.49540304499088,,,,,,,,,,,,,,
INVESTMENT_TRUSTS,BRWM.L,PCT.L,BLACKROCK WORLD MINING TRUST PL,POLAR CAPITAL TECHNOLOGY TRUST ,-1.6952590963211143,0.4335567736373094,0.05,0.001250436359170062,False,1.0412269318323295,0.20463518273759274,,,,,,,,,,,,,,
INVESTMENT_TRUSTS,JAM.L,SMT.L,JPMORGAN AMERICAN INVESTMENT TR,SCOTTISH MORTGAGE INVESTMENT TR,-1.6936867345198425,0.4343681616234307,0.05,0.001250436359170062,False,0.36950871979301697,4.405638996122011,,,,,,,,,,,,,,
INVESTMENT_TRUSTS,3IN.L,PSH.L,3I INFRASTRUCTURE PLC ORD NPV,PERSHING SQUARE HOLDINGS LTD OR,-1.676775266378562,0.4431165252325346,0.05,0.001250436359170062,False,0.3574820952609602,2.868261347941617,,,,,,,,,,,,,,
INVESTMENT_TRUSTS,CTY.L,FCIT.L,CITY OF LONDON INVESTMENT TRUST,F&C INVESTMENT TRUST PLC ORD 6.,-1.6740123717388111,0.44454935825178044,0.05,0.001250436359170062,False,1.222052749798809,-0.7430188116713072,,,,,,,,,,,,,,
INVESTMENT_TRUSTS,CTY.L,JAM.L,CITY OF LONDON INVESTMENT TRUST,JPMORGAN AMERICAN INVESTMENT TR,-1.6458812232903386,0.45918936416157935,0.05,0.001250436359170062,False,1.8058894923890634,-6.4203542238958,,,,,,,,,,,,,,
INVESTMENT_TRUSTS,MNKS.L,SMT.L,MONKS INVESTMENT TRUST PLC ORD ,SCOTTISH MORTGAGE INVESTMENT TR,-1.629274121297436,0.4678706900591024,0.05,0.001250436359170062,False,0.671178371314575,2.5251935928047278,,,,,,,,,,,,,,
INVESTMENT_TRUSTS,BRWM.L,CTY.L,BLACKROCK WORLD MINING TRUST PL,CITY OF LONDON INVESTMENT TRUST,-1.572426068732997,0.49742829432212726,0.05,0.001250436359170062,False,2.853787630098679,-11.211245556141897,,,,,,,,,,,,,,
INVESTMENT_TRUSTS,JGGI.L,PSH.L,JPMORGAN GLOBAL GROWTH & INCOME,PERSHING SQUARE HOLDINGS LTD OR,-1.5273898011464608,0.5199211213615643,0.05,0.001250436359170062,False,0.18703715290676906,4.786932310292004,,,,,,,,,,,,,,
INVESTMENT_TRUSTS,PCT.L,PSH.L,POLAR CAPITAL TECHNOLOGY TRUST ,PERSHING SQUARE HOLDINGS LTD OR,-1.5074599531569923,0.5298178318478244,0.05,0.001250436359170062,False,4.519289961376384,-31.56702629768334,,,,,,,,,,,,,,
INVESTMENT_TRUSTS,ATT.L,BRWM.L,ALLIANZ TECHNOLOGY TRUST PLC OR,BLACKROCK WORLD MINING TRUST PL,-1.5058662858029717,0.5306074008904015,0.05,0.001250436359170062,False,0.7568670519213959,1.250477056871424,,,,,,,,,,,,,,
INVESTMENT_TRUSTS,MNKS.L,PSH.L,MONKS INVESTMENT TRUST PLC ORD ,PERSHING SQUARE HOLDINGS LTD OR,-1.3885866982938904,0.5877354030888902,0.05,0.001250436359170062,False,1.1827337100386544,-2.626011180833153,,,,,,,,,,,,,,
INVESTMENT_TRUSTS,PSH.L,SMT.L,PERSHING SQUARE HOLDINGS LTD OR,SCOTTISH MORTGAGE INVESTMENT TR,-1.3791755268290653,0.5922179195638375,0.05,0.001250436359170062,False,0.4211500077453898,5.375548565060508,,,,,,,,,,,,,,
INVESTMENT_TRUSTS,ATT.L,PSH.L,ALLIANZ TECHNOLOGY TRUST PLC OR,PERSHING SQUARE HOLDINGS LTD OR,-1.3338491623923305,0.6135475706720276,0.05,0.001250436359170062,False,3.2814875855210066,-21.14412121755732,,,,,,,,,,,,,,
INVESTMENT_TRUSTS,CTY.L,PSH.L,CITY OF LONDON INVESTMENT TRUST,PERSHING SQUARE HOLDINGS LTD OR,-1.295173294914735,0.6313776338125885,0.05,0.001250436359170062,False,0.9927285823032324,-2.0632753271648374,,,,,,,,,,,,,,
INVESTMENT_TRUSTS,JAM.L,PSH.L,JPMORGAN AMERICAN INVESTMENT TR,PERSHING SQUARE HOLDINGS LTD OR,-0.9713407248452472,0.7635730967443384,0.05,0.001250436359170062,False,0.5455241479695798,2.4475572366366354,,,,,,,,,,,,,,
INVESTMENT_TRUSTS,FCIT.L,PSH.L,F&C INVESTMENT TRUST PLC ORD 6.,PERSHING SQUARE HOLDINGS LTD OR,-0.6231221643079742,0.8656713074706224,0.05,0.001250436359170062,False,0.7476249677373116,-0.5424193984895851,,,,,,,,,,,,,,
INVESTMENT_TRUSTS,PSH.L,RCP.L,PERSHING SQUARE HOLDINGS LTD OR,"""RIT Capital Partners""",-0.06003816673554406,0.9532762641870736,0.05,0.001250436359170062,False,1.5418416149801226,-3.416586592757602,,,,,,,,,,,,,,
MATERIALS,AAL.L,ANTO.L,ANGLO AMERICAN PLC ORD USD0.623,ANTOFAGASTA PLC ORD 5P,-2.745068348140909,0.0665588502943465,0.05,,False,0.6309763277049065,2.9739922280645796,,,,,,,,,,,,,,
MATERIALS,GLEN.L,RIO.L,GLENCORE PLC ORD USD0.01,RIO TINTO PLC ORD 10P,-2.7044257575774235,0.07327554587571916,0.05,,False,1.318983536450488,-5.376842191613139,,,,,,,,,,,,,,
MATERIALS,FRES.L,JMAT.L,FRESNILLO PLC ORD USD0.50,JOHNSON MATTHEY PLC ORD 147 143,-2.658358257250375,0.08152542268214041,0.05,,False,4.323647919947277,-26.210506119193134,,,,,,,,,,,,,,
MATERIALS,CRDA.L,JMAT.L,CRODA INTERNATIONAL PLC ORD 10.,JOHNSON MATTHEY PLC ORD 147 143,-2.635272164577138,0.085924124547545,0.05,,False,-0.5502327434732698,12.295870436944302,,,,,,,,,,,,,,
MATERIALS,ANTO.L,HOC.L,ANTOFAGASTA PLC ORD 5P,HOCHSCHILD MINING PLC ORD 1P,-2.603808157397359,0.09221275033047238,0.05,,False,0.6989858349775061,3.724935528758028,,,,,,,,,,,,,,
MATERIALS,CRDA.L,FRES.L,CRODA INTERNATIONAL PLC ORD 10.,FRESNILLO PLC ORD USD0.50,-2.567826959258455,0.0998307501770127,0.05,,False,-0.14713837377838074,9.105204944584608,,,,,,,,,,,,,,
MATERIALS,AAL.L,GLEN.L,ANGLO AMERICAN PLC ORD USD0.623,GLENCORE PLC ORD USD0.01,-2.5421243379513703,0.10555844889228622,0.05,,False,0.8693144381677449,2.699165034405378,,,,,,,,,,,,,,
MATERIALS,AAL.L,RIO.L,ANGLO AMERICAN PLC ORD USD0.623,RIO TINTO PLC ORD 10P,-2.5129015145943034,0.11236672086079963,0.05,,False,1.151777654797978,-2.019353344157972,,,,,,,,,,,,,,
MATERIALS,BHP.L,GLEN.L,BHP GROUP LIMITED ORD NPV (DI),GLENCORE PLC ORD USD0.01,-2.459608037644008,0.12561390921038357,0.05,,False,0.7130705039302923,3.456843681135763,,,,,,,,,,,,,,
MATERIALS,ANTO.L,CRDA.L,ANTOFAGASTA PLC ORD 5P,CRODA INTERNATIONAL PLC ORD 10.,-2.3598107767817966,0.1534021771176028,0.05,,False,-4.7940857743173915,46.265630444619084,,,,,,,,,,,,,,
MATERIALS,FRES.L,HOC.L,FRESNILLO PLC ORD USD0.50,HOCHSCHILD MINING PLC ORD 1P,-2.318201905709294,0.16616467643136557,0.05,,False,1.5435857859945776,-1.614014414791546,,,,,,,,,,,,,,
MATERIALS,AAL.L,BHP.L,ANGLO AMERICAN PLC ORD USD0.623,BHP GROUP LIMITED ORD NPV (DI),-2.2684556650099226,0.1823435160679151,0.05,,False,1.2394621647483666,-1.6717436850241238,,,,,,,,,,,,,,
MATERIALS,HOC.L,JMAT.L,HOCHSCHILD MINING PLC ORD 1P,JOHNSON MATTHEY PLC ORD 147 143,-2.2560802982170616,0.18652424529890865,0.05,,False,3.0470834770867845,-17.84106054636143,,,,,,,,,,,,,,
MATERIALS,CRDA.L,HOC.L,CRODA INTERNATIONAL PLC ORD 10.,HOCHSCHILD MINING PLC ORD 1P,-2.2555513514924765,0.1867043207039248,0.05,,False,-0.1961626684227787,9.164098785135058,,,,,,,,,,,,,,
MATERIALS,AAL.L,CRDA.L,ANGLO AMERICAN PLC ORD USD0.623,CRODA INTERNATIONAL PLC ORD 10.,-2.2076095861927425,0.20349521793855768,0.05,,False,-3.0273729310504875,32.185934732949505,,,,,,,,,,,,,,
MATERIALS,AAL.L,HOC.L,ANGLO AMERICAN PLC ORD USD0.623,HOCHSCHILD MINING PLC ORD 1P,-2.1786683000817617,0.21407851985968024,0.05,,False,0.4189100626640007,5.452021050790995,,,,,,,,,,,,,,
MATERIALS,BHP.L,CRDA.L,BHP GROUP LIMITED ORD NPV (DI),CRODA INTERNATIONAL PLC ORD 10.,-2.1429592783889166,0.22759481614164928,0.05,,False,-5.161883019133135,49.15991091786083,,,,,,,,,,,,,,
MATERIALS,CRDA.L,RIO.L,CRODA INTERNATIONAL PLC ORD 10.,RIO TINTO PLC ORD 10P,-2.123601426654411,0.23513084913675253,0.05,,False,-0.28876916110064654,10.511554920576131,,,,,,,,,,,,,,
MATERIALS,ANTO.L,JMAT.L,ANTOFAGASTA PLC ORD 5P,JOHNSON MATTHEY PLC ORD 147 143,-2.096681879605848,0.24585092600127928,0.05,,False,1.9623787251815388,-7.447948506110182,,,,,,,,,,,,,,
MATERIALS,ANTO.L,FRES.L,ANTOFAGASTA PLC ORD 5P,FRESNILLO PLC ORD USD0.50,-2.004292457298033,0.28469418364765575,0.05,,False,0.44340199843357214,4.524567574262797,,,,,,,,,,,,,,
MATERIALS,CRDA.L,GLEN.L,CRODA INTERNATIONAL PLC ORD 10.,GLENCORE PLC ORD USD0.01,-1.9536953812423368,0.30723756043029726,0.05,,False,0.10225189180683934,7.4244332283388585,,,,,,,,,,,,,,
MATERIALS,ANTO.L,GLEN.L,ANTOFAGASTA PLC ORD 5P,GLENCORE PLC ORD USD0.01,-1.8503022932675284,0.3557891535128622,0.05,,False,1.5145751908921268,-1.2493252448357195,,,,,,,,,,,,,,
MATERIALS,GLEN.L,HOC.L,GLENCORE PLC ORD USD0.01,HOCHSCHILD MINING PLC ORD 1P,-1.8195595636610569,0.37079505758789055,0.05,,False,0.3674735444791,3.826713606733913,,,,,,,,,,,,,,
MATERIALS,HOC.L,RIO.L,HOCHSCHILD MINING PLC ORD 1P,RIO TINTO PLC ORD 10P,-1.7863159155418156,0.38727631234571336,0.05,,False,2.8792656573414597,-18.949623004920774,,,,,,,,,,,,,,
MATERIALS,AAL.L,JMAT.L,ANGLO AMERICAN PLC ORD USD0.623,JOHNSON MATTHEY PLC ORD 147 143,-1.7690574012911875,0.3959283958861281,0.05,,False,1.2096800340744103,-1.5043921844014605,,,,,,,,,,,,,,
MATERIALS,BHP.L,RIO.L,BHP GROUP LIMITED ORD NPV (DI),RIO TINTO PLC ORD 10P,-1.6918451890335746,0.4353189029487135,0.05,,False,0.9373443892822376,-0.3498905219940722,,,,,,,,,,,,,,
MATERIALS,AAL.L,FRES.L,ANGLO AMERICAN PLC ORD USD0.623,FRESNILLO PLC ORD USD0.50,-1.6854380091197754,0.43863043796893125,0.05,,False,0.25555498693991213,6.0054734256348965,,,,,,,,,,,,,,
MATERIALS,ANTO.L,RIO.L,ANTOFAGASTA PLC ORD 5P,RIO TINTO PLC ORD 10P,-1.5176037721560043,0.5247857286910452,0.05,,False,1.8646159921245014,-8.250438031724638,,,,,,,,,,,,,,
MATERIALS,GLEN.L,JMAT.L,GLENCORE PLC ORD USD0.01,JOHNSON MATTHEY PLC ORD 147 143,-1.434092778282022,0.5658269319532756,0.05,,False,1.6056037213451066,-6.494174396655082,,,,,,,,,,,,,,
MATERIALS,JMAT.L,RIO.L,JOHNSON MATTHEY PLC ORD 147 143,RIO TINTO PLC ORD 10P,-1.4213224882738809,0.5720122441093966,0.05,,False,0.9856202000089186,-0.7131769049704486,,,,,,,,,,,,,,
MATERIALS,FRES.L,GLEN.L,FRESNILLO PLC ORD USD0.50,GLENCORE PLC ORD USD0.01,-1.4015800451944862,0.581518391010548,0.05,,False,5.637674505948908,-26.23432510526817,,,,,,,,,,,,,,
MATERIALS,ANTO.L,BHP.L,ANTOFAGASTA PLC ORD 5P,BHP GROUP LIMITED ORD NPV (DI),-1.3681134134688375,0.5974639286614261,0.05,,False,2.0493435814075265,-8.016937709430088,,,,,,,,,,,,,,
MATERIALS,BHP.L,HOC.L,BHP GROUP LIMITED ORD NPV (DI),HOCHSCHILD MINING PLC ORD 1P,-1.2698735563460015,0.6428400589229832,0.05,,False,0.2979114859200131,5.9785946510415595,,,,,,,,,,,,,,
MATERIALS,BHP.L,JMAT.L,BHP GROUP LIMITED ORD NPV (DI),JOHNSON MATTHEY PLC ORD 147 143,-1.2613397951528413,0.6466686916050721,0.05,,False,0.9163103941237165,0.5972955077731914,,,,,,,,,,,,,,
MATERIALS,FRES.L,RIO.L,FRESNILLO PLC ORD USD0.50,RIO TINTO PLC ORD 10P,-1.160653104587761,0.6902887307480774,0.05,,False,5.080131628930586,-36.32217078418031,,,,,,,,,,,,,,
MATERIALS,BHP.L,FRES.L,BHP GROUP LIMITED ORD NPV (DI),FRESNILLO PLC ORD USD0.50,-1.0012015096348978,0.7528258259465133,0.05,,False,0.16495261023209187,6.494577568031555,,,,,,,,,,,,,,
NL_BANKS,ABN.AS,INGA.AS,ABN AMRO BANK N.V.,ING GROEP N.V.,-3.32738379670157,0.013697919277367056,0.05,0.013697919277367056,True,1.4265850742528612,-1.1125013352065163,16.788287655707254,9.686511672914484e-05,-0.041287544910770385,50.0,1.3623681250229829,2.7721791179025663,False,,0.2,-0.0012060701417895173,-0.050477585442041395,-1.0351916626761946,False,still diverging
NL_SEMI_EQUIPMENT,ASML.AS,BESI.AS,ASML HOLDING,BE Semiconductor Industries N.V,-2.3283808983179792,0.16297785552264138,0.05,,False,0.9347452758848687,2.123690127536033,,,,,,,,,,,,,,
REAL_ESTATE,LMP.L,PHP.L,LONDONMETRIC PROPERTY PLC ORD 1,PRIMARY HEALTH PROPERTIES PLC O,-3.8810839186379704,0.0021785545524156302,0.05,,False,1.0073623880208742,0.6580425042884901,,,,,,,,,,,,,,
REAL_ESTATE,GPE.L,LMP.L,GREAT PORTLAND ESTATES PLC ORD ,LONDONMETRIC PROPERTY PLC ORD 1,-3.5058253087206,0.007838742088845635,0.05,,False,1.894487998072344,-4.189121393309882,,,,,,,,,,,,,,
REAL_ESTATE,BBOX.L,LAND.L,TRITAX BIG BOX REIT PLC ORD 1P,LAND SECURITIES GROUP PLC ORD 1,-3.2930136383385937,0.01519366800177517,0.05,,False,1.173795650045148,-2.5147469164151453,,,,,,,,,,,,,,
REAL_ESTATE,BLND.L,LAND.L,BRITISH LAND COMPANY PLC ORD 25,LAND SECURITIES GROUP PLC ORD 1,-3.175885237532655,0.02142366134959447,0.05,,False,1.2496459751198616,-2.0504693208860756,,,,,,,,,,,,,,
REAL_ESTATE,HMSO.L,LAND.L,HAMMERSON PLC ORD 5P,LAND SECURITIES GROUP PLC ORD 1,-3.1048548613915035,0.026195986958618966,0.05,,False,2.162325824912784,-8.139165461537482,,,,,,,,,,,,,,
REAL_ESTATE,GPE.L,LAND.L,GREAT PORTLAND ESTATES PLC ORD ,LAND SECURITIES GROUP PLC ORD 1,-3.098822084878783,0.02664048237193092,0.05,,False,1.4261460693903358,-3.3663501691837334,,,,,,,,,,,,,,
REAL_ESTATE,LMP.L,UTG.L,LONDONMETRIC PROPERTY PLC ORD 1,UNITE GROUP PLC ORD 25P,-3.0211336201861787,0.032967367496260995,0.05,,False,0.03462909117111673,5.026048410589743,,,,,,,,,,,,,,
REAL_ESTATE,LAND.L,SGRO.L,LAND SECURITIES GROUP PLC ORD 1,SEGRO PLC ORD 10P,-3.013495825808524,0.03365313734053173,0.05,,False,0.4632245978725092,3.348245172712492,,,,,,,,,,,,,,
REAL_ESTATE,BLND.L,SGRO.L,BRITISH LAND COMPANY PLC ORD 25,SEGRO PLC ORD 10P,-2.9874907966306044,0.03607923154643747,0.05,,False,0.628028999300094,1.809650010358335,,,,,,,,,,,,,,
REAL_ESTATE,LAND.L,UTG.L,LAND SECURITIES GROUP PLC ORD 1,UNITE GROUP PLC ORD 25P,-2.9558785147631372,0.039225311724855064,0.05,,False,-0.0211277415657857,6.539555604363388,,,,,,,,,,,,,,
REAL_ESTATE,GPE.L,PHP.L,GREAT PORTLAND ESTATES PLC ORD ,PRIMARY HEALTH PROPERTIES PLC O,-2.9103979791433674,0.044152146257725046,0.05,,False,2.227208104565375,-4.396497160529088,,,,,,,,,,,,,,
REAL_ESTATE,PHP.L,UTG.L,PRIMARY HEALTH PROPERTIES PLC O,UNITE GROUP PLC ORD 25P,-2.883454118527505,0.047306167168798596,0.05,,False,0.0013429507296404933,4.552543666539755,,,,,,,,,,,,,,
REAL_ESTATE,DLN.L,LMP.L,DERWENT LONDON PLC ORD 5P,LONDONMETRIC PROPERTY PLC ORD 1,-2.831080138925674,0.05396950470830969,0.05,,False,3.8034417326724794,-12.426688664182485,,,,,,,,,,,,,,
REAL_ESTATE,BBOX.L,UTG.L,TRITAX BIG BOX REIT PLC ORD 1P,UNITE GROUP PLC ORD 25P,-2.749659510384882,0.06583209840954575,0.05,,False,-0.06544830672162505,5.427720840255531,,,,,,,,,,,,,,
REAL_ESTATE,DLN.L,PHP.L,DERWENT LONDON PLC ORD 5P,PRIMARY HEALTH PROPERTIES PLC O,-2.7396116842080103,0.06743093834640287,0.05,,False,7.5084538639663325,-26.695968053751308,,,,,,,,,,,,,,
REAL_ESTATE,HMSO.L,LMP.L,HAMMERSON PLC ORD 5P,LONDONMETRIC PROPERTY PLC ORD 1,-2.714343591001274,0.07158891974377123,0.05,,False,4.650539407698343,-18.72702248748036,,,,,,,,,,,,,,
REAL_ESTATE,BBOX.L,HMSO.L,TRITAX BIG BOX REIT PLC ORD 1P,HAMMERSON PLC ORD 5P,-2.708658965717186,0.0725518380901798,0.05,,False,0.5617505315906522,1.7956792974140705,,,,,,,,,,,,,,
REAL_ESTATE,PHP.L,SGRO.L,PRIMARY HEALTH PROPERTIES PLC O,SEGRO PLC ORD 10P,-2.6214409868779027,0.08864632444653531,0.05,,False,0.17831547945494824,3.3861629618786937,,,,,,,,,,,,,,
REAL_ESTATE,BBOX.L,BLND.L,TRITAX BIG BOX REIT PLC ORD 1P,BRITISH LAND COMPANY PLC ORD 25,-2.5123493736315297,0.11249842974475249,0.05,,False,0.9168089338854803,-0.4549292217045444,,,,,,,,,,,,,,
REAL_ESTATE,HMSO.L,PHP.L,HAMMERSON PLC ORD 5P,PRIMARY HEALTH PROPERTIES PLC O,-2.482897438194382,0.11969120955686646,0.05,,False,5.676440075593776,-20.19007940833527,,,,,,,,,,,,,,
REAL_ESTATE,LMP.L,SGRO.L,LONDONMETRIC PROPERTY PLC ORD 1,SEGRO PLC ORD 10P,-2.4803087260860175,0.12033922951666765,0.05,,False,0.31014117953820086,3.2089959443092115,,,,,,,,,,,,,,
REAL_ESTATE,BLND.L,UTG.L,BRITISH LAND COMPANY PLC ORD 25,UNITE GROUP PLC ORD 25P,-2.4780193424637256,0.12091446187609467,0.05,,False,0.00021524236119664926,5.947239084027341,,,,,,,,,,,,,,
REAL_ESTATE,BLND.L,LMP.L,BRITISH LAND COMPANY PLC ORD 25,LONDONMETRIC PROPERTY PLC ORD 1,-2.432260455061225,0.13283735012355158,0.05,,False,1.8358304355008426,-3.6949103692118026,,,,,,,,,,,,,,
REAL_ESTATE,GPE.L,UTG.L,GREAT PORTLAND ESTATES PLC ORD ,UNITE GROUP PLC ORD 25P,-2.4199819680815278,0.13617588387813312,0.05,,False,0.02109349148036322,5.624341704639827,,,,,,,,,,,,,,
REAL_ESTATE,HMSO.L,UTG.L,HAMMERSON PLC ORD 5P,UNITE GROUP PLC ORD 25P,-2.40800211410518,0.13949059723939095,0.05,,False,-0.2974975922582368,7.6515822552111885,,,,,,,,,,,,,,
REAL_ESTATE,DLN.L,LAND.L,DERWENT LONDON PLC ORD 5P,LAND SECURITIES GROUP PLC ORD 1,-2.3680144677813395,0.15096830142552115,0.05,,False,3.131978919538709,-12.495463446953032,,,,,,,,,,,,,,
REAL_ESTATE,BLND.L,HMSO.L,BRITISH LAND COMPANY PLC ORD 25,HAMMERSON PLC ORD 5P,-2.3420600220266925,0.15876124646677803,0.05,,False,0.5318849613496106,2.915779953384056,,,,,,,,,,,,,,
REAL_ESTATE,BBOX.L,GPE.L,TRITAX BIG BOX REIT PLC ORD 1P,GREAT PORTLAND ESTATES PLC ORD ,-2.268503048814626,0.18232762787327378,0.05,,False,0.8021426363758432,0.3764468529299041,,,,,,,,,,,,,,
REAL_ESTATE,LAND.L,PHP.L,LAND SECURITIES GROUP PLC ORD 1,PRIMARY HEALTH PROPERTIES PLC O,-2.2560333405698283,0.18654022704549517,0.05,,False,1.504801813958833,-0.46281050919665834,,,,,,,,,,,,,,
REAL_ESTATE,BBOX.L,PHP.L,TRITAX BIG BOX REIT PLC ORD 1P,PRIMARY HEALTH PROPERTIES PLC O,-2.2438795112912397,0.19070672928300259,0.05,,False,1.8854781867768773,-3.6014685350687214,,,,,,,,,,,,,,
REAL_ESTATE,HMSO.L,SGRO.L,HAMMERSON PLC ORD 5P,SEGRO PLC ORD 10P,-2.1648483890622465,0.21924984447816231,0.05,,False,0.889556596517758,-0.16047080576592343,,,,,,,,,,,,,,
REAL_ESTATE,BLND.L,PHP.L,BRITISH LAND COMPANY PLC ORD 25,PRIMARY HEALTH PROPERTIES PLC O,-2.1530740206486145,0.22371528620981496,0.05,,False,2.0003422669494846,-3.1755993833228064,,,,,,,,,,,,,,
REAL_ESTATE,GPE.L,HMSO.L,GREAT PORTLAND ESTATES PLC ORD ,HAMMERSON PLC ORD 5P,-2.10900809879309,0.24090786155405608,0.05,,False,0.5771463008906209,2.471609877747991,,,,,,,,,,,,,,
REAL_ESTATE,LAND.L,LMP.L,LAND SECURITIES GROUP PLC ORD 1,LONDONMETRIC PROPERTY PLC ORD 1,-2.0848484108935685,0.25065061413856216,0.05,,False,1.363399110767027,-0.7607849135402853,,,,,,,,,,,,,,
REAL_ESTATE,GPE.L,SGRO.L,GREAT PORTLAND ESTATES PLC ORD ,SEGRO PLC ORD 10P,-2.0765753724400935,0.2540374692074577,0.05,,False,0.5530191387139731,2.117914759480019,,,,,,,,,,,,,,
REAL_ESTATE,BLND.L,GPE.L,BRITISH LAND COMPANY PLC ORD 25,GREAT PORTLAND ESTATES PLC ORD ,-2.0504244734540036,0.26491037338674583,0.05,,False,0.8707844615617194,0.9306976021513833,,,,,,,,,,,,,,
REAL_ESTATE,BBOX.L,SGRO.L,TRITAX BIG BOX REIT PLC ORD 1P,SEGRO PLC ORD 10P,-1.9967730138286952,0.28798981021787157,0.05,,False,0.5554385008685304,1.338251013611306,,,,,,,,,,,,,,
REAL_ESTATE,BBOX.L,DLN.L,TRITAX BIG BOX REIT PLC ORD 1P,DERWENT LONDON PLC ORD 5P,-1.973049900993024,0.2985133328121947,0.05,,False,0.26268489022479413,3.0148730321623187,,,,,,,,,,,,,,
REAL_ESTATE,BLND.L,DLN.L,BRITISH LAND COMPANY PLC ORD 25,DERWENT LONDON PLC ORD 5P,-1.9405557882431728,0.3132293573063647,0.05,,False,0.48017267938672314,2.322062836040669,,,,,,,,,,,,,,
REAL_ESTATE,SGRO.L,UTG.L,SEGRO PLC ORD 10P,UNITE GROUP PLC ORD 25P,-1.898253697015304,0.33288307221830865,0.05,,False,0.11218352950550053,5.85533384793081,,,,,,,,,,,,,,
REAL_ESTATE,DLN.L,GPE.L,DERWENT LONDON PLC ORD 5P,GREAT PORTLAND ESTATES PLC ORD ,-1.860886808388378,0.350678849928235,0.05,,False,2.0291136069788007,-4.140226864163334,,,,,,,,,,,,,,
REAL_ESTATE,DLN.L,SGRO.L,DERWENT LONDON PLC ORD 5P,SEGRO PLC ORD 10P,-1.8366334793043506,0.36243176162839186,0.05,,False,1.0962726217445597,0.3277318592358389,,,,,,,,,,,,,,
REAL_ESTATE,DLN.L,HMSO.L,DERWENT LONDON PLC ORD 5P,HAMMERSON PLC ORD 5P,-1.7308525572409852,0.415290489862129,0.05,,False,-2.0510334430951183,19.247901902108715,,,,,,,,,,,,,,
REAL_ESTATE,BBOX.L,LMP.L,TRITAX BIG BOX REIT PLC ORD 1P,LONDONMETRIC PROPERTY PLC ORD 1,-1.6809513157548897,0.44095268690063094,0.05,,False,1.613370979942891,-3.4761415196864744,,,,,,,,,,,,,,
REAL_ESTATE,DLN.L,UTG.L,DERWENT LONDON PLC ORD 5P,UNITE GROUP PLC ORD 25P,-1.5334978382505422,0.5168801877638076,0.05,,False,0.3687741123052589,5.13613873992588,,,,,,,,,,,,,,
TMT,BT-A.L,ITV.L,BT GROUP PLC ORD 5P,ITV PLC ORD 10P,-4.35479573598333,0.0003565545263102606,0.05,0.01440858520818876,True,4.77501236754898,-15.628242833237973,9.910769884597995,0.0016891256321146934,-0.06993878262042415,30.0,1.513678048785877,2.7690359267531273,False,,0.4,0.05879827184205461,-0.11298361869305795,0.6807072343775509,True,mixed signal
TMT,ITV.L,WPP.L,ITV PLC ORD 10P,WPP PLC ORD 10P,-4.326572522998591,0.0003994290680651304,0.05,0.01440858520818876,True,-0.05910797885291947,4.716882485846567,9.758701584657667,-0.0003145014277104402,-0.07102862758399028,29.0,-1.4271825045067288,2.483185178035511,False,,0.4,-0.011637942582317255,0.10379785431125144,-0.4910197909905196,True,mixed signal
TMT,AAF.L,ITV.L,AIRTEL AFRICA PLC ORD USD0.50,ITV PLC ORD 10P,-4.242283173575152,0.0005583339522180453,0.05,0.01440858520818876,True,16.331965067862086,-65.82792401065927,10.152606242758978,0.005379712786590288,-0.0682728320183116,30.0,1.4361554209275358,2.655784992543415,False,,0.4,0.19876350047686298,-0.09331273090751613,0.6393134173778305,True,mixed signal
TMT,ITV.L,VOD.L,ITV PLC ORD 10P,VODAFONE GROUP PLC ORD USD0.20 ,-4.152859620526894,0.0007910013572138443,0.05,0.01440858520818876,True,0.16386808330515884,3.6274189285481415,10.41752704211415,-0.0003688083041869248,-0.06653663367110174,31.0,-1.2916753300860278,2.943148805742785,False,,0.4,-0.014211526117636514,0.05489367900925468,-0.6238126956126362,True,mixed signal
TMT,REL.L,VOD.L,RELX PLC ORD 14 51/116P,VODAFONE GROUP PLC ORD USD0.20 ,-4.131128932787965,0.0008599280697097044,0.05,0.01440858520818876,True,-0.970957606532503,12.412796851722376,14.363463642830883,0.00028185999095509513,-0.04825766248281696,43.0,0.6805323969836062,2.790873046304734,False,,0.4,0.00608627364885311,-0.03567681962017988,0.8410253308256105,True,mixed signal
TMT,AAF.L,WPP.L,AIRTEL AFRICA PLC ORD USD0.50,WPP PLC ORD 10P,-4.122894764496385,0.0008874867586473812,0.05,0.01440858520818876,True,-1.0397315779719223,11.663956718532631,11.64423106327348,0.00010195931999582649,-0.05952708914770406,35.0,-1.3521062220783098,3.1796631180439445,False,,0.2,0.013364461836612898,0.08491533801574724,0.829290991920691,True,mixed signal
TMT,ITV.L,SGE.L,ITV PLC ORD 10P,THE SAGE GROUP PLC ORD 1 4/77P,-4.062834224849855,0.0011149727357913858,0.05,0.01440858520818876,True,-0.16045361022628346,5.474049396115471,10.734781944328878,-0.00027067604510243277,-0.06457021522697355,32.0,-1.1827079319014626,2.528133369613997,False,,0.4,-0.010229582280032174,0.0394364258703126,-0.47388116826180027,True,mixed signal
TMT,AUTO.L,ITV.L,AUTOTRADER GROUP PLC ORD 1P,ITV PLC ORD 10P,-4.015523357916739,0.0013313725014793658,0.05,0.01440858520818876,True,-11.894608631829184,58.34505213515746,11.156400248459779,-0.0034218656102028653,-0.0621300029689809,33.0,-1.2474604211365097,2.6982587448756843,False,,0.4,-0.13432668004620105,0.06492046716596622,-0.5239702466043517,True,mixed signal
TMT,ITV.L,REL.L,ITV PLC ORD 10P,RELX PLC ORD 14 51/116P,-4.012988027721324,0.0013440084471172606,0.05,0.01440858520818876,True,-0.11377202559299057,5.276611727168929,11.087501607702764,-0.0002848697733119029,-0.06251608388299115,33.0,-1.2880306266393198,2.623192738721841,False,,0.4,-0.011187231257623786,0.06706879688986733,-0.4796927140604488,True,mixed signal
TMT,AUTO.L,EXPN.L,AUTOTRADER GROUP PLC ORD 1P,EXPERIAN PLC ORD USD0.10,-3.9668106275235493,0.0015946269874711986,0.05,0.01440858520818876,True,1.5179723307211417,-5.791631714801929,11.654978518347061,-0.00012176887785146599,-0.059472197178982805,35.0,1.4017491012491536,2.9334151978152287,False,,0.6,0.0034920201861130314,-0.0930527676959243,-0.23824053210050988,True,reversion signs agree
TMT,EXPN.L,ITV.L,EXPERIAN PLC ORD USD0.10,ITV PLC ORD 10P,-3.9540105278106528,0.0016714248873525089,0.05,0.01440858520818876,True,-8.875062820969344,46.77687450389838,11.43988625653079,-0.002391885631796156,-0.06059039093716881,34.0,-1.31624879525899,2.726483746970811,False,,0.4,-0.09818158482305255,0.0795938068494495,-0.4357594856347031,True,mixed signal
TMT,ITV.L,RMV.L,ITV PLC ORD 10P,RIGHTMOVE PLC ORD 0.1P,-3.852792903245863,0.002411081328686552,0.05,0.01440858520818876,True,-0.05633662678926858,4.714698078122645,12.048132702270122,-0.0002378976654901665,-0.05753150282195529,36.0,-1.282220980774283,2.8234748218282637,False,,0.4,-0.0092888171993387,0.06743281377426102,-0.6237441251195717,True,mixed signal
TMT,REL.L,RMV.L,RELX PLC ORD 14 51/116P,RIGHTMOVE PLC ORD 0.1P,-3.639074242252211,0.005056480854431398,0.05,0.01440858520818876,True,0.8585138564852316,2.6163888888312528,19.81306579695642,-0.00022961226237708774,-0.034984347584734864,59.0,-0.7662510828350527,2.6014983906507987,False,,0.2,-0.0030878475496543085,0.022847539699176078,1.6350598292906757,True,mixed signal
TMT,INF.L,ITV.L,INFORMA PLC ORD 0.1P,ITV PLC ORD 10P,-3.586148688476594,0.006031423860729323,0.05,0.01440858520818876,True,3.983797281806041,-10.617151001422446,13.830993616268312,0.0009070257726490335,-0.05011550144486009,41.0,1.791915413367835,2.771601972025287,False,,0.4,0.03330720979738052,-0.12832984362212785,0.28048030049924044,True,mixed signal
TMT,AUTO.L,REL.L,AUTOTRADER GROUP PLC ORD 1P,RELX PLC ORD 14 51/116P,-3.3567742660314734,0.012523712318950607,0.05,0.01440858520818876,True,1.25889626893667,-3.6533282441290913,20.100322981194058,-9.507327892156888e-05,-0.03448438023649951,60.0,-0.9295184566364888,2.160382027190223,False,,0.2,-0.0018802879681935063,0.03118663917032305,-0.6970144774840802,True,mixed signal
TMT,VOD.L,WPP.L,VODAFONE GROUP PLC ORD USD0.20 ,WPP PLC ORD 10P,-3.3106613711582726,0.01440858520818876,0.05,0.01440858520818876,True,-0.39613712355636505,6.8655994744908995,16.975291325336546,0.00026934536203516844,-0.04083271192673939,51.0,0.20593326681701266,2.4473277433375404,False,,0.4,0.012099521207394505,-0.02543166354260598,0.7421877643341328,True,mixed signal
TMT,BT-A.L,WPP.L,BT GROUP PLC ORD 5P,WPP PLC ORD 10P,-3.0012106677356956,0.0347814937189188,0.05,0.01440858520818876,False,-0.3161990429512012,7.103071102642824,,,,,,,,,,,,,,
TMT,EXPN.L,VOD.L,EXPERIAN PLC ORD USD0.10,VODAFONE GROUP PLC ORD USD0.20 ,-2.9079730207603567,0.044428668394887655,0.05,0.01440858520818876,False,-0.7777182179724484,11.580795773971342,,,,,,,,,,,,,,
TMT,SGE.L,VOD.L,THE SAGE GROUP PLC ORD 1 4/77P,VODAFONE GROUP PLC ORD USD0.20 ,-2.880526785287269,0.04765978107757474,0.05,0.01440858520818876,False,-0.7819257784102083,10.446677012379865,,,,,,,,,,,,,,
TMT,EXPN.L,RMV.L,EXPERIAN PLC ORD USD0.10,RIGHTMOVE PLC ORD 0.1P,-2.8315146593444798,0.05391122011757591,0.05,0.01440858520818876,False,0.7005846817958803,3.6514008864714036,,,,,,,,,,,,,,
TMT,EXPN.L,REL.L,EXPERIAN PLC ORD USD0.10,RELX PLC ORD 14 51/116P,-2.8005477624713295,0.05819556668876618,0.05,0.01440858520818876,False,0.8249697848069721,1.4439737874453078,,,,,,,,,,,,,,
TMT,AUTO.L,RMV.L,AUTOTRADER GROUP PLC ORD 1P,RIGHTMOVE PLC ORD 0.1P,-2.5443353407233205,0.1050562278763359,0.05,0.01440858520818876,False,1.0898465885154214,-0.41752207580791634,,,,,,,,,,,,,,
TMT,AUTO.L,VOD.L,AUTOTRADER GROUP PLC ORD 1P,VODAFONE GROUP PLC ORD USD0.20 ,-2.469166928343759,0.12315769116421044,0.05,0.01440858520818876,False,-1.2379088113839538,12.042204612915182,,,,,,,,,,,,,,
TMT,REL.L,SGE.L,RELX PLC ORD 14 51/116P,THE SAGE GROUP PLC ORD 1 4/77P,-2.4573979258790986,0.12618684961031357,0.05,0.01440858520818876,False,1.209215361702728,-0.3323796865252344,,,,,,,,,,,,,,
TMT,AAF.L,BT-A.L,AIRTEL AFRICA PLC ORD USD0.50,BT GROUP PLC ORD 5P,-2.45350561755352,0.1272004886777524,0.05,0.01440858520818876,False,3.3472443364701,-11.997358701286554,,,,,,,,,,,,,,
TMT,INF.L,REL.L,INFORMA PLC ORD 0.1P,RELX PLC ORD 14 51/116P,-2.451561598689262,0.1277089585100511,0.05,0.01440858520818876,False,-0.0385435528040663,7.0429914036882595,,,,,,,,,,,,,,
TMT,INF.L,WPP.L,INFORMA PLC ORD 0.1P,WPP PLC ORD 10P,-2.441304825372377,0.13041607796462446,0.05,0.01440858520818876,False,-0.03518404968744524,6.94628633295321,,,,,,,,,,,,,,
TMT,RMV.L,VOD.L,RIGHTMOVE PLC ORD 0.1P,VODAFONE GROUP PLC ORD USD0.20 ,-2.3911873428415267,0.1442391804793885,0.05,0.01440858520818876,False,-1.1588386970948377,11.5345366285893,,,,,,,,,,,,,,
TMT,AAF.L,INF.L,AIRTEL AFRICA PLC ORD USD0.50,INFORMA PLC ORD 0.1P,-2.372747191595321,0.14957649314144605,0.05,0.01440858520818876,False,28.50948759348029,-186.59576565442413,,,,,,,,,,,,,,
TMT,INF.L,VOD.L,INFORMA PLC ORD 0.1P,VODAFONE GROUP PLC ORD USD0.20 ,-2.3708201703226623,0.1501421100649749,0.05,0.01440858520818876,False,0.07942236215922414,6.378191024014088,,,,,,,,,,,,,,
TMT,INF.L,RMV.L,INFORMA PLC ORD 0.1P,RIGHTMOVE PLC ORD 0.1P,-2.3647008532607723,0.15194812925583806,0.05,0.01440858520818876,False,0.002606482024451904,6.713966722136815,,,,,,,,,,,,,,
TMT,BT-A.L,INF.L,BT GROUP PLC ORD 5P,INFORMA PLC ORD 0.1P,-2.301304516581531,0.1715475841443923,0.05,0.01440858520818876,False,18.202387471373996,-117.3485476343182,,,,,,,,,,,,,,
TMT,AUTO.L,INF.L,AUTOTRADER GROUP PLC ORD 1P,INFORMA PLC ORD 0.1P,-2.2447491484979807,0.19040661976360929,0.05,0.01440858520818876,False,83.9521395783655,-558.5016255945199,,,,,,,,,,,,,,
TMT,EXPN.L,INF.L,EXPERIAN PLC ORD USD0.10,INFORMA PLC ORD 0.1P,-2.2375449740693636,0.1929019878070552,0.05,0.01440858520818876,False,13.432173046840106,-82.27728765824135,,,,,,,,,,,,,,
TMT,AUTO.L,SGE.L,AUTOTRADER GROUP PLC ORD 1P,THE SAGE GROUP PLC ORD 1 4/77P,-2.2336573444884187,0.1942572905821341,0.05,0.01440858520818876,False,1.620313486194506,-4.755750680922254,,,,,,,,,,,,,,
TMT,INF.L,SGE.L,INFORMA PLC ORD 0.1P,THE SAGE GROUP PLC ORD 1 4/77P,-2.2322512331619566,0.1947489911380902,0.05,0.01440858520818876,False,0.02404039249625846,6.562900901699271,,,,,,,,,,,,,,
TMT,RMV.L,SGE.L,RIGHTMOVE PLC ORD 0.1P,THE SAGE GROUP PLC ORD 1 4/77P,-2.198741442599861,0.20670255766953377,0.05,0.01440858520818876,False,1.4406540383875206,-3.659082448740694,,,,,,,,,,,,,,
TMT,BT-A.L,REL.L,BT GROUP PLC ORD 5P,RELX PLC ORD 14 51/116P,-2.104224109728876,0.24281946173087288,0.05,0.01440858520818876,False,-0.7826359541186614,11.507564246320825,,,,,,,,,,,,,,
TMT,BT-A.L,EXPN.L,BT GROUP PLC ORD 5P,EXPERIAN PLC ORD USD0.10,-2.050494262858555,0.264881022227967,0.05,0.01440858520818876,False,-1.0656547637758926,13.828370234866357,,,,,,,,,,,,,,
TMT,REL.L,WPP.L,RELX PLC ORD 14 51/116P,WPP PLC ORD 10P,-2.047158500539161,0.26628591861560746,0.05,0.01440858520818876,False,0.3453650643665752,5.987277270876747,,,,,,,,,,,,,,
TMT,BT-A.L,SGE.L,BT GROUP PLC ORD 5P,THE SAGE GROUP PLC ORD 1 4/77P,-2.0259526540084556,0.27531095704903136,0.05,0.01440858520818876,False,-1.05284215316408,12.51050222313815,,,,,,,,,,,,,,
TMT,AUTO.L,BT-A.L,AUTOTRADER GROUP PLC ORD 1P,BT GROUP PLC ORD 5P,-2.0219084711102013,0.277050375965215,0.05,0.01440858520818876,False,-1.7419305383771668,15.545964123670412,,,,,,,,,,,,,,
TMT,EXPN.L,SGE.L,EXPERIAN PLC ORD USD0.10,THE SAGE GROUP PLC ORD 1 4/77P,-2.00763896844915,0.2832337549839191,0.05,0.01440858520818876,False,0.9864453517472599,1.247358976616872,,,,,,,,,,,,,,
TMT,AAF.L,EXPN.L,AIRTEL AFRICA PLC ORD USD0.50,EXPERIAN PLC ORD USD0.10,-1.9646685823805652,0.30227623812530513,0.05,0.01440858520818876,False,-3.969884890649998,37.56484070463284,,,,,,,,,,,,,,
TMT,BT-A.L,RMV.L,BT GROUP PLC ORD 5P,RIGHTMOVE PLC ORD 0.1P,-1.9464036460153982,0.31055587633158965,0.05,0.01440858520818876,False,-0.4546953898305624,8.071447039925431,,,,,,,,,,,,,,
TMT,AAF.L,VOD.L,AIRTEL AFRICA PLC ORD USD0.50,VODAFONE GROUP PLC ORD USD0.20 ,-1.9294511427774015,0.3183356910700814,0.05,0.01440858520818876,False,2.6332902303367955,-6.394242964150339,,,,,,,,,,,,,,
TMT,AAF.L,REL.L,AIRTEL AFRICA PLC ORD USD0.50,RELX PLC ORD 14 51/116P,-1.7861570416065708,0.3873556720611898,0.05,0.01440858520818876,False,-3.0943207792015333,30.367891289762966,,,,,,,,,,,,,,
TMT,AAF.L,AUTO.L,AIRTEL AFRICA PLC ORD USD0.50,AUTOTRADER GROUP PLC ORD 1P,-1.712117809122703,0.4248800802750843,0.05,0.01440858520818876,False,-2.3147355241273266,20.4501486870194,,,,,,,,,,,,,,
TMT,EXPN.L,WPP.L,EXPERIAN PLC ORD USD0.10,WPP PLC ORD 10P,-1.6452763778242383,0.45950508289202924,0.05,0.01440858520818876,False,0.2670296952656942,6.49292806659506,,,,,,,,,,,,,,
TMT,SGE.L,WPP.L,THE SAGE GROUP PLC ORD 1 4/77P,WPP PLC ORD 10P,-1.6310256132733767,0.46695391186889434,0.05,0.01440858520818876,False,0.24132438028850475,5.497697410764706,,,,,,,,,,,,,,
TMT,AAF.L,SGE.L,AIRTEL AFRICA PLC ORD USD0.50,THE SAGE GROUP PLC ORD 1 4/77P,-1.6179380995572898,0.4738104376692793,0.05,0.01440858520818876,False,-4.691115774013419,38.02033950278412,,,,,,,,,,,,,,
TMT,AUTO.L,WPP.L,AUTOTRADER GROUP PLC ORD 1P,WPP PLC ORD 10P,-1.5695422372792647,0.49887293798587595,0.05,0.01440858520818876,False,0.4441734893996482,3.8264485422536323,,,,,,,,,,,,,,
TMT,AAF.L,RMV.L,AIRTEL AFRICA PLC ORD USD0.50,RIGHTMOVE PLC ORD 0.1P,-1.5058254415933834,0.5306276331006821,0.05,0.01440858520818876,False,-3.2248635226989335,25.9049212442331,,,,,,,,,,,,,,
TMT,BT-A.L,VOD.L,BT GROUP PLC ORD 5P,VODAFONE GROUP PLC ORD USD0.20 ,-1.4453484872425342,0.5603529264031145,0.05,0.01440858520818876,False,0.8091773477640126,1.574222953816224,,,,,,,,,,,,,,
TMT,RMV.L,WPP.L,RIGHTMOVE PLC ORD 0.1P,WPP PLC ORD 10P,-1.4181981993977313,0.5735212500281097,0.05,0.01440858520818876,False,0.32255006065690695,4.415137667253834,,,,,,,,,,,,,,
UK_HOUSEBUILDERS,BWY.L,TW.L,BELLWAY PLC ORD 12.5P,TAYLOR WIMPEY PLC ORD 1P,-2.311618945447747,0.16824800903675585,0.05,,False,0.6771265242367722,4.630051305041169,,,,,,,,,,,,,,
UK_HOUSEBUILDERS,PSN.L,TW.L,PERSIMMON PLC ORD 10P,TAYLOR WIMPEY PLC ORD 1P,-2.1390818358671555,0.22909263052852596,0.05,,False,0.61861477634188,4.230168980104441,,,,,,,,,,,,,,
UK_HOUSEBUILDERS,BWY.L,PSN.L,BELLWAY PLC ORD 12.5P,PERSIMMON PLC ORD 10P,-1.6193031362153218,0.4730946558819411,0.05,,False,1.1014873664134746,-0.04955907807303994,,,,,,,,,,,,,,
US_AIRLINES,JBLU,LUV,JetBlue Airways Corporation,Southwest Airlines Company,-2.724782483821778,0.06984711569963796,0.05,,False,-0.3396367890094406,2.8560232325868196,,,,,,,,,,,,,,
US_AIRLINES,ALK,JBLU,"Alaska Air Group, Inc.",JetBlue Airways Corporation,-2.6294508346354655,0.08706185087806428,0.05,,False,1.0976188753936982,2.0607941371735956,,,,,,,,,,,,,,
US_AIRLINES,JBLU,UAL,JetBlue Airways Corporation,"United Airlines Holdings, Inc.",-2.627989894665414,0.087349201359116,0.05,,False,0.030628193360091337,1.5285872267528835,,,,,,,,,,,,,,
US_AIRLINES,AAL,JBLU,"American Airlines Group, Inc.",JetBlue Airways Corporation,-2.489697142448387,0.11800128851480945,0.05,,False,0.9134307950013033,1.027038547995211,,,,,,,,,,,,,,
US_AIRLINES,DAL,JBLU,"Delta Air Lines, Inc.",JetBlue Airways Corporation,-2.3993441692787676,0.1419215976278312,0.05,,False,2.0952728494956867,0.5609525300333931,,,,,,,,,,,,,,
US_AIRLINES,DAL,LUV,"Delta Air Lines, Inc.",Southwest Airlines Company,-2.150630858102261,0.22464869212207483,0.05,,False,1.1111002610702256,0.15301798362795482,,,,,,,,,,,,,,
US_AIRLINES,AAL,UAL,"American Airlines Group, Inc.","United Airlines Holdings, Inc.",-2.0114194479173793,0.2815886244981345,0.05,,False,0.5101045240785493,0.27658818559563203,,,,,,,,,,,,,,
US_AIRLINES,LUV,UAL,Southwest Airlines Company,"United Airlines Holdings, Inc.",-1.7709560150291608,0.39497354889083314,0.05,,False,0.5756761950492495,0.9436289857119586,,,,,,,,,,,,,,
US_AIRLINES,AAL,DAL,"American Airlines Group, Inc.","Delta Air Lines, Inc.",-1.7329061049593781,0.41424294881407486,0.05,,False,0.7802517677729662,-0.6117647689690533,,,,,,,,,,,,,,
US_AIRLINES,AAL,LUV,"American Airlines Group, Inc.",Southwest Airlines Company,-1.5953893758035598,0.4859091540081055,0.05,,False,0.8058239351647823,-0.2780533934922369,,,,,,,,,,,,,,
US_AIRLINES,DAL,UAL,"Delta Air Lines, Inc.","United Airlines Holdings, Inc.",-1.5357680221273795,0.5157490943230888,0.05,,False,0.6978370090831854,0.9423311386676958,,,,,,,,,,,,,,
US_AIRLINES,AAL,ALK,"American Airlines Group, Inc.","Alaska Air Group, Inc.",-1.353320885854569,0.6044390141512245,0.05,,False,0.8679491165789203,-0.8269698773164107,,,,,,,,,,,,,,
US_AIRLINES,ALK,UAL,"Alaska Air Group, Inc.","United Airlines Holdings, Inc.",-1.2471401777306426,0.6529958244802154,0.05,,False,0.4975796344266276,1.6727778153599093,,,,,,,,,,,,,,
US_AIRLINES,ALK,LUV,"Alaska Air Group, Inc.",Southwest Airlines Company,-0.6458413427830287,0.8602837719117726,0.05,,False,0.9097503840906934,0.6979118060648366,,,,,,,,,,,,,,
US_AIRLINES,ALK,DAL,"Alaska Air Group, Inc.","Delta Air Lines, Inc.",-0.5803241905394555,0.8753662620481475,0.05,,False,0.7368156532386135,0.9045514741467846,,,,,,,,,,,,,,
US_ASSET_MANAGERS,BX,KKR,Blackstone Inc.,KKR & Co. Inc.,-3.6929150562153237,0.004213921108676504,0.05,,False,0.8560096595055302,0.8413184414115209,,,,,,,,,,,,,,
US_ASSET_MANAGERS,BEN,BX,"Franklin Templeton, Inc.",Blackstone Inc.,-2.8745299554108206,0.048390997003098166,0.05,,False,-1.8571066913533711,12.260075715359402,,,,,,,,,,,,,,
US_ASSET_MANAGERS,BEN,KKR,"Franklin Templeton, Inc.",KKR & Co. Inc.,-2.8653924719812056,0.04952292859890689,0.05,,False,-1.1800852942510551,8.73395640770132,,,,,,,,,,,,,,
US_ASSET_MANAGERS,APO,BEN,"Apollo Global Management, Inc. ","Franklin Templeton, Inc.",-2.6942541368443904,0.07503784289311385,0.05,,False,-0.22891339224944549,5.585218732364333,,,,,,,,,,,,,,
US_ASSET_MANAGERS,BEN,BLK,"Franklin Templeton, Inc.","BlackRock, Inc.",-2.6719074473495414,0.07902693352386869,0.05,,False,2.718136522193363,-15.657801196479321,,,,,,,,,,,,,,
US_ASSET_MANAGERS,BLK,KKR,"BlackRock, Inc.",KKR & Co. Inc.,-2.4855126080135364,0.1190391729507973,0.05,,False,0.1681898702879707,6.086074079001709,,,,,,,,,,,,,,
US_ASSET_MANAGERS,BLK,TROW,"BlackRock, Inc.","T. Rowe Price Group, Inc.",-2.430870168288066,0.13321239106641375,0.05,,False,1.5717093446814085,-0.2972314582732576,,,,,,,,,,,,,,
US_ASSET_MANAGERS,APO,BX,"Apollo Global Management, Inc. ",Blackstone Inc.,-2.310321706385971,0.16866062270044585,0.05,,False,0.880949357198028,0.5246149611035982,,,,,,,,,,,,,,
US_ASSET_MANAGERS,BEN,TROW,"Franklin Templeton, Inc.","T. Rowe Price Group, Inc.",-2.2128412792226038,0.2016178689161548,0.05,,False,5.462818886730415,-21.912433207301774,,,,,,,,,,,,,,
US_ASSET_MANAGERS,APO,BLK,"Apollo Global Management, Inc. ","BlackRock, Inc.",-2.0383090403477966,0.2700325231561257,0.05,,False,2.104353374755941,-9.623058326142456,,,,,,,,,,,,,,
US_ASSET_MANAGERS,BLK,BX,"BlackRock, Inc.",Blackstone Inc.,-1.8700860037843818,0.3462617632303113,0.05,,False,0.39397248918266026,4.944170111683268,,,,,,,,,,,,,,
US_ASSET_MANAGERS,APO,KKR,"Apollo Global Management, Inc. ",KKR & Co. Inc.,-1.8504327394472486,0.3557259931746464,0.05,,False,0.726432434788764,1.3984179171493998,,,,,,,,,,,,,,
US_ASSET_MANAGERS,APO,TROW,"Apollo Global Management, Inc. ","T. Rowe Price Group, Inc.",-1.6085678459036865,0.479288308019395,0.05,,False,2.4811750796497423,-6.468919060067128,,,,,,,,,,,,,,
US_ASSET_MANAGERS,BX,TROW,Blackstone Inc.,"T. Rowe Price Group, Inc.",-0.9404217484547952,0.7743697716944263,0.05,,False,2.8472152756265414,-8.079234570951186,,,,,,,,,,,,,,
US_ASSET_MANAGERS,KKR,TROW,KKR & Co. Inc.,"T. Rowe Price Group, Inc.",-0.7050548402330267,0.8454358720042887,0.05,,False,3.970567171417526,-13.368910200537465,,,,,,,,,,,,,,
US_BANKS,FITB,USB,Fifth Third Bancorp,U.S. Bancorp,-4.123175448320922,0.0008865338766915172,0.05,,False,0.9535413825842195,0.09011043553495934,,,,,,,,,,,,,,
US_BANKS,BAC,HBAN,Bank of America Corporation,Huntington Bancshares Incorpora,-3.706041579862432,0.00402897200855971,0.05,,False,1.441819627355951,-0.11264619676558274,,,,,,,,,,,,,,
US_BANKS,COF,WFC,Capital One Financial Corporati,Wells Fargo & Company,-3.5968819233868734,0.0058209192445305875,0.05,,False,0.9883111251921114,0.9859017193612738,,,,,,,,,,,,,,
US_BANKS,KEY,TFC,KeyCorp,Truist Financial Corporation,-3.5823183052824206,0.006108201556733851,0.05,,False,1.4348103976278892,-2.536180705871641,,,,,,,,,,,,,,
US_BANKS,C,HBAN,"Citigroup, Inc.",Huntington Bancshares Incorpora,-3.5121076727822063,0.007681533902737392,0.05,,False,3.708018467813424,-5.674536528896321,,,,,,,,,,,,,,
US_BANKS,CFG,TFC,"Citizens Financial Group, Inc.",Truist Financial Corporation,-3.5119752019349497,0.007684819300157202,0.05,,False,1.9979431248082102,-3.6388955962374374,,,,,,,,,,,,,,
US_BANKS,KEY,RF,KeyCorp,Regions Financial Corporation,-3.471419631563326,0.00875216254183415,0.05,,False,1.1368199760196827,-0.742426087058802,,,,,,,,,,,,,,
US_BANKS,C,FHN,"Citigroup, Inc.",First Horizon Corporation,-3.462478262254436,0.00900467149505218,0.05,,False,1.7755885587165665,-0.873291077957087,,,,,,,,,,,,,,
US_BANKS,MTB,ZION,M&T Bank Corporation,Zions Bancorporation N.A.,-3.445242719421757,0.009509908014739454,0.05,,False,0.8988566138155252,1.6745067738050272,,,,,,,,,,,,,,
US_BANKS,PNC,USB,"PNC Financial Services Group, I",U.S. Bancorp,-3.346569511562213,0.012920889463818828,0.05,,False,0.9413650914579852,1.6318812177511108,,,,,,,,,,,,,,
US_BANKS,HBAN,WFC,Huntington Bancshares Incorpora,Wells Fargo & Company,-3.340386929189458,0.01316691287416237,0.05,,False,0.5601387156154596,0.3243987979052818,,,,,,,,,,,,,,
US_BANKS,KEY,USB,KeyCorp,U.S. Bancorp,-3.336925911316992,0.013306440090199627,0.05,,False,1.1663294087106655,-1.6170199870426867,,,,,,,,,,,,,,
US_BANKS,TFC,USB,Truist Financial Corporation,U.S. Bancorp,-3.296734770814119,0.015025062729253216,0.05,,False,0.8145566940223798,0.6341955183089092,,,,,,,,,,,,,,
US_BANKS,CFG,PNFP,"Citizens Financial Group, Inc.","Pinnacle Financial Partners, In",-3.227067337084233,0.018470411783407442,0.05,,False,-8.4308338078726,42.52787206122534,,,,,,,,,,,,,,
US_BANKS,C,PNFP,"Citigroup, Inc.","Pinnacle Financial Partners, In",-3.1957064484506255,0.020234555874054597,0.05,,False,-10.324652920058245,51.80109499476232,,,,,,,,,,,,,,
US_BANKS,C,TFC,"Citigroup, Inc.",Truist Financial Corporation,-3.1701764813190847,0.021777194369781584,0.05,,False,2.9986729446863514,-6.807896223212,,,,,,,,,,,,,,
US_BANKS,KEY,PNC,KeyCorp,"PNC Financial Services Group, I",-3.1691293256467628,0.02184258894768623,0.05,,False,1.2391065535150132,-3.639562858852387,,,,,,,,,,,,,,
US_BANKS,JPM,PNFP,JP Morgan Chase & Co.,"Pinnacle Financial Partners, In",-3.165326563120674,0.022081503971153982,0.05,,False,-6.8437054455553215,36.96150213300231,,,,,,,,,,,,,,
US_BANKS,BAC,PNFP,Bank of America Corporation,"Pinnacle Financial Partners, In",-3.164514270779676,0.022132830089091907,0.05,,False,-5.845745296735467,30.634339013741634,,,,,,,,,,,,,,
US_BANKS,PNFP,RF,"Pinnacle Financial Partners, In",Regions Financial Corporation,-3.1549698124056933,0.02274369696503678,0.05,,False,-0.05695049302667984,4.766342711797352,,,,,,,,,,,,,,
US_BANKS,KEY,PNFP,KeyCorp,"Pinnacle Financial Partners, In",-3.154536306690801,0.022771785297893407,0.05,,False,-20.401470628852255,96.41881079483571,,,,,,,,,,,,,,
US_BANKS,RF,TFC,Regions Financial Corporation,Truist Financial Corporation,-3.118282963706068,0.025229422116669935,0.05,,False,1.2579074921372821,-1.5620343242721204,,,,,,,,,,,,,,
US_BANKS,CFG,KEY,"Citizens Financial Group, Inc.",KeyCorp,-3.1157837256034906,0.025406959113025332,0.05,,False,1.3823474407510694,-0.07844670626493677,,,,,,,,,,,,,,
US_BANKS,PNC,ZION,"PNC Financial Services Group, I",Zions Bancorporation N.A.,-3.0931525116437255,0.027064100901724963,0.05,,False,0.9519128328673825,1.4692678183547971,,,,,,,,,,,,,,
US_BANKS,HBAN,JPM,Huntington Bancshares Incorpora,JP Morgan Chase & Co.,-3.0913975454932743,0.027196393379455532,0.05,,False,0.5430672382813863,-0.29687535565744794,,,,,,,,,,,,,,
US_BANKS,PNFP,USB,"Pinnacle Financial Partners, In",U.S. Bancorp,-2.9989242576495734,0.0349949832742692,0.05,,False,0.012414662740424721,4.5388489959042,,,,,,,,,,,,,,
US_BANKS,FITB,PNC,Fifth Third Bancorp,"PNC Financial Services Group, I",-2.9632943372365745,0.03846735357290975,0.05,,False,1.0129042096364007,-1.5627189364131273,,,,,,,,,,,,,,
US_BANKS,MTB,PNC,M&T Bank Corporation,"PNC Financial Services Group, I",-2.8939943982398533,0.04605083761659873,0.05,,False,0.9455251464947664,0.28052383019287497,,,,,,,,,,,,,,
US_BANKS,KEY,MTB,KeyCorp,M&T Bank Corporation,-2.870856138182149,0.04884351115864523,0.05,,False,1.3205904062793858,-4.060006551858958,,,,,,,,,,,,,,
US_BANKS,PNFP,WFC,"Pinnacle Financial Partners, In",Wells Fargo & Company,-2.863079564562478,0.04981287689685256,0.05,,False,0.07357433601892252,4.2704231832944615,,,,,,,,,,,,,,
US_BANKS,FHN,PNFP,First Horizon Corporation,"Pinnacle Financial Partners, In",-2.8587589278563157,0.05035825623168708,0.05,,False,16.776826162255453,-73.94810388108313,,,,,,,,,,,,,,
US_BANKS,BAC,MTB,Bank of America Corporation,M&T Bank Corporation,-2.8511826815027885,0.05132642094624842,0.05,,False,1.1731814199188746,-2.314919462805398,,,,,,,,,,,,,,
US_BANKS,FITB,PNFP,Fifth Third Bancorp,"Pinnacle Financial Partners, In",-2.84178466654773,0.052548553943143464,0.05,,False,12.569384855681752,-53.90627411757526,,,,,,,,,,,,,,
US_BANKS,MTB,USB,M&T Bank Corporation,U.S. Bancorp,-2.837576602041864,0.053103448476170746,0.05,,False,0.8873266041347715,1.8340698965214357,,,,,,,,,,,,,,
US_BANKS,C,RF,"Citigroup, Inc.",Regions Financial Corporation,-2.812466919904688,0.05651490598747669,0.05,,False,2.3090549937280795,-2.8478686899908734,,,,,,,,,,,,,,
US_BANKS,CFG,HBAN,"Citizens Financial Group, Inc.",Huntington Bancshares Incorpora,-2.8031459513033035,0.05782579458892074,0.05,,False,2.521271577009784,-3.0221978811104218,,,,,,,,,,,,,,
US_BANKS,C,KEY,"Citigroup, Inc.",KeyCorp,-2.792403419903801,0.059367105538321904,0.05,,False,1.992617536048904,-1.2300762827244602,,,,,,,,,,,,,,
US_BANKS,C,ZION,"Citigroup, Inc.",Zions Bancorporation N.A.,-2.7598523550034084,0.06424135577076184,0.05,,False,2.4841599281867044,-5.384302834042253,,,,,,,,,,,,,,
US_BANKS,C,CFG,"Citigroup, Inc.","Citizens Financial Group, Inc.",-2.740021755028421,0.06736508482060222,0.05,,False,1.3978246089569686,-0.9484788730298837,,,,,,,,,,,,,,
US_BANKS,FHN,WFC,First Horizon Corporation,Wells Fargo & Company,-2.7269992001437977,0.06948161747951903,0.05,,False,1.0427616974195417,-1.4811939875864981,,,,,,,,,,,,,,
US_BANKS,BAC,TFC,Bank of America Corporation,Truist Financial Corporation,-2.6835465163249697,0.07692897187793135,0.05,,False,1.2790449183444368,-0.9776789569613955,,,,,,,,,,,,,,
US_BANKS,HBAN,RF,Huntington Bancshares Incorpora,Regions Financial Corporation,-2.662519634778364,0.08075157713661846,0.05,,False,0.6970191420405641,0.5275432748642266,,,,,,,,,,,,,,
US_BANKS,CFG,RF,"Citizens Financial Group, Inc.",Regions Financial Corporation,-2.6622297769003955,0.08080529201883996,0.05,,False,1.5825806762241297,-1.1398123332946706,,,,,,,,,,,,,,
US_BANKS,C,MTB,"Citigroup, Inc.",M&T Bank Corporation,-2.6519484248434146,0.08272870595301579,0.05,,False,2.82247094121461,-10.319681109595933,,,,,,,,,,,,,,
US_BANKS,FHN,HBAN,First Horizon Corporation,Huntington Bancshares Incorpora,-2.6431983779705974,0.08439360069314994,0.05,,False,1.8347319688526686,-2.011714285977215,,,,,,,,,,,,,,
US_BANKS,USB,ZION,U.S. Bancorp,Zions Bancorporation N.A.,-2.6266740984572476,0.08760863139496922,0.05,,False,1.0120719670328964,-0.17617470421501613,,,,,,,,,,,,,,
US_BANKS,FITB,KEY,Fifth Third Bancorp,KeyCorp,-2.606099875900388,0.09174308952063581,0.05,,False,0.8155689052377949,1.4177841474299098,,,,,,,,,,,,,,
US_BANKS,BAC,C,Bank of America Corporation,"Citigroup, Inc.",-2.5795061466380784,0.09730733622677606,0.05,,False,0.44740888592571965,1.8332986568728231,,,,,,,,,,,,,,
US_BANKS,COF,PNFP,Capital One Financial Corporati,"Pinnacle Financial Partners, In",-2.576428094244318,0.09796762037193668,0.05,,False,6.38987169197395,-24.076192994755782,,,,,,,,,,,,,,
US_BANKS,JPM,WFC,JP Morgan Chase & Co.,Wells Fargo & Company,-2.5594375283944344,0.10167379690951245,0.05,,False,1.0040445252254564,1.2616411396943636,,,,,,,,,,,,,,
US_BANKS,RF,ZION,Regions Financial Corporation,Zions Bancorporation N.A.,-2.5515856161429564,0.10342196542914511,0.05,,False,1.0385310474208638,-0.9508249976986876,,,,,,,,,,,,,,
US_BANKS,HBAN,KEY,Huntington Bancshares Incorpora,KeyCorp,-2.5469929113730934,0.10445495185193449,0.05,,False,0.5924464882251703,1.0416899042135455,,,,,,,,,,,,,,
US_BANKS,C,JPM,"Citigroup, Inc.",JP Morgan Chase & Co.,-2.5361863628183827,0.10691616624363404,0.05,,False,1.8322683354063267,-5.764113568476444,,,,,,,,,,,,,,
US_BANKS,BAC,FHN,Bank of America Corporation,First Horizon Corporation,-2.510786302939938,0.11287191009960862,0.05,,False,0.7857762840974789,1.46846814417504,,,,,,,,,,,,,,
US_BANKS,RF,USB,Regions Financial Corporation,U.S. Bancorp,-2.502451261501989,0.11487904501683971,0.05,,False,1.0259244773313259,-0.7692057752576331,,,,,,,,,,,,,,
US_BANKS,FHN,JPM,First Horizon Corporation,JP Morgan Chase & Co.,-2.476769490371094,0.12122935006724256,0.05,,False,1.0378714631448496,-2.7876411763273907,,,,,,,,,,,,,,
US_BANKS,HBAN,MTB,Huntington Bancshares Incorpora,M&T Bank Corporation,-2.4679456456274402,0.12346953887594836,0.05,,False,0.8162114878570571,-1.5406657978811085,,,,,,,,,,,,,,
US_BANKS,FITB,MTB,Fifth Third Bancorp,M&T Bank Corporation,-2.444619526082021,0.12953672033052366,0.05,,False,1.0737351828845687,-1.8761787282232283,,,,,,,,,,,,,,
US_BANKS,BAC,JPM,Bank of America Corporation,JP Morgan Chase & Co.,-2.442550861429807,0.13008501282591917,0.05,,False,0.8179001709624033,-0.7351778632354442,,,,,,,,,,,,,,
US_BANKS,PNC,RF,"PNC Financial Services Group, I",Regions Financial Corporation,-2.4388396405857575,0.13107285478168207,0.05,,False,0.917502389967021,2.3379239780779293,,,,,,,,,,,,,,
US_BANKS,CFG,MTB,"Citizens Financial Group, Inc.",M&T Bank Corporation,-2.435659654777367,0.13192358619545203,0.05,,False,1.8907155364893162,-6.031932746746177,,,,,,,,,,,,,,
US_BANKS,BAC,RF,Bank of America Corporation,Regions Financial Corporation,-2.4288938506967543,0.13374682644231484,0.05,,False,0.9986757740662314,0.6678828363173612,,,,,,,,,,,,,,
US_BANKS,PNC,PNFP,"PNC Financial Services Group, I","Pinnacle Financial Partners, In",-2.4145668422258457,0.13766716331791062,0.05,,False,3.947834237734725,-12.869313893834676,,,,,,,,,,,,,,
US_BANKS,COF,HBAN,Capital One Financial Corporati,Huntington Bancshares Incorpora,-2.407144432057518,0.1397300908633224,0.05,,False,1.7839107173954862,0.36027935084849627,,,,,,,,,,,,,,
US_BANKS,HBAN,ZION,Huntington Bancshares Incorpora,Zions Bancorporation N.A.,-2.4043316229420397,0.14051757069359627,0.05,,False,0.725487273716334,-0.14157740659222728,,,,,,,,,,,,,,
US_BANKS,HBAN,USB,Huntington Bancshares Incorpora,U.S. Bancorp,-2.361882671940111,0.15278493174400992,0.05,,False,0.6988066418341269,0.05374830374059991,,,,,,,,,,,,,,
US_BANKS,FITB,RF,Fifth Third Bancorp,Regions Financial Corporation,-2.3204495769602773,0.1654573695723061,0.05,,False,0.9285382510118253,0.8079138567843951,,,,,,,,,,,,,,
US_BANKS,KEY,ZION,KeyCorp,Zions Bancorporation N.A.,-2.3083792871643705,0.16927972495496435,0.05,,False,1.185602041440907,-1.84305096730641,,,,,,,,,,,,,,
US_BANKS,CFG,ZION,"Citizens Financial Group, Inc.",Zions Bancorporation N.A.,-2.2836079157770386,0.17730925701010675,0.05,,False,1.676281078207421,-2.7740852347066824,,,,,,,,,,,,,,
US_BANKS,HBAN,PNC,Huntington Bancshares Incorpora,"PNC Financial Services Group, I",-2.2708764902983103,0.18153295775847844,0.05,,False,0.7596993449955949,-1.2485975978258446,,,,,,,,,,,,,,
US_BANKS,CFG,USB,"Citizens Financial Group, Inc.",U.S. Bancorp,-2.2610906731596105,0.18482412834114553,0.05,,False,1.6264709305801983,-2.368105661106099,,,,,,,,,,,,,,
US_BANKS,BAC,ZION,Bank of America Corporation,Zions Bancorporation N.A.,-2.259484008065489,0.1853681928347654,0.05,,False,1.0401580826595176,-0.2935663101982211,,,,,,,,,,,,,,
US_BANKS,HBAN,TFC,Huntington Bancshares Incorpora,Truist Financial Corporation,-2.2541154992980164,0.1871937157266778,0.05,,False,0.8887139217779022,-0.6059997091739713,,,,,,,,,,,,,,
US_BANKS,PNC,TFC,"PNC Financial Services Group, I",Truist Financial Corporation,-2.2220410612104295,0.19834329195925593,0.05,,False,1.153279510639989,0.907957972045832,,,,,,,,,,,,,,
US_BANKS,MTB,RF,M&T Bank Corporation,Regions Financial Corporation,-2.197033804560461,0.20732377561587345,0.05,,False,0.8641614494541053,2.5017069340166085,,,,,,,,,,,,,,
US_BANKS,BAC,KEY,Bank of America Corporation,KeyCorp,-2.139688677625938,0.22885782674597938,0.05,,False,0.8690729732386063,1.3469028277851267,,,,,,,,,,,,,,
US_BANKS,CFG,FITB,"Citizens Financial Group, Inc.",Fifth Third Bancorp,-2.1269870438734277,0.23380232849267713,0.05,,False,1.7250275471087735,-2.594069176920509,,,,,,,,,,,,,,
US_BANKS,BAC,CFG,Bank of America Corporation,"Citizens Financial Group, Inc.",-2.126182561568792,0.23411760671097698,0.05,,False,0.6212565140368436,1.4249344816767637,,,,,,,,,,,,,,
US_BANKS,FITB,ZION,Fifth Third Bancorp,Zions Bancorporation N.A.,-2.120585530133037,0.23631802135505742,0.05,,False,0.9634815982432021,-0.07166168467293632,,,,,,,,,,,,,,
US_BANKS,MTB,TFC,M&T Bank Corporation,Truist Financial Corporation,-2.11768364953063,0.23746362422620176,0.05,,False,1.0949382347770922,1.122191441019453,,,,,,,,,,,,,,
US_BANKS,JPM,TFC,JP Morgan Chase & Co.,Truist Financial Corporation,-2.107268982188291,0.2416017710203569,0.05,,False,1.6720832436693842,-0.7028955117740772,,,,,,,,,,,,,,
US_BANKS,TFC,ZION,Truist Financial Corporation,Zions Bancorporation N.A.,-2.093757383983348,0.24703218675189798,0.05,,False,0.8213341534983852,0.5027864723776383,,,,,,,,,,,,,,
US_BANKS,FHN,TFC,First Horizon Corporation,Truist Financial Corporation,-2.063138397251722,0.2595927225082235,0.05,,False,1.6715565479547212,-3.2774800713793564,,,,,,,,,,,,,,
US_BANKS,BAC,FITB,Bank of America Corporation,Fifth Third Bancorp,-2.051149556052192,0.26460551377462427,0.05,,False,1.0865832433541298,-0.2423966248863998,,,,,,,,,,,,,,
US_BANKS,C,PNC,"Citigroup, Inc.","PNC Financial Services Group, I",-2.027281984537791,0.2747404739394206,0.05,,False,2.6022876580047027,-9.180018576619435,,,,,,,,,,,,,,
US_BANKS,C,FITB,"Citigroup, Inc.",Fifth Third Bancorp,-2.020467395896183,0.2776715867032976,0.05,,False,2.64364824880606,-5.444001284582765,,,,,,,,,,,,,,
US_BANKS,C,USB,"Citigroup, Inc.",U.S. Bancorp,-2.0097442147345466,0.28231701211673055,0.05,,False,2.426078881532971,-4.842922389393823,,,,,,,,,,,,,,
US_BANKS,COF,JPM,Capital One Financial Corporati,JP Morgan Chase & Co.,-2.0026695825995313,0.2854038083777748,0.05,,False,0.9832257889850929,-0.24981519294040755,,,,,,,,,,,,,,
US_BANKS,PNFP,ZION,"Pinnacle Financial Partners, In",Zions Bancorporation N.A.,-1.9915533877991298,0.290288880897825,0.05,,False,0.3850689344665503,3.0622631223201444,,,,,,,,,,,,,,
US_BANKS,FITB,TFC,Fifth Third Bancorp,Truist Financial Corporation,-1.9312208516183433,0.31751933793419673,0.05,,False,1.1686875377014128,-0.6450184215193304,,,,,,,,,,,,,,
US_BANKS,BAC,USB,Bank of America Corporation,U.S. Bancorp,-1.9297872260583864,0.3181805838129108,0.05,,False,1.0269178644057078,-0.10931151963302055,,,,,,,,,,,,,,
US_BANKS,FHN,MTB,First Horizon Corporation,M&T Bank Corporation,-1.912803903814422,0.3260619310738647,0.05,,False,1.5005188494815507,-4.854065080205228,,,,,,,,,,,,,,
US_BANKS,FITB,HBAN,Fifth Third Bancorp,Huntington Bancshares Incorpora,-1.883229291267078,0.33999124097466155,0.05,,False,1.3591757147295254,0.031381441148682576,,,,,,,,,,,,,,
US_BANKS,BAC,PNC,Bank of America Corporation,"PNC Financial Services Group, I",-1.8700050380933564,0.3463005392924271,0.05,,False,1.0995847643011607,-1.935079209511822,,,,,,,,,,,,,,
US_BANKS,C,WFC,"Citigroup, Inc.",Wells Fargo & Company,-1.8596081897790449,0.35129459916950817,0.05,,False,1.956510510533544,-3.9541893302362228,,,,,,,,,,,,,,
US_BANKS,CFG,PNC,"Citizens Financial Group, Inc.","PNC Financial Services Group, I",-1.8005995676720568,0.38016406555461035,0.05,,False,1.739074550748409,-5.246790266021744,,,,,,,,,,,,,,
US_BANKS,JPM,MTB,JP Morgan Chase & Co.,M&T Bank Corporation,-1.7961959450115206,0.3823519301862951,0.05,,False,1.5125205298589364,-2.3402991994716373,,,,,,,,,,,,,,
US_BANKS,JPM,RF,JP Morgan Chase & Co.,Regions Financial Corporation,-1.7021742077442785,0.4299926092310599,0.05,,False,1.2521311518915614,1.6171516661192356,,,,,,,,,,,,,,
US_BANKS,COF,FHN,Capital One Financial Corporati,First Horizon Corporation,-1.640022774435037,0.4622488925412358,0.05,,False,0.9420472671916071,2.406939347342734,,,,,,,,,,,,,,
US_BANKS,CFG,FHN,"Citizens Financial Group, Inc.",First Horizon Corporation,-1.6296115596380425,0.46769404505502077,0.05,,False,1.2758563160193908,0.036990890047259306,,,,,,,,,,,,,,
US_BANKS,FHN,RF,First Horizon Corporation,Regions Financial Corporation,-1.6268694957570164,0.4691297647588048,0.05,,False,1.2854774194416985,-1.064775952609856,,,,,,,,,,,,,,
US_BANKS,JPM,ZION,JP Morgan Chase & Co.,Zions Bancorporation N.A.,-1.606529340176013,0.48031282506643885,0.05,,False,1.3297184818498144,0.31045871328182084,,,,,,,,,,,,,,
US_BANKS,TFC,WFC,Truist Financial Corporation,Wells Fargo & Company,-1.5724048129547263,0.49743894412511214,0.05,,False,0.5856303177420522,1.238655982473046,,,,,,,,,,,,,,
US_BANKS,MTB,WFC,M&T Bank Corporation,Wells Fargo & Company,-1.4775972269465032,0.5445631346050286,0.05,,False,0.6598857243785087,2.398320782839079,,,,,,,,,,,,,,
US_BANKS,FHN,ZION,First Horizon Corporation,Zions Bancorporation N.A.,-1.4411018910310838,0.5624205633195104,0.05,,False,1.337556102309993,-2.2971247512829924,,,,,,,,,,,,,,
US_BANKS,JPM,KEY,JP Morgan Chase & Co.,KeyCorp,-1.44024077448461,0.5628394857106175,0.05,,False,1.0778785962728232,2.5020063259961396,,,,,,,,,,,,,,
US_BANKS,WFC,ZION,Wells Fargo & Company,Zions Bancorporation N.A.,-1.3823250128092825,0.5907197870211727,0.05,,False,1.340585049145663,-1.0115625544426354,,,,,,,,,,,,,,
US_BANKS,FHN,KEY,First Horizon Corporation,KeyCorp,-1.361887200875132,0.6004054351126912,0.05,,False,1.115915754838782,-0.18294770569503882,,,,,,,,,,,,,,
US_BANKS,C,COF,"Citigroup, Inc.",Capital One Financial Corporati,-1.358619383596106,0.6019459956421466,0.05,,False,2.187115899301812,-6.9910308170206585,,,,,,,,,,,,,,
US_BANKS,FITB,JPM,Fifth Third Bancorp,JP Morgan Chase & Co.,-1.3451241933661846,0.6082836067480499,0.05,,False,0.6955788652683235,-0.13499679594754177,,,,,,,,,,,,,,
US_BANKS,CFG,JPM,"Citizens Financial Group, Inc.",JP Morgan Chase & Co.,-1.335423077411844,0.6128144893105233,0.05,,False,1.340887066203483,-3.6127854939762343,,,,,,,,,,,,,,
US_BANKS,FHN,USB,First Horizon Corporation,U.S. Bancorp,-1.3349423495153527,0.613038457730404,0.05,,False,1.341942408694983,-2.1421900413816672,,,,,,,,,,,,,,
US_BANKS,BAC,WFC,Bank of America Corporation,Wells Fargo & Company,-1.3271495070722248,0.6166616830643437,0.05,,False,0.8140778386921876,0.3273404121609813,,,,,,,,,,,,,,
US_BANKS,KEY,WFC,KeyCorp,Wells Fargo & Company,-1.2453380311581994,0.6537948940117075,0.05,,False,0.9256405952918354,-1.1255806004878064,,,,,,,,,,,,,,
US_BANKS,RF,WFC,Regions Financial Corporation,Wells Fargo & Company,-1.1901805099424883,0.6778054803397533,0.05,,False,0.7886909795704499,-0.22733261003164618,,,,,,,,,,,,,,
US_BANKS,CFG,WFC,"Citizens Financial Group, Inc.",Wells Fargo & Company,-1.1838962923410985,0.6804844763614646,0.05,,False,1.393298952363621,-2.1228630808372455,,,,,,,,,,,,,,
US_BANKS,FHN,PNC,First Horizon Corporation,"PNC Financial Services Group, I",-1.1542075128974087,0.6929780154606405,0.05,,False,1.4288135289477124,-4.485688313613358,,,,,,,,,,,,,,
US_BANKS,COF,TFC,Capital One Financial Corporati,Truist Financial Corporation,-1.152861333782367,0.6935380412242277,0.05,,False,1.8456842686484223,-1.697846654372487,,,,,,,,,,,,,,
US_BANKS,JPM,PNC,JP Morgan Chase & Co.,"PNC Financial Services Group, I",-1.1454284018606837,0.6966199748953985,0.05,,False,1.4248041979853532,-1.8881298138052998,,,,,,,,,,,,,,
US_BANKS,MTB,PNFP,M&T Bank Corporation,"Pinnacle Financial Partners, In",-1.1448386102188381,0.6968637758193813,0.05,,False,1.4723205466808633,-1.5203961597861673,,,,,,,,,,,,,,
US_BANKS,FHN,FITB,First Horizon Corporation,Fifth Third Bancorp,-1.1090516844333294,0.7114487319354987,0.05,,False,1.4452915376459585,-2.4110712587512184,,,,,,,,,,,,,,
US_BANKS,BAC,COF,Bank of America Corporation,Capital One Financial Corporati,-1.0979820307522572,0.7158759766875784,0.05,,False,0.8066389806248225,-0.3954874665317476,,,,,,,,,,,,,,
US_BANKS,JPM,USB,JP Morgan Chase & Co.,U.S. Bancorp,-1.0938277205350992,0.7175270516226309,0.05,,False,1.3220500047272628,0.5105530618507306,,,,,,,,,,,,,,
US_BANKS,FITB,WFC,Fifth Third Bancorp,Wells Fargo & Company,-1.0934046913981508,0.7176948585924843,0.05,,False,0.6739039964454129,0.8477401567076379,,,,,,,,,,,,,,
US_BANKS,CFG,COF,"Citizens Financial Group, Inc.",Capital One Financial Corporati,-1.0191192576892227,0.7462272777079343,0.05,,False,1.5245481752034884,-4.113046141257355,,,,,,,,,,,,,,
US_BANKS,HBAN,PNFP,Huntington Bancshares Incorpora,"Pinnacle Financial Partners, In",-0.9176575101877146,0.7821019453391349,0.05,,False,0.7126571910008128,-0.538573616497795,,,,,,,,,,,,,,
US_BANKS,COF,MTB,Capital One Financial Corporati,M&T Bank Corporation,-0.8087189768884531,0.816547508000405,0.05,,False,1.6110017751828234,-3.198884746820256,,,,,,,,,,,,,,
US_BANKS,USB,WFC,U.S. Bancorp,Wells Fargo & Company,-0.7967248162046452,0.820082235443323,0.05,,False,0.7438566523494247,0.6351348295643353,,,,,,,,,,,,,,
US_BANKS,PNC,WFC,"PNC Financial Services Group, I",Wells Fargo & Company,-0.7180698572143919,0.8420133548186477,0.05,,False,0.6857431522584038,2.2920356132302517,,,,,,,,,,,,,,
US_BANKS,COF,ZION,Capital One Financial Corporati,Zions Bancorporation N.A.,-0.5860289836145887,0.8741077573368072,0.05,,False,1.3924407697830101,-0.28110810290695554,,,,,,,,,,,,,,
US_BANKS,COF,KEY,Capital One Financial Corporati,KeyCorp,-0.545641268573769,0.8827980190413829,0.05,,False,1.0784730391465405,2.1570048022490766,,,,,,,,,,,,,,
US_BANKS,PNFP,TFC,"Pinnacle Financial Partners, In",Truist Financial Corporation,-0.5013854206055428,0.8917458573464869,0.05,,False,1.315670068694009,-0.35221790269275655,,,,,,,,,,,,,,
US_BANKS,COF,RF,Capital One Financial Corporati,Regions Financial Corporation,-0.44257701764278534,0.9027435692163932,0.05,,False,1.2935455808941418,1.142984677482743,,,,,,,,,,,,,,
US_BANKS,COF,FITB,Capital One Financial Corporati,Fifth Third Bancorp,-0.24204864324853456,0.9333203918308323,0.05,,False,1.611887240518474,-0.801196102012276,,,,,,,,,,,,,,
US_BANKS,COF,USB,Capital One Financial Corporati,U.S. Bancorp,-0.0719881724533323,0.9521581262924946,0.05,,False,1.4256295153481726,-0.22943064157756954,,,,,,,,,,,,,,
US_BANKS,COF,PNC,Capital One Financial Corporati,"PNC Financial Services Group, I",-0.035155414901270346,0.9555263830426178,0.05,,False,1.5531983019726847,-2.9038380812795888,,,,,,,,,,,,,,
US_DEFENSE_AEROSPACE,LHX,NOC,"L3Harris Technologies, Inc.",Northrop Grumman Corporation,-3.0515707320173684,0.030351018456741832,0.05,,False,1.3586641548582061,-2.9729218423533963,,,,,,,,,,,,,,
US_DEFENSE_AEROSPACE,GD,RTX,General Dynamics Corporation,RTX Corporation,-2.596623364331017,0.093697159559886,0.05,,False,0.5420113274748275,3.009256330356991,,,,,,,,,,,,,,
US_DEFENSE_AEROSPACE,LHX,RTX,"L3Harris Technologies, Inc.",RTX Corporation,-2.3039699470209993,0.17069078133271742,0.05,,False,0.8458812804051722,1.3399763285373378,,,,,,,,,,,,,,
US_DEFENSE_AEROSPACE,GD,LHX,General Dynamics Corporation,"L3Harris Technologies, Inc.",-1.8820481064993586,0.34055279818136014,0.05,,False,0.6572187295027677,2.0592496844611152,,,,,,,,,,,,,,
US_DEFENSE_AEROSPACE,LMT,NOC,Lockheed Martin Corporation,Northrop Grumman Corporation,-1.789609136283004,0.3856325351693078,0.05,,False,0.81938547561985,1.0573080540562145,,,,,,,,,,,,,,
US_DEFENSE_AEROSPACE,LHX,LMT,"L3Harris Technologies, Inc.",Lockheed Martin Corporation,-1.7231434310903968,0.4192294564874536,0.05,,False,1.8883784764820128,-6.1535686864014805,,,,,,,,,,,,,,
US_DEFENSE_AEROSPACE,LMT,RTX,Lockheed Martin Corporation,RTX Corporation,-1.4912036076577255,0.5378582137589815,0.05,,False,0.3187557405738603,4.611945451308658,,,,,,,,,,,,,,
US_DEFENSE_AEROSPACE,NOC,RTX,Northrop Grumman Corporation,RTX Corporation,-1.4443032549453831,0.5608621063433189,0.05,,False,0.6074278688750464,3.2498819315528373,,,,,,,,,,,,,,
US_DEFENSE_AEROSPACE,GD,LMT,General Dynamics Corporation,Lockheed Martin Corporation,-1.3367931109518243,0.6121759091339596,0.05,,False,1.022857671048112,-0.6319738719436003,,,,,,,,,,,,,,
US_DEFENSE_AEROSPACE,GD,NOC,General Dynamics Corporation,Northrop Grumman Corporation,-1.3329344741377656,0.613973343630776,0.05,,False,0.871319426623635,0.2410899584348245,,,,,,,,,,,,,,
US_GOLD_MINERS,AEM,KGC,Agnico Eagle Mines Limited,Kinross Gold Corporation,-2.9517568827069196,0.039651959758319186,0.05,,False,0.7447223437414303,2.7168444405683716,,,,,,,,,,,,,,
US_GOLD_MINERS,AU,KGC,AngloGold Ashanti PLC,Kinross Gold Corporation,-2.8697050592371554,0.04898600795971212,0.05,,False,1.1295986537824494,0.6734204372223971,,,,,,,,,,,,,,
US_GOLD_MINERS,AEM,AU,Agnico Eagle Mines Limited,AngloGold Ashanti PLC,-2.433584486703486,0.13248088803549196,0.05,,False,0.6571887770409565,2.280971571426217,,,,,,,,,,,,,,
US_GOLD_MINERS,AU,NEM,AngloGold Ashanti PLC,Newmont Corporation,-2.3120178942257406,0.16812125231418384,0.05,,False,1.4254449947761836,-2.112329635234822,,,,,,,,,,,,,,
US_GOLD_MINERS,KGC,NEM,Kinross Gold Corporation,Newmont Corporation,-1.7559480017908229,0.4025410212008954,0.05,,False,1.2645521322431814,-2.477260029063603,,,,,,,,,,,,,,
US_GOLD_MINERS,GOLD,NEM,"Gold.com, Inc.",Newmont Corporation,-1.5353890992027779,0.5159379202132394,0.05,,False,0.6076312719802874,0.8631283070769156,,,,,,,,,,,,,,
US_GOLD_MINERS,AEM,NEM,Agnico Eagle Mines Limited,Newmont Corporation,-1.47663486169056,0.5450364569710002,0.05,,False,0.932034556723248,0.9127233389121372,,,,,,,,,,,,,,
US_GOLD_MINERS,AEM,GOLD,Agnico Eagle Mines Limited,"Gold.com, Inc.",-1.4095512614304389,0.5776886547497085,0.05,,False,1.7877556518044344,-1.2780153317693372,,,,,,,,,,,,,,
US_GOLD_MINERS,GOLD,KGC,"Gold.com, Inc.",Kinross Gold Corporation,-1.3081128237954653,0.6254525617323424,0.05,,False,0.3197185774267948,2.5088484882526196,,,,,,,,,,,,,,
US_GOLD_MINERS,AU,GOLD,AngloGold Ashanti PLC,"Gold.com, Inc.",-1.3010431426263889,0.6286949396281208,0.05,,False,3.4668390795884148,-7.9643547049621475,,,,,,,,,,,,,,
US_HOMEBUILDERS,LEN,NVR,Lennar Corporation,"NVR, Inc.",-3.5210986964139344,0.0074614828979238,0.05,,False,1.7402479987368913,-10.782974819605762,,,,,,,,,,,,,,
US_HOMEBUILDERS,DHI,PHM,"D.R. Horton, Inc.","PulteGroup, Inc.",-2.7308194025264902,0.06885530780843796,0.05,,False,1.2305707508583725,-0.8787520454674329,,,,,,,,,,,,,,
US_HOMEBUILDERS,PHM,TOL,"PulteGroup, Inc.","Toll Brothers, Inc.",-2.412411501692127,0.13826395302898464,0.05,,False,0.7703255033340659,1.0198505663205109,,,,,,,,,,,,,,
US_HOMEBUILDERS,KBH,MTH,KB Home,Meritage Homes Corporation,-2.2429412788036283,0.19103085388204688,0.05,,False,1.1788860336935891,-0.9411504989091384,,,,,,,,,,,,,,
US_HOMEBUILDERS,KBH,NVR,KB Home,"NVR, Inc.",-2.2162196012101383,0.2004114304529253,0.05,,False,1.324760367699142,-7.7300066746339064,,,,,,,,,,,,,,
US_HOMEBUILDERS,KBH,LEN,KB Home,Lennar Corporation,-1.8722298354156401,0.3452356947135785,0.05,,False,0.7456826396451192,0.5528979300745216,,,,,,,,,,,,,,
US_HOMEBUILDERS,DHI,MTH,"D.R. Horton, Inc.",Meritage Homes Corporation,-1.851350521738235,0.35528174072264085,0.05,,False,0.9421206419793566,0.9576342085945759,,,,,,,,,,,,,,
US_HOMEBUILDERS,LEN,PHM,Lennar Corporation,"PulteGroup, Inc.",-1.7608612307482394,0.4000587228284849,0.05,,False,3.76681974733572,-13.214574758140422,,,,,,,,,,,,,,
US_HOMEBUILDERS,MTH,PHM,Meritage Homes Corporation,"PulteGroup, Inc.",-1.7431527528344546,0.40902713021831855,0.05,,False,1.455171345162395,-2.6609564610246146,,,,,,,,,,,,,,
US_HOMEBUILDERS,DHI,KBH,"D.R. Horton, Inc.",KB Home,-1.726485825516771,0.4175204282957985,0.05,,False,0.7633274631551046,1.85727677876229,,,,,,,,,,,,,,
US_HOMEBUILDERS,KBH,PHM,KB Home,"PulteGroup, Inc.",-1.663631133451515,0.44994144714793666,0.05,,False,1.9081890412788967,-4.998650997700419,,,,,,,,,,,,,,
US_HOMEBUILDERS,DHI,TOL,"D.R. Horton, Inc.","Toll Brothers, Inc.",-1.54282043988472,0.5122324515249134,0.05,,False,0.9427213512433539,0.40169855221060224,,,,,,,,,,,,,,
US_HOMEBUILDERS,DHI,LEN,"D.R. Horton, Inc.",Lennar Corporation,-1.5150001678022107,0.5260783514747243,0.05,,False,0.4777344400581486,2.716428361165256,,,,,,,,,,,,,,
US_HOMEBUILDERS,LEN,TOL,Lennar Corporation,"Toll Brothers, Inc.",-1.413499342463358,0.5757875272199097,0.05,,False,3.9016654570896567,-14.250078751709982,,,,,,,,,,,,,,
US_HOMEBUILDERS,MTH,NVR,Meritage Homes Corporation,"NVR, Inc.",-1.399332867107708,0.5825959085941252,0.05,,False,1.1260108656059908,-5.7790190515975866,,,,,,,,,,,,,,
US_HOMEBUILDERS,MTH,TOL,Meritage Homes Corporation,"Toll Brothers, Inc.",-1.3688632059562056,0.597109149229412,0.05,,False,0.9986125856780329,-0.5802132905641475,,,,,,,,,,,,,,
US_HOMEBUILDERS,LEN,MTH,Lennar Corporation,Meritage Homes Corporation,-1.3343359022081018,0.6133209227414789,0.05,,False,1.651795949890634,-2.3075451630845674,,,,,,,,,,,,,,
US_HOMEBUILDERS,NVR,PHM,"NVR, Inc.","PulteGroup, Inc.",-1.2913370107000852,0.6331262634728361,0.05,,False,1.3588551006931786,2.451316113899325,,,,,,,,,,,,,,
US_HOMEBUILDERS,KBH,TOL,KB Home,"Toll Brothers, Inc.",-1.0651365174817922,0.7287729966280465,0.05,,False,1.3839779695119638,-2.6333981142816407,,,,,,,,,,,,,,
US_HOMEBUILDERS,DHI,NVR,"D.R. Horton, Inc.","NVR, Inc.",-0.9374596562494526,0.7753863180267611,0.05,,False,1.089053814250145,-4.7392141797421266,,,,,,,,,,,,,,
US_HOMEBUILDERS,NVR,TOL,"NVR, Inc.","Toll Brothers, Inc.",-0.07214858449271826,0.952142948165136,0.05,,False,0.7114404801673518,5.472554167926116,,,,,,,,,,,,,,
US_INSURANCE,ALL,TRV,Allstate Corporation (The),"The Travelers Companies, Inc.",-4.6803428994771625,9.16066909179043e-05,0.05,0.0018660480896354557,True,0.6784780239530721,1.4987607372721654,7.71416985264988,0.00027113181946581875,-0.08985376181752644,23.0,-0.6657055874152575,3.2567073044356825,False,,0.4,-0.0066168524866341534,0.06859208707314324,-0.23061907733972387,True,mixed signal
US_INSURANCE,AIG,PRU,"American International Group, I","Prudential Financial, Inc.",-4.3967574027570056,0.00030077948947720225,0.05,0.0018660480896354557,True,-0.5438150935090017,6.842605971326384,8.883021323608894,0.00026209977147911563,-0.07803056587489327,27.0,0.42907825019481166,2.9869406515889336,False,,0.0,0.005607214811248393,-0.011774393713028186,-1.3942361891747646,True,mixed signal
US_INSURANCE,ALL,GL,Allstate Corporation (The),Globe Life Inc.,-4.2350716100893635,0.0005743951339936584,0.05,0.0018660480896354557,True,0.46006514725859937,3.0517504590698215,9.056438116176166,0.00028688123639020803,-0.07653640114007733,27.0,-0.553684584915012,4.076403328914124,False,,0.2,0.0025445961215199765,0.05423760024206414,-0.40139078826666497,True,mixed signal
US_INSURANCE,AFL,CB,AFLAC Incorporated,Chubb Limited,-4.048066534137912,0.0011787130695851721,0.05,0.0018660480896354557,True,0.7234095541381207,0.5577502793210591,13.25209402070159,0.00021986511249939708,-0.05230472855664579,40.0,-1.4078976786535866,2.222244416026892,False,,0.4,-0.0022102266782984886,0.04193049848822761,-0.009321428489246664,False,mixed signal
US_INSURANCE,AFL,PGR,AFLAC Incorporated,Progressive Corporation (The),-3.9238678625977443,0.0018660480896354557,0.05,0.0018660480896354557,True,-0.2411801197346666,5.962658876210503,15.407026085576073,0.0008114409574548278,-0.04498903141397702,46.0,-0.30132783425886556,2.18564001690789,False,,0.2,0.0028412558284519975,0.03908913735363634,-0.7881871404588141,True,mixed signal
US_INSURANCE,AFL,TRV,AFLAC Incorporated,"The Travelers Companies, Inc.",-3.6566714063111085,0.004765574112434183,0.05,0.0018660480896354557,False,0.4606354846238438,2.094220687548856,,,,,,,,,,,,,,
US_INSURANCE,HIG,PGR,"The Hartford Insurance Group, I",Progressive Corporation (The),-3.536593857334618,0.00709554398725909,0.05,0.0018660480896354557,False,-1.0505449751335187,10.487343381086884,,,,,,,,,,,,,,
US_INSURANCE,AIG,UNM,"American International Group, I",Unum Group,-3.526543761962878,0.007330995620584607,0.05,0.0018660480896354557,False,0.22442505048568204,3.366122644909808,,,,,,,,,,,,,,
US_INSURANCE,AFL,GL,AFLAC Incorporated,Globe Life Inc.,-3.4791584421685338,0.008538762816334198,0.05,0.0018660480896354557,False,0.30206688086290523,3.1982503766230135,,,,,,,,,,,,,,
US_INSURANCE,AIG,GL,"American International Group, I",Globe Life Inc.,-3.407119690202423,0.010718543136973372,0.05,0.0018660480896354557,False,0.15643155009205456,3.568226196139934,,,,,,,,,,,,,,
US_INSURANCE,GL,TRV,Globe Life Inc.,"The Travelers Companies, Inc.",-3.2961296100107003,0.015052369958378487,0.05,0.0018660480896354557,False,1.4504114533308523,-3.240200071512726,,,,,,,,,,,,,,
US_INSURANCE,AIG,LNC,"American International Group, I",Lincoln National Corporation,-3.261268536220315,0.016701069703684686,0.05,0.0018660480896354557,False,0.20809674353887703,3.5906965407591223,,,,,,,,,,,,,,
US_INSURANCE,AFL,ALL,AFLAC Incorporated,Allstate Corporation (The),-3.2495298690477283,0.017290839775506613,0.05,0.0018660480896354557,False,0.7097139061133007,0.9142952941679754,,,,,,,,,,,,,,
US_INSURANCE,AIG,TRV,"American International Group, I","The Travelers Companies, Inc.",-3.219760807232728,0.018868963881071715,0.05,0.0018660480896354557,False,0.259766259404942,2.878428776167742,,,,,,,,,,,,,,
US_INSURANCE,AIG,HIG,"American International Group, I","The Hartford Insurance Group, I",-3.213467474283798,0.019218244314878154,0.05,0.0018660480896354557,False,0.38810302550310677,2.460428875029733,,,,,,,,,,,,,,
US_INSURANCE,HIG,PRU,"The Hartford Insurance Group, I","Prudential Financial, Inc.",-3.2065225378632296,0.019610219900798892,0.05,0.0018660480896354557,False,-2.6148848072814164,16.912657062910142,,,,,,,,,,,,,,
US_INSURANCE,AFL,PRU,AFLAC Incorporated,"Prudential Financial, Inc.",-3.131404364420111,0.024314742684158383,0.05,0.0018660480896354557,False,-0.08865776549722668,5.06790455667967,,,,,,,,,,,,,,
US_INSURANCE,AFL,LNC,AFLAC Incorporated,Lincoln National Corporation,-3.1225060837342933,0.024931852724102203,0.05,0.0018660480896354557,False,0.2745893131116809,3.689906455086382,,,,,,,,,,,,,,
US_INSURANCE,AIG,PGR,"American International Group, I",Progressive Corporation (The),-3.0891225221424308,0.027368713394749073,0.05,0.0018660480896354557,False,0.28130067697799216,2.8012625003274563,,,,,,,,,,,,,,
US_INSURANCE,AIG,ALL,"American International Group, I",Allstate Corporation (The),-3.0763776900606774,0.02835145735885236,0.05,0.0018660480896354557,False,0.4519946453331767,1.9400260945919587,,,,,,,,,,,,,,
US_INSURANCE,PGR,TRV,Progressive Corporation (The),"The Travelers Companies, Inc.",-3.047487418631299,0.030691410234729828,0.05,0.0018660480896354557,False,-0.4467953469357269,7.898556878047905,,,,,,,,,,,,,,
US_INSURANCE,CB,PGR,Chubb Limited,Progressive Corporation (The),-3.021063253146791,0.032973631033789884,0.05,0.0018660480896354557,False,-0.634507068301081,9.101219027486612,,,,,,,,,,,,,,
US_INSURANCE,HIG,LNC,"The Hartford Insurance Group, I",Lincoln National Corporation,-2.959589789135884,0.03884443895772565,0.05,0.0018660480896354557,False,0.6364971448066636,2.5589101530197813,,,,,,,,,,,,,,
US_INSURANCE,PRU,UNM,"Prudential Financial, Inc.",Unum Group,-2.9178541547219914,0.043310847481100645,0.05,0.0018660480896354557,False,-0.1449663185354783,5.25033021448126,,,,,,,,,,,,,,
US_INSURANCE,ALL,MET,Allstate Corporation (The),"MetLife, Inc.",-2.8875109878663285,0.04681969402908299,0.05,0.0018660480896354557,False,1.621616709402472,-1.7584029931953689,,,,,,,,,,,,,,
US_INSURANCE,LNC,PGR,Lincoln National Corporation,Progressive Corporation (The),-2.8859049775807493,0.04701177942475592,0.05,0.0018660480896354557,False,-2.9991054335444356,19.755651506874855,,,,,,,,,,,,,,
US_INSURANCE,AIG,CB,"American International Group, I",Chubb Limited,-2.8560138863829048,0.05070729574219718,0.05,0.0018660480896354557,False,0.3223969640326018,2.496804522038391,,,,,,,,,,,,,,
US_INSURANCE,GL,PRU,Globe Life Inc.,"Prudential Financial, Inc.",-2.812755556780087,0.05647470148114614,0.05,0.0018660480896354557,False,-6.786203942152027,36.26189274107098,,,,,,,,,,,,,,
US_INSURANCE,MET,PRU,"MetLife, Inc.","Prudential Financial, Inc.",-2.793230636900947,0.05924724841664795,0.05,0.0018660480896354557,False,0.8886869799271162,0.22046244594402165,,,,,,,,,,,,,,
US_INSURANCE,PRU,TRV,"Prudential Financial, Inc.","The Travelers Companies, Inc.",-2.7719852055944285,0.062388250018544734,0.05,0.0018660480896354557,False,-0.2168914405434918,5.838534955232751,,,,,,,,,,,,,,
US_INSURANCE,AFL,MET,AFLAC Incorporated,"MetLife, Inc.",-2.768333104452733,0.0629414670867835,0.05,0.0018660480896354557,False,0.9542164736739928,0.519202257696759,,,,,,,,,,,,,,
US_INSURANCE,GL,PGR,Globe Life Inc.,Progressive Corporation (The),-2.758740983255257,0.06441328813350204,0.05,0.0018660480896354557,False,-5.40772740619614,34.09954005151339,,,,,,,,,,,,,,
US_INSURANCE,ALL,PGR,Allstate Corporation (The),Progressive Corporation (The),-2.744850414856972,0.06659350671006191,0.05,0.0018660480896354557,False,-0.2421206684453331,6.58439878671893,,,,,,,,,,,,,,
US_INSURANCE,LNC,PRU,Lincoln National Corporation,"Prudential Financial, Inc.",-2.7378490509494062,0.06771458658433746,0.05,0.0018660480896354557,False,-46.97012754750196,221.0753152700382,,,,,,,,,,,,,,
US_INSURANCE,AFL,AIG,AFLAC Incorporated,"American International Group, I",-2.735908517463164,0.06802796416966786,0.05,0.0018660480896354557,False,1.7071168535151477,-2.7239784935805735,,,,,,,,,,,,,,
US_INSURANCE,ALL,PRU,Allstate Corporation (The),"Prudential Financial, Inc.",-2.724394910028046,0.06991117679891987,0.05,0.0018660480896354557,False,-2.595145336180339,17.29389705458933,,,,,,,,,,,,,,
US_INSURANCE,MET,UNM,"MetLife, Inc.",Unum Group,-2.7147565383214802,0.07151936763310927,0.05,0.0018660480896354557,False,0.2753180099725265,3.161749935815226,,,,,,,,,,,,,,
US_INSURANCE,AFL,HIG,AFLAC Incorporated,"The Hartford Insurance Group, I",-2.707202625040786,0.07280017184856913,0.05,0.0018660480896354557,False,0.5611748537672369,1.962926975694443,,,,,,,,,,,,,,
US_INSURANCE,PGR,PRU,Progressive Corporation (The),"Prudential Financial, Inc.",-2.671509968641138,0.07909936440360765,0.05,0.0018660480896354557,False,27.77768986929748,-123.24590374255307,,,,,,,,,,,,,,
US_INSURANCE,AFL,UNM,AFLAC Incorporated,Unum Group,-2.636544898229473,0.0856769232337915,0.05,0.0018660480896354557,False,0.27042558048700577,3.5032842848923975,,,,,,,,,,,,,,
US_INSURANCE,GL,LNC,Globe Life Inc.,Lincoln National Corporation,-2.635970471693122,0.08578842490221927,0.05,0.0018660480896354557,False,1.3171597949372214,0.18984198838649746,,,,,,,,,,,,,,
US_INSURANCE,CB,PRU,Chubb Limited,"Prudential Financial, Inc.",-2.599576217387542,0.09308488632301559,0.05,0.0018660480896354557,False,-2.8292045461747697,18.77101452240057,,,,,,,,,,,,,,
US_INSURANCE,GL,MET,Globe Life Inc.,"MetLife, Inc.",-2.590787333198149,0.09491632684080464,0.05,0.0018660480896354557,False,5.1485700146233455,-17.497228811378964,,,,,,,,,,,,,,
US_INSURANCE,LNC,TRV,Lincoln National Corporation,"The Travelers Companies, Inc.",-2.57636386707673,0.09798143419386401,0.05,0.0018660480896354557,False,1.2209506870262516,-3.270620739610506,,,,,,,,,,,,,,
US_INSURANCE,AIG,MET,"American International Group, I","MetLife, Inc.",-2.4129807038538966,0.13810616857827085,0.05,0.0018660480896354557,False,0.5023342919352191,2.145380044451426,,,,,,,,,,,,,,
US_INSURANCE,GL,HIG,Globe Life Inc.,"The Hartford Insurance Group, I",-2.370843125971227,0.15013536338095546,0.05,0.0018660480896354557,False,1.8746151697653086,-4.170382401365362,,,,,,,,,,,,,,
US_INSURANCE,LNC,MET,Lincoln National Corporation,"MetLife, Inc.",-2.366722513423591,0.1513498044801032,0.05,0.0018660480896354557,False,4.390869465432049,-15.518552539140162,,,,,,,,,,,,,,
US_INSURANCE,CB,MET,Chubb Limited,"MetLife, Inc.",-2.3413599916486993,0.15897519566871626,0.05,0.0018660480896354557,False,2.3132873611287716,-4.364887503811017,,,,,,,,,,,,,,
US_INSURANCE,MET,TRV,"MetLife, Inc.","The Travelers Companies, Inc.",-2.323132056360959,0.16461591398613812,0.05,0.0018660480896354557,False,0.281216458906889,2.771878551251349,,,,,,,,,,,,,,
US_INSURANCE,ALL,LNC,Allstate Corporation (The),Lincoln National Corporation,-2.292788935350935,0.17430423198936723,0.05,0.0018660480896354557,False,0.4657300796779005,3.633179102341865,,,,,,,,,,,,,,
US_INSURANCE,HIG,TRV,"The Hartford Insurance Group, I","The Travelers Companies, Inc.",-2.2506858808888164,0.18836604377844485,0.05,0.0018660480896354557,False,0.8024184691152039,0.33646953903350596,,,,,,,,,,,,,,
US_INSURANCE,MET,PGR,"MetLife, Inc.",Progressive Corporation (The),-2.164815752579553,0.21926214633581181,0.05,0.0018660480896354557,False,0.1768711295571515,3.379291409739914,,,,,,,,,,,,,,
US_INSURANCE,LNC,UNM,Lincoln National Corporation,Unum Group,-2.144313333488702,0.22707314280003,0.05,0.0018660480896354557,False,0.8821757258989907,-0.24155842860667365,,,,,,,,,,,,,,
US_INSURANCE,CB,GL,Chubb Limited,Globe Life Inc.,-2.1350092670273675,0.23067213313423346,0.05,0.0018660480896354557,False,0.39175860131795376,3.774699862992378,,,,,,,,,,,,,,
US_INSURANCE,HIG,UNM,"The Hartford Insurance Group, I",Unum Group,-2.112640410330344,0.23946230034228738,0.05,0.0018660480896354557,False,0.5382275915792332,2.504478804357563,,,,,,,,,,,,,,
US_INSURANCE,ALL,CB,Allstate Corporation (The),Chubb Limited,-2.071977334143903,0.25593089213816866,0.05,0.0018660480896354557,False,1.0189973593483828,-0.5006780797856445,,,,,,,,,,,,,,
US_INSURANCE,GL,UNM,Globe Life Inc.,Unum Group,-2.0599474240915434,0.2609217835217425,0.05,0.0018660480896354557,False,1.180265416175385,-0.20641615220510978,,,,,,,,,,,,,,
US_INSURANCE,HIG,MET,"The Hartford Insurance Group, I","MetLife, Inc.",-2.027028150202279,0.2748493585974923,0.05,0.0018660480896354557,False,3.6513878029391993,-11.033395924583246,,,,,,,,,,,,,,
US_INSURANCE,ALL,UNM,Allstate Corporation (The),Unum Group,-1.9941889013607486,0.28912686182085245,0.05,0.0018660480896354557,False,0.49257475879653884,3.171960019927825,,,,,,,,,,,,,,
US_INSURANCE,PGR,UNM,Progressive Corporation (The),Unum Group,-1.9897510826853873,0.29108489390140874,0.05,0.0018660480896354557,False,0.12202440831399454,4.891806708050045,,,,,,,,,,,,,,
US_INSURANCE,TRV,UNM,"The Travelers Companies, Inc.",Unum Group,-1.9650985479724556,0.3020826365900442,0.05,0.0018660480896354557,False,0.7648596549108522,2.3002798690995574,,,,,,,,,,,,,,
US_INSURANCE,CB,TRV,Chubb Limited,"The Travelers Companies, Inc.",-1.9367648335695737,0.31496824630618453,0.05,0.0018660480896354557,False,0.641394978157606,2.0981176986729233,,,,,,,,,,,,,,
US_INSURANCE,CB,LNC,Chubb Limited,Lincoln National Corporation,-1.6952572063102689,0.43355774873011194,0.05,0.0018660480896354557,False,0.3349009508493665,4.4871028761635,,,,,,,,,,,,,,
US_INSURANCE,CB,HIG,Chubb Limited,"The Hartford Insurance Group, I",-1.4970866807035468,0.5349520208657766,0.05,0.0018660480896354557,False,0.8004730327617177,1.8236674060874134,,,,,,,,,,,,,,
US_INSURANCE,ALL,HIG,Allstate Corporation (The),"The Hartford Insurance Group, I",-1.4806853365011494,0.5430434743577744,0.05,0.0018660480896354557,False,0.8300315899726849,1.2887281957706929,,,,,,,,,,,,,,
US_INSURANCE,CB,UNM,Chubb Limited,Unum Group,-1.4182203348108577,0.5735105648057058,0.05,0.0018660480896354557,False,0.36413278803460597,4.113079510099607,,,,,,,,,,,,,,
US_MEDIA_TELECOM,CHTR,TMUS,"Charter Communications, Inc.","T-Mobile US, Inc.",-2.769977243474885,0.06269192764915528,0.05,,False,4.744276037467171,-19.807852772058467,,,,,,,,,,,,,,
US_MEDIA_TELECOM,CHTR,VZ,"Charter Communications, Inc.",Verizon Communications Inc.,-2.689887929930923,0.07580450422644176,0.05,,False,-5.657462061848708,26.502941400328275,,,,,,,,,,,,,,
US_MEDIA_TELECOM,CMCSA,VZ,Comcast Corporation,Verizon Communications Inc.,-2.6796597103872135,0.0776246470230285,0.05,,False,-1.98902522770742,10.72546954543008,,,,,,,,,,,,,,
US_MEDIA_TELECOM,CMCSA,TMUS,Comcast Corporation,"T-Mobile US, Inc.",-2.448261970408325,0.1285753657881486,0.05,,False,1.5891968456342813,-5.133969886950754,,,,,,,,,,,,,,
US_MEDIA_TELECOM,TMUS,VZ,"T-Mobile US, Inc.",Verizon Communications Inc.,-2.3595801072259524,0.15347100353308946,0.05,,False,-5.301462460066262,24.924380166273927,,,,,,,,,,,,,,
US_MEDIA_TELECOM,CHTR,T,"Charter Communications, Inc.",AT&T Inc.,-2.228964512881833,0.19590143116214676,0.05,,False,-11.237878160836571,41.149194117408655,,,,,,,,,,,,,,
US_MEDIA_TELECOM,CHTR,CMCSA,"Charter Communications, Inc.",Comcast Corporation,-2.006326571262609,0.28380602644408104,0.05,,False,2.9026128058046368,-4.201219586676608,,,,,,,,,,,,,,
US_MEDIA_TELECOM,CMCSA,T,Comcast Corporation,AT&T Inc.,-1.8507886767966497,0.35555367557390616,0.05,,False,-0.8839727101956654,6.179838882616599,,,,,,,,,,,,,,
US_MEDIA_TELECOM,T,TMUS,AT&T Inc.,"T-Mobile US, Inc.",-1.3134408119606897,0.6230009122187026,0.05,,False,1.4141346294132449,-4.419994291652639,,,,,,,,,,,,,,
US_MEDIA_TELECOM,T,VZ,AT&T Inc.,Verizon Communications Inc.,-1.308411190806126,0.6253154517569545,0.05,,False,1.8450696627971308,-3.6476377976391787,,,,,,,,,,,,,,
US_OIL_GAS,PSX,VLO,Phillips 66,Valero Energy Corporation,-4.024627396948483,0.0012869054632066988,0.05,,False,0.6165637592325884,1.757351081691855,,,,,,,,,,,,,,
US_OIL_GAS,DVN,XOM,Devon Energy Corporation,ExxonMobil Holdings Corporation,-3.389209878955453,0.01133225208262082,0.05,,False,1.0436502739659175,-1.3621680628221293,,,,,,,,,,,,,,
US_OIL_GAS,APA,DVN,APA Corporation,Devon Energy Corporation,-3.2716519980213135,0.01619417191964598,0.05,,False,1.8192568955128954,-3.387883188494899,,,,,,,,,,,,,,
US_OIL_GAS,COP,DVN,ConocoPhillips,Devon Energy Corporation,-3.1415378597669097,0.02362805107666272,0.05,,False,0.752546518638374,1.874411090137594,,,,,,,,,,,,,,
US_OIL_GAS,FANG,OXY,"Diamondback Energy, Inc.",Occidental Petroleum Corporatio,-3.0944365849888515,0.02696765504532417,0.05,,False,1.0376136218829568,1.0658581857447205,,,,,,,,,,,,,,
US_OIL_GAS,COP,FANG,ConocoPhillips,"Diamondback Energy, Inc.",-3.078032674004965,0.028222161419079347,0.05,,False,0.8201291977484619,0.4297079361661069,,,,,,,,,,,,,,
US_OIL_GAS,COP,OXY,ConocoPhillips,Occidental Petroleum Corporatio,-2.8657201581495695,0.049481962091956336,0.05,,False,0.8504724936705805,1.305795591102331,,,,,,,,,,,,,,
US_OIL_GAS,EOG,OXY,"EOG Resources, Inc.",Occidental Petroleum Corporatio,-2.844701494347925,0.05216672041338785,0.05,,False,0.6329947140463479,2.3266818058054843,,,,,,,,,,,,,,
US_OIL_GAS,OXY,XOM,Occidental Petroleum Corporatio,ExxonMobil Holdings Corporation,-2.7534172342105045,0.06524201677389349,0.05,,False,0.8689738039769782,-0.27746188569609753,,,,,,,,,,,,,,
US_OIL_GAS,COP,XOM,ConocoPhillips,ExxonMobil Holdings Corporation,-2.7407601086775033,0.06724664172749954,0.05,,False,0.7564532929754626,0.9869844556899956,,,,,,,,,,,,,,
US_OIL_GAS,APA,XOM,APA Corporation,ExxonMobil Holdings Corporation,-2.7354195082047457,0.06810711682426271,0.05,,False,1.9496998177886453,-6.108758972583772,,,,,,,,,,,,,,
US_OIL_GAS,APA,CVX,APA Corporation,Chevron Corporation,-2.701602634461956,0.07376135363247048,0.05,,False,2.4627550830023006,-9.19068924786155,,,,,,,,,,,,,,
US_OIL_GAS,FANG,XOM,"Diamondback Energy, Inc.",ExxonMobil Holdings Corporation,-2.6180384154027023,0.08932610879854908,0.05,,False,0.9265981175836315,0.6593328607953799,,,,,,,,,,,,,,
US_OIL_GAS,MPC,VLO,Marathon Petroleum Corporation,Valero Energy Corporation,-2.5720801245367335,0.0989061203596287,0.05,,False,0.7608769866932997,1.3144232951378956,,,,,,,,,,,,,,
US_OIL_GAS,APA,COP,APA Corporation,ConocoPhillips,-2.507793957781732,0.11358946934471653,0.05,,False,2.5163858170763054,-8.372769781154561,,,,,,,,,,,,,,
US_OIL_GAS,APA,PSX,APA Corporation,Phillips 66,-2.497599290950629,0.11605953643899403,0.05,,False,1.6714867728334748,-4.973026672025602,,,,,,,,,,,,,,
US_OIL_GAS,APA,FANG,APA Corporation,"Diamondback Energy, Inc.",-2.4736624071377116,0.12201475223068042,0.05,,False,2.120609944848941,-7.579502145612603,,,,,,,,,,,,,,
US_OIL_GAS,OXY,VLO,Occidental Petroleum Corporatio,Valero Energy Corporation,-2.4529698742444563,0.12734046873949012,0.05,,False,0.3125427037092581,2.278671461817206,,,,,,,,,,,,,,
US_OIL_GAS,MPC,PSX,Marathon Petroleum Corporation,Phillips 66,-2.443919466900353,0.1297220813715037,0.05,,False,1.2394482897121024,-0.8804870352488248,,,,,,,,,,,,,,
US_OIL_GAS,EOG,FANG,"EOG Resources, Inc.","Diamondback Energy, Inc.",-2.435509747526802,0.13196378827321376,0.05,,False,0.5826196133411117,1.8154353126470575,,,,,,,,,,,,,,
US_OIL_GAS,CVX,DVN,Chevron Corporation,Devon Energy Corporation,-2.42100993345837,0.13589409953637954,0.05,,False,0.7534578157681205,2.3030945018868763,,,,,,,,,,,,,,
US_OIL_GAS,PSX,XOM,Phillips 66,ExxonMobil Holdings Corporation,-2.4172298132684533,0.13693235514290197,0.05,,False,1.1347217869273853,-0.5285702655497317,,,,,,,,,,,,,,
US_OIL_GAS,APA,OXY,APA Corporation,Occidental Petroleum Corporatio,-2.4162787248070656,0.13719447220110936,0.05,,False,2.285895315840093,-5.649000949084414,,,,,,,,,,,,,,
US_OIL_GAS,EOG,VLO,"EOG Resources, Inc.",Valero Energy Corporation,-2.415932464827755,0.13728998921059293,0.05,,False,0.19469108684661726,3.78494957531068,,,,,,,,,,,,,,
US_OIL_GAS,FANG,VLO,"Diamondback Energy, Inc.",Valero Energy Corporation,-2.372918532356746,0.14952627353821984,0.05,,False,0.35853197372686746,3.2574745079784773,,,,,,,,,,,,,,
US_OIL_GAS,CVX,XOM,Chevron Corporation,ExxonMobil Holdings Corporation,-2.3567798052637237,0.15430825662003478,0.05,,False,0.8326979464084131,1.056279199142335,,,,,,,,,,,,,,
US_OIL_GAS,MPC,OXY,Marathon Petroleum Corporation,Occidental Petroleum Corporatio,-2.322353192792461,0.16485993214562783,0.05,,False,2.1436341371878593,-3.1114747351451584,,,,,,,,,,,,,,
US_OIL_GAS,DVN,FANG,Devon Energy Corporation,"Diamondback Energy, Inc.",-2.310680940148952,0.16854629267807875,0.05,,False,1.0974294398715703,-1.9583829997963909,,,,,,,,,,,,,,
US_OIL_GAS,CVX,OXY,Chevron Corporation,Occidental Petroleum Corporatio,-2.283267465309898,0.17742134700551732,0.05,,False,0.852441124076785,1.7301706494074653,,,,,,,,,,,,,,
US_OIL_GAS,COP,VLO,ConocoPhillips,Valero Energy Corporation,-2.2703446450929605,0.18171083030654533,0.05,,False,0.3330525115668053,2.9043879863957835,,,,,,,,,,,,,,
US_OIL_GAS,DVN,VLO,Devon Energy Corporation,Valero Energy Corporation,-2.2322544938252937,0.1947478499992482,0.05,,False,0.48917280941062063,1.1334536879200572,,,,,,,,,,,,,,
US_OIL_GAS,CVX,VLO,Chevron Corporation,Valero Energy Corporation,-2.186499554773895,0.211181776118762,0.05,,False,0.4361911454838103,2.815848819369775,,,,,,,,,,,,,,
US_OIL_GAS,DVN,PSX,Devon Energy Corporation,Phillips 66,-2.1822838244591187,0.21273812154694577,0.05,,False,0.9069088391470727,-0.8135407604702269,,,,,,,,,,,,,,
US_OIL_GAS,DVN,OXY,Devon Energy Corporation,Occidental Petroleum Corporatio,-2.172282231671511,0.2164587399476232,0.05,,False,1.1455776983196269,-0.8151691962199967,,,,,,,,,,,,,,
US_OIL_GAS,VLO,XOM,Valero Energy Corporation,ExxonMobil Holdings Corporation,-2.149674443433832,0.22501472673501288,0.05,,False,1.8803382670636968,-3.897508299387124,,,,,,,,,,,,,,
US_OIL_GAS,COP,CVX,ConocoPhillips,Chevron Corporation,-2.1476868695848728,0.22577654911603073,0.05,,False,0.9266185397682639,-0.06379983873644779,,,,,,,,,,,,,,
US_OIL_GAS,DVN,MPC,Devon Energy Corporation,Marathon Petroleum Corporation,-2.1422278193120823,0.22787692163259887,0.05,,False,0.672331808862907,0.13673556005766807,,,,,,,,,,,,,,
US_OIL_GAS,FANG,MPC,"Diamondback Energy, Inc.",Marathon Petroleum Corporation,-2.140901927973565,0.2283888175692279,0.05,,False,0.5178519405649054,2.397693799183517,,,,,,,,,,,,,,
US_OIL_GAS,OXY,PSX,Occidental Petroleum Corporatio,Phillips 66,-2.139621388807063,0.22888385556152974,0.05,,False,0.7297833900289932,0.3026981597238332,,,,,,,,,,,,,,
US_OIL_GAS,EOG,PSX,"EOG Resources, Inc.",Phillips 66,-2.130152393128282,0.23256425594596597,0.05,,False,0.41066845247472167,2.7679699947068768,,,,,,,,,,,,,,
US_OIL_GAS,CVX,FANG,Chevron Corporation,"Diamondback Energy, Inc.",-2.128427602097298,0.23323839711297728,0.05,,False,0.79990089369027,0.9641679938526,,,,,,,,,,,,,,
US_OIL_GAS,COP,EOG,ConocoPhillips,"EOG Resources, Inc.",-2.0817735427168533,0.251906423690196,0.05,,False,1.3351553404160978,-1.7801483161474696,,,,,,,,,,,,,,
US_OIL_GAS,APA,EOG,APA Corporation,"EOG Resources, Inc.",-2.053829241039768,0.2634805099566442,0.05,,False,4.0923582387987,-16.344935013283767,,,,,,,,,,,,,,
US_OIL_GAS,APA,VLO,APA Corporation,Valero Energy Corporation,-2.0527501604271268,0.2639332216403206,0.05,,False,1.0083174414638718,-1.9232953551965086,,,,,,,,,,,,,,
US_OIL_GAS,EOG,XOM,"EOG Resources, Inc.",ExxonMobil Holdings Corporation,-2.0412630312378583,0.26877874201402613,0.05,,False,0.47580289153035427,2.504247214235941,,,,,,,,,,,,,,
US_OIL_GAS,FANG,PSX,"Diamondback Energy, Inc.",Phillips 66,-2.018669976998646,0.27844743519083326,0.05,,False,0.7826908483261595,1.2559901874975448,,,,,,,,,,,,,,
US_OIL_GAS,COP,PSX,ConocoPhillips,Phillips 66,-2.017409574749359,0.2789921615067583,0.05,,False,0.6431058973639384,1.4539478128774044,,,,,,,,,,,,,,
US_OIL_GAS,COP,MPC,ConocoPhillips,Marathon Petroleum Corporation,-2.005873908008844,0.28400354916740966,0.05,,False,0.4413296523329094,2.3104406147893894,,,,,,,,,,,,,,
US_OIL_GAS,CVX,EOG,Chevron Corporation,"EOG Resources, Inc.",-1.9213156842483805,0.32210093190637934,0.05,,False,1.5884634016645192,-2.5558255541504495,,,,,,,,,,,,,,
US_OIL_GAS,DVN,EOG,Devon Energy Corporation,"EOG Resources, Inc.",-1.7787682221694914,0.39105245651990134,0.05,,False,1.9972787969209607,-5.9198631541726225,,,,,,,,,,,,,,
US_OIL_GAS,EOG,MPC,"EOG Resources, Inc.",Marathon Petroleum Corporation,-1.7493150110841151,0.4058995523133582,0.05,,False,0.27056143861199505,3.3729316098096622,,,,,,,,,,,,,,
US_OIL_GAS,CVX,PSX,Chevron Corporation,Phillips 66,-1.6729832634143933,0.44508329759728715,0.05,,False,0.7252637734945305,1.4858923846965317,,,,,,,,,,,,,,
US_OIL_GAS,CVX,MPC,Chevron Corporation,Marathon Petroleum Corporation,-1.6041282669544834,0.4815193992961113,0.05,,False,0.5544621420086193,2.15928698911113,,,,,,,,,,,,,,
US_OIL_GAS,APA,MPC,APA Corporation,Marathon Petroleum Corporation,-1.5349997326710032,0.5161319371629782,0.05,,False,1.3765519757799765,-3.929836542342318,,,,,,,,,,,,,,
US_OIL_GAS,MPC,XOM,Marathon Petroleum Corporation,ExxonMobil Holdings Corporation,-1.3110943861538726,0.6240814572596471,0.05,,False,1.4543939334181686,-1.7637764090743744,,,,,,,,,,,,,,
US_PAYMENTS,AXP,SYF,American Express Company,Synchrony Financial,-2.866071620847545,0.04943805410542332,0.05,,False,0.6950976472967463,2.82318910906309,,,,,,,,,,,,,,
US_PAYMENTS,MA,SYF,Mastercard Incorporated,Synchrony Financial,-2.5656265512417513,0.10031168118399025,0.05,,False,0.24982312720793803,5.227946115604702,,,,,,,,,,,,,,
US_PAYMENTS,AXP,MA,American Express Company,Mastercard Incorporated,-2.1990149270021098,0.20660317578326876,0.05,,False,2.3529951442075596,-9.033066750242654,,,,,,,,,,,,,,
US_PAYMENTS,SYF,V,Synchrony Financial,Visa Inc.,-1.919678547670416,0.3228610770257904,0.05,,False,2.7655656238672086,-11.803559895219308,,,,,,,,,,,,,,
US_PAYMENTS,MA,V,Mastercard Incorporated,Visa Inc.,-1.9051039933732175,0.3296638539205524,0.05,,False,0.7775951172958226,1.77906532532415,,,,,,,,,,,,,,
US_PAYMENTS,AXP,V,American Express Company,Visa Inc.,-1.6706182155864389,0.4463108691407403,0.05,,False,1.645290884722067,-3.7833199478343627,,,,,,,,,,,,,,
US_PHARMA,MRK,PFE,"Merck & Company, Inc.","Pfizer, Inc.",-3.919645177643523,0.0018949333096170645,0.05,0.0021459416165455414,True,2.676615445209331,-3.9408398632178407,11.399938682861864,2.770358993416089e-05,-0.06080271129896431,34.0,-0.22773591837537974,2.785477770231177,False,,0.4,-0.00017534671622633342,0.032828622924111456,-0.44288413005039495,True,mixed signal
US_PHARMA,BMY,MRK,Bristol-Myers Squibb Company,"Merck & Company, Inc.",-3.8852731842706474,0.0021459416165455414,0.05,0.0021459416165455414,True,0.5436816589394202,1.4191800323536778,25.579106180417558,0.0008704461610527739,-0.027098178320655857,63.0,-1.6117861181699813,2.770111587643065,False,,0.2,-0.001621210094864441,0.060029238074161384,0.026925756566278602,True,mixed signal
US_PHARMA,AMGN,LLY,Amgen Inc.,Eli Lilly and Company,-3.5545686233814178,0.006691392658419613,0.05,0.0021459416165455414,False,0.6982759375154663,0.9818792489897143,,,,,,,,,,,,,,
US_PHARMA,ABBV,LLY,AbbVie Inc.,Eli Lilly and Company,-3.3554415712912107,0.012574959639556169,0.05,0.0021459416165455414,False,0.7130298796594443,0.44622236183799924,,,,,,,,,,,,,,
US_PHARMA,AMGN,JNJ,Amgen Inc.,Johnson & Johnson,-3.297179416314134,0.015005026402437819,0.05,0.0021459416165455414,False,0.4951790985493259,3.1517022935784524,,,,,,,,,,,,,,
US_PHARMA,ABBV,JNJ,AbbVie Inc.,Johnson & Johnson,-3.285346390785077,0.015546333472072162,0.05,0.0021459416165455414,False,0.545454467356248,2.4561930972642685,,,,,,,,,,,,,,
US_PHARMA,BMY,LLY,Bristol-Myers Squibb Company,Eli Lilly and Company,-3.178171307946422,0.021283491615525986,0.05,0.0021459416165455414,False,0.674142029514892,-0.6675888859964627,,,,,,,,,,,,,,
US_PHARMA,JNJ,LLY,Johnson & Johnson,Eli Lilly and Company,-3.114878812702913,0.0254715054145834,0.05,0.0021459416165455414,False,1.5094601680610944,-5.054367828797874,,,,,,,,,,,,,,
US_PHARMA,AMGN,MRK,Amgen Inc.,"Merck & Company, Inc.",-2.9980779204116916,0.03507428862323094,0.05,0.0021459416165455414,False,0.5821623115846796,3.0566745952832397,,,,,,,,,,,,,,
US_PHARMA,AMGN,PFE,Amgen Inc.,"Pfizer, Inc.",-2.9504963783372853,0.03978321326853577,0.05,0.0021459416165455414,False,1.788381818656288,0.03167327479807547,,,,,,,,,,,,,,
US_PHARMA,JNJ,MRK,Johnson & Johnson,"Merck & Company, Inc.",-2.84304458883656,0.052383341321065674,0.05,0.0021459416165455414,False,1.3385047162025305,-0.9341390292331937,,,,,,,,,,,,,,
US_PHARMA,LLY,MRK,Eli Lilly and Company,"Merck & Company, Inc.",-2.835438353942808,0.053387238830666144,0.05,0.0021459416165455414,False,0.8431788762450442,2.9281706085699426,,,,,,,,,,,,,,
US_PHARMA,ABBV,AMGN,AbbVie Inc.,Amgen Inc.,-2.7386503194530785,0.0675855261428327,0.05,0.0021459416165455414,False,1.1267715673766947,-1.1596349137445428,,,,,,,,,,,,,,
US_PHARMA,JNJ,PFE,Johnson & Johnson,"Pfizer, Inc.",-2.685823955777385,0.07652363225016388,0.05,0.0021459416165455414,False,4.910075989771421,-10.423762642867406,,,,,,,,,,,,,,
US_PHARMA,LLY,PFE,Eli Lilly and Company,"Pfizer, Inc.",-2.6835925773643816,0.0769207572084978,0.05,0.0021459416165455414,False,3.127116123344848,-3.15787339871882,,,,,,,,,,,,,,
US_PHARMA,ABBV,MRK,AbbVie Inc.,"Merck & Company, Inc.",-2.5621253676626656,0.10108053283692203,0.05,0.0021459416165455414,False,0.3861764087688416,3.5142101084100776,,,,,,,,,,,,,,
US_PHARMA,GILD,PFE,"Gilead Sciences, Inc.","Pfizer, Inc.",-2.479036447192644,0.12065865496602313,0.05,0.0021459416165455414,False,21.07863052915557,-62.2710651887764,,,,,,,,,,,,,,
US_PHARMA,BMY,PFE,Bristol-Myers Squibb Company,"Pfizer, Inc.",-2.3781586179892686,0.14799610079276992,0.05,0.0021459416165455414,False,3.376562767357623,-6.823990039324812,,,,,,,,,,,,,,
US_PHARMA,BMY,JNJ,Bristol-Myers Squibb Company,Johnson & Johnson,-2.374646449500711,0.14902048293425207,0.05,0.0021459416165455414,False,0.4281732274869573,1.685012632078223,,,,,,,,,,,,,,
US_PHARMA,AMGN,BMY,Amgen Inc.,Bristol-Myers Squibb Company,-2.37231512058471,0.14970318450784192,0.05,0.0021459416165455414,False,0.8014842803576129,2.586549763042408,,,,,,,,,,,,,,
US_PHARMA,ABBV,GILD,AbbVie Inc.,"Gilead Sciences, Inc.",-2.3403976948401524,0.1592696240208808,0.05,0.0021459416165455414,False,0.4771257597604666,3.052111938996707,,,,,,,,,,,,,,
US_PHARMA,ABBV,PFE,AbbVie Inc.,"Pfizer, Inc.",-2.3265288195729243,0.1635545788181184,0.05,0.0021459416165455414,False,3.621270984652235,-6.22385206136641,,,,,,,,,,,,,,
US_PHARMA,GILD,LLY,"Gilead Sciences, Inc.",Eli Lilly and Company,-2.258215284641646,0.18579855943271834,0.05,0.0021459416165455414,False,2.281689531923623,-10.792440301905737,,,,,,,,,,,,,,
US_PHARMA,AMGN,GILD,Amgen Inc.,"Gilead Sciences, Inc.",-2.0932989092688494,0.24721766731749306,0.05,0.0021459416165455414,False,0.3302860255468863,4.17178592882404,,,,,,,,,,,,,,
US_PHARMA,BMY,GILD,Bristol-Myers Squibb Company,"Gilead Sciences, Inc.",-1.9148075636133293,0.3251275492095006,0.05,0.0021459416165455414,False,0.3808814941245089,2.1232460460885365,,,,,,,,,,,,,,
US_PHARMA,ABBV,BMY,AbbVie Inc.,Bristol-Myers Squibb Company,-1.7809647131107953,0.3899522923597724,0.05,0.0021459416165455414,False,0.9200381939294625,1.6887634708710513,,,,,,,,,,,,,,
US_PHARMA,GILD,MRK,"Gilead Sciences, Inc.","Merck & Company, Inc.",-1.7486088685311023,0.4062575885397124,0.05,0.0021459416165455414,False,3.92085277934101,-13.213348306049564,,,,,,,,,,,,,,
US_PHARMA,GILD,JNJ,"Gilead Sciences, Inc.",Johnson & Johnson,-1.311506734702859,0.6238916643519941,0.05,0.0021459416165455414,False,1.0906908701165263,-0.977632908215849,,,,,,,,,,,,,,
US_RAILROADS,CP,UNP,Canadian Pacific Kansas City Li,Union Pacific Corporation,-3.4391173037547085,0.009695486662037253,0.05,,False,0.9200550946876938,-0.6585145265368597,,,,,,,,,,,,,,
US_RAILROADS,CNI,CP,Canadian National Railway Compa,Canadian Pacific Kansas City Li,-3.3143331044584197,0.014249815391900797,0.05,,False,1.198597750361301,-0.5912262114720184,,,,,,,,,,,,,,
US_RAILROADS,CNI,UNP,Canadian National Railway Compa,Union Pacific Corporation,-3.127692261684095,0.024570563465842927,0.05,,False,1.1332428693205436,-1.5464226492951028,,,,,,,,,,,,,,
US_RAILROADS,CSX,UNP,CSX Corporation,Union Pacific Corporation,-2.9790324574808844,0.036899444559680174,0.05,,False,2.2108059192444816,-8.487544899992065,,,,,,,,,,,,,,
US_RAILROADS,CSX,NSC,CSX Corporation,Norfolk Southern Corporation,-2.736108378257157,0.06799563518550716,0.05,,False,1.1928192227138479,-3.0918317372284903,,,,,,,,,,,,,,
US_RAILROADS,CP,CSX,Canadian Pacific Kansas City Li,CSX Corporation,-2.7138211959174168,0.07167698287460313,0.05,,False,0.3499277241811384,3.1088880527500944,,,,,,,,,,,,,,
US_RAILROADS,CNI,CSX,Canadian National Railway Compa,CSX Corporation,-2.3182133374936256,0.16616107384968176,0.05,,False,0.37586111191589416,3.289768013644621,,,,,,,,,,,,,,
US_RAILROADS,CP,NSC,Canadian Pacific Kansas City Li,Norfolk Southern Corporation,-2.1871025837878775,0.21095973128691042,0.05,,False,0.2760453450823912,2.814183207989541,,,,,,,,,,,,,,
US_RAILROADS,CNI,NSC,Canadian National Railway Compa,Norfolk Southern Corporation,-1.5436363759447815,0.5118253200519164,0.05,,False,0.1683402567976845,3.6869674476955128,,,,,,,,,,,,,,
US_RAILROADS,NSC,UNP,Norfolk Southern Corporation,Union Pacific Corporation,-1.337297099201654,0.6119408899059633,0.05,,False,2.2149379533752556,-6.492031695334005,,,,,,,,,,,,,,
US_REIT,AMT,SPG,American Tower Corporation (REI,"Simon Property Group, Inc.",-4.321209876797788,0.00040810816721194824,0.05,0.00040810816721194824,True,-0.6117791229500846,8.366794965257373,11.030828532023353,0.0004444312871784097,-0.06283727269875378,33.0,-1.0555606645872986,2.8402279734896365,False,,0.6,-0.0010862156102084204,0.05150224814955928,-0.2632698895093679,True,reversion signs agree
US_REIT,AMT,WELL,American Tower Corporation (REI,Welltower Inc.,-3.4515341083980053,0.009322616410188325,0.05,0.00040810816721194824,False,-0.24946823801399975,6.49801061296607,,,,,,,,,,,,,,
US_REIT,AMT,DLR,American Tower Corporation (REI,"Digital Realty Trust, Inc.",-3.354077391392955,0.012627610200070572,0.05,0.00040810816721194824,False,-0.7877691180407586,9.24772366324093,,,,,,,,,,,,,,
US_REIT,AMT,PLD,American Tower Corporation (REI,"Prologis, Inc.",-3.3486461088307506,0.012839173858147939,0.05,0.00040810816721194824,False,-0.5383084390261693,7.793854036392485,,,,,,,,,,,,,,
US_REIT,O,PLD,Realty Income Corporation,"Prologis, Inc.",-3.271545523063035,0.01619930045217702,0.05,0.00040810816721194824,False,0.5896282163774159,1.2047037936902032,,,,,,,,,,,,,,
US_REIT,AMT,O,American Tower Corporation (REI,Realty Income Corporation,-3.19159095229207,0.020476616904799343,0.05,0.00040810816721194824,False,-1.4727872477670687,11.136811002040938,,,,,,,,,,,,,,
US_REIT,AMT,EQIX,American Tower Corporation (REI,"Equinix, Inc.",-2.9336203333202455,0.041575773601291284,0.05,0.00040810816721194824,False,-0.4302643607204816,8.138354458551078,,,,,,,,,,,,,,
US_REIT,EQIX,PSA,"Equinix, Inc.",Public Storage,-2.663787993729927,0.08051686015436899,0.05,0.00040810816721194824,False,2.618665868377438,-8.062881166918114,,,,,,,,,,,,,,
US_REIT,DLR,SPG,"Digital Realty Trust, Inc.","Simon Property Group, Inc.",-2.5836806053216237,0.09641728075522299,0.05,0.00040810816721194824,False,0.7111274419094094,1.4533377529564908,,,,,,,,,,,,,,
US_REIT,PSA,WELL,Public Storage,Welltower Inc.,-2.4451274014001605,0.12940236541103878,0.05,0.00040810816721194824,False,-0.044780873007652496,5.881857995142709,,,,,,,,,,,,,,
US_REIT,PLD,SPG,"Prologis, Inc.","Simon Property Group, Inc.",-2.4440611952691347,0.12968453919955725,0.05,0.00040810816721194824,False,0.9845004144923354,-0.2864653113521367,,,,,,,,,,,,,,
US_REIT,DLR,O,"Digital Realty Trust, Inc.",Realty Income Corporation,-2.3865954551118036,0.1455555390757431,0.05,0.00040810816721194824,False,1.5061816622678201,-0.9420075673268853,,,,,,,,,,,,,,
US_REIT,O,SPG,Realty Income Corporation,"Simon Property Group, Inc.",-2.385028739028083,0.14600659745506883,0.05,0.00040810816721194824,False,0.5567256331852621,1.1574204162870494,,,,,,,,,,,,,,
US_REIT,DLR,WELL,"Digital Realty Trust, Inc.",Welltower Inc.,-2.384225500371055,0.14623823076718262,0.05,0.00040810816721194824,False,0.2846040337929564,3.6528022553374404,,,,,,,,,,,,,,
US_REIT,PSA,SPG,Public Storage,"Simon Property Group, Inc.",-2.2980320219581722,0.17260346921597858,0.05,0.00040810816721194824,False,0.1299414277816414,4.990201785936537,,,,,,,,,,,,,,
US_REIT,O,WELL,Realty Income Corporation,Welltower Inc.,-2.252556189964684,0.1877261355909039,0.05,0.00040810816721194824,False,0.28193446485241347,2.580148227134691,,,,,,,,,,,,,,
US_REIT,DLR,PSA,"Digital Realty Trust, Inc.",Public Storage,-2.227620833059334,0.1963738277898982,0.05,0.00040810816721194824,False,3.0657475554834273,-12.24462217952778,,,,,,,,,,,,,,
US_REIT,DLR,PLD,"Digital Realty Trust, Inc.","Prologis, Inc.",-2.2105706713204984,0.20243130732278336,0.05,0.00040810816721194824,False,0.6068935832785258,2.208816000035074,,,,,,,,,,,,,,
US_REIT,SPG,WELL,"Simon Property Group, Inc.",Welltower Inc.,-2.1874653778673903,0.21082621460669576,0.05,0.00040810816721194824,False,0.5069333187869317,2.5529072482447486,,,,,,,,,,,,,,
US_REIT,PLD,PSA,"Prologis, Inc.",Public Storage,-2.1519006897274613,0.22416326269580245,0.05,0.00040810816721194824,False,4.485291704342579,-20.61315835835236,,,,,,,,,,,,,,
US_REIT,EQIX,O,"Equinix, Inc.",Realty Income Corporation,-2.0981632105081607,0.24525382496321657,0.05,0.00040810816721194824,False,2.323434892252975,-2.5632008066610075,,,,,,,,,,,,,,
US_REIT,PLD,WELL,"Prologis, Inc.",Welltower Inc.,-2.0448921015590322,0.26724274658156905,0.05,0.00040810816721194824,False,0.4288146775789617,2.5824121031513316,,,,,,,,,,,,,,
US_REIT,EQIX,SPG,"Equinix, Inc.","Simon Property Group, Inc.",-1.9901736071591107,0.290898181004213,0.05,0.00040810816721194824,False,0.968651128439378,1.7886828872293865,,,,,,,,,,,,,,
US_REIT,DLR,EQIX,"Digital Realty Trust, Inc.","Equinix, Inc.",-1.9784399285613776,0.2961057056268708,0.05,0.00040810816721194824,False,0.7446842312440338,0.06906881055815095,,,,,,,,,,,,,,
US_REIT,EQIX,PLD,"Equinix, Inc.","Prologis, Inc.",-1.8626543545041878,0.34982836814823504,0.05,0.00040810816721194824,False,0.986140202683739,2.0598959485901096,,,,,,,,,,,,,,
US_REIT,O,PSA,Realty Income Corporation,Public Storage,-1.7169467991500984,0.422402805990185,0.05,0.00040810816721194824,False,1.4901847484004187,-4.420573488912991,,,,,,,,,,,,,,
US_REIT,EQIX,WELL,"Equinix, Inc.",Welltower Inc.,-1.5654860173584964,0.5009040223736099,0.05,0.00040810816721194824,False,0.28636087054726306,5.297291767346176,,,,,,,,,,,,,,
US_REIT,AMT,PSA,American Tower Corporation (REI,Public Storage,-1.488108827126526,0.5393853167367646,0.05,0.00040810816721194824,False,2.018727605627971,-6.180779330291203,,,,,,,,,,,,,,
US_RETAIL,BBY,KR,"Best Buy Co., Inc.",Kroger Company (The),-3.893704626986853,0.002081669186984084,0.05,,False,-1.3020219267264244,9.63646827225633,,,,,,,,,,,,,,
US_RETAIL,BBY,COST,"Best Buy Co., Inc.",Costco Wholesale Corporation,-3.4262262621948967,0.01009665642368872,0.05,,False,-3.586793387147339,28.82259356515395,,,,,,,,,,,,,,
US_RETAIL,COST,KR,Costco Wholesale Corporation,Kroger Company (The),-3.365932556304676,0.01217652308168848,0.05,,False,0.4781996273709606,4.873457898837715,,,,,,,,,,,,,,
US_RETAIL,DG,WMT,Dollar General Corporation,Walmart Inc.,-3.1663047506927757,0.022019832365570126,0.05,,False,1.562202771701888,-2.562972313323158,,,,,,,,,,,,,,
US_RETAIL,TJX,WMT,"TJX Companies, Inc. (The)",Walmart Inc.,-3.101970195831052,0.026407728327282068,0.05,,False,0.7236925678619772,1.563187099489216,,,,,,,,,,,,,,
US_RETAIL,DG,TJX,Dollar General Corporation,"TJX Companies, Inc. (The)",-2.9719687845508376,0.03759638500456535,0.05,,False,2.187830440369255,-6.0798166799469175,,,,,,,,,,,,,,
US_RETAIL,DG,DLTR,Dollar General Corporation,"Dollar Tree, Inc.",-2.961502474681341,0.03864936177063179,0.05,,False,1.0165454873037625,-0.0032924459110317272,,,,,,,,,,,,,,
US_RETAIL,DLTR,WMT,"Dollar Tree, Inc.",Walmart Inc.,-2.9440986748967375,0.04045501081806848,0.05,,False,1.470757576736865,-2.215170033636629,,,,,,,,,,,,,,
US_RETAIL,BBY,WMT,"Best Buy Co., Inc.",Walmart Inc.,-2.8729621029796926,0.04858368912719428,0.05,,False,-0.5613673494552529,6.835551095754704,,,,,,,,,,,,,,
US_RETAIL,DLTR,TJX,"Dollar Tree, Inc.","TJX Companies, Inc. (The)",-2.86592979753657,0.049455768130750734,0.05,,False,2.0551282903053907,-5.503518633737289,,,,,,,,,,,,,,
US_RETAIL,BBY,DLTR,"Best Buy Co., Inc.","Dollar Tree, Inc.",-2.8477962758002646,0.05176407985323223,0.05,,False,-0.3333145274631287,5.770849326206446,,,,,,,,,,,,,,
US_RETAIL,BBY,DG,"Best Buy Co., Inc.",Dollar General Corporation,-2.8391581364310374,0.05289434054136272,0.05,,False,-0.37409670886514257,5.98247817572097,,,,,,,,,,,,,,
US_RETAIL,DLTR,KR,"Dollar Tree, Inc.",Kroger Company (The),-2.7845563531766095,0.06051387050627217,0.05,,False,4.863856212077163,-15.551347997975796,,,,,,,,,,,,,,
US_RETAIL,DG,KR,Dollar General Corporation,Kroger Company (The),-2.7693910154494628,0.06278081096559955,0.05,,False,5.572854015606128,-18.40713603582443,,,,,,,,,,,,,,
US_RETAIL,COST,TGT,Costco Wholesale Corporation,Target Corporation,-2.730446327439566,0.06891627328231226,0.05,,False,-0.07570220453637985,7.204175062899218,,,,,,,,,,,,,,
US_RETAIL,COST,WMT,Costco Wholesale Corporation,Walmart Inc.,-2.6420602221709926,0.08461206221559658,0.05,,False,0.2334848649641886,5.776889142857605,,,,,,,,,,,,,,
US_RETAIL,COST,DG,Costco Wholesale Corporation,Dollar General Corporation,-2.636800739042858,0.08562729830181637,0.05,,False,0.0064902776989819305,6.818082161870307,,,,,,,,,,,,,,
US_RETAIL,COST,DLTR,Costco Wholesale Corporation,"Dollar Tree, Inc.",-2.634152618868244,0.08614202940651228,0.05,,False,0.015720571618580984,6.776718803894311,,,,,,,,,,,,,,
US_RETAIL,COST,ROST,Costco Wholesale Corporation,"Ross Stores, Inc.",-2.5812920887727033,0.09692578426184117,0.05,,False,0.09927654297270372,6.344368666450033,,,,,,,,,,,,,,
US_RETAIL,COST,TJX,Costco Wholesale Corporation,"TJX Companies, Inc. (The)",-2.4912604215122474,0.11761526553802781,0.05,,False,0.22698010315340364,5.739615966958111,,,,,,,,,,,,,,
US_RETAIL,KR,TGT,Kroger Company (The),Target Corporation,-2.3828190105049454,0.1466444475958295,0.05,,False,-0.4554005248938727,6.271913426026893,,,,,,,,,,,,,,
US_RETAIL,KR,ROST,Kroger Company (The),"Ross Stores, Inc.",-2.313438774683265,0.16767032461542508,0.05,,False,0.16035027835296028,3.3156380791089886,,,,,,,,,,,,,,
US_RETAIL,ROST,WMT,"Ross Stores, Inc.",Walmart Inc.,-2.3118681213525982,0.16816883160659835,0.05,,False,1.0820235195091732,0.1090141002594196,,,,,,,,,,,,,,
US_RETAIL,BBY,TGT,"Best Buy Co., Inc.",Target Corporation,-2.2734392248325204,0.18067747439726123,0.05,,False,0.5216480712974357,1.8057697365299212,,,,,,,,,,,,,,
US_RETAIL,KR,WMT,Kroger Company (The),Walmart Inc.,-2.230381319661723,0.19540411421060871,0.05,,False,0.4704217608005589,1.9710557626359084,,,,,,,,,,,,,,
US_RETAIL,KR,TJX,Kroger Company (The),"TJX Companies, Inc. (The)",-2.101997012412625,0.2437123513849515,0.05,,False,0.6481122751128862,0.9643009515685752,,,,,,,,,,,,,,
US_RETAIL,BBY,TJX,"Best Buy Co., Inc.","TJX Companies, Inc. (The)",-2.0702602700905453,0.2566399781503914,0.05,,False,-0.9099059731326864,8.703447211899395,,,,,,,,,,,,,,
US_RETAIL,BBY,ROST,"Best Buy Co., Inc.","Ross Stores, Inc.",-2.040668111035874,0.2690309947215206,0.05,,False,-0.3270460257265575,5.9193535854588255,,,,,,,,,,,,,,
US_RETAIL,DG,ROST,Dollar General Corporation,"Ross Stores, Inc.",-1.92731989734995,0.31932010385834436,0.05,,False,1.3632852523481782,-2.3120520071762787,,,,,,,,,,,,,,
US_RETAIL,DG,TGT,Dollar General Corporation,Target Corporation,-1.8294826751077407,0.36592568979187456,0.05,,False,-2.501387069389329,16.373601788288212,,,,,,,,,,,,,,
US_RETAIL,ROST,TJX,"Ross Stores, Inc.","TJX Companies, Inc. (The)",-1.7763105855110601,0.39228462377886,0.05,,False,1.5155016173685023,-2.327586863362167,,,,,,,,,,,,,,
US_RETAIL,DLTR,ROST,"Dollar Tree, Inc.","Ross Stores, Inc.",-1.7625995479718575,0.39918160860417,0.05,,False,1.3321175856121452,-2.225636990394043,,,,,,,,,,,,,,
US_RETAIL,ROST,TGT,"Ross Stores, Inc.",Target Corporation,-1.6384260455613777,0.4630833476908889,0.05,,False,1.3286506303173107,-1.179346870234876,,,,,,,,,,,,,,
US_RETAIL,DLTR,TGT,"Dollar Tree, Inc.",Target Corporation,-1.563274631966591,0.5020108948047136,0.05,,False,-2.0191553687000647,14.032779833263046,,,,,,,,,,,,,,
US_RETAIL,TGT,WMT,Target Corporation,Walmart Inc.,-1.3475063638916127,0.60716779555208,0.05,,False,-1.0065318470954605,9.32277341320718,,,,,,,,,,,,,,
US_RETAIL,TGT,TJX,Target Corporation,"TJX Companies, Inc. (The)",-1.2222080885903572,0.663970144745422,0.05,,False,-2.703737249500873,17.90783034187961,,,,,,,,,,,,,,
US_SEMICONDUCTORS,AVGO,NVDA,Broadcom Inc.,NVIDIA Corporation,-3.6527467009586854,0.004829101171242994,0.05,,False,1.5962820470285184,-2.4957683906098245,,,,,,,,,,,,,,
US_SEMICONDUCTORS,ADI,MU,"Analog Devices, Inc.","Micron Technology, Inc.",-3.5482487237418314,0.006831057308903151,0.05,,False,0.2920573848878551,4.013806023943113,,,,,,,,,,,,,,
US_SEMICONDUCTORS,MRVL,QCOM,"Marvell Technology, Inc.",QUALCOMM Incorporated,-3.529667425939174,0.007257071293703129,0.05,,False,4.8894660200997455,-20.275014534710216,,,,,,,,,,,,,,
US_SEMICONDUCTORS,NVDA,QCOM,NVIDIA Corporation,QUALCOMM Incorporated,-3.4800489047553627,0.008514510189105066,0.05,,False,3.8749476921952395,-14.593607509599217,,,,,,,,,,,,,,
US_SEMICONDUCTORS,INTC,MU,Intel Corporation,"Micron Technology, Inc.",-3.4581449826746287,0.009129379162055504,0.05,,False,0.7039000299548291,-0.1652093789209128,,,,,,,,,,,,,,
US_SEMICONDUCTORS,ADI,INTC,"Analog Devices, Inc.",Intel Corporation,-3.3471907570590265,0.012896394835951668,0.05,,False,0.4044381187146609,4.118707498048758,,,,,,,,,,,,,,
US_SEMICONDUCTORS,AMD,QCOM,"Advanced Micro Devices, Inc.",QUALCOMM Incorporated,-3.1239511089229492,0.0248307297559933,0.05,,False,5.736955495405485,-23.89744184994767,,,,,,,,,,,,,,
US_SEMICONDUCTORS,QCOM,TXN,QUALCOMM Incorporated,Texas Instruments Incorporated,-3.0808374336015567,0.02800419072429587,0.05,,False,0.5579546708848511,2.1272530085125205,,,,,,,,,,,,,,
US_SEMICONDUCTORS,AVGO,QCOM,Broadcom Inc.,QUALCOMM Incorporated,-3.052878466438058,0.03024268564633527,0.05,,False,9.174759210641808,-40.93622690472738,,,,,,,,,,,,,,
US_SEMICONDUCTORS,INTC,QCOM,Intel Corporation,QUALCOMM Incorporated,-3.0378467112562335,0.03150798984294993,0.05,,False,8.375384738370979,-38.96310814046439,,,,,,,,,,,,,,
US_SEMICONDUCTORS,ON,QCOM,ON Semiconductor Corporation,QUALCOMM Incorporated,-3.02603825373829,0.03253327232455086,0.05,,False,3.3302240947538633,-12.76254674015188,,,,,,,,,,,,,,
US_SEMICONDUCTORS,MU,QCOM,"Micron Technology, Inc.",QUALCOMM Incorporated,-3.0207678265407294,0.03299993866583961,0.05,,False,14.708003688380172,-69.35252768371095,,,,,,,,,,,,,,
US_SEMICONDUCTORS,ADI,QCOM,"Analog Devices, Inc.",QUALCOMM Incorporated,-2.9943418965632693,0.03542618515058674,0.05,,False,3.7048078990666027,-13.247977072200406,,,,,,,,,,,,,,
US_SEMICONDUCTORS,MPWR,QCOM,"Monolithic Power Systems, Inc.",QUALCOMM Incorporated,-2.9624331142528955,0.03855474223251451,0.05,,False,4.7756765819727995,-17.437954082963728,,,,,,,,,,,,,,
US_SEMICONDUCTORS,AMD,INTC,"Advanced Micro Devices, Inc.",Intel Corporation,-2.552010103376345,0.10332688052182581,0.05,,False,0.7987683466109576,2.3965234765850645,,,,,,,,,,,,,,
US_SEMICONDUCTORS,AVGO,SWKS,Broadcom Inc.,"Skyworks Solutions, Inc.",-2.530379472980965,0.1082565367821216,0.05,,False,-2.9123717988310127,17.982694969728943,,,,,,,,,,,,,,
US_SEMICONDUCTORS,INTC,MPWR,Intel Corporation,"Monolithic Power Systems, Inc.",-2.527997877268726,0.10880988880001063,0.05,,False,1.9394832810792182,-9.636244879806558,,,,,,,,,,,,,,
US_SEMICONDUCTORS,NVDA,SWKS,NVIDIA Corporation,"Skyworks Solutions, Inc.",-2.48006074048775,0.12040144143381343,0.05,,False,-1.6435635542475833,12.056405609907507,,,,,,,,,,,,,,
US_SEMICONDUCTORS,INTC,SWKS,Intel Corporation,"Skyworks Solutions, Inc.",-2.4799962881461046,0.12041761439577114,0.05,,False,-9.089810647101634,42.282304864775405,,,,,,,,,,,,,,
US_SEMICONDUCTORS,ADI,SWKS,"Analog Devices, Inc.","Skyworks Solutions, Inc.",-2.479061344286964,0.12065239820298695,0.05,,False,-2.043281212859233,14.246746825638388,,,,,,,,,,,,,,
US_SEMICONDUCTORS,MRVL,TXN,"Marvell Technology, Inc.",Texas Instruments Incorporated,-2.4538795262255535,0.12710285925256065,0.05,,False,2.5989721907692886,-9.193656180473003,,,,,,,,,,,,,,
US_SEMICONDUCTORS,MU,SWKS,"Micron Technology, Inc.","Skyworks Solutions, Inc.",-2.441591932324359,0.13033974132336756,0.05,,False,-10.565271613238417,50.27685024837919,,,,,,,,,,,,,,
US_SEMICONDUCTORS,AMD,TXN,"Advanced Micro Devices, Inc.",Texas Instruments Incorporated,-2.3271325175335282,0.16336643932299227,0.05,,False,3.1591476333424873,-11.473219187156964,,,,,,,,,,,,,,
US_SEMICONDUCTORS,ADI,AMD,"Analog Devices, Inc.","Advanced Micro Devices, Inc.",-2.320137773558147,0.16555536694136908,0.05,,False,0.4886891226913145,2.9964478388720877,,,,,,,,,,,,,,
US_SEMICONDUCTORS,INTC,MRVL,Intel Corporation,"Marvell Technology, Inc.",-2.302044529876835,0.17130941782842862,0.05,,False,1.5781121175055663,-3.626745127425435,,,,,,,,,,,,,,
US_SEMICONDUCTORS,AMD,SWKS,"Advanced Micro Devices, Inc.","Skyworks Solutions, Inc.",-2.2703948742247277,0.18169402655859235,0.05,,False,-14.812862070744146,68.41679758600708,,,,,,,,,,,,,,
US_SEMICONDUCTORS,MPWR,SWKS,"Monolithic Power Systems, Inc.","Skyworks Solutions, Inc.",-2.2648614439635497,0.18355134285286095,0.05,,False,-7.568371511507645,39.07338692246203,,,,,,,,,,,,,,
US_SEMICONDUCTORS,MRVL,ON,"Marvell Technology, Inc.",ON Semiconductor Corporation,-2.262855615385787,0.184227672434902,0.05,,False,1.5031264868205885,-1.6804318959212416,,,,,,,,,,,,,,
US_SEMICONDUCTORS,ADI,MPWR,"Analog Devices, Inc.","Monolithic Power Systems, Inc.",-2.2190670514910287,0.19939813768738213,0.05,,False,0.7477192853556885,0.4693327595981609,,,,,,,,,,,,,,
US_SEMICONDUCTORS,ADI,NVDA,"Analog Devices, Inc.",NVIDIA Corporation,-2.175119669434828,0.2153991699994547,0.05,,False,1.0702619766305093,0.1295932691743884,,,,,,,,,,,,,,
US_SEMICONDUCTORS,AVGO,INTC,Broadcom Inc.,Intel Corporation,-2.1550859933227033,0.22294837632719267,0.05,,False,0.5319857630927761,3.701145076738346,,,,,,,,,,,,,,
US_SEMICONDUCTORS,AMD,MU,"Advanced Micro Devices, Inc.","Micron Technology, Inc.",-2.1524233398683705,0.22396364864762824,0.05,,False,0.5562182125130746,2.295730268377261,,,,,,,,,,,,,,
US_SEMICONDUCTORS,AMD,NVDA,"Advanced Micro Devices, Inc.",NVIDIA Corporation,-2.1433366903611004,0.22744933954740237,0.05,,False,2.289779422924078,-6.368838155216976,,,,,,,,,,,,,,
US_SEMICONDUCTORS,MRVL,SWKS,"Marvell Technology, Inc.","Skyworks Solutions, Inc.",-2.1302605970376467,0.23252200249700383,0.05,,False,-33.972544470273675,149.55367271544074,,,,,,,,,,,,,,
US_SEMICONDUCTORS,ON,TXN,ON Semiconductor Corporation,Texas Instruments Incorporated,-2.1153364984601746,0.23839260295222792,0.05,,False,1.7386751983255178,-5.049132286502746,,,,,,,,,,,,,,
US_SEMICONDUCTORS,MU,TXN,"Micron Technology, Inc.",Texas Instruments Incorporated,-2.0886561970023543,0.2491003987940767,0.05,,False,5.897871249514076,-25.90392076923534,,,,,,,,,,,,,,
US_SEMICONDUCTORS,INTC,NVDA,Intel Corporation,NVIDIA Corporation,-2.0882716784125637,0.24925669510105236,0.05,,False,3.091389096517261,-12.106051561994498,,,,,,,,,,,,,,
US_SEMICONDUCTORS,MPWR,NVDA,"Monolithic Power Systems, Inc.",NVIDIA Corporation,-2.0541472413531827,0.2633471790142605,0.05,,False,1.509576813132239,-0.8484349040824215,,,,,,,,,,,,,,
US_SEMICONDUCTORS,INTC,TXN,Intel Corporation,Texas Instruments Incorporated,-2.0252786585183835,0.27560044250381627,0.05,,False,3.917043129763684,-17.163836292929886,,,,,,,,,,,,,,
US_SEMICONDUCTORS,MU,NVDA,"Micron Technology, Inc.",NVIDIA Corporation,-2.000462974978443,0.2863701376776705,0.05,,False,4.133039452038576,-15.660009083827372,,,,,,,,,,,,,,
US_SEMICONDUCTORS,AMD,MPWR,"Advanced Micro Devices, Inc.","Monolithic Power Systems, Inc.",-1.9857361231201631,0.29286211924550715,0.05,,False,1.5159168796391844,-5.075695454088156,,,,,,,,,,,,,,
US_SEMICONDUCTORS,MU,ON,"Micron Technology, Inc.",ON Semiconductor Corporation,-1.9772449500738372,0.296638645155276,0.05,,False,3.994470148104735,-11.251875579192976,,,,,,,,,,,,,,
US_SEMICONDUCTORS,MPWR,MU,"Monolithic Power Systems, Inc.","Micron Technology, Inc.",-1.956814678655787,0.30582325383390974,0.05,,False,0.36294025916132366,4.883233688701616,,,,,,,,,,,,,,
US_SEMICONDUCTORS,INTC,ON,Intel Corporation,ON Semiconductor Corporation,-1.9397534284599705,0.3135970179975901,0.05,,False,2.5060111386229007,-6.829012324127306,,,,,,,,,,,,,,
US_SEMICONDUCTORS,QCOM,SWKS,QUALCOMM Incorporated,"Skyworks Solutions, Inc.",-1.9104117050197709,0.3271790800686239,0.05,,False,0.43434324023539816,3.2119065123574417,,,,,,,,,,,,,,
US_SEMICONDUCTORS,AMD,ON,"Advanced Micro Devices, Inc.",ON Semiconductor Corporation,-1.8998635241676756,0.3321253159837534,0.05,,False,1.8364258121283115,-2.37891739478275,,,,,,,,,,,,,,
US_SEMICONDUCTORS,AMD,MRVL,"Advanced Micro Devices, Inc.","Marvell Technology, Inc.",-1.8679480200287235,0.3472862873118998,0.05,,False,1.217170944855545,-0.3053342315185139,,,,,,,,,,,,,,
US_SEMICONDUCTORS,AVGO,MPWR,Broadcom Inc.,"Monolithic Power Systems, Inc.",-1.8369742270157947,0.3622655897513199,0.05,,False,1.1806583010618947,-2.431316989155432,,,,,,,,,,,,,,
US_SEMICONDUCTORS,NVDA,ON,NVIDIA Corporation,ON Semiconductor Corporation,-1.783636736906798,0.3886153255677455,0.05,,False,0.5623820600809246,2.7273460823289555,,,,,,,,,,,,,,
US_SEMICONDUCTORS,MPWR,ON,"Monolithic Power Systems, Inc.",ON Semiconductor Corporation,-1.7308014040082658,0.41531659310996843,0.05,,False,1.1103407652632482,2.1944412785386103,,,,,,,,,,,,,,
US_SEMICONDUCTORS,AVGO,MU,Broadcom Inc.,"Micron Technology, Inc.",-1.7113916573110286,0.42525291626193695,0.05,,False,0.3790520402822705,3.589562298749584,,,,,,,,,,,,,,
US_SEMICONDUCTORS,MRVL,MU,"Marvell Technology, Inc.","Micron Technology, Inc.",-1.6858818565404334,0.4384008552977624,0.05,,False,0.4082809855734423,2.388493087232238,,,,,,,,,,,,,,
US_SEMICONDUCTORS,NVDA,TXN,NVIDIA Corporation,Texas Instruments Incorporated,-1.6267101128052013,0.46921323578898955,0.05,,False,1.5565804857066323,-3.161120980429631,,,,,,,,,,,,,,
US_SEMICONDUCTORS,ADI,AVGO,"Analog Devices, Inc.",Broadcom Inc.,-1.6185759126378754,0.4734759710545483,0.05,,False,0.6098273198701091,2.139355207314312,,,,,,,,,,,,,,
US_SEMICONDUCTORS,AVGO,ON,Broadcom Inc.,ON Semiconductor Corporation,-1.6116981609429033,0.47708422805857365,0.05,,False,2.086838579536248,-3.029352477360116,,,,,,,,,,,,,,
US_SEMICONDUCTORS,ADI,MRVL,"Analog Devices, Inc.","Marvell Technology, Inc.",-1.5987372100722923,0.48422778474012385,0.05,,False,0.5210947585784252,3.178792178099561,,,,,,,,,,,,,,
US_SEMICONDUCTORS,AMD,AVGO,"Advanced Micro Devices, Inc.",Broadcom Inc.,-1.5952362095596255,0.485986067660165,0.05,,False,1.4235934122547167,-2.728594249641212,,,,,,,,,,,,,,
US_SEMICONDUCTORS,MRVL,NVDA,"Marvell Technology, Inc.",NVIDIA Corporation,-1.4983819571449781,0.5343116091818609,0.05,,False,2.389426652307161,-7.542283428428735,,,,,,,,,,,,,,
US_SEMICONDUCTORS,ADI,ON,"Analog Devices, Inc.",ON Semiconductor Corporation,-1.4933836850808415,0.5367817593091958,0.05,,False,0.764164339786299,2.381656415285094,,,,,,,,,,,,,,
US_SEMICONDUCTORS,MPWR,TXN,"Monolithic Power Systems, Inc.",Texas Instruments Incorporated,-1.427609372868048,0.5689706237329111,0.05,,False,2.095178400999847,-4.279200330469063,,,,,,,,,,,,,,
US_SEMICONDUCTORS,ADI,TXN,"Analog Devices, Inc.",Texas Instruments Incorporated,-1.3775251896573169,0.5930021476567223,0.05,,False,1.4247561329251848,-1.9830688404633001,,,,,,,,,,,,,,
US_SEMICONDUCTORS,MPWR,MRVL,"Monolithic Power Systems, Inc.","Marvell Technology, Inc.",-1.3715319692919545,0.5958454232071365,0.05,,False,0.6956346998385474,3.629377577306614,,,,,,,,,,,,,,
US_SEMICONDUCTORS,ON,SWKS,ON Semiconductor Corporation,"Skyworks Solutions, Inc.",-1.3385089902544314,0.6113755261319694,0.05,,False,3.04237905236067,-8.880450065464583,,,,,,,,,,,,,,
US_SEMICONDUCTORS,AVGO,MRVL,Broadcom Inc.,"Marvell Technology, Inc.",-1.1496771568294222,0.6948604323967701,0.05,,False,0.815448393284861,1.8800852731117188,,,,,,,,,,,,,,
US_SEMICONDUCTORS,AVGO,TXN,Broadcom Inc.,Texas Instruments Incorporated,-1.0585555475477646,0.7313134733679137,0.05,,False,3.6308929548666713,-13.579554161872661,,,,,,,,,,,,,,
US_SEMICONDUCTORS,SWKS,TXN,"Skyworks Solutions, Inc.",Texas Instruments Incorporated,-0.17893430638134025,0.9409864519837774,0.05,,False,3.191423264281011,-12.542102918545929,,,,,,,,,,,,,,
US_STAPLES,CLX,PG,Clorox Company (The),Procter & Gamble Company (The),-4.440813537626393,0.0002511712257850276,0.05,0.002400040807089338,True,3.453958483227389,-12.586599456828372,9.022656885232927,-8.461601644290645e-05,-0.07682295684926195,27.0,-1.6492153607838715,2.2590465135229536,False,,0.0,-0.023681166534797727,0.1355227904952463,0.7252161652087219,False,still diverging
US_STAPLES,GIS,PG,"General Mills, Inc.",Procter & Gamble Company (The),-3.8712448785893057,0.00225696157391208,0.05,0.002400040807089338,True,4.519670360998891,-18.861382971638744,11.872869242676671,-0.00031956824425493697,-0.0583807642779766,36.0,-1.9563918855574904,2.5986444196346996,False,,0.2,-0.018290686839801836,0.16630461096494997,0.47210438320154435,False,still diverging
US_STAPLES,KHC,PG,The Kraft Heinz Company,Procter & Gamble Company (The),-3.854077954990971,0.002400040807089338,0.05,0.002400040807089338,True,2.4450305076718917,-9.067398237911572,11.948292006744854,3.595694483619829e-05,-0.05801223975516009,36.0,-2.1428517466490407,2.807736487282358,True,2026-10-06 00:00:00,0.2,-0.004719291478002658,0.20906694850400376,0.32123427812129046,True,mixed signal
US_STAPLES,KMB,PG,Kimberly-Clark Corporation,Procter & Gamble Company (The),-3.687595740902121,0.004291053083167922,0.05,0.002400040807089338,False,2.5517520573649195,-8.095624911499714,,,,,,,,,,,,,,
US_STAPLES,KO,PG,Coca-Cola Company (The),Procter & Gamble Company (The),-3.5702451609948707,0.006356028561409418,0.05,0.002400040807089338,False,-2.4678748968760718,16.642451233300005,,,,,,,,,,,,,,
US_STAPLES,CLX,KO,Clorox Company (The),Coca-Cola Company (The),-3.1945654337666305,0.020301416226983483,0.05,0.002400040807089338,False,-2.3626472104176965,14.772414520181375,,,,,,,,,,,,,,
US_STAPLES,HSY,KMB,The Hershey Company,Kimberly-Clark Corporation,-3.083332361289769,0.027811510797376225,0.05,0.002400040807089338,False,-0.6733815191439882,8.364965289886985,,,,,,,,,,,,,,
US_STAPLES,HSY,PG,The Hershey Company,Procter & Gamble Company (The),-3.0677915618036002,0.029030410189126967,0.05,0.002400040807089338,False,-4.249835968135977,26.55654893473155,,,,,,,,,,,,,,
US_STAPLES,CHD,PG,"Church & Dwight Company, Inc.",Procter & Gamble Company (The),-3.0222785667552277,0.0328655946886601,0.05,0.002400040807089338,False,1.4588543498709934,-2.7758559535422007,,,,,,,,,,,,,,
US_STAPLES,GIS,KO,"General Mills, Inc.",Coca-Cola Company (The),-2.8991811490732053,0.04544330158783908,0.05,0.002400040807089338,False,-2.7987481150772515,15.702422988558048,,,,,,,,,,,,,,
US_STAPLES,KHC,KMB,The Kraft Heinz Company,Kimberly-Clark Corporation,-2.70156393049064,0.07376803153468883,0.05,0.002400040807089338,False,0.9216180901451725,-1.1368364023944153,,,,,,,,,,,,,,
US_STAPLES,CLX,GIS,Clorox Company (The),"General Mills, Inc.",-2.668122489176966,0.07971876455377308,0.05,0.002400040807089338,False,0.814929969271236,1.6303562865664238,,,,,,,,,,,,,,
US_STAPLES,HSY,KHC,The Hershey Company,The Kraft Heinz Company,-2.6614585822132093,0.08094834168210674,0.05,0.002400040807089338,False,-0.6486014905229452,7.268705187212611,,,,,,,,,,,,,,
US_STAPLES,KMB,MDLZ,Kimberly-Clark Corporation,"Mondelez International, Inc.",-2.5845483852385165,0.09623303942647088,0.05,0.002400040807089338,False,2.077999115497598,-3.766015822871571,,,,,,,,,,,,,,
US_STAPLES,MDLZ,PG,"Mondelez International, Inc.",Procter & Gamble Company (The),-2.566668246253395,0.10008378520234995,0.05,0.002400040807089338,False,1.6379779822130172,-4.146868143582599,,,,,,,,,,,,,,
US_STAPLES,CHD,HSY,"Church & Dwight Company, Inc.",The Hershey Company,-2.5590234504387506,0.10176542648610332,0.05,0.002400040807089338,False,-0.32041661913027863,6.222149589731783,,,,,,,,,,,,,,
US_STAPLES,CLX,HSY,Clorox Company (The),The Hershey Company,-2.492672583349399,0.11726735904125535,0.05,0.002400040807089338,False,-3.0209728284067654,20.41087408266752,,,,,,,,,,,,,,
US_STAPLES,GIS,HSY,"General Mills, Inc.",The Hershey Company,-2.4544401285245026,0.12695658507566804,0.05,0.002400040807089338,False,-4.223765716630625,25.716505342020767,,,,,,,,,,,,,,
US_STAPLES,CHD,KHC,"Church & Dwight Company, Inc.",The Kraft Heinz Company,-2.3359304617327066,0.16064133753743481,0.05,0.002400040807089338,False,0.4819340095724006,3.005725168787367,,,,,,,,,,,,,,
US_STAPLES,HSY,MDLZ,The Hershey Company,"Mondelez International, Inc.",-2.333233617271936,0.16147333853420198,0.05,0.002400040807089338,False,-8.51054790233409,40.03139127754429,,,,,,,,,,,,,,
US_STAPLES,KO,MDLZ,Coca-Cola Company (The),"Mondelez International, Inc.",-2.331573184667631,0.16198706002187718,0.05,0.002400040807089338,False,-5.223637819538982,25.620705408608515,,,,,,,,,,,,,,
US_STAPLES,KHC,KO,The Kraft Heinz Company,Coca-Cola Company (The),-2.324329048277451,0.1642413749848886,0.05,0.002400040807089338,False,-1.5428371989631349,9.752313322108513,,,,,,,,,,,,,,
US_STAPLES,KMB,KO,Kimberly-Clark Corporation,Coca-Cola Company (The),-2.3217866637153235,0.16503758019837594,0.05,0.002400040807089338,False,-1.6968338754248071,11.911449523656263,,,,,,,,,,,,,,
US_STAPLES,HSY,PEP,The Hershey Company,"Pepsico, Inc.",-2.3042268741697636,0.1706083443616307,0.05,0.002400040807089338,False,1.4872583805965172,-2.2183288718448635,,,,,,,,,,,,,,
US_STAPLES,KHC,MDLZ,The Kraft Heinz Company,"Mondelez International, Inc.",-2.298131806684228,0.17257120900653172,0.05,0.002400040807089338,False,1.9391424403349151,-4.706063402594192,,,,,,,,,,,,,,
US_STAPLES,CLX,KHC,Clorox Company (The),The Kraft Heinz Company,-2.2972305412334895,0.17286273292348242,0.05,0.002400040807089338,False,1.5892040773476463,-0.34918689496139166,,,,,,,,,,,,,,
US_STAPLES,CHD,KO,"Church & Dwight Company, Inc.",Coca-Cola Company (The),-2.2925849929367157,0.17437061260507825,0.05,0.002400040807089338,False,-0.5019907266780983,6.6856877719256556,,,,,,,,,,,,,,
US_STAPLES,PEP,PG,"Pepsico, Inc.",Procter & Gamble Company (The),-2.241561765141537,0.19150807130214276,0.05,0.002400040807089338,False,3.966756674513954,-14.99599109447314,,,,,,,,,,,,,,
US_STAPLES,CHD,CL,"Church & Dwight Company, Inc.",Colgate-Palmolive Company,-2.241139407383213,0.19165433207265098,0.05,0.002400040807089338,False,0.9689297308120313,0.2379568981465532,,,,,,,,,,,,,,
US_STAPLES,CLX,MDLZ,Clorox Company (The),"Mondelez International, Inc.",-2.1397216943977346,0.22884505576842462,0.05,0.002400040807089338,False,4.425264591050942,-13.331867268157167,,,,,,,,,,,,,,
US_STAPLES,GIS,MDLZ,"General Mills, Inc.","Mondelez International, Inc.",-2.1296489003887302,0.23276092877478238,0.05,0.002400040807089338,False,5.183298449842424,-17.348570310657255,,,,,,,,,,,,,,
US_STAPLES,CHD,GIS,"Church & Dwight Company, Inc.","General Mills, Inc.",-2.122323122641606,0.23563360972003028,0.05,0.002400040807089338,False,0.1888014145177153,3.8325980533798822,,,,,,,,,,,,,,
US_STAPLES,CL,MDLZ,Colgate-Palmolive Company,"Mondelez International, Inc.",-2.1184154183429387,0.23717443102354735,0.05,0.002400040807089338,False,1.0475984940241356,0.1754036028796122,,,,,,,,,,,,,,
US_STAPLES,CHD,MDLZ,"Church & Dwight Company, Inc.","Mondelez International, Inc.",-2.112520497911626,0.23950994149573135,0.05,0.002400040807089338,False,1.0201890506647877,0.38685637996267275,,,,,,,,,,,,,,
US_STAPLES,CLX,KMB,Clorox Company (The),Kimberly-Clark Corporation,-2.091576007795644,0.24791539521110062,0.05,0.002400040807089338,False,1.48356261234746,-2.2456673831901623,,,,,,,,,,,,,,
US_STAPLES,KMB,PEP,Kimberly-Clark Corporation,"Pepsico, Inc.",-2.0692261267626,0.25706757054818563,0.05,0.002400040807089338,False,-9.687153242264838,52.86257388209904,,,,,,,,,,,,,,
US_STAPLES,CHD,KMB,"Church & Dwight Company, Inc.",Kimberly-Clark Corporation,-2.0556674594674367,0.26271029429562903,0.05,0.002400040807089338,False,0.4176355639030624,2.5837328357285827,,,,,,,,,,,,,,
US_STAPLES,CHD,CLX,"Church & Dwight Company, Inc.",Clorox Company (The),-2.0475283458565965,0.26612995434499853,0.05,0.002400040807089338,False,0.33074978837391794,2.9797603814676563,,,,,,,,,,,,,,
US_STAPLES,GIS,KHC,"General Mills, Inc.",The Kraft Heinz Company,-2.043608195895686,0.26778561192597905,0.05,0.002400040807089338,False,1.8796801177166758,-2.2010817650731678,,,,,,,,,,,,,,
US_STAPLES,CL,KO,Colgate-Palmolive Company,Coca-Cola Company (The),-1.9986305870020116,0.28717386166619585,0.05,0.002400040807089338,False,0.16300176133058203,3.7784656958279155,,,,,,,,,,,,,,
US_STAPLES,GIS,KMB,"General Mills, Inc.",Kimberly-Clark Corporation,-1.9380168439699537,0.3143934569603827,0.05,0.002400040807089338,False,1.8227375083670427,-4.766987089620515,,,,,,,,,,,,,,
US_STAPLES,CL,PG,Colgate-Palmolive Company,Procter & Gamble Company (The),-1.932266039772182,0.3170376569167331,0.05,0.002400040807089338,False,1.597559307920383,-3.573072676639141,,,,,,,,,,,,,,
US_STAPLES,CLX,PEP,Clorox Company (The),"Pepsico, Inc.",-1.9130286238780256,0.32595707561982556,0.05,0.002400040807089338,False,10.925054934322802,-49.46927525185536,,,,,,,,,,,,,,
US_STAPLES,GIS,PEP,"General Mills, Inc.","Pepsico, Inc.",-1.888804473825898,0.3373460295960099,0.05,0.002400040807089338,False,12.625591879147194,-58.82738536430592,,,,,,,,,,,,,,
US_STAPLES,CL,KHC,Colgate-Palmolive Company,The Kraft Heinz Company,-1.8851830076795983,0.3390632728877798,0.05,0.002400040807089338,False,0.531329581519651,2.7466383262897285,,,,,,,,,,,,,,
US_STAPLES,CL,HSY,Colgate-Palmolive Company,The Hershey Company,-1.8799907158329643,0.3415318574570171,0.05,0.002400040807089338,False,0.20873964537860126,3.387811735486302,,,,,,,,,,,,,,
US_STAPLES,CHD,PEP,"Church & Dwight Company, Inc.","Pepsico, Inc.",-1.7329714677939274,0.41420961843245174,0.05,0.002400040807089338,False,0.8375493734835836,0.4058162821086295,,,,,,,,,,,,,,
US_STAPLES,CL,GIS,Colgate-Palmolive Company,"General Mills, Inc.",-1.7057703472435608,0.4281418996026416,0.05,0.002400040807089338,False,0.1857191449944879,3.745397076716106,,,,,,,,,,,,,,
US_STAPLES,CL,CLX,Colgate-Palmolive Company,Clorox Company (The),-1.6820564548465846,0.44038043447526815,0.05,0.002400040807089338,False,0.2551850624270113,3.242974255248733,,,,,,,,,,,,,,
US_STAPLES,CL,PEP,Colgate-Palmolive Company,"Pepsico, Inc.",-1.6817486420485996,0.44053980695448697,0.05,0.002400040807089338,False,0.9517436712084,-0.2605625134901537,,,,,,,,,,,,,,
US_STAPLES,HSY,KO,The Hershey Company,Coca-Cola Company (The),-1.617111495020579,0.4742439516405456,0.05,0.002400040807089338,False,1.2543716269999483,-0.12789025448880142,,,,,,,,,,,,,,
US_STAPLES,CL,KMB,Colgate-Palmolive Company,Kimberly-Clark Corporation,-1.6161672683355457,0.4747392154873002,0.05,0.002400040807089338,False,0.3881982103795106,2.624277212330862,,,,,,,,,,,,,,
US_STAPLES,MDLZ,PEP,"Mondelez International, Inc.","Pepsico, Inc.",-1.5642281877736588,0.5015336472976821,0.05,0.002400040807089338,False,0.6544768808090333,0.8455829585928232,,,,,,,,,,,,,,
US_STAPLES,KHC,PEP,The Kraft Heinz Company,"Pepsico, Inc.",-1.542620701225195,0.5123321077145827,0.05,0.002400040807089338,False,2.792256890296422,-10.631793252398818,,,,,,,,,,,,,,
US_STAPLES,KO,PEP,Coca-Cola Company (The),"Pepsico, Inc.",-1.513913514829015,0.5266176381972565,0.05,0.002400040807089338,False,3.0780918051119546,-11.066273201323478,,,,,,,,,,,,,,
US_UTILITIES,PPL,WEC,PPL Corporation,"WEC Energy Group, Inc.",-4.523363399911758,0.00017838411149633516,0.05,0.006978659309456857,True,0.8003314473748813,-0.1840267521627048,8.462250032293802,-6.109383092692554e-05,-0.08191050582466172,25.0,1.447329916668926,2.550207433296718,False,,0.8,2.0265983903246606e-06,-0.022537596011907857,-0.012708858265837453,False,mixed signal
US_UTILITIES,ES,FE,Eversource Energy (D/B/A),FirstEnergy Corp.,-3.9621868658939237,0.0016219820038608336,0.05,0.006978659309456857,True,0.9888354938902081,0.43658699507491594,13.497092736546541,8.872840043833254e-05,-0.05135529510611473,40.0,-1.4245325089821905,3.0485278467783155,False,,0.4,-0.000730750547107902,0.06494459075831815,-0.09923868367277455,False,mixed signal
US_UTILITIES,AEP,PEG,American Electric Power Company,Public Service Enterprise Group,-3.9427929967775937,0.0017415385536443022,0.05,0.006978659309456857,True,18.963777346664813,-78.20094717023028,12.948073290635605,-0.003920989740946722,-0.05353284345874439,39.0,-0.3001138135782071,2.8450830066318424,False,,0.6,0.1082047487693722,-0.044582408505309035,0.03180149853064798,True,reversion signs agree
US_UTILITIES,AEP,DUK,American Electric Power Company,Duke Energy Corporation (Holdin,-3.885502019496572,0.002144173240514318,0.05,0.006978659309456857,True,1.9400415304358203,-4.523914659139524,13.453537697674236,-0.00015931096556130478,-0.05152155486060535,40.0,0.7689272468022199,3.026081972394602,False,,0.4,0.005022684754639864,-0.04162498055350472,0.5366763829841641,True,mixed signal
US_UTILITIES,ES,PEG,Eversource Energy (D/B/A),Public Service Enterprise Group,-3.8512006422335667,0.0024248263002850353,0.05,0.006978659309456857,True,10.372093151829997,-41.199061807342346,13.560383711950942,-0.002002011735121399,-0.051115602278205864,41.0,-0.3245696694738633,2.7742693423723757,False,,0.8,0.05562761798068262,-0.03669989494529141,0.011753169993202056,True,reversion signs agree
US_UTILITIES,FE,PEG,FirstEnergy Corp.,Public Service Enterprise Group,-3.8496964535776588,0.0024378774303220802,0.05,0.006978659309456857,True,7.9664508672123295,-31.082122833328945,13.447737803518521,-0.0014626199053472263,-0.0515437756660148,40.0,-0.32717637491114343,2.7831973927322156,False,,0.6,0.044415038060077905,-0.04126276523639644,0.014981375851372436,True,reversion signs agree
US_UTILITIES,EXC,PEG,Exelon Corporation,Public Service Enterprise Group,-3.814399482182024,0.002763378062642644,0.05,0.006978659309456857,True,10.148566282332997,-40.627220052989685,13.51909087113791,-0.0018652480539868806,-0.051271730264033845,41.0,-0.2979904753311126,2.791643518477502,False,,0.8,0.052059694796280385,-0.035844750199934605,0.015074889954127674,True,reversion signs agree
US_UTILITIES,ED,PEG,"Consolidated Edison, Inc.",Public Service Enterprise Group,-3.788550884252381,0.0030266507507455175,0.05,0.006978659309456857,True,7.7156325874058895,-29.127501433399715,13.796804608920814,-0.0014155793479639646,-0.05023968956636281,41.0,-0.21854967397386976,2.77779314318919,False,,0.6,0.04215127675652376,-0.03756102632203681,-0.016923197875346185,True,reversion signs agree
US_UTILITIES,PEG,XEL,Public Service Enterprise Group,Xcel Energy Inc.,-3.7382799484131093,0.0036058206539755864,0.05,0.006978659309456857,True,0.13447670150842836,3.8008658548806973,13.583880643816574,0.0001289719751951095,-0.05102718425868002,41.0,0.2839014877191138,2.7735665867836934,False,,0.6,-0.005438496409192976,0.03588538082204257,0.01954522055515598,True,reversion signs agree
US_UTILITIES,PPL,XEL,PPL Corporation,Xcel Energy Inc.,-3.7291711157085667,0.0037210522557315183,0.05,0.006978659309456857,True,0.6940132312706859,0.5717529001071071,12.756791097722553,-3.1768791939330765e-06,-0.054335543731188915,38.0,1.6810027636946574,2.762076805697744,False,,0.6,-0.001273996716739784,-0.03377430841884932,0.5030053651337851,False,mixed signal
US_UTILITIES,AEE,PEG,Ameren Corporation,Public Service Enterprise Group,-3.6974281279781382,0.004149475598649817,0.05,0.006978659309456857,True,7.8457492671097615,-29.737147347621608,13.931725720244284,-0.0010082267516960508,-0.04975314576806005,42.0,-0.2684825878019018,2.741522126038892,False,,0.8,0.042022481044822944,-0.026184082517824725,0.014541926437790786,True,reversion signs agree
US_UTILITIES,PEG,WEC,Public Service Enterprise Group,"WEC Energy Group, Inc.",-3.6848510836938067,0.00433135395021842,0.05,0.006978659309456857,True,0.14533424317153404,3.6993602375807475,13.913919293658545,0.00012621881567740248,-0.04981681767234746,42.0,0.25058911779273463,2.7600754481507,False,,0.8,-0.0050761111704960005,0.0289187340983649,-0.015545900303509719,True,reversion signs agree
US_UTILITIES,D,PEG,"Dominion Energy, Inc.",Public Service Enterprise Group,-3.6650622400374466,0.004632303561030055,0.05,0.006978659309456857,True,5.669835937814661,-20.759187608402236,14.243262039265463,-0.000595870569304713,-0.04866491809594563,43.0,-0.40135469014713115,2.673077082026962,False,,0.8,0.032077219375515054,-0.014609552679560156,0.039370228541232954,True,reversion signs agree
US_UTILITIES,DUK,SO,Duke Energy Corporation (Holdin,Southern Company (The),-3.6555527653167124,0.004783602902191054,0.05,0.006978659309456857,True,1.1653597078032722,-0.4636325823775005,13.18587874827635,-4.2424575670012553e-05,-0.05256738620098058,40.0,-0.1377420413196561,2.190257988816533,False,,0.6,0.0016977879007182349,-0.0534276055779284,-0.1439567269039164,True,reversion signs agree
US_UTILITIES,DUK,PEG,Duke Energy Corporation (Holdin,Public Service Enterprise Group,-3.580186559575951,0.0061513135804977335,0.05,0.006978659309456857,True,4.408485342240381,-14.527355879291004,14.801711129713437,-0.0005523201129862224,-0.04682885475102261,44.0,-0.26629252759348104,2.6447247498112074,False,,0.6,0.021360683614704803,-0.026325157659305404,-0.04631723058820636,True,reversion signs agree
US_UTILITIES,EXC,WEC,Exelon Corporation,"WEC Energy Group, Inc.",-3.5622732040176714,0.0065246215252270845,0.05,0.006978659309456857,True,0.9871497735266787,-0.834214341908798,13.318271265631479,-0.00014072725080777832,-0.0520448312498822,40.0,-0.7721675403176077,3.2699857057613255,False,,0.6,-0.0006694043921674563,0.04169476950171025,-0.13481468076114977,True,reversion signs agree
US_UTILITIES,PEG,PPL,Public Service Enterprise Group,PPL Corporation,-3.5416952744236267,0.006978659309456857,0.05,0.006978659309456857,True,0.23045179242843566,3.561412519409846,14.77510603145102,0.00010524550599572149,-0.046913178090531325,44.0,0.11083086510204691,2.5707486647867226,False,,0.6,-0.004810826999547399,0.02900925779412837,-0.009087263446760904,True,reversion signs agree
US_UTILITIES,PEG,SO,Public Service Enterprise Group,Southern Company (The),-3.3572379723686407,0.012505924483053932,0.05,0.006978659309456857,False,0.3756686143998443,2.6934089281303413,,,,,,,,,,,,,,
US_UTILITIES,EXC,PPL,Exelon Corporation,PPL Corporation,-3.330709670372508,0.013560329390169336,0.05,0.006978659309456857,False,1.241484608998983,-0.6354944655814303,,,,,,,,,,,,,,
US_UTILITIES,ES,SO,Eversource Energy (D/B/A),Southern Company (The),-3.190458530768533,0.020543662661782362,0.05,0.006978659309456857,False,1.6522417585818037,-3.248779189156094,,,,,,,,,,,,,,
US_UTILITIES,DUK,PPL,Duke Energy Corporation (Holdin,PPL Corporation,-3.1827877318550915,0.021002861924112246,0.05,0.006978659309456857,False,0.854325902632003,1.7399253465432665,,,,,,,,,,,,,,
US_UTILITIES,DUK,FE,Duke Energy Corporation (Holdin,FirstEnergy Corp.,-3.1761478207163623,0.021407520526118228,0.05,0.006978659309456857,False,0.7313469545799961,2.0093221473944345,,,,,,,,,,,,,,
US_UTILITIES,WEC,XEL,"WEC Energy Group, Inc.",Xcel Energy Inc.,-3.128192407845355,0.024535961074588688,0.05,0.006978659309456857,False,0.8732229767427703,0.9186762013587622,,,,,,,,,,,,,,
US_UTILITIES,DUK,ES,Duke Energy Corporation (Holdin,Eversource Energy (D/B/A),-3.116795931645076,0.025334926503879026,0.05,0.006978659309456857,False,0.727325964476197,1.737052673550148,,,,,,,,,,,,,,
US_UTILITIES,D,ES,"Dominion Energy, Inc.",Eversource Energy (D/B/A),-3.0445507351926673,0.030938221368162357,0.05,0.006978659309456857,False,0.9881611882630332,-0.05868359175557192,,,,,,,,,,,,,,
US_UTILITIES,AEP,ES,American Electric Power Company,Eversource Energy (D/B/A),-3.037842852045693,0.03150832038488034,0.05,0.006978659309456857,False,1.5149033023720784,-1.5822514793602522,,,,,,,,,,,,,,
US_UTILITIES,AEP,D,American Electric Power Company,"Dominion Energy, Inc.",-3.02967965564965,0.03221412693427431,0.05,0.006978659309456857,False,1.499190262543912,-1.3562874993393468,,,,,,,,,,,,,,
US_UTILITIES,DUK,WEC,Duke Energy Corporation (Holdin,"WEC Energy Group, Inc.",-3.0180583351807564,0.03324204864301255,0.05,0.006978659309456857,False,0.6787316731470843,1.6058243044899845,,,,,,,,,,,,,,
US_UTILITIES,DUK,EXC,Duke Energy Corporation (Holdin,Exelon Corporation,-3.002309337945383,0.03467929925676593,0.05,0.006978659309456857,False,0.6897408958448095,2.1713185578580045,,,,,,,,,,,,,,
US_UTILITIES,AEP,PPL,American Electric Power Company,PPL Corporation,-2.880537297846863,0.047658507295365006,0.05,0.006978659309456857,False,1.723733988239162,-1.380945403566268,,,,,,,,,,,,,,
US_UTILITIES,AEP,SO,American Electric Power Company,Southern Company (The),-2.8710760147714454,0.04881633061533877,0.05,0.006978659309456857,False,2.402898921537536,-6.057235959304742,,,,,,,,,,,,,,
US_UTILITIES,DUK,XEL,Duke Energy Corporation (Holdin,Xcel Energy Inc.,-2.8409258179081864,0.052661418431029665,0.05,0.006978659309456857,False,0.5824684855781338,2.2725695560242456,,,,,,,,,,,,,,
US_UTILITIES,AEE,DUK,Ameren Corporation,Duke Energy Corporation (Holdin,-2.7612877824636017,0.06401983671394174,0.05,0.006978659309456857,False,1.6654507850120053,-3.3418301869461997,,,,,,,,,,,,,,
US_UTILITIES,AEE,WEC,Ameren Corporation,"WEC Energy Group, Inc.",-2.754341719979498,0.06509749513873972,0.05,0.006978659309456857,False,1.1143796788793452,-0.5935452358082767,,,,,,,,,,,,,,
US_UTILITIES,AEP,WEC,American Electric Power Company,"WEC Energy Group, Inc.",-2.73080434395444,0.06885776774824207,0.05,0.006978659309456857,False,1.3454808223716541,-1.5409823642273004,,,,,,,,,,,,,,
US_UTILITIES,AEP,FE,American Electric Power Company,FirstEnergy Corp.,-2.6963220167909583,0.0746768861051022,0.05,0.006978659309456857,False,1.4645567422797343,-0.796199588776414,,,,,,,,,,,,,,
US_UTILITIES,AEE,AEP,Ameren Corporation,American Electric Power Company,-2.6855694712234586,0.07656884189532032,0.05,0.006978659309456857,False,0.8408348493582868,0.6239997226710323,,,,,,,,,,,,,,
US_UTILITIES,AEE,EXC,Ameren Corporation,Exelon Corporation,-2.6733624684788295,0.07876223474272953,0.05,0.006978659309456857,False,1.1344590333501383,0.3274631749682584,,,,,,,,,,,,,,
US_UTILITIES,EXC,XEL,Exelon Corporation,Xcel Energy Inc.,-2.636914981162805,0.08560514619078802,0.05,0.006978659309456857,False,0.8546966945199647,0.10355652753630995,,,,,,,,,,,,,,
US_UTILITIES,D,SO,"Dominion Energy, Inc.",Southern Company (The),-2.6357618213450427,0.08582895378572708,0.05,0.006978659309456857,False,1.6045330955135377,-3.1434012281260513,,,,,,,,,,,,,,
US_UTILITIES,ED,ES,"Consolidated Edison, Inc.",Eversource Energy (D/B/A),-2.5926036309366958,0.09453560262480537,0.05,0.006978659309456857,False,0.6812015119557998,1.7782988498164056,,,,,,,,,,,,,,
US_UTILITIES,AEE,PPL,Ameren Corporation,PPL Corporation,-2.5711225369702397,0.09911372846104044,0.05,0.006978659309456857,False,1.3989064559212419,-0.36013513234820227,,,,,,,,,,,,,,
US_UTILITIES,AEE,XEL,Ameren Corporation,Xcel Energy Inc.,-2.5559073398391736,0.10245698173634787,0.05,0.006978659309456857,False,0.9756873727487609,0.41927282974425584,,,,,,,,,,,,,,
US_UTILITIES,EXC,SO,Exelon Corporation,Southern Company (The),-2.484700476680367,0.11924138030378567,0.05,0.006978659309456857,False,1.7403905225677552,-4.047008740740484,,,,,,,,,,,,,,
US_UTILITIES,ES,XEL,Eversource Energy (D/B/A),Xcel Energy Inc.,-2.4572429121893693,0.1262271058863273,0.05,0.006978659309456857,False,0.7468719865001809,0.9645402814399575,,,,,,,,,,,,,,
US_UTILITIES,SO,WEC,Southern Company (The),"WEC Energy Group, Inc.",-2.456428482804887,0.12643876242302915,0.05,0.006978659309456857,False,0.5683325899209508,1.8407961254808436,,,,,,,,,,,,,,
US_UTILITIES,FE,PPL,FirstEnergy Corp.,PPL Corporation,-2.4515592543481555,0.12770957257475063,0.05,0.006978659309456857,False,1.176260522161397,-0.39678916668871844,,,,,,,,,,,,,,
US_UTILITIES,AEP,ED,American Electric Power Company,"Consolidated Edison, Inc.",-2.4344302707904877,0.1322535423612996,0.05,0.006978659309456857,False,2.1184050233839673,-5.053150909447504,,,,,,,,,,,,,,
US_UTILITIES,PPL,SO,PPL Corporation,Southern Company (The),-2.4320212326248694,0.13290182817692292,0.05,0.006978659309456857,False,1.3922189290846412,-2.7049012068821496,,,,,,,,,,,,,,
US_UTILITIES,SO,XEL,Southern Company (The),Xcel Energy Inc.,-2.4291402359235277,0.13368011517659967,0.05,0.006978659309456857,False,0.4738595687418958,2.457749655209467,,,,,,,,,,,,,,
US_UTILITIES,D,FE,"Dominion Energy, Inc.",FirstEnergy Corp.,-2.416410440588405,0.1371581503981772,0.05,0.006978659309456857,False,0.9770640040348653,0.37297655117112694,,,,,,,,,,,,,,
US_UTILITIES,AEE,SO,Ameren Corporation,Southern Company (The),-2.4133894894810988,0.13799293120202538,0.05,0.006978659309456857,False,2.033411900078002,-4.527012273775487,,,,,,,,,,,,,,
US_UTILITIES,AEP,XEL,American Electric Power Company,Xcel Energy Inc.,-2.4042007825589633,0.14055427751202298,0.05,0.006978659309456857,False,1.1596646445251695,-0.24045751449162012,,,,,,,,,,,,,,
US_UTILITIES,ES,PPL,Eversource Energy (D/B/A),PPL Corporation,-2.358439411959388,0.1538116752032534,0.05,0.006978659309456857,False,1.1810802185435139,-0.01873609841803514,,,,,,,,,,,,,,
US_UTILITIES,ES,WEC,Eversource Energy (D/B/A),"WEC Energy Group, Inc.",-2.331165680501216,0.1621133082329359,0.05,0.006978659309456857,False,0.8753415724088439,0.0863774897866989,,,,,,,,,,,,,,
US_UTILITIES,FE,SO,FirstEnergy Corp.,Southern Company (The),-2.287773044586292,0.175941736483534,0.05,0.006978659309456857,False,1.6858207248691055,-3.793569607574963,,,,,,,,,,,,,,
US_UTILITIES,FE,XEL,FirstEnergy Corp.,Xcel Energy Inc.,-2.2518360410726648,0.18797235989331373,0.05,0.006978659309456857,False,0.7697262860324987,0.47291237185379353,,,,,,,,,,,,,,
US_UTILITIES,D,DUK,"Dominion Energy, Inc.",Duke Energy Corporation (Holdin,-2.2382928172806476,0.19264197543575662,0.05,0.006978659309456857,False,1.3393538694970322,-2.327420772780523,,,,,,,,,,,,,,
US_UTILITIES,ES,EXC,Eversource Energy (D/B/A),Exelon Corporation,-2.2230663001060855,0.19798047761798004,0.05,0.006978659309456857,False,0.8903998248550402,0.8124818486892051,,,,,,,,,,,,,,
US_UTILITIES,ED,FE,"Consolidated Edison, Inc.",FirstEnergy Corp.,-2.1920021874364113,0.2091609966570913,0.05,0.006978659309456857,False,0.6968099485042802,1.9891444509388823,,,,,,,,,,,,,,
US_UTILITIES,AEE,ES,Ameren Corporation,Eversource Energy (D/B/A),-2.1900752826702345,0.20986725595230704,0.05,0.006978659309456857,False,1.328034430240258,-0.9301274164397766,,,,,,,,,,,,,,
US_UTILITIES,ED,SO,"Consolidated Edison, Inc.",Southern Company (The),-2.1344063856041817,0.2309065030243408,0.05,0.006978659309456857,False,1.203582163485377,-0.7831429407436321,,,,,,,,,,,,,,
US_UTILITIES,D,XEL,"Dominion Energy, Inc.",Xcel Energy Inc.,-2.092797654098675,0.24742054615242204,0.05,0.006978659309456857,False,0.7590450356478056,0.8055465739333627,,,,,,,,,,,,,,
US_UTILITIES,FE,WEC,FirstEnergy Corp.,"WEC Energy Group, Inc.",-2.072629743254916,0.2556617578005513,0.05,0.006978659309456857,False,0.8924427548825887,-0.3874554722373058,,,,,,,,,,,,,,
US_UTILITIES,ED,EXC,"Consolidated Edison, Inc.",Exelon Corporation,-2.041535917363831,0.26866307804333983,0.05,0.006978659309456857,False,0.6560361530613931,2.1477024457991707,,,,,,,,,,,,,,
US_UTILITIES,AEE,D,Ameren Corporation,"Dominion Energy, Inc.",-1.9805442135116398,0.2951683926751851,0.05,0.006978659309456857,False,1.2878923816738996,-0.6261406099360904,,,,,,,,,,,,,,
US_UTILITIES,AEE,FE,Ameren Corporation,FirstEnergy Corp.,-1.9582269388823048,0.30518396248813007,0.05,0.006978659309456857,False,1.2815472741863632,-0.232271510367128,,,,,,,,,,,,,,
US_UTILITIES,AEP,EXC,American Electric Power Company,Exelon Corporation,-1.8993103283978663,0.33238562354072115,0.05,0.006978659309456857,False,1.3600286166507243,-0.39291813673024567,,,,,,,,,,,,,,
US_UTILITIES,AEE,ED,Ameren Corporation,"Consolidated Edison, Inc.",-1.896593485920521,0.3336653355918876,0.05,0.006978659309456857,False,1.8487393362097144,-3.9345618799696567,,,,,,,,,,,,,,
US_UTILITIES,D,ED,"Dominion Energy, Inc.","Consolidated Edison, Inc.",-1.8828508085669269,0.340171135853638,0.05,0.006978659309456857,False,1.4218064198339426,-2.506154612447415,,,,,,,,,,,,,,
US_UTILITIES,D,PPL,"Dominion Energy, Inc.",PPL Corporation,-1.8504552919757902,0.35571507398528995,0.05,0.006978659309456857,False,1.14675701967047,-0.005856558728654981,,,,,,,,,,,,,,
US_UTILITIES,ED,XEL,"Consolidated Edison, Inc.",Xcel Energy Inc.,-1.7830641845714017,0.3889016782573379,0.05,0.006978659309456857,False,0.49409216613562207,2.4974317558234627,,,,,,,,,,,,,,
US_UTILITIES,EXC,FE,Exelon Corporation,FirstEnergy Corp.,-1.7824449884109042,0.3892114378627534,0.05,0.006978659309456857,False,1.1011260549162063,-0.38701634418377706,,,,,,,,,,,,,,
US_UTILITIES,ED,PPL,"Consolidated Edison, Inc.",PPL Corporation,-1.7489550974532804,0.40608202804870275,0.05,0.006978659309456857,False,0.8266143354479657,1.6881615349828571,,,,,,,,,,,,,,
US_UTILITIES,ED,WEC,"Consolidated Edison, Inc.","WEC Energy Group, Inc.",-1.7318243370100417,0.4147946813106005,0.05,0.006978659309456857,False,0.626558938688715,1.6975025473468492,,,,,,,,,,,,,,
US_UTILITIES,D,WEC,"Dominion Energy, Inc.","WEC Energy Group, Inc.",-1.7166724941898046,0.42254342463184735,0.05,0.006978659309456857,False,0.8768241778254264,-0.027964092751143532,,,,,,,,,,,,,,
US_UTILITIES,DUK,ED,Duke Energy Corporation (Holdin,"Consolidated Edison, Inc.",-1.680255954807124,0.4413128341649809,0.05,0.006978659309456857,False,0.9921482355105073,0.18497650838745727,,,,,,,,,,,,,,
US_UTILITIES,D,EXC,"Dominion Energy, Inc.",Exelon Corporation,-1.359953035681988,0.601317541799531,0.05,0.006978659309456857,False,0.8830360027160834,0.7323631016098275,,,,,,,,,,,,,,
