sector,ticker_a,ticker_b,name_a,name_b,eg_adf_stat,eg_pvalue,fdr_level,bh_critical_pvalue,passes_bh,hedge_ratio_beta,intercept_alpha,half_life_days,ar1_alpha,ar1_beta,zscore_window,latest_zscore,max_abs_zscore,threshold_breached,breach_date,ar1_sign_agreement_recent,ar1_latest_residual,zscore_delta_latest,zscore_delta2_latest,zscore_turning_recent,momentum_read
CA_BANKS,CM.TO,NA.TO,CANADIAN IMPERIAL BANK OF COMME,NATIONAL BANK OF CANADA,-3.103838727189688,0.026270406692529186,0.05,,False,1.2399964991966184,-1.5476617374754635,,,,,,,,,,,,,,
CA_BANKS,NA.TO,RY.TO,NATIONAL BANK OF CANADA,ROYAL BANK OF CANADA,-3.052098569287159,0.030307252659918196,0.05,,False,1.0911276067030782,-0.7519820897375791,,,,,,,,,,,,,,
CA_BANKS,BNS.TO,RY.TO,BANK OF NOVA SCOTIA,ROYAL BANK OF CANADA,-3.036682250736558,0.031607859858969745,0.05,,False,1.1004771586605049,-1.3987816901554861,,,,,,,,,,,,,,
CA_BANKS,BNS.TO,NA.TO,BANK OF NOVA SCOTIA,NATIONAL BANK OF CANADA,-2.6172790153738528,0.08947837342009995,0.05,,False,1.0096165541756459,-0.6455484310840385,,,,,,,,,,,,,,
CA_BANKS,BNS.TO,CM.TO,BANK OF NOVA SCOTIA,CANADIAN IMPERIAL BANK OF COMME,-2.5794210907108446,0.09732553623123597,0.05,,False,0.8143400486698834,0.6139704884379453,,,,,,,,,,,,,,
CA_BANKS,CM.TO,TD.TO,CANADIAN IMPERIAL BANK OF COMME,TORONTO-DOMINION BANK,-2.407932313035832,0.1395100771313692,0.05,,False,0.9837738100585934,0.08187656035201574,,,,,,,,,,,,,,
CA_BANKS,BMO.TO,CM.TO,BANK OF MONTREAL,CANADIAN IMPERIAL BANK OF COMME,-2.3350024337745663,0.1609273107185133,0.05,,False,0.8824817093573918,0.9622977719328123,,,,,,,,,,,,,,
CA_BANKS,BMO.TO,TD.TO,BANK OF MONTREAL,TORONTO-DOMINION BANK,-2.2195170359653704,0.19923830492233358,0.05,,False,0.8663989737684792,1.042645409795134,,,,,,,,,,,,,,
CA_BANKS,BMO.TO,RY.TO,BANK OF MONTREAL,ROYAL BANK OF CANADA,-2.06709931558552,0.25794820007134056,0.05,,False,1.1973055853250112,-1.2436876940994832,,,,,,,,,,,,,,
CA_BANKS,RY.TO,TD.TO,ROYAL BANK OF CANADA,TORONTO-DOMINION BANK,-2.032078753477618,0.27268716986135977,0.05,,False,0.7237966654511928,1.9087724678288782,,,,,,,,,,,,,,
CA_BANKS,BMO.TO,NA.TO,BANK OF MONTREAL,NATIONAL BANK OF CANADA,-2.0262217755863188,0.27519541264197844,0.05,,False,1.0983795744912017,-0.4238283950121158,,,,,,,,,,,,,,
CA_BANKS,CM.TO,RY.TO,CANADIAN IMPERIAL BANK OF COMME,ROYAL BANK OF CANADA,-2.0112905717378893,0.28164462480128805,0.05,,False,1.351839313081354,-2.474075058491832,,,,,,,,,,,,,,
CA_BANKS,BMO.TO,BNS.TO,BANK OF MONTREAL,BANK OF NOVA SCOTIA,-1.9349828054195226,0.31578720988820363,0.05,,False,1.0862342275207613,0.28580992976733466,,,,,,,,,,,,,,
CA_BANKS,NA.TO,TD.TO,NATIONAL BANK OF CANADA,TORONTO-DOMINION BANK,-1.9271418654417085,0.3194023994244117,0.05,,False,0.7886802695406644,1.3356624447739915,,,,,,,,,,,,,,
CA_BANKS,BNS.TO,TD.TO,BANK OF NOVA SCOTIA,TORONTO-DOMINION BANK,-1.837660837875192,0.36193084033745204,0.05,,False,0.7955618091898338,0.7061841423466197,,,,,,,,,,,,,,
CA_ENERGY,CNQ.TO,SU.TO,CDN NATURAL RES,SUNCOR ENERGY INC.,-3.0359903655560734,0.03166732672748085,0.05,,False,0.768347257599446,0.6977414364024139,,,,,,,,,,,,,,
CA_ENERGY,CVE.TO,SU.TO,CENOVUS ENERGY INC.,SUNCOR ENERGY INC.,-2.8834346999866063,0.04730850571575599,0.05,,False,1.1682901484185966,-1.5803485577249705,,,,,,,,,,,,,,
CA_ENERGY,CVE.TO,IMO.TO,CENOVUS ENERGY INC.,IMPERIAL OIL,-2.7415140312388266,0.0671258729391294,0.05,,False,1.0627612478571826,-1.8909199313392224,,,,,,,,,,,,,,
CA_ENERGY,CNQ.TO,IMO.TO,CDN NATURAL RES,IMPERIAL OIL,-2.463765928985743,0.12454116754105043,0.05,,False,0.6828744587657894,0.5697992189391963,,,,,,,,,,,,,,
CA_ENERGY,CNQ.TO,CVE.TO,CDN NATURAL RES,CENOVUS ENERGY INC.,-2.333291114450322,0.16145556944946243,0.05,,False,0.6609186032597515,1.7268286629741376,,,,,,,,,,,,,,
CA_ENERGY,IMO.TO,SU.TO,IMPERIAL OIL,SUNCOR ENERGY INC.,-1.8367158420306033,0.3623915932508069,0.05,,False,1.0985520898874939,0.2952500352703744,,,,,,,,,,,,,,
CH_FINANCIALS,BAER.SW,UBSG.SW,JULIUS BAER N,UBS GROUP N,-3.118812407188206,0.025191949680279595,0.05,,False,0.7758594112138657,1.3831009462403525,,,,,,,,,,,,,,
CH_FINANCIALS,BAER.SW,ZURN.SW,JULIUS BAER N,ZURICH INSURANCE N,-2.9116808103063634,0.044006441894543696,0.05,,False,1.5670168685601158,-5.798694315522329,,,,,,,,,,,,,,
CH_FINANCIALS,UBSG.SW,ZURN.SW,UBS GROUP N,ZURICH INSURANCE N,-2.522390152886568,0.11012116352454637,0.05,,False,2.244365170985505,-10.660245935685733,,,,,,,,,,,,,,
CH_FINANCIALS,BAER.SW,SLHN.SW,JULIUS BAER N,SWISS LIFE HOLDING AG N,-2.306286269184191,0.16994853966434226,0.05,,False,0.9837574976862297,-2.527044219178206,,,,,,,,,,,,,,
CH_FINANCIALS,SLHN.SW,ZURN.SW,SWISS LIFE HOLDING AG N,ZURICH INSURANCE N,-2.217424415392951,0.19998228749396935,0.05,,False,1.5002168141258643,-2.7466161680910313,,,,,,,,,,,,,,
CH_FINANCIALS,SLHN.SW,UBSG.SW,SWISS LIFE HOLDING AG N,UBS GROUP N,-2.1588160362114484,0.2215307970415577,0.05,,False,0.7606766386318896,4.068853529654363,,,,,,,,,,,,,,
CH_PHARMA_LIFESCIENCE,LONN.SW,NOVN.SW,LONZA N,NOVARTIS N,-4.082419898615191,0.0010353971930219276,0.05,0.0010353971930219276,True,-0.2134055909183947,7.262023193051689,12.854385315478702,0.00048086189429620904,-0.053923012539952964,39.0,-0.2723627968796012,2.863042106957465,False,,0.2,-0.02245271294164022,-0.692540808601577,-0.8601926028415031,False,still diverging
CONSUMER,ABF.L,DNLM.L,ASSOCIATED BRITISH FOODS PLC OR,DUNELM GROUP PLC ORD 1P,-4.06013570362073,0.0011263742232660533,0.05,0.005536285275742764,True,0.5327867451557072,3.9357999661427367,11.61757100578171,-0.00010356359216196107,-0.059663692196500216,35.0,-0.9942935012837848,3.6608784430737615,False,,0.6,0.0051931514708524334,0.16020325854807815,0.3690892401773237,True,reversion signs agree
CONSUMER,EZJ.L,MKS.L,EASYJET PLC ORD 27 2/7P,MARKS AND SPENCER GROUP PLC ORD,-4.0337222286540415,0.0012438693883006617,0.05,0.005536285275742764,True,3.8067899249748374,-16.203036799789807,13.594683372740741,-0.0011476305484884762,-0.050986636581018374,41.0,-1.4486649055454772,2.5631220126826726,False,,0.6,-0.02019940994731286,-0.28013830176022325,0.5851910650102892,False,mixed signal
CONSUMER,DOM.L,TSCO.L,DOMINO'S PIZZA GROUP PLC ORD 25,TESCO PLC ORD 6 1/3P,-3.912936133750284,0.001941680242267872,0.05,0.005536285275742764,True,-1.986826765184224,17.386413888912873,13.417856562107957,0.0005259079024724388,-0.051658562405369104,40.0,2.7206578666293835,2.981459606249288,True,2026-10-08 00:00:00,0.2,0.1008815647995448,0.9465699087578796,0.47390509601487607,False,still diverging
CONSUMER,DOM.L,MKS.L,DOMINO'S PIZZA GROUP PLC ORD 25,MARKS AND SPENCER GROUP PLC ORD,-3.785365221830854,0.0030606476055219413,0.05,0.005536285275742764,True,40.02245000382766,-229.83855587205005,15.081260199503932,-0.019263329163187574,-0.04596082630964387,45.0,-1.0525498554304094,2.816714594047631,False,,0.2,-0.4068253524886813,-0.27489771978600364,0.4336598980098626,False,still diverging
CONSUMER,BME.L,MKS.L,B&M EUROPEAN VALUE RETAIL PLC O,MARKS AND SPENCER GROUP PLC ORD,-3.7764071560316013,0.0031581374572799826,0.05,0.005536285275742764,True,98.38150521394304,-572.8673664273585,15.18343506215386,-0.04639127687592878,-0.0456515391755901,46.0,-0.9967633618668388,2.814855212228884,False,,0.2,-0.954835808457654,-0.2490444456300328,0.42897743494167984,False,still diverging
CONSUMER,GRG.L,MKS.L,GREGGS PLC ORD 2P,MARKS AND SPENCER GROUP PLC ORD,-3.7646927114725335,0.0032899313164218734,0.05,0.005536285275742764,True,97.98344198270652,-568.493848252937,15.221837312797243,-0.04583110208568744,-0.04553636767469623,46.0,-0.9897989573310224,2.83253113883704,False,,0.2,-0.9451859168379297,-0.24944805777234624,0.4432381261301547,False,still diverging
CONSUMER,ABF.L,MKS.L,ASSOCIATED BRITISH FOODS PLC OR,MARKS AND SPENCER GROUP PLC ORD,-3.76080100621549,0.003334820720452577,0.05,0.005536285275742764,True,22.124721727520733,-122.4414077681447,15.297574665376175,-0.01050591397955848,-0.045310919915219156,46.0,-1.1918424625783135,2.781078139458631,False,,0.2,-0.2170097588109282,-0.25813812608340503,0.48677506982798935,False,still diverging
CONSUMER,MKS.L,PETS.L,MARKS AND SPENCER GROUP PLC ORD,PETS AT HOME GROUP PLC ORD 1P,-3.7605174670771953,0.003338113118650101,0.05,0.005536285275742764,True,0.01233876451000494,5.812280439336739,15.225308062579153,0.0004669918372185442,-0.04552598723854832,46.0,1.0311080112789555,2.8032923720244054,False,,0.2,0.00978096201141946,0.25052241681975473,-0.440324732998044,False,still diverging
CONSUMER,IHG.L,MKS.L,INTERCONTINENTAL HOTELS GROUP P,MARKS AND SPENCER GROUP PLC ORD,-3.7596992401367757,0.0033476309402725867,0.05,0.005536285275742764,True,20.255854251942004,-114.26591911703711,15.421251568179823,-0.008450740665586126,-0.04494753084698934,46.0,-1.0423997613236877,2.7810586750915918,False,,0.2,-0.20277692187328739,-0.2831148200945526,0.42802064840281817,False,still diverging
CONSUMER,DNLM.L,MKS.L,DUNELM GROUP PLC ORD 1P,MARKS AND SPENCER GROUP PLC ORD,-3.7382270221601956,0.0036064806455318606,0.05,0.005536285275742764,True,35.159330952942625,-199.76643310610774,15.41356092457853,-0.016630361090896426,-0.0449699575556645,46.0,-1.111978323555321,2.793509647756182,False,,0.2,-0.3531948973103433,-0.25989687849463483,0.4543323046666784,False,still diverging
CONSUMER,MKS.L,WTB.L,MARKS AND SPENCER GROUP PLC ORD,WHITBREAD PLC ORD 76 122/153P,-3.6834222089693407,0.004352471205697853,0.05,0.005536285275742764,True,0.2240060756648483,4.1041282256217,15.863131549326008,0.0005551865319009076,-0.04369548209347074,48.0,0.9142152792816213,2.781331134870338,False,,0.4,0.013042075710700303,0.3235169154906171,-0.6797577160618363,False,mixed signal
CONSUMER,MKS.L,NXT.L,MARKS AND SPENCER GROUP PLC ORD,NEXT PLC ORD 10P,-3.648206497102221,0.004903552798617791,0.05,0.005536285275742764,True,0.07694460848360035,5.158612813603929,16.09316598194017,0.00038308687815256985,-0.04307090235307325,48.0,1.0002190324716225,2.641387745458486,False,,0.2,0.009503240299260923,0.23891029591722202,-0.4492442939001353,False,still diverging
CONSUMER,MKS.L,TSCO.L,MARKS AND SPENCER GROUP PLC ORD,TESCO PLC ORD 6 1/3P,-3.6262451997950724,0.00527865033750367,0.05,0.005536285275742764,True,0.07124009512981717,5.451839256535374,16.112082464350927,0.0003997462005891494,-0.04302033471424817,48.0,0.7239772540570553,2.750158429067788,False,,0.2,0.005481117365839994,0.09563254358455975,-0.5292071773077709,False,still diverging
CONSUMER,MKS.L,SBRY.L,MARKS AND SPENCER GROUP PLC ORD,SAINSBURY (J) PLC ORD 28 4/7P,-3.6119690413964314,0.005536285275742764,0.05,0.005536285275742764,True,0.09640512703861409,5.331264874078542,16.234715262485366,0.0004054276514356523,-0.042695370343922595,49.0,0.9081827329088605,2.6747809896182333,False,,0.2,0.0076970610291144815,0.17651757550644842,-0.42898966422283713,False,still diverging
CONSUMER,DNLM.L,WTB.L,DUNELM GROUP PLC ORD 1P,WHITBREAD PLC ORD 76 122/153P,-3.388961220625526,0.011340988510079822,0.05,0.005536285275742764,False,1.6383840473749929,-6.0380365445997395,,,,,,,,,,,,,,
CONSUMER,BME.L,TSCO.L,B&M EUROPEAN VALUE RETAIL PLC O,TESCO PLC ORD 6 1/3P,-3.3015160676990947,0.014810842085499303,0.05,0.005536285275742764,False,-3.102990907280924,24.164704843754134,,,,,,,,,,,,,,
CONSUMER,DOM.L,SBRY.L,DOMINO'S PIZZA GROUP PLC ORD 25,SAINSBURY (J) PLC ORD 28 4/7P,-3.28198645871242,0.015703134236630122,0.05,0.005536285275742764,False,-2.322843592456273,18.66961174081563,,,,,,,,,,,,,,
CONSUMER,ABF.L,PETS.L,ASSOCIATED BRITISH FOODS PLC OR,PETS AT HOME GROUP PLC ORD 1P,-3.281615372905064,0.01572053700834754,0.05,0.005536285275742764,False,0.451868061766654,5.182206203612865,,,,,,,,,,,,,,
CONSUMER,DOM.L,NXT.L,DOMINO'S PIZZA GROUP PLC ORD 25,NEXT PLC ORD 10P,-3.2031864368965994,0.01980097503748502,0.05,0.005536285275742764,False,-1.665304750633056,21.062704072901433,,,,,,,,,,,,,,
CONSUMER,ABF.L,IHG.L,ASSOCIATED BRITISH FOODS PLC OR,INTERCONTINENTAL HOTELS GROUP P,-3.183914832540926,0.02093483617966655,0.05,0.005536285275742764,False,-0.5505921347204346,10.292437530106302,,,,,,,,,,,,,,
CONSUMER,ABF.L,WTB.L,ASSOCIATED BRITISH FOODS PLC OR,WHITBREAD PLC ORD 76 122/153P,-3.121907447543849,0.024973849105996235,0.05,0.005536285275742764,False,0.8223140747815875,1.1197622603712754,,,,,,,,,,,,,,
CONSUMER,BME.L,DOM.L,B&M EUROPEAN VALUE RETAIL PLC O,DOMINO'S PIZZA GROUP PLC ORD 25,-2.895713779232453,0.04584870178213011,0.05,0.005536285275742764,False,1.5427169427853882,-2.884894471412495,,,,,,,,,,,,,,
CONSUMER,ABF.L,TSCO.L,ASSOCIATED BRITISH FOODS PLC OR,TESCO PLC ORD 6 1/3P,-2.8021300556446467,0.057970148371835506,0.05,0.005536285275742764,False,-0.5259264270947922,10.791939920551513,,,,,,,,,,,,,,
CONSUMER,IHG.L,PETS.L,INTERCONTINENTAL HOTELS GROUP P,PETS AT HOME GROUP PLC ORD 1P,-2.789736843745669,0.059754807807525435,0.05,0.005536285275742764,False,-0.7544423768833085,8.921522284497337,,,,,,,,,,,,,,
CONSUMER,SBRY.L,TSCO.L,SAINSBURY (J) PLC ORD 28 4/7P,TESCO PLC ORD 6 1/3P,-2.7587674604490906,0.06440918774475497,0.05,0.005536285275742764,False,0.8939485211017468,0.3207824950101692,,,,,,,,,,,,,,
CONSUMER,ABF.L,BME.L,ASSOCIATED BRITISH FOODS PLC OR,B&M EUROPEAN VALUE RETAIL PLC O,-2.7167596509548613,0.07118274710115613,0.05,0.005536285275742764,False,0.1612352016492553,6.7420441131576165,,,,,,,,,,,,,,
CONSUMER,PETS.L,TSCO.L,PETS AT HOME GROUP PLC ORD 1P,TESCO PLC ORD 6 1/3P,-2.7108895181641524,0.07217278843223833,0.05,0.005536285275742764,False,-1.4817857294755963,14.321945068457463,,,,,,,,,,,,,,
CONSUMER,NXT.L,SBRY.L,NEXT PLC ORD 10P,SAINSBURY (J) PLC ORD 28 4/7P,-2.700947742118474,0.07387441179969022,0.05,0.005536285275742764,False,1.4270661135273037,1.253870097776879,,,,,,,,,,,,,,
CONSUMER,BME.L,NXT.L,B&M EUROPEAN VALUE RETAIL PLC O,NEXT PLC ORD 10P,-2.684222629229392,0.07680846107449076,0.05,0.005536285275742764,False,-2.667347381287037,30.529158903472336,,,,,,,,,,,,,,
CONSUMER,IHG.L,WTB.L,INTERCONTINENTAL HOTELS GROUP P,WHITBREAD PLC ORD 76 122/153P,-2.679505387098812,0.07765237011722902,0.05,0.005536285275742764,False,-1.6667014690626936,18.032143912545934,,,,,,,,,,,,,,
CONSUMER,GRG.L,NXT.L,GREGGS PLC ORD 2P,NEXT PLC ORD 10P,-2.677216584311362,0.0780644516209346,0.05,0.005536285275742764,False,-1.8798332513372893,25.18632624883576,,,,,,,,,,,,,,
CONSUMER,ABF.L,NXT.L,ASSOCIATED BRITISH FOODS PLC OR,NEXT PLC ORD 10P,-2.654851007744197,0.08218211513516493,0.05,0.005536285275742764,False,-0.32793744762633364,10.707821769505784,,,,,,,,,,,,,,
CONSUMER,ABF.L,GRG.L,ASSOCIATED BRITISH FOODS PLC OR,GREGGS PLC ORD 2P,-2.640273395783562,0.08495591817322246,0.05,0.005536285275742764,False,0.23910218688209933,5.824036197589348,,,,,,,,,,,,,,
CONSUMER,BME.L,GRG.L,B&M EUROPEAN VALUE RETAIL PLC O,GREGGS PLC ORD 2P,-2.63736991708893,0.08551697598457725,0.05,0.005536285275742764,False,1.4565212844404545,-5.493353704230899,,,,,,,,,,,,,,
CONSUMER,DNLM.L,PETS.L,DUNELM GROUP PLC ORD 1P,PETS AT HOME GROUP PLC ORD 1P,-2.5699707799698004,0.09936387135216945,0.05,0.005536285275742764,False,0.8730688833445568,2.2039222798182676,,,,,,,,,,,,,,
CONSUMER,ABF.L,SBRY.L,ASSOCIATED BRITISH FOODS PLC OR,SAINSBURY (J) PLC ORD 28 4/7P,-2.5575270408257897,0.10209708135065021,0.05,0.005536285275742764,False,-0.3289687623196187,9.506356015958447,,,,,,,,,,,,,,
CONSUMER,ABF.L,DOM.L,ASSOCIATED BRITISH FOODS PLC OR,DOMINO'S PIZZA GROUP PLC ORD 25,-2.534273197574334,0.10735638942313508,0.05,0.005536285275742764,False,0.1925021177983751,6.584245524135065,,,,,,,,,,,,,,
CONSUMER,BME.L,SBRY.L,B&M EUROPEAN VALUE RETAIL PLC O,SAINSBURY (J) PLC ORD 28 4/7P,-2.4856902778400847,0.11899496971838336,0.05,0.005536285275742764,False,-4.199135775342188,29.41674709353292,,,,,,,,,,,,,,
CONSUMER,BME.L,PETS.L,B&M EUROPEAN VALUE RETAIL PLC O,PETS AT HOME GROUP PLC ORD 1P,-2.4811892690733823,0.12011851908663879,0.05,0.005536285275742764,False,2.343554246098206,-7.181561220441247,,,,,,,,,,,,,,
CONSUMER,DNLM.L,IHG.L,DUNELM GROUP PLC ORD 1P,INTERCONTINENTAL HOTELS GROUP P,-2.4619075356990376,0.1250198077125222,0.05,0.005536285275742764,False,-1.1915390815118134,12.693718142912005,,,,,,,,,,,,,,
CONSUMER,GRG.L,TSCO.L,GREGGS PLC ORD 2P,TESCO PLC ORD 6 1/3P,-2.420005205871532,0.13616950936022487,0.05,0.005536285275742764,False,-2.3484972209406374,21.670802081911155,,,,,,,,,,,,,,
CONSUMER,PETS.L,WTB.L,PETS AT HOME GROUP PLC ORD 1P,WHITBREAD PLC ORD 76 122/153P,-2.368334691779838,0.1508738457084874,0.05,0.005536285275742764,False,2.1556241939863434,-11.651532088898254,,,,,,,,,,,,,,
CONSUMER,DNLM.L,TSCO.L,DUNELM GROUP PLC ORD 1P,TESCO PLC ORD 6 1/3P,-2.308714528906114,0.16917276498569245,0.05,0.005536285275742764,False,-1.5354174133727025,16.158306554682945,,,,,,,,,,,,,,
CONSUMER,NXT.L,TSCO.L,NEXT PLC ORD 10P,TESCO PLC ORD 6 1/3P,-2.28781510512307,0.1759279628144304,0.05,0.005536285275742764,False,1.223311937009371,2.0261271050719447,,,,,,,,,,,,,,
CONSUMER,GRG.L,PETS.L,GREGGS PLC ORD 2P,PETS AT HOME GROUP PLC ORD 1P,-2.2697513994277116,0.18190937323637812,0.05,0.005536285275742764,False,1.6408422100563511,-1.331959661210056,,,,,,,,,,,,,,
CONSUMER,PETS.L,SBRY.L,PETS AT HOME GROUP PLC ORD 1P,SAINSBURY (J) PLC ORD 28 4/7P,-2.262765859568727,0.1842579746186041,0.05,0.005536285275742764,False,-2.1062810100361236,17.404398034996202,,,,,,,,,,,,,,
CONSUMER,GRG.L,SBRY.L,GREGGS PLC ORD 2P,SAINSBURY (J) PLC ORD 28 4/7P,-2.2303373619147977,0.19541953175674726,0.05,0.005536285275742764,False,-3.5159548654548125,27.566307140411574,,,,,,,,,,,,,,
CONSUMER,EZJ.L,SBRY.L,EASYJET PLC ORD 27 2/7P,SAINSBURY (J) PLC ORD 28 4/7P,-2.179027081031589,0.21394527521816303,0.05,0.005536285275742764,False,-1.2900778615625772,13.511803251244842,,,,,,,,,,,,,,
CONSUMER,NXT.L,PETS.L,NEXT PLC ORD 10P,PETS AT HOME GROUP PLC ORD 1P,-2.1027929650687187,0.2433930203476517,0.05,0.005536285275742764,False,-0.8187643957072606,13.812898763465439,,,,,,,,,,,,,,
CONSUMER,DOM.L,GRG.L,DOMINO'S PIZZA GROUP PLC ORD 25,GREGGS PLC ORD 2P,-2.0789270262641457,0.2530721315844343,0.05,0.005536285275742764,False,0.9251981291101762,-1.5473490702850796,,,,,,,,,,,,,,
CONSUMER,DNLM.L,NXT.L,DUNELM GROUP PLC ORD 1P,NEXT PLC ORD 10P,-2.0747872605833724,0.2547728584974097,0.05,0.005536285275742764,False,-1.092956746301598,17.18239968866446,,,,,,,,,,,,,,
CONSUMER,ABF.L,EZJ.L,ASSOCIATED BRITISH FOODS PLC OR,EASYJET PLC ORD 27 2/7P,-2.0677633870821355,0.25767305403227636,0.05,0.005536285275742764,False,0.41886143446063234,5.048484874052057,,,,,,,,,,,,,,
CONSUMER,TSCO.L,WTB.L,TESCO PLC ORD 6 1/3P,WHITBREAD PLC ORD 76 122/153P,-2.014823285570018,0.28011166411227867,0.05,0.005536285275742764,False,-1.7048395172925077,19.51038174794281,,,,,,,,,,,,,,
CONSUMER,BME.L,WTB.L,B&M EUROPEAN VALUE RETAIL PLC O,WHITBREAD PLC ORD 76 122/153P,-1.9942605107255365,0.2890953217592855,0.05,0.005536285275742764,False,5.90747395642408,-41.2682763114799,,,,,,,,,,,,,,
CONSUMER,EZJ.L,NXT.L,EASYJET PLC ORD 27 2/7P,NEXT PLC ORD 10P,-1.9892672964320735,0.29129875274870626,0.05,0.005536285275742764,False,-0.40011526474848785,9.925755376579067,,,,,,,,,,,,,,
CONSUMER,NXT.L,WTB.L,NEXT PLC ORD 10P,WHITBREAD PLC ORD 76 122/153P,-1.9581655745640127,0.3052117269860176,0.05,0.005536285275742764,False,-2.3049991721697256,27.632457799740752,,,,,,,,,,,,,,
CONSUMER,BME.L,EZJ.L,B&M EUROPEAN VALUE RETAIL PLC O,EASYJET PLC ORD 27 2/7P,-1.9429444010845456,0.31213603987919736,0.05,0.005536285275742764,False,6.438067413641516,-34.22939178866476,,,,,,,,,,,,,,
CONSUMER,IHG.L,SBRY.L,INTERCONTINENTAL HOTELS GROUP P,SAINSBURY (J) PLC ORD 28 4/7P,-1.9300051168261514,0.31808004277558133,0.05,0.005536285275742764,False,1.5031733980555413,-3.7208164056558797,,,,,,,,,,,,,,
CONSUMER,EZJ.L,GRG.L,EASYJET PLC ORD 27 2/7P,GREGGS PLC ORD 2P,-1.9062432910046305,0.32912979382060153,0.05,0.005536285275742764,False,0.19177815450588281,4.72462599052152,,,,,,,,,,,,,,
CONSUMER,DOM.L,EZJ.L,DOMINO'S PIZZA GROUP PLC ORD 25,EASYJET PLC ORD 27 2/7P,-1.8868972622328197,0.33824993460389946,0.05,0.005536285275742764,False,3.554107122228034,-16.492844779040315,,,,,,,,,,,,,,
CONSUMER,IHG.L,TSCO.L,INTERCONTINENTAL HOTELS GROUP P,TESCO PLC ORD 6 1/3P,-1.8685257439809115,0.34700931821717995,0.05,0.005536285275742764,False,1.120475689481729,-1.898882880887764,,,,,,,,,,,,,,
CONSUMER,SBRY.L,WTB.L,SAINSBURY (J) PLC ORD 28 4/7P,WHITBREAD PLC ORD 76 122/153P,-1.8596576232523119,0.35127078517330007,0.05,0.005536285275742764,False,-1.8255328747246689,20.151286651598454,,,,,,,,,,,,,,
CONSUMER,GRG.L,WTB.L,GREGGS PLC ORD 2P,WHITBREAD PLC ORD 76 122/153P,-1.855278036424088,0.35338312557633095,0.05,0.005536285275742764,False,4.860082649223213,-30.934906542093866,,,,,,,,,,,,,,
CONSUMER,EZJ.L,IHG.L,EASYJET PLC ORD 27 2/7P,INTERCONTINENTAL HOTELS GROUP P,-1.8542931867688335,0.35385883391464246,0.05,0.005536285275742764,False,-0.41348929052665273,8.172932300703136,,,,,,,,,,,,,,
CONSUMER,DOM.L,PETS.L,DOMINO'S PIZZA GROUP PLC ORD 25,PETS AT HOME GROUP PLC ORD 1P,-1.8255889100308433,0.36783353614809716,0.05,0.005536285275742764,False,1.5312871641458075,-2.8512723504134394,,,,,,,,,,,,,,
CONSUMER,DNLM.L,SBRY.L,DUNELM GROUP PLC ORD 1P,SAINSBURY (J) PLC ORD 28 4/7P,-1.8248465771448061,0.3681976821787327,0.05,0.005536285275742764,False,-3.224447388155078,25.275318245290123,,,,,,,,,,,,,,
CONSUMER,EZJ.L,TSCO.L,EASYJET PLC ORD 27 2/7P,TESCO PLC ORD 6 1/3P,-1.7110404108157247,0.4254332902416742,0.05,0.005536285275742764,False,-0.9787383032261469,12.050789691931591,,,,,,,,,,,,,,
CONSUMER,EZJ.L,PETS.L,EASYJET PLC ORD 27 2/7P,PETS AT HOME GROUP PLC ORD 1P,-1.6898601334713221,0.43634426797898934,0.05,0.005536285275742764,False,0.45986098613989224,3.680697994971817,,,,,,,,,,,,,,
CONSUMER,DOM.L,WTB.L,DOMINO'S PIZZA GROUP PLC ORD 25,WHITBREAD PLC ORD 76 122/153P,-1.6254063966709014,0.46989608926030224,0.05,0.005536285275742764,False,4.501351485598993,-30.206400895927274,,,,,,,,,,,,,,
CONSUMER,IHG.L,NXT.L,INTERCONTINENTAL HOTELS GROUP P,NEXT PLC ORD 10P,-1.5329936541850908,0.5171313292044623,0.05,0.005536285275742764,False,0.8311683025944001,-2.9607322989974003,,,,,,,,,,,,,,
CONSUMER,DNLM.L,GRG.L,DUNELM GROUP PLC ORD 1P,GREGGS PLC ORD 2P,-1.532805200703207,0.5172251947443347,0.05,0.005536285275742764,False,0.3924453062949052,3.97103296497186,,,,,,,,,,,,,,
CONSUMER,BME.L,DNLM.L,B&M EUROPEAN VALUE RETAIL PLC O,DUNELM GROUP PLC ORD 1P,-1.4997531027031425,0.5336334719355406,0.05,0.005536285275742764,False,3.673611743055694,-19.96898731350893,,,,,,,,,,,,,,
CONSUMER,BME.L,IHG.L,B&M EUROPEAN VALUE RETAIL PLC O,INTERCONTINENTAL HOTELS GROUP P,-1.4645027813251108,0.5509925713081911,0.05,0.005536285275742764,False,-3.616686820841641,22.993714804349313,,,,,,,,,,,,,,
CONSUMER,DNLM.L,DOM.L,DUNELM GROUP PLC ORD 1P,DOMINO'S PIZZA GROUP PLC ORD 25,-1.4304924199162379,0.567573549564637,0.05,0.005536285275742764,False,0.40798233632668,4.7158698853461125,,,,,,,,,,,,,,
CONSUMER,DOM.L,IHG.L,DOMINO'S PIZZA GROUP PLC ORD 25,INTERCONTINENTAL HOTELS GROUP P,-1.3059129479708071,0.6264628096118572,0.05,0.005536285275742764,False,-2.476894585576596,17.4140562356433,,,,,,,,,,,,,,
CONSUMER,GRG.L,IHG.L,GREGGS PLC ORD 2P,INTERCONTINENTAL HOTELS GROUP P,-1.115600584312335,0.7088106452969725,0.05,0.005536285275742764,False,-2.9251035980645033,21.690593087441382,,,,,,,,,,,,,,
CONSUMER,EZJ.L,WTB.L,EASYJET PLC ORD 27 2/7P,WHITBREAD PLC ORD 76 122/153P,-0.5222678859650585,0.8875973287249611,0.05,0.005536285275742764,False,1.506474256308956,-5.760048274128461,,,,,,,,,,,,,,
CONSUMER,DNLM.L,EZJ.L,DUNELM GROUP PLC ORD 1P,EASYJET PLC ORD 27 2/7P,0.00048604297512171824,0.9585722630210256,0.05,0.005536285275742764,False,1.4697230860071944,-2.1346926195628235,,,,,,,,,,,,,,
DE_AUTO,BMW.DE,VOW3.DE,BAYERISCHE MOTOREN WERKE AG   S,VOLKSWAGEN AG                 V,-3.1882922263226727,0.020672452017812,0.05,,False,1.314089629100549,-1.5421363983737981,,,,,,,,,,,,,,
DE_AUTO,BMW.DE,MBG.DE,BAYERISCHE MOTOREN WERKE AG   S,Mercedes-Benz Group AG        N,-2.8713372407722364,0.04878405476996184,0.05,,False,1.6679073678573961,-2.213052588854217,,,,,,,,,,,,,,
DE_AUTO,MBG.DE,VOW3.DE,Mercedes-Benz Group AG        N,VOLKSWAGEN AG                 V,-2.7207036249991368,0.07052364569282804,0.05,,False,0.7889323857358663,0.3975124177395153,,,,,,,,,,,,,,
DE_AUTO,CON.DE,MBG.DE,CONTINENTAL AG                I,Mercedes-Benz Group AG        N,-2.5990683779691084,0.09318996768046611,0.05,,False,8.646476367992168,-29.809898786041728,,,,,,,,,,,,,,
DE_AUTO,CON.DE,PAH3.DE,CONTINENTAL AG                I,Porsche Automobil Holding SE  I,-2.5120642830373696,0.1125664807652923,0.05,,False,-6.050978075842294,25.15595236778912,,,,,,,,,,,,,,
DE_AUTO,MBG.DE,PAH3.DE,Mercedes-Benz Group AG        N,Porsche Automobil Holding SE  I,-2.304575470172811,0.17049653757068112,0.05,,False,0.8385365570506325,0.97101978688907,,,,,,,,,,,,,,
DE_AUTO,BMW.DE,PAH3.DE,BAYERISCHE MOTOREN WERKE AG   S,Porsche Automobil Holding SE  I,-2.0250149070859296,0.2757137693563766,0.05,,False,1.7399884537737373,-1.7887260498344997,,,,,,,,,,,,,,
DE_AUTO,CON.DE,VOW3.DE,CONTINENTAL AG                I,VOLKSWAGEN AG                 V,-1.6368131176478093,0.4639265121599945,0.05,,False,6.008924457266249,-22.75837088637582,,,,,,,,,,,,,,
DE_AUTO,PAH3.DE,VOW3.DE,Porsche Automobil Holding SE  I,VOLKSWAGEN AG                 V,-1.571105725296006,0.4980897766838848,0.05,,False,0.8938388044859487,-0.474847561745261,,,,,,,,,,,,,,
DE_AUTO,BMW.DE,CON.DE,BAYERISCHE MOTOREN WERKE AG   S,CONTINENTAL AG                I,-0.7008721828217483,0.8465234935109922,0.05,,False,0.284884522434846,3.172048900498032,,,,,,,,,,,,,,
DE_BANKS_INSURANCE,CBK.DE,HNR1.DE,Commerzbank AG                I,HANNOVER RUECK SE NA O.N.,-3.5349332674855654,0.007133971165592174,0.05,0.00976702397519281,True,13.37731247620985,-70.13759929078488,18.651614572697735,-0.002117581233700927,-0.03716285139060161,56.0,-2.3235550482478073,2.3235550482478073,False,,0.0,-0.06843983535678705,-0.06555137688977553,0.8220685034909785,False,still diverging
DE_BANKS_INSURANCE,DBK.DE,HNR1.DE,DEUTSCHE BANK AG              N,HANNOVER RUECK SE NA O.N.,-3.4367840384777377,0.00976702397519281,0.05,0.00976702397519281,True,10.882524861636394,-56.54270319901577,19.459078905646624,-0.0018045709733546596,-0.035620760053488874,58.0,-2.4969755755908842,2.549752847317034,True,2026-10-07 00:00:00,0.0,-0.044809577937097674,0.05277727172614988,0.9950236946284898,False,still diverging
DE_BANKS_INSURANCE,CBK.DE,DBK.DE,Commerzbank AG                I,DEUTSCHE BANK AG              N,-3.080603451895808,0.028022319270752744,0.05,0.00976702397519281,False,1.2343145194481453,-0.6483869011700714,,,,,,,,,,,,,,
DE_BANKS_INSURANCE,ALV.DE,CBK.DE,Allianz SE                    v,Commerzbank AG                I,-3.0411790741613496,0.031223670348760113,0.05,0.00976702397519281,False,0.37788919470315296,4.565677973166107,,,,,,,,,,,,,,
DE_BANKS_INSURANCE,ALV.DE,HNR1.DE,Allianz SE                    v,HANNOVER RUECK SE NA O.N.,-2.8993321797478044,0.045425711012697476,0.05,0.00976702397519281,False,4.024235445512415,-16.287939117927024,,,,,,,,,,,,,,
DE_BANKS_INSURANCE,HNR1.DE,MUV2.DE,HANNOVER RUECK SE NA O.N.,MUENCHENER RUECKVERS.-GES. AG N,-2.8466231571814973,0.05191640533627728,0.05,0.00976702397519281,False,0.6472423066093916,1.4653780069675353,,,,,,,,,,,,,,
DE_BANKS_INSURANCE,DBK.DE,MUV2.DE,DEUTSCHE BANK AG              N,MUENCHENER RUECKVERS.-GES. AG N,-2.8190582378715123,0.05560258080491155,0.05,0.00976702397519281,False,5.01710922892555,-28.02205735616552,,,,,,,,,,,,,,
DE_BANKS_INSURANCE,CBK.DE,MUV2.DE,Commerzbank AG                I,MUENCHENER RUECKVERS.-GES. AG N,-2.209449730624878,0.20283364448264135,0.05,0.00976702397519281,False,6.601061428275671,-37.77017146650556,,,,,,,,,,,,,,
DE_BANKS_INSURANCE,ALV.DE,MUV2.DE,Allianz SE                    v,MUENCHENER RUECKVERS.-GES. AG N,-1.9307866795516904,0.3177195283357346,0.05,0.00976702397519281,False,2.1462208140398937,-7.546536848677653,,,,,,,,,,,,,,
DE_BANKS_INSURANCE,ALV.DE,DBK.DE,Allianz SE                    v,DEUTSCHE BANK AG              N,-1.833830855961559,0.3637996197386433,0.05,0.00976702397519281,False,0.4588749172626939,4.3441444997732255,,,,,,,,,,,,,,
DE_CHEMICALS,LXS.DE,WCH.DE,LANXESS AG                    I,Wacker Chemie AG              I,-3.6227179565186196,0.005341270542763505,0.05,0.017139986516551842,True,-2.785717300264025,15.062133534203426,20.63751461983576,-0.0008356816160587287,-0.03358675660942847,62.0,-1.4153915274839222,2.220195462720321,False,,1.0,-0.052605643143851744,-0.2955960795707757,0.008201813734775132,True,reversion signs agree
DE_CHEMICALS,BAS.DE,LXS.DE,BASF SE                       N,LANXESS AG                    I,-3.398310008947848,0.011016618375855,0.05,0.017139986516551842,True,-0.20084820361604,4.382750867065771,17.137038179805096,0.0002594562717406737,-0.040447314949486134,51.0,-0.7734422790646853,2.3315462660049597,False,,0.0,0.007382042917142168,0.17931462673795917,0.053744464978492834,True,mixed signal
DE_CHEMICALS,BAS.DE,WCH.DE,BASF SE                       N,Wacker Chemie AG              I,-3.2524986176990605,0.017139986516551842,0.05,0.017139986516551842,True,0.4660285076940423,1.7593226777625395,25.64688557483039,0.0004225891593334049,-0.027026563460796713,63.0,0.891027683489551,2.3406569917949778,False,,0.0,0.01682128556506023,0.46859018584768136,0.09053536076557972,False,still diverging
DE_CHEMICALS,BAS.DE,SY1.DE,BASF SE                       N,Symrise AG                    I,-2.5186223941179153,0.11100879156773075,0.05,0.017139986516551842,False,-0.29017499779248657,5.059795037158474,,,,,,,,,,,,,,
DE_CHEMICALS,SY1.DE,WCH.DE,Symrise AG                    I,Wacker Chemie AG              I,-2.284107537884433,0.1771448464606204,0.05,0.017139986516551842,False,6.512282610207424,-23.518991599034752,,,,,,,,,,,,,,
DE_CHEMICALS,LXS.DE,SY1.DE,LANXESS AG                    I,Symrise AG                    I,-1.9079023636650725,0.3283527703659467,0.05,0.017139986516551842,False,1.3239087595133237,-2.8306216559587725,,,,,,,,,,,,,,
DE_HEALTHCARE,BAYN.DE,SHL.DE,Bayer AG                      N,Siemens Healthineers AG       N,-3.369332661347052,0.012049816984899474,0.05,,False,-2.408351460005934,12.506431735294786,,,,,,,,,,,,,,
DE_HEALTHCARE,FRE.DE,MRK.DE,Fresenius SE & Co. KGaA       N,MERCK KGAA                    I,-2.76842962268029,0.06292679596536979,0.05,,False,-1.2298704636826212,9.60566367429452,,,,,,,,,,,,,,
DE_HEALTHCARE,FME.DE,MRK.DE,Fresenius Medical Care AG     I,MERCK KGAA                    I,-2.6432924304906007,0.08437556756631087,0.05,,False,-0.6292475292529949,6.7189370960596095,,,,,,,,,,,,,,
DE_HEALTHCARE,BAYN.DE,FME.DE,Bayer AG                      N,Fresenius Medical Care AG     I,-2.294274035788238,0.1738213599350918,0.05,,False,-7.082127827429204,29.42105632094906,,,,,,,,,,,,,,
DE_HEALTHCARE,FME.DE,SHL.DE,Fresenius Medical Care AG     I,Siemens Healthineers AG       N,-1.9408973164987142,0.31307292236716555,0.05,,False,0.3179912507578631,2.4722125740434047,,,,,,,,,,,,,,
DE_HEALTHCARE,FME.DE,FRE.DE,Fresenius Medical Care AG     I,Fresenius SE & Co. KGaA       N,-1.883620292096699,0.339805438630978,0.05,,False,0.3950495162472549,2.231855654342708,,,,,,,,,,,,,,
DE_HEALTHCARE,FRE.DE,SHL.DE,Fresenius SE & Co. KGaA       N,Siemens Healthineers AG       N,-1.8803047026816646,0.3413823623410117,0.05,,False,-1.6383609598827975,9.892546894469,,,,,,,,,,,,,,
DE_HEALTHCARE,BAYN.DE,FRE.DE,Bayer AG                      N,Fresenius SE & Co. KGaA       N,-1.8651939713711934,0.34860786645329755,0.05,,False,2.265879181333664,-4.953997610826035,,,,,,,,,,,,,,
DE_HEALTHCARE,BAYN.DE,MRK.DE,Bayer AG                      N,MERCK KGAA                    I,-1.531887206593033,0.5176823862725218,0.05,,False,-8.64034817329001,45.07627700658029,,,,,,,,,,,,,,
DE_HEALTHCARE,MRK.DE,SHL.DE,MERCK KGAA                    I,Siemens Healthineers AG       N,-0.3379407566887479,0.9199562453150463,0.05,,False,1.182610128538017,0.3349289363611625,,,,,,,,,,,,,,
DE_INDUSTRIALS,KGX.DE,MTX.DE,KION GROUP AG                 I,MTU Aero Engines AG           N,-3.3258428884838893,0.013762083261169273,0.05,,False,2.3612567099883344,-9.894780501839335,,,,,,,,,,,,,,
DE_INDUSTRIALS,HEI.DE,MTX.DE,Heidelberg Materials AG       I,MTU Aero Engines AG           N,-2.924182144836093,0.04260734468686033,0.05,,False,2.825177348690076,-11.302279768473927,,,,,,,,,,,,,,
DE_INDUSTRIALS,MTX.DE,SIE.DE,MTU Aero Engines AG           N,SIEMENS AG                    N,-2.325728045843084,0.16380436363958895,0.05,,False,0.688688609859401,2.101405936311711,,,,,,,,,,,,,,
DE_INDUSTRIALS,HEI.DE,KGX.DE,Heidelberg Materials AG       I,KION GROUP AG                 I,-2.1767016762997144,0.21480979624783686,0.05,,False,1.2429518803434674,0.36108436003127853,,,,,,,,,,,,,,
DE_INDUSTRIALS,HEI.DE,SIE.DE,Heidelberg Materials AG       I,SIEMENS AG                    N,-1.594162449084786,0.4865252386427948,0.05,,False,1.9945271993270188,-5.627070216992374,,,,,,,,,,,,,,
DE_INDUSTRIALS,KGX.DE,SIE.DE,KION GROUP AG                 I,SIEMENS AG                    N,-0.5928920346623161,0.8725800604749416,0.05,,False,1.8253464863995357,-5.999371814811845,,,,,,,,,,,,,,
DE_REAL_ESTATE,DWNI.DE,VNA.DE,Deutsche Wohnen SE            I,Vonovia SE                    N,-4.812421284329397,5.148716171632293e-05,0.05,0.014363254762505934,True,0.811807760233893,0.46113559223273537,15.756825900324424,0.0003062248168388408,-0.04399027982822821,47.0,-1.0338323637607814,2.5149487259165824,False,,0.4,-0.0006958263885316334,0.07700991747079344,1.5947459280819742,False,mixed signal
DE_REAL_ESTATE,DWNI.DE,LEG.DE,Deutsche Wohnen SE            I,LEG Immobilien SE             N,-3.962757502815283,0.0016185825753042425,0.05,0.014363254762505934,True,0.5465625204159795,0.782374352977492,18.48805275488958,0.0003590127040581667,-0.037491627146976146,55.0,-2.26424861885754,3.430187578511311,False,,0.2,-0.02088802977222542,-0.26179566512782193,0.11317540033087314,False,still diverging
DE_REAL_ESTATE,DWNI.DE,GYC.DE,Deutsche Wohnen SE            I,Grand City Properties S.A.    A,-3.653730360143038,0.004813107175672104,0.05,0.014363254762505934,True,0.8623195789500826,1.058132451312252,17.19579377800715,0.0003423567643100981,-0.04030911218803156,52.0,1.7644625455795533,2.6892634410690404,False,,0.6,0.0028353240969804356,-0.038658205143832,0.24182873789899673,True,reversion signs agree
DE_REAL_ESTATE,GYC.DE,LEG.DE,Grand City Properties S.A.    A,LEG Immobilien SE             N,-3.477578017670071,0.008581960000539653,0.05,0.014363254762505934,True,0.6956500362991805,-0.5792327634045744,11.69420264525794,6.014820636771453e-05,-0.059272718421808784,35.0,-1.730997185233553,4.22682193779386,False,,0.0,-0.02850398940460202,-0.07609468018462007,-0.10043306369226723,True,mixed signal
DE_REAL_ESTATE,GYC.DE,VNA.DE,Grand City Properties S.A.    A,Vonovia SE                    N,-3.311706032855768,0.014363254762505934,0.05,0.014363254762505934,True,0.9322656086802807,-0.6628163568221623,12.241529531969896,-4.6059038889394364e-05,-0.05662259595500111,37.0,-1.5778472581029181,3.1171197673650806,False,,0.2,-0.005027280010411965,0.06061864819643237,0.03407366969956027,True,mixed signal
DE_REAL_ESTATE,LEG.DE,VNA.DE,LEG Immobilien SE             N,Vonovia SE                    N,-2.6997157014199953,0.07408747803191072,0.05,0.014363254762505934,False,1.339838440926715,-0.11919351405815437,,,,,,,,,,,,,,
DE_REAL_ESTATE,AT1.DE,LEG.DE,Aroundtown SA                 B,LEG Immobilien SE             N,-2.37396500989722,0.14921980884865726,0.05,0.014363254762505934,False,0.8850630606068162,-2.7474720872440312,,,,,,,,,,,,,,
DE_REAL_ESTATE,AT1.DE,GYC.DE,Aroundtown SA                 B,Grand City Properties S.A.    A,-1.97557232721364,0.2973854061979394,0.05,0.014363254762505934,False,2.100291107446536,-3.9482225736318326,,,,,,,,,,,,,,
DE_REAL_ESTATE,AT1.DE,VNA.DE,Aroundtown SA                 B,Vonovia SE                    N,-1.9160239171557767,0.3245609072320472,0.05,0.014363254762505934,False,1.7721766424527685,-4.74166337264812,,,,,,,,,,,,,,
DE_REAL_ESTATE,AT1.DE,DWNI.DE,Aroundtown SA                 B,Deutsche Wohnen SE            I,-1.8214659174632732,0.36985773525939136,0.05,0.014363254762505934,False,1.8452337925287674,-4.709310820281606,,,,,,,,,,,,,,
DE_SOFTWARE,NEM.DE,SAP.DE,Nemetschek SE                 I,SAP SE                        I,-3.5301655022800684,0.007245346213656588,0.05,0.007245346213656588,True,1.2420957919106423,-2.091793040421174,13.55203573385689,-0.0003356421631229643,-0.051147089202861526,41.0,0.46225051019361146,3.78882180679187,False,,0.8,-0.005479298864923885,0.12389606147832816,0.04725446241318526,False,mixed signal
DE_SOFTWARE,SAP.DE,TMV.DE,SAP SE                        I,TeamViewer SE                 I,-1.6730511785020121,0.44504805667683234,0.05,0.007245346213656588,False,0.4355528312123941,4.397024905801272,,,,,,,,,,,,,,
DE_SOFTWARE,NEM.DE,TMV.DE,Nemetschek SE                 I,TeamViewer SE                 I,-1.129530717514189,0.7031529032038707,0.05,0.007245346213656588,False,0.5759673811754715,3.2952808852415263,,,,,,,,,,,,,,
DE_UTILITIES_ENERGY,EOAN.DE,RWE.DE,E.ON SE                       N,RWE AG                        I,-2.142442311954662,0.22779417551607345,0.05,,False,0.7190759489250047,0.05592800984129065,,,,,,,,,,,,,,
DE_UTILITIES_ENERGY,ENR.DE,EOAN.DE,Siemens Energy AG             N,E.ON SE                       N,-1.925833132512003,0.320007663049663,0.05,,False,3.489394263980608,-4.923436227161987,,,,,,,,,,,,,,
DE_UTILITIES_ENERGY,ENR.DE,RWE.DE,Siemens Energy AG             N,RWE AG                        I,-1.8387422850329775,0.36140383456134895,0.05,,False,2.582471296672095,-4.994082915855903,,,,,,,,,,,,,,
ENERGY_UTILITIES,GCP.L,HICL.L,GCP INFRASTRUCTURE INVESTMENTS ,HICL INFRASTRUCTURE PLC ORD 0.0,-4.411159248824687,0.0002836215451955204,0.05,0.0003647659140189451,True,0.7077430196161647,0.9195985140466187,9.828420985831944,-0.00010037254115414758,-0.07052477519625423,29.0,-1.9325309180522807,2.1381830003145432,False,,0.8,-0.006366342834056784,-0.8029351800058697,-0.44873445579941706,False,mixed signal
ENERGY_UTILITIES,SSE.L,SVT.L,SSE PLC ORD 50P,SEVERN TRENT PLC ORD 97 17/19P,-4.3491503714312785,0.0003647659140189451,0.05,0.0003647659140189451,True,2.3958060759189763,-11.374917848718514,9.567326181907136,-5.712860956951815e-05,-0.07244941453660926,29.0,-1.1270879690427933,3.1273819174718698,False,,0.4,-0.04178901198779077,-1.0003479345931234,-1.7826988568425097,False,mixed signal
ENERGY_UTILITIES,NG.L,SVT.L,NATIONAL GRID PLC ORD 12 204/47,SEVERN TRENT PLC ORD 97 17/19P,-3.8967192918138576,0.002059124413908235,0.05,0.0003647659140189451,False,1.4253957456933473,-4.282245400688666,,,,,,,,,,,,,,
ENERGY_UTILITIES,TRIG.L,UKW.L,THE RENEWABLES INFRASTRUCTURE G,GREENCOAT UK WIND PLC ORD 1P,-3.652983395759998,0.004825248169199756,0.05,0.0003647659140189451,False,1.0787107354394803,-0.7259317595155252,,,,,,,,,,,,,,
ENERGY_UTILITIES,GCP.L,INPP.L,GCP INFRASTRUCTURE INVESTMENTS ,INTERNATIONAL PUBLIC PARTNERSHI,-3.595999161933438,0.005837977452799069,0.05,0.0003647659140189451,False,0.5734207766721955,1.5462768176824135,,,,,,,,,,,,,,
ENERGY_UTILITIES,ENOG.L,NG.L,ENERGEAN PLC ORD 1P,NATIONAL GRID PLC ORD 12 204/47,-3.584716959032063,0.0060600190618920954,0.05,0.0003647659140189451,False,-0.7105068131563672,11.770641749762714,,,,,,,,,,,,,,
ENERGY_UTILITIES,BP.L,ENOG.L,BP PLC $0.25,ENERGEAN PLC ORD 1P,-3.498936916366414,0.008014438312340152,0.05,0.0003647659140189451,False,-2.6114950960311374,23.843873600126713,,,,,,,,,,,,,,
ENERGY_UTILITIES,HBR.L,PNN.L,HARBOUR ENERGY PLC ORD 0.002P,PENNON GROUP PLC ORD 61 1/20P,-3.45743350159623,0.009150002171378,0.05,0.0003647659140189451,False,2.242506025453886,-8.581534279064638,,,,,,,,,,,,,,
ENERGY_UTILITIES,ENOG.L,GCP.L,ENERGEAN PLC ORD 1P,GCP INFRASTRUCTURE INVESTMENTS ,-3.402253296240147,0.010882296319305304,0.05,0.0003647659140189451,False,-8.292630040241956,42.543392676937394,,,,,,,,,,,,,,
ENERGY_UTILITIES,ENOG.L,HICL.L,ENERGEAN PLC ORD 1P,HICL INFRASTRUCTURE PLC ORD 0.0,-3.3622097735837055,0.012316609083387465,0.05,0.0003647659140189451,False,-3.0992308119413443,21.65014532585788,,,,,,,,,,,,,,
ENERGY_UTILITIES,CNA.L,UKW.L,CENTRICA PLC ORD 6 14/81P,GREENCOAT UK WIND PLC ORD 1P,-3.3534922909240774,0.012650251996817095,0.05,0.0003647659140189451,False,-1.4031017699563733,11.690106930581031,,,,,,,,,,,,,,
ENERGY_UTILITIES,CNA.L,ENOG.L,CENTRICA PLC ORD 6 14/81P,ENERGEAN PLC ORD 1P,-3.3038774760260496,0.014706038391066241,0.05,0.0003647659140189451,False,-3.1243289556221954,26.315255446687896,,,,,,,,,,,,,,
ENERGY_UTILITIES,NG.L,SSE.L,NATIONAL GRID PLC ORD 12 204/47,SSE PLC ORD 50P,-3.2568819474130395,0.016919361813344757,0.05,0.0003647659140189451,False,0.5979573188556231,2.462583613353318,,,,,,,,,,,,,,
ENERGY_UTILITIES,ENOG.L,UU.L,ENERGEAN PLC ORD 1P,UNITED UTILITIES GROUP PLC ORD ,-3.21398505225063,0.019189307415814608,0.05,0.0003647659140189451,False,-0.7401307828377192,12.015316909291545,,,,,,,,,,,,,,
ENERGY_UTILITIES,INPP.L,SSE.L,INTERNATIONAL PUBLIC PARTNERSHI,SSE PLC ORD 50P,-3.1717770254742046,0.021677568847118,0.05,0.0003647659140189451,False,0.2634341776782397,2.824994597062933,,,,,,,,,,,,,,
ENERGY_UTILITIES,GCP.L,SSE.L,GCP INFRASTRUCTURE INVESTMENTS ,SSE PLC ORD 50P,-3.132211768388619,0.024259405265870556,0.05,0.0003647659140189451,False,0.07719949783019707,3.7252841545411086,,,,,,,,,,,,,,
ENERGY_UTILITIES,BP.L,SVT.L,BP PLC $0.25,SEVERN TRENT PLC ORD 97 17/19P,-3.1275895274376,0.02457767629340306,0.05,0.0003647659140189451,False,2.1038617945270683,-10.56330237638159,,,,,,,,,,,,,,
ENERGY_UTILITIES,DCC.L,ENOG.L,DCC ENERGY PLC ORD EUR0.25 (CDI,ENERGEAN PLC ORD 1P,-3.117238345848859,0.02530349777675758,0.05,0.0003647659140189451,False,-0.6188520856151059,12.745518030468457,,,,,,,,,,,,,,
ENERGY_UTILITIES,CNA.L,TRIG.L,CENTRICA PLC ORD 6 14/81P,THE RENEWABLES INFRASTRUCTURE G,-3.0762375369043045,0.02836243008040085,0.05,0.0003647659140189451,False,-1.2998805093307306,10.74219429926368,,,,,,,,,,,,,,
ENERGY_UTILITIES,ENOG.L,PNN.L,ENERGEAN PLC ORD 1P,PENNON GROUP PLC ORD 61 1/20P,-3.0184993085644,0.03320254269576548,0.05,0.0003647659140189451,False,0.658551535346201,2.6844757761973144,,,,,,,,,,,,,,
ENERGY_UTILITIES,NG.L,UU.L,NATIONAL GRID PLC ORD 12 204/47,UNITED UTILITIES GROUP PLC ORD ,-3.017753908641143,0.033269344851640244,0.05,0.0003647659140189451,False,1.0267114636790236,-0.23889158161470192,,,,,,,,,,,,,,
ENERGY_UTILITIES,DCC.L,GCP.L,DCC ENERGY PLC ORD EUR0.25 (CDI,GCP INFRASTRUCTURE INVESTMENTS ,-3.0102572247080235,0.033947544447160194,0.05,0.0003647659140189451,False,4.9444179209591,-12.774514873706385,,,,,,,,,,,,,,
ENERGY_UTILITIES,INPP.L,SVT.L,INTERNATIONAL PUBLIC PARTNERSHI,SEVERN TRENT PLC ORD 97 17/19P,-2.997891326037165,0.035091793696990774,0.05,0.0003647659140189451,False,0.6371334336170221,-0.21896235329657188,,,,,,,,,,,,,,
ENERGY_UTILITIES,ENOG.L,INPP.L,ENERGEAN PLC ORD 1P,INTERNATIONAL PUBLIC PARTNERSHI,-2.9973369660863103,0.035143843661358164,0.05,0.0003647659140189451,False,-2.8173159790128133,20.381936133467725,,,,,,,,,,,,,,
ENERGY_UTILITIES,ENOG.L,SSE.L,ENERGEAN PLC ORD 1P,SSE PLC ORD 50P,-2.9731852766518427,0.03747557669436911,0.05,0.0003647659140189451,False,-0.2923774252637473,9.018151417614842,,,,,,,,,,,,,,
ENERGY_UTILITIES,BP.L,NG.L,BP PLC $0.25,NATIONAL GRID PLC ORD 12 204/47,-2.966684847149186,0.03812493044641481,0.05,0.0003647659140189451,False,1.2420028215164787,-2.607482233302166,,,,,,,,,,,,,,
ENERGY_UTILITIES,BP.L,SSE.L,BP PLC $0.25,SSE PLC ORD 50P,-2.9565430070772702,0.039156888562015664,0.05,0.0003647659140189451,False,0.6418188596729225,1.2144333324561511,,,,,,,,,,,,,,
ENERGY_UTILITIES,GCP.L,NG.L,GCP INFRASTRUCTURE INVESTMENTS ,NATIONAL GRID PLC ORD 12 204/47,-2.949328043001054,0.0399051939680085,0.05,0.0003647659140189451,False,0.059738730881324115,3.892153675215259,,,,,,,,,,,,,,
ENERGY_UTILITIES,CNA.L,SVT.L,CENTRICA PLC ORD 6 14/81P,SEVERN TRENT PLC ORD 97 17/19P,-2.93605541030629,0.04131303317086961,0.05,0.0003647659140189451,False,2.6164713852483485,-15.635143318405781,,,,,,,,,,,,,,
ENERGY_UTILITIES,GCP.L,SVT.L,GCP INFRASTRUCTURE INVESTMENTS ,SEVERN TRENT PLC ORD 97 17/19P,-2.935498579695548,0.0413729916462683,0.05,0.0003647659140189451,False,0.0920303734633356,3.5819421793828585,,,,,,,,,,,,,,
ENERGY_UTILITIES,BP.L,GCP.L,BP PLC $0.25,GCP INFRASTRUCTURE INVESTMENTS ,-2.927498734303368,0.04224244610124252,0.05,0.0003647659140189451,False,9.316200768141018,-34.076864878308925,,,,,,,,,,,,,,
ENERGY_UTILITIES,ENOG.L,SVT.L,ENERGEAN PLC ORD 1P,SEVERN TRENT PLC ORD 97 17/19P,-2.884391003682229,0.047193452830387096,0.05,0.0003647659140189451,False,-1.3641857008698053,17.59213566188803,,,,,,,,,,,,,,
ENERGY_UTILITIES,GCP.L,UU.L,GCP INFRASTRUCTURE INVESTMENTS ,UNITED UTILITIES GROUP PLC ORD ,-2.830458475979494,0.05405298122733624,0.05,0.0003647659140189451,False,0.023461157706286175,4.144504105422346,,,,,,,,,,,,,,
ENERGY_UTILITIES,CNA.L,PNN.L,CENTRICA PLC ORD 6 14/81P,PENNON GROUP PLC ORD 61 1/20P,-2.8301421378019542,0.05409549938721751,0.05,0.0003647659140189451,False,-4.215482779350446,31.43000488137193,,,,,,,,,,,,,,
ENERGY_UTILITIES,BP.L,FSFL.L,BP PLC $0.25,FORESIGHT SOLAR FUND LIMITED OR,-2.8181272117775533,0.055730714857007424,0.05,0.0003647659140189451,False,-0.9826612164522656,10.326061861574159,,,,,,,,,,,,,,
ENERGY_UTILITIES,SVT.L,TRIG.L,SEVERN TRENT PLC ORD 97 17/19P,THE RENEWABLES INFRASTRUCTURE G,-2.795184447926845,0.05896493464980047,0.05,0.0003647659140189451,False,-0.39407569607125853,9.631754255795707,,,,,,,,,,,,,,
ENERGY_UTILITIES,BP.L,TRIG.L,BP PLC $0.25,THE RENEWABLES INFRASTRUCTURE G,-2.7881858247263263,0.05998125615221811,0.05,0.0003647659140189451,False,-0.8743029762445824,9.898451357809957,,,,,,,,,,,,,,
ENERGY_UTILITIES,INPP.L,NG.L,INTERNATIONAL PUBLIC PARTNERSHI,NATIONAL GRID PLC ORD 12 204/47,-2.7787901378994344,0.06136789765976397,0.05,0.0003647659140189451,False,0.37239121624557847,2.2164949082890146,,,,,,,,,,,,,,
ENERGY_UTILITIES,UKW.L,UU.L,GREENCOAT UK WIND PLC ORD 1P,UNITED UTILITIES GROUP PLC ORD ,-2.7573839527238757,0.06462372535651778,0.05,0.0003647659140189451,False,-1.2612903351701235,13.60855285113499,,,,,,,,,,,,,,
ENERGY_UTILITIES,CNA.L,GCP.L,CENTRICA PLC ORD 6 14/81P,GCP INFRASTRUCTURE INVESTMENTS ,-2.7568703471311293,0.06470351491966901,0.05,0.0003647659140189451,False,-97.34662465490162,424.58594914008756,,,,,,,,,,,,,,
ENERGY_UTILITIES,SSE.L,UU.L,SSE PLC ORD 50P,UNITED UTILITIES GROUP PLC ORD ,-2.748023093640018,0.06609040037628096,0.05,0.0003647659140189451,False,1.7611954005604988,-4.8287469438518915,,,,,,,,,,,,,,
ENERGY_UTILITIES,HICL.L,INPP.L,HICL INFRASTRUCTURE PLC ORD 0.0,INTERNATIONAL PUBLIC PARTNERSHI,-2.7313396447399483,0.06877036503381705,0.05,0.0003647659140189451,False,0.8991529591866906,0.45683453727952816,,,,,,,,,,,,,,
ENERGY_UTILITIES,INPP.L,UU.L,INTERNATIONAL PUBLIC PARTNERSHI,UNITED UTILITIES GROUP PLC ORD ,-2.7008068252167297,0.07389875707227278,0.05,0.0003647659140189451,False,0.40731683289093973,1.9516893445151449,,,,,,,,,,,,,,
ENERGY_UTILITIES,DCC.L,HICL.L,DCC ENERGY PLC ORD EUR0.25 (CDI,HICL INFRASTRUCTURE PLC ORD 0.0,-2.6983362972436313,0.07432660501037562,0.05,0.0003647659140189451,False,2.492490319255544,-3.40467672020033,,,,,,,,,,,,,,
ENERGY_UTILITIES,GCP.L,HBR.L,GCP INFRASTRUCTURE INVESTMENTS ,HARBOUR ENERGY PLC ORD 0.002P,-2.6863716230424846,0.07642640945008755,0.05,0.0003647659140189451,False,0.09364489521466779,3.799353884937161,,,,,,,,,,,,,,
ENERGY_UTILITIES,SVT.L,UU.L,SEVERN TRENT PLC ORD 97 17/19P,UNITED UTILITIES GROUP PLC ORD ,-2.6625234254071337,0.08075087486298144,0.05,0.0003647659140189451,False,0.7200002649267261,2.8387581830372275,,,,,,,,,,,,,,
ENERGY_UTILITIES,BP.L,UU.L,BP PLC $0.25,UNITED UTILITIES GROUP PLC ORD ,-2.658873188885878,0.08142935362086601,0.05,0.0003647659140189451,False,1.3175760836079593,-3.2026578354735786,,,,,,,,,,,,,,
ENERGY_UTILITIES,PNN.L,TRIG.L,PENNON GROUP PLC ORD 61 1/20P,THE RENEWABLES INFRASTRUCTURE G,-2.652538183257912,0.08261741861416966,0.05,0.0003647659140189451,False,0.5695855623731828,3.7645546617201666,,,,,,,,,,,,,,
ENERGY_UTILITIES,BP.L,PNN.L,BP PLC $0.25,PENNON GROUP PLC ORD 61 1/20P,-2.6127256103596417,0.09039556232539703,0.05,0.0003647659140189451,False,9.4243991821116,-52.8940141353109,,,,,,,,,,,,,,
ENERGY_UTILITIES,NG.L,PNN.L,NATIONAL GRID PLC ORD 12 204/47,PENNON GROUP PLC ORD 61 1/20P,-2.597663135926412,0.09348121223668732,0.05,0.0003647659140189451,False,2.5006261686036915,-8.657010658371778,,,,,,,,,,,,,,
ENERGY_UTILITIES,NG.L,UKW.L,NATIONAL GRID PLC ORD 12 204/47,GREENCOAT UK WIND PLC ORD 1P,-2.5955160892329467,0.09392754646117851,0.05,0.0003647659140189451,False,-0.8259339481094401,10.895058201573303,,,,,,,,,,,,,,
ENERGY_UTILITIES,CNA.L,FSFL.L,CENTRICA PLC ORD 6 14/81P,FORESIGHT SOLAR FUND LIMITED OR,-2.5897811126288546,0.09512775034333182,0.05,0.0003647659140189451,False,-1.4606715532185508,11.376599491347571,,,,,,,,,,,,,,
ENERGY_UTILITIES,BP.L,UKW.L,BP PLC $0.25,GREENCOAT UK WIND PLC ORD 1P,-2.579072628833501,0.09740012609656679,0.05,0.0003647659140189451,False,-1.003080078066115,10.816703736652615,,,,,,,,,,,,,,
ENERGY_UTILITIES,HICL.L,SSE.L,HICL INFRASTRUCTURE PLC ORD 0.0,SSE PLC ORD 50P,-2.5781575887988555,0.0975962018686779,0.05,0.0003647659140189451,False,0.1514452302136027,3.643564742178271,,,,,,,,,,,,,,
ENERGY_UTILITIES,PNN.L,SSE.L,PENNON GROUP PLC ORD 61 1/20P,SSE PLC ORD 50P,-2.569012381867306,0.09957238492326265,0.05,0.0003647659140189451,False,0.2632957387363295,4.263742111441678,,,,,,,,,,,,,,
ENERGY_UTILITIES,ENOG.L,UKW.L,ENERGEAN PLC ORD 1P,GREENCOAT UK WIND PLC ORD 1P,-2.522785398079207,0.11002835737110167,0.05,0.0003647659140189451,False,0.49782573916705897,4.4505629344980875,,,,,,,,,,,,,,
ENERGY_UTILITIES,FSFL.L,SVT.L,FORESIGHT SOLAR FUND LIMITED OR,SEVERN TRENT PLC ORD 97 17/19P,-2.4918271920261104,0.1174755421367551,0.05,0.0003647659140189451,False,-2.087905051918292,20.838233923622667,,,,,,,,,,,,,,
ENERGY_UTILITIES,CNA.L,UU.L,CENTRICA PLC ORD 6 14/81P,UNITED UTILITIES GROUP PLC ORD ,-2.4853718243784435,0.1190742076841611,0.05,0.0003647659140189451,False,1.707945278195729,-6.9692031920767326,,,,,,,,,,,,,,
ENERGY_UTILITIES,GCP.L,PNN.L,GCP INFRASTRUCTURE INVESTMENTS ,PENNON GROUP PLC ORD 61 1/20P,-2.480243316643359,0.12035563643225616,0.05,0.0003647659140189451,False,0.12449588440768074,3.530717031429978,,,,,,,,,,,,,,
ENERGY_UTILITIES,CNA.L,NG.L,CENTRICA PLC ORD 6 14/81P,NATIONAL GRID PLC ORD 12 204/47,-2.466263571793747,0.12389999012650371,0.05,0.0003647659140189451,False,1.6537012262653445,-6.503247838745639,,,,,,,,,,,,,,
ENERGY_UTILITIES,GCP.L,UKW.L,GCP INFRASTRUCTURE INVESTMENTS ,GREENCOAT UK WIND PLC ORD 1P,-2.462308605641805,0.12491639660310566,0.05,0.0003647659140189451,False,0.10608407522931544,3.807965197128178,,,,,,,,,,,,,,
ENERGY_UTILITIES,BP.L,CNA.L,BP PLC $0.25,CENTRICA PLC ORD 6 14/81P,-2.455582439677043,0.12665890772468608,0.05,0.0003647659140189451,False,0.6478258114074474,2.7984565601981717,,,,,,,,,,,,,,
ENERGY_UTILITIES,FSFL.L,PNN.L,FORESIGHT SOLAR FUND LIMITED OR,PENNON GROUP PLC ORD 61 1/20P,-2.4552134421151197,0.1267550101376998,0.05,0.0003647659140189451,False,3.95083820427674,-20.39147224376196,,,,,,,,,,,,,,
ENERGY_UTILITIES,HICL.L,UU.L,HICL INFRASTRUCTURE PLC ORD 0.0,UNITED UTILITIES GROUP PLC ORD ,-2.443521849205015,0.1298274475157703,0.05,0.0003647659140189451,False,0.2210838246772619,3.233577702084897,,,,,,,,,,,,,,
ENERGY_UTILITIES,GCP.L,TRIG.L,GCP INFRASTRUCTURE INVESTMENTS ,THE RENEWABLES INFRASTRUCTURE G,-2.4421303524377267,0.13019667192482215,0.05,0.0003647659140189451,False,0.10832410785967013,3.8356842263009514,,,,,,,,,,,,,,
ENERGY_UTILITIES,FSFL.L,GCP.L,FORESIGHT SOLAR FUND LIMITED OR,GCP INFRASTRUCTURE INVESTMENTS ,-2.4260560627095566,0.1345169083957593,0.05,0.0003647659140189451,False,8.066432945677565,-30.435384177660964,,,,,,,,,,,,,,
ENERGY_UTILITIES,HICL.L,SVT.L,HICL INFRASTRUCTURE PLC ORD 0.0,SEVERN TRENT PLC ORD 97 17/19P,-2.4192209437317445,0.13638476355915213,0.05,0.0003647659140189451,False,0.3905359258353973,1.7018316932761235,,,,,,,,,,,,,,
ENERGY_UTILITIES,BP.L,INPP.L,BP PLC $0.25,INTERNATIONAL PUBLIC PARTNERSHI,-2.4080263741350523,0.13948382726909764,0.05,0.0003647659140189451,False,3.3551985256052483,-10.096286147754647,,,,,,,,,,,,,,
ENERGY_UTILITIES,FSFL.L,SSE.L,FORESIGHT SOLAR FUND LIMITED OR,SSE PLC ORD 50P,-2.402426561346204,0.14105270066958253,0.05,0.0003647659140189451,False,-0.6016321922069979,8.88247129497151,,,,,,,,,,,,,,
ENERGY_UTILITIES,FSFL.L,TRIG.L,FORESIGHT SOLAR FUND LIMITED OR,THE RENEWABLES INFRASTRUCTURE G,-2.3943683735951065,0.14333220660082763,0.05,0.0003647659140189451,False,0.932505837052633,0.24798497995699176,,,,,,,,,,,,,,
ENERGY_UTILITIES,HICL.L,NG.L,HICL INFRASTRUCTURE PLC ORD 0.0,NATIONAL GRID PLC ORD 12 204/47,-2.3719993669677404,0.14979581678933018,0.05,0.0003647659140189451,False,0.17924401621230462,3.5372369779309727,,,,,,,,,,,,,,
ENERGY_UTILITIES,BP.L,HICL.L,BP PLC $0.25,HICL INFRASTRUCTURE PLC ORD 0.0,-2.3465471254597983,0.15739455897841576,0.05,0.0003647659140189451,False,6.259388716284005,-23.909431963030816,,,,,,,,,,,,,,
ENERGY_UTILITIES,HBR.L,HICL.L,HARBOUR ENERGY PLC ORD 0.002P,HICL INFRASTRUCTURE PLC ORD 0.0,-2.3258228842959072,0.16377476719206008,0.05,0.0003647659140189451,False,6.312331286441433,-24.786434498615066,,,,,,,,,,,,,,
ENERGY_UTILITIES,ENOG.L,FSFL.L,ENERGEAN PLC ORD 1P,FORESIGHT SOLAR FUND LIMITED OR,-2.3250660015112934,0.1640110707239752,0.05,0.0003647659140189451,False,0.3517683493184699,5.282378698047308,,,,,,,,,,,,,,
ENERGY_UTILITIES,DCC.L,INPP.L,DCC ENERGY PLC ORD EUR0.25 (CDI,INTERNATIONAL PUBLIC PARTNERSHI,-2.298621661724319,0.17241289840977825,0.05,0.0003647659140189451,False,2.306608941322665,-2.581572435362581,,,,,,,,,,,,,,
ENERGY_UTILITIES,FSFL.L,UKW.L,FORESIGHT SOLAR FUND LIMITED OR,GREENCOAT UK WIND PLC ORD 1P,-2.2960409004277906,0.17324803953294415,0.05,0.0003647659140189451,False,1.0137918776486932,-0.4662543491227851,,,,,,,,,,,,,,
ENERGY_UTILITIES,PNN.L,UKW.L,PENNON GROUP PLC ORD 61 1/20P,GREENCOAT UK WIND PLC ORD 1P,-2.2920604832479667,0.17454141123754435,0.05,0.0003647659140189451,False,0.6231162497149568,3.3099382252601166,,,,,,,,,,,,,,
ENERGY_UTILITIES,ENOG.L,TRIG.L,ENERGEAN PLC ORD 1P,THE RENEWABLES INFRASTRUCTURE G,-2.2778287765842875,0.17921835892615112,0.05,0.0003647659140189451,False,0.4021135220623345,5.045435115674287,,,,,,,,,,,,,,
ENERGY_UTILITIES,NG.L,TRIG.L,NATIONAL GRID PLC ORD 12 204/47,THE RENEWABLES INFRASTRUCTURE G,-2.2671362295686186,0.18278629971302723,0.05,0.0003647659140189451,False,-0.726485435492192,10.16779005782129,,,,,,,,,,,,,,
ENERGY_UTILITIES,FSFL.L,NG.L,FORESIGHT SOLAR FUND LIMITED OR,NATIONAL GRID PLC ORD 12 204/47,-2.19494803987298,0.208084133925233,0.05,0.0003647659140189451,False,-1.2486977300722508,13.055381347666273,,,,,,,,,,,,,,
ENERGY_UTILITIES,DCC.L,SVT.L,DCC ENERGY PLC ORD EUR0.25 (CDI,SEVERN TRENT PLC ORD 97 17/19P,-2.147719245570997,0.22576412723434042,0.05,0.0003647659140189451,False,1.5811621631601809,-3.968664134087188,,,,,,,,,,,,,,
ENERGY_UTILITIES,TRIG.L,UU.L,THE RENEWABLES INFRASTRUCTURE G,UNITED UTILITIES GROUP PLC ORD ,-2.1392668504962504,0.22902102805484853,0.05,0.0003647659140189451,False,-1.4547284997103056,14.61663835860565,,,,,,,,,,,,,,
ENERGY_UTILITIES,HBR.L,SVT.L,HARBOUR ENERGY PLC ORD 0.002P,SEVERN TRENT PLC ORD 97 17/19P,-2.1334460410439338,0.23128012848483687,0.05,0.0003647659140189451,False,11.06315534742321,-82.03177393847038,,,,,,,,,,,,,,
ENERGY_UTILITIES,SSE.L,UKW.L,SSE PLC ORD 50P,GREENCOAT UK WIND PLC ORD 1P,-2.1023832422251676,0.2435573683519931,0.05,0.0003647659140189451,False,-1.7733772237711227,15.956572047811724,,,,,,,,,,,,,,
ENERGY_UTILITIES,PNN.L,UU.L,PENNON GROUP PLC ORD 61 1/20P,UNITED UTILITIES GROUP PLC ORD ,-2.0659156452840635,0.25843903725650497,0.05,0.0003647659140189451,False,0.6664682978732538,1.565006359386385,,,,,,,,,,,,,,
ENERGY_UTILITIES,CNA.L,HICL.L,CENTRICA PLC ORD 6 14/81P,HICL INFRASTRUCTURE PLC ORD 0.0,-2.052204841817035,0.26416216348192256,0.05,0.0003647659140189451,False,93.17269258308559,-441.24000495765523,,,,,,,,,,,,,,
ENERGY_UTILITIES,FSFL.L,UU.L,FORESIGHT SOLAR FUND LIMITED OR,UNITED UTILITIES GROUP PLC ORD ,-1.9746608700721178,0.2977927287184964,0.05,0.0003647659140189451,False,-1.310084137224425,13.55102430553362,,,,,,,,,,,,,,
ENERGY_UTILITIES,HBR.L,SSE.L,HARBOUR ENERGY PLC ORD 0.002P,SSE PLC ORD 50P,-1.9631724236237382,0.30295038875049113,0.05,0.0003647659140189451,False,0.8935471863473645,-1.3145017039452966,,,,,,,,,,,,,,
ENERGY_UTILITIES,SVT.L,UKW.L,SEVERN TRENT PLC ORD 97 17/19P,GREENCOAT UK WIND PLC ORD 1P,-1.941933909167168,0.31259834286307675,0.05,0.0003647659140189451,False,-0.48195099373926803,10.186720565188024,,,,,,,,,,,,,,
ENERGY_UTILITIES,FSFL.L,HICL.L,FORESIGHT SOLAR FUND LIMITED OR,HICL INFRASTRUCTURE PLC ORD 0.0,-1.9005566336458353,0.33179929800942953,0.05,0.0003647659140189451,False,8.077770726616082,-34.364030193387606,,,,,,,,,,,,,,
ENERGY_UTILITIES,ENOG.L,HBR.L,ENERGEAN PLC ORD 1P,HARBOUR ENERGY PLC ORD 0.002P,-1.8949844484324738,0.3344242507872216,0.05,0.0003647659140189451,False,0.16638461832884371,5.89821718141611,,,,,,,,,,,,,,
ENERGY_UTILITIES,HICL.L,PNN.L,HICL INFRASTRUCTURE PLC ORD 0.0,PENNON GROUP PLC ORD 61 1/20P,-1.8904016745851329,0.33658985080930354,0.05,0.0003647659140189451,False,0.24675227769402897,3.246083283833774,,,,,,,,,,,,,,
ENERGY_UTILITIES,FSFL.L,INPP.L,FORESIGHT SOLAR FUND LIMITED OR,INTERNATIONAL PUBLIC PARTNERSHI,-1.8721912800564,0.3452541367013074,0.05,0.0003647659140189451,False,-10.416161568871578,54.52510097781495,,,,,,,,,,,,,,
ENERGY_UTILITIES,HBR.L,INPP.L,HARBOUR ENERGY PLC ORD 0.002P,INTERNATIONAL PUBLIC PARTNERSHI,-1.860045378156247,0.351084011460308,0.05,0.0003647659140189451,False,4.937618550882745,-18.34558482997204,,,,,,,,,,,,,,
ENERGY_UTILITIES,SSE.L,TRIG.L,SSE PLC ORD 50P,THE RENEWABLES INFRASTRUCTURE G,-1.8580853421537373,0.3520285327876388,0.05,0.0003647659140189451,False,-1.704706134795119,15.028875557848345,,,,,,,,,,,,,,
ENERGY_UTILITIES,HICL.L,UKW.L,HICL INFRASTRUCTURE PLC ORD 0.0,GREENCOAT UK WIND PLC ORD 1P,-1.8319594103920753,0.3647140985069699,0.05,0.0003647659140189451,False,0.11858763444161871,4.229136138841013,,,,,,,,,,,,,,
ENERGY_UTILITIES,CNA.L,INPP.L,CENTRICA PLC ORD 6 14/81P,INTERNATIONAL PUBLIC PARTNERSHI,-1.8306779665169497,0.36534077671632026,0.05,0.0003647659140189451,False,8.467499990462649,-35.75154908210775,,,,,,,,,,,,,,
ENERGY_UTILITIES,HICL.L,TRIG.L,HICL INFRASTRUCTURE PLC ORD 0.0,THE RENEWABLES INFRASTRUCTURE G,-1.8106478227658322,0.37518830583786955,0.05,0.0003647659140189451,False,0.14876747161924803,4.139024228095664,,,,,,,,,,,,,,
ENERGY_UTILITIES,INPP.L,UKW.L,INTERNATIONAL PUBLIC PARTNERSHI,GREENCOAT UK WIND PLC ORD 1P,-1.7954964788420646,0.3826998480713432,0.05,0.0003647659140189451,False,-0.06540090682197523,5.128430385675917,,,,,,,,,,,,,,
ENERGY_UTILITIES,PNN.L,SVT.L,PENNON GROUP PLC ORD 61 1/20P,SEVERN TRENT PLC ORD 97 17/19P,-1.728021923002801,0.41673562528905395,0.05,0.0003647659140189451,False,3.0032474805087745,-17.491163994799873,,,,,,,,,,,,,,
ENERGY_UTILITIES,FSFL.L,HBR.L,FORESIGHT SOLAR FUND LIMITED OR,HARBOUR ENERGY PLC ORD 0.002P,-1.7072174684592454,0.42739770916048053,0.05,0.0003647659140189451,False,0.0037437719730136795,4.307851740850241,,,,,,,,,,,,,,
ENERGY_UTILITIES,BP.L,DCC.L,BP PLC $0.25,DCC ENERGY PLC ORD EUR0.25 (CDI,-1.7003797570396086,0.43091682524525166,0.05,0.0003647659140189451,False,2.9605765996673306,-19.193529523068165,,,,,,,,,,,,,,
ENERGY_UTILITIES,CNA.L,HBR.L,CENTRICA PLC ORD 6 14/81P,HARBOUR ENERGY PLC ORD 0.002P,-1.6484071948855679,0.45787125177445853,0.05,0.0003647659140189451,False,-1.011539626068791,10.566773797725979,,,,,,,,,,,,,,
ENERGY_UTILITIES,INPP.L,TRIG.L,INTERNATIONAL PUBLIC PARTNERSHI,THE RENEWABLES INFRASTRUCTURE G,-1.6009993716161204,0.48309143221191175,0.05,0.0003647659140189451,False,-9.266967756989876e-05,4.819536546058195,,,,,,,,,,,,,,
ENERGY_UTILITIES,HBR.L,TRIG.L,HARBOUR ENERGY PLC ORD 0.002P,THE RENEWABLES INFRASTRUCTURE G,-1.5820550817222747,0.49260125935912524,0.05,0.0003647659140189451,False,2.1309943727591723,-3.874923063559444,,,,,,,,,,,,,,
ENERGY_UTILITIES,INPP.L,PNN.L,INTERNATIONAL PUBLIC PARTNERSHI,PENNON GROUP PLC ORD 61 1/20P,-1.55426131370945,0.5065189279200586,0.05,0.0003647659140189451,False,0.33243042532664535,2.7391701954109307,,,,,,,,,,,,,,
ENERGY_UTILITIES,HBR.L,UKW.L,HARBOUR ENERGY PLC ORD 0.002P,GREENCOAT UK WIND PLC ORD 1P,-1.5373548371515973,0.5149582114478455,0.05,0.0003647659140189451,False,2.542501599631891,-6.574760690169637,,,,,,,,,,,,,,
ENERGY_UTILITIES,DCC.L,UU.L,DCC ENERGY PLC ORD EUR0.25 (CDI,UNITED UTILITIES GROUP PLC ORD ,-1.5347519347439025,0.5162554050720202,0.05,0.0003647659140189451,False,0.1259380647860984,7.647695651574533,,,,,,,,,,,,,,
ENERGY_UTILITIES,DCC.L,SSE.L,DCC ENERGY PLC ORD EUR0.25 (CDI,SSE PLC ORD 50P,-1.5031174038993291,0.5319686439476667,0.05,0.0003647659140189451,False,0.06483857734627144,8.043465160877428,,,,,,,,,,,,,,
ENERGY_UTILITIES,BP.L,HBR.L,BP PLC $0.25,HARBOUR ENERGY PLC ORD 0.002P,-1.5010814202207945,0.5329763081157831,0.05,0.0003647659140189451,False,0.6049612972100296,2.776151303541032,,,,,,,,,,,,,,
ENERGY_UTILITIES,DCC.L,FSFL.L,DCC ENERGY PLC ORD EUR0.25 (CDI,FORESIGHT SOLAR FUND LIMITED OR,-1.4464810917398323,0.5598009905473896,0.05,0.0003647659140189451,False,-0.029839866455918827,8.663432857651099,,,,,,,,,,,,,,
ENERGY_UTILITIES,DCC.L,NG.L,DCC ENERGY PLC ORD EUR0.25 (CDI,NATIONAL GRID PLC ORD 12 204/47,-1.4240130444346257,0.5707113707373469,0.05,0.0003647659140189451,False,0.025170290660035264,8.358363607462401,,,,,,,,,,,,,,
ENERGY_UTILITIES,CNA.L,DCC.L,CENTRICA PLC ORD 6 14/81P,DCC ENERGY PLC ORD EUR0.25 (CDI,-1.380898247782502,0.5913987100836853,0.05,0.0003647659140189451,False,-13.217947218146119,117.86008403145995,,,,,,,,,,,,,,
ENERGY_UTILITIES,DCC.L,HBR.L,DCC ENERGY PLC ORD EUR0.25 (CDI,HARBOUR ENERGY PLC ORD 0.002P,-1.3646469315588985,0.5991026370643489,0.05,0.0003647659140189451,False,0.2533894583295566,7.153446164941586,,,,,,,,,,,,,,
ENERGY_UTILITIES,CNA.L,SSE.L,CENTRICA PLC ORD 6 14/81P,SSE PLC ORD 50P,-1.325931935389147,0.6172265121413908,0.05,0.0003647659140189451,False,0.9509237173228227,-2.1438318832982013,,,,,,,,,,,,,,
ENERGY_UTILITIES,DCC.L,TRIG.L,DCC ENERGY PLC ORD EUR0.25 (CDI,THE RENEWABLES INFRASTRUCTURE G,-1.2607818839323741,0.6469183186393572,0.05,0.0003647659140189451,False,0.0889232517142741,8.145186188924848,,,,,,,,,,,,,,
ENERGY_UTILITIES,DCC.L,UKW.L,DCC ENERGY PLC ORD EUR0.25 (CDI,GREENCOAT UK WIND PLC ORD 1P,-1.2363998447527746,0.6577447718938697,0.05,0.0003647659140189451,False,0.12052306730069699,7.964290799180651,,,,,,,,,,,,,,
ENERGY_UTILITIES,HBR.L,NG.L,HARBOUR ENERGY PLC ORD 0.002P,NATIONAL GRID PLC ORD 12 204/47,-1.216869841124491,0.6662969595065598,0.05,0.0003647659140189451,False,13.23427961218385,-87.04471883499575,,,,,,,,,,,,,,
ENERGY_UTILITIES,DCC.L,PNN.L,DCC ENERGY PLC ORD EUR0.25 (CDI,PENNON GROUP PLC ORD 61 1/20P,-1.101275984606906,0.7145627890787644,0.05,0.0003647659140189451,False,0.185559026045776,7.373266962668593,,,,,,,,,,,,,,
ENERGY_UTILITIES,HBR.L,UU.L,HARBOUR ENERGY PLC ORD 0.002P,UNITED UTILITIES GROUP PLC ORD ,-0.9869464888177781,0.757995446015111,0.05,0.0003647659140189451,False,16.72149512172547,-112.26705566108811,,,,,,,,,,,,,,
ES_BANKS,CABK.MC,SAN.MC,"CAIXABANK, S.A.",BANCO SANTANDER S.A.,-4.332010017101147,0.0003908071606837106,0.05,0.006004077299114472,True,0.8901985412899348,0.26921671185657203,9.540392908050702,8.181789981509768e-06,-0.0726539448888976,29.0,-1.6449076034526724,3.0184747050377463,True,2026-10-07 00:00:00,0.4,0.020837060569634382,1.2897306558815391,1.614125595824156,True,mixed signal
ES_BANKS,BBVA.MC,SAN.MC,BANCO BILBAO VIZCAYA ARGENTARIA,BANCO SANTANDER S.A.,-3.5875236658467213,0.006004077299114472,0.05,0.006004077299114472,True,0.9216770528437656,0.8030866129560872,13.250196194031233,-8.173778567385992e-05,-0.05231222016713871,40.0,-2.076667358389871,2.92319722058589,True,2026-10-07 00:00:00,0.8,0.011262153913647616,0.8465298621960189,2.153722484507975,False,mixed signal
ES_BANKS,BKT.MC,SAN.MC,"BANKINTER, S.A.",BANCO SANTANDER S.A.,-3.131847480123201,0.024284359198066884,0.05,0.006004077299114472,False,0.781924798742285,0.8298489173547665,,,,,,,,,,,,,,
ES_BANKS,BKT.MC,SAB.MC,"BANKINTER, S.A.",BANCO DE SABADELL,-3.0343247779362312,0.031810872362691214,0.05,0.006004077299114472,False,1.023259161885149,1.5394598119256222,,,,,,,,,,,,,,
ES_BANKS,BBVA.MC,CABK.MC,BANCO BILBAO VIZCAYA ARGENTARIA,"CAIXABANK, S.A.",-2.984952638101805,0.03632373031841945,0.05,0.006004077299114472,False,1.0355989375407264,0.5238765544162032,,,,,,,,,,,,,,
ES_BANKS,BBVA.MC,BKT.MC,BANCO BILBAO VIZCAYA ARGENTARIA,"BANKINTER, S.A.",-2.425704080381297,0.13461264584153648,0.05,0.006004077299114472,False,1.1796673051823938,-0.17727962044279044,,,,,,,,,,,,,,
ES_BANKS,SAB.MC,SAN.MC,BANCO DE SABADELL,BANCO SANTANDER S.A.,-1.6176707797061318,0.4739506283145176,0.05,0.006004077299114472,False,0.7607746985407731,-0.6869466049963855,,,,,,,,,,,,,,
ES_BANKS,BBVA.MC,SAB.MC,BANCO BILBAO VIZCAYA ARGENTARIA,BANCO DE SABADELL,-1.457894133193229,0.5542282687302569,0.05,0.006004077299114472,False,1.2114624837196721,1.635348995693116,,,,,,,,,,,,,,
ES_BANKS,CABK.MC,SAB.MC,"CAIXABANK, S.A.",BANCO DE SABADELL,-1.3264334394427018,0.616993907342691,0.05,0.006004077299114472,False,1.169541930978081,1.0734822986182393,,,,,,,,,,,,,,
ES_BANKS,BKT.MC,CABK.MC,"BANKINTER, S.A.","CAIXABANK, S.A.",-1.3138154725442783,0.622828255456312,0.05,0.006004077299114472,False,0.8782009372091326,0.5937159418569116,,,,,,,,,,,,,,
ES_UTILITIES,ENC.MC,IBE.MC,"ENCE ENERGIA Y CELULOSA, S.A.",ACCIONES IBERDROLA,-3.2446421844199156,0.0175417356305875,0.05,,False,-0.6272481717907129,2.72064163359898,,,,,,,,,,,,,,
ES_UTILITIES,RED.MC,SLR.MC,"REDEIA CORPORACION, S.A.",SOLARIA ENERGIA Y MEDIO AMBIENT,-3.24148182554677,0.017705655511866793,0.05,,False,-0.09966751686387634,2.977570660826071,,,,,,,,,,,,,,
ES_UTILITIES,ENC.MC,SLR.MC,"ENCE ENERGIA Y CELULOSA, S.A.",SOLARIA ENERGIA Y MEDIO AMBIENT,-3.1658843760031607,0.022046317336855192,0.05,,False,-0.2622390460387249,1.6702777522309815,,,,,,,,,,,,,,
ES_UTILITIES,IBE.MC,NTGY.MC,ACCIONES IBERDROLA,"NATURGY ENERGY GROUP, S.A.",-2.7683054855011897,0.06294566577434184,0.05,,False,1.820214756304204,-3.0204394422318677,,,,,,,,,,,,,,
ES_UTILITIES,ENC.MC,RED.MC,"ENCE ENERGIA Y CELULOSA, S.A.","REDEIA CORPORACION, S.A.",-2.6822665579248417,0.07715751987336252,0.05,,False,3.253632630051848,-7.861563986721098,,,,,,,,,,,,,,
ES_UTILITIES,IBE.MC,RED.MC,ACCIONES IBERDROLA,"REDEIA CORPORACION, S.A.",-2.6749363629495186,0.07847669410162667,0.05,,False,-7.607836938572374,23.47165561252641,,,,,,,,,,,,,,
ES_UTILITIES,NTGY.MC,RED.MC,"NATURGY ENERGY GROUP, S.A.","REDEIA CORPORACION, S.A.",-2.4551705782532003,0.1267661771129051,0.05,,False,-7.38344588550048,23.290648033348397,,,,,,,,,,,,,,
ES_UTILITIES,NTGY.MC,SLR.MC,"NATURGY ENERGY GROUP, S.A.",SOLARIA ENERGIA Y MEDIO AMBIENT,-2.289569266760616,0.17535416240806195,0.05,,False,0.16838697267724606,2.733575138475131,,,,,,,,,,,,,,
ES_UTILITIES,IBE.MC,SLR.MC,ACCIONES IBERDROLA,SOLARIA ENERGIA Y MEDIO AMBIENT,-2.2166134232430754,0.20027109067611726,0.05,,False,0.38218591741584035,1.764853465631877,,,,,,,,,,,,,,
ES_UTILITIES,ENC.MC,NTGY.MC,"ENCE ENERGIA Y CELULOSA, S.A.","NATURGY ENERGY GROUP, S.A.",-2.0524484956655065,0.2640598565410796,0.05,,False,-1.257036905598806,4.97926329933126,,,,,,,,,,,,,,
FINANCIALS,BEZ.L,ICG.L,BEAZLEY PLC ORD 5P,ICG PLC ORD 26 1/4P,-4.323122688090722,0.00040499215607526406,0.05,,False,-2.19088701230428,23.47140481253753,,,,,,,,,,,,,,
FINANCIALS,ASHM.L,INVP.L,ASHMORE GROUP PLC ORD 0.01P,INVESTEC PLC ORD GBP0.0002,-3.9806588823129134,0.001515242813495643,0.05,,False,1.9590928488894723,-7.217350487837787,,,,,,,,,,,,,,
FINANCIALS,BEZ.L,SDR.L,BEAZLEY PLC ORD 5P,SCHRODERS PLC ORD 20P,-3.886510828685916,0.0021363935032922957,0.05,,False,0.9274351034981242,1.2630412487786105,,,,,,,,,,,,,,
FINANCIALS,ABDN.L,MNG.L,ABERDEEN GROUP PLC ORD 13 61/63,M&G PLC,-3.8527678750170886,0.002411296823625882,0.05,,False,0.993090247322386,-0.269945008570855,,,,,,,,,,,,,,
FINANCIALS,PRU.L,STJ.L,PRUDENTIAL PLC ORD 5P,ST. JAMES'S PLACE PLC ORD 15P,-3.8171727799753343,0.0027364217380128034,0.05,,False,0.9329205253167688,0.26498233725558684,,,,,,,,,,,,,,
FINANCIALS,HSBA.L,LGEN.L,HSBC HOLDINGS PLC ORD $0.50 (UK,LEGAL & GENERAL GROUP PLC ORD 2,-3.6624042884277768,0.004674147119933799,0.05,,False,4.043083846443766,-15.373845767900743,,,,,,,,,,,,,,
FINANCIALS,LGEN.L,STAN.L,LEGAL & GENERAL GROUP PLC ORD 2,STANDARD CHARTERED PLC ORD USD0,-3.586115263631033,0.006032090041708857,0.05,,False,0.1905718710345956,4.135469136506715,,,,,,,,,,,,,,
FINANCIALS,BARC.L,NWG.L,BARCLAYS PLC ORD 25P,NATWEST GROUP PLC ORD 107.69P,-3.55564705019688,0.006667819742100756,0.05,,False,1.2147790175936715,-1.7039191977971386,,,,,,,,,,,,,,
FINANCIALS,BGEO.L,LGEN.L,LION FINANCE GROUP PLC ORD 1P,LEGAL & GENERAL GROUP PLC ORD 2,-3.528658345276972,0.0072808782574727005,0.05,,False,5.897013646266513,-23.601069818517217,,,,,,,,,,,,,,
FINANCIALS,LGEN.L,MNG.L,LEGAL & GENERAL GROUP PLC ORD 2,M&G PLC,-3.512874203358223,0.0076625480694346845,0.05,,False,0.3558650759013882,3.5399623009795076,,,,,,,,,,,,,,
FINANCIALS,ICG.L,SDR.L,ICG PLC ORD 26 1/4P,SCHRODERS PLC ORD 20P,-3.496267390372227,0.008083474440596004,0.05,,False,-0.3813237714955541,9.885036675273087,,,,,,,,,,,,,,
FINANCIALS,ABDN.L,BGEO.L,ABERDEEN GROUP PLC ORD 13 61/63,LION FINANCE GROUP PLC ORD 1P,-3.4648166605101123,0.008938010896493874,0.05,,False,0.46521683869089026,1.0906649298002575,,,,,,,,,,,,,,
FINANCIALS,ICG.L,LGEN.L,ICG PLC ORD 26 1/4P,LEGAL & GENERAL GROUP PLC ORD 2,-3.4577952670733887,0.009139510817419927,0.05,,False,-2.2371498720209284,19.898615480147647,,,,,,,,,,,,,,
FINANCIALS,ABDN.L,LGEN.L,ABERDEEN GROUP PLC ORD 13 61/63,LEGAL & GENERAL GROUP PLC ORD 2,-3.438298795953757,0.00972052836284358,0.05,,False,2.8429661792889633,-10.436379431763557,,,,,,,,,,,,,,
FINANCIALS,ABDN.L,STAN.L,ABERDEEN GROUP PLC ORD 13 61/63,STANDARD CHARTERED PLC ORD USD0,-3.411225318342528,0.010582101939300387,0.05,,False,0.5204308738348239,1.473280936421434,,,,,,,,,,,,,,
FINANCIALS,BARC.L,LGEN.L,BARCLAYS PLC ORD 25P,LEGAL & GENERAL GROUP PLC ORD 2,-3.4033153730241406,0.010846368659820901,0.05,,False,4.273723228514318,-17.673075080583114,,,,,,,,,,,,,,
FINANCIALS,BGEO.L,NWG.L,LION FINANCE GROUP PLC ORD 1P,NATWEST GROUP PLC ORD 107.69P,-3.374526520227147,0.01185852598425155,0.05,,False,1.6834380485366582,-1.6112514511707658,,,,,,,,,,,,,,
FINANCIALS,BARC.L,STAN.L,BARCLAYS PLC ORD 25P,STANDARD CHARTERED PLC ORD USD0,-3.371052329814509,0.011986179891100126,0.05,,False,0.832794780636474,-0.13033496616827733,,,,,,,,,,,,,,
FINANCIALS,LGEN.L,LLOY.L,LEGAL & GENERAL GROUP PLC ORD 2,LLOYDS BANKING GROUP PLC ORD 10,-3.3563810391047664,0.012538814133589008,0.05,,False,0.26620637008862363,4.341833400845019,,,,,,,,,,,,,,
FINANCIALS,BGEO.L,LLOY.L,LION FINANCE GROUP PLC ORD 1P,LLOYDS BANKING GROUP PLC ORD 10,-3.2692772501903367,0.016308894761100336,0.05,,False,1.5486747749567302,2.0945963983505687,,,,,,,,,,,,,,
FINANCIALS,AV.L,PRU.L,AVIVA PLC ORD 32 17/19P,PRUDENTIAL PLC ORD 5P,-3.2441243736587095,0.01756850183041154,0.05,,False,0.5882656522660907,2.376931181461904,,,,,,,,,,,,,,
FINANCIALS,LGEN.L,NWG.L,LEGAL & GENERAL GROUP PLC ORD 2,NATWEST GROUP PLC ORD 107.69P,-3.2389492912817133,0.017837977620375832,0.05,,False,0.280325050291663,3.760868806754309,,,,,,,,,,,,,,
FINANCIALS,ABDN.L,HSBA.L,ABERDEEN GROUP PLC ORD 13 61/63,HSBC HOLDINGS PLC ORD $0.50 (UK,-3.2347201980525155,0.018060872070216744,0.05,,False,0.6806575731742375,0.528284227850583,,,,,,,,,,,,,,
FINANCIALS,ABDN.L,LLOY.L,ABERDEEN GROUP PLC ORD 13 61/63,LLOYDS BANKING GROUP PLC ORD 10,-3.2293388608235127,0.018348013733215894,0.05,,False,0.7425813774066745,1.9691058595349236,,,,,,,,,,,,,,
FINANCIALS,NWG.L,PRU.L,NATWEST GROUP PLC ORD 107.69P,PRUDENTIAL PLC ORD 5P,-3.2069294411141276,0.019587063450280152,0.05,,False,0.9562262370644392,-0.2790342821692642,,,,,,,,,,,,,,
FINANCIALS,HSBA.L,ICG.L,HSBC HOLDINGS PLC ORD $0.50 (UK,ICG PLC ORD 26 1/4P,-3.1769639873130107,0.02135741862833573,0.05,,False,-3.536879763388585,33.732515447790874,,,,,,,,,,,,,,
FINANCIALS,AV.L,STJ.L,AVIVA PLC ORD 32 17/19P,ST. JAMES'S PLACE PLC ORD 15P,-3.161743153826202,0.02230870643800627,0.05,,False,0.5354602262021426,2.625873349397949,,,,,,,,,,,,,,
FINANCIALS,NWG.L,STJ.L,NATWEST GROUP PLC ORD 107.69P,ST. JAMES'S PLACE PLC ORD 15P,-3.1609052840979,0.02236212181777621,0.05,,False,0.8955506242042354,-0.049832549596861675,,,,,,,,,,,,,,
FINANCIALS,BEZ.L,LGEN.L,BEAZLEY PLC ORD 5P,LEGAL & GENERAL GROUP PLC ORD 2,-3.142727560677446,0.023548540566521815,0.05,,False,3.549123791449171,-12.690261782397197,,,,,,,,,,,,,,
FINANCIALS,BGEO.L,ICG.L,LION FINANCE GROUP PLC ORD 1P,ICG PLC ORD 26 1/4P,-3.1373690409995763,0.023908495083527267,0.05,,False,-5.23210745317787,48.58061982229538,,,,,,,,,,,,,,
FINANCIALS,ICG.L,LLOY.L,ICG PLC ORD 26 1/4P,LLOYDS BANKING GROUP PLC ORD 10,-3.110031104662285,0.025819693228546364,0.05,,False,-0.3043962175761855,8.921237957778887,,,,,,,,,,,,,,
FINANCIALS,ICG.L,MNG.L,ICG PLC ORD 26 1/4P,M&G PLC,-3.0967185246440776,0.026796987368477996,0.05,,False,-0.41692830448141144,9.893216084396533,,,,,,,,,,,,,,
FINANCIALS,LGEN.L,SDR.L,LEGAL & GENERAL GROUP PLC ORD 2,SCHRODERS PLC ORD 20P,-3.0880457543070654,0.02745059805817889,0.05,,False,0.2660555071321685,3.9030601964180116,,,,,,,,,,,,,,
FINANCIALS,JUP.L,STJ.L,JUPITER FUND MANAGEMENT PLC ORD,ST. JAMES'S PLACE PLC ORD 15P,-3.0766729127507433,0.028328355975534403,0.05,,False,1.5677974114451987,-6.205479148469483,,,,,,,,,,,,,,
FINANCIALS,ASHM.L,ICG.L,ASHMORE GROUP PLC ORD 0.01P,ICG PLC ORD 26 1/4P,-3.0412403088427604,0.03121846624420458,0.05,,False,-2.16073985841183,21.60796174735724,,,,,,,,,,,,,,
FINANCIALS,BGEO.L,STAN.L,LION FINANCE GROUP PLC ORD 1P,STANDARD CHARTERED PLC ORD USD0,-3.009446326831244,0.03402159979629893,0.05,,False,1.1372727035316896,0.6895861975683815,,,,,,,,,,,,,,
FINANCIALS,ABDN.L,ICG.L,ABERDEEN GROUP PLC ORD 13 61/63,ICG PLC ORD 26 1/4P,-2.989066323369203,0.03592816101709122,0.05,,False,-2.823903843365778,26.653838174951726,,,,,,,,,,,,,,
FINANCIALS,ICG.L,NWG.L,ICG PLC ORD 26 1/4P,NATWEST GROUP PLC ORD 107.69P,-2.9659995433215873,0.038193935333115075,0.05,,False,-0.290849130663794,9.401598387512987,,,,,,,,,,,,,,
FINANCIALS,ICG.L,INVP.L,ICG PLC ORD 26 1/4P,INVESTEC PLC ORD GBP0.0002,-2.9563096041427,0.03918091079518007,0.05,,False,-2.365374531585287,22.576527273187832,,,,,,,,,,,,,,
FINANCIALS,BGEO.L,MNG.L,LION FINANCE GROUP PLC ORD 1P,M&G PLC,-2.9139607007831185,0.04374847711723416,0.05,,False,2.0587974636102198,-2.5072313452861383,,,,,,,,,,,,,,
FINANCIALS,ABDN.L,NWG.L,ABERDEEN GROUP PLC ORD 13 61/63,NATWEST GROUP PLC ORD 107.69P,-2.913241972068632,0.04382966375270097,0.05,,False,0.7864450062037793,0.32075477989816736,,,,,,,,,,,,,,
FINANCIALS,ABDN.L,BARC.L,ABERDEEN GROUP PLC ORD 13 61/63,BARCLAYS PLC ORD 25P,-2.91192771453644,0.043978444325629355,0.05,,False,0.6428028434864286,1.4506191382062936,,,,,,,,,,,,,,
FINANCIALS,ICG.L,STAN.L,ICG PLC ORD 26 1/4P,STANDARD CHARTERED PLC ORD USD0,-2.9117635345735313,0.043997059772873874,0.05,,False,-0.18430806945118294,8.917026179421361,,,,,,,,,,,,,,
FINANCIALS,BARC.L,ICG.L,BARCLAYS PLC ORD 25P,ICG PLC ORD 26 1/4P,-2.9089867347268443,0.04431289846491981,0.05,,False,-4.513795436376608,40.125485889460506,,,,,,,,,,,,,,
FINANCIALS,BNKR.L,HSBA.L,BANKERS INVESTMENT TRUST PLC OR,HSBC HOLDINGS PLC ORD $0.50 (UK,-2.8944121596062162,0.04600165655100402,0.05,,False,0.3505474383273154,2.418688206299564,,,,,,,,,,,,,,
FINANCIALS,BGEO.L,HSBA.L,LION FINANCE GROUP PLC ORD 1P,HSBC HOLDINGS PLC ORD $0.50 (UK,-2.889257993762353,0.046611482261064416,0.05,,False,1.450548085324152,-1.12285138672698,,,,,,,,,,,,,,
FINANCIALS,BNKR.L,LGEN.L,BANKERS INVESTMENT TRUST PLC OR,LEGAL & GENERAL GROUP PLC ORD 2,-2.8837142864931655,0.04727484472393661,0.05,,False,1.4051248848246392,-2.9036804033464385,,,,,,,,,,,,,,
FINANCIALS,ICG.L,PRU.L,ICG PLC ORD 26 1/4P,PRUDENTIAL PLC ORD 5P,-2.8740385438760274,0.04845132452539561,0.05,,False,-0.27875313620582326,9.48705857225385,,,,,,,,,,,,,,
FINANCIALS,NWG.L,STAN.L,NATWEST GROUP PLC ORD 107.69P,STANDARD CHARTERED PLC ORD USD0,-2.8586553746152714,0.050371387381518605,0.05,,False,0.6812096733001397,1.3264072487018792,,,,,,,,,,,,,,
FINANCIALS,HSBA.L,SDR.L,HSBC HOLDINGS PLC ORD $0.50 (UK,SCHRODERS PLC ORD 20P,-2.8242705455637207,0.05488965403122388,0.05,,False,1.2028751124285761,-0.35572890066058616,,,,,,,,,,,,,,
FINANCIALS,LLOY.L,NWG.L,LLOYDS BANKING GROUP PLC ORD 10,NATWEST GROUP PLC ORD 107.69P,-2.794175819652723,0.059110538912570454,0.05,,False,1.0784657646744362,-2.339928179929971,,,,,,,,,,,,,,
FINANCIALS,AV.L,ICG.L,AVIVA PLC ORD 32 17/19P,ICG PLC ORD 26 1/4P,-2.7797097380623828,0.061231048561800484,0.05,,False,-1.951660119451114,21.191947376980657,,,,,,,,,,,,,,
FINANCIALS,ICG.L,JUP.L,ICG PLC ORD 26 1/4P,JUPITER FUND MANAGEMENT PLC ORD,-2.779272236884678,0.06129612398424354,0.05,,False,-0.17536269983076294,8.428742571124832,,,,,,,,,,,,,,
FINANCIALS,AJB.L,INVP.L,AJ BELL PLC ORD GBP0.000125,INVESTEC PLC ORD GBP0.0002,-2.7662655170009876,0.06325640950702036,0.05,,False,1.7374516418913903,-4.832635939761931,,,,,,,,,,,,,,
FINANCIALS,BARC.L,BGEO.L,BARCLAYS PLC ORD 25P,LION FINANCE GROUP PLC ORD 1P,-2.7603346405092983,0.06416685959688094,0.05,,False,0.7295391470069733,-0.6111874134470625,,,,,,,,,,,,,,
FINANCIALS,ASHM.L,JUP.L,ASHMORE GROUP PLC ORD 0.01P,JUPITER FUND MANAGEMENT PLC ORD,-2.7210147979027703,0.07047185087154888,0.05,,False,0.3319805084245986,3.6175277612714587,,,,,,,,,,,,,,
FINANCIALS,INVP.L,JUP.L,INVESTEC PLC ORD GBP0.0002,JUPITER FUND MANAGEMENT PLC ORD,-2.711947076536812,0.07199362145257049,0.05,,False,0.15423726681212419,5.6025103705424115,,,,,,,,,,,,,,
FINANCIALS,ABDN.L,JUP.L,ABERDEEN GROUP PLC ORD 13 61/63,JUPITER FUND MANAGEMENT PLC ORD,-2.7086231531578173,0.07255793675165229,0.05,,False,0.4841878053591441,2.9039775619145867,,,,,,,,,,,,,,
FINANCIALS,INVP.L,SDR.L,INVESTEC PLC ORD GBP0.0002,SCHRODERS PLC ORD 20P,-2.6956054083567564,0.07480181743477002,0.05,,False,0.26994562270990624,4.713856625716336,,,,,,,,,,,,,,
FINANCIALS,BGEO.L,STJ.L,LION FINANCE GROUP PLC ORD 1P,ST. JAMES'S PLACE PLC ORD 15P,-2.667129250562258,0.07990109665085421,0.05,,False,1.5789401711582893,-2.192613231401559,,,,,,,,,,,,,,
FINANCIALS,ADM.L,AJB.L,ADMIRAL GROUP PLC ORD 0.1P,AJ BELL PLC ORD GBP0.000125,-2.6623305725680093,0.08078660994714942,0.05,,False,0.9081707357518943,2.417541890021151,,,,,,,,,,,,,,
FINANCIALS,BNKR.L,STAN.L,BANKERS INVESTMENT TRUST PLC OR,STANDARD CHARTERED PLC ORD USD0,-2.637155327010333,0.08555855646506255,0.05,,False,0.27018429443111364,2.8899658713244243,,,,,,,,,,,,,,
FINANCIALS,ADM.L,LGEN.L,ADMIRAL GROUP PLC ORD 0.1P,LEGAL & GENERAL GROUP PLC ORD 2,-2.630679063789622,0.08682083875258201,0.05,,False,1.8177680221292807,-1.9738531271944115,,,,,,,,,,,,,,
FINANCIALS,ABDN.L,ADM.L,ABERDEEN GROUP PLC ORD 13 61/63,ADMIRAL GROUP PLC ORD 0.1P,-2.6278668783475267,0.08737343075093823,0.05,,False,2.075610088803872,-11.45225653922569,,,,,,,,,,,,,,
FINANCIALS,BEZ.L,INVP.L,BEAZLEY PLC ORD 5P,INVESTEC PLC ORD GBP0.0002,-2.627482489216058,0.08744917385664502,0.05,,False,4.945983166884922,-24.495127314673066,,,,,,,,,,,,,,
FINANCIALS,ADM.L,AV.L,ADMIRAL GROUP PLC ORD 0.1P,AVIVA PLC ORD 32 17/19P,-2.6193953900118827,0.08905452441928957,0.05,,False,0.718686912012173,3.448670700935919,,,,,,,,,,,,,,
FINANCIALS,AJB.L,ICG.L,AJ BELL PLC ORD GBP0.000125,ICG PLC ORD 26 1/4P,-2.606276502799422,0.09170696834607905,0.05,,False,-1.378973731221245,16.648143894369436,,,,,,,,,,,,,,
FINANCIALS,LLOY.L,STAN.L,LLOYDS BANKING GROUP PLC ORD 10,STANDARD CHARTERED PLC ORD USD0,-2.586947422828061,0.09572508937200264,0.05,,False,0.7281122168276162,-0.8626332522162317,,,,,,,,,,,,,,
FINANCIALS,ABDN.L,AJB.L,ABERDEEN GROUP PLC ORD 13 61/63,AJ BELL PLC ORD GBP0.000125,-2.58484391643375,0.09617035553962622,0.05,,False,1.9186989241175458,-6.642199094361159,,,,,,,,,,,,,,
FINANCIALS,BEZ.L,HSBA.L,BEAZLEY PLC ORD 5P,HSBC HOLDINGS PLC ORD $0.50 (UK,-2.568469197486662,0.09969071000116064,0.05,,False,0.7677404936227977,1.5597571345725374,,,,,,,,,,,,,,
FINANCIALS,INVP.L,MNG.L,INVESTEC PLC ORD GBP0.0002,M&G PLC,-2.5587846226895463,0.10181830406728098,0.05,,False,0.30129753633005885,4.674252099850856,,,,,,,,,,,,,,
FINANCIALS,ADM.L,BGEO.L,ADMIRAL GROUP PLC ORD 0.1P,LION FINANCE GROUP PLC ORD 1P,-2.528743477599426,0.10863642529189388,0.05,,False,0.20890375551045282,6.177318603211788,,,,,,,,,,,,,,
FINANCIALS,ABDN.L,BEZ.L,ABERDEEN GROUP PLC ORD 13 61/63,BEAZLEY PLC ORD 5P,-2.5174563009930218,0.1112845831400659,0.05,,False,0.8489712421106547,-0.5980611745914359,,,,,,,,,,,,,,
FINANCIALS,BNKR.L,ICG.L,BANKERS INVESTMENT TRUST PLC OR,ICG PLC ORD 26 1/4P,-2.508118078835768,0.11351158261156308,0.05,,False,-0.7126258175804321,10.236849237529139,,,,,,,,,,,,,,
FINANCIALS,ABDN.L,AV.L,ABERDEEN GROUP PLC ORD 13 61/63,AVIVA PLC ORD 32 17/19P,-2.5002737373710278,0.11540773570689006,0.05,,False,1.3455390294419702,-3.364493300451638,,,,,,,,,,,,,,
FINANCIALS,JUP.L,NWG.L,JUPITER FUND MANAGEMENT PLC ORD,NATWEST GROUP PLC ORD 107.69P,-2.491948272358636,0.11744570861338821,0.05,,False,1.7118734710505963,-5.877991675503087,,,,,,,,,,,,,,
FINANCIALS,JUP.L,LGEN.L,JUPITER FUND MANAGEMENT PLC ORD,LEGAL & GENERAL GROUP PLC ORD 2,-2.4829494469877065,0.11967821675970486,0.05,,False,6.592992757028287,-31.517852584830727,,,,,,,,,,,,,,
FINANCIALS,HSBA.L,INVP.L,HSBC HOLDINGS PLC ORD $0.50 (UK,INVESTEC PLC ORD GBP0.0002,-2.464384009138277,0.12438227362501325,0.05,,False,6.483831167565499,-34.20032033364213,,,,,,,,,,,,,,
FINANCIALS,BARC.L,STJ.L,BARCLAYS PLC ORD 25P,ST. JAMES'S PLACE PLC ORD 15P,-2.45611389613833,0.12652058720617154,0.05,,False,1.1011838909516642,-1.857118758058422,,,,,,,,,,,,,,
FINANCIALS,ABDN.L,BNKR.L,ABERDEEN GROUP PLC ORD 13 61/63,BANKERS INVESTMENT TRUST PLC OR,-2.4259422453388426,0.13454786081597453,0.05,,False,2.075500450000415,-4.8131543379223825,,,,,,,,,,,,,,
FINANCIALS,BEZ.L,BNKR.L,BEAZLEY PLC ORD 5P,BANKERS INVESTMENT TRUST PLC OR,-2.4242102664628344,0.13501949906363897,0.05,,False,2.660395195934457,-6.004720085981156,,,,,,,,,,,,,,
FINANCIALS,ADM.L,LLOY.L,ADMIRAL GROUP PLC ORD 0.1P,LLOYDS BANKING GROUP PLC ORD 10,-2.4104683212675044,0.13880357512677194,0.05,,False,0.3423477964416329,6.533162145102359,,,,,,,,,,,,,,
FINANCIALS,BARC.L,LLOY.L,BARCLAYS PLC ORD 25P,LLOYDS BANKING GROUP PLC ORD 10,-2.4051239246480964,0.1402954384452481,0.05,,False,1.1321807459703286,0.9066483523885678,,,,,,,,,,,,,,
FINANCIALS,BGEO.L,INVP.L,LION FINANCE GROUP PLC ORD 1P,INVESTEC PLC ORD GBP0.0002,-2.4033533540305703,0.14079218534827154,0.05,,False,10.37172702962714,-56.852402495179085,,,,,,,,,,,,,,
FINANCIALS,INVP.L,STAN.L,INVESTEC PLC ORD GBP0.0002,STANDARD CHARTERED PLC ORD USD0,-2.393379325551175,0.14361377120232172,0.05,,False,0.09817908194319168,5.629964029047618,,,,,,,,,,,,,,
FINANCIALS,ICG.L,STJ.L,ICG PLC ORD 26 1/4P,ST. JAMES'S PLACE PLC ORD 15P,-2.383532360076649,0.146438321921259,0.05,,False,-0.16833118612421458,8.773549726214984,,,,,,,,,,,,,,
FINANCIALS,BGEO.L,PRU.L,LION FINANCE GROUP PLC ORD 1P,PRUDENTIAL PLC ORD 5P,-2.375211723752674,0.14885527749520483,0.05,,False,1.6147812613846282,-2.115070190557491,,,,,,,,,,,,,,
FINANCIALS,HSBA.L,LLOY.L,HSBC HOLDINGS PLC ORD $0.50 (UK,LLOYDS BANKING GROUP PLC ORD 10,-2.373350636683674,0.14939967700136642,0.05,,False,1.0686611653477496,2.2136923696369024,,,,,,,,,,,,,,
FINANCIALS,BARC.L,PRU.L,BARCLAYS PLC ORD 25P,PRUDENTIAL PLC ORD 5P,-2.3706940743616443,0.15017917354359728,0.05,,False,1.173255748107424,-2.1217790045777916,,,,,,,,,,,,,,
FINANCIALS,LLOY.L,MNG.L,LLOYDS BANKING GROUP PLC ORD 10,M&G PLC,-2.3668325537606494,0.15131728438673225,0.05,,False,1.3265372985245714,-2.9557521017971347,,,,,,,,,,,,,,
FINANCIALS,LGEN.L,PRU.L,LEGAL & GENERAL GROUP PLC ORD 2,PRUDENTIAL PLC ORD 5P,-2.3650443527941643,0.15184635227570126,0.05,,False,0.24710754694014575,3.824474321484658,,,,,,,,,,,,,,
FINANCIALS,BNKR.L,MNG.L,BANKERS INVESTMENT TRUST PLC OR,M&G PLC,-2.360076140680675,0.15332302520566882,0.05,,False,0.48880357910934513,2.1321926723808398,,,,,,,,,,,,,,
FINANCIALS,ABDN.L,INVP.L,ABERDEEN GROUP PLC ORD 13 61/63,INVESTEC PLC ORD GBP0.0002,-2.358428352384552,0.15381498073833444,0.05,,False,3.61132909614153,-17.6727764332596,,,,,,,,,,,,,,
FINANCIALS,ADM.L,ICG.L,ADMIRAL GROUP PLC ORD 0.1P,ICG PLC ORD 26 1/4P,-2.355243073409351,0.1547690609064456,0.05,,False,-0.9432136278774618,15.187612958687644,,,,,,,,,,,,,,
FINANCIALS,JUP.L,MNG.L,JUPITER FUND MANAGEMENT PLC ORD,M&G PLC,-2.3490572195368413,0.15663357568247632,0.05,,False,1.9845190096164051,-6.1891929297282795,,,,,,,,,,,,,,
FINANCIALS,HSBA.L,STAN.L,HSBC HOLDINGS PLC ORD $0.50 (UK,STANDARD CHARTERED PLC ORD USD0,-2.3473291887714036,0.1571571888214081,0.05,,False,0.7856488538009494,1.2379112670342245,,,,,,,,,,,,,,
FINANCIALS,JUP.L,PRU.L,JUPITER FUND MANAGEMENT PLC ORD,PRUDENTIAL PLC ORD 5P,-2.346255973935313,0.15748299170151847,0.05,,False,1.580005662899387,-5.9701822004571765,,,,,,,,,,,,,,
FINANCIALS,ABDN.L,STJ.L,ABERDEEN GROUP PLC ORD 13 61/63,ST. JAMES'S PLACE PLC ORD 15P,-2.331416603654494,0.16203556218682263,0.05,,False,0.6726325502969752,0.5024103310944019,,,,,,,,,,,,,,
FINANCIALS,HSBA.L,NWG.L,HSBC HOLDINGS PLC ORD $0.50 (UK,NATWEST GROUP PLC ORD 107.69P,-2.330517817246527,0.1623141600116611,0.05,,False,1.1550791635478306,-0.30278724630533826,,,,,,,,,,,,,,
FINANCIALS,BARC.L,INVP.L,BARCLAYS PLC ORD 25P,INVESTEC PLC ORD GBP0.0002,-2.329002474108267,0.16278461267458622,0.05,,False,8.139978530311716,-45.717825930819636,,,,,,,,,,,,,,
FINANCIALS,LLOY.L,STJ.L,LLOYDS BANKING GROUP PLC ORD 10,ST. JAMES'S PLACE PLC ORD 15P,-2.326325683275161,0.1636179184167672,0.05,,False,0.9639734422588535,-2.3807888736392737,,,,,,,,,,,,,,
FINANCIALS,AJB.L,BNKR.L,AJ BELL PLC ORD GBP0.000125,BANKERS INVESTMENT TRUST PLC OR,-2.3235945543967604,0.16447112948249543,0.05,,False,1.311333599180979,-0.15370926712748645,,,,,,,,,,,,,,
FINANCIALS,LLOY.L,PRU.L,LLOYDS BANKING GROUP PLC ORD 10,PRUDENTIAL PLC ORD 5P,-2.323011703581994,0.16465360449526073,0.05,,False,1.0318070176363503,-2.644579411052284,,,,,,,,,,,,,,
FINANCIALS,ASHM.L,SDR.L,ASHMORE GROUP PLC ORD 0.01P,SCHRODERS PLC ORD 20P,-2.320958144575099,0.16529761525370462,0.05,,False,0.6271286940213148,1.428515579960456,,,,,,,,,,,,,,
FINANCIALS,AJB.L,MNG.L,AJ BELL PLC ORD GBP0.000125,M&G PLC,-2.3159798225500237,0.1668659432522281,0.05,,False,0.49358718136262997,3.453147502643514,,,,,,,,,,,,,,
FINANCIALS,BNKR.L,SDR.L,BANKERS INVESTMENT TRUST PLC OR,SCHRODERS PLC ORD 20P,-2.312684866494316,0.16790948144862833,0.05,,False,0.3851698359432919,2.51271143331855,,,,,,,,,,,,,,
FINANCIALS,INVP.L,LLOY.L,INVESTEC PLC ORD GBP0.0002,LLOYDS BANKING GROUP PLC ORD 10,-2.3118478899473103,0.16817525934177913,0.05,,False,0.13587519814632917,5.741790157579082,,,,,,,,,,,,,,
FINANCIALS,ABDN.L,PRU.L,ABERDEEN GROUP PLC ORD 13 61/63,PRUDENTIAL PLC ORD 5P,-2.311324688780376,0.1683415436167504,0.05,,False,0.7609701316323106,0.04070551804530975,,,,,,,,,,,,,,
FINANCIALS,BEZ.L,BGEO.L,BEAZLEY PLC ORD 5P,LION FINANCE GROUP PLC ORD 1P,-2.3043422323122202,0.1705713395602525,0.05,,False,0.4924839811926932,2.4785007770475636,,,,,,,,,,,,,,
FINANCIALS,HSBA.L,MNG.L,HSBC HOLDINGS PLC ORD $0.50 (UK,M&G PLC,-2.3018604750010496,0.17136863340352693,0.05,,False,1.426094796885493,-0.9916315057198108,,,,,,,,,,,,,,
FINANCIALS,NWG.L,SDR.L,NATWEST GROUP PLC ORD 107.69P,SCHRODERS PLC ORD 20P,-2.3002974635240507,0.17187205155772595,0.05,,False,1.035849175934669,-0.01269258838278109,,,,,,,,,,,,,,
FINANCIALS,AJB.L,LGEN.L,AJ BELL PLC ORD GBP0.000125,LEGAL & GENERAL GROUP PLC ORD 2,-2.288906383029937,0.17557085024680402,0.05,,False,2.199919150594948,-5.925867858630439,,,,,,,,,,,,,,
FINANCIALS,ADM.L,PRU.L,ADMIRAL GROUP PLC ORD 0.1P,PRUDENTIAL PLC ORD 5P,-2.2811781375045017,0.17811026777062178,0.05,,False,0.35545925894410674,5.612748738752225,,,,,,,,,,,,,,
FINANCIALS,AJB.L,SDR.L,AJ BELL PLC ORD GBP0.000125,SCHRODERS PLC ORD 20P,-2.274757712881083,0.180238379082429,0.05,,False,0.3150058971723281,4.280490571051402,,,,,,,,,,,,,,
FINANCIALS,SDR.L,STAN.L,SCHRODERS PLC ORD 20P,STANDARD CHARTERED PLC ORD USD0,-2.2576457774699863,0.18599195537362095,0.05,,False,0.6029988965603061,1.6832641688354766,,,,,,,,,,,,,,
FINANCIALS,AV.L,NWG.L,AVIVA PLC ORD 32 17/19P,NATWEST GROUP PLC ORD 107.69P,-2.2509138143315712,0.18828798276780184,0.05,,False,0.6030813903456302,2.623640713231681,,,,,,,,,,,,,,
FINANCIALS,JUP.L,LLOY.L,JUPITER FUND MANAGEMENT PLC ORD,LLOYDS BANKING GROUP PLC ORD 10,-2.2500860525879407,0.1885715691776811,0.05,,False,1.5326013455931828,-1.9261905368765984,,,,,,,,,,,,,,
FINANCIALS,LGEN.L,STJ.L,LEGAL & GENERAL GROUP PLC ORD 2,ST. JAMES'S PLACE PLC ORD 15P,-2.2486156631958836,0.1890760000770938,0.05,,False,0.21887568354901882,3.9712381668851107,,,,,,,,,,,,,,
FINANCIALS,INVP.L,NWG.L,INVESTEC PLC ORD GBP0.0002,NATWEST GROUP PLC ORD 107.69P,-2.2359298549159403,0.193464308270475,0.05,,False,0.09719544946443476,5.729541143588988,,,,,,,,,,,,,,
FINANCIALS,INVP.L,PRU.L,INVESTEC PLC ORD GBP0.0002,PRUDENTIAL PLC ORD 5P,-2.228530539916142,0.19605392313148345,0.05,,False,0.1278736990749209,5.46589615088234,,,,,,,,,,,,,,
FINANCIALS,ADM.L,BARC.L,ADMIRAL GROUP PLC ORD 0.1P,BARCLAYS PLC ORD 25P,-2.216622016935887,0.200268028980979,0.05,,False,0.27312309747667407,6.429342748537859,,,,,,,,,,,,,,
FINANCIALS,BARC.L,JUP.L,BARCLAYS PLC ORD 25P,JUPITER FUND MANAGEMENT PLC ORD,-2.21448243633139,0.20103121930315704,0.05,,False,0.7443330622374247,2.3031025464372545,,,,,,,,,,,,,,
FINANCIALS,ADM.L,MNG.L,ADMIRAL GROUP PLC ORD 0.1P,M&G PLC,-2.1990193427993003,0.20660157136603918,0.05,,False,0.4562742282368496,5.509510584789213,,,,,,,,,,,,,,
FINANCIALS,ABDN.L,SDR.L,ABERDEEN GROUP PLC ORD 13 61/63,SCHRODERS PLC ORD 20P,-2.1988955799495726,0.20664654179695763,0.05,,False,0.8029365124293454,0.3809050690040179,,,,,,,,,,,,,,
FINANCIALS,ADM.L,HSBA.L,ADMIRAL GROUP PLC ORD 0.1P,HSBC HOLDINGS PLC ORD $0.50 (UK,-2.1943933272998484,0.2082866452906763,0.05,,False,0.27907302341298823,6.106902636433539,,,,,,,,,,,,,,
FINANCIALS,ADM.L,NWG.L,ADMIRAL GROUP PLC ORD 0.1P,NATWEST GROUP PLC ORD 107.69P,-2.1943253462032866,0.20831147190947935,0.05,,False,0.362646763150959,5.772757122209118,,,,,,,,,,,,,,
FINANCIALS,BNKR.L,INVP.L,BANKERS INVESTMENT TRUST PLC OR,INVESTEC PLC ORD GBP0.0002,-2.192431380566449,0.20900388841512185,0.05,,False,1.1353168263586675,-2.3673649804099863,,,,,,,,,,,,,,
FINANCIALS,ASHM.L,BGEO.L,ASHMORE GROUP PLC ORD 0.01P,LION FINANCE GROUP PLC ORD 1P,-2.184844660498725,0.21179187898528018,0.05,,False,0.23418119165603263,3.1219638752568906,,,,,,,,,,,,,,
FINANCIALS,SDR.L,STJ.L,SCHRODERS PLC ORD 20P,ST. JAMES'S PLACE PLC ORD 15P,-2.1807761030022257,0.2132964534191612,0.05,,False,0.7916698777366742,0.47243267131240607,,,,,,,,,,,,,,
FINANCIALS,BEZ.L,LLOY.L,BEAZLEY PLC ORD 5P,LLOYDS BANKING GROUP PLC ORD 10,-2.1782506717470227,0.21423368376565688,0.05,,False,0.8105806437148748,3.3021665353064646,,,,,,,,,,,,,,
FINANCIALS,AV.L,INVP.L,AVIVA PLC ORD 32 17/19P,INVESTEC PLC ORD GBP0.0002,-2.1734777626335973,0.2160119096563799,0.05,,False,5.902763656545075,-31.014591845236556,,,,,,,,,,,,,,
FINANCIALS,ADM.L,SDR.L,ADMIRAL GROUP PLC ORD 0.1P,SCHRODERS PLC ORD 20P,-2.172657263392963,0.2163185106576831,0.05,,False,0.2794857128484603,6.344474149307942,,,,,,,,,,,,,,
FINANCIALS,ADM.L,STAN.L,ADMIRAL GROUP PLC ORD 0.1P,STANDARD CHARTERED PLC ORD USD0,-2.171075593030691,0.21691029618858382,0.05,,False,0.2172376118624148,6.466778273086552,,,,,,,,,,,,,,
FINANCIALS,JUP.L,STAN.L,JUPITER FUND MANAGEMENT PLC ORD,STANDARD CHARTERED PLC ORD USD0,-2.1708801932663246,0.21698347424689696,0.05,,False,1.100868189782183,-3.140781289445888,,,,,,,,,,,,,,
FINANCIALS,INVP.L,STJ.L,INVESTEC PLC ORD GBP0.0002,ST. JAMES'S PLACE PLC ORD 15P,-2.170263460663819,0.21721454247845984,0.05,,False,0.052409149020395264,5.966224256427202,,,,,,,,,,,,,,
FINANCIALS,MNG.L,STAN.L,M&G PLC,STANDARD CHARTERED PLC ORD USD0,-2.169125012434093,0.21764147503104997,0.05,,False,0.5403145014215122,1.6391172171196144,,,,,,,,,,,,,,
FINANCIALS,AJB.L,BGEO.L,AJ BELL PLC ORD GBP0.000125,LION FINANCE GROUP PLC ORD 1P,-2.164387292287014,0.21942368736931928,0.05,,False,0.19670859252746303,4.433756979760458,,,,,,,,,,,,,,
FINANCIALS,ASHM.L,BEZ.L,ASHMORE GROUP PLC ORD 0.01P,BEAZLEY PLC ORD 5P,-2.163561399118122,0.21973527586114855,0.05,,False,0.6301079228221372,0.8888413332253116,,,,,,,,,,,,,,
FINANCIALS,ASHM.L,LLOY.L,ASHMORE GROUP PLC ORD 0.01P,LLOYDS BANKING GROUP PLC ORD 10,-2.1533780808708283,0.22359928457570222,0.05,,False,0.4363567845175804,3.292562540647104,,,,,,,,,,,,,,
FINANCIALS,BGEO.L,SDR.L,LION FINANCE GROUP PLC ORD 1P,SCHRODERS PLC ORD 20P,-2.1520481108105636,0.22410694778535611,0.05,,False,1.8526024820963447,-2.2847706534449213,,,,,,,,,,,,,,
FINANCIALS,AV.L,LGEN.L,AVIVA PLC ORD 32 17/19P,LEGAL & GENERAL GROUP PLC ORD 2,-2.1419711836501625,0.2279759491322182,0.05,,False,2.333803522636719,-6.4703346437254,,,,,,,,,,,,,,
FINANCIALS,BARC.L,HSBA.L,BARCLAYS PLC ORD 25P,HSBC HOLDINGS PLC ORD $0.50 (UK,-2.1410824621758815,0.22831907712327576,0.05,,False,1.0596235934909446,-1.4398912460482887,,,,,,,,,,,,,,
FINANCIALS,AJB.L,HSBA.L,AJ BELL PLC ORD GBP0.000125,HSBC HOLDINGS PLC ORD $0.50 (UK,-2.140301593961933,0.2286208183704307,0.05,,False,0.28724176355656184,4.199816530557644,,,,,,,,,,,,,,
FINANCIALS,AJB.L,JUP.L,AJ BELL PLC ORD GBP0.000125,JUPITER FUND MANAGEMENT PLC ORD,-2.126249170712701,0.23409149294166154,0.05,,False,0.20014771715756383,5.222148181674378,,,,,,,,,,,,,,
FINANCIALS,ASHM.L,BARC.L,ASHMORE GROUP PLC ORD 0.01P,BARCLAYS PLC ORD 25P,-2.108937810899868,0.24093588406534683,0.05,,False,0.3404443211510857,3.204940050578095,,,,,,,,,,,,,,
FINANCIALS,BARC.L,SDR.L,BARCLAYS PLC ORD 25P,SCHRODERS PLC ORD 20P,-2.105353420146501,0.24236742038177705,0.05,,False,1.3309271016685267,-2.1544427956311942,,,,,,,,,,,,,,
FINANCIALS,BEZ.L,MNG.L,BEAZLEY PLC ORD 5P,M&G PLC,-2.0999961667322653,0.244516142880697,0.05,,False,1.14824105998739,0.5048483842504465,,,,,,,,,,,,,,
FINANCIALS,BEZ.L,STAN.L,BEAZLEY PLC ORD 5P,STANDARD CHARTERED PLC ORD USD0,-2.0969495790676587,0.24574295894015064,0.05,,False,0.5566222503795086,2.8428868340162823,,,,,,,,,,,,,,
FINANCIALS,ADM.L,BEZ.L,ADMIRAL GROUP PLC ORD 0.1P,BEAZLEY PLC ORD 5P,-2.092353794146806,0.2476002740819903,0.05,,False,0.3132642966511989,5.882603520112838,,,,,,,,,,,,,,
FINANCIALS,BARC.L,MNG.L,BARCLAYS PLC ORD 25P,M&G PLC,-2.08586870715846,0.2502346988028457,0.05,,False,1.512960212942483,-2.500750178562977,,,,,,,,,,,,,,
FINANCIALS,AJB.L,STAN.L,AJ BELL PLC ORD GBP0.000125,STANDARD CHARTERED PLC ORD USD0,-2.0850470073194103,0.25056962727193677,0.05,,False,0.22296133979067526,4.574764995992002,,,,,,,,,,,,,,
FINANCIALS,AJB.L,BEZ.L,AJ BELL PLC ORD GBP0.000125,BEAZLEY PLC ORD 5P,-2.066965742042229,0.2580035635820334,0.05,,False,0.328504062900624,3.927544697618344,,,,,,,,,,,,,,
FINANCIALS,STAN.L,STJ.L,STANDARD CHARTERED PLC ORD USD0,ST. JAMES'S PLACE PLC ORD 15P,-2.0538267997784097,0.26348153366997795,0.05,,False,1.3458073849595775,-2.237585158956109,,,,,,,,,,,,,,
FINANCIALS,AJB.L,LLOY.L,AJ BELL PLC ORD GBP0.000125,LLOYDS BANKING GROUP PLC ORD 10,-2.0516817279722406,0.26438188508578014,0.05,,False,0.30316228722635513,4.852187461456246,,,,,,,,,,,,,,
FINANCIALS,ADM.L,INVP.L,ADMIRAL GROUP PLC ORD 0.1P,INVESTEC PLC ORD GBP0.0002,-2.043081297908316,0.2680085694267248,0.05,,False,-9.532980575777382,68.37953021945984,,,,,,,,,,,,,,
FINANCIALS,ASHM.L,HSBA.L,ASHMORE GROUP PLC ORD 0.01P,HSBC HOLDINGS PLC ORD $0.50 (UK,-2.04204930656484,0.2684455486999681,0.05,,False,0.4160842242828555,2.3354609864387985,,,,,,,,,,,,,,
FINANCIALS,MNG.L,SDR.L,M&G PLC,SCHRODERS PLC ORD 20P,-2.033128389282425,0.27223895855216296,0.05,,False,0.8188035080527761,0.593766255905158,,,,,,,,,,,,,,
FINANCIALS,AV.L,JUP.L,AVIVA PLC ORD 32 17/19P,JUPITER FUND MANAGEMENT PLC ORD,-2.0321351485789916,0.2726630782310919,0.05,,False,0.34354195649994834,4.735790970362151,,,,,,,,,,,,,,
FINANCIALS,ADM.L,JUP.L,ADMIRAL GROUP PLC ORD 0.1P,JUPITER FUND MANAGEMENT PLC ORD,-2.0250358790666505,0.2757047573605478,0.05,,False,0.16773917140051198,7.226470295330602,,,,,,,,,,,,,,
FINANCIALS,AV.L,BGEO.L,AVIVA PLC ORD 32 17/19P,LION FINANCE GROUP PLC ORD 1P,-2.0231631204400014,0.2765101264719426,0.05,,False,0.3488654984585082,3.283563367511367,,,,,,,,,,,,,,
FINANCIALS,BNKR.L,NWG.L,BANKERS INVESTMENT TRUST PLC OR,NATWEST GROUP PLC ORD 107.69P,-2.018155704709402,0.2786696281761454,0.05,,False,0.36900210454356963,2.535011021062044,,,,,,,,,,,,,,
FINANCIALS,AJB.L,BARC.L,AJ BELL PLC ORD GBP0.000125,BARCLAYS PLC ORD 25P,-2.0174982702444417,0.2789538104042601,0.05,,False,0.2764787379535255,4.5587032666268,,,,,,,,,,,,,,
FINANCIALS,ASHM.L,NWG.L,ASHMORE GROUP PLC ORD 0.01P,NATWEST GROUP PLC ORD 107.69P,-2.0139586809613568,0.2804864407731261,0.05,,False,0.3890039351971292,2.7770137404860327,,,,,,,,,,,,,,
FINANCIALS,AV.L,LLOY.L,AVIVA PLC ORD 32 17/19P,LLOYDS BANKING GROUP PLC ORD 10,-2.012247519074251,0.2812289428214589,0.05,,False,0.5575205544455343,3.9394406937103685,,,,,,,,,,,,,,
FINANCIALS,LLOY.L,SDR.L,LLOYDS BANKING GROUP PLC ORD 10,SCHRODERS PLC ORD 20P,-2.002862082058219,0.2853195876944561,0.05,,False,1.1254043373009934,-2.4032195505581253,,,,,,,,,,,,,,
FINANCIALS,BARC.L,BNKR.L,BARCLAYS PLC ORD 25P,BANKERS INVESTMENT TRUST PLC OR,-2.000534135533655,0.28633894847177344,0.05,,False,3.099175260948848,-9.11939359960116,,,,,,,,,,,,,,
FINANCIALS,BEZ.L,JUP.L,BEAZLEY PLC ORD 5P,JUPITER FUND MANAGEMENT PLC ORD,-1.9969082646841871,0.28793036061877597,0.05,,False,0.4688269572427331,4.604886200215524,,,,,,,,,,,,,,
FINANCIALS,BARC.L,BEZ.L,BARCLAYS PLC ORD 25P,BEAZLEY PLC ORD 5P,-1.991310219252816,0.29039621516363023,0.05,,False,1.4626925722313444,-4.15546268157314,,,,,,,,,,,,,,
FINANCIALS,BGEO.L,BNKR.L,LION FINANCE GROUP PLC ORD 1P,BANKERS INVESTMENT TRUST PLC OR,-1.981007076811791,0.29496241831156433,0.05,,False,4.3020335006722155,-11.92232756906486,,,,,,,,,,,,,,
FINANCIALS,MNG.L,NWG.L,M&G PLC,NATWEST GROUP PLC ORD 107.69P,-1.9793696413618076,0.2956914002192131,0.05,,False,0.8013550776098257,0.5363368221534195,,,,,,,,,,,,,,
FINANCIALS,ASHM.L,STAN.L,ASHMORE GROUP PLC ORD 0.01P,STANDARD CHARTERED PLC ORD USD0,-1.9639130046806752,0.30261660049539274,0.05,,False,0.26076159919746916,3.323237360600758,,,,,,,,,,,,,,
FINANCIALS,BNKR.L,JUP.L,BANKERS INVESTMENT TRUST PLC OR,JUPITER FUND MANAGEMENT PLC ORD,-1.962360019185706,0.30331675488925586,0.05,,False,0.23987478188224284,3.687058759650628,,,,,,,,,,,,,,
FINANCIALS,BEZ.L,NWG.L,BEAZLEY PLC ORD 5P,NATWEST GROUP PLC ORD 107.69P,-1.9622367244961834,0.30337237535074246,0.05,,False,0.880308980716982,1.3675160665896495,,,,,,,,,,,,,,
FINANCIALS,ADM.L,BNKR.L,ADMIRAL GROUP PLC ORD 0.1P,BANKERS INVESTMENT TRUST PLC OR,-1.9431042049610807,0.31206295873404855,0.05,,False,1.278644631406884,1.8549909344619895,,,,,,,,,,,,,,
FINANCIALS,HSBA.L,JUP.L,HSBC HOLDINGS PLC ORD $0.50 (UK,JUPITER FUND MANAGEMENT PLC ORD,-1.9355033946439104,0.31554786090757925,0.05,,False,0.6967917142884773,3.5591336376049445,,,,,,,,,,,,,,
FINANCIALS,BGEO.L,JUP.L,LION FINANCE GROUP PLC ORD 1P,JUPITER FUND MANAGEMENT PLC ORD,-1.9291185115474339,0.3184892395592853,0.05,,False,1.0445475870634038,3.879961372955731,,,,,,,,,,,,,,
FINANCIALS,AJB.L,ASHM.L,AJ BELL PLC ORD GBP0.000125,ASHMORE GROUP PLC ORD 0.01P,-1.922765736912852,0.3214283345991963,0.05,,False,0.4121689595799721,4.030456295653373,,,,,,,,,,,,,,
FINANCIALS,ASHM.L,MNG.L,ASHMORE GROUP PLC ORD 0.01P,M&G PLC,-1.91420822880283,0.3254069150458965,0.05,,False,0.7641804834500459,0.9832516327871792,,,,,,,,,,,,,,
FINANCIALS,AV.L,STAN.L,AVIVA PLC ORD 32 17/19P,STANDARD CHARTERED PLC ORD USD0,-1.9024866106329625,0.3308922363409864,0.05,,False,0.3880539600855659,3.586328995358132,,,,,,,,,,,,,,
FINANCIALS,ABDN.L,ASHM.L,ABERDEEN GROUP PLC ORD 13 61/63,ASHMORE GROUP PLC ORD 0.01P,-1.8995623196460096,0.3322670373821091,0.05,,False,1.3354362738421834,-1.7338762975963267,,,,,,,,,,,,,,
FINANCIALS,PRU.L,STAN.L,PRUDENTIAL PLC ORD 5P,STANDARD CHARTERED PLC ORD USD0,-1.8979271467316803,0.3330368738094929,0.05,,False,0.6972134682173129,1.7874375605520854,,,,,,,,,,,,,,
FINANCIALS,BNKR.L,LLOY.L,BANKERS INVESTMENT TRUST PLC OR,LLOYDS BANKING GROUP PLC ORD 10,-1.8903486416254738,0.33661494700969297,0.05,,False,0.35099376417087047,3.2972525983889804,,,,,,,,,,,,,,
FINANCIALS,AJB.L,PRU.L,AJ BELL PLC ORD GBP0.000125,PRUDENTIAL PLC ORD 5P,-1.8831217955211708,0.34004233017494645,0.05,,False,0.30324898008082285,4.115152648961481,,,,,,,,,,,,,,
FINANCIALS,AJB.L,AV.L,AJ BELL PLC ORD GBP0.000125,AVIVA PLC ORD 32 17/19P,-1.8659277256008897,0.34825556009492076,0.05,,False,0.7028989027084737,1.6979794813906022,,,,,,,,,,,,,,
FINANCIALS,ADM.L,STJ.L,ADMIRAL GROUP PLC ORD 0.1P,ST. JAMES'S PLACE PLC ORD 15P,-1.8376907051042932,0.36191628160712874,0.05,,False,0.30763775508354474,5.874149152421131,,,,,,,,,,,,,,
FINANCIALS,HSBA.L,STJ.L,HSBC HOLDINGS PLC ORD $0.50 (UK,ST. JAMES'S PLACE PLC ORD 15P,-1.7885220305107619,0.3861748922278345,0.05,,False,1.0385499228292794,-0.38906557235013217,,,,,,,,,,,,,,
FINANCIALS,ASHM.L,LGEN.L,ASHMORE GROUP PLC ORD 0.01P,LEGAL & GENERAL GROUP PLC ORD 2,-1.7809429053466819,0.38996321027952763,0.05,,False,4.187911791897042,-17.836394237227847,,,,,,,,,,,,,,
FINANCIALS,ASHM.L,PRU.L,ASHMORE GROUP PLC ORD 0.01P,PRUDENTIAL PLC ORD 5P,-1.7547858028261287,0.4031288798415015,0.05,,False,0.43413378502986233,2.2476075306417003,,,,,,,,,,,,,,
FINANCIALS,AV.L,SDR.L,AVIVA PLC ORD 32 17/19P,SCHRODERS PLC ORD 20P,-1.7400387077812351,0.4106102742859329,0.05,,False,0.4897586621104275,3.4247302816358456,,,,,,,,,,,,,,
FINANCIALS,INVP.L,LGEN.L,INVESTEC PLC ORD GBP0.0002,LEGAL & GENERAL GROUP PLC ORD 2,-1.7226930733602541,0.4194598755779375,0.05,,False,1.8660326753000875,-3.92698624378258,,,,,,,,,,,,,,
FINANCIALS,BEZ.L,PRU.L,BEAZLEY PLC ORD 5P,PRUDENTIAL PLC ORD 5P,-1.7216028686815597,0.42001780254198734,0.05,,False,0.8214315262211571,1.2596186070424755,,,,,,,,,,,,,,
FINANCIALS,AV.L,BEZ.L,AVIVA PLC ORD 32 17/19P,BEAZLEY PLC ORD 5P,-1.7181422719507984,0.4217901054082754,0.05,,False,0.5241667549999196,2.784429610811825,,,,,,,,,,,,,,
FINANCIALS,ASHM.L,AV.L,ASHMORE GROUP PLC ORD 0.01P,AVIVA PLC ORD 32 17/19P,-1.7109224770835183,0.4254938565346556,0.05,,False,1.400967750983993,-3.723066704034779,,,,,,,,,,,,,,
FINANCIALS,AJB.L,NWG.L,AJ BELL PLC ORD GBP0.000125,NATWEST GROUP PLC ORD 107.69P,-1.6980631958591552,0.43211065191250847,0.05,,False,0.33508517568175966,4.092409714789549,,,,,,,,,,,,,,
FINANCIALS,ASHM.L,STJ.L,ASHMORE GROUP PLC ORD 0.01P,ST. JAMES'S PLACE PLC ORD 15P,-1.6628379784571472,0.4503539449307346,0.05,,False,0.2805273389795858,3.230756935260725,,,,,,,,,,,,,,
FINANCIALS,JUP.L,SDR.L,JUPITER FUND MANAGEMENT PLC ORD,SCHRODERS PLC ORD 20P,-1.6207668240024473,0.47232730421135866,0.05,,False,1.7978058398581958,-6.0469324731297105,,,,,,,,,,,,,,
FINANCIALS,AV.L,HSBA.L,AVIVA PLC ORD 32 17/19P,HSBC HOLDINGS PLC ORD $0.50 (UK,-1.581693034171496,0.49278284387022564,0.05,,False,0.4896213135531188,3.0044053220960447,,,,,,,,,,,,,,
FINANCIALS,BEZ.L,STJ.L,BEAZLEY PLC ORD 5P,ST. JAMES'S PLACE PLC ORD 15P,-1.5052529040605986,0.5309112203943077,0.05,,False,0.7224353507867178,1.7833906022543333,,,,,,,,,,,,,,
FINANCIALS,AV.L,BARC.L,AVIVA PLC ORD 32 17/19P,BARCLAYS PLC ORD 25P,-1.485396749668924,0.5407225930383758,0.05,,False,0.4857505187822791,3.5318720501640493,,,,,,,,,,,,,,
FINANCIALS,PRU.L,SDR.L,PRUDENTIAL PLC ORD 5P,SCHRODERS PLC ORD 20P,-1.4750837325511867,0.5457990916459682,0.05,,False,1.0957992123232874,0.203430923522677,,,,,,,,,,,,,,
FINANCIALS,MNG.L,STJ.L,M&G PLC,ST. JAMES'S PLACE PLC ORD 15P,-1.4721717436874113,0.5472299341652386,0.05,,False,0.6873435484875828,0.7077772693428459,,,,,,,,,,,,,,
FINANCIALS,ASHM.L,BNKR.L,ASHMORE GROUP PLC ORD 0.01P,BANKERS INVESTMENT TRUST PLC OR,-1.4101101896919799,0.5774196837171843,0.05,,False,2.214736895981845,-5.490479249586158,,,,,,,,,,,,,,
FINANCIALS,ADM.L,ASHM.L,ADMIRAL GROUP PLC ORD 0.1P,ASHMORE GROUP PLC ORD 0.01P,-1.3917671320847202,0.5862166327252203,0.05,,False,0.030037044579274863,7.863695983790347,,,,,,,,,,,,,,
FINANCIALS,AJB.L,STJ.L,AJ BELL PLC ORD GBP0.000125,ST. JAMES'S PLACE PLC ORD 15P,-1.3118510616342527,0.6237331484259709,0.05,,False,0.26847843387753256,4.296129067331866,,,,,,,,,,,,,,
FINANCIALS,AV.L,MNG.L,AVIVA PLC ORD 32 17/19P,M&G PLC,-1.3005569519137403,0.6289174689955472,0.05,,False,0.7348459397012161,2.3175454103725945,,,,,,,,,,,,,,
FINANCIALS,BNKR.L,STJ.L,BANKERS INVESTMENT TRUST PLC OR,ST. JAMES'S PLACE PLC ORD 15P,-1.168744814461948,0.6868943713978508,0.05,,False,0.29670741581704047,2.7520010381107953,,,,,,,,,,,,,,
FINANCIALS,HSBA.L,PRU.L,HSBC HOLDINGS PLC ORD $0.50 (UK,PRUDENTIAL PLC ORD 5P,-1.1460626093573754,0.6963576912474426,0.05,,False,1.1092702048067307,-0.6572770146842251,,,,,,,,,,,,,,
FINANCIALS,MNG.L,PRU.L,M&G PLC,PRUDENTIAL PLC ORD 5P,-1.133872484016079,0.7013767163480434,0.05,,False,0.7706283840083913,0.28326715281546466,,,,,,,,,,,,,,
FINANCIALS,AV.L,BNKR.L,AVIVA PLC ORD 32 17/19P,BANKERS INVESTMENT TRUST PLC OR,-0.9342022264207968,0.7765006193110067,0.05,,False,1.7127113433142758,-1.8972272176059066,,,,,,,,,,,,,,
FINANCIALS,BNKR.L,PRU.L,BANKERS INVESTMENT TRUST PLC OR,PRUDENTIAL PLC ORD 5P,-0.8719937930105809,0.7970553228138428,0.05,,False,0.3422433885026284,2.5038588208783543,,,,,,,,,,,,,,
FR_BANKS,ACA.PA,GLE.PA,CREDIT AGRICOLE,SOCIETE GENERALE,-3.2694057573393596,0.01630266843122523,0.05,0.01630266843122523,True,0.2888152469279431,1.5812374460947665,19.497676516429202,3.586791606955476e-05,-0.035550245177977134,58.0,-2.7762658700728027,2.7762658700728027,True,2026-10-08 00:00:00,0.6,-0.011585597464005679,-0.2269017231349335,0.37546418323242436,False,mixed signal
FR_BANKS,ACA.PA,BNP.PA,CREDIT AGRICOLE,BNP PARIBAS ACT.A,-2.295037403380286,0.17357350348149053,0.05,0.01630266843122523,False,0.6551108667469207,-0.08940263448944208,,,,,,,,,,,,,,
FR_BANKS,BNP.PA,GLE.PA,BNP PARIBAS ACT.A,SOCIETE GENERALE,-1.66438715474266,0.4495483296397211,0.05,0.01630266843122523,False,0.4289358486141503,2.5950668859427943,,,,,,,,,,,,,,
FR_LUXURY,CDI.PA,MC.PA,CHRISTIAN DIOR,LVMH,-3.061491775959498,0.029537358350441186,0.05,,False,0.9412340423816384,0.3005871449318116,,,,,,,,,,,,,,
FR_LUXURY,KER.PA,RMS.PA,KERING,HERMES INTL,-2.0638506219400194,0.2592965886217032,0.05,,False,-2.2034137236471723,22.303538402270345,,,,,,,,,,,,,,
FR_LUXURY,CDI.PA,RMS.PA,CHRISTIAN DIOR,HERMES INTL,-1.6569239784600158,0.45343191383547427,0.05,,False,0.8229035354987574,-0.061488694417495715,,,,,,,,,,,,,,
FR_LUXURY,MC.PA,RMS.PA,LVMH,HERMES INTL,-1.350429601673363,0.6057968339281529,0.05,,False,0.9540655190290095,-0.9944338149304679,,,,,,,,,,,,,,
FR_LUXURY,CDI.PA,KER.PA,CHRISTIAN DIOR,KERING,-1.1957880104940237,0.6754049738478822,0.05,,False,0.5280829236494784,3.3421982580325413,,,,,,,,,,,,,,
FR_LUXURY,KER.PA,MC.PA,KERING,LVMH,-1.142092099924299,0.6979976453677252,0.05,,False,1.7407711503580001,-5.497833814238482,,,,,,,,,,,,,,
FR_UTILITIES,ENGI.PA,RUI.PA,ENGIE,RUBIS,-3.6129317661192117,0.0055185587748239244,0.05,0.0055185587748239244,True,1.532297454160123,-2.1196787610054812,18.379021399968224,0.0007986847861764893,-0.037714041758564125,55.0,-1.0457620371839842,2.357237455624946,False,,0.4,-0.01913840208049772,-0.10589207735462858,-0.0636507978252342,True,mixed signal
FR_UTILITIES,ENGI.PA,VIE.PA,ENGIE,VEOLIA ENVIRON.,-2.2575817140375474,0.18601371856002147,0.05,0.0055185587748239244,False,2.754275075710992,-6.345875133178056,,,,,,,,,,,,,,
FR_UTILITIES,ALO.PA,ENGI.PA,ALSTOM,ENGIE,-1.6339190877947196,0.46543997987162133,0.05,0.0055185587748239244,False,0.11269677348496931,2.700140104335989,,,,,,,,,,,,,,
FR_UTILITIES,RUI.PA,VIE.PA,RUBIS,VEOLIA ENVIRON.,-1.3464780641727476,0.6076496066375303,0.05,0.0055185587748239244,False,1.9502029923289184,-3.2707313013415216,,,,,,,,,,,,,,
FR_UTILITIES,ALO.PA,RUI.PA,ALSTOM,RUBIS,-1.0198714749409437,0.7459478189558849,0.05,0.0055185587748239244,False,0.45175216650919875,1.5471346630315466,,,,,,,,,,,,,,
FR_UTILITIES,ALO.PA,VIE.PA,ALSTOM,VEOLIA ENVIRON.,-0.8853309780650511,0.7927647466798199,0.05,0.0055185587748239244,False,-5.704084103257066,22.1741867969728,,,,,,,,,,,,,,
HEALTHCARE,AZN.L,HIK.L,ASTRAZENECA PLC ORD SHS $0.25,HIKMA PHARMACEUTICALS PLC ORD S,-3.8594806340298864,0.0023541326251975228,0.05,0.024620127387066967,True,-0.7191136587669872,14.783927356631654,16.26942138567741,-9.136694082659204e-05,-0.04260429207212919,49.0,-0.44835639480038025,2.296637738144214,False,,0.4,-0.043235134812663126,-1.2824195471168727,-2.266347003370381,True,mixed signal
HEALTHCARE,GSK.L,HIK.L,GSK PLC ORD 31 1/4P,HIKMA PHARMACEUTICALS PLC ORD S,-3.6146493737577683,0.005487060704528888,0.05,0.024620127387066967,True,-0.9638874382400184,14.591235149381099,15.050811316755794,0.0002466655323685206,-0.04605380839425428,45.0,-1.506518764356988,3.15940490846985,False,,0.4,-0.052824472239411856,-1.1457367906657363,-1.8233104885609883,True,mixed signal
HEALTHCARE,AZN.L,GSK.L,ASTRAZENECA PLC ORD SHS $0.25,GSK PLC ORD 31 1/4P,-3.472782514243146,0.008714237020642333,0.05,0.024620127387066967,True,0.792170814404627,3.557549146226666,13.436602196894983,-0.00029803034426006156,-0.051586492656612415,40.0,1.5422918417933549,3.0123675801187035,False,,0.8,-0.003226480201492048,-0.030208862664870217,-0.2856223061435468,False,mixed signal
HEALTHCARE,AZN.L,CTEC.L,ASTRAZENECA PLC ORD SHS $0.25,CONVATEC GROUP PLC ORD 10P,-3.348413892612127,0.01284828893778618,0.05,0.024620127387066967,True,-2.3920026025111323,22.486153551911087,15.452965426834192,-0.00045604402752257104,-0.0448552857923496,46.0,-1.751172338674677,2.0072408473779197,False,,0.6,-0.0752842922248036,-0.8753820665546501,-0.9052310076130178,False,mixed signal
HEALTHCARE,CTEC.L,GSK.L,CONVATEC GROUP PLC ORD 10P,GSK PLC ORD 31 1/4P,-3.1591869139513746,0.02247201688666094,0.05,0.024620127387066967,True,-0.26721832087429304,7.441046614135783,17.551682156679444,-9.924733241596814e-05,-0.039491780581051725,53.0,-1.8503804825992292,2.4495250035892853,False,,0.4,-0.028311712479085642,-0.6642005619387608,-0.5582647460637085,False,mixed signal
HEALTHCARE,CTEC.L,HIK.L,CONVATEC GROUP PLC ORD 10P,HIKMA PHARMACEUTICALS PLC ORD S,-3.126976916577443,0.024620127387066967,0.05,0.024620127387066967,True,0.3184492312152046,3.086766417447116,17.693508373033488,-0.0001482052688871596,-0.03917522550905531,53.0,-1.6572597135233185,2.333046302300237,False,,0.2,-0.01249452730284083,-0.3180270615343719,0.12779408737373998,False,still diverging
HEALTHCARE,CTEC.L,SN.L,CONVATEC GROUP PLC ORD 10P,SMITH & NEPHEW PLC ORD USD0.20,-2.7739275313689835,0.06209562757831924,0.05,0.024620127387066967,False,-0.15246557415366543,6.542898613259284,,,,,,,,,,,,,,
HEALTHCARE,HIK.L,SN.L,HIKMA PHARMACEUTICALS PLC ORD S,SMITH & NEPHEW PLC ORD USD0.20,-2.5421455795326686,0.10555361537605601,0.05,0.024620127387066967,False,-2.2536943793974946,23.36682570129363,,,,,,,,,,,,,,
HEALTHCARE,AZN.L,SN.L,ASTRAZENECA PLC ORD SHS $0.25,SMITH & NEPHEW PLC ORD USD0.20,-2.338658665917185,0.15980265350366685,0.05,0.024620127387066967,False,1.3118432999058398,0.157809326653771,,,,,,,,,,,,,,
HEALTHCARE,GSK.L,SN.L,GSK PLC ORD 31 1/4P,SMITH & NEPHEW PLC ORD USD0.20,-1.8793891064031214,0.34181837234279355,0.05,0.024620127387066967,False,1.969233259553236,-6.500006962048665,,,,,,,,,,,,,,
INDUSTRIALS,BBY.L,IMI.L,BALFOUR BEATTY PLC ORD 50P,IMI PLC ORD 28 4/7P,-3.7983217755476617,0.0029245321709413137,0.05,,False,1.4334547413815248,-4.686153057781151,,,,,,,,,,,,,,
INDUSTRIALS,KIE.L,MGNS.L,KIER GROUP PLC ORD 1P,MORGAN SINDALL GROUP PLC ORD 5P,-3.5267532612587593,0.007326016469659159,0.05,,False,1.1468810013280104,-4.329195978549774,,,,,,,,,,,,,,
INDUSTRIALS,BA.L,BNZL.L,BAE SYSTEMS PLC ORD 2.5P,BUNZL PLC ORD 32 1/7P,-3.238335497267264,0.017870177627149927,0.05,,False,-1.0539926114779337,15.723689977502744,,,,,,,,,,,,,,
INDUSTRIALS,MRO.L,SPX.L,MELROSE INDUSTRIES PLC ORD GBP0,SPIRAX GROUP PLC ORD 26 12/13P,-3.1800738943499813,0.021167442655238185,0.05,,False,1.8464351764121614,-10.04797547917848,,,,,,,,,,,,,,
INDUSTRIALS,BNZL.L,SMIN.L,BUNZL PLC ORD 32 1/7P,SMITHS GROUP PLC ORD 37.5P,-3.1661782942385672,0.022027796632172515,0.05,,False,-1.2257776455497698,17.28301640776955,,,,,,,,,,,,,,
INDUSTRIALS,BA.L,MGNS.L,BAE SYSTEMS PLC ORD 2.5P,MORGAN SINDALL GROUP PLC ORD 5P,-3.1488250025519275,0.02314465162641975,0.05,,False,1.1881432402949255,-2.4434058468168818,,,,,,,,,,,,,,
INDUSTRIALS,IMI.L,SPX.L,IMI PLC ORD 28 4/7P,SPIRAX GROUP PLC ORD 26 12/13P,-3.0938980788364434,0.027008065925597197,0.05,,False,11.318334642944421,-92.39974017588322,,,,,,,,,,,,,,
INDUSTRIALS,BBY.L,SPX.L,BALFOUR BEATTY PLC ORD 50P,SPIRAX GROUP PLC ORD 26 12/13P,-3.0873482454681285,0.027503753262205458,0.05,,False,59.82831970836906,-522.7230495278865,,,,,,,,,,,,,,
INDUSTRIALS,DPLM.L,SPX.L,DIPLOMA PLC ORD 5P,SPIRAX GROUP PLC ORD 26 12/13P,-3.0710186518730147,0.028773614632299792,0.05,,False,12.235621759185664,-99.67722278699542,,,,,,,,,,,,,,
INDUSTRIALS,BNZL.L,WEIR.L,BUNZL PLC ORD 32 1/7P,WEIR PLC ORD 12.5P,-3.068025185468835,0.029011754097807867,0.05,,False,-1.3861918191304208,18.720581979166262,,,,,,,,,,,,,,
INDUSTRIALS,KIE.L,SPX.L,KIER GROUP PLC ORD 1P,SPIRAX GROUP PLC ORD 26 12/13P,-3.0680148527099367,0.029012579007049337,0.05,,False,35.98365617561597,-313.01620400739546,,,,,,,,,,,,,,
INDUSTRIALS,SPX.L,WEIR.L,SPIRAX GROUP PLC ORD 26 12/13P,WEIR PLC ORD 12.5P,-3.066329305195737,0.029147412051685286,0.05,,False,-0.0007843705960137048,8.849036348280778,,,,,,,,,,,,,,
INDUSTRIALS,SMIN.L,SPX.L,SMITHS GROUP PLC ORD 37.5P,SPIRAX GROUP PLC ORD 26 12/13P,-3.0588393224290664,0.029753051973799943,0.05,,False,-53.326568954762806,479.22799771639336,,,,,,,,,,,,,,
INDUSTRIALS,BBY.L,DPLM.L,BALFOUR BEATTY PLC ORD 50P,DIPLOMA PLC ORD 5P,-3.0310983638191016,0.03209050762755844,0.05,,False,1.5290497883741658,-6.696242446040893,,,,,,,,,,,,,,
INDUSTRIALS,BA.L,SPX.L,BAE SYSTEMS PLC ORD 2.5P,SPIRAX GROUP PLC ORD 26 12/13P,-3.005887075875797,0.03434826701492711,0.05,,False,-6.2625364318141346,62.79094004692547,,,,,,,,,,,,,,
INDUSTRIALS,MRO.L,WEIR.L,MELROSE INDUSTRIES PLC ORD GBP0,WEIR PLC ORD 12.5P,-2.9931561603388572,0.03553849062068853,0.05,,False,0.726770862722938,0.599371039763489,,,,,,,,,,,,,,
INDUSTRIALS,BNZL.L,SPX.L,BUNZL PLC ORD 32 1/7P,SPIRAX GROUP PLC ORD 26 12/13P,-2.9639025467199973,0.038405738471667,0.05,,False,5.448767615232877,-40.29695407221228,,,,,,,,,,,,,,
INDUSTRIALS,KIE.L,SMIN.L,KIER GROUP PLC ORD 1P,SMITHS GROUP PLC ORD 37.5P,-2.9474333957210943,0.04010367089613139,0.05,,False,1.2735430661593774,-4.579338878640459,,,,,,,,,,,,,,
INDUSTRIALS,MGNS.L,SPX.L,MORGAN SINDALL GROUP PLC ORD 5P,SPIRAX GROUP PLC ORD 26 12/13P,-2.9313750143865005,0.0418192734699824,0.05,,False,-8.10501662113324,79.96662700137591,,,,,,,,,,,,,,
INDUSTRIALS,BA.L,SMIN.L,BAE SYSTEMS PLC ORD 2.5P,SMITHS GROUP PLC ORD 37.5P,-2.8019992143231867,0.05798876151694315,0.05,,False,1.290939384921206,-2.484652941377691,,,,,,,,,,,,,,
INDUSTRIALS,MGNS.L,MRO.L,MORGAN SINDALL GROUP PLC ORD 5P,MELROSE INDUSTRIES PLC ORD GBP0,-2.7709704709282446,0.06254156675032167,0.05,,False,2.2093683356700304,-5.579830582536854,,,,,,,,,,,,,,
INDUSTRIALS,MGNS.L,SMIN.L,MORGAN SINDALL GROUP PLC ORD 5P,SMITHS GROUP PLC ORD 37.5P,-2.7040404927411203,0.07334169329833716,0.05,,False,1.1221991146325991,-0.3082510811219201,,,,,,,,,,,,,,
INDUSTRIALS,BNZL.L,MGNS.L,BUNZL PLC ORD 32 1/7P,MORGAN SINDALL GROUP PLC ORD 5P,-2.669961795421467,0.07938197785601059,0.05,,False,-1.106729282959997,17.0660041851519,,,,,,,,,,,,,,
INDUSTRIALS,DPLM.L,HILS.L,DIPLOMA PLC ORD 5P,HILL & SMITH PLC ORD 25P,-2.61910507121022,0.08911257506385412,0.05,,False,1.4690807503428025,-2.716404740542716,,,,,,,,,,,,,,
INDUSTRIALS,IMI.L,MGNS.L,IMI PLC ORD 28 4/7P,MORGAN SINDALL GROUP PLC ORD 5P,-2.617817529579565,0.08937037720718238,0.05,,False,1.0047876630221404,-0.6472171437495788,,,,,,,,,,,,,,
INDUSTRIALS,BNZL.L,MRO.L,BUNZL PLC ORD 32 1/7P,MELROSE INDUSTRIES PLC ORD GBP0,-2.592532962614451,0.09455039392606529,0.05,,False,-3.7465375100750617,31.413776857118393,,,,,,,,,,,,,,
INDUSTRIALS,BKG.L,SPX.L,BERKELEY GROUP HOLDINGS (THE) P,SPIRAX GROUP PLC ORD 26 12/13P,-2.5763546361833654,0.09798341967360114,0.05,,False,2.335686624904308,-12.369055112665187,,,,,,,,,,,,,,
INDUSTRIALS,BA.L,KIE.L,BAE SYSTEMS PLC ORD 2.5P,KIER GROUP PLC ORD 1P,-2.550419046148549,0.10368361635116102,0.05,,False,1.0043589862605837,2.2054528288168385,,,,,,,,,,,,,,
INDUSTRIALS,BNZL.L,KIE.L,BUNZL PLC ORD 32 1/7P,KIER GROUP PLC ORD 1P,-2.533441343420931,0.10754822394447194,0.05,,False,-0.9486594232565344,12.803712880691132,,,,,,,,,,,,,,
INDUSTRIALS,BBY.L,SMIN.L,BALFOUR BEATTY PLC ORD 50P,SMITHS GROUP PLC ORD 37.5P,-2.530220014633238,0.10829352023894995,0.05,,False,1.6484375817975363,-6.3040838098248475,,,,,,,,,,,,,,
INDUSTRIALS,DPLM.L,IMI.L,DIPLOMA PLC ORD 5P,IMI PLC ORD 28 4/7P,-2.501661679108015,0.11507054361972424,0.05,,False,0.9520502254130369,1.2026015093668914,,,,,,,,,,,,,,
INDUSTRIALS,DPLM.L,MGNS.L,DIPLOMA PLC ORD 5P,MORGAN SINDALL GROUP PLC ORD 5P,-2.4313663490839117,0.13307845516038547,0.05,,False,0.948104028538321,0.6569590906933032,,,,,,,,,,,,,,
INDUSTRIALS,BKG.L,DPLM.L,BERKELEY GROUP HOLDINGS (THE) P,DIPLOMA PLC ORD 5P,-2.426089595211655,0.13450779026800624,0.05,,False,-0.5813983259381929,13.239427757811587,,,,,,,,,,,,,,
INDUSTRIALS,KIE.L,MRO.L,KIER GROUP PLC ORD 1P,MELROSE INDUSTRIES PLC ORD GBP0,-2.3892875332027272,0.14478277873743312,0.05,,False,2.5741701675353963,-10.98159880897451,,,,,,,,,,,,,,
INDUSTRIALS,BKG.L,MRO.L,BERKELEY GROUP HOLDINGS (THE) P,MELROSE INDUSTRIES PLC ORD GBP0,-2.3644678774746666,0.15201718566482386,0.05,,False,-1.056600066599887,14.920519295551117,,,,,,,,,,,,,,
INDUSTRIALS,IMI.L,SMIN.L,IMI PLC ORD 28 4/7P,SMITHS GROUP PLC ORD 37.5P,-2.345606477977834,0.1576803892236741,0.05,,False,1.1145596312997095,-0.8571901958847459,,,,,,,,,,,,,,
INDUSTRIALS,BKG.L,IMI.L,BERKELEY GROUP HOLDINGS (THE) P,IMI PLC ORD 28 4/7P,-2.3350467565428294,0.16091364467422276,0.05,,False,-0.5362059589921768,12.40713719296588,,,,,,,,,,,,,,
INDUSTRIALS,BA.L,MRO.L,BAE SYSTEMS PLC ORD 2.5P,MELROSE INDUSTRIES PLC ORD GBP0,-2.329925855520055,0.1624978295633432,0.05,,False,8.469959289630019,-45.77837742103797,,,,,,,,,,,,,,
INDUSTRIALS,BKG.L,SMIN.L,BERKELEY GROUP HOLDINGS (THE) P,SMITHS GROUP PLC ORD 37.5P,-2.312824340339023,0.16786521980182317,0.05,,False,-0.642624273395016,13.211674948810234,,,,,,,,,,,,,,
INDUSTRIALS,MRO.L,SMIN.L,MELROSE INDUSTRIES PLC ORD GBP0,SMITHS GROUP PLC ORD 37.5P,-2.312611519965548,0.16793276093473042,0.05,,False,0.5390491931910141,2.1474281699002145,,,,,,,,,,,,,,
INDUSTRIALS,BKG.L,MGNS.L,BERKELEY GROUP HOLDINGS (THE) P,MORGAN SINDALL GROUP PLC ORD 5P,-2.3103392124863604,0.16865504998229497,0.05,,False,-0.5526021615374344,12.868886942360321,,,,,,,,,,,,,,
INDUSTRIALS,BBY.L,MRO.L,BALFOUR BEATTY PLC ORD 50P,MELROSE INDUSTRIES PLC ORD GBP0,-2.3061107466929385,0.1700047078456532,0.05,,False,6.082253818177526,-31.862666998901858,,,,,,,,,,,,,,
INDUSTRIALS,BBY.L,MGNS.L,BALFOUR BEATTY PLC ORD 50P,MORGAN SINDALL GROUP PLC ORD 5P,-2.2985237436114483,0.17244453564941686,0.05,,False,1.515824909381152,-6.240221943520179,,,,,,,,,,,,,,
INDUSTRIALS,BA.L,WEIR.L,BAE SYSTEMS PLC ORD 2.5P,WEIR PLC ORD 12.5P,-2.2340916490966825,0.19410558073801165,0.05,,False,1.4918668677600577,-4.2486424120892305,,,,,,,,,,,,,,
INDUSTRIALS,IMI.L,KIE.L,IMI PLC ORD 28 4/7P,KIER GROUP PLC ORD 1P,-2.212029277545598,0.20190852812711452,0.05,,False,0.8743527941156665,3.1546920247389476,,,,,,,,,,,,,,
INDUSTRIALS,BBY.L,BKG.L,BALFOUR BEATTY PLC ORD 50P,BERKELEY GROUP HOLDINGS (THE) P,-2.21003725451185,0.20262270269896804,0.05,,False,-2.984635083696769,31.06143865216715,,,,,,,,,,,,,,
INDUSTRIALS,MGNS.L,WEIR.L,MORGAN SINDALL GROUP PLC ORD 5P,WEIR PLC ORD 12.5P,-2.2099821730660434,0.2026424729909983,0.05,,False,1.2502974104051394,-1.4777056108929525,,,,,,,,,,,,,,
INDUSTRIALS,BA.L,BBY.L,BAE SYSTEMS PLC ORD 2.5P,BALFOUR BEATTY PLC ORD 50P,-2.1961457732508425,0.20764729168795665,0.05,,False,0.7495712860802595,2.6647843221033183,,,,,,,,,,,,,,
INDUSTRIALS,BKG.L,HILS.L,BERKELEY GROUP HOLDINGS (THE) P,HILL & SMITH PLC ORD 25P,-2.175154131998476,0.21538632045020356,0.05,,False,-1.0094860274399668,16.007194172536476,,,,,,,,,,,,,,
INDUSTRIALS,HILS.L,SPX.L,HILL & SMITH PLC ORD 25P,SPIRAX GROUP PLC ORD 26 12/13P,-2.1358596222632262,0.2303417983279814,0.05,,False,1.9302336097415627,-9.419443513987634,,,,,,,,,,,,,,
INDUSTRIALS,IMI.L,MRO.L,IMI PLC ORD 28 4/7P,MELROSE INDUSTRIES PLC ORD GBP0,-2.1230569093285765,0.2353449321711681,0.05,,False,2.7404873296640186,-9.522697072145645,,,,,,,,,,,,,,
INDUSTRIALS,KIE.L,WEIR.L,KIER GROUP PLC ORD 1P,WEIR PLC ORD 12.5P,-2.1159975819309924,0.23813073842621368,0.05,,False,1.4586994013411443,-6.217451809213151,,,,,,,,,,,,,,
INDUSTRIALS,DPLM.L,MRO.L,DIPLOMA PLC ORD 5P,MELROSE INDUSTRIES PLC ORD GBP0,-2.1069222688871956,0.2417402482785646,0.05,,False,3.681211151882347,-14.596325745045895,,,,,,,,,,,,,,
INDUSTRIALS,BKG.L,KIE.L,BERKELEY GROUP HOLDINGS (THE) P,KIER GROUP PLC ORD 1P,-2.106050528151441,0.24208862437693252,0.05,,False,-0.32429534235066393,9.966306878960992,,,,,,,,,,,,,,
INDUSTRIALS,DPLM.L,KIE.L,DIPLOMA PLC ORD 5P,KIER GROUP PLC ORD 1P,-1.9970898860976507,0.28785053867903465,0.05,,False,0.8199085218146376,4.270924968132514,,,,,,,,,,,,,,
INDUSTRIALS,BA.L,BKG.L,BAE SYSTEMS PLC ORD 2.5P,BERKELEY GROUP HOLDINGS (THE) P,-1.9561807402608835,0.3061104304015074,0.05,,False,-2.349226001681553,26.875731675421342,,,,,,,,,,,,,,
INDUSTRIALS,BBY.L,KIE.L,BALFOUR BEATTY PLC ORD 50P,KIER GROUP PLC ORD 1P,-1.946525015807531,0.31050050436122234,0.05,,False,1.3069646379841942,-0.4420013400718874,,,,,,,,,,,,,,
INDUSTRIALS,BBY.L,HILS.L,BALFOUR BEATTY PLC ORD 50P,HILL & SMITH PLC ORD 25P,-1.9280066761224082,0.31900273068965423,0.05,,False,2.47614543343988,-12.607965408556677,,,,,,,,,,,,,,
INDUSTRIALS,BKG.L,WEIR.L,BERKELEY GROUP HOLDINGS (THE) P,WEIR PLC ORD 12.5P,-1.8299505402961846,0.3656966989441059,0.05,,False,-0.6847780471909334,13.637487254543448,,,,,,,,,,,,,,
INDUSTRIALS,BA.L,IMI.L,BAE SYSTEMS PLC ORD 2.5P,IMI PLC ORD 28 4/7P,-1.798704752390743,0.3811049374504992,0.05,,False,1.1631508775850476,-1.52948124119178,,,,,,,,,,,,,,
INDUSTRIALS,HILS.L,IMI.L,HILL & SMITH PLC ORD 25P,IMI PLC ORD 28 4/7P,-1.7222641115425283,0.4196793790822299,0.05,,False,0.6181722870198361,2.8974006649205215,,,,,,,,,,,,,,
INDUSTRIALS,SMIN.L,WEIR.L,SMITHS GROUP PLC ORD 37.5P,WEIR PLC ORD 12.5P,-1.7011775349745957,0.43050587777541205,0.05,,False,1.1118507855293007,-1.0241438951066506,,,,,,,,,,,,,,
INDUSTRIALS,BKG.L,BNZL.L,BERKELEY GROUP HOLDINGS (THE) P,BUNZL PLC ORD 32 1/7P,-1.6680991564973504,0.447619131889717,0.05,,False,0.41993659569264047,4.973588123722813,,,,,,,,,,,,,,
INDUSTRIALS,BA.L,DPLM.L,BAE SYSTEMS PLC ORD 2.5P,DIPLOMA PLC ORD 5P,-1.5702456776361506,0.49852059839680696,0.05,,False,1.2724088304350203,-3.430561697185885,,,,,,,,,,,,,,
INDUSTRIALS,BNZL.L,IMI.L,BUNZL PLC ORD 32 1/7P,IMI PLC ORD 28 4/7P,-1.56357401723908,0.5018610611638529,0.05,,False,-1.1035329233110194,16.369089727931474,,,,,,,,,,,,,,
INDUSTRIALS,HILS.L,MGNS.L,HILL & SMITH PLC ORD 25P,MORGAN SINDALL GROUP PLC ORD 5P,-1.5491338678195505,0.5090808114919043,0.05,,False,0.49842514684344785,3.5151282254284117,,,,,,,,,,,,,,
INDUSTRIALS,DPLM.L,SMIN.L,DIPLOMA PLC ORD 5P,SMITHS GROUP PLC ORD 37.5P,-1.5271206487172704,0.5200550409877056,0.05,,False,1.0698797842379606,0.3193343747699551,,,,,,,,,,,,,,
INDUSTRIALS,BNZL.L,DPLM.L,BUNZL PLC ORD 32 1/7P,DIPLOMA PLC ORD 5P,-1.4326430841854565,0.5665304705039611,0.05,,False,-1.2214297790149764,18.29406280465867,,,,,,,,,,,,,,
INDUSTRIALS,IMI.L,WEIR.L,IMI PLC ORD 28 4/7P,WEIR PLC ORD 12.5P,-1.3145821776554238,0.6224748254914713,0.05,,False,1.2671499127613748,-2.216931036275067,,,,,,,,,,,,,,
INDUSTRIALS,BBY.L,BNZL.L,BALFOUR BEATTY PLC ORD 50P,BUNZL PLC ORD 32 1/7P,-1.2709829099724013,0.6423409331984079,0.05,,False,-1.4437481792925773,17.718510885709037,,,,,,,,,,,,,,
INDUSTRIALS,HILS.L,KIE.L,HILL & SMITH PLC ORD 25P,KIER GROUP PLC ORD 1P,-1.0232034761393707,0.744707578785982,0.05,,False,0.46446720083434423,5.241691607155856,,,,,,,,,,,,,,
INDUSTRIALS,HILS.L,SMIN.L,HILL & SMITH PLC ORD 25P,SMITHS GROUP PLC ORD 37.5P,-1.010627998070749,0.7493682725800652,0.05,,False,0.6215819653481641,2.884270649794554,,,,,,,,,,,,,,
INDUSTRIALS,BBY.L,WEIR.L,BALFOUR BEATTY PLC ORD 50P,WEIR PLC ORD 12.5P,-1.005408346800126,0.7512866232806275,0.05,,False,1.9743735130837161,-9.098742323581961,,,,,,,,,,,,,,
INDUSTRIALS,DPLM.L,WEIR.L,DIPLOMA PLC ORD 5P,WEIR PLC ORD 12.5P,-0.8159018584387056,0.8144063326977128,0.05,,False,1.2768445715953896,-1.4587045485485213,,,,,,,,,,,,,,
INDUSTRIALS,HILS.L,WEIR.L,HILL & SMITH PLC ORD 25P,WEIR PLC ORD 12.5P,-0.7695927989765132,0.8278912112750187,0.05,,False,0.5980350632917565,2.97513506814452,,,,,,,,,,,,,,
INDUSTRIALS,BA.L,HILS.L,BAE SYSTEMS PLC ORD 2.5P,HILL & SMITH PLC ORD 25P,-0.7089739291466993,0.8444113744801296,0.05,,False,3.087357101124349,-16.20460118837201,,,,,,,,,,,,,,
INDUSTRIALS,BNZL.L,HILS.L,BUNZL PLC ORD 32 1/7P,HILL & SMITH PLC ORD 25P,-0.5681552189565441,0.8780165223808334,0.05,,False,-3.616449140091739,35.54975890525078,,,,,,,,,,,,,,
INDUSTRIALS,HILS.L,MRO.L,HILL & SMITH PLC ORD 25P,MELROSE INDUSTRIES PLC ORD GBP0,-0.50998108931067,0.8900539926141904,0.05,,False,1.042030783480492,1.1056054720727593,,,,,,,,,,,,,,
INVESTMENT_TRUSTS,ATT.L,FCIT.L,ALLIANZ TECHNOLOGY TRUST PLC OR,F&C INVESTMENT TRUST PLC ORD 6.,-4.648010382043786,0.0001052587661942112,0.05,0.0009023485778317809,True,2.50527909378591,-8.077935911767092,10.573695727882354,-0.00028626161815135915,-0.06555391779736462,32.0,0.7903183882183763,2.648937868718892,False,,1.0,0.0008066763157395249,-0.17819952188362964,-0.11435152617510524,True,reversion signs agree
INVESTMENT_TRUSTS,FCIT.L,RCP.L,F&C INVESTMENT TRUST PLC ORD 6.,"""RIT Capital Partners""",-4.118553184722214,0.0009023485778317809,0.05,0.0009023485778317809,True,1.1087222439721858,-2.7620783684453354,10.553672794070456,5.1926947511459094e-06,-0.06567828983189507,32.0,2.028402220692565,3.018812119178945,True,2026-10-05 00:00:00,0.8,0.004432956550569375,0.19886201572641693,0.7931822870071281,True,reversion signs agree
INVESTMENT_TRUSTS,FCIT.L,PCT.L,F&C INVESTMENT TRUST PLC ORD 6.,POLAR CAPITAL TECHNOLOGY TRUST ,-3.8790022898696432,0.00219492975701771,0.05,0.0009023485778317809,False,0.3203050721239093,3.7508734852580035,,,,,,,,,,,,,,
INVESTMENT_TRUSTS,ATT.L,RCP.L,ALLIANZ TECHNOLOGY TRUST PLC OR,"""RIT Capital Partners""",-3.598809086362899,0.005783836322312642,0.05,0.0009023485778317809,False,2.8620780982794995,-15.63982653699176,,,,,,,,,,,,,,
INVESTMENT_TRUSTS,HGT.L,SMT.L,HG CAPITAL TRUST PLC ORD 2.5P,SCOTTISH MORTGAGE INVESTMENT TR,-3.5000844305425174,0.00798492597107251,0.05,0.0009023485778317809,False,-0.644154833453091,10.65914808326124,,,,,,,,,,,,,,
INVESTMENT_TRUSTS,ATT.L,HGT.L,ALLIANZ TECHNOLOGY TRUST PLC OR,HG CAPITAL TRUST PLC ORD 2.5P,-3.40803750776916,0.01068790616299251,0.05,0.0009023485778317809,False,-2.081939760457685,18.972715953571672,,,,,,,,,,,,,,
INVESTMENT_TRUSTS,PCT.L,RCP.L,POLAR CAPITAL TECHNOLOGY TRUST ,"""RIT Capital Partners""",-3.2876927315937365,0.01543765322313596,0.05,0.0009023485778317809,False,3.564264539266244,-21.115566767384525,,,,,,,,,,,,,,
INVESTMENT_TRUSTS,FCIT.L,HGT.L,F&C INVESTMENT TRUST PLC ORD 6.,HG CAPITAL TRUST PLC ORD 2.5P,-3.174351676832482,0.02151813943526637,0.05,0.0009023485778317809,False,-0.6354520884669217,9.591047865563993,,,,,,,,,,,,,,
INVESTMENT_TRUSTS,MNKS.L,RCP.L,MONKS INVESTMENT TRUST PLC ORD ,"""RIT Capital Partners""",-3.0625458554812557,0.02945201332088367,0.05,0.0009023485778317809,False,1.5171232884039345,-4.3355806893812705,,,,,,,,,,,,,,
INVESTMENT_TRUSTS,JAM.L,JGGI.L,JPMORGAN AMERICAN INVESTMENT TR,JPMORGAN GLOBAL GROWTH & INCOME,-2.9549962159668004,0.039316317331699754,0.05,0.0009023485778317809,False,1.8304972495497014,-4.62648906245933,,,,,,,,,,,,,,
INVESTMENT_TRUSTS,3IN.L,HGT.L,3I INFRASTRUCTURE PLC ORD NPV,HG CAPITAL TRUST PLC ORD 2.5P,-2.9229499927299054,0.042743575926472904,0.05,0.0009023485778317809,False,-0.28878193277563324,7.620700210717963,,,,,,,,,,,,,,
INVESTMENT_TRUSTS,3IN.L,BRWM.L,3I INFRASTRUCTURE PLC ORD NPV,BLACKROCK WORLD MINING TRUST PL,-2.9061885766209863,0.04463306857593389,0.05,0.0009023485778317809,False,0.16667631314826425,4.764647222913384,,,,,,,,,,,,,,
INVESTMENT_TRUSTS,3IN.L,CTY.L,3I INFRASTRUCTURE PLC ORD NPV,CITY OF LONDON INVESTMENT TRUST,-2.8531781559203426,0.05106995052984282,0.05,0.0009023485778317809,False,0.49685788173068146,2.764961356084682,,,,,,,,,,,,,,
INVESTMENT_TRUSTS,ATT.L,SMT.L,ALLIANZ TECHNOLOGY TRUST PLC OR,SCOTTISH MORTGAGE INVESTMENT TR,-2.840167993091236,0.05276117172650728,0.05,0.0009023485778317809,False,1.2753288978799284,-2.7605553370333418,,,,,,,,,,,,,,
INVESTMENT_TRUSTS,3IN.L,ATT.L,3I INFRASTRUCTURE PLC ORD NPV,ALLIANZ TECHNOLOGY TRUST PLC OR,-2.8298267789724663,0.05413791309666609,0.05,0.0009023485778317809,False,0.2075811623678149,4.566853298724086,,,,,,,,,,,,,,
INVESTMENT_TRUSTS,HGT.L,MNKS.L,HG CAPITAL TRUST PLC ORD 2.5P,MONKS INVESTMENT TRUST PLC ORD ,-2.8227194722801823,0.05510102272989299,0.05,0.0009023485778317809,False,-1.0499117377814862,13.73229900368251,,,,,,,,,,,,,,
INVESTMENT_TRUSTS,3IN.L,PCT.L,3I INFRASTRUCTURE PLC ORD NPV,POLAR CAPITAL TECHNOLOGY TRUST ,-2.8022788851857423,0.05794898216288879,0.05,0.0009023485778317809,False,0.16720560249068572,4.836878050801474,,,,,,,,,,,,,,
INVESTMENT_TRUSTS,3IN.L,MNKS.L,3I INFRASTRUCTURE PLC ORD NPV,MONKS INVESTMENT TRUST PLC ORD ,-2.7569880269153324,0.06468522617272741,0.05,0.0009023485778317809,False,0.4152034597420173,2.84815490676346,,,,,,,,,,,,,,
INVESTMENT_TRUSTS,RCP.L,SMT.L,"""RIT Capital Partners""",SCOTTISH MORTGAGE INVESTMENT TR,-2.741051450858028,0.06719995185161252,0.05,0.0009023485778317809,False,0.43256122259963287,4.590833645088918,,,,,,,,,,,,,,
INVESTMENT_TRUSTS,FCIT.L,SMT.L,F&C INVESTMENT TRUST PLC ORD 6.,SCOTTISH MORTGAGE INVESTMENT TR,-2.7047029629417043,0.07322798076601628,0.05,0.0009023485778317809,False,0.5035955725412905,2.1605393929412773,,,,,,,,,,,,,,
INVESTMENT_TRUSTS,HGT.L,JAM.L,HG CAPITAL TRUST PLC ORD 2.5P,JPMORGAN AMERICAN INVESTMENT TR,-2.703078390001953,0.07350708633211889,0.05,0.0009023485778317809,False,-2.486745743386245,23.529878467735987,,,,,,,,,,,,,,
INVESTMENT_TRUSTS,3IN.L,JGGI.L,3I INFRASTRUCTURE PLC ORD NPV,JPMORGAN GLOBAL GROWTH & INCOME,-2.688005336182782,0.07613696779380014,0.05,0.0009023485778317809,False,2.3991607311771954,-9.374816631742124,,,,,,,,,,,,,,
INVESTMENT_TRUSTS,3IN.L,RCP.L,3I INFRASTRUCTURE PLC ORD NPV,"""RIT Capital Partners""",-2.676686416088166,0.07816014895022638,0.05,0.0009023485778317809,False,0.6599771614642078,0.8193459452913547,,,,,,,,,,,,,,
INVESTMENT_TRUSTS,PCT.L,SMT.L,POLAR CAPITAL TECHNOLOGY TRUST ,SCOTTISH MORTGAGE INVESTMENT TR,-2.6555370932760898,0.08205332973231905,0.05,0.0009023485778317809,False,1.5852286470095487,-5.055623753778984,,,,,,,,,,,,,,
INVESTMENT_TRUSTS,3IN.L,FCIT.L,3I INFRASTRUCTURE PLC ORD NPV,F&C INVESTMENT TRUST PLC ORD 6.,-2.6001711113331143,0.09296190736279158,0.05,0.0009023485778317809,False,0.5571749612843481,2.6794789433849635,,,,,,,,,,,,,,
INVESTMENT_TRUSTS,JGGI.L,RCP.L,JPMORGAN GLOBAL GROWTH & INCOME,"""RIT Capital Partners""",-2.5222626516497533,0.11015111410384087,0.05,0.0009023485778317809,False,0.36231881692544354,3.5855461705008898,,,,,,,,,,,,,,
INVESTMENT_TRUSTS,3IN.L,SMT.L,3I INFRASTRUCTURE PLC ORD NPV,SCOTTISH MORTGAGE INVESTMENT TR,-2.418903841125505,0.13647186678616058,0.05,0.0009023485778317809,False,0.23813743525430503,4.179221010425682,,,,,,,,,,,,,,
INVESTMENT_TRUSTS,JGGI.L,PCT.L,JPMORGAN GLOBAL GROWTH & INCOME,POLAR CAPITAL TECHNOLOGY TRUST ,-2.3784740338274184,0.14790434640967776,0.05,0.0009023485778317809,False,0.09703236667229681,5.759712575938429,,,,,,,,,,,,,,
INVESTMENT_TRUSTS,HGT.L,PCT.L,HG CAPITAL TRUST PLC ORD 2.5P,POLAR CAPITAL TECHNOLOGY TRUST ,-2.366839229430134,0.15131531169038331,0.05,0.0009023485778317809,False,-0.3915251145805373,8.515939314676483,,,,,,,,,,,,,,
INVESTMENT_TRUSTS,BRWM.L,FCIT.L,BLACKROCK WORLD MINING TRUST PL,F&C INVESTMENT TRUST PLC ORD 6.,-2.3460175830903323,0.1575554246656421,0.05,0.0009023485778317809,False,3.606830183095759,-14.00731188110207,,,,,,,,,,,,,,
INVESTMENT_TRUSTS,HGT.L,JGGI.L,HG CAPITAL TRUST PLC ORD 2.5P,JPMORGAN GLOBAL GROWTH & INCOME,-2.335848624325101,0.16066654185642532,0.05,0.0009023485778317809,False,-10.502861007658716,72.77184048490659,,,,,,,,,,,,,,
INVESTMENT_TRUSTS,BRWM.L,RCP.L,BLACKROCK WORLD MINING TRUST PL,"""RIT Capital Partners""",-2.3348915850959693,0.16096149218181283,0.05,0.0009023485778317809,False,3.85115083885106,-22.8452916824931,,,,,,,,,,,,,,
INVESTMENT_TRUSTS,BRWM.L,JGGI.L,BLACKROCK WORLD MINING TRUST PL,JPMORGAN GLOBAL GROWTH & INCOME,-2.3282739376042887,0.1630111245048177,0.05,0.0009023485778317809,False,14.543582515574647,-85.77960707208808,,,,,,,,,,,,,,
INVESTMENT_TRUSTS,ATT.L,JGGI.L,ALLIANZ TECHNOLOGY TRUST PLC OR,JPMORGAN GLOBAL GROWTH & INCOME,-2.3282184356238833,0.1630283896248514,0.05,0.0009023485778317809,False,7.98306743885789,-44.49423696913599,,,,,,,,,,,,,,
INVESTMENT_TRUSTS,ATT.L,MNKS.L,ALLIANZ TECHNOLOGY TRUST PLC OR,MONKS INVESTMENT TRUST PLC ORD ,-2.2952562784942283,0.17350248092968334,0.05,0.0009023485778317809,False,1.8782588125269308,-7.401193754312477,,,,,,,,,,,,,,
INVESTMENT_TRUSTS,FCIT.L,MNKS.L,F&C INVESTMENT TRUST PLC ORD 6.,MONKS INVESTMENT TRUST PLC ORD ,-2.2795984926018034,0.17863230497912957,0.05,0.0009023485778317809,False,0.7423522759884184,0.32320635471725456,,,,,,,,,,,,,,
INVESTMENT_TRUSTS,ATT.L,PCT.L,ALLIANZ TECHNOLOGY TRUST PLC OR,POLAR CAPITAL TECHNOLOGY TRUST ,-2.276558820536846,0.17963969692751314,0.05,0.0009023485778317809,False,0.8099696263781253,1.2739901485509293,,,,,,,,,,,,,,
INVESTMENT_TRUSTS,FCIT.L,JGGI.L,F&C INVESTMENT TRUST PLC ORD 6.,JPMORGAN GLOBAL GROWTH & INCOME,-2.227018993637593,0.19658565219457996,0.05,0.0009023485778317809,False,2.705279302261115,-11.484211997030686,,,,,,,,,,,,,,
INVESTMENT_TRUSTS,JGGI.L,SMT.L,JPMORGAN GLOBAL GROWTH & INCOME,SCOTTISH MORTGAGE INVESTMENT TR,-2.204494095366721,0.20461840482640037,0.05,0.0009023485778317809,False,0.14310130656201075,5.343863133646099,,,,,,,,,,,,,,
INVESTMENT_TRUSTS,JGGI.L,MNKS.L,JPMORGAN GLOBAL GROWTH & INCOME,MONKS INVESTMENT TRUST PLC ORD ,-2.180489104774642,0.21340283561614232,0.05,0.0009023485778317809,False,0.25175728309713674,4.527765004801862,,,,,,,,,,,,,,
INVESTMENT_TRUSTS,MNKS.L,PCT.L,MONKS INVESTMENT TRUST PLC ORD ,POLAR CAPITAL TECHNOLOGY TRUST ,-2.1779954334915193,0.21432854805299473,0.05,0.0009023485778317809,False,0.4267907041647384,4.645376765685036,,,,,,,,,,,,,,
INVESTMENT_TRUSTS,CTY.L,JGGI.L,CITY OF LONDON INVESTMENT TRUST,JPMORGAN GLOBAL GROWTH & INCOME,-2.1650841827452023,0.21916097790912248,0.05,0.0009023485778317809,False,7.707643492795751,-42.68992069639407,,,,,,,,,,,,,,
INVESTMENT_TRUSTS,BRWM.L,MNKS.L,BLACKROCK WORLD MINING TRUST PL,MONKS INVESTMENT TRUST PLC ORD ,-2.1617265438087663,0.2204284838314769,0.05,0.0009023485778317809,False,2.635633349170929,-12.53967589788536,,,,,,,,,,,,,,
INVESTMENT_TRUSTS,CTY.L,RCP.L,CITY OF LONDON INVESTMENT TRUST,"""RIT Capital Partners""",-2.1311760432072435,0.23216470409712875,0.05,0.0009023485778317809,False,1.3613552283027388,-4.167251638336017,,,,,,,,,,,,,,
INVESTMENT_TRUSTS,CTY.L,HGT.L,CITY OF LONDON INVESTMENT TRUST,HG CAPITAL TRUST PLC ORD 2.5P,-2.104482523965994,0.2427159805222538,0.05,0.0009023485778317809,False,-0.8198666419816624,11.245062234395343,,,,,,,,,,,,,,
INVESTMENT_TRUSTS,3IN.L,JAM.L,3I INFRASTRUCTURE PLC ORD NPV,JPMORGAN AMERICAN INVESTMENT TR,-2.070194735448042,0.2566670633071871,0.05,0.0009023485778317809,False,0.5949892671172385,1.6853808362664404,,,,,,,,,,,,,,
INVESTMENT_TRUSTS,HGT.L,RCP.L,HG CAPITAL TRUST PLC ORD 2.5P,"""RIT Capital Partners""",-2.0654944088554705,0.2586138380381867,0.05,0.0009023485778317809,False,-1.8252045671321848,20.05165153707884,,,,,,,,,,,,,,
INVESTMENT_TRUSTS,CTY.L,MNKS.L,CITY OF LONDON INVESTMENT TRUST,MONKS INVESTMENT TRUST PLC ORD ,-2.0552810070552967,0.26287211562985824,0.05,0.0009023485778317809,False,0.8741464482660171,-0.1098287500653532,,,,,,,,,,,,,,
INVESTMENT_TRUSTS,JAM.L,RCP.L,JPMORGAN AMERICAN INVESTMENT TR,"""RIT Capital Partners""",-2.001572499935164,0.28588403868016693,0.05,0.0009023485778317809,False,0.9185733203446855,-0.00540464999236967,,,,,,,,,,,,,,
INVESTMENT_TRUSTS,FCIT.L,JAM.L,F&C INVESTMENT TRUST PLC ORD 6.,JPMORGAN AMERICAN INVESTMENT TR,-1.9995995590487878,0.28674870616931947,0.05,0.0009023485778317809,False,1.2051448122672448,-2.742570714998209,,,,,,,,,,,,,,
INVESTMENT_TRUSTS,BRWM.L,CTY.L,BLACKROCK WORLD MINING TRUST PL,CITY OF LONDON INVESTMENT TRUST,-1.973974365772552,0.2980997041709331,0.05,0.0009023485778317809,False,2.8556078026412823,-11.22170959564275,,,,,,,,,,,,,,
INVESTMENT_TRUSTS,BRWM.L,HGT.L,BLACKROCK WORLD MINING TRUST PL,HG CAPITAL TRUST PLC ORD 2.5P,-1.96935284888607,0.3001703174189376,0.05,0.0009023485778317809,False,-2.724728206771019,23.255551759599843,,,,,,,,,,,,,,
INVESTMENT_TRUSTS,CTY.L,SMT.L,CITY OF LONDON INVESTMENT TRUST,SCOTTISH MORTGAGE INVESTMENT TR,-1.9414424809951432,0.31282328935713744,0.05,0.0009023485778317809,False,0.5747541546783398,2.1809019938385656,,,,,,,,,,,,,,
INVESTMENT_TRUSTS,ATT.L,CTY.L,ALLIANZ TECHNOLOGY TRUST PLC OR,CITY OF LONDON INVESTMENT TRUST,-1.90830129439809,0.328166053804349,0.05,0.0009023485778317809,False,2.2605171990140382,-7.857218120972542,,,,,,,,,,,,,,
INVESTMENT_TRUSTS,HGT.L,PSH.L,HG CAPITAL TRUST PLC ORD 2.5P,PERSHING SQUARE HOLDINGS LTD OR,-1.8746893051949423,0.3440601167642551,0.05,0.0009023485778317809,False,-3.6288406800649837,36.33140320339913,,,,,,,,,,,,,,
INVESTMENT_TRUSTS,JAM.L,PCT.L,JPMORGAN AMERICAN INVESTMENT TR,POLAR CAPITAL TECHNOLOGY TRUST ,-1.86321769788163,0.3495574835151294,0.05,0.0009023485778317809,False,0.23347219812741932,5.58179775864086,,,,,,,,,,,,,,
INVESTMENT_TRUSTS,CTY.L,PCT.L,CITY OF LONDON INVESTMENT TRUST,POLAR CAPITAL TECHNOLOGY TRUST ,-1.8474265932647722,0.35718265621492495,0.05,0.0009023485778317809,False,0.35846494342560214,4.038514164749494,,,,,,,,,,,,,,
INVESTMENT_TRUSTS,JAM.L,MNKS.L,JPMORGAN AMERICAN INVESTMENT TR,MONKS INVESTMENT TRUST PLC ORD ,-1.8270969271553796,0.3670942041341111,0.05,0.0009023485778317809,False,0.5872417225708386,2.7509811615302846,,,,,,,,,,,,,,
INVESTMENT_TRUSTS,ATT.L,JAM.L,ALLIANZ TECHNOLOGY TRUST PLC OR,JPMORGAN AMERICAN INVESTMENT TR,-1.8184464452380729,0.37134276313542697,0.05,0.0009023485778317809,False,3.3514792511166727,-17.26847122351677,,,,,,,,,,,,,,
INVESTMENT_TRUSTS,BRWM.L,SMT.L,BLACKROCK WORLD MINING TRUST PL,SCOTTISH MORTGAGE INVESTMENT TR,-1.7694978125335683,0.39570683981970756,0.05,0.0009023485778317809,False,1.7540820181485055,-5.780306757655037,,,,,,,,,,,,,,
INVESTMENT_TRUSTS,BRWM.L,JAM.L,BLACKROCK WORLD MINING TRUST PL,JPMORGAN AMERICAN INVESTMENT TR,-1.7646475592427326,0.3981489975417912,0.05,0.0009023485778317809,False,5.630304192241951,-32.86037849634471,,,,,,,,,,,,,,
INVESTMENT_TRUSTS,CTY.L,FCIT.L,CITY OF LONDON INVESTMENT TRUST,F&C INVESTMENT TRUST PLC ORD 6.,-1.7463071871910694,0.407425258139092,0.05,0.0009023485778317809,False,1.2225788541540998,-0.7458596540507951,,,,,,,,,,,,,,
INVESTMENT_TRUSTS,BRWM.L,PSH.L,BLACKROCK WORLD MINING TRUST PL,PERSHING SQUARE HOLDINGS LTD OR,-1.7270658746932974,0.41722403002189856,0.05,0.0009023485778317809,False,5.021130588291581,-35.28785302947283,,,,,,,,,,,,,,
INVESTMENT_TRUSTS,JAM.L,SMT.L,JPMORGAN AMERICAN INVESTMENT TR,SCOTTISH MORTGAGE INVESTMENT TR,-1.7052083688074495,0.42843098628072135,0.05,0.0009023485778317809,False,0.36908015990751725,4.40860701467928,,,,,,,,,,,,,,
INVESTMENT_TRUSTS,3IN.L,PSH.L,3I INFRASTRUCTURE PLC ORD NPV,PERSHING SQUARE HOLDINGS LTD OR,-1.695998425026182,0.43317537912237836,0.05,0.0009023485778317809,False,0.35764310861762977,2.866577418050133,,,,,,,,,,,,,,
INVESTMENT_TRUSTS,CTY.L,JAM.L,CITY OF LONDON INVESTMENT TRUST,JPMORGAN AMERICAN INVESTMENT TR,-1.6471839511423787,0.4585094884645411,0.05,0.0009023485778317809,False,1.8121635649648573,-6.464044956247752,,,,,,,,,,,,,,
INVESTMENT_TRUSTS,MNKS.L,SMT.L,MONKS INVESTMENT TRUST PLC ORD ,SCOTTISH MORTGAGE INVESTMENT TR,-1.5909401119084619,0.48814299569038244,0.05,0.0009023485778317809,False,0.671535265699344,2.5227170026847947,,,,,,,,,,,,,,
INVESTMENT_TRUSTS,BRWM.L,PCT.L,BLACKROCK WORLD MINING TRUST PL,POLAR CAPITAL TECHNOLOGY TRUST ,-1.5852485301191892,0.4909993056403627,0.05,0.0009023485778317809,False,1.0435493997243026,0.1913170978959453,,,,,,,,,,,,,,
INVESTMENT_TRUSTS,JGGI.L,PSH.L,JPMORGAN GLOBAL GROWTH & INCOME,PERSHING SQUARE HOLDINGS LTD OR,-1.5603542225044467,0.50347216108686,0.05,0.0009023485778317809,False,0.1877013624957093,4.781264676896354,,,,,,,,,,,,,,
INVESTMENT_TRUSTS,ATT.L,BRWM.L,ALLIANZ TECHNOLOGY TRUST PLC OR,BLACKROCK WORLD MINING TRUST PL,-1.5006168875583312,0.5332061514112716,0.05,0.0009023485778317809,False,0.7546896513420992,1.2639760810387424,,,,,,,,,,,,,,
INVESTMENT_TRUSTS,PCT.L,PSH.L,POLAR CAPITAL TECHNOLOGY TRUST ,PERSHING SQUARE HOLDINGS LTD OR,-1.4850138109182722,0.5409113382378802,0.05,0.0009023485778317809,False,4.473704122124763,-31.19007963332844,,,,,,,,,,,,,,
INVESTMENT_TRUSTS,MNKS.L,PSH.L,MONKS INVESTMENT TRUST PLC ORD ,PERSHING SQUARE HOLDINGS LTD OR,-1.375528348704996,0.593950294247809,0.05,0.0009023485778317809,False,1.1796782101012695,-2.601399860656546,,,,,,,,,,,,,,
INVESTMENT_TRUSTS,ATT.L,PSH.L,ALLIANZ TECHNOLOGY TRUST PLC OR,PERSHING SQUARE HOLDINGS LTD OR,-1.3071011571599889,0.6259172958624752,0.05,0.0009023485778317809,False,3.245212878213753,-20.844194907948967,,,,,,,,,,,,,,
INVESTMENT_TRUSTS,PSH.L,SMT.L,PERSHING SQUARE HOLDINGS LTD OR,SCOTTISH MORTGAGE INVESTMENT TR,-1.3012398020049931,0.6286049120374273,0.05,0.0009023485778317809,False,0.42383629812346196,5.3573588168813435,,,,,,,,,,,,,,
INVESTMENT_TRUSTS,CTY.L,PSH.L,CITY OF LONDON INVESTMENT TRUST,PERSHING SQUARE HOLDINGS LTD OR,-1.2572785220772391,0.6484839185061081,0.05,0.0009023485778317809,False,0.9907281925076773,-2.0473386080091203,,,,,,,,,,,,,,
INVESTMENT_TRUSTS,JAM.L,PSH.L,JPMORGAN AMERICAN INVESTMENT TR,PERSHING SQUARE HOLDINGS LTD OR,-0.9435423379239306,0.7732954597664925,0.05,0.0009023485778317809,False,0.5450465532732891,2.451083504423748,,,,,,,,,,,,,,
INVESTMENT_TRUSTS,FCIT.L,PSH.L,F&C INVESTMENT TRUST PLC ORD 6.,PERSHING SQUARE HOLDINGS LTD OR,-0.7648300851404237,0.8292353487590235,0.05,0.0009023485778317809,False,0.7467496103264522,-0.5358161381862621,,,,,,,,,,,,,,
INVESTMENT_TRUSTS,PSH.L,RCP.L,PERSHING SQUARE HOLDINGS LTD OR,"""RIT Capital Partners""",-0.018949600979739762,0.9569366286564308,0.05,0.0009023485778317809,False,1.5492903113924887,-3.472323339646495,,,,,,,,,,,,,,
MATERIALS,ANTO.L,HOC.L,ANTOFAGASTA PLC ORD 5P,HOCHSCHILD MINING PLC ORD 1P,-2.6763581059683696,0.07821945631796959,0.05,,False,0.696752204543365,3.7378985449890383,,,,,,,,,,,,,,
MATERIALS,AAL.L,ANTO.L,ANGLO AMERICAN PLC ORD USD0.623,ANTOFAGASTA PLC ORD 5P,-2.663270304114626,0.08061259699145223,0.05,,False,0.6309944603926059,2.9736955735746244,,,,,,,,,,,,,,
MATERIALS,GLEN.L,RIO.L,GLENCORE PLC ORD USD0.01,RIO TINTO PLC ORD 10P,-2.656912256223655,0.08179567161213691,0.05,,False,1.3205344159556933,-5.389647516954795,,,,,,,,,,,,,,
MATERIALS,CRDA.L,JMAT.L,CRODA INTERNATIONAL PLC ORD 10.,JOHNSON MATTHEY PLC ORD 147 143,-2.6071183662097104,0.09153495281807439,0.05,,False,-0.553176738807741,12.31913276363587,,,,,,,,,,,,,,
MATERIALS,FRES.L,JMAT.L,FRESNILLO PLC ORD USD0.50,JOHNSON MATTHEY PLC ORD 147 143,-2.601723017718933,0.09264167737543066,0.05,,False,4.333030450329101,-26.284804208407717,,,,,,,,,,,,,,
MATERIALS,AAL.L,RIO.L,ANGLO AMERICAN PLC ORD USD0.623,RIO TINTO PLC ORD 10P,-2.5800805855698856,0.09718448742627112,0.05,,False,1.1513485488473603,-2.0159372247536496,,,,,,,,,,,,,,
MATERIALS,CRDA.L,FRES.L,CRODA INTERNATIONAL PLC ORD 10.,FRESNILLO PLC ORD USD0.50,-2.549789422394329,0.1038250423767405,0.05,,False,-0.14767289015233998,9.109292834347958,,,,,,,,,,,,,,
MATERIALS,AAL.L,GLEN.L,ANGLO AMERICAN PLC ORD USD0.623,GLENCORE PLC ORD USD0.01,-2.4966055263211953,0.1163024229662939,0.05,,False,0.867803600698338,2.7074371856336192,,,,,,,,,,,,,,
MATERIALS,CRDA.L,HOC.L,CRODA INTERNATIONAL PLC ORD 10.,HOCHSCHILD MINING PLC ORD 1P,-2.367641841847496,0.1510782658660595,0.05,,False,-0.1970367689061108,9.16940736505138,,,,,,,,,,,,,,
MATERIALS,BHP.L,GLEN.L,BHP GROUP LIMITED ORD NPV (DI),GLENCORE PLC ORD USD0.01,-2.3577995538848877,0.1540029998277722,0.05,,False,0.7108731307969514,3.469426359472081,,,,,,,,,,,,,,
MATERIALS,ANTO.L,CRDA.L,ANTOFAGASTA PLC ORD 5P,CRODA INTERNATIONAL PLC ORD 10.,-2.3471424458454253,0.15721384619921552,0.05,,False,-4.767904057670193,46.057090679546285,,,,,,,,,,,,,,
MATERIALS,AAL.L,BHP.L,ANGLO AMERICAN PLC ORD USD0.623,BHP GROUP LIMITED ORD NPV (DI),-2.3293981752648576,0.1626616738580739,0.05,,False,1.241852923606813,-1.69025403762366,,,,,,,,,,,,,,
MATERIALS,FRES.L,HOC.L,FRESNILLO PLC ORD USD0.50,HOCHSCHILD MINING PLC ORD 1P,-2.317839753353444,0.16627883155742174,0.05,,False,1.5436145411867437,-1.6143286205314817,,,,,,,,,,,,,,
MATERIALS,AAL.L,HOC.L,ANGLO AMERICAN PLC ORD USD0.623,HOCHSCHILD MINING PLC ORD 1P,-2.2230983444983945,0.19796914448537634,0.05,,False,0.4177137647033993,5.458777492385769,,,,,,,,,,,,,,
MATERIALS,AAL.L,CRDA.L,ANGLO AMERICAN PLC ORD USD0.623,CRODA INTERNATIONAL PLC ORD 10.,-2.217644287893718,0.19990403408630247,0.05,,False,-2.9936852619097514,31.91628747976803,,,,,,,,,,,,,,
MATERIALS,HOC.L,JMAT.L,HOCHSCHILD MINING PLC ORD 1P,JOHNSON MATTHEY PLC ORD 147 143,-2.2084068821948586,0.2032084051509962,0.05,,False,3.05333723591404,-17.890387995466497,,,,,,,,,,,,,,
MATERIALS,BHP.L,CRDA.L,BHP GROUP LIMITED ORD NPV (DI),CRODA INTERNATIONAL PLC ORD 10.,-2.139199076446833,0.22904725572634377,0.05,,False,-5.113532386615709,48.77402250479536,,,,,,,,,,,,,,
MATERIALS,CRDA.L,RIO.L,CRODA INTERNATIONAL PLC ORD 10.,RIO TINTO PLC ORD 10P,-2.126600699254677,0.23395370644840574,0.05,,False,-0.2919125447539707,10.538994974340303,,,,,,,,,,,,,,
MATERIALS,ANTO.L,FRES.L,ANTOFAGASTA PLC ORD 5P,FRESNILLO PLC ORD USD0.50,-2.0711467917741886,0.2562737396456316,0.05,,False,0.44183887644876163,4.536081530971556,,,,,,,,,,,,,,
MATERIALS,ANTO.L,JMAT.L,ANTOFAGASTA PLC ORD 5P,JOHNSON MATTHEY PLC ORD 147 143,-2.0256938519618597,0.27542209514003535,0.05,,False,1.9579939787541238,-7.41455053378123,,,,,,,,,,,,,,
MATERIALS,GLEN.L,HOC.L,GLENCORE PLC ORD USD0.01,HOCHSCHILD MINING PLC ORD 1P,-1.9659285222339566,0.3017090937978406,0.05,,False,0.3649034252059095,3.8419933864528963,,,,,,,,,,,,,,
MATERIALS,CRDA.L,GLEN.L,CRODA INTERNATIONAL PLC ORD 10.,GLENCORE PLC ORD USD0.01,-1.893681787361878,0.3350392102502794,0.05,,False,0.10624354795798067,7.4013205261140875,,,,,,,,,,,,,,
MATERIALS,HOC.L,RIO.L,HOCHSCHILD MINING PLC ORD 1P,RIO TINTO PLC ORD 10P,-1.8895900892734625,0.33697399654205296,0.05,,False,2.88886429028617,-19.032252761056526,,,,,,,,,,,,,,
MATERIALS,BHP.L,RIO.L,BHP GROUP LIMITED ORD NPV (DI),RIO TINTO PLC ORD 10P,-1.722021671330985,0.41980345134719316,0.05,,False,0.9354140031903331,-0.3334423542374205,,,,,,,,,,,,,,
MATERIALS,AAL.L,FRES.L,ANGLO AMERICAN PLC ORD USD0.623,FRESNILLO PLC ORD USD0.50,-1.7181218806852938,0.4218005543448628,0.05,,False,0.25476859697876036,6.011057620537703,,,,,,,,,,,,,,
MATERIALS,AAL.L,JMAT.L,ANGLO AMERICAN PLC ORD USD0.623,JOHNSON MATTHEY PLC ORD 147 143,-1.6765700527047318,0.44322291547214726,0.05,,False,1.20708856538361,-1.4848403005762503,,,,,,,,,,,,,,
MATERIALS,ANTO.L,GLEN.L,ANTOFAGASTA PLC ORD 5P,GLENCORE PLC ORD USD0.01,-1.648596710621923,0.4577723842441304,0.05,,False,1.513637813479456,-1.2446082616029779,,,,,,,,,,,,,,
MATERIALS,FRES.L,GLEN.L,FRESNILLO PLC ORD USD0.50,GLENCORE PLC ORD USD0.01,-1.5300622090955494,0.5185910667171141,0.05,,False,5.695776426308374,-26.58164257982448,,,,,,,,,,,,,,
MATERIALS,ANTO.L,RIO.L,ANTOFAGASTA PLC ORD 5P,RIO TINTO PLC ORD 10P,-1.512712376882109,0.5272135971010087,0.05,,False,1.8638507496207462,-8.244025245644117,,,,,,,,,,,,,,
MATERIALS,GLEN.L,JMAT.L,GLENCORE PLC ORD USD0.01,JOHNSON MATTHEY PLC ORD 147 143,-1.4354589867792231,0.5651635926991183,0.05,,False,1.605796293573793,-6.4953940610318535,,,,,,,,,,,,,,
MATERIALS,ANTO.L,BHP.L,ANTOFAGASTA PLC ORD 5P,BHP GROUP LIMITED ORD NPV (DI),-1.4246884341196782,0.570384627015264,0.05,,False,2.053586686937997,-8.049469955575706,,,,,,,,,,,,,,
MATERIALS,BHP.L,HOC.L,BHP GROUP LIMITED ORD NPV (DI),HOCHSCHILD MINING PLC ORD 1P,-1.4033243708870506,0.5806813396968037,0.05,,False,0.2961384129083318,5.988724463175691,,,,,,,,,,,,,,
MATERIALS,JMAT.L,RIO.L,JOHNSON MATTHEY PLC ORD 147 143,RIO TINTO PLC ORD 10P,-1.3860700763610327,0.5889357804981241,0.05,,False,0.9874716288405809,-0.7288385746865274,,,,,,,,,,,,,,
MATERIALS,FRES.L,RIO.L,FRESNILLO PLC ORD USD0.50,RIO TINTO PLC ORD 10P,-1.2463559836672546,0.6533436451446033,0.05,,False,5.100271932724999,-36.49523950764565,,,,,,,,,,,,,,
MATERIALS,BHP.L,JMAT.L,BHP GROUP LIMITED ORD NPV (DI),JOHNSON MATTHEY PLC ORD 147 143,-1.222050143493328,0.6640391067865988,0.05,,False,0.911515901867884,0.6340902456729811,,,,,,,,,,,,,,
MATERIALS,BHP.L,FRES.L,BHP GROUP LIMITED ORD NPV (DI),FRESNILLO PLC ORD USD0.50,-0.9908386878865164,0.7565909963039508,0.05,,False,0.16378718873095732,6.502925227885954,,,,,,,,,,,,,,
NL_BANKS,ABN.AS,INGA.AS,ABN AMRO BANK N.V.,ING GROEP N.V.,-3.3885246745988806,0.011356340732229898,0.05,0.011356340732229898,True,1.427973547744557,-1.1166534659083234,16.528646645614575,0.0001352702161198504,-0.0419361122190759,50.0,1.4157711930831098,2.7730427966445097,False,,0.2,0.021301593036733957,0.9860864296154764,1.1656611030642816,False,still diverging
NL_SEMI_EQUIPMENT,ASML.AS,BESI.AS,ASML HOLDING,BE Semiconductor Industries N.V,-2.313218375218775,0.1677402165086404,0.05,,False,0.933895250312354,2.1276367139118504,,,,,,,,,,,,,,
REAL_ESTATE,LMP.L,PHP.L,LONDONMETRIC PROPERTY PLC ORD 1,PRIMARY HEALTH PROPERTIES PLC O,-3.7895190778944388,0.00301638738157784,0.05,,False,1.00968148692107,0.6475317602164754,,,,,,,,,,,,,,
REAL_ESTATE,GPE.L,LMP.L,GREAT PORTLAND ESTATES PLC ORD ,LONDONMETRIC PROPERTY PLC ORD 1,-3.523473283869232,0.007404322290039651,0.05,,False,1.8909364393044685,-4.170668502494349,,,,,,,,,,,,,,
REAL_ESTATE,BBOX.L,LAND.L,TRITAX BIG BOX REIT PLC ORD 1P,LAND SECURITIES GROUP PLC ORD 1,-3.2873977175905034,0.015451281139955761,0.05,,False,1.1756089150531344,-2.526298943322577,,,,,,,,,,,,,,
REAL_ESTATE,BLND.L,LAND.L,BRITISH LAND COMPANY PLC ORD 25,LAND SECURITIES GROUP PLC ORD 1,-3.2050706175905885,0.019693041701051295,0.05,,False,1.251043956403933,-2.059375652849784,,,,,,,,,,,,,,
REAL_ESTATE,HMSO.L,LAND.L,HAMMERSON PLC ORD 5P,LAND SECURITIES GROUP PLC ORD 1,-3.133054971289043,0.024201730250651393,0.05,,False,2.1614425580029506,-8.133867870923254,,,,,,,,,,,,,,
REAL_ESTATE,GPE.L,LAND.L,GREAT PORTLAND ESTATES PLC ORD ,LAND SECURITIES GROUP PLC ORD 1,-3.094076938618838,0.026994638074261734,0.05,,False,1.4295166867885203,-3.387787847968891,,,,,,,,,,,,,,
REAL_ESTATE,LMP.L,UTG.L,LONDONMETRIC PROPERTY PLC ORD 1,UNITE GROUP PLC ORD 25P,-2.9966913853746293,0.03520454064561859,0.05,,False,0.03506748401462639,5.023272126031459,,,,,,,,,,,,,,
REAL_ESTATE,LAND.L,SGRO.L,LAND SECURITIES GROUP PLC ORD 1,SEGRO PLC ORD 10P,-2.9761863561206443,0.03717893793401228,0.05,,False,0.459915985388136,3.3699114455848065,,,,,,,,,,,,,,
REAL_ESTATE,BLND.L,SGRO.L,BRITISH LAND COMPANY PLC ORD 25,SEGRO PLC ORD 10P,-2.970145371998714,0.03777807860018878,0.05,,False,0.6245127609877478,1.8326832498094277,,,,,,,,,,,,,,
REAL_ESTATE,GPE.L,PHP.L,GREAT PORTLAND ESTATES PLC ORD ,PRIMARY HEALTH PROPERTIES PLC O,-2.9471455405120026,0.04013389778984277,0.05,,False,2.2281449329723313,-4.40086827282863,,,,,,,,,,,,,,
REAL_ESTATE,LAND.L,UTG.L,LAND SECURITIES GROUP PLC ORD 1,UNITE GROUP PLC ORD 25P,-2.934608834945622,0.04146894842532439,0.05,,False,-0.019259961986262654,6.52728207541855,,,,,,,,,,,,,,
REAL_ESTATE,PHP.L,UTG.L,PRIMARY HEALTH PROPERTIES PLC O,UNITE GROUP PLC ORD 25P,-2.8931857909962093,0.04614615477843157,0.05,,False,0.0010712959144934754,4.554391984256692,,,,,,,,,,,,,,
REAL_ESTATE,DLN.L,LMP.L,DERWENT LONDON PLC ORD 5P,LONDONMETRIC PROPERTY PLC ORD 1,-2.8362987038473224,0.053272903623103655,0.05,,False,3.796492093955148,-12.390445203230986,,,,,,,,,,,,,,
REAL_ESTATE,DLN.L,PHP.L,DERWENT LONDON PLC ORD 5P,PRIMARY HEALTH PROPERTIES PLC O,-2.7451565286829758,0.06654483165679219,0.05,,False,7.529049352990457,-26.79017449353852,,,,,,,,,,,,,,
REAL_ESTATE,BBOX.L,UTG.L,TRITAX BIG BOX REIT PLC ORD 1P,UNITE GROUP PLC ORD 25P,-2.723095387568862,0.07012631285984348,0.05,,False,-0.06352363747227083,5.415171350838693,,,,,,,,,,,,,,
REAL_ESTATE,BBOX.L,HMSO.L,TRITAX BIG BOX REIT PLC ORD 1P,HAMMERSON PLC ORD 5P,-2.7042031268183915,0.07331376434207228,0.05,,False,0.5639566091550511,1.7833582634122704,,,,,,,,,,,,,,
REAL_ESTATE,HMSO.L,LMP.L,HAMMERSON PLC ORD 5P,LONDONMETRIC PROPERTY PLC ORD 1,-2.6681134347916906,0.07972042522391254,0.05,,False,4.585123457385737,-18.38450443463721,,,,,,,,,,,,,,
REAL_ESTATE,PHP.L,SGRO.L,PRIMARY HEALTH PROPERTIES PLC O,SEGRO PLC ORD 10P,-2.6223313224744405,0.0884691094502924,0.05,,False,0.17810577657009938,3.3875826126101996,,,,,,,,,,,,,,
REAL_ESTATE,LMP.L,SGRO.L,LONDONMETRIC PROPERTY PLC ORD 1,SEGRO PLC ORD 10P,-2.5105085826918105,0.1129383648659294,0.05,,False,0.3109208297111028,3.2039396964403304,,,,,,,,,,,,,,
REAL_ESTATE,HMSO.L,PHP.L,HAMMERSON PLC ORD 5P,PRIMARY HEALTH PROPERTIES PLC O,-2.503401734619684,0.11464883842918999,0.05,,False,5.560817278107533,-19.663549313523504,,,,,,,,,,,,,,
REAL_ESTATE,BBOX.L,BLND.L,TRITAX BIG BOX REIT PLC ORD 1P,BRITISH LAND COMPANY PLC ORD 25,-2.5003753566633695,0.11538302314046378,0.05,,False,0.9171158198571312,-0.45674029650999604,,,,,,,,,,,,,,
REAL_ESTATE,BLND.L,UTG.L,BRITISH LAND COMPANY PLC ORD 25,UNITE GROUP PLC ORD 25P,-2.4801502163782754,0.12037899197963131,0.05,,False,0.0021622676919680964,5.934449179470423,,,,,,,,,,,,,,
REAL_ESTATE,HMSO.L,UTG.L,HAMMERSON PLC ORD 5P,UNITE GROUP PLC ORD 25P,-2.460672305413148,0.12533868871321446,0.05,,False,-0.2951840015238389,7.636288808682714,,,,,,,,,,,,,,
REAL_ESTATE,GPE.L,UTG.L,GREAT PORTLAND ESTATES PLC ORD ,UNITE GROUP PLC ORD 25P,-2.451358390675369,0.12776219372400116,0.05,,False,0.0227422412506189,5.613567798639093,,,,,,,,,,,,,,
REAL_ESTATE,BLND.L,LMP.L,BRITISH LAND COMPANY PLC ORD 25,LONDONMETRIC PROPERTY PLC ORD 1,-2.4129495369546627,0.1381148048105904,0.05,,False,1.8270166611566236,-3.648892005522139,,,,,,,,,,,,,,
REAL_ESTATE,DLN.L,LAND.L,DERWENT LONDON PLC ORD 5P,LAND SECURITIES GROUP PLC ORD 1,-2.3719675591699354,0.14980515042484105,0.05,,False,3.1416466816152386,-12.556909863819307,,,,,,,,,,,,,,
REAL_ESTATE,BLND.L,HMSO.L,BRITISH LAND COMPANY PLC ORD 25,HAMMERSON PLC ORD 5P,-2.326586178814808,0.16353669675043264,0.05,,False,0.5337393461980134,2.905432972474367,,,,,,,,,,,,,,
REAL_ESTATE,LAND.L,PHP.L,LAND SECURITIES GROUP PLC ORD 1,PRIMARY HEALTH PROPERTIES PLC O,-2.321776945497704,0.165040628700187,0.05,,False,1.4986400802943332,-0.4348655908435326,,,,,,,,,,,,,,
REAL_ESTATE,BBOX.L,PHP.L,TRITAX BIG BOX REIT PLC ORD 1P,PRIMARY HEALTH PROPERTIES PLC O,-2.298634324220098,0.17240880745470594,0.05,,False,1.8814282649986238,-3.583137995911521,,,,,,,,,,,,,,
REAL_ESTATE,BBOX.L,GPE.L,TRITAX BIG BOX REIT PLC ORD 1P,GREAT PORTLAND ESTATES PLC ORD ,-2.2541403630905577,0.18718523406129672,0.05,,False,0.8011757456317301,0.3819612123834162,,,,,,,,,,,,,,
REAL_ESTATE,HMSO.L,SGRO.L,HAMMERSON PLC ORD 5P,SEGRO PLC ORD 10P,-2.2493633030574816,0.18881940583399692,0.05,,False,0.8649947048474571,0.0007696745104652791,,,,,,,,,,,,,,
REAL_ESTATE,BLND.L,PHP.L,BRITISH LAND COMPANY PLC ORD 25,PRIMARY HEALTH PROPERTIES PLC O,-2.2092660027809994,0.20289963770329983,0.05,,False,1.9949890525777738,-3.151348830057806,,,,,,,,,,,,,,
REAL_ESTATE,LAND.L,LMP.L,LAND SECURITIES GROUP PLC ORD 1,LONDONMETRIC PROPERTY PLC ORD 1,-2.133099279971173,0.23141512521875063,0.05,,False,1.3562394176346104,-0.7234186553998976,,,,,,,,,,,,,,
REAL_ESTATE,GPE.L,HMSO.L,GREAT PORTLAND ESTATES PLC ORD ,HAMMERSON PLC ORD 5P,-2.099065941193582,0.24489035708914492,0.05,,False,0.5826104062905033,2.4407888390587713,,,,,,,,,,,,,,
REAL_ESTATE,GPE.L,SGRO.L,GREAT PORTLAND ESTATES PLC ORD ,SEGRO PLC ORD 10P,-2.0483343893513113,0.26579021694464094,0.05,,False,0.550750767487837,2.132822743965843,,,,,,,,,,,,,,
REAL_ESTATE,BLND.L,GPE.L,BRITISH LAND COMPANY PLC ORD 25,GREAT PORTLAND ESTATES PLC ORD ,-2.0213319585761513,0.27729880776532206,0.05,,False,0.8691761056220961,0.9398877171508877,,,,,,,,,,,,,,
REAL_ESTATE,BBOX.L,SGRO.L,TRITAX BIG BOX REIT PLC ORD 1P,SEGRO PLC ORD 10P,-1.9903623850457952,0.29081477996319305,0.05,,False,0.5525330220022218,1.3572888001765322,,,,,,,,,,,,,,
REAL_ESTATE,BBOX.L,DLN.L,TRITAX BIG BOX REIT PLC ORD 1P,DERWENT LONDON PLC ORD 5P,-1.9615810313064692,0.3036682537629862,0.05,,False,0.2629410784629721,3.012857995670182,,,,,,,,,,,,,,
REAL_ESTATE,BLND.L,DLN.L,BRITISH LAND COMPANY PLC ORD 25,DERWENT LONDON PLC ORD 5P,-1.9126411721654,0.32613787189477284,0.05,,False,0.47843971052298234,2.3349984470661695,,,,,,,,,,,,,,
REAL_ESTATE,SGRO.L,UTG.L,SEGRO PLC ORD 10P,UNITE GROUP PLC ORD 25P,-1.8811939281555994,0.34095913528524907,0.05,,False,0.11728230623654765,5.8219633576450525,,,,,,,,,,,,,,
REAL_ESTATE,DLN.L,GPE.L,DERWENT LONDON PLC ORD 5P,GREAT PORTLAND ESTATES PLC ORD ,-1.8629120524811305,0.3497044430202515,0.05,,False,2.0326619438935913,-4.1605303319163935,,,,,,,,,,,,,,
REAL_ESTATE,DLN.L,SGRO.L,DERWENT LONDON PLC ORD 5P,SEGRO PLC ORD 10P,-1.8037396398062002,0.37860665323892584,0.05,,False,1.0947113213675075,0.33808542252636453,,,,,,,,,,,,,,
REAL_ESTATE,DLN.L,HMSO.L,DERWENT LONDON PLC ORD 5P,HAMMERSON PLC ORD 5P,-1.7332963301620343,0.41404397286678646,0.05,,False,-2.1086465400101164,19.5756679202762,,,,,,,,,,,,,,
REAL_ESTATE,BBOX.L,LMP.L,TRITAX BIG BOX REIT PLC ORD 1P,LONDONMETRIC PROPERTY PLC ORD 1,-1.715058892325423,0.42337086020807485,0.05,,False,1.6072021558291527,-3.4439698884993017,,,,,,,,,,,,,,
REAL_ESTATE,DLN.L,UTG.L,DERWENT LONDON PLC ORD 5P,UNITE GROUP PLC ORD 25P,-1.5621296607344928,0.5025838648694336,0.05,,False,0.3712452467248578,5.119769772212921,,,,,,,,,,,,,,
TMT,BT-A.L,ITV.L,BT GROUP PLC ORD 5P,ITV PLC ORD 10P,-4.347046684555876,0.0003678713089642972,0.05,0.008035292455328465,True,4.8112305462942775,-15.787714816526119,9.953208699440742,0.0017186499192880995,-0.06964057536529826,30.0,1.6257331655740717,2.7677137579948665,False,,0.4,-0.0031695543807405135,-0.7924222177398934,-1.7216843163219873,True,mixed signal
TMT,ITV.L,WPP.L,ITV PLC ORD 10P,WPP PLC ORD 10P,-4.302391394642734,0.0004399956443835857,0.05,0.008035292455328465,True,-0.059022036091806375,4.716686847730492,9.820675781794957,-0.0003397847671748818,-0.0705803954799999,29.0,-1.5308971157833597,2.483246347420395,False,,0.6,-0.0014504249142552033,0.5949324600435877,1.2559058846318334,True,reversion signs agree
TMT,AAF.L,ITV.L,AIRTEL AFRICA PLC ORD USD0.50,ITV PLC ORD 10P,-4.237177759910065,0.0005696600102547314,0.05,0.008035292455328465,True,16.364408505357307,-65.97492422682915,10.175216883612732,0.00574679469304333,-0.06812112100296008,31.0,1.5267021578529965,2.697802308528304,False,,0.6,-0.006785148999661927,-0.6617322194870427,-1.3819960527752393,True,reversion signs agree
TMT,ITV.L,VOD.L,ITV PLC ORD 10P,VODAFONE GROUP PLC ORD USD0.20 ,-4.1630001662343235,0.0007606426213231074,0.05,0.008035292455328465,True,0.16459822964398738,3.6245660273570324,10.396588079935636,-0.00037377906301387214,-0.06667063994750828,31.0,-1.3458509955939992,2.9442872745894877,False,,0.6,0.001790252149265618,0.6790526717981611,1.377205195918957,True,reversion signs agree
TMT,AAF.L,WPP.L,AIRTEL AFRICA PLC ORD USD0.50,WPP PLC ORD 10P,-4.080508451617796,0.0010429228409856435,0.05,0.008035292455328465,True,-1.039870810411258,11.664645862618567,11.671777205317728,4.036515047213272e-05,-0.05938660140326732,35.0,-1.4370610679953957,3.1797228316043293,False,,0.4,-0.028888673966649396,-0.7444485584356397,-1.1535064377884552,True,mixed signal
TMT,ITV.L,SGE.L,ITV PLC ORD 10P,THE SAGE GROUP PLC ORD 1 4/77P,-4.023943824507206,0.0012901955503768852,0.05,0.008035292455328465,True,-0.16235106372189637,5.48757341594823,10.822885189755747,-0.0003009053757582615,-0.06404458408336755,32.0,-1.2193213410609163,2.5265131745062663,False,,0.6,0.0027005207755817807,0.5125252834339797,0.9463983559597737,True,reversion signs agree
TMT,AUTO.L,ITV.L,AUTOTRADER GROUP PLC ORD 1P,ITV PLC ORD 10P,-4.00063498500105,0.0014071899327039014,0.05,0.008035292455328465,True,-11.829177044313804,58.063723338655834,11.197604202647563,-0.003681249327612585,-0.06190138247573151,34.0,-1.3317934682242747,2.743618405657781,False,,0.6,0.03900230131776347,0.5882669616067904,1.0516442078688273,True,reversion signs agree
TMT,ITV.L,REL.L,ITV PLC ORD 10P,RELX PLC ORD 14 51/116P,-3.986390335589824,0.0014834762443885667,0.05,0.008035292455328465,True,-0.114952989344218,5.286483755597912,11.15358716820065,-0.0003127602057369693,-0.06214567296664317,33.0,-1.3536662056787396,2.6223531027858016,False,,0.6,0.0007526637870903536,0.5462612828022471,1.0699173708059464,True,reversion signs agree
TMT,REL.L,VOD.L,RELX PLC ORD 14 51/116P,VODAFONE GROUP PLC ORD USD0.20 ,-3.9430474893252625,0.001739918055421037,0.05,0.008035292455328465,True,-0.9702980018483609,12.409591778347039,14.86648468594234,0.00013122922244116668,-0.04662482054115868,45.0,0.7383411853295451,2.8492798583560446,False,,0.4,-0.02002749947990181,-0.9040876381653716,-1.8464441677320758,False,mixed signal
TMT,EXPN.L,ITV.L,EXPERIAN PLC ORD USD0.10,ITV PLC ORD 10P,-3.9385839701205034,0.0017685438567764337,0.05,0.008035292455328465,True,-8.778122395900745,46.35728432446922,11.480252395178834,-0.002645628741846087,-0.060377346830025665,34.0,-1.394751887681668,2.726272460130112,False,,0.6,0.02051571705713094,0.5146601143838143,0.9044846821652539,True,reversion signs agree
TMT,AUTO.L,EXPN.L,AUTOTRADER GROUP PLC ORD 1P,EXPERIAN PLC ORD USD0.10,-3.8740452173111186,0.002234384187097054,0.05,0.008035292455328465,True,1.5191450257201011,-5.801101673941855,11.927896362425688,-1.1620600094691563e-05,-0.058111435537237105,36.0,1.521964349203687,2.940912189345712,False,,0.8,0.015717574550543782,0.15241101269183255,0.4058290342312991,True,reversion signs agree
TMT,ITV.L,RMV.L,ITV PLC ORD 10P,RIGHTMOVE PLC ORD 0.1P,-3.8370673539489637,0.002550039767072512,0.05,0.008035292455328465,True,-0.05743880041012694,4.721994430701938,12.093999152284416,-0.0002604909359128294,-0.05731331479620766,36.0,-1.3459550204215667,2.8232991161844834,False,,0.6,0.007472731006476049,0.6930138081389652,1.1684356130578408,True,reversion signs agree
TMT,AUTO.L,REL.L,AUTOTRADER GROUP PLC ORD 1P,RELX PLC ORD 14 51/116P,-3.622250775027569,0.005349614999229672,0.05,0.008035292455328465,True,1.260008141978223,-3.662234062390721,20.34514609036919,-4.9546653220179095e-05,-0.034069412796601216,61.0,-0.9770003088739594,2.1192275181053297,False,,0.2,0.03047209801664606,0.7229427394801395,0.6509145357130159,True,mixed signal
TMT,INF.L,ITV.L,INFORMA PLC ORD 0.1P,ITV PLC ORD 10P,-3.5669099478928343,0.006426076934654902,0.05,0.008035292455328465,True,3.8663344751194217,-10.106590211532449,13.931312701142113,0.0009798987568225951,-0.049754620790553344,42.0,1.9574141074457125,2.781016499773599,False,,0.6,0.011317505328867966,-0.38816190901196657,-0.8148688945007689,True,reversion signs agree
TMT,REL.L,RMV.L,RELX PLC ORD 14 51/116P,RIGHTMOVE PLC ORD 0.1P,-3.498128344220177,0.008035292455328465,0.05,0.008035292455328465,True,0.8582026886653529,2.6186214237646945,19.89827523179422,-0.000277396021462939,-0.03483453578189573,60.0,-0.7993259380107749,2.6246096359928335,False,,0.4,-0.07518785450429155,-1.619612117315801,-1.515692245936827,False,mixed signal
TMT,VOD.L,WPP.L,VODAFONE GROUP PLC ORD USD0.20 ,WPP PLC ORD 10P,-3.266183268141652,0.01645943363220805,0.05,0.008035292455328465,False,-0.3954926442451765,6.861378552148714,,,,,,,,,,,,,,
TMT,BT-A.L,WPP.L,BT GROUP PLC ORD 5P,WPP PLC ORD 10P,-2.877837262568627,0.047986588832835984,0.05,0.008035292455328465,False,-0.3168141414567295,7.106739455468331,,,,,,,,,,,,,,
TMT,EXPN.L,RMV.L,EXPERIAN PLC ORD USD0.10,RIGHTMOVE PLC ORD 0.1P,-2.8562264124550527,0.050680201699261136,0.05,0.008035292455328465,False,0.7002638335489477,3.6536872041709296,,,,,,,,,,,,,,
TMT,EXPN.L,REL.L,EXPERIAN PLC ORD USD0.10,RELX PLC ORD 14 51/116P,-2.8152939519548803,0.056122127081918195,0.05,0.008035292455328465,False,0.8250185089135998,1.4436092338561206,,,,,,,,,,,,,,
TMT,EXPN.L,VOD.L,EXPERIAN PLC ORD USD0.10,VODAFONE GROUP PLC ORD USD0.20 ,-2.7939048787334317,0.05914970116662844,0.05,0.008035292455328465,False,-0.7770292028496598,11.577563004925388,,,,,,,,,,,,,,
TMT,SGE.L,VOD.L,THE SAGE GROUP PLC ORD 1 4/77P,VODAFONE GROUP PLC ORD USD0.20 ,-2.6797509504274695,0.07760826005068079,0.05,0.008035292455328465,False,-0.78112159057227,10.4427200323907,,,,,,,,,,,,,,
TMT,AUTO.L,RMV.L,AUTOTRADER GROUP PLC ORD 1P,RIGHTMOVE PLC ORD 0.1P,-2.599743220681551,0.09305035011631668,0.05,0.008035292455328465,False,1.0906135721729393,-0.42201799351069,,,,,,,,,,,,,,
TMT,REL.L,SGE.L,RELX PLC ORD 14 51/116P,THE SAGE GROUP PLC ORD 1 4/77P,-2.444334142430633,0.1296122608349321,0.05,0.008035292455328465,False,1.2090210089936184,-0.33080591179384733,,,,,,,,,,,,,,
TMT,INF.L,WPP.L,INFORMA PLC ORD 0.1P,WPP PLC ORD 10P,-2.4338543330823583,0.1324083231679618,0.05,0.008035292455328465,False,-0.034778599206892705,6.94377651085584,,,,,,,,,,,,,,
TMT,AUTO.L,VOD.L,AUTOTRADER GROUP PLC ORD 1P,VODAFONE GROUP PLC ORD USD0.20 ,-2.4001312259753735,0.14169937455119708,0.05,0.008035292455328465,False,-1.2382567730270364,12.043487394876017,,,,,,,,,,,,,,
TMT,RMV.L,VOD.L,RIGHTMOVE PLC ORD 0.1P,VODAFONE GROUP PLC ORD USD0.20 ,-2.3929345608180816,0.1437405150376943,0.05,0.008035292455328465,False,-1.158830144724143,11.533862291747791,,,,,,,,,,,,,,
TMT,AAF.L,INF.L,AIRTEL AFRICA PLC ORD USD0.50,INFORMA PLC ORD 0.1P,-2.362422102060832,0.15262451161369145,0.05,0.008035292455328465,False,28.85983600620017,-188.9533517398853,,,,,,,,,,,,,,
TMT,AAF.L,BT-A.L,AIRTEL AFRICA PLC ORD USD0.50,BT GROUP PLC ORD 5P,-2.353662533892731,0.15524399375389109,0.05,0.008035292455328465,False,3.340567145476911,-11.962660604902279,,,,,,,,,,,,,,
TMT,INF.L,VOD.L,INFORMA PLC ORD 0.1P,VODAFONE GROUP PLC ORD USD0.20 ,-2.3531729487791253,0.15539131230240044,0.05,0.008035292455328465,False,0.07814981445692339,6.38382718021285,,,,,,,,,,,,,,
TMT,INF.L,REL.L,INFORMA PLC ORD 0.1P,RELX PLC ORD 14 51/116P,-2.3470772251547336,0.1572336373233662,0.05,0.008035292455328465,False,-0.03733206223042903,7.033109558608473,,,,,,,,,,,,,,
TMT,BT-A.L,INF.L,BT GROUP PLC ORD 5P,INFORMA PLC ORD 0.1P,-2.2875927846242696,0.1760007747948909,0.05,0.008035292455328465,False,18.697078258882133,-120.67714071880766,,,,,,,,,,,,,,
TMT,INF.L,RMV.L,INFORMA PLC ORD 0.1P,RIGHTMOVE PLC ORD 0.1P,-2.257023557378862,0.18620340203687064,0.05,0.008035292455328465,False,0.0036265836776329156,6.707353973692312,,,,,,,,,,,,,,
TMT,AUTO.L,INF.L,AUTOTRADER GROUP PLC ORD 1P,INFORMA PLC ORD 0.1P,-2.2384525265206503,0.19258647653354521,0.05,0.008035292455328465,False,76.7095731024784,-509.7466981468162,,,,,,,,,,,,,,
TMT,EXPN.L,INF.L,EXPERIAN PLC ORD USD0.10,INFORMA PLC ORD 0.1P,-2.2333471072013378,0.19436570827438793,0.05,0.008035292455328465,False,13.036888247011278,-79.61498452577526,,,,,,,,,,,,,,
TMT,INF.L,SGE.L,INFORMA PLC ORD 0.1P,THE SAGE GROUP PLC ORD 1 4/77P,-2.2227655527578984,0.19808686302265044,0.05,0.008035292455328465,False,0.025695564368764273,6.551252462328311,,,,,,,,,,,,,,
TMT,AUTO.L,SGE.L,AUTOTRADER GROUP PLC ORD 1P,THE SAGE GROUP PLC ORD 1 4/77P,-2.198743027324273,0.20670198170803994,0.05,0.008035292455328465,False,1.6226814269326342,-4.771932273820517,,,,,,,,,,,,,,
TMT,RMV.L,SGE.L,RIGHTMOVE PLC ORD 0.1P,THE SAGE GROUP PLC ORD 1 4/77P,-2.17686952026618,0.21474732458875162,0.05,0.008035292455328465,False,1.4409693087137092,-3.661325010611244,,,,,,,,,,,,,,
TMT,EXPN.L,SGE.L,EXPERIAN PLC ORD USD0.10,THE SAGE GROUP PLC ORD 1 4/77P,-2.0124471921530316,0.28114224851293335,0.05,0.008035292455328465,False,0.986223685761338,1.2491200644301967,,,,,,,,,,,,,,
TMT,REL.L,WPP.L,RELX PLC ORD 14 51/116P,WPP PLC ORD 10P,-2.000446327245158,0.2863774345220642,0.05,0.008035292455328465,False,0.34423902932319905,5.9942381151770014,,,,,,,,,,,,,,
TMT,AAF.L,VOD.L,AIRTEL AFRICA PLC ORD USD0.50,VODAFONE GROUP PLC ORD USD0.20 ,-1.9590824004087517,0.30479703327861396,0.05,0.008035292455328465,False,2.6381008029922,-6.415033672046499,,,,,,,,,,,,,,
TMT,BT-A.L,REL.L,BT GROUP PLC ORD 5P,RELX PLC ORD 14 51/116P,-1.9582756961769334,0.30516190295287615,0.05,0.008035292455328465,False,-0.7876402998960943,11.547978856285711,,,,,,,,,,,,,,
TMT,AUTO.L,BT-A.L,AUTOTRADER GROUP PLC ORD 1P,BT GROUP PLC ORD 5P,-1.925077265087679,0.32035747697441264,0.05,0.008035292455328465,False,-1.7335684987739408,15.50255984980317,,,,,,,,,,,,,,
TMT,BT-A.L,RMV.L,BT GROUP PLC ORD 5P,RIGHTMOVE PLC ORD 0.1P,-1.8965349652971317,0.3336929241423139,0.05,0.008035292455328465,False,-0.45646567217811107,8.082311249309958,,,,,,,,,,,,,,
TMT,BT-A.L,SGE.L,BT GROUP PLC ORD 5P,THE SAGE GROUP PLC ORD 1 4/77P,-1.888722414268913,0.337384899584301,0.05,0.008035292455328465,False,-1.0618267339416219,12.572917875437007,,,,,,,,,,,,,,
TMT,BT-A.L,EXPN.L,BT GROUP PLC ORD 5P,EXPERIAN PLC ORD USD0.10,-1.8642625837177198,0.34905527501127614,0.05,0.008035292455328465,False,-1.0734049481344656,13.891336985967332,,,,,,,,,,,,,,
TMT,AAF.L,EXPN.L,AIRTEL AFRICA PLC ORD USD0.50,EXPERIAN PLC ORD USD0.10,-1.8546378151493634,0.35369234018771634,0.05,0.008035292455328465,False,-3.984546130214458,37.684354554272105,,,,,,,,,,,,,,
TMT,AAF.L,REL.L,AIRTEL AFRICA PLC ORD USD0.50,RELX PLC ORD 14 51/116P,-1.727233582440612,0.4171383439761061,0.05,0.008035292455328465,False,-3.1059438191104807,30.4621601931928,,,,,,,,,,,,,,
TMT,AAF.L,AUTO.L,AIRTEL AFRICA PLC ORD USD0.50,AUTOTRADER GROUP PLC ORD 1P,-1.6878809648972977,0.43736713648497116,0.05,0.008035292455328465,False,-2.319843574633137,20.483789273872866,,,,,,,,,,,,,,
TMT,AUTO.L,WPP.L,AUTOTRADER GROUP PLC ORD 1P,WPP PLC ORD 10P,-1.5943612032447627,0.4864254410547211,0.05,0.008035292455328465,False,0.4432747590519934,3.832118495808915,,,,,,,,,,,,,,
TMT,EXPN.L,WPP.L,EXPERIAN PLC ORD USD0.10,WPP PLC ORD 10P,-1.567020406303038,0.5001358241321994,0.05,0.008035292455328465,False,0.2661606131476683,6.498367534370549,,,,,,,,,,,,,,
TMT,SGE.L,WPP.L,THE SAGE GROUP PLC ORD 1 4/77P,WPP PLC ORD 10P,-1.5111585481110277,0.5279843202292882,0.05,0.008035292455328465,False,0.2401009102013624,5.505149157188738,,,,,,,,,,,,,,
TMT,BT-A.L,VOD.L,BT GROUP PLC ORD 5P,VODAFONE GROUP PLC ORD USD0.20 ,-1.4817852028537462,0.5425019275949482,0.05,0.008035292455328465,False,0.8127514439982597,1.5584896960345422,,,,,,,,,,,,,,
TMT,AAF.L,RMV.L,AIRTEL AFRICA PLC ORD USD0.50,RIGHTMOVE PLC ORD 0.1P,-1.4586708668579893,0.5538482976626395,0.05,0.008035292455328465,False,-3.2453834126347574,26.035718884837202,,,,,,,,,,,,,,
TMT,AAF.L,SGE.L,AIRTEL AFRICA PLC ORD USD0.50,THE SAGE GROUP PLC ORD 1 4/77P,-1.4534272869462108,0.5564116722911744,0.05,0.008035292455328465,False,-4.720437698029393,38.224702888786815,,,,,,,,,,,,,,
TMT,RMV.L,WPP.L,RIGHTMOVE PLC ORD 0.1P,WPP PLC ORD 10P,-1.4423168431456097,0.5618293033094542,0.05,0.008035292455328465,False,0.3206828409327265,4.426518977880191,,,,,,,,,,,,,,
UK_HOUSEBUILDERS,BWY.L,TW.L,BELLWAY PLC ORD 12.5P,TAYLOR WIMPEY PLC ORD 1P,-2.2819455065544503,0.17785703489970733,0.05,,False,0.6740885908903085,4.64415839164771,,,,,,,,,,,,,,
UK_HOUSEBUILDERS,PSN.L,TW.L,PERSIMMON PLC ORD 10P,TAYLOR WIMPEY PLC ORD 1P,-2.159523730512336,0.22126246065458277,0.05,,False,0.6183014012841851,4.231494780730516,,,,,,,,,,,,,,
UK_HOUSEBUILDERS,BWY.L,PSN.L,BELLWAY PLC ORD 12.5P,PERSIMMON PLC ORD 10P,-1.621593889897823,0.471893781454369,0.05,,False,1.0979793745056885,-0.024544201317845626,,,,,,,,,,,,,,
US_AIRLINES,JBLU,UAL,JetBlue Airways Corporation,"United Airlines Holdings, Inc.",-2.829911723980194,0.05412648587495483,0.05,,False,0.02689807315346803,1.5453400301218616,,,,,,,,,,,,,,
US_AIRLINES,JBLU,LUV,JetBlue Airways Corporation,Southwest Airlines Company,-2.683927249530628,0.07686109145588063,0.05,,False,-0.36989059302376187,2.961770650644066,,,,,,,,,,,,,,
US_AIRLINES,ALK,JBLU,"Alaska Air Group, Inc.",JetBlue Airways Corporation,-2.6573947101577864,0.08170542621464166,0.05,,False,1.1014727852246922,2.0538701853588375,,,,,,,,,,,,,,
US_AIRLINES,AAL,JBLU,"American Airlines Group, Inc.",JetBlue Airways Corporation,-2.523654884493782,0.10982440172553792,0.05,,False,0.9108123756280775,1.0305188387755102,,,,,,,,,,,,,,
US_AIRLINES,DAL,JBLU,"Delta Air Lines, Inc.",JetBlue Airways Corporation,-2.4527569264017366,0.12739613918946324,0.05,,False,2.0853819720364553,0.5759428322548588,,,,,,,,,,,,,,
US_AIRLINES,DAL,LUV,"Delta Air Lines, Inc.",Southwest Airlines Company,-2.1465191723222867,0.2262248407407465,0.05,,False,1.1103572641147235,0.15566802286389025,,,,,,,,,,,,,,
US_AIRLINES,AAL,UAL,"American Airlines Group, Inc.","United Airlines Holdings, Inc.",-1.931622156189105,0.3173343542732314,0.05,,False,0.5069832305115552,0.29064822076537,,,,,,,,,,,,,,
US_AIRLINES,LUV,UAL,Southwest Airlines Company,"United Airlines Holdings, Inc.",-1.808975566517881,0.37601476706360903,0.05,,False,0.5719501175064486,0.9601032802801583,,,,,,,,,,,,,,
US_AIRLINES,AAL,DAL,"American Airlines Group, Inc.","Delta Air Lines, Inc.",-1.7641940787791606,0.39837757134588997,0.05,,False,0.7814637194822205,-0.6164642929481428,,,,,,,,,,,,,,
US_AIRLINES,AAL,LUV,"American Airlines Group, Inc.",Southwest Airlines Company,-1.6017860649914388,0.48269620967560223,0.05,,False,0.8064593615600762,-0.28011194899543224,,,,,,,,,,,,,,
US_AIRLINES,DAL,UAL,"Delta Air Lines, Inc.","United Airlines Holdings, Inc.",-1.5495820601393377,0.5088569557784178,0.05,,False,0.6933460478732112,0.9623526813174257,,,,,,,,,,,,,,
US_AIRLINES,AAL,ALK,"American Airlines Group, Inc.","Alaska Air Group, Inc.",-1.370798276549402,0.5961929919705015,0.05,,False,0.8647097414683877,-0.8148187212444546,,,,,,,,,,,,,,
US_AIRLINES,ALK,UAL,"Alaska Air Group, Inc.","United Airlines Holdings, Inc.",-1.3460295165022778,0.6078597007834505,0.05,,False,0.498356318355104,1.6698552971488314,,,,,,,,,,,,,,
US_AIRLINES,ALK,LUV,"Alaska Air Group, Inc.",Southwest Airlines Company,-0.7108075798429486,0.8439302350328687,0.05,,False,0.9492058882884897,0.5602766985988241,,,,,,,,,,,,,,
US_AIRLINES,ALK,DAL,"Alaska Air Group, Inc.","Delta Air Lines, Inc.",-0.673255454027741,0.8535559021724183,0.05,,False,0.7495091782062686,0.8537060646948365,,,,,,,,,,,,,,
US_ASSET_MANAGERS,BX,KKR,Blackstone Inc.,KKR & Co. Inc.,-3.6417729150501557,0.005010843295793305,0.05,,False,0.8580837634464574,0.8311143720278285,,,,,,,,,,,,,,
US_ASSET_MANAGERS,BEN,BX,"Franklin Templeton, Inc.",Blackstone Inc.,-2.8504546370848844,0.05142025631251569,0.05,,False,-1.844220789176919,12.195083000409118,,,,,,,,,,,,,,
US_ASSET_MANAGERS,BEN,KKR,"Franklin Templeton, Inc.",KKR & Co. Inc.,-2.8412410199752927,0.05261997352932,0.05,,False,-1.172142565166572,8.69503255952598,,,,,,,,,,,,,,
US_ASSET_MANAGERS,BEN,BLK,"Franklin Templeton, Inc.","BlackRock, Inc.",-2.771569003601112,0.062451097509370064,0.05,,False,2.6720492248512198,-15.339518575850194,,,,,,,,,,,,,,
US_ASSET_MANAGERS,APO,BEN,"Apollo Global Management, Inc. ","Franklin Templeton, Inc.",-2.7001083088444027,0.07401952875447432,0.05,,False,-0.2266402017461943,5.577889726571666,,,,,,,,,,,,,,
US_ASSET_MANAGERS,BLK,KKR,"BlackRock, Inc.",KKR & Co. Inc.,-2.5485642122675,0.10410066564098941,0.05,,False,0.17522185926044226,6.051726031471335,,,,,,,,,,,,,,
US_ASSET_MANAGERS,APO,BX,"Apollo Global Management, Inc. ",Blackstone Inc.,-2.30398566292481,0.170685738000235,0.05,,False,0.8804705591085719,0.5270021599093688,,,,,,,,,,,,,,
US_ASSET_MANAGERS,BLK,TROW,"BlackRock, Inc.","T. Rowe Price Group, Inc.",-2.237937896545359,0.19276534716599342,0.05,,False,1.6323283556870007,-0.574842287290604,,,,,,,,,,,,,,
US_ASSET_MANAGERS,APO,BLK,"Apollo Global Management, Inc. ","BlackRock, Inc.",-2.096082757032514,0.24609265928119778,0.05,,False,2.0572191451281823,-9.297038041308173,,,,,,,,,,,,,,
US_ASSET_MANAGERS,BEN,TROW,"Franklin Templeton, Inc.","T. Rowe Price Group, Inc.",-2.0603342511097087,0.26076046787518603,0.05,,False,5.551552172154454,-22.31832992365643,,,,,,,,,,,,,,
US_ASSET_MANAGERS,BLK,BX,"BlackRock, Inc.",Blackstone Inc.,-1.9213551257593966,0.322082628736223,0.05,,False,0.4037430047787355,4.895299928131685,,,,,,,,,,,,,,
US_ASSET_MANAGERS,APO,KKR,"Apollo Global Management, Inc. ",KKR & Co. Inc.,-1.8215418202403038,0.3698204332629592,0.05,,False,0.7282231482922292,1.3896268374313965,,,,,,,,,,,,,,
US_ASSET_MANAGERS,APO,TROW,"Apollo Global Management, Inc. ","T. Rowe Price Group, Inc.",-1.2659116095317944,0.6446199789706692,0.05,,False,2.4880277788141227,-6.49992076122058,,,,,,,,,,,,,,
US_ASSET_MANAGERS,BX,TROW,Blackstone Inc.,"T. Rowe Price Group, Inc.",-0.48727933440828886,0.8944750354706292,0.05,,False,2.8542623426223663,-8.111095521694644,,,,,,,,,,,,,,
US_ASSET_MANAGERS,KKR,TROW,KKR & Co. Inc.,"T. Rowe Price Group, Inc.",-0.20854967450831813,0.9374948162762313,0.05,,False,3.9369594170249913,-13.214323190794026,,,,,,,,,,,,,,
US_BANKS,FITB,USB,Fifth Third Bancorp,U.S. Bancorp,-4.142682488557787,0.0008226099943691591,0.05,,False,0.9527366530731184,0.09317172930660655,,,,,,,,,,,,,,
US_BANKS,COF,WFC,Capital One Financial Corporati,Wells Fargo & Company,-3.550766432927049,0.006775105403465607,0.05,,False,0.9916025332280968,0.9717806312682278,,,,,,,,,,,,,,
US_BANKS,KEY,TFC,KeyCorp,Truist Financial Corporation,-3.537606550022144,0.0070722013800033415,0.05,,False,1.4342809372547014,-2.5342363642923442,,,,,,,,,,,,,,
US_BANKS,CFG,TFC,"Citizens Financial Group, Inc.",Truist Financial Corporation,-3.5220469072743334,0.007438610224458144,0.05,,False,1.9953623813766836,-3.6291264506905003,,,,,,,,,,,,,,
US_BANKS,C,FHN,"Citigroup, Inc.",First Horizon Corporation,-3.506480535187127,0.007822211678753013,0.05,,False,1.7690524902698073,-0.8532609840010625,,,,,,,,,,,,,,
US_BANKS,KEY,RF,KeyCorp,Regions Financial Corporation,-3.473467410779401,0.008695233837297667,0.05,,False,1.1375105574421096,-0.7445837086524825,,,,,,,,,,,,,,
US_BANKS,BAC,HBAN,Bank of America Corporation,Huntington Bancshares Incorpora,-3.4633462339354435,0.008979876436775407,0.05,,False,1.4313530615479786,-0.08378705646095153,,,,,,,,,,,,,,
US_BANKS,CFG,PNFP,"Citizens Financial Group, Inc.","Pinnacle Financial Partners, In",-3.4450359840489186,0.009516119171979887,0.05,,False,-8.823294837125388,44.32135985339145,,,,,,,,,,,,,,
US_BANKS,C,HBAN,"Citigroup, Inc.",Huntington Bancshares Incorpora,-3.4070003967812132,0.01072253092474066,0.05,,False,3.688188888048139,-5.619131327116892,,,,,,,,,,,,,,
US_BANKS,C,PNFP,"Citigroup, Inc.","Pinnacle Financial Partners, In",-3.3851225157865636,0.01147662109222325,0.05,,False,-10.52504572345749,52.712564479680395,,,,,,,,,,,,,,
US_BANKS,CFG,KEY,"Citizens Financial Group, Inc.",KeyCorp,-3.3842307553803384,0.011508335370916918,0.05,,False,1.3810674077575957,-0.07466920237492491,,,,,,,,,,,,,,
US_BANKS,MTB,ZION,M&T Bank Corporation,Zions Bancorporation N.A.,-3.38394590558967,0.011518482090473316,0.05,,False,0.9010320596671586,1.665816835698232,,,,,,,,,,,,,,
US_BANKS,KEY,USB,KeyCorp,U.S. Bancorp,-3.3528038258751396,0.012676939807412805,0.05,,False,1.1688729009825796,-1.6266842452686485,,,,,,,,,,,,,,
US_BANKS,PNC,USB,"PNC Financial Services Group, I",U.S. Bancorp,-3.3461792596150333,0.012936297487129272,0.05,,False,0.9413887432726172,1.6317394389180264,,,,,,,,,,,,,,
US_BANKS,BAC,PNFP,Bank of America Corporation,"Pinnacle Financial Partners, In",-3.313542058554964,0.01428388998089859,0.05,,False,-6.102121193587139,31.80587613261607,,,,,,,,,,,,,,
US_BANKS,JPM,PNFP,JP Morgan Chase & Co.,"Pinnacle Financial Partners, In",-3.2511852286413836,0.017206581912200997,0.05,,False,-7.328414189055799,39.179365555740745,,,,,,,,,,,,,,
US_BANKS,TFC,USB,Truist Financial Corporation,U.S. Bancorp,-3.2505193360306284,0.017240432524906917,0.05,,False,0.8167054280857562,0.6260518137613542,,,,,,,,,,,,,,
US_BANKS,KEY,PNC,KeyCorp,"PNC Financial Services Group, I",-3.250095682161835,0.01726199929945925,0.05,,False,1.2417366442643614,-3.653196495740009,,,,,,,,,,,,,,
US_BANKS,HBAN,WFC,Huntington Bancshares Incorpora,Wells Fargo & Company,-3.2429242990616802,0.017630672472784766,0.05,,False,0.5620770833385298,0.31577421764795366,,,,,,,,,,,,,,
US_BANKS,C,TFC,"Citigroup, Inc.",Truist Financial Corporation,-3.2101601002700106,0.0194040539007866,0.05,,False,2.992701522543438,-6.784764902559753,,,,,,,,,,,,,,
US_BANKS,KEY,PNFP,KeyCorp,"Pinnacle Financial Partners, In",-3.1652585061291294,0.02208580031006212,0.05,,False,-28.555309378585516,133.79817370785602,,,,,,,,,,,,,,
US_BANKS,PNFP,RF,"Pinnacle Financial Partners, In",Regions Financial Corporation,-3.153650759090033,0.022829256261862774,0.05,,False,-0.035306701002150595,4.697350080599311,,,,,,,,,,,,,,
US_BANKS,PNC,ZION,"PNC Financial Services Group, I",Zions Bancorporation N.A.,-3.098521014002792,0.026662833852979795,0.05,,False,0.9508160254544084,1.4736165504917031,,,,,,,,,,,,,,
US_BANKS,RF,TFC,Regions Financial Corporation,Truist Financial Corporation,-3.096588460471646,0.02680668998846318,0.05,,False,1.2566687017885678,-1.557447006388415,,,,,,,,,,,,,,
US_BANKS,HBAN,JPM,Huntington Bancshares Incorpora,JP Morgan Chase & Co.,-3.032433333042211,0.03197455293359091,0.05,,False,0.5453693622454151,-0.3099251890381072,,,,,,,,,,,,,,
US_BANKS,PNFP,USB,"Pinnacle Financial Partners, In",U.S. Bancorp,-2.9852652531485107,0.03629354120281466,0.05,,False,0.037905508148561494,4.440701689358466,,,,,,,,,,,,,,
US_BANKS,MTB,PNC,M&T Bank Corporation,"PNC Financial Services Group, I",-2.961189581929234,0.038681217767675344,0.05,,False,0.9488852493150001,0.2628418036055331,,,,,,,,,,,,,,
US_BANKS,FITB,PNC,Fifth Third Bancorp,"PNC Financial Services Group, I",-2.935632931632522,0.041358518237881225,0.05,,False,1.0120279653094262,-1.558098811303069,,,,,,,,,,,,,,
US_BANKS,C,KEY,"Citigroup, Inc.",KeyCorp,-2.931376856043623,0.04181907326001533,0.05,,False,1.9889846443732657,-1.2190323437050194,,,,,,,,,,,,,,
US_BANKS,C,ZION,"Citigroup, Inc.",Zions Bancorporation N.A.,-2.8952016264823492,0.04590883509187263,0.05,,False,2.4829949783360488,-5.378551731741484,,,,,,,,,,,,,,
US_BANKS,PNFP,WFC,"Pinnacle Financial Partners, In",Wells Fargo & Company,-2.878656899974766,0.04788679820370901,0.05,,False,0.08403638086357391,4.225000552692463,,,,,,,,,,,,,,
US_BANKS,FHN,PNFP,First Horizon Corporation,"Pinnacle Financial Partners, In",-2.86205894099857,0.049941266542121,0.05,,False,14.051328176706587,-61.441124583792856,,,,,,,,,,,,,,
US_BANKS,KEY,MTB,KeyCorp,M&T Bank Corporation,-2.8463669966706773,0.051949715734728,0.05,,False,1.3187842217873376,-4.050293468065979,,,,,,,,,,,,,,
US_BANKS,C,RF,"Citigroup, Inc.",Regions Financial Corporation,-2.8332424202912487,0.05367997462991224,0.05,,False,2.306455108141803,-2.838867123083225,,,,,,,,,,,,,,
US_BANKS,FHN,WFC,First Horizon Corporation,Wells Fargo & Company,-2.8275255669104076,0.05444823378656232,0.05,,False,1.0433779891836295,-1.4841097224012607,,,,,,,,,,,,,,
US_BANKS,FITB,PNFP,Fifth Third Bancorp,"Pinnacle Financial Partners, In",-2.797671280470645,0.058607179791968195,0.05,,False,8.599615733384761,-35.695525396667556,,,,,,,,,,,,,,
US_BANKS,C,MTB,"Citigroup, Inc.",M&T Bank Corporation,-2.7947099194353715,0.059033400734060555,0.05,,False,2.8161833053971015,-10.285357758620638,,,,,,,,,,,,,,
US_BANKS,C,CFG,"Citigroup, Inc.","Citizens Financial Group, Inc.",-2.7680613699138257,0.06298278650982868,0.05,,False,1.3961430093336826,-0.9415480742464908,,,,,,,,,,,,,,
US_BANKS,BAC,FHN,Bank of America Corporation,First Horizon Corporation,-2.7652637547737613,0.06340945679460737,0.05,,False,0.78192160392462,1.480097269966251,,,,,,,,,,,,,,
US_BANKS,BAC,MTB,Bank of America Corporation,M&T Bank Corporation,-2.7626860949804066,0.06380463581879635,0.05,,False,1.1679375738876259,-2.287054974000641,,,,,,,,,,,,,,
US_BANKS,MTB,USB,M&T Bank Corporation,U.S. Bancorp,-2.7623923713418623,0.06384979171362236,0.05,,False,0.8905302513197072,1.8216642903698421,,,,,,,,,,,,,,
US_BANKS,CFG,HBAN,"Citizens Financial Group, Inc.",Huntington Bancshares Incorpora,-2.707737675927861,0.0727088573779655,0.05,,False,2.506231613189483,-2.98065030179891,,,,,,,,,,,,,,
US_BANKS,CFG,RF,"Citizens Financial Group, Inc.",Regions Financial Corporation,-2.67769526476535,0.07797812710338031,0.05,,False,1.5820787722007124,-1.1380510848431147,,,,,,,,,,,,,,
US_BANKS,BAC,TFC,Bank of America Corporation,Truist Financial Corporation,-2.675242440850857,0.07842125901995951,0.05,,False,1.274819387212952,-0.9616574007777623,,,,,,,,,,,,,,
US_BANKS,FHN,HBAN,First Horizon Corporation,Huntington Bancshares Incorpora,-2.640553619840272,0.08490192033779992,0.05,,False,1.8293130671261328,-1.9966542180933198,,,,,,,,,,,,,,
US_BANKS,FITB,KEY,Fifth Third Bancorp,KeyCorp,-2.629647419173193,0.08702324083753299,0.05,,False,0.8130961903374688,1.4247452477262628,,,,,,,,,,,,,,
US_BANKS,USB,ZION,U.S. Bancorp,Zions Bancorporation N.A.,-2.622688518581259,0.08839808906513102,0.05,,False,1.0108506412157607,-0.1712773251579578,,,,,,,,,,,,,,
US_BANKS,BAC,C,Bank of America Corporation,"Citigroup, Inc.",-2.583128149518477,0.09653471463039204,0.05,,False,0.44708835535479313,1.8346143247570978,,,,,,,,,,,,,,
US_BANKS,BAC,RF,Bank of America Corporation,Regions Financial Corporation,-2.581270113808119,0.09693047209526806,0.05,,False,0.9962966585880834,0.6756049394127617,,,,,,,,,,,,,,
US_BANKS,COF,PNFP,Capital One Financial Corporati,"Pinnacle Financial Partners, In",-2.578593958795335,0.09750265858082496,0.05,,False,5.928309412688514,-21.956784183518725,,,,,,,,,,,,,,
US_BANKS,HBAN,RF,Huntington Bancshares Incorpora,Regions Financial Corporation,-2.5289754995291163,0.10858248773332257,0.05,,False,0.7007915893890344,0.5155715259163904,,,,,,,,,,,,,,
US_BANKS,RF,ZION,Regions Financial Corporation,Zions Bancorporation N.A.,-2.510993604776629,0.11282232445874862,0.05,,False,1.038969334405572,-0.9524487002747408,,,,,,,,,,,,,,
US_BANKS,JPM,WFC,JP Morgan Chase & Co.,Wells Fargo & Company,-2.4998991376817252,0.11549886757854871,0.05,,False,1.0036325402946054,1.2632376014441835,,,,,,,,,,,,,,
US_BANKS,C,JPM,"Citigroup, Inc.",JP Morgan Chase & Co.,-2.494547514395689,0.1168066162128143,0.05,,False,1.827039773002745,-5.734701134023406,,,,,,,,,,,,,,
US_BANKS,FHN,JPM,First Horizon Corporation,JP Morgan Chase & Co.,-2.4728606891511378,0.12221801188441273,0.05,,False,1.038903032154854,-2.793480789787062,,,,,,,,,,,,,,
US_BANKS,BAC,ZION,Bank of America Corporation,Zions Bancorporation N.A.,-2.454609889730607,0.12691231453840063,0.05,,False,1.0381025776118102,-0.2851117855987684,,,,,,,,,,,,,,
US_BANKS,PNC,RF,"PNC Financial Services Group, I",Regions Financial Corporation,-2.445036924379875,0.1294262931074016,0.05,,False,0.916079895660698,2.3423255363386435,,,,,,,,,,,,,,
US_BANKS,RF,USB,Regions Financial Corporation,U.S. Bancorp,-2.443757171343176,0.12976508119128233,0.05,,False,1.027577959152211,-0.7754923112592609,,,,,,,,,,,,,,
US_BANKS,HBAN,KEY,Huntington Bancshares Incorpora,KeyCorp,-2.4367316877200476,0.1316363456684143,0.05,,False,0.5954511808866301,1.0330365047540704,,,,,,,,,,,,,,
US_BANKS,HBAN,MTB,Huntington Bancshares Incorpora,M&T Bank Corporation,-2.4289600815432557,0.13372889143061523,0.05,,False,0.81893032021154,-1.5547893078853758,,,,,,,,,,,,,,
US_BANKS,CFG,MTB,"Citizens Financial Group, Inc.",M&T Bank Corporation,-2.4175053470642047,0.13685648568851627,0.05,,False,1.8866070009448936,-6.0098719420266775,,,,,,,,,,,,,,
US_BANKS,BAC,JPM,Bank of America Corporation,JP Morgan Chase & Co.,-2.4102137234367054,0.13887438793020496,0.05,,False,0.8148196575876513,-0.7179996264348278,,,,,,,,,,,,,,
US_BANKS,COF,HBAN,Capital One Financial Corporati,Huntington Bancshares Incorpora,-2.375844744905643,0.1486704245892116,0.05,,False,1.7815609697700108,0.3672513914429061,,,,,,,,,,,,,,
US_BANKS,FITB,RF,Fifth Third Bancorp,Regions Financial Corporation,-2.361814159864075,0.15280531480093024,0.05,,False,0.9262516460446881,0.8150750050492381,,,,,,,,,,,,,,
US_BANKS,MTB,RF,M&T Bank Corporation,Regions Financial Corporation,-2.334162430789768,0.16118645911714424,0.05,,False,0.86589306284488,2.496058349417761,,,,,,,,,,,,,,
US_BANKS,FITB,MTB,Fifth Third Bancorp,M&T Bank Corporation,-2.33330171355004,0.16145229402074462,0.05,,False,1.0688707623743223,-1.8506023063668855,,,,,,,,,,,,,,
US_BANKS,PNC,PNFP,"PNC Financial Services Group, I","Pinnacle Financial Partners, In",-2.3178172431977537,0.16628592880506182,0.05,,False,3.3597233915817633,-10.171165123052907,,,,,,,,,,,,,,
US_BANKS,KEY,ZION,KeyCorp,Zions Bancorporation N.A.,-2.312067786775931,0.1681054046526182,0.05,,False,1.1868237403785498,-1.8477301472208505,,,,,,,,,,,,,,
US_BANKS,CFG,USB,"Citizens Financial Group, Inc.",U.S. Bancorp,-2.299760811139553,0.17204512628729268,0.05,,False,1.6284806158838063,-2.3755513734389933,,,,,,,,,,,,,,
US_BANKS,CFG,ZION,"Citizens Financial Group, Inc.",Zions Bancorporation N.A.,-2.2988343459853486,0.17234419374854204,0.05,,False,1.6764704084718758,-2.7744467437353357,,,,,,,,,,,,,,
US_BANKS,HBAN,USB,Huntington Bancshares Incorpora,U.S. Bancorp,-2.25644657748844,0.18639961505899255,0.05,,False,0.7042233443331376,0.032967355591480896,,,,,,,,,,,,,,
US_BANKS,C,PNC,"Citigroup, Inc.","PNC Financial Services Group, I",-2.2409773793198204,0.19171046087172855,0.05,,False,2.603722112336577,-9.18641842235602,,,,,,,,,,,,,,
US_BANKS,PNC,TFC,"PNC Financial Services Group, I",Truist Financial Corporation,-2.1996839351276614,0.2063601901701681,0.05,,False,1.1502866337857856,0.9190409372376971,,,,,,,,,,,,,,
US_BANKS,HBAN,ZION,Huntington Bancshares Incorpora,Zions Bancorporation N.A.,-2.1964997060647873,0.20751831366228857,0.05,,False,0.7298553799135248,-0.15883861416753176,,,,,,,,,,,,,,
US_BANKS,C,USB,"Citigroup, Inc.",U.S. Bancorp,-2.1962488218870146,0.20760973416604883,0.05,,False,2.427216326718588,-4.846324989629086,,,,,,,,,,,,,,
US_BANKS,BAC,CFG,Bank of America Corporation,"Citizens Financial Group, Inc.",-2.155946698793645,0.2226207846477266,0.05,,False,0.6198983265780306,1.430257637022236,,,,,,,,,,,,,,
US_BANKS,JPM,TFC,JP Morgan Chase & Co.,Truist Financial Corporation,-2.1436530829377025,0.22732742629203673,0.05,,False,1.6723660764667152,-0.7036859683094487,,,,,,,,,,,,,,
US_BANKS,HBAN,PNC,Huntington Bancshares Incorpora,"PNC Financial Services Group, I",-2.1377855725903205,0.22959467144693446,0.05,,False,0.7653575743537898,-1.2782098538344084,,,,,,,,,,,,,,
US_BANKS,HBAN,TFC,Huntington Bancshares Incorpora,Truist Financial Corporation,-2.129357069949346,0.2328749677214671,0.05,,False,0.8927372217756904,-0.6211880489288628,,,,,,,,,,,,,,
US_BANKS,FITB,ZION,Fifth Third Bancorp,Zions Bancorporation N.A.,-2.122358544132501,0.23561966984592986,0.05,,False,0.9614723576616037,-0.06367103603671076,,,,,,,,,,,,,,
US_BANKS,CFG,FITB,"Citizens Financial Group, Inc.",Fifth Third Bancorp,-2.118441937904834,0.23716395443099803,0.05,,False,1.728643933322712,-2.6072951261576183,,,,,,,,,,,,,,
US_BANKS,C,FITB,"Citigroup, Inc.",Fifth Third Bancorp,-2.076687171105582,0.2539915298609758,0.05,,False,2.6475395345596664,-5.457451937751592,,,,,,,,,,,,,,
US_BANKS,FHN,TFC,First Horizon Corporation,Truist Financial Corporation,-2.0753191417957155,0.2545539893401993,0.05,,False,1.6736526530135538,-3.285206959101469,,,,,,,,,,,,,,
US_BANKS,MTB,TFC,M&T Bank Corporation,Truist Financial Corporation,-2.0715757458967863,0.25609663557012186,0.05,,False,1.0961233048250443,1.1175179628773417,,,,,,,,,,,,,,
US_BANKS,BAC,KEY,Bank of America Corporation,KeyCorp,-2.0371185689335363,0.2705386910354918,0.05,,False,0.8663048834945933,1.3549629253944024,,,,,,,,,,,,,,
US_BANKS,TFC,ZION,Truist Financial Corporation,Zions Bancorporation N.A.,-2.013652922928206,0.2806190391538276,0.05,,False,0.8225392860320025,0.49815000880991755,,,,,,,,,,,,,,
US_BANKS,BAC,USB,Bank of America Corporation,U.S. Bancorp,-2.0112090409618553,0.2816800551976663,0.05,,False,1.0261961147572007,-0.10629457102446427,,,,,,,,,,,,,,
US_BANKS,BAC,FITB,Bank of America Corporation,Fifth Third Bancorp,-1.9789328372898811,0.29588601601424075,0.05,,False,1.0869149502008275,-0.2433525702068775,,,,,,,,,,,,,,
US_BANKS,BAC,PNC,Bank of America Corporation,"PNC Financial Services Group, I",-1.954414676663068,0.30691114924727747,0.05,,False,1.0988475672253941,-1.9309005147034966,,,,,,,,,,,,,,
US_BANKS,PNFP,ZION,"Pinnacle Financial Partners, In",Zions Bancorporation N.A.,-1.9347723956202718,0.3158839730864952,0.05,,False,0.4130985215098206,2.951218115514555,,,,,,,,,,,,,,
US_BANKS,CFG,PNC,"Citizens Financial Group, Inc.","PNC Financial Services Group, I",-1.9148768144333181,0.32509527653579506,0.05,,False,1.7411598554019703,-5.257359734328876,,,,,,,,,,,,,,
US_BANKS,FHN,MTB,First Horizon Corporation,M&T Bank Corporation,-1.862393161714845,0.34995399215487055,0.05,,False,1.5006368223490814,-4.8542260790919665,,,,,,,,,,,,,,
US_BANKS,FITB,TFC,Fifth Third Bancorp,Truist Financial Corporation,-1.8350601268128215,0.3631994148327515,0.05,,False,1.1646121027684662,-0.6298420789298693,,,,,,,,,,,,,,
US_BANKS,C,WFC,"Citigroup, Inc.",Wells Fargo & Company,-1.8315586966227666,0.36491002002207285,0.05,,False,1.9489321195055578,-3.9215876377077334,,,,,,,,,,,,,,
US_BANKS,JPM,MTB,JP Morgan Chase & Co.,M&T Bank Corporation,-1.8296898812028572,0.36582426864783424,0.05,,False,1.510885452154175,-2.3311456197248965,,,,,,,,,,,,,,
US_BANKS,FITB,HBAN,Fifth Third Bancorp,Huntington Bancshares Incorpora,-1.823266576806831,0.36897318687877745,0.05,,False,1.347207970705876,0.0640774339642447,,,,,,,,,,,,,,
US_BANKS,JPM,ZION,JP Morgan Chase & Co.,Zions Bancorporation N.A.,-1.6524874075617908,0.4557434927918998,0.05,,False,1.3322839226740004,0.3007503735777579,,,,,,,,,,,,,,
US_BANKS,CFG,FHN,"Citizens Financial Group, Inc.",First Horizon Corporation,-1.6438288536614787,0.4602608135866688,0.05,,False,1.2720921217302203,0.04828017497417969,,,,,,,,,,,,,,
US_BANKS,FHN,RF,First Horizon Corporation,Regions Financial Corporation,-1.6233282937803986,0.47098483613742986,0.05,,False,1.2885857993113707,-1.0744186041627986,,,,,,,,,,,,,,
US_BANKS,TFC,WFC,Truist Financial Corporation,Wells Fargo & Company,-1.6106573561755673,0.477630559421109,0.05,,False,0.5854354674927896,1.2392143965922169,,,,,,,,,,,,,,
US_BANKS,COF,JPM,Capital One Financial Corporati,JP Morgan Chase & Co.,-1.53186405367805,0.5176939162013937,0.05,,False,0.9871850658177713,-0.27169855347991057,,,,,,,,,,,,,,
US_BANKS,JPM,RF,JP Morgan Chase & Co.,Regions Financial Corporation,-1.5290722287381218,0.5190838568575438,0.05,,False,1.2539598770765705,1.6116468133466682,,,,,,,,,,,,,,
US_BANKS,C,COF,"Citigroup, Inc.",Capital One Financial Corporati,-1.4989697540464861,0.5340209251499657,0.05,,False,2.1670811358047715,-6.886043238842457,,,,,,,,,,,,,,
US_BANKS,JPM,KEY,JP Morgan Chase & Co.,KeyCorp,-1.4608726766200726,0.5527707118078234,0.05,,False,1.078793557295916,2.499617765230241,,,,,,,,,,,,,,
US_BANKS,MTB,WFC,M&T Bank Corporation,Wells Fargo & Company,-1.4544620436442561,0.5559061463027801,0.05,,False,0.6604796068397204,2.39525650950984,,,,,,,,,,,,,,
US_BANKS,WFC,ZION,Wells Fargo & Company,Zions Bancorporation N.A.,-1.4146358366352794,0.5752397506796649,0.05,,False,1.3435672617026608,-1.0227318069975722,,,,,,,,,,,,,,
US_BANKS,FHN,ZION,First Horizon Corporation,Zions Bancorporation N.A.,-1.4055494662888006,0.5796127618747872,0.05,,False,1.3412255091277365,-2.3113236116593985,,,,,,,,,,,,,,
US_BANKS,FITB,JPM,Fifth Third Bancorp,JP Morgan Chase & Co.,-1.3857440225879398,0.5890912104494098,0.05,,False,0.6922473601417433,-0.11674316592249268,,,,,,,,,,,,,,
US_BANKS,FHN,KEY,First Horizon Corporation,KeyCorp,-1.3337178848187548,0.6136086901120348,0.05,,False,1.1179707158528227,-0.1886697220059559,,,,,,,,,,,,,,
US_BANKS,FHN,USB,First Horizon Corporation,U.S. Bancorp,-1.3137714110940926,0.6228485622749126,0.05,,False,1.347688720951845,-2.1639332407727325,,,,,,,,,,,,,,
US_BANKS,CFG,JPM,"Citizens Financial Group, Inc.",JP Morgan Chase & Co.,-1.2910743521040693,0.6332458509098435,0.05,,False,1.338208820957525,-3.597947258538924,,,,,,,,,,,,,,
US_BANKS,KEY,WFC,KeyCorp,Wells Fargo & Company,-1.2155832101794823,0.6668565427796942,0.05,,False,0.9243647524482176,-1.1204696175067448,,,,,,,,,,,,,,
US_BANKS,JPM,PNC,JP Morgan Chase & Co.,"PNC Financial Services Group, I",-1.2090310936421458,0.6696987476470305,0.05,,False,1.4295503771384541,-1.9125201363256776,,,,,,,,,,,,,,
US_BANKS,BAC,WFC,Bank of America Corporation,Wells Fargo & Company,-1.208107296862645,0.670098470013253,0.05,,False,0.8106604665915793,0.3418782386862973,,,,,,,,,,,,,,
US_BANKS,RF,WFC,Regions Financial Corporation,Wells Fargo & Company,-1.1821083351665516,0.6812445152982531,0.05,,False,0.7872276600357188,-0.22141571011687233,,,,,,,,,,,,,,
US_BANKS,COF,TFC,Capital One Financial Corporati,Truist Financial Corporation,-1.1738961031977984,0.6847229637170835,0.05,,False,1.8501865239044197,-1.7141373777201272,,,,,,,,,,,,,,
US_BANKS,FHN,PNC,First Horizon Corporation,"PNC Financial Services Group, I",-1.1629591960244097,0.6893234226391147,0.05,,False,1.4345685276837008,-4.515487500761861,,,,,,,,,,,,,,
US_BANKS,CFG,WFC,"Citizens Financial Group, Inc.",Wells Fargo & Company,-1.1582856184447627,0.6912780187222879,0.05,,False,1.3891605860376006,-2.105370691090312,,,,,,,,,,,,,,
US_BANKS,JPM,USB,JP Morgan Chase & Co.,U.S. Bancorp,-1.129281416470046,0.7032547070676105,0.05,,False,1.3267284448852439,0.493007975110233,,,,,,,,,,,,,,
US_BANKS,FHN,FITB,First Horizon Corporation,Fifth Third Bancorp,-1.1118859739853422,0.710308714968834,0.05,,False,1.4531086369076387,-2.439989178569439,,,,,,,,,,,,,,
US_BANKS,COF,FHN,Capital One Financial Corporati,First Horizon Corporation,-1.0910993617905074,0.7186082932351326,0.05,,False,0.9450649613200294,2.3981587498110426,,,,,,,,,,,,,,
US_BANKS,MTB,PNFP,M&T Bank Corporation,"Pinnacle Financial Partners, In",-1.0900122612702199,0.7190384204780045,0.05,,False,1.4132281892915866,-1.2496672823403836,,,,,,,,,,,,,,
US_BANKS,FITB,WFC,Fifth Third Bancorp,Wells Fargo & Company,-1.0751499421250372,0.7248794157657407,0.05,,False,0.6703666724973072,0.8624756524128689,,,,,,,,,,,,,,
US_BANKS,BAC,COF,Bank of America Corporation,Capital One Financial Corporati,-1.0326658711519063,0.741164552902323,0.05,,False,0.8000628284394418,-0.3612571524563113,,,,,,,,,,,,,,
US_BANKS,CFG,COF,"Citizens Financial Group, Inc.",Capital One Financial Corporati,-0.9632538177047727,0.7664296615117325,0.05,,False,1.5094317912942359,-4.034190511031636,,,,,,,,,,,,,,
US_BANKS,HBAN,PNFP,Huntington Bancshares Incorpora,"Pinnacle Financial Partners, In",-0.9159119619652893,0.7826872272335361,0.05,,False,0.7158197604414042,-0.5534653791127244,,,,,,,,,,,,,,
US_BANKS,COF,MTB,Capital One Financial Corporati,M&T Bank Corporation,-0.8075282607614616,0.8169006894994556,0.05,,False,1.6121326960123545,-3.2038955142598713,,,,,,,,,,,,,,
US_BANKS,USB,WFC,U.S. Bancorp,Wells Fargo & Company,-0.7522809421181484,0.8327390633299772,0.05,,False,0.7409017754458511,0.6474005813857175,,,,,,,,,,,,,,
US_BANKS,PNC,WFC,"PNC Financial Services Group, I",Wells Fargo & Company,-0.7323705809132466,0.8381857371280317,0.05,,False,0.6832550198700869,2.3022581069048376,,,,,,,,,,,,,,
US_BANKS,COF,ZION,Capital One Financial Corporati,Zions Bancorporation N.A.,-0.5347002793082477,0.88506525614015,0.05,,False,1.4003399126540057,-0.31165365875935436,,,,,,,,,,,,,,
US_BANKS,PNFP,TFC,"Pinnacle Financial Partners, In",Truist Financial Corporation,-0.5221057950430857,0.8876300327431101,0.05,,False,1.4441343128526574,-0.8338561287391739,,,,,,,,,,,,,,
US_BANKS,COF,KEY,Capital One Financial Corporati,KeyCorp,-0.46081984400613385,0.899438147129161,0.05,,False,1.0853307511384256,2.137886661813409,,,,,,,,,,,,,,
US_BANKS,COF,RF,Capital One Financial Corporati,Regions Financial Corporation,-0.4051431443009592,0.9092365083340506,0.05,,False,1.3008864709303773,1.1203097851229167,,,,,,,,,,,,,,
US_BANKS,COF,FITB,Capital One Financial Corporati,Fifth Third Bancorp,-0.20910524914279846,0.9374275574661646,0.05,,False,1.6265450373328807,-0.8552016888596548,,,,,,,,,,,,,,
US_BANKS,COF,PNC,Capital One Financial Corporati,"PNC Financial Services Group, I",-0.02951173941674608,0.9560223674045986,0.05,,False,1.5639203952639633,-2.9591842451470676,,,,,,,,,,,,,,
US_BANKS,COF,USB,Capital One Financial Corporati,U.S. Bancorp,-0.007268261211031253,0.9579268625548694,0.05,,False,1.437484771408604,-0.27414432822491985,,,,,,,,,,,,,,
US_DEFENSE_AEROSPACE,LHX,NOC,"L3Harris Technologies, Inc.",Northrop Grumman Corporation,-2.8883427264730557,0.04672047000352726,0.05,,False,1.3546875567624839,-2.9478116638668013,,,,,,,,,,,,,,
US_DEFENSE_AEROSPACE,GD,RTX,General Dynamics Corporation,RTX Corporation,-2.617143108404186,0.08950564475343165,0.05,,False,0.5392264860939379,3.02325243394622,,,,,,,,,,,,,,
US_DEFENSE_AEROSPACE,LHX,RTX,"L3Harris Technologies, Inc.",RTX Corporation,-2.414949508710304,0.13756139946441004,0.05,,False,0.8446248460293769,1.3468700437740146,,,,,,,,,,,,,,
US_DEFENSE_AEROSPACE,GD,LHX,General Dynamics Corporation,"L3Harris Technologies, Inc.",-1.8793905786659193,0.34181767105784233,0.05,,False,0.6556298561487691,2.067800782484049,,,,,,,,,,,,,,
US_DEFENSE_AEROSPACE,LMT,NOC,Lockheed Martin Corporation,Northrop Grumman Corporation,-1.753571501441945,0.40374336942583333,0.05,,False,0.8165506349272128,1.0751853708938164,,,,,,,,,,,,,,
US_DEFENSE_AEROSPACE,LHX,LMT,"L3Harris Technologies, Inc.",Lockheed Martin Corporation,-1.721508672904803,0.4200660177332708,0.05,,False,1.8865111774324415,-6.141901989856242,,,,,,,,,,,,,,
US_DEFENSE_AEROSPACE,LMT,RTX,Lockheed Martin Corporation,RTX Corporation,-1.4982268124702705,0.5343883263463641,0.05,,False,0.3192999178959269,4.609341331173475,,,,,,,,,,,,,,
US_DEFENSE_AEROSPACE,NOC,RTX,Northrop Grumman Corporation,RTX Corporation,-1.4223097467859758,0.5715350535220995,0.05,,False,0.6091502767824545,3.241635396112498,,,,,,,,,,,,,,
US_DEFENSE_AEROSPACE,GD,LMT,General Dynamics Corporation,Lockheed Martin Corporation,-1.3290758394822364,0.6157673556765555,0.05,,False,1.0169965708994455,-0.5959254710420474,,,,,,,,,,,,,,
US_DEFENSE_AEROSPACE,GD,NOC,General Dynamics Corporation,Northrop Grumman Corporation,-1.1909762537016926,0.6774654039352994,0.05,,False,0.86589008049573,0.2749800166004235,,,,,,,,,,,,,,
US_GOLD_MINERS,AEM,KGC,Agnico Eagle Mines Limited,Kinross Gold Corporation,-2.9874525293209113,0.036082907483613876,0.05,,False,0.7455046749376919,2.714661172350912,,,,,,,,,,,,,,
US_GOLD_MINERS,AU,KGC,AngloGold Ashanti PLC,Kinross Gold Corporation,-2.8589971731071406,0.05032805603674548,0.05,,False,1.1282637748099271,0.6772611775860291,,,,,,,,,,,,,,
US_GOLD_MINERS,AEM,AU,Agnico Eagle Mines Limited,AngloGold Ashanti PLC,-2.471013480957809,0.12268727733747453,0.05,,False,0.6586671163750473,2.275234545985095,,,,,,,,,,,,,,
US_GOLD_MINERS,AU,NEM,AngloGold Ashanti PLC,Newmont Corporation,-2.3108025473721416,0.16850760172060641,0.05,,False,1.4252471396759956,-2.1115247235428036,,,,,,,,,,,,,,
US_GOLD_MINERS,KGC,NEM,Kinross Gold Corporation,Newmont Corporation,-1.7682872235917229,0.39631594088477273,0.05,,False,1.2659108601738283,-2.48303689402201,,,,,,,,,,,,,,
US_GOLD_MINERS,AEM,NEM,Agnico Eagle Mines Limited,Newmont Corporation,-1.518886050771602,0.5241488542491181,0.05,,False,0.9340811556895335,0.9040941721084783,,,,,,,,,,,,,,
US_GOLD_MINERS,GOLD,NEM,"Gold.com, Inc.",Newmont Corporation,-1.5048032544474566,0.5311339135459715,0.05,,False,0.6059481390829108,0.8707511176449274,,,,,,,,,,,,,,
US_GOLD_MINERS,AEM,GOLD,Agnico Eagle Mines Limited,"Gold.com, Inc.",-1.368377777371813,0.5973388529118199,0.05,,False,1.804764602697872,-1.3368826425323448,,,,,,,,,,,,,,
US_GOLD_MINERS,AU,GOLD,AngloGold Ashanti PLC,"Gold.com, Inc.",-1.2757273329406134,0.640202648194946,0.05,,False,3.4806358447069017,-8.012366067952453,,,,,,,,,,,,,,
US_GOLD_MINERS,GOLD,KGC,"Gold.com, Inc.",Kinross Gold Corporation,-1.2726626775993641,0.6415845468881,0.05,,False,0.3176051863621518,2.5150977531175944,,,,,,,,,,,,,,
US_HOMEBUILDERS,LEN,NVR,Lennar Corporation,"NVR, Inc.",-3.560968653463614,0.006552592403424307,0.05,,False,1.7390769768772198,-10.772065313163719,,,,,,,,,,,,,,
US_HOMEBUILDERS,DHI,PHM,"D.R. Horton, Inc.","PulteGroup, Inc.",-2.7267321748229474,0.06952556449664393,0.05,,False,1.22944362395648,-0.8731549629192221,,,,,,,,,,,,,,
US_HOMEBUILDERS,PHM,TOL,"PulteGroup, Inc.","Toll Brothers, Inc.",-2.422488367848358,0.13548956462704909,0.05,,False,0.7708380568310013,1.017467571455791,,,,,,,,,,,,,,
US_HOMEBUILDERS,KBH,MTH,KB Home,Meritage Homes Corporation,-2.27367547914277,0.1805987429006733,0.05,,False,1.1781821861091941,-0.9377996211526529,,,,,,,,,,,,,,
US_HOMEBUILDERS,KBH,NVR,KB Home,"NVR, Inc.",-2.1928685783804447,0.20884392566673904,0.05,,False,1.3269954648372124,-7.750058280812045,,,,,,,,,,,,,,
US_HOMEBUILDERS,LEN,PHM,Lennar Corporation,"PulteGroup, Inc.",-1.830617628407129,0.36537029455299025,0.05,,False,3.737030626043759,-13.070018190559068,,,,,,,,,,,,,,
US_HOMEBUILDERS,DHI,MTH,"D.R. Horton, Inc.",Meritage Homes Corporation,-1.8118404641948873,0.37459927864609965,0.05,,False,0.9429826082384066,0.9537245492802597,,,,,,,,,,,,,,
US_HOMEBUILDERS,KBH,PHM,KB Home,"PulteGroup, Inc.",-1.7589453146945777,0.4010261370879254,0.05,,False,1.9037683181849328,-4.9765426914536395,,,,,,,,,,,,,,
US_HOMEBUILDERS,MTH,PHM,Meritage Homes Corporation,"PulteGroup, Inc.",-1.731714809652219,0.4148505547230058,0.05,,False,1.452501813209324,-2.6477018628620987,,,,,,,,,,,,,,
US_HOMEBUILDERS,KBH,LEN,KB Home,Lennar Corporation,-1.7119039834626233,0.42498985849156123,0.05,,False,0.7478418275822528,0.5421949949421503,,,,,,,,,,,,,,
US_HOMEBUILDERS,DHI,KBH,"D.R. Horton, Inc.",KB Home,-1.7034593871809152,0.4293309837282789,0.05,,False,0.7643878582432839,1.8524464524283233,,,,,,,,,,,,,,
US_HOMEBUILDERS,DHI,TOL,"D.R. Horton, Inc.","Toll Brothers, Inc.",-1.586510631731074,0.4903660513343,0.05,,False,0.9423774689493046,0.40372906012770926,,,,,,,,,,,,,,
US_HOMEBUILDERS,LEN,TOL,Lennar Corporation,"Toll Brothers, Inc.",-1.453183494108958,0.5565307527927452,0.05,,False,3.8358597147956943,-13.925858144237303,,,,,,,,,,,,,,
US_HOMEBUILDERS,DHI,LEN,"D.R. Horton, Inc.",Lennar Corporation,-1.4378319952944831,0.5640106945365306,0.05,,False,0.4804936358074767,2.7025693218032614,,,,,,,,,,,,,,
US_HOMEBUILDERS,MTH,TOL,Meritage Homes Corporation,"Toll Brothers, Inc.",-1.372993717949481,0.5951526252314641,0.05,,False,0.996507007047681,-0.5693466134588681,,,,,,,,,,,,,,
US_HOMEBUILDERS,MTH,NVR,Meritage Homes Corporation,"NVR, Inc.",-1.278735799139313,0.6388437002076377,0.05,,False,1.1284256326774391,-5.800949334596708,,,,,,,,,,,,,,
US_HOMEBUILDERS,NVR,PHM,"NVR, Inc.","PulteGroup, Inc.",-1.2201325875310993,0.6648757799169882,0.05,,False,1.3470310741154177,2.5085624493569902,,,,,,,,,,,,,,
US_HOMEBUILDERS,LEN,MTH,Lennar Corporation,Meritage Homes Corporation,-1.2087097691491309,0.669837811485605,0.05,,False,1.64384956410474,-2.2724963971607046,,,,,,,,,,,,,,
US_HOMEBUILDERS,KBH,TOL,KB Home,"Toll Brothers, Inc.",-1.0985278818203796,0.7156586116908543,0.05,,False,1.3792454811041541,-2.6091571328491865,,,,,,,,,,,,,,
US_HOMEBUILDERS,DHI,NVR,"D.R. Horton, Inc.","NVR, Inc.",-0.8508494264141363,0.803727447575983,0.05,,False,1.0937634215260867,-4.781866861307641,,,,,,,,,,,,,,
US_HOMEBUILDERS,NVR,TOL,"NVR, Inc.","Toll Brothers, Inc.",-0.04283525215676796,0.9548429970103255,0.05,,False,0.7070438467314072,5.494717897236893,,,,,,,,,,,,,,
US_INSURANCE,ALL,TRV,Allstate Corporation (The),"The Travelers Companies, Inc.",-4.848945556530012,4.379759246871635e-05,0.05,0.0013206155106123846,True,0.6767522735844292,1.5080778490070497,7.43089227280332,0.00024418134145441737,-0.09327913191486141,22.0,-0.6868615390355595,3.1800861873914354,False,,0.4,0.0036799570396922957,0.3151686069708495,0.2614938812583225,True,mixed signal
US_INSURANCE,AIG,PRU,"American International Group, I","Prudential Financial, Inc.",-4.500744671270863,0.00019603155845583455,0.05,0.0013206155106123846,True,-0.5536721998460302,6.887941381133448,8.642098938649623,0.0002788211699348128,-0.08020588348740353,26.0,0.4165872972786975,2.930091306210527,False,,0.2,0.027879425132113698,1.3374258774430903,1.181060058794702,True,mixed signal
US_INSURANCE,ALL,GL,Allstate Corporation (The),Globe Life Inc.,-4.4075698647943655,0.00028780884532518373,0.05,0.0013206155106123846,True,0.4580286546089351,3.061302532338884,8.668832205225502,0.00023066556170846567,-0.07995854160634483,26.0,-0.5679126801005807,4.000159681380852,False,,0.4,0.023008111228444754,0.45884630404230764,0.25674082326900205,True,mixed signal
US_INSURANCE,AFL,PGR,AFLAC Incorporated,Progressive Corporation (The),-4.017699422589031,0.0013206155106123846,0.05,0.0013206155106123846,True,-0.23239519432248965,5.91428063902702,15.330887844890597,0.0007879593945069642,-0.04521246176821742,46.0,-0.3474590763511093,2.197861499597993,False,,0.2,0.02610897181526753,0.8227870226893953,0.9694459383585118,True,mixed signal
US_INSURANCE,AFL,TRV,AFLAC Incorporated,"The Travelers Companies, Inc.",-3.7229032789878422,0.0038022926153996215,0.05,0.0013206155106123846,False,0.4640422717064571,2.0750282788317294,,,,,,,,,,,,,,
US_INSURANCE,AFL,CB,AFLAC Incorporated,Chubb Limited,-3.6500944197088625,0.004872468019261762,0.05,0.0013206155106123846,False,0.7313993778178901,0.5122508105590153,,,,,,,,,,,,,,
US_INSURANCE,HIG,PGR,"The Hartford Insurance Group, I",Progressive Corporation (The),-3.596071095080242,0.005836585744205577,0.05,0.0013206155106123846,False,-1.0614519386993113,10.545204206432937,,,,,,,,,,,,,,
US_INSURANCE,AFL,GL,AFLAC Incorporated,Globe Life Inc.,-3.5131743267505224,0.0076551259745281435,0.05,0.0013206155106123846,False,0.3039066373182189,3.1891118843123722,,,,,,,,,,,,,,
US_INSURANCE,AIG,UNM,"American International Group, I",Unum Group,-3.4993963316740553,0.008002611084162259,0.05,0.0013206155106123846,False,0.2230251337890799,3.3721546402569484,,,,,,,,,,,,,,
US_INSURANCE,AIG,GL,"American International Group, I",Globe Life Inc.,-3.3902449883299344,0.011295948600812438,0.05,0.0013206155106123846,False,0.1561538382664582,3.5695988737146713,,,,,,,,,,,,,,
US_INSURANCE,GL,TRV,Globe Life Inc.,"The Travelers Companies, Inc.",-3.3428467333272756,0.013068537438731508,0.05,0.0013206155106123846,False,1.4542643298935034,-3.2616650818646695,,,,,,,,,,,,,,
US_INSURANCE,HIG,PRU,"The Hartford Insurance Group, I","Prudential Financial, Inc.",-3.330914155073942,0.013551909971718117,0.05,0.0013206155106123846,False,-2.6186831104298935,16.929010378072082,,,,,,,,,,,,,,
US_INSURANCE,AFL,ALL,AFLAC Incorporated,Allstate Corporation (The),-3.285587133822509,0.015535151581096715,0.05,0.0013206155106123846,False,0.7178838750079021,0.8711994297145385,,,,,,,,,,,,,,
US_INSURANCE,AFL,PRU,AFLAC Incorporated,"Prudential Financial, Inc.",-3.276009381757437,0.015985511471082067,0.05,0.0013206155106123846,False,-0.17221954608908968,5.454167990155851,,,,,,,,,,,,,,
US_INSURANCE,AIG,LNC,"American International Group, I",Lincoln National Corporation,-3.2735158296483107,0.01610462825672519,0.05,0.0013206155106123846,False,0.20825914858777086,3.5900706121249355,,,,,,,,,,,,,,
US_INSURANCE,AIG,TRV,"American International Group, I","The Travelers Companies, Inc.",-3.1909305460391266,0.020515693528072077,0.05,0.0013206155106123846,False,0.2600160525907395,2.8771016822779,,,,,,,,,,,,,,
US_INSURANCE,AIG,HIG,"American International Group, I","The Hartford Insurance Group, I",-3.1837040540354105,0.020947543071097804,0.05,0.0013206155106123846,False,0.3859744503721504,2.470723995541295,,,,,,,,,,,,,,
US_INSURANCE,CB,PGR,Chubb Limited,Progressive Corporation (The),-3.1708578327638612,0.021734735375955407,0.05,0.0013206155106123846,False,-0.6227406705014622,9.036583981839811,,,,,,,,,,,,,,
US_INSURANCE,AFL,LNC,AFLAC Incorporated,Lincoln National Corporation,-3.1688613387336444,0.02185935198694405,0.05,0.0013206155106123846,False,0.2772480753753032,3.680020215101454,,,,,,,,,,,,,,
US_INSURANCE,AIG,PGR,"American International Group, I",Progressive Corporation (The),-3.111871726117718,0.025687011269156932,0.05,0.0013206155106123846,False,0.28152717057398163,2.7999261813841847,,,,,,,,,,,,,,
US_INSURANCE,PGR,TRV,Progressive Corporation (The),"The Travelers Companies, Inc.",-3.0636424313821964,0.029363450921578417,0.05,0.0013206155106123846,False,-0.44133500728730074,7.867309536311504,,,,,,,,,,,,,,
US_INSURANCE,AIG,ALL,"American International Group, I",Allstate Corporation (The),-3.013773140882082,0.033628028591139815,0.05,0.0013206155106123846,False,0.4548008246863053,1.9254708694597351,,,,,,,,,,,,,,
US_INSURANCE,PRU,UNM,"Prudential Financial, Inc.",Unum Group,-3.0072182091647117,0.03422578683156275,0.05,0.0013206155106123846,False,-0.14661411297285296,5.256997597647958,,,,,,,,,,,,,,
US_INSURANCE,HIG,LNC,"The Hartford Insurance Group, I",Lincoln National Corporation,-2.97275711942702,0.03751805919205258,0.05,0.0013206155106123846,False,0.639765395329185,2.547141466238073,,,,,,,,,,,,,,
US_INSURANCE,LNC,PGR,Lincoln National Corporation,Progressive Corporation (The),-2.918217902745208,0.04327014833362245,0.05,0.0013206155106123846,False,-3.0284698579737928,19.91262213683551,,,,,,,,,,,,,,
US_INSURANCE,GL,PRU,Globe Life Inc.,"Prudential Financial, Inc.",-2.8989880889996456,0.04546579555558307,0.05,0.0013206155106123846,False,-6.6521603012645665,35.6382261985413,,,,,,,,,,,,,,
US_INSURANCE,ALL,PRU,Allstate Corporation (The),"Prudential Financial, Inc.",-2.8756638269554373,0.04825203497854591,0.05,0.0013206155106123846,False,-2.4595105852696624,16.664208578488562,,,,,,,,,,,,,,
US_INSURANCE,AFL,AIG,AFLAC Incorporated,"American International Group, I",-2.872085285690577,0.04869172714567313,0.05,0.0013206155106123846,False,1.7503449715776265,-2.9112446864793027,,,,,,,,,,,,,,
US_INSURANCE,PRU,TRV,"Prudential Financial, Inc.","The Travelers Companies, Inc.",-2.862233408118499,0.04991930013541246,0.05,0.0013206155106123846,False,-0.22298422039500648,5.872012382214736,,,,,,,,,,,,,,
US_INSURANCE,AIG,CB,"American International Group, I",Chubb Limited,-2.8527357165264227,0.05112672457171496,0.05,0.0013206155106123846,False,0.3249198533974035,2.482518446254054,,,,,,,,,,,,,,
US_INSURANCE,MET,UNM,"MetLife, Inc.",Unum Group,-2.8139804782948095,0.05630433977868025,0.05,0.0013206155106123846,False,0.2739080099925658,3.1674105328321787,,,,,,,,,,,,,,
US_INSURANCE,ALL,MET,Allstate Corporation (The),"MetLife, Inc.",-2.8094630369292988,0.0569347029818459,0.05,0.0013206155106123846,False,1.627280343270956,-1.782849100883526,,,,,,,,,,,,,,
US_INSURANCE,ALL,PGR,Allstate Corporation (The),Progressive Corporation (The),-2.805130747129785,0.05754460666270751,0.05,0.0013206155106123846,False,-0.21637757583742612,6.443960919354991,,,,,,,,,,,,,,
US_INSURANCE,LNC,PRU,Lincoln National Corporation,"Prudential Financial, Inc.",-2.779035147931932,0.06133141271720416,0.05,0.0013206155106123846,False,-39.83030136482785,187.997616065426,,,,,,,,,,,,,,
US_INSURANCE,GL,PGR,Globe Life Inc.,Progressive Corporation (The),-2.775794609877313,0.06181538521946727,0.05,0.0013206155106123846,False,-5.607403168841202,35.17651740600432,,,,,,,,,,,,,,
US_INSURANCE,MET,PRU,"MetLife, Inc.","Prudential Financial, Inc.",-2.754639018970849,0.06505107402069873,0.05,0.0013206155106123846,False,0.88676108747812,0.22884697853805758,,,,,,,,,,,,,,
US_INSURANCE,AFL,HIG,AFLAC Incorporated,"The Hartford Insurance Group, I",-2.730468817250183,0.06891259692733896,0.05,0.0013206155106123846,False,0.5640663735678346,1.9487346609020317,,,,,,,,,,,,,,
US_INSURANCE,CB,PRU,Chubb Limited,"Prudential Financial, Inc.",-2.7111339622756243,0.07213134438214452,0.05,0.0013206155106123846,False,-2.67958242039051,18.07681119350692,,,,,,,,,,,,,,
US_INSURANCE,GL,MET,Globe Life Inc.,"MetLife, Inc.",-2.7047848834235504,0.07321392887500881,0.05,0.0013206155106123846,False,5.175964488212249,-17.614024982033463,,,,,,,,,,,,,,
US_INSURANCE,AFL,MET,AFLAC Incorporated,"MetLife, Inc.",-2.7014908819124948,0.07378063648628257,0.05,0.0013206155106123846,False,0.9721934398128845,0.4411808894513225,,,,,,,,,,,,,,
US_INSURANCE,PGR,PRU,Progressive Corporation (The),"Prudential Financial, Inc.",-2.692108646145451,0.07541380100862993,0.05,0.0013206155106123846,False,31.560539166893186,-140.7616409372772,,,,,,,,,,,,,,
US_INSURANCE,AFL,UNM,AFLAC Incorporated,Unum Group,-2.6765831044848154,0.07817880779853202,0.05,0.0013206155106123846,False,0.27325805010436405,3.4907973539413777,,,,,,,,,,,,,,
US_INSURANCE,GL,LNC,Globe Life Inc.,Lincoln National Corporation,-2.5820094823264412,0.09677284037361544,0.05,0.0013206155106123846,False,1.3215146835379155,0.17394545571740405,,,,,,,,,,,,,,
US_INSURANCE,LNC,TRV,Lincoln National Corporation,"The Travelers Companies, Inc.",-2.505184130987778,0.11421805971561866,0.05,0.0013206155106123846,False,1.2208019888181865,-3.2692636437543063,,,,,,,,,,,,,,
US_INSURANCE,LNC,MET,Lincoln National Corporation,"MetLife, Inc.",-2.4904737569831954,0.11780940136239126,0.05,0.0013206155106123846,False,4.406670887247978,-15.584800363923264,,,,,,,,,,,,,,
US_INSURANCE,MET,TRV,"MetLife, Inc.","The Travelers Companies, Inc.",-2.4306906716731653,0.13326086708606705,0.05,0.0013206155106123846,False,0.2793118790176172,2.782081935868862,,,,,,,,,,,,,,
US_INSURANCE,CB,MET,Chubb Limited,"MetLife, Inc.",-2.411833920819843,0.13842419125342703,0.05,0.0013206155106123846,False,2.340049581677492,-4.48002244702567,,,,,,,,,,,,,,
US_INSURANCE,AIG,MET,"American International Group, I","MetLife, Inc.",-2.3833973304796703,0.14647732373346728,0.05,0.0013206155106123846,False,0.5104368965378382,2.1103787254769015,,,,,,,,,,,,,,
US_INSURANCE,ALL,LNC,Allstate Corporation (The),Lincoln National Corporation,-2.3668165542142225,0.15132201241190119,0.05,0.0013206155106123846,False,0.46460507079323465,3.636492266885705,,,,,,,,,,,,,,
US_INSURANCE,GL,HIG,Globe Life Inc.,"The Hartford Insurance Group, I",-2.2802752085282605,0.17840854158237973,0.05,0.0013206155106123846,False,1.8700926365914197,-4.148845916551761,,,,,,,,,,,,,,
US_INSURANCE,MET,PGR,"MetLife, Inc.",Progressive Corporation (The),-2.2227062586966073,0.1981078418144988,0.05,0.0013206155106123846,False,0.18072562052752003,3.357801814573943,,,,,,,,,,,,,,
US_INSURANCE,CB,GL,Chubb Limited,Globe Life Inc.,-2.2173405033544236,0.20001215721627208,0.05,0.0013206155106123846,False,0.3888855933986723,3.788492214933573,,,,,,,,,,,,,,
US_INSURANCE,HIG,MET,"The Hartford Insurance Group, I","MetLife, Inc.",-2.1545832424815523,0.2231398622890014,0.05,0.0013206155106123846,False,3.6625040864269995,-11.079813452687674,,,,,,,,,,,,,,
US_INSURANCE,HIG,TRV,"The Hartford Insurance Group, I","The Travelers Companies, Inc.",-2.142566751915538,0.2277461778033858,0.05,0.0013206155106123846,False,0.805958825737438,0.3168815385901418,,,,,,,,,,,,,,
US_INSURANCE,ALL,UNM,Allstate Corporation (The),Unum Group,-2.127846819919877,0.2334656575938897,0.05,0.0013206155106123846,False,0.4896089304282056,3.18420573657035,,,,,,,,,,,,,,
US_INSURANCE,HIG,UNM,"The Hartford Insurance Group, I",Unum Group,-2.106725479986588,0.2418188661836499,0.05,0.0013206155106123846,False,0.5388107414422524,2.501897389141638,,,,,,,,,,,,,,
US_INSURANCE,ALL,CB,Allstate Corporation (The),Chubb Limited,-2.0769006795116223,0.25390380978667304,0.05,0.0013206155106123846,False,1.0199061010313661,-0.5061245055314911,,,,,,,,,,,,,,
US_INSURANCE,LNC,UNM,Lincoln National Corporation,Unum Group,-2.02156564752895,0.2771980919524748,0.05,0.0013206155106123846,False,0.8744962835837138,-0.20849484172007537,,,,,,,,,,,,,,
US_INSURANCE,GL,UNM,Globe Life Inc.,Unum Group,-1.9916707277757695,0.2902370943931878,0.05,0.0013206155106123846,False,1.1758555429784043,-0.1877398883922785,,,,,,,,,,,,,,
US_INSURANCE,CB,TRV,Chubb Limited,"The Travelers Companies, Inc.",-1.979574530655936,0.29560013486467235,0.05,0.0013206155106123846,False,0.6387851991555621,2.112623247709409,,,,,,,,,,,,,,
US_INSURANCE,PGR,UNM,Progressive Corporation (The),Unum Group,-1.9695224429806772,0.3000942080007592,0.05,0.0013206155106123846,False,0.12848402098896167,4.8640150152237975,,,,,,,,,,,,,,
US_INSURANCE,TRV,UNM,"The Travelers Companies, Inc.",Unum Group,-1.9332249344777883,0.3165960434224877,0.05,0.0013206155106123846,False,0.7603214701798857,2.319506590179809,,,,,,,,,,,,,,
US_INSURANCE,CB,LNC,Chubb Limited,Lincoln National Corporation,-1.6599543223270146,0.4518542634532409,0.05,0.0013206155106123846,False,0.33300390679750996,4.493342074041463,,,,,,,,,,,,,,
US_INSURANCE,ALL,HIG,Allstate Corporation (The),"The Hartford Insurance Group, I",-1.6098465820844452,0.4786455763235639,0.05,0.0013206155106123846,False,0.8243988253921745,1.3153823297599354,,,,,,,,,,,,,,
US_INSURANCE,CB,HIG,Chubb Limited,"The Hartford Insurance Group, I",-1.5738943406182049,0.49669258099127817,0.05,0.0013206155106123846,False,0.7934353914536845,1.8573538217282795,,,,,,,,,,,,,,
US_INSURANCE,CB,UNM,Chubb Limited,Unum Group,-1.497631015346421,0.5346829145358631,0.05,0.0013206155106123846,False,0.3605893389684618,4.127940380478702,,,,,,,,,,,,,,
US_MEDIA_TELECOM,CHTR,TMUS,"Charter Communications, Inc.","T-Mobile US, Inc.",-2.7333962860760628,0.06843538367065838,0.05,,False,4.73401889975871,-19.750512269983957,,,,,,,,,,,,,,
US_MEDIA_TELECOM,CMCSA,VZ,Comcast Corporation,Verizon Communications Inc.,-2.633596802328394,0.08625037084018311,0.05,,False,-1.9761754819439785,10.677955531835789,,,,,,,,,,,,,,
US_MEDIA_TELECOM,CHTR,VZ,"Charter Communications, Inc.",Verizon Communications Inc.,-2.632431053535254,0.08647794519134405,0.05,,False,-5.620915723529253,26.36770509975739,,,,,,,,,,,,,,
US_MEDIA_TELECOM,CMCSA,TMUS,Comcast Corporation,"T-Mobile US, Inc.",-2.4248876722989,0.13483489270810772,0.05,,False,1.5783115730518822,-5.074766626712872,,,,,,,,,,,,,,
US_MEDIA_TELECOM,TMUS,VZ,"T-Mobile US, Inc.",Verizon Communications Inc.,-2.3107019764128953,0.16853959928169054,0.05,,False,-5.769076303967331,26.647806982959214,,,,,,,,,,,,,,
US_MEDIA_TELECOM,CHTR,T,"Charter Communications, Inc.",AT&T Inc.,-2.138317415808388,0.22938861008290934,0.05,,False,-10.844869219622524,39.903224883793136,,,,,,,,,,,,,,
US_MEDIA_TELECOM,CHTR,CMCSA,"Charter Communications, Inc.",Comcast Corporation,-2.020397851642355,0.27770158400476486,0.05,,False,2.8978630498916607,-4.185270803639686,,,,,,,,,,,,,,
US_MEDIA_TELECOM,CMCSA,T,Comcast Corporation,AT&T Inc.,-1.7080053419773669,0.4269926754966318,0.05,,False,-0.867562524823832,6.128136524690982,,,,,,,,,,,,,,
US_MEDIA_TELECOM,T,VZ,AT&T Inc.,Verizon Communications Inc.,-1.3492704669703512,0.6063406786019931,0.05,,False,1.8528978794734654,-3.676365229514061,,,,,,,,,,,,,,
US_MEDIA_TELECOM,T,TMUS,AT&T Inc.,"T-Mobile US, Inc.",-1.3403782121309111,0.6105028566162244,0.05,,False,1.419517881411624,-4.449101916477327,,,,,,,,,,,,,,
US_OIL_GAS,PSX,VLO,Phillips 66,Valero Energy Corporation,-3.9801630070878167,0.0015180207404009605,0.05,,False,0.6160180664673719,1.760133627541348,,,,,,,,,,,,,,
US_OIL_GAS,DVN,XOM,Devon Energy Corporation,ExxonMobil Holdings Corporation,-3.3372035408490306,0.013295199677261218,0.05,,False,1.046001910592457,-1.3726831991494435,,,,,,,,,,,,,,
US_OIL_GAS,APA,DVN,APA Corporation,Devon Energy Corporation,-3.196149904372403,0.02020862230457121,0.05,,False,1.8160536969054708,-3.376896128948064,,,,,,,,,,,,,,
US_OIL_GAS,FANG,OXY,"Diamondback Energy, Inc.",Occidental Petroleum Corporatio,-3.0954505847405756,0.0268917026395711,0.05,,False,1.0361465866578112,1.0713849613032722,,,,,,,,,,,,,,
US_OIL_GAS,COP,DVN,ConocoPhillips,Devon Energy Corporation,-3.0859319429639087,0.02761195705522116,0.05,,False,0.7515282723199723,1.8779355984276904,,,,,,,,,,,,,,
US_OIL_GAS,EOG,OXY,"EOG Resources, Inc.",Occidental Petroleum Corporatio,-3.0447230266652108,0.030923694781880874,0.05,,False,0.6286978052145435,2.342828858850666,,,,,,,,,,,,,,
US_OIL_GAS,COP,FANG,ConocoPhillips,"Diamondback Energy, Inc.",-3.0202364936949397,0.03304729843013584,0.05,,False,0.818981184284295,0.4353830581244864,,,,,,,,,,,,,,
US_OIL_GAS,COP,OXY,ConocoPhillips,Occidental Petroleum Corporatio,-2.8721017892380036,0.048689691815989034,0.05,,False,0.8480309897744146,1.3149617986044522,,,,,,,,,,,,,,
US_OIL_GAS,COP,XOM,ConocoPhillips,ExxonMobil Holdings Corporation,-2.7250246495335886,0.0698071124571216,0.05,,False,0.7563885412641986,0.9876344584336967,,,,,,,,,,,,,,
US_OIL_GAS,FANG,XOM,"Diamondback Energy, Inc.",ExxonMobil Holdings Corporation,-2.694253345310816,0.0750379813216738,0.05,,False,0.9284459061898837,0.6511372245481173,,,,,,,,,,,,,,
US_OIL_GAS,OXY,XOM,Occidental Petroleum Corporatio,ExxonMobil Holdings Corporation,-2.6339744580738387,0.08617674554832555,0.05,,False,0.8722055372628894,-0.29215077800599953,,,,,,,,,,,,,,
US_OIL_GAS,APA,XOM,APA Corporation,ExxonMobil Holdings Corporation,-2.62821961040969,0.08730397028443182,0.05,,False,1.951340160001413,-6.115861838215434,,,,,,,,,,,,,,
US_OIL_GAS,APA,PSX,APA Corporation,Phillips 66,-2.620002012355647,0.0889333215647739,0.05,,False,1.6798595912028247,-5.012839076554268,,,,,,,,,,,,,,
US_OIL_GAS,APA,CVX,APA Corporation,Chevron Corporation,-2.591113966733089,0.09484777305593378,0.05,,False,2.466284954488685,-9.207703646228264,,,,,,,,,,,,,,
US_OIL_GAS,MPC,VLO,Marathon Petroleum Corporation,Valero Energy Corporation,-2.5872359652018506,0.09566413425494669,0.05,,False,0.7598014684306404,1.3197618651326612,,,,,,,,,,,,,,
US_OIL_GAS,EOG,FANG,"EOG Resources, Inc.","Diamondback Energy, Inc.",-2.544659365657591,0.10498277808138295,0.05,,False,0.5791420129756846,1.8327132390583132,,,,,,,,,,,,,,
US_OIL_GAS,MPC,PSX,Marathon Petroleum Corporation,Phillips 66,-2.5250129918712823,0.10950639501010812,0.05,,False,1.238842326388709,-0.8776563239602195,,,,,,,,,,,,,,
US_OIL_GAS,PSX,XOM,Phillips 66,ExxonMobil Holdings Corporation,-2.51739052922652,0.11130015394626974,0.05,,False,1.1283717319270936,-0.4985376871621794,,,,,,,,,,,,,,
US_OIL_GAS,APA,COP,APA Corporation,ConocoPhillips,-2.4812322155115907,0.12010776205259249,0.05,,False,2.5147937228414383,-8.365661188765735,,,,,,,,,,,,,,
US_OIL_GAS,EOG,VLO,"EOG Resources, Inc.",Valero Energy Corporation,-2.4446514262401142,0.12952827839730308,0.05,,False,0.193770418485288,3.7895447614175315,,,,,,,,,,,,,,
US_OIL_GAS,FANG,VLO,"Diamondback Energy, Inc.",Valero Energy Corporation,-2.4107073627665296,0.1387371124835361,0.05,,False,0.3593078768776504,3.2540988292092514,,,,,,,,,,,,,,
US_OIL_GAS,CVX,DVN,Chevron Corporation,Devon Energy Corporation,-2.399003286632265,0.1420179213106939,0.05,,False,0.7504471295550894,2.313433740979418,,,,,,,,,,,,,,
US_OIL_GAS,OXY,VLO,Occidental Petroleum Corporatio,Valero Energy Corporation,-2.3838648808666854,0.14634230804231058,0.05,,False,0.3135234411945433,2.2743193449258383,,,,,,,,,,,,,,
US_OIL_GAS,APA,FANG,APA Corporation,"Diamondback Energy, Inc.",-2.3805591488087554,0.1472987892702799,0.05,,False,2.1178336463399754,-7.56598320503263,,,,,,,,,,,,,,
US_OIL_GAS,APA,OXY,APA Corporation,Occidental Petroleum Corporatio,-2.3582035259116894,0.1538821885526822,0.05,,False,2.279972967750143,-5.626999463890373,,,,,,,,,,,,,,
US_OIL_GAS,CVX,XOM,Chevron Corporation,ExxonMobil Holdings Corporation,-2.3548948983240643,0.15487359683571356,0.05,,False,0.8324151269099119,1.0576522572539289,,,,,,,,,,,,,,
US_OIL_GAS,CVX,OXY,Chevron Corporation,Occidental Petroleum Corporatio,-2.3259044820822443,0.16374930570302654,0.05,,False,0.8462394316771418,1.753473927725631,,,,,,,,,,,,,,
US_OIL_GAS,DVN,FANG,Devon Energy Corporation,"Diamondback Energy, Inc.",-2.2909570790213576,0.17490108254130526,0.05,,False,1.0974378983894888,-1.9584237047807433,,,,,,,,,,,,,,
US_OIL_GAS,DVN,PSX,Devon Energy Corporation,Phillips 66,-2.285357519066635,0.17673395911032214,0.05,,False,0.9142724919806712,-0.8485743670392352,,,,,,,,,,,,,,
US_OIL_GAS,DVN,VLO,Devon Energy Corporation,Valero Energy Corporation,-2.2647756995741,0.18358022095746945,0.05,,False,0.49198155285237455,1.120018828008043,,,,,,,,,,,,,,
US_OIL_GAS,COP,VLO,ConocoPhillips,Valero Energy Corporation,-2.2301243113910356,0.19549426720433066,0.05,,False,0.3344448832161342,2.897721432506277,,,,,,,,,,,,,,
US_OIL_GAS,COP,EOG,ConocoPhillips,"EOG Resources, Inc.",-2.200369403936623,0.2061114118529243,0.05,,False,1.339163814806906,-1.7989413140498831,,,,,,,,,,,,,,
US_OIL_GAS,MPC,OXY,Marathon Petroleum Corporation,Occidental Petroleum Corporatio,-2.1857805028737984,0.21144673186910357,0.05,,False,2.1240656551507904,-3.0375167153675005,,,,,,,,,,,,,,
US_OIL_GAS,FANG,MPC,"Diamondback Energy, Inc.",Marathon Petroleum Corporation,-2.1552823490273294,0.2228736160529564,0.05,,False,0.5216228147517158,2.3788991206392427,,,,,,,,,,,,,,
US_OIL_GAS,APA,EOG,APA Corporation,"EOG Resources, Inc.",-2.1412818720355142,0.2282420597921881,0.05,,False,4.1094941413628305,-16.425772157485525,,,,,,,,,,,,,,
US_OIL_GAS,COP,CVX,ConocoPhillips,Chevron Corporation,-2.1382715738722236,0.22940636708785295,0.05,,False,0.9274208134279021,-0.06749885412181378,,,,,,,,,,,,,,
US_OIL_GAS,DVN,OXY,Devon Energy Corporation,Occidental Petroleum Corporatio,-2.130793053467985,0.23231414531888855,0.05,,False,1.1438886011544744,-0.8087975693245215,,,,,,,,,,,,,,
US_OIL_GAS,EOG,PSX,"EOG Resources, Inc.",Phillips 66,-2.1164377317164043,0.2379564820505521,0.05,,False,0.41091461811323843,2.766796745470817,,,,,,,,,,,,,,
US_OIL_GAS,CVX,VLO,Chevron Corporation,Valero Energy Corporation,-2.102028257264681,0.24369981160283732,0.05,,False,0.4382157513321685,2.8057834339301237,,,,,,,,,,,,,,
US_OIL_GAS,OXY,PSX,Occidental Petroleum Corporatio,Phillips 66,-2.0954956731359893,0.24632966723099736,0.05,,False,0.7379864626368369,0.2635437330890622,,,,,,,,,,,,,,
US_OIL_GAS,FANG,PSX,"Diamondback Energy, Inc.",Phillips 66,-2.093157134673979,0.24727503975848858,0.05,,False,0.789691139417581,1.2226125573723645,,,,,,,,,,,,,,
US_OIL_GAS,APA,VLO,APA Corporation,Valero Energy Corporation,-2.090879086879684,0.24819794777644444,0.05,,False,1.0130998012615422,-1.946460157873843,,,,,,,,,,,,,,
US_OIL_GAS,EOG,XOM,"EOG Resources, Inc.",ExxonMobil Holdings Corporation,-2.088037072374069,0.24935208342064313,0.05,,False,0.47341053007066813,2.5155874703777625,,,,,,,,,,,,,,
US_OIL_GAS,CVX,FANG,Chevron Corporation,"Diamondback Energy, Inc.",-2.065345090140557,0.25867581667946804,0.05,,False,0.7955475294611923,0.9857220046570108,,,,,,,,,,,,,,
US_OIL_GAS,DVN,MPC,Devon Energy Corporation,Marathon Petroleum Corporation,-2.0485873270488613,0.26568365551838047,0.05,,False,0.6784561026699343,0.10600441373663161,,,,,,,,,,,,,,
US_OIL_GAS,VLO,XOM,Valero Energy Corporation,ExxonMobil Holdings Corporation,-2.0251897897300486,0.27563862425972796,0.05,,False,1.8709855034491112,-3.853322000513261,,,,,,,,,,,,,,
US_OIL_GAS,COP,PSX,ConocoPhillips,Phillips 66,-1.9744836190721053,0.29787197280249245,0.05,,False,0.6475604476547421,1.4326963929709589,,,,,,,,,,,,,,
US_OIL_GAS,DVN,EOG,Devon Energy Corporation,"EOG Resources, Inc.",-1.9619691952021494,0.3034930797170998,0.05,,False,2.009723928318076,-5.9785049158206025,,,,,,,,,,,,,,
US_OIL_GAS,CVX,EOG,Chevron Corporation,"EOG Resources, Inc.",-1.9515298560917123,0.30822126613660655,0.05,,False,1.594326940276723,-2.5837383816401225,,,,,,,,,,,,,,
US_OIL_GAS,COP,MPC,ConocoPhillips,Marathon Petroleum Corporation,-1.9327511140884726,0.316814222948276,0.05,,False,0.4443385325892333,2.295336523071052,,,,,,,,,,,,,,
US_OIL_GAS,EOG,MPC,"EOG Resources, Inc.",Marathon Petroleum Corporation,-1.7713678985232593,0.39476650231310767,0.05,,False,0.26986879668181596,3.3764914138518742,,,,,,,,,,,,,,
US_OIL_GAS,CVX,PSX,Chevron Corporation,Phillips 66,-1.7296747920571796,0.4158916121289553,0.05,,False,0.729227860469457,1.466739074048057,,,,,,,,,,,,,,
US_OIL_GAS,APA,MPC,APA Corporation,Marathon Petroleum Corporation,-1.5998489821054773,0.48366933086590874,0.05,,False,1.3855087979973584,-3.9748502014057285,,,,,,,,,,,,,,
US_OIL_GAS,CVX,MPC,Chevron Corporation,Marathon Petroleum Corporation,-1.5575294727054643,0.5048850077630342,0.05,,False,0.5579645408965865,2.141415217176221,,,,,,,,,,,,,,
US_OIL_GAS,MPC,XOM,Marathon Petroleum Corporation,ExxonMobil Holdings Corporation,-1.2584520567606128,0.6479598519905407,0.05,,False,1.4446484283135748,-1.717724078946035,,,,,,,,,,,,,,
US_PAYMENTS,AXP,SYF,American Express Company,Synchrony Financial,-2.9018306831966165,0.045135527710430265,0.05,,False,0.6953784787785053,2.821803255340667,,,,,,,,,,,,,,
US_PAYMENTS,MA,SYF,Mastercard Incorporated,Synchrony Financial,-2.370867146397611,0.15012830398430427,0.05,,False,0.2523054837600267,5.21748219854149,,,,,,,,,,,,,,
US_PAYMENTS,AXP,MA,American Express Company,Mastercard Incorporated,-1.9877738378904521,0.2919594405732109,0.05,,False,2.331769470638408,-8.900034960572533,,,,,,,,,,,,,,
US_PAYMENTS,SYF,V,Synchrony Financial,Visa Inc.,-1.9251649695847108,0.32031687851225255,0.05,,False,2.7544670410581387,-11.738767351082192,,,,,,,,,,,,,,
US_PAYMENTS,MA,V,Mastercard Incorporated,Visa Inc.,-1.889467347706317,0.33703210993410887,0.05,,False,0.780079138444138,1.7648196738571444,,,,,,,,,,,,,,
US_PAYMENTS,AXP,V,American Express Company,Visa Inc.,-1.7379640865912993,0.4116659583498405,0.05,,False,1.6415088678512593,-3.761356296378999,,,,,,,,,,,,,,
US_PHARMA,BMY,MRK,Bristol-Myers Squibb Company,"Merck & Company, Inc.",-4.049386450766649,0.0011728804880530973,0.05,0.0032706290391876264,True,0.5411651730707593,1.4297385821519604,24.976867288239816,0.0008570738607795677,-0.02775156598146753,63.0,-1.6739260302547765,2.7729792784507135,False,,0.4,-0.002016007760672889,0.032703033727614184,0.02313441158484908,False,mixed signal
US_PHARMA,MRK,PFE,"Merck & Company, Inc.","Pfizer, Inc.",-3.7663811413148927,0.0032706290391876264,0.05,0.0032706290391876264,True,2.672218485209133,-3.926979757357092,11.812051411971357,0.0001293054740504139,-0.05868135486249661,35.0,-0.2921540014984595,2.6597145566371267,False,,0.6,0.01328903146392812,0.4651846943076243,1.7706072391624972,False,mixed signal
US_PHARMA,AMGN,LLY,Amgen Inc.,Eli Lilly and Company,-3.567094811796275,0.006422176089283557,0.05,0.0032706290391876264,False,0.6995101353136957,0.9734804187078039,,,,,,,,,,,,,,
US_PHARMA,ABBV,LLY,AbbVie Inc.,Eli Lilly and Company,-3.313822922709603,0.014271783430157368,0.05,0.0032706290391876264,False,0.715462567929947,0.42920349841439176,,,,,,,,,,,,,,
US_PHARMA,AMGN,JNJ,Amgen Inc.,Johnson & Johnson,-3.251530652783663,0.017189045245008625,0.05,0.0032706290391876264,False,0.49447505839086353,3.155545117596295,,,,,,,,,,,,,,
US_PHARMA,ABBV,JNJ,AbbVie Inc.,Johnson & Johnson,-3.228203128644563,0.018409122288048866,0.05,0.0032706290391876264,False,0.5465588441593239,2.4502443053988685,,,,,,,,,,,,,,
US_PHARMA,JNJ,LLY,Johnson & Johnson,Eli Lilly and Company,-3.0595059847542205,0.02969871397877601,0.05,0.0032706290391876264,False,1.517262004817571,-5.107641730705172,,,,,,,,,,,,,,
US_PHARMA,AMGN,MRK,Amgen Inc.,"Merck & Company, Inc.",-3.0521779325042098,0.03030067688495038,0.05,0.0032706290391876264,False,0.5797504119799786,3.0673161542814666,,,,,,,,,,,,,,
US_PHARMA,JNJ,MRK,Johnson & Johnson,"Merck & Company, Inc.",-2.859645493273147,0.05024594970838988,0.05,0.0032706290391876264,False,1.3404479970190852,-0.9441054047925892,,,,,,,,,,,,,,
US_PHARMA,LLY,MRK,Eli Lilly and Company,"Merck & Company, Inc.",-2.850461999767196,0.051419306655549175,0.05,0.0032706290391876264,False,0.838822336339569,2.9475852426361913,,,,,,,,,,,,,,
US_PHARMA,AMGN,PFE,Amgen Inc.,"Pfizer, Inc.",-2.7993425913326355,0.05836773559612565,0.05,0.0032706290391876264,False,1.7804730554992751,0.056375002213063574,,,,,,,,,,,,,,
US_PHARMA,JNJ,PFE,Johnson & Johnson,"Pfizer, Inc.",-2.659629566863836,0.08128839912196195,0.05,0.0032706290391876264,False,4.8909274629303985,-10.36420586246098,,,,,,,,,,,,,,
US_PHARMA,BMY,LLY,Bristol-Myers Squibb Company,Eli Lilly and Company,-2.6296948712055928,0.0870139230428777,0.05,0.0032706290391876264,False,0.6826089283152007,-0.7255272736763314,,,,,,,,,,,,,,
US_PHARMA,ABBV,AMGN,AbbVie Inc.,Amgen Inc.,-2.61643237444342,0.08964836631563194,0.05,0.0032706290391876264,False,1.1318131025530127,-1.1888815722154593,,,,,,,,,,,,,,
US_PHARMA,LLY,PFE,Eli Lilly and Company,"Pfizer, Inc.",-2.5984885769494723,0.0933100503886018,0.05,0.0032706290391876264,False,3.0986146681786444,-3.067902060098479,,,,,,,,,,,,,,
US_PHARMA,ABBV,MRK,AbbVie Inc.,"Merck & Company, Inc.",-2.581326124752556,0.09691852384016936,0.05,0.0032706290391876264,False,0.37671015456383883,3.556470785431898,,,,,,,,,,,,,,
US_PHARMA,GILD,PFE,"Gilead Sciences, Inc.","Pfizer, Inc.",-2.4806580040196433,0.12025164649616393,0.05,0.0032706290391876264,False,21.39552802820328,-63.278691247668405,,,,,,,,,,,,,,
US_PHARMA,BMY,JNJ,Bristol-Myers Squibb Company,Johnson & Johnson,-2.437202462917989,0.13151034856776755,0.05,0.0032706290391876264,False,0.43246353389143094,1.6624182669939418,,,,,,,,,,,,,,
US_PHARMA,BMY,PFE,Bristol-Myers Squibb Company,"Pfizer, Inc.",-2.433520653119234,0.13249805781943108,0.05,0.0032706290391876264,False,3.4227887782690476,-6.971730859683467,,,,,,,,,,,,,,
US_PHARMA,ABBV,PFE,AbbVie Inc.,"Pfizer, Inc.",-2.3149280341786214,0.16719857467023025,0.05,0.0032706290391876264,False,3.627681759717894,-6.24512914865422,,,,,,,,,,,,,,
US_PHARMA,ABBV,GILD,AbbVie Inc.,"Gilead Sciences, Inc.",-2.3144237938296075,0.1673582012834166,0.05,0.0032706290391876264,False,0.4751489610300491,3.0610758227853405,,,,,,,,,,,,,,
US_PHARMA,AMGN,BMY,Amgen Inc.,Bristol-Myers Squibb Company,-2.311575929230437,0.16826168029598587,0.05,0.0032706290391876264,False,0.7881680720631875,2.6387970260057614,,,,,,,,,,,,,,
US_PHARMA,GILD,LLY,"Gilead Sciences, Inc.",Eli Lilly and Company,-2.1466461971575472,0.22617604864426943,0.05,0.0032706290391876264,False,2.344510633347576,-11.218016188917133,,,,,,,,,,,,,,
US_PHARMA,BMY,GILD,Bristol-Myers Squibb Company,"Gilead Sciences, Inc.",-2.0186663004475114,0.27844902332597377,0.05,0.0032706290391876264,False,0.3832757067437667,2.1116771372267773,,,,,,,,,,,,,,
US_PHARMA,AMGN,GILD,Amgen Inc.,"Gilead Sciences, Inc.",-1.9773866255249068,0.2965754354534113,0.05,0.0032706290391876264,False,0.325504201222918,4.194112989664005,,,,,,,,,,,,,,
US_PHARMA,GILD,MRK,"Gilead Sciences, Inc.","Merck & Company, Inc.",-1.6751983783406124,0.44393417884776915,0.05,0.0032706290391876264,False,4.281834702116728,-14.859668139618364,,,,,,,,,,,,,,
US_PHARMA,ABBV,BMY,AbbVie Inc.,Bristol-Myers Squibb Company,-1.5364879580592135,0.5153902990912953,0.05,0.0032706290391876264,False,0.907779932335115,1.7364902532581432,,,,,,,,,,,,,,
US_PHARMA,GILD,JNJ,"Gilead Sciences, Inc.",Johnson & Johnson,-1.1842979306349812,0.6803136118111023,0.05,0.0032706290391876264,False,1.100145750699585,-1.0265447992665857,,,,,,,,,,,,,,
US_RAILROADS,CNI,UNP,Canadian National Railway Compa,Union Pacific Corporation,-3.257819897864934,0.016872476956529766,0.05,,False,1.1391732016826963,-1.5782542933042336,,,,,,,,,,,,,,
US_RAILROADS,CP,UNP,Canadian Pacific Kansas City Li,Union Pacific Corporation,-3.2368660212857288,0.0179474738842001,0.05,,False,0.9221276164425607,-0.6695382952224547,,,,,,,,,,,,,,
US_RAILROADS,CNI,CP,Canadian National Railway Compa,Canadian Pacific Kansas City Li,-3.1968626271645797,0.02016700243166823,0.05,,False,1.1998402326432964,-0.5965056942773899,,,,,,,,,,,,,,
US_RAILROADS,CSX,UNP,CSX Corporation,Union Pacific Corporation,-3.0405053838140805,0.031280973470814676,0.05,,False,2.220217232174984,-8.538302342987024,,,,,,,,,,,,,,
US_RAILROADS,CSX,NSC,CSX Corporation,Norfolk Southern Corporation,-2.989683946353792,0.035869085431565216,0.05,,False,1.1837858352693835,-3.0412757763197567,,,,,,,,,,,,,,
US_RAILROADS,CP,CSX,Canadian Pacific Kansas City Li,CSX Corporation,-2.6537281483329433,0.08239322777083569,0.05,,False,0.34795947396047705,3.1158786411441,,,,,,,,,,,,,,
US_RAILROADS,CNI,CSX,Canadian National Railway Compa,CSX Corporation,-2.181548944310293,0.21301014571162308,0.05,,False,0.371889323545896,3.303962132035763,,,,,,,,,,,,,,
US_RAILROADS,CP,NSC,Canadian Pacific Kansas City Li,Norfolk Southern Corporation,-2.1061476419413085,0.24204980016275918,0.05,,False,0.2678458712699738,2.8598011858416337,,,,,,,,,,,,,,
US_RAILROADS,NSC,UNP,Norfolk Southern Corporation,Union Pacific Corporation,-1.6577556218509186,0.4529988436685939,0.05,,False,2.2472862372247486,-6.6677512362049045,,,,,,,,,,,,,,
US_RAILROADS,CNI,NSC,Canadian National Railway Compa,Norfolk Southern Corporation,-1.4152967029546915,0.5749211153116494,0.05,,False,0.15171911816678968,3.779447495796824,,,,,,,,,,,,,,
US_REIT,AMT,SPG,American Tower Corporation (REI,"Simon Property Group, Inc.",-4.303218633786805,0.00043854580841349563,0.05,0.00043854580841349563,True,-0.6087445097401629,8.350813419996468,11.166446865550908,0.00043142907326574215,-0.06207410368810708,33.0,-1.1062693096587823,2.843747940042862,False,,0.8,0.007835433354231645,0.31432349885830235,0.3277710955202269,True,reversion signs agree
US_REIT,AMT,WELL,American Tower Corporation (REI,Welltower Inc.,-3.416152545340335,0.010420403402205685,0.05,0.00043854580841349563,False,-0.24617209332965095,6.481069976073834,,,,,,,,,,,,,,
US_REIT,AMT,DLR,American Tower Corporation (REI,"Digital Realty Trust, Inc.",-3.340105650214156,0.013178203786032653,0.05,0.00043854580841349563,False,-0.7814562909394698,9.215406484422491,,,,,,,,,,,,,,
US_REIT,AMT,PLD,American Tower Corporation (REI,"Prologis, Inc.",-3.336567977112841,0.013320944216073962,0.05,0.00043854580841349563,False,-0.5370207030975824,7.787583228303955,,,,,,,,,,,,,,
US_REIT,AMT,O,American Tower Corporation (REI,Realty Income Corporation,-3.154394103031233,0.022781005698562774,0.05,0.00043854580841349563,False,-1.4741637404457506,11.141607231429195,,,,,,,,,,,,,,
US_REIT,O,PLD,Realty Income Corporation,"Prologis, Inc.",-3.035373456893173,0.031720429576445316,0.05,0.00043854580841349563,False,0.5910843330632142,1.1975261213186799,,,,,,,,,,,,,,
US_REIT,AMT,EQIX,American Tower Corporation (REI,"Equinix, Inc.",-2.9371989105793266,0.041190130607641026,0.05,0.00043854580841349563,False,-0.4251425203715964,8.10364792047449,,,,,,,,,,,,,,
US_REIT,EQIX,PSA,"Equinix, Inc.",Public Storage,-2.6712535283348497,0.0791461220652499,0.05,0.00043854580841349563,False,2.625979721193639,-8.10401372395761,,,,,,,,,,,,,,
US_REIT,DLR,SPG,"Digital Realty Trust, Inc.","Simon Property Group, Inc.",-2.6345598973042104,0.08606270847851927,0.05,0.00043854580841349563,False,0.7135722501222723,1.4411236596650112,,,,,,,,,,,,,,
US_REIT,DLR,O,"Digital Realty Trust, Inc.",Realty Income Corporation,-2.4857179271171517,0.11898809182259046,0.05,0.00043854580841349563,False,1.5052387106022318,-0.9377467632446592,,,,,,,,,,,,,,
US_REIT,PSA,WELL,Public Storage,Welltower Inc.,-2.450278522665729,0.12804536090141438,0.05,0.00043854580841349563,False,-0.045166516118664395,5.883374369410954,,,,,,,,,,,,,,
US_REIT,PLD,SPG,"Prologis, Inc.","Simon Property Group, Inc.",-2.443075537950363,0.12994579076170587,0.05,0.00043854580841349563,False,0.9828614784274634,-0.27766910931355326,,,,,,,,,,,,,,
US_REIT,DLR,WELL,"Digital Realty Trust, Inc.",Welltower Inc.,-2.3961184616472115,0.1428349425976963,0.05,0.00043854580841349563,False,0.2850713686915636,3.650509093833482,,,,,,,,,,,,,,
US_REIT,O,SPG,Realty Income Corporation,"Simon Property Group, Inc.",-2.3447471038421117,0.15794183547952273,0.05,0.00043854580841349563,False,0.558004680381765,1.1508348384631115,,,,,,,,,,,,,,
US_REIT,PSA,SPG,Public Storage,"Simon Property Group, Inc.",-2.3016583346492916,0.1714336834133573,0.05,0.00043854580841349563,False,0.12776616463877963,5.001101761267705,,,,,,,,,,,,,,
US_REIT,DLR,PSA,"Digital Realty Trust, Inc.",Public Storage,-2.255532063008026,0.1867108894459148,0.05,0.00043854580841349563,False,3.0840951425572816,-12.347679884077122,,,,,,,,,,,,,,
US_REIT,PLD,PSA,"Prologis, Inc.",Public Storage,-2.2544286668203832,0.187086904687434,0.05,0.00043854580841349563,False,4.521937597061882,-20.819337535118166,,,,,,,,,,,,,,
US_REIT,O,WELL,Realty Income Corporation,Welltower Inc.,-2.246879717857648,0.18967265881912349,0.05,0.00043854580841349563,False,0.28198840366829925,2.579757409481579,,,,,,,,,,,,,,
US_REIT,DLR,PLD,"Digital Realty Trust, Inc.","Prologis, Inc.",-2.2351576763459873,0.19373352257189902,0.05,0.00043854580841349563,False,0.6107859192398042,2.19025610086052,,,,,,,,,,,,,,
US_REIT,SPG,WELL,"Simon Property Group, Inc.",Welltower Inc.,-2.1766204577274024,0.21484002988200623,0.05,0.00043854580841349563,False,0.5058423797998405,2.5582876200263702,,,,,,,,,,,,,,
US_REIT,EQIX,O,"Equinix, Inc.",Realty Income Corporation,-2.0718836127376,0.25596956745778454,0.05,0.00043854580841349563,False,2.318486258273806,-2.5427188106748337,,,,,,,,,,,,,,
US_REIT,DLR,EQIX,"Digital Realty Trust, Inc.","Equinix, Inc.",-1.9946220035862157,0.2889361304122066,0.05,0.00043854580841349563,False,0.7466908478832144,0.05565924777142506,,,,,,,,,,,,,,
US_REIT,EQIX,SPG,"Equinix, Inc.","Simon Property Group, Inc.",-1.993133959191894,0.28959170988059924,0.05,0.00043854580841349563,False,0.9688772721451255,1.7877674485445088,,,,,,,,,,,,,,
US_REIT,PLD,WELL,"Prologis, Inc.",Welltower Inc.,-1.9638989120718966,0.30262295051830757,0.05,0.00043854580841349563,False,0.42603331353257234,2.5966376061107788,,,,,,,,,,,,,,
US_REIT,EQIX,PLD,"Equinix, Inc.","Prologis, Inc.",-1.8764722973858217,0.34320892876794784,0.05,0.00043854580841349563,False,0.9887198847162754,2.0474779898000346,,,,,,,,,,,,,,
US_REIT,O,PSA,Realty Income Corporation,Public Storage,-1.741353522954607,0.40994162319416405,0.05,0.00043854580841349563,False,1.5035715161889982,-4.496328922431888,,,,,,,,,,,,,,
US_REIT,EQIX,WELL,"Equinix, Inc.",Welltower Inc.,-1.537851267611208,0.5147107409752997,0.05,0.00043854580841349563,False,0.28533865880216536,5.302227716243691,,,,,,,,,,,,,,
US_REIT,AMT,PSA,American Tower Corporation (REI,Public Storage,-1.4798115890034458,0.5434735732569063,0.05,0.00043854580841349563,False,1.9921045808396254,-6.029352321386417,,,,,,,,,,,,,,
US_RETAIL,BBY,KR,"Best Buy Co., Inc.",Kroger Company (The),-3.78607475184892,0.0030530453644142677,0.05,,False,-1.2930655624518013,9.598930710825332,,,,,,,,,,,,,,
US_RETAIL,BBY,COST,"Best Buy Co., Inc.",Costco Wholesale Corporation,-3.4587141092193026,0.009112912438215515,0.05,,False,-3.571036066094224,28.714145649460953,,,,,,,,,,,,,,
US_RETAIL,COST,KR,Costco Wholesale Corporation,Kroger Company (The),-3.3317519999431218,0.013517460947223756,0.05,,False,0.47681638151482064,4.879213029192072,,,,,,,,,,,,,,
US_RETAIL,DG,WMT,Dollar General Corporation,Walmart Inc.,-3.2673956667385093,0.016400299195482682,0.05,,False,1.5616080683930813,-2.558636946484776,,,,,,,,,,,,,,
US_RETAIL,TJX,WMT,"TJX Companies, Inc. (The)",Walmart Inc.,-3.08532029873217,0.027658798534603707,0.05,,False,0.7218530853081393,1.571734358579591,,,,,,,,,,,,,,
US_RETAIL,DLTR,WMT,"Dollar Tree, Inc.",Walmart Inc.,-3.0346318724532906,0.03178436449846904,0.05,,False,1.4640043999507981,-2.1830228827345275,,,,,,,,,,,,,,
US_RETAIL,DG,KR,Dollar General Corporation,Kroger Company (The),-2.9751603772084927,0.03728012691181157,0.05,,False,5.6133581405594875,-18.572431086192076,,,,,,,,,,,,,,
US_RETAIL,DLTR,TJX,"Dollar Tree, Inc.","TJX Companies, Inc. (The)",-2.93608586655744,0.04130975579203328,0.05,,False,2.0557954300182533,-5.505811599491115,,,,,,,,,,,,,,
US_RETAIL,DG,TJX,Dollar General Corporation,"TJX Companies, Inc. (The)",-2.9328656811277987,0.041657481651059036,0.05,,False,2.196353651442454,-6.1200430618235275,,,,,,,,,,,,,,
US_RETAIL,DG,DLTR,Dollar General Corporation,"Dollar Tree, Inc.",-2.8951420567502453,0.04591583358119851,0.05,,False,1.018307250901298,-0.010931165482064742,,,,,,,,,,,,,,
US_RETAIL,BBY,WMT,"Best Buy Co., Inc.",Walmart Inc.,-2.869365984505033,0.049028048648160925,0.05,,False,-0.5590444809699093,6.824212615507541,,,,,,,,,,,,,,
US_RETAIL,DLTR,KR,"Dollar Tree, Inc.",Kroger Company (The),-2.855391246496066,0.050786741932334394,0.05,,False,4.851071287630424,-15.497213795798764,,,,,,,,,,,,,,
US_RETAIL,BBY,DG,"Best Buy Co., Inc.",Dollar General Corporation,-2.8248378951062465,0.05481250522814834,0.05,,False,-0.374323676822469,5.98341569992576,,,,,,,,,,,,,,
US_RETAIL,BBY,DLTR,"Best Buy Co., Inc.","Dollar Tree, Inc.",-2.822305978410831,0.055157482481589484,0.05,,False,-0.3356763376565355,5.781331095109561,,,,,,,,,,,,,,
US_RETAIL,COST,TGT,Costco Wholesale Corporation,Target Corporation,-2.7422579081620007,0.06700688331798785,0.05,,False,-0.07666133205152302,7.208569894517124,,,,,,,,,,,,,,
US_RETAIL,COST,DG,Costco Wholesale Corporation,Dollar General Corporation,-2.6460336257518025,0.08385130061886892,0.05,,False,0.005927493868859496,6.820551338009544,,,,,,,,,,,,,,
US_RETAIL,COST,DLTR,Costco Wholesale Corporation,"Dollar Tree, Inc.",-2.6434130742940165,0.08435244035582923,0.05,,False,0.015531832975267766,6.777457818587349,,,,,,,,,,,,,,
US_RETAIL,COST,WMT,Costco Wholesale Corporation,Walmart Inc.,-2.592688268692606,0.0945178897676176,0.05,,False,0.23388054956504328,5.77519272713729,,,,,,,,,,,,,,
US_RETAIL,COST,ROST,Costco Wholesale Corporation,"Ross Stores, Inc.",-2.55931589085542,0.10170070709580548,0.05,,False,0.10078161705304114,6.33669706338347,,,,,,,,,,,,,,
US_RETAIL,COST,TJX,Costco Wholesale Corporation,"TJX Companies, Inc. (The)",-2.4589343956592917,0.12578834059709937,0.05,,False,0.22883072211898875,5.730602623749924,,,,,,,,,,,,,,
US_RETAIL,KR,TGT,Kroger Company (The),Target Corporation,-2.440157723063362,0.13072139403575306,0.05,,False,-0.4585424552526736,6.2863702896654114,,,,,,,,,,,,,,
US_RETAIL,KR,ROST,Kroger Company (The),"Ross Stores, Inc.",-2.4113884582120417,0.13854786618500925,0.05,,False,0.16527018409967564,3.290473596368897,,,,,,,,,,,,,,
US_RETAIL,KR,WMT,Kroger Company (The),Walmart Inc.,-2.3200480097821536,0.16558358629468928,0.05,,False,0.47309189099605437,1.9589465360159806,,,,,,,,,,,,,,
US_RETAIL,BBY,TGT,"Best Buy Co., Inc.",Target Corporation,-2.2725228522687355,0.18098306880326992,0.05,,False,0.5204020765599212,1.8115027121182528,,,,,,,,,,,,,,
US_RETAIL,ROST,WMT,"Ross Stores, Inc.",Walmart Inc.,-2.2270162582321813,0.1965866152858664,0.05,,False,1.0736115048307011,0.14786657429378636,,,,,,,,,,,,,,
US_RETAIL,KR,TJX,Kroger Company (The),"TJX Companies, Inc. (The)",-2.151496808893589,0.22431758904197568,0.05,,False,0.654175728001159,0.9347604684727684,,,,,,,,,,,,,,
US_RETAIL,BBY,TJX,"Best Buy Co., Inc.","TJX Companies, Inc. (The)",-2.0227012748454403,0.27670893148866277,0.05,,False,-0.9070286071752245,8.68871484851378,,,,,,,,,,,,,,
US_RETAIL,BBY,ROST,"Best Buy Co., Inc.","Ross Stores, Inc.",-1.9934582632801598,0.28944876858681523,0.05,,False,-0.3329390364909625,5.948858661567845,,,,,,,,,,,,,,
US_RETAIL,DG,TGT,Dollar General Corporation,Target Corporation,-1.885626220794052,0.3388529078017656,0.05,,False,-2.5018120018483274,16.375707965116302,,,,,,,,,,,,,,
US_RETAIL,DG,ROST,Dollar General Corporation,"Ross Stores, Inc.",-1.8395726865275264,0.36099936829005846,0.05,,False,1.3714366107539866,-2.3522468469713544,,,,,,,,,,,,,,
US_RETAIL,DLTR,ROST,"Dollar Tree, Inc.","Ross Stores, Inc.",-1.7742697776458058,0.3933087657266578,0.05,,False,1.3365978833527985,-2.2475780836394668,,,,,,,,,,,,,,
US_RETAIL,ROST,TJX,"Ross Stores, Inc.","TJX Companies, Inc. (The)",-1.715540803154835,0.42312369840604297,0.05,,False,1.5093403247040937,-2.2973855458701182,,,,,,,,,,,,,,
US_RETAIL,ROST,TGT,"Ross Stores, Inc.",Target Corporation,-1.648929482805218,0.4575987909284575,0.05,,False,1.3188810287098365,-1.1342693896130323,,,,,,,,,,,,,,
US_RETAIL,DLTR,TGT,"Dollar Tree, Inc.",Target Corporation,-1.6277184277576706,0.46868520344456777,0.05,,False,-2.0009257950066335,13.946747901362176,,,,,,,,,,,,,,
US_RETAIL,TGT,WMT,Target Corporation,Walmart Inc.,-1.3536611168139132,0.6042791132244056,0.05,,False,-0.9948130055174991,9.268034856502597,,,,,,,,,,,,,,
US_RETAIL,TGT,TJX,Target Corporation,"TJX Companies, Inc. (The)",-1.1864879819565466,0.6793810657686437,0.05,,False,-2.656815097201675,17.677070612355774,,,,,,,,,,,,,,
US_SEMICONDUCTORS,NVDA,QCOM,NVIDIA Corporation,QUALCOMM Incorporated,-3.671039847987052,0.004539444487861129,0.05,,False,3.9222423318791346,-14.834764113751962,,,,,,,,,,,,,,
US_SEMICONDUCTORS,AVGO,NVDA,Broadcom Inc.,NVIDIA Corporation,-3.5966003460195175,0.005826355441566359,0.05,,False,1.5978853279602523,-2.5039773582914124,,,,,,,,,,,,,,
US_SEMICONDUCTORS,ADI,MU,"Analog Devices, Inc.","Micron Technology, Inc.",-3.566293543537925,0.006439099286158841,0.05,,False,0.2924154813143121,4.012043939274934,,,,,,,,,,,,,,
US_SEMICONDUCTORS,MRVL,QCOM,"Marvell Technology, Inc.",QUALCOMM Incorporated,-3.512509914128968,0.007671565701343013,0.05,,False,4.889996916530211,-20.280604051616486,,,,,,,,,,,,,,
US_SEMICONDUCTORS,INTC,MU,Intel Corporation,"Micron Technology, Inc.",-3.410313903478667,0.01061225625161228,0.05,,False,0.703833528665913,-0.16432082892700928,,,,,,,,,,,,,,
US_SEMICONDUCTORS,ADI,INTC,"Analog Devices, Inc.",Intel Corporation,-3.297537119300665,0.014988924911530987,0.05,,False,0.40475532246734125,4.117444003783596,,,,,,,,,,,,,,
US_SEMICONDUCTORS,AMD,QCOM,"Advanced Micro Devices, Inc.",QUALCOMM Incorporated,-3.111393857301326,0.025721402175782407,0.05,,False,5.712464687231197,-23.776435498136486,,,,,,,,,,,,,,
US_SEMICONDUCTORS,QCOM,TXN,QUALCOMM Incorporated,Texas Instruments Incorporated,-3.066125128498074,0.029163781158179303,0.05,,False,0.5633583623067161,2.0994480581939934,,,,,,,,,,,,,,
US_SEMICONDUCTORS,AVGO,QCOM,Broadcom Inc.,QUALCOMM Incorporated,-3.0116329321744613,0.033822219728459786,0.05,,False,9.415880170437985,-42.16094705822793,,,,,,,,,,,,,,
US_SEMICONDUCTORS,ON,QCOM,ON Semiconductor Corporation,QUALCOMM Incorporated,-3.0027632156284745,0.034637155247097526,0.05,,False,3.320470749168614,-12.714025656494591,,,,,,,,,,,,,,
US_SEMICONDUCTORS,INTC,QCOM,Intel Corporation,QUALCOMM Incorporated,-2.994954803433595,0.035368251948878,0.05,,False,8.369354138719109,-38.9360904523778,,,,,,,,,,,,,,
US_SEMICONDUCTORS,ADI,QCOM,"Analog Devices, Inc.",QUALCOMM Incorporated,-2.97518611165166,0.03727758597863357,0.05,,False,3.719418944936918,-13.323649817492328,,,,,,,,,,,,,,
US_SEMICONDUCTORS,MU,QCOM,"Micron Technology, Inc.",QUALCOMM Incorporated,-2.969138982329303,0.03787867562544751,0.05,,False,14.79665171159717,-69.80791762590617,,,,,,,,,,,,,,
US_SEMICONDUCTORS,MPWR,QCOM,"Monolithic Power Systems, Inc.",QUALCOMM Incorporated,-2.938985312695918,0.040998740470186826,0.05,,False,4.787206456162909,-17.497981549273213,,,,,,,,,,,,,,
US_SEMICONDUCTORS,INTC,MPWR,Intel Corporation,"Monolithic Power Systems, Inc.",-2.591344647609021,0.09479938061314741,0.05,,False,1.9337922364374545,-9.598345252186467,,,,,,,,,,,,,,
US_SEMICONDUCTORS,AMD,INTC,"Advanced Micro Devices, Inc.",Intel Corporation,-2.556457524299533,0.10233462246124075,0.05,,False,0.7971299361801154,2.4018013803483074,,,,,,,,,,,,,,
US_SEMICONDUCTORS,NVDA,SWKS,NVIDIA Corporation,"Skyworks Solutions, Inc.",-2.5310711571364557,0.10809622267162544,0.05,,False,-1.633269531998713,12.013236913771541,,,,,,,,,,,,,,
US_SEMICONDUCTORS,AVGO,SWKS,Broadcom Inc.,"Skyworks Solutions, Inc.",-2.472807119007231,0.12223160235209124,0.05,,False,-2.9024713768651793,17.941851183529064,,,,,,,,,,,,,,
US_SEMICONDUCTORS,MRVL,TXN,"Marvell Technology, Inc.",Texas Instruments Incorporated,-2.433847506291569,0.13241015861985533,0.05,,False,2.607768854798483,-9.239795122061999,,,,,,,,,,,,,,
US_SEMICONDUCTORS,INTC,SWKS,Intel Corporation,"Skyworks Solutions, Inc.",-2.368269856974333,0.15089296655289874,0.05,,False,-9.14970816297468,42.54539408634818,,,,,,,,,,,,,,
US_SEMICONDUCTORS,ADI,SWKS,"Analog Devices, Inc.","Skyworks Solutions, Inc.",-2.359332498817583,0.15354490793792075,0.05,,False,-2.02527687109823,14.170927172293947,,,,,,,,,,,,,,
US_SEMICONDUCTORS,MU,SWKS,"Micron Technology, Inc.","Skyworks Solutions, Inc.",-2.3232430273664697,0.16458116673587492,0.05,,False,-10.558868854404073,50.25661474321948,,,,,,,,,,,,,,
US_SEMICONDUCTORS,ADI,AMD,"Analog Devices, Inc.","Advanced Micro Devices, Inc.",-2.322196881814684,0.1649089340161281,0.05,,False,0.49002755802080433,2.98953601478501,,,,,,,,,,,,,,
US_SEMICONDUCTORS,MRVL,ON,"Marvell Technology, Inc.",ON Semiconductor Corporation,-2.2840805108827182,0.1771537376393451,0.05,,False,1.4975585869024937,-1.6591222386481066,,,,,,,,,,,,,,
US_SEMICONDUCTORS,AMD,TXN,"Advanced Micro Devices, Inc.",Texas Instruments Incorporated,-2.2762851135551214,0.17973059141019282,0.05,,False,3.168388310137996,-11.521242604682065,,,,,,,,,,,,,,
US_SEMICONDUCTORS,INTC,MRVL,Intel Corporation,"Marvell Technology, Inc.",-2.2538381530311233,0.18728834249163911,0.05,,False,1.5814597907080354,-3.6406505838671808,,,,,,,,,,,,,,
US_SEMICONDUCTORS,ADI,MPWR,"Analog Devices, Inc.","Monolithic Power Systems, Inc.",-2.24333317253055,0.1908954258076066,0.05,,False,0.7464377218522773,0.47757318130290205,,,,,,,,,,,,,,
US_SEMICONDUCTORS,ADI,NVDA,"Analog Devices, Inc.",NVIDIA Corporation,-2.2201152005642912,0.19902596534105954,0.05,,False,1.067078267066965,0.1455581399285064,,,,,,,,,,,,,,
US_SEMICONDUCTORS,MPWR,SWKS,"Monolithic Power Systems, Inc.","Skyworks Solutions, Inc.",-2.1852020507943615,0.21166002903583758,0.05,,False,-7.652953277957681,39.44166937030577,,,,,,,,,,,,,,
US_SEMICONDUCTORS,AMD,SWKS,"Advanced Micro Devices, Inc.","Skyworks Solutions, Inc.",-2.1728550469707004,0.21624457923445572,0.05,,False,-15.218529058207748,70.16263435134088,,,,,,,,,,,,,,
US_SEMICONDUCTORS,AMD,MU,"Advanced Micro Devices, Inc.","Micron Technology, Inc.",-2.1350793577999734,0.23064489455243248,0.05,,False,0.5549562559625155,2.3022508015756893,,,,,,,,,,,,,,
US_SEMICONDUCTORS,AVGO,INTC,Broadcom Inc.,Intel Corporation,-2.1321410154145752,0.23178842791703125,0.05,,False,0.5342843049963732,3.6927499716040897,,,,,,,,,,,,,,
US_SEMICONDUCTORS,MPWR,NVDA,"Monolithic Power Systems, Inc.",NVIDIA Corporation,-2.109667290738816,0.2406451456824149,0.05,,False,1.5087229292697262,-0.8435996212604824,,,,,,,,,,,,,,
US_SEMICONDUCTORS,INTC,NVDA,Intel Corporation,NVIDIA Corporation,-2.095064952215866,0.24650363394072872,0.05,,False,3.083365165012018,-12.064998122739977,,,,,,,,,,,,,,
US_SEMICONDUCTORS,ON,TXN,ON Semiconductor Corporation,Texas Instruments Incorporated,-2.0780636454151007,0.25342630337541605,0.05,,False,1.7484380220925422,-5.099370014216194,,,,,,,,,,,,,,
US_SEMICONDUCTORS,MRVL,SWKS,"Marvell Technology, Inc.","Skyworks Solutions, Inc.",-2.0561677424170477,0.26250088932519205,0.05,,False,-36.16971474392438,158.9708103962486,,,,,,,,,,,,,,
US_SEMICONDUCTORS,AMD,MPWR,"Advanced Micro Devices, Inc.","Monolithic Power Systems, Inc.",-2.050361473654179,0.26493687058243426,0.05,,False,1.5080272539837625,-5.0232614345164714,,,,,,,,,,,,,,
US_SEMICONDUCTORS,MU,NVDA,"Micron Technology, Inc.",NVIDIA Corporation,-2.0449640531504,0.26721234143622263,0.05,,False,4.117982078921636,-15.584270308322793,,,,,,,,,,,,,,
US_SEMICONDUCTORS,AMD,NVDA,"Advanced Micro Devices, Inc.",NVIDIA Corporation,-2.0203335765993296,0.2777293099963057,0.05,,False,2.276631502522759,-6.302667945697775,,,,,,,,,,,,,,
US_SEMICONDUCTORS,MPWR,MU,"Monolithic Power Systems, Inc.","Micron Technology, Inc.",-2.0159258525315398,0.279634119143779,0.05,,False,0.36402838967080475,4.878184891294258,,,,,,,,,,,,,,
US_SEMICONDUCTORS,MU,ON,"Micron Technology, Inc.",ON Semiconductor Corporation,-2.006382266004171,0.2837817285724583,0.05,,False,3.995710552934325,-11.259417527014978,,,,,,,,,,,,,,
US_SEMICONDUCTORS,MU,TXN,"Micron Technology, Inc.",Texas Instruments Incorporated,-1.9932328174442455,0.2895481330021164,0.05,,False,5.928438708500797,-26.06357360521279,,,,,,,,,,,,,,
US_SEMICONDUCTORS,INTC,ON,Intel Corporation,ON Semiconductor Corporation,-1.9784133904045094,0.2961175359992775,0.05,,False,2.5010225570391516,-6.809799725827645,,,,,,,,,,,,,,
US_SEMICONDUCTORS,INTC,TXN,Intel Corporation,Texas Instruments Incorporated,-1.970475567469707,0.2996666472265963,0.05,,False,3.9338822583472317,-17.25124478930064,,,,,,,,,,,,,,
US_SEMICONDUCTORS,AMD,ON,"Advanced Micro Devices, Inc.",ON Semiconductor Corporation,-1.959870372322407,0.30444084032936525,0.05,,False,1.8267690673263153,-2.3407271471383835,,,,,,,,,,,,,,
US_SEMICONDUCTORS,QCOM,SWKS,QUALCOMM Incorporated,"Skyworks Solutions, Inc.",-1.8602937903308625,0.350964377469871,0.05,,False,0.4396698746443076,3.1888616602080484,,,,,,,,,,,,,,
US_SEMICONDUCTORS,AMD,MRVL,"Advanced Micro Devices, Inc.","Marvell Technology, Inc.",-1.8584722731072136,0.3518419935084823,0.05,,False,1.216266839618053,-0.30085403443677805,,,,,,,,,,,,,,
US_SEMICONDUCTORS,NVDA,ON,NVIDIA Corporation,ON Semiconductor Corporation,-1.8553674446992818,0.35333995171454247,0.05,,False,0.5602769326383119,2.735284737556633,,,,,,,,,,,,,,
US_SEMICONDUCTORS,AVGO,MPWR,Broadcom Inc.,"Monolithic Power Systems, Inc.",-1.8270964348274958,0.36709444541561426,0.05,,False,1.1841235461041988,-2.4553224920426624,,,,,,,,,,,,,,
US_SEMICONDUCTORS,MPWR,ON,"Monolithic Power Systems, Inc.",ON Semiconductor Corporation,-1.746954391109029,0.4070968245739543,0.05,,False,1.110041659790654,2.195225112864078,,,,,,,,,,,,,,
US_SEMICONDUCTORS,AVGO,MU,Broadcom Inc.,"Micron Technology, Inc.",-1.722943847862507,0.4193315662297032,0.05,,False,0.3808430379286173,3.5802036280149867,,,,,,,,,,,,,,
US_SEMICONDUCTORS,ADI,TXN,"Analog Devices, Inc.",Texas Instruments Incorporated,-1.6423202233271788,0.46104866742156464,0.05,,False,1.4303892647714336,-2.012525309205375,,,,,,,,,,,,,,
US_SEMICONDUCTORS,ADI,AVGO,"Analog Devices, Inc.",Broadcom Inc.,-1.6161666867619418,0.47473952055357604,0.05,,False,0.6070021830447317,2.154940336862871,,,,,,,,,,,,,,
US_SEMICONDUCTORS,AMD,AVGO,"Advanced Micro Devices, Inc.",Broadcom Inc.,-1.6003921215732198,0.4833964903877679,0.05,,False,1.4126111608600003,-2.667582853666797,,,,,,,,,,,,,,
US_SEMICONDUCTORS,MRVL,MU,"Marvell Technology, Inc.","Micron Technology, Inc.",-1.5985924400458558,0.48430050079312814,0.05,,False,0.40703057824770167,2.394419946321357,,,,,,,,,,,,,,
US_SEMICONDUCTORS,AVGO,ON,Broadcom Inc.,ON Semiconductor Corporation,-1.5934548322960054,0.48688053104939094,0.05,,False,2.123462651348396,-3.180691289322392,,,,,,,,,,,,,,
US_SEMICONDUCTORS,ADI,MRVL,"Analog Devices, Inc.","Marvell Technology, Inc.",-1.589461559569241,0.4888851457968615,0.05,,False,0.5215468742336223,3.1768095083294097,,,,,,,,,,,,,,
US_SEMICONDUCTORS,NVDA,TXN,NVIDIA Corporation,Texas Instruments Incorporated,-1.5865770670179073,0.49033271561071295,0.05,,False,1.5739910233590355,-3.2523521429054734,,,,,,,,,,,,,,
US_SEMICONDUCTORS,ADI,ON,"Analog Devices, Inc.",ON Semiconductor Corporation,-1.5327046411025218,0.5172752804918286,0.05,,False,0.7614648017726005,2.3919738012036458,,,,,,,,,,,,,,
US_SEMICONDUCTORS,MRVL,NVDA,"Marvell Technology, Inc.",NVIDIA Corporation,-1.4977186867274148,0.5346395685861345,0.05,,False,2.379080036216698,-7.490087880556763,,,,,,,,,,,,,,
US_SEMICONDUCTORS,MPWR,MRVL,"Monolithic Power Systems, Inc.","Marvell Technology, Inc.",-1.3540584040112962,0.6040923652962492,0.05,,False,0.6986239512704313,3.616564569563673,,,,,,,,,,,,,,
US_SEMICONDUCTORS,MPWR,TXN,"Monolithic Power Systems, Inc.",Texas Instruments Incorporated,-1.3305825930357913,0.6150672234028439,0.05,,False,2.108014363288264,-4.345792000072037,,,,,,,,,,,,,,
US_SEMICONDUCTORS,ON,SWKS,ON Semiconductor Corporation,"Skyworks Solutions, Inc.",-1.2903860428620066,0.6335591525500979,0.05,,False,2.982353049786737,-8.62763370173733,,,,,,,,,,,,,,
US_SEMICONDUCTORS,AVGO,TXN,Broadcom Inc.,Texas Instruments Incorporated,-1.0943237409189206,0.7173302150467368,0.05,,False,3.684489075808175,-13.860201921599042,,,,,,,,,,,,,,
US_SEMICONDUCTORS,AVGO,MRVL,Broadcom Inc.,"Marvell Technology, Inc.",-1.0677443318363555,0.7277622390464392,0.05,,False,0.8227440044659697,1.8474238678998485,,,,,,,,,,,,,,
US_SEMICONDUCTORS,SWKS,TXN,"Skyworks Solutions, Inc.",Texas Instruments Incorporated,0.017433957170127114,0.9599503330991491,0.05,,False,3.2075926058823825,-12.623372844944829,,,,,,,,,,,,,,
US_STAPLES,CLX,PG,Clorox Company (The),Procter & Gamble Company (The),-4.502396637703005,0.00019468840717368603,0.05,0.0025358362006233006,True,3.4466255922342626,-12.549613878324767,8.92241871506277,2.106168759304425e-05,-0.0776860179616743,27.0,-1.7833325129184445,2.2597621791296776,False,,0.0,-0.06939069190031058,-0.5885514032605081,-0.5570695412508826,False,still diverging
US_STAPLES,GIS,PG,"General Mills, Inc.",Procter & Gamble Company (The),-3.8789443085036868,0.002195387495030953,0.05,0.0025358362006233006,True,4.5142657724456505,-18.83390495457073,11.850421320707152,-0.00021105330113810854,-0.05849135332840495,36.0,-2.1221565297312366,2.598560217807492,False,,0.2,-0.07337152484884803,-0.3052257472896356,-0.4993348984795243,False,still diverging
US_STAPLES,KHC,PG,The Kraft Heinz Company,Procter & Gamble Company (The),-3.8386379459031654,0.0025358362006233006,0.05,0.0025358362006233006,True,2.447804301738083,-9.081416801025567,11.985586525007996,6.378202166745282e-05,-0.05783172806050749,36.0,-2.352379563118053,2.8076458563252276,True,2026-10-06 00:00:00,0.4,-0.02635057810052694,-0.11278088484593551,-0.4976937028575481,False,mixed signal
US_STAPLES,KMB,PG,Kimberly-Clark Corporation,Procter & Gamble Company (The),-3.596197837138536,0.005834134366006298,0.05,0.0025358362006233006,False,2.5540919617463733,-8.107419397076168,,,,,,,,,,,,,,
US_STAPLES,KO,PG,Coca-Cola Company (The),Procter & Gamble Company (The),-3.580538590846643,0.006144175220624979,0.05,0.0025358362006233006,False,-2.459767694187058,16.601267477179395,,,,,,,,,,,,,,
US_STAPLES,CLX,KO,Clorox Company (The),Coca-Cola Company (The),-3.1330497249675138,0.024202088732721786,0.05,0.0025358362006233006,False,-2.372087506156602,14.811152088533031,,,,,,,,,,,,,,
US_STAPLES,HSY,KMB,The Hershey Company,Kimberly-Clark Corporation,-3.0638361145756887,0.029347832189891183,0.05,0.0025358362006233006,False,-0.673009487699181,8.363384327474213,,,,,,,,,,,,,,
US_STAPLES,HSY,PG,The Hershey Company,Procter & Gamble Company (The),-3.042377019943168,0.031121995309162716,0.05,0.0025358362006233006,False,-4.24747809990595,26.5451957009541,,,,,,,,,,,,,,
US_STAPLES,CHD,PG,"Church & Dwight Company, Inc.",Procter & Gamble Company (The),-3.0075741534722575,0.034193098343190405,0.05,0.0025358362006233006,False,1.4606089056309068,-2.7847516606257336,,,,,,,,,,,,,,
US_STAPLES,GIS,KO,"General Mills, Inc.",Coca-Cola Company (The),-2.946490877254381,0.04020271316086812,0.05,0.0025358362006233006,False,-2.806039056621392,15.732114851781288,,,,,,,,,,,,,,
US_STAPLES,KHC,KMB,The Kraft Heinz Company,Kimberly-Clark Corporation,-2.705906722578316,0.0730217135114069,0.05,0.0025358362006233006,False,0.921989988825669,-1.1386318886603362,,,,,,,,,,,,,,
US_STAPLES,HSY,KHC,The Hershey Company,The Kraft Heinz Company,-2.6575884590549195,0.08166920641285857,0.05,0.0025358362006233006,False,-0.6474278184891893,7.265047851598869,,,,,,,,,,,,,,
US_STAPLES,CLX,GIS,Clorox Company (The),"General Mills, Inc.",-2.6171468038539314,0.08950490313316717,0.05,0.0025358362006233006,False,0.814077212056121,1.6334951855598598,,,,,,,,,,,,,,
US_STAPLES,CHD,HSY,"Church & Dwight Company, Inc.",The Hershey Company,-2.5834849467018306,0.09645885885397609,0.05,0.0025358362006233006,False,-0.32132305565323,6.22694588427905,,,,,,,,,,,,,,
US_STAPLES,MDLZ,PG,"Mondelez International, Inc.",Procter & Gamble Company (The),-2.569673123353592,0.09942859539887428,0.05,0.0025358362006233006,False,1.638956143588365,-4.151920486027035,,,,,,,,,,,,,,
US_STAPLES,KMB,MDLZ,Kimberly-Clark Corporation,"Mondelez International, Inc.",-2.548621082625469,0.10408785989731356,0.05,0.0025358362006233006,False,2.078809198387331,-3.769189847559752,,,,,,,,,,,,,,
US_STAPLES,CLX,HSY,Clorox Company (The),The Hershey Company,-2.4914764424362854,0.11756199642628717,0.05,0.0025358362006233006,False,-3.0017086025882627,20.311759926039052,,,,,,,,,,,,,,
US_STAPLES,CLX,KHC,Clorox Company (The),The Kraft Heinz Company,-2.4434144538013505,0.12985591721064982,0.05,0.0025358362006233006,False,1.5829910891691348,-0.3289503578767432,,,,,,,,,,,,,,
US_STAPLES,GIS,HSY,"General Mills, Inc.",The Hershey Company,-2.4278539467309685,0.13402865402684394,0.05,0.0025358362006233006,False,-4.202893534765042,25.609389266105275,,,,,,,,,,,,,,
US_STAPLES,KHC,KO,The Kraft Heinz Company,Coca-Cola Company (The),-2.423825269786475,0.1351244988184172,0.05,0.0025358362006233006,False,-1.5483548983993236,9.774789773233113,,,,,,,,,,,,,,
US_STAPLES,CHD,KHC,"Church & Dwight Company, Inc.",The Kraft Heinz Company,-2.343112036723403,0.15844009303308088,0.05,0.0025358362006233006,False,0.48241285740099965,3.0041726550749837,,,,,,,,,,,,,,
US_STAPLES,KO,MDLZ,Coca-Cola Company (The),"Mondelez International, Inc.",-2.339614826714908,0.15950942958675846,0.05,0.0025358362006233006,False,-5.107383655148252,25.14417537228707,,,,,,,,,,,,,,
US_STAPLES,CHD,KO,"Church & Dwight Company, Inc.",Coca-Cola Company (The),-2.3334523400977045,0.16140575096673815,0.05,0.0025358362006233006,False,-0.5141957416291093,6.736987023068022,,,,,,,,,,,,,,
US_STAPLES,HSY,MDLZ,The Hershey Company,"Mondelez International, Inc.",-2.3237033428503087,0.16443708595987266,0.05,0.0025358362006233006,False,-8.49040645123082,39.94950251584163,,,,,,,,,,,,,,
US_STAPLES,KMB,KO,Kimberly-Clark Corporation,Coca-Cola Company (The),-2.294308105141243,0.17381029297714357,0.05,0.0025358362006233006,False,-1.7027608474637175,11.935601331300184,,,,,,,,,,,,,,
US_STAPLES,HSY,PEP,The Hershey Company,"Pepsico, Inc.",-2.2813880311048753,0.17804097884674774,0.05,0.0025358362006233006,False,1.4879009267689358,-2.2217823142732467,,,,,,,,,,,,,,
US_STAPLES,KHC,MDLZ,The Kraft Heinz Company,"Mondelez International, Inc.",-2.2697660495597227,0.18190446852313308,0.05,0.0025358362006233006,False,1.940866664200961,-4.713025532463883,,,,,,,,,,,,,,
US_STAPLES,CHD,CL,"Church & Dwight Company, Inc.",Colgate-Palmolive Company,-2.2513959719723817,0.18812292618502197,0.05,0.0025358362006233006,False,0.970041957943148,0.23310619139376065,,,,,,,,,,,,,,
US_STAPLES,PEP,PG,"Pepsico, Inc.",Procter & Gamble Company (The),-2.2290685248824826,0.19586489410083363,0.05,0.0025358362006233006,False,3.9768255830940604,-15.046995361514387,,,,,,,,,,,,,,
US_STAPLES,CLX,MDLZ,Clorox Company (The),"Mondelez International, Inc.",-2.1847749055227195,0.21181761922266074,0.05,0.0025358362006233006,False,4.407049813440183,-13.25707006980749,,,,,,,,,,,,,,
US_STAPLES,CHD,GIS,"Church & Dwight Company, Inc.","General Mills, Inc.",-2.160101972427695,0.22104335524435093,0.05,0.0025358362006233006,False,0.19005625894305272,3.8276803767008567,,,,,,,,,,,,,,
US_STAPLES,GIS,MDLZ,"General Mills, Inc.","Mondelez International, Inc.",-2.150308793394253,0.2247719111670914,0.05,0.0025358362006233006,False,5.16666371408742,-17.279972429166527,,,,,,,,,,,,,,
US_STAPLES,GIS,KHC,"General Mills, Inc.",The Kraft Heinz Company,-2.1494774157998027,0.2250901768152943,0.05,0.0025358362006233006,False,1.8735919156575014,-2.1809907681973555,,,,,,,,,,,,,,
US_STAPLES,CHD,CLX,"Church & Dwight Company, Inc.",Clorox Company (The),-2.147694569838864,0.22577359467786012,0.05,0.0025358362006233006,False,0.33252623022357924,2.971187203184343,,,,,,,,,,,,,,
US_STAPLES,CL,MDLZ,Colgate-Palmolive Company,"Mondelez International, Inc.",-2.102241657631897,0.24361417562390747,0.05,0.0025358362006233006,False,1.0473977174803948,0.17614677746231244,,,,,,,,,,,,,,
US_STAPLES,CHD,MDLZ,"Church & Dwight Company, Inc.","Mondelez International, Inc.",-2.0937836317406058,0.24702157036463207,0.05,0.0025358362006233006,False,1.0219828616953257,0.37954824183962366,,,,,,,,,,,,,,
US_STAPLES,CHD,KMB,"Church & Dwight Company, Inc.",Kimberly-Clark Corporation,-2.087738629113317,0.24947345724662767,0.05,0.0025358362006233006,False,0.4183791138366707,2.58019473720785,,,,,,,,,,,,,,
US_STAPLES,CLX,KMB,Clorox Company (The),Kimberly-Clark Corporation,-2.0586541696588068,0.261461499400618,0.05,0.0025358362006233006,False,1.4785638093267393,-2.221872947924635,,,,,,,,,,,,,,
US_STAPLES,KMB,PEP,Kimberly-Clark Corporation,"Pepsico, Inc.",-2.056479455274827,0.26237046109139717,0.05,0.0025358362006233006,False,-9.718338856440383,53.01937253411708,,,,,,,,,,,,,,
US_STAPLES,CL,KO,Colgate-Palmolive Company,Coca-Cola Company (The),-2.0316698967133244,0.2728618648862434,0.05,0.0025358362006233006,False,0.14439557709704273,3.857132434432363,,,,,,,,,,,,,,
US_STAPLES,CL,HSY,Colgate-Palmolive Company,The Hershey Company,-1.91388256804701,0.3255587594630277,0.05,0.0025358362006233006,False,0.2084783396960821,3.3891650715096358,,,,,,,,,,,,,,
US_STAPLES,CL,PG,Colgate-Palmolive Company,Procter & Gamble Company (The),-1.9072705732134345,0.32864857191723273,0.05,0.0025358362006233006,False,1.596138449050562,-3.5661221549670366,,,,,,,,,,,,,,
US_STAPLES,CLX,PEP,Clorox Company (The),"Pepsico, Inc.",-1.9003281724455594,0.3319067437950257,0.05,0.0025358362006233006,False,10.988566858662976,-49.78603613438107,,,,,,,,,,,,,,
US_STAPLES,CL,KHC,Colgate-Palmolive Company,The Kraft Heinz Company,-1.9000812455700797,0.3320228912046049,0.05,0.0025358362006233006,False,0.5314325270314255,2.7461733105491044,,,,,,,,,,,,,,
US_STAPLES,GIS,PEP,"General Mills, Inc.","Pepsico, Inc.",-1.880543801777511,0.34126854125565553,0.05,0.0025358362006233006,False,12.657777581245456,-58.98849285593815,,,,,,,,,,,,,,
US_STAPLES,CL,CLX,Colgate-Palmolive Company,Clorox Company (The),-1.7881267542214907,0.3863721593610686,0.05,0.0025358362006233006,False,0.25769458816980034,3.230806368482625,,,,,,,,,,,,,,
US_STAPLES,GIS,KMB,"General Mills, Inc.",Kimberly-Clark Corporation,-1.7818420195604325,0.3895131580770712,0.05,0.0025358362006233006,False,1.8178437852313747,-4.7434631720012685,,,,,,,,,,,,,,
US_STAPLES,CL,GIS,Colgate-Palmolive Company,"General Mills, Inc.",-1.7653529768451417,0.3977935180614157,0.05,0.0025358362006233006,False,0.18772214912384508,3.7374579729070345,,,,,,,,,,,,,,
US_STAPLES,CHD,PEP,"Church & Dwight Company, Inc.","Pepsico, Inc.",-1.74621407957525,0.4074725134129573,0.05,0.0025358362006233006,False,0.8410097677461593,0.3886065373724188,,,,,,,,,,,,,,
US_STAPLES,CL,PEP,Colgate-Palmolive Company,"Pepsico, Inc.",-1.7032148746378675,0.42945684260796857,0.05,0.0025358362006233006,False,0.9522123945359998,-0.263048241193518,,,,,,,,,,,,,,
US_STAPLES,CL,KMB,Colgate-Palmolive Company,Kimberly-Clark Corporation,-1.7024238394014712,0.42986407658476344,0.05,0.0025358362006233006,False,0.3891332160699658,2.619721804227342,,,,,,,,,,,,,,
US_STAPLES,HSY,KO,The Hershey Company,Coca-Cola Company (The),-1.5673075507026206,0.4999920475196131,0.05,0.0025358362006233006,False,1.2595409527710362,-0.14886594957373145,,,,,,,,,,,,,,
US_STAPLES,MDLZ,PEP,"Mondelez International, Inc.","Pepsico, Inc.",-1.5668163785412723,0.5002379801003555,0.05,0.0025358362006233006,False,0.6558166741381541,0.8388951110621656,,,,,,,,,,,,,,
US_STAPLES,KHC,PEP,The Kraft Heinz Company,"Pepsico, Inc.",-1.5494388924166478,0.5089284645201404,0.05,0.0025358362006233006,False,2.7949399339142227,-10.645333651034042,,,,,,,,,,,,,,
US_STAPLES,KO,PEP,Coca-Cola Company (The),"Pepsico, Inc.",-1.4639299883311478,0.5512732692679874,0.05,0.0025358362006233006,False,2.9741057322006927,-10.550951963359934,,,,,,,,,,,,,,
US_UTILITIES,PPL,WEC,PPL Corporation,"WEC Energy Group, Inc.",-4.517018056299761,0.0001831759814886002,0.05,0.009338612196660273,True,0.80125268619198,-0.18820973578221256,8.4437583845153,-6.35607579696847e-05,-0.08208988805637576,25.0,1.4708517508922714,2.549683098440412,False,,1.0,0.0009846540895524225,-0.010312765829835202,-0.4785293773756427,False,mixed signal
US_UTILITIES,AEP,PEG,American Electric Power Company,Public Service Enterprise Group,-4.0169991973020585,0.001324068078048366,0.05,0.009338612196660273,True,17.673243821166253,-72.55769215117014,12.819230831674211,-0.0039000820921400105,-0.054070886909009595,38.0,-0.30470964007509616,2.855533797762621,False,,0.8,0.08093920675548143,-0.0822399745904239,-0.04318891539400915,True,reversion signs agree
US_UTILITIES,ES,FE,Eversource Energy (D/B/A),FirstEnergy Corp.,-3.9243544125582646,0.0018627462168283929,0.05,0.009338612196660273,True,0.9878192089436966,0.44026796910895527,13.571265555649699,0.00012331480903308393,-0.051074616270506114,41.0,-1.514869079017927,3.0506096878014906,False,,0.6,0.00011050242530274198,0.16494587209153644,0.6724820647880518,False,mixed signal
US_UTILITIES,FE,PEG,FirstEnergy Corp.,Public Service Enterprise Group,-3.9232890227253563,0.0018699833391859716,0.05,0.009338612196660273,True,7.632500513256965,-29.621298397395048,13.312872970393245,-0.0015325689880739165,-0.052065935136724334,40.0,-0.28965544091756024,2.7815318583552022,False,,0.8,0.03882830316900755,-0.055387257842895554,-0.051920498593481135,True,reversion signs agree
US_UTILITIES,ES,PEG,Eversource Energy (D/B/A),Public Service Enterprise Group,-3.9149724679170665,0.0019273798020480743,0.05,0.009338612196660273,True,9.746143965358707,-38.46179245719431,13.47136232141809,-0.002000885095287627,-0.05145338415090448,40.0,-0.3376127390747275,2.790017634736796,False,,1.0,0.046450014846915647,-0.058150026709694214,-0.025831571500795375,True,reversion signs agree
US_UTILITIES,EXC,PEG,Exelon Corporation,Public Service Enterprise Group,-3.873934724621981,0.0022352710485932493,0.05,0.009338612196660273,True,9.526168740077637,-37.90559890863675,13.424472276935667,-0.0018789512884069676,-0.05163310454674843,40.0,-0.30877627003351965,2.808768296702071,False,,1.0,0.04215207577253,-0.06015203564547586,-0.014869105489028062,True,reversion signs agree
US_UTILITIES,ED,PEG,"Consolidated Edison, Inc.",Public Service Enterprise Group,-3.8376740685879502,0.0025445442964655324,0.05,0.009338612196660273,True,7.070976497950104,-26.309138176470587,13.762220714283211,-0.00138021339020064,-0.050365939839967684,41.0,-0.18198116499884878,2.7758961350711213,False,,0.8,0.04187426805293243,-0.01635974685579203,0.027732463350143066,True,reversion signs agree
US_UTILITIES,PEG,XEL,Public Service Enterprise Group,Xcel Energy Inc.,-3.786653823550945,0.0030468537893144224,0.05,0.009338612196660273,True,0.1393618788223643,3.7800546040547682,13.493785177919658,0.00014199877494270254,-0.05136788317144441,40.0,0.29102752968803675,2.800603549714832,False,,0.8,-0.0058793919089442995,0.02371385683339783,-0.026274484879927618,True,reversion signs agree
US_UTILITIES,AEP,DUK,American Electric Power Company,Duke Energy Corporation (Holdin,-3.745023056895184,0.0035226339239428288,0.05,0.009338612196660273,True,1.929626025993663,-4.47443720740701,14.069914898097897,-0.00011409571018712464,-0.0492644899119931,42.0,0.8619900277951589,3.0888698185691887,False,,0.6,-0.014524548610889284,-0.577703295295064,-0.6685532063450159,True,reversion signs agree
US_UTILITIES,AEE,PEG,Ameren Corporation,Public Service Enterprise Group,-3.740053374805049,0.0035837698926987024,0.05,0.009338612196660273,True,7.524296395195877,-28.33140476990822,13.869812835927826,-0.001052452651950562,-0.049975236779291186,42.0,-0.24706676850021,2.7415733865814924,False,,1.0,0.03557124429876546,-0.03994388819169967,0.006987504900878405,True,reversion signs agree
US_UTILITIES,PEG,WEC,Public Service Enterprise Group,"WEC Energy Group, Inc.",-3.7352033109192133,0.003644370779844075,0.05,0.009338612196660273,True,0.15147894942567983,3.6708729132273508,13.814486382634916,0.00014128957586323975,-0.05017538555984572,41.0,0.2577303225187676,2.8106400366440383,False,,1.0,-0.004403539474523413,0.05236755586396197,0.026233557518763467,True,reversion signs agree
US_UTILITIES,D,PEG,"Dominion Energy, Inc.",Public Service Enterprise Group,-3.7118008558342357,0.003950193435819551,0.05,0.009338612196660273,True,5.42928346266955,-19.707395699203225,14.176960067086952,-0.0006460842359480325,-0.04889251131976783,43.0,-0.4010321806445687,2.6720734380842552,False,,1.0,0.027324308018992403,-0.05328991734045524,0.017811972233213014,True,reversion signs agree
US_UTILITIES,PPL,XEL,PPL Corporation,Xcel Energy Inc.,-3.6680501596275756,0.0045856733918717,0.05,0.009338612196660273,True,0.6960925085883514,0.5629755292007017,12.953876437501703,-2.2368896140233993e-05,-0.05350886152914597,39.0,1.6470884456922472,2.8013781420165347,False,,0.6,-0.005567743269554679,-0.6126161114566275,-1.6989450045664511,False,mixed signal
US_UTILITIES,DUK,SO,Duke Energy Corporation (Holdin,Southern Company (The),-3.658634545372096,0.004734084426261083,0.05,0.009338612196660273,True,1.1655534796933769,-0.46444938308144934,13.165020556094913,-4.7057615661669276e-05,-0.05265067210541073,39.0,-0.13928123030691522,2.1893087618312816,False,,0.8,0.003492403174295161,0.10186441184211742,0.27369127980421354,True,reversion signs agree
US_UTILITIES,DUK,PEG,Duke Energy Corporation (Holdin,Public Service Enterprise Group,-3.6196732946668546,0.005395865447578098,0.05,0.009338612196660273,True,4.210100302183527,-13.659875164129812,14.763355369936908,-0.0005925635613292987,-0.04695051789997706,44.0,-0.24841958035385633,2.6451721905584957,False,,0.8,0.02594396811182499,0.024547312743851163,0.06491041956142335,True,reversion signs agree
US_UTILITIES,PEG,PPL,Public Service Enterprise Group,PPL Corporation,-3.5853659011945505,0.006047042884537124,0.05,0.009338612196660273,True,0.23739153643843783,3.5369463042957854,14.682089518101687,0.0001223135035920652,-0.047210390571815926,44.0,0.08146840683858611,2.568272618478104,False,,0.8,-0.004528898512376617,0.03730153540942963,0.06113086995555428,True,reversion signs agree
US_UTILITIES,EXC,WEC,Exelon Corporation,"WEC Energy Group, Inc.",-3.4509923889256324,0.009338612196660273,0.05,0.009338612196660273,True,0.983901146034343,-0.8191046388412984,13.69670591887765,-0.00012279088990521244,-0.050606852820327175,41.0,-0.8376465744653676,3.297685032246375,False,,0.8,0.0009244510255324004,0.15102873595403632,0.4399694033128001,True,reversion signs agree
US_UTILITIES,PEG,SO,Public Service Enterprise Group,Southern Company (The),-3.3790510560829885,0.011694090455489123,0.05,0.009338612196660273,False,0.3875574407948554,2.6402899558514563,,,,,,,,,,,,,,
US_UTILITIES,EXC,PPL,Exelon Corporation,PPL Corporation,-3.2339358379373926,0.01810247844578607,0.05,0.009338612196660273,False,1.2358813122387269,-0.6157915138139662,,,,,,,,,,,,,,
US_UTILITIES,DUK,PPL,Duke Energy Corporation (Holdin,PPL Corporation,-3.1995869104902286,0.02000860291645038,0.05,0.009338612196660273,False,0.851443329524228,1.7500056320376807,,,,,,,,,,,,,,
US_UTILITIES,DUK,FE,Duke Energy Corporation (Holdin,FirstEnergy Corp.,-3.1621650067928866,0.02228185455900066,0.05,0.009338612196660273,False,0.7356792809723214,1.9930170816280444,,,,,,,,,,,,,,
US_UTILITIES,ES,SO,Eversource Energy (D/B/A),Southern Company (The),-3.133220527288509,0.024190420132404623,0.05,0.009338612196660273,False,1.6402801658756367,-3.1952049891994863,,,,,,,,,,,,,,
US_UTILITIES,AEP,D,American Electric Power Company,"Dominion Energy, Inc.",-3.1026718646070695,0.026356089372055032,0.05,0.009338612196660273,False,1.5018547269569078,-1.3666561145456892,,,,,,,,,,,,,,
US_UTILITIES,WEC,XEL,"WEC Energy Group, Inc.",Xcel Energy Inc.,-3.0844273030290097,0.027727308913336583,0.05,0.009338612196660273,False,0.8746899716342915,0.9124165416073495,,,,,,,,,,,,,,
US_UTILITIES,DUK,EXC,Duke Energy Corporation (Holdin,Exelon Corporation,-3.080208494474339,0.028052942753639336,0.05,0.009338612196660273,False,0.6904827768230811,2.1684963228530254,,,,,,,,,,,,,,
US_UTILITIES,D,ES,"Dominion Energy, Inc.",Eversource Energy (D/B/A),-3.060730042723812,0.029599164407327953,0.05,0.009338612196660273,False,0.987280233969238,-0.05524320239018188,,,,,,,,,,,,,,
US_UTILITIES,AEP,ES,American Electric Power Company,Eversource Energy (D/B/A),-3.037762178843047,0.03151523073089972,0.05,0.009338612196660273,False,1.5166115205352926,-1.5892280846329943,,,,,,,,,,,,,,
US_UTILITIES,DUK,ES,Duke Energy Corporation (Holdin,Eversource Energy (D/B/A),-3.02180794794524,0.03290739509795073,0.05,0.009338612196660273,False,0.7328699363258403,1.7141123873041129,,,,,,,,,,,,,,
US_UTILITIES,DUK,XEL,Duke Energy Corporation (Holdin,Xcel Energy Inc.,-3.01503515343023,0.03351396325652769,0.05,0.009338612196660273,False,0.5823265477895243,2.273144888699569,,,,,,,,,,,,,,
US_UTILITIES,DUK,WEC,Duke Energy Corporation (Holdin,"WEC Energy Group, Inc.",-3.0041078964023122,0.03451255121888595,0.05,0.009338612196660273,False,0.6772472133073236,1.6126928551253332,,,,,,,,,,,,,,
US_UTILITIES,AEP,SO,American Electric Power Company,Southern Company (The),-2.9080306952345256,0.04442207502426162,0.05,0.009338612196660273,False,2.3895802790515694,-5.997490021631836,,,,,,,,,,,,,,
US_UTILITIES,PPL,SO,PPL Corporation,Southern Company (The),-2.900560588491031,0.04528284748324063,0.05,0.009338612196660273,False,1.3966775311691724,-2.724689280954355,,,,,,,,,,,,,,
US_UTILITIES,AEE,SO,Ameren Corporation,Southern Company (The),-2.782577262488424,0.060805902425897194,0.05,0.009338612196660273,False,2.032881680129865,-4.524567445970598,,,,,,,,,,,,,,
US_UTILITIES,AEE,DUK,Ameren Corporation,Duke Energy Corporation (Holdin,-2.7375736928001717,0.06775898397695014,0.05,0.009338612196660273,False,1.6658281772020984,-3.3436692010837037,,,,,,,,,,,,,,
US_UTILITIES,AEP,PPL,American Electric Power Company,PPL Corporation,-2.70195454498653,0.07370065766062005,0.05,0.009338612196660273,False,1.7066664229998703,-1.320952473956206,,,,,,,,,,,,,,
US_UTILITIES,AEE,WEC,Ameren Corporation,"WEC Energy Group, Inc.",-2.677344688555749,0.07804134214049326,0.05,0.009338612196660273,False,1.112469310785094,-0.5847637686779752,,,,,,,,,,,,,,
US_UTILITIES,AEE,EXC,Ameren Corporation,Exelon Corporation,-2.673360148198085,0.07876265629592627,0.05,0.009338612196660273,False,1.1362077283951069,0.3207921550719295,,,,,,,,,,,,,,
US_UTILITIES,AEP,FE,American Electric Power Company,FirstEnergy Corp.,-2.667942518402993,0.07975177818371798,0.05,0.009338612196660273,False,1.464668024343574,-0.7967319734822844,,,,,,,,,,,,,,
US_UTILITIES,EXC,XEL,Exelon Corporation,Xcel Energy Inc.,-2.6345863886496708,0.0860575510269469,0.05,0.009338612196660273,False,0.8533062329264274,0.10950326330095628,,,,,,,,,,,,,,
US_UTILITIES,ED,ES,"Consolidated Edison, Inc.",Eversource Energy (D/B/A),-2.630043430114435,0.08694550285736152,0.05,0.009338612196660273,False,0.6848783327092188,1.7630263898395824,,,,,,,,,,,,,,
US_UTILITIES,AEE,AEP,Ameren Corporation,American Electric Power Company,-2.593121465242074,0.09442727082499675,0.05,0.009338612196660273,False,0.8462761488122746,0.598422346232351,,,,,,,,,,,,,,
US_UTILITIES,D,SO,"Dominion Energy, Inc.",Southern Company (The),-2.56013030977974,0.10152063377550596,0.05,0.009338612196660273,False,1.5908785786423127,-3.082483854435524,,,,,,,,,,,,,,
US_UTILITIES,AEE,PPL,Ameren Corporation,PPL Corporation,-2.5597096741948397,0.10161360889719157,0.05,0.009338612196660273,False,1.3945966258379434,-0.34513636161899086,,,,,,,,,,,,,,
US_UTILITIES,AEE,XEL,Ameren Corporation,Xcel Energy Inc.,-2.5594489458723855,0.1016712712679434,0.05,0.009338612196660273,False,0.9755871094904636,0.4196091205924528,,,,,,,,,,,,,,
US_UTILITIES,EXC,SO,Exelon Corporation,Southern Company (The),-2.5486466308885123,0.10408210747114477,0.05,0.009338612196660273,False,1.7380595874858824,-4.036419017158588,,,,,,,,,,,,,,
US_UTILITIES,AEP,WEC,American Electric Power Company,"WEC Energy Group, Inc.",-2.5318487510269807,0.10791620922064521,0.05,0.009338612196660273,False,1.3341497550010228,-1.4885068573662856,,,,,,,,,,,,,,
US_UTILITIES,SO,WEC,Southern Company (The),"WEC Energy Group, Inc.",-2.4708782934584255,0.12272167206882384,0.05,0.009338612196660273,False,0.5672168326763606,1.845907257323209,,,,,,,,,,,,,,
US_UTILITIES,SO,XEL,Southern Company (The),Xcel Energy Inc.,-2.4649129687331772,0.12424640789597802,0.05,0.009338612196660273,False,0.47406880239684157,2.4567768345046574,,,,,,,,,,,,,,
US_UTILITIES,AEP,ED,American Electric Power Company,"Consolidated Edison, Inc.",-2.4390128798085695,0.1310266224848904,0.05,0.009338612196660273,False,2.1115607889188577,-5.021503514302144,,,,,,,,,,,,,,
US_UTILITIES,ES,XEL,Eversource Energy (D/B/A),Xcel Energy Inc.,-2.4159048082752324,0.1372976204110835,0.05,0.009338612196660273,False,0.7404323147244422,0.9917986899111835,,,,,,,,,,,,,,
US_UTILITIES,D,FE,"Dominion Energy, Inc.",FirstEnergy Corp.,-2.4099445405294304,0.13894928531218226,0.05,0.009338612196660273,False,0.9751982133829773,0.37963405699713615,,,,,,,,,,,,,,
US_UTILITIES,FE,PPL,FirstEnergy Corp.,PPL Corporation,-2.3948009193729556,0.14320919097611773,0.05,0.009338612196660273,False,1.163395946267929,-0.35150021588497093,,,,,,,,,,,,,,
US_UTILITIES,AEP,XEL,American Electric Power Company,Xcel Energy Inc.,-2.3666791458139307,0.15136262219606744,0.05,0.009338612196660273,False,1.1519313433399063,-0.20762091552897655,,,,,,,,,,,,,,
US_UTILITIES,FE,SO,FirstEnergy Corp.,Southern Company (The),-2.2729951429052018,0.18082552550334358,0.05,0.009338612196660273,False,1.675475837057479,-3.7470886858025896,,,,,,,,,,,,,,
US_UTILITIES,ES,PPL,Eversource Energy (D/B/A),PPL Corporation,-2.23191097367012,0.19486809581225883,0.05,0.009338612196660273,False,1.1648168837117503,0.038373342827449974,,,,,,,,,,,,,,
US_UTILITIES,ED,SO,"Consolidated Edison, Inc.",Southern Company (The),-2.2287274261576684,0.19598473067285066,0.05,0.009338612196660273,False,1.1994419044785134,-0.764599494716304,,,,,,,,,,,,,,
US_UTILITIES,ES,WEC,Eversource Energy (D/B/A),"WEC Energy Group, Inc.",-2.2282243326560445,0.1961615657484761,0.05,0.009338612196660273,False,0.8653374874182215,0.13260213484032146,,,,,,,,,,,,,,
US_UTILITIES,ED,FE,"Consolidated Edison, Inc.",FirstEnergy Corp.,-2.204371052296034,0.2046628438338295,0.05,0.009338612196660273,False,0.6993018629732152,1.979682018020482,,,,,,,,,,,,,,
US_UTILITIES,ES,EXC,Eversource Energy (D/B/A),Exelon Corporation,-2.199566083059181,0.20640298136754354,0.05,0.009338612196660273,False,0.8840494707034426,0.8360731413228608,,,,,,,,,,,,,,
US_UTILITIES,FE,XEL,FirstEnergy Corp.,Xcel Energy Inc.,-2.1927184474762753,0.20889884723310637,0.05,0.009338612196660273,False,0.7640685987298875,0.49698751665719554,,,,,,,,,,,,,,
US_UTILITIES,D,DUK,"Dominion Energy, Inc.",Duke Energy Corporation (Holdin,-2.1875130970161294,0.2108086567525797,0.05,0.009338612196660273,False,1.327927221233047,-2.2733984856059806,,,,,,,,,,,,,,
US_UTILITIES,AEE,ES,Ameren Corporation,Eversource Energy (D/B/A),-2.163912101653268,0.21960293180471352,0.05,0.009338612196660273,False,1.3404146132525527,-0.9812768612679701,,,,,,,,,,,,,,
US_UTILITIES,D,XEL,"Dominion Energy, Inc.",Xcel Energy Inc.,-2.160229109166543,0.22099519871036294,0.05,0.009338612196660273,False,0.7526888720337552,0.8322805373790247,,,,,,,,,,,,,,
US_UTILITIES,FE,WEC,FirstEnergy Corp.,"WEC Energy Group, Inc.",-2.0594566962171488,0.26112650736933896,0.05,0.009338612196660273,False,0.8836208299658526,-0.34656543324653555,,,,,,,,,,,,,,
US_UTILITIES,ED,EXC,"Consolidated Edison, Inc.",Exelon Corporation,-2.0550341366145473,0.2629755176656525,0.05,0.009338612196660273,False,0.6550319546683477,2.1513483909701168,,,,,,,,,,,,,,
US_UTILITIES,AEE,D,Ameren Corporation,"Dominion Energy, Inc.",-2.047060368836405,0.2663273092287589,0.05,0.009338612196660273,False,1.2991365030557396,-0.6711877319054294,,,,,,,,,,,,,,
US_UTILITIES,AEE,FE,Ameren Corporation,FirstEnergy Corp.,-1.969694195490421,0.30001713961937637,0.05,0.009338612196660273,False,1.2914275617988158,-0.26937524225523113,,,,,,,,,,,,,,
US_UTILITIES,AEE,ED,Ameren Corporation,"Consolidated Edison, Inc.",-1.9073495223697179,0.32861160178512155,0.05,0.009338612196660273,False,1.8537529837064097,-3.957504520241076,,,,,,,,,,,,,,
US_UTILITIES,D,ED,"Dominion Energy, Inc.","Consolidated Edison, Inc.",-1.8865296780828196,0.3384242667649967,0.05,0.009338612196660273,False,1.412570393978959,-2.4638362107960363,,,,,,,,,,,,,,
US_UTILITIES,AEP,EXC,American Electric Power Company,Exelon Corporation,-1.868296095670068,0.34711940398284213,0.05,0.009338612196660273,False,1.353147750730132,-0.36728937028366904,,,,,,,,,,,,,,
US_UTILITIES,D,PPL,"Dominion Energy, Inc.",PPL Corporation,-1.8510731124690092,0.35541599742253255,0.05,0.009338612196660273,False,1.1311484864562893,0.04875034942909329,,,,,,,,,,,,,,
US_UTILITIES,ED,PPL,"Consolidated Edison, Inc.",PPL Corporation,-1.846140432426516,0.35780659707818485,0.05,0.009338612196660273,False,0.820528088928533,1.7094598896394562,,,,,,,,,,,,,,
US_UTILITIES,EXC,FE,Exelon Corporation,FirstEnergy Corp.,-1.8038696438256396,0.3785422223463185,0.05,0.009338612196660273,False,1.1074090514678605,-0.4105452389146187,,,,,,,,,,,,,,
US_UTILITIES,ED,XEL,"Consolidated Edison, Inc.",Xcel Energy Inc.,-1.7999843578478567,0.3804694595288106,0.05,0.009338612196660273,False,0.49320883400496773,2.501057394292012,,,,,,,,,,,,,,
US_UTILITIES,DUK,ED,Duke Energy Corporation (Holdin,"Consolidated Edison, Inc.",-1.7335179610329565,0.4139309750619345,0.05,0.009338612196660273,False,0.9954882665444722,0.16964938092381132,,,,,,,,,,,,,,
US_UTILITIES,ED,WEC,"Consolidated Edison, Inc.","WEC Energy Group, Inc.",-1.7203730665968457,0.4206474059855899,0.05,0.009338612196660273,False,0.6233657805813869,1.7122050142588363,,,,,,,,,,,,,,
US_UTILITIES,D,WEC,"Dominion Energy, Inc.","WEC Energy Group, Inc.",-1.7114337868396412,0.42523128297956986,0.05,0.009338612196660273,False,0.8672203511333489,0.0162328366765343,,,,,,,,,,,,,,
US_UTILITIES,D,EXC,"Dominion Energy, Inc.",Exelon Corporation,-1.3975887617726275,0.5834315489529839,0.05,0.009338612196660273,False,0.8763372364091125,0.7570607259870932,,,,,,,,,,,,,,
