sector,ticker_a,ticker_b,name_a,name_b,eg_adf_stat,eg_pvalue,fdr_level,bh_critical_pvalue,passes_bh,hedge_ratio_beta,intercept_alpha,half_life_days,ar1_alpha,ar1_beta,zscore_window,latest_zscore,max_abs_zscore,threshold_breached,breach_date,ar1_sign_agreement_recent,ar1_latest_residual,zscore_delta_latest,zscore_delta2_latest,zscore_turning_recent,momentum_read
CA_BANKS,BNS.TO,RY.TO,BANK OF NOVA SCOTIA,ROYAL BANK OF CANADA,-3.73229701564331,0.0036811330886518594,0.05,,False,1.1139917633853982,-1.4585687078109961,,,,,,,,,,,,,,
CA_BANKS,NA.TO,RY.TO,NATIONAL BANK OF CANADA,ROYAL BANK OF CANADA,-3.095296747602049,0.026903213802201596,0.05,,False,1.100044919712673,-0.7910335946464739,,,,,,,,,,,,,,
CA_BANKS,CM.TO,NA.TO,CANADIAN IMPERIAL BANK OF COMME,NATIONAL BANK OF CANADA,-2.7065476163370157,0.07291208256362212,0.05,,False,1.2821313948431683,-1.7568759351466774,,,,,,,,,,,,,,
CA_BANKS,BNS.TO,NA.TO,BANK OF NOVA SCOTIA,NATIONAL BANK OF CANADA,-2.643079654485844,0.08441636837748379,0.05,,False,1.014026724203712,-0.6641638499584461,,,,,,,,,,,,,,
CA_BANKS,BMO.TO,CM.TO,BANK OF MONTREAL,CANADIAN IMPERIAL BANK OF COMME,-2.6364889715663575,0.08568777418878865,0.05,,False,0.8505721803029802,1.1029379907638162,,,,,,,,,,,,,,
CA_BANKS,BNS.TO,CM.TO,BANK OF NOVA SCOTIA,CANADIAN IMPERIAL BANK OF COMME,-2.5244612393967887,0.10963550719810788,0.05,,False,0.7908718757175197,0.7254236763049393,,,,,,,,,,,,,,
CA_BANKS,RY.TO,TD.TO,ROYAL BANK OF CANADA,TORONTO-DOMINION BANK,-2.3050585402244366,0.1703416817780573,0.05,,False,0.7220515829624695,1.913681356167162,,,,,,,,,,,,,,
CA_BANKS,BMO.TO,RY.TO,BANK OF MONTREAL,ROYAL BANK OF CANADA,-2.2538589933207924,0.18728123098642407,0.05,,False,1.203833438447367,-1.2758631028339167,,,,,,,,,,,,,,
CA_BANKS,BMO.TO,TD.TO,BANK OF MONTREAL,TORONTO-DOMINION BANK,-2.186206313309926,0.21128980465025055,0.05,,False,0.869210143767345,1.0279803652177537,,,,,,,,,,,,,,
CA_BANKS,CM.TO,TD.TO,CANADIAN IMPERIAL BANK OF COMME,TORONTO-DOMINION BANK,-2.10120350682393,0.24403094082504073,0.05,,False,1.0251181126287183,-0.10275240109126216,,,,,,,,,,,,,,
CA_BANKS,BMO.TO,NA.TO,BANK OF MONTREAL,NATIONAL BANK OF CANADA,-2.0575129075673653,0.26193829439376953,0.05,,False,1.0952854504554204,-0.41481844120980504,,,,,,,,,,,,,,
CA_BANKS,CM.TO,RY.TO,CANADIAN IMPERIAL BANK OF COMME,ROYAL BANK OF CANADA,-2.044185829620152,0.26754130100097534,0.05,,False,1.4079432381792052,-2.7582791632945503,,,,,,,,,,,,,,
CA_BANKS,NA.TO,TD.TO,NATIONAL BANK OF CANADA,TORONTO-DOMINION BANK,-2.026896199769048,0.27490596904443326,0.05,,False,0.7933537659218535,1.318369550377914,,,,,,,,,,,,,,
CA_BANKS,BMO.TO,BNS.TO,BANK OF MONTREAL,BANK OF NOVA SCOTIA,-1.968372755208521,0.30061034384299895,0.05,,False,1.0783091874933888,0.3104962618985754,,,,,,,,,,,,,,
CA_BANKS,BNS.TO,TD.TO,BANK OF NOVA SCOTIA,TORONTO-DOMINION BANK,-1.7137539713602818,0.42404031245430196,0.05,,False,0.8038806801615693,0.6754411908348499,,,,,,,,,,,,,,
CA_ENERGY,CNQ.TO,SU.TO,CDN NATURAL RES,SUNCOR ENERGY INC.,-2.5518368706798737,0.10336567658320761,0.05,,False,0.760451065662245,0.7330998055455504,,,,,,,,,,,,,,
CA_ENERGY,CNQ.TO,CVE.TO,CDN NATURAL RES,CENOVUS ENERGY INC.,-2.4143700643943284,0.1377215726170447,0.05,,False,0.6708406831962276,1.6948841138777824,,,,,,,,,,,,,,
CA_ENERGY,CVE.TO,IMO.TO,CENOVUS ENERGY INC.,IMPERIAL OIL,-2.3343443534751858,0.16113031014436696,0.05,,False,1.0261127475900855,-1.7091502021397793,,,,,,,,,,,,,,
CA_ENERGY,CVE.TO,SU.TO,CENOVUS ENERGY INC.,SUNCOR ENERGY INC.,-2.271938897897282,0.18117798518135347,0.05,,False,1.1425080087852475,-1.4697634448565506,,,,,,,,,,,,,,
CA_ENERGY,CNQ.TO,IMO.TO,CDN NATURAL RES,IMPERIAL OIL,-2.1260399251026656,0.23417353237330396,0.05,,False,0.666412819567912,0.6521282900842871,,,,,,,,,,,,,,
CA_ENERGY,IMO.TO,SU.TO,IMPERIAL OIL,SUNCOR ENERGY INC.,-1.88748029879418,0.33797349985846703,0.05,,False,1.1078203141526115,0.25596531946566436,,,,,,,,,,,,,,
CH_FINANCIALS,BAER.SW,UBSG.SW,JULIUS BAER N,UBS GROUP N,-2.900902574693466,0.04524314094321222,0.05,,False,0.7908412755216594,1.3317326734451047,,,,,,,,,,,,,,
CH_FINANCIALS,BAER.SW,ZURN.SW,JULIUS BAER N,ZURICH INSURANCE N,-2.757650887004836,0.06458228782816312,0.05,,False,1.4473766073219605,-5.04927067905906,,,,,,,,,,,,,,
CH_FINANCIALS,BAER.SW,SLHN.SW,JULIUS BAER N,SWISS LIFE HOLDING AG N,-2.487586485029596,0.11852395596202098,0.05,,False,0.8933663968199411,-1.9294776181514082,,,,,,,,,,,,,,
CH_FINANCIALS,UBSG.SW,ZURN.SW,UBS GROUP N,ZURICH INSURANCE N,-2.2776496226507232,0.1792777578448037,0.05,,False,2.0643735187266707,-9.529674940448402,,,,,,,,,,,,,,
CH_FINANCIALS,SLHN.SW,ZURN.SW,SWISS LIFE HOLDING AG N,ZURICH INSURANCE N,-2.1868291505566955,0.21106039576957597,0.05,,False,1.5047290881027067,-2.772204557008755,,,,,,,,,,,,,,
CH_FINANCIALS,SLHN.SW,UBSG.SW,SWISS LIFE HOLDING AG N,UBS GROUP N,-2.1529685046004476,0.22375554999495423,0.05,,False,0.855171260218111,3.75115956648167,,,,,,,,,,,,,,
CH_PHARMA_LIFESCIENCE,LONN.SW,NOVN.SW,LONZA N,NOVARTIS N,-4.76606113851392,6.312684522941812e-05,0.05,6.312684522941812e-05,True,-0.24762442369894588,7.411829164069564,11.493215663611718,0.00026609158028364013,-0.06030924685025229,34.0,-1.2267577359542807,3.1965322759121504,True,2026-09-11 00:00:00,0.2,0.018685959617477897,0.4420446560482183,0.22948901078406014,True,mixed signal
CONSUMER,ABF.L,DNLM.L,ASSOCIATED BRITISH FOODS PLC OR,DUNELM GROUP PLC ORD 1P,-3.9816755966116544,0.0015095618940245189,0.05,0.006802709160335612,True,0.5895528143609498,3.5432207294536173,12.835127254600971,-0.00020136951885105299,-0.05400391961922113,39.0,-1.2147397421399047,4.121531214626377,False,,0.8,-0.0002070470130783185,-0.18173701369590378,-0.3033055810229559,False,mixed signal
CONSUMER,MKS.L,WTB.L,MARKS AND SPENCER GROUP PLC ORD,WHITBREAD PLC ORD 76 122/153P,-3.8379738784143425,0.002541832729387514,0.05,0.006802709160335612,True,0.2694258018451847,3.7351424092411105,18.947869528333246,0.0004364093331654039,-0.03658180037198716,57.0,-2.0620944396897487,2.0620944396897487,False,,0.6,-0.013795519592811428,-0.6311530777701768,-0.047852155614845016,False,mixed signal
CONSUMER,EZJ.L,MKS.L,EASYJET PLC ORD 27 2/7P,MARKS AND SPENCER GROUP PLC ORD,-3.815805716218295,0.0027496791057600957,0.05,0.006802709160335612,True,3.254815335348012,-12.939964207439315,17.956900256882232,-0.0008521514572074366,-0.038600603146653166,54.0,1.9165727615685257,2.454194434930565,False,,0.4,0.06202540094146937,0.3822049454842005,0.09287114493188953,False,mixed signal
CONSUMER,DOM.L,MKS.L,DOMINO'S PIZZA GROUP PLC ORD 25,MARKS AND SPENCER GROUP PLC ORD,-3.7659238338475047,0.003275846721727137,0.05,0.006802709160335612,True,1140.9291052123247,-6693.9085307255245,18.39386410157617,-0.3696763329392614,-0.03768360887805785,55.0,1.9939016805208474,2.062745086600681,False,,0.6,17.3745208074171,0.4926721934594509,0.0845400382132413,False,mixed signal
CONSUMER,DNLM.L,MKS.L,DUNELM GROUP PLC ORD 1P,MARKS AND SPENCER GROUP PLC ORD,-3.762117532783095,0.0033195725081438614,0.05,0.006802709160335612,True,21.713707082822378,-120.54520935468659,18.635040497721768,-0.00763986809549639,-0.03719590417014045,56.0,1.9269850146456595,1.9634574243940235,False,,0.6,0.32982210031812625,0.5649216939539186,0.1556944256127748,False,mixed signal
CONSUMER,GRG.L,MKS.L,GREGGS PLC ORD 2P,MARKS AND SPENCER GROUP PLC ORD,-3.7392311961425544,0.0035939774350851753,0.05,0.006802709160335612,True,-49.21121747837295,296.55851742997726,18.33633429174742,0.014763132929554126,-0.037801840298685434,55.0,-1.9066844995582737,2.1216617433978215,False,,0.6,-0.7263706646997786,-0.4660961105955663,-0.06899281707462945,False,mixed signal
CONSUMER,BME.L,MKS.L,B&M EUROPEAN VALUE RETAIL PLC O,MARKS AND SPENCER GROUP PLC ORD,-3.7321245711062834,0.0036833250166796116,0.05,0.006802709160335612,True,-76.17995187807999,452.8893842097464,18.39462160330584,0.02283157827114582,-0.03768205704407501,55.0,-1.9251697413006856,2.06365792531955,False,,0.6,-1.1158592290850102,-0.47446630489634245,-0.07677859498401629,False,mixed signal
CONSUMER,MKS.L,PETS.L,MARKS AND SPENCER GROUP PLC ORD,PETS AT HOME GROUP PLC ORD 1P,-3.7271333690872415,0.0037472883215685657,0.05,0.006802709160335612,True,-0.03844268603341809,6.081229817224285,18.371347794102295,0.00027833665058363234,-0.037729794695981124,55.0,-1.8871418675751237,2.1082176962649966,False,,0.6,-0.014764476257520158,-0.47617672885677287,-0.08859485749811968,False,mixed signal
CONSUMER,IHG.L,MKS.L,INTERCONTINENTAL HOTELS GROUP P,MARKS AND SPENCER GROUP PLC ORD,-3.670805357188538,0.004543054944625709,0.05,0.006802709160335612,True,10.673715728812363,-57.86361893530639,19.180411010103075,-0.0026104176011283366,-0.03613828609797973,58.0,1.7799051016771605,1.9279736397153497,False,,0.6,0.16972128057725583,0.4976800931725225,0.0727913143992992,False,mixed signal
CONSUMER,ABF.L,MKS.L,ASSOCIATED BRITISH FOODS PLC OR,MARKS AND SPENCER GROUP PLC ORD,-3.6529345902457977,0.0048260424134163446,0.05,0.006802709160335612,True,-4.672142092638226,35.07771336278865,17.762533718677428,0.0009427370651670491,-0.03902299027481064,53.0,-2.128677528749669,2.2899128539158347,False,,0.6,-0.0730127521300244,-0.3262787163638716,-0.053827950943254876,False,mixed signal
CONSUMER,DOM.L,TSCO.L,DOMINO'S PIZZA GROUP PLC ORD 25,TESCO PLC ORD 6 1/3P,-3.5495219881972373,0.006802709160335612,0.05,0.006802709160335612,True,-1.9047879327083932,16.88681741964182,15.138205475885417,0.00029747206935190943,-0.04578793580679706,45.0,1.0421849143310384,2.8212938457014096,False,,0.6,0.0465586851511567,0.5509730692543335,0.686014902486577,False,mixed signal
CONSUMER,MKS.L,NXT.L,MARKS AND SPENCER GROUP PLC ORD,NEXT PLC ORD 10P,-3.5043521825977666,0.007876021771232707,0.05,0.006802709160335612,False,0.14508087363610467,4.515071406710309,,,,,,,,,,,,,,
CONSUMER,MKS.L,SBRY.L,MARKS AND SPENCER GROUP PLC ORD,SAINSBURY (J) PLC ORD 28 4/7P,-3.443207426073734,0.00957121461820559,0.05,0.006802709160335612,False,0.1830402576487469,4.832605615176256,,,,,,,,,,,,,,
CONSUMER,DNLM.L,WTB.L,DUNELM GROUP PLC ORD 1P,WHITBREAD PLC ORD 76 122/153P,-3.3854915231238243,0.011463520591486816,0.05,0.006802709160335612,False,1.6060325940972837,-5.782037279699482,,,,,,,,,,,,,,
CONSUMER,MKS.L,TSCO.L,MARKS AND SPENCER GROUP PLC ORD,TESCO PLC ORD 6 1/3P,-3.361619582099403,0.012338948478016094,0.05,0.006802709160335612,False,0.17902339163301634,4.79984723090836,,,,,,,,,,,,,,
CONSUMER,BME.L,TSCO.L,B&M EUROPEAN VALUE RETAIL PLC O,TESCO PLC ORD 6 1/3P,-3.318335019526661,0.01407852887985119,0.05,0.006802709160335612,False,-3.020974703897298,23.66063379158455,,,,,,,,,,,,,,
CONSUMER,DOM.L,NXT.L,DOMINO'S PIZZA GROUP PLC ORD 25,NEXT PLC ORD 10P,-3.3088130823944915,0.014489096321749922,0.05,0.006802709160335612,False,-1.6557501192505566,20.965222761944542,,,,,,,,,,,,,,
CONSUMER,IHG.L,PETS.L,INTERCONTINENTAL HOTELS GROUP P,PETS AT HOME GROUP PLC ORD 1P,-3.265163940770519,0.01650929580770878,0.05,0.006802709160335612,False,-0.6845899490474343,8.539335062098582,,,,,,,,,,,,,,
CONSUMER,ABF.L,PETS.L,ASSOCIATED BRITISH FOODS PLC OR,PETS AT HOME GROUP PLC ORD 1P,-3.234344494992857,0.01808079079129492,0.05,0.006802709160335612,False,0.4834589249086143,5.010585255934117,,,,,,,,,,,,,,
CONSUMER,ABF.L,IHG.L,ASSOCIATED BRITISH FOODS PLC OR,INTERCONTINENTAL HOTELS GROUP P,-3.2036676844034098,0.019773358401268915,0.05,0.006802709160335612,False,-0.6618484198283928,10.827693366204693,,,,,,,,,,,,,,
CONSUMER,DOM.L,SBRY.L,DOMINO'S PIZZA GROUP PLC ORD 25,SAINSBURY (J) PLC ORD 28 4/7P,-3.188485572469676,0.020660928909844636,0.05,0.006802709160335612,False,-2.3106918517001844,18.60024980033298,,,,,,,,,,,,,,
CONSUMER,ABF.L,WTB.L,ASSOCIATED BRITISH FOODS PLC OR,WHITBREAD PLC ORD 76 122/153P,-3.136851602091354,0.023943503752211093,0.05,0.006802709160335612,False,0.9209543011878173,0.33970372032574314,,,,,,,,,,,,,,
CONSUMER,EZJ.L,TSCO.L,EASYJET PLC ORD 27 2/7P,TESCO PLC ORD 6 1/3P,-3.089160668668194,0.027365816319323426,0.05,0.006802709160335612,False,-0.7966619019219885,10.94244821886334,,,,,,,,,,,,,,
CONSUMER,BME.L,DOM.L,B&M EUROPEAN VALUE RETAIL PLC O,DOMINO'S PIZZA GROUP PLC ORD 25,-2.9424646426675216,0.04062810656848859,0.05,0.006802709160335612,False,1.5808359060967787,-3.093442760448137,,,,,,,,,,,,,,
CONSUMER,BME.L,NXT.L,B&M EUROPEAN VALUE RETAIL PLC O,NEXT PLC ORD 10P,-2.8801119078305493,0.047710073252553394,0.05,0.006802709160335612,False,-2.6883640386493837,30.712144172970866,,,,,,,,,,,,,,
CONSUMER,ABF.L,TSCO.L,ASSOCIATED BRITISH FOODS PLC OR,TESCO PLC ORD 6 1/3P,-2.7514698989058495,0.0655472785356956,0.05,0.006802709160335612,False,-0.5568598926890677,10.978072509085942,,,,,,,,,,,,,,
CONSUMER,GRG.L,NXT.L,GREGGS PLC ORD 2P,NEXT PLC ORD 10P,-2.7321248921451367,0.06864231165665317,0.05,0.006802709160335612,False,-1.8904705261387424,25.276300208272183,,,,,,,,,,,,,,
CONSUMER,EZJ.L,SBRY.L,EASYJET PLC ORD 27 2/7P,SAINSBURY (J) PLC ORD 28 4/7P,-2.7191779092005537,0.07077803963411376,0.05,0.006802709160335612,False,-1.1381047992648192,12.633824387949936,,,,,,,,,,,,,,
CONSUMER,GRG.L,TSCO.L,GREGGS PLC ORD 2P,TESCO PLC ORD 6 1/3P,-2.6952844111773424,0.0748578325925904,0.05,0.006802709160335612,False,-2.258816444609792,21.12276995135801,,,,,,,,,,,,,,
CONSUMER,BME.L,GRG.L,B&M EUROPEAN VALUE RETAIL PLC O,GREGGS PLC ORD 2P,-2.66306121101026,0.08065129001634119,0.05,0.006802709160335612,False,1.4645754951401946,-5.555257488067167,,,,,,,,,,,,,,
CONSUMER,ABF.L,NXT.L,ASSOCIATED BRITISH FOODS PLC OR,NEXT PLC ORD 10P,-2.65516182470182,0.08212375202570332,0.05,0.006802709160335612,False,-0.3830622831584595,11.225903704096135,,,,,,,,,,,,,,
CONSUMER,EZJ.L,NXT.L,EASYJET PLC ORD 27 2/7P,NEXT PLC ORD 10P,-2.6394428689511416,0.08511611343589648,0.05,0.006802709160335612,False,-0.4236784672073754,10.13414542150676,,,,,,,,,,,,,,
CONSUMER,IHG.L,WTB.L,INTERCONTINENTAL HOTELS GROUP P,WHITBREAD PLC ORD 76 122/153P,-2.617974087271568,0.08933899925138727,0.05,0.006802709160335612,False,-1.5838134272328297,17.371782007110347,,,,,,,,,,,,,,
CONSUMER,ABF.L,BME.L,ASSOCIATED BRITISH FOODS PLC OR,B&M EUROPEAN VALUE RETAIL PLC O,-2.608373478161692,0.09127896008900388,0.05,0.006802709160335612,False,0.17218671021619136,6.684330286722389,,,,,,,,,,,,,,
CONSUMER,DNLM.L,PETS.L,DUNELM GROUP PLC ORD 1P,PETS AT HOME GROUP PLC ORD 1P,-2.6047452177296972,0.09202048816408848,0.05,0.006802709160335612,False,0.8030535077451781,2.5814719717086483,,,,,,,,,,,,,,
CONSUMER,ABF.L,GRG.L,ASSOCIATED BRITISH FOODS PLC OR,GREGGS PLC ORD 2P,-2.5667774042372575,0.10005992699660249,0.05,0.006802709160335612,False,0.2554224942776487,5.703160254411982,,,,,,,,,,,,,,
CONSUMER,NXT.L,TSCO.L,NEXT PLC ORD 10P,TESCO PLC ORD 6 1/3P,-2.5665138294629233,0.1001175428037806,0.05,0.006802709160335612,False,1.1670366967272008,2.363600301483511,,,,,,,,,,,,,,
CONSUMER,EZJ.L,PETS.L,EASYJET PLC ORD 27 2/7P,PETS AT HOME GROUP PLC ORD 1P,-2.5648119100483764,0.10049017757394713,0.05,0.006802709160335612,False,0.4680748697092798,3.6227646877601805,,,,,,,,,,,,,,
CONSUMER,SBRY.L,TSCO.L,SAINSBURY (J) PLC ORD 28 4/7P,TESCO PLC ORD 6 1/3P,-2.5564004517835808,0.10234731007270537,0.05,0.006802709160335612,False,0.852854847356487,0.5707513072093304,,,,,,,,,,,,,,
CONSUMER,DOM.L,EZJ.L,DOMINO'S PIZZA GROUP PLC ORD 25,EASYJET PLC ORD 27 2/7P,-2.551353978155387,0.10347388003588959,0.05,0.006802709160335612,False,3.398983617873772,-15.49755993137856,,,,,,,,,,,,,,
CONSUMER,PETS.L,TSCO.L,PETS AT HOME GROUP PLC ORD 1P,TESCO PLC ORD 6 1/3P,-2.535211835839011,0.10714023740527245,0.05,0.006802709160335612,False,-1.3976233966987037,13.815205335491225,,,,,,,,,,,,,,
CONSUMER,BME.L,SBRY.L,B&M EUROPEAN VALUE RETAIL PLC O,SAINSBURY (J) PLC ORD 28 4/7P,-2.5296655330251676,0.10842219573933826,0.05,0.006802709160335612,False,-4.250940336639134,29.706481064743297,,,,,,,,,,,,,,
CONSUMER,BME.L,EZJ.L,B&M EUROPEAN VALUE RETAIL PLC O,EASYJET PLC ORD 27 2/7P,-2.5083644596716086,0.1134524034749862,0.05,0.006802709160335612,False,6.544069338315119,-34.818804430513474,,,,,,,,,,,,,,
CONSUMER,DNLM.L,IHG.L,DUNELM GROUP PLC ORD 1P,INTERCONTINENTAL HOTELS GROUP P,-2.466054872216935,0.12395347365511877,0.05,0.006802709160335612,False,-1.2443468325706732,12.94152714938244,,,,,,,,,,,,,,
CONSUMER,ABF.L,SBRY.L,ASSOCIATED BRITISH FOODS PLC OR,SAINSBURY (J) PLC ORD 28 4/7P,-2.4573585035368986,0.12619708650966555,0.05,0.006802709160335612,False,-0.4470619920090416,10.181823647873024,,,,,,,,,,,,,,
CONSUMER,PETS.L,WTB.L,PETS AT HOME GROUP PLC ORD 1P,WHITBREAD PLC ORD 76 122/153P,-2.438641390124101,0.13112577624580402,0.05,0.006802709160335612,False,2.301965546398288,-12.810161405071241,,,,,,,,,,,,,,
CONSUMER,ABF.L,DOM.L,ASSOCIATED BRITISH FOODS PLC OR,DOMINO'S PIZZA GROUP PLC ORD 25,-2.424828800073831,0.13485092936571186,0.05,0.006802709160335612,False,0.2131857584056973,6.475108419660172,,,,,,,,,,,,,,
CONSUMER,EZJ.L,GRG.L,EASYJET PLC ORD 27 2/7P,GREGGS PLC ORD 2P,-2.4239369074403396,0.13509404597785385,0.05,0.006802709160335612,False,0.19443751770625955,4.694835021825281,,,,,,,,,,,,,,
CONSUMER,EZJ.L,IHG.L,EASYJET PLC ORD 27 2/7P,INTERCONTINENTAL HOTELS GROUP P,-2.4104330728856302,0.138813377435772,0.05,0.006802709160335612,False,-0.7816228811924274,9.932334619151758,,,,,,,,,,,,,,
CONSUMER,ABF.L,EZJ.L,ASSOCIATED BRITISH FOODS PLC OR,EASYJET PLC ORD 27 2/7P,-2.3941594433735562,0.14339165287576427,0.05,0.006802709160335612,False,0.5197309716714197,4.435771100823295,,,,,,,,,,,,,,
CONSUMER,GRG.L,SBRY.L,GREGGS PLC ORD 2P,SAINSBURY (J) PLC ORD 28 4/7P,-2.30686418712855,0.16976369097689226,0.05,0.006802709160335612,False,-3.523879267069028,27.60445099307292,,,,,,,,,,,,,,
CONSUMER,BME.L,PETS.L,B&M EUROPEAN VALUE RETAIL PLC O,PETS AT HOME GROUP PLC ORD 1P,-2.2996498677300083,0.17208092100683725,0.05,0.006802709160335612,False,2.374993619631054,-7.36368579898729,,,,,,,,,,,,,,
CONSUMER,NXT.L,SBRY.L,NEXT PLC ORD 10P,SAINSBURY (J) PLC ORD 28 4/7P,-2.2913260427630835,0.17478075824748662,0.05,0.006802709160335612,False,1.4287182227285118,1.2400502845768475,,,,,,,,,,,,,,
CONSUMER,TSCO.L,WTB.L,TESCO PLC ORD 6 1/3P,WHITBREAD PLC ORD 76 122/153P,-2.194254345311472,0.20833740332602935,0.05,0.006802709160335612,False,-2.0889935215737183,22.55531381792465,,,,,,,,,,,,,,
CONSUMER,DNLM.L,TSCO.L,DUNELM GROUP PLC ORD 1P,TESCO PLC ORD 6 1/3P,-2.1643324058382833,0.21944438627397217,0.05,0.006802709160335612,False,-1.2817790083242069,14.630412650395225,,,,,,,,,,,,,,
CONSUMER,NXT.L,PETS.L,NEXT PLC ORD 10P,PETS AT HOME GROUP PLC ORD 1P,-2.124534290101349,0.2347643498152402,0.05,0.006802709160335612,False,-0.8237287723450443,13.83804053504754,,,,,,,,,,,,,,
CONSUMER,EZJ.L,WTB.L,EASYJET PLC ORD 27 2/7P,WHITBREAD PLC ORD 76 122/153P,-2.1218146883392657,0.23583375377630628,0.05,0.006802709160335612,False,1.3896487408034541,-4.848962590290588,,,,,,,,,,,,,,
CONSUMER,BME.L,WTB.L,B&M EUROPEAN VALUE RETAIL PLC O,WHITBREAD PLC ORD 76 122/153P,-2.1074278593092846,0.24153833086575532,0.05,0.006802709160335612,False,6.325857345241639,-44.59784071987725,,,,,,,,,,,,,,
CONSUMER,DNLM.L,EZJ.L,DUNELM GROUP PLC ORD 1P,EASYJET PLC ORD 27 2/7P,-2.073567941263378,0.25527500631136757,0.05,0.006802709160335612,False,1.3374219766950308,-1.299536588774588,,,,,,,,,,,,,,
CONSUMER,GRG.L,PETS.L,GREGGS PLC ORD 2P,PETS AT HOME GROUP PLC ORD 1P,-2.054504559461386,0.26319740706388145,0.05,0.006802709160335612,False,1.6591979364792748,-1.439396350883925,,,,,,,,,,,,,,
CONSUMER,DOM.L,GRG.L,DOMINO'S PIZZA GROUP PLC ORD 25,GREGGS PLC ORD 2P,-2.038444804523243,0.2699748309677903,0.05,0.006802709160335612,False,0.9073549894109827,-1.412181715663829,,,,,,,,,,,,,,
CONSUMER,NXT.L,WTB.L,NEXT PLC ORD 10P,WHITBREAD PLC ORD 76 122/153P,-2.026934109961486,0.27488970387187767,0.05,0.006802709160335612,False,-2.590140347058727,29.893593750871528,,,,,,,,,,,,,,
CONSUMER,PETS.L,SBRY.L,PETS AT HOME GROUP PLC ORD 1P,SAINSBURY (J) PLC ORD 28 4/7P,-1.9904460553864654,0.2907778187375587,0.05,0.006802709160335612,False,-2.0805146456744543,17.258730205022527,,,,,,,,,,,,,,
CONSUMER,DNLM.L,NXT.L,DUNELM GROUP PLC ORD 1P,NEXT PLC ORD 10P,-1.948470057073479,0.30961376801725626,0.05,0.006802709160335612,False,-0.8997234336077042,15.36912625701566,,,,,,,,,,,,,,
CONSUMER,DOM.L,WTB.L,DOMINO'S PIZZA GROUP PLC ORD 25,WHITBREAD PLC ORD 76 122/153P,-1.9134235068405798,0.32577285806142975,0.05,0.006802709160335612,False,4.830398236496667,-32.82772593737747,,,,,,,,,,,,,,
CONSUMER,GRG.L,WTB.L,GREGGS PLC ORD 2P,WHITBREAD PLC ORD 76 122/153P,-1.9111200971821587,0.32684808481857885,0.05,0.006802709160335612,False,5.252789585583416,-34.0616094161515,,,,,,,,,,,,,,
CONSUMER,DNLM.L,SBRY.L,DUNELM GROUP PLC ORD 1P,SAINSBURY (J) PLC ORD 28 4/7P,-1.8839605251500462,0.3396437961193957,0.05,0.006802709160335612,False,-3.123435073365257,24.689127859854246,,,,,,,,,,,,,,
CONSUMER,IHG.L,TSCO.L,INTERCONTINENTAL HOTELS GROUP P,TESCO PLC ORD 6 1/3P,-1.8649929313529443,0.3487044197152169,0.05,0.006802709160335612,False,0.9412159045911823,-0.8251016930723685,,,,,,,,,,,,,,
CONSUMER,SBRY.L,WTB.L,SAINSBURY (J) PLC ORD 28 4/7P,WHITBREAD PLC ORD 76 122/153P,-1.7134740938251771,0.4241839308603857,0.05,0.006802709160335612,False,-2.3302375417920493,24.158161962303243,,,,,,,,,,,,,,
CONSUMER,DOM.L,IHG.L,DOMINO'S PIZZA GROUP PLC ORD 25,INTERCONTINENTAL HOTELS GROUP P,-1.6171294229985833,0.4742345487396657,0.05,0.006802709160335612,False,-2.7632681613009984,18.774877034760532,,,,,,,,,,,,,,
CONSUMER,DOM.L,PETS.L,DOMINO'S PIZZA GROUP PLC ORD 25,PETS AT HOME GROUP PLC ORD 1P,-1.5648679772844216,0.5012134041425452,0.05,0.006802709160335612,False,1.5253936382019573,-2.8266662360774157,,,,,,,,,,,,,,
CONSUMER,BME.L,DNLM.L,B&M EUROPEAN VALUE RETAIL PLC O,DUNELM GROUP PLC ORD 1P,-1.5007558286031628,0.5331374082251212,0.05,0.006802709160335612,False,4.1528320916223445,-23.31199356798599,,,,,,,,,,,,,,
CONSUMER,DNLM.L,GRG.L,DUNELM GROUP PLC ORD 1P,GREGGS PLC ORD 2P,-1.419947437492157,0.5726765920836646,0.05,0.006802709160335612,False,0.3400993088660809,4.371300825901937,,,,,,,,,,,,,,
CONSUMER,BME.L,IHG.L,B&M EUROPEAN VALUE RETAIL PLC O,INTERCONTINENTAL HOTELS GROUP P,-1.4106422440438127,0.5771635925833122,0.05,0.006802709160335612,False,-3.9313439985489578,24.484459045481493,,,,,,,,,,,,,,
CONSUMER,DNLM.L,DOM.L,DUNELM GROUP PLC ORD 1P,DOMINO'S PIZZA GROUP PLC ORD 25,-1.3663774620526787,0.5982848789025301,0.05,0.006802709160335612,False,0.3531392085870036,5.019472889234159,,,,,,,,,,,,,,
CONSUMER,IHG.L,SBRY.L,INTERCONTINENTAL HOTELS GROUP P,SAINSBURY (J) PLC ORD 28 4/7P,-1.2716584878810473,0.6420368149815276,0.05,0.006802709160335612,False,1.2676925437419675,-2.3866357224783243,,,,,,,,,,,,,,
CONSUMER,IHG.L,NXT.L,INTERCONTINENTAL HOTELS GROUP P,NEXT PLC ORD 10P,-1.2404028497129471,0.6559785500878283,0.05,0.006802709160335612,False,0.70008417828741,-1.7361369440392043,,,,,,,,,,,,,,
CONSUMER,GRG.L,IHG.L,GREGGS PLC ORD 2P,INTERCONTINENTAL HOTELS GROUP P,-0.8480070462485807,0.8046122146879375,0.05,0.006802709160335612,False,-3.2748358905110604,23.35203053852225,,,,,,,,,,,,,,
DE_AUTO,CON.DE,MBG.DE,CONTINENTAL AG                I,Mercedes-Benz Group AG        N,-2.766390084749436,0.06323739907744066,0.05,,False,8.069330064926929,-27.63182124611097,,,,,,,,,,,,,,
DE_AUTO,CON.DE,PAH3.DE,CONTINENTAL AG                I,Porsche Automobil Holding SE  I,-2.72101923017449,0.07047111333713545,0.05,,False,-6.748878372283458,27.649162162824883,,,,,,,,,,,,,,
DE_AUTO,BMW.DE,MBG.DE,BAYERISCHE MOTOREN WERKE AG   S,Mercedes-Benz Group AG        N,-2.6885009227891787,0.07604933664813819,0.05,,False,1.5624351860347823,-1.8026770874818867,,,,,,,,,,,,,,
DE_AUTO,MBG.DE,VOW3.DE,Mercedes-Benz Group AG        N,VOLKSWAGEN AG                 V,-2.6048447248201643,0.09200008980861513,0.05,,False,0.8206314422927903,0.2573688608445579,,,,,,,,,,,,,,
DE_AUTO,BMW.DE,VOW3.DE,BAYERISCHE MOTOREN WERKE AG   S,VOLKSWAGEN AG                 V,-2.5578251643761383,0.10203094202672297,0.05,,False,1.2723380960699096,-1.356686325172178,,,,,,,,,,,,,,
DE_AUTO,CON.DE,VOW3.DE,CONTINENTAL AG                I,VOLKSWAGEN AG                 V,-2.3838962977487346,0.1463332388455872,0.05,,False,5.254709289414737,-19.46293348579346,,,,,,,,,,,,,,
DE_AUTO,MBG.DE,PAH3.DE,Mercedes-Benz Group AG        N,Porsche Automobil Holding SE  I,-2.309619192363876,0.1688843565827518,0.05,,False,0.8778341582541579,0.8314483023812089,,,,,,,,,,,,,,
DE_AUTO,BMW.DE,PAH3.DE,BAYERISCHE MOTOREN WERKE AG   S,Porsche Automobil Holding SE  I,-1.9994103318112197,0.286831707959445,0.05,,False,1.7738492710480147,-1.9162132159997913,,,,,,,,,,,,,,
DE_AUTO,PAH3.DE,VOW3.DE,Porsche Automobil Holding SE  I,VOLKSWAGEN AG                 V,-1.3314927721333931,0.614644042669883,0.05,,False,0.8912165226466207,-0.45961176734756704,,,,,,,,,,,,,,
DE_AUTO,BMW.DE,CON.DE,BAYERISCHE MOTOREN WERKE AG   S,CONTINENTAL AG                I,-0.9776824065161557,0.7613168600146523,0.05,,False,0.3251046045378718,3.028122084687403,,,,,,,,,,,,,,
DE_BANKS_INSURANCE,ALV.DE,CBK.DE,Allianz SE                    v,Commerzbank AG                I,-3.3453950706061746,0.012967308253050673,0.05,,False,0.37713508426110626,4.562849859339306,,,,,,,,,,,,,,
DE_BANKS_INSURANCE,CBK.DE,HNR1.DE,Commerzbank AG                I,HANNOVER RUECK SE NA O.N.,-3.299807474582855,0.014887082577492184,0.05,,False,11.946357960408692,-62.28441384846487,,,,,,,,,,,,,,
DE_BANKS_INSURANCE,DBK.DE,HNR1.DE,DEUTSCHE BANK AG              N,HANNOVER RUECK SE NA O.N.,-3.218381322415544,0.018945047724265442,0.05,,False,9.795648670792923,-50.57516286754102,,,,,,,,,,,,,,
DE_BANKS_INSURANCE,CBK.DE,DBK.DE,Commerzbank AG                I,DEUTSCHE BANK AG              N,-3.0940487288577847,0.026996755534360175,0.05,,False,1.2308365593017738,-0.6398553232275921,,,,,,,,,,,,,,
DE_BANKS_INSURANCE,HNR1.DE,MUV2.DE,HANNOVER RUECK SE NA O.N.,MUENCHENER RUECKVERS.-GES. AG N,-2.960384423855056,0.03876329315648455,0.05,,False,0.6437993136057767,1.4862212080236166,,,,,,,,,,,,,,
DE_BANKS_INSURANCE,ALV.DE,HNR1.DE,Allianz SE                    v,HANNOVER RUECK SE NA O.N.,-2.5697445391186786,0.09941306345561074,0.05,,False,3.5527678496140136,-13.708607867707263,,,,,,,,,,,,,,
DE_BANKS_INSURANCE,ALV.DE,DBK.DE,Allianz SE                    v,DEUTSCHE BANK AG              N,-2.2816334310842987,0.17795999141938368,0.05,,False,0.45741882169161485,4.342414788703995,,,,,,,,,,,,,,
DE_BANKS_INSURANCE,DBK.DE,MUV2.DE,DEUTSCHE BANK AG              N,MUENCHENER RUECKVERS.-GES. AG N,-2.2401384244587583,0.19200125637938037,0.05,,False,4.593978654083879,-25.399663213943754,,,,,,,,,,,,,,
DE_BANKS_INSURANCE,CBK.DE,MUV2.DE,Commerzbank AG                I,MUENCHENER RUECKVERS.-GES. AG N,-1.5227672799298209,0.522220139278056,0.05,,False,5.9377952849123465,-33.65947656139293,,,,,,,,,,,,,,
DE_BANKS_INSURANCE,ALV.DE,MUV2.DE,Allianz SE                    v,MUENCHENER RUECKVERS.-GES. AG N,-1.1552684720995445,0.6925362446680928,0.05,,False,1.9090095347025415,-6.083243793583613,,,,,,,,,,,,,,
DE_CHEMICALS,BAS.DE,LXS.DE,BASF SE                       N,LANXESS AG                    I,-3.3194193085946337,0.014032434250507703,0.05,,False,-0.1909192568421967,4.349426067020992,,,,,,,,,,,,,,
DE_CHEMICALS,LXS.DE,WCH.DE,LANXESS AG                    I,Wacker Chemie AG              I,-2.9916507356251025,0.035681507496099586,0.05,,False,-3.03700295675491,16.16088070027434,,,,,,,,,,,,,,
DE_CHEMICALS,LXS.DE,SY1.DE,LANXESS AG                    I,Symrise AG                    I,-2.7298448965162763,0.06901464574100977,0.05,,False,1.1867118441882862,-2.21352551110314,,,,,,,,,,,,,,
DE_CHEMICALS,BAS.DE,SY1.DE,BASF SE                       N,Symrise AG                    I,-2.650115921771351,0.08307524486128237,0.05,,False,-0.28211234617599973,5.0207912090401186,,,,,,,,,,,,,,
DE_CHEMICALS,BAS.DE,WCH.DE,BASF SE                       N,Wacker Chemie AG              I,-2.383212888547838,0.14653060953839425,0.05,,False,0.3879123487636885,2.0892582107798194,,,,,,,,,,,,,,
DE_CHEMICALS,SY1.DE,WCH.DE,Symrise AG                    I,Wacker Chemie AG              I,-1.7756946284179829,0.392593639378808,0.05,,False,2.910683791345264,-8.03814174788734,,,,,,,,,,,,,,
DE_HEALTHCARE,FRE.DE,MRK.DE,Fresenius SE & Co. KGaA       N,MERCK KGAA                    I,-3.0061667856167467,0.034322499669109746,0.05,,False,-1.3228158582639893,10.042906226951619,,,,,,,,,,,,,,
DE_HEALTHCARE,FME.DE,MRK.DE,Fresenius Medical Care AG     I,MERCK KGAA                    I,-2.877705699447634,0.04800262257629342,0.05,,False,-0.6782126063370035,6.949730739110684,,,,,,,,,,,,,,
DE_HEALTHCARE,BAYN.DE,SHL.DE,Bayer AG                      N,Siemens Healthineers AG       N,-2.5302468032804573,0.1082873064399047,0.05,,False,-2.4427404566350894,12.649450657893446,,,,,,,,,,,,,,
DE_HEALTHCARE,BAYN.DE,FME.DE,Bayer AG                      N,Fresenius Medical Care AG     I,-2.3747864761681416,0.14897954720319123,0.05,,False,-5.734657927193306,24.405350004491183,,,,,,,,,,,,,,
DE_HEALTHCARE,BAYN.DE,MRK.DE,Bayer AG                      N,MERCK KGAA                    I,-2.0456373056499753,0.2669279308122474,0.05,,False,-4.871617315340812,26.865462568589486,,,,,,,,,,,,,,
DE_HEALTHCARE,BAYN.DE,FRE.DE,Bayer AG                      N,Fresenius SE & Co. KGaA       N,-2.029929754407567,0.2736060553287942,0.05,,False,1.8094979283864336,-3.275574869917029,,,,,,,,,,,,,,
DE_HEALTHCARE,FME.DE,SHL.DE,Fresenius Medical Care AG     I,Siemens Healthineers AG       N,-1.940008178426117,0.3134802634123161,0.05,,False,0.4182581872315043,2.079342278794739,,,,,,,,,,,,,,
DE_HEALTHCARE,FME.DE,FRE.DE,Fresenius Medical Care AG     I,Fresenius SE & Co. KGaA       N,-1.8736901054642623,0.34453751294962637,0.05,,False,0.4047088589922889,2.1952910509961527,,,,,,,,,,,,,,
DE_HEALTHCARE,FRE.DE,SHL.DE,Fresenius SE & Co. KGaA       N,Siemens Healthineers AG       N,-1.5896785632532389,0.48877622819725736,0.05,,False,-1.9932292500244069,11.253404400095855,,,,,,,,,,,,,,
DE_HEALTHCARE,MRK.DE,SHL.DE,MERCK KGAA                    I,Siemens Healthineers AG       N,-0.3292519723360137,0.9212579868623085,0.05,,False,1.2895037245230045,-0.08657872064812988,,,,,,,,,,,,,,
DE_INDUSTRIALS,KGX.DE,MTX.DE,KION GROUP AG                 I,MTU Aero Engines AG           N,-3.4893100300370046,0.008265917087761847,0.05,0.008265917087761847,True,2.170647542243731,-8.764795817608313,21.78177736384154,-0.0014841054178752035,-0.031822342547242824,63.0,0.733753339492194,2.888609528595101,False,,0.2,-0.04327130487145962,-0.363885746564903,-0.08434834684204962,True,mixed signal
DE_INDUSTRIALS,HEI.DE,MTX.DE,Heidelberg Materials AG       I,MTU Aero Engines AG           N,-3.032112425312399,0.03200239427082828,0.05,0.008265917087761847,False,2.6444372296562513,-10.240479260130112,,,,,,,,,,,,,,
DE_INDUSTRIALS,HEI.DE,KGX.DE,Heidelberg Materials AG       I,KION GROUP AG                 I,-2.049676845728907,0.265224912674846,0.05,0.008265917087761847,False,1.3035226392711714,0.11578478124875247,,,,,,,,,,,,,,
DE_INDUSTRIALS,MTX.DE,SIE.DE,MTU Aero Engines AG           N,SIEMENS AG                    N,-1.9831364039335813,0.29401579384791365,0.05,0.008265917087761847,False,0.7991079122255934,1.5092665510766325,,,,,,,,,,,,,,
DE_INDUSTRIALS,HEI.DE,SIE.DE,Heidelberg Materials AG       I,SIEMENS AG                    N,-1.8924197854449385,0.3356354425809691,0.05,0.008265917087761847,False,2.0767699634220533,-6.05485686707092,,,,,,,,,,,,,,
DE_INDUSTRIALS,KGX.DE,SIE.DE,KION GROUP AG                 I,SIEMENS AG                    N,-0.6087654471624137,0.8689890684033781,0.05,0.008265917087761847,False,1.800263050863656,-5.83940368702343,,,,,,,,,,,,,,
DE_REAL_ESTATE,GYC.DE,LEG.DE,Grand City Properties S.A.    A,LEG Immobilien SE             N,-3.519489851482701,0.007500436380062076,0.05,,False,0.692881313556033,-0.5682000499465576,,,,,,,,,,,,,,
DE_REAL_ESTATE,GYC.DE,VNA.DE,Grand City Properties S.A.    A,Vonovia SE                    N,-3.2508904795742954,0.01722155827431568,0.05,,False,0.937164497763931,-0.6774459883995161,,,,,,,,,,,,,,
DE_REAL_ESTATE,DWNI.DE,LEG.DE,Deutsche Wohnen SE            I,LEG Immobilien SE             N,-3.1709595252146223,0.021728404484344623,0.05,,False,0.5391866238472945,0.8077561792895733,,,,,,,,,,,,,,
DE_REAL_ESTATE,LEG.DE,VNA.DE,LEG Immobilien SE             N,Vonovia SE                    N,-2.926606202627103,0.042340387392862604,0.05,,False,1.3555539845117253,-0.167321844493717,,,,,,,,,,,,,,
DE_REAL_ESTATE,DWNI.DE,VNA.DE,Deutsche Wohnen SE            I,Vonovia SE                    N,-2.9176033167935405,0.04333893185599057,0.05,,False,0.8652186803986994,0.28427750497840876,,,,,,,,,,,,,,
DE_REAL_ESTATE,DWNI.DE,GYC.DE,Deutsche Wohnen SE            I,Grand City Properties S.A.    A,-2.8554525387015253,0.050778916775752796,0.05,,False,0.9213255469636232,0.9141836653900732,,,,,,,,,,,,,,
DE_REAL_ESTATE,AT1.DE,DWNI.DE,Aroundtown SA                 B,Deutsche Wohnen SE            I,-1.6367879689437919,0.4639396606640353,0.05,,False,1.9011563314504063,-4.884711387694333,,,,,,,,,,,,,,
DE_REAL_ESTATE,AT1.DE,GYC.DE,Aroundtown SA                 B,Grand City Properties S.A.    A,-1.4270803782536596,0.5692268132514706,0.05,,False,3.003172794214189,-6.082198412776246,,,,,,,,,,,,,,
DE_REAL_ESTATE,AT1.DE,VNA.DE,Aroundtown SA                 B,Vonovia SE                    N,-1.4041204548268986,0.5802991342327368,0.05,,False,2.3572763747227907,-6.642000548678169,,,,,,,,,,,,,,
DE_REAL_ESTATE,AT1.DE,LEG.DE,Aroundtown SA                 B,LEG Immobilien SE             N,-1.2116064652158198,0.6685830815561113,0.05,,False,1.8722768032237787,-6.911569148263346,,,,,,,,,,,,,,
DE_SOFTWARE,NEM.DE,SAP.DE,Nemetschek SE                 I,SAP SE                        I,-3.3512173947286525,0.012738626672913773,0.05,0.012738626672913773,True,1.2266986359860486,-2.0046831360473254,15.771889880129283,-0.0003317752452762485,-0.043948264020865935,47.0,-1.1116400728134384,3.9394544852893825,False,,0.6,0.005698169286675749,0.22484156287231527,0.1613310525418159,True,reversion signs agree
DE_SOFTWARE,SAP.DE,TMV.DE,SAP SE                        I,TeamViewer SE                 I,-1.74398826376394,0.40860266652300625,0.05,0.012738626672913773,False,0.3929852692873562,4.487098128549951,,,,,,,,,,,,,,
DE_SOFTWARE,NEM.DE,TMV.DE,Nemetschek SE                 I,TeamViewer SE                 I,-1.1891574267675216,0.6782424356526773,0.05,0.012738626672913773,False,0.5246659689607233,3.4079362610301906,,,,,,,,,,,,,,
DE_UTILITIES_ENERGY,ENR.DE,EOAN.DE,Siemens Energy AG             N,E.ON SE                       N,-2.143678095616285,0.22731779000735908,0.05,,False,3.6540010820920217,-5.365426652213287,,,,,,,,,,,,,,
DE_UTILITIES_ENERGY,EOAN.DE,RWE.DE,E.ON SE                       N,RWE AG                        I,-1.944434660964228,0.3114548317880044,0.05,,False,0.7369734179533646,-0.01020299280567194,,,,,,,,,,,,,,
DE_UTILITIES_ENERGY,ENR.DE,RWE.DE,Siemens Energy AG             N,RWE AG                        I,-1.8074954416948692,0.37674681589755366,0.05,,False,2.815705621942291,-5.845558330954658,,,,,,,,,,,,,,
ENERGY_UTILITIES,SSE.L,SVT.L,SSE PLC ORD 50P,SEVERN TRENT PLC ORD 97 17/19P,-4.284393974364439,0.00047268133032904637,0.05,,False,2.3466501800036053,-10.98262870927069,,,,,,,,,,,,,,
ENERGY_UTILITIES,NG.L,SVT.L,NATIONAL GRID PLC ORD 12 204/47,SEVERN TRENT PLC ORD 97 17/19P,-4.018438778151043,0.0013169791153633695,0.05,,False,1.4399697078403562,-4.399170889639233,,,,,,,,,,,,,,
ENERGY_UTILITIES,GCP.L,HICL.L,GCP INFRASTRUCTURE INVESTMENTS ,HICL INFRASTRUCTURE PLC ORD 0.0,-3.999504024592029,0.0014131105535661894,0.05,,False,0.7600154278394515,0.6709281562714535,,,,,,,,,,,,,,
ENERGY_UTILITIES,ENOG.L,UU.L,ENERGEAN PLC ORD 1P,UNITED UTILITIES GROUP PLC ORD ,-3.746202166375195,0.0035082698571072646,0.05,,False,-0.6157387859709958,11.145639996541359,,,,,,,,,,,,,,
ENERGY_UTILITIES,ENOG.L,NG.L,ENERGEAN PLC ORD 1P,NATIONAL GRID PLC ORD 12 204/47,-3.697098620684375,0.004154150216975345,0.05,,False,-0.5799408089755616,10.863745726366334,,,,,,,,,,,,,,
ENERGY_UTILITIES,TRIG.L,UKW.L,THE RENEWABLES INFRASTRUCTURE G,GREENCOAT UK WIND PLC ORD 1P,-3.65560803892498,0.0047827106170886605,0.05,,False,1.0824965430676197,-0.744010449799485,,,,,,,,,,,,,,
ENERGY_UTILITIES,NG.L,UU.L,NATIONAL GRID PLC ORD 12 204/47,UNITED UTILITIES GROUP PLC ORD ,-3.6488387868516488,0.004893122046229167,0.05,,False,1.0548072133245956,-0.4374153119184916,,,,,,,,,,,,,,
ENERGY_UTILITIES,ENOG.L,SVT.L,ENERGEAN PLC ORD 1P,SEVERN TRENT PLC ORD 97 17/19P,-3.612294788467509,0.005530281565729196,0.05,,False,-1.0838048009872834,15.380363535587216,,,,,,,,,,,,,,
ENERGY_UTILITIES,NG.L,SSE.L,NATIONAL GRID PLC ORD 12 204/47,SSE PLC ORD 50P,-3.3930402071604964,0.011198430986883633,0.05,,False,0.6158706223922903,2.323116174892329,,,,,,,,,,,,,,
ENERGY_UTILITIES,HBR.L,PNN.L,HARBOUR ENERGY PLC ORD 0.002P,PENNON GROUP PLC ORD 61 1/20P,-3.3586954975569756,0.012450159446874293,0.05,,False,2.2543223504368965,-8.661834813086104,,,,,,,,,,,,,,
ENERGY_UTILITIES,CNA.L,ENOG.L,CENTRICA PLC ORD 6 14/81P,ENERGEAN PLC ORD 1P,-3.341204679459298,0.013134135919294814,0.05,,False,-3.464641699731672,28.662232301541785,,,,,,,,,,,,,,
ENERGY_UTILITIES,BP.L,SVT.L,BP PLC $0.25,SEVERN TRENT PLC ORD 97 17/19P,-3.2688997513404434,0.016327197123713406,0.05,,False,2.20023531219103,-11.314407018257508,,,,,,,,,,,,,,
ENERGY_UTILITIES,BP.L,ENOG.L,BP PLC $0.25,ENERGEAN PLC ORD 1P,-3.2361759474053815,0.01798387341791047,0.05,,False,-3.9127170545539136,32.740884406715125,,,,,,,,,,,,,,
ENERGY_UTILITIES,GCP.L,INPP.L,GCP INFRASTRUCTURE INVESTMENTS ,INTERNATIONAL PUBLIC PARTNERSHI,-3.2282439162692276,0.018406924618146324,0.05,,False,0.6176242576392228,1.3350163697632795,,,,,,,,,,,,,,
ENERGY_UTILITIES,FSFL.L,SVT.L,FORESIGHT SOLAR FUND LIMITED OR,SEVERN TRENT PLC ORD 97 17/19P,-3.2135022240602744,0.01921630032340291,0.05,,False,-2.1154225190810827,21.05193528816973,,,,,,,,,,,,,,
ENERGY_UTILITIES,CNA.L,UKW.L,CENTRICA PLC ORD 6 14/81P,GREENCOAT UK WIND PLC ORD 1P,-3.1927634425101252,0.020407399403707942,0.05,,False,-1.3793316853364037,11.582018039185506,,,,,,,,,,,,,,
ENERGY_UTILITIES,ENOG.L,SSE.L,ENERGEAN PLC ORD 1P,SSE PLC ORD 50P,-3.163265013907161,0.02221196827486229,0.05,,False,-0.23622518606786208,8.601989951874055,,,,,,,,,,,,,,
ENERGY_UTILITIES,BP.L,NG.L,BP PLC $0.25,NATIONAL GRID PLC ORD 12 204/47,-3.154850931580574,0.022751396679946096,0.05,,False,1.2390968058175846,-2.576266490626953,,,,,,,,,,,,,,
ENERGY_UTILITIES,CNA.L,SVT.L,CENTRICA PLC ORD 6 14/81P,SEVERN TRENT PLC ORD 97 17/19P,-3.118378865046785,0.02522263094926532,0.05,,False,2.610042908553848,-15.577473082902184,,,,,,,,,,,,,,
ENERGY_UTILITIES,GCP.L,HBR.L,GCP INFRASTRUCTURE INVESTMENTS ,HARBOUR ENERGY PLC ORD 0.002P,-3.0802105683435466,0.02805278187902046,0.05,,False,0.11111994540751907,3.703011175952228,,,,,,,,,,,,,,
ENERGY_UTILITIES,ENOG.L,UKW.L,ENERGEAN PLC ORD 1P,GREENCOAT UK WIND PLC ORD 1P,-3.0791579001632763,0.02813454123652359,0.05,,False,0.4173839873527555,4.838591351555647,,,,,,,,,,,,,,
ENERGY_UTILITIES,CNA.L,TRIG.L,CENTRICA PLC ORD 6 14/81P,THE RENEWABLES INFRASTRUCTURE G,-2.9886443665624745,0.035968568285425266,0.05,,False,-1.2714454606105028,10.621854905398465,,,,,,,,,,,,,,
ENERGY_UTILITIES,ENOG.L,HICL.L,ENERGEAN PLC ORD 1P,HICL INFRASTRUCTURE PLC ORD 0.0,-2.9843649603345717,0.03638053938954586,0.05,,False,-4.508795159980476,28.402621982013567,,,,,,,,,,,,,,
ENERGY_UTILITIES,GCP.L,SSE.L,GCP INFRASTRUCTURE INVESTMENTS ,SSE PLC ORD 50P,-2.9743354968316176,0.037361650026898466,0.05,,False,0.05915565702269128,3.862368041879817,,,,,,,,,,,,,,
ENERGY_UTILITIES,BP.L,SSE.L,BP PLC $0.25,SSE PLC ORD 50P,-2.973961055793945,0.037398705546204274,0.05,,False,0.655064111303635,1.1193649134967192,,,,,,,,,,,,,,
ENERGY_UTILITIES,ENOG.L,PNN.L,ENERGEAN PLC ORD 1P,PENNON GROUP PLC ORD 61 1/20P,-2.972490652637455,0.037544518913523624,0.05,,False,0.4773624225312894,3.8255922165435887,,,,,,,,,,,,,,
ENERGY_UTILITIES,BP.L,GCP.L,BP PLC $0.25,GCP INFRASTRUCTURE INVESTMENTS ,-2.9418209929847574,0.04069645916929242,0.05,,False,9.504140808304689,-34.88713273600651,,,,,,,,,,,,,,
ENERGY_UTILITIES,INPP.L,SSE.L,INTERNATIONAL PUBLIC PARTNERSHI,SSE PLC ORD 50P,-2.9140841921314475,0.043734540290182734,0.05,,False,0.24414939233125746,2.970186929785995,,,,,,,,,,,,,,
ENERGY_UTILITIES,DCC.L,GCP.L,DCC ENERGY PLC ORD EUR0.25 (CDI,GCP INFRASTRUCTURE INVESTMENTS ,-2.9029133064577457,0.045010266910329,0.05,,False,5.09175098146936,-13.412388562346882,,,,,,,,,,,,,,
ENERGY_UTILITIES,CNA.L,UU.L,CENTRICA PLC ORD 6 14/81P,UNITED UTILITIES GROUP PLC ORD ,-2.8772136226514644,0.04806263170942056,0.05,,False,1.7296659227392297,-7.115001668133639,,,,,,,,,,,,,,
ENERGY_UTILITIES,SVT.L,TRIG.L,SEVERN TRENT PLC ORD 97 17/19P,THE RENEWABLES INFRASTRUCTURE G,-2.8453535877268634,0.05208166836849979,0.05,,False,-0.38832493966218945,9.604704614631494,,,,,,,,,,,,,,
ENERGY_UTILITIES,CNA.L,GCP.L,CENTRICA PLC ORD 6 14/81P,GCP INFRASTRUCTURE INVESTMENTS ,-2.8365569914368516,0.0532386178977404,0.05,,False,-36.27160196392071,161.36612133671835,,,,,,,,,,,,,,
ENERGY_UTILITIES,GCP.L,SVT.L,GCP INFRASTRUCTURE INVESTMENTS ,SEVERN TRENT PLC ORD 97 17/19P,-2.8347697469263604,0.05347623106164134,0.05,,False,0.008278498890903886,4.244241244772251,,,,,,,,,,,,,,
ENERGY_UTILITIES,GCP.L,NG.L,GCP INFRASTRUCTURE INVESTMENTS ,NATIONAL GRID PLC ORD 12 204/47,-2.8286666470418917,0.05429417703582675,0.05,,False,-0.0038979611913568125,4.33686764438438,,,,,,,,,,,,,,
ENERGY_UTILITIES,ENOG.L,GCP.L,ENERGEAN PLC ORD 1P,GCP INFRASTRUCTURE INVESTMENTS ,-2.8243841441984516,0.05487419967967215,0.05,,False,310.09083800772464,-1329.5703561254024,,,,,,,,,,,,,,
ENERGY_UTILITIES,GCP.L,UU.L,GCP INFRASTRUCTURE INVESTMENTS ,UNITED UTILITIES GROUP PLC ORD ,-2.8211550330236377,0.055314884536089376,0.05,,False,-0.03730003794984891,4.571950490059835,,,,,,,,,,,,,,
ENERGY_UTILITIES,BP.L,UU.L,BP PLC $0.25,UNITED UTILITIES GROUP PLC ORD ,-2.8187684977971865,0.055642431031299046,0.05,,False,1.3685866115336263,-3.5512793398828464,,,,,,,,,,,,,,
ENERGY_UTILITIES,UKW.L,UU.L,GREENCOAT UK WIND PLC ORD 1P,UNITED UTILITIES GROUP PLC ORD ,-2.8113780317762838,0.05666678786596255,0.05,,False,-1.3122444474883594,13.96478036012504,,,,,,,,,,,,,,
ENERGY_UTILITIES,GCP.L,TRIG.L,GCP INFRASTRUCTURE INVESTMENTS ,THE RENEWABLES INFRASTRUCTURE G,-2.8014779066639037,0.058062969537186974,0.05,,False,0.13741096434990155,3.7072505911065736,,,,,,,,,,,,,,
ENERGY_UTILITIES,SSE.L,UU.L,SSE PLC ORD 50P,UNITED UTILITIES GROUP PLC ORD ,-2.7829919165450328,0.06074462256862183,0.05,,False,1.7504442061612178,-4.7476732894186515,,,,,,,,,,,,,,
ENERGY_UTILITIES,GCP.L,UKW.L,GCP INFRASTRUCTURE INVESTMENTS ,GREENCOAT UK WIND PLC ORD 1P,-2.772253844807919,0.06234771191975864,0.05,,False,0.1396496309117163,3.6481110217822055,,,,,,,,,,,,,,
ENERGY_UTILITIES,CNA.L,NG.L,CENTRICA PLC ORD 6 14/81P,NATIONAL GRID PLC ORD 12 204/47,-2.751383959964421,0.0655607765409199,0.05,,False,1.6355842944686314,-6.3683517440949755,,,,,,,,,,,,,,
ENERGY_UTILITIES,HICL.L,INPP.L,HICL INFRASTRUCTURE PLC ORD 0.0,INTERNATIONAL PUBLIC PARTNERSHI,-2.745708839918548,0.06645708085680899,0.05,,False,0.9063558368051996,0.42245567160246367,,,,,,,,,,,,,,
ENERGY_UTILITIES,GCP.L,PNN.L,GCP INFRASTRUCTURE INVESTMENTS ,PENNON GROUP PLC ORD 61 1/20P,-2.7343341849202667,0.06828305343109072,0.05,,False,0.17489599626239985,3.2140987801644516,,,,,,,,,,,,,,
ENERGY_UTILITIES,FSFL.L,GCP.L,FORESIGHT SOLAR FUND LIMITED OR,GCP INFRASTRUCTURE INVESTMENTS ,-2.7319904292646817,0.06866422554532844,0.05,,False,6.692817172723246,-24.508511103764576,,,,,,,,,,,,,,
ENERGY_UTILITIES,HBR.L,HICL.L,HARBOUR ENERGY PLC ORD 0.002P,HICL INFRASTRUCTURE PLC ORD 0.0,-2.7163547497303293,0.07125068858690828,0.05,,False,6.2256046508025955,-24.34697076021315,,,,,,,,,,,,,,
ENERGY_UTILITIES,DCC.L,HICL.L,DCC ENERGY PLC ORD EUR0.25 (CDI,HICL INFRASTRUCTURE PLC ORD 0.0,-2.6811412204304426,0.07735889982010609,0.05,,False,2.8996696345090633,-5.351443735013326,,,,,,,,,,,,,,
ENERGY_UTILITIES,NG.L,UKW.L,NATIONAL GRID PLC ORD 12 204/47,GREENCOAT UK WIND PLC ORD 1P,-2.6581519059487357,0.08156394578788206,0.05,,False,-0.8219719380825777,10.873736072838861,,,,,,,,,,,,,,
ENERGY_UTILITIES,INPP.L,SVT.L,INTERNATIONAL PUBLIC PARTNERSHI,SEVERN TRENT PLC ORD 97 17/19P,-2.6495779866589735,0.08317718653853812,0.05,,False,0.5460758971685629,0.5010190652839377,,,,,,,,,,,,,,
ENERGY_UTILITIES,PNN.L,TRIG.L,PENNON GROUP PLC ORD 61 1/20P,THE RENEWABLES INFRASTRUCTURE G,-2.6291700698712055,0.08711701726977139,0.05,,False,0.5716926825291013,3.757773474982334,,,,,,,,,,,,,,
ENERGY_UTILITIES,SVT.L,UU.L,SEVERN TRENT PLC ORD 97 17/19P,UNITED UTILITIES GROUP PLC ORD ,-2.6269550842038996,0.08755318061748374,0.05,,False,0.7329198743798205,2.748468095093868,,,,,,,,,,,,,,
ENERGY_UTILITIES,CNA.L,PNN.L,CENTRICA PLC ORD 6 14/81P,PENNON GROUP PLC ORD 61 1/20P,-2.5854762224391017,0.09603634440321662,0.05,,False,-4.039066734275692,30.348852218453406,,,,,,,,,,,,,,
ENERGY_UTILITIES,HICL.L,SSE.L,HICL INFRASTRUCTURE PLC ORD 0.0,SSE PLC ORD 50P,-2.5562469009147692,0.10238145138339166,0.05,,False,0.12930146448963273,3.8100241613396766,,,,,,,,,,,,,,
ENERGY_UTILITIES,CNA.L,FSFL.L,CENTRICA PLC ORD 6 14/81P,FORESIGHT SOLAR FUND LIMITED OR,-2.5261909823646373,0.10923112082667868,0.05,,False,-1.4246105634460575,11.223891063706553,,,,,,,,,,,,,,
ENERGY_UTILITIES,BP.L,FSFL.L,BP PLC $0.25,FORESIGHT SOLAR FUND LIMITED OR,-2.5125681431616105,0.11244623027568251,0.05,,False,-0.9390042977717938,10.143311299903726,,,,,,,,,,,,,,
ENERGY_UTILITIES,ENOG.L,INPP.L,ENERGEAN PLC ORD 1P,INTERNATIONAL PUBLIC PARTNERSHI,-2.499945285019629,0.11548763807177226,0.05,,False,-4.498411979576456,28.481383712791487,,,,,,,,,,,,,,
ENERGY_UTILITIES,BP.L,INPP.L,BP PLC $0.25,INTERNATIONAL PUBLIC PARTNERSHI,-2.4885128921368307,0.11829433799415595,0.05,,False,3.6628209665432347,-11.568641619889124,,,,,,,,,,,,,,
ENERGY_UTILITIES,FSFL.L,TRIG.L,FORESIGHT SOLAR FUND LIMITED OR,THE RENEWABLES INFRASTRUCTURE G,-2.4681561991233365,0.12341573413486517,0.05,,False,0.9320018688790406,0.24936088582264393,,,,,,,,,,,,,,
ENERGY_UTILITIES,BP.L,HICL.L,BP PLC $0.25,HICL INFRASTRUCTURE PLC ORD 0.0,-2.4626283860668297,0.12483398967162673,0.05,,False,7.120521139402629,-28.018492299907944,,,,,,,,,,,,,,
ENERGY_UTILITIES,INPP.L,UU.L,INTERNATIONAL PUBLIC PARTNERSHI,UNITED UTILITIES GROUP PLC ORD ,-2.449394010020774,0.12827763975162582,0.05,,False,0.34744919908194155,2.373039739991682,,,,,,,,,,,,,,
ENERGY_UTILITIES,BP.L,UKW.L,BP PLC $0.25,GREENCOAT UK WIND PLC ORD 1P,-2.4234404032021484,0.1352295215069006,0.05,,False,-0.9592097410368869,10.616461596077075,,,,,,,,,,,,,,
ENERGY_UTILITIES,ENOG.L,TRIG.L,ENERGEAN PLC ORD 1P,THE RENEWABLES INFRASTRUCTURE G,-2.4018348625226733,0.14121920188810194,0.05,,False,0.34189033463177904,5.316978588373864,,,,,,,,,,,,,,
ENERGY_UTILITIES,INPP.L,NG.L,INTERNATIONAL PUBLIC PARTNERSHI,NATIONAL GRID PLC ORD 12 204/47,-2.4005337705139773,0.1415858125776841,0.05,,False,0.29647830383021817,2.746883757724464,,,,,,,,,,,,,,
ENERGY_UTILITIES,HICL.L,UU.L,HICL INFRASTRUCTURE PLC ORD 0.0,UNITED UTILITIES GROUP PLC ORD ,-2.3610052311489595,0.1530461222930687,0.05,,False,0.15512100368044227,3.696912799719901,,,,,,,,,,,,,,
ENERGY_UTILITIES,HBR.L,SVT.L,HARBOUR ENERGY PLC ORD 0.002P,SEVERN TRENT PLC ORD 97 17/19P,-2.357816349085637,0.15399797577093022,0.05,,False,16.757473686825996,-126.96297307388578,,,,,,,,,,,,,,
ENERGY_UTILITIES,FSFL.L,PNN.L,FORESIGHT SOLAR FUND LIMITED OR,PENNON GROUP PLC ORD 61 1/20P,-2.3446079522661165,0.15798419742268455,0.05,,False,3.3090016931715005,-16.392575510324665,,,,,,,,,,,,,,
ENERGY_UTILITIES,FSFL.L,UKW.L,FORESIGHT SOLAR FUND LIMITED OR,GREENCOAT UK WIND PLC ORD 1P,-2.3418880555082686,0.158813785989543,0.05,,False,1.016733410247155,-0.4812197861336971,,,,,,,,,,,,,,
ENERGY_UTILITIES,HICL.L,SVT.L,HICL INFRASTRUCTURE PLC ORD 0.0,SEVERN TRENT PLC ORD 97 17/19P,-2.336648916598008,0.16042018372656014,0.05,,False,0.284977598827291,2.5357332697061374,,,,,,,,,,,,,,
ENERGY_UTILITIES,BP.L,PNN.L,BP PLC $0.25,PENNON GROUP PLC ORD 61 1/20P,-2.335378211828687,0.16081147220712316,0.05,,False,4.3530703326186675,-21.195470921403302,,,,,,,,,,,,,,
ENERGY_UTILITIES,HICL.L,NG.L,HICL INFRASTRUCTURE PLC ORD 0.0,NATIONAL GRID PLC ORD 12 204/47,-2.331672730809042,0.16195623000119347,0.05,,False,0.10769068144080793,4.036039801577991,,,,,,,,,,,,,,
ENERGY_UTILITIES,PNN.L,UKW.L,PENNON GROUP PLC ORD 61 1/20P,GREENCOAT UK WIND PLC ORD 1P,-2.3256891952431795,0.16381648888431177,0.05,,False,0.6276386344578587,3.2908199144972334,,,,,,,,,,,,,,
ENERGY_UTILITIES,NG.L,TRIG.L,NATIONAL GRID PLC ORD 12 204/47,THE RENEWABLES INFRASTRUCTURE G,-2.308676376458381,0.16918493535026385,0.05,,False,-0.722113204065776,10.14562893360323,,,,,,,,,,,,,,
ENERGY_UTILITIES,TRIG.L,UU.L,THE RENEWABLES INFRASTRUCTURE G,UNITED UTILITIES GROUP PLC ORD ,-2.2936893545283383,0.17401135894920983,0.05,,False,-1.5229143441970758,15.092982966623161,,,,,,,,,,,,,,
ENERGY_UTILITIES,HBR.L,INPP.L,HARBOUR ENERGY PLC ORD 0.002P,INTERNATIONAL PUBLIC PARTNERSHI,-2.2668353855892898,0.18288735747831408,0.05,,False,5.003003661553108,-18.636398224586006,,,,,,,,,,,,,,
ENERGY_UTILITIES,ENOG.L,FSFL.L,ENERGEAN PLC ORD 1P,FORESIGHT SOLAR FUND LIMITED OR,-2.2329920487350132,0.19448983717582713,0.05,,False,0.2935171341922966,5.543353615142548,,,,,,,,,,,,,,
ENERGY_UTILITIES,FSFL.L,UU.L,FORESIGHT SOLAR FUND LIMITED OR,UNITED UTILITIES GROUP PLC ORD ,-2.202498382902107,0.2053399379501289,0.05,,False,-1.366656733132654,13.945452004254676,,,,,,,,,,,,,,
ENERGY_UTILITIES,DCC.L,INPP.L,DCC ENERGY PLC ORD EUR0.25 (CDI,INTERNATIONAL PUBLIC PARTNERSHI,-2.195510541101093,0.20787890473232273,0.05,,False,2.9404546716780677,-5.630689146972097,,,,,,,,,,,,,,
ENERGY_UTILITIES,BP.L,CNA.L,BP PLC $0.25,CENTRICA PLC ORD 6 14/81P,-2.176805283934853,0.21477123208140048,0.05,,False,0.6310309425824393,2.8871442600421844,,,,,,,,,,,,,,
ENERGY_UTILITIES,FSFL.L,SSE.L,FORESIGHT SOLAR FUND LIMITED OR,SSE PLC ORD 50P,-2.166498594322699,0.2186283718128721,0.05,,False,-0.6435095007093378,9.201010857640753,,,,,,,,,,,,,,
ENERGY_UTILITIES,SVT.L,UKW.L,SEVERN TRENT PLC ORD 97 17/19P,GREENCOAT UK WIND PLC ORD 1P,-2.165031836437218,0.21918070443194604,0.05,,False,-0.47408609764226584,10.148132192711401,,,,,,,,,,,,,,
ENERGY_UTILITIES,BP.L,TRIG.L,BP PLC $0.25,THE RENEWABLES INFRASTRUCTURE G,-2.1627805689365496,0.22003011092586866,0.05,,False,-0.8191350697210459,9.663574388937025,,,,,,,,,,,,,,
ENERGY_UTILITIES,CNA.L,HICL.L,CENTRICA PLC ORD 6 14/81P,HICL INFRASTRUCTURE PLC ORD 0.0,-2.1535543935186086,0.22353203639855623,0.05,,False,-156.7586854071893,755.5626961956858,,,,,,,,,,,,,,
ENERGY_UTILITIES,HICL.L,TRIG.L,HICL INFRASTRUCTURE PLC ORD 0.0,THE RENEWABLES INFRASTRUCTURE G,-2.0322307304133433,0.27262224887380204,0.05,,False,0.16635774121431293,4.058395878228871,,,,,,,,,,,,,,
ENERGY_UTILITIES,FSFL.L,NG.L,FORESIGHT SOLAR FUND LIMITED OR,NATIONAL GRID PLC ORD 12 204/47,-2.0060458560719336,0.2839285100751322,0.05,,False,-1.2560966154917916,13.102666572837276,,,,,,,,,,,,,,
ENERGY_UTILITIES,HICL.L,PNN.L,HICL INFRASTRUCTURE PLC ORD 0.0,PENNON GROUP PLC ORD 61 1/20P,-2.0002051306913233,0.28648316375235705,0.05,,False,0.2787688407934417,3.0414795171065085,,,,,,,,,,,,,,
ENERGY_UTILITIES,HICL.L,UKW.L,HICL INFRASTRUCTURE PLC ORD 0.0,GREENCOAT UK WIND PLC ORD 1P,-1.9772473198275038,0.29663758781450644,0.05,,False,0.14410817225488198,4.105037956585776,,,,,,,,,,,,,,
ENERGY_UTILITIES,HBR.L,SSE.L,HARBOUR ENERGY PLC ORD 0.002P,SSE PLC ORD 50P,-1.9630520520157493,0.3030046585447205,0.05,,False,1.077453488815339,-2.6875155553840404,,,,,,,,,,,,,,
ENERGY_UTILITIES,SSE.L,UKW.L,SSE PLC ORD 50P,GREENCOAT UK WIND PLC ORD 1P,-1.9109596815326244,0.32692302567299814,0.05,,False,-1.670076240249347,15.47277458346542,,,,,,,,,,,,,,
ENERGY_UTILITIES,BP.L,DCC.L,BP PLC $0.25,DCC ENERGY PLC ORD EUR0.25 (CDI,-1.8838421278795698,0.3397000421806803,0.05,,False,3.4346863110297536,-23.22995183254774,,,,,,,,,,,,,,
ENERGY_UTILITIES,DCC.L,SSE.L,DCC ENERGY PLC ORD EUR0.25 (CDI,SSE PLC ORD 50P,-1.8818549988582665,0.34064464253656,0.05,,False,0.0010481022648657265,8.523403642736833,,,,,,,,,,,,,,
ENERGY_UTILITIES,DCC.L,HBR.L,DCC ENERGY PLC ORD EUR0.25 (CDI,HARBOUR ENERGY PLC ORD 0.002P,-1.8682050018598335,0.3471630753145334,0.05,,False,0.265243074475564,7.083258396109658,,,,,,,,,,,,,,
ENERGY_UTILITIES,CNA.L,DCC.L,CENTRICA PLC ORD 6 14/81P,DCC ENERGY PLC ORD EUR0.25 (CDI,-1.8491930968247685,0.3563263913701872,0.05,,False,-8.87755965861766,80.78521629603505,,,,,,,,,,,,,,
ENERGY_UTILITIES,DCC.L,SVT.L,DCC ENERGY PLC ORD EUR0.25 (CDI,SEVERN TRENT PLC ORD 97 17/19P,-1.8380585045057671,0.361737016895468,0.05,,False,-0.27487511612200716,10.703470934823802,,,,,,,,,,,,,,
ENERGY_UTILITIES,PNN.L,SVT.L,PENNON GROUP PLC ORD 61 1/20P,SEVERN TRENT PLC ORD 97 17/19P,-1.8078890814793425,0.376552077620412,0.05,,False,3.1724979995959672,-18.80591804246451,,,,,,,,,,,,,,
ENERGY_UTILITIES,NG.L,PNN.L,NATIONAL GRID PLC ORD 12 204/47,PENNON GROUP PLC ORD 61 1/20P,-1.8009791726039155,0.37997567006525224,0.05,,False,4.097404678882409,-18.686563774122657,,,,,,,,,,,,,,
ENERGY_UTILITIES,SSE.L,TRIG.L,SSE PLC ORD 50P,THE RENEWABLES INFRASTRUCTURE G,-1.7870585898113067,0.3869054086745045,0.05,,False,-1.5703905750876357,14.445869638963154,,,,,,,,,,,,,,
ENERGY_UTILITIES,DCC.L,UU.L,DCC ENERGY PLC ORD EUR0.25 (CDI,UNITED UTILITIES GROUP PLC ORD ,-1.7729420195520418,0.3939755397228446,0.05,,False,-0.12489590789659846,9.409584258689007,,,,,,,,,,,,,,
ENERGY_UTILITIES,CNA.L,INPP.L,CENTRICA PLC ORD 6 14/81P,INTERNATIONAL PUBLIC PARTNERSHI,-1.7462667541639278,0.4074457790750433,0.05,,False,10.25460218995803,-44.341075138582376,,,,,,,,,,,,,,
ENERGY_UTILITIES,FSFL.L,INPP.L,FORESIGHT SOLAR FUND LIMITED OR,INTERNATIONAL PUBLIC PARTNERSHI,-1.7315675187437374,0.41492569581174776,0.05,,False,-16.708654988238408,84.8086181078086,,,,,,,,,,,,,,
ENERGY_UTILITIES,DCC.L,NG.L,DCC ENERGY PLC ORD EUR0.25 (CDI,NATIONAL GRID PLC ORD 12 204/47,-1.7187372006710138,0.42148528048830936,0.05,,False,-0.18061802800947444,9.792021570477182,,,,,,,,,,,,,,
ENERGY_UTILITIES,DCC.L,TRIG.L,DCC ENERGY PLC ORD EUR0.25 (CDI,THE RENEWABLES INFRASTRUCTURE G,-1.6852967904577627,0.43870348972757567,0.05,,False,0.15800030957695715,7.838655199080771,,,,,,,,,,,,,,
ENERGY_UTILITIES,DCC.L,UKW.L,DCC ENERGY PLC ORD EUR0.25 (CDI,GREENCOAT UK WIND PLC ORD 1P,-1.6715421020016636,0.44583124639836835,0.05,,False,0.19905363280928612,7.588370235140571,,,,,,,,,,,,,,
ENERGY_UTILITIES,PNN.L,SSE.L,PENNON GROUP PLC ORD 61 1/20P,SSE PLC ORD 50P,-1.6461362045343577,0.45905627945193395,0.05,,False,0.3064923791799769,3.9466008252452602,,,,,,,,,,,,,,
ENERGY_UTILITIES,INPP.L,UKW.L,INTERNATIONAL PUBLIC PARTNERSHI,GREENCOAT UK WIND PLC ORD 1P,-1.6311577035465339,0.4668847830864018,0.05,,False,-0.022266077694445604,4.921747047990259,,,,,,,,,,,,,,
ENERGY_UTILITIES,INPP.L,PNN.L,INTERNATIONAL PUBLIC PARTNERSHI,PENNON GROUP PLC ORD 61 1/20P,-1.5608197260237213,0.5032392786937142,0.05,,False,0.35543926537843046,2.5897699836644144,,,,,,,,,,,,,,
ENERGY_UTILITIES,FSFL.L,HICL.L,FORESIGHT SOLAR FUND LIMITED OR,HICL INFRASTRUCTURE PLC ORD 0.0,-1.5597750631173068,0.5037618826005169,0.05,,False,7.10496764173139,-29.681254994445542,,,,,,,,,,,,,,
ENERGY_UTILITIES,DCC.L,FSFL.L,DCC ENERGY PLC ORD EUR0.25 (CDI,FORESIGHT SOLAR FUND LIMITED OR,-1.5300963463573336,0.5185740723258611,0.05,,False,0.05548466080346537,8.29078833993587,,,,,,,,,,,,,,
ENERGY_UTILITIES,HBR.L,TRIG.L,HARBOUR ENERGY PLC ORD 0.002P,THE RENEWABLES INFRASTRUCTURE G,-1.5120599262160317,0.5275372541330345,0.05,,False,2.018617993968359,-3.3902139940205576,,,,,,,,,,,,,,
ENERGY_UTILITIES,FSFL.L,HBR.L,FORESIGHT SOLAR FUND LIMITED OR,HARBOUR ENERGY PLC ORD 0.002P,-1.5079223090685838,0.5295887089600477,0.05,,False,0.09611690900960466,3.8105160874873936,,,,,,,,,,,,,,
ENERGY_UTILITIES,INPP.L,TRIG.L,INTERNATIONAL PUBLIC PARTNERSHI,THE RENEWABLES INFRASTRUCTURE G,-1.4997377894095054,0.5336410467503951,0.05,,False,0.031738673448392825,4.6771256536784165,,,,,,,,,,,,,,
ENERGY_UTILITIES,CNA.L,HBR.L,CENTRICA PLC ORD 6 14/81P,HARBOUR ENERGY PLC ORD 0.002P,-1.4878897049716455,0.5394933962598562,0.05,,False,-0.7859542797707344,9.33868268660547,,,,,,,,,,,,,,
ENERGY_UTILITIES,HBR.L,UKW.L,HARBOUR ENERGY PLC ORD 0.002P,GREENCOAT UK WIND PLC ORD 1P,-1.473223701944527,0.5467131742222034,0.05,,False,2.406672511217408,-5.941499228289189,,,,,,,,,,,,,,
ENERGY_UTILITIES,ENOG.L,HBR.L,ENERGEAN PLC ORD 1P,HARBOUR ENERGY PLC ORD 0.002P,-1.4338527213947152,0.5659434558279768,0.05,,False,0.16034087089062896,5.94045970467656,,,,,,,,,,,,,,
ENERGY_UTILITIES,CNA.L,SSE.L,CENTRICA PLC ORD 6 14/81P,SSE PLC ORD 50P,-1.427340074128616,0.5691010497182559,0.05,,False,0.9891258271325017,-2.431216576197224,,,,,,,,,,,,,,
ENERGY_UTILITIES,BP.L,HBR.L,BP PLC $0.25,HARBOUR ENERGY PLC ORD 0.002P,-1.359522402811118,0.6015205095374115,0.05,,False,0.5778259424407743,2.9178981048733696,,,,,,,,,,,,,,
ENERGY_UTILITIES,HBR.L,NG.L,HARBOUR ENERGY PLC ORD 0.002P,NATIONAL GRID PLC ORD 12 204/47,-1.3554033514324906,0.6034599081350941,0.05,,False,191.59029621697914,-1331.8186908552182,,,,,,,,,,,,,,
ENERGY_UTILITIES,HBR.L,UU.L,HARBOUR ENERGY PLC ORD 0.002P,UNITED UTILITIES GROUP PLC ORD ,-1.1817085272129535,0.6814143364117861,0.05,,False,56.32806583995113,-390.6339585315349,,,,,,,,,,,,,,
ENERGY_UTILITIES,DCC.L,PNN.L,DCC ENERGY PLC ORD EUR0.25 (CDI,PENNON GROUP PLC ORD 61 1/20P,-1.1425953532096236,0.6977900610071615,0.05,,False,0.3159679170779892,6.552082069274436,,,,,,,,,,,,,,
ENERGY_UTILITIES,PNN.L,UU.L,PENNON GROUP PLC ORD 61 1/20P,UNITED UTILITIES GROUP PLC ORD ,-0.9388486965069659,0.7749100081371205,0.05,,False,1.008843253603332,-0.8300111268593415,,,,,,,,,,,,,,
ENERGY_UTILITIES,DCC.L,ENOG.L,DCC ENERGY PLC ORD EUR0.25 (CDI,ENERGEAN PLC ORD 1P,-0.5418309073542644,0.8835917748953281,0.05,,False,0.4540032808636779,5.436921275644991,,,,,,,,,,,,,,
ES_BANKS,CABK.MC,SAN.MC,"CAIXABANK, S.A.",BANCO SANTANDER S.A.,-4.283311489668036,0.0004747185828296307,0.05,0.0004747185828296307,True,0.8868164029057675,0.2741368422352197,9.479857791374364,0.0002053313280971175,-0.07311788803315526,28.0,-1.7611740788970882,2.882190305271297,False,,0.8,-0.02088258170459798,-1.5963491759812491,-1.0292716537318354,False,mixed signal
ES_BANKS,BBVA.MC,SAN.MC,BANCO BILBAO VIZCAYA ARGENTARIA,BANCO SANTANDER S.A.,-3.4174836050895396,0.010377101506728804,0.05,0.0004747185828296307,False,0.9192014810445148,0.8088619375047881,,,,,,,,,,,,,,
ES_BANKS,BKT.MC,SAN.MC,"BANKINTER, S.A.",BANCO SANTANDER S.A.,-3.2255481236919805,0.018552670067829777,0.05,0.0004747185828296307,False,0.7931391018996549,0.8104567972602836,,,,,,,,,,,,,,
ES_BANKS,BKT.MC,SAB.MC,"BANKINTER, S.A.",BANCO DE SABADELL,-3.104591011900494,0.026215293367691656,0.05,0.0004747185828296307,False,1.0188110648632034,1.5443006956618706,,,,,,,,,,,,,,
ES_BANKS,BBVA.MC,CABK.MC,BANCO BILBAO VIZCAYA ARGENTARIA,"CAIXABANK, S.A.",-2.9217327441807437,0.042878515299708694,0.05,0.0004747185828296307,False,1.0367937560204277,0.5241736679714992,,,,,,,,,,,,,,
ES_BANKS,BBVA.MC,BKT.MC,BANCO BILBAO VIZCAYA ARGENTARIA,"BANKINTER, S.A.",-2.5809052218232638,0.09700833833662653,0.05,0.0004747185828296307,False,1.1599034819645846,-0.13264275882930399,,,,,,,,,,,,,,
ES_BANKS,SAB.MC,SAN.MC,BANCO DE SABADELL,BANCO SANTANDER S.A.,-1.6604764715095284,0.45158252757140116,0.05,0.0004747185828296307,False,0.7751785272319159,-0.713981694571324,,,,,,,,,,,,,,
ES_BANKS,BBVA.MC,SAB.MC,BANCO BILBAO VIZCAYA ARGENTARIA,BANCO DE SABADELL,-1.5947006379359718,0.48625500185872694,0.05,0.0004747185828296307,False,1.1856814050956774,1.6555818248751586,,,,,,,,,,,,,,
ES_BANKS,CABK.MC,SAB.MC,"CAIXABANK, S.A.",BANCO DE SABADELL,-1.1486684497237634,0.6952786845782433,0.05,0.0004747185828296307,False,1.1428642860196332,1.0918200425808333,,,,,,,,,,,,,,
ES_BANKS,BKT.MC,CABK.MC,"BANKINTER, S.A.","CAIXABANK, S.A.",-0.9343326175336967,0.7764560876183852,0.05,0.0004747185828296307,False,0.8943375770278934,0.5653351609353869,,,,,,,,,,,,,,
ES_UTILITIES,RED.MC,SLR.MC,"REDEIA CORPORACION, S.A.",SOLARIA ENERGIA Y MEDIO AMBIENT,-3.3326217089134764,0.013481783738311189,0.05,,False,-0.10228879158485946,2.981681552195689,,,,,,,,,,,,,,
ES_UTILITIES,ENC.MC,SLR.MC,"ENCE ENERGIA Y CELULOSA, S.A.",SOLARIA ENERGIA Y MEDIO AMBIENT,-3.318519988897122,0.014070656128498095,0.05,,False,-0.26112479529553867,1.672597633940757,,,,,,,,,,,,,,
ES_UTILITIES,ENC.MC,IBE.MC,"ENCE ENERGIA Y CELULOSA, S.A.",ACCIONES IBERDROLA,-3.244373887092795,0.017555599750500576,0.05,,False,-0.6231899195816194,2.7065975599517778,,,,,,,,,,,,,,
ES_UTILITIES,IBE.MC,NTGY.MC,ACCIONES IBERDROLA,"NATURGY ENERGY GROUP, S.A.",-3.147544426824752,0.023228975526946985,0.05,,False,1.7128171135435195,-2.6801237056104315,,,,,,,,,,,,,,
ES_UTILITIES,NTGY.MC,SLR.MC,"NATURGY ENERGY GROUP, S.A.",SOLARIA ENERGIA Y MEDIO AMBIENT,-3.0344903515176367,0.031796578007341834,0.05,,False,0.1666433962839478,2.7282239471690346,,,,,,,,,,,,,,
ES_UTILITIES,ENC.MC,RED.MC,"ENCE ENERGIA Y CELULOSA, S.A.","REDEIA CORPORACION, S.A.",-2.8331607707955464,0.053690884414373426,0.05,,False,3.375670610920062,-8.182369576978717,,,,,,,,,,,,,,
ES_UTILITIES,IBE.MC,RED.MC,ACCIONES IBERDROLA,"REDEIA CORPORACION, S.A.",-2.6985610039597945,0.07428760938924961,0.05,,False,-8.627382785001684,26.225811028127822,,,,,,,,,,,,,,
ES_UTILITIES,NTGY.MC,RED.MC,"NATURGY ENERGY GROUP, S.A.","REDEIA CORPORACION, S.A.",-2.408210334841708,0.13943249904732252,0.05,,False,-12.556868687201993,37.377185583337365,,,,,,,,,,,,,,
ES_UTILITIES,IBE.MC,SLR.MC,ACCIONES IBERDROLA,SOLARIA ENERGIA Y MEDIO AMBIENT,-2.2904003248516416,0.17508275251839683,0.05,,False,0.37674772561651904,1.764761548340223,,,,,,,,,,,,,,
ES_UTILITIES,ENC.MC,NTGY.MC,"ENCE ENERGIA Y CELULOSA, S.A.","NATURGY ENERGY GROUP, S.A.",-1.8920314084063161,0.33581902350249837,0.05,,False,-1.149014599147343,4.633420785847271,,,,,,,,,,,,,,
FINANCIALS,ABDN.L,MNG.L,ABERDEEN GROUP PLC ORD 13 61/63,M&G PLC,-4.6832001986646015,9.048527668226537e-05,0.05,9.048527668226537e-05,True,0.9961377272781529,-0.2855161367007275,13.237912207991664,-6.0619425234346376e-05,-0.052360762759968725,40.0,0.49977194485645265,3.320284009392662,True,2026-09-11 00:00:00,0.8,0.0005825022580190373,0.06758722029261216,0.7981471862684992,True,reversion signs agree
FINANCIALS,BEZ.L,ICG.L,BEAZLEY PLC ORD 5P,ICG PLC ORD 26 1/4P,-4.261613239938973,0.0005173447074430727,0.05,9.048527668226537e-05,False,-2.216914662211635,23.66671885320479,,,,,,,,,,,,,,
FINANCIALS,BGEO.L,LGEN.L,LION FINANCE GROUP PLC ORD 1P,LEGAL & GENERAL GROUP PLC ORD 2,-3.9759247784990728,0.0015419576231053835,0.05,9.048527668226537e-05,False,6.415437498140495,-26.437494282852228,,,,,,,,,,,,,,
FINANCIALS,HSBA.L,LGEN.L,HSBC HOLDINGS PLC ORD $0.50 (UK,LEGAL & GENERAL GROUP PLC ORD 2,-3.8976242261265615,0.0020524012307063795,0.05,9.048527668226537e-05,False,4.379519522503787,-17.215996589059092,,,,,,,,,,,,,,
FINANCIALS,LGEN.L,STAN.L,LEGAL & GENERAL GROUP PLC ORD 2,STANDARD CHARTERED PLC ORD USD0,-3.768352753882302,0.0032482210598836513,0.05,9.048527668226537e-05,False,0.1704811286109219,4.277627915295436,,,,,,,,,,,,,,
FINANCIALS,LGEN.L,MNG.L,LEGAL & GENERAL GROUP PLC ORD 2,M&G PLC,-3.7292131043549346,0.0037205134240452633,0.05,9.048527668226537e-05,False,0.3354690506724721,3.650268716859233,,,,,,,,,,,,,,
FINANCIALS,BARC.L,LGEN.L,BARCLAYS PLC ORD 25P,LEGAL & GENERAL GROUP PLC ORD 2,-3.715852282833223,0.0038956229528374258,0.05,9.048527668226537e-05,False,4.741218229619971,-20.236809428532375,,,,,,,,,,,,,,
FINANCIALS,ASHM.L,INVP.L,ASHMORE GROUP PLC ORD 0.01P,INVESTEC PLC ORD GBP0.0002,-3.69811593813794,0.0041397333373622,0.05,9.048527668226537e-05,False,1.9664791181771717,-7.2662098289827695,,,,,,,,,,,,,,
FINANCIALS,LGEN.L,LLOY.L,LEGAL & GENERAL GROUP PLC ORD 2,LLOYDS BANKING GROUP PLC ORD 10,-3.6723531958884266,0.004519271200882743,0.05,9.048527668226537e-05,False,0.24595476816553075,4.42786866431794,,,,,,,,,,,,,,
FINANCIALS,ABDN.L,LGEN.L,ABERDEEN GROUP PLC ORD 13 61/63,LEGAL & GENERAL GROUP PLC ORD 2,-3.6066298099639464,0.00563553765711911,0.05,9.048527668226537e-05,False,3.0282303104339077,-11.447670618864679,,,,,,,,,,,,,,
FINANCIALS,ICG.L,LGEN.L,ICG PLC ORD 26 1/4P,LEGAL & GENERAL GROUP PLC ORD 2,-3.6060517063006894,0.005646380522954225,0.05,9.048527668226537e-05,False,-2.673126532828994,22.284644363687896,,,,,,,,,,,,,,
FINANCIALS,ICG.L,SDR.L,ICG PLC ORD 26 1/4P,SCHRODERS PLC ORD 20P,-3.4745586870851604,0.00866503203309092,0.05,9.048527668226537e-05,False,-0.3864175221320269,9.917794234519492,,,,,,,,,,,,,,
FINANCIALS,LGEN.L,NWG.L,LEGAL & GENERAL GROUP PLC ORD 2,NATWEST GROUP PLC ORD 107.69P,-3.4569797655041787,0.009163175965599724,0.05,9.048527668226537e-05,False,0.24669324713366292,3.9678181324145934,,,,,,,,,,,,,,
FINANCIALS,LLOY.L,PRU.L,LLOYDS BANKING GROUP PLC ORD 10,PRUDENTIAL PLC ORD 5P,-3.413432688152883,0.01050938719403728,0.05,9.048527668226537e-05,False,1.011483498817616,-2.516759400232166,,,,,,,,,,,,,,
FINANCIALS,NWG.L,PRU.L,NATWEST GROUP PLC ORD 107.69P,PRUDENTIAL PLC ORD 5P,-3.4062567616750847,0.010747419289347875,0.05,9.048527668226537e-05,False,0.9794309673837616,-0.44813005914587833,,,,,,,,,,,,,,
FINANCIALS,BEZ.L,SDR.L,BEAZLEY PLC ORD 5P,SCHRODERS PLC ORD 20P,-3.3528791911405333,0.012674015900841225,0.05,9.048527668226537e-05,False,0.9675606720290288,1.0166206722924285,,,,,,,,,,,,,,
FINANCIALS,AV.L,PRU.L,AVIVA PLC ORD 32 17/19P,PRUDENTIAL PLC ORD 5P,-3.3345159510009585,0.013404366255350979,0.05,9.048527668226537e-05,False,0.5950690337604897,2.3275102793940228,,,,,,,,,,,,,,
FINANCIALS,BGEO.L,LLOY.L,LION FINANCE GROUP PLC ORD 1P,LLOYDS BANKING GROUP PLC ORD 10,-3.3114707108462365,0.01437345496855122,0.05,9.048527668226537e-05,False,1.5643916065381238,2.0276299748503988,,,,,,,,,,,,,,
FINANCIALS,BEZ.L,LGEN.L,BEAZLEY PLC ORD 5P,LEGAL & GENERAL GROUP PLC ORD 2,-3.297506404782157,0.014990306884205051,0.05,9.048527668226537e-05,False,3.9555451221180156,-14.916591458736427,,,,,,,,,,,,,,
FINANCIALS,PRU.L,STJ.L,PRUDENTIAL PLC ORD 5P,ST. JAMES'S PLACE PLC ORD 15P,-3.2899072734886814,0.015335691657437724,0.05,9.048527668226537e-05,False,0.8341276611402358,0.9634490750974543,,,,,,,,,,,,,,
FINANCIALS,LGEN.L,SDR.L,LEGAL & GENERAL GROUP PLC ORD 2,SCHRODERS PLC ORD 20P,-3.265619318497017,0.016487003852064773,0.05,9.048527668226537e-05,False,0.24636987588348241,4.017538289318349,,,,,,,,,,,,,,
FINANCIALS,ABDN.L,BGEO.L,ABERDEEN GROUP PLC ORD 13 61/63,LION FINANCE GROUP PLC ORD 1P,-3.196250524798526,0.020202741988100313,0.05,9.048527668226537e-05,False,0.446998913634985,1.2513321967087543,,,,,,,,,,,,,,
FINANCIALS,BARC.L,STAN.L,BARCLAYS PLC ORD 25P,STANDARD CHARTERED PLC ORD USD0,-3.1566616438981323,0.02263436393015848,0.05,9.048527668226537e-05,False,0.8282980005320688,-0.0980322993689855,,,,,,,,,,,,,,
FINANCIALS,BARC.L,NWG.L,BARCLAYS PLC ORD 25P,NATWEST GROUP PLC ORD 107.69P,-3.134784112135621,0.02408382697646174,0.05,9.048527668226537e-05,False,1.186341664043629,-1.5277086926976677,,,,,,,,,,,,,,
FINANCIALS,ABDN.L,LLOY.L,ABERDEEN GROUP PLC ORD 13 61/63,LLOYDS BANKING GROUP PLC ORD 10,-3.0976529633174805,0.026727367978753688,0.05,9.048527668226537e-05,False,0.7230557593678497,2.0549378820882396,,,,,,,,,,,,,,
FINANCIALS,NWG.L,STAN.L,NATWEST GROUP PLC ORD 107.69P,STANDARD CHARTERED PLC ORD USD0,-3.0775008530745516,0.02826365492425664,0.05,9.048527668226537e-05,False,0.6941087811487368,1.2341923291586125,,,,,,,,,,,,,,
FINANCIALS,BNKR.L,LGEN.L,BANKERS INVESTMENT TRUST PLC OR,LEGAL & GENERAL GROUP PLC ORD 2,-3.016365980756537,0.03339403322730444,0.05,9.048527668226537e-05,False,1.4780676173430443,-3.302564357018537,,,,,,,,,,,,,,
FINANCIALS,ASHM.L,ICG.L,ASHMORE GROUP PLC ORD 0.01P,ICG PLC ORD 26 1/4P,-2.9519439874701616,0.03963250789113594,0.05,9.048527668226537e-05,False,-2.252870719734205,22.319816515446284,,,,,,,,,,,,,,
FINANCIALS,NWG.L,STJ.L,NATWEST GROUP PLC ORD 107.69P,ST. JAMES'S PLACE PLC ORD 15P,-2.9451634906999113,0.04034254522231351,0.05,9.048527668226537e-05,False,0.8326944052665456,0.38621938159322955,,,,,,,,,,,,,,
FINANCIALS,ICG.L,MNG.L,ICG PLC ORD 26 1/4P,M&G PLC,-2.9421113581014646,0.04066561185722075,0.05,9.048527668226537e-05,False,-0.4196135960161138,9.90925690323722,,,,,,,,,,,,,,
FINANCIALS,ICG.L,LLOY.L,ICG PLC ORD 26 1/4P,LLOYDS BANKING GROUP PLC ORD 10,-2.9338717375048686,0.04154858316153616,0.05,9.048527668226537e-05,False,-0.2977320942522362,8.893767372046863,,,,,,,,,,,,,,
FINANCIALS,HSBA.L,ICG.L,HSBC HOLDINGS PLC ORD $0.50 (UK,ICG PLC ORD 26 1/4P,-2.9290583592498116,0.04207175505817965,0.05,9.048527668226537e-05,False,-3.6002433353818475,34.21838032688385,,,,,,,,,,,,,,
FINANCIALS,LGEN.L,PRU.L,LEGAL & GENERAL GROUP PLC ORD 2,PRUDENTIAL PLC ORD 5P,-2.9235002377402095,0.04268269407559149,0.05,9.048527668226537e-05,False,0.23289940841394768,3.9162179679068467,,,,,,,,,,,,,,
FINANCIALS,BGEO.L,ICG.L,LION FINANCE GROUP PLC ORD 1P,ICG PLC ORD 26 1/4P,-2.919390623403756,0.043139151182832326,0.05,9.048527668226537e-05,False,-5.387103403520919,49.76847760321493,,,,,,,,,,,,,,
FINANCIALS,BARC.L,BGEO.L,BARCLAYS PLC ORD 25P,LION FINANCE GROUP PLC ORD 1P,-2.890700458945328,0.04644014399435087,0.05,9.048527668226537e-05,False,0.7357961376786607,-0.670192184118398,,,,,,,,,,,,,,
FINANCIALS,BGEO.L,HSBA.L,LION FINANCE GROUP PLC ORD 1P,HSBC HOLDINGS PLC ORD $0.50 (UK,-2.873867471971913,0.04847234049798402,0.05,9.048527668226537e-05,False,1.4725917943376916,-1.270985805679171,,,,,,,,,,,,,,
FINANCIALS,BARC.L,PRU.L,BARCLAYS PLC ORD 25P,PRUDENTIAL PLC ORD 5P,-2.864794871926929,0.04959771092931481,0.05,9.048527668226537e-05,False,1.1721619875421319,-2.1284533405129897,,,,,,,,,,,,,,
FINANCIALS,JUP.L,LGEN.L,JUPITER FUND MANAGEMENT PLC ORD,LEGAL & GENERAL GROUP PLC ORD 2,-2.860096595664802,0.0501888849491784,0.05,9.048527668226537e-05,False,7.156532573887879,-34.58908349758802,,,,,,,,,,,,,,
FINANCIALS,ABDN.L,JUP.L,ABERDEEN GROUP PLC ORD 13 61/63,JUPITER FUND MANAGEMENT PLC ORD,-2.8568769934394633,0.05059733580434459,0.05,9.048527668226537e-05,False,0.46822766162717555,2.976261266403494,,,,,,,,,,,,,,
FINANCIALS,ABDN.L,HSBA.L,ABERDEEN GROUP PLC ORD 13 61/63,HSBC HOLDINGS PLC ORD $0.50 (UK,-2.8460146809415083,0.051995558500191184,0.05,9.048527668226537e-05,False,0.6637553594453082,0.6455749893109708,,,,,,,,,,,,,,
FINANCIALS,ADM.L,AV.L,ADMIRAL GROUP PLC ORD 0.1P,AVIVA PLC ORD 32 17/19P,-2.841133974053793,0.05263404565649172,0.05,9.048527668226537e-05,False,0.705477472319111,3.5299204571256926,,,,,,,,,,,,,,
FINANCIALS,BGEO.L,NWG.L,LION FINANCE GROUP PLC ORD 1P,NATWEST GROUP PLC ORD 107.69P,-2.8226916502030366,0.05510482016468076,0.05,9.048527668226537e-05,False,1.6313579417214268,-1.2829336882203766,,,,,,,,,,,,,,
FINANCIALS,ABDN.L,STAN.L,ABERDEEN GROUP PLC ORD 13 61/63,STANDARD CHARTERED PLC ORD USD0,-2.8159538317294004,0.0560307660079821,0.05,9.048527668226537e-05,False,0.48828239339889856,1.7050340960110413,,,,,,,,,,,,,,
FINANCIALS,ABDN.L,ICG.L,ABERDEEN GROUP PLC ORD 13 61/63,ICG PLC ORD 26 1/4P,-2.8009242007951882,0.05814187378683296,0.05,9.048527668226537e-05,False,-2.884360445997107,27.12128487659018,,,,,,,,,,,,,,
FINANCIALS,AV.L,STJ.L,AVIVA PLC ORD 32 17/19P,ST. JAMES'S PLACE PLC ORD 15P,-2.793470251913893,0.05921256673878472,0.05,9.048527668226537e-05,False,0.48813939022592406,2.9579873700885506,,,,,,,,,,,,,,
FINANCIALS,JUP.L,MNG.L,JUPITER FUND MANAGEMENT PLC ORD,M&G PLC,-2.7473036290182646,0.06620422157331304,0.05,9.048527668226537e-05,False,2.04996917070239,-6.541052421729604,,,,,,,,,,,,,,
FINANCIALS,ICG.L,JUP.L,ICG PLC ORD 26 1/4P,JUPITER FUND MANAGEMENT PLC ORD,-2.7403659397583513,0.06730985165881107,0.05,9.048527668226537e-05,False,-0.16999661613155037,8.407077254315197,,,,,,,,,,,,,,
FINANCIALS,BARC.L,ICG.L,BARCLAYS PLC ORD 25P,ICG PLC ORD 26 1/4P,-2.7388053797193788,0.0675605732666352,0.05,9.048527668226537e-05,False,-4.76160351239136,42.01815590368573,,,,,,,,,,,,,,
FINANCIALS,ICG.L,NWG.L,ICG PLC ORD 26 1/4P,NATWEST GROUP PLC ORD 107.69P,-2.7335254290894087,0.06841439263677898,0.05,9.048527668226537e-05,False,-0.2698110373973124,9.272776375726055,,,,,,,,,,,,,,
FINANCIALS,ICG.L,INVP.L,ICG PLC ORD 26 1/4P,INVESTEC PLC ORD GBP0.0002,-2.7285060574864497,0.06923403344735748,0.05,9.048527668226537e-05,False,-2.823711445984685,25.481772908653156,,,,,,,,,,,,,,
FINANCIALS,AV.L,ICG.L,AVIVA PLC ORD 32 17/19P,ICG PLC ORD 26 1/4P,-2.721713187454933,0.07035571383687814,0.05,9.048527668226537e-05,False,-2.1023788428694523,22.34358982352008,,,,,,,,,,,,,,
FINANCIALS,ICG.L,PRU.L,ICG PLC ORD 26 1/4P,PRUDENTIAL PLC ORD 5P,-2.719970680165216,0.0706457641691317,0.05,9.048527668226537e-05,False,-0.27160858320907527,9.443359615609577,,,,,,,,,,,,,,
FINANCIALS,ABDN.L,BARC.L,ABERDEEN GROUP PLC ORD 13 61/63,BARCLAYS PLC ORD 25P,-2.718304402880978,0.07092401377695944,0.05,9.048527668226537e-05,False,0.609546808726115,1.6466345515375207,,,,,,,,,,,,,,
FINANCIALS,BGEO.L,MNG.L,LION FINANCE GROUP PLC ORD 1P,M&G PLC,-2.7057879569781313,0.07304204381976422,0.05,9.048527668226537e-05,False,2.137959465173829,-2.9414002614757457,,,,,,,,,,,,,,
FINANCIALS,ASHM.L,JUP.L,ASHMORE GROUP PLC ORD 0.01P,JUPITER FUND MANAGEMENT PLC ORD,-2.7026896155228743,0.0735740033831049,0.05,9.048527668226537e-05,False,0.3232002456138456,3.661074948388718,,,,,,,,,,,,,,
FINANCIALS,ABDN.L,PRU.L,ABERDEEN GROUP PLC ORD 13 61/63,PRUDENTIAL PLC ORD 5P,-2.6745500971422436,0.07854669625418242,0.05,9.048527668226537e-05,False,0.730275986521777,0.2425022139226618,,,,,,,,,,,,,,
FINANCIALS,ICG.L,STAN.L,ICG PLC ORD 26 1/4P,STANDARD CHARTERED PLC ORD USD0,-2.672520725818256,0.07891528040855067,0.05,9.048527668226537e-05,False,-0.1745499755793261,8.84920301723051,,,,,,,,,,,,,,
FINANCIALS,AJB.L,ICG.L,AJ BELL PLC ORD GBP0.000125,ICG PLC ORD 26 1/4P,-2.619320629963923,0.08906947026060885,0.05,9.048527668226537e-05,False,-1.3952342863967266,16.768663042635374,,,,,,,,,,,,,,
FINANCIALS,LGEN.L,STJ.L,LEGAL & GENERAL GROUP PLC ORD 2,ST. JAMES'S PLACE PLC ORD 15P,-2.604107418565765,0.09215131566349843,0.05,9.048527668226537e-05,False,0.18396445434110906,4.21221387392038,,,,,,,,,,,,,,
FINANCIALS,INVP.L,SDR.L,INVESTEC PLC ORD GBP0.0002,SCHRODERS PLC ORD 20P,-2.587339211708718,0.09564233043915393,0.05,9.048527668226537e-05,False,0.2734002487920892,4.695329476350167,,,,,,,,,,,,,,
FINANCIALS,BARC.L,HSBA.L,BARCLAYS PLC ORD 25P,HSBC HOLDINGS PLC ORD $0.50 (UK,-2.5836340017489694,0.09642718292688579,0.05,9.048527668226537e-05,False,1.085713408455432,-1.6203115118022149,,,,,,,,,,,,,,
FINANCIALS,BEZ.L,HSBA.L,BEAZLEY PLC ORD 5P,HSBC HOLDINGS PLC ORD $0.50 (UK,-2.56807549431909,0.09977653936598607,0.05,9.048527668226537e-05,False,0.7730819707205667,1.521527112679232,,,,,,,,,,,,,,
FINANCIALS,BGEO.L,PRU.L,LION FINANCE GROUP PLC ORD 1P,PRUDENTIAL PLC ORD 5P,-2.558766967823542,0.10182221376175643,0.05,9.048527668226537e-05,False,1.5954906286190624,-1.9983644610105191,,,,,,,,,,,,,,
FINANCIALS,BGEO.L,STAN.L,LION FINANCE GROUP PLC ORD 1P,STANDARD CHARTERED PLC ORD USD0,-2.539716037546327,0.10610753629506137,0.05,9.048527668226537e-05,False,1.1210613612096612,0.8107341236367187,,,,,,,,,,,,,,
FINANCIALS,INVP.L,JUP.L,INVESTEC PLC ORD GBP0.0002,JUPITER FUND MANAGEMENT PLC ORD,-2.4996814605960576,0.11555184807382485,0.05,9.048527668226537e-05,False,0.1440122352534489,5.652505444561218,,,,,,,,,,,,,,
FINANCIALS,LLOY.L,MNG.L,LLOYDS BANKING GROUP PLC ORD 10,M&G PLC,-2.493222252595167,0.11713214546338085,0.05,9.048527668226537e-05,False,1.363904199613443,-3.161326741838767,,,,,,,,,,,,,,
FINANCIALS,HSBA.L,SDR.L,HSBC HOLDINGS PLC ORD $0.50 (UK,SCHRODERS PLC ORD 20P,-2.4909791350488115,0.11768465529563787,0.05,9.048527668226537e-05,False,1.2549974266586434,-0.673646614783193,,,,,,,,,,,,,,
FINANCIALS,ADM.L,BGEO.L,ADMIRAL GROUP PLC ORD 0.1P,LION FINANCE GROUP PLC ORD 1P,-2.489861286831829,0.11796071228468602,0.05,9.048527668226537e-05,False,0.208966599393469,6.173665554426467,,,,,,,,,,,,,,
FINANCIALS,ABDN.L,NWG.L,ABERDEEN GROUP PLC ORD 13 61/63,NATWEST GROUP PLC ORD 107.69P,-2.4870355315365544,0.11866066998133173,0.05,9.048527668226537e-05,False,0.7243671396656518,0.707791899314528,,,,,,,,,,,,,,
FINANCIALS,HSBA.L,STAN.L,HSBC HOLDINGS PLC ORD $0.50 (UK,STANDARD CHARTERED PLC ORD USD0,-2.486395308734711,0.11881968106764318,0.05,9.048527668226537e-05,False,0.7624764169820569,1.4051621026231826,,,,,,,,,,,,,,
FINANCIALS,ADM.L,PRU.L,ADMIRAL GROUP PLC ORD 0.1P,PRUDENTIAL PLC ORD 5P,-2.476645489998968,0.12126062349860489,0.05,9.048527668226537e-05,False,0.354452467366278,5.613773660926772,,,,,,,,,,,,,,
FINANCIALS,AV.L,LGEN.L,AVIVA PLC ORD 32 17/19P,LEGAL & GENERAL GROUP PLC ORD 2,-2.473378598608109,0.12208667793838351,0.05,9.048527668226537e-05,False,2.5868349291550983,-7.8531505056622635,,,,,,,,,,,,,,
FINANCIALS,ADM.L,LGEN.L,ADMIRAL GROUP PLC ORD 0.1P,LEGAL & GENERAL GROUP PLC ORD 2,-2.4687272480024522,0.12326989474467831,0.05,9.048527668226537e-05,False,2.095116669660504,-3.4937050198420376,,,,,,,,,,,,,,
FINANCIALS,AJB.L,INVP.L,AJ BELL PLC ORD GBP0.000125,INVESTEC PLC ORD GBP0.0002,-2.455224989095864,0.12675200201832887,0.05,9.048527668226537e-05,False,1.8513609112059586,-5.564516821409102,,,,,,,,,,,,,,
FINANCIALS,ADM.L,AJB.L,ADMIRAL GROUP PLC ORD 0.1P,AJ BELL PLC ORD GBP0.000125,-2.4511718478737876,0.1278110772436915,0.05,9.048527668226537e-05,False,0.9439399945980523,2.2001862216337322,,,,,,,,,,,,,,
FINANCIALS,ADM.L,STJ.L,ADMIRAL GROUP PLC ORD 0.1P,ST. JAMES'S PLACE PLC ORD 15P,-2.446206800168652,0.12911715249177913,0.05,9.048527668226537e-05,False,0.2841911672875542,6.034970012170977,,,,,,,,,,,,,,
FINANCIALS,ABDN.L,ADM.L,ABERDEEN GROUP PLC ORD 13 61/63,ADMIRAL GROUP PLC ORD 0.1P,-2.39570257697532,0.1429530000887384,0.05,9.048527668226537e-05,False,2.0169663280020975,-10.976464321217568,,,,,,,,,,,,,,
FINANCIALS,BNKR.L,ICG.L,BANKERS INVESTMENT TRUST PLC OR,ICG PLC ORD 26 1/4P,-2.390586002865976,0.14441108787905887,0.05,9.048527668226537e-05,False,-0.6225532009945257,9.549001129126438,,,,,,,,,,,,,,
FINANCIALS,BARC.L,LLOY.L,BARCLAYS PLC ORD 25P,LLOYDS BANKING GROUP PLC ORD 10,-2.372401195853353,0.14967793964218457,0.05,9.048527668226537e-05,False,1.154534984689241,0.8067702256957494,,,,,,,,,,,,,,
FINANCIALS,ADM.L,ICG.L,ADMIRAL GROUP PLC ORD 0.1P,ICG PLC ORD 26 1/4P,-2.356759749085788,0.1543142645382472,0.05,9.048527668226537e-05,False,-0.9897657842525018,15.539362419870692,,,,,,,,,,,,,,
FINANCIALS,INVP.L,MNG.L,INVESTEC PLC ORD GBP0.0002,M&G PLC,-2.345597905705858,0.15768299568272126,0.05,9.048527668226537e-05,False,0.29176292016472805,4.729484235543804,,,,,,,,,,,,,,
FINANCIALS,ABDN.L,AV.L,ABERDEEN GROUP PLC ORD 13 61/63,AVIVA PLC ORD 32 17/19P,-2.342144748328553,0.15873536512508235,0.05,9.048527668226537e-05,False,1.2644623507862498,-2.850407085213149,,,,,,,,,,,,,,
FINANCIALS,BNKR.L,HSBA.L,BANKERS INVESTMENT TRUST PLC OR,HSBC HOLDINGS PLC ORD $0.50 (UK,-2.3393172359650016,0.15960065155120956,0.05,9.048527668226537e-05,False,0.3351964340127834,2.5234590637038687,,,,,,,,,,,,,,
FINANCIALS,ABDN.L,AJB.L,ABERDEEN GROUP PLC ORD 13 61/63,AJ BELL PLC ORD GBP0.000125,-2.3308226969200345,0.16221961949193542,0.05,9.048527668226537e-05,False,1.9516563335826795,-6.832731658839249,,,,,,,,,,,,,,
FINANCIALS,BEZ.L,INVP.L,BEAZLEY PLC ORD 5P,INVESTEC PLC ORD GBP0.0002,-2.32614312091636,0.16367485714111857,0.05,9.048527668226537e-05,False,5.84539634184681,-30.20013078447115,,,,,,,,,,,,,,
FINANCIALS,ICG.L,STJ.L,ICG PLC ORD 26 1/4P,ST. JAMES'S PLACE PLC ORD 15P,-2.324627090981261,0.16414820757885823,0.05,9.048527668226537e-05,False,-0.1552230323558509,8.685908239227215,,,,,,,,,,,,,,
FINANCIALS,JUP.L,LLOY.L,JUPITER FUND MANAGEMENT PLC ORD,LLOYDS BANKING GROUP PLC ORD 10,-2.320218174849047,0.16553009367651078,0.05,9.048527668226537e-05,False,1.5486907691818301,-1.9869179678002329,,,,,,,,,,,,,,
FINANCIALS,JUP.L,PRU.L,JUPITER FUND MANAGEMENT PLC ORD,PRUDENTIAL PLC ORD 5P,-2.3148187568412295,0.16723315968688052,0.05,9.048527668226537e-05,False,1.561241558870469,-5.849217278754652,,,,,,,,,,,,,,
FINANCIALS,LLOY.L,NWG.L,LLOYDS BANKING GROUP PLC ORD 10,NATWEST GROUP PLC ORD 107.69P,-2.3053608713641296,0.1702448128738353,0.05,9.048527668226537e-05,False,1.0325236860436364,-2.052717058448061,,,,,,,,,,,,,,
FINANCIALS,ADM.L,LLOY.L,ADMIRAL GROUP PLC ORD 0.1P,LLOYDS BANKING GROUP PLC ORD 10,-2.2999336585113177,0.17198936885810995,0.05,9.048527668226537e-05,False,0.34536320525866016,6.517606690653839,,,,,,,,,,,,,,
FINANCIALS,HSBA.L,NWG.L,HSBC HOLDINGS PLC ORD $0.50 (UK,NATWEST GROUP PLC ORD 107.69P,-2.2992168777881727,0.17222066841340355,0.05,9.048527668226537e-05,False,1.0995256117099639,0.043055420959039914,,,,,,,,,,,,,,
FINANCIALS,AJB.L,LGEN.L,AJ BELL PLC ORD GBP0.000125,LEGAL & GENERAL GROUP PLC ORD 2,-2.2968391043223715,0.17298945001563504,0.05,9.048527668226537e-05,False,2.659649467884153,-8.448567751768516,,,,,,,,,,,,,,
FINANCIALS,BNKR.L,SDR.L,BANKERS INVESTMENT TRUST PLC OR,SCHRODERS PLC ORD 20P,-2.2841556843479602,0.17712900826405947,0.05,9.048527668226537e-05,False,0.3748557913451353,2.571618479174971,,,,,,,,,,,,,,
FINANCIALS,AV.L,NWG.L,AVIVA PLC ORD 32 17/19P,NATWEST GROUP PLC ORD 107.69P,-2.279002929583964,0.17882938801414427,0.05,9.048527668226537e-05,False,0.5973065814892099,2.6631159102848683,,,,,,,,,,,,,,
FINANCIALS,ADM.L,NWG.L,ADMIRAL GROUP PLC ORD 0.1P,NATWEST GROUP PLC ORD 107.69P,-2.247190542952673,0.18956573603878518,0.05,9.048527668226537e-05,False,0.3524658093151917,5.834169561141295,,,,,,,,,,,,,,
FINANCIALS,AJB.L,MNG.L,AJ BELL PLC ORD GBP0.000125,M&G PLC,-2.2470791110851653,0.18960406372849314,0.05,9.048527668226537e-05,False,0.4846532847142373,3.49598781909424,,,,,,,,,,,,,,
FINANCIALS,JUP.L,STJ.L,JUPITER FUND MANAGEMENT PLC ORD,ST. JAMES'S PLACE PLC ORD 15P,-2.246505762537126,0.1898013499931293,0.05,9.048527668226537e-05,False,1.3854422814337566,-4.9230601092208035,,,,,,,,,,,,,,
FINANCIALS,BARC.L,MNG.L,BARCLAYS PLC ORD 25P,M&G PLC,-2.2376379555175223,0.1928696474361828,0.05,9.048527668226537e-05,False,1.5923252864952453,-2.939927610323404,,,,,,,,,,,,,,
FINANCIALS,ABDN.L,SDR.L,ABERDEEN GROUP PLC ORD 13 61/63,SCHRODERS PLC ORD 20P,-2.237212030143208,0.19301781944963614,0.05,9.048527668226537e-05,False,0.8116091362491095,0.3264187165193073,,,,,,,,,,,,,,
FINANCIALS,HSBA.L,MNG.L,HSBC HOLDINGS PLC ORD $0.50 (UK,M&G PLC,-2.233821978203627,0.19419977231577285,0.05,9.048527668226537e-05,False,1.4609581509414482,-1.1843925796827817,,,,,,,,,,,,,,
FINANCIALS,BARC.L,JUP.L,BARCLAYS PLC ORD 25P,JUPITER FUND MANAGEMENT PLC ORD,-2.233334240936006,0.19437020544869682,0.05,9.048527668226537e-05,False,0.750720239449845,2.2633914592241826,,,,,,,,,,,,,,
FINANCIALS,ABDN.L,INVP.L,ABERDEEN GROUP PLC ORD 13 61/63,INVESTEC PLC ORD GBP0.0002,-2.230297757768287,0.19543342300798633,0.05,9.048527668226537e-05,False,3.765191796301563,-18.65476734212004,,,,,,,,,,,,,,
FINANCIALS,LLOY.L,STAN.L,LLOYDS BANKING GROUP PLC ORD 10,STANDARD CHARTERED PLC ORD USD0,-2.222834400683886,0.1980625057614775,0.05,9.048527668226537e-05,False,0.7091278711857908,-0.7246162472570923,,,,,,,,,,,,,,
FINANCIALS,HSBA.L,INVP.L,HSBC HOLDINGS PLC ORD $0.50 (UK,INVESTEC PLC ORD GBP0.0002,-2.2129251916118458,0.20158784725030376,0.05,9.048527668226537e-05,False,7.495031687322683,-40.61411764745651,,,,,,,,,,,,,,
FINANCIALS,HSBA.L,LLOY.L,HSBC HOLDINGS PLC ORD $0.50 (UK,LLOYDS BANKING GROUP PLC ORD 10,-2.2105471979853446,0.20243972739044258,0.05,9.048527668226537e-05,False,1.0632084055318358,2.2362494486325586,,,,,,,,,,,,,,
FINANCIALS,BGEO.L,INVP.L,LION FINANCE GROUP PLC ORD 1P,INVESTEC PLC ORD GBP0.0002,-2.20428238571583,0.20469487097541017,0.05,9.048527668226537e-05,False,12.269051221737596,-68.87736675059449,,,,,,,,,,,,,,
FINANCIALS,BEZ.L,BGEO.L,BEAZLEY PLC ORD 5P,LION FINANCE GROUP PLC ORD 1P,-2.199576068801788,0.206399355404084,0.05,9.048527668226537e-05,False,0.4869774241210305,2.5227504913596146,,,,,,,,,,,,,,
FINANCIALS,ABDN.L,BEZ.L,ABERDEEN GROUP PLC ORD 13 61/63,BEAZLEY PLC ORD 5P,-2.1990146277159917,0.20660328452491394,0.05,9.048527668226537e-05,False,0.813093560836686,-0.35134133576168214,,,,,,,,,,,,,,
FINANCIALS,BEZ.L,BNKR.L,BEAZLEY PLC ORD 5P,BANKERS INVESTMENT TRUST PLC OR,-2.19852864153416,0.2067799084612313,0.05,9.048527668226537e-05,False,2.8773277389965033,-7.046658645728987,,,,,,,,,,,,,,
FINANCIALS,ADM.L,BARC.L,ADMIRAL GROUP PLC ORD 0.1P,BARCLAYS PLC ORD 25P,-2.1862475876966196,0.21127459732227905,0.05,9.048527668226537e-05,False,0.2714498528995785,6.436747289897594,,,,,,,,,,,,,,
FINANCIALS,JUP.L,NWG.L,JUPITER FUND MANAGEMENT PLC ORD,NATWEST GROUP PLC ORD 107.69P,-2.1783720952117123,0.21418856344737786,0.05,9.048527668226537e-05,False,1.6586564167447733,-5.533860965796044,,,,,,,,,,,,,,
FINANCIALS,ADM.L,STAN.L,ADMIRAL GROUP PLC ORD 0.1P,STANDARD CHARTERED PLC ORD USD0,-2.178340161058714,0.21420042944223178,0.05,9.048527668226537e-05,False,0.21511395075736411,6.479357157967312,,,,,,,,,,,,,,
FINANCIALS,BGEO.L,SDR.L,LION FINANCE GROUP PLC ORD 1P,SCHRODERS PLC ORD 20P,-2.1746127183397466,0.21558824385487602,0.05,9.048527668226537e-05,False,1.9871667288326755,-3.094588780122015,,,,,,,,,,,,,,
FINANCIALS,AJB.L,HSBA.L,AJ BELL PLC ORD GBP0.000125,HSBC HOLDINGS PLC ORD $0.50 (UK,-2.1745662351987725,0.21560558543686648,0.05,9.048527668226537e-05,False,0.27445472490340933,4.280185266401445,,,,,,,,,,,,,,
FINANCIALS,ASHM.L,BGEO.L,ASHMORE GROUP PLC ORD 0.01P,LION FINANCE GROUP PLC ORD 1P,-2.169138522260887,0.21763640566592218,0.05,9.048527668226537e-05,False,0.21980178710519327,3.2503340494571753,,,,,,,,,,,,,,
FINANCIALS,AJB.L,SDR.L,AJ BELL PLC ORD GBP0.000125,SCHRODERS PLC ORD 20P,-2.164997219230467,0.21919375039981082,0.05,9.048527668226537e-05,False,0.28148655985149185,4.471748035491238,,,,,,,,,,,,,,
FINANCIALS,AJB.L,BGEO.L,AJ BELL PLC ORD GBP0.000125,LION FINANCE GROUP PLC ORD 1P,-2.159562804372617,0.22124765077176678,0.05,9.048527668226537e-05,False,0.18908889506805082,4.493217780924486,,,,,,,,,,,,,,
FINANCIALS,ADM.L,MNG.L,ADMIRAL GROUP PLC ORD 0.1P,M&G PLC,-2.148271730798231,0.22555221534271985,0.05,9.048527668226537e-05,False,0.47193197600640063,5.4209197983605595,,,,,,,,,,,,,,
FINANCIALS,ASHM.L,SDR.L,ASHMORE GROUP PLC ORD 0.01P,SCHRODERS PLC ORD 20P,-2.1454908044560583,0.2266200844597629,0.05,9.048527668226537e-05,False,0.6573011889068994,1.2514839855386564,,,,,,,,,,,,,,
FINANCIALS,MNG.L,NWG.L,M&G PLC,NATWEST GROUP PLC ORD 107.69P,-2.1454738945627825,0.22662658708081235,0.05,9.048527668226537e-05,False,0.7401165209191596,0.9172691313205821,,,,,,,,,,,,,,
FINANCIALS,ASHM.L,LLOY.L,ASHMORE GROUP PLC ORD 0.01P,LLOYDS BANKING GROUP PLC ORD 10,-2.139635622355334,0.22887834956037972,0.05,9.048527668226537e-05,False,0.4204083815743985,3.3651847962096273,,,,,,,,,,,,,,
FINANCIALS,ADM.L,HSBA.L,ADMIRAL GROUP PLC ORD 0.1P,HSBC HOLDINGS PLC ORD $0.50 (UK,-2.1362790078422242,0.23017898457794955,0.05,9.048527668226537e-05,False,0.28164943617436916,6.086176439942886,,,,,,,,,,,,,,
FINANCIALS,AJB.L,STAN.L,AJ BELL PLC ORD GBP0.000125,STANDARD CHARTERED PLC ORD USD0,-2.1309268104303296,0.23226194736217826,0.05,9.048527668226537e-05,False,0.21306837384119193,4.638775495346248,,,,,,,,,,,,,,
FINANCIALS,AJB.L,BEZ.L,AJ BELL PLC ORD GBP0.000125,BEAZLEY PLC ORD 5P,-2.13074919849629,0.23233126100439916,0.05,9.048527668226537e-05,False,0.3079218233607077,4.060361790117364,,,,,,,,,,,,,,
FINANCIALS,INVP.L,STAN.L,INVESTEC PLC ORD GBP0.0002,STANDARD CHARTERED PLC ORD USD0,-2.130430630240217,0.23245561398874337,0.05,9.048527668226537e-05,False,0.07565963308120653,5.791808778700768,,,,,,,,,,,,,,
FINANCIALS,INVP.L,LLOY.L,INVESTEC PLC ORD GBP0.0002,LLOYDS BANKING GROUP PLC ORD 10,-2.1117157357585326,0.23982981587894686,0.05,9.048527668226537e-05,False,0.11246006781186663,5.844202137246668,,,,,,,,,,,,,,
FINANCIALS,BEZ.L,STAN.L,BEAZLEY PLC ORD 5P,STANDARD CHARTERED PLC ORD USD0,-2.10851622290216,0.24110400324863018,0.05,9.048527668226537e-05,False,0.5413808817424458,2.949942620970889,,,,,,,,,,,,,,
FINANCIALS,BARC.L,INVP.L,BARCLAYS PLC ORD 25P,INVESTEC PLC ORD GBP0.0002,-2.1073657091895464,0.24156314646301735,0.05,9.048527668226537e-05,False,10.36595563866068,-59.82246256269867,,,,,,,,,,,,,,
FINANCIALS,AJB.L,JUP.L,AJ BELL PLC ORD GBP0.000125,JUPITER FUND MANAGEMENT PLC ORD,-2.09571575585969,0.24624080370947843,0.05,9.048527668226537e-05,False,0.1923263950740559,5.24991911790526,,,,,,,,,,,,,,
FINANCIALS,ASHM.L,BARC.L,ASHMORE GROUP PLC ORD 0.01P,BARCLAYS PLC ORD 25P,-2.0937919678784733,0.2470181987151991,0.05,9.048527668226537e-05,False,0.3110718187497814,3.3789824847937675,,,,,,,,,,,,,,
FINANCIALS,BNKR.L,MNG.L,BANKERS INVESTMENT TRUST PLC OR,M&G PLC,-2.089924820135434,0.24858513352996597,0.05,9.048527668226537e-05,False,0.4772222841866867,2.1949560433352424,,,,,,,,,,,,,,
FINANCIALS,PRU.L,STAN.L,PRUDENTIAL PLC ORD 5P,STANDARD CHARTERED PLC ORD USD0,-2.0764149938145,0.25410337876019295,0.05,9.048527668226537e-05,False,0.6934705393282502,1.8259249986303256,,,,,,,,,,,,,,
FINANCIALS,BEZ.L,LLOY.L,BEAZLEY PLC ORD 5P,LLOYDS BANKING GROUP PLC ORD 10,-2.070990540250619,0.25633826885021127,0.05,9.048527668226537e-05,False,0.8114375692492588,3.2957495312788585,,,,,,,,,,,,,,
FINANCIALS,BARC.L,SDR.L,BARCLAYS PLC ORD 25P,SCHRODERS PLC ORD 20P,-2.069399665100955,0.25699578908037646,0.05,9.048527668226537e-05,False,1.4574986990996572,-2.9193672163033115,,,,,,,,,,,,,,
FINANCIALS,ADM.L,JUP.L,ADMIRAL GROUP PLC ORD 0.1P,JUPITER FUND MANAGEMENT PLC ORD,-2.0592081804846627,0.26123021794108525,0.05,9.048527668226537e-05,False,0.16618717360642915,7.228064526091729,,,,,,,,,,,,,,
FINANCIALS,MNG.L,STAN.L,M&G PLC,STANDARD CHARTERED PLC ORD USD0,-2.058901894303709,0.2613580684981999,0.05,9.048527668226537e-05,False,0.5088682641805281,1.8652502106844202,,,,,,,,,,,,,,
FINANCIALS,AJB.L,BNKR.L,AJ BELL PLC ORD GBP0.000125,BANKERS INVESTMENT TRUST PLC OR,-2.0461816217341844,0.2666981086173508,0.05,9.048527668226537e-05,False,1.395320353219448,-0.5609461037351258,,,,,,,,,,,,,,
FINANCIALS,BNKR.L,INVP.L,BANKERS INVESTMENT TRUST PLC OR,INVESTEC PLC ORD GBP0.0002,-2.0358100391503684,0.2710956430555773,0.05,9.048527668226537e-05,False,1.05354024496147,-1.8559488147447656,,,,,,,,,,,,,,
FINANCIALS,ADM.L,SDR.L,ADMIRAL GROUP PLC ORD 0.1P,SCHRODERS PLC ORD 20P,-2.0352231062625457,0.27134566016405404,0.05,9.048527668226537e-05,False,0.27216996817094075,6.382597380656959,,,,,,,,,,,,,,
FINANCIALS,BEZ.L,MNG.L,BEAZLEY PLC ORD 5P,M&G PLC,-2.0310547320297996,0.2731248230694582,0.05,9.048527668226537e-05,False,1.195167006208781,0.2452936009780906,,,,,,,,,,,,,,
FINANCIALS,ASHM.L,NWG.L,ASHMORE GROUP PLC ORD 0.01P,NATWEST GROUP PLC ORD 107.69P,-2.0294407569339254,0.2738153748321982,0.05,9.048527668226537e-05,False,0.3281539520081306,3.1561496607475834,,,,,,,,,,,,,,
FINANCIALS,INVP.L,PRU.L,INVESTEC PLC ORD GBP0.0002,PRUDENTIAL PLC ORD 5P,-2.027121485610996,0.2748093188204642,0.05,9.048527668226537e-05,False,0.11297840862779533,5.566393855000374,,,,,,,,,,,,,,
FINANCIALS,INVP.L,NWG.L,INVESTEC PLC ORD GBP0.0002,NATWEST GROUP PLC ORD 107.69P,-2.0150243441958,0.28002454959541245,0.05,9.048527668226537e-05,False,0.06084095667161836,5.954604267011746,,,,,,,,,,,,,,
FINANCIALS,ABDN.L,BNKR.L,ABERDEEN GROUP PLC ORD 13 61/63,BANKERS INVESTMENT TRUST PLC OR,-2.014175544117992,0.2803924133670713,0.05,9.048527668226537e-05,False,2.136744854033037,-5.104861097714586,,,,,,,,,,,,,,
FINANCIALS,AJB.L,BARC.L,AJ BELL PLC ORD GBP0.000125,BARCLAYS PLC ORD 25P,-2.0130932879504075,0.2808618213697832,0.05,9.048527668226537e-05,False,0.264062489937456,4.6244276331723135,,,,,,,,,,,,,,
FINANCIALS,AV.L,LLOY.L,AVIVA PLC ORD 32 17/19P,LLOYDS BANKING GROUP PLC ORD 10,-1.999654656616648,0.2867245407342315,0.05,9.048527668226537e-05,False,0.5790696022245345,3.8480994767151864,,,,,,,,,,,,,,
FINANCIALS,BARC.L,BEZ.L,BARCLAYS PLC ORD 25P,BEAZLEY PLC ORD 5P,-1.9992997879321752,0.28688020213283055,0.05,9.048527668226537e-05,False,1.497314701471224,-4.389209959227652,,,,,,,,,,,,,,
FINANCIALS,BGEO.L,JUP.L,LION FINANCE GROUP PLC ORD 1P,JUPITER FUND MANAGEMENT PLC ORD,-1.9833717346649804,0.2939112676058435,0.05,9.048527668226537e-05,False,1.0452697668645385,3.869367293225607,,,,,,,,,,,,,,
FINANCIALS,AV.L,INVP.L,AVIVA PLC ORD 32 17/19P,INVESTEC PLC ORD GBP0.0002,-1.9806493323858287,0.29512160842343427,0.05,9.048527668226537e-05,False,8.582369860018288,-47.97758040606843,,,,,,,,,,,,,,
FINANCIALS,AJB.L,LLOY.L,AJ BELL PLC ORD GBP0.000125,LLOYDS BANKING GROUP PLC ORD 10,-1.9802428870172137,0.29530252171325955,0.05,9.048527668226537e-05,False,0.28882520085176205,4.906801396080564,,,,,,,,,,,,,,
FINANCIALS,ASHM.L,HSBA.L,ASHMORE GROUP PLC ORD 0.01P,HSBC HOLDINGS PLC ORD $0.50 (UK,-1.9778654557207225,0.2963618509227268,0.05,9.048527668226537e-05,False,0.4049465710073416,2.4158275536913565,,,,,,,,,,,,,,
FINANCIALS,BEZ.L,NWG.L,BEAZLEY PLC ORD 5P,NATWEST GROUP PLC ORD 107.69P,-1.9748214833741993,0.2977209319199125,0.05,9.048527668226537e-05,False,0.8333071650783558,1.6580103101593924,,,,,,,,,,,,,,
FINANCIALS,INVP.L,STJ.L,INVESTEC PLC ORD GBP0.0002,ST. JAMES'S PLACE PLC ORD 15P,-1.9732976914913958,0.2984024373153734,0.05,9.048527668226537e-05,False,0.024521738197745082,6.1597782018402905,,,,,,,,,,,,,,
FINANCIALS,ASHM.L,STAN.L,ASHMORE GROUP PLC ORD 0.01P,STANDARD CHARTERED PLC ORD USD0,-1.9696519187004613,0.30003610905725253,0.05,9.048527668226537e-05,False,0.2351363235628881,3.5087679917399575,,,,,,,,,,,,,,
FINANCIALS,LLOY.L,SDR.L,LLOYDS BANKING GROUP PLC ORD 10,SCHRODERS PLC ORD 20P,-1.9636028188331798,0.3027563829229539,0.05,9.048527668226537e-05,False,1.1825624767891432,-2.749909555588312,,,,,,,,,,,,,,
FINANCIALS,ADM.L,INVP.L,ADMIRAL GROUP PLC ORD 0.1P,INVESTEC PLC ORD GBP0.0002,-1.960129212957301,0.3043238786904543,0.05,9.048527668226537e-05,False,-4.0663574615096,33.7509967910948,,,,,,,,,,,,,,
FINANCIALS,AJB.L,PRU.L,AJ BELL PLC ORD GBP0.000125,PRUDENTIAL PLC ORD 5P,-1.958679212815705,0.3049793672854305,0.05,9.048527668226537e-05,False,0.2946722703350133,4.1627909741689795,,,,,,,,,,,,,,
FINANCIALS,MNG.L,SDR.L,M&G PLC,SCHRODERS PLC ORD 20P,-1.9584977663977776,0.30506144024236903,0.05,9.048527668226537e-05,False,0.8250216579235718,0.5529206624528351,,,,,,,,,,,,,,
FINANCIALS,NWG.L,SDR.L,NATWEST GROUP PLC ORD 107.69P,SCHRODERS PLC ORD 20P,-1.953534735011345,0.3073104833362619,0.05,9.048527668226537e-05,False,1.1741789044640594,-0.847845434744495,,,,,,,,,,,,,,
FINANCIALS,ASHM.L,LGEN.L,ASHMORE GROUP PLC ORD 0.01P,LEGAL & GENERAL GROUP PLC ORD 2,-1.9292751333667417,0.3184169358807396,0.05,9.048527668226537e-05,False,4.948390518788852,-21.988509403512914,,,,,,,,,,,,,,
FINANCIALS,ASHM.L,BEZ.L,ASHMORE GROUP PLC ORD 0.01P,BEAZLEY PLC ORD 5P,-1.928313207305606,0.3188611239231663,0.05,9.048527668226537e-05,False,0.6159522178592699,0.9920351000537879,,,,,,,,,,,,,,
FINANCIALS,ABDN.L,ASHM.L,ABERDEEN GROUP PLC ORD 13 61/63,ASHMORE GROUP PLC ORD 0.01P,-1.9235240255512682,0.32107686322720674,0.05,9.048527668226537e-05,False,1.2918167269030423,-1.5145325311430522,,,,,,,,,,,,,,
FINANCIALS,ADM.L,BEZ.L,ADMIRAL GROUP PLC ORD 0.1P,BEAZLEY PLC ORD 5P,-1.9190612308259691,0.32314791735395454,0.05,9.048527668226537e-05,False,0.3140886291783396,5.87355058924487,,,,,,,,,,,,,,
FINANCIALS,JUP.L,STAN.L,JUPITER FUND MANAGEMENT PLC ORD,STANDARD CHARTERED PLC ORD USD0,-1.9087066560068418,0.3279763757938252,0.05,9.048527668226537e-05,False,1.0833924564849617,-3.003612553631509,,,,,,,,,,,,,,
FINANCIALS,SDR.L,STAN.L,SCHRODERS PLC ORD 20P,STANDARD CHARTERED PLC ORD USD0,-1.891819457757704,0.3359192282033065,0.05,9.048527668226537e-05,False,0.5439749901441696,2.1088425719474486,,,,,,,,,,,,,,
FINANCIALS,INVP.L,LGEN.L,INVESTEC PLC ORD GBP0.0002,LEGAL & GENERAL GROUP PLC ORD 2,-1.8832153467568697,0.33999786815861266,0.05,9.048527668226537e-05,False,2.7357509982870534,-8.691197423715499,,,,,,,,,,,,,,
FINANCIALS,AJB.L,NWG.L,AJ BELL PLC ORD GBP0.000125,NATWEST GROUP PLC ORD 107.69P,-1.8672549137884478,0.3476186924064751,0.05,9.048527668226537e-05,False,0.3158189486975097,4.205270852428371,,,,,,,,,,,,,,
FINANCIALS,AV.L,JUP.L,AVIVA PLC ORD 32 17/19P,JUPITER FUND MANAGEMENT PLC ORD,-1.8664093469965406,0.34802439276203756,0.05,9.048527668226537e-05,False,0.351941485412674,4.694402684249765,,,,,,,,,,,,,,
FINANCIALS,AJB.L,AV.L,AJ BELL PLC ORD GBP0.000125,AVIVA PLC ORD 32 17/19P,-1.862543514117344,0.34988167600419606,0.05,9.048527668226537e-05,False,0.6618696269851442,1.9517178263252593,,,,,,,,,,,,,,
FINANCIALS,ASHM.L,PRU.L,ASHMORE GROUP PLC ORD 0.01P,PRUDENTIAL PLC ORD 5P,-1.828048903512188,0.3666277680988839,0.05,9.048527668226537e-05,False,0.4136501085550526,2.385447622896889,,,,,,,,,,,,,,
FINANCIALS,AV.L,BGEO.L,AVIVA PLC ORD 32 17/19P,LION FINANCE GROUP PLC ORD 1P,-1.8182562485995741,0.3714363783327136,0.05,9.048527668226537e-05,False,0.3588261942503016,3.197132141677415,,,,,,,,,,,,,,
FINANCIALS,BARC.L,STJ.L,BARCLAYS PLC ORD 25P,ST. JAMES'S PLACE PLC ORD 15P,-1.8156572366623869,0.3727164825068728,0.05,9.048527668226537e-05,False,0.9939482878336663,-1.111834080431242,,,,,,,,,,,,,,
FINANCIALS,HSBA.L,JUP.L,HSBC HOLDINGS PLC ORD $0.50 (UK,JUPITER FUND MANAGEMENT PLC ORD,-1.810963467875513,0.37503238118604737,0.05,9.048527668226537e-05,False,0.6857442774856882,3.603964074635889,,,,,,,,,,,,,,
FINANCIALS,LLOY.L,STJ.L,LLOYDS BANKING GROUP PLC ORD 10,ST. JAMES'S PLACE PLC ORD 15P,-1.8077440293651932,0.37662383244787206,0.05,9.048527668226537e-05,False,0.8462417396450023,-1.5598675750086786,,,,,,,,,,,,,,
FINANCIALS,BEZ.L,JUP.L,BEAZLEY PLC ORD 5P,JUPITER FUND MANAGEMENT PLC ORD,-1.7985026880573431,0.3812053204171876,0.05,9.048527668226537e-05,False,0.4619210079159965,4.628699020629402,,,,,,,,,,,,,,
FINANCIALS,ASHM.L,MNG.L,ASHMORE GROUP PLC ORD 0.01P,M&G PLC,-1.7857858548946213,0.3875411061543806,0.05,9.048527668226537e-05,False,0.7926833080230902,0.833047657934566,,,,,,,,,,,,,,
FINANCIALS,BNKR.L,STAN.L,BANKERS INVESTMENT TRUST PLC OR,STANDARD CHARTERED PLC ORD USD0,-1.7834138260531303,0.38872680245774754,0.05,9.048527668226537e-05,False,0.2492857102924221,3.039250375649057,,,,,,,,,,,,,,
FINANCIALS,AV.L,STAN.L,AVIVA PLC ORD 32 17/19P,STANDARD CHARTERED PLC ORD USD0,-1.7800437421632178,0.39041345831202695,0.05,9.048527668226537e-05,False,0.39389925015582555,3.5475842138780265,,,,,,,,,,,,,,
FINANCIALS,BGEO.L,STJ.L,LION FINANCE GROUP PLC ORD 1P,ST. JAMES'S PLACE PLC ORD 15P,-1.7767239318201793,0.39207729901736044,0.05,9.048527668226537e-05,False,1.4016290248935366,-0.9531588554389607,,,,,,,,,,,,,,
FINANCIALS,AJB.L,ASHM.L,AJ BELL PLC ORD GBP0.000125,ASHMORE GROUP PLC ORD 0.01P,-1.7765490598434048,0.39216500632841794,0.05,9.048527668226537e-05,False,0.3501253598472008,4.340626522739948,,,,,,,,,,,,,,
FINANCIALS,ASHM.L,STJ.L,ASHMORE GROUP PLC ORD 0.01P,ST. JAMES'S PLACE PLC ORD 15P,-1.770067523842913,0.3954202957214446,0.05,9.048527668226537e-05,False,0.20961937469797992,3.7251396466676674,,,,,,,,,,,,,,
FINANCIALS,STAN.L,STJ.L,STANDARD CHARTERED PLC ORD USD0,ST. JAMES'S PLACE PLC ORD 15P,-1.7620595818018565,0.39945399907689333,0.05,9.048527668226537e-05,False,1.2171149014921565,-1.3429855894044254,,,,,,,,,,,,,,
FINANCIALS,ADM.L,ASHM.L,ADMIRAL GROUP PLC ORD 0.1P,ASHMORE GROUP PLC ORD 0.01P,-1.756162691664135,0.4024324561083349,0.05,9.048527668226537e-05,False,-0.024924241397824825,8.139274560050502,,,,,,,,,,,,,,
FINANCIALS,BGEO.L,BNKR.L,LION FINANCE GROUP PLC ORD 1P,BANKERS INVESTMENT TRUST PLC OR,-1.7458710458715962,0.4076466284922323,0.05,9.048527668226537e-05,False,4.561598722943186,-13.167532572492304,,,,,,,,,,,,,,
FINANCIALS,ABDN.L,STJ.L,ABERDEEN GROUP PLC ORD 13 61/63,ST. JAMES'S PLACE PLC ORD 15P,-1.7443732299620265,0.408407135595483,0.05,9.048527668226537e-05,False,0.5640387633863279,1.2595660743591766,,,,,,,,,,,,,,
FINANCIALS,ASHM.L,AV.L,ASHMORE GROUP PLC ORD 0.01P,AVIVA PLC ORD 32 17/19P,-1.6806297141065185,0.4411192456989026,0.05,9.048527668226537e-05,False,1.29048099412006,-3.0133047871418226,,,,,,,,,,,,,,
FINANCIALS,AV.L,BEZ.L,AVIVA PLC ORD 32 17/19P,BEAZLEY PLC ORD 5P,-1.677773637845222,0.44259900991766987,0.05,9.048527668226537e-05,False,0.5544978914809909,2.5786537274359396,,,,,,,,,,,,,,
FINANCIALS,BEZ.L,PRU.L,BEAZLEY PLC ORD 5P,PRUDENTIAL PLC ORD 5P,-1.6503795336502713,0.4568424941968119,0.05,9.048527668226537e-05,False,0.8031058223069739,1.3728818330082015,,,,,,,,,,,,,,
FINANCIALS,JUP.L,SDR.L,JUPITER FUND MANAGEMENT PLC ORD,SCHRODERS PLC ORD 20P,-1.645528292370473,0.4593735834498761,0.05,9.048527668226537e-05,False,1.9105672037713424,-6.718939782795007,,,,,,,,,,,,,,
FINANCIALS,BNKR.L,JUP.L,BANKERS INVESTMENT TRUST PLC OR,JUPITER FUND MANAGEMENT PLC ORD,-1.5980302153623682,0.48458289136351157,0.05,9.048527668226537e-05,False,0.22879567447505614,3.7364989950779144,,,,,,,,,,,,,,
FINANCIALS,AV.L,SDR.L,AVIVA PLC ORD 32 17/19P,SCHRODERS PLC ORD 20P,-1.57618922835037,0.49554242476847055,0.05,9.048527668226537e-05,False,0.5320379518051196,3.169111768851438,,,,,,,,,,,,,,
FINANCIALS,HSBA.L,STJ.L,HSBC HOLDINGS PLC ORD $0.50 (UK,ST. JAMES'S PLACE PLC ORD 15P,-1.4832638644884972,0.5417736242113118,0.05,9.048527668226537e-05,False,0.9048563652536672,0.5421658108297818,,,,,,,,,,,,,,
FINANCIALS,BNKR.L,LLOY.L,BANKERS INVESTMENT TRUST PLC OR,LLOYDS BANKING GROUP PLC ORD 10,-1.4695282096421056,0.5485278627778339,0.05,9.048527668226537e-05,False,0.3322707484723425,3.377247495477729,,,,,,,,,,,,,,
FINANCIALS,BARC.L,BNKR.L,BARCLAYS PLC ORD 25P,BANKERS INVESTMENT TRUST PLC OR,-1.4649527676454208,0.5507720220953122,0.05,9.048527668226537e-05,False,3.3398453140960545,-10.279098792596812,,,,,,,,,,,,,,
FINANCIALS,SDR.L,STJ.L,SCHRODERS PLC ORD 20P,ST. JAMES'S PLACE PLC ORD 15P,-1.463960401227614,0.5512583665665679,0.05,9.048527668226537e-05,False,0.5931086530416604,1.8576477695457436,,,,,,,,,,,,,,
FINANCIALS,AJB.L,STJ.L,AJ BELL PLC ORD GBP0.000125,ST. JAMES'S PLACE PLC ORD 15P,-1.4636608575522638,0.5514051409636009,0.05,9.048527668226537e-05,False,0.25634051147744513,4.373395792826388,,,,,,,,,,,,,,
FINANCIALS,ADM.L,BNKR.L,ADMIRAL GROUP PLC ORD 0.1P,BANKERS INVESTMENT TRUST PLC OR,-1.4593534504731493,0.5535143107834429,0.05,9.048527668226537e-05,False,1.4520182501822925,1.0212949088336973,,,,,,,,,,,,,,
FINANCIALS,BEZ.L,STJ.L,BEAZLEY PLC ORD 5P,ST. JAMES'S PLACE PLC ORD 15P,-1.4521915225210136,0.5570151882972652,0.05,9.048527668226537e-05,False,0.6216403277694267,2.4819910569094965,,,,,,,,,,,,,,
FINANCIALS,AV.L,HSBA.L,AVIVA PLC ORD 32 17/19P,HSBC HOLDINGS PLC ORD $0.50 (UK,-1.4255582218393514,0.5699637214529333,0.05,9.048527668226537e-05,False,0.5139096229132916,2.8400833610704037,,,,,,,,,,,,,,
FINANCIALS,MNG.L,PRU.L,M&G PLC,PRUDENTIAL PLC ORD 5P,-1.3981314520881014,0.5831715953133665,0.05,9.048527668226537e-05,False,0.7386776190462878,0.492407404407774,,,,,,,,,,,,,,
FINANCIALS,AV.L,BARC.L,AVIVA PLC ORD 32 17/19P,BARCLAYS PLC ORD 25P,-1.3361910875357625,0.6124565682530039,0.05,9.048527668226537e-05,False,0.49528122094046384,3.479853151031899,,,,,,,,,,,,,,
FINANCIALS,BNKR.L,NWG.L,BANKERS INVESTMENT TRUST PLC OR,NATWEST GROUP PLC ORD 107.69P,-1.3172353147222524,0.6212507136377692,0.05,9.048527668226537e-05,False,0.33148632976860243,2.7667472356298757,,,,,,,,,,,,,,
FINANCIALS,PRU.L,SDR.L,PRUDENTIAL PLC ORD 5P,SCHRODERS PLC ORD 20P,-1.297557621931849,0.6302889625079258,0.05,9.048527668226537e-05,False,1.181560346262624,-0.30479400082430796,,,,,,,,,,,,,,
FINANCIALS,MNG.L,STJ.L,M&G PLC,ST. JAMES'S PLACE PLC ORD 15P,-1.1882499898670156,0.6786297359010021,0.05,9.048527668226537e-05,False,0.5805669426439626,1.4514001872418492,,,,,,,,,,,,,,
FINANCIALS,AV.L,MNG.L,AVIVA PLC ORD 32 17/19P,M&G PLC,-1.1853070426296646,0.6798841014527368,0.05,9.048527668226537e-05,False,0.786216234248964,2.037108255611048,,,,,,,,,,,,,,
FINANCIALS,HSBA.L,PRU.L,HSBC HOLDINGS PLC ORD $0.50 (UK,PRUDENTIAL PLC ORD 5P,-1.1052432381551398,0.712976439253304,0.05,9.048527668226537e-05,False,1.0790633700995327,-0.46423715401105436,,,,,,,,,,,,,,
FINANCIALS,ASHM.L,BNKR.L,ASHMORE GROUP PLC ORD 0.01P,BANKERS INVESTMENT TRUST PLC OR,-1.030338430169383,0.7420388872961405,0.05,9.048527668226537e-05,False,2.4094706897263762,-6.41520306944832,,,,,,,,,,,,,,
FINANCIALS,AV.L,BNKR.L,AVIVA PLC ORD 32 17/19P,BANKERS INVESTMENT TRUST PLC OR,-0.8436498778763406,0.8059629158487951,0.05,9.048527668226537e-05,False,1.8758734125019088,-2.678324702090176,,,,,,,,,,,,,,
FINANCIALS,BNKR.L,PRU.L,BANKERS INVESTMENT TRUST PLC OR,PRUDENTIAL PLC ORD 5P,-0.4855639133969613,0.894802948495236,0.05,9.048527668226537e-05,False,0.3263935489233471,2.6065321876179968,,,,,,,,,,,,,,
FINANCIALS,BNKR.L,STJ.L,BANKERS INVESTMENT TRUST PLC OR,ST. JAMES'S PLACE PLC ORD 15P,-0.2981036392458032,0.925772484554639,0.05,9.048527668226537e-05,False,0.2508071236724917,3.070052142218424,,,,,,,,,,,,,,
FR_BANKS,ACA.PA,GLE.PA,CREDIT AGRICOLE,SOCIETE GENERALE,-3.3530324126342745,0.01266807329033377,0.05,0.01266807329033377,True,0.28574100083445386,1.5881270817344864,17.879040309021875,0.00016809704033487699,-0.03876870170767381,54.0,0.22093523409208024,2.565542339841904,False,,0.6,0.013509558615551254,0.2736456478373503,0.35744497958976956,True,reversion signs agree
FR_BANKS,ACA.PA,BNP.PA,CREDIT AGRICOLE,BNP PARIBAS ACT.A,-2.496727745797227,0.11627253100807144,0.05,0.01266807329033377,False,0.6825024118957195,-0.22647719157661905,,,,,,,,,,,,,,
FR_BANKS,BNP.PA,GLE.PA,BNP PARIBAS ACT.A,SOCIETE GENERALE,-1.64023278977257,0.4621391559656852,0.05,0.01266807329033377,False,0.4081818218457808,2.6979263247703216,,,,,,,,,,,,,,
FR_LUXURY,CDI.PA,MC.PA,CHRISTIAN DIOR,LVMH,-3.2358585425974655,0.018000637329641543,0.05,,False,0.9430331142888237,0.29017210314509345,,,,,,,,,,,,,,
FR_LUXURY,KER.PA,RMS.PA,KERING,HERMES INTL,-2.100748571517813,0.24421370368983614,0.05,,False,-2.959873553939276,28.113604319859267,,,,,,,,,,,,,,
FR_LUXURY,CDI.PA,RMS.PA,CHRISTIAN DIOR,HERMES INTL,-1.4732269112614198,0.5467115974586496,0.05,,False,1.0299411359974628,-1.6413009952154196,,,,,,,,,,,,,,
FR_LUXURY,MC.PA,RMS.PA,LVMH,HERMES INTL,-1.3439344997065537,0.6088403881269104,0.05,,False,1.19657620413556,-2.8469575227796637,,,,,,,,,,,,,,
FR_LUXURY,CDI.PA,KER.PA,CHRISTIAN DIOR,KERING,-1.0347969636269736,0.7403623431278354,0.05,,False,0.5572521282923265,3.1894727374127245,,,,,,,,,,,,,,
FR_LUXURY,KER.PA,MC.PA,KERING,LVMH,-0.9773165412213647,0.7614474124073797,0.05,,False,1.6702052262772924,-5.063554756219719,,,,,,,,,,,,,,
FR_UTILITIES,ENGI.PA,RUI.PA,ENGIE,RUBIS,-3.2546524452869674,0.0170312655285043,0.05,,False,1.5527735916484353,-2.1992576614665125,,,,,,,,,,,,,,
FR_UTILITIES,ENGI.PA,VIE.PA,ENGIE,VEOLIA ENVIRON.,-2.3888401017900844,0.1449110132572125,0.05,,False,3.019596459737115,-7.230587433512548,,,,,,,,,,,,,,
FR_UTILITIES,ALO.PA,ENGI.PA,ALSTOM,ENGIE,-1.9195109532192014,0.3229389394423534,0.05,,False,0.23809952422937938,2.3447982653322454,,,,,,,,,,,,,,
FR_UTILITIES,RUI.PA,VIE.PA,RUBIS,VEOLIA ENVIRON.,-1.6655416960214766,0.44894811795441647,0.05,,False,2.1174810357398144,-3.818605825228765,,,,,,,,,,,,,,
FR_UTILITIES,ALO.PA,RUI.PA,ALSTOM,RUBIS,-1.2657136475452884,0.6447088048560501,0.05,,False,0.5483424584366188,1.2374915881113813,,,,,,,,,,,,,,
FR_UTILITIES,ALO.PA,VIE.PA,ALSTOM,VEOLIA ENVIRON.,0.22279183375295972,0.9735113342051482,0.05,,False,15.204010856575586,-47.85063277571411,,,,,,,,,,,,,,
HEALTHCARE,GSK.L,HIK.L,GSK PLC ORD 31 1/4P,HIKMA PHARMACEUTICALS PLC ORD S,-3.7690505707449233,0.0032403240059188927,0.05,0.026996123173825645,True,-0.9436843125053795,14.437604577085567,14.367786799485595,-0.00021373528132292166,-0.04824314212295813,43.0,0.07294663250682283,3.1015378068818142,False,,0.4,0.03874107981718086,0.8188259192783199,0.5451251961085999,True,mixed signal
HEALTHCARE,AZN.L,HIK.L,ASTRAZENECA PLC ORD SHS $0.25,HIKMA PHARMACEUTICALS PLC ORD S,-3.6280311375467806,0.005247199241076885,0.05,0.026996123173825645,True,-0.7066181616063747,14.690301555668217,16.83590762837272,-0.0003070723482875336,-0.041170764051462166,51.0,0.352450187104116,3.043585761058555,False,,1.0,0.034289395687895095,0.8564991440238021,0.727175891816845,True,reversion signs agree
HEALTHCARE,AZN.L,GSK.L,ASTRAZENECA PLC ORD SHS $0.25,GSK PLC ORD 31 1/4P,-3.515927187563343,0.007587348793055572,0.05,0.026996123173825645,True,0.7968493348472179,3.525095984798983,13.856302727233915,-0.0001624755016864695,-0.05002396340530269,42.0,0.7906421039010754,3.06914491611116,False,,0.4,0.0032100364426998354,0.36771866350721344,0.47682016112586023,False,mixed signal
HEALTHCARE,AZN.L,CTEC.L,ASTRAZENECA PLC ORD SHS $0.25,CONVATEC GROUP PLC ORD 10P,-3.2968306760282213,0.015020739118291907,0.05,0.026996123173825645,True,-2.5005026816169575,23.083474528057863,15.630985640920954,-0.0006216485260295365,-0.0443444320456241,47.0,-0.5961938490471875,2.6373870662575594,False,,0.6,0.04152227555878139,0.7171386245745127,1.0330263824439436,True,reversion signs agree
HEALTHCARE,CTEC.L,HIK.L,CONVATEC GROUP PLC ORD 10P,HIKMA PHARMACEUTICALS PLC ORD S,-3.150995398771015,0.023002338666218848,0.05,0.026996123173825645,True,0.30410785579227123,3.1955838979546694,17.284597981261314,-0.00011390761986970188,-0.04010201344060211,52.0,-0.8334879358864301,2.324023399668352,False,,0.6,0.0029313712416249083,0.21578102293403323,0.6374833212204065,True,reversion signs agree
HEALTHCARE,CTEC.L,GSK.L,CONVATEC GROUP PLC ORD 10P,GSK PLC ORD 31 1/4P,-3.094057153252104,0.026996123173825645,0.05,0.026996123173825645,True,-0.2495695768351814,7.312037785972777,17.7716759509088,-0.00020801963246703788,-0.0390029157899708,53.0,-0.6772513977712807,2.443860705840326,False,,0.6,0.01362695089353648,0.5174404761345343,0.7562625524566057,True,reversion signs agree
HEALTHCARE,CTEC.L,SN.L,CONVATEC GROUP PLC ORD 10P,SMITH & NEPHEW PLC ORD USD0.20,-2.7119339031960306,0.07199585105152811,0.05,0.026996123173825645,False,-0.14269392446201354,6.476813071346991,,,,,,,,,,,,,,
HEALTHCARE,AZN.L,SN.L,ASTRAZENECA PLC ORD SHS $0.25,SMITH & NEPHEW PLC ORD USD0.20,-2.5303731794103874,0.10825799628189592,0.05,0.026996123173825645,False,1.2221691236933179,0.7894389967725033,,,,,,,,,,,,,,
HEALTHCARE,HIK.L,SN.L,HIKMA PHARMACEUTICALS PLC ORD S,SMITH & NEPHEW PLC ORD USD0.20,-2.4899227155168555,0.11794552985482515,0.05,0.026996123173825645,False,-2.10436113176321,22.313533002483013,,,,,,,,,,,,,,
HEALTHCARE,GSK.L,SN.L,GSK PLC ORD 31 1/4P,SMITH & NEPHEW PLC ORD USD0.20,-2.1392834342723597,0.2290146106230161,0.05,0.026996123173825645,False,1.7835605328109947,-5.193648839865685,,,,,,,,,,,,,,
INDUSTRIALS,BBY.L,IMI.L,BALFOUR BEATTY PLC ORD 50P,IMI PLC ORD 28 4/7P,-3.9724395853021157,0.0015619040259040845,0.05,,False,1.4527238501344877,-4.8380723675267925,,,,,,,,,,,,,,
INDUSTRIALS,BA.L,BNZL.L,BAE SYSTEMS PLC ORD 2.5P,BUNZL PLC ORD 32 1/7P,-3.3210368638140864,0.013963917487893206,0.05,,False,-1.0613179681830722,15.775197592671294,,,,,,,,,,,,,,
INDUSTRIALS,BNZL.L,SMIN.L,BUNZL PLC ORD 32 1/7P,SMITHS GROUP PLC ORD 37.5P,-3.049657316387246,0.030510121496372288,0.05,,False,-1.225312722549521,17.26950423156237,,,,,,,,,,,,,,
INDUSTRIALS,BA.L,MGNS.L,BAE SYSTEMS PLC ORD 2.5P,MORGAN SINDALL GROUP PLC ORD 5P,-3.0491312316566432,0.030553990420904256,0.05,,False,1.1178388296202586,-1.850499011167039,,,,,,,,,,,,,,
INDUSTRIALS,BNZL.L,WEIR.L,BUNZL PLC ORD 32 1/7P,WEIR PLC ORD 12.5P,-2.9140290847581287,0.0437407590709126,0.05,,False,-1.3449840701369062,18.395287501748058,,,,,,,,,,,,,,
INDUSTRIALS,BNZL.L,KIE.L,BUNZL PLC ORD 32 1/7P,KIER GROUP PLC ORD 1P,-2.88652474427384,0.04693757575887737,0.05,,False,-0.9539468241078809,12.823277289370132,,,,,,,,,,,,,,
INDUSTRIALS,BNZL.L,MGNS.L,BUNZL PLC ORD 32 1/7P,MORGAN SINDALL GROUP PLC ORD 5P,-2.817551317085356,0.05581009365392008,0.05,,False,-1.0368976979456936,16.471989658491047,,,,,,,,,,,,,,
INDUSTRIALS,DPLM.L,SPX.L,DIPLOMA PLC ORD 5P,SPIRAX GROUP PLC ORD 26 12/13P,-2.788997255001705,0.05986270114358044,0.05,,False,18.915683927640146,-158.9006796199071,,,,,,,,,,,,,,
INDUSTRIALS,IMI.L,SPX.L,IMI PLC ORD 28 4/7P,SPIRAX GROUP PLC ORD 26 12/13P,-2.7866203926944904,0.06021051198690062,0.05,,False,17.917726296636406,-150.9013937183257,,,,,,,,,,,,,,
INDUSTRIALS,KIE.L,SMIN.L,KIER GROUP PLC ORD 1P,SMITHS GROUP PLC ORD 37.5P,-2.7757581374100115,0.06182084983531912,0.05,,False,1.271612595450834,-4.562487170792288,,,,,,,,,,,,,,
INDUSTRIALS,BA.L,SMIN.L,BAE SYSTEMS PLC ORD 2.5P,SMITHS GROUP PLC ORD 37.5P,-2.7736562925377224,0.062136424684448924,0.05,,False,1.3020882053847151,-2.565804396609148,,,,,,,,,,,,,,
INDUSTRIALS,BA.L,SPX.L,BAE SYSTEMS PLC ORD 2.5P,SPIRAX GROUP PLC ORD 26 12/13P,-2.764913135879328,0.06346309396908514,0.05,,False,-5.01458256520737,51.78053175608335,,,,,,,,,,,,,,
INDUSTRIALS,KIE.L,SPX.L,KIER GROUP PLC ORD 1P,SPIRAX GROUP PLC ORD 26 12/13P,-2.7598781650584865,0.06423736726528373,0.05,,False,-86.79957028510633,773.3586600120676,,,,,,,,,,,,,,
INDUSTRIALS,SPX.L,WEIR.L,SPIRAX GROUP PLC ORD 26 12/13P,WEIR PLC ORD 12.5P,-2.759730253123281,0.06426022723780188,0.05,,False,-0.1062296690731024,9.679819283787227,,,,,,,,,,,,,,
INDUSTRIALS,BBY.L,SPX.L,BALFOUR BEATTY PLC ORD 50P,SPIRAX GROUP PLC ORD 26 12/13P,-2.7333124504395414,0.06844901314821979,0.05,,False,-50.843297389318906,456.27848751724014,,,,,,,,,,,,,,
INDUSTRIALS,SMIN.L,SPX.L,SMITHS GROUP PLC ORD 37.5P,SPIRAX GROUP PLC ORD 26 12/13P,-2.7254167857991893,0.06974237432066817,0.05,,False,-11.151305281884685,106.34487099269265,,,,,,,,,,,,,,
INDUSTRIALS,BBY.L,DPLM.L,BALFOUR BEATTY PLC ORD 50P,DIPLOMA PLC ORD 5P,-2.722928477855484,0.07015398290254327,0.05,,False,1.590763790689596,-7.221980912306091,,,,,,,,,,,,,,
INDUSTRIALS,BNZL.L,SPX.L,BUNZL PLC ORD 32 1/7P,SPIRAX GROUP PLC ORD 26 12/13P,-2.7013466646330926,0.07380552700686253,0.05,,False,4.613227748375905,-32.937123408396296,,,,,,,,,,,,,,
INDUSTRIALS,MRO.L,WEIR.L,MELROSE INDUSTRIES PLC ORD GBP0,WEIR PLC ORD 12.5P,-2.653958463011318,0.08234989107083784,0.05,,False,0.6578935004587084,1.146579340233699,,,,,,,,,,,,,,
INDUSTRIALS,MGNS.L,SPX.L,MORGAN SINDALL GROUP PLC ORD 5P,SPIRAX GROUP PLC ORD 26 12/13P,-2.6287236474512143,0.08720478881640564,0.05,,False,-5.027632917556184,52.77128658409968,,,,,,,,,,,,,,
INDUSTRIALS,MGNS.L,MRO.L,MORGAN SINDALL GROUP PLC ORD 5P,MELROSE INDUSTRIES PLC ORD GBP0,-2.627877271843365,0.08737138343860412,0.05,,False,2.5988184584219494,-8.057315158204148,,,,,,,,,,,,,,
INDUSTRIALS,BBY.L,SMIN.L,BALFOUR BEATTY PLC ORD 50P,SMITHS GROUP PLC ORD 37.5P,-2.589533904863532,0.09517974780244015,0.05,,False,1.6127364279747485,-6.0359083907554085,,,,,,,,,,,,,,
INDUSTRIALS,MGNS.L,WEIR.L,MORGAN SINDALL GROUP PLC ORD 5P,WEIR PLC ORD 12.5P,-2.5757791210580927,0.09810726810861176,0.05,,False,1.277378473408125,-1.7006455563393388,,,,,,,,,,,,,,
INDUSTRIALS,DPLM.L,IMI.L,DIPLOMA PLC ORD 5P,IMI PLC ORD 28 4/7P,-2.565882029806875,0.10025575269474613,0.05,,False,0.9281795157693379,1.3838426382370077,,,,,,,,,,,,,,
INDUSTRIALS,BA.L,KIE.L,BAE SYSTEMS PLC ORD 2.5P,KIER GROUP PLC ORD 1P,-2.5251248882433037,0.10948022468700841,0.05,,False,1.0178427409856958,2.1376908995839923,,,,,,,,,,,,,,
INDUSTRIALS,DPLM.L,HILS.L,DIPLOMA PLC ORD 5P,HILL & SMITH PLC ORD 25P,-2.5220464034938157,0.11020192560370962,0.05,,False,1.5757451647360883,-3.532018562470588,,,,,,,,,,,,,,
INDUSTRIALS,MGNS.L,SMIN.L,MORGAN SINDALL GROUP PLC ORD 5P,SMITHS GROUP PLC ORD 37.5P,-2.493184830341719,0.11714134734370335,0.05,,False,1.195739977932525,-0.8765227612523727,,,,,,,,,,,,,,
INDUSTRIALS,BNZL.L,MRO.L,BUNZL PLC ORD 32 1/7P,MELROSE INDUSTRIES PLC ORD GBP0,-2.4909612863600628,0.11768905935563095,0.05,,False,-4.013483850902566,33.11500239119576,,,,,,,,,,,,,,
INDUSTRIALS,KIE.L,MRO.L,KIER GROUP PLC ORD 1P,MELROSE INDUSTRIES PLC ORD GBP0,-2.464530828181262,0.12434455161894514,0.05,,False,2.5755936176003877,-11.016559326344744,,,,,,,,,,,,,,
INDUSTRIALS,KIE.L,MGNS.L,KIER GROUP PLC ORD 1P,MORGAN SINDALL GROUP PLC ORD 5P,-2.4258696190811664,0.13456761405751538,0.05,,False,1.080122323354811,-3.7683079150461722,,,,,,,,,,,,,,
INDUSTRIALS,BKG.L,MRO.L,BERKELEY GROUP HOLDINGS (THE) P,MELROSE INDUSTRIES PLC ORD GBP0,-2.3225535803697728,0.16479712719251627,0.05,,False,-1.2843476457990926,16.36743668819188,,,,,,,,,,,,,,
INDUSTRIALS,BKG.L,SPX.L,BERKELEY GROUP HOLDINGS (THE) P,SPIRAX GROUP PLC ORD 26 12/13P,-2.305562833608914,0.17018012348377076,0.05,,False,1.8509879404104324,-8.086082216648638,,,,,,,,,,,,,,
INDUSTRIALS,BKG.L,MGNS.L,BERKELEY GROUP HOLDINGS (THE) P,MORGAN SINDALL GROUP PLC ORD 5P,-2.294564185563677,0.17372712386922923,0.05,,False,-0.5324770168971829,12.70222185369326,,,,,,,,,,,,,,
INDUSTRIALS,BA.L,WEIR.L,BAE SYSTEMS PLC ORD 2.5P,WEIR PLC ORD 12.5P,-2.288562590796541,0.17568330155526368,0.05,,False,1.445493099728718,-3.888928581744188,,,,,,,,,,,,,,
INDUSTRIALS,BA.L,MRO.L,BAE SYSTEMS PLC ORD 2.5P,MELROSE INDUSTRIES PLC ORD GBP0,-2.286981684201892,0.17620101906215013,0.05,,False,9.046135206601903,-49.4534718543764,,,,,,,,,,,,,,
INDUSTRIALS,BBY.L,MRO.L,BALFOUR BEATTY PLC ORD 50P,MELROSE INDUSTRIES PLC ORD GBP0,-2.2546302894788246,0.187018158915626,0.05,,False,5.436832255723111,-27.86157590870468,,,,,,,,,,,,,,
INDUSTRIALS,MRO.L,SMIN.L,MELROSE INDUSTRIES PLC ORD GBP0,SMITHS GROUP PLC ORD 37.5P,-2.1963653394499594,0.20756727282049336,0.05,,False,0.5324734683945009,2.2091981785994834,,,,,,,,,,,,,,
INDUSTRIALS,BKG.L,SMIN.L,BERKELEY GROUP HOLDINGS (THE) P,SMITHS GROUP PLC ORD 37.5P,-2.195480215183226,0.20788996595068937,0.05,,False,-0.6608522310525717,13.353788118026802,,,,,,,,,,,,,,
INDUSTRIALS,HILS.L,SPX.L,HILL & SMITH PLC ORD 25P,SPIRAX GROUP PLC ORD 26 12/13P,-2.1814801111462927,0.21303563608849913,0.05,,False,1.3451801876323901,-4.265672603931167,,,,,,,,,,,,,,
INDUSTRIALS,IMI.L,SMIN.L,IMI PLC ORD 28 4/7P,SMITHS GROUP PLC ORD 37.5P,-2.173749851478919,0.21591029548461427,0.05,,False,1.0790974882297686,-0.5868848934427708,,,,,,,,,,,,,,
INDUSTRIALS,BKG.L,DPLM.L,BERKELEY GROUP HOLDINGS (THE) P,DIPLOMA PLC ORD 5P,-2.1618848279462566,0.2203686317512632,0.05,,False,-0.6464244952834394,13.793671364299222,,,,,,,,,,,,,,
INDUSTRIALS,BA.L,BBY.L,BAE SYSTEMS PLC ORD 2.5P,BALFOUR BEATTY PLC ORD 50P,-2.104141985514512,0.24285235346077688,0.05,,False,0.7796388404646153,2.4824501096325085,,,,,,,,,,,,,,
INDUSTRIALS,BKG.L,IMI.L,BERKELEY GROUP HOLDINGS (THE) P,IMI PLC ORD 28 4/7P,-2.092289215658428,0.24762642943393615,0.05,,False,-0.5741346965543889,12.700675733107403,,,,,,,,,,,,,,
INDUSTRIALS,KIE.L,WEIR.L,KIER GROUP PLC ORD 1P,WEIR PLC ORD 12.5P,-2.0418865797825263,0.2685144877393293,0.05,,False,1.394969369501417,-5.724276199041194,,,,,,,,,,,,,,
INDUSTRIALS,IMI.L,MGNS.L,IMI PLC ORD 28 4/7P,MORGAN SINDALL GROUP PLC ORD 5P,-2.012017383933738,0.2813288804732987,0.05,,False,0.906803887631972,0.16811491401876388,,,,,,,,,,,,,,
INDUSTRIALS,BKG.L,WEIR.L,BERKELEY GROUP HOLDINGS (THE) P,WEIR PLC ORD 12.5P,-1.9869382367123711,0.29232943008781587,0.05,,False,-0.6927053402402752,13.705644742263344,,,,,,,,,,,,,,
INDUSTRIALS,BBY.L,BKG.L,BALFOUR BEATTY PLC ORD 50P,BERKELEY GROUP HOLDINGS (THE) P,-1.9758691793763075,0.2972528051806079,0.05,,False,-2.8312820326676325,29.795146018609042,,,,,,,,,,,,,,
INDUSTRIALS,BA.L,BKG.L,BAE SYSTEMS PLC ORD 2.5P,BERKELEY GROUP HOLDINGS (THE) P,-1.9653499924413744,0.30196944623933064,0.05,,False,-2.284293338477905,26.349952004837473,,,,,,,,,,,,,,
INDUSTRIALS,MRO.L,SPX.L,MELROSE INDUSTRIES PLC ORD GBP0,SPIRAX GROUP PLC ORD 26 12/13P,-1.962048603566479,0.3034572496646398,0.05,,False,1.583183922436827,-7.726464951406189,,,,,,,,,,,,,,
INDUSTRIALS,IMI.L,MRO.L,IMI PLC ORD 28 4/7P,MELROSE INDUSTRIES PLC ORD GBP0,-1.8776768659063494,0.34263437637168914,0.05,,False,2.428931997364456,-7.592773529549581,,,,,,,,,,,,,,
INDUSTRIALS,BKG.L,KIE.L,BERKELEY GROUP HOLDINGS (THE) P,KIER GROUP PLC ORD 1P,-1.8749209190741911,0.3439494960806482,0.05,,False,-0.34060114056648355,10.056606811263958,,,,,,,,,,,,,,
INDUSTRIALS,DPLM.L,MRO.L,DIPLOMA PLC ORD 5P,MELROSE INDUSTRIES PLC ORD GBP0,-1.8689371213954624,0.3468121535698882,0.05,,False,2.728509823929397,-8.64282493752245,,,,,,,,,,,,,,
INDUSTRIALS,DPLM.L,MGNS.L,DIPLOMA PLC ORD 5P,MORGAN SINDALL GROUP PLC ORD 5P,-1.8463772757794792,0.3576916677522929,0.05,,False,0.8255669347757469,1.6732096577664652,,,,,,,,,,,,,,
INDUSTRIALS,BNZL.L,IMI.L,BUNZL PLC ORD 32 1/7P,IMI PLC ORD 28 4/7P,-1.794602363578127,0.3831447440217134,0.05,,False,-1.1456805241653536,16.681229330292588,,,,,,,,,,,,,,
INDUSTRIALS,BKG.L,BNZL.L,BERKELEY GROUP HOLDINGS (THE) P,BUNZL PLC ORD 32 1/7P,-1.7631085118070935,0.39892491033870414,0.05,,False,0.4414480123308784,4.8121369548123685,,,,,,,,,,,,,,
INDUSTRIALS,HILS.L,IMI.L,HILL & SMITH PLC ORD 25P,IMI PLC ORD 28 4/7P,-1.7624740199561904,0.399244927123938,0.05,,False,0.5553876484560473,3.377928781615026,,,,,,,,,,,,,,
INDUSTRIALS,BBY.L,MGNS.L,BALFOUR BEATTY PLC ORD 50P,MORGAN SINDALL GROUP PLC ORD 5P,-1.7550522317520323,0.40299409294079014,0.05,,False,1.394711478723936,-5.234215159925188,,,,,,,,,,,,,,
INDUSTRIALS,BBY.L,BNZL.L,BALFOUR BEATTY PLC ORD 50P,BUNZL PLC ORD 32 1/7P,-1.7082909035154314,0.426845896279979,0.05,,False,-1.385096522983964,17.237690731157333,,,,,,,,,,,,,,
INDUSTRIALS,DPLM.L,KIE.L,DIPLOMA PLC ORD 5P,KIER GROUP PLC ORD 1P,-1.6567875823456928,0.4535029480812954,0.05,,False,0.7720353521668893,4.513572706878872,,,,,,,,,,,,,,
INDUSTRIALS,BBY.L,KIE.L,BALFOUR BEATTY PLC ORD 50P,KIER GROUP PLC ORD 1P,-1.6538515636738622,0.45503250207027307,0.05,,False,1.2801012306848047,-0.3107097226074451,,,,,,,,,,,,,,
INDUSTRIALS,IMI.L,KIE.L,IMI PLC ORD 28 4/7P,KIER GROUP PLC ORD 1P,-1.6329090008777034,0.46596839579564775,0.05,,False,0.846706816293784,3.294684977224345,,,,,,,,,,,,,,
INDUSTRIALS,BBY.L,HILS.L,BALFOUR BEATTY PLC ORD 50P,HILL & SMITH PLC ORD 25P,-1.631499138932371,0.46670610168121224,0.05,,False,2.83563202663983,-15.353886638798663,,,,,,,,,,,,,,
INDUSTRIALS,SMIN.L,WEIR.L,SMITHS GROUP PLC ORD 37.5P,WEIR PLC ORD 12.5P,-1.603486544600958,0.4818418429073632,0.05,,False,1.0738345164688923,-0.7326414679845756,,,,,,,,,,,,,,
INDUSTRIALS,BNZL.L,DPLM.L,BUNZL PLC ORD 32 1/7P,DIPLOMA PLC ORD 5P,-1.5310717933283002,0.5180884247024499,0.05,,False,-1.3130090820089266,19.0585594258734,,,,,,,,,,,,,,
INDUSTRIALS,DPLM.L,SMIN.L,DIPLOMA PLC ORD 5P,SMITHS GROUP PLC ORD 37.5P,-1.4945869727070786,0.536187366379979,0.05,,False,1.003501603632877,0.8245233966784182,,,,,,,,,,,,,,
INDUSTRIALS,BKG.L,HILS.L,BERKELEY GROUP HOLDINGS (THE) P,HILL & SMITH PLC ORD 25P,-1.417755018856457,0.5737351643496822,0.05,,False,-1.8531945921975608,22.452614459985803,,,,,,,,,,,,,,
INDUSTRIALS,BA.L,IMI.L,BAE SYSTEMS PLC ORD 2.5P,IMI PLC ORD 28 4/7P,-1.4081503318850535,0.5783625697545305,0.05,,False,1.2171995467601266,-1.938621732924923,,,,,,,,,,,,,,
INDUSTRIALS,BA.L,DPLM.L,BAE SYSTEMS PLC ORD 2.5P,DIPLOMA PLC ORD 5P,-1.2860906119338844,0.6355116078377705,0.05,,False,1.3776641323553493,-4.317128343765659,,,,,,,,,,,,,,
INDUSTRIALS,HILS.L,MGNS.L,HILL & SMITH PLC ORD 25P,MORGAN SINDALL GROUP PLC ORD 5P,-0.9873524302851499,0.757849215626018,0.05,,False,0.35960658900334896,4.663225303088835,,,,,,,,,,,,,,
INDUSTRIALS,BNZL.L,HILS.L,BUNZL PLC ORD 32 1/7P,HILL & SMITH PLC ORD 25P,-0.9775295565695802,0.7613714074784108,0.05,,False,-4.044569292226116,38.788447748350656,,,,,,,,,,,,,,
INDUSTRIALS,HILS.L,KIE.L,HILL & SMITH PLC ORD 25P,KIER GROUP PLC ORD 1P,-0.9751367974770259,0.7622242370961956,0.05,,False,0.39884063277829,5.577006031994168,,,,,,,,,,,,,,
INDUSTRIALS,HILS.L,SMIN.L,HILL & SMITH PLC ORD 25P,SMITHS GROUP PLC ORD 37.5P,-0.8749077601764892,0.7961233174829704,0.05,,False,0.5121703405735201,3.7190324277646307,,,,,,,,,,,,,,
INDUSTRIALS,BBY.L,WEIR.L,BALFOUR BEATTY PLC ORD 50P,WEIR PLC ORD 12.5P,-0.8073385868282953,0.8169569028979633,0.05,,False,1.795101623081242,-7.711776548017107,,,,,,,,,,,,,,
INDUSTRIALS,BA.L,HILS.L,BAE SYSTEMS PLC ORD 2.5P,HILL & SMITH PLC ORD 25P,-0.6589049821673992,0.8571089282060815,0.05,,False,3.795499185893528,-21.59434900326536,,,,,,,,,,,,,,
INDUSTRIALS,IMI.L,WEIR.L,IMI PLC ORD 28 4/7P,WEIR PLC ORD 12.5P,-0.5437492099065718,0.8831927201620517,0.05,,False,1.1692533985398397,-1.4593383104102111,,,,,,,,,,,,,,
INDUSTRIALS,DPLM.L,WEIR.L,DIPLOMA PLC ORD 5P,WEIR PLC ORD 12.5P,-0.30468977374773354,0.9248374886156431,0.05,,False,1.1041894541099326,-0.11839680059014412,,,,,,,,,,,,,,
INDUSTRIALS,HILS.L,MRO.L,HILL & SMITH PLC ORD 25P,MELROSE INDUSTRIES PLC ORD GBP0,0.07825085594153014,0.9645444221976073,0.05,,False,0.6844327001315966,3.337744123961806,,,,,,,,,,,,,,
INDUSTRIALS,HILS.L,WEIR.L,HILL & SMITH PLC ORD 25P,WEIR PLC ORD 12.5P,0.08732536303403277,0.9651850076241023,0.05,,False,0.47731178053822954,3.911404092747135,,,,,,,,,,,,,,
INVESTMENT_TRUSTS,FCIT.L,RCP.L,F&C INVESTMENT TRUST PLC ORD 6.,"""RIT Capital Partners""",-3.8645959881324496,0.0023114149836043823,0.05,,False,1.1221867341301004,-2.8663893590326985,,,,,,,,,,,,,,
INVESTMENT_TRUSTS,ATT.L,RCP.L,ALLIANZ TECHNOLOGY TRUST PLC OR,"""RIT Capital Partners""",-3.6315742907097492,0.005185306681833079,0.05,,False,2.7823826885544123,-15.033449766870897,,,,,,,,,,,,,,
INVESTMENT_TRUSTS,PCT.L,RCP.L,POLAR CAPITAL TECHNOLOGY TRUST ,"""RIT Capital Partners""",-3.4783586344959723,0.008560599219082055,0.05,,False,3.4982888706803035,-20.612663877415,,,,,,,,,,,,,,
INVESTMENT_TRUSTS,ATT.L,FCIT.L,ALLIANZ TECHNOLOGY TRUST PLC OR,F&C INVESTMENT TRUST PLC ORD 6.,-3.4760550193359143,0.008623773077475385,0.05,,False,2.4263780286129366,-7.6260662768135,,,,,,,,,,,,,,
INVESTMENT_TRUSTS,MNKS.L,RCP.L,MONKS INVESTMENT TRUST PLC ORD ,"""RIT Capital Partners""",-3.357318802744804,0.01250282611367111,0.05,,False,1.5439014820546153,-4.538995900733967,,,,,,,,,,,,,,
INVESTMENT_TRUSTS,JAM.L,JGGI.L,JPMORGAN AMERICAN INVESTMENT TR,JPMORGAN GLOBAL GROWTH & INCOME,-3.321749526925998,0.01393382424945988,0.05,,False,1.8820453100611119,-4.9565811561345345,,,,,,,,,,,,,,
INVESTMENT_TRUSTS,HGT.L,SMT.L,HG CAPITAL TRUST PLC ORD 2.5P,SCOTTISH MORTGAGE INVESTMENT TR,-3.218093837165047,0.01896093729444335,0.05,,False,-0.6122373840284511,10.435474841073827,,,,,,,,,,,,,,
INVESTMENT_TRUSTS,FCIT.L,PCT.L,F&C INVESTMENT TRUST PLC ORD 6.,POLAR CAPITAL TECHNOLOGY TRUST ,-3.1563984227827606,0.022651344415952936,0.05,,False,0.3275560618300663,3.7053072460254803,,,,,,,,,,,,,,
INVESTMENT_TRUSTS,BRWM.L,RCP.L,BLACKROCK WORLD MINING TRUST PL,"""RIT Capital Partners""",-3.1428183854147136,0.023542480040821732,0.05,,False,3.937256406838164,-23.48828914971247,,,,,,,,,,,,,,
INVESTMENT_TRUSTS,3IN.L,BRWM.L,3I INFRASTRUCTURE PLC ORD NPV,BLACKROCK WORLD MINING TRUST PL,-3.139303442805167,0.023778009109456634,0.05,,False,0.16205528734861038,4.792269729007373,,,,,,,,,,,,,,
INVESTMENT_TRUSTS,ATT.L,HGT.L,ALLIANZ TECHNOLOGY TRUST PLC OR,HG CAPITAL TRUST PLC ORD 2.5P,-3.1244328556999674,0.024797095693865855,0.05,,False,-2.1248698279715628,19.236113500816877,,,,,,,,,,,,,,
INVESTMENT_TRUSTS,3IN.L,HGT.L,3I INFRASTRUCTURE PLC ORD NPV,HG CAPITAL TRUST PLC ORD 2.5P,-3.080839179429094,0.02800405549796626,0.05,,False,-0.2699491660003326,7.5022403772649024,,,,,,,,,,,,,,
INVESTMENT_TRUSTS,3IN.L,MNKS.L,3I INFRASTRUCTURE PLC ORD NPV,MONKS INVESTMENT TRUST PLC ORD ,-3.0217381513960495,0.03291359827007692,0.05,,False,0.40405414856992455,2.9280388286202528,,,,,,,,,,,,,,
INVESTMENT_TRUSTS,JGGI.L,RCP.L,JPMORGAN GLOBAL GROWTH & INCOME,"""RIT Capital Partners""",-2.9288005785768956,0.04209992778997374,0.05,,False,0.332987656426212,3.809384782907936,,,,,,,,,,,,,,
INVESTMENT_TRUSTS,FCIT.L,HGT.L,F&C INVESTMENT TRUST PLC ORD 6.,HG CAPITAL TRUST PLC ORD 2.5P,-2.9199833324139077,0.0430730690687783,0.05,,False,-0.6421641471965827,9.628243326775937,,,,,,,,,,,,,,
INVESTMENT_TRUSTS,3IN.L,CTY.L,3I INFRASTRUCTURE PLC ORD NPV,CITY OF LONDON INVESTMENT TRUST,-2.9054087502051145,0.04472263896661969,0.05,,False,0.4790906874084642,2.8747108283936296,,,,,,,,,,,,,,
INVESTMENT_TRUSTS,RCP.L,SMT.L,"""RIT Capital Partners""",SCOTTISH MORTGAGE INVESTMENT TR,-2.8868123012520495,0.046903179919742015,0.05,,False,0.42953587181451997,4.611686237362415,,,,,,,,,,,,,,
INVESTMENT_TRUSTS,HGT.L,MNKS.L,HG CAPITAL TRUST PLC ORD 2.5P,MONKS INVESTMENT TRUST PLC ORD ,-2.8698317416807266,0.04897030866835053,0.05,,False,-0.9896093751586448,13.295965465430049,,,,,,,,,,,,,,
INVESTMENT_TRUSTS,3IN.L,PCT.L,3I INFRASTRUCTURE PLC ORD NPV,POLAR CAPITAL TECHNOLOGY TRUST ,-2.8297583723690223,0.054147116922530915,0.05,,False,0.1672431159309007,4.835893644572879,,,,,,,,,,,,,,
INVESTMENT_TRUSTS,3IN.L,ATT.L,3I INFRASTRUCTURE PLC ORD NPV,ALLIANZ TECHNOLOGY TRUST PLC OR,-2.8146261531513312,0.0562147079497862,0.05,,False,0.20936916852324192,4.555256573302014,,,,,,,,,,,,,,
INVESTMENT_TRUSTS,3IN.L,JGGI.L,3I INFRASTRUCTURE PLC ORD NPV,JPMORGAN GLOBAL GROWTH & INCOME,-2.7281141678218255,0.06929835511615874,0.05,,False,2.909868153606849,-12.613673174584322,,,,,,,,,,,,,,
INVESTMENT_TRUSTS,3IN.L,RCP.L,3I INFRASTRUCTURE PLC ORD NPV,"""RIT Capital Partners""",-2.6469758974506763,0.08367167318591151,0.05,,False,0.6576097894726344,0.8372432403536694,,,,,,,,,,,,,,
INVESTMENT_TRUSTS,FCIT.L,JGGI.L,F&C INVESTMENT TRUST PLC ORD 6.,JPMORGAN GLOBAL GROWTH & INCOME,-2.642888885855139,0.08445296221061532,0.05,,False,2.9887907142604058,-13.28700700774074,,,,,,,,,,,,,,
INVESTMENT_TRUSTS,FCIT.L,SMT.L,F&C INVESTMENT TRUST PLC ORD 6.,SCOTTISH MORTGAGE INVESTMENT TR,-2.6346567879200298,0.08604384655231978,0.05,,False,0.5069586314958013,2.1352945690422827,,,,,,,,,,,,,,
INVESTMENT_TRUSTS,HGT.L,JAM.L,HG CAPITAL TRUST PLC ORD 2.5P,JPMORGAN AMERICAN INVESTMENT TR,-2.6322608173570354,0.08651121714425397,0.05,,False,-2.5883465614727426,24.231720935624775,,,,,,,,,,,,,,
INVESTMENT_TRUSTS,BRWM.L,CTY.L,BLACKROCK WORLD MINING TRUST PL,CITY OF LONDON INVESTMENT TRUST,-2.625469324830839,0.08784669392631711,0.05,,False,2.853869859273314,-11.19959722449866,,,,,,,,,,,,,,
INVESTMENT_TRUSTS,3IN.L,FCIT.L,3I INFRASTRUCTURE PLC ORD NPV,F&C INVESTMENT TRUST PLC ORD 6.,-2.5878146487100095,0.09554197562158656,0.05,,False,0.5408430099207768,2.772687524720359,,,,,,,,,,,,,,
INVESTMENT_TRUSTS,JGGI.L,PCT.L,JPMORGAN GLOBAL GROWTH & INCOME,POLAR CAPITAL TECHNOLOGY TRUST ,-2.564197996356402,0.10062485143257849,0.05,,False,0.0912964434980506,5.79465234133197,,,,,,,,,,,,,,
INVESTMENT_TRUSTS,CTY.L,MNKS.L,CITY OF LONDON INVESTMENT TRUST,MONKS INVESTMENT TRUST PLC ORD ,-2.5155775258924566,0.11173000326645327,0.05,,False,0.8872141361452359,-0.2040640342039337,,,,,,,,,,,,,,
INVESTMENT_TRUSTS,BRWM.L,JGGI.L,BLACKROCK WORLD MINING TRUST PL,JPMORGAN GLOBAL GROWTH & INCOME,-2.5138337620920828,0.11214460077633315,0.05,,False,16.21281658606087,-96.35550641947648,,,,,,,,,,,,,,
INVESTMENT_TRUSTS,3IN.L,SMT.L,3I INFRASTRUCTURE PLC ORD NPV,SCOTTISH MORTGAGE INVESTMENT TR,-2.4975522970321986,0.11607101379722301,0.05,,False,0.230150541890179,4.233872286203143,,,,,,,,,,,,,,
INVESTMENT_TRUSTS,ATT.L,JGGI.L,ALLIANZ TECHNOLOGY TRUST PLC OR,JPMORGAN GLOBAL GROWTH & INCOME,-2.485158429072495,0.1191273266609928,0.05,,False,8.33386330137981,-46.72479464172759,,,,,,,,,,,,,,
INVESTMENT_TRUSTS,JGGI.L,MNKS.L,JPMORGAN GLOBAL GROWTH & INCOME,MONKS INVESTMENT TRUST PLC ORD ,-2.4788903037865797,0.12069538632518928,0.05,,False,0.22882190518544035,4.6938013075690845,,,,,,,,,,,,,,
INVESTMENT_TRUSTS,CTY.L,HGT.L,CITY OF LONDON INVESTMENT TRUST,HG CAPITAL TRUST PLC ORD 2.5P,-2.4667640891215035,0.12377179094224017,0.05,,False,-0.8718102745320271,11.563485172604835,,,,,,,,,,,,,,
INVESTMENT_TRUSTS,HGT.L,PCT.L,HG CAPITAL TRUST PLC ORD 2.5P,POLAR CAPITAL TECHNOLOGY TRUST ,-2.465495222962831,0.12409697832698174,0.05,,False,-0.3810415818245101,8.452584623915522,,,,,,,,,,,,,,
INVESTMENT_TRUSTS,3IN.L,PSH.L,3I INFRASTRUCTURE PLC ORD NPV,PERSHING SQUARE HOLDINGS LTD OR,-2.4559029275300714,0.12657548221184062,0.05,,False,0.3721254669728523,2.7407439876243336,,,,,,,,,,,,,,
INVESTMENT_TRUSTS,HGT.L,JGGI.L,HG CAPITAL TRUST PLC ORD 2.5P,JPMORGAN GLOBAL GROWTH & INCOME,-2.423461507098947,0.13522376114575452,0.05,,False,-15.061880172461096,101.66888388790359,,,,,,,,,,,,,,
INVESTMENT_TRUSTS,JGGI.L,SMT.L,JPMORGAN GLOBAL GROWTH & INCOME,SCOTTISH MORTGAGE INVESTMENT TR,-2.4205424480707234,0.13602219421108647,0.05,,False,0.12731236963596412,5.454359956471956,,,,,,,,,,,,,,
INVESTMENT_TRUSTS,ATT.L,PCT.L,ALLIANZ TECHNOLOGY TRUST PLC OR,POLAR CAPITAL TECHNOLOGY TRUST ,-2.418230764795904,0.1366568821994525,0.05,,False,0.8034098743942305,1.3128287729287234,,,,,,,,,,,,,,
INVESTMENT_TRUSTS,CTY.L,JGGI.L,CITY OF LONDON INVESTMENT TRUST,JPMORGAN GLOBAL GROWTH & INCOME,-2.3516993744333896,0.15583530098564674,0.05,,False,11.242354235105445,-65.097818013154,,,,,,,,,,,,,,
INVESTMENT_TRUSTS,FCIT.L,MNKS.L,F&C INVESTMENT TRUST PLC ORD 6.,MONKS INVESTMENT TRUST PLC ORD ,-2.322778125725561,0.16472677009273684,0.05,,False,0.7387794340921702,0.34697101630304505,,,,,,,,,,,,,,
INVESTMENT_TRUSTS,BRWM.L,HGT.L,BLACKROCK WORLD MINING TRUST PL,HG CAPITAL TRUST PLC ORD 2.5P,-2.2811023317405223,0.17813529674744089,0.05,,False,-2.8754773864939787,24.19411498272166,,,,,,,,,,,,,,
INVESTMENT_TRUSTS,3IN.L,JAM.L,3I INFRASTRUCTURE PLC ORD NPV,JPMORGAN AMERICAN INVESTMENT TR,-2.265608940832562,0.18329971745075802,0.05,,False,0.5627600397638907,1.9093237834314287,,,,,,,,,,,,,,
INVESTMENT_TRUSTS,CTY.L,RCP.L,CITY OF LONDON INVESTMENT TRUST,"""RIT Capital Partners""",-2.2516048365055266,0.18805145499915654,0.05,,False,1.409006581866134,-4.529304284788004,,,,,,,,,,,,,,
INVESTMENT_TRUSTS,PCT.L,SMT.L,POLAR CAPITAL TECHNOLOGY TRUST ,SCOTTISH MORTGAGE INVESTMENT TR,-2.228587280245256,0.19603398106437686,0.05,,False,1.5480158777540145,-4.795306315257391,,,,,,,,,,,,,,
INVESTMENT_TRUSTS,HGT.L,RCP.L,HG CAPITAL TRUST PLC ORD 2.5P,"""RIT Capital Partners""",-2.190675977891708,0.20964692695623316,0.05,,False,-1.8368913276220125,20.13636374078126,,,,,,,,,,,,,,
INVESTMENT_TRUSTS,BRWM.L,MNKS.L,BLACKROCK WORLD MINING TRUST PL,MONKS INVESTMENT TRUST PLC ORD ,-2.1714158809585835,0.21678289299444703,0.05,,False,2.6691267686290434,-12.768541680635408,,,,,,,,,,,,,,
INVESTMENT_TRUSTS,ATT.L,SMT.L,ALLIANZ TECHNOLOGY TRUST PLC OR,SCOTTISH MORTGAGE INVESTMENT TR,-2.115606120343427,0.2382857816171564,0.05,,False,1.2338713006804876,-2.4714553199081095,,,,,,,,,,,,,,
INVESTMENT_TRUSTS,BRWM.L,FCIT.L,BLACKROCK WORLD MINING TRUST PL,F&C INVESTMENT TRUST PLC ORD 6.,-2.082701757240147,0.25152695689262494,0.05,,False,3.7081560504421223,-14.561516113466642,,,,,,,,,,,,,,
INVESTMENT_TRUSTS,JAM.L,RCP.L,JPMORGAN AMERICAN INVESTMENT TR,"""RIT Capital Partners""",-2.078684958303472,0.25317140338070915,0.05,,False,0.9299413792937454,-0.0917211936699216,,,,,,,,,,,,,,
INVESTMENT_TRUSTS,ATT.L,CTY.L,ALLIANZ TECHNOLOGY TRUST PLC OR,CITY OF LONDON INVESTMENT TRUST,-2.0268735034848966,0.2749157070126218,0.05,,False,2.13291878974808,-7.0669015389644745,,,,,,,,,,,,,,
INVESTMENT_TRUSTS,BRWM.L,JAM.L,BLACKROCK WORLD MINING TRUST PL,JPMORGAN AMERICAN INVESTMENT TR,-2.016337605684837,0.2794558896053552,0.05,,False,5.881717397937647,-34.59463659386029,,,,,,,,,,,,,,
INVESTMENT_TRUSTS,HGT.L,PSH.L,HG CAPITAL TRUST PLC ORD 2.5P,PERSHING SQUARE HOLDINGS LTD OR,-1.969196625753873,0.30024043469683714,0.05,,False,-1.8243140827643625,21.345354992953204,,,,,,,,,,,,,,
INVESTMENT_TRUSTS,MNKS.L,PCT.L,MONKS INVESTMENT TRUST PLC ORD ,POLAR CAPITAL TECHNOLOGY TRUST ,-1.9295809341250656,0.3182757863582565,0.05,,False,0.4427091486081504,4.5497653416374355,,,,,,,,,,,,,,
INVESTMENT_TRUSTS,FCIT.L,JAM.L,F&C INVESTMENT TRUST PLC ORD 6.,JPMORGAN AMERICAN INVESTMENT TR,-1.9260308429859445,0.31991619200089594,0.05,,False,1.2074111520068331,-2.7604689282378274,,,,,,,,,,,,,,
INVESTMENT_TRUSTS,ATT.L,MNKS.L,ALLIANZ TECHNOLOGY TRUST PLC OR,MONKS INVESTMENT TRUST PLC ORD ,-1.9200667202868174,0.3226807693640179,0.05,,False,1.7932512663332496,-6.789169626090384,,,,,,,,,,,,,,
INVESTMENT_TRUSTS,JAM.L,PCT.L,JPMORGAN AMERICAN INVESTMENT TR,POLAR CAPITAL TECHNOLOGY TRUST ,-1.885239888480539,0.3390362720717631,0.05,,False,0.23771035324582768,5.55564818733349,,,,,,,,,,,,,,
INVESTMENT_TRUSTS,CTY.L,SMT.L,CITY OF LONDON INVESTMENT TRUST,SCOTTISH MORTGAGE INVESTMENT TR,-1.8603757733849902,0.35092489849008,0.05,,False,0.5905793866935312,2.070431442805165,,,,,,,,,,,,,,
INVESTMENT_TRUSTS,BRWM.L,SMT.L,BLACKROCK WORLD MINING TRUST PL,SCOTTISH MORTGAGE INVESTMENT TR,-1.8504745072727649,0.35570577067807074,0.05,,False,1.7937228569107273,-6.044147139892025,,,,,,,,,,,,,,
INVESTMENT_TRUSTS,CTY.L,PCT.L,CITY OF LONDON INVESTMENT TRUST,POLAR CAPITAL TECHNOLOGY TRUST ,-1.841241398177414,0.36018711360431865,0.05,,False,0.37598495292918993,3.9328635009417714,,,,,,,,,,,,,,
INVESTMENT_TRUSTS,JAM.L,MNKS.L,JPMORGAN AMERICAN INVESTMENT TR,MONKS INVESTMENT TRUST PLC ORD ,-1.8369441121670327,0.36228027463096935,0.05,,False,0.5814180469370962,2.7927227306366555,,,,,,,,,,,,,,
INVESTMENT_TRUSTS,ATT.L,JAM.L,ALLIANZ TECHNOLOGY TRUST PLC OR,JPMORGAN AMERICAN INVESTMENT TR,-1.8107185202581433,0.3751533801549952,0.05,,False,3.2499773731628387,-16.558581582499137,,,,,,,,,,,,,,
INVESTMENT_TRUSTS,JGGI.L,PSH.L,JPMORGAN GLOBAL GROWTH & INCOME,PERSHING SQUARE HOLDINGS LTD OR,-1.7703741344429866,0.39526610907334153,0.05,,False,0.20423760291191365,4.641801712515548,,,,,,,,,,,,,,
INVESTMENT_TRUSTS,JAM.L,SMT.L,JPMORGAN AMERICAN INVESTMENT TR,SCOTTISH MORTGAGE INVESTMENT TR,-1.7150290872773197,0.4233861478023305,0.05,,False,0.36812954860254515,4.414709729389778,,,,,,,,,,,,,,
INVESTMENT_TRUSTS,BRWM.L,PSH.L,BLACKROCK WORLD MINING TRUST PL,PERSHING SQUARE HOLDINGS LTD OR,-1.6353659052482223,0.46468325357566054,0.05,,False,4.501943573437227,-30.99913014502608,,,,,,,,,,,,,,
INVESTMENT_TRUSTS,MNKS.L,SMT.L,MONKS INVESTMENT TRUST PLC ORD ,SCOTTISH MORTGAGE INVESTMENT TR,-1.6112316736594927,0.47732908368527477,0.05,,False,0.6804691394232024,2.4605898472195724,,,,,,,,,,,,,,
INVESTMENT_TRUSTS,BRWM.L,PCT.L,BLACKROCK WORLD MINING TRUST PL,POLAR CAPITAL TECHNOLOGY TRUST ,-1.6045955597339383,0.4812845921788824,0.05,,False,1.0869714341211871,-0.05910192758147126,,,,,,,,,,,,,,
INVESTMENT_TRUSTS,PSH.L,RCP.L,PERSHING SQUARE HOLDINGS LTD OR,"""RIT Capital Partners""",-1.58854339059743,0.4893459660509857,0.05,,False,1.5600217628229964,-3.5409206310089427,,,,,,,,,,,,,,
INVESTMENT_TRUSTS,CTY.L,JAM.L,CITY OF LONDON INVESTMENT TRUST,JPMORGAN AMERICAN INVESTMENT TR,-1.5834999309994602,0.4918765311322204,0.05,,False,1.9053046990882638,-7.111851318325017,,,,,,,,,,,,,,
INVESTMENT_TRUSTS,CTY.L,PSH.L,CITY OF LONDON INVESTMENT TRUST,PERSHING SQUARE HOLDINGS LTD OR,-1.5534180698365998,0.5069403827342243,0.05,,False,0.9827362260321445,-1.99251543846644,,,,,,,,,,,,,,
INVESTMENT_TRUSTS,ATT.L,BRWM.L,ALLIANZ TECHNOLOGY TRUST PLC OR,BLACKROCK WORLD MINING TRUST PL,-1.5468395272598936,0.5102265056308588,0.05,,False,0.7170708649756768,1.4984186164461377,,,,,,,,,,,,,,
INVESTMENT_TRUSTS,MNKS.L,PSH.L,MONKS INVESTMENT TRUST PLC ORD ,PERSHING SQUARE HOLDINGS LTD OR,-1.336611775822712,0.6122604549913223,0.05,,False,1.1366795756122512,-2.2570560759172764,,,,,,,,,,,,,,
INVESTMENT_TRUSTS,CTY.L,FCIT.L,CITY OF LONDON INVESTMENT TRUST,F&C INVESTMENT TRUST PLC ORD 6.,-1.3121838251457676,0.6235799286429239,0.05,,False,1.2489496193584213,-0.8926959082515822,,,,,,,,,,,,,,
INVESTMENT_TRUSTS,PSH.L,SMT.L,PERSHING SQUARE HOLDINGS LTD OR,SCOTTISH MORTGAGE INVESTMENT TR,-1.2041152931259007,0.6718229160133999,0.05,,False,0.47852225232745527,4.986017302160649,,,,,,,,,,,,,,
INVESTMENT_TRUSTS,PCT.L,PSH.L,POLAR CAPITAL TECHNOLOGY TRUST ,PERSHING SQUARE HOLDINGS LTD OR,-1.1845193870287096,0.6802193792158194,0.05,,False,3.6485745852825477,-24.363909669095694,,,,,,,,,,,,,,
INVESTMENT_TRUSTS,JAM.L,PSH.L,JPMORGAN AMERICAN INVESTMENT TR,PERSHING SQUARE HOLDINGS LTD OR,-0.990643941868775,0.756661394195381,0.05,,False,0.5526356811019711,2.380515344734202,,,,,,,,,,,,,,
INVESTMENT_TRUSTS,ATT.L,PSH.L,ALLIANZ TECHNOLOGY TRUST PLC OR,PERSHING SQUARE HOLDINGS LTD OR,-0.9023301546274055,0.7872040957646753,0.05,,False,2.6280391715926976,-15.739800272089708,,,,,,,,,,,,,,
INVESTMENT_TRUSTS,FCIT.L,PSH.L,F&C INVESTMENT TRUST PLC ORD 6.,PERSHING SQUARE HOLDINGS LTD OR,-0.2971778230098177,0.9259030869586301,0.05,,False,0.7406978992841025,-0.4968461635735215,,,,,,,,,,,,,,
MATERIALS,ANTO.L,HOC.L,ANTOFAGASTA PLC ORD 5P,HOCHSCHILD MINING PLC ORD 1P,-2.5966345151441352,0.09369484165244629,0.05,,False,0.6639200971641274,3.9295225524800346,,,,,,,,,,,,,,
MATERIALS,AAL.L,RIO.L,ANGLO AMERICAN PLC ORD USD0.623,RIO TINTO PLC ORD 10P,-2.418131278676377,0.13668424415791042,0.05,,False,1.1461800941665512,-1.9742608274805455,,,,,,,,,,,,,,
MATERIALS,CRDA.L,JMAT.L,CRODA INTERNATIONAL PLC ORD 10.,JOHNSON MATTHEY PLC ORD 147 143,-2.3858772313418517,0.1457621942916355,0.05,,False,-0.6113999373511994,12.775302031495976,,,,,,,,,,,,,,
MATERIALS,FRES.L,JMAT.L,FRESNILLO PLC ORD USD0.50,JOHNSON MATTHEY PLC ORD 147 143,-2.3675233246712706,0.15111325277936333,0.05,,False,4.456605124969202,-27.26399854910065,,,,,,,,,,,,,,
MATERIALS,BHP.L,RIO.L,BHP GROUP LIMITED ORD NPV (DI),RIO TINTO PLC ORD 10P,-2.3538567367543366,0.15518558392254106,0.05,,False,0.9124284009012607,-0.1370128544069864,,,,,,,,,,,,,,
MATERIALS,AAL.L,HOC.L,ANGLO AMERICAN PLC ORD USD0.623,HOCHSCHILD MINING PLC ORD 1P,-2.3461921207483982,0.15750239068259336,0.05,,False,0.3949499208172563,5.588677826179681,,,,,,,,,,,,,,
MATERIALS,ANTO.L,JMAT.L,ANTOFAGASTA PLC ORD 5P,JOHNSON MATTHEY PLC ORD 147 143,-2.3126724748959444,0.1679134142702332,0.05,,False,1.8911638345348893,-6.9029371653529195,,,,,,,,,,,,,,
MATERIALS,FRES.L,HOC.L,FRESNILLO PLC ORD USD0.50,HOCHSCHILD MINING PLC ORD 1P,-2.2759033800562314,0.17985741082951479,0.05,,False,1.5487634746350845,-1.6462476006830844,,,,,,,,,,,,,,
MATERIALS,BHP.L,GLEN.L,BHP GROUP LIMITED ORD NPV (DI),GLENCORE PLC ORD USD0.01,-2.2578726758624286,0.18591488839474674,0.05,,False,0.6758682377011158,3.6706486762089927,,,,,,,,,,,,,,
MATERIALS,CRDA.L,FRES.L,CRODA INTERNATIONAL PLC ORD 10.,FRESNILLO PLC ORD USD0.50,-2.240675560222734,0.1918150435495139,0.05,,False,-0.15767833680791418,9.18332247227153,,,,,,,,,,,,,,
MATERIALS,ANTO.L,CRDA.L,ANTOFAGASTA PLC ORD 5P,CRODA INTERNATIONAL PLC ORD 10.,-2.209826336756881,0.2026984136587362,0.05,,False,-4.294101516230573,42.270631062623934,,,,,,,,,,,,,,
MATERIALS,GLEN.L,RIO.L,GLENCORE PLC ORD USD0.01,RIO TINTO PLC ORD 10P,-2.197228720223639,0.20725280868129298,0.05,,False,1.3604542546810188,-5.7233060527967625,,,,,,,,,,,,,,
MATERIALS,AAL.L,ANTO.L,ANGLO AMERICAN PLC ORD USD0.623,ANTOFAGASTA PLC ORD 5P,-2.1170526296223398,0.23771316724010216,0.05,,False,0.6256175243951997,3.0131811298494995,,,,,,,,,,,,,,
MATERIALS,AAL.L,CRDA.L,ANGLO AMERICAN PLC ORD USD0.623,CRODA INTERNATIONAL PLC ORD 10.,-2.1019626080212723,0.24372615964391403,0.05,,False,-2.4445623660901874,27.513147771947693,,,,,,,,,,,,,,
MATERIALS,AAL.L,BHP.L,ANGLO AMERICAN PLC ORD USD0.623,BHP GROUP LIMITED ORD NPV (DI),-2.078256079114468,0.253347340047612,0.05,,False,1.2721017760978675,-1.924499797958271,,,,,,,,,,,,,,
MATERIALS,HOC.L,JMAT.L,HOCHSCHILD MINING PLC ORD 1P,JOHNSON MATTHEY PLC ORD 147 143,-2.070463944846731,0.2565558105179886,0.05,,False,3.124469839468539,-18.45273230920553,,,,,,,,,,,,,,
MATERIALS,BHP.L,CRDA.L,BHP GROUP LIMITED ORD NPV (DI),CRODA INTERNATIONAL PLC ORD 10.,-2.0420165224699685,0.2684594368794805,0.05,,False,-3.7049390955360195,37.48123994949368,,,,,,,,,,,,,,
MATERIALS,ANTO.L,FRES.L,ANTOFAGASTA PLC ORD 5P,FRESNILLO PLC ORD USD0.50,-2.0304897736144905,0.2733664391567478,0.05,,False,0.4168367308278559,4.720970558438113,,,,,,,,,,,,,,
MATERIALS,CRDA.L,HOC.L,CRODA INTERNATIONAL PLC ORD 10.,HOCHSCHILD MINING PLC ORD 1P,-1.9969468223682885,0.28791341371330637,0.05,,False,-0.21335301276908444,9.26585515272547,,,,,,,,,,,,,,
MATERIALS,CRDA.L,RIO.L,CRODA INTERNATIONAL PLC ORD 10.,RIO TINTO PLC ORD 10P,-1.9906208532905207,0.29070060975211653,0.05,,False,-0.3741135206963827,11.249855125365187,,,,,,,,,,,,,,
MATERIALS,CRDA.L,GLEN.L,CRODA INTERNATIONAL PLC ORD 10.,GLENCORE PLC ORD USD0.01,-1.8986876972763902,0.3326787109728676,0.05,,False,0.1653873445667607,7.058601225494122,,,,,,,,,,,,,,
MATERIALS,AAL.L,GLEN.L,ANGLO AMERICAN PLC ORD USD0.623,GLENCORE PLC ORD USD0.01,-1.8525008279449082,0.35472524663859517,0.05,,False,0.834844860052889,2.8931004228371044,,,,,,,,,,,,,,
MATERIALS,AAL.L,JMAT.L,ANGLO AMERICAN PLC ORD USD0.623,JOHNSON MATTHEY PLC ORD 147 143,-1.791651749755073,0.3846141741523928,0.05,,False,1.1522841005440478,-1.0664771571941394,,,,,,,,,,,,,,
MATERIALS,HOC.L,RIO.L,HOCHSCHILD MINING PLC ORD 1P,RIO TINTO PLC ORD 10P,-1.739179253116317,0.41104751956029206,0.05,,False,3.077947699506179,-20.65720815151755,,,,,,,,,,,,,,
MATERIALS,AAL.L,FRES.L,ANGLO AMERICAN PLC ORD USD0.623,FRESNILLO PLC ORD USD0.50,-1.6851596285406956,0.43877444552607286,0.05,,False,0.2387327358836642,6.126348882622845,,,,,,,,,,,,,,
MATERIALS,GLEN.L,HOC.L,GLENCORE PLC ORD USD0.01,HOCHSCHILD MINING PLC ORD 1P,-1.6381916783773203,0.4632058489477326,0.05,,False,0.3251542474632683,4.077682509973651,,,,,,,,,,,,,,
MATERIALS,GLEN.L,JMAT.L,GLENCORE PLC ORD USD0.01,JOHNSON MATTHEY PLC ORD 147 143,-1.5527937510253318,0.5072523845222104,0.05,,False,1.6178982828410542,-6.582962943231133,,,,,,,,,,,,,,
MATERIALS,ANTO.L,GLEN.L,ANTOFAGASTA PLC ORD 5P,GLENCORE PLC ORD USD0.01,-1.5196070568192404,0.523790675952939,0.05,,False,1.4967581766771791,-1.156717483128845,,,,,,,,,,,,,,
MATERIALS,JMAT.L,RIO.L,JOHNSON MATTHEY PLC ORD 147 143,RIO TINTO PLC ORD 10P,-1.4400185840156245,0.5629475593329571,0.05,,False,1.0346367463832298,-1.1302736638326891,,,,,,,,,,,,,,
MATERIALS,BHP.L,JMAT.L,BHP GROUP LIMITED ORD NPV (DI),JOHNSON MATTHEY PLC ORD 147 143,-1.3780031033142905,0.5927751031968054,0.05,,False,0.8338952256337622,1.231296896893908,,,,,,,,,,,,,,
MATERIALS,ANTO.L,RIO.L,ANTOFAGASTA PLC ORD 5P,RIO TINTO PLC ORD 10P,-1.348974694988987,0.6064794020603779,0.05,,False,1.8741450327308968,-8.332783564767169,,,,,,,,,,,,,,
MATERIALS,BHP.L,HOC.L,BHP GROUP LIMITED ORD NPV (DI),HOCHSCHILD MINING PLC ORD 1P,-1.3239649227989423,0.618138272436055,0.05,,False,0.2665563245521382,6.158103690386144,,,,,,,,,,,,,,
MATERIALS,ANTO.L,BHP.L,ANTOFAGASTA PLC ORD 5P,BHP GROUP LIMITED ORD NPV (DI),-1.2670269960173461,0.6441193083370738,0.05,,False,2.130262166923299,-8.637491068225515,,,,,,,,,,,,,,
MATERIALS,FRES.L,GLEN.L,FRESNILLO PLC ORD USD0.50,GLENCORE PLC ORD USD0.01,-1.1393579092334942,0.6991240532866124,0.05,,False,6.816565037192627,-33.27330595582029,,,,,,,,,,,,,,
MATERIALS,FRES.L,RIO.L,FRESNILLO PLC ORD USD0.50,RIO TINTO PLC ORD 10P,-0.9784511118412716,0.7610424079022116,0.05,,False,5.526499209056235,-40.15248040670865,,,,,,,,,,,,,,
MATERIALS,BHP.L,FRES.L,BHP GROUP LIMITED ORD NPV (DI),FRESNILLO PLC ORD USD0.50,-0.9465877576250663,0.7722436924689406,0.05,,False,0.14359255941386062,6.647925028686846,,,,,,,,,,,,,,
NL_BANKS,ABN.AS,INGA.AS,ABN AMRO BANK N.V.,ING GROEP N.V.,-3.1596693811267644,0.022441114517368983,0.05,0.022441114517368983,True,1.444578397877139,-1.1668480705839541,18.131292185372534,8.197235083122923e-05,-0.03822933155967469,54.0,-0.6019739784130437,2.858139204748984,False,,0.4,-0.014446875796560003,-0.39430090068228263,-0.5869607962233901,False,mixed signal
NL_SEMI_EQUIPMENT,ASML.AS,BESI.AS,ASML HOLDING,BE Semiconductor Industries N.V,-2.2679891081435435,0.18250000519183368,0.05,,False,0.9319180893791571,2.1367958365665,,,,,,,,,,,,,,
REAL_ESTATE,LMP.L,PHP.L,LONDONMETRIC PROPERTY PLC ORD 1,PRIMARY HEALTH PROPERTIES PLC O,-3.7985668168827402,0.002922012414961177,0.05,,False,1.0024759292354022,0.6817846562961369,,,,,,,,,,,,,,
REAL_ESTATE,GPE.L,LMP.L,GREAT PORTLAND ESTATES PLC ORD ,LONDONMETRIC PROPERTY PLC ORD 1,-3.5313256552194443,0.007218101591050498,0.05,,False,1.899081093842224,-4.21432184452007,,,,,,,,,,,,,,
REAL_ESTATE,GPE.L,LAND.L,GREAT PORTLAND ESTATES PLC ORD ,LAND SECURITIES GROUP PLC ORD 1,-3.4038096866136414,0.010829683225169907,0.05,,False,1.4713657255679318,-3.6532547949438516,,,,,,,,,,,,,,
REAL_ESTATE,BBOX.L,LAND.L,TRITAX BIG BOX REIT PLC ORD 1P,LAND SECURITIES GROUP PLC ORD 1,-3.336257146817947,0.013333550956313715,0.05,,False,1.1842671639095477,-2.5814460112224937,,,,,,,,,,,,,,
REAL_ESTATE,BLND.L,LAND.L,BRITISH LAND COMPANY PLC ORD 25,LAND SECURITIES GROUP PLC ORD 1,-3.312029576270086,0.01434924096362375,0.05,,False,1.2712898137384083,-2.1880369332883145,,,,,,,,,,,,,,
REAL_ESTATE,LAND.L,UTG.L,LAND SECURITIES GROUP PLC ORD 1,UNITE GROUP PLC ORD 25P,-3.0392206026153996,0.03139050298862278,0.05,,False,-0.00013652568300090122,6.400932698534539,,,,,,,,,,,,,,
REAL_ESTATE,LAND.L,SGRO.L,LAND SECURITIES GROUP PLC ORD 1,SEGRO PLC ORD 10P,-3.0039340530306364,0.03452863895808563,0.05,,False,0.42517776339571006,3.597119896560314,,,,,,,,,,,,,,
REAL_ESTATE,LAND.L,LMP.L,LAND SECURITIES GROUP PLC ORD 1,LONDONMETRIC PROPERTY PLC ORD 1,-2.924308869186728,0.0425933541095835,0.05,,False,1.3071151560833754,-0.4676080042399464,,,,,,,,,,,,,,
REAL_ESTATE,PHP.L,UTG.L,PRIMARY HEALTH PROPERTIES PLC O,UNITE GROUP PLC ORD 25P,-2.918252551721829,0.04326627317867509,0.05,,False,-0.005437171238962007,4.596695789361512,,,,,,,,,,,,,,
REAL_ESTATE,PHP.L,SGRO.L,PRIMARY HEALTH PROPERTIES PLC O,SEGRO PLC ORD 10P,-2.8976867476636126,0.045617659283571414,0.05,,False,0.15476394510069133,3.540712752757986,,,,,,,,,,,,,,
REAL_ESTATE,DLN.L,PHP.L,DERWENT LONDON PLC ORD 5P,PRIMARY HEALTH PROPERTIES PLC O,-2.8688754118601625,0.04908892562631629,0.05,,False,9.033481660914346,-33.64398522065339,,,,,,,,,,,,,,
REAL_ESTATE,HMSO.L,LAND.L,HAMMERSON PLC ORD 5P,LAND SECURITIES GROUP PLC ORD 1,-2.8667740992756,0.0493503900714848,0.05,,False,2.115649813663862,-7.846090315655315,,,,,,,,,,,,,,
REAL_ESTATE,GPE.L,PHP.L,GREAT PORTLAND ESTATES PLC ORD ,PRIMARY HEALTH PROPERTIES PLC O,-2.8645259459382015,0.04963139402686842,0.05,,False,2.282167351227807,-4.645356427302204,,,,,,,,,,,,,,
REAL_ESTATE,LMP.L,UTG.L,LONDONMETRIC PROPERTY PLC ORD 1,UNITE GROUP PLC ORD 25P,-2.86106023231031,0.05006716270146748,0.05,,False,0.03475509600982886,5.025676498765815,,,,,,,,,,,,,,
REAL_ESTATE,LAND.L,PHP.L,LAND SECURITIES GROUP PLC ORD 1,PRIMARY HEALTH PROPERTIES PLC O,-2.8433796173124093,0.0523394809689836,0.05,,False,1.4331300939329916,-0.1364264026525852,,,,,,,,,,,,,,
REAL_ESTATE,DLN.L,LMP.L,DERWENT LONDON PLC ORD 5P,LONDONMETRIC PROPERTY PLC ORD 1,-2.8055565660746336,0.057484425357632624,0.05,,False,3.975386814694831,-13.329421468177058,,,,,,,,,,,,,,
REAL_ESTATE,LMP.L,SGRO.L,LONDONMETRIC PROPERTY PLC ORD 1,SEGRO PLC ORD 10P,-2.765827960973347,0.06332322187943652,0.05,,False,0.3086475091808479,3.2193375104243294,,,,,,,,,,,,,,
REAL_ESTATE,BLND.L,PHP.L,BRITISH LAND COMPANY PLC ORD 25,PRIMARY HEALTH PROPERTIES PLC O,-2.7537310462854827,0.06519293081255367,0.05,,False,1.9766208226494484,-3.067043263812943,,,,,,,,,,,,,,
REAL_ESTATE,DLN.L,LAND.L,DERWENT LONDON PLC ORD 5P,LAND SECURITIES GROUP PLC ORD 1,-2.724501218777167,0.06989360064099084,0.05,,False,3.2757191132272063,-13.407273859781979,,,,,,,,,,,,,,
REAL_ESTATE,HMSO.L,UTG.L,HAMMERSON PLC ORD 5P,UNITE GROUP PLC ORD 25P,-2.7235476734260935,0.07005137722228004,0.05,,False,-0.26870549514967645,7.459762149685565,,,,,,,,,,,,,,
REAL_ESTATE,BLND.L,SGRO.L,BRITISH LAND COMPANY PLC ORD 25,SEGRO PLC ORD 10P,-2.680366640761287,0.07749775137724471,0.05,,False,0.5973955911953142,2.010029225397109,,,,,,,,,,,,,,
REAL_ESTATE,BBOX.L,PHP.L,TRITAX BIG BOX REIT PLC ORD 1P,PRIMARY HEALTH PROPERTIES PLC O,-2.661005618478553,0.08103245462304093,0.05,,False,1.8181699490920997,-3.2947108681937767,,,,,,,,,,,,,,
REAL_ESTATE,BLND.L,LMP.L,BRITISH LAND COMPANY PLC ORD 25,LONDONMETRIC PROPERTY PLC ORD 1,-2.5897863036981748,0.09512665869127285,0.05,,False,1.7797428724572235,-3.402588396999704,,,,,,,,,,,,,,
REAL_ESTATE,BBOX.L,UTG.L,TRITAX BIG BOX REIT PLC ORD 1P,UNITE GROUP PLC ORD 25P,-2.511802913177001,0.11262889653044883,0.05,,False,-0.043894981408234245,5.286332502587055,,,,,,,,,,,,,,
REAL_ESTATE,BBOX.L,BLND.L,TRITAX BIG BOX REIT PLC ORD 1P,BRITISH LAND COMPANY PLC ORD 25,-2.4928728797583437,0.11721807464293221,0.05,,False,0.9062281382818344,-0.3925774265495443,,,,,,,,,,,,,,
REAL_ESTATE,HMSO.L,PHP.L,HAMMERSON PLC ORD 5P,PRIMARY HEALTH PROPERTIES PLC O,-2.4817521853934843,0.1199775784001908,0.05,,False,4.311341489417357,-13.969751297248845,,,,,,,,,,,,,,
REAL_ESTATE,BLND.L,UTG.L,BRITISH LAND COMPANY PLC ORD 25,UNITE GROUP PLC ORD 25P,-2.451210524992485,0.12780094079545956,0.05,,False,0.02605776612911911,5.77704197738571,,,,,,,,,,,,,,
REAL_ESTATE,GPE.L,UTG.L,GREAT PORTLAND ESTATES PLC ORD ,UNITE GROUP PLC ORD 25P,-2.4042623092365227,0.1405370155676517,0.05,,False,0.03966950538230267,5.502876642260237,,,,,,,,,,,,,,
REAL_ESTATE,HMSO.L,LMP.L,HAMMERSON PLC ORD 5P,LONDONMETRIC PROPERTY PLC ORD 1,-2.352367406114147,0.15563391425368395,0.05,,False,3.7453805577418557,-13.984259217973253,,,,,,,,,,,,,,
REAL_ESTATE,BBOX.L,GPE.L,TRITAX BIG BOX REIT PLC ORD 1P,GREAT PORTLAND ESTATES PLC ORD ,-2.300791161184183,0.17171293325543358,0.05,,False,0.7781308689072158,0.5131189878041615,,,,,,,,,,,,,,
REAL_ESTATE,BLND.L,HMSO.L,BRITISH LAND COMPANY PLC ORD 25,HAMMERSON PLC ORD 5P,-2.234840669490466,0.19384411437683935,0.05,,False,0.564235198422135,2.7354267715640184,,,,,,,,,,,,,,
REAL_ESTATE,BBOX.L,HMSO.L,TRITAX BIG BOX REIT PLC ORD 1P,HAMMERSON PLC ORD 5P,-2.2237111015166793,0.19775251045330816,0.05,,False,0.5920402768382902,1.62674351993818,,,,,,,,,,,,,,
REAL_ESTATE,BBOX.L,SGRO.L,TRITAX BIG BOX REIT PLC ORD 1P,SEGRO PLC ORD 10P,-2.165837507225402,0.21887721013858685,0.05,,False,0.5160555209724041,1.5958933614637458,,,,,,,,,,,,,,
REAL_ESTATE,BLND.L,GPE.L,BRITISH LAND COMPANY PLC ORD 25,GREAT PORTLAND ESTATES PLC ORD ,-2.1095012039071643,0.24071132263362005,0.05,,False,0.8523700532209283,1.035595745491582,,,,,,,,,,,,,,
REAL_ESTATE,BBOX.L,DLN.L,TRITAX BIG BOX REIT PLC ORD 1P,DERWENT LONDON PLC ORD 5P,-2.083319669539495,0.25127452509271075,0.05,,False,0.2561733414872973,3.0618900422675255,,,,,,,,,,,,,,
REAL_ESTATE,DLN.L,HMSO.L,DERWENT LONDON PLC ORD 5P,HAMMERSON PLC ORD 5P,-2.068418985694171,0.2574015788135089,0.05,,False,-2.8091403210802173,23.553094153118614,,,,,,,,,,,,,,
REAL_ESTATE,GPE.L,SGRO.L,GREAT PORTLAND ESTATES PLC ORD ,SEGRO PLC ORD 10P,-2.0588352975711826,0.26138587199452423,0.05,,False,0.5413105384302991,2.1950359738623386,,,,,,,,,,,,,,
REAL_ESTATE,BBOX.L,LMP.L,TRITAX BIG BOX REIT PLC ORD 1P,LONDONMETRIC PROPERTY PLC ORD 1,-2.002649596916761,0.28541255307283586,0.05,,False,1.5527539402212849,-3.1603351617963593,,,,,,,,,,,,,,
REAL_ESTATE,BLND.L,DLN.L,BRITISH LAND COMPANY PLC ORD 25,DERWENT LONDON PLC ORD 5P,-1.945349147392891,0.3110371626067542,0.05,,False,0.46206553108047105,2.4562282550760544,,,,,,,,,,,,,,
REAL_ESTATE,SGRO.L,UTG.L,SEGRO PLC ORD 10P,UNITE GROUP PLC ORD 25P,-1.9429239178995665,0.3121454077873842,0.05,,False,0.18346084202545723,5.386848310245807,,,,,,,,,,,,,,
REAL_ESTATE,DLN.L,GPE.L,DERWENT LONDON PLC ORD 5P,GREAT PORTLAND ESTATES PLC ORD ,-1.9080762953971997,0.3282713570965623,0.05,,False,2.0829787324682045,-4.447882472548027,,,,,,,,,,,,,,
REAL_ESTATE,DLN.L,UTG.L,DERWENT LONDON PLC ORD 5P,UNITE GROUP PLC ORD 25P,-1.8736080655779332,0.34457672211176643,0.05,,False,0.40332758157859094,4.907247862750062,,,,,,,,,,,,,,
REAL_ESTATE,DLN.L,SGRO.L,DERWENT LONDON PLC ORD 5P,SEGRO PLC ORD 10P,-1.8478025499151305,0.357000353498678,0.05,,False,1.101139014738096,0.29836405960844115,,,,,,,,,,,,,,
REAL_ESTATE,GPE.L,HMSO.L,GREAT PORTLAND ESTATES PLC ORD ,HAMMERSON PLC ORD 5P,-1.8303880855612815,0.36548259680569817,0.05,,False,0.676506953381962,1.911410349471646,,,,,,,,,,,,,,
REAL_ESTATE,HMSO.L,SGRO.L,HAMMERSON PLC ORD 5P,SEGRO PLC ORD 10P,-1.6351692706342906,0.46478608784225894,0.05,,False,0.5367915397132307,2.1554323297810734,,,,,,,,,,,,,,
TMT,ITV.L,WPP.L,ITV PLC ORD 10P,WPP PLC ORD 10P,-4.218965519219927,0.0006118502099443738,0.05,0.0075995728955532025,True,-0.055094353463984336,4.695348496148694,10.400973945376018,-0.00015018431040021514,-0.06664252638264699,31.0,-1.329247298114032,4.1516055133835845,False,,0.6,-0.009111278083221116,0.025794921082863853,-0.7108065223133433,False,mixed signal
TMT,AAF.L,ITV.L,AIRTEL AFRICA PLC ORD USD0.50,ITV PLC ORD 10P,-4.136186579663122,0.0008434006387545626,0.05,0.0075995728955532025,True,17.738051069670007,-72.00544256428267,10.837969831304308,0.002794789410016969,-0.06395544473263473,33.0,1.5796002061488572,4.276965426257699,False,,0.4,0.2284546120236328,0.1665396041023599,0.7216796903811808,False,mixed signal
TMT,BT-A.L,ITV.L,BT GROUP PLC ORD 5P,ITV PLC ORD 10P,-4.102280687512821,0.0009601514691885562,0.05,0.0075995728955532025,True,5.503342540980108,-18.81646426956984,11.064280166356077,0.0008056567126811546,-0.06264729111502851,33.0,1.7748398489518304,4.119908554860125,False,,0.4,0.0716352634003051,0.1929140736128414,0.6407223614439135,False,mixed signal
TMT,ITV.L,VOD.L,ITV PLC ORD 10P,VODAFONE GROUP PLC ORD USD0.20 ,-4.1009125199961245,0.0009651662187312874,0.05,0.0075995728955532025,True,0.15457382163539654,3.6717445951861105,10.984291985415078,-0.00015657412676232179,-0.0631034919210364,33.0,-1.6977813792857424,4.177754641978897,False,,0.4,-0.013821414098147291,-0.0391593342528902,-0.5361231683925642,False,mixed signal
TMT,ITV.L,SGE.L,ITV PLC ORD 10P,THE SAGE GROUP PLC ORD 1 4/77P,-4.084328881320452,0.001027931959799752,0.05,0.0075995728955532025,True,-0.17484177591175482,5.577092587385476,10.869149270166547,-0.00012872211983061898,-0.06377198098313763,33.0,-1.3013328299129503,4.0754597159984955,False,,0.8,-0.005984004810364271,0.16548874772679567,-0.4494262584853521,True,reversion signs agree
TMT,ITV.L,REL.L,ITV PLC ORD 10P,RELX PLC ORD 14 51/116P,-4.005929562057832,0.001379778615529841,0.05,0.0075995728955532025,True,-0.11818902280335246,5.315164870897263,11.364696823606984,-0.000133773311028665,-0.060991260155759335,34.0,-1.3704236092130995,4.173941257531937,False,,0.6,-0.009524052055548909,-0.049874451620195215,-0.46410286846150384,False,mixed signal
TMT,AUTO.L,ITV.L,AUTOTRADER GROUP PLC ORD 1P,ITV PLC ORD 10P,-3.9667116879875133,0.001595207813886158,0.05,0.0075995728955532025,True,-12.208260348273035,59.7411455201871,11.598136456250417,-0.0014809274083850176,-0.05976366834228765,35.0,-1.4159513641871624,4.367310347569258,False,,0.4,-0.13227628555353144,-0.11089856755703664,-0.5950827785726243,False,mixed signal
TMT,EXPN.L,ITV.L,EXPERIAN PLC ORD USD0.10,ITV PLC ORD 10P,-3.9317482805408113,0.0018132314950640392,0.05,0.0075995728955532025,True,-8.825947862332267,46.584777378537055,11.78121897671915,-0.0010597954179325856,-0.058834928875328804,35.0,-1.4399797570095967,4.2630400252832565,False,,0.6,-0.08208973548448197,-0.08121540184432363,-0.5045556696089122,False,mixed signal
TMT,AAF.L,WPP.L,AIRTEL AFRICA PLC ORD USD0.50,WPP PLC ORD 10P,-3.90602103384214,0.0019909797534933904,0.05,0.0075995728955532025,True,-1.0504457021236175,11.731896893049626,11.730740063049366,-1.422122574526425e-05,-0.05908810329395058,35.0,1.0848453537063272,3.184207594613254,False,,0.4,0.07151779728788193,0.4582827049056054,0.6763347092833027,False,mixed signal
TMT,AUTO.L,EXPN.L,AUTOTRADER GROUP PLC ORD 1P,EXPERIAN PLC ORD USD0.10,-3.870152577613014,0.0022658251585988866,0.05,0.0075995728955532025,True,1.5507659583203577,-6.059938442100083,11.746448146283239,0.00010293441623098719,-0.059009086996163,35.0,-0.12163755532800538,2.826226628074058,False,,0.6,-0.016166655039592383,-0.4618108212436961,-0.9546173228665232,True,reversion signs agree
TMT,ITV.L,RMV.L,ITV PLC ORD 10P,RIGHTMOVE PLC ORD 0.1P,-3.820888156334237,0.002700688154450882,0.05,0.0075995728955532025,True,-0.06113545736180614,4.747016890915237,12.374985966859983,-7.475054426984702e-05,-0.05601195689564275,37.0,-1.2787596400505714,4.211492388501805,False,,0.4,-0.009462498108457843,-0.05475120708384318,-0.5989158878437788,False,mixed signal
TMT,REL.L,VOD.L,RELX PLC ORD 14 51/116P,VODAFONE GROUP PLC ORD USD0.20 ,-3.7432319334487127,0.003544556843931309,0.05,0.0075995728955532025,True,-0.918123674639394,12.180301858067981,15.709591110602563,-0.00010359711051380387,-0.0441225475367168,47.0,1.5246893756938393,2.93675750889977,False,,0.4,0.019268215992717757,0.18538011971242518,0.11479626130635046,False,mixed signal
TMT,INF.L,ITV.L,INFORMA PLC ORD 0.1P,ITV PLC ORD 10P,-3.51542905646904,0.0075995728955532025,0.05,0.0075995728955532025,True,3.557317646657886,-8.765898245391702,14.494932747010997,0.00015172043709515075,-0.04781996527047559,43.0,1.3647541766696654,3.906000230794426,False,,0.4,0.03635099169653138,0.10611952860768592,0.6990723024432377,False,mixed signal
TMT,AUTO.L,REL.L,AUTOTRADER GROUP PLC ORD 1P,RELX PLC ORD 14 51/116P,-3.3009161488024725,0.014837572249417992,0.05,0.0075995728955532025,False,1.2896327353634665,-3.9038102926649065,,,,,,,,,,,,,,
TMT,VOD.L,WPP.L,VODAFONE GROUP PLC ORD USD0.20 ,WPP PLC ORD 10P,-3.20598045786817,0.019641106171603286,0.05,0.0075995728955532025,False,-0.39982733959569083,6.8895799416712045,,,,,,,,,,,,,,
TMT,EXPN.L,RMV.L,EXPERIAN PLC ORD USD0.10,RIGHTMOVE PLC ORD 0.1P,-2.9393004442296378,0.040965055342369314,0.05,0.0075995728955532025,False,0.6793241372856719,3.7935922769516948,,,,,,,,,,,,,,
TMT,BT-A.L,WPP.L,BT GROUP PLC ORD 5P,WPP PLC ORD 10P,-2.8530838724698007,0.05108204468831732,0.05,0.0075995728955532025,False,-0.3320409278086273,7.201376104113813,,,,,,,,,,,,,,
TMT,EXPN.L,REL.L,EXPERIAN PLC ORD USD0.10,RELX PLC ORD 14 51/116P,-2.784872665405508,0.06046730111256668,0.05,0.0075995728955532025,False,0.8259392236772036,1.4363956234040343,,,,,,,,,,,,,,
TMT,REL.L,RMV.L,RELX PLC ORD 14 51/116P,RIGHTMOVE PLC ORD 0.1P,-2.66060553405516,0.0811068049695019,0.05,0.0075995728955532025,False,0.8347069663683745,2.7757598673232566,,,,,,,,,,,,,,
TMT,EXPN.L,VOD.L,EXPERIAN PLC ORD USD0.10,VODAFONE GROUP PLC ORD USD0.20 ,-2.589643150141695,0.09515676657085059,0.05,0.0075995728955532025,False,-0.7334843193350756,11.386701339834254,,,,,,,,,,,,,,
TMT,INF.L,WPP.L,INFORMA PLC ORD 0.1P,WPP PLC ORD 10P,-2.5587196740879943,0.10183268758421349,0.05,0.0075995728955532025,False,-0.0274594856542437,6.898295862815615,,,,,,,,,,,,,,
TMT,AAF.L,INF.L,AIRTEL AFRICA PLC ORD USD0.50,INFORMA PLC ORD 0.1P,-2.5086784452678415,0.11337701928240251,0.05,0.0075995728955532025,False,35.68063863589619,-234.8392713080917,,,,,,,,,,,,,,
TMT,INF.L,VOD.L,INFORMA PLC ORD 0.1P,VODAFONE GROUP PLC ORD USD0.20 ,-2.483183875902925,0.11961966476614866,0.05,0.0075995728955532025,False,0.06179877997166638,6.455575846420387,,,,,,,,,,,,,,
TMT,INF.L,REL.L,INFORMA PLC ORD 0.1P,RELX PLC ORD 14 51/116P,-2.466801435115966,0.12376222926875613,0.05,0.0075995728955532025,False,-0.011637499060349252,6.823525547306844,,,,,,,,,,,,,,
TMT,BT-A.L,INF.L,BT GROUP PLC ORD 5P,INFORMA PLC ORD 0.1P,-2.4543780009820058,0.12697278957417424,0.05,0.0075995728955532025,False,28.37398610862717,-185.77530716909712,,,,,,,,,,,,,,
TMT,INF.L,RMV.L,INFORMA PLC ORD 0.1P,RIGHTMOVE PLC ORD 0.1P,-2.4117168087800094,0.13845669775334807,0.05,0.0075995728955532025,False,0.020117756180604615,6.600323828298955,,,,,,,,,,,,,,
TMT,AUTO.L,INF.L,AUTOTRADER GROUP PLC ORD 1P,INFORMA PLC ORD 0.1P,-2.3850829745623567,0.1459909666223314,0.05,0.0075995728955532025,False,30.445069241208227,-198.30232026150418,,,,,,,,,,,,,,
TMT,REL.L,SGE.L,RELX PLC ORD 14 51/116P,THE SAGE GROUP PLC ORD 1 4/77P,-2.3850249127302825,0.14600770024920845,0.05,0.0075995728955532025,False,1.2069875674119315,-0.31375553606346607,,,,,,,,,,,,,,
TMT,AUTO.L,RMV.L,AUTOTRADER GROUP PLC ORD 1P,RIGHTMOVE PLC ORD 0.1P,-2.332329185054445,0.16175302266796304,0.05,0.0075995728955532025,False,1.091639860972715,-0.4212037687150456,,,,,,,,,,,,,,
TMT,SGE.L,VOD.L,THE SAGE GROUP PLC ORD 1 4/77P,VODAFONE GROUP PLC ORD USD0.20 ,-2.3318972256943344,0.1618867173392357,0.05,0.0075995728955532025,False,-0.7334261607505778,10.230856625616147,,,,,,,,,,,,,,
TMT,INF.L,SGE.L,INFORMA PLC ORD 0.1P,THE SAGE GROUP PLC ORD 1 4/77P,-2.3235142192509772,0.16449627209568984,0.05,0.0075995728955532025,False,0.06260698974900199,6.2917429841519885,,,,,,,,,,,,,,
TMT,AUTO.L,VOD.L,AUTOTRADER GROUP PLC ORD 1P,VODAFONE GROUP PLC ORD USD0.20 ,-2.319874394942966,0.16563817546297321,0.05,0.0075995728955532025,False,-1.1984932751332968,11.868257145675209,,,,,,,,,,,,,,
TMT,AAF.L,BT-A.L,AIRTEL AFRICA PLC ORD USD0.50,BT GROUP PLC ORD 5P,-2.2767732660351365,0.17956850363761012,0.05,0.0075995728955532025,False,3.2259710686002823,-11.371904973735354,,,,,,,,,,,,,,
TMT,RMV.L,VOD.L,RIGHTMOVE PLC ORD 0.1P,VODAFONE GROUP PLC ORD USD0.20 ,-2.2737373197574033,0.18057813832085595,0.05,0.0075995728955532025,False,-1.123222822084988,11.36993550313037,,,,,,,,,,,,,,
TMT,RMV.L,SGE.L,RIGHTMOVE PLC ORD 0.1P,THE SAGE GROUP PLC ORD 1 4/77P,-2.2384517999110107,0.19258672900678686,0.05,0.0075995728955532025,False,1.4813326624143326,-3.9481100615728515,,,,,,,,,,,,,,
TMT,EXPN.L,INF.L,EXPERIAN PLC ORD USD0.10,INFORMA PLC ORD 0.1P,-2.213872903225452,0.20124897721392238,0.05,0.0075995728955532025,False,8.008569041991032,-45.749428050026694,,,,,,,,,,,,,,
TMT,AAF.L,VOD.L,AIRTEL AFRICA PLC ORD USD0.50,VODAFONE GROUP PLC ORD USD0.20 ,-2.1927438119870994,0.20888956764095346,0.05,0.0075995728955532025,False,2.6391356026738286,-6.421346630967233,,,,,,,,,,,,,,
TMT,EXPN.L,SGE.L,EXPERIAN PLC ORD USD0.10,THE SAGE GROUP PLC ORD 1 4/77P,-1.997084073490684,0.2878530931230705,0.05,0.0075995728955532025,False,0.9834338941861157,1.2713038666429801,,,,,,,,,,,,,,
TMT,REL.L,WPP.L,RELX PLC ORD 14 51/116P,WPP PLC ORD 10P,-1.8460378511667026,0.3578563796051982,0.05,0.0075995728955532025,False,0.32444283231720766,6.11765826378549,,,,,,,,,,,,,,
TMT,AUTO.L,BT-A.L,AUTOTRADER GROUP PLC ORD 1P,BT GROUP PLC ORD 5P,-1.8105115771368283,0.3752556166354659,0.05,0.0075995728955532025,False,-1.592740504606646,14.774979095833313,,,,,,,,,,,,,,
TMT,AUTO.L,SGE.L,AUTOTRADER GROUP PLC ORD 1P,THE SAGE GROUP PLC ORD 1 4/77P,-1.79806450207404,0.3814230371355013,0.05,0.0075995728955532025,False,1.6798533719091227,-5.169586282748486,,,,,,,,,,,,,,
TMT,BT-A.L,REL.L,BT GROUP PLC ORD 5P,RELX PLC ORD 14 51/116P,-1.7816372528815172,0.3896156390783195,0.05,0.0075995728955532025,False,-0.8955660159607899,12.424493365681993,,,,,,,,,,,,,,
TMT,AAF.L,EXPN.L,AIRTEL AFRICA PLC ORD USD0.50,EXPERIAN PLC ORD USD0.10,-1.7650893493742597,0.3979263556175002,0.05,0.0075995728955532025,False,-4.261568385151574,39.95019368669453,,,,,,,,,,,,,,
TMT,BT-A.L,RMV.L,BT GROUP PLC ORD 5P,RIGHTMOVE PLC ORD 0.1P,-1.694315289199623,0.43404376539998335,0.05,0.0075995728955532025,False,-0.4802054996397637,8.22792034428673,,,,,,,,,,,,,,
TMT,BT-A.L,EXPN.L,BT GROUP PLC ORD 5P,EXPERIAN PLC ORD USD0.10,-1.6932799123555415,0.43457815191300175,0.05,0.0075995728955532025,False,-1.2268644857495077,15.142554465168862,,,,,,,,,,,,,,
TMT,BT-A.L,SGE.L,BT GROUP PLC ORD 5P,THE SAGE GROUP PLC ORD 1 4/77P,-1.6432263760156045,0.4605754193821279,0.05,0.0075995728955532025,False,-1.254968358448223,13.921114817841918,,,,,,,,,,,,,,
TMT,AAF.L,AUTO.L,AIRTEL AFRICA PLC ORD USD0.50,AUTOTRADER GROUP PLC ORD 1P,-1.6377788914308185,0.4634216208725692,0.05,0.0075995728955532025,False,-2.4117224412401,21.089498296965036,,,,,,,,,,,,,,
TMT,AAF.L,REL.L,AIRTEL AFRICA PLC ORD USD0.50,RELX PLC ORD 14 51/116P,-1.507001893477634,0.5300448024691494,0.05,0.0075995728955532025,False,-3.32212708253966,32.22436974933133,,,,,,,,,,,,,,
TMT,BT-A.L,VOD.L,BT GROUP PLC ORD 5P,VODAFONE GROUP PLC ORD USD0.20 ,-1.4674868621131374,0.5495294648738343,0.05,0.0075995728955532025,False,0.8407105877092853,1.4344904431121774,,,,,,,,,,,,,,
TMT,AAF.L,RMV.L,AIRTEL AFRICA PLC ORD USD0.50,RIGHTMOVE PLC ORD 0.1P,-1.4497564427851743,0.5582037407806217,0.05,0.0075995728955532025,False,-3.611280156777156,28.367250365380393,,,,,,,,,,,,,,
TMT,SGE.L,WPP.L,THE SAGE GROUP PLC ORD 1 4/77P,WPP PLC ORD 10P,-1.4478055155591858,0.5591553249278471,0.05,0.0075995728955532025,False,0.21885623348509986,5.6363136380005905,,,,,,,,,,,,,,
TMT,EXPN.L,WPP.L,EXPERIAN PLC ORD USD0.10,WPP PLC ORD 10P,-1.4209938122328292,0.5721710719475896,0.05,0.0075995728955532025,False,0.25026011621009564,6.5983569821381245,,,,,,,,,,,,,,
TMT,AUTO.L,WPP.L,AUTOTRADER GROUP PLC ORD 1P,WPP PLC ORD 10P,-1.3728655146918134,0.5952134049416271,0.05,0.0075995728955532025,False,0.4296182749651899,3.9166577298044585,,,,,,,,,,,,,,
TMT,AAF.L,SGE.L,AIRTEL AFRICA PLC ORD USD0.50,THE SAGE GROUP PLC ORD 1 4/77P,-1.3299412926798286,0.6153652760670926,0.05,0.0075995728955532025,False,-5.256823561926194,41.97757357749311,,,,,,,,,,,,,,
TMT,RMV.L,WPP.L,RIGHTMOVE PLC ORD 0.1P,WPP PLC ORD 10P,-1.323440611525938,0.6183811507295646,0.05,0.0075995728955532025,False,0.29050299964662796,4.608815180737663,,,,,,,,,,,,,,
UK_HOUSEBUILDERS,PSN.L,TW.L,PERSIMMON PLC ORD 10P,TAYLOR WIMPEY PLC ORD 1P,-2.224781882366066,0.19737430995090288,0.05,,False,0.6111939099692515,4.262347517769539,,,,,,,,,,,,,,
UK_HOUSEBUILDERS,BWY.L,TW.L,BELLWAY PLC ORD 12.5P,TAYLOR WIMPEY PLC ORD 1P,-2.1779128301971866,0.2143592547259482,0.05,,False,0.638735539624985,4.807946092526304,,,,,,,,,,,,,,
UK_HOUSEBUILDERS,BWY.L,PSN.L,BELLWAY PLC ORD 12.5P,PERSIMMON PLC ORD 10P,-1.2084986085949483,0.6699291817918921,0.05,,False,1.0634642325443657,0.22183963563330966,,,,,,,,,,,,,,
US_AIRLINES,DAL,LUV,"Delta Air Lines, Inc.",Southwest Airlines Company,-3.0997077125909085,0.026574826623320374,0.05,,False,1.1020877502236894,0.18563169068355556,,,,,,,,,,,,,,
US_AIRLINES,JBLU,UAL,JetBlue Airways Corporation,"United Airlines Holdings, Inc.",-2.8418410863828907,0.05254114654080474,0.05,,False,-0.024458308685975184,1.773070391745726,,,,,,,,,,,,,,
US_AIRLINES,JBLU,LUV,JetBlue Airways Corporation,Southwest Airlines Company,-2.5592852473068373,0.10170748729644119,0.05,,False,-1.08042030650969,5.4328272164956015,,,,,,,,,,,,,,
US_AIRLINES,ALK,JBLU,"Alaska Air Group, Inc.",JetBlue Airways Corporation,-2.3892906236278075,0.14478189329488228,0.05,,False,1.1399732752092173,1.9833932938571306,,,,,,,,,,,,,,
US_AIRLINES,AAL,JBLU,"American Airlines Group, Inc.",JetBlue Airways Corporation,-2.2226777916498226,0.1981179142243623,0.05,,False,0.8392680855364606,1.1369668738020697,,,,,,,,,,,,,,
US_AIRLINES,DAL,JBLU,"Delta Air Lines, Inc.",JetBlue Airways Corporation,-2.013863549244983,0.2805276931276422,0.05,,False,1.6658296069157132,1.2556241094745793,,,,,,,,,,,,,,
US_AIRLINES,AAL,UAL,"American Airlines Group, Inc.","United Airlines Holdings, Inc.",-1.9623049803143868,0.30334158330485084,0.05,,False,0.45785979202016736,0.5097469015031142,,,,,,,,,,,,,,
US_AIRLINES,LUV,UAL,Southwest Airlines Company,"United Airlines Holdings, Inc.",-1.748438112615933,0.40634418110262804,0.05,,False,0.511369599200387,1.226301409353865,,,,,,,,,,,,,,
US_AIRLINES,AAL,ALK,"American Airlines Group, Inc.","Alaska Air Group, Inc.",-1.7039589360982592,0.42907387692488186,0.05,,False,0.8034048735901241,-0.5840206820733553,,,,,,,,,,,,,,
US_AIRLINES,AAL,DAL,"American Airlines Group, Inc.","Delta Air Lines, Inc.",-1.6401243535819106,0.46219581518755726,0.05,,False,0.7999620787898892,-0.6888448938033926,,,,,,,,,,,,,,
US_AIRLINES,AAL,LUV,"American Airlines Group, Inc.",Southwest Airlines Company,-1.5617072563143228,0.5027952236930091,0.05,,False,0.8123653755954403,-0.29879565161786825,,,,,,,,,,,,,,
US_AIRLINES,DAL,UAL,"Delta Air Lines, Inc.","United Airlines Holdings, Inc.",-1.4137410714566543,0.5756710360411132,0.05,,False,0.625466199354427,1.2634531235051991,,,,,,,,,,,,,,
US_AIRLINES,ALK,UAL,"Alaska Air Group, Inc.","United Airlines Holdings, Inc.",-1.3758447181515276,0.5938001286964709,0.05,,False,0.5051467572173034,1.647733488304354,,,,,,,,,,,,,,
US_AIRLINES,ALK,LUV,"Alaska Air Group, Inc.",Southwest Airlines Company,-0.5132197316713233,0.8894108348979015,0.05,,False,1.7185904182700669,-2.1121273674583407,,,,,,,,,,,,,,
US_AIRLINES,ALK,DAL,"Alaska Air Group, Inc.","Delta Air Lines, Inc.",-0.3696888897588997,0.9150379657727521,0.05,,False,0.9658319621327619,-0.010074209011059487,,,,,,,,,,,,,,
US_ASSET_MANAGERS,BX,KKR,Blackstone Inc.,KKR & Co. Inc.,-3.4619130683509103,0.009020850175997385,0.05,,False,0.8910943161996302,0.6686619313748272,,,,,,,,,,,,,,
US_ASSET_MANAGERS,BEN,KKR,"Franklin Templeton, Inc.",KKR & Co. Inc.,-2.658030558555249,0.08158660640685272,0.05,,False,-1.024048195031089,7.983482669273213,,,,,,,,,,,,,,
US_ASSET_MANAGERS,BEN,BX,"Franklin Templeton, Inc.",Blackstone Inc.,-2.5268528996058497,0.1090766702951606,0.05,,False,-1.5765517347612064,10.864722834745852,,,,,,,,,,,,,,
US_ASSET_MANAGERS,BLK,TROW,"BlackRock, Inc.","T. Rowe Price Group, Inc.",-2.5152100170355935,0.11181728722221845,0.05,,False,3.0606369029857547,-7.109963165381239,,,,,,,,,,,,,,
US_ASSET_MANAGERS,APO,BEN,"Apollo Global Management, Inc. ","Franklin Templeton, Inc.",-2.4706436097510722,0.12278139760222029,0.05,,False,-0.22172244063780633,5.5596598803119655,,,,,,,,,,,,,,
US_ASSET_MANAGERS,APO,TROW,"Apollo Global Management, Inc. ","T. Rowe Price Group, Inc.",-2.3920343001834947,0.14399730220426488,0.05,,False,2.6180004794214895,-7.090634909451562,,,,,,,,,,,,,,
US_ASSET_MANAGERS,BEN,BLK,"Franklin Templeton, Inc.","BlackRock, Inc.",-2.3111021528192737,0.16841230384021472,0.05,,False,1.9397517672191325,-10.281698652012748,,,,,,,,,,,,,,
US_ASSET_MANAGERS,BEN,TROW,"Franklin Templeton, Inc.","T. Rowe Price Group, Inc.",-2.255168820549288,0.1868346207234836,0.05,,False,8.033475667080342,-33.658958756438984,,,,,,,,,,,,,,
US_ASSET_MANAGERS,BLK,KKR,"BlackRock, Inc.",KKR & Co. Inc.,-2.1143297203094678,0.2387917247180097,0.05,,False,0.28662364531913936,5.5081529975507975,,,,,,,,,,,,,,
US_ASSET_MANAGERS,APO,BLK,"Apollo Global Management, Inc. ","BlackRock, Inc.",-2.028437712156378,0.2742450033702345,0.05,,False,1.5761947945221408,-5.970553384262433,,,,,,,,,,,,,,
US_ASSET_MANAGERS,APO,BX,"Apollo Global Management, Inc. ",Blackstone Inc.,-1.851935419141739,0.35499873622678224,0.05,,False,0.8852214484147948,0.5023822277175967,,,,,,,,,,,,,,
US_ASSET_MANAGERS,BX,TROW,Blackstone Inc.,"T. Rowe Price Group, Inc.",-1.8083204472960372,0.3763387170707905,0.05,,False,2.86864548426972,-8.171506131580085,,,,,,,,,,,,,,
US_ASSET_MANAGERS,BLK,BX,"BlackRock, Inc.",Blackstone Inc.,-1.4879122126032163,0.5394822949022166,0.05,,False,0.5435083628859153,4.196225604403466,,,,,,,,,,,,,,
US_ASSET_MANAGERS,KKR,TROW,KKR & Co. Inc.,"T. Rowe Price Group, Inc.",-1.1811434752714363,0.6816542633952353,0.05,,False,3.3458005902976073,-10.499217674118512,,,,,,,,,,,,,,
US_ASSET_MANAGERS,APO,KKR,"Apollo Global Management, Inc. ",KKR & Co. Inc.,-0.9445249966482652,0.7729564481478,0.05,,False,0.7688297352108073,1.190186253851694,,,,,,,,,,,,,,
US_BANKS,KEY,RF,KeyCorp,Regions Financial Corporation,-3.888771395938027,0.0021190552131157645,0.05,,False,1.1252158881541932,-0.7061511376214509,,,,,,,,,,,,,,
US_BANKS,KEY,PNC,KeyCorp,"PNC Financial Services Group, I",-3.696215024239637,0.0041667092964465914,0.05,,False,1.2542031587112994,-3.71645346298091,,,,,,,,,,,,,,
US_BANKS,KEY,USB,KeyCorp,U.S. Bancorp,-3.6750862446616908,0.004477552989589503,0.05,,False,1.1999014693673924,-1.7560193028890891,,,,,,,,,,,,,,
US_BANKS,FITB,USB,Fifth Third Bancorp,U.S. Bancorp,-3.599700042667847,0.005766764881625059,0.05,,False,0.9413106876229669,0.13574643343330095,,,,,,,,,,,,,,
US_BANKS,COF,WFC,Capital One Financial Corporati,Wells Fargo & Company,-3.4935500180356813,0.008154296659787943,0.05,,False,1.0265352757687913,0.822114039892913,,,,,,,,,,,,,,
US_BANKS,PNC,USB,"PNC Financial Services Group, I",U.S. Bancorp,-3.461433514211004,0.009034597845013127,0.05,,False,0.9564042370927526,1.5642380900624824,,,,,,,,,,,,,,
US_BANKS,CFG,TFC,"Citizens Financial Group, Inc.",Truist Financial Corporation,-3.4016374040220674,0.0109031791072609,0.05,,False,1.9084164988150263,-3.30338464438965,,,,,,,,,,,,,,
US_BANKS,TFC,USB,Truist Financial Corporation,U.S. Bancorp,-3.3899373661702716,0.011306726737807223,0.05,,False,0.8619585018940892,0.4465512042093671,,,,,,,,,,,,,,
US_BANKS,HBAN,WFC,Huntington Bancshares Incorpora,Wells Fargo & Company,-3.32406956243039,0.01383625386516216,0.05,,False,0.5957145100894281,0.17650851889388042,,,,,,,,,,,,,,
US_BANKS,CFG,KEY,"Citizens Financial Group, Inc.",KeyCorp,-3.253934346203405,0.017067446400707367,0.05,,False,1.357795285713174,-0.006641317473172315,,,,,,,,,,,,,,
US_BANKS,C,HBAN,"Citigroup, Inc.",Huntington Bancshares Incorpora,-3.1682080594031885,0.021900262458214203,0.05,,False,3.3260075843045884,-4.649783933750962,,,,,,,,,,,,,,
US_BANKS,PNC,ZION,"PNC Financial Services Group, I",Zions Bancorporation N.A.,-3.147203951160146,0.02325143994790825,0.05,,False,0.9513663115979393,1.4713560244464015,,,,,,,,,,,,,,
US_BANKS,FHN,HBAN,First Horizon Corporation,Huntington Bancshares Incorpora,-3.1453809463928946,0.023372040578673006,0.05,,False,1.7345818914544926,-1.7519624561201783,,,,,,,,,,,,,,
US_BANKS,RF,TFC,Regions Financial Corporation,Truist Financial Corporation,-3.1085674446113147,0.025925621849249056,0.05,,False,1.2371464585302792,-1.4854651689888776,,,,,,,,,,,,,,
US_BANKS,BAC,HBAN,Bank of America Corporation,Huntington Bancshares Incorpora,-3.0631286667600404,0.029404915587502283,0.05,,False,1.2776590604960272,0.3257735482111421,,,,,,,,,,,,,,
US_BANKS,KEY,TFC,KeyCorp,Truist Financial Corporation,-3.0525005746995713,0.030273956327861146,0.05,,False,1.3955278741497972,-2.3906062854567516,,,,,,,,,,,,,,
US_BANKS,FITB,PNC,Fifth Third Bancorp,"PNC Financial Services Group, I",-3.052211286875823,0.03029791361426933,0.05,,False,0.9842315471895415,-1.4038739535514826,,,,,,,,,,,,,,
US_BANKS,FITB,KEY,Fifth Third Bancorp,KeyCorp,-3.044667103188288,0.030928409278618563,0.05,,False,0.7825629723187938,1.5187803722638589,,,,,,,,,,,,,,
US_BANKS,C,ZION,"Citigroup, Inc.",Zions Bancorporation N.A.,-3.0444194342279816,0.03094929577810236,0.05,,False,2.445429542715089,-5.215542256666188,,,,,,,,,,,,,,
US_BANKS,FHN,WFC,First Horizon Corporation,Wells Fargo & Company,-3.0423620587051867,0.031123263398017905,0.05,,False,1.049461377034996,-1.51491943377324,,,,,,,,,,,,,,
US_BANKS,C,PNFP,"Citigroup, Inc.","Pinnacle Financial Partners, In",-3.0264552923561747,0.032496586108167816,0.05,,False,-16.890310599828616,81.73875777287728,,,,,,,,,,,,,,
US_BANKS,C,TFC,"Citigroup, Inc.",Truist Financial Corporation,-2.9722414341519547,0.0375692800970824,0.05,,False,2.8241320564094816,-6.145814980218724,,,,,,,,,,,,,,
US_BANKS,COF,HBAN,Capital One Financial Corporati,Huntington Bancshares Incorpora,-2.968104984971286,0.03798226649680781,0.05,,False,1.7190643101261085,0.5292325635063735,,,,,,,,,,,,,,
US_BANKS,C,FHN,"Citigroup, Inc.",First Horizon Corporation,-2.9549677596578383,0.03931925542846914,0.05,,False,1.665653796189119,-0.5404988293772881,,,,,,,,,,,,,,
US_BANKS,CFG,PNFP,"Citizens Financial Group, Inc.","Pinnacle Financial Partners, In",-2.9099840973194966,0.04419924048977917,0.05,,False,-41.907959706059664,195.67832533919744,,,,,,,,,,,,,,
US_BANKS,HBAN,JPM,Huntington Bancshares Incorpora,JP Morgan Chase & Co.,-2.8710847814196683,0.0488152471646293,0.05,,False,0.5834898968272176,-0.517840124155478,,,,,,,,,,,,,,
US_BANKS,C,MTB,"Citigroup, Inc.",M&T Bank Corporation,-2.8697221442782093,0.048983890431317983,0.05,,False,2.6839376695322024,-9.577739837880598,,,,,,,,,,,,,,
US_BANKS,C,KEY,"Citigroup, Inc.",KeyCorp,-2.7678501937299202,0.06301491261927422,0.05,,False,1.928721464271758,-1.0391013986080528,,,,,,,,,,,,,,
US_BANKS,KEY,MTB,KeyCorp,M&T Bank Corporation,-2.7457589496034536,0.06644912405094615,0.05,,False,1.2845940617206926,-3.869209630744069,,,,,,,,,,,,,,
US_BANKS,BAC,FHN,Bank of America Corporation,First Horizon Corporation,-2.742836064055762,0.06691451874210774,0.05,,False,0.7339301534550374,1.6241277548287814,,,,,,,,,,,,,,
US_BANKS,C,RF,"Citigroup, Inc.",Regions Financial Corporation,-2.7375536852017155,0.06776221080928634,0.05,,False,2.213631116858908,-2.537489214383778,,,,,,,,,,,,,,
US_BANKS,JPM,PNFP,JP Morgan Chase & Co.,"Pinnacle Financial Partners, In",-2.7293974949658484,0.0690878970954572,0.05,,False,23.145819205311803,-100.39341792033,,,,,,,,,,,,,,
US_BANKS,BAC,JPM,Bank of America Corporation,JP Morgan Chase & Co.,-2.714884081510588,0.0714978965652854,0.05,,False,0.7716086880851781,-0.48103421223885956,,,,,,,,,,,,,,
US_BANKS,CFG,RF,"Citizens Financial Group, Inc.",Regions Financial Corporation,-2.7096444994392748,0.07238416702066038,0.05,,False,1.5383068446142132,-0.9984334396650048,,,,,,,,,,,,,,
US_BANKS,MTB,ZION,M&T Bank Corporation,Zions Bancorporation N.A.,-2.698806221915715,0.07424507269545412,0.05,,False,0.935348638461193,1.5298893681372832,,,,,,,,,,,,,,
US_BANKS,USB,ZION,U.S. Bancorp,Zions Bancorporation N.A.,-2.695490494347107,0.07482186653689915,0.05,,False,0.994923516647589,-0.09786883748936992,,,,,,,,,,,,,,
US_BANKS,CFG,ZION,"Citizens Financial Group, Inc.",Zions Bancorporation N.A.,-2.6791411675038104,0.07771783046321873,0.05,,False,1.6668807357210271,-2.7313860680965125,,,,,,,,,,,,,,
US_BANKS,KEY,PNFP,KeyCorp,"Pinnacle Financial Partners, In",-2.652526952877923,0.08261953669467742,0.05,,False,4.685635811061727,-18.618917639519136,,,,,,,,,,,,,,
US_BANKS,BAC,TFC,Bank of America Corporation,Truist Financial Corporation,-2.6447059955089123,0.08410489895202056,0.05,,False,1.1957555494536163,-0.6637797769913352,,,,,,,,,,,,,,
US_BANKS,FHN,PNFP,First Horizon Corporation,"Pinnacle Financial Partners, In",-2.6364771188558396,0.08569007400214707,0.05,,False,4.258832743734041,-16.517451242237463,,,,,,,,,,,,,,
US_BANKS,BAC,RF,Bank of America Corporation,Regions Financial Corporation,-2.633943402713915,0.08618279805866574,0.05,,False,0.9495079553347113,0.8255296583220106,,,,,,,,,,,,,,
US_BANKS,MTB,USB,M&T Bank Corporation,U.S. Bancorp,-2.631407149356577,0.08667821261834219,0.05,,False,0.9392648129935184,1.6251711848018497,,,,,,,,,,,,,,
US_BANKS,PNC,RF,"PNC Financial Services Group, I",Regions Financial Corporation,-2.6290819439500366,0.08713433837298629,0.05,,False,0.8971244743162182,2.4002703050260314,,,,,,,,,,,,,,
US_BANKS,FITB,RF,Fifth Third Bancorp,Regions Financial Corporation,-2.6280320196447504,0.08734090558492114,0.05,,False,0.8814382301884496,0.9633880661217131,,,,,,,,,,,,,,
US_BANKS,BAC,C,Bank of America Corporation,"Citigroup, Inc.",-2.6251671743020566,0.08790647707396898,0.05,,False,0.4470606586722939,1.8338430478786611,,,,,,,,,,,,,,
US_BANKS,RF,USB,Regions Financial Corporation,U.S. Bancorp,-2.5880990852813364,0.09548197546852866,0.05,,False,1.0670136081800106,-0.935480228991258,,,,,,,,,,,,,,
US_BANKS,CFG,USB,"Citizens Financial Group, Inc.",U.S. Bancorp,-2.5857625809274887,0.09597570040272124,0.05,,False,1.643439912912107,-2.4453080858588705,,,,,,,,,,,,,,
US_BANKS,CFG,HBAN,"Citizens Financial Group, Inc.",Huntington Bancshares Incorpora,-2.5812739100363626,0.09692966224836658,0.05,,False,2.2554157512871096,-2.3138576360603538,,,,,,,,,,,,,,
US_BANKS,BAC,ZION,Bank of America Corporation,Zions Bancorporation N.A.,-2.5547237869785033,0.10272057466593054,0.05,,False,1.0121799000723668,-0.17836158365414922,,,,,,,,,,,,,,
US_BANKS,BAC,CFG,Bank of America Corporation,"Citizens Financial Group, Inc.",-2.553798620649843,0.10292697781311405,0.05,,False,0.6079565112478355,1.4774303133534898,,,,,,,,,,,,,,
US_BANKS,BAC,PNFP,Bank of America Corporation,"Pinnacle Financial Partners, In",-2.551608912517672,0.10341674534301254,0.05,,False,6.9512263484165615,-28.010676056418205,,,,,,,,,,,,,,
US_BANKS,KEY,ZION,KeyCorp,Zions Bancorporation N.A.,-2.5505939993051174,0.10364434418722912,0.05,,False,1.1998938308655658,-1.8974234537108483,,,,,,,,,,,,,,
US_BANKS,COF,PNFP,Capital One Financial Corporati,"Pinnacle Financial Partners, In",-2.539424929520227,0.10617405335498398,0.05,,False,3.2046957732271104,-9.453057199603474,,,,,,,,,,,,,,
US_BANKS,C,PNC,"Citigroup, Inc.","PNC Financial Services Group, I",-2.528961787383872,0.10858567480447617,0.05,,False,2.5632277201478804,-8.95992845203615,,,,,,,,,,,,,,
US_BANKS,CFG,FITB,"Citizens Financial Group, Inc.",Fifth Third Bancorp,-2.523310667263519,0.10990511107503309,0.05,,False,1.7659828442046563,-2.757271983928655,,,,,,,,,,,,,,
US_BANKS,PNC,TFC,"PNC Financial Services Group, I",Truist Financial Corporation,-2.52230339432198,0.11014154281731314,0.05,,False,1.1080361126306335,1.0745006044356096,,,,,,,,,,,,,,
US_BANKS,FHN,JPM,First Horizon Corporation,JP Morgan Chase & Co.,-2.5112745878385234,0.11275514044297691,0.05,,False,1.0467042471400931,-2.8425723954882325,,,,,,,,,,,,,,
US_BANKS,CFG,MTB,"Citizens Financial Group, Inc.",M&T Bank Corporation,-2.484883038925843,0.11919590331979851,0.05,,False,1.8080918357453808,-5.593376181495348,,,,,,,,,,,,,,
US_BANKS,JPM,WFC,JP Morgan Chase & Co.,Wells Fargo & Company,-2.4841288252950746,0.1193838634399465,0.05,,False,1.0019742492299082,1.271237768531794,,,,,,,,,,,,,,
US_BANKS,C,FITB,"Citigroup, Inc.",Fifth Third Bancorp,-2.4758488999984474,0.12146166790807073,0.05,,False,2.6801891409811844,-5.58720913447163,,,,,,,,,,,,,,
US_BANKS,C,CFG,"Citigroup, Inc.","Citizens Financial Group, Inc.",-2.4202637519389767,0.13609860019601383,0.05,,False,1.372341970299921,-0.844981249573741,,,,,,,,,,,,,,
US_BANKS,CFG,PNC,"Citizens Financial Group, Inc.","PNC Financial Services Group, I",-2.403192680826222,0.14083732506683366,0.05,,False,1.7301785424217409,-5.19495126269865,,,,,,,,,,,,,,
US_BANKS,C,USB,"Citigroup, Inc.",U.S. Bancorp,-2.4013127683882995,0.14136623228182765,0.05,,False,2.4207729234977444,-4.833048259949061,,,,,,,,,,,,,,
US_BANKS,HBAN,MTB,Huntington Bancshares Incorpora,M&T Bank Corporation,-2.361688912070705,0.15284258220625163,0.05,,False,0.8625790848156945,-1.7717469511821151,,,,,,,,,,,,,,
US_BANKS,HBAN,RF,Huntington Bancshares Incorpora,Regions Financial Corporation,-2.356879816294096,0.15427830028440337,0.05,,False,0.7507919683651232,0.36716900765581295,,,,,,,,,,,,,,
US_BANKS,MTB,PNC,M&T Bank Corporation,"PNC Financial Services Group, I",-2.352782697261893,0.15550881007631379,0.05,,False,0.9840755643925099,0.07854487957217327,,,,,,,,,,,,,,
US_BANKS,BAC,MTB,Bank of America Corporation,M&T Bank Corporation,-2.352258255983761,0.1556668066675697,0.05,,False,1.093045762633707,-1.8907873528316408,,,,,,,,,,,,,,
US_BANKS,RF,ZION,Regions Financial Corporation,Zions Bancorporation N.A.,-2.3199585311552875,0.16561171925324908,0.05,,False,1.062207520011847,-1.0423134944993135,,,,,,,,,,,,,,
US_BANKS,PNFP,WFC,"Pinnacle Financial Partners, In",Wells Fargo & Company,-2.3079667592424764,0.16941140587606973,0.05,,False,0.23561377457403265,3.5689511837764503,,,,,,,,,,,,,,
US_BANKS,PNFP,RF,"Pinnacle Financial Partners, In",Regions Financial Corporation,-2.2697471887184495,0.18191078295455726,0.05,,False,0.38126003845365625,3.379365156250663,,,,,,,,,,,,,,
US_BANKS,FITB,ZION,Fifth Third Bancorp,Zions Bancorporation N.A.,-2.2238292670484188,0.1977107516282091,0.05,,False,0.9344811360487287,0.05170295825957183,,,,,,,,,,,,,,
US_BANKS,HBAN,KEY,Huntington Bancshares Incorpora,KeyCorp,-2.2039642716551135,0.20480980248685804,0.05,,False,0.6491100393413078,0.8896669971097053,,,,,,,,,,,,,,
US_BANKS,TFC,ZION,Truist Financial Corporation,Zions Bancorporation N.A.,-2.189458449746282,0.21009365395872304,0.05,,False,0.855656272615177,0.3697833021556054,,,,,,,,,,,,,,
US_BANKS,JPM,MTB,JP Morgan Chase & Co.,M&T Bank Corporation,-2.1860883375427465,0.21133327593721374,0.05,,False,1.4873067821906838,-2.1958985330897054,,,,,,,,,,,,,,
US_BANKS,FITB,TFC,Fifth Third Bancorp,Truist Financial Corporation,-2.181447106569394,0.21304785905017015,0.05,,False,1.0902156399226672,-0.34501287695644267,,,,,,,,,,,,,,
US_BANKS,BAC,PNC,Bank of America Corporation,"PNC Financial Services Group, I",-2.169758001683003,0.21740403267904124,0.05,,False,1.0711372560129362,-1.7814318525528092,,,,,,,,,,,,,,
US_BANKS,JPM,TFC,JP Morgan Chase & Co.,Truist Financial Corporation,-2.164355083558691,0.2194358338552756,0.05,,False,1.6453000281591914,-0.594536682320399,,,,,,,,,,,,,,
US_BANKS,HBAN,USB,Huntington Bancshares Incorpora,U.S. Bancorp,-2.15770447615151,0.22195266550987314,0.05,,False,0.7922071945963126,-0.30117013329253206,,,,,,,,,,,,,,
US_BANKS,FHN,TFC,First Horizon Corporation,Truist Financial Corporation,-2.1343254154941644,0.23093799088870587,0.05,,False,1.6646769437148883,-3.249880479799407,,,,,,,,,,,,,,
US_BANKS,C,JPM,"Citigroup, Inc.",JP Morgan Chase & Co.,-2.127478018441751,0.23361003772031863,0.05,,False,1.7329922051540718,-5.217101503931129,,,,,,,,,,,,,,
US_BANKS,MTB,RF,M&T Bank Corporation,Regions Financial Corporation,-2.1180350840296938,0.23732471245858094,0.05,,False,0.8794132829067528,2.451357222409797,,,,,,,,,,,,,,
US_BANKS,FHN,MTB,First Horizon Corporation,M&T Bank Corporation,-2.117734041934204,0.23744370266432063,0.05,,False,1.4943355537354883,-4.815405440806995,,,,,,,,,,,,,,
US_BANKS,BAC,KEY,Bank of America Corporation,KeyCorp,-2.0995060762887037,0.24471325708870184,0.05,,False,0.8338395810120224,1.4497324091338095,,,,,,,,,,,,,,
US_BANKS,HBAN,TFC,Huntington Bancshares Incorpora,Truist Financial Corporation,-2.0891837506914888,0.24888605332411617,0.05,,False,0.9417380081813127,-0.796363032037354,,,,,,,,,,,,,,
US_BANKS,TFC,WFC,Truist Financial Corporation,Wells Fargo & Company,-2.0265797954657754,0.2750417406053908,0.05,,False,0.5962352911573598,1.1886175014768585,,,,,,,,,,,,,,
US_BANKS,BAC,FITB,Bank of America Corporation,Fifth Third Bancorp,-2.0255553104548643,0.2754815991820652,0.05,,False,1.0936246540670145,-0.2734871901626752,,,,,,,,,,,,,,
US_BANKS,FHN,ZION,First Horizon Corporation,Zions Bancorporation N.A.,-2.0113720275988127,0.2816092292779872,0.05,,False,1.389427073207632,-2.4965423746689237,,,,,,,,,,,,,,
US_BANKS,JPM,RF,JP Morgan Chase & Co.,Regions Financial Corporation,-1.9603301580609924,0.3042330931887525,0.05,,False,1.2614046853790948,1.5963399806821603,,,,,,,,,,,,,,
US_BANKS,BAC,USB,Bank of America Corporation,U.S. Bancorp,-1.953998776204982,0.30709986159872116,0.05,,False,1.01776091802703,-0.08038724170417844,,,,,,,,,,,,,,
US_BANKS,JPM,ZION,JP Morgan Chase & Co.,Zions Bancorporation N.A.,-1.937519080158151,0.31462191801377315,0.05,,False,1.3733374578750086,0.14970399644800292,,,,,,,,,,,,,,
US_BANKS,HBAN,PNC,Huntington Bancshares Incorpora,"PNC Financial Services Group, I",-1.915260221735892,0.32491662495196993,0.05,,False,0.8420971890374155,-1.6687826755074684,,,,,,,,,,,,,,
US_BANKS,COF,JPM,Capital One Financial Corporati,JP Morgan Chase & Co.,-1.8824355943134383,0.34036853591804966,0.05,,False,1.0257095497107687,-0.48694119856064066,,,,,,,,,,,,,,
US_BANKS,WFC,ZION,Wells Fargo & Company,Zions Bancorporation N.A.,-1.841070342848461,0.360270343115435,0.05,,False,1.3814097299167496,-1.1617931232560466,,,,,,,,,,,,,,
US_BANKS,FHN,RF,First Horizon Corporation,Regions Financial Corporation,-1.8288787106629472,0.3662213726934754,0.05,,False,1.3064153825332396,-1.1279807729080766,,,,,,,,,,,,,,
US_BANKS,HBAN,ZION,Huntington Bancshares Incorpora,Zions Bancorporation N.A.,-1.7977730050182126,0.38156789401063385,0.05,,False,0.8016345921978509,-0.4316953160617385,,,,,,,,,,,,,,
US_BANKS,COF,FHN,Capital One Financial Corporati,First Horizon Corporation,-1.7908914892629555,0.3849931011435392,0.05,,False,0.9767286421365553,2.3081853587638226,,,,,,,,,,,,,,
US_BANKS,MTB,TFC,M&T Bank Corporation,Truist Financial Corporation,-1.786701759355349,0.38708360075305304,0.05,,False,1.0954542849559903,1.1169923840690608,,,,,,,,,,,,,,
US_BANKS,MTB,WFC,M&T Bank Corporation,Wells Fargo & Company,-1.771899479332101,0.39449933732558834,0.05,,False,0.6721983835061296,2.337509623283015,,,,,,,,,,,,,,
US_BANKS,JPM,KEY,JP Morgan Chase & Co.,KeyCorp,-1.7546619590887431,0.4031915372597691,0.05,,False,1.100937165026611,2.4448413158389566,,,,,,,,,,,,,,
US_BANKS,PNFP,USB,"Pinnacle Financial Partners, In",U.S. Bancorp,-1.7364194805491868,0.4124524400727135,0.05,,False,0.5781236084008138,2.3678737313372045,,,,,,,,,,,,,,
US_BANKS,FITB,JPM,Fifth Third Bancorp,JP Morgan Chase & Co.,-1.7169626192191771,0.4223946964209118,0.05,,False,0.6465932616637696,0.1380900471558717,,,,,,,,,,,,,,
US_BANKS,JPM,PNC,JP Morgan Chase & Co.,"PNC Financial Services Group, I",-1.7054522430007029,0.428305529347237,0.05,,False,1.4709643988916579,-2.11740413143964,,,,,,,,,,,,,,
US_BANKS,FITB,MTB,Fifth Third Bancorp,M&T Bank Corporation,-1.6900133084627795,0.436265127074382,0.05,,False,0.9998753599456627,-1.4809545538672562,,,,,,,,,,,,,,
US_BANKS,FITB,HBAN,Fifth Third Bancorp,Huntington Bancshares Incorpora,-1.657900404162077,0.4529234575367674,0.05,,False,1.1782190619148432,0.5208530206241178,,,,,,,,,,,,,,
US_BANKS,COF,TFC,Capital One Financial Corporati,Truist Financial Corporation,-1.6231978560543243,0.47105318597392676,0.05,,False,1.844120208325284,-1.6823523853142923,,,,,,,,,,,,,,
US_BANKS,FHN,USB,First Horizon Corporation,U.S. Bancorp,-1.61831558237539,0.47361248345535195,0.05,,False,1.4242583476861137,-2.4659074555361085,,,,,,,,,,,,,,
US_BANKS,CFG,FHN,"Citizens Financial Group, Inc.",First Horizon Corporation,-1.6149759359469853,0.47536418508485445,0.05,,False,1.2131358642099281,0.2236426549781787,,,,,,,,,,,,,,
US_BANKS,COF,MTB,Capital One Financial Corporati,M&T Bank Corporation,-1.597732676568171,0.4847323324306024,0.05,,False,1.6058590448516603,-3.1581676063427286,,,,,,,,,,,,,,
US_BANKS,FITB,WFC,Fifth Third Bancorp,Wells Fargo & Company,-1.5519167684964907,0.5076906052752828,0.05,,False,0.6288277756885571,1.0415890808776012,,,,,,,,,,,,,,
US_BANKS,FHN,PNC,First Horizon Corporation,"PNC Financial Services Group, I",-1.5440238992399702,0.5116319366049877,0.05,,False,1.4846884248520533,-4.77189243703554,,,,,,,,,,,,,,
US_BANKS,RF,WFC,Regions Financial Corporation,Wells Fargo & Company,-1.5056757683685171,0.5307017722558117,0.05,,False,0.78313916583252,-0.20980955669732948,,,,,,,,,,,,,,
US_BANKS,FHN,FITB,First Horizon Corporation,Fifth Third Bancorp,-1.4809734988794645,0.5429016056253089,0.05,,False,1.5578458182785506,-2.8385263209329445,,,,,,,,,,,,,,
US_BANKS,JPM,USB,JP Morgan Chase & Co.,U.S. Bancorp,-1.4232217617055103,0.5710940823047524,0.05,,False,1.3972016531007334,0.22036295342825518,,,,,,,,,,,,,,
US_BANKS,C,WFC,"Citigroup, Inc.",Wells Fargo & Company,-1.4041062945442817,0.580305933708832,0.05,,False,1.8196193766247815,-3.370288242414908,,,,,,,,,,,,,,
US_BANKS,BAC,WFC,Bank of America Corporation,Wells Fargo & Company,-1.3793736830811367,0.5921237202245662,0.05,,False,0.7679771844231097,0.5219335360508928,,,,,,,,,,,,,,
US_BANKS,CFG,JPM,"Citizens Financial Group, Inc.",JP Morgan Chase & Co.,-1.3541208076054678,0.6040630288871658,0.05,,False,1.2840938259755725,-3.3043029778280704,,,,,,,,,,,,,,
US_BANKS,COF,RF,Capital One Financial Corporati,Regions Financial Corporation,-1.3266124073444796,0.616910885227326,0.05,,False,1.3515776493274176,0.9689501983605808,,,,,,,,,,,,,,
US_BANKS,CFG,WFC,"Citizens Financial Group, Inc.",Wells Fargo & Company,-1.3010347772900088,0.6286987689359287,0.05,,False,1.3177467523023665,-1.8051401271553993,,,,,,,,,,,,,,
US_BANKS,FHN,KEY,First Horizon Corporation,KeyCorp,-1.286134988789968,0.635491460732851,0.05,,False,1.14832087470332,-0.2721263705420296,,,,,,,,,,,,,,
US_BANKS,KEY,WFC,KeyCorp,Wells Fargo & Company,-1.1810332360969487,0.6817010608185594,0.05,,False,0.9036901290817071,-1.0385172343721703,,,,,,,,,,,,,,
US_BANKS,PNC,WFC,"PNC Financial Services Group, I",Wells Fargo & Company,-1.1540845328208131,0.6930292001218248,0.05,,False,0.6667450956443589,2.365437582305354,,,,,,,,,,,,,,
US_BANKS,HBAN,PNFP,Huntington Bancshares Incorpora,"Pinnacle Financial Partners, In",-1.0971217718783237,0.716218343323477,0.05,,False,0.7754638401430478,-0.8228736280500835,,,,,,,,,,,,,,
US_BANKS,USB,WFC,U.S. Bancorp,Wells Fargo & Company,-1.0884570142871657,0.7196530942182435,0.05,,False,0.7048398390117604,0.8047435421210234,,,,,,,,,,,,,,
US_BANKS,COF,ZION,Capital One Financial Corporati,Zions Bancorporation N.A.,-1.0694293810918725,0.7271079135009073,0.05,,False,1.4822989298831786,-0.6236033823689544,,,,,,,,,,,,,,
US_BANKS,BAC,COF,Bank of America Corporation,Capital One Financial Corporati,-1.066168347337744,0.7283733463473532,0.05,,False,0.7291662951212141,0.005800126822608664,,,,,,,,,,,,,,
US_BANKS,PNC,PNFP,"PNC Financial Services Group, I","Pinnacle Financial Partners, In",-1.0499881488167284,0.7345987450592777,0.05,,False,1.184004780075757,-0.20001368088765226,,,,,,,,,,,,,,
US_BANKS,COF,PNC,Capital One Financial Corporati,"PNC Financial Services Group, I",-1.0262253891881845,0.7435794376444862,0.05,,False,1.6370593179378712,-3.328388726560127,,,,,,,,,,,,,,
US_BANKS,PNFP,ZION,"Pinnacle Financial Partners, In",Zions Bancorporation N.A.,-0.8792240597871758,0.7947372217555534,0.05,,False,0.7568272358863751,1.595588877245222,,,,,,,,,,,,,,
US_BANKS,FITB,PNFP,Fifth Third Bancorp,"Pinnacle Financial Partners, In",-0.8616640087080705,0.8003348092700556,0.05,,False,1.1481674384800415,-1.5221465676901054,,,,,,,,,,,,,,
US_BANKS,C,COF,"Citigroup, Inc.",Capital One Financial Corporati,-0.7866909926849257,0.8230002618006698,0.05,,False,1.8998755676094534,-5.4916441721974945,,,,,,,,,,,,,,
US_BANKS,PNFP,TFC,"Pinnacle Financial Partners, In",Truist Financial Corporation,-0.7290454792057485,0.8390819892428439,0.05,,False,1.4359863660009922,-0.7947632833424523,,,,,,,,,,,,,,
US_BANKS,COF,FITB,Capital One Financial Corporati,Fifth Third Bancorp,-0.7102222673726836,0.8440839425161892,0.05,,False,1.780958282627502,-1.4327068892572221,,,,,,,,,,,,,,
US_BANKS,MTB,PNFP,M&T Bank Corporation,"Pinnacle Financial Partners, In",-0.7093609956822569,0.844309906092005,0.05,,False,1.0653058245963034,0.33877302140279664,,,,,,,,,,,,,,
US_BANKS,CFG,COF,"Citizens Financial Group, Inc.",Capital One Financial Corporati,-0.6924480138922543,0.8486959868299014,0.05,,False,1.3294015094513956,-3.0989861751819663,,,,,,,,,,,,,,
US_BANKS,COF,USB,Capital One Financial Corporati,U.S. Bancorp,-0.5358558003528843,0.8848275314529117,0.05,,False,1.5657414136592098,-0.7678329201710632,,,,,,,,,,,,,,
US_BANKS,COF,KEY,Capital One Financial Corporati,KeyCorp,-0.5275883903383131,0.8865194447531685,0.05,,False,1.163508785463769,1.9237636948709085,,,,,,,,,,,,,,
US_DEFENSE_AEROSPACE,GD,LHX,General Dynamics Corporation,"L3Harris Technologies, Inc.",-3.024155207215217,0.03269935862798352,0.05,,False,0.6324523874599536,2.1949747635465764,,,,,,,,,,,,,,
US_DEFENSE_AEROSPACE,LHX,NOC,"L3Harris Technologies, Inc.",Northrop Grumman Corporation,-2.5659015455485377,0.10025148134770112,0.05,,False,1.3003894133684024,-2.6075622059940287,,,,,,,,,,,,,,
US_DEFENSE_AEROSPACE,GD,RTX,General Dynamics Corporation,RTX Corporation,-2.50346423634265,0.11463371236129244,0.05,,False,0.5025805093281591,3.208349347298953,,,,,,,,,,,,,,
US_DEFENSE_AEROSPACE,LHX,RTX,"L3Harris Technologies, Inc.",RTX Corporation,-2.2009340184486907,0.2059066367051614,0.05,,False,0.8315714424195658,1.4191178227944716,,,,,,,,,,,,,,
US_DEFENSE_AEROSPACE,GD,NOC,General Dynamics Corporation,Northrop Grumman Corporation,-1.961082238024071,0.3038934257741763,0.05,,False,0.7988896543421123,0.6934278026390395,,,,,,,,,,,,,,
US_DEFENSE_AEROSPACE,LMT,NOC,Lockheed Martin Corporation,Northrop Grumman Corporation,-1.7333327274745787,0.4140254152219108,0.05,,False,0.78015012180317,1.3041586515813224,,,,,,,,,,,,,,
US_DEFENSE_AEROSPACE,NOC,RTX,Northrop Grumman Corporation,RTX Corporation,-1.7319254394455559,0.4147431075683371,0.05,,False,0.6360417887479876,3.1135719949649445,,,,,,,,,,,,,,
US_DEFENSE_AEROSPACE,LHX,LMT,"L3Harris Technologies, Inc.",Lockheed Martin Corporation,-1.6658287341794573,0.4487989196930182,0.05,,False,1.8634050682833514,-5.999131248284282,,,,,,,,,,,,,,
US_DEFENSE_AEROSPACE,LMT,RTX,Lockheed Martin Corporation,RTX Corporation,-1.571125385014718,0.49807992806771223,0.05,,False,0.32690001947878405,4.573269581494854,,,,,,,,,,,,,,
US_DEFENSE_AEROSPACE,GD,LMT,General Dynamics Corporation,Lockheed Martin Corporation,-1.4940902991560459,0.5364327314101147,0.05,,False,0.9464210436458922,-0.16130956991069656,,,,,,,,,,,,,,
US_GOLD_MINERS,AEM,KGC,Agnico Eagle Mines Limited,Kinross Gold Corporation,-2.8560835508085143,0.05069841321124715,0.05,,False,0.7556236638885488,2.6855059307212605,,,,,,,,,,,,,,
US_GOLD_MINERS,AU,KGC,AngloGold Ashanti PLC,Kinross Gold Corporation,-2.591157190946365,0.09483870400353483,0.05,,False,1.1108241634211213,0.725796039762709,,,,,,,,,,,,,,
US_GOLD_MINERS,AEM,AU,Agnico Eagle Mines Limited,AngloGold Ashanti PLC,-2.3856997988356596,0.1458132788730805,0.05,,False,0.6782746457099779,2.1993112358337528,,,,,,,,,,,,,,
US_GOLD_MINERS,AU,NEM,AngloGold Ashanti PLC,Newmont Corporation,-2.3770282706358263,0.1483252458711724,0.05,,False,1.4307863426866385,-2.1368901431522693,,,,,,,,,,,,,,
US_GOLD_MINERS,KGC,NEM,Kinross Gold Corporation,Newmont Corporation,-1.8102879750250767,0.37536609443402347,0.05,,False,1.2912821756162967,-2.5906060288413495,,,,,,,,,,,,,,
US_GOLD_MINERS,AEM,NEM,Agnico Eagle Mines Limited,Newmont Corporation,-1.6158900501384028,0.47488463401493775,0.05,,False,0.9667368396822654,0.76546902910657,,,,,,,,,,,,,,
US_GOLD_MINERS,GOLD,NEM,"Gold.com, Inc.",Newmont Corporation,-1.5386619586761205,0.5143065658889001,0.05,,False,0.5674479159846205,1.037997029399441,,,,,,,,,,,,,,
US_GOLD_MINERS,AEM,GOLD,Agnico Eagle Mines Limited,"Gold.com, Inc.",-1.3482100149707605,0.6068379641938554,0.05,,False,2.1740377333047207,-2.6045878520612193,,,,,,,,,,,,,,
US_GOLD_MINERS,AU,GOLD,AngloGold Ashanti PLC,"Gold.com, Inc.",-1.2832080054728554,0.6368192307736258,0.05,,False,3.8787457333038526,-9.375820647381556,,,,,,,,,,,,,,
US_GOLD_MINERS,GOLD,KGC,"Gold.com, Inc.",Kinross Gold Corporation,-1.2500437148745982,0.651706520971556,0.05,,False,0.2755440794786066,2.6346676772782347,,,,,,,,,,,,,,
US_HOMEBUILDERS,LEN,NVR,Lennar Corporation,"NVR, Inc.",-3.5317260780034663,0.0072087196769772205,0.05,,False,1.7362262479734045,-10.733407194821108,,,,,,,,,,,,,,
US_HOMEBUILDERS,KBH,LEN,KB Home,Lennar Corporation,-2.89926839283197,0.04543313960003015,0.05,,False,0.7759873975377248,0.3959360414397688,,,,,,,,,,,,,,
US_HOMEBUILDERS,DHI,PHM,"D.R. Horton, Inc.","PulteGroup, Inc.",-2.659191770996309,0.08136996112824474,0.05,,False,1.2333755526588634,-0.8892392622527794,,,,,,,,,,,,,,
US_HOMEBUILDERS,KBH,NVR,KB Home,"NVR, Inc.",-2.466843841818003,0.12375137255868529,0.05,,False,1.3585705249727942,-8.03397824074548,,,,,,,,,,,,,,
US_HOMEBUILDERS,KBH,MTH,KB Home,Meritage Homes Corporation,-2.3424540546686723,0.15864090593400287,0.05,,False,1.1812660919660456,-0.9460353247140176,,,,,,,,,,,,,,
US_HOMEBUILDERS,PHM,TOL,"PulteGroup, Inc.","Toll Brothers, Inc.",-2.257518592104494,0.1860351635331366,0.05,,False,0.7780194824303289,0.9840903752139791,,,,,,,,,,,,,,
US_HOMEBUILDERS,LEN,MTH,Lennar Corporation,Meritage Homes Corporation,-1.794326219917149,0.38328218413565995,0.05,,False,1.5493327513499475,-1.8454296288488559,,,,,,,,,,,,,,
US_HOMEBUILDERS,DHI,MTH,"D.R. Horton, Inc.",Meritage Homes Corporation,-1.713188492839167,0.42433049904056175,0.05,,False,0.9491476930438196,0.9239401302147341,,,,,,,,,,,,,,
US_HOMEBUILDERS,MTH,NVR,Meritage Homes Corporation,"NVR, Inc.",-1.6176748832907075,0.47394847622930936,0.05,,False,1.1453816322497257,-5.958107008226371,,,,,,,,,,,,,,
US_HOMEBUILDERS,LEN,PHM,Lennar Corporation,"PulteGroup, Inc.",-1.6051736748002,0.4809940889620842,0.05,,False,3.3267320260518543,-11.07141643461729,,,,,,,,,,,,,,
US_HOMEBUILDERS,DHI,TOL,"D.R. Horton, Inc.","Toll Brothers, Inc.",-1.5468282951544108,0.5102321134380875,0.05,,False,0.9564843667129601,0.3396305060324156,,,,,,,,,,,,,,
US_HOMEBUILDERS,MTH,PHM,Meritage Homes Corporation,"PulteGroup, Inc.",-1.3015871143115598,0.6284458944941738,0.05,,False,1.4665555728080548,-2.7075342016518853,,,,,,,,,,,,,,
US_HOMEBUILDERS,DHI,KBH,"D.R. Horton, Inc.",KB Home,-1.2436302565059305,0.6545512918972041,0.05,,False,0.764080465212437,1.8465156912474558,,,,,,,,,,,,,,
US_HOMEBUILDERS,KBH,PHM,KB Home,"PulteGroup, Inc.",-1.225669210997284,0.6624571568922903,0.05,,False,1.918025858037617,-5.029986394182603,,,,,,,,,,,,,,
US_HOMEBUILDERS,MTH,TOL,Meritage Homes Corporation,"Toll Brothers, Inc.",-1.1046798182272886,0.7132020439006523,0.05,,False,1.008248798622914,-0.6181413881168947,,,,,,,,,,,,,,
US_HOMEBUILDERS,DHI,LEN,"D.R. Horton, Inc.",Lennar Corporation,-1.0602026516207637,0.7306790123205368,0.05,,False,0.5152039734111121,2.522062784466419,,,,,,,,,,,,,,
US_HOMEBUILDERS,LEN,TOL,Lennar Corporation,"Toll Brothers, Inc.",-0.9990287222322093,0.7536183875763356,0.05,,False,3.1428726538632223,-10.497011146142274,,,,,,,,,,,,,,
US_HOMEBUILDERS,NVR,PHM,"NVR, Inc.","PulteGroup, Inc.",-0.8685500787055651,0.798152857585127,0.05,,False,1.2598095743529667,2.936253693373118,,,,,,,,,,,,,,
US_HOMEBUILDERS,KBH,TOL,KB Home,"Toll Brothers, Inc.",-0.4881287543160666,0.8943123456882436,0.05,,False,1.4071311297801679,-2.728129094150388,,,,,,,,,,,,,,
US_HOMEBUILDERS,DHI,NVR,"D.R. Horton, Inc.","NVR, Inc.",-0.4396416551170869,0.9032666868404424,0.05,,False,1.1299068086483515,-5.113835342231974,,,,,,,,,,,,,,
US_HOMEBUILDERS,NVR,TOL,"NVR, Inc.","Toll Brothers, Inc.",0.48245810633876324,0.98433005869228,0.05,,False,0.724920778242909,5.418303095316836,,,,,,,,,,,,,,
US_INSURANCE,ALL,TRV,Allstate Corporation (The),"The Travelers Companies, Inc.",-5.078875159166177,1.5456980824729225e-05,0.05,0.0027406377062810508,True,0.6832272242400407,1.4689429560482488,7.304824378281973,0.0001367664285754981,-0.09488895894893055,22.0,-2.072036348844751,2.448119070980553,False,,0.8,-0.004347993747538326,-0.04109790636461996,0.4822393338189941,True,reversion signs agree
US_INSURANCE,AIG,PRU,"American International Group, I","Prudential Financial, Inc.",-4.804646449190647,5.3283709214788586e-05,0.05,0.0027406377062810508,True,-0.6278994699787706,7.22853556178128,8.038121332970501,0.00016120062083343876,-0.08623248540885008,24.0,-0.9387251559371053,2.655167507680358,False,,0.6,0.003067812920247319,-0.23534989479256785,-0.005067302976763832,True,reversion signs agree
US_INSURANCE,ALL,GL,Allstate Corporation (The),Globe Life Inc.,-4.801208550411457,5.409715721935307e-05,0.05,0.0027406377062810508,True,0.45518640274385536,3.071583517259275,7.889251497517416,9.802969258486523e-06,-0.08785968868885272,24.0,-1.5132167134562164,2.6258814956587564,False,,0.6,0.00428906434529557,-0.6850676877176369,0.32049296086533663,False,mixed signal
US_INSURANCE,HIG,PRU,"The Hartford Insurance Group, I","Prudential Financial, Inc.",-3.818884431944239,0.002719905704603276,0.05,0.0027406377062810508,True,-2.785531705682062,17.68878872451577,12.526599094074088,0.0007721204792170992,-0.055334027644251015,38.0,-1.6315214038309627,2.6832871140597416,False,,0.4,0.049482707223719585,0.5645320940295089,1.7814340243089164,False,mixed signal
US_INSURANCE,ALL,PRU,Allstate Corporation (The),"Prudential Financial, Inc.",-3.816737380209118,0.0027406377062810508,0.05,0.0027406377062810508,True,-2.050228173849725,14.752723054411547,12.446133306433762,0.0008403442773024364,-0.05569176896101842,37.0,-1.3746799013503854,2.5468381026745783,False,,0.4,0.04823244807142783,0.5209083959179011,1.6367924462290926,False,mixed signal
US_INSURANCE,AFL,PRU,AFLAC Incorporated,"Prudential Financial, Inc.",-3.6446716382546978,0.004962240574801656,0.05,0.0027406377062810508,False,-1.504417091961523,11.612384166555625,,,,,,,,,,,,,,
US_INSURANCE,GL,PRU,Globe Life Inc.,"Prudential Financial, Inc.",-3.5433961877401736,0.006940075806562888,0.05,0.0027406377062810508,False,-5.724301362872215,31.311919604053777,,,,,,,,,,,,,,
US_INSURANCE,PRU,TRV,"Prudential Financial, Inc.","The Travelers Companies, Inc.",-3.539065526204917,0.007038693762250548,0.05,0.0027406377062810508,False,-0.2698262064186457,6.127310953332505,,,,,,,,,,,,,,
US_INSURANCE,PRU,UNM,"Prudential Financial, Inc.",Unum Group,-3.4228117958075015,0.010205369125383328,0.05,0.0027406377062810508,False,-0.1561249155078105,5.293371996061912,,,,,,,,,,,,,,
US_INSURANCE,AFL,TRV,AFLAC Incorporated,"The Travelers Companies, Inc.",-3.400058948712437,0.010956862215140861,0.05,0.0027406377062810508,False,0.5177957265317613,1.773699933802091,,,,,,,,,,,,,,
US_INSURANCE,AFL,ALL,AFLAC Incorporated,Allstate Corporation (The),-3.3977773922982344,0.011034873905064213,0.05,0.0027406377062810508,False,0.7990593168910217,0.44378094557334613,,,,,,,,,,,,,,
US_INSURANCE,AFL,PGR,AFLAC Incorporated,Progressive Corporation (The),-3.380692167477817,0.011634950251640326,0.05,0.0027406377062810508,False,-0.04907590352450973,4.911975402737268,,,,,,,,,,,,,,
US_INSURANCE,CB,PRU,Chubb Limited,"Prudential Financial, Inc.",-3.3181024732489743,0.014088432140876688,0.05,0.0027406377062810508,False,-1.785868552360269,13.926404612374,,,,,,,,,,,,,,
US_INSURANCE,HIG,PGR,"The Hartford Insurance Group, I",Progressive Corporation (The),-3.3035275852287582,0.01472152581641674,0.05,0.0027406377062810508,False,-1.3575155336737554,12.132848865803492,,,,,,,,,,,,,,
US_INSURANCE,MET,UNM,"MetLife, Inc.",Unum Group,-3.288289328678434,0.01541012625684398,0.05,0.0027406377062810508,False,0.26795624426444997,3.1893853872681914,,,,,,,,,,,,,,
US_INSURANCE,AIG,UNM,"American International Group, I",Unum Group,-3.2811988946122654,0.01574008874339903,0.05,0.0027406377062810508,False,0.22012974330018614,3.3862267803957224,,,,,,,,,,,,,,
US_INSURANCE,GL,TRV,Globe Life Inc.,"The Travelers Companies, Inc.",-3.2734189042900037,0.016109274076754315,0.05,0.0027406377062810508,False,1.4864232897256486,-3.4400614931885345,,,,,,,,,,,,,,
US_INSURANCE,AFL,CB,AFLAC Incorporated,Chubb Limited,-3.2423036281092195,0.01766290222029532,0.05,0.0027406377062810508,False,0.8676332060379176,-0.2619798122282573,,,,,,,,,,,,,,
US_INSURANCE,AFL,GL,AFLAC Incorporated,Globe Life Inc.,-3.229255900834845,0.018352471422790926,0.05,0.0027406377062810508,False,0.3363814689706243,3.029578934200522,,,,,,,,,,,,,,
US_INSURANCE,AIG,GL,"American International Group, I",Globe Life Inc.,-3.2138220762218572,0.019198415025803158,0.05,0.0027406377062810508,False,0.16889980877157607,3.509306153577713,,,,,,,,,,,,,,
US_INSURANCE,AIG,LNC,"American International Group, I",Lincoln National Corporation,-3.212934090550822,0.01924810469095304,0.05,0.0027406377062810508,False,0.21611357044315216,3.5618544356408988,,,,,,,,,,,,,,
US_INSURANCE,AIG,PGR,"American International Group, I",Progressive Corporation (The),-3.1084969301310283,0.02593073456911746,0.05,0.0027406377062810508,False,0.2926124836630952,2.738689555649225,,,,,,,,,,,,,,
US_INSURANCE,ALL,LNC,Allstate Corporation (The),Lincoln National Corporation,-3.1034059189630328,0.026302159836797248,0.05,0.0027406377062810508,False,0.48226561112856686,3.5651386434640395,,,,,,,,,,,,,,
US_INSURANCE,LNC,PRU,Lincoln National Corporation,"Prudential Financial, Inc.",-3.089046600769251,0.027374480100132867,0.05,0.0027406377062810508,False,-21.7827856783346,104.37334601095992,,,,,,,,,,,,,,
US_INSURANCE,AIG,HIG,"American International Group, I","The Hartford Insurance Group, I",-3.086392973246607,0.02757669494654807,0.05,0.0027406377062810508,False,0.37492779026232115,2.524893533910316,,,,,,,,,,,,,,
US_INSURANCE,ALL,UNM,Allstate Corporation (The),Unum Group,-3.0774731491411553,0.02826581785784706,0.05,0.0027406377062810508,False,0.4762341336848534,3.2369032136379468,,,,,,,,,,,,,,
US_INSURANCE,AFL,LNC,AFLAC Incorporated,Lincoln National Corporation,-3.060173937497873,0.029644355713658147,0.05,0.0027406377062810508,False,0.32422122982377904,3.5073554731588494,,,,,,,,,,,,,,
US_INSURANCE,AIG,TRV,"American International Group, I","The Travelers Companies, Inc.",-3.035348327915605,0.031722594255023676,0.05,0.0027406377062810508,False,0.28114958307019783,2.7613170011945023,,,,,,,,,,,,,,
US_INSURANCE,CB,PGR,Chubb Limited,Progressive Corporation (The),-3.0228976955070794,0.03281067217700793,0.05,0.0027406377062810508,False,-0.43562875542416657,8.013373840979861,,,,,,,,,,,,,,
US_INSURANCE,GL,MET,Globe Life Inc.,"MetLife, Inc.",-3.01606671317703,0.03342097057044726,0.05,0.0027406377062810508,False,5.14075403051317,-17.43963714108858,,,,,,,,,,,,,,
US_INSURANCE,CB,MET,Chubb Limited,"MetLife, Inc.",-2.994248521315522,0.03543501819227224,0.05,0.0027406377062810508,False,2.2478428612082593,-4.070154229466643,,,,,,,,,,,,,,
US_INSURANCE,AIG,ALL,"American International Group, I",Allstate Corporation (The),-2.9468027120390747,0.040169922138078025,0.05,0.0027406377062810508,False,0.4822243341897334,1.784869771107748,,,,,,,,,,,,,,
US_INSURANCE,PGR,PRU,Progressive Corporation (The),"Prudential Financial, Inc.",-2.9237724465586585,0.04265260224245786,0.05,0.0027406377062810508,False,181.82193977715374,-836.4722514708878,,,,,,,,,,,,,,
US_INSURANCE,HIG,LNC,"The Hartford Insurance Group, I",Lincoln National Corporation,-2.869877882876543,0.048964591588650595,0.05,0.0027406377062810508,False,0.6742592205542312,2.4219654112906857,,,,,,,,,,,,,,
US_INSURANCE,PGR,TRV,Progressive Corporation (The),"The Travelers Companies, Inc.",-2.844693358493763,0.052167782284965054,0.05,0.0027406377062810508,False,-0.28399356526153885,6.983900748080183,,,,,,,,,,,,,,
US_INSURANCE,LNC,MET,Lincoln National Corporation,"MetLife, Inc.",-2.8014610599403187,0.05806536894871966,0.05,0.0027406377062810508,False,4.165740477688511,-14.513585002383609,,,,,,,,,,,,,,
US_INSURANCE,AFL,UNM,AFLAC Incorporated,Unum Group,-2.731783100191406,0.068698025625269,0.05,0.0027406377062810508,False,0.3125546288648598,3.3190168298984677,,,,,,,,,,,,,,
US_INSURANCE,ALL,MET,Allstate Corporation (The),"MetLife, Inc.",-2.706766282323321,0.07287470751314601,0.05,0.0027406377062810508,False,1.6619883768907187,-1.932599166796753,,,,,,,,,,,,,,
US_INSURANCE,LNC,PGR,Lincoln National Corporation,Progressive Corporation (The),-2.7066210928709045,0.07289952203956311,0.05,0.0027406377062810508,False,-3.9689182201437756,24.97850199261699,,,,,,,,,,,,,,
US_INSURANCE,MET,TRV,"MetLife, Inc.","The Travelers Companies, Inc.",-2.6944142847507564,0.0750098393269878,0.05,0.0027406377062810508,False,0.28222857945666696,2.761627364637482,,,,,,,,,,,,,,
US_INSURANCE,AFL,MET,AFLAC Incorporated,"MetLife, Inc.",-2.6741538202214996,0.07861856361890428,0.05,0.0027406377062810508,False,1.1614576795024685,-0.37964992833547573,,,,,,,,,,,,,,
US_INSURANCE,AFL,HIG,AFLAC Incorporated,"The Hartford Insurance Group, I",-2.6643756146748867,0.0804082986638463,0.05,0.0027406377062810508,False,0.6098989866078963,1.7244811668204583,,,,,,,,,,,,,,
US_INSURANCE,AFL,AIG,AFLAC Incorporated,"American International Group, I",-2.62302422212341,0.08833138215065262,0.05,0.0027406377062810508,False,2.0652782223812607,-4.277931042722285,,,,,,,,,,,,,,
US_INSURANCE,LNC,TRV,Lincoln National Corporation,"The Travelers Companies, Inc.",-2.612269932796421,0.09048774623528516,0.05,0.0027406377062810508,False,1.2270987008610568,-3.2945849263968587,,,,,,,,,,,,,,
US_INSURANCE,MET,PGR,"MetLife, Inc.",Progressive Corporation (The),-2.607874878964199,0.0913805884269005,0.05,0.0027406377062810508,False,0.2673900696990449,2.8813951469358585,,,,,,,,,,,,,,
US_INSURANCE,AIG,CB,"American International Group, I",Chubb Limited,-2.578499917384533,0.0975228121744573,0.05,0.0027406377062810508,False,0.4058682292232466,2.0250502050074117,,,,,,,,,,,,,,
US_INSURANCE,HIG,MET,"The Hartford Insurance Group, I","MetLife, Inc.",-2.5623528339994794,0.10103044663755284,0.05,0.0027406377062810508,False,3.3581057785362427,-9.741123342080726,,,,,,,,,,,,,,
US_INSURANCE,GL,LNC,Globe Life Inc.,Lincoln National Corporation,-2.4942369220393683,0.11688284826284268,0.05,0.0027406377062810508,False,1.330690990488305,0.13138317561070867,,,,,,,,,,,,,,
US_INSURANCE,ALL,CB,Allstate Corporation (The),Chubb Limited,-2.387777344288548,0.14521592162264974,0.05,0.0027406377062810508,False,1.1063905164170433,-0.9996247670712917,,,,,,,,,,,,,,
US_INSURANCE,HIG,TRV,"The Hartford Insurance Group, I","The Travelers Companies, Inc.",-2.376335846077902,0.1485271253648089,0.05,0.0027406377062810508,False,0.8493813917139803,0.07850636549621548,,,,,,,,,,,,,,
US_INSURANCE,CB,GL,Chubb Limited,Globe Life Inc.,-2.35391237004106,0.15516885406071113,0.05,0.0027406377062810508,False,0.3502679142632941,3.9736575985966045,,,,,,,,,,,,,,
US_INSURANCE,GL,PGR,Globe Life Inc.,Progressive Corporation (The),-2.3397133521311,0.15947923598792174,0.05,0.0027406377062810508,False,-15.333970336699721,87.73666992320466,,,,,,,,,,,,,,
US_INSURANCE,ALL,HIG,Allstate Corporation (The),"The Hartford Insurance Group, I",-2.3056231693449067,0.1701608008930462,0.05,0.0027406377062810508,False,0.798063256684481,1.4360681851314774,,,,,,,,,,,,,,
US_INSURANCE,MET,PRU,"MetLife, Inc.","Prudential Financial, Inc.",-2.2111991369702886,0.202205954097945,0.05,0.0027406377062810508,False,0.9063056350142096,0.13108394458752493,,,,,,,,,,,,,,
US_INSURANCE,ALL,PGR,Allstate Corporation (The),Progressive Corporation (The),-2.2077646320304125,0.2034394230254139,0.05,0.0027406377062810508,False,0.20358888254129795,4.1586042371395475,,,,,,,,,,,,,,
US_INSURANCE,TRV,UNM,"The Travelers Companies, Inc.",Unum Group,-2.197694847226703,0.20708315792018378,0.05,0.0027406377062810508,False,0.7134408223246375,2.5179838884872834,,,,,,,,,,,,,,
US_INSURANCE,AIG,MET,"American International Group, I","MetLife, Inc.",-2.1613731097593614,0.22056216374591903,0.05,0.0027406377062810508,False,0.6071852537170768,1.693610028723171,,,,,,,,,,,,,,
US_INSURANCE,GL,UNM,Globe Life Inc.,Unum Group,-2.0875459537076146,0.24955183419001548,0.05,0.0027406377062810508,False,1.120943248135824,0.045895768046358754,,,,,,,,,,,,,,
US_INSURANCE,CB,TRV,Chubb Limited,"The Travelers Companies, Inc.",-1.9418817772733767,0.31262220211520386,0.05,0.0027406377062810508,False,0.5974332654516062,2.3426814159663376,,,,,,,,,,,,,,
US_INSURANCE,GL,HIG,Globe Life Inc.,"The Hartford Insurance Group, I",-1.9151798954272212,0.32495404994632526,0.05,0.0027406377062810508,False,1.7893937035835137,-3.7661538923374485,,,,,,,,,,,,,,
US_INSURANCE,CB,UNM,Chubb Limited,Unum Group,-1.8478415087510156,0.35698146431751554,0.05,0.0027406377062810508,False,0.3120627815297776,4.331936579057577,,,,,,,,,,,,,,
US_INSURANCE,LNC,UNM,Lincoln National Corporation,Unum Group,-1.8478103267633323,0.3569965828644397,0.05,0.0027406377062810508,False,0.8128310391989754,0.06124990304125344,,,,,,,,,,,,,,
US_INSURANCE,HIG,UNM,"The Hartford Insurance Group, I",Unum Group,-1.6226216874997348,0.4713551167380112,0.05,0.0027406377062810508,False,0.5494482511717574,2.457362265059874,,,,,,,,,,,,,,
US_INSURANCE,CB,LNC,Chubb Limited,Lincoln National Corporation,-1.5714799363717118,0.4979023101687325,0.05,0.0027406377062810508,False,0.3170432451981837,4.543407210475474,,,,,,,,,,,,,,
US_INSURANCE,CB,HIG,Chubb Limited,"The Hartford Insurance Group, I",-1.4763082739810758,0.5451970552750002,0.05,0.0027406377062810508,False,0.7067168900155797,2.271448650515183,,,,,,,,,,,,,,
US_INSURANCE,PGR,UNM,Progressive Corporation (The),Unum Group,-1.2291106673826928,0.6609493807769342,0.05,0.0027406377062810508,False,0.22749383806605147,4.441975240403364,,,,,,,,,,,,,,
US_MEDIA_TELECOM,CMCSA,VZ,Comcast Corporation,Verizon Communications Inc.,-2.7567397702243834,0.06472381287930633,0.05,,False,-1.7162344266161937,9.733926820460324,,,,,,,,,,,,,,
US_MEDIA_TELECOM,CHTR,VZ,"Charter Communications, Inc.",Verizon Communications Inc.,-2.626940835013962,0.0875559919521901,0.05,,False,-5.157477073815677,24.64884367384332,,,,,,,,,,,,,,
US_MEDIA_TELECOM,CHTR,TMUS,"Charter Communications, Inc.","T-Mobile US, Inc.",-2.514970996629017,0.11187408218301181,0.05,,False,4.810740384927037,-20.132247139419547,,,,,,,,,,,,,,
US_MEDIA_TELECOM,CHTR,T,"Charter Communications, Inc.",AT&T Inc.,-2.200633472982459,0.2060156230452126,0.05,,False,-6.463693829491054,26.031349302133524,,,,,,,,,,,,,,
US_MEDIA_TELECOM,CMCSA,TMUS,Comcast Corporation,"T-Mobile US, Inc.",-2.053481657841468,0.2636262866833875,0.05,,False,1.357077603335239,-3.861234136129631,,,,,,,,,,,,,,
US_MEDIA_TELECOM,CHTR,CMCSA,"Charter Communications, Inc.",Comcast Corporation,-1.9972582039524556,0.2877765737052096,0.05,,False,2.91507326949659,-4.295500870418979,,,,,,,,,,,,,,
US_MEDIA_TELECOM,CMCSA,T,Comcast Corporation,AT&T Inc.,-1.6894091245756804,0.4365773095855507,0.05,,False,-0.6666263853348546,5.513818389893787,,,,,,,,,,,,,,
US_MEDIA_TELECOM,TMUS,VZ,"T-Mobile US, Inc.",Verizon Communications Inc.,-1.5103768372325088,0.5283719630536905,0.05,,False,9.051352074370211,-27.983103065623354,,,,,,,,,,,,,,
US_MEDIA_TELECOM,T,TMUS,AT&T Inc.,"T-Mobile US, Inc.",-1.0749820583039442,0.7249449731673476,0.05,,False,1.5245687013274196,-5.017547247826274,,,,,,,,,,,,,,
US_MEDIA_TELECOM,T,VZ,AT&T Inc.,Verizon Communications Inc.,-1.0040043607954567,0.7518010020717556,0.05,,False,1.9387055351749145,-3.9884426923759384,,,,,,,,,,,,,,
US_OIL_GAS,PSX,VLO,Phillips 66,Valero Energy Corporation,-3.7621490999292195,0.003319207679748473,0.05,,False,0.6220555400383041,1.7315709062851568,,,,,,,,,,,,,,
US_OIL_GAS,EOG,OXY,"EOG Resources, Inc.",Occidental Petroleum Corporatio,-3.4295715736144476,0.009991149964698026,0.05,,False,0.570597116310283,2.5600972408149794,,,,,,,,,,,,,,
US_OIL_GAS,PSX,XOM,Phillips 66,ExxonMobil Holdings Corporation,-3.2876059282277206,0.015441661930903027,0.05,,False,1.076991466037297,-0.25458732864799405,,,,,,,,,,,,,,
US_OIL_GAS,FANG,OXY,"Diamondback Energy, Inc.",Occidental Petroleum Corporatio,-3.125072867795107,0.024752472744886234,0.05,,False,1.0015860548080648,1.2007370654688705,,,,,,,,,,,,,,
US_OIL_GAS,APA,DVN,APA Corporation,Devon Energy Corporation,-3.109300047369071,0.025872555020574256,0.05,,False,1.7589583172338736,-3.1806836190297636,,,,,,,,,,,,,,
US_OIL_GAS,APA,PSX,APA Corporation,Phillips 66,-3.1048221657072674,0.02619837870589395,0.05,,False,1.7428901933559802,-5.310860148447654,,,,,,,,,,,,,,
US_OIL_GAS,COP,DVN,ConocoPhillips,Devon Energy Corporation,-2.9736824120267547,0.03742630079923045,0.05,,False,0.7409541385109355,1.9146441312929698,,,,,,,,,,,,,,
US_OIL_GAS,DVN,XOM,Devon Energy Corporation,ExxonMobil Holdings Corporation,-2.837196975409899,0.053153742608261494,0.05,,False,1.0819341900165507,-1.5334874035502972,,,,,,,,,,,,,,
US_OIL_GAS,VLO,XOM,Valero Energy Corporation,ExxonMobil Holdings Corporation,-2.7142715092390373,0.07160106587014994,0.05,,False,1.7603374537761143,-3.3305630471570673,,,,,,,,,,,,,,
US_OIL_GAS,COP,FANG,ConocoPhillips,"Diamondback Energy, Inc.",-2.704388164094931,0.07328199834818862,0.05,,False,0.8110880405825222,0.47442180011793056,,,,,,,,,,,,,,
US_OIL_GAS,MPC,VLO,Marathon Petroleum Corporation,Valero Energy Corporation,-2.6562578547907147,0.08191820499100366,0.05,,False,0.7542454749502941,1.3475462716365936,,,,,,,,,,,,,,
US_OIL_GAS,COP,OXY,ConocoPhillips,Occidental Petroleum Corporatio,-2.6217374282076245,0.0885872894802402,0.05,,False,0.8095252852261972,1.459325432608952,,,,,,,,,,,,,,
US_OIL_GAS,CVX,VLO,Chevron Corporation,Valero Energy Corporation,-2.581551746826166,0.09687040550518894,0.05,,False,0.46852637316415074,2.655601652755843,,,,,,,,,,,,,,
US_OIL_GAS,COP,EOG,ConocoPhillips,"EOG Resources, Inc.",-2.5468136601630644,0.10449542581742388,0.05,,False,1.3797224524807854,-1.9869580370500488,,,,,,,,,,,,,,
US_OIL_GAS,APA,XOM,APA Corporation,ExxonMobil Holdings Corporation,-2.5313793251592833,0.10802485471927048,0.05,,False,1.9606850274498862,-6.151549746879327,,,,,,,,,,,,,,
US_OIL_GAS,COP,XOM,ConocoPhillips,ExxonMobil Holdings Corporation,-2.5285216016849588,0.10868802297273622,0.05,,False,0.7605823398859735,0.9734566624437635,,,,,,,,,,,,,,
US_OIL_GAS,EOG,FANG,"EOG Resources, Inc.","Diamondback Energy, Inc.",-2.4874922659036485,0.11854732734712708,0.05,,False,0.5461317262438613,1.9954486032415804,,,,,,,,,,,,,,
US_OIL_GAS,APA,COP,APA Corporation,ConocoPhillips,-2.4608201257846227,0.12530049698096885,0.05,,False,2.452766367055719,-8.087413429044444,,,,,,,,,,,,,,
US_OIL_GAS,CVX,PSX,Chevron Corporation,Phillips 66,-2.458948783411878,0.12578461322389317,0.05,,False,0.7663551678159353,1.2874315924365805,,,,,,,,,,,,,,
US_OIL_GAS,EOG,VLO,"EOG Resources, Inc.",Valero Energy Corporation,-2.457312006844647,0.12620916119903675,0.05,,False,0.19071612004934724,3.804214172253094,,,,,,,,,,,,,,
US_OIL_GAS,MPC,PSX,Marathon Petroleum Corporation,Phillips 66,-2.3739594710061778,0.14922142977648872,0.05,,False,1.2181957815136821,-0.7796436924715184,,,,,,,,,,,,,,
US_OIL_GAS,APA,CVX,APA Corporation,Chevron Corporation,-2.369491415806989,0.15053299259646263,0.05,,False,2.4757150776514454,-9.248344746509932,,,,,,,,,,,,,,
US_OIL_GAS,CVX,XOM,Chevron Corporation,ExxonMobil Holdings Corporation,-2.3465167918229963,0.1574037707499431,0.05,,False,0.8329120146254572,1.0564602461193782,,,,,,,,,,,,,,
US_OIL_GAS,DVN,FANG,Devon Energy Corporation,"Diamondback Energy, Inc.",-2.315953170942494,0.16687436637152203,0.05,,False,1.1019170084849437,-1.9805492395612063,,,,,,,,,,,,,,
US_OIL_GAS,DVN,PSX,Devon Energy Corporation,Phillips 66,-2.3094067905678926,0.16895204086221438,0.05,,False,0.9904917562768204,-1.2092308545301655,,,,,,,,,,,,,,
US_OIL_GAS,DVN,VLO,Devon Energy Corporation,Valero Energy Corporation,-2.3002214597775645,0.17189655627825567,0.05,,False,0.5334059554621163,0.9218360581977669,,,,,,,,,,,,,,
US_OIL_GAS,APA,EOG,APA Corporation,"EOG Resources, Inc.",-2.2875918605480896,0.17600107748007993,0.05,,False,4.248362450142753,-17.07731864215333,,,,,,,,,,,,,,
US_OIL_GAS,OXY,XOM,Occidental Petroleum Corporatio,ExxonMobil Holdings Corporation,-2.228672925457515,0.1960038824899643,0.05,,False,0.9449224496548079,-0.6257403424807944,,,,,,,,,,,,,,
US_OIL_GAS,COP,VLO,ConocoPhillips,Valero Energy Corporation,-2.2259462025243795,0.19696359574445932,0.05,,False,0.36147433611424845,2.7673899295374538,,,,,,,,,,,,,,
US_OIL_GAS,DVN,EOG,Devon Energy Corporation,"EOG Resources, Inc.",-2.198356463504081,0.20684250650125102,0.05,,False,2.1653279649098023,-6.7099929872941875,,,,,,,,,,,,,,
US_OIL_GAS,EOG,PSX,"EOG Resources, Inc.",Phillips 66,-2.1886954421693585,0.21037391291968938,0.05,,False,0.4162310906479563,2.740582739289485,,,,,,,,,,,,,,
US_OIL_GAS,COP,PSX,ConocoPhillips,Phillips 66,-2.185460811493549,0.2115645976960216,0.05,,False,0.6949040676945636,1.2081856111353355,,,,,,,,,,,,,,
US_OIL_GAS,APA,VLO,APA Corporation,Valero Energy Corporation,-2.1450781259405005,0.22677881002573108,0.05,,False,1.065998140121271,-2.201538271449728,,,,,,,,,,,,,,
US_OIL_GAS,OXY,VLO,Occidental Petroleum Corporatio,Valero Energy Corporation,-2.0958221101910057,0.24619786725276793,0.05,,False,0.34937053681775504,2.104304221679238,,,,,,,,,,,,,,
US_OIL_GAS,MPC,XOM,Marathon Petroleum Corporation,ExxonMobil Holdings Corporation,-2.0836658560546093,0.2511331623439186,0.05,,False,1.3469987305767965,-1.256021266366723,,,,,,,,,,,,,,
US_OIL_GAS,DVN,OXY,Devon Energy Corporation,Occidental Petroleum Corporatio,-2.0807688133721687,0.2523175348238784,0.05,,False,1.1079327162953287,-0.6739146014096518,,,,,,,,,,,,,,
US_OIL_GAS,APA,FANG,APA Corporation,"Diamondback Energy, Inc.",-2.0773940010844925,0.25370119338294583,0.05,,False,2.0595573341345808,-7.279253754606852,,,,,,,,,,,,,,
US_OIL_GAS,EOG,XOM,"EOG Resources, Inc.",ExxonMobil Holdings Corporation,-2.0722040050822588,0.25583736701931803,0.05,,False,0.4571114212362337,2.592670793128623,,,,,,,,,,,,,,
US_OIL_GAS,CVX,DVN,Chevron Corporation,Devon Energy Corporation,-2.0378520498440054,0.2702267673315796,0.05,,False,0.7134982382753541,2.4400134780672786,,,,,,,,,,,,,,
US_OIL_GAS,COP,CVX,ConocoPhillips,Chevron Corporation,-2.011764590379907,0.2814386790156634,0.05,,False,0.938804166514369,-0.11976610204408189,,,,,,,,,,,,,,
US_OIL_GAS,CVX,MPC,Chevron Corporation,Marathon Petroleum Corporation,-1.9867473896543741,0.2924139669649829,0.05,,False,0.6012769544583947,1.920847706973487,,,,,,,,,,,,,,
US_OIL_GAS,FANG,XOM,"Diamondback Energy, Inc.",ExxonMobil Holdings Corporation,-1.985620340338372,0.2929134515264756,0.05,,False,0.9536887439134414,0.5394972839913557,,,,,,,,,,,,,,
US_OIL_GAS,APA,OXY,APA Corporation,Occidental Petroleum Corporatio,-1.9834572748718151,0.29387327805449337,0.05,,False,2.1401471529536855,-5.1047971627152275,,,,,,,,,,,,,,
US_OIL_GAS,COP,MPC,ConocoPhillips,Marathon Petroleum Corporation,-1.9680445420574124,0.30075777039582113,0.05,,False,0.48934592413283373,2.0697002905450526,,,,,,,,,,,,,,
US_OIL_GAS,DVN,MPC,Devon Energy Corporation,Marathon Petroleum Corporation,-1.9680111669064702,0.3007727638106505,0.05,,False,0.7559255391925992,-0.281561045228806,,,,,,,,,,,,,,
US_OIL_GAS,CVX,EOG,Chevron Corporation,"EOG Resources, Inc.",-1.9601204031315,0.3043278592049143,0.05,,False,1.6379817506739662,-2.790634197109636,,,,,,,,,,,,,,
US_OIL_GAS,MPC,OXY,Marathon Petroleum Corporation,Occidental Petroleum Corporatio,-1.8972936691333695,0.3333353233327808,0.05,,False,1.7920031307617283,-1.7789708117872944,,,,,,,,,,,,,,
US_OIL_GAS,FANG,VLO,"Diamondback Energy, Inc.",Valero Energy Corporation,-1.8965477218417406,0.33368691020201535,0.05,,False,0.3815608784396926,3.149323771393786,,,,,,,,,,,,,,
US_OIL_GAS,APA,MPC,APA Corporation,Marathon Petroleum Corporation,-1.8382815482277386,0.36162832248422416,0.05,,False,1.4739524092315794,-4.417639443375857,,,,,,,,,,,,,,
US_OIL_GAS,CVX,OXY,Chevron Corporation,Occidental Petroleum Corporatio,-1.8353728053481089,0.3630468065562126,0.05,,False,0.7522305297061441,2.1069587312963556,,,,,,,,,,,,,,
US_OIL_GAS,OXY,PSX,Occidental Petroleum Corporatio,Phillips 66,-1.8225378500111993,0.3693310690236312,0.05,,False,0.851820147878751,-0.2782138656734334,,,,,,,,,,,,,,
US_OIL_GAS,FANG,PSX,"Diamondback Energy, Inc.",Phillips 66,-1.7524526316625384,0.4043098155728142,0.05,,False,0.8628119951631313,0.8752369052346811,,,,,,,,,,,,,,
US_OIL_GAS,EOG,MPC,"EOG Resources, Inc.",Marathon Petroleum Corporation,-1.7009653416042863,0.43061517259118964,0.05,,False,0.27014059582598865,3.3746460834625935,,,,,,,,,,,,,,
US_OIL_GAS,CVX,FANG,Chevron Corporation,"Diamondback Energy, Inc.",-1.6356604109994832,0.4645292421235235,0.05,,False,0.7521747559774833,1.1994040465664293,,,,,,,,,,,,,,
US_OIL_GAS,FANG,MPC,"Diamondback Energy, Inc.",Marathon Petroleum Corporation,-1.6199252545499359,0.47276848433055507,0.05,,False,0.5795813828232106,2.088846693502874,,,,,,,,,,,,,,
US_PAYMENTS,AXP,SYF,American Express Company,Synchrony Financial,-3.01815919369615,0.03323300941441874,0.05,,False,0.7020208056966802,2.793146556343264,,,,,,,,,,,,,,
US_PAYMENTS,MA,SYF,Mastercard Incorporated,Synchrony Financial,-1.729541657260598,0.41595957811675216,0.05,,False,0.29155952213655645,5.055166734138935,,,,,,,,,,,,,,
US_PAYMENTS,SYF,V,Synchrony Financial,Visa Inc.,-1.7278496549214708,0.4168236182959661,0.05,,False,2.637068523024715,-11.058434825120127,,,,,,,,,,,,,,
US_PAYMENTS,AXP,V,American Express Company,Visa Inc.,-1.642066110179435,0.4611813951742211,0.05,,False,1.622024222145742,-3.6495233127667364,,,,,,,,,,,,,,
US_PAYMENTS,MA,V,Mastercard Incorporated,Visa Inc.,-1.6399982142727358,0.4622617259179563,0.05,,False,0.8072015434413174,1.6101271950726188,,,,,,,,,,,,,,
US_PAYMENTS,AXP,MA,American Express Company,Mastercard Incorporated,-1.4625108336259187,0.5519685254354333,0.05,,False,2.1066664525585006,-7.493599467602761,,,,,,,,,,,,,,
US_PHARMA,MRK,PFE,"Merck & Company, Inc.","Pfizer, Inc.",-4.522387791650181,0.00017911302656728971,0.05,0.00017911302656728971,True,2.618550341930889,-3.7576948012848153,9.72632139931038,-0.00043865795141500186,-0.07126509109693734,29.0,0.7649522212154162,3.8107946623339792,False,,0.4,-0.006896475575485417,-0.391121329678383,-1.0433610034206628,False,mixed signal
US_PHARMA,AMGN,LLY,Amgen Inc.,Eli Lilly and Company,-3.567977382034555,0.006403582335988674,0.05,0.00017911302656728971,False,0.7244667286206441,0.80444214847238,,,,,,,,,,,,,,
US_PHARMA,AMGN,PFE,Amgen Inc.,"Pfizer, Inc.",-3.3647705697466197,0.012220095311959188,0.05,0.00017911302656728971,False,1.6561396662641152,0.44482885164529673,,,,,,,,,,,,,,
US_PHARMA,BMY,MRK,Bristol-Myers Squibb Company,"Merck & Company, Inc.",-3.245728739198541,0.017485686463085275,0.05,0.00017911302656728971,False,0.49114657463757005,1.6560261012584023,,,,,,,,,,,,,,
US_PHARMA,AMGN,MRK,Amgen Inc.,"Merck & Company, Inc.",-3.150072704764744,0.02306274702524418,0.05,0.00017911302656728971,False,0.5346735647328028,3.267059016603001,,,,,,,,,,,,,,
US_PHARMA,LLY,PFE,Eli Lilly and Company,"Pfizer, Inc.",-3.0737511142820124,0.02855769895947396,0.05,0.00017911302656728971,False,2.631395079760026,-1.5930660100436578,,,,,,,,,,,,,,
US_PHARMA,BMY,LLY,Bristol-Myers Squibb Company,Eli Lilly and Company,-3.0286989407587805,0.032299817722782335,0.05,0.00017911302656728971,False,0.9016358158792868,-2.20301097711723,,,,,,,,,,,,,,
US_PHARMA,AMGN,JNJ,Amgen Inc.,Johnson & Johnson,-3.025467744887687,0.032583515968219505,0.05,0.00017911302656728971,False,0.48401105390988786,3.2119794505464,,,,,,,,,,,,,,
US_PHARMA,ABBV,JNJ,AbbVie Inc.,Johnson & Johnson,-2.938737279781448,0.04102526954053714,0.05,0.00017911302656728971,False,0.5555046459731955,2.4007991975457355,,,,,,,,,,,,,,
US_PHARMA,LLY,MRK,Eli Lilly and Company,"Merck & Company, Inc.",-2.8999083712774025,0.045358653683422866,0.05,0.00017911302656728971,False,0.7581763786446689,3.3073792292535824,,,,,,,,,,,,,,
US_PHARMA,JNJ,PFE,Johnson & Johnson,"Pfizer, Inc.",-2.851855708260044,0.051239801641608275,0.05,0.00017911302656728971,False,4.5066625313816555,-9.16217220892597,,,,,,,,,,,,,,
US_PHARMA,JNJ,LLY,Johnson & Johnson,Eli Lilly and Company,-2.8337698091943917,0.053609549986686364,0.05,0.00017911302656728971,False,1.6606669525832756,-6.082270333199105,,,,,,,,,,,,,,
US_PHARMA,ABBV,LLY,AbbVie Inc.,Eli Lilly and Company,-2.8294758984679778,0.05418513615070821,0.05,0.00017911302656728971,False,0.7553614617926742,0.15236785175062195,,,,,,,,,,,,,,
US_PHARMA,ABBV,GILD,AbbVie Inc.,"Gilead Sciences, Inc.",-2.623560722235514,0.08822485614807968,0.05,0.00017911302656728971,False,0.4427839376469361,3.2079290216818728,,,,,,,,,,,,,,
US_PHARMA,JNJ,MRK,Johnson & Johnson,"Merck & Company, Inc.",-2.6101498966361083,0.09091758319393317,0.05,0.00017911302656728971,False,1.3717622945445491,-1.1033034342706713,,,,,,,,,,,,,,
US_PHARMA,GILD,PFE,"Gilead Sciences, Inc.","Pfizer, Inc.",-2.39929316884371,0.14193600594986794,0.05,0.00017911302656728971,False,24.076514002154184,-71.81402544118177,,,,,,,,,,,,,,
US_PHARMA,ABBV,PFE,AbbVie Inc.,"Pfizer, Inc.",-2.3748398015606305,0.1489639599973347,0.05,0.00017911302656728971,False,3.43966319020798,-5.661484929245905,,,,,,,,,,,,,,
US_PHARMA,BMY,PFE,Bristol-Myers Squibb Company,"Pfizer, Inc.",-2.3553037282569953,0.1547508549174212,0.05,0.00017911302656728971,False,4.007371607731277,-8.830335739008468,,,,,,,,,,,,,,
US_PHARMA,ABBV,MRK,AbbVie Inc.,"Merck & Company, Inc.",-2.3233168620528226,0.16455805037573362,0.05,0.00017911302656728971,False,0.18175907117728188,4.432098980035613,,,,,,,,,,,,,,
US_PHARMA,ABBV,AMGN,AbbVie Inc.,Amgen Inc.,-2.155123893035874,0.2229339452474297,0.05,0.00017911302656728971,False,1.1905187918212468,-1.5297804932605334,,,,,,,,,,,,,,
US_PHARMA,GILD,LLY,"Gilead Sciences, Inc.",Eli Lilly and Company,-2.069650520188812,0.2568920464731361,0.05,0.00017911302656728971,False,3.499353461193845,-19.028433356338162,,,,,,,,,,,,,,
US_PHARMA,BMY,JNJ,Bristol-Myers Squibb Company,Johnson & Johnson,-2.027486487749895,0.2746527670059181,0.05,0.00017911302656728971,False,0.508707992195362,1.2754667953823593,,,,,,,,,,,,,,
US_PHARMA,AMGN,GILD,Amgen Inc.,"Gilead Sciences, Inc.",-1.9828623454147423,0.29413754520790547,0.05,0.00017911302656728971,False,0.26687477227789125,4.466471613531988,,,,,,,,,,,,,,
US_PHARMA,BMY,GILD,Bristol-Myers Squibb Company,"Gilead Sciences, Inc.",-1.870916869939277,0.3458639489606732,0.05,0.00017911302656728971,False,0.41195658471621693,1.9845960760186783,,,,,,,,,,,,,,
US_PHARMA,AMGN,BMY,Amgen Inc.,Bristol-Myers Squibb Company,-1.834525763526619,0.36346027703139916,0.05,0.00017911302656728971,False,0.6164063844096834,3.3031441811916853,,,,,,,,,,,,,,
US_PHARMA,ABBV,BMY,AbbVie Inc.,Bristol-Myers Squibb Company,-1.5925772680452819,0.4873211248302264,0.05,0.00017911302656728971,False,0.7465001049365624,2.3533878129614396,,,,,,,,,,,,,,
US_PHARMA,GILD,JNJ,"Gilead Sciences, Inc.",Johnson & Johnson,-1.4844822320146733,0.5411733151368375,0.05,0.00017911302656728971,False,1.2425707337917404,-1.7610702587269795,,,,,,,,,,,,,,
US_PHARMA,GILD,MRK,"Gilead Sciences, Inc.","Merck & Company, Inc.",-1.3083470824186865,0.6253449136122978,0.05,0.00017911302656728971,False,-32.55306711306837,152.9762071993558,,,,,,,,,,,,,,
US_RAILROADS,CNI,CP,Canadian National Railway Compa,Canadian Pacific Kansas City Li,-4.02732259390612,0.0012740093589768465,0.05,0.0012740093589768465,True,1.233752158003042,-0.7438860947670252,16.098666136680023,-0.0003657620062366937,-0.04305618705767451,48.0,0.013643993125427021,2.739044279691469,False,,0.6,-0.006893240973441809,-0.3483416390215,-0.3369156953278985,True,reversion signs agree
US_RAILROADS,CSX,UNP,CSX Corporation,Union Pacific Corporation,-3.1198030616460617,0.025121962763300497,0.05,0.0012740093589768465,False,2.2522597072240886,-8.708392286428104,,,,,,,,,,,,,,
US_RAILROADS,CP,UNP,Canadian Pacific Kansas City Li,Union Pacific Corporation,-3.0676439700076332,0.02904220145857461,0.05,0.0012740093589768465,False,0.9443520325493229,-0.7851418042999709,,,,,,,,,,,,,,
US_RAILROADS,CNI,UNP,Canadian National Railway Compa,Union Pacific Corporation,-2.8934215251956736,0.046118350007596426,0.05,0.0012740093589768465,False,1.2472927421303592,-2.15950452204752,,,,,,,,,,,,,,
US_RAILROADS,CP,CSX,Canadian Pacific Kansas City Li,CSX Corporation,-2.669287497226478,0.07950531571685332,0.05,0.0012740093589768465,False,0.3393211375085163,3.149173995447957,,,,,,,,,,,,,,
US_RAILROADS,CNI,CSX,Canadian National Railway Compa,CSX Corporation,-2.649125811254908,0.08326295164134928,0.05,0.0012740093589768465,False,0.3269122668926422,3.4659782262617567,,,,,,,,,,,,,,
US_RAILROADS,CP,NSC,Canadian Pacific Kansas City Li,Norfolk Southern Corporation,-2.202934924769194,0.20518197348959077,0.05,0.0012740093589768465,False,0.19488579657680688,3.2670638399704846,,,,,,,,,,,,,,
US_RAILROADS,NSC,UNP,Norfolk Southern Corporation,Union Pacific Corporation,-2.015663799746884,0.2797475810799424,0.05,0.0012740093589768465,False,2.5865546387250724,-8.508642968490332,,,,,,,,,,,,,,
US_RAILROADS,CNI,NSC,Canadian National Railway Compa,Norfolk Southern Corporation,-1.982509730666572,0.29429423259795706,0.05,0.0012740093589768465,False,-0.03584737018042259,4.821893382815432,,,,,,,,,,,,,,
US_RAILROADS,CSX,NSC,CSX Corporation,Norfolk Southern Corporation,-1.6002652144296137,0.483460241819222,0.05,0.0012740093589768465,False,1.0583479095058226,-2.341674940755021,,,,,,,,,,,,,,
US_REIT,AMT,SPG,American Tower Corporation (REI,"Simon Property Group, Inc.",-3.5946165275079816,0.005864786181385097,0.05,,False,-0.5725564179614714,8.169902545362827,,,,,,,,,,,,,,
US_REIT,AMT,PLD,American Tower Corporation (REI,"Prologis, Inc.",-3.1741646674590456,0.02152968521143581,0.05,,False,-0.5006943962733499,7.623280976051051,,,,,,,,,,,,,,
US_REIT,AMT,DLR,American Tower Corporation (REI,"Digital Realty Trust, Inc.",-3.1724819787021543,0.021633814709524843,0.05,,False,-0.6742612115866802,8.67695122743595,,,,,,,,,,,,,,
US_REIT,AMT,WELL,American Tower Corporation (REI,Welltower Inc.,-3.045618146017357,0.0308483170411728,0.05,,False,-0.1933408165902255,6.221894070795816,,,,,,,,,,,,,,
US_REIT,AMT,O,American Tower Corporation (REI,Realty Income Corporation,-3.0093579695681267,0.03402967728424329,0.05,,False,-1.3389657215950221,10.608331548295679,,,,,,,,,,,,,,
US_REIT,AMT,EQIX,American Tower Corporation (REI,"Equinix, Inc.",-2.7367886852318493,0.06788568233598583,0.05,,False,-0.3434965951841594,7.561814874889934,,,,,,,,,,,,,,
US_REIT,EQIX,PSA,"Equinix, Inc.",Public Storage,-2.735744099026949,0.0680545692836542,0.05,,False,2.692606763113772,-8.476607433647533,,,,,,,,,,,,,,
US_REIT,PSA,WELL,Public Storage,Welltower Inc.,-2.7241195317918265,0.06995672178159346,0.05,,False,-0.04801300678834521,5.890901738541449,,,,,,,,,,,,,,
US_REIT,DLR,SPG,"Digital Realty Trust, Inc.","Simon Property Group, Inc.",-2.562770232876418,0.10093858774882519,0.05,,False,0.7647295454713388,1.1828001404443662,,,,,,,,,,,,,,
US_REIT,O,PLD,Realty Income Corporation,"Prologis, Inc.",-2.517184971953719,0.11134882802810114,0.05,,False,0.6275266244042377,1.0266502810831422,,,,,,,,,,,,,,
US_REIT,PSA,SPG,Public Storage,"Simon Property Group, Inc.",-2.502184686855529,0.11494367136649508,0.05,,False,0.08960917708486582,5.191978419940267,,,,,,,,,,,,,,
US_REIT,PLD,PSA,"Prologis, Inc.",Public Storage,-2.4268686939388715,0.13429606313213427,0.05,,False,5.15430014807114,-24.374760421855697,,,,,,,,,,,,,,
US_REIT,DLR,PSA,"Digital Realty Trust, Inc.",Public Storage,-2.4249346344540847,0.1348221013053596,0.05,,False,3.396795917866822,-14.104478400533456,,,,,,,,,,,,,,
US_REIT,DLR,WELL,"Digital Realty Trust, Inc.",Welltower Inc.,-2.3112234179132987,0.16837374243604802,0.05,,False,0.28865326830618876,3.6314985089167044,,,,,,,,,,,,,,
US_REIT,O,SPG,Realty Income Corporation,"Simon Property Group, Inc.",-2.29294433467381,0.17425366285088395,0.05,,False,0.6107692713617078,0.8866033346630307,,,,,,,,,,,,,,
US_REIT,DLR,O,"Digital Realty Trust, Inc.",Realty Income Corporation,-2.2769694125067543,0.17950340173835366,0.05,,False,1.4244706510423752,-0.6173767337483698,,,,,,,,,,,,,,
US_REIT,O,WELL,Realty Income Corporation,Welltower Inc.,-2.219038471225798,0.19940829204114735,0.05,,False,0.28919244032154645,2.5470385411952203,,,,,,,,,,,,,,
US_REIT,SPG,WELL,"Simon Property Group, Inc.",Welltower Inc.,-2.160893349901627,0.22074370290679457,0.05,,False,0.47809730276158946,2.695396164587458,,,,,,,,,,,,,,
US_REIT,PLD,SPG,"Prologis, Inc.","Simon Property Group, Inc.",-2.12486448099466,0.23463470647278378,0.05,,False,0.9924825059982995,-0.32106692989018626,,,,,,,,,,,,,,
US_REIT,DLR,PLD,"Digital Realty Trust, Inc.","Prologis, Inc.",-2.122291073575287,0.2356462228180442,0.05,,False,0.654055929092308,1.98257113823581,,,,,,,,,,,,,,
US_REIT,AMT,PSA,American Tower Corporation (REI,Public Storage,-2.0253195873130427,0.27558285872096,0.05,,False,1.6662220989739724,-4.16424683463304,,,,,,,,,,,,,,
US_REIT,EQIX,O,"Equinix, Inc.",Realty Income Corporation,-2.022391690746321,0.2768422366200607,0.05,,False,2.0942758558247525,-1.6487810290625458,,,,,,,,,,,,,,
US_REIT,DLR,EQIX,"Digital Realty Trust, Inc.","Equinix, Inc.",-2.0065539304047277,0.2837068435431659,0.05,,False,0.7848452239784516,-0.20082607320341062,,,,,,,,,,,,,,
US_REIT,EQIX,SPG,"Equinix, Inc.","Simon Property Group, Inc.",-1.9832144572372135,0.2939811230474558,0.05,,False,0.9807647976745612,1.7303000707382923,,,,,,,,,,,,,,
US_REIT,O,PSA,Realty Income Corporation,Public Storage,-1.8186667742055411,0.37123432756401686,0.05,,False,1.7797972713576018,-6.051491828935396,,,,,,,,,,,,,,
US_REIT,EQIX,PLD,"Equinix, Inc.","Prologis, Inc.",-1.7730708660494063,0.3939108196195742,0.05,,False,0.9886205059734539,2.0455512803668467,,,,,,,,,,,,,,
US_REIT,PLD,WELL,"Prologis, Inc.",Welltower Inc.,-1.6754558997003954,0.4438006264165314,0.05,,False,0.39292099397993485,2.7647761352813998,,,,,,,,,,,,,,
US_REIT,EQIX,WELL,"Equinix, Inc.",Welltower Inc.,-1.0835598988416777,0.7215833028500579,0.05,,False,0.2613137271107927,5.418906830905923,,,,,,,,,,,,,,
US_RETAIL,BBY,COST,"Best Buy Co., Inc.",Costco Wholesale Corporation,-3.4932738801739185,0.008161524706805751,0.05,,False,-3.2900554457988527,26.790258602918403,,,,,,,,,,,,,,
US_RETAIL,BBY,KR,"Best Buy Co., Inc.",Kroger Company (The),-3.423437742629038,0.010185361790584825,0.05,,False,-1.173385688195131,9.109268649382795,,,,,,,,,,,,,,
US_RETAIL,BBY,DLTR,"Best Buy Co., Inc.","Dollar Tree, Inc.",-3.279931267336993,0.01579972964220694,0.05,,False,-0.3548970458572241,5.877784739397355,,,,,,,,,,,,,,
US_RETAIL,COST,KR,Costco Wholesale Corporation,Kroger Company (The),-3.2634682656378313,0.016592536444600264,0.05,,False,0.4726959326217569,4.895547572693559,,,,,,,,,,,,,,
US_RETAIL,BBY,WMT,"Best Buy Co., Inc.",Walmart Inc.,-3.2216669048425177,0.018764274183424273,0.05,,False,-0.5290041425982509,6.6885835967141025,,,,,,,,,,,,,,
US_RETAIL,BBY,DG,"Best Buy Co., Inc.",Dollar General Corporation,-3.1024566914533325,0.02637191570544791,0.05,,False,-0.36783974258821617,5.966575037340291,,,,,,,,,,,,,,
US_RETAIL,DG,WMT,Dollar General Corporation,Walmart Inc.,-3.085168618619686,0.027670425159652755,0.05,,False,1.544367867940423,-2.448334989570138,,,,,,,,,,,,,,
US_RETAIL,KR,TGT,Kroger Company (The),Target Corporation,-3.0610174997027415,0.029575827567953353,0.05,,False,-0.5092033557676539,6.519699088644154,,,,,,,,,,,,,,
US_RETAIL,DG,DLTR,Dollar General Corporation,"Dollar Tree, Inc.",-3.0530072735951426,0.030232033097019537,0.05,,False,1.0413784345560073,-0.10528090312163663,,,,,,,,,,,,,,
US_RETAIL,DLTR,KR,"Dollar Tree, Inc.",Kroger Company (The),-2.80987611009712,0.05687682554287654,0.05,,False,4.718596762228216,-14.929038688060402,,,,,,,,,,,,,,
US_RETAIL,COST,ROST,Costco Wholesale Corporation,"Ross Stores, Inc.",-2.7906937432591508,0.05961544605871827,0.05,,False,0.12223520128983381,6.226254527188573,,,,,,,,,,,,,,
US_RETAIL,COST,TGT,Costco Wholesale Corporation,Target Corporation,-2.7745843168266866,0.061996929720001905,0.05,,False,-0.09940938613971635,7.312488276387153,,,,,,,,,,,,,,
US_RETAIL,DLTR,WMT,"Dollar Tree, Inc.",Walmart Inc.,-2.7731139663390016,0.06221806088436303,0.05,,False,1.3622702441401957,-1.6981718606795253,,,,,,,,,,,,,,
US_RETAIL,BBY,TJX,"Best Buy Co., Inc.","TJX Companies, Inc. (The)",-2.743598342776409,0.06679289485125783,0.05,,False,-0.9020486131799901,8.665098004515803,,,,,,,,,,,,,,
US_RETAIL,COST,WMT,Costco Wholesale Corporation,Walmart Inc.,-2.7315520284207535,0.06873571201837267,0.05,,False,0.24423057858769678,5.728477960538789,,,,,,,,,,,,,,
US_RETAIL,COST,DLTR,Costco Wholesale Corporation,"Dollar Tree, Inc.",-2.7158240997307384,0.07133980837759732,0.05,,False,0.0056574331907358775,6.819060191416897,,,,,,,,,,,,,,
US_RETAIL,COST,DG,Costco Wholesale Corporation,Dollar General Corporation,-2.704650563534915,0.07323697000090092,0.05,,False,-0.007578135516202237,6.879609613829255,,,,,,,,,,,,,,
US_RETAIL,DG,KR,Dollar General Corporation,Kroger Company (The),-2.6848751340992068,0.07669229911350353,0.05,,False,6.43533516777675,-21.925816901997862,,,,,,,,,,,,,,
US_RETAIL,TJX,WMT,"TJX Companies, Inc. (The)",Walmart Inc.,-2.627836511642836,0.08737941260156523,0.05,,False,0.6885214482456695,1.7246348227799873,,,,,,,,,,,,,,
US_RETAIL,COST,TJX,Costco Wholesale Corporation,"TJX Companies, Inc. (The)",-2.5327867995421025,0.10769934926529151,0.05,,False,0.2675227651563295,5.5414764678998,,,,,,,,,,,,,,
US_RETAIL,DLTR,TJX,"Dollar Tree, Inc.","TJX Companies, Inc. (The)",-2.4421897166779356,0.1301809045552783,0.05,,False,2.126286640870572,-5.830143865073612,,,,,,,,,,,,,,
US_RETAIL,BBY,ROST,"Best Buy Co., Inc.","Ross Stores, Inc.",-2.371830768146254,0.14984529481766,0.05,,False,-0.4175624551092564,6.383458219521669,,,,,,,,,,,,,,
US_RETAIL,KR,WMT,Kroger Company (The),Walmart Inc.,-2.3034621995383957,0.17085377460051754,0.05,,False,0.5174253718666626,1.7586594928443557,,,,,,,,,,,,,,
US_RETAIL,KR,ROST,Kroger Company (The),"Ross Stores, Inc.",-2.2485454336089337,0.18910011489404727,0.05,,False,0.26760707456208194,2.769531952738297,,,,,,,,,,,,,,
US_RETAIL,BBY,TGT,"Best Buy Co., Inc.",Target Corporation,-2.2439245640152112,0.19069117419282983,0.05,,False,0.5210536890191632,1.8188592688488496,,,,,,,,,,,,,,
US_RETAIL,DG,TJX,Dollar General Corporation,"TJX Companies, Inc. (The)",-2.1555950117193183,0.22275460447171141,0.05,,False,2.3693044236248357,-6.931899820718235,,,,,,,,,,,,,,
US_RETAIL,ROST,WMT,"Ross Stores, Inc.",Walmart Inc.,-1.9669862241273444,0.30123338649921316,0.05,,False,0.9429672110274422,0.7496650642681271,,,,,,,,,,,,,,
US_RETAIL,ROST,TJX,"Ross Stores, Inc.","TJX Companies, Inc. (The)",-1.9600348337450413,0.30436652305205597,0.05,,False,1.4287584087149228,-1.9007217621765742,,,,,,,,,,,,,,
US_RETAIL,DG,TGT,Dollar General Corporation,Target Corporation,-1.903938458886438,0.33021060977236444,0.05,,False,-2.615099853569724,16.916280602635343,,,,,,,,,,,,,,
US_RETAIL,DLTR,TGT,"Dollar Tree, Inc.",Target Corporation,-1.876313143149634,0.34328487200289054,0.05,,False,-1.8385770157019952,13.179955790897994,,,,,,,,,,,,,,
US_RETAIL,KR,TJX,Kroger Company (The),"TJX Companies, Inc. (The)",-1.8323790660184864,0.36450895854496856,0.05,,False,0.7664725990061999,0.3896664015774127,,,,,,,,,,,,,,
US_RETAIL,TGT,WMT,Target Corporation,Walmart Inc.,-1.450134082936273,0.5580194754649508,0.05,,False,-0.8590736043421338,8.632111106400448,,,,,,,,,,,,,,
US_RETAIL,DLTR,ROST,"Dollar Tree, Inc.","Ross Stores, Inc.",-1.2046157005707978,0.6716070089563652,0.05,,False,1.440121506734104,-2.7582067433795636,,,,,,,,,,,,,,
US_RETAIL,DG,ROST,Dollar General Corporation,"Ross Stores, Inc.",-1.1725805521001356,0.6852782782004776,0.05,,False,1.5183023130203135,-3.071674008414697,,,,,,,,,,,,,,
US_RETAIL,ROST,TGT,"Ross Stores, Inc.",Target Corporation,-1.0451711925801612,0.7364348748832428,0.05,,False,1.0813679436064298,-0.029558398997188817,,,,,,,,,,,,,,
US_RETAIL,TGT,TJX,Target Corporation,"TJX Companies, Inc. (The)",-0.9599368732282302,0.767594632517743,0.05,,False,-2.1453847437679414,15.156857289541762,,,,,,,,,,,,,,
US_SEMICONDUCTORS,MPWR,QCOM,"Monolithic Power Systems, Inc.",QUALCOMM Incorporated,-3.9413043776417624,0.0017510455387470846,0.05,,False,5.347496132145566,-20.355223253222444,,,,,,,,,,,,,,
US_SEMICONDUCTORS,NVDA,QCOM,NVIDIA Corporation,QUALCOMM Incorporated,-3.750075136651511,0.003461466013937688,0.05,,False,5.339100282084239,-22.031241684003067,,,,,,,,,,,,,,
US_SEMICONDUCTORS,ON,QCOM,ON Semiconductor Corporation,QUALCOMM Incorporated,-3.6261998586618978,0.005279451039583125,0.05,,False,3.258374697544088,-12.412990087736599,,,,,,,,,,,,,,
US_SEMICONDUCTORS,ADI,MU,"Analog Devices, Inc.","Micron Technology, Inc.",-3.5806629292832217,0.006141655725512805,0.05,,False,0.2999283297267979,3.9740907694266614,,,,,,,,,,,,,,
US_SEMICONDUCTORS,AVGO,NVDA,Broadcom Inc.,NVIDIA Corporation,-3.5550100931545976,0.006681733649548569,0.05,,False,1.6241833743003964,-2.637625748175963,,,,,,,,,,,,,,
US_SEMICONDUCTORS,MRVL,QCOM,"Marvell Technology, Inc.",QUALCOMM Incorporated,-3.3618937928033783,0.01232856483446937,0.05,,False,4.9676981695645415,-20.717614211261406,,,,,,,,,,,,,,
US_SEMICONDUCTORS,QCOM,TXN,QUALCOMM Incorporated,Texas Instruments Incorporated,-3.3043094271260656,0.014686938496632933,0.05,,False,0.6486502618212029,1.6605882673173804,,,,,,,,,,,,,,
US_SEMICONDUCTORS,ADI,INTC,"Analog Devices, Inc.",Intel Corporation,-3.1226952304376683,0.024918596083832595,0.05,,False,0.4201020786405966,4.0644444644602045,,,,,,,,,,,,,,
US_SEMICONDUCTORS,INTC,MU,Intel Corporation,"Micron Technology, Inc.",-3.1211501110125552,0.02502706612521752,0.05,,False,0.6915031312875211,-0.10062643665867776,,,,,,,,,,,,,,
US_SEMICONDUCTORS,AMD,QCOM,"Advanced Micro Devices, Inc.",QUALCOMM Incorporated,-3.0203429603718663,0.03303780402922356,0.05,,False,5.721818027215601,-23.864144854280987,,,,,,,,,,,,,,
US_SEMICONDUCTORS,INTC,QCOM,Intel Corporation,QUALCOMM Incorporated,-2.856548774635542,0.0506391278156658,0.05,,False,8.776531184466796,-41.047821338933346,,,,,,,,,,,,,,
US_SEMICONDUCTORS,ADI,QCOM,"Analog Devices, Inc.",QUALCOMM Incorporated,-2.8012551582765273,0.058094701200094176,0.05,,False,4.425397962852042,-16.921397013994188,,,,,,,,,,,,,,
US_SEMICONDUCTORS,MU,QCOM,"Micron Technology, Inc.",QUALCOMM Incorporated,-2.6883352458056047,0.07607862331357337,0.05,,False,17.70588952347641,-84.62238455020356,,,,,,,,,,,,,,
US_SEMICONDUCTORS,AMD,INTC,"Advanced Micro Devices, Inc.",Intel Corporation,-2.672354575524265,0.07894551740582201,0.05,,False,0.7912852605090512,2.4193473144023074,,,,,,,,,,,,,,
US_SEMICONDUCTORS,ON,TXN,ON Semiconductor Corporation,Texas Instruments Incorporated,-2.583814240678072,0.09638889066121631,0.05,,False,1.9007986627196465,-5.884788653950559,,,,,,,,,,,,,,
US_SEMICONDUCTORS,INTC,MPWR,Intel Corporation,"Monolithic Power Systems, Inc.",-2.55275235819648,0.10316077434277865,0.05,,False,1.7929696550517586,-8.663052203197195,,,,,,,,,,,,,,
US_SEMICONDUCTORS,AMD,MPWR,"Advanced Micro Devices, Inc.","Monolithic Power Systems, Inc.",-2.5075477028949904,0.11364867123207689,0.05,,False,1.3914841414991572,-4.251748958982279,,,,,,,,,,,,,,
US_SEMICONDUCTORS,INTC,TXN,Intel Corporation,Texas Instruments Incorporated,-2.4684829133693995,0.12333227962114052,0.05,,False,4.234977721445592,-18.816367954755812,,,,,,,,,,,,,,
US_SEMICONDUCTORS,MRVL,TXN,"Marvell Technology, Inc.",Texas Instruments Incorporated,-2.448898913046995,0.12840778860669466,0.05,,False,2.68266294153811,-9.634055205196436,,,,,,,,,,,,,,
US_SEMICONDUCTORS,AVGO,QCOM,Broadcom Inc.,QUALCOMM Incorporated,-2.4204142872913255,0.136057326342365,0.05,,False,18.30737530054091,-87.24841568332909,,,,,,,,,,,,,,
US_SEMICONDUCTORS,ADI,AMD,"Analog Devices, Inc.","Advanced Micro Devices, Inc.",-2.3190417767664733,0.16590014268455883,0.05,,False,0.5096877399387171,2.8888754483616825,,,,,,,,,,,,,,
US_SEMICONDUCTORS,AVGO,SWKS,Broadcom Inc.,"Skyworks Solutions, Inc.",-2.3055823717752872,0.1701738662012655,0.05,,False,-2.663927726258456,16.931084873452996,,,,,,,,,,,,,,
US_SEMICONDUCTORS,NVDA,SWKS,NVIDIA Corporation,"Skyworks Solutions, Inc.",-2.305011986078447,0.17035660132926772,0.05,,False,-1.4293263079407514,11.145401715003945,,,,,,,,,,,,,,
US_SEMICONDUCTORS,AMD,TXN,"Advanced Micro Devices, Inc.",Texas Instruments Incorporated,-2.193494108051145,0.20861518849237365,0.05,,False,3.404837943113089,-12.75213694790256,,,,,,,,,,,,,,
US_SEMICONDUCTORS,AMD,MU,"Advanced Micro Devices, Inc.","Micron Technology, Inc.",-2.1540469928482318,0.22334421668431137,0.05,,False,0.539924334801045,2.3767120553204792,,,,,,,,,,,,,,
US_SEMICONDUCTORS,ADI,MPWR,"Analog Devices, Inc.","Monolithic Power Systems, Inc.",-2.119483005799984,0.23675289308430747,0.05,,False,0.7239093902667757,0.6227808674595199,,,,,,,,,,,,,,
US_SEMICONDUCTORS,MRVL,ON,"Marvell Technology, Inc.",ON Semiconductor Corporation,-2.0900729025738625,0.24852502778722318,0.05,,False,1.3567867970140555,-1.10508371386556,,,,,,,,,,,,,,
US_SEMICONDUCTORS,ADI,SWKS,"Analog Devices, Inc.","Skyworks Solutions, Inc.",-2.0852874903048817,0.2504715790716049,0.05,,False,-1.5225918996131413,12.024563437083291,,,,,,,,,,,,,,
US_SEMICONDUCTORS,INTC,SWKS,Intel Corporation,"Skyworks Solutions, Inc.",-2.0691266655393683,0.25710871619077336,0.05,,False,-7.932494571205686,37.39819823299575,,,,,,,,,,,,,,
US_SEMICONDUCTORS,MU,SWKS,"Micron Technology, Inc.","Skyworks Solutions, Inc.",-2.0393241051281605,0.26960133804625863,0.05,,False,-9.070481344225039,43.945889543905125,,,,,,,,,,,,,,
US_SEMICONDUCTORS,MPWR,SWKS,"Monolithic Power Systems, Inc.","Skyworks Solutions, Inc.",-2.031731078841269,0.2728357193782599,0.05,,False,-6.996156229944471,36.704506854407256,,,,,,,,,,,,,,
US_SEMICONDUCTORS,ADI,NVDA,"Analog Devices, Inc.",NVIDIA Corporation,-2.01663880472206,0.279325551714834,0.05,,False,0.9973169615324653,0.4932219151019206,,,,,,,,,,,,,,
US_SEMICONDUCTORS,AMD,ON,"Advanced Micro Devices, Inc.",ON Semiconductor Corporation,-2.011009577035351,0.2817667449598369,0.05,,False,1.7442855109277886,-2.0183542875724463,,,,,,,,,,,,,,
US_SEMICONDUCTORS,MU,TXN,"Micron Technology, Inc.",Texas Instruments Incorporated,-2.0079290035550774,0.28310736576718254,0.05,,False,6.573102288529321,-29.422448913926647,,,,,,,,,,,,,,
US_SEMICONDUCTORS,MPWR,MU,"Monolithic Power Systems, Inc.","Micron Technology, Inc.",-1.9984640331927372,0.28724697292743173,0.05,,False,0.38523201879853786,4.777813527094745,,,,,,,,,,,,,,
US_SEMICONDUCTORS,AMD,SWKS,"Advanced Micro Devices, Inc.","Skyworks Solutions, Inc.",-1.9967153615481346,0.2880151532207739,0.05,,False,-14.3686517192783,66.66592359377114,,,,,,,,,,,,,,
US_SEMICONDUCTORS,MPWR,NVDA,"Monolithic Power Systems, Inc.",NVIDIA Corporation,-1.9656062154399867,0.30185412612151946,0.05,,False,1.4682145842258176,-0.6338212165170605,,,,,,,,,,,,,,
US_SEMICONDUCTORS,MRVL,SWKS,"Marvell Technology, Inc.","Skyworks Solutions, Inc.",-1.962566221092005,0.3032237445801742,0.05,,False,-28.925330080909262,128.33154502877738,,,,,,,,,,,,,,
US_SEMICONDUCTORS,ADI,TXN,"Analog Devices, Inc.",Texas Instruments Incorporated,-1.9163543289321041,0.3244070609864737,0.05,,False,1.539455514331244,-2.5815772437432294,,,,,,,,,,,,,,
US_SEMICONDUCTORS,MU,NVDA,"Micron Technology, Inc.",NVIDIA Corporation,-1.8532670403305767,0.3543547618855666,0.05,,False,3.7682090830772528,-13.831496244363986,,,,,,,,,,,,,,
US_SEMICONDUCTORS,INTC,MRVL,Intel Corporation,"Marvell Technology, Inc.",-1.850829594473585,0.3555338684915355,0.05,,False,1.7196667698064303,-4.235943615938467,,,,,,,,,,,,,,
US_SEMICONDUCTORS,INTC,NVDA,Intel Corporation,NVIDIA Corporation,-1.759232352985162,0.40088115550136455,0.05,,False,2.785019978450547,-10.56593902320125,,,,,,,,,,,,,,
US_SEMICONDUCTORS,NVDA,ON,NVIDIA Corporation,ON Semiconductor Corporation,-1.7574130448749732,0.4018003502167204,0.05,,False,0.5680316533594675,2.6960677254642573,,,,,,,,,,,,,,
US_SEMICONDUCTORS,AMD,NVDA,"Advanced Micro Devices, Inc.",NVIDIA Corporation,-1.7238403326623317,0.418872963339973,0.05,,False,2.0261546544313322,-5.04908093750631,,,,,,,,,,,,,,
US_SEMICONDUCTORS,AVGO,INTC,Broadcom Inc.,Intel Corporation,-1.6945356043379207,0.43393007437080255,0.05,,False,0.609015907378405,3.4357707153701442,,,,,,,,,,,,,,
US_SEMICONDUCTORS,MPWR,ON,"Monolithic Power Systems, Inc.",ON Semiconductor Corporation,-1.686447638564097,0.43810823991811076,0.05,,False,1.1387621397368652,2.0754781411435763,,,,,,,,,,,,,,
US_SEMICONDUCTORS,AVGO,MPWR,Broadcom Inc.,"Monolithic Power Systems, Inc.",-1.6572557859305441,0.45325911915461475,0.05,,False,1.26656616091833,-3.0175742954535147,,,,,,,,,,,,,,
US_SEMICONDUCTORS,QCOM,SWKS,QUALCOMM Incorporated,"Skyworks Solutions, Inc.",-1.6250059594330406,0.47010585639431424,0.05,,False,0.4714483140975079,3.048380785434693,,,,,,,,,,,,,,
US_SEMICONDUCTORS,AVGO,MU,Broadcom Inc.,"Micron Technology, Inc.",-1.564354898367882,0.5014702251152406,0.05,,False,0.4220060787046786,3.3700517774603753,,,,,,,,,,,,,,
US_SEMICONDUCTORS,INTC,ON,Intel Corporation,ON Semiconductor Corporation,-1.5495673256002611,0.5088643153897913,0.05,,False,2.459275050153621,-6.652954352543647,,,,,,,,,,,,,,
US_SEMICONDUCTORS,ADI,ON,"Analog Devices, Inc.",ON Semiconductor Corporation,-1.5452278757286293,0.5110310454451971,0.05,,False,0.7322320241928106,2.5028302877848603,,,,,,,,,,,,,,
US_SEMICONDUCTORS,MU,ON,"Micron Technology, Inc.",ON Semiconductor Corporation,-1.5443348240657897,0.5114767687791933,0.05,,False,4.163159184644854,-11.962224359533618,,,,,,,,,,,,,,
US_SEMICONDUCTORS,AMD,MRVL,"Advanced Micro Devices, Inc.","Marvell Technology, Inc.",-1.535570401500935,0.515847574746256,0.05,,False,1.2944075698077737,-0.6369012564026484,,,,,,,,,,,,,,
US_SEMICONDUCTORS,MPWR,TXN,"Monolithic Power Systems, Inc.",Texas Instruments Incorporated,-1.5123152877339197,0.5274105839757206,0.05,,False,2.366920368392044,-5.688739866875098,,,,,,,,,,,,,,
US_SEMICONDUCTORS,ADI,MRVL,"Analog Devices, Inc.","Marvell Technology, Inc.",-1.487670490878673,0.5396015151146673,0.05,,False,0.5579144965932232,3.017979105135117,,,,,,,,,,,,,,
US_SEMICONDUCTORS,NVDA,TXN,NVIDIA Corporation,Texas Instruments Incorporated,-1.4361708215242006,0.5648178524318581,0.05,,False,1.9468121995166583,-5.200824855032698,,,,,,,,,,,,,,
US_SEMICONDUCTORS,ADI,AVGO,"Analog Devices, Inc.",Broadcom Inc.,-1.3568096936628127,0.6027981617652826,0.05,,False,0.5535094801856293,2.447128390692205,,,,,,,,,,,,,,
US_SEMICONDUCTORS,AMD,AVGO,"Advanced Micro Devices, Inc.",Broadcom Inc.,-1.3299261679554442,0.6153723043302561,0.05,,False,1.2182682207521658,-1.5972802778177515,,,,,,,,,,,,,,
US_SEMICONDUCTORS,MRVL,MU,"Marvell Technology, Inc.","Micron Technology, Inc.",-1.1423365647981416,0.6978968173354424,0.05,,False,0.3590466275765956,2.624392091494512,,,,,,,,,,,,,,
US_SEMICONDUCTORS,ON,SWKS,ON Semiconductor Corporation,"Skyworks Solutions, Inc.",-1.0846582543037027,0.721151078864919,0.05,,False,2.2396745925037322,-5.49311968018499,,,,,,,,,,,,,,
US_SEMICONDUCTORS,AVGO,TXN,Broadcom Inc.,Texas Instruments Incorporated,-1.032463931275869,0.7412404882718409,0.05,,False,4.783441438896386,-19.600906708858254,,,,,,,,,,,,,,
US_SEMICONDUCTORS,MPWR,MRVL,"Monolithic Power Systems, Inc.","Marvell Technology, Inc.",-1.0024831287812699,0.752357559927503,0.05,,False,0.8116680821634098,3.126140577604933,,,,,,,,,,,,,,
US_SEMICONDUCTORS,MRVL,NVDA,"Marvell Technology, Inc.",NVIDIA Corporation,-0.9402373832042689,0.7744331341115063,0.05,,False,1.9833039069719904,-5.508694564861283,,,,,,,,,,,,,,
US_SEMICONDUCTORS,AVGO,ON,Broadcom Inc.,ON Semiconductor Corporation,-0.8008616754561075,0.8188688259416199,0.05,,False,3.5097909972018906,-8.862435532344595,,,,,,,,,,,,,,
US_SEMICONDUCTORS,AVGO,MRVL,Broadcom Inc.,"Marvell Technology, Inc.",-0.4562674192144146,0.9002718137613387,0.05,,False,1.0764725423865695,0.726048063383467,,,,,,,,,,,,,,
US_SEMICONDUCTORS,SWKS,TXN,"Skyworks Solutions, Inc.",Texas Instruments Incorporated,-0.3660902822656919,0.9156083948797263,0.05,,False,6.557997504320402,-30.161097637448194,,,,,,,,,,,,,,
US_STAPLES,CLX,PG,Clorox Company (The),Procter & Gamble Company (The),-4.326628791073105,0.00039933893356493294,0.05,0.00039933893356493294,True,3.316764518418873,-11.893586632739176,9.206301849070067,-0.0001750204753622569,-0.075290512077872,28.0,-1.9347590699114003,2.2837120164217355,False,,0.0,-0.020828687382355254,0.18619303321476233,0.2999582584974565,False,still diverging
US_STAPLES,KHC,PG,The Kraft Heinz Company,Procter & Gamble Company (The),-3.8183508897809357,0.0027250440663145986,0.05,0.00039933893356493294,False,2.4773162348101887,-9.228604137554202,,,,,,,,,,,,,,
US_STAPLES,GIS,PG,"General Mills, Inc.",Procter & Gamble Company (The),-3.611025794778495,0.0055537032631361545,0.05,0.00039933893356493294,False,4.358804218135543,-18.043806100922943,,,,,,,,,,,,,,
US_STAPLES,KMB,PG,Kimberly-Clark Corporation,Procter & Gamble Company (The),-3.579075260751715,0.00617389740103075,0.05,0.00039933893356493294,False,2.5758002679743384,-8.216273858403675,,,,,,,,,,,,,,
US_STAPLES,KO,PG,Coca-Cola Company (The),Procter & Gamble Company (The),-3.5007135283425006,0.007968788040402307,0.05,0.00039933893356493294,False,-2.3751998423465324,16.170280369276924,,,,,,,,,,,,,,
US_STAPLES,CHD,PG,"Church & Dwight Company, Inc.",Procter & Gamble Company (The),-3.1589910615921273,0.022484571879153998,0.05,0.00039933893356493294,False,1.4934954640834017,-2.9507704896876925,,,,,,,,,,,,,,
US_STAPLES,CLX,KO,Clorox Company (The),Coca-Cola Company (The),-3.1035096387798333,0.026294547390822858,0.05,0.00039933893356493294,False,-2.4758151452730397,15.233902357426999,,,,,,,,,,,,,,
US_STAPLES,HSY,PG,The Hershey Company,Procter & Gamble Company (The),-3.041696256606819,0.031179740152308965,0.05,0.00039933893356493294,False,-4.222907504342921,26.42805006386076,,,,,,,,,,,,,,
US_STAPLES,GIS,KO,"General Mills, Inc.",Coca-Cola Company (The),-3.0221494207999284,0.03287706096166283,0.05,0.00039933893356493294,False,-2.8592315440003992,15.944896872174677,,,,,,,,,,,,,,
US_STAPLES,KMB,KO,Kimberly-Clark Corporation,Coca-Cola Company (The),-2.815934007227162,0.05603350896697655,0.05,0.00039933893356493294,False,-1.7640337388659626,12.182467294968184,,,,,,,,,,,,,,
US_STAPLES,KHC,KO,The Kraft Heinz Company,Coca-Cola Company (The),-2.8134429585059624,0.056379046310456996,0.05,0.00039933893356493294,False,-1.6152062820539488,10.047380840994242,,,,,,,,,,,,,,
US_STAPLES,HSY,KMB,The Hershey Company,Kimberly-Clark Corporation,-2.7545816499541753,0.06506002971574387,0.05,0.00039933893356493294,False,-0.6727184968766788,8.364569542492546,,,,,,,,,,,,,,
US_STAPLES,KHC,KMB,The Kraft Heinz Company,Kimberly-Clark Corporation,-2.6717465832289604,0.07905624085064195,0.05,0.00039933893356493294,False,0.9239585373709814,-1.146840382384934,,,,,,,,,,,,,,
US_STAPLES,CLX,GIS,Clorox Company (The),"General Mills, Inc.",-2.6646718602599515,0.08035361148174297,0.05,0.00039933893356493294,False,0.80729006766114,1.6557751020859826,,,,,,,,,,,,,,
US_STAPLES,CLX,KHC,Clorox Company (The),The Kraft Heinz Company,-2.648443711638707,0.08339245728432848,0.05,0.00039933893356493294,False,1.5122773617986904,-0.10027788526769132,,,,,,,,,,,,,,
US_STAPLES,MDLZ,PG,"Mondelez International, Inc.",Procter & Gamble Company (The),-2.5906368017515384,0.09494793310250299,0.05,0.00039933893356493294,False,1.6520673291387633,-4.2106889216161445,,,,,,,,,,,,,,
US_STAPLES,HSY,KHC,The Hershey Company,The Kraft Heinz Company,-2.559385459805374,0.10168531551835092,0.05,0.00039933893356493294,False,-0.6450915000205306,7.260417990835208,,,,,,,,,,,,,,
US_STAPLES,CHD,HSY,"Church & Dwight Company, Inc.",The Hershey Company,-2.4769650843346214,0.1211800324348774,0.05,0.00039933893356493294,False,-0.34155972097504606,6.333346943353914,,,,,,,,,,,,,,
US_STAPLES,GIS,HSY,"General Mills, Inc.",The Hershey Company,-2.43302122969036,0.13263244660985818,0.05,0.00039933893356493294,False,-3.837282191755281,23.73223747074998,,,,,,,,,,,,,,
US_STAPLES,CHD,CL,"Church & Dwight Company, Inc.",Colgate-Palmolive Company,-2.420089003219691,0.13614652410462946,0.05,0.00039933893356493294,False,0.9896721918681437,0.14732156123770412,,,,,,,,,,,,,,
US_STAPLES,KMB,MDLZ,Kimberly-Clark Corporation,"Mondelez International, Inc.",-2.4164231045839513,0.13715465854985975,0.05,0.00039933893356493294,False,2.081307874244661,-3.7955068598474284,,,,,,,,,,,,,,
US_STAPLES,CLX,HSY,Clorox Company (The),The Hershey Company,-2.3519911312158435,0.15574732502856758,0.05,0.00039933893356493294,False,-2.7355055431779385,18.942140739740683,,,,,,,,,,,,,,
US_STAPLES,CHD,KO,"Church & Dwight Company, Inc.",Coca-Cola Company (The),-2.3307662392593937,0.16223712368144566,0.05,0.00039933893356493294,False,-0.6779631030393413,7.424053667421951,,,,,,,,,,,,,,
US_STAPLES,CLX,KMB,Clorox Company (The),Kimberly-Clark Corporation,-2.328124324871169,0.1630576677076775,0.05,0.00039933893356493294,False,1.4092639834701737,-1.8915508751411805,,,,,,,,,,,,,,
US_STAPLES,KO,MDLZ,Coca-Cola Company (The),"Mondelez International, Inc.",-2.314434583775083,0.16735478444751428,0.05,0.00039933893356493294,False,-4.081546185177365,20.973332644817503,,,,,,,,,,,,,,
US_STAPLES,HSY,MDLZ,The Hershey Company,"Mondelez International, Inc.",-2.297785000210547,0.17268334824913045,0.05,0.00039933893356493294,False,-8.159194643284058,38.6737523694263,,,,,,,,,,,,,,
US_STAPLES,HSY,PEP,The Hershey Company,"Pepsico, Inc.",-2.2601391831879942,0.18514620476817628,0.05,0.00039933893356493294,False,1.4857717464305085,-2.2156255219603365,,,,,,,,,,,,,,
US_STAPLES,CL,MDLZ,Colgate-Palmolive Company,"Mondelez International, Inc.",-2.2539664189260153,0.18724457604479233,0.05,0.00039933893356493294,False,1.0470568059700969,0.1671793744832426,,,,,,,,,,,,,,
US_STAPLES,CL,PG,Colgate-Palmolive Company,Procter & Gamble Company (The),-2.2345865869889336,0.19393278353512017,0.05,0.00039933893356493294,False,1.5840759978999572,-3.5079770346909065,,,,,,,,,,,,,,
US_STAPLES,PEP,PG,"Pepsico, Inc.",Procter & Gamble Company (The),-2.2344588341275933,0.19397737630045297,0.05,0.00039933893356493294,False,4.088988159633695,-15.61584249713513,,,,,,,,,,,,,,
US_STAPLES,CHD,KHC,"Church & Dwight Company, Inc.",The Kraft Heinz Company,-2.2245355213113007,0.1974612839115975,0.05,0.00039933893356493294,False,0.5005992340477077,2.944539851585498,,,,,,,,,,,,,,
US_STAPLES,GIS,KHC,"General Mills, Inc.",The Kraft Heinz Company,-2.222134460467516,0.1983102220450868,0.05,0.00039933893356493294,False,1.788502100664951,-1.9003058765341994,,,,,,,,,,,,,,
US_STAPLES,KHC,MDLZ,The Kraft Heinz Company,"Mondelez International, Inc.",-2.1916960062473825,0.20927312073752075,0.05,0.00039933893356493294,False,1.9473804603795926,-4.753675758204702,,,,,,,,,,,,,,
US_STAPLES,GIS,KMB,"General Mills, Inc.",Kimberly-Clark Corporation,-2.1747564273269235,0.2155346354047762,0.05,0.00039933893356493294,False,1.7322602973401977,-4.330390560590133,,,,,,,,,,,,,,
US_STAPLES,CHD,CLX,"Church & Dwight Company, Inc.",Clorox Company (The),-2.138997028056039,0.22912545644423793,0.05,0.00039933893356493294,False,0.3622520231081643,2.827702199289241,,,,,,,,,,,,,,
US_STAPLES,CHD,MDLZ,"Church & Dwight Company, Inc.","Mondelez International, Inc.",-2.1270830069392264,0.2337647371038593,0.05,0.00039933893356493294,False,1.0593450186957023,0.21790662110287595,,,,,,,,,,,,,,
US_STAPLES,CL,KO,Colgate-Palmolive Company,Coca-Cola Company (The),-2.0846902451221885,0.2507151241420499,0.05,0.00039933893356493294,False,-0.16915039096015344,5.179447074679233,,,,,,,,,,,,,,
US_STAPLES,CLX,MDLZ,Clorox Company (The),"Mondelez International, Inc.",-2.066279169385336,0.2582882381468362,0.05,0.00039933893356493294,False,4.146433011673676,-12.22288679818152,,,,,,,,,,,,,,
US_STAPLES,KMB,PEP,Kimberly-Clark Corporation,"Pepsico, Inc.",-2.0249086008717465,0.27575945323840356,0.05,0.00039933893356493294,False,-10.715596770305407,58.005011625724265,,,,,,,,,,,,,,
US_STAPLES,HSY,KO,The Hershey Company,Coca-Cola Company (The),-1.9785104363452362,0.29607427529880415,0.05,0.00039933893356493294,False,1.3151793669480707,-0.37204004359326337,,,,,,,,,,,,,,
US_STAPLES,GIS,MDLZ,"General Mills, Inc.","Mondelez International, Inc.",-1.9706806979803049,0.29957466727869686,0.05,0.00039933893356493294,False,4.855861879831545,-16.04031550327135,,,,,,,,,,,,,,
US_STAPLES,CHD,GIS,"Church & Dwight Company, Inc.","General Mills, Inc.",-1.9503985782722004,0.3087357565126466,0.05,0.00039933893356493294,False,0.2167092418434694,3.7228797209873745,,,,,,,,,,,,,,
US_STAPLES,CHD,KMB,"Church & Dwight Company, Inc.",Kimberly-Clark Corporation,-1.9316313610212656,0.31733011183919696,0.05,0.00039933893356493294,False,0.4343832820532807,2.5041804616479184,,,,,,,,,,,,,,
US_STAPLES,CLX,PEP,Clorox Company (The),"Pepsico, Inc.",-1.875863952469208,0.3434992491891623,0.05,0.00039933893356493294,False,11.144405128666305,-50.580441757142104,,,,,,,,,,,,,,
US_STAPLES,CL,HSY,Colgate-Palmolive Company,The Hershey Company,-1.8686418241981695,0.34695367869892835,0.05,0.00039933893356493294,False,0.1996717945532013,3.4349287935495854,,,,,,,,,,,,,,
US_STAPLES,CL,PEP,Colgate-Palmolive Company,"Pepsico, Inc.",-1.8616269420479592,0.35032262117035895,0.05,0.00039933893356493294,False,0.9469650517606775,-0.2392804570261884,,,,,,,,,,,,,,
US_STAPLES,GIS,PEP,"General Mills, Inc.","Pepsico, Inc.",-1.8445818033713808,0.3585632901417013,0.05,0.00039933893356493294,False,11.854452053138305,-55.01336848634559,,,,,,,,,,,,,,
US_STAPLES,CHD,PEP,"Church & Dwight Company, Inc.","Pepsico, Inc.",-1.7399967039868824,0.41063164051643186,0.05,0.00039933893356493294,False,0.8826730480796965,0.18142227045874915,,,,,,,,,,,,,,
US_STAPLES,CL,CLX,Colgate-Palmolive Company,Clorox Company (The),-1.7326185273343784,0.41438960172958983,0.05,0.00039933893356493294,False,0.2948897939818043,3.050143076613217,,,,,,,,,,,,,,
US_STAPLES,KHC,PEP,The Kraft Heinz Company,"Pepsico, Inc.",-1.6795213800946969,0.44169335993245695,0.05,0.00039933893356493294,False,2.7360597054133726,-10.354312757930964,,,,,,,,,,,,,,
US_STAPLES,CL,KHC,Colgate-Palmolive Company,The Kraft Heinz Company,-1.6686046536585335,0.44735654248571,0.05,0.00039933893356493294,False,0.5424395011050094,2.7076558032204128,,,,,,,,,,,,,,
US_STAPLES,CL,GIS,Colgate-Palmolive Company,"General Mills, Inc.",-1.618895699800568,0.47330828763976407,0.05,0.00039933893356493294,False,0.22223255637290726,3.6001496410532186,,,,,,,,,,,,,,
US_STAPLES,MDLZ,PEP,"Mondelez International, Inc.","Pepsico, Inc.",-1.5631941041436759,0.502051195633637,0.05,0.00039933893356493294,False,0.6422466111045647,0.9146731519405771,,,,,,,,,,,,,,
US_STAPLES,CL,KMB,Colgate-Palmolive Company,Kimberly-Clark Corporation,-1.5608164947694052,0.5032408952785703,0.05,0.00039933893356493294,False,0.40301921543496955,2.5520127754709554,,,,,,,,,,,,,,
US_STAPLES,KO,PEP,Coca-Cola Company (The),"Pepsico, Inc.",-1.528492945287801,0.519372168825291,0.05,0.00039933893356493294,False,2.3246005918165564,-7.340064439459988,,,,,,,,,,,,,,
US_UTILITIES,PPL,WEC,PPL Corporation,"WEC Energy Group, Inc.",-4.7824637869016815,5.874628452088407e-05,0.05,0.0012137993894978814,True,0.8046455224627045,-0.2025821260112961,7.709296499163324,-9.993782456578036e-05,-0.0899105619605072,23.0,-1.0363866560763533,2.5546900839286817,False,,0.2,-0.005305899106414625,-0.3782556274103245,-1.2916920113241215,False,still diverging
US_UTILITIES,ES,FE,Eversource Energy (D/B/A),FirstEnergy Corp.,-4.040252832005107,0.0012137993894978814,0.05,0.0012137993894978814,True,0.9773201393149453,0.49004227059524164,13.011236404666125,4.172264714480601e-06,-0.05327296799490685,39.0,-1.021114236969676,3.1685045574377826,True,2026-09-15 00:00:00,0.6,0.00680980847356785,0.7150215072990671,-0.2768327993956332,True,reversion signs agree
US_UTILITIES,DUK,SO,Duke Energy Corporation (Holdin,Southern Company (The),-3.760089721965126,0.0033430856540376725,0.05,0.0012137993894978814,False,1.173578624178844,-0.49983500254267454,,,,,,,,,,,,,,
US_UTILITIES,PPL,XEL,PPL Corporation,Xcel Energy Inc.,-3.6649048734160456,0.004634771405312383,0.05,0.0012137993894978814,False,0.7210711344832356,0.4577185347923365,,,,,,,,,,,,,,
US_UTILITIES,AEP,PEG,American Electric Power Company,Public Service Enterprise Group,-3.516099926596368,0.007583113926995288,0.05,0.0012137993894978814,False,8.720203730303462,-33.41060709482125,,,,,,,,,,,,,,
US_UTILITIES,FE,PEG,FirstEnergy Corp.,Public Service Enterprise Group,-3.4284819482348547,0.010025406548138056,0.05,0.0012137993894978814,False,4.598724674880766,-16.351922591285025,,,,,,,,,,,,,,
US_UTILITIES,PEG,XEL,Public Service Enterprise Group,Xcel Energy Inc.,-3.413056691973611,0.010521741602174584,0.05,0.0012137993894978814,False,0.20470467594904887,3.5017223157426396,,,,,,,,,,,,,,
US_UTILITIES,ES,PEG,Eversource Energy (D/B/A),Public Service Enterprise Group,-3.4101467563638366,0.010617794649903195,0.05,0.0012137993894978814,False,5.053464397682603,-17.930948716780435,,,,,,,,,,,,,,
US_UTILITIES,EXC,PEG,Exelon Corporation,Public Service Enterprise Group,-3.405743609596987,0.010764623746083262,0.05,0.0012137993894978814,False,5.2310475996519,-19.123900230241222,,,,,,,,,,,,,,
US_UTILITIES,EXC,WEC,Exelon Corporation,"WEC Energy Group, Inc.",-3.3341232792809303,0.013420382316999808,0.05,0.0012137993894978814,False,0.9406638499343045,-0.6177686876870694,,,,,,,,,,,,,,
US_UTILITIES,PEG,WEC,Public Service Enterprise Group,"WEC Energy Group, Inc.",-3.3177373600851943,0.01410399333325888,0.05,0.0012137993894978814,False,0.2306824489349649,3.303916502998712,,,,,,,,,,,,,,
US_UTILITIES,AEE,PEG,Ameren Corporation,Public Service Enterprise Group,-3.278191086414145,0.015881927386627203,0.05,0.0012137993894978814,False,4.870208473457991,-16.726581425884007,,,,,,,,,,,,,,
US_UTILITIES,PEG,PPL,Public Service Enterprise Group,PPL Corporation,-3.256771327226032,0.016924898852259798,0.05,0.0012137993894978814,False,0.3276835039713892,3.218638912293785,,,,,,,,,,,,,,
US_UTILITIES,ED,PEG,"Consolidated Edison, Inc.",Public Service Enterprise Group,-3.2377819114090096,0.017899262674704184,0.05,0.0012137993894978814,False,3.236019864451887,-9.545069512599081,,,,,,,,,,,,,,
US_UTILITIES,DUK,PPL,Duke Energy Corporation (Holdin,PPL Corporation,-3.234137404036517,0.018091778381368894,0.05,0.0012137993894978814,False,0.8321889082987624,1.8166867552404686,,,,,,,,,,,,,,
US_UTILITIES,AEP,DUK,American Electric Power Company,Duke Energy Corporation (Holdin,-3.2241116260163087,0.01863074378610872,0.05,0.0012137993894978814,False,1.7842316921823835,-3.7848152759144478,,,,,,,,,,,,,,
US_UTILITIES,D,PEG,"Dominion Energy, Inc.",Public Service Enterprise Group,-3.162065556094902,0.02228818229422307,0.05,0.0012137993894978814,False,3.3001409469021987,-10.400878835717851,,,,,,,,,,,,,,
US_UTILITIES,PPL,SO,PPL Corporation,Southern Company (The),-3.1523506979970883,0.022913855930241818,0.05,0.0012137993894978814,False,1.4335230506992864,-2.8873810636135,,,,,,,,,,,,,,
US_UTILITIES,DUK,PEG,Duke Energy Corporation (Holdin,Public Service Enterprise Group,-3.1323592059212375,0.02424931200725206,0.05,0.0012137993894978814,False,2.6484232413624422,-6.832315196031146,,,,,,,,,,,,,,
US_UTILITIES,WEC,XEL,"WEC Energy Group, Inc.",Xcel Energy Inc.,-3.104314480390256,0.026235540860789632,0.05,0.0012137993894978814,False,0.9010157943129197,0.8000397060591458,,,,,,,,,,,,,,
US_UTILITIES,AEP,ES,American Electric Power Company,Eversource Energy (D/B/A),-3.0526553204203695,0.030261147733116736,0.05,0.0012137993894978814,False,1.5133322135026015,-1.5936059832643004,,,,,,,,,,,,,,
US_UTILITIES,DUK,ES,Duke Energy Corporation (Holdin,Eversource Energy (D/B/A),-3.0462474066163967,0.03079542083297694,0.05,0.0012137993894978814,False,0.8014743446889071,1.420714954019862,,,,,,,,,,,,,,
US_UTILITIES,AEP,D,American Electric Power Company,"Dominion Energy, Inc.",-3.0290557329687107,0.03226862034378897,0.05,0.0012137993894978814,False,1.5178198834715162,-1.4264453006173579,,,,,,,,,,,,,,
US_UTILITIES,PEG,SO,Public Service Enterprise Group,Southern Company (The),-3.0263981153392385,0.032501613801546286,0.05,0.0012137993894978814,False,0.5422441836079763,1.9495990971227855,,,,,,,,,,,,,,
US_UTILITIES,DUK,XEL,Duke Energy Corporation (Holdin,Xcel Energy Inc.,-3.0156747969069913,0.03345627513080679,0.05,0.0012137993894978814,False,0.5906793313116404,2.237163810761215,,,,,,,,,,,,,,
US_UTILITIES,DUK,EXC,Duke Energy Corporation (Holdin,Exelon Corporation,-3.0031619181737503,0.03460017013641023,0.05,0.0012137993894978814,False,0.7081320806499435,2.101666714781034,,,,,,,,,,,,,,
US_UTILITIES,DUK,WEC,Duke Energy Corporation (Holdin,"WEC Energy Group, Inc.",-2.9875070139932363,0.036077673810515395,0.05,0.0012137993894978814,False,0.6649189705823013,1.6697003434281288,,,,,,,,,,,,,,
US_UTILITIES,ES,SO,Eversource Energy (D/B/A),Southern Company (The),-2.962081984876103,0.03859041923816364,0.05,0.0012137993894978814,False,1.5116124610778554,-2.607092221153165,,,,,,,,,,,,,,
US_UTILITIES,AEE,PPL,Ameren Corporation,PPL Corporation,-2.9572857769216796,0.03908052352317423,0.05,0.0012137993894978814,False,1.3643998179788013,-0.2416551413034771,,,,,,,,,,,,,,
US_UTILITIES,AEE,EXC,Ameren Corporation,Exelon Corporation,-2.9354653953614886,0.041376567165060836,0.05,0.0012137993894978814,False,1.169874399969298,0.1926981438446358,,,,,,,,,,,,,,
US_UTILITIES,EXC,PPL,Exelon Corporation,PPL Corporation,-2.8728708003415555,0.048594929859505365,0.05,0.0012137993894978814,False,1.1760774586055136,-0.40554643663795664,,,,,,,,,,,,,,
US_UTILITIES,AEE,XEL,Ameren Corporation,Xcel Energy Inc.,-2.8282179578110775,0.05435471187757699,0.05,0.0012137993894978814,False,0.9888058291878425,0.3618810073636949,,,,,,,,,,,,,,
US_UTILITIES,AEE,DUK,Ameren Corporation,Duke Energy Corporation (Holdin,-2.768566400398495,0.06290600996889573,0.05,0.0012137993894978814,False,1.6659236668296165,-3.3449199963064284,,,,,,,,,,,,,,
US_UTILITIES,DUK,FE,Duke Energy Corporation (Holdin,FirstEnergy Corp.,-2.7593206190216195,0.06432357079658453,0.05,0.0012137993894978814,False,0.7908715496710222,1.7852996249757638,,,,,,,,,,,,,,
US_UTILITIES,D,ES,"Dominion Energy, Inc.",Eversource Energy (D/B/A),-2.757939136815642,0.06453756533685054,0.05,0.0012137993894978814,False,0.9740239331885632,-0.015178217857473086,,,,,,,,,,,,,,
US_UTILITIES,AEE,WEC,Ameren Corporation,"WEC Energy Group, Inc.",-2.731737513867547,0.06870545917120867,0.05,0.0012137993894978814,False,1.095209452320493,-0.5058801624024314,,,,,,,,,,,,,,
US_UTILITIES,AEP,FE,American Electric Power Company,FirstEnergy Corp.,-2.6684659817719107,0.07965578438679655,0.05,0.0012137993894978814,False,1.4455375977309455,-0.7275165443086875,,,,,,,,,,,,,,
US_UTILITIES,EXC,XEL,Exelon Corporation,Xcel Energy Inc.,-2.639141500448646,0.08517430054540925,0.05,0.0012137993894978814,False,0.8406955640816857,0.1637023564025708,,,,,,,,,,,,,,
US_UTILITIES,AEE,SO,Ameren Corporation,Southern Company (The),-2.599587834898289,0.0930824835089134,0.05,0.0012137993894978814,False,2.033314496533102,-4.5259728783444455,,,,,,,,,,,,,,
US_UTILITIES,AEP,SO,American Electric Power Company,Southern Company (The),-2.5880548382765376,0.09549130721229038,0.05,0.0012137993894978814,False,2.213427048014883,-5.208795194312491,,,,,,,,,,,,,,
US_UTILITIES,ES,XEL,Eversource Energy (D/B/A),Xcel Energy Inc.,-2.5474873351366827,0.10434337479172517,0.05,0.0012137993894978814,False,0.6840638796254456,1.2417603179242591,,,,,,,,,,,,,,
US_UTILITIES,SO,WEC,Southern Company (The),"WEC Energy Group, Inc.",-2.539986914998286,0.10604566995569809,0.05,0.0012137993894978814,False,0.5551363443777279,1.9012348555317642,,,,,,,,,,,,,,
US_UTILITIES,D,FE,"Dominion Energy, Inc.",FirstEnergy Corp.,-2.5314066999030653,0.10801851676910867,0.05,0.0012137993894978814,False,0.9522058891715859,0.4611205032062138,,,,,,,,,,,,,,
US_UTILITIES,SO,XEL,Southern Company (The),Xcel Energy Inc.,-2.525618096925,0.10936492871222675,0.05,0.0012137993894978814,False,0.48161189034775354,2.4236545910325735,,,,,,,,,,,,,,
US_UTILITIES,ED,ES,"Consolidated Edison, Inc.",Eversource Energy (D/B/A),-2.500202749245225,0.11542500147175933,0.05,0.0012137993894978814,False,0.7133158590259665,1.636181242762912,,,,,,,,,,,,,,
US_UTILITIES,EXC,SO,Exelon Corporation,Southern Company (The),-2.389415404388493,0.14474614534803065,0.05,0.0012137993894978814,False,1.6986314552328172,-3.8578783079986407,,,,,,,,,,,,,,
US_UTILITIES,ES,WEC,Eversource Energy (D/B/A),"WEC Energy Group, Inc.",-2.364067855012643,0.15213580731621107,0.05,0.0012137993894978814,False,0.7647087230279419,0.6090965559612478,,,,,,,,,,,,,,
US_UTILITIES,AEE,ES,Ameren Corporation,Eversource Energy (D/B/A),-2.3134878523527846,0.16765476404918994,0.05,0.0012137993894978814,False,1.4865907094671018,-1.6026164356281045,,,,,,,,,,,,,,
US_UTILITIES,D,XEL,"Dominion Energy, Inc.",Xcel Energy Inc.,-2.310082982773911,0.16873662800479672,0.05,0.0012137993894978814,False,0.6942918626248546,1.0763233428983878,,,,,,,,,,,,,,
US_UTILITIES,ES,PPL,Eversource Energy (D/B/A),PPL Corporation,-2.285637550507134,0.17664199555227805,0.05,0.0012137993894978814,False,1.0155423084929214,0.5737142094868526,,,,,,,,,,,,,,
US_UTILITIES,FE,SO,FirstEnergy Corp.,Southern Company (The),-2.263428420525259,0.18403436638684278,0.05,0.0012137993894978814,False,1.5599551771883486,-3.228078895817632,,,,,,,,,,,,,,
US_UTILITIES,D,DUK,"Dominion Energy, Inc.",Duke Energy Corporation (Holdin,-2.2607342501191523,0.18494473346356827,0.05,0.0012137993894978814,False,1.1987095946776547,-1.6633866517570048,,,,,,,,,,,,,,
US_UTILITIES,ES,EXC,Eversource Energy (D/B/A),Exelon Corporation,-2.25925840572698,0.18544467224345967,0.05,0.0012137993894978814,False,0.8278656446187475,1.0560002401592188,,,,,,,,,,,,,,
US_UTILITIES,AEP,ED,American Electric Power Company,"Consolidated Edison, Inc.",-2.2490865331447463,0.18891436846385645,0.05,0.0012137993894978814,False,2.039442548104755,-4.688923981530022,,,,,,,,,,,,,,
US_UTILITIES,AEE,D,Ameren Corporation,"Dominion Energy, Inc.",-2.19252176890906,0.208970810699603,0.05,0.0012137993894978814,False,1.4366180244669018,-1.220742892349401,,,,,,,,,,,,,,
US_UTILITIES,ED,EXC,"Consolidated Edison, Inc.",Exelon Corporation,-2.17027359236901,0.21721074526421702,0.05,0.0012137993894978814,False,0.6399232120467497,2.2063382145553883,,,,,,,,,,,,,,
US_UTILITIES,ED,SO,"Consolidated Edison, Inc.",Southern Company (The),-2.1534933650740573,0.22355531214180197,0.05,0.0012137993894978814,False,1.1376363462749206,-0.48794718688172356,,,,,,,,,,,,,,
US_UTILITIES,AEP,PPL,American Electric Power Company,PPL Corporation,-2.144603900614987,0.22696129017880412,0.05,0.0012137993894978814,False,1.5189549579542099,-0.6627987950510104,,,,,,,,,,,,,,
US_UTILITIES,D,SO,"Dominion Energy, Inc.",Southern Company (The),-2.1354963559508806,0.23048288081049084,0.05,0.0012137993894978814,False,1.4411121330815586,-2.415443695596327,,,,,,,,,,,,,,
US_UTILITIES,FE,XEL,FirstEnergy Corp.,Xcel Energy Inc.,-2.091732739056725,0.24785187694745553,0.05,0.0012137993894978814,False,0.714889113750142,0.7061483174413161,,,,,,,,,,,,,,
US_UTILITIES,ED,FE,"Consolidated Edison, Inc.",FirstEnergy Corp.,-2.059798090033236,0.26098407393777256,0.05,0.0012137993894978814,False,0.7162621442861333,1.9146083709251558,,,,,,,,,,,,,,
US_UTILITIES,AEP,WEC,American Electric Power Company,"WEC Energy Group, Inc.",-2.0387090978791234,0.2698625400926418,0.05,0.0012137993894978814,False,1.197415065525654,-0.8564664833131834,,,,,,,,,,,,,,
US_UTILITIES,AEE,AEP,Ameren Corporation,American Electric Power Company,-2.031578940849571,0.27290073634485656,0.05,0.0012137993894978814,False,0.924973773773045,0.2294649591471476,,,,,,,,,,,,,,
US_UTILITIES,AEE,ED,Ameren Corporation,"Consolidated Edison, Inc.",-1.9993997897172855,0.286836332458704,0.05,0.0012137993894978814,False,1.9526818227126572,-4.411001512914641,,,,,,,,,,,,,,
US_UTILITIES,ED,PPL,"Consolidated Edison, Inc.",PPL Corporation,-1.9780640870108677,0.2962732729519961,0.05,0.0012137993894978814,False,0.7534766387591507,1.9437515615342678,,,,,,,,,,,,,,
US_UTILITIES,AEE,FE,Ameren Corporation,FirstEnergy Corp.,-1.8809130563446421,0.3410927922932703,0.05,0.0012137993894978814,False,1.4090954775537432,-0.7112966637148954,,,,,,,,,,,,,,
US_UTILITIES,ED,WEC,"Consolidated Edison, Inc.","WEC Energy Group, Inc.",-1.87817645376019,0.3423962027191345,0.05,0.0012137993894978814,False,0.5792672327511,1.9153128748087704,,,,,,,,,,,,,,
US_UTILITIES,FE,PPL,FirstEnergy Corp.,PPL Corporation,-1.874809598450001,0.34400266186646866,0.05,0.0012137993894978814,False,1.0406225885106961,0.08032135837317655,,,,,,,,,,,,,,
US_UTILITIES,ED,XEL,"Consolidated Edison, Inc.",Xcel Energy Inc.,-1.8747903758666278,0.34401184275687213,0.05,0.0012137993894978814,False,0.4803173175675676,2.5541339796132845,,,,,,,,,,,,,,
US_UTILITIES,D,WEC,"Dominion Energy, Inc.","WEC Energy Group, Inc.",-1.8668462910491965,0.3478147240639454,0.05,0.0012137993894978814,False,0.768635636877751,0.46871389690693377,,,,,,,,,,,,,,
US_UTILITIES,AEP,XEL,American Electric Power Company,Xcel Energy Inc.,-1.850274723087047,0.3558025032034947,0.05,0.0012137993894978814,False,1.0678526815892948,0.14803264803909233,,,,,,,,,,,,,,
US_UTILITIES,DUK,ED,Duke Energy Corporation (Holdin,"Consolidated Edison, Inc.",-1.8457624224384557,0.357990058187809,0.05,0.0012137993894978814,False,1.0546356703240551,-0.10197047286881844,,,,,,,,,,,,,,
US_UTILITIES,FE,WEC,FirstEnergy Corp.,"WEC Energy Group, Inc.",-1.825230130467893,0.3680095160750232,0.05,0.0012137993894978814,False,0.7929985936999967,0.07334004385932502,,,,,,,,,,,,,,
US_UTILITIES,AEP,EXC,American Electric Power Company,Exelon Corporation,-1.6398425580638094,0.4623430620116421,0.05,0.0012137993894978814,False,1.2727218732997705,-0.06924586420054446,,,,,,,,,,,,,,
US_UTILITIES,EXC,FE,Exelon Corporation,FirstEnergy Corp.,-1.6381210679284317,0.46324275729699166,0.05,0.0012137993894978814,False,1.1658974603076042,-0.629213262427649,,,,,,,,,,,,,,
US_UTILITIES,D,ED,"Dominion Energy, Inc.","Consolidated Edison, Inc.",-1.5871347860051728,0.49005285668684107,0.05,0.0012137993894978814,False,1.3340057112555497,-2.1052214315067204,,,,,,,,,,,,,,
US_UTILITIES,D,PPL,"Dominion Energy, Inc.",PPL Corporation,-1.5406645202232223,0.5133079354616338,0.05,0.0012137993894978814,False,0.986008217540858,0.5546633610365377,,,,,,,,,,,,,,
US_UTILITIES,D,EXC,"Dominion Energy, Inc.",Exelon Corporation,-0.9783003483886126,0.7610962516249253,0.05,0.0012137993894978814,False,0.8139972931863638,0.9850829105597185,,,,,,,,,,,,,,
