sector,ticker_a,ticker_b,name_a,name_b,eg_adf_stat,eg_pvalue,fdr_level,bh_critical_pvalue,passes_bh,hedge_ratio_beta,intercept_alpha,half_life_days,ar1_alpha,ar1_beta,zscore_window,latest_zscore,max_abs_zscore,threshold_breached,breach_date,ar1_sign_agreement_recent,ar1_latest_residual,zscore_delta_latest,zscore_delta2_latest,zscore_turning_recent,momentum_read
CA_BANKS,BNS.TO,RY.TO,BANK OF NOVA SCOTIA,ROYAL BANK OF CANADA,-3.782110071080882,0.0030957484619132695,0.05,0.0030957484619132695,True,1.1143987853328274,-1.4609747494371357,8.880023248252552,-0.0001274598422474475,-0.07805691057130347,27.0,1.2060214911490752,4.33404135611298,False,,0.2,0.00028597960867208106,-0.18415817360791342,-0.12272991911042586,True,mixed signal
CA_BANKS,NA.TO,RY.TO,NATIONAL BANK OF CANADA,ROYAL BANK OF CANADA,-3.1551746043219033,0.02273043821734776,0.05,0.0030957484619132695,False,1.0989354413356416,-0.7853798986936029,,,,,,,,,,,,,,
CA_BANKS,CM.TO,NA.TO,CANADIAN IMPERIAL BANK OF COMME,NATIONAL BANK OF CANADA,-2.61049549833124,0.0908474055199821,0.05,0.0030957484619132695,False,1.2767588421820961,-1.730531944342574,,,,,,,,,,,,,,
CA_BANKS,BNS.TO,NA.TO,BANK OF NOVA SCOTIA,NATIONAL BANK OF CANADA,-2.6021228902152758,0.09255930251602573,0.05,0.0030957484619132695,False,1.0154344930303238,-0.6712797904753929,,,,,,,,,,,,,,
CA_BANKS,BNS.TO,CM.TO,BANK OF NOVA SCOTIA,CANADIAN IMPERIAL BANK OF COMME,-2.398995894063604,0.1420200107514062,0.05,0.0030957484619132695,False,0.7953368393253843,0.704982880842453,,,,,,,,,,,,,,
CA_BANKS,BMO.TO,CM.TO,BANK OF MONTREAL,CANADIAN IMPERIAL BANK OF COMME,-2.3753648888547616,0.1488105359579483,0.05,0.0030957484619132695,False,0.8548806438519554,1.0832162725263332,,,,,,,,,,,,,,
CA_BANKS,RY.TO,TD.TO,ROYAL BANK OF CANADA,TORONTO-DOMINION BANK,-2.3475445148547096,0.15709187684477066,0.05,0.0030957484619132695,False,0.7215949297485074,1.9161574369447685,,,,,,,,,,,,,,
CA_BANKS,BMO.TO,RY.TO,BANK OF MONTREAL,ROYAL BANK OF CANADA,-2.244555139536132,0.19047354523712456,0.05,0.0030957484619132695,False,1.2034864667447596,-1.2743763009949953,,,,,,,,,,,,,,
CA_BANKS,BMO.TO,TD.TO,BANK OF MONTREAL,TORONTO-DOMINION BANK,-2.1727037380192966,0.21630113706680643,0.05,0.0030957484619132695,False,0.8683509546256284,1.0320529412198112,,,,,,,,,,,,,,
CA_BANKS,CM.TO,TD.TO,CANADIAN IMPERIAL BANK OF COMME,TORONTO-DOMINION BANK,-2.0813093031773815,0.2520963323531259,0.05,0.0030957484619132695,False,1.0187667985440756,-0.07359145315023508,,,,,,,,,,,,,,
CA_BANKS,BMO.TO,NA.TO,BANK OF MONTREAL,NATIONAL BANK OF CANADA,-2.0467902329365817,0.266441266930293,0.05,0.0030957484619132695,False,1.0961040541994942,-0.41904768688973704,,,,,,,,,,,,,,
CA_BANKS,NA.TO,TD.TO,NATIONAL BANK OF CANADA,TORONTO-DOMINION BANK,-2.0383160621359884,0.2700295391258004,0.05,0.0030957484619132695,False,0.7920099718647896,1.32481106305063,,,,,,,,,,,,,,
CA_BANKS,CM.TO,RY.TO,CANADIAN IMPERIAL BANK OF COMME,ROYAL BANK OF CANADA,-2.0243096783498014,0.2760169082574206,0.05,0.0030957484619132695,False,1.4008058261328256,-2.7214452927627875,,,,,,,,,,,,,,
CA_BANKS,BMO.TO,BNS.TO,BANK OF MONTREAL,BANK OF NOVA SCOTIA,-1.9704463418855942,0.29967975302912575,0.05,0.0030957484619132695,False,1.0776098995504833,0.3135294015763739,,,,,,,,,,,,,,
CA_BANKS,BNS.TO,TD.TO,BANK OF NOVA SCOTIA,TORONTO-DOMINION BANK,-1.7171622140136358,0.42229238505323613,0.05,0.0030957484619132695,False,0.8036383113799676,0.6767000836987704,,,,,,,,,,,,,,
CA_ENERGY,CNQ.TO,SU.TO,CDN NATURAL RES,SUNCOR ENERGY INC.,-2.681298868914672,0.07733066364311468,0.05,,False,0.7618452133292277,0.7271564925544589,,,,,,,,,,,,,,
CA_ENERGY,CVE.TO,SU.TO,CENOVUS ENERGY INC.,SUNCOR ENERGY INC.,-2.3710678753782104,0.15006932051720273,0.05,,False,1.1469888515712554,-1.4885905187744184,,,,,,,,,,,,,,
CA_ENERGY,CVE.TO,IMO.TO,CENOVUS ENERGY INC.,IMPERIAL OIL,-2.3685992776386535,0.15079583251417655,0.05,,False,1.0330505568646273,-1.7429191229072192,,,,,,,,,,,,,,
CA_ENERGY,CNQ.TO,CVE.TO,CDN NATURAL RES,CENOVUS ENERGY INC.,-2.339049645590201,0.1596827079061482,0.05,,False,0.6693863046371434,1.6996211731870923,,,,,,,,,,,,,,
CA_ENERGY,CNQ.TO,IMO.TO,CDN NATURAL RES,IMPERIAL OIL,-2.2227799600482765,0.1980817658028432,0.05,,False,0.6695131698495833,0.6370450072348124,,,,,,,,,,,,,,
CA_ENERGY,IMO.TO,SU.TO,IMPERIAL OIL,SUNCOR ENERGY INC.,-1.8261441775262888,0.3675612417000754,0.05,,False,1.1056239975624884,0.26505984880640376,,,,,,,,,,,,,,
CH_FINANCIALS,BAER.SW,UBSG.SW,JULIUS BAER N,UBS GROUP N,-2.9744935697826524,0.037346016043489416,0.05,,False,0.7840903806589608,1.3542502867985458,,,,,,,,,,,,,,
CH_FINANCIALS,BAER.SW,ZURN.SW,JULIUS BAER N,ZURICH INSURANCE N,-2.7531250508527414,0.06528774624317675,0.05,,False,1.461459890567225,-5.137586079912621,,,,,,,,,,,,,,
CH_FINANCIALS,BAER.SW,SLHN.SW,JULIUS BAER N,SWISS LIFE HOLDING AG N,-2.482420718513809,0.11981035158212483,0.05,,False,0.9023533675519193,-1.989023857321477,,,,,,,,,,,,,,
CH_FINANCIALS,UBSG.SW,ZURN.SW,UBS GROUP N,ZURICH INSURANCE N,-2.3413016531162185,0.15899303451889307,0.05,,False,2.101518761460391,-9.762174110133813,,,,,,,,,,,,,,
CH_FINANCIALS,SLHN.SW,UBSG.SW,SWISS LIFE HOLDING AG N,UBS GROUP N,-2.2285628404506674,0.19604257056319624,0.05,,False,0.8384838604331033,3.807109010270644,,,,,,,,,,,,,,
CH_FINANCIALS,SLHN.SW,ZURN.SW,SWISS LIFE HOLDING AG N,ZURICH INSURANCE N,-2.1527676172338177,0.22383221853658214,0.05,,False,1.5058858896207012,-2.779675713249114,,,,,,,,,,,,,,
CH_PHARMA_LIFESCIENCE,LONN.SW,NOVN.SW,LONZA N,NOVARTIS N,-4.837554444756802,4.60688608221818e-05,0.05,4.60688608221818e-05,True,-0.2478703982241247,7.413679686566401,10.77661767535951,0.00042137458696700004,-0.06431954825165696,32.0,-0.9378218660969782,3.249606037414509,False,,0.2,0.011808053998165749,0.2253945448793333,0.18553914073964783,True,mixed signal
CONSUMER,DOM.L,TSCO.L,DOMINO'S PIZZA GROUP PLC ORD 25,TESCO PLC ORD 6 1/3P,-4.214736735937957,0.0006220587150649386,0.05,0.005114666362637315,True,-1.917198688483126,16.961836293988206,14.445816950052935,0.00040160501117939354,-0.04798255321637627,43.0,1.1646652486523552,2.8618774246394563,False,,0.6,0.05138142159435212,0.5859983251124535,1.0172287707716157,False,mixed signal
CONSUMER,ABF.L,DNLM.L,ASSOCIATED BRITISH FOODS PLC OR,DUNELM GROUP PLC ORD 1P,-4.124812591801424,0.0008809950818976976,0.05,0.005114666362637315,True,0.5820686478110927,3.594872647630483,12.248147525089959,-0.00022336154559980597,-0.056592001291628335,37.0,-2.1400442581227943,3.986821468828144,False,,0.8,-0.00882552115982253,-0.24994331858340124,0.32919989512799197,False,mixed signal
CONSUMER,EZJ.L,MKS.L,EASYJET PLC ORD 27 2/7P,MARKS AND SPENCER GROUP PLC ORD,-3.7073859585787576,0.0040104553510542755,0.05,0.005114666362637315,True,3.3364698103343438,-13.421736354266361,16.87602451342233,-0.001174692358539451,-0.04107289486387338,51.0,1.4459742391622397,2.407334317186194,False,,0.4,-0.09856629011471206,-0.9613600780239542,-1.5111310111888905,False,mixed signal
CONSUMER,MKS.L,WTB.L,MARKS AND SPENCER GROUP PLC ORD,WHITBREAD PLC ORD 76 122/153P,-3.685275640960303,0.00432509749734764,0.05,0.005114666362637315,True,0.26688172902665536,3.7563650772591908,17.947092245827584,0.0005366643372177587,-0.03862169821526889,54.0,-1.4695615668559612,2.79762568262862,True,2026-09-18 00:00:00,0.6,0.034814196644794564,1.3280641157726587,2.0088674542648706,False,mixed signal
CONSUMER,DOM.L,MKS.L,DOMINO'S PIZZA GROUP PLC ORD 25,MARKS AND SPENCER GROUP PLC ORD,-3.684913572212137,0.0043304325749679426,0.05,0.005114666362637315,True,197.12565065338276,-1152.1852393125494,17.381101382642,-0.08709748827915793,-0.03987935892556102,52.0,1.502002014903612,2.6060476979156633,True,2026-09-18 00:00:00,0.8,-6.883920619145432,-1.1040456830120513,-1.7417535846653462,False,mixed signal
CONSUMER,MKS.L,PETS.L,MARKS AND SPENCER GROUP PLC ORD,PETS AT HOME GROUP PLC ORD 1P,-3.6699348648375794,0.0045564808464264,0.05,0.005114666362637315,True,-0.029304099259348265,6.032242227118407,17.32979024699064,0.00040475446872048393,-0.03999743624596449,52.0,-1.4585949472214736,2.5635876848149866,True,2026-09-18 00:00:00,0.8,0.0357291289160445,1.104992737593513,1.7798058837526725,False,mixed signal
CONSUMER,GRG.L,MKS.L,GREGGS PLC ORD 2P,MARKS AND SPENCER GROUP PLC ORD,-3.6688378231086505,0.00457345244112682,0.05,0.005114666362637315,True,-63.40249468584534,379.93941087104463,17.337813011566677,0.02662496389445889,-0.0399789281437931,52.0,-1.453001845046347,2.5314285023400265,True,2026-09-18 00:00:00,0.8,2.223944265971097,1.0784266572936794,1.713132158226705,False,mixed signal
CONSUMER,BME.L,MKS.L,B&M EUROPEAN VALUE RETAIL PLC O,MARKS AND SPENCER GROUP PLC ORD,-3.664340105308708,0.004643638048634694,0.05,0.005114666362637315,True,-103.56318800227012,613.7644890790814,17.389358412239048,0.043506673331123194,-0.03986042291658625,52.0,-1.4627070048844484,2.5681741451299227,True,2026-09-18 00:00:00,0.8,3.664287063905591,1.1054671402454743,1.7608185926405542,False,mixed signal
CONSUMER,DNLM.L,MKS.L,DUNELM GROUP PLC ORD 1P,MARKS AND SPENCER GROUP PLC ORD,-3.6551502395738145,0.0047901054747573266,0.05,0.005114666362637315,True,22.148389326520224,-123.11766025434432,17.70951285493349,-0.010277606212954439,-0.0391398219836888,53.0,1.4621703452589652,2.6027562481549777,True,2026-09-18 00:00:00,0.6,-0.7495432372014711,-1.1405859028960126,-1.8258476483353983,False,mixed signal
CONSUMER,ABF.L,MKS.L,ASSOCIATED BRITISH FOODS PLC OR,MARKS AND SPENCER GROUP PLC ORD,-3.646424991365887,0.0049330509217483075,0.05,0.005114666362637315,True,-5.707838911119881,41.162897289371415,16.951426776257215,0.001921725103932665,-0.0408901970146131,51.0,-1.7096064549879881,2.7048595822444663,True,2026-09-18 00:00:00,0.6,0.20419796650678043,0.9952531272564782,1.604027864186707,False,mixed signal
CONSUMER,IHG.L,MKS.L,INTERCONTINENTAL HOTELS GROUP P,MARKS AND SPENCER GROUP PLC ORD,-3.635665538804028,0.005114666362637315,0.05,0.005114666362637315,True,12.075714780338664,-66.10449522676147,17.87087787969208,-0.004427607395511913,-0.03878640910794967,54.0,1.4331497840542964,2.543885319233795,True,2026-09-18 00:00:00,0.6,-0.4015132617080668,-1.1107355351794985,-1.7657678788619195,False,mixed signal
CONSUMER,MKS.L,NXT.L,MARKS AND SPENCER GROUP PLC ORD,NEXT PLC ORD 10P,-3.477163908384783,0.008593311090300166,0.05,0.005114666362637315,False,0.13472662716077705,4.612519225967621,,,,,,,,,,,,,,
CONSUMER,MKS.L,SBRY.L,MARKS AND SPENCER GROUP PLC ORD,SAINSBURY (J) PLC ORD 28 4/7P,-3.380457460673384,0.011643391976249886,0.05,0.005114666362637315,False,0.1692955791600055,4.9113813442431775,,,,,,,,,,,,,,
CONSUMER,BME.L,TSCO.L,B&M EUROPEAN VALUE RETAIL PLC O,TESCO PLC ORD 6 1/3P,-3.372287965029019,0.011940639144207931,0.05,0.005114666362637315,False,-3.0339813145294556,23.739428021463116,,,,,,,,,,,,,,
CONSUMER,DNLM.L,WTB.L,DUNELM GROUP PLC ORD 1P,WHITBREAD PLC ORD 76 122/153P,-3.3542489020872415,0.012620980015944938,0.05,0.005114666362637315,False,1.6156711607932823,-5.858543300824945,,,,,,,,,,,,,,
CONSUMER,MKS.L,TSCO.L,MARKS AND SPENCER GROUP PLC ORD,TESCO PLC ORD 6 1/3P,-3.34740083857858,0.012888121000588393,0.05,0.005114666362637315,False,0.16393242127479954,4.890820102651686,,,,,,,,,,,,,,
CONSUMER,DOM.L,NXT.L,DOMINO'S PIZZA GROUP PLC ORD 25,NEXT PLC ORD 10P,-3.334812085251288,0.01339229889454742,0.05,0.005114666362637315,False,-1.6552188587059364,20.960985694912402,,,,,,,,,,,,,,
CONSUMER,ABF.L,PETS.L,ASSOCIATED BRITISH FOODS PLC OR,PETS AT HOME GROUP PLC ORD 1P,-3.283781901248635,0.015619172635001649,0.05,0.005114666362637315,False,0.47923673449299453,5.033542202577346,,,,,,,,,,,,,,
CONSUMER,DOM.L,SBRY.L,DOMINO'S PIZZA GROUP PLC ORD 25,SAINSBURY (J) PLC ORD 28 4/7P,-3.251797264941593,0.017175520454632137,0.05,0.005114666362637315,False,-2.317072883400533,18.635874765066546,,,,,,,,,,,,,,
CONSUMER,IHG.L,PETS.L,INTERCONTINENTAL HOTELS GROUP P,PETS AT HOME GROUP PLC ORD 1P,-3.2234833788314354,0.018664979124024223,0.05,0.005114666362637315,False,-0.6947520614472401,8.594809188113292,,,,,,,,,,,,,,
CONSUMER,ABF.L,IHG.L,ASSOCIATED BRITISH FOODS PLC OR,INTERCONTINENTAL HOTELS GROUP P,-3.2223517171730616,0.018726785835638946,0.05,0.005114666362637315,False,-0.6461201679317938,10.75200193803914,,,,,,,,,,,,,,
CONSUMER,ABF.L,WTB.L,ASSOCIATED BRITISH FOODS PLC OR,WHITBREAD PLC ORD 76 122/153P,-3.1675802585226633,0.021939639900439272,0.05,0.005114666362637315,False,0.9102766489123435,0.4239244919733052,,,,,,,,,,,,,,
CONSUMER,EZJ.L,TSCO.L,EASYJET PLC ORD 27 2/7P,TESCO PLC ORD 6 1/3P,-3.0977872920766556,0.026717372721660103,0.05,0.005114666362637315,False,-0.813017148290832,11.04211311983186,,,,,,,,,,,,,,
CONSUMER,BME.L,DOM.L,B&M EUROPEAN VALUE RETAIL PLC O,DOMINO'S PIZZA GROUP PLC ORD 25,-2.9766143137920094,0.03713679817141996,0.05,0.005114666362637315,False,1.5759974451969738,-3.067140081623892,,,,,,,,,,,,,,
CONSUMER,BME.L,NXT.L,B&M EUROPEAN VALUE RETAIL PLC O,NEXT PLC ORD 10P,-2.856386847782792,0.05065975636006249,0.05,0.005114666362637315,False,-2.681346272589053,30.647577446011972,,,,,,,,,,,,,,
CONSUMER,ABF.L,TSCO.L,ASSOCIATED BRITISH FOODS PLC OR,TESCO PLC ORD 6 1/3P,-2.758006650326489,0.06452709408479536,0.05,0.005114666362637315,False,-0.5547994105305214,10.965419398339707,,,,,,,,,,,,,,
CONSUMER,GRG.L,NXT.L,GREGGS PLC ORD 2P,NEXT PLC ORD 10P,-2.72754653826149,0.06939160573643977,0.05,0.005114666362637315,False,-1.886545764691145,25.240623476271356,,,,,,,,,,,,,,
CONSUMER,GRG.L,TSCO.L,GREGGS PLC ORD 2P,TESCO PLC ORD 6 1/3P,-2.7087152089901982,0.07254226102207635,0.05,0.005114666362637315,False,-2.271893450853569,21.202199164962398,,,,,,,,,,,,,,
CONSUMER,EZJ.L,SBRY.L,EASYJET PLC ORD 27 2/7P,SAINSBURY (J) PLC ORD 28 4/7P,-2.678852134793308,0.07776980849973716,0.05,0.005114666362637315,False,-1.1456604374931207,12.678004492513354,,,,,,,,,,,,,,
CONSUMER,SBRY.L,TSCO.L,SAINSBURY (J) PLC ORD 28 4/7P,TESCO PLC ORD 6 1/3P,-2.6726020481248978,0.07890048421347012,0.05,0.005114666362637315,False,0.857483653585697,0.5424248903213282,,,,,,,,,,,,,,
CONSUMER,DOM.L,EZJ.L,DOMINO'S PIZZA GROUP PLC ORD 25,EASYJET PLC ORD 27 2/7P,-2.6662334485922994,0.08006582193448819,0.05,0.005114666362637315,False,3.404499993639397,-15.535524029384467,,,,,,,,,,,,,,
CONSUMER,BME.L,GRG.L,B&M EUROPEAN VALUE RETAIL PLC O,GREGGS PLC ORD 2P,-2.6560158072627034,0.08196356345834449,0.05,0.005114666362637315,False,1.4638051892593433,-5.549707574325046,,,,,,,,,,,,,,
CONSUMER,ABF.L,NXT.L,ASSOCIATED BRITISH FOODS PLC OR,NEXT PLC ORD 10P,-2.6558512276837387,0.0819944160235358,0.05,0.005114666362637315,False,-0.3774688111412119,11.17311157248564,,,,,,,,,,,,,,
CONSUMER,ABF.L,BME.L,ASSOCIATED BRITISH FOODS PLC OR,B&M EUROPEAN VALUE RETAIL PLC O,-2.6411746905605225,0.08478233802108126,0.05,0.005114666362637315,False,0.17100213777616458,6.690405750309553,,,,,,,,,,,,,,
CONSUMER,ABF.L,GRG.L,ASSOCIATED BRITISH FOODS PLC OR,GREGGS PLC ORD 2P,-2.6150115475198117,0.08993420666227664,0.05,0.005114666362637315,False,0.25371411380220193,5.715570922241916,,,,,,,,,,,,,,
CONSUMER,PETS.L,TSCO.L,PETS AT HOME GROUP PLC ORD 1P,TESCO PLC ORD 6 1/3P,-2.608943493691147,0.09116288163581793,0.05,0.005114666362637315,False,-1.4126297067805014,13.904864333322264,,,,,,,,,,,,,,
CONSUMER,DNLM.L,PETS.L,DUNELM GROUP PLC ORD 1P,PETS AT HOME GROUP PLC ORD 1P,-2.592337580702139,0.09459129773977132,0.05,0.005114666362637315,False,0.8126595273398921,2.5297561883417723,,,,,,,,,,,,,,
CONSUMER,EZJ.L,NXT.L,EASYJET PLC ORD 27 2/7P,NEXT PLC ORD 10P,-2.572155400942226,0.09888981420642717,0.05,0.005114666362637315,False,-0.4216199860606731,10.116148023660354,,,,,,,,,,,,,,
CONSUMER,IHG.L,WTB.L,INTERCONTINENTAL HOTELS GROUP P,WHITBREAD PLC ORD 76 122/153P,-2.5718091779257195,0.09896482892462544,0.05,0.005114666362637315,False,-1.6066517037053627,17.553436780584384,,,,,,,,,,,,,,
CONSUMER,BME.L,SBRY.L,B&M EUROPEAN VALUE RETAIL PLC O,SAINSBURY (J) PLC ORD 28 4/7P,-2.56254331146814,0.10098851953744453,0.05,0.005114666362637315,False,-4.252819441173132,29.716379153983457,,,,,,,,,,,,,,
CONSUMER,EZJ.L,GRG.L,EASYJET PLC ORD 27 2/7P,GREGGS PLC ORD 2P,-2.5448372512136492,0.10494247151087416,0.05,0.005114666362637315,False,0.19544398030856505,4.688150332472286,,,,,,,,,,,,,,
CONSUMER,NXT.L,TSCO.L,NEXT PLC ORD 10P,TESCO PLC ORD 6 1/3P,-2.5375351361174108,0.10660662541013516,0.05,0.005114666362637315,False,1.1764390377454137,2.307288769331185,,,,,,,,,,,,,,
CONSUMER,DNLM.L,IHG.L,DUNELM GROUP PLC ORD 1P,INTERCONTINENTAL HOTELS GROUP P,-2.495626137136897,0.1165421631299276,0.05,0.005114666362637315,False,-1.2345841077468542,12.895422090760684,,,,,,,,,,,,,,
CONSUMER,BME.L,EZJ.L,B&M EUROPEAN VALUE RETAIL PLC O,EASYJET PLC ORD 27 2/7P,-2.4872985942768655,0.11859537892485927,0.05,0.005114666362637315,False,6.5059417279025995,-34.59046998685726,,,,,,,,,,,,,,
CONSUMER,ABF.L,DOM.L,ASSOCIATED BRITISH FOODS PLC OR,DOMINO'S PIZZA GROUP PLC ORD 25,-2.4839221084168055,0.11943541806266289,0.05,0.005114666362637315,False,0.211015396800962,6.4863182820859375,,,,,,,,,,,,,,
CONSUMER,EZJ.L,PETS.L,EASYJET PLC ORD 27 2/7P,PETS AT HOME GROUP PLC ORD 1P,-2.432714516533239,0.1327150279568428,0.05,0.005114666362637315,False,0.46565836812950195,3.6375155890654294,,,,,,,,,,,,,,
CONSUMER,ABF.L,SBRY.L,ASSOCIATED BRITISH FOODS PLC OR,SAINSBURY (J) PLC ORD 28 4/7P,-2.4190979681375415,0.13641853835503936,0.05,0.005114666362637315,False,-0.43381721706760956,10.105773242637362,,,,,,,,,,,,,,
CONSUMER,PETS.L,WTB.L,PETS AT HOME GROUP PLC ORD 1P,WHITBREAD PLC ORD 76 122/153P,-2.4177721151157767,0.13678305851421896,0.05,0.005114666362637315,False,2.2898567596425523,-12.714723634290333,,,,,,,,,,,,,,
CONSUMER,NXT.L,SBRY.L,NEXT PLC ORD 10P,SAINSBURY (J) PLC ORD 28 4/7P,-2.416134872502878,0.13723414859734268,0.05,0.005114666362637315,False,1.4337299245133142,1.2123799076000772,,,,,,,,,,,,,,
CONSUMER,GRG.L,SBRY.L,GREGGS PLC ORD 2P,SAINSBURY (J) PLC ORD 28 4/7P,-2.3334446354163925,0.161408131462501,0.05,0.005114666362637315,False,-3.5323266010583936,27.652507581166034,,,,,,,,,,,,,,
CONSUMER,ABF.L,EZJ.L,ASSOCIATED BRITISH FOODS PLC OR,EASYJET PLC ORD 27 2/7P,-2.3323015809811967,0.16176156407882036,0.05,0.005114666362637315,False,0.5126035379940512,4.47835669140934,,,,,,,,,,,,,,
CONSUMER,EZJ.L,IHG.L,EASYJET PLC ORD 27 2/7P,INTERCONTINENTAL HOTELS GROUP P,-2.328294261742578,0.16300480254339778,0.05,0.005114666362637315,False,-0.7313268725346223,9.692141181146004,,,,,,,,,,,,,,
CONSUMER,BME.L,PETS.L,B&M EUROPEAN VALUE RETAIL PLC O,PETS AT HOME GROUP PLC ORD 1P,-2.2971696410823306,0.1728824436134324,0.05,0.005114666362637315,False,2.3680638440371324,-7.324099947359427,,,,,,,,,,,,,,
CONSUMER,TSCO.L,WTB.L,TESCO PLC ORD 6 1/3P,WHITBREAD PLC ORD 76 122/153P,-2.2905444883862685,0.17503569960636556,0.05,0.005114666362637315,False,-2.043200236596226,22.192105696267433,,,,,,,,,,,,,,
CONSUMER,DNLM.L,TSCO.L,DUNELM GROUP PLC ORD 1P,TESCO PLC ORD 6 1/3P,-2.256779043310936,0.1862865372445731,0.05,0.005114666362637315,False,-1.322249843489819,14.873452118799705,,,,,,,,,,,,,,
CONSUMER,BME.L,WTB.L,B&M EUROPEAN VALUE RETAIL PLC O,WHITBREAD PLC ORD 76 122/153P,-2.1956554614872164,0.207826050864221,0.05,0.005114666362637315,False,6.274745583903171,-44.19141500510341,,,,,,,,,,,,,,
CONSUMER,NXT.L,PETS.L,NEXT PLC ORD 10P,PETS AT HOME GROUP PLC ORD 1P,-2.1295345456668846,0.2328056113772981,0.05,0.005114666362637315,False,-0.8228553306225133,13.833130176184566,,,,,,,,,,,,,,
CONSUMER,EZJ.L,WTB.L,EASYJET PLC ORD 27 2/7P,WHITBREAD PLC ORD 76 122/153P,-2.111292155390953,0.23999827905740428,0.05,0.005114666362637315,False,1.3900057573687308,-4.850239064983217,,,,,,,,,,,,,,
CONSUMER,NXT.L,WTB.L,NEXT PLC ORD 10P,WHITBREAD PLC ORD 76 122/153P,-2.0902122930447087,0.24846845762161085,0.05,0.005114666362637315,False,-2.5655498789542044,29.698403088933276,,,,,,,,,,,,,,
CONSUMER,GRG.L,PETS.L,GREGGS PLC ORD 2P,PETS AT HOME GROUP PLC ORD 1P,-2.04580782150087,0.2668559237169842,0.05,0.005114666362637315,False,1.6545810815041135,-1.4127010113847058,,,,,,,,,,,,,,
CONSUMER,PETS.L,SBRY.L,PETS AT HOME GROUP PLC ORD 1P,SAINSBURY (J) PLC ORD 28 4/7P,-2.042076567698441,0.2684340004835948,0.05,0.005114666362637315,False,-2.0985416593553348,17.360178924005865,,,,,,,,,,,,,,
CONSUMER,DOM.L,GRG.L,DOMINO'S PIZZA GROUP PLC ORD 25,GREGGS PLC ORD 2P,-2.0372158074490403,0.2704973277816346,0.05,0.005114666362637315,False,0.9096678274227491,-1.4298493473600704,,,,,,,,,,,,,,
CONSUMER,DNLM.L,NXT.L,DUNELM GROUP PLC ORD 1P,NEXT PLC ORD 10P,-2.016025220577898,0.2795911017073702,0.05,0.005114666362637315,False,-0.9282079018797956,15.63585750420798,,,,,,,,,,,,,,
CONSUMER,DOM.L,WTB.L,DOMINO'S PIZZA GROUP PLC ORD 25,WHITBREAD PLC ORD 76 122/153P,-2.0140529292888982,0.28044557461194786,0.05,0.005114666362637315,False,4.796155184907125,-32.55473182587907,,,,,,,,,,,,,,
CONSUMER,GRG.L,WTB.L,GREGGS PLC ORD 2P,WHITBREAD PLC ORD 76 122/153P,-2.007542116605754,0.28327596683097434,0.05,0.005114666362637315,False,5.213652588864993,-33.749597570435405,,,,,,,,,,,,,,
CONSUMER,DNLM.L,SBRY.L,DUNELM GROUP PLC ORD 1P,SAINSBURY (J) PLC ORD 28 4/7P,-1.9470415768816864,0.3102648886165043,0.05,0.005114666362637315,False,-3.2063145557301116,25.16055717047491,,,,,,,,,,,,,,
CONSUMER,SBRY.L,WTB.L,SAINSBURY (J) PLC ORD 28 4/7P,WHITBREAD PLC ORD 76 122/153P,-1.8320988071906907,0.3646459524072625,0.05,0.005114666362637315,False,-2.2871324608385035,23.815272569902067,,,,,,,,,,,,,,
CONSUMER,DNLM.L,EZJ.L,DUNELM GROUP PLC ORD 1P,EASYJET PLC ORD 27 2/7P,-1.7213616155124267,0.4201412936791954,0.05,0.005114666362637315,False,1.3581351544517868,-1.4293514221286578,,,,,,,,,,,,,,
CONSUMER,DOM.L,IHG.L,DOMINO'S PIZZA GROUP PLC ORD 25,INTERCONTINENTAL HOTELS GROUP P,-1.6536237374461447,0.4551512299730315,0.05,0.005114666362637315,False,-2.7142284604207756,18.541487202539145,,,,,,,,,,,,,,
CONSUMER,DOM.L,PETS.L,DOMINO'S PIZZA GROUP PLC ORD 25,PETS AT HOME GROUP PLC ORD 1P,-1.6154111035560788,0.4751358852671308,0.05,0.005114666362637315,False,1.5235682062920837,-2.815368817787686,,,,,,,,,,,,,,
CONSUMER,IHG.L,TSCO.L,INTERCONTINENTAL HOTELS GROUP P,TESCO PLC ORD 6 1/3P,-1.590272269123532,0.48847822711063105,0.05,0.005114666362637315,False,0.9669804641059864,-0.9790917151164722,,,,,,,,,,,,,,
CONSUMER,BME.L,DNLM.L,B&M EUROPEAN VALUE RETAIL PLC O,DUNELM GROUP PLC ORD 1P,-1.5065080073095014,0.5302894992676561,0.05,0.005114666362637315,False,4.071097034319521,-22.741968283844482,,,,,,,,,,,,,,
CONSUMER,DNLM.L,GRG.L,DUNELM GROUP PLC ORD 1P,GREGGS PLC ORD 2P,-1.408651265580972,0.5781216373748912,0.05,0.005114666362637315,False,0.3474092109707623,4.315284343602352,,,,,,,,,,,,,,
CONSUMER,IHG.L,SBRY.L,INTERCONTINENTAL HOTELS GROUP P,SAINSBURY (J) PLC ORD 28 4/7P,-1.4004014738428674,0.5820836317886238,0.05,0.005114666362637315,False,1.3105242336169587,-2.6289677012209873,,,,,,,,,,,,,,
CONSUMER,BME.L,IHG.L,B&M EUROPEAN VALUE RETAIL PLC O,INTERCONTINENTAL HOTELS GROUP P,-1.3928492498311247,0.585699436250345,0.05,0.005114666362637315,False,-3.8744856918149613,24.214008003783164,,,,,,,,,,,,,,
CONSUMER,DNLM.L,DOM.L,DUNELM GROUP PLC ORD 1P,DOMINO'S PIZZA GROUP PLC ORD 25,-1.3678205090865956,0.597602490459765,0.05,0.005114666362637315,False,0.361491976366753,4.9732021409489136,,,,,,,,,,,,,,
CONSUMER,IHG.L,NXT.L,INTERCONTINENTAL HOTELS GROUP P,NEXT PLC ORD 10P,-1.2940241003655184,0.6319018409394836,0.05,0.005114666362637315,False,0.7186589496370687,-1.9093697046323292,,,,,,,,,,,,,,
CONSUMER,GRG.L,IHG.L,GREGGS PLC ORD 2P,INTERCONTINENTAL HOTELS GROUP P,-0.8430251278742105,0.8061560314255796,0.05,0.005114666362637315,False,-3.2179987906820164,23.081891265283158,,,,,,,,,,,,,,
DE_AUTO,BMW.DE,VOW3.DE,BAYERISCHE MOTOREN WERKE AG   S,VOLKSWAGEN AG                 V,-3.0178781597286073,0.03325820166597441,0.05,,False,1.2865835413326128,-1.420429864873122,,,,,,,,,,,,,,
DE_AUTO,BMW.DE,MBG.DE,BAYERISCHE MOTOREN WERKE AG   S,Mercedes-Benz Group AG        N,-2.7688673248142197,0.06286029818821656,0.05,,False,1.580471572291384,-1.8729262595860758,,,,,,,,,,,,,,
DE_AUTO,MBG.DE,VOW3.DE,Mercedes-Benz Group AG        N,VOLKSWAGEN AG                 V,-2.7056667613074192,0.07306279472772621,0.05,,False,0.819276621985172,0.2630233716723347,,,,,,,,,,,,,,
DE_AUTO,CON.DE,MBG.DE,CONTINENTAL AG                I,Mercedes-Benz Group AG        N,-2.568688241997825,0.09964298140441374,0.05,,False,8.111878201409853,-27.78432228514822,,,,,,,,,,,,,,
DE_AUTO,CON.DE,PAH3.DE,CONTINENTAL AG                I,Porsche Automobil Holding SE  I,-2.489313558085487,0.11809615004077562,0.05,,False,-6.660206501311842,27.32996629560904,,,,,,,,,,,,,,
DE_AUTO,MBG.DE,PAH3.DE,Mercedes-Benz Group AG        N,Porsche Automobil Holding SE  I,-2.2919837945551356,0.17456639310245992,0.05,,False,0.8726441390605609,0.8499775159854024,,,,,,,,,,,,,,
DE_AUTO,CON.DE,VOW3.DE,CONTINENTAL AG                I,VOLKSWAGEN AG                 V,-1.9428063068046542,0.3121991993534897,0.05,,False,5.300062952868331,-19.65550112084574,,,,,,,,,,,,,,
DE_AUTO,BMW.DE,PAH3.DE,BAYERISCHE MOTOREN WERKE AG   S,Porsche Automobil Holding SE  I,-1.815268503827992,0.3729080851377107,0.05,,False,1.7736349960570166,-1.9139369325066182,,,,,,,,,,,,,,
DE_AUTO,PAH3.DE,VOW3.DE,Porsche Automobil Holding SE  I,VOLKSWAGEN AG                 V,-1.4092263164439482,0.577845000813733,0.05,,False,0.8952299165070566,-0.47832749382541406,,,,,,,,,,,,,,
DE_AUTO,BMW.DE,CON.DE,BAYERISCHE MOTOREN WERKE AG   S,CONTINENTAL AG                I,-1.0928465423042781,0.7179161741661892,0.05,,False,0.3191132244267454,3.0489107687790344,,,,,,,,,,,,,,
DE_BANKS_INSURANCE,CBK.DE,HNR1.DE,Commerzbank AG                I,HANNOVER RUECK SE NA O.N.,-3.2967327034445066,0.015025155942741057,0.05,,False,12.279045264761674,-64.10669808986042,,,,,,,,,,,,,,
DE_BANKS_INSURANCE,ALV.DE,CBK.DE,Allianz SE                    v,Commerzbank AG                I,-3.266165783334832,0.016460287816517018,0.05,,False,0.3769586120915699,4.564243066416532,,,,,,,,,,,,,,
DE_BANKS_INSURANCE,DBK.DE,HNR1.DE,DEUTSCHE BANK AG              N,HANNOVER RUECK SE NA O.N.,-3.223463015961798,0.01866608968485571,0.05,,False,10.048765067989063,-51.96185221451522,,,,,,,,,,,,,,
DE_BANKS_INSURANCE,CBK.DE,DBK.DE,Commerzbank AG                I,DEUTSCHE BANK AG              N,-3.077516727905959,0.02826241558982593,0.05,,False,1.2322329203019402,-0.643895127029114,,,,,,,,,,,,,,
DE_BANKS_INSURANCE,HNR1.DE,MUV2.DE,HANNOVER RUECK SE NA O.N.,MUENCHENER RUECKVERS.-GES. AG N,-2.958219726484826,0.03898468024436612,0.05,,False,0.6427677570809768,1.4927125509795882,,,,,,,,,,,,,,
DE_BANKS_INSURANCE,ALV.DE,HNR1.DE,Allianz SE                    v,HANNOVER RUECK SE NA O.N.,-2.675849375764345,0.07831142534928415,0.05,,False,3.650628929341411,-14.243311580745988,,,,,,,,,,,,,,
DE_BANKS_INSURANCE,DBK.DE,MUV2.DE,DEUTSCHE BANK AG              N,MUENCHENER RUECKVERS.-GES. AG N,-2.3282414179159288,0.1630212403227576,0.05,,False,4.66962768418532,-25.86679735204128,,,,,,,,,,,,,,
DE_BANKS_INSURANCE,ALV.DE,DBK.DE,Allianz SE                    v,DEUTSCHE BANK AG              N,-2.1244457410660846,0.23479912412350856,0.05,,False,0.45752147859930226,4.343067989112741,,,,,,,,,,,,,,
DE_BANKS_INSURANCE,CBK.DE,MUV2.DE,Commerzbank AG                I,MUENCHENER RUECKVERS.-GES. AG N,-1.6559551386880709,0.4539365239409225,0.05,,False,6.059008038664575,-34.40858854466052,,,,,,,,,,,,,,
DE_BANKS_INSURANCE,ALV.DE,MUV2.DE,Allianz SE                    v,MUENCHENER RUECKVERS.-GES. AG N,-1.2673213367655665,0.6439871306109893,0.05,,False,1.9432026372588538,-6.293286714033462,,,,,,,,,,,,,,
DE_CHEMICALS,BAS.DE,LXS.DE,BASF SE                       N,LANXESS AG                    I,-3.36976386137829,0.012033832114483538,0.05,,False,-0.19491532052858482,4.362416159396341,,,,,,,,,,,,,,
DE_CHEMICALS,LXS.DE,WCH.DE,LANXESS AG                    I,Wacker Chemie AG              I,-3.1709251860355474,0.021730542100598025,0.05,,False,-2.9390805713097885,15.737717221632826,,,,,,,,,,,,,,
DE_CHEMICALS,BAS.DE,SY1.DE,BASF SE                       N,Symrise AG                    I,-2.568187232863235,0.09975217407897985,0.05,,False,-0.28565557167531386,5.0371824877397025,,,,,,,,,,,,,,
DE_CHEMICALS,BAS.DE,WCH.DE,BASF SE                       N,Wacker Chemie AG              I,-2.5369689979053023,0.10673647103461792,0.05,,False,0.4015644824700901,2.0315360546561045,,,,,,,,,,,,,,
DE_CHEMICALS,LXS.DE,SY1.DE,LANXESS AG                    I,Symrise AG                    I,-2.474326017335152,0.1218466942602367,0.05,,False,1.205145952090278,-2.2960818005596195,,,,,,,,,,,,,,
DE_CHEMICALS,SY1.DE,WCH.DE,Symrise AG                    I,Wacker Chemie AG              I,-2.0546780412271604,0.26312470802361554,0.05,,False,3.15150939431677,-9.074898402038597,,,,,,,,,,,,,,
DE_HEALTHCARE,FRE.DE,MRK.DE,Fresenius SE & Co. KGaA       N,MERCK KGAA                    I,-3.3069580180914007,0.014570301363887234,0.05,,False,-1.3113928316263126,9.989125242597888,,,,,,,,,,,,,,
DE_HEALTHCARE,BAYN.DE,SHL.DE,Bayer AG                      N,Siemens Healthineers AG       N,-2.9165528875131033,0.043456704842252274,0.05,,False,-2.4141337913486858,12.53690130840193,,,,,,,,,,,,,,
DE_HEALTHCARE,FME.DE,MRK.DE,Fresenius Medical Care AG     I,MERCK KGAA                    I,-2.7173334978497814,0.07108654506470723,0.05,,False,-0.6744202858773737,6.932199826673822,,,,,,,,,,,,,,
DE_HEALTHCARE,BAYN.DE,FME.DE,Bayer AG                      N,Fresenius Medical Care AG     I,-2.380058068149786,0.14744415374219755,0.05,,False,-5.843687740037686,24.81579410538097,,,,,,,,,,,,,,
DE_HEALTHCARE,BAYN.DE,FRE.DE,Bayer AG                      N,Fresenius SE & Co. KGaA       N,-2.1752408288310656,0.21535399716158776,0.05,,False,1.8634424823599325,-3.4747080252846416,,,,,,,,,,,,,,
DE_HEALTHCARE,FME.DE,SHL.DE,Fresenius Medical Care AG     I,Siemens Healthineers AG       N,-1.8481634371183744,0.35682539251490053,0.05,,False,0.3821179230909434,2.219342695728876,,,,,,,,,,,,,,
DE_HEALTHCARE,FME.DE,FRE.DE,Fresenius Medical Care AG     I,Fresenius SE & Co. KGaA       N,-1.845652256989516,0.35804353217191004,0.05,,False,0.40384613561778054,2.1987739744323207,,,,,,,,,,,,,,
DE_HEALTHCARE,FRE.DE,SHL.DE,Fresenius SE & Co. KGaA       N,Siemens Healthineers AG       N,-1.631846731385996,0.4665242086695474,0.05,,False,-1.9262406484235814,10.995690384110235,,,,,,,,,,,,,,
DE_HEALTHCARE,BAYN.DE,MRK.DE,Bayer AG                      N,MERCK KGAA                    I,-1.611311360721577,0.47728725547400896,0.05,,False,-5.116486422368269,28.04674775135705,,,,,,,,,,,,,,
DE_HEALTHCARE,MRK.DE,SHL.DE,MERCK KGAA                    I,Siemens Healthineers AG       N,0.052254252123795086,0.9626459696404716,0.05,,False,1.2546055300517152,0.048778473582093085,,,,,,,,,,,,,,
DE_INDUSTRIALS,KGX.DE,MTX.DE,KION GROUP AG                 I,MTU Aero Engines AG           N,-3.260239196337761,0.016752070227818147,0.05,,False,2.219840863059865,-9.0543638057214,,,,,,,,,,,,,,
DE_INDUSTRIALS,HEI.DE,MTX.DE,Heidelberg Materials AG       I,MTU Aero Engines AG           N,-3.036433848091992,0.031629198900712904,0.05,,False,2.7004823838258187,-10.567271469348722,,,,,,,,,,,,,,
DE_INDUSTRIALS,MTX.DE,SIE.DE,MTU Aero Engines AG           N,SIEMENS AG                    N,-2.320969150213172,0.1652941592546036,0.05,,False,0.7674725257233482,1.6784729015688091,,,,,,,,,,,,,,
DE_INDUSTRIALS,HEI.DE,SIE.DE,Heidelberg Materials AG       I,SIEMENS AG                    N,-1.9375030058144493,0.31462929702864867,0.05,,False,2.0627093126766347,-5.9820330413153915,,,,,,,,,,,,,,
DE_INDUSTRIALS,HEI.DE,KGX.DE,Heidelberg Materials AG       I,KION GROUP AG                 I,-1.9120332247784861,0.32642164860672584,0.05,,False,1.2930149256251866,0.15891504929816413,,,,,,,,,,,,,,
DE_INDUSTRIALS,KGX.DE,SIE.DE,KION GROUP AG                 I,SIEMENS AG                    N,-0.2811659370616891,0.9281297661307518,0.05,,False,1.8065784425443816,-5.878218096326089,,,,,,,,,,,,,,
DE_REAL_ESTATE,GYC.DE,LEG.DE,Grand City Properties S.A.    A,LEG Immobilien SE             N,-3.4871884721351365,0.00832228226277476,0.05,0.01438778312935856,True,0.6940305815752921,-0.5728955806948797,11.395104644894905,6.477051148126863e-05,-0.06082850506076577,34.0,-2.8890484905587757,4.240050014655729,True,2026-09-21 00:00:00,0.4,-0.013089655421816147,0.27627685777450317,-0.37785182807643647,True,mixed signal
DE_REAL_ESTATE,DWNI.DE,VNA.DE,Deutsche Wohnen SE            I,Vonovia SE                    N,-3.316714972825229,0.014147648457532731,0.05,0.01438778312935856,True,0.8493026656164016,0.33652995180199996,23.180855899826025,0.00028465045398630916,-0.029901707838369655,63.0,1.9860560792897213,2.0099149667633207,False,,0.8,0.011809456465034443,0.9868599638646327,0.3361493581683068,False,mixed signal
DE_REAL_ESTATE,GYC.DE,VNA.DE,Grand City Properties S.A.    A,Vonovia SE                    N,-3.3111404043667663,0.01438778312935856,0.05,0.01438778312935856,True,0.9360279810170893,-0.6739014924225137,12.725649170676096,-3.248328371508416e-05,-0.05446851247142462,38.0,-1.9505539558278562,3.0969034448616553,False,,0.8,0.008223243846900749,0.3686009493959941,0.1879357063295335,False,mixed signal
DE_REAL_ESTATE,DWNI.DE,LEG.DE,Deutsche Wohnen SE            I,LEG Immobilien SE             N,-3.133389998836475,0.024178847241678354,0.05,0.01438778312935856,False,0.5383163202952518,0.8124270976785621,,,,,,,,,,,,,,
DE_REAL_ESTATE,LEG.DE,VNA.DE,LEG Immobilien SE             N,Vonovia SE                    N,-3.0179708863383046,0.03324988774406772,0.05,0.01438778312935856,False,1.3510981482658861,-0.1533199471813287,,,,,,,,,,,,,,
DE_REAL_ESTATE,DWNI.DE,GYC.DE,Deutsche Wohnen SE            I,Grand City Properties S.A.    A,-2.9466782233917046,0.040183010072475094,0.05,0.01438778312935856,False,0.9025622303317117,0.9592119131316093,,,,,,,,,,,,,,
DE_REAL_ESTATE,AT1.DE,LEG.DE,Aroundtown SA                 B,LEG Immobilien SE             N,-1.6800125054679313,0.44143893845747567,0.05,0.01438778312935856,False,1.4509288396978766,-5.13628905286707,,,,,,,,,,,,,,
DE_REAL_ESTATE,AT1.DE,DWNI.DE,Aroundtown SA                 B,Deutsche Wohnen SE            I,-1.6633506066886043,0.4500873329538354,0.05,0.01438778312935856,False,1.8852089565771604,-4.834754377178282,,,,,,,,,,,,,,
DE_REAL_ESTATE,AT1.DE,VNA.DE,Aroundtown SA                 B,Vonovia SE                    N,-1.4828098715488485,0.5419972649779529,0.05,0.01438778312935856,False,2.2008349717976623,-6.134244419971779,,,,,,,,,,,,,,
DE_REAL_ESTATE,AT1.DE,GYC.DE,Aroundtown SA                 B,Grand City Properties S.A.    A,-1.4590626693790554,0.5536565977776601,0.05,0.01438778312935856,False,2.767129155585987,-5.524765465945073,,,,,,,,,,,,,,
DE_SOFTWARE,NEM.DE,SAP.DE,Nemetschek SE                 I,SAP SE                        I,-3.1828073729044015,0.021001674854313125,0.05,,False,1.2302557861264027,-2.0246205781181015,,,,,,,,,,,,,,
DE_SOFTWARE,SAP.DE,TMV.DE,SAP SE                        I,TeamViewer SE                 I,-1.6772587237086103,0.44286590460686726,0.05,,False,0.4026291042781012,4.466591938578634,,,,,,,,,,,,,,
DE_SOFTWARE,NEM.DE,TMV.DE,Nemetschek SE                 I,TeamViewer SE                 I,-1.2067508334385815,0.6706849526085188,0.05,,False,0.5360225453839681,3.383031597099638,,,,,,,,,,,,,,
DE_UTILITIES_ENERGY,ENR.DE,EOAN.DE,Siemens Energy AG             N,E.ON SE                       N,-2.107026334628196,0.24169867960638375,0.05,,False,3.6225413597420153,-5.279688762377538,,,,,,,,,,,,,,
DE_UTILITIES_ENERGY,EOAN.DE,RWE.DE,E.ON SE                       N,RWE AG                        I,-1.9082478671800789,0.3281910572725079,0.05,,False,0.7328539179008552,0.004688127160937583,,,,,,,,,,,,,,
DE_UTILITIES_ENERGY,ENR.DE,RWE.DE,Siemens Energy AG             N,RWE AG                        I,-1.7857656900634922,0.3875511807687636,0.05,,False,2.767766784933244,-5.670476992807171,,,,,,,,,,,,,,
ENERGY_UTILITIES,SSE.L,SVT.L,SSE PLC ORD 50P,SEVERN TRENT PLC ORD 97 17/19P,-4.422894939160757,0.000270330504695069,0.05,0.000270330504695069,True,2.354211747837167,-11.042841677137922,9.876746822034853,-0.0002587821580657296,-0.07017970522576784,30.0,-0.055342684442893204,3.199203210336917,False,,0.2,-0.011480621403633765,-0.1991001513876636,-0.06057489673308697,True,mixed signal
ENERGY_UTILITIES,GCP.L,HICL.L,GCP INFRASTRUCTURE INVESTMENTS ,HICL INFRASTRUCTURE PLC ORD 0.0,-4.090220118890489,0.0010052099815169512,0.05,0.000270330504695069,False,0.7506188427565712,0.715707863721692,,,,,,,,,,,,,,
ENERGY_UTILITIES,NG.L,SVT.L,NATIONAL GRID PLC ORD 12 204/47,SEVERN TRENT PLC ORD 97 17/19P,-3.9471218382413653,0.0017141642541105625,0.05,0.000270330504695069,False,1.4376909952567534,-4.380791266554017,,,,,,,,,,,,,,
ENERGY_UTILITIES,ENOG.L,NG.L,ENERGEAN PLC ORD 1P,NATIONAL GRID PLC ORD 12 204/47,-3.890881819672699,0.0021029861424886422,0.05,0.000270330504695069,False,-0.5950542363263815,10.968613484531785,,,,,,,,,,,,,,
ENERGY_UTILITIES,ENOG.L,UU.L,ENERGEAN PLC ORD 1P,UNITED UTILITIES GROUP PLC ORD ,-3.8749557070121567,0.002227088586303409,0.05,0.000270330504695069,False,-0.6300806648617239,11.245740910837814,,,,,,,,,,,,,,
ENERGY_UTILITIES,ENOG.L,SVT.L,ENERGEAN PLC ORD 1P,SEVERN TRENT PLC ORD 97 17/19P,-3.771023405074177,0.003218093149365761,0.05,0.000270330504695069,False,-1.1195445572099776,15.662107883545719,,,,,,,,,,,,,,
ENERGY_UTILITIES,TRIG.L,UKW.L,THE RENEWABLES INFRASTRUCTURE G,GREENCOAT UK WIND PLC ORD 1P,-3.6385870002982603,0.0050647608582161125,0.05,0.000270330504695069,False,1.0814967758679315,-0.7392467291328462,,,,,,,,,,,,,,
ENERGY_UTILITIES,NG.L,UU.L,NATIONAL GRID PLC ORD 12 204/47,UNITED UTILITIES GROUP PLC ORD ,-3.5479384506898057,0.006837981424990357,0.05,0.000270330504695069,False,1.0504347005453394,-0.40644560684663844,,,,,,,,,,,,,,
ENERGY_UTILITIES,CNA.L,ENOG.L,CENTRICA PLC ORD 6 14/81P,ENERGEAN PLC ORD 1P,-3.4890967932987635,0.008271566775929837,0.05,0.000270330504695069,False,-3.422173737577061,28.36902271698366,,,,,,,,,,,,,,
ENERGY_UTILITIES,NG.L,SSE.L,NATIONAL GRID PLC ORD 12 204/47,SSE PLC ORD 50P,-3.403185798242162,0.0108507462131828,0.05,0.000270330504695069,False,0.613327455500213,2.3429962124561357,,,,,,,,,,,,,,
ENERGY_UTILITIES,BP.L,ENOG.L,BP PLC $0.25,ENERGEAN PLC ORD 1P,-3.373661436987931,0.011890198709684103,0.05,0.000270330504695069,False,-3.653986596927501,30.972627528914295,,,,,,,,,,,,,,
ENERGY_UTILITIES,BP.L,SVT.L,BP PLC $0.25,SEVERN TRENT PLC ORD 97 17/19P,-3.3624878214980476,0.012306097107738079,0.05,0.000270330504695069,False,2.192937335497282,-11.257873748169374,,,,,,,,,,,,,,
ENERGY_UTILITIES,HBR.L,PNN.L,HARBOUR ENERGY PLC ORD 0.002P,PENNON GROUP PLC ORD 61 1/20P,-3.3489945041974654,0.012825509197447136,0.05,0.000270330504695069,False,2.2524407080931614,-8.648734507365257,,,,,,,,,,,,,,
ENERGY_UTILITIES,ENOG.L,SSE.L,ENERGEAN PLC ORD 1P,SSE PLC ORD 50P,-3.3109438928336345,0.014396313460089813,0.05,0.000270330504695069,False,-0.24252702723405037,8.64850956650021,,,,,,,,,,,,,,
ENERGY_UTILITIES,ENOG.L,UKW.L,ENERGEAN PLC ORD 1P,GREENCOAT UK WIND PLC ORD 1P,-3.26327029381921,0.016602278842799214,0.05,0.000270330504695069,False,0.42538006559607716,4.799755145133286,,,,,,,,,,,,,,
ENERGY_UTILITIES,FSFL.L,SVT.L,FORESIGHT SOLAR FUND LIMITED OR,SEVERN TRENT PLC ORD 97 17/19P,-3.2287336030057494,0.018380557793729265,0.05,0.000270330504695069,False,-2.1160794245845493,21.05744701566735,,,,,,,,,,,,,,
ENERGY_UTILITIES,CNA.L,UKW.L,CENTRICA PLC ORD 6 14/81P,GREENCOAT UK WIND PLC ORD 1P,-3.176591642366546,0.021380263076782615,0.05,0.000270330504695069,False,-1.3817811845007137,11.593213725699137,,,,,,,,,,,,,,
ENERGY_UTILITIES,BP.L,NG.L,BP PLC $0.25,NATIONAL GRID PLC ORD 12 204/47,-3.1755602058361534,0.02144365546780235,0.05,0.000270330504695069,False,1.243603891369495,-2.6090770603093487,,,,,,,,,,,,,,
ENERGY_UTILITIES,CNA.L,SVT.L,CENTRICA PLC ORD 6 14/81P,SEVERN TRENT PLC ORD 97 17/19P,-3.1608893301865435,0.022363139975658867,0.05,0.000270330504695069,False,2.6139089152592314,-15.60869765850154,,,,,,,,,,,,,,
ENERGY_UTILITIES,ENOG.L,PNN.L,ENERGEAN PLC ORD 1P,PENNON GROUP PLC ORD 61 1/20P,-3.153090262817762,0.022865696589442867,0.05,0.000270330504695069,False,0.49627638455904105,3.7062640366700776,,,,,,,,,,,,,,
ENERGY_UTILITIES,GCP.L,INPP.L,GCP INFRASTRUCTURE INVESTMENTS ,INTERNATIONAL PUBLIC PARTNERSHI,-3.132959257937028,0.024208271081191203,0.05,0.000270330504695069,False,0.6092728049719253,1.3750138921765158,,,,,,,,,,,,,,
ENERGY_UTILITIES,GCP.L,HBR.L,GCP INFRASTRUCTURE INVESTMENTS ,HARBOUR ENERGY PLC ORD 0.002P,-3.128348092893696,0.024525198648197116,0.05,0.000270330504695069,False,0.11073219799799885,3.705274394380018,,,,,,,,,,,,,,
ENERGY_UTILITIES,GCP.L,SSE.L,GCP INFRASTRUCTURE INVESTMENTS ,SSE PLC ORD 50P,-3.12130095364878,0.025016458836179107,0.05,0.000270330504695069,False,0.0606806688539158,3.8508072154634583,,,,,,,,,,,,,,
ENERGY_UTILITIES,BP.L,SSE.L,BP PLC $0.25,SSE PLC ORD 50P,-3.0469859393804706,0.0307334375946148,0.05,0.000270330504695069,False,0.6553932240498264,1.116439823228899,,,,,,,,,,,,,,
ENERGY_UTILITIES,BP.L,GCP.L,BP PLC $0.25,GCP INFRASTRUCTURE INVESTMENTS ,-3.0457358066626727,0.030838420509176945,0.05,0.000270330504695069,False,9.448700473798182,-34.64827769368866,,,,,,,,,,,,,,
ENERGY_UTILITIES,ENOG.L,HICL.L,ENERGEAN PLC ORD 1P,HICL INFRASTRUCTURE PLC ORD 0.0,-2.998154117858541,0.03506714239318975,0.05,0.000270330504695069,False,-4.146866530960837,26.66976136778872,,,,,,,,,,,,,,
ENERGY_UTILITIES,ENOG.L,GCP.L,ENERGEAN PLC ORD 1P,GCP INFRASTRUCTURE INVESTMENTS ,-2.9795141024822867,0.03685232129991213,0.05,0.000270330504695069,False,-92.67530670635831,406.2163488702402,,,,,,,,,,,,,,
ENERGY_UTILITIES,DCC.L,GCP.L,DCC ENERGY PLC ORD EUR0.25 (CDI,GCP INFRASTRUCTURE INVESTMENTS ,-2.9789496224699548,0.03690755409190077,0.05,0.000270330504695069,False,5.085456035573509,-13.385022751490684,,,,,,,,,,,,,,
ENERGY_UTILITIES,INPP.L,SSE.L,INTERNATIONAL PUBLIC PARTNERSHI,SSE PLC ORD 50P,-2.978759981740181,0.03692612553057098,0.05,0.000270330504695069,False,0.24679947407168598,2.9503242639970413,,,,,,,,,,,,,,
ENERGY_UTILITIES,CNA.L,TRIG.L,CENTRICA PLC ORD 6 14/81P,THE RENEWABLES INFRASTRUCTURE G,-2.969744508739934,0.037818121295129514,0.05,0.000270330504695069,False,-1.2751565580983861,10.63775409857206,,,,,,,,,,,,,,
ENERGY_UTILITIES,GCP.L,SVT.L,GCP INFRASTRUCTURE INVESTMENTS ,SEVERN TRENT PLC ORD 97 17/19P,-2.9629820482589797,0.038499022443748074,0.05,0.000270330504695069,False,0.015244183324214232,4.189217242285536,,,,,,,,,,,,,,
ENERGY_UTILITIES,GCP.L,NG.L,GCP INFRASTRUCTURE INVESTMENTS ,NATIONAL GRID PLC ORD 12 204/47,-2.955578946083714,0.03925619123207473,0.05,0.000270330504695069,False,0.001975023003790841,4.295902630503174,,,,,,,,,,,,,,
ENERGY_UTILITIES,CNA.L,GCP.L,CENTRICA PLC ORD 6 14/81P,GCP INFRASTRUCTURE INVESTMENTS ,-2.9477577846892937,0.04006963051656323,0.05,0.000270330504695069,False,-38.59499682567823,171.38126398065847,,,,,,,,,,,,,,
ENERGY_UTILITIES,GCP.L,UU.L,GCP INFRASTRUCTURE INVESTMENTS ,UNITED UTILITIES GROUP PLC ORD ,-2.928250305510122,0.04216011949662083,0.05,0.000270330504695069,False,-0.031982908398524613,4.5346226751957435,,,,,,,,,,,,,,
ENERGY_UTILITIES,CNA.L,UU.L,CENTRICA PLC ORD 6 14/81P,UNITED UTILITIES GROUP PLC ORD ,-2.9223439231410233,0.04281071815011187,0.05,0.000270330504695069,False,1.7278335316802254,-7.102884176146586,,,,,,,,,,,,,,
ENERGY_UTILITIES,BP.L,UU.L,BP PLC $0.25,UNITED UTILITIES GROUP PLC ORD ,-2.899480015004232,0.04540849807406204,0.05,0.000270330504695069,False,1.3650179150322055,-3.527317186717986,,,,,,,,,,,,,,
ENERGY_UTILITIES,GCP.L,TRIG.L,GCP INFRASTRUCTURE INVESTMENTS ,THE RENEWABLES INFRASTRUCTURE G,-2.8845909740894493,0.04716942364107018,0.05,0.000270330504695069,False,0.13563905716858846,3.7151875537462424,,,,,,,,,,,,,,
ENERGY_UTILITIES,SSE.L,UU.L,SSE PLC ORD 50P,UNITED UTILITIES GROUP PLC ORD ,-2.878847833894371,0.04786357666072867,0.05,0.000270330504695069,False,1.752003262812673,-4.75937268006131,,,,,,,,,,,,,,
ENERGY_UTILITIES,SVT.L,TRIG.L,SEVERN TRENT PLC ORD 97 17/19P,THE RENEWABLES INFRASTRUCTURE G,-2.8546795575374806,0.05087767556036918,0.05,0.000270330504695069,False,-0.38797206900221903,9.603376055137534,,,,,,,,,,,,,,
ENERGY_UTILITIES,GCP.L,UKW.L,GCP INFRASTRUCTURE INVESTMENTS ,GREENCOAT UK WIND PLC ORD 1P,-2.8512136861220143,0.05132242797874336,0.05,0.000270330504695069,False,0.13727688869059493,3.6595147171418567,,,,,,,,,,,,,,
ENERGY_UTILITIES,INPP.L,SVT.L,INTERNATIONAL PUBLIC PARTNERSHI,SEVERN TRENT PLC ORD 97 17/19P,-2.8256003808779218,0.054708960919052814,0.05,0.000270330504695069,False,0.5586194600952871,0.40197198335613127,,,,,,,,,,,,,,
ENERGY_UTILITIES,GCP.L,PNN.L,GCP INFRASTRUCTURE INVESTMENTS ,PENNON GROUP PLC ORD 61 1/20P,-2.8235278330379816,0.054990782703578094,0.05,0.000270330504695069,False,0.16990745557734382,3.245555782890712,,,,,,,,,,,,,,
ENERGY_UTILITIES,UKW.L,UU.L,GREENCOAT UK WIND PLC ORD 1P,UNITED UTILITIES GROUP PLC ORD ,-2.8130379866206128,0.0564353840808431,0.05,0.000270330504695069,False,-1.3077597554719937,13.933561138289374,,,,,,,,,,,,,,
ENERGY_UTILITIES,FSFL.L,GCP.L,FORESIGHT SOLAR FUND LIMITED OR,GCP INFRASTRUCTURE INVESTMENTS ,-2.7666831781674968,0.06319268787634827,0.05,0.000270330504695069,False,6.788836810566056,-24.9235093310189,,,,,,,,,,,,,,
ENERGY_UTILITIES,CNA.L,NG.L,CENTRICA PLC ORD 6 14/81P,NATIONAL GRID PLC ORD 12 204/47,-2.7524285166878775,0.06539686410515183,0.05,0.000270330504695069,False,1.6398866617572645,-6.399509397316062,,,,,,,,,,,,,,
ENERGY_UTILITIES,HBR.L,HICL.L,HARBOUR ENERGY PLC ORD 0.002P,HICL INFRASTRUCTURE PLC ORD 0.0,-2.7493988294741283,0.06587319163707933,0.05,0.000270330504695069,False,6.18948131468174,-24.17703911391006,,,,,,,,,,,,,,
ENERGY_UTILITIES,SVT.L,UU.L,SEVERN TRENT PLC ORD 97 17/19P,UNITED UTILITIES GROUP PLC ORD ,-2.7381370907532547,0.06766816932818626,0.05,0.000270330504695069,False,0.730977261458908,2.7620237244657746,,,,,,,,,,,,,,
ENERGY_UTILITIES,HICL.L,INPP.L,HICL INFRASTRUCTURE PLC ORD 0.0,INTERNATIONAL PUBLIC PARTNERSHI,-2.7277893498691443,0.06935170423455832,0.05,0.000270330504695069,False,0.9056405574605922,0.42583871773700466,,,,,,,,,,,,,,
ENERGY_UTILITIES,DCC.L,HICL.L,DCC ENERGY PLC ORD EUR0.25 (CDI,HICL INFRASTRUCTURE PLC ORD 0.0,-2.704063239121655,0.07333778658311925,0.05,0.000270330504695069,False,2.815079889916514,-4.9469572106105115,,,,,,,,,,,,,,
ENERGY_UTILITIES,NG.L,UKW.L,NATIONAL GRID PLC ORD 12 204/47,GREENCOAT UK WIND PLC ORD 1P,-2.671067658388498,0.079180025929672,0.05,0.000270330504695069,False,-0.8205995179742486,10.867694771689436,,,,,,,,,,,,,,
ENERGY_UTILITIES,BP.L,FSFL.L,BP PLC $0.25,FORESIGHT SOLAR FUND LIMITED OR,-2.6618777852438975,0.08087055875693921,0.05,0.000270330504695069,False,-0.946537881562076,10.17525428309676,,,,,,,,,,,,,,
ENERGY_UTILITIES,PNN.L,TRIG.L,PENNON GROUP PLC ORD 61 1/20P,THE RENEWABLES INFRASTRUCTURE G,-2.605964189832399,0.09177084549435982,0.05,0.000270330504695069,False,0.5731242373573916,3.7510348354945457,,,,,,,,,,,,,,
ENERGY_UTILITIES,HICL.L,SSE.L,HICL INFRASTRUCTURE PLC ORD 0.0,SSE PLC ORD 50P,-2.596773768898553,0.09366589882497767,0.05,0.000270330504695069,False,0.13233628760678043,3.7872640502647013,,,,,,,,,,,,,,
ENERGY_UTILITIES,ENOG.L,TRIG.L,ENERGEAN PLC ORD 1P,THE RENEWABLES INFRASTRUCTURE G,-2.5851618294050285,0.09610295913766759,0.05,0.000270330504695069,False,0.3474510861041708,5.29158535596235,,,,,,,,,,,,,,
ENERGY_UTILITIES,INPP.L,UU.L,INTERNATIONAL PUBLIC PARTNERSHI,UNITED UTILITIES GROUP PLC ORD ,-2.568439359457957,0.09969721288603745,0.05,0.000270330504695069,False,0.35562827928387186,2.315594477266039,,,,,,,,,,,,,,
ENERGY_UTILITIES,ENOG.L,INPP.L,ENERGEAN PLC ORD 1P,INTERNATIONAL PUBLIC PARTNERSHI,-2.5583626349704747,0.10191178490482977,0.05,0.000270330504695069,False,-4.066214638745723,26.40014067474802,,,,,,,,,,,,,,
ENERGY_UTILITIES,CNA.L,FSFL.L,CENTRICA PLC ORD 6 14/81P,FORESIGHT SOLAR FUND LIMITED OR,-2.5404329709504077,0.10594385322860839,0.05,0.000270330504695069,False,-1.4284416193494216,11.240031991257563,,,,,,,,,,,,,,
ENERGY_UTILITIES,INPP.L,NG.L,INTERNATIONAL PUBLIC PARTNERSHI,NATIONAL GRID PLC ORD 12 204/47,-2.52892869199309,0.10859336735117359,0.05,0.000270330504695069,False,0.3070501919839361,2.6731266461859606,,,,,,,,,,,,,,
ENERGY_UTILITIES,CNA.L,PNN.L,CENTRICA PLC ORD 6 14/81P,PENNON GROUP PLC ORD 61 1/20P,-2.527312871467142,0.10896943747984328,0.05,0.000270330504695069,False,-4.046795260422456,30.393953822297938,,,,,,,,,,,,,,
ENERGY_UTILITIES,BP.L,HICL.L,BP PLC $0.25,HICL INFRASTRUCTURE PLC ORD 0.0,-2.4916773327729222,0.11751247436290863,0.05,0.000270330504695069,False,6.936972088189846,-27.14170666865537,,,,,,,,,,,,,,
ENERGY_UTILITIES,FSFL.L,TRIG.L,FORESIGHT SOLAR FUND LIMITED OR,THE RENEWABLES INFRASTRUCTURE G,-2.4893944075847725,0.11807615105510921,0.05,0.000270330504695069,False,0.9325124094287341,0.24709519202743646,,,,,,,,,,,,,,
ENERGY_UTILITIES,ENOG.L,FSFL.L,ENERGEAN PLC ORD 1P,FORESIGHT SOLAR FUND LIMITED OR,-2.48555817019005,0.11902783619195456,0.05,0.000270330504695069,False,0.29998437510780945,5.514240568796266,,,,,,,,,,,,,,
ENERGY_UTILITIES,BP.L,INPP.L,BP PLC $0.25,INTERNATIONAL PUBLIC PARTNERSHI,-2.480656905295281,0.12025192193289946,0.05,0.000270330504695069,False,3.607039486733288,-11.301284304757253,,,,,,,,,,,,,,
ENERGY_UTILITIES,HICL.L,SVT.L,HICL INFRASTRUCTURE PLC ORD 0.0,SEVERN TRENT PLC ORD 97 17/19P,-2.413453134908933,0.13797530678611442,0.05,0.000270330504695069,False,0.2987133686500203,2.427323403543896,,,,,,,,,,,,,,
ENERGY_UTILITIES,HBR.L,SVT.L,HARBOUR ENERGY PLC ORD 0.002P,SEVERN TRENT PLC ORD 97 17/19P,-2.4109735041503986,0.13866314168289356,0.05,0.000270330504695069,False,15.425718115632526,-116.44959514215549,,,,,,,,,,,,,,
ENERGY_UTILITIES,HICL.L,UU.L,HICL INFRASTRUCTURE PLC ORD 0.0,UNITED UTILITIES GROUP PLC ORD ,-2.4095330603134397,0.13906383097846126,0.05,0.000270330504695069,False,0.1641406065522611,3.63364411659457,,,,,,,,,,,,,,
ENERGY_UTILITIES,BP.L,UKW.L,BP PLC $0.25,GREENCOAT UK WIND PLC ORD 1P,-2.392128482355836,0.143970422873322,0.05,0.000270330504695069,False,-0.967000861241796,10.652642297370583,,,,,,,,,,,,,,
ENERGY_UTILITIES,FSFL.L,UKW.L,FORESIGHT SOLAR FUND LIMITED OR,GREENCOAT UK WIND PLC ORD 1P,-2.389558690731818,0.14470510347734422,0.05,0.000270330504695069,False,1.0163026154237058,-0.4791731853835941,,,,,,,,,,,,,,
ENERGY_UTILITIES,HICL.L,NG.L,HICL INFRASTRUCTURE PLC ORD 0.0,NATIONAL GRID PLC ORD 12 204/47,-2.3822739247583495,0.14680208985713683,0.05,0.000270330504695069,False,0.11769637782226931,3.9663711530195647,,,,,,,,,,,,,,
ENERGY_UTILITIES,FSFL.L,PNN.L,FORESIGHT SOLAR FUND LIMITED OR,PENNON GROUP PLC ORD 61 1/20P,-2.318641875786306,0.16602606364402628,0.05,0.000270330504695069,False,3.3359392995835124,-16.558797109196092,,,,,,,,,,,,,,
ENERGY_UTILITIES,NG.L,TRIG.L,NATIONAL GRID PLC ORD 12 204/47,THE RENEWABLES INFRASTRUCTURE G,-2.3005808173770497,0.1717807147816655,0.05,0.000270330504695069,False,-0.7211772644646716,10.142045299943625,,,,,,,,,,,,,,
ENERGY_UTILITIES,BP.L,PNN.L,BP PLC $0.25,PENNON GROUP PLC ORD 61 1/20P,-2.289071175818464,0.17551696503123254,0.05,0.000270330504695069,False,4.852193374474632,-24.31671444176593,,,,,,,,,,,,,,
ENERGY_UTILITIES,TRIG.L,UU.L,THE RENEWABLES INFRASTRUCTURE G,UNITED UTILITIES GROUP PLC ORD ,-2.285649428250206,0.17663809555262666,0.05,0.000270330504695069,False,-1.5161768190224523,15.046075750754117,,,,,,,,,,,,,,
ENERGY_UTILITIES,FSFL.L,UU.L,FORESIGHT SOLAR FUND LIMITED OR,UNITED UTILITIES GROUP PLC ORD ,-2.277304545821849,0.17939220559657582,0.05,0.000270330504695069,False,-1.361193602800482,13.90739512281327,,,,,,,,,,,,,,
ENERGY_UTILITIES,FSFL.L,SSE.L,FORESIGHT SOLAR FUND LIMITED OR,SSE PLC ORD 50P,-2.263072867190503,0.1841543402438458,0.05,0.000270330504695069,False,-0.6392049391067338,9.168113953576439,,,,,,,,,,,,,,
ENERGY_UTILITIES,HBR.L,INPP.L,HARBOUR ENERGY PLC ORD 0.002P,INTERNATIONAL PUBLIC PARTNERSHI,-2.2309039084957076,0.19522088344631855,0.05,0.000270330504695069,False,4.952653964926303,-18.39702647853901,,,,,,,,,,,,,,
ENERGY_UTILITIES,DCC.L,INPP.L,DCC ENERGY PLC ORD EUR0.25 (CDI,INTERNATIONAL PUBLIC PARTNERSHI,-2.2035616034055483,0.20495534077921207,0.05,0.000270330504695069,False,2.80041137615863,-4.956987194010589,,,,,,,,,,,,,,
ENERGY_UTILITIES,CNA.L,HICL.L,CENTRICA PLC ORD 6 14/81P,HICL INFRASTRUCTURE PLC ORD 0.0,-2.191416625901175,0.2093754629663982,0.05,0.000270330504695069,False,-258.3310522781853,1241.9446163010691,,,,,,,,,,,,,,
ENERGY_UTILITIES,BP.L,TRIG.L,BP PLC $0.25,THE RENEWABLES INFRASTRUCTURE G,-2.1581504012733106,0.22178336586344305,0.05,0.000270330504695069,False,-0.8288751206117838,9.705638746198447,,,,,,,,,,,,,,
ENERGY_UTILITIES,BP.L,CNA.L,BP PLC $0.25,CENTRICA PLC ORD 6 14/81P,-2.1429516223367915,0.22759776780695878,0.05,0.000270330504695069,False,0.6347241823214986,2.868120311590831,,,,,,,,,,,,,,
ENERGY_UTILITIES,HICL.L,TRIG.L,HICL INFRASTRUCTURE PLC ORD 0.0,THE RENEWABLES INFRASTRUCTURE G,-2.0996799238292008,0.24464332521679139,0.05,0.000270330504695069,False,0.16455812777018614,4.066771555746376,,,,,,,,,,,,,,
ENERGY_UTILITIES,SVT.L,UKW.L,SEVERN TRENT PLC ORD 97 17/19P,GREENCOAT UK WIND PLC ORD 1P,-2.0992612326852034,0.24481176730417448,0.05,0.000270330504695069,False,-0.4737336193999587,10.146617565485437,,,,,,,,,,,,,,
ENERGY_UTILITIES,PNN.L,UKW.L,PENNON GROUP PLC ORD 61 1/20P,GREENCOAT UK WIND PLC ORD 1P,-2.0759417441978547,0.2542979224156243,0.05,0.000270330504695069,False,0.6290357877356813,3.2837633715246493,,,,,,,,,,,,,,
ENERGY_UTILITIES,HICL.L,PNN.L,HICL INFRASTRUCTURE PLC ORD 0.0,PENNON GROUP PLC ORD 61 1/20P,-2.049244215039908,0.26540702050656995,0.05,0.000270330504695069,False,0.27282512196421443,3.079315442160088,,,,,,,,,,,,,,
ENERGY_UTILITIES,HBR.L,SSE.L,HARBOUR ENERGY PLC ORD 0.002P,SSE PLC ORD 50P,-2.0414501737657615,0.2686994179427703,0.05,0.000270330504695069,False,1.0517165953776675,-2.4950005907519976,,,,,,,,,,,,,,
ENERGY_UTILITIES,HICL.L,UKW.L,HICL INFRASTRUCTURE PLC ORD 0.0,GREENCOAT UK WIND PLC ORD 1P,-2.029303704201184,0.27387405671084586,0.05,0.000270330504695069,False,0.1410099200078318,4.120169847135523,,,,,,,,,,,,,,
ENERGY_UTILITIES,FSFL.L,NG.L,FORESIGHT SOLAR FUND LIMITED OR,NATIONAL GRID PLC ORD 12 204/47,-1.9986431805916263,0.28716833391117635,0.05,0.000270330504695069,False,-1.257945138240931,13.1161692166732,,,,,,,,,,,,,,
ENERGY_UTILITIES,BP.L,DCC.L,BP PLC $0.25,DCC ENERGY PLC ORD EUR0.25 (CDI,-1.9252450994969066,0.3202797883938465,0.05,0.000270330504695069,False,3.3491794103952977,-22.50156035102275,,,,,,,,,,,,,,
ENERGY_UTILITIES,DCC.L,HBR.L,DCC ENERGY PLC ORD EUR0.25 (CDI,HARBOUR ENERGY PLC ORD 0.002P,-1.8947967560699372,0.33451282622699174,0.05,0.000270330504695069,False,0.26612512415042566,7.079112429020711,,,,,,,,,,,,,,
ENERGY_UTILITIES,SSE.L,UKW.L,SSE PLC ORD 50P,GREENCOAT UK WIND PLC ORD 1P,-1.872314266439138,0.3451953106841068,0.05,0.000270330504695069,False,-1.6807362200177072,15.522629959844028,,,,,,,,,,,,,,
ENERGY_UTILITIES,PNN.L,SVT.L,PENNON GROUP PLC ORD 61 1/20P,SEVERN TRENT PLC ORD 97 17/19P,-1.861550676123959,0.3503593214140238,0.05,0.000270330504695069,False,3.1552159969938915,-18.67234040808822,,,,,,,,,,,,,,
ENERGY_UTILITIES,DCC.L,SVT.L,DCC ENERGY PLC ORD EUR0.25 (CDI,SEVERN TRENT PLC ORD 97 17/19P,-1.8416522982940977,0.3599872145558643,0.05,0.000270330504695069,False,-0.04722586342332769,8.904940462601198,,,,,,,,,,,,,,
ENERGY_UTILITIES,CNA.L,DCC.L,CENTRICA PLC ORD 6 14/81P,DCC ENERGY PLC ORD EUR0.25 (CDI,-1.8351743609504323,0.36314365800136905,0.05,0.000270330504695069,False,-9.277431405885437,84.20120926454882,,,,,,,,,,,,,,
ENERGY_UTILITIES,FSFL.L,INPP.L,FORESIGHT SOLAR FUND LIMITED OR,INTERNATIONAL PUBLIC PARTNERSHI,-1.795626836564562,0.382634999234117,0.05,0.000270330504695069,False,-15.511958015512926,79.05052946307377,,,,,,,,,,,,,,
ENERGY_UTILITIES,CNA.L,INPP.L,CENTRICA PLC ORD 6 14/81P,INTERNATIONAL PUBLIC PARTNERSHI,-1.7830812552202069,0.38889313963848504,0.05,0.000270330504695069,False,9.972761402975623,-42.9869032859287,,,,,,,,,,,,,,
ENERGY_UTILITIES,DCC.L,UU.L,DCC ENERGY PLC ORD EUR0.25 (CDI,UNITED UTILITIES GROUP PLC ORD ,-1.771804638589079,0.39454699869699317,0.05,0.000270330504695069,False,-0.09942540351749968,9.230966513150197,,,,,,,,,,,,,,
ENERGY_UTILITIES,SSE.L,TRIG.L,SSE PLC ORD 50P,THE RENEWABLES INFRASTRUCTURE G,-1.7351959360139695,0.41307574411868553,0.05,0.000270330504695069,False,-1.586286455850497,14.514924013433074,,,,,,,,,,,,,,
ENERGY_UTILITIES,ENOG.L,HBR.L,ENERGEAN PLC ORD 1P,HARBOUR ENERGY PLC ORD 0.002P,-1.7223618515836299,0.41962936196532447,0.05,0.000270330504695069,False,0.15800248094298988,5.9520214401339455,,,,,,,,,,,,,,
ENERGY_UTILITIES,NG.L,PNN.L,NATIONAL GRID PLC ORD 12 204/47,PENNON GROUP PLC ORD 61 1/20P,-1.719392494331756,0.42114959297041304,0.05,0.000270330504695069,False,3.534496764609363,-15.155502820802177,,,,,,,,,,,,,,
ENERGY_UTILITIES,DCC.L,NG.L,DCC ENERGY PLC ORD EUR0.25 (CDI,NATIONAL GRID PLC ORD 12 204/47,-1.717444386697125,0.4221477556249419,0.05,0.000270330504695069,False,-0.1602942953674075,9.6507561650361,,,,,,,,,,,,,,
ENERGY_UTILITIES,DCC.L,TRIG.L,DCC ENERGY PLC ORD EUR0.25 (CDI,THE RENEWABLES INFRASTRUCTURE G,-1.697125663930786,0.43259402648852463,0.05,0.000270330504695069,False,0.15152999170983153,7.86756643621537,,,,,,,,,,,,,,
ENERGY_UTILITIES,DCC.L,SSE.L,DCC ENERGY PLC ORD EUR0.25 (CDI,SSE PLC ORD 50P,-1.6744453623366586,0.4443247463485861,0.05,0.000270330504695069,False,0.008455933027502291,8.467773031912426,,,,,,,,,,,,,,
ENERGY_UTILITIES,INPP.L,UKW.L,INTERNATIONAL PUBLIC PARTNERSHI,GREENCOAT UK WIND PLC ORD 1P,-1.6716331039442835,0.4457840096829676,0.05,0.000270330504695069,False,-0.026837389534244308,4.943795643770607,,,,,,,,,,,,,,
ENERGY_UTILITIES,DCC.L,UKW.L,DCC ENERGY PLC ORD EUR0.25 (CDI,GREENCOAT UK WIND PLC ORD 1P,-1.6714795630384836,0.44586370932066693,0.05,0.000270330504695069,False,0.1912908318972936,7.625720398607052,,,,,,,,,,,,,,
ENERGY_UTILITIES,PNN.L,SSE.L,PENNON GROUP PLC ORD 61 1/20P,SSE PLC ORD 50P,-1.6106582699340664,0.47763007974483884,0.05,0.000270330504695069,False,0.3013346495046053,3.984253078617568,,,,,,,,,,,,,,
ENERGY_UTILITIES,DCC.L,FSFL.L,DCC ENERGY PLC ORD EUR0.25 (CDI,FORESIGHT SOLAR FUND LIMITED OR,-1.592135453023308,0.4875429322113748,0.05,0.000270330504695069,False,0.04492800368601983,8.336988652822201,,,,,,,,,,,,,,
ENERGY_UTILITIES,FSFL.L,HICL.L,FORESIGHT SOLAR FUND LIMITED OR,HICL INFRASTRUCTURE PLC ORD 0.0,-1.5405009773701122,0.5133895031965661,0.05,0.000270330504695069,False,7.2479678720718255,-30.369183546425127,,,,,,,,,,,,,,
ENERGY_UTILITIES,INPP.L,TRIG.L,INTERNATIONAL PUBLIC PARTNERSHI,THE RENEWABLES INFRASTRUCTURE G,-1.534730118000898,0.516266275231036,0.05,0.000270330504695069,False,0.02875920459145066,4.6906364580897515,,,,,,,,,,,,,,
ENERGY_UTILITIES,INPP.L,PNN.L,INTERNATIONAL PUBLIC PARTNERSHI,PENNON GROUP PLC ORD 61 1/20P,-1.5114499731174162,0.5278397885855127,0.05,0.000270330504695069,False,0.3510767213727904,2.6178848851592527,,,,,,,,,,,,,,
ENERGY_UTILITIES,CNA.L,HBR.L,CENTRICA PLC ORD 6 14/81P,HARBOUR ENERGY PLC ORD 0.002P,-1.5027333599279031,0.5321587540799312,0.05,0.000270330504695069,False,-0.8079777942643654,9.459004383699545,,,,,,,,,,,,,,
ENERGY_UTILITIES,HBR.L,TRIG.L,HARBOUR ENERGY PLC ORD 0.002P,THE RENEWABLES INFRASTRUCTURE G,-1.4678479954938277,0.5493523145627874,0.05,0.000270330504695069,False,2.031888177654448,-3.4473614465773945,,,,,,,,,,,,,,
ENERGY_UTILITIES,HBR.L,UKW.L,HARBOUR ENERGY PLC ORD 0.002P,GREENCOAT UK WIND PLC ORD 1P,-1.4567251507589327,0.5547999565567536,0.05,0.000270330504695069,False,2.420800935107888,-6.007126497897854,,,,,,,,,,,,,,
ENERGY_UTILITIES,FSFL.L,HBR.L,FORESIGHT SOLAR FUND LIMITED OR,HARBOUR ENERGY PLC ORD 0.002P,-1.4534084889210603,0.5564208544968667,0.05,0.000270330504695069,False,0.08390890625800981,3.8762715038314384,,,,,,,,,,,,,,
ENERGY_UTILITIES,CNA.L,SSE.L,CENTRICA PLC ORD 6 14/81P,SSE PLC ORD 50P,-1.396046453573394,0.584170023847203,0.05,0.000270330504695069,False,0.9850269192394617,-2.400264033373017,,,,,,,,,,,,,,
ENERGY_UTILITIES,BP.L,HBR.L,BP PLC $0.25,HARBOUR ENERGY PLC ORD 0.002P,-1.3947372612188425,0.5847965248556685,0.05,0.000270330504695069,False,0.5829697462441619,2.89063891854894,,,,,,,,,,,,,,
ENERGY_UTILITIES,HBR.L,NG.L,HARBOUR ENERGY PLC ORD 0.002P,NATIONAL GRID PLC ORD 12 204/47,-1.2493930313528205,0.6519956553671429,0.05,0.000270330504695069,False,57.66734934375679,-397.1255534707668,,,,,,,,,,,,,,
ENERGY_UTILITIES,DCC.L,PNN.L,DCC ENERGY PLC ORD EUR0.25 (CDI,PENNON GROUP PLC ORD 61 1/20P,-1.228065052817592,0.6614078429160573,0.05,0.000270330504695069,False,0.2995026285883175,6.655926380253208,,,,,,,,,,,,,,
ENERGY_UTILITIES,DCC.L,ENOG.L,DCC ENERGY PLC ORD EUR0.25 (CDI,ENERGEAN PLC ORD 1P,-1.0824084157022618,0.7220360013067921,0.05,0.000270330504695069,False,0.24484482119643142,6.863234832880586,,,,,,,,,,,,,,
ENERGY_UTILITIES,HBR.L,UU.L,HARBOUR ENERGY PLC ORD 0.002P,UNITED UTILITIES GROUP PLC ORD ,-1.0577846496193422,0.7316101053554642,0.05,0.000270330504695069,False,39.663910400062065,-273.4933774837569,,,,,,,,,,,,,,
ENERGY_UTILITIES,PNN.L,UU.L,PENNON GROUP PLC ORD 61 1/20P,UNITED UTILITIES GROUP PLC ORD ,-0.9647108833141083,0.7659166837780977,0.05,0.000270330504695069,False,0.994125839969217,-0.7285474148175073,,,,,,,,,,,,,,
ES_BANKS,CABK.MC,SAN.MC,"CAIXABANK, S.A.",BANCO SANTANDER S.A.,-4.38998459364638,0.00030918431591053764,0.05,0.00030918431591053764,True,0.8872713024125811,0.2736253509891622,9.324884471997102,0.0001750706649009959,-0.07433305824232851,28.0,-0.24488433636372461,2.882165291881147,False,,0.6,-0.0002852676208174739,-0.38665159835388363,-2.297315792905481,True,reversion signs agree
ES_BANKS,BBVA.MC,SAN.MC,BANCO BILBAO VIZCAYA ARGENTARIA,BANCO SANTANDER S.A.,-3.40645999444368,0.010740612280891772,0.05,0.00030918431591053764,False,0.9191798676385027,0.8087665652081926,,,,,,,,,,,,,,
ES_BANKS,BKT.MC,SAB.MC,"BANKINTER, S.A.",BANCO DE SABADELL,-3.030639570498785,0.032130440504690196,0.05,0.00030918431591053764,False,1.0196856858379553,1.5433502662945544,,,,,,,,,,,,,,
ES_BANKS,BKT.MC,SAN.MC,"BANKINTER, S.A.",BANCO SANTANDER S.A.,-2.951318746097256,0.03969754078174695,0.05,0.00030918431591053764,False,0.791651332353669,0.812973377527576,,,,,,,,,,,,,,
ES_BANKS,BBVA.MC,CABK.MC,BANCO BILBAO VIZCAYA ARGENTARIA,"CAIXABANK, S.A.",-2.9346132399493805,0.0414684728994509,0.05,0.00030918431591053764,False,1.0362325210673808,0.5247701446473001,,,,,,,,,,,,,,
ES_BANKS,BBVA.MC,BKT.MC,BANCO BILBAO VIZCAYA ARGENTARIA,"BANKINTER, S.A.",-2.500213001112762,0.11542250788974706,0.05,0.00030918431591053764,False,1.1620411249117752,-0.1373756976938454,,,,,,,,,,,,,,
ES_BANKS,SAB.MC,SAN.MC,BANCO DE SABADELL,BANCO SANTANDER S.A.,-1.5923740643575481,0.4874231415743401,0.05,0.00030918431591053764,False,0.7730532072599193,-0.7099526195374132,,,,,,,,,,,,,,
ES_BANKS,BBVA.MC,SAB.MC,BANCO BILBAO VIZCAYA ARGENTARIA,BANCO DE SABADELL,-1.504742225498594,0.5311641369515637,0.05,0.00030918431591053764,False,1.1889199312362533,1.6529988716704587,,,,,,,,,,,,,,
ES_BANKS,CABK.MC,SAB.MC,"CAIXABANK, S.A.",BANCO DE SABADELL,-1.1217254907566123,0.7063307325074419,0.05,0.00030918431591053764,False,1.146698717320794,1.0892765692647526,,,,,,,,,,,,,,
ES_BANKS,BKT.MC,CABK.MC,"BANKINTER, S.A.","CAIXABANK, S.A.",-0.6746712419636354,0.8532016340983181,0.05,0.00030918431591053764,False,0.8921803135854197,0.5689367313924629,,,,,,,,,,,,,,
ES_UTILITIES,RED.MC,SLR.MC,"REDEIA CORPORACION, S.A.",SOLARIA ENERGIA Y MEDIO AMBIENT,-3.312183250068678,0.014342589040567429,0.05,,False,-0.10194293915908251,2.981190431403008,,,,,,,,,,,,,,
ES_UTILITIES,ENC.MC,IBE.MC,"ENCE ENERGIA Y CELULOSA, S.A.",ACCIONES IBERDROLA,-3.26854953817225,0.016344192712276377,0.05,,False,-0.6243143422180777,2.7099437744527073,,,,,,,,,,,,,,
ES_UTILITIES,ENC.MC,SLR.MC,"ENCE ENERGIA Y CELULOSA, S.A.",SOLARIA ENERGIA Y MEDIO AMBIENT,-3.229435788109764,0.018342806737172358,0.05,,False,-0.2613393258871393,1.672095929847127,,,,,,,,,,,,,,
ES_UTILITIES,IBE.MC,NTGY.MC,ACCIONES IBERDROLA,"NATURGY ENERGY GROUP, S.A.",-2.9656875889918513,0.03822538146938817,0.05,,False,1.737406045392812,-2.758332354856819,,,,,,,,,,,,,,
ES_UTILITIES,NTGY.MC,SLR.MC,"NATURGY ENERGY GROUP, S.A.",SOLARIA ENERGIA Y MEDIO AMBIENT,-2.8186273024995594,0.0556618591575476,0.05,,False,0.1671682085105689,2.7289513572955686,,,,,,,,,,,,,,
ES_UTILITIES,ENC.MC,RED.MC,"ENCE ENERGIA Y CELULOSA, S.A.","REDEIA CORPORACION, S.A.",-2.7943968012089697,0.05907861341857254,0.05,,False,3.329276684661241,-8.057862224767955,,,,,,,,,,,,,,
ES_UTILITIES,IBE.MC,RED.MC,ACCIONES IBERDROLA,"REDEIA CORPORACION, S.A.",-2.6897252809492795,0.07583318258303237,0.05,,False,-8.296341247518288,25.32688791925199,,,,,,,,,,,,,,
ES_UTILITIES,NTGY.MC,RED.MC,"NATURGY ENERGY GROUP, S.A.","REDEIA CORPORACION, S.A.",-2.392894724444587,0.1437518709891208,0.05,,False,-10.60444006098464,32.05685104846635,,,,,,,,,,,,,,
ES_UTILITIES,IBE.MC,SLR.MC,ACCIONES IBERDROLA,SOLARIA ENERGIA Y MEDIO AMBIENT,-2.3622554834099825,0.15267404953506442,0.05,,False,0.3774923747837946,1.7652112342544026,,,,,,,,,,,,,,
ES_UTILITIES,ENC.MC,NTGY.MC,"ENCE ENERGIA Y CELULOSA, S.A.","NATURGY ENERGY GROUP, S.A.",-2.058842173514656,0.2613830012787187,0.05,,False,-1.175366771218814,4.717387077219033,,,,,,,,,,,,,,
FINANCIALS,ABDN.L,MNG.L,ABERDEEN GROUP PLC ORD 13 61/63,M&G PLC,-4.78032366996139,5.93008342884836e-05,0.05,5.93008342884836e-05,True,0.9939588244639318,-0.2736313994066064,13.276065097023437,-3.118405148176307e-05,-0.05221028787478245,40.0,1.5694380477927397,3.318377502547267,False,,0.8,0.01651524269343849,0.5957350839719547,0.12024274051612555,False,mixed signal
FINANCIALS,BEZ.L,ICG.L,BEAZLEY PLC ORD 5P,ICG PLC ORD 26 1/4P,-4.254146376323046,0.0005328299305532678,0.05,5.93008342884836e-05,False,-2.2177456198601058,23.673225548755095,,,,,,,,,,,,,,
FINANCIALS,BGEO.L,LGEN.L,LION FINANCE GROUP PLC ORD 1P,LEGAL & GENERAL GROUP PLC ORD 2,-3.8721370486401776,0.0022497457687632623,0.05,5.93008342884836e-05,False,6.339147044527076,-26.020089726929243,,,,,,,,,,,,,,
FINANCIALS,HSBA.L,LGEN.L,HSBC HOLDINGS PLC ORD $0.50 (UK,LEGAL & GENERAL GROUP PLC ORD 2,-3.8221962935744545,0.0026882095277718874,0.05,5.93008342884836e-05,False,4.333347101373251,-16.963380194140363,,,,,,,,,,,,,,
FINANCIALS,LGEN.L,STAN.L,LEGAL & GENERAL GROUP PLC ORD 2,STANDARD CHARTERED PLC ORD USD0,-3.6661419173127885,0.0046154042041048485,0.05,5.93008342884836e-05,False,0.1729895045905862,4.259952770367842,,,,,,,,,,,,,,
FINANCIALS,LGEN.L,MNG.L,LEGAL & GENERAL GROUP PLC ORD 2,M&G PLC,-3.656253323713418,0.004772304961116024,0.05,5.93008342884836e-05,False,0.33835720713370804,3.6346813005267027,,,,,,,,,,,,,,
FINANCIALS,ASHM.L,INVP.L,ASHMORE GROUP PLC ORD 0.01P,INVESTEC PLC ORD GBP0.0002,-3.6544552436878774,0.0048013516953345405,0.05,5.93008342884836e-05,False,1.9586911612790014,-7.217300199341033,,,,,,,,,,,,,,
FINANCIALS,BARC.L,LGEN.L,BARCLAYS PLC ORD 25P,LEGAL & GENERAL GROUP PLC ORD 2,-3.6273662552829986,0.005258888127512051,0.05,5.93008342884836e-05,False,4.668755336645533,-19.83947853193395,,,,,,,,,,,,,,
FINANCIALS,LGEN.L,LLOY.L,LEGAL & GENERAL GROUP PLC ORD 2,LLOYDS BANKING GROUP PLC ORD 10,-3.6093048037323037,0.00558561134554038,0.05,5.93008342884836e-05,False,0.24882415004239092,4.415692710667109,,,,,,,,,,,,,,
FINANCIALS,ICG.L,LGEN.L,ICG PLC ORD 26 1/4P,LEGAL & GENERAL GROUP PLC ORD 2,-3.5533872291347564,0.006717302732931405,0.05,5.93008342884836e-05,False,-2.6035519986730056,21.903938636092434,,,,,,,,,,,,,,
FINANCIALS,ABDN.L,LGEN.L,ABERDEEN GROUP PLC ORD 13 61/63,LEGAL & GENERAL GROUP PLC ORD 2,-3.511363404186714,0.007700008862374451,0.05,5.93008342884836e-05,False,2.9972700067679456,-11.2785553410808,,,,,,,,,,,,,,
FINANCIALS,PRU.L,STJ.L,PRUDENTIAL PLC ORD 5P,ST. JAMES'S PLACE PLC ORD 15P,-3.429250488658807,0.010001233625215942,0.05,5.93008342884836e-05,False,0.8466966708797318,0.8748095060733627,,,,,,,,,,,,,,
FINANCIALS,ICG.L,SDR.L,ICG PLC ORD 26 1/4P,SCHRODERS PLC ORD 20P,-3.4146130009671025,0.010470688742927814,0.05,5.93008342884836e-05,False,-0.38546976902999347,9.91180494824319,,,,,,,,,,,,,,
FINANCIALS,NWG.L,PRU.L,NATWEST GROUP PLC ORD 107.69P,PRUDENTIAL PLC ORD 5P,-3.3914312885691547,0.011254469855315538,0.05,5.93008342884836e-05,False,0.9754775652992009,-0.4195934779663819,,,,,,,,,,,,,,
FINANCIALS,AV.L,PRU.L,AVIVA PLC ORD 32 17/19P,PRUDENTIAL PLC ORD 5P,-3.383794842213856,0.011523866392350422,0.05,5.93008342884836e-05,False,0.5940118670861984,2.335106011123215,,,,,,,,,,,,,,
FINANCIALS,LGEN.L,NWG.L,LEGAL & GENERAL GROUP PLC ORD 2,NATWEST GROUP PLC ORD 107.69P,-3.374199593233366,0.011870486725199842,0.05,5.93008342884836e-05,False,0.2511447630568479,3.940482231429369,,,,,,,,,,,,,,
FINANCIALS,BEZ.L,SDR.L,BEAZLEY PLC ORD 5P,SCHRODERS PLC ORD 20P,-3.3110401148588777,0.014392136019568513,0.05,5.93008342884836e-05,False,0.9627032489152589,1.0463749795848791,,,,,,,,,,,,,,
FINANCIALS,BGEO.L,LLOY.L,LION FINANCE GROUP PLC ORD 1P,LLOYDS BANKING GROUP PLC ORD 10,-3.307927107271259,0.014527829753968843,0.05,5.93008342884836e-05,False,1.5635399377922523,2.0312797211928073,,,,,,,,,,,,,,
FINANCIALS,LGEN.L,SDR.L,LEGAL & GENERAL GROUP PLC ORD 2,SCHRODERS PLC ORD 20P,-3.246776166453982,0.01743180415882354,0.05,5.93008342884836e-05,False,0.2491749650835944,4.0012126540525434,,,,,,,,,,,,,,
FINANCIALS,BEZ.L,LGEN.L,BEAZLEY PLC ORD 5P,LEGAL & GENERAL GROUP PLC ORD 2,-3.2368029118804595,0.017950800055939204,0.05,5.93008342884836e-05,False,3.9005749433792354,-14.615819107442661,,,,,,,,,,,,,,
FINANCIALS,ABDN.L,BGEO.L,ABERDEEN GROUP PLC ORD 13 61/63,LION FINANCE GROUP PLC ORD 1P,-3.2271616599129063,0.018465315164407546,0.05,5.93008342884836e-05,False,0.44835409519044894,1.2393475683541917,,,,,,,,,,,,,,
FINANCIALS,NWG.L,STAN.L,NATWEST GROUP PLC ORD 107.69P,STANDARD CHARTERED PLC ORD USD0,-3.1979933439750474,0.02010112656569075,0.05,5.93008342884836e-05,False,0.6916900963842422,1.2515074455308577,,,,,,,,,,,,,,
FINANCIALS,BARC.L,NWG.L,BARCLAYS PLC ORD 25P,NATWEST GROUP PLC ORD 107.69P,-3.1862689432642424,0.02079337174988987,0.05,5.93008342884836e-05,False,1.1899184954756972,-1.549709221468051,,,,,,,,,,,,,,
FINANCIALS,BARC.L,STAN.L,BARCLAYS PLC ORD 25P,STANDARD CHARTERED PLC ORD USD0,-3.087785702725322,0.027470405565645836,0.05,5.93008342884836e-05,False,0.8279244127435428,-0.0951896162296153,,,,,,,,,,,,,,
FINANCIALS,ABDN.L,LLOY.L,ABERDEEN GROUP PLC ORD 13 61/63,LLOYDS BANKING GROUP PLC ORD 10,-3.0477605046123557,0.030668544360444132,0.05,5.93008342884836e-05,False,0.7246216690737407,2.0480187177322757,,,,,,,,,,,,,,
FINANCIALS,BGEO.L,MNG.L,LION FINANCE GROUP PLC ORD 1P,M&G PLC,-3.0180482802285393,0.03324294991074378,0.05,5.93008342884836e-05,False,2.127386520903125,-2.883213651634078,,,,,,,,,,,,,,
FINANCIALS,LLOY.L,PRU.L,LLOYDS BANKING GROUP PLC ORD 10,PRUDENTIAL PLC ORD 5P,-3.0024447168681734,0.03466672435493126,0.05,5.93008342884836e-05,False,1.0130144845825866,-2.525634437548936,,,,,,,,,,,,,,
FINANCIALS,BNKR.L,LGEN.L,BANKERS INVESTMENT TRUST PLC OR,LEGAL & GENERAL GROUP PLC ORD 2,-2.967842600014174,0.03800859130550953,0.05,5.93008342884836e-05,False,1.467408423393033,-3.2442291084276853,,,,,,,,,,,,,,
FINANCIALS,ICG.L,LLOY.L,ICG PLC ORD 26 1/4P,LLOYDS BANKING GROUP PLC ORD 10,-2.9396845092271247,0.04092403301666723,0.05,5.93008342884836e-05,False,-0.29866855851390295,8.897607816010066,,,,,,,,,,,,,,
FINANCIALS,HSBA.L,ICG.L,HSBC HOLDINGS PLC ORD $0.50 (UK,ICG PLC ORD 26 1/4P,-2.9182914749314293,0.043261920336171114,0.05,5.93008342884836e-05,False,-3.595611037227973,34.182476649599735,,,,,,,,,,,,,,
FINANCIALS,ICG.L,MNG.L,ICG PLC ORD 26 1/4P,M&G PLC,-2.915940579163903,0.043525478888801816,0.05,5.93008342884836e-05,False,-0.41922516405561877,9.906903138033032,,,,,,,,,,,,,,
FINANCIALS,BGEO.L,ICG.L,LION FINANCE GROUP PLC ORD 1P,ICG PLC ORD 26 1/4P,-2.908941605926012,0.04431804701038392,0.05,5.93008342884836e-05,False,-5.368290114540515,49.624116843662065,,,,,,,,,,,,,,
FINANCIALS,BGEO.L,HSBA.L,LION FINANCE GROUP PLC ORD 1P,HSBC HOLDINGS PLC ORD $0.50 (UK,-2.890071617246818,0.0465147746267286,0.05,5.93008342884836e-05,False,1.468588240435649,-1.2438183558506868,,,,,,,,,,,,,,
FINANCIALS,BGEO.L,NWG.L,LION FINANCE GROUP PLC ORD 1P,NATWEST GROUP PLC ORD 107.69P,-2.887011068044167,0.046879416809977495,0.05,5.93008342884836e-05,False,1.639150336719002,-1.3317467324597079,,,,,,,,,,,,,,
FINANCIALS,ABDN.L,STAN.L,ABERDEEN GROUP PLC ORD 13 61/63,STANDARD CHARTERED PLC ORD USD0,-2.8849072586941586,0.047131438343832203,0.05,5.93008342884836e-05,False,0.49076938141834026,1.6870936974976467,,,,,,,,,,,,,,
FINANCIALS,ASHM.L,ICG.L,ASHMORE GROUP PLC ORD 0.01P,ICG PLC ORD 26 1/4P,-2.8803701168419495,0.04767876755669504,0.05,5.93008342884836e-05,False,-2.2379460726755864,22.204466744760737,,,,,,,,,,,,,,
FINANCIALS,ABDN.L,HSBA.L,ABERDEEN GROUP PLC ORD 13 61/63,HSBC HOLDINGS PLC ORD $0.50 (UK,-2.856906012513418,0.050593642177106365,0.05,5.93008342884836e-05,False,0.6638048694604453,0.6450649813619176,,,,,,,,,,,,,,
FINANCIALS,BARC.L,BGEO.L,BARCLAYS PLC ORD 25P,LION FINANCE GROUP PLC ORD 1P,-2.8468557928318603,0.05188616921511505,0.05,5.93008342884836e-05,False,0.7344753234341682,-0.6580259788399205,,,,,,,,,,,,,,
FINANCIALS,ABDN.L,JUP.L,ABERDEEN GROUP PLC ORD 13 61/63,JUPITER FUND MANAGEMENT PLC ORD,-2.83832137850683,0.05300489124021775,0.05,5.93008342884836e-05,False,0.4694275920218701,2.9710141885444132,,,,,,,,,,,,,,
FINANCIALS,LGEN.L,PRU.L,LEGAL & GENERAL GROUP PLC ORD 2,PRUDENTIAL PLC ORD 5P,-2.804212597818018,0.05767454345587973,0.05,5.93008342884836e-05,False,0.2346700416664258,3.9048593314191615,,,,,,,,,,,,,,
FINANCIALS,AV.L,STJ.L,AVIVA PLC ORD 32 17/19P,ST. JAMES'S PLACE PLC ORD 15P,-2.7849996390430944,0.060448615435514254,0.05,5.93008342884836e-05,False,0.49367936037716253,2.919197039796662,,,,,,,,,,,,,,
FINANCIALS,ABDN.L,ICG.L,ABERDEEN GROUP PLC ORD 13 61/63,ICG PLC ORD 26 1/4P,-2.7668884414731623,0.06316139024353631,0.05,5.93008342884836e-05,False,-2.872760088178443,27.031937181892793,,,,,,,,,,,,,,
FINANCIALS,ADM.L,AV.L,ADMIRAL GROUP PLC ORD 0.1P,AVIVA PLC ORD 32 17/19P,-2.76567422063022,0.06334671064549124,0.05,5.93008342884836e-05,False,0.7049451639899459,3.5334950477821465,,,,,,,,,,,,,,
FINANCIALS,NWG.L,STJ.L,NATWEST GROUP PLC ORD 107.69P,ST. JAMES'S PLACE PLC ORD 15P,-2.7565585117917175,0.06475199766590221,0.05,5.93008342884836e-05,False,0.8395029677675042,0.33941602229642065,,,,,,,,,,,,,,
FINANCIALS,JUP.L,LGEN.L,JUPITER FUND MANAGEMENT PLC ORD,LEGAL & GENERAL GROUP PLC ORD 2,-2.75479085734747,0.06502737578529331,0.05,5.93008342884836e-05,False,7.074864819404839,-34.14400633205077,,,,,,,,,,,,,,
FINANCIALS,ICG.L,NWG.L,ICG PLC ORD 26 1/4P,NATWEST GROUP PLC ORD 107.69P,-2.7545442479332447,0.06506586895896485,0.05,5.93008342884836e-05,False,-0.2724064483601178,9.288600913571123,,,,,,,,,,,,,,
FINANCIALS,BARC.L,ICG.L,BARCLAYS PLC ORD 25P,ICG PLC ORD 26 1/4P,-2.744872631883901,0.06658997302992525,0.05,5.93008342884836e-05,False,-4.72797061741348,41.76116013776009,,,,,,,,,,,,,,
FINANCIALS,JUP.L,MNG.L,JUPITER FUND MANAGEMENT PLC ORD,M&G PLC,-2.7323275638122624,0.06860929208015486,0.05,5.93008342884836e-05,False,2.041330983631115,-6.494517291445782,,,,,,,,,,,,,,
FINANCIALS,ASHM.L,JUP.L,ASHMORE GROUP PLC ORD 0.01P,JUPITER FUND MANAGEMENT PLC ORD,-2.7104671511667138,0.0722444427456236,0.05,5.93008342884836e-05,False,0.323823545205953,3.6576194986738857,,,,,,,,,,,,,,
FINANCIALS,ICG.L,INVP.L,ICG PLC ORD 26 1/4P,INVESTEC PLC ORD GBP0.0002,-2.7085917647807616,0.07256328233576968,0.05,5.93008342884836e-05,False,-2.6977326365477667,24.684432069395307,,,,,,,,,,,,,,
FINANCIALS,ICG.L,JUP.L,ICG PLC ORD 26 1/4P,JUPITER FUND MANAGEMENT PLC ORD,-2.698272818714429,0.07433762400875228,0.05,5.93008342884836e-05,False,-0.1706498424228344,8.409649750599627,,,,,,,,,,,,,,
FINANCIALS,BARC.L,PRU.L,BARCLAYS PLC ORD 25P,PRUDENTIAL PLC ORD 5P,-2.6974115246327313,0.07448726039922007,0.05,5.93008342884836e-05,False,1.1709417131048612,-2.1179821347015055,,,,,,,,,,,,,,
FINANCIALS,ABDN.L,PRU.L,ABERDEEN GROUP PLC ORD 13 61/63,PRUDENTIAL PLC ORD 5P,-2.6951697589820767,0.07487784783600439,0.05,5.93008342884836e-05,False,0.7325810524161391,0.22783731157622533,,,,,,,,,,,,,,
FINANCIALS,ICG.L,PRU.L,ICG PLC ORD 26 1/4P,PRUDENTIAL PLC ORD 5P,-2.675111933963144,0.07844489192200377,0.05,5.93008342884836e-05,False,-0.27248022584810916,9.448569569897222,,,,,,,,,,,,,,
FINANCIALS,ICG.L,STAN.L,ICG PLC ORD 26 1/4P,STANDARD CHARTERED PLC ORD USD0,-2.6672819831856582,0.07987303778798666,0.05,5.93008342884836e-05,False,-0.1756180502082523,8.85652400684937,,,,,,,,,,,,,,
FINANCIALS,ABDN.L,BARC.L,ABERDEEN GROUP PLC ORD 13 61/63,BARCLAYS PLC ORD 25P,-2.6345927182683972,0.08605631878442743,0.05,5.93008342884836e-05,False,0.6128642321729016,1.6269815326822958,,,,,,,,,,,,,,
FINANCIALS,AJB.L,ICG.L,AJ BELL PLC ORD GBP0.000125,ICG PLC ORD 26 1/4P,-2.6342220963959044,0.08612849406028994,0.05,5.93008342884836e-05,False,-1.3988435470684861,16.796404258504765,,,,,,,,,,,,,,
FINANCIALS,BGEO.L,PRU.L,LION FINANCE GROUP PLC ORD 1P,PRUDENTIAL PLC ORD 5P,-2.6285889238228846,0.08723129040151328,0.05,5.93008342884836e-05,False,1.597331206043719,-2.008547821698107,,,,,,,,,,,,,,
FINANCIALS,BARC.L,HSBA.L,BARCLAYS PLC ORD 25P,HSBC HOLDINGS PLC ORD $0.50 (UK,-2.5980915865179623,0.0933923395452243,0.05,5.93008342884836e-05,False,1.0806669727662295,-1.585419600282461,,,,,,,,,,,,,,
FINANCIALS,BGEO.L,STAN.L,LION FINANCE GROUP PLC ORD 1P,STANDARD CHARTERED PLC ORD USD0,-2.5812741849996317,0.09692960359083169,0.05,5.93008342884836e-05,False,1.1226523824270462,0.798921646051225,,,,,,,,,,,,,,
FINANCIALS,INVP.L,SDR.L,INVESTEC PLC ORD GBP0.0002,SCHRODERS PLC ORD 20P,-2.5767445796045783,0.09789957311564174,0.05,5.93008342884836e-05,False,0.27443120104492813,4.689098822701098,,,,,,,,,,,,,,
FINANCIALS,BEZ.L,HSBA.L,BEAZLEY PLC ORD 5P,HSBC HOLDINGS PLC ORD $0.50 (UK,-2.570430293399565,0.09926401510478716,0.05,5.93008342884836e-05,False,0.7728416310727925,1.5233037917998598,,,,,,,,,,,,,,
FINANCIALS,BNKR.L,HSBA.L,BANKERS INVESTMENT TRUST PLC OR,HSBC HOLDINGS PLC ORD $0.50 (UK,-2.5558225220284316,0.10247585477584081,0.05,5.93008342884836e-05,False,0.3370683933563275,2.5107911973844383,,,,,,,,,,,,,,
FINANCIALS,ADM.L,AJB.L,ADMIRAL GROUP PLC ORD 0.1P,AJ BELL PLC ORD GBP0.000125,-2.5493403730361854,0.10392599659559587,0.05,5.93008342884836e-05,False,0.9345159916418933,2.2576160581178915,,,,,,,,,,,,,,
FINANCIALS,AV.L,ICG.L,AVIVA PLC ORD 32 17/19P,ICG PLC ORD 26 1/4P,-2.5158432388544147,0.11166692759098501,0.05,5.93008342884836e-05,False,-2.0850138978613186,22.21054832151711,,,,,,,,,,,,,,
FINANCIALS,LLOY.L,MNG.L,LLOYDS BANKING GROUP PLC ORD 10,M&G PLC,-2.5145173509191157,0.11198193446690913,0.05,5.93008342884836e-05,False,1.3580565712774981,-3.129105182552202,,,,,,,,,,,,,,
FINANCIALS,ADM.L,ICG.L,ADMIRAL GROUP PLC ORD 0.1P,ICG PLC ORD 26 1/4P,-2.5087443324157697,0.11336120528486293,0.05,5.93008342884836e-05,False,-0.974116864832854,15.420346709645429,,,,,,,,,,,,,,
FINANCIALS,ADM.L,LGEN.L,ADMIRAL GROUP PLC ORD 0.1P,LEGAL & GENERAL GROUP PLC ORD 2,-2.4959515942802852,0.11646245552844153,0.05,5.93008342884836e-05,False,2.0537922284656176,-3.2676234752357765,,,,,,,,,,,,,,
FINANCIALS,ADM.L,BGEO.L,ADMIRAL GROUP PLC ORD 0.1P,LION FINANCE GROUP PLC ORD 1P,-2.4929806898193716,0.11719155351289501,0.05,5.93008342884836e-05,False,0.20791765116178637,6.183027263461662,,,,,,,,,,,,,,
FINANCIALS,HSBA.L,NWG.L,HSBC HOLDINGS PLC ORD $0.50 (UK,NATWEST GROUP PLC ORD 107.69P,-2.492356082927294,0.11734526743756174,0.05,5.93008342884836e-05,False,1.108174372723633,-0.01067220626805998,,,,,,,,,,,,,,
FINANCIALS,BNKR.L,ICG.L,BANKERS INVESTMENT TRUST PLC OR,ICG PLC ORD 26 1/4P,-2.4810372023057043,0.12015661378371273,0.05,5.93008342884836e-05,False,-0.6360830666063274,9.65239900427163,,,,,,,,,,,,,,
FINANCIALS,AJB.L,INVP.L,AJ BELL PLC ORD GBP0.000125,INVESTEC PLC ORD GBP0.0002,-2.4752855526244457,0.12160399354335466,0.05,5.93008342884836e-05,False,1.8195279980912933,-5.362081888701416,,,,,,,,,,,,,,
FINANCIALS,HSBA.L,STAN.L,HSBC HOLDINGS PLC ORD $0.50 (UK,STANDARD CHARTERED PLC ORD USD0,-2.4746173320979623,0.12177297290903455,0.05,5.93008342884836e-05,False,0.7656696875187343,1.382222509737649,,,,,,,,,,,,,,
FINANCIALS,INVP.L,JUP.L,INVESTEC PLC ORD GBP0.0002,JUPITER FUND MANAGEMENT PLC ORD,-2.457930131663945,0.12604870944802415,0.05,5.93008342884836e-05,False,0.1458703046188467,5.643751556544403,,,,,,,,,,,,,,
FINANCIALS,ABDN.L,NWG.L,ABERDEEN GROUP PLC ORD 13 61/63,NATWEST GROUP PLC ORD 107.69P,-2.4552766755144653,0.12673853775563843,0.05,5.93008342884836e-05,False,0.7309429913710882,0.666815883622383,,,,,,,,,,,,,,
FINANCIALS,BARC.L,LLOY.L,BARCLAYS PLC ORD 25P,LLOYDS BANKING GROUP PLC ORD 10,-2.452767200993357,0.12739345272210706,0.05,5.93008342884836e-05,False,1.1516723360270478,0.8196684741677256,,,,,,,,,,,,,,
FINANCIALS,LLOY.L,NWG.L,LLOYDS BANKING GROUP PLC ORD 10,NATWEST GROUP PLC ORD 107.69P,-2.443108361244115,0.12993708473157745,0.05,5.93008342884836e-05,False,1.038248321237349,-2.088460377600991,,,,,,,,,,,,,,
FINANCIALS,HSBA.L,SDR.L,HSBC HOLDINGS PLC ORD $0.50 (UK,SCHRODERS PLC ORD 20P,-2.4370269355177197,0.13155731612418314,0.05,5.93008342884836e-05,False,1.2479974470003394,-0.6310509094166612,,,,,,,,,,,,,,
FINANCIALS,LGEN.L,STJ.L,LEGAL & GENERAL GROUP PLC ORD 2,ST. JAMES'S PLACE PLC ORD 15P,-2.4189115060322854,0.13646976088521207,0.05,5.93008342884836e-05,False,0.18751590447398156,4.187874418215441,,,,,,,,,,,,,,
FINANCIALS,ADM.L,PRU.L,ADMIRAL GROUP PLC ORD 0.1P,PRUDENTIAL PLC ORD 5P,-2.382748395590635,0.14666486317577265,0.05,5.93008342884836e-05,False,0.35367971630462824,5.619585600471206,,,,,,,,,,,,,,
FINANCIALS,AV.L,LGEN.L,AVIVA PLC ORD 32 17/19P,LEGAL & GENERAL GROUP PLC ORD 2,-2.381808352971094,0.14693683030570986,0.05,5.93008342884836e-05,False,2.5536439461187204,-7.672026844838334,,,,,,,,,,,,,,
FINANCIALS,ABDN.L,ADM.L,ABERDEEN GROUP PLC ORD 13 61/63,ADMIRAL GROUP PLC ORD 0.1P,-2.370992112374918,0.15009158129501565,0.05,5.93008342884836e-05,False,2.032152203259666,-11.09836368491105,,,,,,,,,,,,,,
FINANCIALS,ABDN.L,AV.L,ABERDEEN GROUP PLC ORD 13 61/63,AVIVA PLC ORD 32 17/19P,-2.3679125468440496,0.15099837344431055,0.05,5.93008342884836e-05,False,1.2724337215223236,-2.900709423304389,,,,,,,,,,,,,,
FINANCIALS,JUP.L,STJ.L,JUPITER FUND MANAGEMENT PLC ORD,ST. JAMES'S PLACE PLC ORD 15P,-2.365905701380142,0.15159134809339514,0.05,5.93008342884836e-05,False,1.4083727195552824,-5.08357995272828,,,,,,,,,,,,,,
FINANCIALS,BNKR.L,SDR.L,BANKERS INVESTMENT TRUST PLC OR,SCHRODERS PLC ORD 20P,-2.362586794125549,0.15257555746456908,0.05,5.93008342884836e-05,False,0.37649933324551355,2.562236840241302,,,,,,,,,,,,,,
FINANCIALS,BARC.L,MNG.L,BARCLAYS PLC ORD 25P,M&G PLC,-2.3422410629862784,0.15870594740959482,0.05,5.93008342884836e-05,False,1.580388881709952,-2.873783058320539,,,,,,,,,,,,,,
FINANCIALS,ABDN.L,AJB.L,ABERDEEN GROUP PLC ORD 13 61/63,AJ BELL PLC ORD GBP0.000125,-2.3405713456255657,0.15921646544041457,0.05,5.93008342884836e-05,False,1.9445132366963096,-6.790269591733938,,,,,,,,,,,,,,
FINANCIALS,ADM.L,LLOY.L,ADMIRAL GROUP PLC ORD 0.1P,LLOYDS BANKING GROUP PLC ORD 10,-2.340389726121414,0.1592720637250209,0.05,5.93008342884836e-05,False,0.3434071270026827,6.526147824644637,,,,,,,,,,,,,,
FINANCIALS,BEZ.L,BNKR.L,BEAZLEY PLC ORD 5P,BANKERS INVESTMENT TRUST PLC OR,-2.333808079284933,0.1612958652796399,0.05,5.93008342884836e-05,False,2.849484546056309,-6.913404085323669,,,,,,,,,,,,,,
FINANCIALS,JUP.L,PRU.L,JUPITER FUND MANAGEMENT PLC ORD,PRUDENTIAL PLC ORD 5P,-2.3230619349709354,0.16463787297268373,0.05,5.93008342884836e-05,False,1.5629623764723595,-5.85974774451203,,,,,,,,,,,,,,
FINANCIALS,INVP.L,MNG.L,INVESTEC PLC ORD GBP0.0002,M&G PLC,-2.315734962516507,0.16694334097844749,0.05,5.93008342884836e-05,False,0.2950590052973098,4.711270604790654,,,,,,,,,,,,,,
FINANCIALS,ICG.L,STJ.L,ICG PLC ORD 26 1/4P,ST. JAMES'S PLACE PLC ORD 15P,-2.3124829086811802,0.167973586189894,0.05,5.93008342884836e-05,False,-0.15606848935884154,8.691233264812844,,,,,,,,,,,,,,
FINANCIALS,MNG.L,NWG.L,M&G PLC,NATWEST GROUP PLC ORD 107.69P,-2.306507943433836,0.1698776205159735,0.05,5.93008342884836e-05,False,0.7483481466085484,0.8661003901730417,,,,,,,,,,,,,,
FINANCIALS,ADM.L,STJ.L,ADMIRAL GROUP PLC ORD 0.1P,ST. JAMES'S PLACE PLC ORD 15P,-2.3057311565363885,0.1701262215534231,0.05,5.93008342884836e-05,False,0.28606700596439827,6.022105345441579,,,,,,,,,,,,,,
FINANCIALS,AJB.L,MNG.L,AJ BELL PLC ORD GBP0.000125,M&G PLC,-2.2934592871356974,0.17408616006894934,0.05,5.93008342884836e-05,False,0.4862047709454521,3.4882599023049523,,,,,,,,,,,,,,
FINANCIALS,JUP.L,LLOY.L,JUPITER FUND MANAGEMENT PLC ORD,LLOYDS BANKING GROUP PLC ORD 10,-2.2929711988307817,0.17424492186748697,0.05,5.93008342884836e-05,False,1.54760600841283,-1.983415802233842,,,,,,,,,,,,,,
FINANCIALS,BNKR.L,STAN.L,BANKERS INVESTMENT TRUST PLC OR,STANDARD CHARTERED PLC ORD USD0,-2.29250088252132,0.1743979943720092,0.05,5.93008342884836e-05,False,0.2518018875824265,3.0214177461839453,,,,,,,,,,,,,,
FINANCIALS,BEZ.L,INVP.L,BEAZLEY PLC ORD 5P,INVESTEC PLC ORD GBP0.0002,-2.2865662234504014,0.17633724301351694,0.05,5.93008342884836e-05,False,5.677393861266263,-29.136616595388947,,,,,,,,,,,,,,
FINANCIALS,HSBA.L,LLOY.L,HSBC HOLDINGS PLC ORD $0.50 (UK,LLOYDS BANKING GROUP PLC ORD 10,-2.283904832038366,0.1772115386226938,0.05,5.93008342884836e-05,False,1.065583895103276,2.226083216456641,,,,,,,,,,,,,,
FINANCIALS,AJB.L,LGEN.L,AJ BELL PLC ORD GBP0.000125,LEGAL & GENERAL GROUP PLC ORD 2,-2.2794081861787863,0.17869526531781832,0.05,5.93008342884836e-05,False,2.585714822342891,-8.043219040889861,,,,,,,,,,,,,,
FINANCIALS,ABDN.L,SDR.L,ABERDEEN GROUP PLC ORD 13 61/63,SCHRODERS PLC ORD 20P,-2.2764333185419083,0.17968137071358997,0.05,5.93008342884836e-05,False,0.8080364811505748,0.3481362747423651,,,,,,,,,,,,,,
FINANCIALS,ADM.L,NWG.L,ADMIRAL GROUP PLC ORD 0.1P,NATWEST GROUP PLC ORD 107.69P,-2.2725457810506797,0.1809754182960811,0.05,5.93008342884836e-05,False,0.3523389577437832,5.834914813147382,,,,,,,,,,,,,,
FINANCIALS,LLOY.L,STAN.L,LLOYDS BANKING GROUP PLC ORD 10,STANDARD CHARTERED PLC ORD USD0,-2.2710139418331483,0.1814870065452256,0.05,5.93008342884836e-05,False,0.7106069349930397,-0.7354047805721944,,,,,,,,,,,,,,
FINANCIALS,ABDN.L,BEZ.L,ABERDEEN GROUP PLC ORD 13 61/63,BEAZLEY PLC ORD 5P,-2.253650698515619,0.18735231706037214,0.05,5.93008342884836e-05,False,0.8139283673779149,-0.3571989741306787,,,,,,,,,,,,,,
FINANCIALS,BNKR.L,MNG.L,BANKERS INVESTMENT TRUST PLC OR,M&G PLC,-2.2447228026501533,0.19041570715314549,0.05,5.93008342884836e-05,False,0.47913070129505164,2.1847049538253485,,,,,,,,,,,,,,
FINANCIALS,AJB.L,SDR.L,AJ BELL PLC ORD GBP0.000125,SCHRODERS PLC ORD 20P,-2.243585911325777,0.19080811893126448,0.05,5.93008342884836e-05,False,0.28654467111952453,4.442685904571466,,,,,,,,,,,,,,
FINANCIALS,AJB.L,HSBA.L,AJ BELL PLC ORD GBP0.000125,HSBC HOLDINGS PLC ORD $0.50 (UK,-2.232650151148554,0.19460941311751934,0.05,5.93008342884836e-05,False,0.27630727908827135,4.268407585807111,,,,,,,,,,,,,,
FINANCIALS,ADM.L,BARC.L,ADMIRAL GROUP PLC ORD 0.1P,BARCLAYS PLC ORD 25P,-2.221291614598018,0.19860877604712324,0.05,5.93008342884836e-05,False,0.2702735508292615,6.443596775866625,,,,,,,,,,,,,,
FINANCIALS,ABDN.L,INVP.L,ABERDEEN GROUP PLC ORD 13 61/63,INVESTEC PLC ORD GBP0.0002,-2.204013245350775,0.20479210612552895,0.05,5.93008342884836e-05,False,3.703603209977941,-18.26467154821029,,,,,,,,,,,,,,
FINANCIALS,ADM.L,STAN.L,ADMIRAL GROUP PLC ORD 0.1P,STANDARD CHARTERED PLC ORD USD0,-2.2019099298385445,0.20555299294481,0.05,5.93008342884836e-05,False,0.21410022153961997,6.4866921443041115,,,,,,,,,,,,,,
FINANCIALS,BEZ.L,BGEO.L,BEAZLEY PLC ORD 5P,LION FINANCE GROUP PLC ORD 1P,-2.199222262091497,0.2065278519421797,0.05,5.93008342884836e-05,False,0.48844224554515014,2.510264478680491,,,,,,,,,,,,,,
FINANCIALS,HSBA.L,MNG.L,HSBC HOLDINGS PLC ORD $0.50 (UK,M&G PLC,-2.1963981482924226,0.20755531759752555,0.05,5.93008342884836e-05,False,1.4577001511445047,-1.166289740316122,,,,,,,,,,,,,,
FINANCIALS,AV.L,NWG.L,AVIVA PLC ORD 32 17/19P,NATWEST GROUP PLC ORD 107.69P,-2.1956997632571933,0.20780989525566773,0.05,5.93008342884836e-05,False,0.5983562997068349,2.656013959408677,,,,,,,,,,,,,,
FINANCIALS,ADM.L,MNG.L,ADMIRAL GROUP PLC ORD 0.1P,M&G PLC,-2.1926410770882843,0.2089271547340174,0.05,5.93008342884836e-05,False,0.46705911085104,5.447788516117983,,,,,,,,,,,,,,
FINANCIALS,AJB.L,BGEO.L,AJ BELL PLC ORD GBP0.000125,LION FINANCE GROUP PLC ORD 1P,-2.1861062903209496,0.21132666040415982,0.05,5.93008342884836e-05,False,0.1902211838662856,4.48416938374771,,,,,,,,,,,,,,
FINANCIALS,ADM.L,HSBA.L,ADMIRAL GROUP PLC ORD 0.1P,HSBC HOLDINGS PLC ORD $0.50 (UK,-2.180380842039112,0.21344297408618784,0.05,5.93008342884836e-05,False,0.27929860395096,6.102417569084171,,,,,,,,,,,,,,
FINANCIALS,AJB.L,BEZ.L,AJ BELL PLC ORD GBP0.000125,BEAZLEY PLC ORD 5P,-2.1757700472191916,0.21515675268994733,0.05,5.93008342884836e-05,False,0.31091660119446823,4.040931537488335,,,,,,,,,,,,,,
FINANCIALS,ASHM.L,BGEO.L,ASHMORE GROUP PLC ORD 0.01P,LION FINANCE GROUP PLC ORD 1P,-2.172017540661769,0.21655774495419955,0.05,5.93008342884836e-05,False,0.22111258544666262,3.2383313365073403,,,,,,,,,,,,,,
FINANCIALS,HSBA.L,INVP.L,HSBC HOLDINGS PLC ORD $0.50 (UK,INVESTEC PLC ORD GBP0.0002,-2.170531295883955,0.21711417544118478,0.05,5.93008342884836e-05,False,7.292271772915222,-39.33072659477513,,,,,,,,,,,,,,
FINANCIALS,ABDN.L,BNKR.L,ABERDEEN GROUP PLC ORD 13 61/63,BANKERS INVESTMENT TRUST PLC OR,-2.1667970203042564,0.2185160985564643,0.05,5.93008342884836e-05,False,2.123541866042526,-5.041891746522389,,,,,,,,,,,,,,
FINANCIALS,BGEO.L,INVP.L,LION FINANCE GROUP PLC ORD 1P,INVESTEC PLC ORD GBP0.0002,-2.163323351966889,0.21982513500523315,0.05,5.93008342884836e-05,False,11.890521153713738,-66.48204990993844,,,,,,,,,,,,,,
FINANCIALS,BGEO.L,SDR.L,LION FINANCE GROUP PLC ORD 1P,SCHRODERS PLC ORD 20P,-2.1617146040273303,0.22043299902945512,0.05,5.93008342884836e-05,False,1.9664263953169308,-2.9699012300516134,,,,,,,,,,,,,,
FINANCIALS,AJB.L,STAN.L,AJ BELL PLC ORD GBP0.000125,STANDARD CHARTERED PLC ORD USD0,-2.1582806662563887,0.22173392432368094,0.05,5.93008342884836e-05,False,0.21448478112870112,4.629501522559449,,,,,,,,,,,,,,
FINANCIALS,AJB.L,BNKR.L,AJ BELL PLC ORD GBP0.000125,BANKERS INVESTMENT TRUST PLC OR,-2.157430128391874,0.22205686311206885,0.05,5.93008342884836e-05,False,1.3825980005932106,-0.49955966336053237,,,,,,,,,,,,,,
FINANCIALS,ASHM.L,LLOY.L,ASHMORE GROUP PLC ORD 0.01P,LLOYDS BANKING GROUP PLC ORD 10,-2.139025217427351,0.22911454508704876,0.05,5.93008342884836e-05,False,0.4218076244533206,3.358444159921296,,,,,,,,,,,,,,
FINANCIALS,ASHM.L,SDR.L,ASHMORE GROUP PLC ORD 0.01P,SCHRODERS PLC ORD 20P,-2.1197996135486674,0.23662796464739128,0.05,5.93008342884836e-05,False,0.6511269555708389,1.2876842613999955,,,,,,,,,,,,,,
FINANCIALS,BEZ.L,STAN.L,BEAZLEY PLC ORD 5P,STANDARD CHARTERED PLC ORD USD0,-2.118584454022416,0.2371076578651211,0.05,5.93008342884836e-05,False,0.5440126618191056,2.931380254428239,,,,,,,,,,,,,,
FINANCIALS,JUP.L,NWG.L,JUPITER FUND MANAGEMENT PLC ORD,NATWEST GROUP PLC ORD 107.69P,-2.1137674581940584,0.2390147943634247,0.05,5.93008342884836e-05,False,1.666446549714884,-5.5839386319103435,,,,,,,,,,,,,,
FINANCIALS,AJB.L,JUP.L,AJ BELL PLC ORD GBP0.000125,JUPITER FUND MANAGEMENT PLC ORD,-2.1130158934614087,0.23931315673823544,0.05,5.93008342884836e-05,False,0.19343838652547746,5.245806976741135,,,,,,,,,,,,,,
FINANCIALS,BEZ.L,LLOY.L,BEAZLEY PLC ORD 5P,LLOYDS BANKING GROUP PLC ORD 10,-2.10290131166265,0.2433495710610481,0.05,5.93008342884836e-05,False,0.8133560282529201,3.2876979324179914,,,,,,,,,,,,,,
FINANCIALS,ASHM.L,BARC.L,ASHMORE GROUP PLC ORD 0.01P,BARCLAYS PLC ORD 25P,-2.0958751790548784,0.2461764443506269,0.05,5.93008342884836e-05,False,0.3144411483108636,3.3587536625125116,,,,,,,,,,,,,,
FINANCIALS,INVP.L,STAN.L,INVESTEC PLC ORD GBP0.0002,STANDARD CHARTERED PLC ORD USD0,-2.084814120148192,0.2506645992747776,0.05,5.93008342884836e-05,False,0.07905009399982849,5.767776493548158,,,,,,,,,,,,,,
FINANCIALS,BNKR.L,INVP.L,BANKERS INVESTMENT TRUST PLC OR,INVESTEC PLC ORD GBP0.0002,-2.0808334132868445,0.25229109071124617,0.05,5.93008342884836e-05,False,1.060539266214398,-1.8995861220454913,,,,,,,,,,,,,,
FINANCIALS,INVP.L,LLOY.L,INVESTEC PLC ORD GBP0.0002,LLOYDS BANKING GROUP PLC ORD 10,-2.0739705388971448,0.2551091447635619,0.05,5.93008342884836e-05,False,0.11679809849458166,5.825563849165581,,,,,,,,,,,,,,
FINANCIALS,BARC.L,BNKR.L,BARCLAYS PLC ORD 25P,BANKERS INVESTMENT TRUST PLC OR,-2.06895743146214,0.2571787342667726,0.05,5.93008342884836e-05,False,3.303066750910608,-10.102148297106677,,,,,,,,,,,,,,
FINANCIALS,AJB.L,LLOY.L,AJ BELL PLC ORD GBP0.000125,LLOYDS BANKING GROUP PLC ORD 10,-2.064590191450576,0.258989283262282,0.05,5.93008342884836e-05,False,0.2909035697739022,4.89873362185403,,,,,,,,,,,,,,
FINANCIALS,BARC.L,INVP.L,BARCLAYS PLC ORD 25P,INVESTEC PLC ORD GBP0.0002,-2.0632910171409353,0.2595292493609237,0.05,5.93008342884836e-05,False,9.906375755040077,-56.91379240068557,,,,,,,,,,,,,,
FINANCIALS,BARC.L,JUP.L,BARCLAYS PLC ORD 25P,JUPITER FUND MANAGEMENT PLC ORD,-2.061486750056281,0.26028017607602116,0.05,5.93008342884836e-05,False,0.7494488777862583,2.270768133186899,,,,,,,,,,,,,,
FINANCIALS,AJB.L,BARC.L,AJ BELL PLC ORD GBP0.000125,BARCLAYS PLC ORD 25P,-2.052625795430924,0.26398542440428896,0.05,5.93008342884836e-05,False,0.26600868918687326,4.613879559030067,,,,,,,,,,,,,,
FINANCIALS,BARC.L,SDR.L,BARCLAYS PLC ORD 25P,SCHRODERS PLC ORD 20P,-2.051714170920966,0.2643682552874421,0.05,5.93008342884836e-05,False,1.436321022631248,-2.791668224990378,,,,,,,,,,,,,,
FINANCIALS,MNG.L,STAN.L,M&G PLC,STANDARD CHARTERED PLC ORD USD0,-2.0515548394336776,0.2644351966655839,0.05,5.93008342884836e-05,False,0.5125552447818944,1.8387612579616088,,,,,,,,,,,,,,
FINANCIALS,ADM.L,SDR.L,ADMIRAL GROUP PLC ORD 0.1P,SCHRODERS PLC ORD 20P,-2.0352712224034124,0.27132515937261226,0.05,5.93008342884836e-05,False,0.2705387373031883,6.392878963075695,,,,,,,,,,,,,,
FINANCIALS,ASHM.L,NWG.L,ASHMORE GROUP PLC ORD 0.01P,NATWEST GROUP PLC ORD 107.69P,-2.032847614121901,0.27235881542502804,0.05,5.93008342884836e-05,False,0.3350621108626412,3.1129440358904383,,,,,,,,,,,,,,
FINANCIALS,BEZ.L,NWG.L,BEAZLEY PLC ORD 5P,NATWEST GROUP PLC ORD 107.69P,-2.0292289785154956,0.2739060548339244,0.05,5.93008342884836e-05,False,0.8414574516361393,1.6076153958173354,,,,,,,,,,,,,,
FINANCIALS,BARC.L,BEZ.L,BARCLAYS PLC ORD 25P,BEAZLEY PLC ORD 5P,-2.02546030891881,0.27552240659868144,0.05,5.93008342884836e-05,False,1.4886813007251913,-4.330469200642062,,,,,,,,,,,,,,
FINANCIALS,ADM.L,JUP.L,ADMIRAL GROUP PLC ORD 0.1P,JUPITER FUND MANAGEMENT PLC ORD,-2.0161311458721003,0.27954524938944475,0.05,5.93008342884836e-05,False,0.16550781639960618,7.2317792937615275,,,,,,,,,,,,,,
FINANCIALS,BEZ.L,MNG.L,BEAZLEY PLC ORD 5P,M&G PLC,-2.0155907092868084,0.2797792316181085,0.05,5.93008342884836e-05,False,1.1908627224068595,0.26909961379733893,,,,,,,,,,,,,,
FINANCIALS,AJB.L,PRU.L,AJ BELL PLC ORD GBP0.000125,PRUDENTIAL PLC ORD 5P,-2.013540552121297,0.28066777933602816,0.05,5.93008342884836e-05,False,0.2961432188316449,4.154187880357432,,,,,,,,,,,,,,
FINANCIALS,BGEO.L,BNKR.L,LION FINANCE GROUP PLC ORD 1P,BANKERS INVESTMENT TRUST PLC OR,-2.0066335385785106,0.28367211960247435,0.05,5.93008342884836e-05,False,4.524502266906036,-12.989868718548497,,,,,,,,,,,,,,
FINANCIALS,PRU.L,STAN.L,PRUDENTIAL PLC ORD 5P,STANDARD CHARTERED PLC ORD USD0,-2.0048180771939648,0.28446454433461,0.05,5.93008342884836e-05,False,0.6939040641114653,1.8211547787275029,,,,,,,,,,,,,,
FINANCIALS,INVP.L,PRU.L,INVESTEC PLC ORD GBP0.0002,PRUDENTIAL PLC ORD 5P,-1.9841278108702969,0.2935755694309284,0.05,5.93008342884836e-05,False,0.11513985463528006,5.552065899499302,,,,,,,,,,,,,,
FINANCIALS,LLOY.L,SDR.L,LLOYDS BANKING GROUP PLC ORD 10,SCHRODERS PLC ORD 20P,-1.9834947720048375,0.2938566258524401,0.05,5.93008342884836e-05,False,1.1725941338487258,-2.689705011115847,,,,,,,,,,,,,,
FINANCIALS,NWG.L,SDR.L,NATWEST GROUP PLC ORD 107.69P,SCHRODERS PLC ORD 20P,-1.9751770617689228,0.29756201304052216,0.05,5.93008342884836e-05,False,1.1517154682637787,-0.7125969702209778,,,,,,,,,,,,,,
FINANCIALS,INVP.L,NWG.L,INVESTEC PLC ORD GBP0.0002,NATWEST GROUP PLC ORD 107.69P,-1.973442457084582,0.2983376587410737,0.05,5.93008342884836e-05,False,0.06618701815287015,5.921825620671506,,,,,,,,,,,,,,
FINANCIALS,MNG.L,SDR.L,M&G PLC,SCHRODERS PLC ORD 20P,-1.9502754625707137,0.3087917726884376,0.05,5.93008342884836e-05,False,0.8234970910669194,0.5624444629842493,,,,,,,,,,,,,,
FINANCIALS,AV.L,LLOY.L,AVIVA PLC ORD 32 17/19P,LLOYDS BANKING GROUP PLC ORD 10,-1.9491148539060459,0.30932007437492026,0.05,5.93008342884836e-05,False,0.576508523413788,3.8587771554580166,,,,,,,,,,,,,,
FINANCIALS,AV.L,INVP.L,AVIVA PLC ORD 32 17/19P,INVESTEC PLC ORD GBP0.0002,-1.9377621115882186,0.3145103629932139,0.05,5.93008342884836e-05,False,8.078107545064869,-44.78774833295328,,,,,,,,,,,,,,
FINANCIALS,BGEO.L,JUP.L,LION FINANCE GROUP PLC ORD 1P,JUPITER FUND MANAGEMENT PLC ORD,-1.9243055110465948,0.32071482410774443,0.05,5.93008342884836e-05,False,1.0452940586545012,3.870316501444128,,,,,,,,,,,,,,
FINANCIALS,INVP.L,STJ.L,INVESTEC PLC ORD GBP0.0002,ST. JAMES'S PLACE PLC ORD 15P,-1.923177975483744,0.3212372377125581,0.05,5.93008342884836e-05,False,0.026921031896814145,6.1434460295853635,,,,,,,,,,,,,,
FINANCIALS,ASHM.L,STAN.L,ASHMORE GROUP PLC ORD 0.01P,STANDARD CHARTERED PLC ORD USD0,-1.9207605872170133,0.3223585797074836,0.05,5.93008342884836e-05,False,0.23748404893384398,3.491514396898813,,,,,,,,,,,,,,
FINANCIALS,ASHM.L,HSBA.L,ASHMORE GROUP PLC ORD 0.01P,HSBC HOLDINGS PLC ORD $0.50 (UK,-1.9184760910240568,0.3234199131945381,0.05,5.93008342884836e-05,False,0.40458350841602725,2.4175486737650576,,,,,,,,,,,,,,
FINANCIALS,ADM.L,BEZ.L,ADMIRAL GROUP PLC ORD 0.1P,BEAZLEY PLC ORD 5P,-1.9183496117452292,0.3234787193535711,0.05,5.93008342884836e-05,False,0.31117846083380024,5.893602109678081,,,,,,,,,,,,,,
FINANCIALS,JUP.L,STAN.L,JUPITER FUND MANAGEMENT PLC ORD,STANDARD CHARTERED PLC ORD USD0,-1.9156323894836886,0.32474325289826644,0.05,5.93008342884836e-05,False,1.0849934110477317,-3.0165373825992603,,,,,,,,,,,,,,
FINANCIALS,SDR.L,STAN.L,SCHRODERS PLC ORD 20P,STANDARD CHARTERED PLC ORD USD0,-1.89489896834099,0.33446458913278,0.05,5.93008342884836e-05,False,0.551796176365252,2.0526782646055306,,,,,,,,,,,,,,
FINANCIALS,ADM.L,INVP.L,ADMIRAL GROUP PLC ORD 0.1P,INVESTEC PLC ORD GBP0.0002,-1.8931667321078516,0.33528249244593716,0.05,5.93008342884836e-05,False,-4.2151510717384335,34.69567606188545,,,,,,,,,,,,,,
FINANCIALS,AV.L,JUP.L,AVIVA PLC ORD 32 17/19P,JUPITER FUND MANAGEMENT PLC ORD,-1.8925280283811141,0.33558428524958017,0.05,5.93008342884836e-05,False,0.35071446364751113,4.700292896583791,,,,,,,,,,,,,,
FINANCIALS,AJB.L,AV.L,AJ BELL PLC ORD GBP0.000125,AVIVA PLC ORD 32 17/19P,-1.8903500555882982,0.3366142778852568,0.05,5.93008342884836e-05,False,0.6671916328841531,1.9188432378307647,,,,,,,,,,,,,,
FINANCIALS,AV.L,BGEO.L,AVIVA PLC ORD 32 17/19P,LION FINANCE GROUP PLC ORD 1P,-1.88831294224053,0.337578887124655,0.05,5.93008342884836e-05,False,0.35732545965754103,3.209989510087432,,,,,,,,,,,,,,
FINANCIALS,ABDN.L,ASHM.L,ABERDEEN GROUP PLC ORD 13 61/63,ASHMORE GROUP PLC ORD 0.01P,-1.8775498377375577,0.3426949469175805,0.05,5.93008342884836e-05,False,1.2965175235544926,-1.5376685518261555,,,,,,,,,,,,,,
FINANCIALS,INVP.L,LGEN.L,INVESTEC PLC ORD GBP0.0002,LEGAL & GENERAL GROUP PLC ORD 2,-1.8682468417395957,0.34714301655449087,0.05,5.93008342884836e-05,False,2.566993553676982,-7.766452639826203,,,,,,,,,,,,,,
FINANCIALS,ASHM.L,BEZ.L,ASHMORE GROUP PLC ORD 0.01P,BEAZLEY PLC ORD 5P,-1.8633493219593107,0.3494942041795309,0.05,5.93008342884836e-05,False,0.6148009426480887,0.9988162339956688,,,,,,,,,,,,,,
FINANCIALS,ASHM.L,LGEN.L,ASHMORE GROUP PLC ORD 0.01P,LEGAL & GENERAL GROUP PLC ORD 2,-1.8544429764421029,0.3537864650394742,0.05,5.93008342884836e-05,False,4.850922792934289,-21.45722069242044,,,,,,,,,,,,,,
FINANCIALS,AJB.L,NWG.L,AJ BELL PLC ORD GBP0.000125,NATWEST GROUP PLC ORD 107.69P,-1.8360345459804568,0.36272391334599197,0.05,5.93008342884836e-05,False,0.3186625643522188,4.188463446511087,,,,,,,,,,,,,,
FINANCIALS,BNKR.L,JUP.L,BANKERS INVESTMENT TRUST PLC OR,JUPITER FUND MANAGEMENT PLC ORD,-1.8303582661543112,0.36549718670262193,0.05,5.93008342884836e-05,False,0.23030420783525088,3.729833525644703,,,,,,,,,,,,,,
FINANCIALS,BGEO.L,STJ.L,LION FINANCE GROUP PLC ORD 1P,ST. JAMES'S PLACE PLC ORD 15P,-1.8249213018307033,0.36816102043793525,0.05,5.93008342884836e-05,False,1.42397567101065,-1.108469273296187,,,,,,,,,,,,,,
FINANCIALS,ASHM.L,PRU.L,ASHMORE GROUP PLC ORD 0.01P,PRUDENTIAL PLC ORD 5P,-1.8154941324973166,0.37279687059775257,0.05,5.93008342884836e-05,False,0.4150577848166895,2.375873952952762,,,,,,,,,,,,,,
FINANCIALS,STAN.L,STJ.L,STANDARD CHARTERED PLC ORD USD0,ST. JAMES'S PLACE PLC ORD 15P,-1.8119234199572132,0.3745583204748452,0.05,5.93008342884836e-05,False,1.233322211561683,-1.4550877385136003,,,,,,,,,,,,,,
FINANCIALS,AJB.L,ASHM.L,AJ BELL PLC ORD GBP0.000125,ASHMORE GROUP PLC ORD 0.01P,-1.8055026073425797,0.37773324427914706,0.05,5.93008342884836e-05,False,0.3579263902761969,4.301738679460737,,,,,,,,,,,,,,
FINANCIALS,AV.L,STAN.L,AVIVA PLC ORD 32 17/19P,STANDARD CHARTERED PLC ORD USD0,-1.8041787349739293,0.37838905016608926,0.05,5.93008342884836e-05,False,0.39278971112884326,3.555007554823047,,,,,,,,,,,,,,
FINANCIALS,BNKR.L,LLOY.L,BANKERS INVESTMENT TRUST PLC OR,LLOYDS BANKING GROUP PLC ORD 10,-1.8038088613137395,0.3785723460988927,0.05,5.93008342884836e-05,False,0.3350564204152257,3.3654266492004434,,,,,,,,,,,,,,
FINANCIALS,LLOY.L,STJ.L,LLOYDS BANKING GROUP PLC ORD 10,ST. JAMES'S PLACE PLC ORD 15P,-1.7763989174905637,0.3922403155475991,0.05,5.93008342884836e-05,False,0.8592402817819604,-1.650038101429283,,,,,,,,,,,,,,
FINANCIALS,HSBA.L,JUP.L,HSBC HOLDINGS PLC ORD $0.50 (UK,JUPITER FUND MANAGEMENT PLC ORD,-1.7682191382039871,0.39635020648482233,0.05,5.93008342884836e-05,False,0.6877647955448922,3.5953741031153488,,,,,,,,,,,,,,
FINANCIALS,BEZ.L,JUP.L,BEAZLEY PLC ORD 5P,JUPITER FUND MANAGEMENT PLC ORD,-1.7639163320952305,0.3985175879343869,0.05,5.93008342884836e-05,False,0.4635866584036079,4.621906443440766,,,,,,,,,,,,,,
FINANCIALS,ASHM.L,MNG.L,ASHMORE GROUP PLC ORD 0.01P,M&G PLC,-1.748242043211487,0.40644361718498956,0.05,5.93008342884836e-05,False,0.7871316107294214,0.8624706877203954,,,,,,,,,,,,,,
FINANCIALS,ASHM.L,STJ.L,ASHMORE GROUP PLC ORD 0.01P,ST. JAMES'S PLACE PLC ORD 15P,-1.734630593068005,0.4133638330942188,0.05,5.93008342884836e-05,False,0.21686581590934145,3.6745794611471645,,,,,,,,,,,,,,
FINANCIALS,BNKR.L,NWG.L,BANKERS INVESTMENT TRUST PLC OR,NATWEST GROUP PLC ORD 107.69P,-1.7038196473748828,0.4291455619822831,0.05,5.93008342884836e-05,False,0.3364161104249454,2.7364300657019283,,,,,,,,,,,,,,
FINANCIALS,BARC.L,STJ.L,BARCLAYS PLC ORD 25P,ST. JAMES'S PLACE PLC ORD 15P,-1.7027809758630408,0.42968020705874815,0.05,5.93008342884836e-05,False,1.0059728455444965,-1.194730327478366,,,,,,,,,,,,,,
FINANCIALS,ABDN.L,STJ.L,ABERDEEN GROUP PLC ORD 13 61/63,ST. JAMES'S PLACE PLC ORD 15P,-1.6809518601195106,0.44095240498347954,0.05,5.93008342884836e-05,False,0.5744224466819686,1.1875108636269922,,,,,,,,,,,,,,
FINANCIALS,AV.L,BEZ.L,AVIVA PLC ORD 32 17/19P,BEAZLEY PLC ORD 5P,-1.6745497328783923,0.4442706081242411,0.05,5.93008342884836e-05,False,0.5493195288484102,2.613705088256913,,,,,,,,,,,,,,
FINANCIALS,ASHM.L,AV.L,ASHMORE GROUP PLC ORD 0.01P,AVIVA PLC ORD 32 17/19P,-1.6676522107252847,0.4478513313149671,0.05,5.93008342884836e-05,False,1.3009935857871233,-3.08113121053741,,,,,,,,,,,,,,
FINANCIALS,BEZ.L,PRU.L,BEAZLEY PLC ORD 5P,PRUDENTIAL PLC ORD 5P,-1.6457703083433188,0.4592472570663478,0.05,5.93008342884836e-05,False,0.8065960627611419,1.350745244250331,,,,,,,,,,,,,,
FINANCIALS,ADM.L,BNKR.L,ADMIRAL GROUP PLC ORD 0.1P,BANKERS INVESTMENT TRUST PLC OR,-1.6267833553540327,0.46917487740085256,0.05,5.93008342884836e-05,False,1.4208155608682784,1.1709022930260913,,,,,,,,,,,,,,
FINANCIALS,JUP.L,SDR.L,JUPITER FUND MANAGEMENT PLC ORD,SCHRODERS PLC ORD 20P,-1.624128510065645,0.47056555005206,0.05,5.93008342884836e-05,False,1.893508378125689,-6.617334950051949,,,,,,,,,,,,,,
FINANCIALS,AV.L,SDR.L,AVIVA PLC ORD 32 17/19P,SCHRODERS PLC ORD 20P,-1.6199566135047436,0.4727520438808732,0.05,5.93008342884836e-05,False,0.5252438901009711,3.209959996328904,,,,,,,,,,,,,,
FINANCIALS,ADM.L,ASHM.L,ADMIRAL GROUP PLC ORD 0.1P,ASHMORE GROUP PLC ORD 0.01P,-1.6065955914853407,0.48027953027750797,0.05,5.93008342884836e-05,False,-0.021265200717905306,8.121330349552995,,,,,,,,,,,,,,
FINANCIALS,HSBA.L,STJ.L,HSBC HOLDINGS PLC ORD $0.50 (UK,ST. JAMES'S PLACE PLC ORD 15P,-1.5779629908608979,0.4946532461859873,0.05,5.93008342884836e-05,False,0.9213129509587825,0.42805572477584075,,,,,,,,,,,,,,
FINANCIALS,AV.L,HSBA.L,AVIVA PLC ORD 32 17/19P,HSBC HOLDINGS PLC ORD $0.50 (UK,-1.4926530245122098,0.5371426012689147,0.05,5.93008342884836e-05,False,0.5099960605045891,2.86646438874128,,,,,,,,,,,,,,
FINANCIALS,BEZ.L,STJ.L,BEAZLEY PLC ORD 5P,ST. JAMES'S PLACE PLC ORD 15P,-1.4897075795873176,0.538596568972134,0.05,5.93008342884836e-05,False,0.6337910760867749,2.3981101292577165,,,,,,,,,,,,,,
FINANCIALS,SDR.L,STJ.L,SCHRODERS PLC ORD 20P,ST. JAMES'S PLACE PLC ORD 15P,-1.4657238939747765,0.5503940074201867,0.05,5.93008342884836e-05,False,0.6155562820951124,1.7016144071859323,,,,,,,,,,,,,,
FINANCIALS,MNG.L,PRU.L,M&G PLC,PRUDENTIAL PLC ORD 5P,-1.453186644346117,0.5565292141179801,0.05,5.93008342884836e-05,False,0.7423827659541049,0.4683461895219674,,,,,,,,,,,,,,
FINANCIALS,AJB.L,STJ.L,AJ BELL PLC ORD GBP0.000125,ST. JAMES'S PLACE PLC ORD 15P,-1.4051203639466772,0.5798189047619494,0.05,5.93008342884836e-05,False,0.2575985450307127,4.365593608960395,,,,,,,,,,,,,,
FINANCIALS,AV.L,MNG.L,AVIVA PLC ORD 32 17/19P,M&G PLC,-1.3041430438002972,0.6272747409020032,0.05,5.93008342884836e-05,False,0.7792865250788816,2.074824163593643,,,,,,,,,,,,,,
FINANCIALS,AV.L,BARC.L,AVIVA PLC ORD 32 17/19P,BARCLAYS PLC ORD 25P,-1.3030353559646555,0.6277824929835674,0.05,5.93008342884836e-05,False,0.49425673249930685,3.4851600518050483,,,,,,,,,,,,,,
FINANCIALS,PRU.L,SDR.L,PRUDENTIAL PLC ORD 5P,SCHRODERS PLC ORD 20P,-1.2993246536629697,0.629481228784678,0.05,5.93008342884836e-05,False,1.1696279392110522,-0.23433043554725952,,,,,,,,,,,,,,
FINANCIALS,AV.L,BNKR.L,AVIVA PLC ORD 32 17/19P,BANKERS INVESTMENT TRUST PLC OR,-1.2278177680819213,0.6615162224792681,0.05,5.93008342884836e-05,False,1.8540134680942193,-2.5740222836787643,,,,,,,,,,,,,,
FINANCIALS,MNG.L,STJ.L,M&G PLC,ST. JAMES'S PLACE PLC ORD 15P,-1.216852605755565,0.6663044586981687,0.05,5.93008342884836e-05,False,0.592472569164038,1.3687955198080477,,,,,,,,,,,,,,
FINANCIALS,ASHM.L,BNKR.L,ASHMORE GROUP PLC ORD 0.01P,BANKERS INVESTMENT TRUST PLC OR,-1.176523493662481,0.6836123173028572,0.05,5.93008342884836e-05,False,2.380643740900817,-6.278672397939819,,,,,,,,,,,,,,
FINANCIALS,HSBA.L,PRU.L,HSBC HOLDINGS PLC ORD $0.50 (UK,PRUDENTIAL PLC ORD 5P,-1.0405872690415578,0.7381748061786356,0.05,5.93008342884836e-05,False,1.0834695658551527,-0.49235899372805836,,,,,,,,,,,,,,
FINANCIALS,BNKR.L,PRU.L,BANKERS INVESTMENT TRUST PLC OR,PRUDENTIAL PLC ORD 5P,-0.8705366858981135,0.7975202288873909,0.05,5.93008342884836e-05,False,0.32837070321468825,2.593890372319889,,,,,,,,,,,,,,
FINANCIALS,BNKR.L,STJ.L,BANKERS INVESTMENT TRUST PLC OR,ST. JAMES'S PLACE PLC ORD 15P,-0.7012457600209832,0.8464265940233755,0.05,5.93008342884836e-05,False,0.2552972160998308,3.0392155165754104,,,,,,,,,,,,,,
FR_BANKS,ACA.PA,GLE.PA,CREDIT AGRICOLE,SOCIETE GENERALE,-3.3145371870208677,0.014241036113491307,0.05,0.014241036113491307,True,0.2857077678647439,1.5886824468532483,18.72219203927257,0.00010993167475465355,-0.037022757757530014,56.0,-0.4541199961301702,2.4092276679438154,False,,0.8,-0.0007478924084440633,-0.15635824873306864,0.38020710931005014,False,mixed signal
FR_BANKS,ACA.PA,BNP.PA,CREDIT AGRICOLE,BNP PARIBAS ACT.A,-2.433124138220147,0.13260474715939735,0.05,0.014241036113491307,False,0.6757282786892301,-0.19780909139632286,,,,,,,,,,,,,,
FR_BANKS,BNP.PA,GLE.PA,BNP PARIBAS ACT.A,SOCIETE GENERALE,-1.6390019411392307,0.46278235512894095,0.05,0.014241036113491307,False,0.41198511094893764,2.684347471166803,,,,,,,,,,,,,,
FR_LUXURY,CDI.PA,MC.PA,CHRISTIAN DIOR,LVMH,-3.30080225560583,0.01484265170794022,0.05,,False,0.9429518279355081,0.2905471785175484,,,,,,,,,,,,,,
FR_LUXURY,KER.PA,RMS.PA,KERING,HERMES INTL,-1.9631883208372525,0.30294322181230415,0.05,,False,-2.7738614159377613,26.685394369345907,,,,,,,,,,,,,,
FR_LUXURY,CDI.PA,RMS.PA,CHRISTIAN DIOR,HERMES INTL,-1.4550947918408457,0.5555969407133673,0.05,,False,0.9805623657806448,-1.264109398829489,,,,,,,,,,,,,,
FR_LUXURY,MC.PA,RMS.PA,LVMH,HERMES INTL,-1.2916775010728496,0.6329712135507073,0.05,,False,1.1396009623740182,-2.411393544705514,,,,,,,,,,,,,,
FR_LUXURY,CDI.PA,KER.PA,CHRISTIAN DIOR,KERING,-1.0819351981073655,0.7222219154925844,0.05,,False,0.5517488534321705,3.2181930486915986,,,,,,,,,,,,,,
FR_LUXURY,KER.PA,MC.PA,KERING,LVMH,-1.0119028934650462,0.7488982755964382,0.05,,False,1.6838175843159267,-5.147197161783264,,,,,,,,,,,,,,
FR_UTILITIES,ENGI.PA,RUI.PA,ENGIE,RUBIS,-3.1995293465830343,0.020011938655116326,0.05,,False,1.5477397915692488,-2.180893422325159,,,,,,,,,,,,,,
FR_UTILITIES,ENGI.PA,VIE.PA,ENGIE,VEOLIA ENVIRON.,-2.523909190424548,0.10976480249378556,0.05,,False,2.9716425167551117,-7.071088432194776,,,,,,,,,,,,,,
FR_UTILITIES,ALO.PA,ENGI.PA,ALSTOM,ENGIE,-1.7946143311133347,0.3831387880142561,0.05,,False,0.21386244898301138,2.4134819210446494,,,,,,,,,,,,,,
FR_UTILITIES,RUI.PA,VIE.PA,RUBIS,VEOLIA ENVIRON.,-1.5523365347966316,0.5074808587909979,0.05,,False,2.087663241346146,-3.7210183269447565,,,,,,,,,,,,,,
FR_UTILITIES,ALO.PA,RUI.PA,ALSTOM,RUBIS,-1.3319201421323232,0.6144452743468342,0.05,,False,0.5213118923203413,1.3248826730014318,,,,,,,,,,,,,,
FR_UTILITIES,ALO.PA,VIE.PA,ALSTOM,VEOLIA ENVIRON.,-0.08187922063134416,0.9512137887167502,0.05,,False,43.498312159850336,-142.62160485182372,,,,,,,,,,,,,,
HEALTHCARE,GSK.L,HIK.L,GSK PLC ORD 31 1/4P,HIKMA PHARMACEUTICALS PLC ORD S,-3.6740176128678885,0.004493822939809669,0.05,0.02831222947735431,True,-0.9459334091752412,14.45420087205396,14.619273329074716,-4.292357554085245e-05,-0.04741324448605928,44.0,0.3809404973996499,3.1383425959053923,False,,0.2,0.02716640981689327,0.5203397624261762,0.7380246187421523,True,mixed signal
HEALTHCARE,AZN.L,HIK.L,ASTRAZENECA PLC ORD SHS $0.25,HIKMA PHARMACEUTICALS PLC ORD S,-3.6333843689832137,0.005153944763961959,0.05,0.02831222947735431,True,-0.7071110898031673,14.693528073974692,16.676482380911466,-0.00017182755637244938,-0.04156435180559108,50.0,1.094495997059763,3.0116774271306173,False,,1.0,0.008011637625098548,0.291676044961904,-0.006198709803494018,False,mixed signal
HEALTHCARE,AZN.L,GSK.L,ASTRAZENECA PLC ORD SHS $0.25,GSK PLC ORD 31 1/4P,-3.6000634067365658,0.0057598156662424195,0.05,0.02831222947735431,True,0.7951022065157429,3.5376591403233624,13.581716423739755,-0.00015769389384131385,-0.051035315341172886,41.0,1.0931444362810805,3.043245110746831,False,,0.4,-0.014087184278904454,-0.3396379036493795,-0.9514969646546274,False,mixed signal
HEALTHCARE,AZN.L,CTEC.L,ASTRAZENECA PLC ORD SHS $0.25,CONVATEC GROUP PLC ORD 10P,-3.291325161897297,0.015270721169674257,0.05,0.02831222947735431,True,-2.4677373904706394,22.903205440636786,15.778236940785622,-0.00045534586555087046,-0.0439305850939663,47.0,-1.124904286428428,2.6387362891282726,False,,0.6,0.0044400212423029405,0.1945450073999031,0.9220608300753029,False,mixed signal
HEALTHCARE,CTEC.L,HIK.L,CONVATEC GROUP PLC ORD 10P,HIKMA PHARMACEUTICALS PLC ORD S,-3.1052460284487178,0.02616738693555382,0.05,0.02831222947735431,True,0.3079998250862407,3.1662637215579252,17.66185244490823,-0.00010601629169826997,-0.03924544057437044,53.0,-1.5167216319994101,2.33971279029936,False,,0.6,-0.0011235130668421239,0.11285431685127767,0.9022312560843114,False,mixed signal
HEALTHCARE,CTEC.L,GSK.L,CONVATEC GROUP PLC ORD 10P,GSK PLC ORD 31 1/4P,-3.0768791223849727,0.02831222947735431,0.05,0.02831222947735431,True,-0.25405053121497906,7.3447621620965045,18.015960748309112,-0.00014756697893905478,-0.03847406143050132,54.0,-1.1132952627927544,2.4718942520519067,False,,0.6,0.005916141031712655,0.2900531789264005,1.0031337277377574,False,mixed signal
HEALTHCARE,CTEC.L,SN.L,CONVATEC GROUP PLC ORD 10P,SMITH & NEPHEW PLC ORD USD0.20,-2.6882927600987534,0.07608613492930966,0.05,0.02831222947735431,False,-0.14482546652370273,6.491383197357356,,,,,,,,,,,,,,
HEALTHCARE,HIK.L,SN.L,HIKMA PHARMACEUTICALS PLC ORD S,SMITH & NEPHEW PLC ORD USD0.20,-2.5963465851872027,0.09375470741906117,0.05,0.02831222947735431,False,-2.135366985388633,22.532032156509157,,,,,,,,,,,,,,
HEALTHCARE,AZN.L,SN.L,ASTRAZENECA PLC ORD SHS $0.25,SMITH & NEPHEW PLC ORD USD0.20,-2.5762895055295085,0.09799742954446955,0.05,0.02831222947735431,False,1.232273058237731,0.7179161978023334,,,,,,,,,,,,,,
HEALTHCARE,GSK.L,SN.L,GSK PLC ORD 31 1/4P,SMITH & NEPHEW PLC ORD USD0.20,-2.1575354554036457,0.22201685628410728,0.05,0.02831222947735431,False,1.807188591088528,-5.36028297195418,,,,,,,,,,,,,,
INDUSTRIALS,BBY.L,IMI.L,BALFOUR BEATTY PLC ORD 50P,IMI PLC ORD 28 4/7P,-3.9937897305990893,0.0014433814385206832,0.05,,False,1.4473769201394775,-4.796503653098769,,,,,,,,,,,,,,
INDUSTRIALS,BA.L,BNZL.L,BAE SYSTEMS PLC ORD 2.5P,BUNZL PLC ORD 32 1/7P,-3.325762938049291,0.013765419664178503,0.05,,False,-1.0605182009254241,15.769323818538876,,,,,,,,,,,,,,
INDUSTRIALS,BA.L,MGNS.L,BAE SYSTEMS PLC ORD 2.5P,MORGAN SINDALL GROUP PLC ORD 5P,-3.140600346741844,0.02369087049578389,0.05,,False,1.1274512714867766,-1.9315217405871232,,,,,,,,,,,,,,
INDUSTRIALS,BNZL.L,WEIR.L,BUNZL PLC ORD 32 1/7P,WEIR PLC ORD 12.5P,-2.9927521353021276,0.0355768258596124,0.05,,False,-1.3496577936806995,18.431967907151318,,,,,,,,,,,,,,
INDUSTRIALS,BNZL.L,SMIN.L,BUNZL PLC ORD 32 1/7P,SMITHS GROUP PLC ORD 37.5P,-2.9460421479044747,0.04024993863214302,0.05,,False,-1.2248609971376723,17.267358221192517,,,,,,,,,,,,,,
INDUSTRIALS,BNZL.L,KIE.L,BUNZL PLC ORD 32 1/7P,KIER GROUP PLC ORD 1P,-2.9235469388117497,0.04267753016230229,0.05,,False,-0.954730988612221,12.828165215406733,,,,,,,,,,,,,,
INDUSTRIALS,BNZL.L,MGNS.L,BUNZL PLC ORD 32 1/7P,MORGAN SINDALL GROUP PLC ORD 5P,-2.871680262192416,0.04874169937640198,0.05,,False,-1.0462459762611038,16.551114291853512,,,,,,,,,,,,,,
INDUSTRIALS,BBY.L,DPLM.L,BALFOUR BEATTY PLC ORD 50P,DIPLOMA PLC ORD 5P,-2.8237189688435134,0.05496474290469868,0.05,,False,1.579763791727102,-7.128447960515512,,,,,,,,,,,,,,
INDUSTRIALS,BA.L,SMIN.L,BAE SYSTEMS PLC ORD 2.5P,SMITHS GROUP PLC ORD 37.5P,-2.743919287636052,0.06674174004110892,0.05,,False,1.3006497008899,-2.555750551741885,,,,,,,,,,,,,,
INDUSTRIALS,IMI.L,SPX.L,IMI PLC ORD 28 4/7P,SPIRAX GROUP PLC ORD 26 12/13P,-2.7375443701335294,0.06776371318854015,0.05,,False,16.368787532605285,-137.17619277929916,,,,,,,,,,,,,,
INDUSTRIALS,KIE.L,SMIN.L,KIER GROUP PLC ORD 1P,SMITHS GROUP PLC ORD 37.5P,-2.7374370202561136,0.06778102901564974,0.05,,False,1.2699573990850412,-4.550297452873157,,,,,,,,,,,,,,
INDUSTRIALS,BA.L,SPX.L,BAE SYSTEMS PLC ORD 2.5P,SPIRAX GROUP PLC ORD 26 12/13P,-2.7369256452631814,0.06786356370100152,0.05,,False,-5.1448217581043485,52.92968478350045,,,,,,,,,,,,,,
INDUSTRIALS,DPLM.L,SPX.L,DIPLOMA PLC ORD 5P,SPIRAX GROUP PLC ORD 26 12/13P,-2.7307983770370994,0.06885874251193451,0.05,,False,16.90900554771118,-141.12373609995822,,,,,,,,,,,,,,
INDUSTRIALS,KIE.L,SPX.L,KIER GROUP PLC ORD 1P,SPIRAX GROUP PLC ORD 26 12/13P,-2.723727658588972,0.07002157464159711,0.05,,False,-197.88448779215935,1756.2966812460445,,,,,,,,,,,,,,
INDUSTRIALS,SPX.L,WEIR.L,SPIRAX GROUP PLC ORD 26 12/13P,WEIR PLC ORD 12.5P,-2.711243244490129,0.07211282233551247,0.05,,False,-0.09331528101590494,9.578106399225844,,,,,,,,,,,,,,
INDUSTRIALS,BBY.L,SPX.L,BALFOUR BEATTY PLC ORD 50P,SPIRAX GROUP PLC ORD 26 12/13P,-2.708956914378367,0.07250111498776148,0.05,,False,-74.80479239610796,668.2763199054717,,,,,,,,,,,,,,
INDUSTRIALS,SMIN.L,SPX.L,SMITHS GROUP PLC ORD 37.5P,SPIRAX GROUP PLC ORD 26 12/13P,-2.7030255067063185,0.07351618593596793,0.05,,False,-12.718588667878123,120.20562754818611,,,,,,,,,,,,,,
INDUSTRIALS,BNZL.L,SPX.L,BUNZL PLC ORD 32 1/7P,SPIRAX GROUP PLC ORD 26 12/13P,-2.686299429202035,0.07643921985143354,0.05,,False,4.7086830837872675,-33.778351046732965,,,,,,,,,,,,,,
INDUSTRIALS,MRO.L,WEIR.L,MELROSE INDUSTRIES PLC ORD GBP0,WEIR PLC ORD 12.5P,-2.66979888167457,0.07941176313963177,0.05,,False,0.6659514969201575,1.0824475127436655,,,,,,,,,,,,,,
INDUSTRIALS,MGNS.L,SPX.L,MORGAN SINDALL GROUP PLC ORD 5P,SPIRAX GROUP PLC ORD 26 12/13P,-2.6213195430894025,0.08867051820555422,0.05,,False,-5.284782443067547,55.04465372392842,,,,,,,,,,,,,,
INDUSTRIALS,BBY.L,SMIN.L,BALFOUR BEATTY PLC ORD 50P,SMITHS GROUP PLC ORD 37.5P,-2.605451351924582,0.09187581002325063,0.05,,False,1.6158660503325961,-6.059107094144849,,,,,,,,,,,,,,
INDUSTRIALS,MGNS.L,MRO.L,MORGAN SINDALL GROUP PLC ORD 5P,MELROSE INDUSTRIES PLC ORD GBP0,-2.5690241984730853,0.09956981202692344,0.05,,False,2.5406163254056393,-7.687235335317405,,,,,,,,,,,,,,
INDUSTRIALS,IMI.L,MGNS.L,IMI PLC ORD 28 4/7P,MORGAN SINDALL GROUP PLC ORD 5P,-2.549772326510549,0.10382888447909011,0.05,,False,0.9210059575944552,0.050396197469397386,,,,,,,,,,,,,,
INDUSTRIALS,MGNS.L,SMIN.L,MORGAN SINDALL GROUP PLC ORD 5P,SMITHS GROUP PLC ORD 37.5P,-2.537486773543103,0.10661771289032562,0.05,,False,1.1850327463465413,-0.7941634830832243,,,,,,,,,,,,,,
INDUSTRIALS,DPLM.L,HILS.L,DIPLOMA PLC ORD 5P,HILL & SMITH PLC ORD 25P,-2.5366947678234597,0.10679940922641917,0.05,,False,1.5601508637430148,-3.413082897399354,,,,,,,,,,,,,,
INDUSTRIALS,BA.L,KIE.L,BAE SYSTEMS PLC ORD 2.5P,KIER GROUP PLC ORD 1P,-2.5340060165713862,0.10741797626253757,0.05,,False,1.0178893385372234,2.1369945011586466,,,,,,,,,,,,,,
INDUSTRIALS,DPLM.L,IMI.L,DIPLOMA PLC ORD 5P,IMI PLC ORD 28 4/7P,-2.5171400285248327,0.11135947233225052,0.05,,False,0.9311616890023023,1.3612927025442119,,,,,,,,,,,,,,
INDUSTRIALS,KIE.L,MGNS.L,KIER GROUP PLC ORD 1P,MORGAN SINDALL GROUP PLC ORD 5P,-2.49703603795853,0.11619715533805508,0.05,,False,1.0877735327376736,-3.8325790910736055,,,,,,,,,,,,,,
INDUSTRIALS,BNZL.L,MRO.L,BUNZL PLC ORD 32 1/7P,MELROSE INDUSTRIES PLC ORD GBP0,-2.4794934065487455,0.12054385670970535,0.05,,False,-3.9936656920202163,32.98671444538276,,,,,,,,,,,,,,
INDUSTRIALS,KIE.L,MRO.L,KIER GROUP PLC ORD 1P,MELROSE INDUSTRIES PLC ORD GBP0,-2.4746499426883357,0.12176472236708707,0.05,,False,2.567202793260862,-10.960261355647084,,,,,,,,,,,,,,
INDUSTRIALS,MGNS.L,WEIR.L,MORGAN SINDALL GROUP PLC ORD 5P,WEIR PLC ORD 12.5P,-2.3535697917018923,0.15527189291555504,0.05,,False,1.2722349201032643,-1.6589504726696074,,,,,,,,,,,,,,
INDUSTRIALS,BKG.L,SPX.L,BERKELEY GROUP HOLDINGS (THE) P,SPIRAX GROUP PLC ORD 26 12/13P,-2.33847786169618,0.15985814190495162,0.05,,False,1.9080479497888163,-8.590633184816015,,,,,,,,,,,,,,
INDUSTRIALS,IMI.L,SMIN.L,IMI PLC ORD 28 4/7P,SMITHS GROUP PLC ORD 37.5P,-2.30902673447005,0.16907319576679253,0.05,,False,1.0848691318629575,-0.6308627656124495,,,,,,,,,,,,,,
INDUSTRIALS,BKG.L,MGNS.L,BERKELEY GROUP HOLDINGS (THE) P,MORGAN SINDALL GROUP PLC ORD 5P,-2.2930751785095733,0.17421109201402274,0.05,,False,-0.5358969771078139,12.730495973705088,,,,,,,,,,,,,,
INDUSTRIALS,BA.L,MRO.L,BAE SYSTEMS PLC ORD 2.5P,MELROSE INDUSTRIES PLC ORD GBP0,-2.261787670708735,0.18458842965919875,0.05,,False,8.984680272746546,-49.05925237457364,,,,,,,,,,,,,,
INDUSTRIALS,BA.L,WEIR.L,BAE SYSTEMS PLC ORD 2.5P,WEIR PLC ORD 12.5P,-2.25676787570403,0.1862903348287177,0.05,,False,1.4503386605810769,-3.926537578489447,,,,,,,,,,,,,,
INDUSTRIALS,BKG.L,DPLM.L,BERKELEY GROUP HOLDINGS (THE) P,DIPLOMA PLC ORD 5P,-2.22369671429981,0.19775759517358799,0.05,,False,-0.6366458232971248,13.710595292364452,,,,,,,,,,,,,,
INDUSTRIALS,BKG.L,MRO.L,BERKELEY GROUP HOLDINGS (THE) P,MELROSE INDUSTRIES PLC ORD GBP0,-2.223092626697972,0.19797116666816755,0.05,,False,-1.2599282597839518,16.211713998115854,,,,,,,,,,,,,,
INDUSTRIALS,BBY.L,MRO.L,BALFOUR BEATTY PLC ORD 50P,MELROSE INDUSTRIES PLC ORD GBP0,-2.220746042889957,0.19880218172770414,0.05,,False,5.517458521281125,-28.360707457032902,,,,,,,,,,,,,,
INDUSTRIALS,BKG.L,SMIN.L,BERKELEY GROUP HOLDINGS (THE) P,SMITHS GROUP PLC ORD 37.5P,-2.1862432650161723,0.2112761899590394,0.05,,False,-0.6588990085343626,13.338631571798384,,,,,,,,,,,,,,
INDUSTRIALS,MRO.L,SMIN.L,MELROSE INDUSTRIES PLC ORD GBP0,SMITHS GROUP PLC ORD 37.5P,-2.1557650562087955,0.22268989506938813,0.05,,False,0.5321159803113241,2.2102980249893154,,,,,,,,,,,,,,
INDUSTRIALS,MRO.L,SPX.L,MELROSE INDUSTRIES PLC ORD GBP0,SPIRAX GROUP PLC ORD 26 12/13P,-2.1397207244881247,0.2288454309260492,0.05,,False,1.6208099443282051,-8.05874090685174,,,,,,,,,,,,,,
INDUSTRIALS,HILS.L,SPX.L,HILL & SMITH PLC ORD 25P,SPIRAX GROUP PLC ORD 26 12/13P,-2.1199472365926577,0.23656972812507382,0.05,,False,1.4142212456724024,-4.873879058692453,,,,,,,,,,,,,,
INDUSTRIALS,BKG.L,IMI.L,BERKELEY GROUP HOLDINGS (THE) P,IMI PLC ORD 28 4/7P,-2.1163348887994666,0.23799719114190238,0.05,,False,-0.568486353290121,12.657174661070274,,,,,,,,,,,,,,
INDUSTRIALS,BA.L,BBY.L,BAE SYSTEMS PLC ORD 2.5P,BALFOUR BEATTY PLC ORD 50P,-2.061115766938273,0.2604347260188054,0.05,,False,0.7762443504617255,2.502396920811809,,,,,,,,,,,,,,
INDUSTRIALS,DPLM.L,MGNS.L,DIPLOMA PLC ORD 5P,MORGAN SINDALL GROUP PLC ORD 5P,-2.0154588927409667,0.2798363171941197,0.05,,False,0.8420301701203037,1.5371586655478406,,,,,,,,,,,,,,
INDUSTRIALS,BBY.L,BKG.L,BALFOUR BEATTY PLC ORD 50P,BERKELEY GROUP HOLDINGS (THE) P,-1.983027090471697,0.2940643536669545,0.05,,False,-2.846882552031216,29.92429815898567,,,,,,,,,,,,,,
INDUSTRIALS,KIE.L,WEIR.L,KIER GROUP PLC ORD 1P,WEIR PLC ORD 12.5P,-1.934221707300036,0.3161372888940856,0.05,,False,1.3999422719841117,-5.762419961879323,,,,,,,,,,,,,,
INDUSTRIALS,IMI.L,MRO.L,IMI PLC ORD 28 4/7P,MELROSE INDUSTRIES PLC ORD GBP0,-1.9242516038107573,0.3207397917286223,0.05,,False,2.4830935779562573,-7.92930299065937,,,,,,,,,,,,,,
INDUSTRIALS,BA.L,BKG.L,BAE SYSTEMS PLC ORD 2.5P,BERKELEY GROUP HOLDINGS (THE) P,-1.8957549736924586,0.33406073281280724,0.05,,False,-2.290186173399902,26.397061672486846,,,,,,,,,,,,,,
INDUSTRIALS,DPLM.L,MRO.L,DIPLOMA PLC ORD 5P,MELROSE INDUSTRIES PLC ORD GBP0,-1.8792400244536343,0.34188938789273926,0.05,,False,2.8540313053832413,-9.427371599141516,,,,,,,,,,,,,,
INDUSTRIALS,BKG.L,WEIR.L,BERKELEY GROUP HOLDINGS (THE) P,WEIR PLC ORD 12.5P,-1.8518631509414247,0.3550336985733727,0.05,,False,-0.6919839058111037,13.699171355196523,,,,,,,,,,,,,,
INDUSTRIALS,BBY.L,MGNS.L,BALFOUR BEATTY PLC ORD 50P,MORGAN SINDALL GROUP PLC ORD 5P,-1.8401618824663377,0.3607124929569854,0.05,,False,1.410500218995403,-5.364787372139455,,,,,,,,,,,,,,
INDUSTRIALS,BBY.L,HILS.L,BALFOUR BEATTY PLC ORD 50P,HILL & SMITH PLC ORD 25P,-1.810505073314643,0.3752588298925972,0.05,,False,2.7803396459759253,-14.932308401713838,,,,,,,,,,,,,,
INDUSTRIALS,BKG.L,KIE.L,BERKELEY GROUP HOLDINGS (THE) P,KIER GROUP PLC ORD 1P,-1.7971051637033564,0.3818998436875137,0.05,,False,-0.3390335499990206,10.047754114317126,,,,,,,,,,,,,,
INDUSTRIALS,HILS.L,IMI.L,HILL & SMITH PLC ORD 25P,IMI PLC ORD 28 4/7P,-1.7778738983150446,0.3915006907160101,0.05,,False,0.563635519923072,3.3150477221128787,,,,,,,,,,,,,,
INDUSTRIALS,IMI.L,KIE.L,IMI PLC ORD 28 4/7P,KIER GROUP PLC ORD 1P,-1.7680673681195784,0.39642659178368983,0.05,,False,0.8524990522901944,3.265346999058978,,,,,,,,,,,,,,
INDUSTRIALS,BNZL.L,IMI.L,BUNZL PLC ORD 32 1/7P,IMI PLC ORD 28 4/7P,-1.7611079786550352,0.3999341833438561,0.05,,False,-1.138349706371151,16.626537090883613,,,,,,,,,,,,,,
INDUSTRIALS,DPLM.L,KIE.L,DIPLOMA PLC ORD 5P,KIER GROUP PLC ORD 1P,-1.6889222441220013,0.43682891804070784,0.05,,False,0.7798718531611664,4.473976525276244,,,,,,,,,,,,,,
INDUSTRIALS,BKG.L,BNZL.L,BERKELEY GROUP HOLDINGS (THE) P,BUNZL PLC ORD 32 1/7P,-1.6587078142567482,0.45250309319619547,0.05,,False,0.4398143354810582,4.824045616253177,,,,,,,,,,,,,,
INDUSTRIALS,BKG.L,HILS.L,BERKELEY GROUP HOLDINGS (THE) P,HILL & SMITH PLC ORD 25P,-1.594593427584548,0.48630883553369714,0.05,,False,-1.6853248698872754,21.171479191626055,,,,,,,,,,,,,,
INDUSTRIALS,BBY.L,BNZL.L,BALFOUR BEATTY PLC ORD 50P,BUNZL PLC ORD 32 1/7P,-1.577011790741136,0.4951300996609084,0.05,,False,-1.3906160578683315,17.2836785025423,,,,,,,,,,,,,,
INDUSTRIALS,BBY.L,KIE.L,BALFOUR BEATTY PLC ORD 50P,KIER GROUP PLC ORD 1P,-1.5471756690692877,0.5100586768635622,0.05,,False,1.2849373581474455,-0.33437021795185995,,,,,,,,,,,,,,
INDUSTRIALS,BA.L,IMI.L,BAE SYSTEMS PLC ORD 2.5P,IMI PLC ORD 28 4/7P,-1.528621394131047,0.5193082419734971,0.05,,False,1.2088014601432857,-1.8754009300193912,,,,,,,,,,,,,,
INDUSTRIALS,BNZL.L,DPLM.L,BUNZL PLC ORD 32 1/7P,DIPLOMA PLC ORD 5P,-1.4352868505940264,0.565247187330311,0.05,,False,-1.2986734193719853,18.93875424952761,,,,,,,,,,,,,,
INDUSTRIALS,DPLM.L,SMIN.L,DIPLOMA PLC ORD 5P,SMITHS GROUP PLC ORD 37.5P,-1.4314564051618819,0.5671061087250537,0.05,,False,1.0130015379474602,0.7523214494379076,,,,,,,,,,,,,,
INDUSTRIALS,SMIN.L,WEIR.L,SMITHS GROUP PLC ORD 37.5P,WEIR PLC ORD 12.5P,-1.3681855935364067,0.5974297803004475,0.05,,False,1.0783404369069294,-0.7668922789462043,,,,,,,,,,,,,,
INDUSTRIALS,BA.L,DPLM.L,BAE SYSTEMS PLC ORD 2.5P,DIPLOMA PLC ORD 5P,-1.3173440306520687,0.6212005180491974,0.05,,False,1.3628806528062167,-4.193174662242742,,,,,,,,,,,,,,
INDUSTRIALS,HILS.L,MGNS.L,HILL & SMITH PLC ORD 25P,MORGAN SINDALL GROUP PLC ORD 5P,-1.1455382573784387,0.696574552007627,0.05,,False,0.37400706734361566,4.544690955089207,,,,,,,,,,,,,,
INDUSTRIALS,HILS.L,KIE.L,HILL & SMITH PLC ORD 25P,KIER GROUP PLC ORD 1P,-1.0950279914453358,0.7170506062695415,0.05,,False,0.40686106604146033,5.53640246418019,,,,,,,,,,,,,,
INDUSTRIALS,BNZL.L,HILS.L,BUNZL PLC ORD 32 1/7P,HILL & SMITH PLC ORD 25P,-1.0326104446368853,0.7411853963107853,0.05,,False,-3.969504093077376,38.22035320965333,,,,,,,,,,,,,,
INDUSTRIALS,HILS.L,SMIN.L,HILL & SMITH PLC ORD 25P,SMITHS GROUP PLC ORD 37.5P,-1.0299313168526985,0.7421916329860809,0.05,,False,0.5263810584607101,3.6109166277882476,,,,,,,,,,,,,,
INDUSTRIALS,BA.L,HILS.L,BAE SYSTEMS PLC ORD 2.5P,HILL & SMITH PLC ORD 25P,-0.7728810403901768,0.8269585696871717,0.05,,False,3.714544118785708,-20.980389356109484,,,,,,,,,,,,,,
INDUSTRIALS,BBY.L,WEIR.L,BALFOUR BEATTY PLC ORD 50P,WEIR PLC ORD 12.5P,-0.5611861577680635,0.8795134181664388,0.05,,False,1.8153249661393824,-7.867497003061301,,,,,,,,,,,,,,
INDUSTRIALS,IMI.L,WEIR.L,IMI PLC ORD 28 4/7P,WEIR PLC ORD 12.5P,-0.4333266740990337,0.9043839544354354,0.05,,False,1.1825077161744548,-1.5616450048827604,,,,,,,,,,,,,,
INDUSTRIALS,DPLM.L,WEIR.L,DIPLOMA PLC ORD 5P,WEIR PLC ORD 12.5P,-0.22983275084851532,0.9348709461606804,0.05,,False,1.1250444173074698,-0.279834299109897,,,,,,,,,,,,,,
INDUSTRIALS,HILS.L,MRO.L,HILL & SMITH PLC ORD 25P,MELROSE INDUSTRIES PLC ORD GBP0,-0.10294629179327969,0.9491442795509993,0.05,,False,0.7114388894315827,3.170079125678698,,,,,,,,,,,,,,
INDUSTRIALS,HILS.L,WEIR.L,HILL & SMITH PLC ORD 25P,WEIR PLC ORD 12.5P,0.01738556781806021,0.9599464611654375,0.05,,False,0.48770904083102923,3.8314047954388566,,,,,,,,,,,,,,
INVESTMENT_TRUSTS,FCIT.L,RCP.L,F&C INVESTMENT TRUST PLC ORD 6.,"""RIT Capital Partners""",-3.828409592899982,0.0026296619455723046,0.05,,False,1.124761722605558,-2.8857222059823933,,,,,,,,,,,,,,
INVESTMENT_TRUSTS,ATT.L,FCIT.L,ALLIANZ TECHNOLOGY TRUST PLC OR,F&C INVESTMENT TRUST PLC ORD 6.,-3.7741774752283805,0.003182842473822023,0.05,,False,2.4368782372445636,-7.685996545310723,,,,,,,,,,,,,,
INVESTMENT_TRUSTS,ATT.L,RCP.L,ALLIANZ TECHNOLOGY TRUST PLC OR,"""RIT Capital Partners""",-3.678515262454558,0.004425708401599019,0.05,,False,2.8029391057281314,-15.189632128869732,,,,,,,,,,,,,,
INVESTMENT_TRUSTS,PCT.L,RCP.L,POLAR CAPITAL TECHNOLOGY TRUST ,"""RIT Capital Partners""",-3.494936098545899,0.0081181021754974,0.05,,False,3.520202125188949,-20.77930448100472,,,,,,,,,,,,,,
INVESTMENT_TRUSTS,MNKS.L,RCP.L,MONKS INVESTMENT TRUST PLC ORD ,"""RIT Capital Partners""",-3.3770660695206995,0.01176597976429342,0.05,,False,1.5435126483498474,-4.536097890356939,,,,,,,,,,,,,,
INVESTMENT_TRUSTS,JAM.L,JGGI.L,JPMORGAN AMERICAN INVESTMENT TR,JPMORGAN GLOBAL GROWTH & INCOME,-3.3209989187082933,0.01396552138394609,0.05,,False,1.8776901159791006,-4.928559943457556,,,,,,,,,,,,,,
INVESTMENT_TRUSTS,FCIT.L,PCT.L,F&C INVESTMENT TRUST PLC ORD 6.,POLAR CAPITAL TECHNOLOGY TRUST ,-3.3106105099330545,0.014410795421088703,0.05,,False,0.3265232126640005,3.711725382580301,,,,,,,,,,,,,,
INVESTMENT_TRUSTS,BRWM.L,RCP.L,BLACKROCK WORLD MINING TRUST PL,"""RIT Capital Partners""",-3.276909544541112,0.01594270135364861,0.05,,False,3.932491759226811,-23.453587730999317,,,,,,,,,,,,,,
INVESTMENT_TRUSTS,HGT.L,SMT.L,HG CAPITAL TRUST PLC ORD 2.5P,SCOTTISH MORTGAGE INVESTMENT TR,-3.247937877733139,0.017372212905040776,0.05,,False,-0.6184996248506005,10.479135131093166,,,,,,,,,,,,,,
INVESTMENT_TRUSTS,3IN.L,BRWM.L,3I INFRASTRUCTURE PLC ORD NPV,BLACKROCK WORLD MINING TRUST PL,-3.198599518945248,0.020065887812726623,0.05,,False,0.16210964580446097,4.792112460674996,,,,,,,,,,,,,,
INVESTMENT_TRUSTS,FCIT.L,HGT.L,F&C INVESTMENT TRUST PLC ORD 6.,HG CAPITAL TRUST PLC ORD 2.5P,-3.1060003918126844,0.026112307690055625,0.05,,False,-0.6420845806432368,9.628321586374069,,,,,,,,,,,,,,
INVESTMENT_TRUSTS,3IN.L,HGT.L,3I INFRASTRUCTURE PLC ORD NPV,HG CAPITAL TRUST PLC ORD 2.5P,-3.092530774551652,0.027110905307423758,0.05,,False,-0.27054100432895273,7.506132467367161,,,,,,,,,,,,,,
INVESTMENT_TRUSTS,3IN.L,MNKS.L,3I INFRASTRUCTURE PLC ORD NPV,MONKS INVESTMENT TRUST PLC ORD ,-3.027054796119668,0.03244391021548551,0.05,,False,0.4039319308750705,2.9289017342177877,,,,,,,,,,,,,,
INVESTMENT_TRUSTS,JGGI.L,RCP.L,JPMORGAN GLOBAL GROWTH & INCOME,"""RIT Capital Partners""",-2.9497273574267284,0.03986346816553619,0.05,,False,0.3374502133053691,3.7753621114114595,,,,,,,,,,,,,,
INVESTMENT_TRUSTS,3IN.L,CTY.L,3I INFRASTRUCTURE PLC ORD NPV,CITY OF LONDON INVESTMENT TRUST,-2.9060664597194714,0.044647085010673854,0.05,,False,0.48038213024686405,2.8667195326389296,,,,,,,,,,,,,,
INVESTMENT_TRUSTS,RCP.L,SMT.L,"""RIT Capital Partners""",SCOTTISH MORTGAGE INVESTMENT TR,-2.905056905963831,0.044763100383356305,0.05,,False,0.42947104267902153,4.612234076591449,,,,,,,,,,,,,,
INVESTMENT_TRUSTS,HGT.L,MNKS.L,HG CAPITAL TRUST PLC ORD 2.5P,MONKS INVESTMENT TRUST PLC ORD ,-2.8643616834059573,0.049651977238226376,0.05,,False,-1.000087323864565,13.371619997279632,,,,,,,,,,,,,,
INVESTMENT_TRUSTS,3IN.L,PCT.L,3I INFRASTRUCTURE PLC ORD NPV,POLAR CAPITAL TECHNOLOGY TRUST ,-2.8560920411218795,0.05069733074506549,0.05,,False,0.16617732598612073,4.842273108177458,,,,,,,,,,,,,,
INVESTMENT_TRUSTS,3IN.L,ATT.L,3I INFRASTRUCTURE PLC ORD NPV,ALLIANZ TECHNOLOGY TRUST PLC OR,-2.850169330549566,0.05145706693674355,0.05,,False,0.2077916193283597,4.564887739618184,,,,,,,,,,,,,,
INVESTMENT_TRUSTS,3IN.L,JGGI.L,3I INFRASTRUCTURE PLC ORD NPV,JPMORGAN GLOBAL GROWTH & INCOME,-2.7912097915021614,0.059540398617392666,0.05,,False,2.8279328244442024,-12.094235479992445,,,,,,,,,,,,,,
INVESTMENT_TRUSTS,HGT.L,JAM.L,HG CAPITAL TRUST PLC ORD 2.5P,JPMORGAN AMERICAN INVESTMENT TR,-2.7408185200670423,0.06723727876560932,0.05,,False,-2.5738869261893575,24.131795458066296,,,,,,,,,,,,,,
INVESTMENT_TRUSTS,FCIT.L,SMT.L,F&C INVESTMENT TRUST PLC ORD 6.,SCOTTISH MORTGAGE INVESTMENT TR,-2.673939074104776,0.0786575307591329,0.05,,False,0.5077789224149187,2.1298869564204086,,,,,,,,,,,,,,
INVESTMENT_TRUSTS,FCIT.L,JGGI.L,F&C INVESTMENT TRUST PLC ORD 6.,JPMORGAN GLOBAL GROWTH & INCOME,-2.667259180768043,0.07987722638265832,0.05,,False,2.9615177338016183,-13.113425088728142,,,,,,,,,,,,,,
INVESTMENT_TRUSTS,3IN.L,RCP.L,3I INFRASTRUCTURE PLC ORD NPV,"""RIT Capital Partners""",-2.6502940136289546,0.08304151692762496,0.05,,False,0.6569287076027144,0.8423495623656585,,,,,,,,,,,,,,
INVESTMENT_TRUSTS,CTY.L,MNKS.L,CITY OF LONDON INVESTMENT TRUST,MONKS INVESTMENT TRUST PLC ORD ,-2.580849702622756,0.0970201900509603,0.05,,False,0.8841153188293871,-0.18183800812314654,,,,,,,,,,,,,,
INVESTMENT_TRUSTS,3IN.L,FCIT.L,3I INFRASTRUCTURE PLC ORD NPV,F&C INVESTMENT TRUST PLC ORD 6.,-2.5757558235323392,0.0981122841448655,0.05,,False,0.5390522439758423,2.782675476308456,,,,,,,,,,,,,,
INVESTMENT_TRUSTS,JGGI.L,PCT.L,JPMORGAN GLOBAL GROWTH & INCOME,POLAR CAPITAL TECHNOLOGY TRUST ,-2.574847853865962,0.0983079250819936,0.05,,False,0.09177870557518514,5.791685912543319,,,,,,,,,,,,,,
INVESTMENT_TRUSTS,BRWM.L,JGGI.L,BLACKROCK WORLD MINING TRUST PL,JPMORGAN GLOBAL GROWTH & INCOME,-2.557683052750286,0.10206246574299832,0.05,,False,15.982944464017272,-94.89921689236633,,,,,,,,,,,,,,
INVESTMENT_TRUSTS,BRWM.L,CTY.L,BLACKROCK WORLD MINING TRUST PL,CITY OF LONDON INVESTMENT TRUST,-2.55341038285796,0.10301368624320384,0.05,,False,2.8603495202493505,-11.240778142142094,,,,,,,,,,,,,,
INVESTMENT_TRUSTS,JGGI.L,MNKS.L,JPMORGAN GLOBAL GROWTH & INCOME,MONKS INVESTMENT TRUST PLC ORD ,-2.5176661053303935,0.11123492490769649,0.05,,False,0.2314245724551486,4.674963947928892,,,,,,,,,,,,,,
INVESTMENT_TRUSTS,3IN.L,SMT.L,3I INFRASTRUCTURE PLC ORD NPV,SCOTTISH MORTGAGE INVESTMENT TR,-2.5096265167169394,0.11314962424773395,0.05,,False,0.2303095510813526,4.232857755448623,,,,,,,,,,,,,,
INVESTMENT_TRUSTS,HGT.L,JGGI.L,HG CAPITAL TRUST PLC ORD 2.5P,JPMORGAN GLOBAL GROWTH & INCOME,-2.5019459445246293,0.11500157310120657,0.05,,False,-14.21824501896083,96.3219709920769,,,,,,,,,,,,,,
INVESTMENT_TRUSTS,ATT.L,JGGI.L,ALLIANZ TECHNOLOGY TRUST PLC OR,JPMORGAN GLOBAL GROWTH & INCOME,-2.479797070114813,0.12046761405502965,0.05,,False,8.306254335733861,-46.54881229753929,,,,,,,,,,,,,,
INVESTMENT_TRUSTS,HGT.L,PCT.L,HG CAPITAL TRUST PLC ORD 2.5P,POLAR CAPITAL TECHNOLOGY TRUST ,-2.464260280368603,0.12441406955623885,0.05,,False,-0.38266963887217725,8.4624215911807,,,,,,,,,,,,,,
INVESTMENT_TRUSTS,JGGI.L,SMT.L,JPMORGAN GLOBAL GROWTH & INCOME,SCOTTISH MORTGAGE INVESTMENT TR,-2.452534816433738,0.12745422367629256,0.05,,False,0.12917795818683175,5.441336023100812,,,,,,,,,,,,,,
INVESTMENT_TRUSTS,ATT.L,PCT.L,ALLIANZ TECHNOLOGY TRUST PLC OR,POLAR CAPITAL TECHNOLOGY TRUST ,-2.4502966235645616,0.1280406106697165,0.05,,False,0.8039929805942312,1.3094468478083927,,,,,,,,,,,,,,
INVESTMENT_TRUSTS,3IN.L,PSH.L,3I INFRASTRUCTURE PLC ORD NPV,PERSHING SQUARE HOLDINGS LTD OR,-2.445635642065326,0.12926801470571259,0.05,,False,0.3699681573579429,2.759359778440703,,,,,,,,,,,,,,
INVESTMENT_TRUSTS,CTY.L,JGGI.L,CITY OF LONDON INVESTMENT TRUST,JPMORGAN GLOBAL GROWTH & INCOME,-2.4244349955710893,0.13495823593088324,0.05,,False,10.698600108851178,-61.65140763516796,,,,,,,,,,,,,,
INVESTMENT_TRUSTS,FCIT.L,MNKS.L,F&C INVESTMENT TRUST PLC ORD 6.,MONKS INVESTMENT TRUST PLC ORD ,-2.374957867943114,0.14892945282161235,0.05,,False,0.7404487824701753,0.33522348426121606,,,,,,,,,,,,,,
INVESTMENT_TRUSTS,CTY.L,HGT.L,CITY OF LONDON INVESTMENT TRUST,HG CAPITAL TRUST PLC ORD 2.5P,-2.3741997126974135,0.14915113559340354,0.05,,False,-0.8612547167732574,11.4984876177951,,,,,,,,,,,,,,
INVESTMENT_TRUSTS,ATT.L,HGT.L,ALLIANZ TECHNOLOGY TRUST PLC OR,HG CAPITAL TRUST PLC ORD 2.5P,-2.3706892222726608,0.15018059984919413,0.05,,False,-2.116421614147821,19.184253268331986,,,,,,,,,,,,,,
INVESTMENT_TRUSTS,CTY.L,RCP.L,CITY OF LONDON INVESTMENT TRUST,"""RIT Capital Partners""",-2.353785350289075,0.15520705285612862,0.05,,False,1.4038619273084214,-4.49035987548195,,,,,,,,,,,,,,
INVESTMENT_TRUSTS,3IN.L,JAM.L,3I INFRASTRUCTURE PLC ORD NPV,JPMORGAN AMERICAN INVESTMENT TR,-2.2747444576701956,0.1802427899484399,0.05,,False,0.5630020117877332,1.9077224757950737,,,,,,,,,,,,,,
INVESTMENT_TRUSTS,ATT.L,CTY.L,ALLIANZ TECHNOLOGY TRUST PLC OR,CITY OF LONDON INVESTMENT TRUST,-2.2622930560164867,0.18441765027166845,0.05,,False,2.157896801307724,-7.221067936790091,,,,,,,,,,,,,,
INVESTMENT_TRUSTS,BRWM.L,FCIT.L,BLACKROCK WORLD MINING TRUST PL,F&C INVESTMENT TRUST PLC ORD 6.,-2.217734734138064,0.19987184959193166,0.05,,False,3.6905792545287834,-14.4645765717097,,,,,,,,,,,,,,
INVESTMENT_TRUSTS,ATT.L,SMT.L,ALLIANZ TECHNOLOGY TRUST PLC OR,SCOTTISH MORTGAGE INVESTMENT TR,-2.1649235771455966,0.219221505001793,0.05,,False,1.2425253206183788,-2.531417265678571,,,,,,,,,,,,,,
INVESTMENT_TRUSTS,BRWM.L,MNKS.L,BLACKROCK WORLD MINING TRUST PL,MONKS INVESTMENT TRUST PLC ORD ,-2.146857406407213,0.2260949340708256,0.05,,False,2.6660633808245127,-12.74802508377811,,,,,,,,,,,,,,
INVESTMENT_TRUSTS,HGT.L,RCP.L,HG CAPITAL TRUST PLC ORD 2.5P,"""RIT Capital Partners""",-2.141739056140377,0.22806554187771183,0.05,,False,-1.8426779835079388,20.180942388770177,,,,,,,,,,,,,,
INVESTMENT_TRUSTS,BRWM.L,HGT.L,BLACKROCK WORLD MINING TRUST PL,HG CAPITAL TRUST PLC ORD 2.5P,-2.120573433134144,0.23632279026472008,0.05,,False,-2.8512943585499584,24.043757904234855,,,,,,,,,,,,,,
INVESTMENT_TRUSTS,JAM.L,RCP.L,JPMORGAN AMERICAN INVESTMENT TR,"""RIT Capital Partners""",-2.0695972334362027,0.25691408157237106,0.05,,False,0.9307510306720527,-0.0979379496256989,,,,,,,,,,,,,,
INVESTMENT_TRUSTS,BRWM.L,JAM.L,BLACKROCK WORLD MINING TRUST PL,JPMORGAN AMERICAN INVESTMENT TR,-2.054979360924174,0.2629984635659703,0.05,,False,5.846087346201492,-34.348600405658075,,,,,,,,,,,,,,
INVESTMENT_TRUSTS,PCT.L,SMT.L,POLAR CAPITAL TECHNOLOGY TRUST ,SCOTTISH MORTGAGE INVESTMENT TR,-2.035103847791423,0.2713964760708806,0.05,,False,1.5575511211647142,-4.861488798211926,,,,,,,,,,,,,,
INVESTMENT_TRUSTS,CTY.L,SMT.L,CITY OF LONDON INVESTMENT TRUST,SCOTTISH MORTGAGE INVESTMENT TR,-2.002761272434829,0.28536369144447893,0.05,,False,0.5881467038690149,2.0873645326011436,,,,,,,,,,,,,,
INVESTMENT_TRUSTS,BRWM.L,SMT.L,BLACKROCK WORLD MINING TRUST PL,SCOTTISH MORTGAGE INVESTMENT TR,-1.9311099715183635,0.3175704575697268,0.05,,False,1.791525205255211,-6.030180546246968,,,,,,,,,,,,,,
INVESTMENT_TRUSTS,JAM.L,PCT.L,JPMORGAN AMERICAN INVESTMENT TR,POLAR CAPITAL TECHNOLOGY TRUST ,-1.9065261572321848,0.32899725625400467,0.05,,False,0.23672974240608397,5.561555479263605,,,,,,,,,,,,,,
INVESTMENT_TRUSTS,FCIT.L,JAM.L,F&C INVESTMENT TRUST PLC ORD 6.,JPMORGAN AMERICAN INVESTMENT TR,-1.903846239874127,0.33025388710731673,0.05,,False,1.2093392619328507,-2.773606062442191,,,,,,,,,,,,,,
INVESTMENT_TRUSTS,ATT.L,MNKS.L,ALLIANZ TECHNOLOGY TRUST PLC OR,MONKS INVESTMENT TRUST PLC ORD ,-1.8807384323790128,0.34117590086310856,0.05,,False,1.8072801881882137,-6.889941002181179,,,,,,,,,,,,,,
INVESTMENT_TRUSTS,ATT.L,JAM.L,ALLIANZ TECHNOLOGY TRUST PLC OR,JPMORGAN AMERICAN INVESTMENT TR,-1.8439740233670825,0.3588585285797855,0.05,,False,3.268743442071599,-16.68945410279371,,,,,,,,,,,,,,
INVESTMENT_TRUSTS,CTY.L,PCT.L,CITY OF LONDON INVESTMENT TRUST,POLAR CAPITAL TECHNOLOGY TRUST ,-1.8409102261887624,0.36034825701497836,0.05,,False,0.3720932152598563,3.956081393030569,,,,,,,,,,,,,,
INVESTMENT_TRUSTS,JAM.L,MNKS.L,JPMORGAN AMERICAN INVESTMENT TR,MONKS INVESTMENT TRUST PLC ORD ,-1.8287323623445244,0.3662930339929111,0.05,,False,0.5822619734661159,2.7866499276422623,,,,,,,,,,,,,,
INVESTMENT_TRUSTS,MNKS.L,PCT.L,MONKS INVESTMENT TRUST PLC ORD ,POLAR CAPITAL TECHNOLOGY TRUST ,-1.8221800789990132,0.3695068196257818,0.05,,False,0.4397156485994786,4.567632212317989,,,,,,,,,,,,,,
INVESTMENT_TRUSTS,JGGI.L,PSH.L,JPMORGAN GLOBAL GROWTH & INCOME,PERSHING SQUARE HOLDINGS LTD OR,-1.8033802114911377,0.37878480851936114,0.05,,False,0.20205644692411204,4.66021842168768,,,,,,,,,,,,,,
INVESTMENT_TRUSTS,JAM.L,SMT.L,JPMORGAN AMERICAN INVESTMENT TR,SCOTTISH MORTGAGE INVESTMENT TR,-1.7185914946732075,0.42155993086354127,0.05,,False,0.368698083525511,4.410839776481577,,,,,,,,,,,,,,
INVESTMENT_TRUSTS,HGT.L,PSH.L,HG CAPITAL TRUST PLC ORD 2.5P,PERSHING SQUARE HOLDINGS LTD OR,-1.696643425342096,0.43284270966492366,0.05,,False,-1.99715208492008,22.78058702928651,,,,,,,,,,,,,,
INVESTMENT_TRUSTS,MNKS.L,SMT.L,MONKS INVESTMENT TRUST PLC ORD ,SCOTTISH MORTGAGE INVESTMENT TR,-1.6722271943409874,0.44547565807683376,0.05,,False,0.6800080283041503,2.4638577624672724,,,,,,,,,,,,,,
INVESTMENT_TRUSTS,CTY.L,JAM.L,CITY OF LONDON INVESTMENT TRUST,JPMORGAN AMERICAN INVESTMENT TR,-1.6401945250831746,0.46215914960048804,0.05,,False,1.8889851695374433,-6.998367572506702,,,,,,,,,,,,,,
INVESTMENT_TRUSTS,ATT.L,BRWM.L,ALLIANZ TECHNOLOGY TRUST PLC OR,BLACKROCK WORLD MINING TRUST PL,-1.5796891981681218,0.4937877433947765,0.05,,False,0.7224622129763653,1.4648280328918037,,,,,,,,,,,,,,
INVESTMENT_TRUSTS,BRWM.L,PCT.L,BLACKROCK WORLD MINING TRUST PL,POLAR CAPITAL TECHNOLOGY TRUST ,-1.576781933373532,0.4952453238126703,0.05,,False,1.0800943826208573,-0.019298902945044105,,,,,,,,,,,,,,
INVESTMENT_TRUSTS,PSH.L,RCP.L,PERSHING SQUARE HOLDINGS LTD OR,"""RIT Capital Partners""",-1.4928407975047118,0.5370498744168368,0.05,,False,1.5618431486070161,-3.5565901364137,,,,,,,,,,,,,,
INVESTMENT_TRUSTS,CTY.L,FCIT.L,CITY OF LONDON INVESTMENT TRUST,F&C INVESTMENT TRUST PLC ORD 6.,-1.4791373657475686,0.5438053886229122,0.05,,False,1.241375239156447,-0.85025041872799,,,,,,,,,,,,,,
INVESTMENT_TRUSTS,BRWM.L,PSH.L,BLACKROCK WORLD MINING TRUST PL,PERSHING SQUARE HOLDINGS LTD OR,-1.4602927334630686,0.5530546099356771,0.05,,False,4.584223952171476,-31.679337011374514,,,,,,,,,,,,,,
INVESTMENT_TRUSTS,CTY.L,PSH.L,CITY OF LONDON INVESTMENT TRUST,PERSHING SQUARE HOLDINGS LTD OR,-1.2174643307984343,0.6660382416973888,0.05,,False,0.9817612605519458,-1.9828857303788219,,,,,,,,,,,,,,
INVESTMENT_TRUSTS,PSH.L,SMT.L,PERSHING SQUARE HOLDINGS LTD OR,SCOTTISH MORTGAGE INVESTMENT TR,-1.039134294289107,0.7387248120514133,0.05,,False,0.4719731982698615,5.030274444929823,,,,,,,,,,,,,,
INVESTMENT_TRUSTS,MNKS.L,PSH.L,MONKS INVESTMENT TRUST PLC ORD ,PERSHING SQUARE HOLDINGS LTD OR,-1.0053526389612344,0.7513070460785445,0.05,,False,1.1423444868948087,-2.302346652805542,,,,,,,,,,,,,,
INVESTMENT_TRUSTS,PCT.L,PSH.L,POLAR CAPITAL TECHNOLOGY TRUST ,PERSHING SQUARE HOLDINGS LTD OR,-0.9582376169047888,0.7681899342561593,0.05,,False,3.7665356240441557,-25.34010282304513,,,,,,,,,,,,,,
INVESTMENT_TRUSTS,JAM.L,PSH.L,JPMORGAN AMERICAN INVESTMENT TR,PERSHING SQUARE HOLDINGS LTD OR,-0.847453033680099,0.8047843309485416,0.05,,False,0.5514418990650625,2.391448581953358,,,,,,,,,,,,,,
INVESTMENT_TRUSTS,ATT.L,PSH.L,ALLIANZ TECHNOLOGY TRUST PLC OR,PERSHING SQUARE HOLDINGS LTD OR,-0.6617236515021557,0.8564164791922354,0.05,,False,2.7109299951021306,-16.425327628617456,,,,,,,,,,,,,,
INVESTMENT_TRUSTS,FCIT.L,PSH.L,F&C INVESTMENT TRUST PLC ORD 6.,PERSHING SQUARE HOLDINGS LTD OR,-0.028289474330266913,0.9561290955788191,0.05,,False,0.7426173123827167,-0.5112441172665196,,,,,,,,,,,,,,
MATERIALS,ANTO.L,HOC.L,ANTOFAGASTA PLC ORD 5P,HOCHSCHILD MINING PLC ORD 1P,-2.6505433887986536,0.0829943069331272,0.05,,False,0.6681479301259189,3.9047413892243985,,,,,,,,,,,,,,
MATERIALS,AAL.L,HOC.L,ANGLO AMERICAN PLC ORD USD0.623,HOCHSCHILD MINING PLC ORD 1P,-2.525558002434471,0.10937897197392671,0.05,,False,0.3986210818483086,5.567618764538338,,,,,,,,,,,,,,
MATERIALS,AAL.L,ANTO.L,ANGLO AMERICAN PLC ORD USD0.623,ANTOFAGASTA PLC ORD 5P,-2.4778623778598274,0.12095397464250496,0.05,,False,0.6270844178287996,3.0020740034418303,,,,,,,,,,,,,,
MATERIALS,AAL.L,RIO.L,ANGLO AMERICAN PLC ORD USD0.623,RIO TINTO PLC ORD 10P,-2.4382559675021356,0.1312287059746544,0.05,,False,1.146475433810247,-1.9766370266683149,,,,,,,,,,,,,,
MATERIALS,BHP.L,RIO.L,BHP GROUP LIMITED ORD NPV (DI),RIO TINTO PLC ORD 10P,-2.4323051346361493,0.13282531004931358,0.05,,False,0.9157618053904022,-0.16547322552936095,,,,,,,,,,,,,,
MATERIALS,CRDA.L,JMAT.L,CRODA INTERNATIONAL PLC ORD 10.,JOHNSON MATTHEY PLC ORD 147 143,-2.3808503503873037,0.1472143573052188,0.05,,False,-0.6006747263231977,12.691831009260165,,,,,,,,,,,,,,
MATERIALS,FRES.L,JMAT.L,FRESNILLO PLC ORD USD0.50,JOHNSON MATTHEY PLC ORD 147 143,-2.36300266082038,0.15245199107098906,0.05,,False,4.434414022405601,-27.090357632777604,,,,,,,,,,,,,,
MATERIALS,CRDA.L,FRES.L,CRODA INTERNATIONAL PLC ORD 10.,FRESNILLO PLC ORD USD0.50,-2.325731085356039,0.16380341503552104,0.05,,False,-0.15606915422142476,9.17162137817189,,,,,,,,,,,,,,
MATERIALS,ANTO.L,JMAT.L,ANTOFAGASTA PLC ORD 5P,JOHNSON MATTHEY PLC ORD 147 143,-2.3106702540368755,0.1685496928935245,0.05,,False,1.8971946783916758,-6.949286792549192,,,,,,,,,,,,,,
MATERIALS,FRES.L,HOC.L,FRESNILLO PLC ORD USD0.50,HOCHSCHILD MINING PLC ORD 1P,-2.2860504047871775,0.1765064704283804,0.05,,False,1.5471675393263156,-1.6372197689944477,,,,,,,,,,,,,,
MATERIALS,ANTO.L,CRDA.L,ANTOFAGASTA PLC ORD 5P,CRODA INTERNATIONAL PLC ORD 10.,-2.229686349293617,0.19564795632821802,0.05,,False,-4.372961884392645,42.902470437262394,,,,,,,,,,,,,,
MATERIALS,AAL.L,CRDA.L,ANGLO AMERICAN PLC ORD USD0.623,CRODA INTERNATIONAL PLC ORD 10.,-2.1746572978289915,0.21557161327832958,0.05,,False,-2.5272122805137514,28.176803380524078,,,,,,,,,,,,,,
MATERIALS,BHP.L,GLEN.L,BHP GROUP LIMITED ORD NPV (DI),GLENCORE PLC ORD USD0.01,-2.15140059804132,0.2243543614821904,0.05,,False,0.6809671436498026,3.6412388360587977,,,,,,,,,,,,,,
MATERIALS,ANTO.L,FRES.L,ANTOFAGASTA PLC ORD 5P,FRESNILLO PLC ORD USD0.50,-2.120028211663078,0.23653778744948428,0.05,,False,0.4202412315710551,4.695930250806527,,,,,,,,,,,,,,
MATERIALS,GLEN.L,RIO.L,GLENCORE PLC ORD USD0.01,RIO TINTO PLC ORD 10P,-2.0969269061505598,0.24575210220144333,0.05,,False,1.3544574288887463,-5.673022824671943,,,,,,,,,,,,,,
MATERIALS,HOC.L,JMAT.L,HOCHSCHILD MINING PLC ORD 1P,JOHNSON MATTHEY PLC ORD 147 143,-2.0762797931054595,0.254158948598333,0.05,,False,3.111893307348902,-18.354355992792932,,,,,,,,,,,,,,
MATERIALS,BHP.L,CRDA.L,BHP GROUP LIMITED ORD NPV (DI),CRODA INTERNATIONAL PLC ORD 10.,-2.071599753585066,0.25608672543643507,0.05,,False,-4.087229888714396,40.55246156832983,,,,,,,,,,,,,,
MATERIALS,CRDA.L,HOC.L,CRODA INTERNATIONAL PLC ORD 10.,HOCHSCHILD MINING PLC ORD 1P,-2.071308624251751,0.2562069151648576,0.05,,False,-0.21051737939497428,9.249421019172418,,,,,,,,,,,,,,
MATERIALS,AAL.L,BHP.L,ANGLO AMERICAN PLC ORD USD0.623,BHP GROUP LIMITED ORD NPV (DI),-2.0509560439910004,0.26468685680519755,0.05,,False,1.2671547173295792,-1.8864904379859455,,,,,,,,,,,,,,
MATERIALS,CRDA.L,RIO.L,CRODA INTERNATIONAL PLC ORD 10.,RIO TINTO PLC ORD 10P,-2.0262050385084263,0.2752025977731207,0.05,,False,-0.35610224899327164,11.094812659962308,,,,,,,,,,,,,,
MATERIALS,CRDA.L,GLEN.L,CRODA INTERNATIONAL PLC ORD 10.,GLENCORE PLC ORD USD0.01,-1.8948734043495468,0.3344766532780138,0.05,,False,0.15728418899951,7.10557738995014,,,,,,,,,,,,,,
MATERIALS,AAL.L,FRES.L,ANGLO AMERICAN PLC ORD USD0.623,FRESNILLO PLC ORD USD0.50,-1.8772542975520494,0.34283588606147897,0.05,,False,0.2413445997202706,6.107583894406992,,,,,,,,,,,,,,
MATERIALS,HOC.L,RIO.L,HOCHSCHILD MINING PLC ORD 1P,RIO TINTO PLC ORD 10P,-1.8353435861477916,0.36306106646297476,0.05,,False,3.0462157987166845,-20.38494416301969,,,,,,,,,,,,,,
MATERIALS,AAL.L,JMAT.L,ANGLO AMERICAN PLC ORD USD0.623,JOHNSON MATTHEY PLC ORD 147 143,-1.8241566362737334,0.36853624815866454,0.05,,False,1.1599563805021578,-1.1253864057659824,,,,,,,,,,,,,,
MATERIALS,AAL.L,GLEN.L,ANGLO AMERICAN PLC ORD USD0.623,GLENCORE PLC ORD USD0.01,-1.8080617797060419,0.3764666530882127,0.05,,False,0.8392769403093526,2.867887986130218,,,,,,,,,,,,,,
MATERIALS,GLEN.L,HOC.L,GLENCORE PLC ORD USD0.01,HOCHSCHILD MINING PLC ORD 1P,-1.7030001333824436,0.4295673845954163,0.05,,False,0.3311662573935223,4.042467936185517,,,,,,,,,,,,,,
MATERIALS,GLEN.L,JMAT.L,GLENCORE PLC ORD USD0.01,JOHNSON MATTHEY PLC ORD 147 143,-1.57041063864597,0.4984379683005029,0.05,,False,1.6155618006307877,-6.565880634777788,,,,,,,,,,,,,,
MATERIALS,ANTO.L,GLEN.L,ANTOFAGASTA PLC ORD 5P,GLENCORE PLC ORD USD0.01,-1.544022907819162,0.5116324313634683,0.05,,False,1.4964841848677048,-1.153792265373366,,,,,,,,,,,,,,
MATERIALS,BHP.L,HOC.L,BHP GROUP LIMITED ORD NPV (DI),HOCHSCHILD MINING PLC ORD 1P,-1.4743616658388647,0.5461539955384334,0.05,,False,0.2709869346558551,6.1328910238204,,,,,,,,,,,,,,
MATERIALS,BHP.L,JMAT.L,BHP GROUP LIMITED ORD NPV (DI),JOHNSON MATTHEY PLC ORD 147 143,-1.4366009303578018,0.5646089072389224,0.05,,False,0.8459275851967175,1.1386175937606238,,,,,,,,,,,,,,
MATERIALS,JMAT.L,RIO.L,JOHNSON MATTHEY PLC ORD 147 143,RIO TINTO PLC ORD 10P,-1.4257546291225796,0.5698686586573185,0.05,,False,1.0267388866410532,-1.0628867977370042,,,,,,,,,,,,,,
MATERIALS,ANTO.L,RIO.L,ANTOFAGASTA PLC ORD 5P,RIO TINTO PLC ORD 10P,-1.3486528697848965,0.6066303231551654,0.05,,False,1.8695471687001184,-8.29355240858252,,,,,,,,,,,,,,
MATERIALS,ANTO.L,BHP.L,ANTOFAGASTA PLC ORD 5P,BHP GROUP LIMITED ORD NPV (DI),-1.3284802838529945,0.616043943047294,0.05,,False,2.115676990925458,-8.525922988318754,,,,,,,,,,,,,,
MATERIALS,FRES.L,GLEN.L,FRESNILLO PLC ORD USD0.50,GLENCORE PLC ORD USD0.01,-1.2173851516538736,0.6660727058045702,0.05,,False,6.62974888605972,-32.161148814635396,,,,,,,,,,,,,,
MATERIALS,FRES.L,RIO.L,FRESNILLO PLC ORD USD0.50,RIO TINTO PLC ORD 10P,-1.0773438917060363,0.7240218250981689,0.05,,False,5.454965627847897,-39.53996111861424,,,,,,,,,,,,,,
MATERIALS,BHP.L,FRES.L,BHP GROUP LIMITED ORD NPV (DI),FRESNILLO PLC ORD USD0.50,-1.0162003775253257,0.7473098225675783,0.05,,False,0.14648579152679958,6.627397314254229,,,,,,,,,,,,,,
NL_BANKS,ABN.AS,INGA.AS,ABN AMRO BANK N.V.,ING GROEP N.V.,-3.2219103501086694,0.018750939879879924,0.05,0.018750939879879924,True,1.4421100734666221,-1.1594278274636363,17.76342442319422,0.00010925608421533302,-0.03902103356011034,53.0,0.06760351354556958,2.8262118765713566,False,,0.6,-0.011099785050723333,-0.2993819351297827,-1.218055340935299,True,reversion signs agree
NL_SEMI_EQUIPMENT,ASML.AS,BESI.AS,ASML HOLDING,BE Semiconductor Industries N.V,-2.232652194944638,0.19460869817600823,0.05,,False,0.9263880104695258,2.163164713987401,,,,,,,,,,,,,,
REAL_ESTATE,LMP.L,PHP.L,LONDONMETRIC PROPERTY PLC ORD 1,PRIMARY HEALTH PROPERTIES PLC O,-3.8530083035160745,0.0024092274511905766,0.05,,False,1.0044908588571255,0.6723439621812499,,,,,,,,,,,,,,
REAL_ESTATE,GPE.L,LMP.L,GREAT PORTLAND ESTATES PLC ORD ,LONDONMETRIC PROPERTY PLC ORD 1,-3.645120141143072,0.004954759012019653,0.05,,False,1.8950702648246347,-4.193050311639289,,,,,,,,,,,,,,
REAL_ESTATE,BLND.L,LAND.L,BRITISH LAND COMPANY PLC ORD 25,LAND SECURITIES GROUP PLC ORD 1,-3.3523384053028265,0.012695009737282117,0.05,,False,1.2701701487256638,-2.180933888397588,,,,,,,,,,,,,,
REAL_ESTATE,BBOX.L,LAND.L,TRITAX BIG BOX REIT PLC ORD 1P,LAND SECURITIES GROUP PLC ORD 1,-3.3215865494975967,0.01394070115120367,0.05,,False,1.1840664202718643,-2.5801859085737506,,,,,,,,,,,,,,
REAL_ESTATE,GPE.L,LAND.L,GREAT PORTLAND ESTATES PLC ORD ,LAND SECURITIES GROUP PLC ORD 1,-3.3136599732855267,0.014278806204344232,0.05,,False,1.4705902673007092,-3.6485285717906164,,,,,,,,,,,,,,
REAL_ESTATE,LAND.L,SGRO.L,LAND SECURITIES GROUP PLC ORD 1,SEGRO PLC ORD 10P,-3.0892614908685094,0.027358160543168263,0.05,,False,0.4296907227154732,3.567689367356012,,,,,,,,,,,,,,
REAL_ESTATE,LAND.L,UTG.L,LAND SECURITIES GROUP PLC ORD 1,UNITE GROUP PLC ORD 25P,-3.0279450973983963,0.032365816841133085,0.05,,False,-0.0017262100959243823,6.411360479535554,,,,,,,,,,,,,,
REAL_ESTATE,PHP.L,SGRO.L,PRIMARY HEALTH PROPERTIES PLC O,SEGRO PLC ORD 10P,-3.013204453068814,0.03367953599801462,0.05,,False,0.16113288906584006,3.4988621067225445,,,,,,,,,,,,,,
REAL_ESTATE,PHP.L,UTG.L,PRIMARY HEALTH PROPERTIES PLC O,UNITE GROUP PLC ORD 25P,-2.9742292217528132,0.03737216410716717,0.05,,False,-0.0037866800712548954,4.585852294233132,,,,,,,,,,,,,,
REAL_ESTATE,DLN.L,PHP.L,DERWENT LONDON PLC ORD 5P,PRIMARY HEALTH PROPERTIES PLC O,-2.9592382259560415,0.03888038499071636,0.05,,False,8.71659880221634,-32.199541909481034,,,,,,,,,,,,,,
REAL_ESTATE,DLN.L,LMP.L,DERWENT LONDON PLC ORD 5P,LONDONMETRIC PROPERTY PLC ORD 1,-2.855089590317566,0.05082526871245195,0.05,,False,3.9462908542683746,-13.176361672616286,,,,,,,,,,,,,,
REAL_ESTATE,LMP.L,UTG.L,LONDONMETRIC PROPERTY PLC ORD 1,UNITE GROUP PLC ORD 25P,-2.84818671310394,0.05171346422876885,0.05,,False,0.03533160882664106,5.02172858536317,,,,,,,,,,,,,,
REAL_ESTATE,LMP.L,SGRO.L,LONDONMETRIC PROPERTY PLC ORD 1,SEGRO PLC ORD 10P,-2.8355494329327655,0.053372465846683904,0.05,,False,0.31245151416418054,3.1942629033225436,,,,,,,,,,,,,,
REAL_ESTATE,GPE.L,PHP.L,GREAT PORTLAND ESTATES PLC ORD ,PRIMARY HEALTH PROPERTIES PLC O,-2.8264508236927135,0.054593660488271724,0.05,,False,2.2698391573317376,-4.589408240058401,,,,,,,,,,,,,,
REAL_ESTATE,HMSO.L,LAND.L,HAMMERSON PLC ORD 5P,LAND SECURITIES GROUP PLC ORD 1,-2.8208832262121546,0.055352109926895356,0.05,,False,2.1268901959091897,-7.917122221876968,,,,,,,,,,,,,,
REAL_ESTATE,LAND.L,LMP.L,LAND SECURITIES GROUP PLC ORD 1,LONDONMETRIC PROPERTY PLC ORD 1,-2.8119484437062905,0.056587183496243275,0.05,,False,1.3065358347905969,-0.46426399519431794,,,,,,,,,,,,,,
REAL_ESTATE,LAND.L,PHP.L,LAND SECURITIES GROUP PLC ORD 1,PRIMARY HEALTH PROPERTIES PLC O,-2.783081914963601,0.06073132869761139,0.05,,False,1.4327554508964166,-0.13474617162027425,,,,,,,,,,,,,,
REAL_ESTATE,BLND.L,SGRO.L,BRITISH LAND COMPANY PLC ORD 25,SEGRO PLC ORD 10P,-2.7262829209152,0.06959955262891984,0.05,,False,0.6026325458007091,1.9758938175965075,,,,,,,,,,,,,,
REAL_ESTATE,BLND.L,PHP.L,BRITISH LAND COMPANY PLC ORD 25,PRIMARY HEALTH PROPERTIES PLC O,-2.69266942150308,0.07531539222497144,0.05,,False,1.9708859471253466,-3.0409872776315066,,,,,,,,,,,,,,
REAL_ESTATE,HMSO.L,UTG.L,HAMMERSON PLC ORD 5P,UNITE GROUP PLC ORD 25P,-2.6762189541468597,0.07824460396845126,0.05,,False,-0.27082899838566804,7.473974828025919,,,,,,,,,,,,,,
REAL_ESTATE,BBOX.L,PHP.L,TRITAX BIG BOX REIT PLC ORD 1P,PRIMARY HEALTH PROPERTIES PLC O,-2.648377527366654,0.08340503158912055,0.05,,False,1.8161917045141682,-3.2857477969777413,,,,,,,,,,,,,,
REAL_ESTATE,DLN.L,LAND.L,DERWENT LONDON PLC ORD 5P,LAND SECURITIES GROUP PLC ORD 1,-2.6427398142304153,0.08448156617728286,0.05,,False,3.2678364153166632,-13.357539436526801,,,,,,,,,,,,,,
REAL_ESTATE,BBOX.L,UTG.L,TRITAX BIG BOX REIT PLC ORD 1P,UNITE GROUP PLC ORD 25P,-2.5721269688199397,0.0988959728489554,0.05,,False,-0.04509545439637747,5.294076663383082,,,,,,,,,,,,,,
REAL_ESTATE,BLND.L,LMP.L,BRITISH LAND COMPANY PLC ORD 25,LONDONMETRIC PROPERTY PLC ORD 1,-2.5626209227999466,0.10097143983533469,0.05,,False,1.7799655262488254,-3.403410789514174,,,,,,,,,,,,,,
REAL_ESTATE,BBOX.L,BLND.L,TRITAX BIG BOX REIT PLC ORD 1P,BRITISH LAND COMPANY PLC ORD 25,-2.514255595939515,0.11204420074712224,0.05,,False,0.9069518098225211,-0.3968501198139931,,,,,,,,,,,,,,
REAL_ESTATE,HMSO.L,PHP.L,HAMMERSON PLC ORD 5P,PRIMARY HEALTH PROPERTIES PLC O,-2.465804347475834,0.12401769797395773,0.05,,False,4.462196111415182,-14.65696273965165,,,,,,,,,,,,,,
REAL_ESTATE,BLND.L,UTG.L,BRITISH LAND COMPANY PLC ORD 25,UNITE GROUP PLC ORD 25P,-2.409598542570765,0.13904559788574605,0.05,,False,0.023524037622280475,5.7936639468912245,,,,,,,,,,,,,,
REAL_ESTATE,GPE.L,UTG.L,GREAT PORTLAND ESTATES PLC ORD ,UNITE GROUP PLC ORD 25P,-2.395669026235453,0.142962527166011,0.05,,False,0.03860108361150195,5.509728077723296,,,,,,,,,,,,,,
REAL_ESTATE,HMSO.L,LMP.L,HAMMERSON PLC ORD 5P,LONDONMETRIC PROPERTY PLC ORD 1,-2.2884622290888195,0.17571613799999697,0.05,,False,3.8371425885611,-14.464581306189846,,,,,,,,,,,,,,
REAL_ESTATE,BBOX.L,GPE.L,TRITAX BIG BOX REIT PLC ORD 1P,GREAT PORTLAND ESTATES PLC ORD ,-2.241067007280374,0.19167941117439596,0.05,,False,0.7787176172028374,0.5098963915880219,,,,,,,,,,,,,,
REAL_ESTATE,BLND.L,HMSO.L,BRITISH LAND COMPANY PLC ORD 25,HAMMERSON PLC ORD 5P,-2.2342375516367805,0.19405463163848996,0.05,,False,0.5600969647712537,2.758418552520327,,,,,,,,,,,,,,
REAL_ESTATE,BBOX.L,SGRO.L,TRITAX BIG BOX REIT PLC ORD 1P,SEGRO PLC ORD 10P,-2.2223684667279016,0.19822738278092605,0.05,,False,0.521965927668819,1.5572949574773718,,,,,,,,,,,,,,
REAL_ESTATE,BBOX.L,HMSO.L,TRITAX BIG BOX REIT PLC ORD 1P,HAMMERSON PLC ORD 5P,-2.164506931201466,0.2193785729887553,0.05,,False,0.5872944959137046,1.6532102735811844,,,,,,,,,,,,,,
REAL_ESTATE,GPE.L,SGRO.L,GREAT PORTLAND ESTATES PLC ORD ,SEGRO PLC ORD 10P,-2.0644370411407373,0.25905290358114447,0.05,,False,0.5473963146922098,2.155085221107196,,,,,,,,,,,,,,
REAL_ESTATE,BBOX.L,DLN.L,TRITAX BIG BOX REIT PLC ORD 1P,DERWENT LONDON PLC ORD 5P,-2.055724128945315,0.26268656937338264,0.05,,False,0.2564760416006362,3.0597563678394586,,,,,,,,,,,,,,
REAL_ESTATE,BBOX.L,LMP.L,TRITAX BIG BOX REIT PLC ORD 1P,LONDONMETRIC PROPERTY PLC ORD 1,-2.0380177840292966,0.27015631319952804,0.05,,False,1.5522674552757378,-3.1574470609968213,,,,,,,,,,,,,,
REAL_ESTATE,BLND.L,GPE.L,BRITISH LAND COMPANY PLC ORD 25,GREAT PORTLAND ESTATES PLC ORD ,-2.036473378329583,0.27081322786278156,0.05,,False,0.8521810959462127,1.0368234655035868,,,,,,,,,,,,,,
REAL_ESTATE,BLND.L,DLN.L,BRITISH LAND COMPANY PLC ORD 25,DERWENT LONDON PLC ORD 5P,-2.021207023554243,0.27735266046895524,0.05,,False,0.46298152652208974,2.4495772648428074,,,,,,,,,,,,,,
REAL_ESTATE,DLN.L,HMSO.L,DERWENT LONDON PLC ORD 5P,HAMMERSON PLC ORD 5P,-2.0168017574227717,0.2792550504630337,0.05,,False,-2.736878969428015,23.14326901420911,,,,,,,,,,,,,,
REAL_ESTATE,DLN.L,UTG.L,DERWENT LONDON PLC ORD 5P,UNITE GROUP PLC ORD 25P,-1.9305586690304015,0.31782468406869324,0.05,,False,0.3991662611111927,4.934741787550912,,,,,,,,,,,,,,
REAL_ESTATE,DLN.L,GPE.L,DERWENT LONDON PLC ORD 5P,GREAT PORTLAND ESTATES PLC ORD ,-1.9138103310690395,0.32559244540355065,0.05,,False,2.07483609156934,-4.401178978092393,,,,,,,,,,,,,,
REAL_ESTATE,SGRO.L,UTG.L,SEGRO PLC ORD 10P,UNITE GROUP PLC ORD 25P,-1.8894798682205776,0.3370261817566571,0.05,,False,0.17760879855419798,5.4249285099997255,,,,,,,,,,,,,,
REAL_ESTATE,DLN.L,SGRO.L,DERWENT LONDON PLC ORD 5P,SEGRO PLC ORD 10P,-1.8467667687970342,0.3575026960171626,0.05,,False,1.1066688600514998,0.26201000830799437,,,,,,,,,,,,,,
REAL_ESTATE,GPE.L,HMSO.L,GREAT PORTLAND ESTATES PLC ORD ,HAMMERSON PLC ORD 5P,-1.6940288321014634,0.43419159855147793,0.05,,False,0.6654577429970896,1.9734851110121285,,,,,,,,,,,,,,
REAL_ESTATE,HMSO.L,SGRO.L,HAMMERSON PLC ORD 5P,SEGRO PLC ORD 10P,-1.5845295275882898,0.4913600280648855,0.05,,False,0.5759522227360678,1.8985974142920274,,,,,,,,,,,,,,
TMT,ITV.L,WPP.L,ITV PLC ORD 10P,WPP PLC ORD 10P,-4.1491447040997755,0.0008024048868958239,0.05,0.008086033705525335,True,-0.055713695868337375,4.698852824953549,10.543041379038966,-0.000115221904914829,-0.06574451864886145,32.0,-1.2003890666503316,4.2175753404086365,False,,0.4,0.00042020550479465735,0.628043037475082,1.0990938658002942,True,mixed signal
TMT,AAF.L,WPP.L,AIRTEL AFRICA PLC ORD USD0.50,WPP PLC ORD 10P,-4.068596099901205,0.0010909882854183205,0.05,0.008086033705525335,True,-1.050395369352345,11.731566139311681,11.7224630423085,2.0747981872664063e-05,-0.05912982434307971,35.0,-0.48314806804664595,3.1841864810039318,False,,0.4,0.016830101729083603,-0.11946367733339525,1.3290916057385844,True,mixed signal
TMT,AAF.L,ITV.L,AIRTEL AFRICA PLC ORD USD0.50,ITV PLC ORD 10P,-4.0666579053822325,0.001099001894221691,0.05,0.008086033705525335,True,17.556704613407,-71.2097679105704,10.989772022018219,0.0021878151139858074,-0.06307202544067445,33.0,1.047045661494141,4.275214691039506,False,,0.4,0.005421519787060014,-0.5827831105326557,-0.6320585753837535,True,mixed signal
TMT,BT-A.L,ITV.L,BT GROUP PLC ORD 5P,ITV PLC ORD 10P,-4.051823069921057,0.0011621840365093898,0.05,0.008086033705525335,True,5.422023274724191,-18.46055486958771,11.162427001667869,0.0007031905345375601,-0.06209645809610908,33.0,1.1213800374982557,4.113135273987694,False,,0.6,0.00881261265293884,-0.4933704281648237,-0.3294091201396714,True,reversion signs agree
TMT,ITV.L,VOD.L,ITV PLC ORD 10P,VODAFONE GROUP PLC ORD USD0.20 ,-4.043104745033466,0.0012008818277830706,0.05,0.008086033705525335,True,0.15548349483644391,3.6673860270753837,11.109897006279413,-0.000131343226072423,-0.06239006357738261,33.0,-1.300192980370241,4.175658951185469,False,,0.4,-0.004241774749632488,0.4036690781407859,0.4089125823459212,True,mixed signal
TMT,ITV.L,SGE.L,ITV PLC ORD 10P,THE SAGE GROUP PLC ORD 1 4/77P,-4.03767646535119,0.0012255802573109857,0.05,0.008086033705525335,True,-0.17297046674890054,5.563738953773164,10.987031545356462,-0.00010277131917654783,-0.06308775738910986,33.0,-1.3036938984876658,4.078228979978748,False,,0.6,0.0009427054937151316,0.5520665682666908,1.1043400199629074,True,reversion signs agree
TMT,ITV.L,REL.L,ITV PLC ORD 10P,RELX PLC ORD 14 51/116P,-3.9494816776886346,0.001699410152614392,0.05,0.008086033705525335,True,-0.11780119527203883,5.311729219503237,11.512617432953204,-0.00010018226178927247,-0.060207610006731534,35.0,-1.4297680118527576,4.15252819262751,False,,0.4,-0.0008512060203980532,0.48081255777708143,1.0805677105735116,True,mixed signal
TMT,AUTO.L,ITV.L,AUTOTRADER GROUP PLC ORD 1P,ITV PLC ORD 10P,-3.914729649104024,0.0019290798896163257,0.05,0.008086033705525335,True,-12.151045798142977,59.48892773280131,11.736322262171273,-0.0010018992585047544,-0.059059998956752395,35.0,-1.3015151424380407,4.367371541080724,False,,0.4,0.025346014309110432,0.5945921349062988,1.0745841244952916,True,mixed signal
TMT,EXPN.L,ITV.L,EXPERIAN PLC ORD USD0.10,ITV PLC ORD 10P,-3.880850745455396,0.002180383180292229,0.05,0.008086033705525335,True,-8.82285612617946,46.569046909035094,11.921519764764229,-0.000759543569115105,-0.05814251825582186,36.0,-1.485913250936514,4.2879138904037015,False,,0.4,0.003108531081916402,0.4289357157441478,0.975590559941429,True,mixed signal
TMT,AUTO.L,EXPN.L,AUTOTRADER GROUP PLC ORD 1P,EXPERIAN PLC ORD USD0.10,-3.7845699131029016,0.0030691896097630378,0.05,0.008086033705525335,True,1.5446858287375806,-6.010072566538322,12.022295721412808,0.00016412933169486813,-0.057655143129226705,36.0,1.3286050106515006,2.7823481191120885,False,,0.8,0.02561999094844132,0.7543836943281677,0.08173868452726563,False,mixed signal
TMT,ITV.L,RMV.L,ITV PLC ORD 10P,RIGHTMOVE PLC ORD 0.1P,-3.783271573835291,0.0030831815249568843,0.05,0.008086033705525335,True,-0.060927294341355936,4.745533500759961,12.496486031478234,-3.365277570090962e-05,-0.0554673672914074,37.0,-1.1732968646848607,4.211726960332178,False,,0.4,0.003957483917019498,0.5257338552503439,0.9459631184295363,True,mixed signal
TMT,REL.L,VOD.L,RELX PLC ORD 14 51/116P,VODAFONE GROUP PLC ORD USD0.20 ,-3.7302608870589444,0.0037070905689550408,0.05,0.008086033705525335,True,-0.924598321643114,12.20870738303491,15.742582446170054,-6.0731746601981e-05,-0.04403008101943135,47.0,0.23170139276948254,2.9333396167656787,False,,0.4,0.009026395804976679,0.06446606075904981,1.4276311684578769,True,mixed signal
TMT,INF.L,ITV.L,INFORMA PLC ORD 0.1P,ITV PLC ORD 10P,-3.4961688220023706,0.008086033705525335,0.05,0.008086033705525335,True,3.604472732166871,-8.970971997182549,14.561973423365634,3.914178296035776e-05,-0.04759981085034433,44.0,1.292495696723553,3.955973694867116,False,,0.4,0.0138762073181505,-0.17028325593435234,-0.24326575445908305,True,mixed signal
TMT,AUTO.L,REL.L,AUTOTRADER GROUP PLC ORD 1P,RELX PLC ORD 14 51/116P,-3.322350472997726,0.013908492967471361,0.05,0.008086033705525335,False,1.2852912983968336,-3.868330561090894,,,,,,,,,,,,,,
TMT,VOD.L,WPP.L,VODAFONE GROUP PLC ORD USD0.20 ,WPP PLC ORD 10P,-3.1761439794193635,0.02140775657216222,0.05,0.008086033705525335,False,-0.4003104817097933,6.892515091992595,,,,,,,,,,,,,,
TMT,EXPN.L,RMV.L,EXPERIAN PLC ORD USD0.10,RIGHTMOVE PLC ORD 0.1P,-2.981596562242564,0.036649159668228355,0.05,0.008086033705525335,False,0.6825948200855497,3.771893743277941,,,,,,,,,,,,,,
TMT,BT-A.L,WPP.L,BT GROUP PLC ORD 5P,WPP PLC ORD 10P,-2.907471117567729,0.04448608048755402,0.05,0.008086033705525335,False,-0.3307287797381423,7.1931752637986595,,,,,,,,,,,,,,
TMT,REL.L,RMV.L,RELX PLC ORD 14 51/116P,RIGHTMOVE PLC ORD 0.1P,-2.800091748717275,0.05826066361267797,0.05,0.008086033705525335,False,0.8375470447515525,2.7567816841842836,,,,,,,,,,,,,,
TMT,EXPN.L,REL.L,EXPERIAN PLC ORD USD0.10,RELX PLC ORD 14 51/116P,-2.78563235907463,0.060355572724576825,0.05,0.008086033705525335,False,0.8266590504703498,1.4304592081355976,,,,,,,,,,,,,,
TMT,EXPN.L,VOD.L,EXPERIAN PLC ORD USD0.10,VODAFONE GROUP PLC ORD USD0.20 ,-2.5808423705842083,0.0970217553077452,0.05,0.008086033705525335,False,-0.7398023084955032,11.414323845912252,,,,,,,,,,,,,,
TMT,INF.L,WPP.L,INFORMA PLC ORD 0.1P,WPP PLC ORD 10P,-2.561104223464355,0.10130561194952392,0.05,0.008086033705525335,False,-0.02828481035285922,6.903287107181972,,,,,,,,,,,,,,
TMT,AUTO.L,RMV.L,AUTOTRADER GROUP PLC ORD 1P,RIGHTMOVE PLC ORD 0.1P,-2.5125248752468337,0.11245655278117211,0.05,0.008086033705525335,False,1.0907854397269057,-0.41651438314286615,,,,,,,,,,,,,,
TMT,AAF.L,INF.L,AIRTEL AFRICA PLC ORD USD0.50,INFORMA PLC ORD 0.1P,-2.5068023604168745,0.1138279977449353,0.05,0.008086033705525335,False,34.71355072407768,-228.3281093181693,,,,,,,,,,,,,,
TMT,INF.L,VOD.L,INFORMA PLC ORD 0.1P,VODAFONE GROUP PLC ORD USD0.20 ,-2.4825093346705285,0.11978819799924256,0.05,0.008086033705525335,False,0.06370679611609681,6.44705090936641,,,,,,,,,,,,,,
TMT,INF.L,REL.L,INFORMA PLC ORD 0.1P,RELX PLC ORD 14 51/116P,-2.476397176249233,0.12132326707137853,0.05,0.008086033705525335,False,-0.014321371247114871,6.845307122695524,,,,,,,,,,,,,,
TMT,BT-A.L,INF.L,BT GROUP PLC ORD 5P,INFORMA PLC ORD 0.1P,-2.4581300831444035,0.12599683814730978,0.05,0.008086033705525335,False,26.46312771555495,-172.91632959281634,,,,,,,,,,,,,,
TMT,INF.L,RMV.L,INFORMA PLC ORD 0.1P,RIGHTMOVE PLC ORD 0.1P,-2.422550074097937,0.13547269907542475,0.05,0.008086033705525335,False,0.018498865809942897,6.610724523434,,,,,,,,,,,,,,
TMT,AUTO.L,INF.L,AUTOTRADER GROUP PLC ORD 1P,INFORMA PLC ORD 0.1P,-2.4007817414176933,0.14151588950679106,0.05,0.008086033705525335,False,32.75800846049178,-213.86888833336067,,,,,,,,,,,,,,
TMT,RMV.L,VOD.L,RIGHTMOVE PLC ORD 0.1P,VODAFONE GROUP PLC ORD USD0.20 ,-2.3940914232057104,0.14341101020011887,0.05,0.008086033705525335,False,-1.1281659499663024,11.392514036673978,,,,,,,,,,,,,,
TMT,SGE.L,VOD.L,THE SAGE GROUP PLC ORD 1 4/77P,VODAFONE GROUP PLC ORD USD0.20 ,-2.3792038131662743,0.1476922065458935,0.05,0.008086033705525335,False,-0.739939642751578,10.259719838695641,,,,,,,,,,,,,,
TMT,REL.L,SGE.L,RELX PLC ORD 14 51/116P,THE SAGE GROUP PLC ORD 1 4/77P,-2.379101828908132,0.1477218395723232,0.05,0.008086033705525335,False,1.2065955709732008,-0.3113619707596751,,,,,,,,,,,,,,
TMT,AAF.L,BT-A.L,AIRTEL AFRICA PLC ORD USD0.50,BT GROUP PLC ORD 5P,-2.3488274549082764,0.15670312756494847,0.05,0.008086033705525335,False,3.238874922706165,-11.438160804830517,,,,,,,,,,,,,,
TMT,INF.L,SGE.L,INFORMA PLC ORD 0.1P,THE SAGE GROUP PLC ORD 1 4/77P,-2.342419589847246,0.1586514292473729,0.05,0.008086033705525335,False,0.05833735169961541,6.3216545101093935,,,,,,,,,,,,,,
TMT,AUTO.L,VOD.L,AUTOTRADER GROUP PLC ORD 1P,VODAFONE GROUP PLC ORD USD0.20 ,-2.340287449120597,0.15930337914471443,0.05,0.008086033705525335,False,-1.202851168141573,11.88748701630346,,,,,,,,,,,,,,
TMT,RMV.L,SGE.L,RIGHTMOVE PLC ORD 0.1P,THE SAGE GROUP PLC ORD 1 4/77P,-2.2510393069509425,0.18824501393380622,0.05,0.008086033705525335,False,1.4754562679996202,-3.9064742990367343,,,,,,,,,,,,,,
TMT,EXPN.L,INF.L,EXPERIAN PLC ORD USD0.10,INFORMA PLC ORD 0.1P,-2.2458729594776075,0.19001924866189557,0.05,0.008086033705525335,False,8.458888768631486,-48.781352784073235,,,,,,,,,,,,,,
TMT,AAF.L,VOD.L,AIRTEL AFRICA PLC ORD USD0.50,VODAFONE GROUP PLC ORD USD0.20 ,-2.179593754435154,0.21373492736853622,0.05,0.008086033705525335,False,2.635788663657203,-6.406463025222581,,,,,,,,,,,,,,
TMT,EXPN.L,SGE.L,EXPERIAN PLC ORD USD0.10,THE SAGE GROUP PLC ORD 1 4/77P,-1.9837611458885551,0.2937383447944443,0.05,0.008086033705525335,False,0.9844599974663367,1.2637432509599096,,,,,,,,,,,,,,
TMT,AUTO.L,BT-A.L,AUTOTRADER GROUP PLC ORD 1P,BT GROUP PLC ORD 5P,-1.940424075728686,0.3132896972512448,0.05,0.008086033705525335,False,-1.6102055085775682,14.865032164143773,,,,,,,,,,,,,,
TMT,BT-A.L,RMV.L,BT GROUP PLC ORD 5P,RIGHTMOVE PLC ORD 0.1P,-1.8974600494248435,0.3332569254815424,0.05,0.008086033705525335,False,-0.47585572523601277,8.200803662763061,,,,,,,,,,,,,,
TMT,REL.L,WPP.L,RELX PLC ORD 14 51/116P,WPP PLC ORD 10P,-1.8674287482155645,0.3475353112907187,0.05,0.008086033705525335,False,0.327568113202463,6.098014205578867,,,,,,,,,,,,,,
TMT,BT-A.L,REL.L,BT GROUP PLC ORD 5P,RELX PLC ORD 14 51/116P,-1.860134840977068,0.3510409247355093,0.05,0.008086033705525335,False,-0.8801556409040177,12.299127054230041,,,,,,,,,,,,,,
TMT,AUTO.L,SGE.L,AUTOTRADER GROUP PLC ORD 1P,THE SAGE GROUP PLC ORD 1 4/77P,-1.7585496675459065,0.40122600279532755,0.05,0.008086033705525335,False,1.6700984654394566,-5.101513901984968,,,,,,,,,,,,,,
TMT,BT-A.L,EXPN.L,BT GROUP PLC ORD 5P,EXPERIAN PLC ORD USD0.10,-1.7447442110263311,0.40821873369727013,0.05,0.008086033705525335,False,-1.2030121808548755,14.947792750753457,,,,,,,,,,,,,,
TMT,AAF.L,EXPN.L,AIRTEL AFRICA PLC ORD USD0.50,EXPERIAN PLC ORD USD0.10,-1.734975748635763,0.4131879411049806,0.05,0.008086033705525335,False,-4.2149933936680695,39.56891838172336,,,,,,,,,,,,,,
TMT,AAF.L,AUTO.L,AIRTEL AFRICA PLC ORD USD0.50,AUTOTRADER GROUP PLC ORD 1P,-1.705464187487453,0.42829938494097775,0.05,0.008086033705525335,False,-2.397571555338555,20.99614770291923,,,,,,,,,,,,,,
TMT,BT-A.L,SGE.L,BT GROUP PLC ORD 5P,THE SAGE GROUP PLC ORD 1 4/77P,-1.675665450638645,0.4436919579796529,0.05,0.008086033705525335,False,-1.22469462729119,13.709488701848048,,,,,,,,,,,,,,
TMT,AAF.L,RMV.L,AIRTEL AFRICA PLC ORD USD0.50,RIGHTMOVE PLC ORD 0.1P,-1.5896457890557236,0.48879267822250483,0.05,0.008086033705525335,False,-3.5526756095664798,27.99260342807259,,,,,,,,,,,,,,
TMT,AAF.L,REL.L,AIRTEL AFRICA PLC ORD USD0.50,RELX PLC ORD 14 51/116P,-1.5733395768556948,0.49697057355089114,0.05,0.008086033705525335,False,-3.2893340754897764,31.95679106071768,,,,,,,,,,,,,,
TMT,AUTO.L,WPP.L,AUTOTRADER GROUP PLC ORD 1P,WPP PLC ORD 10P,-1.5266315897430325,0.5202983598153567,0.05,0.008086033705525335,False,0.43223330938395293,3.900334474549121,,,,,,,,,,,,,,
TMT,BT-A.L,VOD.L,BT GROUP PLC ORD 5P,VODAFONE GROUP PLC ORD USD0.20 ,-1.5231823371535063,0.5220137946883366,0.05,0.008086033705525335,False,0.8364826429248352,1.4531055054248254,,,,,,,,,,,,,,
TMT,RMV.L,WPP.L,RIGHTMOVE PLC ORD 0.1P,WPP PLC ORD 10P,-1.458335662273082,0.5540122875957194,0.05,0.008086033705525335,False,0.295357343294506,4.579007775927152,,,,,,,,,,,,,,
TMT,EXPN.L,WPP.L,EXPERIAN PLC ORD USD0.10,WPP PLC ORD 10P,-1.4162736611661149,0.5744499349375188,0.05,0.008086033705525335,False,0.2529849209337492,6.581080998405033,,,,,,,,,,,,,,
TMT,SGE.L,WPP.L,THE SAGE GROUP PLC ORD 1 4/77P,WPP PLC ORD 10P,-1.3009969776633088,0.6287160718380849,0.05,0.008086033705525335,False,0.22222555245774506,5.615314675882146,,,,,,,,,,,,,,
TMT,AAF.L,SGE.L,AIRTEL AFRICA PLC ORD USD0.50,THE SAGE GROUP PLC ORD 1 4/77P,-1.2785827186662602,0.638912904725516,0.05,0.008086033705525335,False,-5.168113547327156,41.3562915572724,,,,,,,,,,,,,,
UK_HOUSEBUILDERS,BWY.L,TW.L,BELLWAY PLC ORD 12.5P,TAYLOR WIMPEY PLC ORD 1P,-2.259158883770245,0.18547841683816163,0.05,,False,0.6439053575731698,4.783756949262486,,,,,,,,,,,,,,
UK_HOUSEBUILDERS,PSN.L,TW.L,PERSIMMON PLC ORD 10P,TAYLOR WIMPEY PLC ORD 1P,-2.253474111267604,0.1874125958602701,0.05,,False,0.6124168902527575,4.256952038117289,,,,,,,,,,,,,,
UK_HOUSEBUILDERS,BWY.L,PSN.L,BELLWAY PLC ORD 12.5P,PERSIMMON PLC ORD 10P,-1.3441862836607466,0.6087225785622398,0.05,,False,1.0686286970073307,0.18477305443848824,,,,,,,,,,,,,,
US_AIRLINES,DAL,LUV,"Delta Air Lines, Inc.",Southwest Airlines Company,-3.0892747777013545,0.027357151765165427,0.05,,False,1.1028969657964771,0.1825244969082611,,,,,,,,,,,,,,
US_AIRLINES,JBLU,UAL,JetBlue Airways Corporation,"United Airlines Holdings, Inc.",-2.6365544633456777,0.08567506750580683,0.05,,False,-0.02179025214632608,1.7614172756993172,,,,,,,,,,,,,,
US_AIRLINES,JBLU,LUV,JetBlue Airways Corporation,Southwest Airlines Company,-2.4467383205760656,0.12897687434988853,0.05,,False,-1.0082606755215564,5.183560286707302,,,,,,,,,,,,,,
US_AIRLINES,ALK,JBLU,"Alaska Air Group, Inc.",JetBlue Airways Corporation,-2.4079610371985716,0.13950206063635706,0.05,,False,1.134807714876261,1.9926546755401613,,,,,,,,,,,,,,
US_AIRLINES,AAL,JBLU,"American Airlines Group, Inc.",JetBlue Airways Corporation,-2.2753021018908908,0.1800572872243152,0.05,,False,0.8445965245579511,1.1294031427938207,,,,,,,,,,,,,,
US_AIRLINES,DAL,JBLU,"Delta Air Lines, Inc.",JetBlue Airways Corporation,-2.1366468122073647,0.23003625203881484,0.05,,False,1.7373873633653776,1.1386089748672283,,,,,,,,,,,,,,
US_AIRLINES,AAL,UAL,"American Airlines Group, Inc.","United Airlines Holdings, Inc.",-1.9343488075400719,0.3160788145725115,0.05,,False,0.46252564945558017,0.48893130270893437,,,,,,,,,,,,,,
US_AIRLINES,AAL,DAL,"American Airlines Group, Inc.","Delta Air Lines, Inc.",-1.6671486450124888,0.4481129748573317,0.05,,False,0.7959161683812113,-0.6729638284770636,,,,,,,,,,,,,,
US_AIRLINES,LUV,UAL,Southwest Airlines Company,"United Airlines Holdings, Inc.",-1.6639754858385973,0.44976238182192174,0.05,,False,0.5179261287198106,1.197867546647049,,,,,,,,,,,,,,
US_AIRLINES,AAL,ALK,"American Airlines Group, Inc.","Alaska Air Group, Inc.",-1.5793034985692103,0.49398114301535645,0.05,,False,0.8085698187742267,-0.6032997511864715,,,,,,,,,,,,,,
US_AIRLINES,AAL,LUV,"American Airlines Group, Inc.",Southwest Airlines Company,-1.5681786533899467,0.49955584446225226,0.05,,False,0.8081590965924023,-0.2846138252147119,,,,,,,,,,,,,,
US_AIRLINES,ALK,UAL,"Alaska Air Group, Inc.","United Airlines Holdings, Inc.",-1.3961607430536074,0.5841153162395858,0.05,,False,0.5043167873948636,1.6504528300191303,,,,,,,,,,,,,,
US_AIRLINES,DAL,UAL,"Delta Air Lines, Inc.","United Airlines Holdings, Inc.",-1.320316175311573,0.6198271487036625,0.05,,False,0.6331621840731649,1.2295452608939352,,,,,,,,,,,,,,
US_AIRLINES,ALK,LUV,"Alaska Air Group, Inc.",Southwest Airlines Company,-0.7063188706721041,0.845106011612106,0.05,,False,1.6366081704409665,-1.8292338939560056,,,,,,,,,,,,,,
US_AIRLINES,ALK,DAL,"Alaska Air Group, Inc.","Delta Air Lines, Inc.",-0.29291877405627353,0.9265012753036233,0.05,,False,0.938748751508423,0.09767964684546238,,,,,,,,,,,,,,
US_ASSET_MANAGERS,BX,KKR,Blackstone Inc.,KKR & Co. Inc.,-3.6313104534367238,0.005189892465291423,0.05,,False,0.8858841637837315,0.6943413953515556,,,,,,,,,,,,,,
US_ASSET_MANAGERS,BEN,KKR,"Franklin Templeton, Inc.",KKR & Co. Inc.,-2.638659852212671,0.08526735952432801,0.05,,False,-1.0502242512560331,8.110774123076657,,,,,,,,,,,,,,
US_ASSET_MANAGERS,APO,BEN,"Apollo Global Management, Inc. ","Franklin Templeton, Inc.",-2.513440112008831,0.11223835316533182,0.05,,False,-0.20669329134526443,5.514716004244587,,,,,,,,,,,,,,
US_ASSET_MANAGERS,BEN,BX,"Franklin Templeton, Inc.",Blackstone Inc.,-2.4874886773215326,0.11854821757456813,0.05,,False,-1.6344031745067145,11.153388148358202,,,,,,,,,,,,,,
US_ASSET_MANAGERS,APO,TROW,"Apollo Global Management, Inc. ","T. Rowe Price Group, Inc.",-2.459174256145877,0.12572621146356933,0.05,,False,2.576164916695906,-6.898965990719568,,,,,,,,,,,,,,
US_ASSET_MANAGERS,BLK,TROW,"BlackRock, Inc.","T. Rowe Price Group, Inc.",-2.4533669231229385,0.12723671631692868,0.05,,False,2.799176352766127,-5.913545965045087,,,,,,,,,,,,,,
US_ASSET_MANAGERS,BEN,BLK,"Franklin Templeton, Inc.","BlackRock, Inc.",-2.242009896067195,0.19135296425068626,0.05,,False,2.020505605436448,-10.838242009208154,,,,,,,,,,,,,,
US_ASSET_MANAGERS,BEN,TROW,"Franklin Templeton, Inc.","T. Rowe Price Group, Inc.",-2.197499455784842,0.2071542616621868,0.05,,False,7.717537494793534,-32.213409130340565,,,,,,,,,,,,,,
US_ASSET_MANAGERS,BLK,KKR,"BlackRock, Inc.",KKR & Co. Inc.,-2.121396417604449,0.23599847994863177,0.05,,False,0.26779677648366423,5.6000000966359105,,,,,,,,,,,,,,
US_ASSET_MANAGERS,APO,BLK,"Apollo Global Management, Inc. ","BlackRock, Inc.",-1.9636567344134532,0.30273208409668684,0.05,,False,1.6246246618495828,-6.305439001421289,,,,,,,,,,,,,,
US_ASSET_MANAGERS,APO,BX,"Apollo Global Management, Inc. ",Blackstone Inc.,-1.9221925568554477,0.3216941236574201,0.05,,False,0.8844270646271444,0.5067952421607202,,,,,,,,,,,,,,
US_ASSET_MANAGERS,BX,TROW,Blackstone Inc.,"T. Rowe Price Group, Inc.",-1.8493779505070032,0.35623683545410995,0.05,,False,2.848256929091571,-8.078381665763406,,,,,,,,,,,,,,
US_ASSET_MANAGERS,BLK,BX,"BlackRock, Inc.",Blackstone Inc.,-1.4440551621593238,0.5609829383697473,0.05,,False,0.5243745297598007,4.292068051849434,,,,,,,,,,,,,,
US_ASSET_MANAGERS,KKR,TROW,KKR & Co. Inc.,"T. Rowe Price Group, Inc.",-1.2936815810484126,0.6320580174943737,0.05,,False,3.3905198311312836,-10.70457349123642,,,,,,,,,,,,,,
US_ASSET_MANAGERS,APO,KKR,"Apollo Global Management, Inc. ",KKR & Co. Inc.,-1.1887833427203227,0.6784021272359961,0.05,,False,0.7617814336894826,1.2250824010080623,,,,,,,,,,,,,,
US_BANKS,KEY,USB,KeyCorp,U.S. Bancorp,-3.679258020703699,0.004414550812004808,0.05,,False,1.1982254494174538,-1.749523273784105,,,,,,,,,,,,,,
US_BANKS,KEY,PNC,KeyCorp,"PNC Financial Services Group, I",-3.677276995777695,0.004444366674173829,0.05,,False,1.2558664421471826,-3.7252179990310563,,,,,,,,,,,,,,
US_BANKS,FITB,USB,Fifth Third Bancorp,U.S. Bancorp,-3.5845469467635334,0.006063422777172385,0.05,,False,0.9414647320193291,0.13522502462139396,,,,,,,,,,,,,,
US_BANKS,COF,WFC,Capital One Financial Corporati,Wells Fargo & Company,-3.5184940010392034,0.007524639713880722,0.05,,False,1.0227119212528182,0.8385091442144361,,,,,,,,,,,,,,
US_BANKS,CFG,TFC,"Citizens Financial Group, Inc.",Truist Financial Corporation,-3.508593535480251,0.007769117276455048,0.05,,False,1.926107150723568,-3.3696133654996285,,,,,,,,,,,,,,
US_BANKS,FITB,PNC,Fifth Third Bancorp,"PNC Financial Services Group, I",-3.506767907220727,0.007814971603571166,0.05,,False,0.9870551415057213,-1.418681292987479,,,,,,,,,,,,,,
US_BANKS,TFC,USB,Truist Financial Corporation,U.S. Bancorp,-3.49257337582419,0.008179886604383926,0.05,,False,0.8547846405732367,0.47387666052357247,,,,,,,,,,,,,,
US_BANKS,PNC,USB,"PNC Financial Services Group, I",U.S. Bancorp,-3.3859745161611845,0.011446393471791494,0.05,,False,0.9538198120629483,1.5742541529995817,,,,,,,,,,,,,,
US_BANKS,HBAN,WFC,Huntington Bancshares Incorpora,Wells Fargo & Company,-3.3315629007099923,0.013525229220543,0.05,,False,0.588576865302731,0.1978620689126025,,,,,,,,,,,,,,
US_BANKS,CFG,KEY,"Citizens Financial Group, Inc.",KeyCorp,-3.3190400188300972,0.014048543202848107,0.05,,False,1.3606274758346495,-0.014975857215852262,,,,,,,,,,,,,,
US_BANKS,FHN,HBAN,First Horizon Corporation,Huntington Bancshares Incorpora,-3.197126893786374,0.020151589389039354,0.05,,False,1.7529344762735566,-1.7851574478919257,,,,,,,,,,,,,,
US_BANKS,C,TFC,"Citigroup, Inc.",Truist Financial Corporation,-3.1675357828313944,0.0219424318673531,0.05,,False,2.8632471758043008,-6.292922347519677,,,,,,,,,,,,,,
US_BANKS,KEY,RF,KeyCorp,Regions Financial Corporation,-3.158116856768186,0.022540686296644113,0.05,,False,1.1292928900995614,-0.7188280908526612,,,,,,,,,,,,,,
US_BANKS,C,HBAN,"Citigroup, Inc.",Huntington Bancshares Incorpora,-3.134383684985771,0.024111086342491213,0.05,,False,3.399342750301056,-4.818054717219058,,,,,,,,,,,,,,
US_BANKS,PNC,ZION,"PNC Financial Services Group, I",Zions Bancorporation N.A.,-3.130505337761638,0.024376487726254194,0.05,,False,0.9507770764201219,1.473598112469812,,,,,,,,,,,,,,
US_BANKS,RF,TFC,Regions Financial Corporation,Truist Financial Corporation,-3.1032605818190033,0.026312829942243536,0.05,,False,1.241204752103401,-1.5005715544306941,,,,,,,,,,,,,,
US_BANKS,C,PNFP,"Citigroup, Inc.","Pinnacle Financial Partners, In",-3.0885502725936127,0.027412205000703724,0.05,,False,-15.160448014090338,73.83971964971732,,,,,,,,,,,,,,
US_BANKS,BAC,HBAN,Bank of America Corporation,Huntington Bancshares Incorpora,-3.0580037423756288,0.029821277746147748,0.05,,False,1.3030483976246683,0.2689146446066162,,,,,,,,,,,,,,
US_BANKS,FHN,WFC,First Horizon Corporation,Wells Fargo & Company,-3.0546581244438515,0.030095788016832655,0.05,,False,1.0473434962715469,-1.5051619413416097,,,,,,,,,,,,,,
US_BANKS,KEY,TFC,KeyCorp,Truist Financial Corporation,-3.0496535321866554,0.030510436860024432,0.05,,False,1.4055685338900141,-2.4279532869265554,,,,,,,,,,,,,,
US_BANKS,C,ZION,"Citigroup, Inc.",Zions Bancorporation N.A.,-3.0439104623827626,0.03099225623238858,0.05,,False,2.4606726466166577,-5.277247429203718,,,,,,,,,,,,,,
US_BANKS,C,MTB,"Citigroup, Inc.",M&T Bank Corporation,-3.0360538361277487,0.03166186753527237,0.05,,False,2.717104947175177,-9.752610514754078,,,,,,,,,,,,,,
US_BANKS,FITB,KEY,Fifth Third Bancorp,KeyCorp,-3.0355375298549547,0.031706298968982964,0.05,,False,0.7837831695819911,1.5153283027706554,,,,,,,,,,,,,,
US_BANKS,CFG,PNFP,"Citizens Financial Group, Inc.","Pinnacle Financial Partners, In",-2.998522114045891,0.03503264691829039,0.05,,False,-24.994732626945897,118.28416173503507,,,,,,,,,,,,,,
US_BANKS,C,FHN,"Citigroup, Inc.",First Horizon Corporation,-2.9546006561121687,0.03935717514281531,0.05,,False,1.684302363618003,-0.5963894161882397,,,,,,,,,,,,,,
US_BANKS,COF,HBAN,Capital One Financial Corporati,Huntington Bancshares Incorpora,-2.903985194739871,0.04488653231793823,0.05,,False,1.7350619348740488,0.5016075746939777,,,,,,,,,,,,,,
US_BANKS,HBAN,JPM,Huntington Bancshares Incorpora,JP Morgan Chase & Co.,-2.8861083463819073,0.0469874197264836,0.05,,False,0.5755321894641225,-0.48312294175743453,,,,,,,,,,,,,,
US_BANKS,BAC,TFC,Bank of America Corporation,Truist Financial Corporation,-2.8626996894109737,0.049860631650489685,0.05,,False,1.2102165611525304,-0.7181317634463147,,,,,,,,,,,,,,
US_BANKS,BAC,RF,Bank of America Corporation,Regions Financial Corporation,-2.8621001692423924,0.04993607495366213,0.05,,False,0.9576400058899505,0.799681215238635,,,,,,,,,,,,,,
US_BANKS,KEY,PNFP,KeyCorp,"Pinnacle Financial Partners, In",-2.8579824973196,0.050456780670594586,0.05,,False,5.828100978251098,-23.85251070660231,,,,,,,,,,,,,,
US_BANKS,JPM,PNFP,JP Morgan Chase & Co.,"Pinnacle Financial Partners, In",-2.8430990637102966,0.05237620767825729,0.05,,False,81.28450323840906,-366.6180719587311,,,,,,,,,,,,,,
US_BANKS,FHN,PNFP,First Horizon Corporation,"Pinnacle Financial Partners, In",-2.789690299501591,0.05976159317399847,0.05,,False,4.748944536735081,-18.76363353047786,,,,,,,,,,,,,,
US_BANKS,C,KEY,"Citigroup, Inc.",KeyCorp,-2.788018584064104,0.060005714638009966,0.05,,False,1.940450404601095,-1.0732764108273747,,,,,,,,,,,,,,
US_BANKS,BAC,PNFP,Bank of America Corporation,"Pinnacle Financial Partners, In",-2.7660556381113914,0.06328844976678515,0.05,,False,17.25137935254092,-75.17819272160541,,,,,,,,,,,,,,
US_BANKS,USB,ZION,U.S. Bancorp,Zions Bancorporation N.A.,-2.7653680919506662,0.06339350248357847,0.05,,False,0.9970965484367216,-0.10665931963629927,,,,,,,,,,,,,,
US_BANKS,BAC,FHN,Bank of America Corporation,First Horizon Corporation,-2.7506117966972004,0.06568215635844053,0.05,,False,0.7407417617021719,1.6036979123587032,,,,,,,,,,,,,,
US_BANKS,C,RF,"Citigroup, Inc.",Regions Financial Corporation,-2.7143360300907218,0.07159019371708325,0.05,,False,2.235946392689245,-2.608427811228748,,,,,,,,,,,,,,
US_BANKS,BAC,ZION,Bank of America Corporation,Zions Bancorporation N.A.,-2.672966148789341,0.0788342645623718,0.05,,False,1.0178654670516853,-0.20133567854709344,,,,,,,,,,,,,,
US_BANKS,BAC,JPM,Bank of America Corporation,JP Morgan Chase & Co.,-2.6701147632155537,0.07935401894777006,0.05,,False,0.7771548983265688,-0.5119871439410515,,,,,,,,,,,,,,
US_BANKS,CFG,RF,"Citizens Financial Group, Inc.",Regions Financial Corporation,-2.6442783291567356,0.08418671690416718,0.05,,False,1.5472733309539564,-1.0267686141733923,,,,,,,,,,,,,,
US_BANKS,BAC,C,Bank of America Corporation,"Citigroup, Inc.",-2.6365238677348914,0.08568100346925644,0.05,,False,0.44611256011173134,1.838021312187418,,,,,,,,,,,,,,
US_BANKS,COF,PNFP,Capital One Financial Corporati,"Pinnacle Financial Partners, In",-2.6317658282998004,0.08660801705261612,0.05,,False,3.4103827254323744,-10.396520191536563,,,,,,,,,,,,,,
US_BANKS,KEY,MTB,KeyCorp,M&T Bank Corporation,-2.6164089906702923,0.08965306496056513,0.05,,False,1.2935686970503406,-3.916266416018845,,,,,,,,,,,,,,
US_BANKS,MTB,ZION,M&T Bank Corporation,Zions Bancorporation N.A.,-2.6152153953918105,0.0898931536731003,0.05,,False,0.9295689973801826,1.552701178828463,,,,,,,,,,,,,,
US_BANKS,CFG,ZION,"Citizens Financial Group, Inc.",Zions Bancorporation N.A.,-2.5999197746050275,0.09301384952990777,0.05,,False,1.6717252066919748,-2.7511432158557123,,,,,,,,,,,,,,
US_BANKS,CFG,USB,"Citizens Financial Group, Inc.",U.S. Bancorp,-2.5917150413511227,0.09472171857998157,0.05,,False,1.6446520288710074,-2.4501652612189013,,,,,,,,,,,,,,
US_BANKS,BAC,CFG,Bank of America Corporation,"Citizens Financial Group, Inc.",-2.576107704882027,0.09803654367398995,0.05,,False,0.6094628963542754,1.4714848754738163,,,,,,,,,,,,,,
US_BANKS,PNC,RF,"PNC Financial Services Group, I",Regions Financial Corporation,-2.575304560750431,0.0982094810404685,0.05,,False,0.8991259013987708,2.3941546804437195,,,,,,,,,,,,,,
US_BANKS,C,PNC,"Citigroup, Inc.","PNC Financial Services Group, I",-2.5713193453207137,0.09907103277173457,0.05,,False,2.5812191047260526,-9.05526683881444,,,,,,,,,,,,,,
US_BANKS,JPM,WFC,JP Morgan Chase & Co.,Wells Fargo & Company,-2.566694919754228,0.10007795488818799,0.05,,False,1.0018447449629866,1.2724012052724527,,,,,,,,,,,,,,
US_BANKS,KEY,ZION,KeyCorp,Zions Bancorporation N.A.,-2.562846745566596,0.10092175611087806,0.05,,False,1.2008175096180567,-1.9012599911255612,,,,,,,,,,,,,,
US_BANKS,CFG,HBAN,"Citizens Financial Group, Inc.",Huntington Bancshares Incorpora,-2.5408559006676703,0.10584738313168002,0.05,,False,2.299285506878966,-2.411580610698316,,,,,,,,,,,,,,
US_BANKS,RF,USB,Regions Financial Corporation,U.S. Bancorp,-2.5069783575946585,0.11378563459147084,0.05,,False,1.0616423454286403,-0.9149925674832993,,,,,,,,,,,,,,
US_BANKS,PNC,TFC,"PNC Financial Services Group, I",Truist Financial Corporation,-2.503820734527524,0.11454746434589941,0.05,,False,1.1142109301571415,1.051645714219295,,,,,,,,,,,,,,
US_BANKS,PNFP,RF,"Pinnacle Financial Partners, In",Regions Financial Corporation,-2.5010123131676134,0.11522821228839902,0.05,,False,0.3201405296211657,3.5718777439563567,,,,,,,,,,,,,,
US_BANKS,CFG,FITB,"Citizens Financial Group, Inc.",Fifth Third Bancorp,-2.499535901026407,0.11558728589008699,0.05,,False,1.767021162640392,-2.7615287989801813,,,,,,,,,,,,,,
US_BANKS,FHN,JPM,First Horizon Corporation,JP Morgan Chase & Co.,-2.471959711999636,0.12244673218223967,0.05,,False,1.0447457296374079,-2.8316260243033846,,,,,,,,,,,,,,
US_BANKS,CFG,PNC,"Citizens Financial Group, Inc.","PNC Financial Services Group, I",-2.4584598807216262,0.12591131615205725,0.05,,False,1.7361110311397159,-5.226403238615543,,,,,,,,,,,,,,
US_BANKS,C,CFG,"Citigroup, Inc.","Citizens Financial Group, Inc.",-2.4443911620773213,0.1295971652999824,0.05,,False,1.37835373860474,-0.8684265120788428,,,,,,,,,,,,,,
US_BANKS,MTB,USB,M&T Bank Corporation,U.S. Bancorp,-2.429633993684786,0.13354649720709316,0.05,,False,0.9314015975922626,1.6554803906770243,,,,,,,,,,,,,,
US_BANKS,PNFP,WFC,"Pinnacle Financial Partners, In",Wells Fargo & Company,-2.4080342431133612,0.13948163141307313,0.05,,False,0.21269459271805713,3.6677818726176064,,,,,,,,,,,,,,
US_BANKS,C,USB,"Citigroup, Inc.",U.S. Bancorp,-2.4072431519779287,0.1397025100819667,0.05,,False,2.4318925166004095,-4.876562053061982,,,,,,,,,,,,,,
US_BANKS,HBAN,MTB,Huntington Bancshares Incorpora,M&T Bank Corporation,-2.397846133460503,0.1423452446678114,0.05,,False,0.8561046316309574,-1.7479817843533638,,,,,,,,,,,,,,
US_BANKS,C,FITB,"Citigroup, Inc.",Fifth Third Bancorp,-2.3824375044047734,0.1467547691004465,0.05,,False,2.6911839506021167,-5.629651288884557,,,,,,,,,,,,,,
US_BANKS,HBAN,RF,Huntington Bancshares Incorpora,Regions Financial Corporation,-2.3795533095847614,0.14759068681352805,0.05,,False,0.742418397500246,0.38375255247157325,,,,,,,,,,,,,,
US_BANKS,BAC,MTB,Bank of America Corporation,M&T Bank Corporation,-2.37770178952969,0.14812906272812792,0.05,,False,1.1069780820414525,-1.964088487271205,,,,,,,,,,,,,,
US_BANKS,CFG,MTB,"Citizens Financial Group, Inc.",M&T Bank Corporation,-2.3654559190916227,0.1517244699501457,0.05,,False,1.8247448118627378,-5.681020581990197,,,,,,,,,,,,,,
US_BANKS,MTB,PNC,M&T Bank Corporation,"PNC Financial Services Group, I",-2.3478543802338216,0.15699792235942378,0.05,,False,0.978679785121145,0.10682520754431035,,,,,,,,,,,,,,
US_BANKS,FITB,RF,Fifth Third Bancorp,Regions Financial Corporation,-2.3121402498559673,0.16808238957925692,0.05,,False,0.8859976916060354,0.9491649150288928,,,,,,,,,,,,,,
US_BANKS,FITB,ZION,Fifth Third Bancorp,Zions Bancorporation N.A.,-2.273955738796356,0.18050537603118777,0.05,,False,0.9366776677236531,0.04290512090692289,,,,,,,,,,,,,,
US_BANKS,JPM,TFC,JP Morgan Chase & Co.,Truist Financial Corporation,-2.243495201429833,0.19083945106797728,0.05,,False,1.6560792456594362,-0.6351982600211432,,,,,,,,,,,,,,
US_BANKS,RF,ZION,Regions Financial Corporation,Zions Bancorporation N.A.,-2.2384863768626864,0.19257471487601657,0.05,,False,1.059132694772235,-1.0304847599675906,,,,,,,,,,,,,,
US_BANKS,JPM,MTB,JP Morgan Chase & Co.,M&T Bank Corporation,-2.1950671276687728,0.20804067405626075,0.05,,False,1.496589968172819,-2.2451426105109045,,,,,,,,,,,,,,
US_BANKS,FHN,TFC,First Horizon Corporation,Truist Financial Corporation,-2.1869621835704187,0.2110114159237858,0.05,,False,1.6708700281307591,-3.273250944800773,,,,,,,,,,,,,,
US_BANKS,BAC,PNC,Bank of America Corporation,"PNC Financial Services Group, I",-2.1800457461888105,0.2135672406006639,0.05,,False,1.0779092003842297,-1.817282163587488,,,,,,,,,,,,,,
US_BANKS,HBAN,KEY,Huntington Bancshares Incorpora,KeyCorp,-2.1520606253611354,0.2241021676151972,0.05,,False,0.6385859553590608,0.909675326203401,,,,,,,,,,,,,,
US_BANKS,TFC,ZION,Truist Financial Corporation,Zions Bancorporation N.A.,-2.1445717239519184,0.22697367482701425,0.05,,False,0.8501336098357456,0.39125789290794266,,,,,,,,,,,,,,
US_BANKS,BAC,KEY,Bank of America Corporation,KeyCorp,-2.121063078129191,0.23612980626620872,0.05,,False,0.8378902956820925,1.437886092340567,,,,,,,,,,,,,,
US_BANKS,HBAN,USB,Huntington Bancshares Incorpora,U.S. Bancorp,-2.0900089042257473,0.24855100330415109,0.05,,False,0.7781332789533808,-0.25712191086550185,,,,,,,,,,,,,,
US_BANKS,FHN,MTB,First Horizon Corporation,M&T Bank Corporation,-2.0540008839727992,0.2634085390379721,0.05,,False,1.499172016675485,-4.841307155854794,,,,,,,,,,,,,,
US_BANKS,C,JPM,"Citigroup, Inc.",JP Morgan Chase & Co.,-2.044355311182118,0.26746964148179164,0.05,,False,1.7489825143152353,-5.306259074079514,,,,,,,,,,,,,,
US_BANKS,FITB,TFC,Fifth Third Bancorp,Truist Financial Corporation,-2.0422014201630256,0.26838111457844205,0.05,,False,1.0994532376617698,-0.37939740779558306,,,,,,,,,,,,,,
US_BANKS,PNFP,USB,"Pinnacle Financial Partners, In",U.S. Bancorp,-2.0149712124902712,0.28004756907925793,0.05,,False,0.49735529029811176,2.676691859379341,,,,,,,,,,,,,,
US_BANKS,BAC,FITB,Bank of America Corporation,Fifth Third Bancorp,-2.000521871334885,0.2863443236654582,0.05,,False,1.0970468746972524,-0.2867009331416819,,,,,,,,,,,,,,
US_BANKS,BAC,USB,Bank of America Corporation,U.S. Bancorp,-1.999135037799532,0.2869524836902802,0.05,,False,1.0210623528434126,-0.09334561760860716,,,,,,,,,,,,,,
US_BANKS,MTB,RF,M&T Bank Corporation,Regions Financial Corporation,-1.9807919159363245,0.29505815605071967,0.05,,False,0.8764909662445801,2.4608349283647506,,,,,,,,,,,,,,
US_BANKS,HBAN,PNC,Huntington Bancshares Incorpora,"PNC Financial Services Group, I",-1.9605806620365185,0.30411993576812624,0.05,,False,0.8303849852759579,-1.6175340132737883,,,,,,,,,,,,,,
US_BANKS,JPM,RF,JP Morgan Chase & Co.,Regions Financial Corporation,-1.9495928840222823,0.3091024258762556,0.05,,False,1.2635669210134204,1.5892508961826377,,,,,,,,,,,,,,
US_BANKS,HBAN,TFC,Huntington Bancshares Incorpora,Truist Financial Corporation,-1.9421313251332535,0.31250799910133154,0.05,,False,0.9344105751640064,-0.7786472271550551,,,,,,,,,,,,,,
US_BANKS,TFC,WFC,Truist Financial Corporation,Wells Fargo & Company,-1.9400884858943024,0.3134434618943517,0.05,,False,0.5920828803311837,1.2069855592929541,,,,,,,,,,,,,,
US_BANKS,FHN,ZION,First Horizon Corporation,Zions Bancorporation N.A.,-1.9260616461622464,0.31990194194687366,0.05,,False,1.3848930964541477,-2.4792782276564176,,,,,,,,,,,,,,
US_BANKS,JPM,ZION,JP Morgan Chase & Co.,Zions Bancorporation N.A.,-1.919821056464524,0.32279487582591543,0.05,,False,1.3715497433833306,0.15602002520295066,,,,,,,,,,,,,,
US_BANKS,FHN,RF,First Horizon Corporation,Regions Financial Corporation,-1.8229922008702701,0.3691079194498896,0.05,,False,1.3058715467876625,-1.1264938133224622,,,,,,,,,,,,,,
US_BANKS,FITB,MTB,Fifth Third Bancorp,M&T Bank Corporation,-1.8035082827202427,0.3787213249755379,0.05,,False,1.0086086899691773,-1.526686151749872,,,,,,,,,,,,,,
US_BANKS,HBAN,ZION,Huntington Bancshares Incorpora,Zions Bancorporation N.A.,-1.7826959484804923,0.38908588250823145,0.05,,False,0.7901207337164391,-0.396284076719271,,,,,,,,,,,,,,
US_BANKS,COF,FHN,Capital One Financial Corporati,First Horizon Corporation,-1.7779897949338996,0.3914425939842672,0.05,,False,0.9748120490580392,2.3132494851992758,,,,,,,,,,,,,,
US_BANKS,MTB,TFC,M&T Bank Corporation,Truist Financial Corporation,-1.7673600498526028,0.3967826437029201,0.05,,False,1.0955757639295638,1.1168859442536903,,,,,,,,,,,,,,
US_BANKS,WFC,ZION,Wells Fargo & Company,Zions Bancorporation N.A.,-1.7301327544261256,0.4156578432824948,0.05,,False,1.3807327626231995,-1.160485779945466,,,,,,,,,,,,,,
US_BANKS,COF,JPM,Capital One Financial Corporati,JP Morgan Chase & Co.,-1.6960767154363612,0.433134996365644,0.05,,False,1.0219018950026575,-0.4663647886460929,,,,,,,,,,,,,,
US_BANKS,COF,TFC,Capital One Financial Corporati,Truist Financial Corporation,-1.662358878674741,0.45060314660796685,0.05,,False,1.8557201896919335,-1.7269459744808788,,,,,,,,,,,,,,
US_BANKS,JPM,PNC,JP Morgan Chase & Co.,"PNC Financial Services Group, I",-1.6521542617496716,0.45591715677466776,0.05,,False,1.470435040033917,-2.1153095661995973,,,,,,,,,,,,,,
US_BANKS,MTB,WFC,M&T Bank Corporation,Wells Fargo & Company,-1.6215331599669107,0.4719256123995805,0.05,,False,0.6677932659843318,2.35733252729177,,,,,,,,,,,,,,
US_BANKS,FITB,JPM,Fifth Third Bancorp,JP Morgan Chase & Co.,-1.592057373270338,0.48758213025869535,0.05,,False,0.6491875659091509,0.12409366305755931,,,,,,,,,,,,,,
US_BANKS,FITB,HBAN,Fifth Third Bancorp,Huntington Bancshares Incorpora,-1.5724031060858759,0.4974397993181015,0.05,,False,1.2000086711572076,0.47321353310987213,,,,,,,,,,,,,,
US_BANKS,CFG,FHN,"Citizens Financial Group, Inc.",First Horizon Corporation,-1.5722005484921326,0.497541285593342,0.05,,False,1.2218790566950322,0.19762499059377703,,,,,,,,,,,,,,
US_BANKS,FHN,USB,First Horizon Corporation,U.S. Bancorp,-1.5613526631949821,0.5029726424514214,0.05,,False,1.4159404910122158,-2.434449897417464,,,,,,,,,,,,,,
US_BANKS,RF,WFC,Regions Financial Corporation,Wells Fargo & Company,-1.5214502380085304,0.5228747906727065,0.05,,False,0.7813378814535674,-0.20136477762716876,,,,,,,,,,,,,,
US_BANKS,FHN,PNC,First Horizon Corporation,"PNC Financial Services Group, I",-1.514794917916679,0.5261802228531414,0.05,,False,1.4809536313837957,-4.752930289331854,,,,,,,,,,,,,,
US_BANKS,JPM,KEY,JP Morgan Chase & Co.,KeyCorp,-1.5010814016386325,0.5329763173104358,0.05,,False,1.0979155502387101,2.452998020589091,,,,,,,,,,,,,,
US_BANKS,COF,MTB,Capital One Financial Corporati,M&T Bank Corporation,-1.459568911926933,0.5534088717268005,0.05,,False,1.6148574565309277,-3.2067191452968826,,,,,,,,,,,,,,
US_BANKS,FITB,WFC,Fifth Third Bancorp,Wells Fargo & Company,-1.4495033619890583,0.5583272165085681,0.05,,False,0.6304820781824062,1.0353652325352694,,,,,,,,,,,,,,
US_BANKS,FHN,FITB,First Horizon Corporation,Fifth Third Bancorp,-1.3750834055390846,0.5941614531242392,0.05,,False,1.5488153765022001,-2.8053314742767204,,,,,,,,,,,,,,
US_BANKS,JPM,USB,JP Morgan Chase & Co.,U.S. Bancorp,-1.3663306550381649,0.5983070057195872,0.05,,False,1.3914928107937055,0.24173918428124708,,,,,,,,,,,,,,
US_BANKS,C,WFC,"Citigroup, Inc.",Wells Fargo & Company,-1.343291450772796,0.609141206082573,0.05,,False,1.840656854275092,-3.4596725412424716,,,,,,,,,,,,,,
US_BANKS,CFG,JPM,"Citizens Financial Group, Inc.",JP Morgan Chase & Co.,-1.28201949295021,0.63735774823987,0.05,,False,1.2910842392370114,-3.3431213844489105,,,,,,,,,,,,,,
US_BANKS,FHN,KEY,First Horizon Corporation,KeyCorp,-1.252614644781098,0.6505629830589361,0.05,,False,1.1431409631476486,-0.2578139110570361,,,,,,,,,,,,,,
US_BANKS,COF,RF,Capital One Financial Corporati,Regions Financial Corporation,-1.2358303349756325,0.6579956891528396,0.05,,False,1.3505454325327615,0.9711771589290308,,,,,,,,,,,,,,
US_BANKS,BAC,WFC,Bank of America Corporation,Wells Fargo & Company,-1.2082192317479699,0.6700500496195287,0.05,,False,0.7730559505137219,0.5005617199095069,,,,,,,,,,,,,,
US_BANKS,FITB,PNFP,Fifth Third Bancorp,"Pinnacle Financial Partners, In",-1.2074500762702995,0.6703826941949937,0.05,,False,1.266117830479691,-2.0615266737746314,,,,,,,,,,,,,,
US_BANKS,KEY,WFC,KeyCorp,Wells Fargo & Company,-1.180065715038009,0.6821116231443369,0.05,,False,0.9059935864746878,-1.0474530931813928,,,,,,,,,,,,,,
US_BANKS,PNC,PNFP,"PNC Financial Services Group, I","Pinnacle Financial Partners, In",-1.1590951576724717,0.6909399374388075,0.05,,False,1.2537741660796793,-0.5187289336350496,,,,,,,,,,,,,,
US_BANKS,PNC,WFC,"PNC Financial Services Group, I",Wells Fargo & Company,-1.1373622558426877,0.6999447048974622,0.05,,False,0.6662761507585857,2.3683390172941268,,,,,,,,,,,,,,
US_BANKS,USB,WFC,U.S. Bancorp,Wells Fargo & Company,-1.0547635340744719,0.7327706472311305,0.05,,False,0.707102338848415,0.7958358797581186,,,,,,,,,,,,,,
US_BANKS,CFG,WFC,"Citizens Financial Group, Inc.",Wells Fargo & Company,-1.0446736859455101,0.7366240628112145,0.05,,False,1.3264008267877145,-1.8414037217397987,,,,,,,,,,,,,,
US_BANKS,HBAN,PNFP,Huntington Bancshares Incorpora,"Pinnacle Financial Partners, In",-1.038277365997809,0.7390488521183745,0.05,,False,0.7612429488796598,-0.7668136799441365,,,,,,,,,,,,,,
US_BANKS,COF,ZION,Capital One Financial Corporati,Zions Bancorporation N.A.,-0.9840153640830814,0.7590495935824444,0.05,,False,1.477981567523202,-0.608100345910171,,,,,,,,,,,,,,
US_BANKS,BAC,COF,Bank of America Corporation,Capital One Financial Corporati,-0.9741277303563903,0.7625832850167247,0.05,,False,0.7369551390469782,-0.0344498810272742,,,,,,,,,,,,,,
US_BANKS,PNFP,ZION,"Pinnacle Financial Partners, In",Zions Bancorporation N.A.,-0.9572721718909206,0.7685277040141529,0.05,,False,0.7209995474532156,1.7362450450072924,,,,,,,,,,,,,,
US_BANKS,COF,PNC,Capital One Financial Corporati,"PNC Financial Services Group, I",-0.9377704992430599,0.7752797877341421,0.05,,False,1.6354663074246811,-3.3216192547697387,,,,,,,,,,,,,,
US_BANKS,C,COF,"Citigroup, Inc.",Capital One Financial Corporati,-0.9084640041608417,0.7851723218418439,0.05,,False,1.935786302745459,-5.678588067795794,,,,,,,,,,,,,,
US_BANKS,PNFP,TFC,"Pinnacle Financial Partners, In",Truist Financial Corporation,-0.759013963431187,0.8308660333099758,0.05,,False,1.4822760965675101,-0.9692124352516123,,,,,,,,,,,,,,
US_BANKS,MTB,PNFP,M&T Bank Corporation,"Pinnacle Financial Partners, In",-0.6926648618718106,0.8486403662286053,0.05,,False,1.0790816014069076,0.2766358029957754,,,,,,,,,,,,,,
US_BANKS,CFG,COF,"Citizens Financial Group, Inc.",Capital One Financial Corporati,-0.6903263333516375,0.8492393488175622,0.05,,False,1.3483192862880826,-3.197015624390812,,,,,,,,,,,,,,
US_BANKS,COF,FITB,Capital One Financial Corporati,Fifth Third Bancorp,-0.5781647239273033,0.8758399680210702,0.05,,False,1.7736306007017824,-1.4070013523277787,,,,,,,,,,,,,,
US_BANKS,COF,KEY,Capital One Financial Corporati,KeyCorp,-0.48584618717876377,0.8947490491864862,0.05,,False,1.1553324705901615,1.9458232041462948,,,,,,,,,,,,,,
US_BANKS,COF,USB,Capital One Financial Corporati,U.S. Bancorp,-0.4694104136723157,0.8978488893654,0.05,,False,1.5563313499007785,-0.733178276553712,,,,,,,,,,,,,,
US_DEFENSE_AEROSPACE,GD,LHX,General Dynamics Corporation,"L3Harris Technologies, Inc.",-3.0069264995414544,0.034252595963306445,0.05,,False,0.6349591320700215,2.181098699852741,,,,,,,,,,,,,,
US_DEFENSE_AEROSPACE,GD,RTX,General Dynamics Corporation,RTX Corporation,-2.626538323494745,0.0876354354669085,0.05,,False,0.5060833172295163,3.190598619179749,,,,,,,,,,,,,,
US_DEFENSE_AEROSPACE,LHX,NOC,"L3Harris Technologies, Inc.",Northrop Grumman Corporation,-2.4400408641785054,0.13075252644484803,0.05,,False,1.3077819963586905,-2.653812126576402,,,,,,,,,,,,,,
US_DEFENSE_AEROSPACE,LHX,RTX,"L3Harris Technologies, Inc.",RTX Corporation,-2.1303132677424528,0.23250143631707143,0.05,,False,0.8325874334827329,1.413370125410725,,,,,,,,,,,,,,
US_DEFENSE_AEROSPACE,GD,NOC,General Dynamics Corporation,Northrop Grumman Corporation,-2.0074843747538575,0.28330113455492434,0.05,,False,0.8066526951432171,0.6448653197961622,,,,,,,,,,,,,,
US_DEFENSE_AEROSPACE,LMT,NOC,Lockheed Martin Corporation,Northrop Grumman Corporation,-1.7287238714449378,0.41637712859363285,0.05,,False,0.7847184904134136,1.275382132950063,,,,,,,,,,,,,,
US_DEFENSE_AEROSPACE,LHX,LMT,"L3Harris Technologies, Inc.",Lockheed Martin Corporation,-1.643427876669357,0.46047019444279064,0.05,,False,1.8680199299338285,-6.02751333582719,,,,,,,,,,,,,,
US_DEFENSE_AEROSPACE,LMT,RTX,Lockheed Martin Corporation,RTX Corporation,-1.534176737994815,0.51654198179849,0.05,,False,0.32481931837495676,4.583391290670952,,,,,,,,,,,,,,
US_DEFENSE_AEROSPACE,GD,LMT,General Dynamics Corporation,Lockheed Martin Corporation,-1.470829747641222,0.5478889510372359,0.05,,False,0.9537099775978692,-0.20617740775786153,,,,,,,,,,,,,,
US_DEFENSE_AEROSPACE,NOC,RTX,Northrop Grumman Corporation,RTX Corporation,-1.2912356363759436,0.6331724208772769,0.05,,False,0.6320761376334414,3.1326444962659,,,,,,,,,,,,,,
US_GOLD_MINERS,AEM,KGC,Agnico Eagle Mines Limited,Kinross Gold Corporation,-2.8380831499775137,0.05303640003990587,0.05,,False,0.7545685553656027,2.6884875496128453,,,,,,,,,,,,,,
US_GOLD_MINERS,AU,KGC,AngloGold Ashanti PLC,Kinross Gold Corporation,-2.8314327775159023,0.05392219943989135,0.05,,False,1.113119693165505,0.7193940435808996,,,,,,,,,,,,,,
US_GOLD_MINERS,AEM,AU,Agnico Eagle Mines Limited,AngloGold Ashanti PLC,-2.4258835675501356,0.134563820124105,0.05,,False,0.6759065796852272,2.208416660015515,,,,,,,,,,,,,,
US_GOLD_MINERS,AU,NEM,AngloGold Ashanti PLC,Newmont Corporation,-2.3970035574231834,0.14258391915149693,0.05,,False,1.4294663045197389,-2.131103718924631,,,,,,,,,,,,,,
US_GOLD_MINERS,KGC,NEM,Kinross Gold Corporation,Newmont Corporation,-1.8679754514777953,0.3472731342251567,0.05,,False,1.2873524835685568,-2.573988486797196,,,,,,,,,,,,,,
US_GOLD_MINERS,AEM,NEM,Agnico Eagle Mines Limited,Newmont Corporation,-1.662629427542629,0.4504624185312561,0.05,,False,0.9623464966108385,0.7840189737827705,,,,,,,,,,,,,,
US_GOLD_MINERS,GOLD,NEM,"Gold.com, Inc.",Newmont Corporation,-1.4876184656934177,0.5396271736365338,0.05,,False,0.5724338612569752,1.0162193910040909,,,,,,,,,,,,,,
US_GOLD_MINERS,AEM,GOLD,Agnico Eagle Mines Limited,"Gold.com, Inc.",-1.3164744602656435,0.6216019311981871,0.05,,False,2.1190289176859984,-2.4159226876911424,,,,,,,,,,,,,,
US_GOLD_MINERS,AU,GOLD,AngloGold Ashanti PLC,"Gold.com, Inc.",-1.259811571948601,0.6473522675322373,0.05,,False,3.816765147843369,-9.163629849765227,,,,,,,,,,,,,,
US_GOLD_MINERS,GOLD,KGC,"Gold.com, Inc.",Kinross Gold Corporation,-1.2322913873773753,0.6595528531356001,0.05,,False,0.28139300035776216,2.618071936107304,,,,,,,,,,,,,,
US_HOMEBUILDERS,LEN,NVR,Lennar Corporation,"NVR, Inc.",-3.6082693205710132,0.005604889859295849,0.05,,False,1.7325789205967317,-10.701552882642813,,,,,,,,,,,,,,
US_HOMEBUILDERS,DHI,PHM,"D.R. Horton, Inc.","PulteGroup, Inc.",-2.6433457164898586,0.08436535212367535,0.05,,False,1.2329286283999268,-0.8872087071528236,,,,,,,,,,,,,,
US_HOMEBUILDERS,KBH,NVR,KB Home,"NVR, Inc.",-2.401175933302106,0.14140478524558853,0.05,,False,1.3534809367910414,-7.988405684362272,,,,,,,,,,,,,,
US_HOMEBUILDERS,PHM,TOL,"PulteGroup, Inc.","Toll Brothers, Inc.",-2.3919883408329476,0.1440104201601547,0.05,,False,0.7764870690400972,0.9911849209059169,,,,,,,,,,,,,,
US_HOMEBUILDERS,KBH,LEN,KB Home,Lennar Corporation,-2.3418374240294777,0.158829257286755,0.05,,False,0.7740059430530963,0.406077720971016,,,,,,,,,,,,,,
US_HOMEBUILDERS,DHI,MTH,"D.R. Horton, Inc.",Meritage Homes Corporation,-1.9028025650165754,0.3307438464692416,0.05,,False,0.9498446004246521,0.9215589378610023,,,,,,,,,,,,,,
US_HOMEBUILDERS,KBH,MTH,KB Home,Meritage Homes Corporation,-1.8776612816311702,0.3426418071431987,0.05,,False,1.1840264936704266,-0.9585672549191244,,,,,,,,,,,,,,
US_HOMEBUILDERS,DHI,TOL,"D.R. Horton, Inc.","Toll Brothers, Inc.",-1.588052293411564,0.4895924273856134,0.05,,False,0.9540073479445623,0.35113968209797175,,,,,,,,,,,,,,
US_HOMEBUILDERS,LEN,PHM,Lennar Corporation,"PulteGroup, Inc.",-1.5398196521418508,0.5137292929029194,0.05,,False,3.36967261993249,-11.279751867540863,,,,,,,,,,,,,,
US_HOMEBUILDERS,MTH,PHM,Meritage Homes Corporation,"PulteGroup, Inc.",-1.455655840076098,0.5553227227423617,0.05,,False,1.463359578571304,-2.693107687153706,,,,,,,,,,,,,,
US_HOMEBUILDERS,LEN,MTH,Lennar Corporation,Meritage Homes Corporation,-1.4334554025303734,0.5661362939879588,0.05,,False,1.5605596163449316,-1.8952878128000386,,,,,,,,,,,,,,
US_HOMEBUILDERS,MTH,NVR,Meritage Homes Corporation,"NVR, Inc.",-1.357852696464391,0.6023071073835998,0.05,,False,1.1395851679909845,-5.905634146872727,,,,,,,,,,,,,,
US_HOMEBUILDERS,DHI,KBH,"D.R. Horton, Inc.",KB Home,-1.2609497268328473,0.6468432292343601,0.05,,False,0.7622412323793373,1.8552221469512502,,,,,,,,,,,,,,
US_HOMEBUILDERS,MTH,TOL,Meritage Homes Corporation,"Toll Brothers, Inc.",-1.2020151272839117,0.6727282548638033,0.05,,False,1.0030396671243016,-0.5940020419231526,,,,,,,,,,,,,,
US_HOMEBUILDERS,KBH,PHM,KB Home,"PulteGroup, Inc.",-1.162595083195704,0.6894759465328936,0.05,,False,1.9255097620536605,-5.067441716639751,,,,,,,,,,,,,,
US_HOMEBUILDERS,DHI,LEN,"D.R. Horton, Inc.",Lennar Corporation,-0.9831179526049513,0.7593717343464924,0.05,,False,0.510830807263073,2.5445069243338816,,,,,,,,,,,,,,
US_HOMEBUILDERS,LEN,TOL,Lennar Corporation,"Toll Brothers, Inc.",-0.9727380296798581,0.7630771829783938,0.05,,False,3.217912996903112,-10.867574470014919,,,,,,,,,,,,,,
US_HOMEBUILDERS,NVR,PHM,"NVR, Inc.","PulteGroup, Inc.",-0.7721124106944307,0.8271769146336082,0.05,,False,1.2739975470503933,2.867309933433061,,,,,,,,,,,,,,
US_HOMEBUILDERS,KBH,TOL,KB Home,"Toll Brothers, Inc.",-0.6235616061025828,0.8655687004863839,0.05,,False,1.4098183562223072,-2.7435707004284504,,,,,,,,,,,,,,
US_HOMEBUILDERS,DHI,NVR,"D.R. Horton, Inc.","NVR, Inc.",-0.39912194099071724,0.9102452785838104,0.05,,False,1.123099999641186,-5.051718264970671,,,,,,,,,,,,,,
US_HOMEBUILDERS,NVR,TOL,"NVR, Inc.","Toll Brothers, Inc.",0.4327495172256418,0.9826791977913109,0.05,,False,0.7233997302529247,5.424265684754898,,,,,,,,,,,,,,
US_INSURANCE,ALL,TRV,Allstate Corporation (The),"The Travelers Companies, Inc.",-5.311332503835145,5.187317843750027e-06,0.05,0.0030576736003661378,True,0.6785352944039056,1.4952784386920532,6.9335663721350285,0.00016268131173391925,-0.09996979092110529,21.0,-2.591422335063925,2.591422335063925,True,2026-09-21 00:00:00,1.0,-0.021651276173024227,-0.5545660440874465,-0.8185555840640686,False,mixed signal
US_INSURANCE,ALL,GL,Allstate Corporation (The),Globe Life Inc.,-4.85524876710762,4.258744731094747e-05,0.05,0.0030576736003661378,True,0.4526868262549654,3.083649340804697,7.796040321906696,4.54746945959509e-05,-0.08891015848291825,23.0,-3.3606607177625385,3.3606607177625385,True,2026-09-21 00:00:00,1.0,-0.015863884625911116,-0.7104401748238658,0.22914228512740742,False,mixed signal
US_INSURANCE,AIG,PRU,"American International Group, I","Prudential Financial, Inc.",-4.79769637848433,5.4940479698813555e-05,0.05,0.0030576736003661378,True,-0.6223030845680799,7.202993953966617,7.999401809978163,0.00019934044635930856,-0.08664987670644805,24.0,-1.313339660419609,2.6568329063030056,False,,1.0,-0.0022776852102644584,-0.5716939112304998,-0.49192470782455777,False,mixed signal
US_INSURANCE,ALL,PRU,Allstate Corporation (The),"Prudential Financial, Inc.",-3.8059405016699794,0.002847117337494644,0.05,0.0030576736003661378,True,-1.9810669561005696,14.43430979951663,12.420812019045602,0.0008939557475205578,-0.055805303187674016,37.0,-2.0901084897633204,2.5500419415693645,False,,0.8,0.003354819127598413,-0.46974430361857356,-0.5070344469768377,False,mixed signal
US_INSURANCE,HIG,PRU,"The Hartford Insurance Group, I","Prudential Financial, Inc.",-3.785642597559386,0.0030576736003661378,0.05,0.0030576736003661378,True,-2.7115582594369236,17.347898764527592,12.570738162510827,0.0007688686929129695,-0.05513973575768911,38.0,-1.765259524485596,2.6879316813086196,False,,0.6,0.01979740087951138,-0.004571860521095594,-0.16458272440006727,False,mixed signal
US_INSURANCE,AFL,PRU,AFLAC Incorporated,"Prudential Financial, Inc.",-3.6364192282519756,0.005101748912525983,0.05,0.0030576736003661378,False,-1.27428200138502,10.548320174977693,,,,,,,,,,,,,,
US_INSURANCE,GL,PRU,Globe Life Inc.,"Prudential Financial, Inc.",-3.4809248929955396,0.008490712152912805,0.05,0.0030576736003661378,False,-5.668534781043213,31.057839151601286,,,,,,,,,,,,,,
US_INSURANCE,PRU,TRV,"Prudential Financial, Inc.","The Travelers Companies, Inc.",-3.471914108169966,0.008738385445863675,0.05,0.0030576736003661378,False,-0.2717909406608573,6.138854963644743,,,,,,,,,,,,,,
US_INSURANCE,AFL,PGR,AFLAC Incorporated,Progressive Corporation (The),-3.4696744047595662,0.008800943909387316,0.05,0.0030576736003661378,False,-0.08835749210060005,5.125751126793644,,,,,,,,,,,,,,
US_INSURANCE,AFL,TRV,AFLAC Incorporated,"The Travelers Companies, Inc.",-3.4402128429023606,0.009662059672174244,0.05,0.0030576736003661378,False,0.5090556115318173,1.822609229663974,,,,,,,,,,,,,,
US_INSURANCE,AIG,UNM,"American International Group, I",Unum Group,-3.4011928733053165,0.010918273795302089,0.05,0.0030576736003661378,False,0.21853956409004,3.3926738636755456,,,,,,,,,,,,,,
US_INSURANCE,PRU,UNM,"Prudential Financial, Inc.",Unum Group,-3.3919806305299933,0.011235308193269332,0.05,0.0030576736003661378,False,-0.15857005644955952,5.304344087292822,,,,,,,,,,,,,,
US_INSURANCE,GL,TRV,Globe Life Inc.,"The Travelers Companies, Inc.",-3.344675928247861,0.012995804610961252,0.05,0.0030576736003661378,False,1.482817385443048,-3.419468082360833,,,,,,,,,,,,,,
US_INSURANCE,AFL,CB,AFLAC Incorporated,Chubb Limited,-3.3254804529610067,0.01377721374525102,0.05,0.0030576736003661378,False,0.847530737336867,-0.14774967683746176,,,,,,,,,,,,,,
US_INSURANCE,AFL,ALL,AFLAC Incorporated,Allstate Corporation (The),-3.322604416267804,0.013897800900050866,0.05,0.0030576736003661378,False,0.79130494652788,0.48469481878229725,,,,,,,,,,,,,,
US_INSURANCE,AIG,GL,"American International Group, I",Globe Life Inc.,-3.3085266807081646,0.014501607374447318,0.05,0.0030576736003661378,False,0.16587485087108658,3.523587479464061,,,,,,,,,,,,,,
US_INSURANCE,CB,PRU,Chubb Limited,"Prudential Financial, Inc.",-3.287956020959236,0.015425499732108123,0.05,0.0030576736003661378,False,-1.7955011849706481,13.972254888187216,,,,,,,,,,,,,,
US_INSURANCE,AIG,LNC,"American International Group, I",Lincoln National Corporation,-3.253754755901361,0.017076505444234474,0.05,0.0030576736003661378,False,0.21383972659270292,3.5698518076012813,,,,,,,,,,,,,,
US_INSURANCE,AFL,GL,AFLAC Incorporated,Globe Life Inc.,-3.2361925324030367,0.01798299784748208,0.05,0.0030576736003661378,False,0.3305976894755152,3.057637022717508,,,,,,,,,,,,,,
US_INSURANCE,HIG,PGR,"The Hartford Insurance Group, I",Progressive Corporation (The),-3.2027305553540435,0.019827167008290306,0.05,0.0030576736003661378,False,-1.2525828004568924,11.566976675343138,,,,,,,,,,,,,,
US_INSURANCE,ALL,LNC,Allstate Corporation (The),Lincoln National Corporation,-3.192787903533506,0.020405957526136574,0.05,0.0030576736003661378,False,0.47595967265131717,3.588204702306668,,,,,,,,,,,,,,
US_INSURANCE,MET,UNM,"MetLife, Inc.",Unum Group,-3.1673014728577478,0.02195714578918127,0.05,0.0030576736003661378,False,0.2665548531630897,3.195795798073435,,,,,,,,,,,,,,
US_INSURANCE,AIG,HIG,"American International Group, I","The Hartford Insurance Group, I",-3.143619481024503,0.023489083091651757,0.05,0.0030576736003661378,False,0.375470219777908,2.5221237294499117,,,,,,,,,,,,,,
US_INSURANCE,AIG,TRV,"American International Group, I","The Travelers Companies, Inc.",-3.119021313271361,0.025177177113529348,0.05,0.0030576736003661378,False,0.2773943603350946,2.7819352300207463,,,,,,,,,,,,,,
US_INSURANCE,AIG,PGR,"American International Group, I",Progressive Corporation (The),-3.111014465128981,0.02574873417175607,0.05,0.0030576736003661378,False,0.2894211693162725,2.7561038784951024,,,,,,,,,,,,,,
US_INSURANCE,CB,PGR,Chubb Limited,Progressive Corporation (The),-3.094948870479117,0.026929259968021733,0.05,0.0030576736003661378,False,-0.4626540407136459,8.160645890834658,,,,,,,,,,,,,,
US_INSURANCE,AIG,ALL,"American International Group, I",Allstate Corporation (The),-3.0763260433082493,0.028355500408878926,0.05,0.0030576736003661378,False,0.4828227971719931,1.7812718696798018,,,,,,,,,,,,,,
US_INSURANCE,LNC,PRU,Lincoln National Corporation,"Prudential Financial, Inc.",-3.0660898770137273,0.02916660810907698,0.05,0.0030576736003661378,False,-21.783422362865792,104.38124738631308,,,,,,,,,,,,,,
US_INSURANCE,ALL,UNM,Allstate Corporation (The),Unum Group,-3.0382913504793474,0.03146992615625079,0.05,0.0030576736003661378,False,0.47391839838568134,3.2469799418929473,,,,,,,,,,,,,,
US_INSURANCE,AFL,LNC,AFLAC Incorporated,Lincoln National Corporation,-3.0202593888658633,0.03304525650760545,0.05,0.0030576736003661378,False,0.3157059423572569,3.5381961518217544,,,,,,,,,,,,,,
US_INSURANCE,GL,MET,Globe Life Inc.,"MetLife, Inc.",-2.9502410104641745,0.03980984840751277,0.05,0.0030576736003661378,False,5.201541382163875,-17.705543743577365,,,,,,,,,,,,,,
US_INSURANCE,PGR,PRU,Progressive Corporation (The),"Prudential Financial, Inc.",-2.907638472510193,0.044466930120329866,0.05,0.0030576736003661378,False,466.4855277654751,-2154.6150392503537,,,,,,,,,,,,,,
US_INSURANCE,PGR,TRV,Progressive Corporation (The),"The Travelers Companies, Inc.",-2.821714180751991,0.05523837043148943,0.05,0.0030576736003661378,False,-0.3282115307398068,7.2301774150211156,,,,,,,,,,,,,,
US_INSURANCE,HIG,LNC,"The Hartford Insurance Group, I",Lincoln National Corporation,-2.797170663902158,0.05867905653658546,0.05,0.0030576736003661378,False,0.6681651346495091,2.443736219769634,,,,,,,,,,,,,,
US_INSURANCE,AFL,HIG,AFLAC Incorporated,"The Hartford Insurance Group, I",-2.7073076464720813,0.07278224120236232,0.05,0.0030576736003661378,False,0.6014991143050898,1.7653278792356475,,,,,,,,,,,,,,
US_INSURANCE,AIG,CB,"American International Group, I",Chubb Limited,-2.6954638725051083,0.07482651186762682,0.05,0.0030576736003661378,False,0.3941285035542621,2.0913600054454897,,,,,,,,,,,,,,
US_INSURANCE,AFL,AIG,AFLAC Incorporated,"American International Group, I",-2.689824325318653,0.07581571800806527,0.05,0.0030576736003661378,False,2.036571006151232,-4.153119776656934,,,,,,,,,,,,,,
US_INSURANCE,AFL,UNM,AFLAC Incorporated,Unum Group,-2.685828348041344,0.07652285214100879,0.05,0.0030576736003661378,False,0.305294453693013,3.3503549113484916,,,,,,,,,,,,,,
US_INSURANCE,LNC,PGR,Lincoln National Corporation,Progressive Corporation (The),-2.670888905840788,0.07921264227527552,0.05,0.0030576736003661378,False,-3.718524758521669,23.626909894334162,,,,,,,,,,,,,,
US_INSURANCE,ALL,MET,Allstate Corporation (The),"MetLife, Inc.",-2.664567159663833,0.08037293597253092,0.05,0.0030576736003661378,False,1.658208574655444,-1.9166775309163846,,,,,,,,,,,,,,
US_INSURANCE,LNC,MET,Lincoln National Corporation,"MetLife, Inc.",-2.632326292272641,0.08649841917059825,0.05,0.0030576736003661378,False,4.23227488453111,-14.805201580616874,,,,,,,,,,,,,,
US_INSURANCE,MET,PGR,"MetLife, Inc.",Progressive Corporation (The),-2.629228836984311,0.08710546810631142,0.05,0.0030576736003661378,False,0.2456518701073598,3.0000223767830354,,,,,,,,,,,,,,
US_INSURANCE,AFL,MET,AFLAC Incorporated,"MetLife, Inc.",-2.6284670499544833,0.08725526967075603,0.05,0.0030576736003661378,False,1.1382267752792714,-0.27913343468186547,,,,,,,,,,,,,,
US_INSURANCE,MET,TRV,"MetLife, Inc.","The Travelers Companies, Inc.",-2.562886340645781,0.10091304662517636,0.05,0.0030576736003661378,False,0.2781231861789306,2.785077753845635,,,,,,,,,,,,,,
US_INSURANCE,LNC,TRV,Lincoln National Corporation,"The Travelers Companies, Inc.",-2.5598955810578983,0.10157250906274917,0.05,0.0030576736003661378,False,1.2300598890935668,-3.311948066700283,,,,,,,,,,,,,,
US_INSURANCE,ALL,PGR,Allstate Corporation (The),Progressive Corporation (The),-2.534347475433747,0.10733927262867615,0.05,0.0030576736003661378,False,0.12709175934547218,4.5737493247576,,,,,,,,,,,,,,
US_INSURANCE,HIG,MET,"The Hartford Insurance Group, I","MetLife, Inc.",-2.4780128018760967,0.12091610815204418,0.05,0.0030576736003661378,False,3.4640136689969276,-10.202280837333948,,,,,,,,,,,,,,
US_INSURANCE,GL,LNC,Globe Life Inc.,Lincoln National Corporation,-2.477886553044023,0.12094788839657833,0.05,0.0030576736003661378,False,1.3257477938411073,0.15032055138658418,,,,,,,,,,,,,,
US_INSURANCE,ALL,CB,Allstate Corporation (The),Chubb Limited,-2.382149035717964,0.14683822529914237,0.05,0.0030576736003661378,False,1.0894275782363232,-0.9032033069798535,,,,,,,,,,,,,,
US_INSURANCE,CB,MET,Chubb Limited,"MetLife, Inc.",-2.355610469026799,0.1546588071664201,0.05,0.0030576736003661378,False,2.3110581305588105,-4.345446996842294,,,,,,,,,,,,,,
US_INSURANCE,CB,GL,Chubb Limited,Globe Life Inc.,-2.3468717753685167,0.1572959919828012,0.05,0.0030576736003661378,False,0.35373824827303146,3.956798847995386,,,,,,,,,,,,,,
US_INSURANCE,ALL,HIG,Allstate Corporation (The),"The Hartford Insurance Group, I",-2.2966347054345473,0.17305564332306622,0.05,0.0030576736003661378,False,0.7961466887363213,1.445807519065784,,,,,,,,,,,,,,
US_INSURANCE,GL,PGR,Globe Life Inc.,Progressive Corporation (The),-2.2566360677743313,0.18633516039783887,0.05,0.0030576736003661378,False,-11.218393459034019,65.486043441895,,,,,,,,,,,,,,
US_INSURANCE,TRV,UNM,"The Travelers Companies, Inc.",Unum Group,-2.234058894797551,0.19411701970561557,0.05,0.0030576736003661378,False,0.7166892135628851,2.5040467640967807,,,,,,,,,,,,,,
US_INSURANCE,AIG,MET,"American International Group, I","MetLife, Inc.",-2.217920288901698,0.19980583187786727,0.05,0.0030576736003661378,False,0.5951225562945601,1.7453881499864035,,,,,,,,,,,,,,
US_INSURANCE,HIG,TRV,"The Hartford Insurance Group, I","The Travelers Companies, Inc.",-2.13718694165742,0.22982674141011888,0.05,0.0030576736003661378,False,0.8443838291249186,0.10592946753050292,,,,,,,,,,,,,,
US_INSURANCE,MET,PRU,"MetLife, Inc.","Prudential Financial, Inc.",-2.1143691811931347,0.2387760737229418,0.05,0.0030576736003661378,False,0.8930464611735704,0.19347748272442278,,,,,,,,,,,,,,
US_INSURANCE,GL,UNM,Globe Life Inc.,Unum Group,-2.0779839693006537,0.25345900175839176,0.05,0.0030576736003661378,False,1.1240673755083936,0.03284561226589311,,,,,,,,,,,,,,
US_INSURANCE,CB,TRV,Chubb Limited,"The Travelers Companies, Inc.",-2.039207028635592,0.2696510515442314,0.05,0.0030576736003661378,False,0.6011232804316353,2.3221063653577496,,,,,,,,,,,,,,
US_INSURANCE,GL,HIG,Globe Life Inc.,"The Hartford Insurance Group, I",-1.905788127020144,0.3293431116024782,0.05,0.0030576736003661378,False,1.8001897034782153,-3.816807623540045,,,,,,,,,,,,,,
US_INSURANCE,LNC,UNM,Lincoln National Corporation,Unum Group,-1.8931014475629189,0.33531333453909484,0.05,0.0030576736003661378,False,0.8192786974450282,0.03292099239372659,,,,,,,,,,,,,,
US_INSURANCE,CB,UNM,Chubb Limited,Unum Group,-1.8624098555989184,0.3499459624688572,0.05,0.0030576736003661378,False,0.31546861764713097,4.317585873551418,,,,,,,,,,,,,,
US_INSURANCE,HIG,UNM,"The Hartford Insurance Group, I",Unum Group,-1.6431836710409984,0.46059772070818966,0.05,0.0030576736003661378,False,0.5456839144797451,2.473083473623544,,,,,,,,,,,,,,
US_INSURANCE,CB,LNC,Chubb Limited,Lincoln National Corporation,-1.6006953152266965,0.48324417962946803,0.05,0.0030576736003661378,False,0.3169996532780854,4.544120214623282,,,,,,,,,,,,,,
US_INSURANCE,CB,HIG,Chubb Limited,"The Hartford Insurance Group, I",-1.5080308281108685,0.5295349283740408,0.05,0.0030576736003661378,False,0.7150413119390066,2.2316769356852806,,,,,,,,,,,,,,
US_INSURANCE,PGR,UNM,Progressive Corporation (The),Unum Group,-1.2853868091838883,0.6358310671038402,0.05,0.0030576736003661378,False,0.2092335080278362,4.519363515579265,,,,,,,,,,,,,,
US_MEDIA_TELECOM,CMCSA,VZ,Comcast Corporation,Verizon Communications Inc.,-2.77471561356862,0.06197721439095464,0.05,,False,-1.759668657684716,9.89427169124278,,,,,,,,,,,,,,
US_MEDIA_TELECOM,CHTR,TMUS,"Charter Communications, Inc.","T-Mobile US, Inc.",-2.521167919432707,0.11040852147044483,0.05,,False,4.831545424594313,-20.248048410186357,,,,,,,,,,,,,,
US_MEDIA_TELECOM,CHTR,VZ,"Charter Communications, Inc.",Verizon Communications Inc.,-2.514711710483515,0.11193571686417958,0.05,,False,-5.201760844351348,24.81430079021158,,,,,,,,,,,,,,
US_MEDIA_TELECOM,CMCSA,TMUS,Comcast Corporation,"T-Mobile US, Inc.",-2.3033961680268153,0.17087497922237033,0.05,,False,1.443829321044496,-4.328016851748907,,,,,,,,,,,,,,
US_MEDIA_TELECOM,CHTR,T,"Charter Communications, Inc.",AT&T Inc.,-2.0506464025411786,0.2648170433674266,0.05,,False,-6.883918701859744,27.361918368030743,,,,,,,,,,,,,,
US_MEDIA_TELECOM,CHTR,CMCSA,"Charter Communications, Inc.",Comcast Corporation,-1.9457894273090626,0.3108361703645486,0.05,,False,2.9025930087809892,-4.251694514986894,,,,,,,,,,,,,,
US_MEDIA_TELECOM,TMUS,VZ,"T-Mobile US, Inc.",Verizon Communications Inc.,-1.7449064594270653,0.40813634416359496,0.05,,False,15.525833110065234,-51.84911582113738,,,,,,,,,,,,,,
US_MEDIA_TELECOM,CMCSA,T,Comcast Corporation,AT&T Inc.,-1.5795093439584598,0.4938779278624577,0.05,,False,-0.6966106230402817,5.607745734859436,,,,,,,,,,,,,,
US_MEDIA_TELECOM,T,TMUS,AT&T Inc.,"T-Mobile US, Inc.",-1.0828809911800057,0.7218502647473777,0.05,,False,1.5089430230384675,-4.932922797203215,,,,,,,,,,,,,,
US_MEDIA_TELECOM,T,VZ,AT&T Inc.,Verizon Communications Inc.,-0.9947569022906242,0.7551717937115209,0.05,,False,1.9239256134887015,-3.93475308695561,,,,,,,,,,,,,,
US_OIL_GAS,PSX,VLO,Phillips 66,Valero Energy Corporation,-3.7624091891471436,0.003316203172849152,0.05,,False,0.6214600228201846,1.734327928185297,,,,,,,,,,,,,,
US_OIL_GAS,PSX,XOM,Phillips 66,ExxonMobil Holdings Corporation,-3.3276147380486725,0.013688325617272274,0.05,,False,1.0818198059819848,-0.277727636301357,,,,,,,,,,,,,,
US_OIL_GAS,EOG,OXY,"EOG Resources, Inc.",Occidental Petroleum Corporatio,-3.152243918773732,0.022920816473578128,0.05,,False,0.5768103774117536,2.537005961701857,,,,,,,,,,,,,,
US_OIL_GAS,FANG,OXY,"Diamondback Energy, Inc.",Occidental Petroleum Corporatio,-3.1267298480449783,0.0246372659624369,0.05,,False,1.0061293247719134,1.1837738415300274,,,,,,,,,,,,,,
US_OIL_GAS,APA,DVN,APA Corporation,Devon Energy Corporation,-3.120299354658774,0.025086964045982475,0.05,,False,1.765423021055795,-3.202882562726752,,,,,,,,,,,,,,
US_OIL_GAS,APA,PSX,APA Corporation,Phillips 66,-3.074997252108477,0.028459691502916197,0.05,,False,1.7380877922672704,-5.288332947256665,,,,,,,,,,,,,,
US_OIL_GAS,DVN,XOM,Devon Energy Corporation,ExxonMobil Holdings Corporation,-3.0616431714489023,0.029525087440401648,0.05,,False,1.07877825198616,-1.5198098385990182,,,,,,,,,,,,,,
US_OIL_GAS,COP,DVN,ConocoPhillips,Devon Energy Corporation,-2.927899010725752,0.04219858343125433,0.05,,False,0.7422137681199426,1.9103301163966493,,,,,,,,,,,,,,
US_OIL_GAS,VLO,XOM,Valero Energy Corporation,ExxonMobil Holdings Corporation,-2.7151446617427992,0.07145404548001592,0.05,,False,1.7700487528292612,-3.376672091497989,,,,,,,,,,,,,,
US_OIL_GAS,COP,FANG,ConocoPhillips,"Diamondback Energy, Inc.",-2.6914479635445963,0.07552987231919236,0.05,,False,0.8111179609490223,0.47433171460456425,,,,,,,,,,,,,,
US_OIL_GAS,MPC,VLO,Marathon Petroleum Corporation,Valero Energy Corporation,-2.6659423231659667,0.08011941298127978,0.05,,False,0.7549807027935325,1.3438815285995878,,,,,,,,,,,,,,
US_OIL_GAS,COP,OXY,ConocoPhillips,Occidental Petroleum Corporatio,-2.6616961787183024,0.08090424858452294,0.05,,False,0.8135547336944577,1.4442974166464824,,,,,,,,,,,,,,
US_OIL_GAS,APA,XOM,APA Corporation,ExxonMobil Holdings Corporation,-2.600547602055278,0.0928841420400231,0.05,,False,1.9602916746727557,-6.150958078959812,,,,,,,,,,,,,,
US_OIL_GAS,COP,XOM,ConocoPhillips,ExxonMobil Holdings Corporation,-2.5511967244232685,0.10350913487335262,0.05,,False,0.7611967037522169,0.9698413148744649,,,,,,,,,,,,,,
US_OIL_GAS,APA,CVX,APA Corporation,Chevron Corporation,-2.5018592096257124,0.11502261410112341,0.05,,False,2.473481705071779,-9.23825550714465,,,,,,,,,,,,,,
US_OIL_GAS,CVX,VLO,Chevron Corporation,Valero Energy Corporation,-2.4888568313620985,0.11820917311819457,0.05,,False,0.46612197526483407,2.6675812029563084,,,,,,,,,,,,,,
US_OIL_GAS,EOG,FANG,"EOG Resources, Inc.","Diamondback Energy, Inc.",-2.4743069000955358,0.12185153329207365,0.05,,False,0.5488750631317586,1.982116311493125,,,,,,,,,,,,,,
US_OIL_GAS,COP,EOG,ConocoPhillips,"EOG Resources, Inc.",-2.459978429547671,0.12551807573723622,0.05,,False,1.3766685335338094,-1.973125772399178,,,,,,,,,,,,,,
US_OIL_GAS,EOG,VLO,"EOG Resources, Inc.",Valero Energy Corporation,-2.4292761687038573,0.1336433202391354,0.05,,False,0.19119628147296003,3.8020642343981015,,,,,,,,,,,,,,
US_OIL_GAS,APA,COP,APA Corporation,ConocoPhillips,-2.428990846705816,0.13372056095170975,0.05,,False,2.4591548434581854,-8.116157432857364,,,,,,,,,,,,,,
US_OIL_GAS,OXY,XOM,Occidental Petroleum Corporatio,ExxonMobil Holdings Corporation,-2.423035938767382,0.13533995502232377,0.05,,False,0.9378890209322546,-0.5938563200214007,,,,,,,,,,,,,,
US_OIL_GAS,CVX,XOM,Chevron Corporation,ExxonMobil Holdings Corporation,-2.40784073915056,0.13953563625282528,0.05,,False,0.8334103042873351,1.053975989472796,,,,,,,,,,,,,,
US_OIL_GAS,DVN,PSX,Devon Energy Corporation,Phillips 66,-2.40075401748246,0.14152370591400065,0.05,,False,0.9834132249482247,-1.1759139820618145,,,,,,,,,,,,,,
US_OIL_GAS,MPC,PSX,Marathon Petroleum Corporation,Phillips 66,-2.3542891530740424,0.1550555819125926,0.05,,False,1.2205488686773516,-0.7907638236931342,,,,,,,,,,,,,,
US_OIL_GAS,DVN,VLO,Devon Energy Corporation,Valero Energy Corporation,-2.34495463400897,0.15787867154927804,0.05,,False,0.5301034500128597,0.9372981110796883,,,,,,,,,,,,,,
US_OIL_GAS,CVX,PSX,Chevron Corporation,Phillips 66,-2.344582416980805,0.15799197198369996,0.05,,False,0.7634058551980961,1.301817128789247,,,,,,,,,,,,,,
US_OIL_GAS,APA,VLO,APA Corporation,Valero Energy Corporation,-2.315108162888197,0.16714157657580875,0.05,,False,1.0619190539113281,-2.18221184134989,,,,,,,,,,,,,,
US_OIL_GAS,EOG,MPC,"EOG Resources, Inc.",Marathon Petroleum Corporation,-2.302265696282302,0.1712382806190595,0.05,,False,0.27030495737736443,3.374029986894272,,,,,,,,,,,,,,
US_OIL_GAS,DVN,EOG,Devon Energy Corporation,"EOG Resources, Inc.",-2.292459887296696,0.17441134122330726,0.05,,False,2.1458844601713825,-6.61884053207959,,,,,,,,,,,,,,
US_OIL_GAS,APA,EOG,APA Corporation,"EOG Resources, Inc.",-2.288272584445443,0.1757781972844089,0.05,,False,4.230529038935008,-16.99414741285721,,,,,,,,,,,,,,
US_OIL_GAS,DVN,FANG,Devon Energy Corporation,"Diamondback Energy, Inc.",-2.2411697620740485,0.19164381796147395,0.05,,False,1.1002036973475726,-1.972088486607424,,,,,,,,,,,,,,
US_OIL_GAS,COP,VLO,ConocoPhillips,Valero Energy Corporation,-2.164409498465693,0.21941531326190106,0.05,,False,0.3596229739483035,2.776146351856969,,,,,,,,,,,,,,
US_OIL_GAS,EOG,PSX,"EOG Resources, Inc.",Phillips 66,-2.1361114520015256,0.23024402484481465,0.05,,False,0.4159466978435249,2.742186737633532,,,,,,,,,,,,,,
US_OIL_GAS,COP,PSX,ConocoPhillips,Phillips 66,-2.1199015508855994,0.23658775000099164,0.05,,False,0.6911419074364631,1.2259323316106707,,,,,,,,,,,,,,
US_OIL_GAS,OXY,VLO,Occidental Petroleum Corporatio,Valero Energy Corporation,-2.10249210164107,0.24351369643038928,0.05,,False,0.34679340955192217,2.116131979294387,,,,,,,,,,,,,,
US_OIL_GAS,CVX,DVN,Chevron Corporation,Devon Energy Corporation,-2.0973438549519705,0.24558399129203845,0.05,,False,0.7177491211178463,2.425584505016038,,,,,,,,,,,,,,
US_OIL_GAS,MPC,XOM,Marathon Petroleum Corporation,ExxonMobil Holdings Corporation,-2.0886682848465665,0.24909548631903833,0.05,,False,1.3562237872970957,-1.2998135335450085,,,,,,,,,,,,,,
US_OIL_GAS,APA,FANG,APA Corporation,"Diamondback Energy, Inc.",-2.0783520931828114,0.25330794676911994,0.05,,False,2.0635982618742217,-7.299046700375637,,,,,,,,,,,,,,
US_OIL_GAS,EOG,XOM,"EOG Resources, Inc.",ExxonMobil Holdings Corporation,-2.066273061689834,0.2582907713716768,0.05,,False,0.4583640940589608,2.586845805869108,,,,,,,,,,,,,,
US_OIL_GAS,APA,OXY,APA Corporation,Occidental Petroleum Corporatio,-2.044463595818629,0.2674238624501182,0.05,,False,2.154983439905441,-5.160168563231526,,,,,,,,,,,,,,
US_OIL_GAS,DVN,OXY,Devon Energy Corporation,Occidental Petroleum Corporatio,-2.0294439305455163,0.27381401606601874,0.05,,False,1.1114723283980485,-0.6871649398167818,,,,,,,,,,,,,,
US_OIL_GAS,FANG,XOM,"Diamondback Energy, Inc.",ExxonMobil Holdings Corporation,-2.014125547390979,0.2804140894586974,0.05,,False,0.9537329569831023,0.5383325349411132,,,,,,,,,,,,,,
US_OIL_GAS,DVN,MPC,Devon Energy Corporation,Marathon Petroleum Corporation,-2.012749651355592,0.28101095294653167,0.05,,False,0.7485378432967074,-0.24482979054206444,,,,,,,,,,,,,,
US_OIL_GAS,CVX,OXY,Chevron Corporation,Occidental Petroleum Corporatio,-1.9876943002290952,0.2919946482696084,0.05,,False,0.7625042335644074,2.0684673521941077,,,,,,,,,,,,,,
US_OIL_GAS,CVX,EOG,Chevron Corporation,"EOG Resources, Inc.",-1.9474569925242042,0.31007546940282943,0.05,,False,1.6356894636998995,-2.7799363490184543,,,,,,,,,,,,,,
US_OIL_GAS,COP,CVX,ConocoPhillips,Chevron Corporation,-1.9450327943322583,0.3111816190309195,0.05,,False,0.9379763763995167,-0.11622941657325736,,,,,,,,,,,,,,
US_OIL_GAS,FANG,VLO,"Diamondback Energy, Inc.",Valero Energy Corporation,-1.9279375496245812,0.319034668738736,0.05,,False,0.3811611967713485,3.1507073402910355,,,,,,,,,,,,,,
US_OIL_GAS,OXY,PSX,Occidental Petroleum Corporatio,Phillips 66,-1.9265844136032442,0.3196601456645053,0.05,,False,0.8405554603400944,-0.22477503360504736,,,,,,,,,,,,,,
US_OIL_GAS,CVX,MPC,Chevron Corporation,Marathon Petroleum Corporation,-1.9240468220541738,0.3208346463564154,0.05,,False,0.5975582462398357,1.9398638974310742,,,,,,,,,,,,,,
US_OIL_GAS,COP,MPC,ConocoPhillips,Marathon Petroleum Corporation,-1.907259784364498,0.3286536242386441,0.05,,False,0.4857228538896822,2.0877397156359137,,,,,,,,,,,,,,
US_OIL_GAS,FANG,PSX,"Diamondback Energy, Inc.",Phillips 66,-1.9019633164380727,0.331138069138617,0.05,,False,0.8575372095519557,0.9001275743661754,,,,,,,,,,,,,,
US_OIL_GAS,MPC,OXY,Marathon Petroleum Corporation,Occidental Petroleum Corporatio,-1.8842578186700074,0.33950258069676065,0.05,,False,1.8198296097580362,-1.8840582926043998,,,,,,,,,,,,,,
US_OIL_GAS,APA,MPC,APA Corporation,Marathon Petroleum Corporation,-1.8287944913014162,0.36626261112069414,0.05,,False,1.4657993458660135,-4.377057491386529,,,,,,,,,,,,,,
US_OIL_GAS,FANG,MPC,"Diamondback Energy, Inc.",Marathon Petroleum Corporation,-1.6633194417887474,0.4501035405863759,0.05,,False,0.5757917442269664,2.107567945028427,,,,,,,,,,,,,,
US_OIL_GAS,CVX,FANG,Chevron Corporation,"Diamondback Energy, Inc.",-1.6047936239524068,0.4811850659721557,0.05,,False,0.7557059415134134,1.1822453154776773,,,,,,,,,,,,,,
US_PAYMENTS,AXP,SYF,American Express Company,Synchrony Financial,-2.9812074923089282,0.03668704496845463,0.05,,False,0.7014831157890852,2.7953819716103614,,,,,,,,,,,,,,
US_PAYMENTS,SYF,V,Synchrony Financial,Visa Inc.,-1.702996420343038,0.4295692960111228,0.05,,False,2.6495209616287445,-11.129856083996142,,,,,,,,,,,,,,
US_PAYMENTS,AXP,V,American Express Company,Visa Inc.,-1.6200541748349637,0.4727008962316685,0.05,,False,1.622492641781505,-3.6518006942616683,,,,,,,,,,,,,,
US_PAYMENTS,MA,SYF,Mastercard Incorporated,Synchrony Financial,-1.5639654383841766,0.5016651573449086,0.05,,False,0.2860971567065269,5.077444111676609,,,,,,,,,,,,,,
US_PAYMENTS,MA,V,Mastercard Incorporated,Visa Inc.,-1.4210975582936707,0.5721209402213806,0.05,,False,0.8049900954727823,1.6226231862127065,,,,,,,,,,,,,,
US_PAYMENTS,AXP,MA,American Express Company,Mastercard Incorporated,-1.3213932486225337,0.6193289366284451,0.05,,False,2.1303014861514136,-7.640688977196303,,,,,,,,,,,,,,
US_PHARMA,MRK,PFE,"Merck & Company, Inc.","Pfizer, Inc.",-4.734443832010432,7.247005547877549e-05,0.05,7.247005547877549e-05,True,2.604512236315496,-3.7137224002081073,9.175847683076109,-0.00038877466265958903,-0.07554039741073544,28.0,1.153271498140507,3.79256533099727,False,,0.4,0.014869936020362372,0.2918591064190552,0.4890777117904437,False,mixed signal
US_PHARMA,AMGN,LLY,Amgen Inc.,Eli Lilly and Company,-3.562802393581068,0.006513305987824076,0.05,7.247005547877549e-05,False,0.7209071512685044,0.8286096942332621,,,,,,,,,,,,,,
US_PHARMA,BMY,MRK,Bristol-Myers Squibb Company,"Merck & Company, Inc.",-3.4086802292379037,0.010666498471369494,0.05,7.247005547877549e-05,False,0.49989224075261174,1.6177397484017666,,,,,,,,,,,,,,
US_PHARMA,AMGN,PFE,Amgen Inc.,"Pfizer, Inc.",-3.250903502932335,0.0172208963092577,0.05,7.247005547877549e-05,False,1.6592011208142203,0.43562059673499043,,,,,,,,,,,,,,
US_PHARMA,BMY,LLY,Bristol-Myers Squibb Company,Eli Lilly and Company,-3.1364291359225644,0.023972119588355597,0.05,7.247005547877549e-05,False,0.8680390795288193,-1.9751638028005192,,,,,,,,,,,,,,
US_PHARMA,AMGN,JNJ,Amgen Inc.,Johnson & Johnson,-3.073661472064636,0.028564760338007537,0.05,7.247005547877549e-05,False,0.4845641165671614,3.208916752537456,,,,,,,,,,,,,,
US_PHARMA,AMGN,MRK,Amgen Inc.,"Merck & Company, Inc.",-3.036360853589158,0.03163547182382364,0.05,7.247005547877549e-05,False,0.5409538087118311,3.2393182952282276,,,,,,,,,,,,,,
US_PHARMA,LLY,PFE,Eli Lilly and Company,"Pfizer, Inc.",-3.020938956930726,0.032984697399885195,0.05,7.247005547877549e-05,False,2.65594231939886,-1.6704883274691706,,,,,,,,,,,,,,
US_PHARMA,ABBV,JNJ,AbbVie Inc.,Johnson & Johnson,-2.9514025179535093,0.03968882228590822,0.05,7.247005547877549e-05,False,0.5520147613708515,2.419043541857265,,,,,,,,,,,,,,
US_PHARMA,LLY,MRK,Eli Lilly and Company,"Merck & Company, Inc.",-2.9088530101937464,0.044328155950667,0.05,7.247005547877549e-05,False,0.7680394307804349,3.2635212774025337,,,,,,,,,,,,,,
US_PHARMA,JNJ,LLY,Johnson & Johnson,Eli Lilly and Company,-2.843182007715055,0.052365347448086075,0.05,7.247005547877549e-05,False,1.6427202108110908,-5.960409745475526,,,,,,,,,,,,,,
US_PHARMA,ABBV,LLY,AbbVie Inc.,Eli Lilly and Company,-2.824775359838226,0.05482100450199368,0.05,7.247005547877549e-05,False,0.7439809730685983,0.23003402271028328,,,,,,,,,,,,,,
US_PHARMA,JNJ,PFE,Johnson & Johnson,"Pfizer, Inc.",-2.7755552851804315,0.061851249992771085,0.05,7.247005547877549e-05,False,4.504034255846377,-9.152492725486638,,,,,,,,,,,,,,
US_PHARMA,JNJ,MRK,Johnson & Johnson,"Merck & Company, Inc.",-2.5833267343289696,0.09649248950091877,0.05,7.247005547877549e-05,False,1.3683124860688487,-1.0852775860565052,,,,,,,,,,,,,,
US_PHARMA,ABBV,GILD,AbbVie Inc.,"Gilead Sciences, Inc.",-2.5512612624317135,0.10349466495087084,0.05,7.247005547877549e-05,False,0.44512380862301754,3.197211903365639,,,,,,,,,,,,,,
US_PHARMA,GILD,PFE,"Gilead Sciences, Inc.","Pfizer, Inc.",-2.451055194440961,0.1278416531502865,0.05,7.247005547877549e-05,False,23.42714132862086,-69.75289713134997,,,,,,,,,,,,,,
US_PHARMA,BMY,PFE,Bristol-Myers Squibb Company,"Pfizer, Inc.",-2.3296760941639483,0.16257536621991975,0.05,7.247005547877549e-05,False,3.9126034111506174,-8.528564920952938,,,,,,,,,,,,,,
US_PHARMA,ABBV,PFE,AbbVie Inc.,"Pfizer, Inc.",-2.3159940835035098,0.16686143626099192,0.05,7.247005547877549e-05,False,3.388334050081097,-5.497626672310192,,,,,,,,,,,,,,
US_PHARMA,ABBV,AMGN,AbbVie Inc.,Amgen Inc.,-2.2142933857022107,0.20109874234619407,0.05,7.247005547877549e-05,False,1.178616653187741,-1.4614016784491959,,,,,,,,,,,,,,
US_PHARMA,ABBV,MRK,AbbVie Inc.,"Merck & Company, Inc.",-2.1509080451826943,0.22454267544114942,0.05,7.247005547877549e-05,False,0.20214348280282102,4.340654037492843,,,,,,,,,,,,,,
US_PHARMA,BMY,JNJ,Bristol-Myers Squibb Company,Johnson & Johnson,-2.115693532695996,0.23825115576737288,0.05,7.247005547877549e-05,False,0.49874365010843774,1.3272123687733983,,,,,,,,,,,,,,
US_PHARMA,GILD,LLY,"Gilead Sciences, Inc.",Eli Lilly and Company,-2.0950543726565116,0.2465079078731428,0.05,7.247005547877549e-05,False,3.3329929372313103,-17.903709391078316,,,,,,,,,,,,,,
US_PHARMA,AMGN,GILD,Amgen Inc.,"Gilead Sciences, Inc.",-1.9887921674325728,0.29150886196760384,0.05,7.247005547877549e-05,False,0.2720012086286796,4.442701652188731,,,,,,,,,,,,,,
US_PHARMA,BMY,GILD,Bristol-Myers Squibb Company,"Gilead Sciences, Inc.",-1.9160495161382396,0.3245489866627121,0.05,7.247005547877549e-05,False,0.40897261907125154,1.9987242871870057,,,,,,,,,,,,,,
US_PHARMA,AMGN,BMY,Amgen Inc.,Bristol-Myers Squibb Company,-1.8991142526186038,0.3324779089149291,0.05,7.247005547877549e-05,False,0.6307732534032013,3.2470433242392547,,,,,,,,,,,,,,
US_PHARMA,ABBV,BMY,AbbVie Inc.,Bristol-Myers Squibb Company,-1.526661095875842,0.5202836804364998,0.05,7.247005547877549e-05,False,0.7512908111266525,2.3350335002248883,,,,,,,,,,,,,,
US_PHARMA,GILD,JNJ,"Gilead Sciences, Inc.",Johnson & Johnson,-1.4258165174775044,0.5698387028058789,0.05,7.247005547877549e-05,False,1.2243198311168904,-1.6667496975370204,,,,,,,,,,,,,,
US_PHARMA,GILD,MRK,"Gilead Sciences, Inc.","Merck & Company, Inc.",-1.3354185854554088,0.612816582332066,0.05,7.247005547877549e-05,False,-202.97718333119758,929.5445377602811,,,,,,,,,,,,,,
US_RAILROADS,CNI,CP,Canadian National Railway Compa,Canadian Pacific Kansas City Li,-3.586100405978125,0.006032386186720944,0.05,,False,1.219986582538978,-0.6847320445518736,,,,,,,,,,,,,,
US_RAILROADS,CSX,UNP,CSX Corporation,Union Pacific Corporation,-3.1578947945029836,0.022554959563758532,0.05,,False,2.2641777134864602,-8.773456919823593,,,,,,,,,,,,,,
US_RAILROADS,CP,UNP,Canadian Pacific Kansas City Li,Union Pacific Corporation,-3.118287399229754,0.025229107984334646,0.05,,False,0.9474325363001422,-0.8021223424871584,,,,,,,,,,,,,,
US_RAILROADS,CNI,UNP,Canadian National Railway Compa,Union Pacific Corporation,-3.0770829457711413,0.028296297310550948,0.05,,False,1.2286990028870557,-2.059461258751636,,,,,,,,,,,,,,
US_RAILROADS,CP,CSX,Canadian Pacific Kansas City Li,CSX Corporation,-2.665009446200636,0.08029132832280456,0.05,,False,0.33973621734350334,3.147702248663417,,,,,,,,,,,,,,
US_RAILROADS,CNI,CSX,Canadian National Railway Compa,CSX Corporation,-2.3660697902591457,0.15154280302360756,0.05,,False,0.3306166064267264,3.452269314500186,,,,,,,,,,,,,,
US_RAILROADS,CP,NSC,Canadian Pacific Kansas City Li,Norfolk Southern Corporation,-2.2157733403668876,0.2005705323704936,0.05,,False,0.20000136120128484,3.2388692860344768,,,,,,,,,,,,,,
US_RAILROADS,NSC,UNP,Norfolk Southern Corporation,Union Pacific Corporation,-1.9969741730557389,0.28790139282543187,0.05,,False,2.5690669376314417,-8.414149185742978,,,,,,,,,,,,,,
US_RAILROADS,CNI,NSC,Canadian National Railway Compa,Norfolk Southern Corporation,-1.8687608765033574,0.34689661842381747,0.05,,False,-0.017046545309635317,4.71735753682081,,,,,,,,,,,,,,
US_RAILROADS,CSX,NSC,CSX Corporation,Norfolk Southern Corporation,-1.683371721346678,0.4396995863087496,0.05,,False,1.072804996792303,-2.422000084349066,,,,,,,,,,,,,,
US_REIT,AMT,SPG,American Tower Corporation (REI,"Simon Property Group, Inc.",-3.8495362282348484,0.002439271445316295,0.05,,False,-0.5749971473144546,8.183223223898096,,,,,,,,,,,,,,
US_REIT,AMT,PLD,American Tower Corporation (REI,"Prologis, Inc.",-3.2575237057866557,0.01688727023839059,0.05,,False,-0.5012059914984379,7.626179273768891,,,,,,,,,,,,,,
US_REIT,AMT,DLR,American Tower Corporation (REI,"Digital Realty Trust, Inc.",-3.2421803277036703,0.017669311009346336,0.05,,False,-0.680165879771028,8.70766278619071,,,,,,,,,,,,,,
US_REIT,AMT,WELL,American Tower Corporation (REI,Welltower Inc.,-3.1556357711570704,0.022700605590554278,0.05,,False,-0.19861462054631757,6.248876463607531,,,,,,,,,,,,,,
US_REIT,AMT,O,American Tower Corporation (REI,Realty Income Corporation,-3.0184817883644093,0.033204111537295196,0.05,,False,-1.3713125606864167,10.738947817638532,,,,,,,,,,,,,,
US_REIT,AMT,EQIX,American Tower Corporation (REI,"Equinix, Inc.",-2.8155869863804606,0.0560815411915754,0.05,,False,-0.3470097800732263,7.585890171015414,,,,,,,,,,,,,,
US_REIT,EQIX,PSA,"Equinix, Inc.",Public Storage,-2.731019300193047,0.0688226595410493,0.05,,False,2.7058015627527454,-8.551665158109296,,,,,,,,,,,,,,
US_REIT,DLR,SPG,"Digital Realty Trust, Inc.","Simon Property Group, Inc.",-2.600138414427928,0.09296866336565768,0.05,,False,0.7629588578175439,1.1917165876529277,,,,,,,,,,,,,,
US_REIT,PSA,WELL,Public Storage,Welltower Inc.,-2.582585222733164,0.09665022919082578,0.05,,False,-0.04917552380582129,5.897686886667033,,,,,,,,,,,,,,
US_REIT,DLR,O,"Digital Realty Trust, Inc.",Realty Income Corporation,-2.4325216999758728,0.13276696199625682,0.05,,False,1.4446346407284802,-0.698214018596123,,,,,,,,,,,,,,
US_REIT,O,PLD,Realty Income Corporation,"Prologis, Inc.",-2.4181695976543596,0.13667370471417323,0.05,,False,0.6201513429845613,1.0617995887772258,,,,,,,,,,,,,,
US_REIT,PSA,SPG,Public Storage,"Simon Property Group, Inc.",-2.3973059272193162,0.1424982350662128,0.05,,False,0.09237751631908034,5.178480353675316,,,,,,,,,,,,,,
US_REIT,DLR,PSA,"Digital Realty Trust, Inc.",Public Storage,-2.391594299338876,0.14412292410697786,0.05,,False,3.3750394983476957,-13.983010852368754,,,,,,,,,,,,,,
US_REIT,PLD,PSA,"Prologis, Inc.",Public Storage,-2.3527160727149377,0.15552887567363943,0.05,,False,5.085732752381216,-23.990193439765356,,,,,,,,,,,,,,
US_REIT,PLD,SPG,"Prologis, Inc.","Simon Property Group, Inc.",-2.252573716467692,0.18772014576583718,0.05,,False,0.9943591671489361,-0.3311619767171763,,,,,,,,,,,,,,
US_REIT,O,WELL,Realty Income Corporation,Welltower Inc.,-2.2310341449074444,0.1951752369445105,0.05,,False,0.28810910488147823,2.5525872149561835,,,,,,,,,,,,,,
US_REIT,DLR,WELL,"Digital Realty Trust, Inc.",Welltower Inc.,-2.2070589469644823,0.20369344935844563,0.05,,False,0.290204450741969,3.6240707572960993,,,,,,,,,,,,,,
US_REIT,O,SPG,Realty Income Corporation,"Simon Property Group, Inc.",-2.1917450158396106,0.20925517082357487,0.05,,False,0.6031382980965898,0.9254095644634632,,,,,,,,,,,,,,
US_REIT,DLR,PLD,"Digital Realty Trust, Inc.","Prologis, Inc.",-2.09890533333534,0.24495500024330163,0.05,,False,0.6518529937432006,1.9934423092407942,,,,,,,,,,,,,,
US_REIT,SPG,WELL,"Simon Property Group, Inc.",Welltower Inc.,-2.0846521302612238,0.2507306711983387,0.05,,False,0.48158605071811306,2.6781927618480745,,,,,,,,,,,,,,
US_REIT,DLR,EQIX,"Digital Realty Trust, Inc.","Equinix, Inc.",-2.07498442619751,0.254691712532474,0.05,,False,0.7784280211945078,-0.1576435952199038,,,,,,,,,,,,,,
US_REIT,EQIX,O,"Equinix, Inc.",Realty Income Corporation,-2.0174201357947275,0.2789875948644097,0.05,,False,2.1468272777913007,-1.8595257270370293,,,,,,,,,,,,,,
US_REIT,EQIX,SPG,"Equinix, Inc.","Simon Property Group, Inc.",-2.0155338618687306,0.27980384968876326,0.05,,False,0.9882839313665148,1.691812638201391,,,,,,,,,,,,,,
US_REIT,EQIX,PLD,"Equinix, Inc.","Prologis, Inc.",-1.7720760613473883,0.3944106025193217,0.05,,False,0.9946524823912296,2.0173354538878625,,,,,,,,,,,,,,
US_REIT,O,PSA,Realty Income Corporation,Public Storage,-1.7440039909061247,0.4085946779056115,0.05,,False,1.7547507630876227,-5.910451295910232,,,,,,,,,,,,,,
US_REIT,AMT,PSA,American Tower Corporation (REI,Public Storage,-1.6888963716887841,0.43684228922635815,0.05,,False,1.6859597806496571,-4.277225558838595,,,,,,,,,,,,,,
US_REIT,PLD,WELL,"Prologis, Inc.",Welltower Inc.,-1.6331214109606873,0.4658572681930567,0.05,,False,0.39831793479912575,2.7376789705453146,,,,,,,,,,,,,,
US_REIT,EQIX,WELL,"Equinix, Inc.",Welltower Inc.,-0.9786742797507078,0.7609626909310405,0.05,,False,0.267020224548507,5.391019862002979,,,,,,,,,,,,,,
US_RETAIL,BBY,KR,"Best Buy Co., Inc.",Kroger Company (The),-3.562905940667234,0.006511093941971518,0.05,,False,-1.1861546047836735,9.152035457069733,,,,,,,,,,,,,,
US_RETAIL,BBY,COST,"Best Buy Co., Inc.",Costco Wholesale Corporation,-3.3554494240104518,0.012574657127987098,0.05,,False,-3.327901414691732,27.040331310154826,,,,,,,,,,,,,,
US_RETAIL,BBY,DLTR,"Best Buy Co., Inc.","Dollar Tree, Inc.",-3.292219823278275,0.015229850794281127,0.05,,False,-0.35417854444229513,5.86402628446472,,,,,,,,,,,,,,
US_RETAIL,BBY,DG,"Best Buy Co., Inc.",Dollar General Corporation,-3.1793030132122015,0.021214396473652582,0.05,,False,-0.36887243421181626,5.960666264877906,,,,,,,,,,,,,,
US_RETAIL,COST,KR,Costco Wholesale Corporation,Kroger Company (The),-3.1624865323473452,0.022261407543590215,0.05,,False,0.47160032065444407,4.900271629521191,,,,,,,,,,,,,,
US_RETAIL,KR,TGT,Kroger Company (The),Target Corporation,-3.112847560820923,0.02561690590930925,0.05,,False,-0.5035850565710552,6.493822844479234,,,,,,,,,,,,,,
US_RETAIL,DG,WMT,Dollar General Corporation,Walmart Inc.,-3.086748084629839,0.027549560395049997,0.05,,False,1.5480515597416216,-2.4689496996308486,,,,,,,,,,,,,,
US_RETAIL,BBY,WMT,"Best Buy Co., Inc.",Walmart Inc.,-3.0428359754649175,0.03108311637253092,0.05,,False,-0.5321734741103414,6.693703648909958,,,,,,,,,,,,,,
US_RETAIL,DG,DLTR,Dollar General Corporation,"Dollar Tree, Inc.",-3.0094221608798604,0.03402380885004265,0.05,,False,1.0397199011335714,-0.098234956879371,,,,,,,,,,,,,,
US_RETAIL,DLTR,WMT,"Dollar Tree, Inc.",Walmart Inc.,-2.8956296751608095,0.04585857220164075,0.05,,False,1.372934323628791,-1.7498318302755331,,,,,,,,,,,,,,
US_RETAIL,COST,ROST,Costco Wholesale Corporation,"Ross Stores, Inc.",-2.717405782621356,0.07107443427714835,0.05,,False,0.11862447866075422,6.2447745045428675,,,,,,,,,,,,,,
US_RETAIL,COST,TGT,Costco Wholesale Corporation,Target Corporation,-2.6893835699529816,0.07589346110791109,0.05,,False,-0.09627366836227469,7.298212250275781,,,,,,,,,,,,,,
US_RETAIL,COST,WMT,Costco Wholesale Corporation,Walmart Inc.,-2.680299330993641,0.07750982660823595,0.05,,False,0.24263672693184726,5.7356903733155225,,,,,,,,,,,,,,
US_RETAIL,TJX,WMT,"TJX Companies, Inc. (The)",Walmart Inc.,-2.6415049163256503,0.08471880894510891,0.05,,False,0.6936576365948574,1.7013080658692878,,,,,,,,,,,,,,
US_RETAIL,COST,DLTR,Costco Wholesale Corporation,"Dollar Tree, Inc.",-2.602019836894549,0.092580526411363,0.05,,False,0.0073099071830510275,6.8120626743726564,,,,,,,,,,,,,,
US_RETAIL,COST,DG,Costco Wholesale Corporation,Dollar General Corporation,-2.5923069745561236,0.0945977064582102,0.05,,False,-0.005844457093029212,6.87210258500288,,,,,,,,,,,,,,
US_RETAIL,DLTR,TJX,"Dollar Tree, Inc.","TJX Companies, Inc. (The)",-2.5629206277422476,0.10090550516359609,0.05,,False,2.1066790074154413,-5.738063301403831,,,,,,,,,,,,,,
US_RETAIL,DLTR,KR,"Dollar Tree, Inc.",Kroger Company (The),-2.5545274345216913,0.10276435444254567,0.05,,False,4.722305288120775,-14.94689687897624,,,,,,,,,,,,,,
US_RETAIL,BBY,TJX,"Best Buy Co., Inc.","TJX Companies, Inc. (The)",-2.5070597560130383,0.11376604565472548,0.05,,False,-0.8987828499132297,8.640166723106265,,,,,,,,,,,,,,
US_RETAIL,DG,KR,Dollar General Corporation,Kroger Company (The),-2.4445953961493445,0.1295431062457661,0.05,,False,6.3361110350927206,-21.52065129807615,,,,,,,,,,,,,,
US_RETAIL,COST,TJX,Costco Wholesale Corporation,"TJX Companies, Inc. (The)",-2.4402981075220773,0.13068400124116702,0.05,,False,0.2611096327362526,5.572748351898398,,,,,,,,,,,,,,
US_RETAIL,BBY,ROST,"Best Buy Co., Inc.","Ross Stores, Inc.",-2.3020464122291253,0.1713088122943071,0.05,,False,-0.40243910558521195,6.297149727915048,,,,,,,,,,,,,,
US_RETAIL,BBY,TGT,"Best Buy Co., Inc.",Target Corporation,-2.289800745940946,0.17527853695954437,0.05,,False,0.5202454940714616,1.812105181142904,,,,,,,,,,,,,,
US_RETAIL,DG,TJX,Dollar General Corporation,"TJX Companies, Inc. (The)",-2.2171674860415833,0.20007375421220686,0.05,,False,2.3416613886171747,-6.80153953531455,,,,,,,,,,,,,,
US_RETAIL,ROST,WMT,"Ross Stores, Inc.",Walmart Inc.,-2.051951403805946,0.2642686016550698,0.05,,False,0.9635143217538691,0.6555145461267635,,,,,,,,,,,,,,
US_RETAIL,KR,ROST,Kroger Company (The),"Ross Stores, Inc.",-1.8993936474220265,0.3323464118602567,0.05,,False,0.2474804834416707,2.8714633286749582,,,,,,,,,,,,,,
US_RETAIL,DG,TGT,Dollar General Corporation,Target Corporation,-1.8863755491468364,0.33849737610196884,0.05,,False,-2.600860660394466,16.848896952385395,,,,,,,,,,,,,,
US_RETAIL,ROST,TJX,"Ross Stores, Inc.","TJX Companies, Inc. (The)",-1.842906794994638,0.35937718065991736,0.05,,False,1.4414945451372883,-1.9633044434828566,,,,,,,,,,,,,,
US_RETAIL,DLTR,TGT,"Dollar Tree, Inc.",Target Corporation,-1.8111616700512805,0.37493448375706323,0.05,,False,-1.8475224554951735,13.22217669335135,,,,,,,,,,,,,,
US_RETAIL,KR,WMT,Kroger Company (The),Walmart Inc.,-1.7500318330741829,0.4055361969018527,0.05,,False,0.5117403601873269,1.784057737785171,,,,,,,,,,,,,,
US_RETAIL,TGT,WMT,Target Corporation,Walmart Inc.,-1.4144809135768464,0.5753144352842848,0.05,,False,-0.8713963056476094,8.690373220540135,,,,,,,,,,,,,,
US_RETAIL,DLTR,ROST,"Dollar Tree, Inc.","Ross Stores, Inc.",-1.3113138515517397,0.6239804483858238,0.05,,False,1.4139165586432825,-2.6281805318413873,,,,,,,,,,,,,,
US_RETAIL,KR,TJX,Kroger Company (The),"TJX Companies, Inc. (The)",-1.2477382610851964,0.6527304374133024,0.05,,False,0.7503157529854169,0.46765810270632935,,,,,,,,,,,,,,
US_RETAIL,DG,ROST,Dollar General Corporation,"Ross Stores, Inc.",-1.1960450016062336,0.6752947341295057,0.05,,False,1.4905475183545611,-2.934411908137627,,,,,,,,,,,,,,
US_RETAIL,ROST,TGT,"Ross Stores, Inc.",Target Corporation,-1.1154747711823103,0.7088614581232898,0.05,,False,1.1492431736012167,-0.34693305945832,,,,,,,,,,,,,,
US_RETAIL,TGT,TJX,Target Corporation,"TJX Companies, Inc. (The)",-0.8677690209233333,0.7984011974025955,0.05,,False,-2.192167550405561,15.38851276730788,,,,,,,,,,,,,,
US_SEMICONDUCTORS,ADI,MU,"Analog Devices, Inc.","Micron Technology, Inc.",-3.639659171711921,0.005046557058351723,0.05,,False,0.29971331049926714,3.9753203522023037,,,,,,,,,,,,,,
US_SEMICONDUCTORS,AVGO,NVDA,Broadcom Inc.,NVIDIA Corporation,-3.563785036058747,0.006492341441187119,0.05,,False,1.6195821386765272,-2.614075334599553,,,,,,,,,,,,,,
US_SEMICONDUCTORS,MRVL,QCOM,"Marvell Technology, Inc.",QUALCOMM Incorporated,-3.5128230813205508,0.007663812970577681,0.05,,False,4.835963875856271,-20.045778871024254,,,,,,,,,,,,,,
US_SEMICONDUCTORS,ON,QCOM,ON Semiconductor Corporation,QUALCOMM Incorporated,-3.4379027863587237,0.009732664762507793,0.05,,False,3.2354920251491426,-12.29585937293397,,,,,,,,,,,,,,
US_SEMICONDUCTORS,AMD,QCOM,"Advanced Micro Devices, Inc.",QUALCOMM Incorporated,-3.3032740395536364,0.014732757643828137,0.05,,False,5.581957002635057,-23.15223713566986,,,,,,,,,,,,,,
US_SEMICONDUCTORS,NVDA,QCOM,NVIDIA Corporation,QUALCOMM Incorporated,-3.2969776208646064,0.015014116658840755,0.05,,False,4.91349621279396,-19.874139421440407,,,,,,,,,,,,,,
US_SEMICONDUCTORS,ADI,INTC,"Analog Devices, Inc.",Intel Corporation,-3.1675438395496176,0.021941926083052874,0.05,,False,0.41883656613566594,4.0689152034195555,,,,,,,,,,,,,,
US_SEMICONDUCTORS,INTC,MU,Intel Corporation,"Micron Technology, Inc.",-3.0766501382162694,0.028330137525678162,0.05,,False,0.6938741092071106,-0.11254150658799666,,,,,,,,,,,,,,
US_SEMICONDUCTORS,INTC,QCOM,Intel Corporation,QUALCOMM Incorporated,-3.0602588433582874,0.02963745212357283,0.05,,False,8.45793152879156,-39.42990396299026,,,,,,,,,,,,,,
US_SEMICONDUCTORS,ADI,QCOM,"Analog Devices, Inc.",QUALCOMM Incorporated,-2.8596875059688003,0.05024063282275932,0.05,,False,4.131656180128585,-15.43148938206956,,,,,,,,,,,,,,
US_SEMICONDUCTORS,MU,QCOM,"Micron Technology, Inc.",QUALCOMM Incorporated,-2.819734501218522,0.05550965945090485,0.05,,False,16.529301061378483,-78.65673999913201,,,,,,,,,,,,,,
US_SEMICONDUCTORS,QCOM,TXN,QUALCOMM Incorporated,Texas Instruments Incorporated,-2.8031340009083503,0.05782749098409788,0.05,,False,0.6402126263597757,1.703746895062788,,,,,,,,,,,,,,
US_SEMICONDUCTORS,MPWR,QCOM,"Monolithic Power Systems, Inc.",QUALCOMM Incorporated,-2.7840602397308003,0.06058696968588389,0.05,,False,5.12267987279763,-19.21490997475918,,,,,,,,,,,,,,
US_SEMICONDUCTORS,AMD,INTC,"Advanced Micro Devices, Inc.",Intel Corporation,-2.684065744759016,0.0768364110184678,0.05,,False,0.7908618910266734,2.4209146622443085,,,,,,,,,,,,,,
US_SEMICONDUCTORS,AMD,MPWR,"Advanced Micro Devices, Inc.","Monolithic Power Systems, Inc.",-2.550228054199416,0.10372650158958857,0.05,,False,1.4044494721623069,-4.3379974805234,,,,,,,,,,,,,,
US_SEMICONDUCTORS,INTC,MPWR,Intel Corporation,"Monolithic Power Systems, Inc.",-2.5161144467814287,0.11160257483853125,0.05,,False,1.8112288550790663,-8.784926172077409,,,,,,,,,,,,,,
US_SEMICONDUCTORS,AVGO,QCOM,Broadcom Inc.,QUALCOMM Incorporated,-2.4859933022797427,0.11891960683019254,0.05,,False,15.36475964406904,-72.33815485092141,,,,,,,,,,,,,,
US_SEMICONDUCTORS,ON,TXN,ON Semiconductor Corporation,Texas Instruments Incorporated,-2.4560116401915044,0.12654719251575192,0.05,,False,1.8724381295306736,-5.73795000239271,,,,,,,,,,,,,,
US_SEMICONDUCTORS,MRVL,TXN,"Marvell Technology, Inc.",Texas Instruments Incorporated,-2.4134825429131186,0.13796716379082508,0.05,,False,2.6610984658476116,-9.521115526883467,,,,,,,,,,,,,,
US_SEMICONDUCTORS,ADI,AMD,"Analog Devices, Inc.","Advanced Micro Devices, Inc.",-2.3444343379084276,0.1580370618378369,0.05,,False,0.5090621453833997,2.892257779212648,,,,,,,,,,,,,,
US_SEMICONDUCTORS,INTC,TXN,Intel Corporation,Texas Instruments Incorporated,-2.2494488498338887,0.18879006012007732,0.05,,False,4.152948349165673,-18.38900299803177,,,,,,,,,,,,,,
US_SEMICONDUCTORS,AVGO,SWKS,Broadcom Inc.,"Skyworks Solutions, Inc.",-2.23614502059492,0.19338933526623686,0.05,,False,-2.7093001103368843,17.1259410231191,,,,,,,,,,,,,,
US_SEMICONDUCTORS,MRVL,ON,"Marvell Technology, Inc.",ON Semiconductor Corporation,-2.1649751874056546,0.21920205364091555,0.05,,False,1.3764596666047502,-1.1829309156928431,,,,,,,,,,,,,,
US_SEMICONDUCTORS,AMD,MU,"Advanced Micro Devices, Inc.","Micron Technology, Inc.",-2.1569824456761184,0.2222269571669696,0.05,,False,0.5417549890209232,2.3676911633879425,,,,,,,,,,,,,,
US_SEMICONDUCTORS,NVDA,SWKS,NVIDIA Corporation,"Skyworks Solutions, Inc.",-2.1469714758465797,0.22605113315121617,0.05,,False,-1.464741585637532,11.297365394898094,,,,,,,,,,,,,,
US_SEMICONDUCTORS,MU,TXN,"Micron Technology, Inc.",Texas Instruments Incorporated,-2.083936611387811,0.2510226327294731,0.05,,False,6.411573391287666,-28.580298210936,,,,,,,,,,,,,,
US_SEMICONDUCTORS,ADI,MPWR,"Analog Devices, Inc.","Monolithic Power Systems, Inc.",-2.0558759327645366,0.26262302184365705,0.05,,False,0.7285217819554257,0.5924149289280214,,,,,,,,,,,,,,
US_SEMICONDUCTORS,MPWR,SWKS,"Monolithic Power Systems, Inc.","Skyworks Solutions, Inc.",-2.049581992790594,0.26526483342022755,0.05,,False,-7.376548226269347,38.32821378579257,,,,,,,,,,,,,,
US_SEMICONDUCTORS,MU,NVDA,"Micron Technology, Inc.",NVIDIA Corporation,-2.0182631487103664,0.2786231989573539,0.05,,False,3.8164051361844784,-14.07242221160347,,,,,,,,,,,,,,
US_SEMICONDUCTORS,MPWR,MU,"Monolithic Power Systems, Inc.","Micron Technology, Inc.",-2.0066343884694695,0.28367174890412783,0.05,,False,0.3827816087540308,4.789727000047008,,,,,,,,,,,,,,
US_SEMICONDUCTORS,AMD,TXN,"Advanced Micro Devices, Inc.",Texas Instruments Incorporated,-2.001446650593142,0.2859391537634802,0.05,,False,3.334936442357096,-12.387743052892738,,,,,,,,,,,,,,
US_SEMICONDUCTORS,MRVL,SWKS,"Marvell Technology, Inc.","Skyworks Solutions, Inc.",-2.0001286493187793,0.28651669377430605,0.05,,False,-36.5860544893598,161.10552616407278,,,,,,,,,,,,,,
US_SEMICONDUCTORS,AMD,SWKS,"Advanced Micro Devices, Inc.","Skyworks Solutions, Inc.",-1.9977830491154602,0.28754600010643583,0.05,,False,-15.407985096712192,71.10515279855161,,,,,,,,,,,,,,
US_SEMICONDUCTORS,INTC,SWKS,Intel Corporation,"Skyworks Solutions, Inc.",-1.986702962097621,0.29243364819248274,0.05,,False,-8.340277136358841,39.141539624071584,,,,,,,,,,,,,,
US_SEMICONDUCTORS,MU,SWKS,"Micron Technology, Inc.","Skyworks Solutions, Inc.",-1.9488876112202411,0.3094235642632251,0.05,,False,-9.452058472195265,45.57819102112629,,,,,,,,,,,,,,
US_SEMICONDUCTORS,MPWR,NVDA,"Monolithic Power Systems, Inc.",NVIDIA Corporation,-1.9438522020561246,0.3117209939635934,0.05,,False,1.475973962793008,-0.6729525820360367,,,,,,,,,,,,,,
US_SEMICONDUCTORS,INTC,NVDA,Intel Corporation,NVIDIA Corporation,-1.9047962247062482,0.3298081901928944,0.05,,False,2.8291330778605395,-10.786886819019902,,,,,,,,,,,,,,
US_SEMICONDUCTORS,AMD,ON,"Advanced Micro Devices, Inc.",ON Semiconductor Corporation,-1.8964180229242829,0.3337480576101379,0.05,,False,1.7371924299490211,-1.9881610234335492,,,,,,,,,,,,,,
US_SEMICONDUCTORS,INTC,MRVL,Intel Corporation,"Marvell Technology, Inc.",-1.8918647913677131,0.3358977945766938,0.05,,False,1.6825944118721505,-4.074426793356644,,,,,,,,,,,,,,
US_SEMICONDUCTORS,ADI,NVDA,"Analog Devices, Inc.",NVIDIA Corporation,-1.8693725273231159,0.34660352294369096,0.05,,False,1.0105790251621944,0.42733992033477897,,,,,,,,,,,,,,
US_SEMICONDUCTORS,ADI,TXN,"Analog Devices, Inc.",Texas Instruments Incorporated,-1.7402037262270924,0.4105263368000126,0.05,,False,1.5163929270296956,-2.4612576517904543,,,,,,,,,,,,,,
US_SEMICONDUCTORS,ADI,SWKS,"Analog Devices, Inc.","Skyworks Solutions, Inc.",-1.7244991544738981,0.4185360241100343,0.05,,False,-1.6210093486166237,12.44693995755774,,,,,,,,,,,,,,
US_SEMICONDUCTORS,AVGO,INTC,Broadcom Inc.,Intel Corporation,-1.687761423079831,0.4374289350229054,0.05,,False,0.5961789959839006,3.4796551293655886,,,,,,,,,,,,,,
US_SEMICONDUCTORS,QCOM,SWKS,QUALCOMM Incorporated,"Skyworks Solutions, Inc.",-1.6800426954081502,0.4414232999542028,0.05,,False,0.4726274843714556,3.0441457441922317,,,,,,,,,,,,,,
US_SEMICONDUCTORS,NVDA,ON,NVIDIA Corporation,ON Semiconductor Corporation,-1.6365389606316945,0.4640698529116976,0.05,,False,0.562728064314418,2.718472840120184,,,,,,,,,,,,,,
US_SEMICONDUCTORS,INTC,ON,Intel Corporation,ON Semiconductor Corporation,-1.6191496508565166,0.4731751315956931,0.05,,False,2.437008044580271,-6.5609392728928,,,,,,,,,,,,,,
US_SEMICONDUCTORS,AMD,NVDA,"Advanced Micro Devices, Inc.",NVIDIA Corporation,-1.6137222470571844,0.4760219788730976,0.05,,False,2.058534530184123,-5.21076887787849,,,,,,,,,,,,,,
US_SEMICONDUCTORS,AMD,MRVL,"Advanced Micro Devices, Inc.","Marvell Technology, Inc.",-1.5562168373088046,0.5055413537945409,0.05,,False,1.2686343820210448,-0.5244900098251604,,,,,,,,,,,,,,
US_SEMICONDUCTORS,ADI,MRVL,"Analog Devices, Inc.","Marvell Technology, Inc.",-1.5559348550860495,0.5056823349195333,0.05,,False,0.5510808704640046,3.04790947797761,,,,,,,,,,,,,,
US_SEMICONDUCTORS,AVGO,MPWR,Broadcom Inc.,"Monolithic Power Systems, Inc.",-1.4885788676207197,0.5391534543394857,0.05,,False,1.2513626710539965,-2.9148720222590097,,,,,,,,,,,,,,
US_SEMICONDUCTORS,ADI,ON,"Analog Devices, Inc.",ON Semiconductor Corporation,-1.4584808626040218,0.5539412542211689,0.05,,False,0.7357521677684465,2.4894669089261567,,,,,,,,,,,,,,
US_SEMICONDUCTORS,MPWR,ON,"Monolithic Power Systems, Inc.",ON Semiconductor Corporation,-1.439953712758395,0.5629791112725381,0.05,,False,1.127373107756716,2.1223560979297256,,,,,,,,,,,,,,
US_SEMICONDUCTORS,MU,ON,"Micron Technology, Inc.",ON Semiconductor Corporation,-1.3301469060903461,0.6152697249296022,0.05,,False,4.077951564021727,-11.613389402401612,,,,,,,,,,,,,,
US_SEMICONDUCTORS,ON,SWKS,ON Semiconductor Corporation,"Skyworks Solutions, Inc.",-1.3157945338178751,0.621915674446579,0.05,,False,2.3550360546716065,-5.982461333286922,,,,,,,,,,,,,,
US_SEMICONDUCTORS,AVGO,MU,Broadcom Inc.,"Micron Technology, Inc.",-1.2909683767938118,0.6332940961118338,0.05,,False,0.415496858922445,3.4032430472541657,,,,,,,,,,,,,,
US_SEMICONDUCTORS,MPWR,TXN,"Monolithic Power Systems, Inc.",Texas Instruments Incorporated,-1.174657132489792,0.6844014796200727,0.05,,False,2.3104724138938697,-5.394906190755534,,,,,,,,,,,,,,
US_SEMICONDUCTORS,NVDA,TXN,NVIDIA Corporation,Texas Instruments Incorporated,-1.0911716774044593,0.718579666588119,0.05,,False,1.8665494082583252,-4.781647409329284,,,,,,,,,,,,,,
US_SEMICONDUCTORS,MPWR,MRVL,"Monolithic Power Systems, Inc.","Marvell Technology, Inc.",-1.0877104593806868,0.7199478663410626,0.05,,False,0.7871633744293262,3.2334311532549935,,,,,,,,,,,,,,
US_SEMICONDUCTORS,MRVL,MU,"Marvell Technology, Inc.","Micron Technology, Inc.",-1.0875485201493933,0.7200117824741695,0.05,,False,0.3697775801566254,2.5723016085944264,,,,,,,,,,,,,,
US_SEMICONDUCTORS,AMD,AVGO,"Advanced Micro Devices, Inc.",Broadcom Inc.,-1.0424738416122177,0.7374595867701528,0.05,,False,1.2445804329767547,-1.7420549861045247,,,,,,,,,,,,,,
US_SEMICONDUCTORS,MRVL,NVDA,"Marvell Technology, Inc.",NVIDIA Corporation,-1.0186475712019585,0.7464024154677034,0.05,,False,2.0556668030901197,-5.870375043560532,,,,,,,,,,,,,,
US_SEMICONDUCTORS,ADI,AVGO,"Analog Devices, Inc.",Broadcom Inc.,-0.9838940949373975,0.7590931416998847,0.05,,False,0.563044448109826,2.395161728639734,,,,,,,,,,,,,,
US_SEMICONDUCTORS,AVGO,TXN,Broadcom Inc.,Texas Instruments Incorporated,-0.5390733011385699,0.8841634515412424,0.05,,False,4.550295574335808,-18.38328407884636,,,,,,,,,,,,,,
US_SEMICONDUCTORS,AVGO,ON,Broadcom Inc.,ON Semiconductor Corporation,-0.3982005722549605,0.9103987841198513,0.05,,False,3.086475045138309,-7.130636051584755,,,,,,,,,,,,,,
US_SEMICONDUCTORS,AVGO,MRVL,Broadcom Inc.,"Marvell Technology, Inc.",-0.3262019111785497,0.9217105051582892,0.05,,False,1.021380054882324,0.9691336357021578,,,,,,,,,,,,,,
US_SEMICONDUCTORS,SWKS,TXN,"Skyworks Solutions, Inc.",Texas Instruments Incorporated,0.13037509002601821,0.9680747889995596,0.05,,False,5.497403780749222,-24.604302455644017,,,,,,,,,,,,,,
US_STAPLES,CLX,PG,Clorox Company (The),Procter & Gamble Company (The),-4.338719882515684,0.00038041018400736406,0.05,0.00038041018400736406,True,3.3391028295980028,-12.006381261044712,9.22859211058903,-0.00017344041645300337,-0.07510865928992759,28.0,-1.3786593745007185,2.2813312347317005,False,,0.4,0.01167714102487901,0.37789911063611403,0.1526442240446897,True,mixed signal
US_STAPLES,KHC,PG,The Kraft Heinz Company,Procter & Gamble Company (The),-3.810814059073573,0.0027985908209643127,0.05,0.00038041018400736406,False,2.4795177316261796,-9.24011201516514,,,,,,,,,,,,,,
US_STAPLES,GIS,PG,"General Mills, Inc.",Procter & Gamble Company (The),-3.7427604498024873,0.003550348454847278,0.05,0.00038041018400736406,False,4.398256851194733,-18.243704409006142,,,,,,,,,,,,,,
US_STAPLES,KMB,PG,Kimberly-Clark Corporation,Procter & Gamble Company (The),-3.6249106616531837,0.0053022638782716375,0.05,0.00038041018400736406,False,2.5779373241968915,-8.227359035921197,,,,,,,,,,,,,,
US_STAPLES,KO,PG,Coca-Cola Company (The),Procter & Gamble Company (The),-3.5313734111859683,0.007216982089611419,0.05,0.00038041018400736406,False,-2.3719771288922127,16.154677033796673,,,,,,,,,,,,,,
US_STAPLES,CHD,PG,"Church & Dwight Company, Inc.",Procter & Gamble Company (The),-3.2500236155112634,0.017265670318215187,0.05,0.00038041018400736406,False,1.488297117237355,-2.924643514001737,,,,,,,,,,,,,,
US_STAPLES,CLX,KO,Clorox Company (The),Coca-Cola Company (The),-3.0789146125356157,0.028153466044021927,0.05,0.00038041018400736406,False,-2.469882944499817,15.21070128025092,,,,,,,,,,,,,,
US_STAPLES,GIS,KO,"General Mills, Inc.",Coca-Cola Company (The),-3.0158422389981556,0.03344118776786574,0.05,0.00038041018400736406,False,-2.8687625522268174,15.986113768520674,,,,,,,,,,,,,,
US_STAPLES,HSY,PG,The Hershey Company,Procter & Gamble Company (The),-2.9812968804841002,0.03667833796777692,0.05,0.00038041018400736406,False,-4.234873318664484,26.487221509637486,,,,,,,,,,,,,,
US_STAPLES,KHC,KO,The Kraft Heinz Company,Coca-Cola Company (The),-2.9043382555063952,0.04484583818911252,0.05,0.00038041018400736406,False,-1.6143398871301222,10.044624889484458,,,,,,,,,,,,,,
US_STAPLES,KMB,KO,Kimberly-Clark Corporation,Coca-Cola Company (The),-2.8355798064805118,0.05336842688944389,0.05,0.00038041018400736406,False,-1.7621841879491649,12.17581885314326,,,,,,,,,,,,,,
US_STAPLES,KHC,KMB,The Kraft Heinz Company,Kimberly-Clark Corporation,-2.6797541393877355,0.07760768735347308,0.05,0.00038041018400736406,False,0.9241651496169436,-1.1479678153234079,,,,,,,,,,,,,,
US_STAPLES,CLX,GIS,Clorox Company (The),"General Mills, Inc.",-2.675967670396358,0.07829003229114716,0.05,0.00038041018400736406,False,0.8068752672192866,1.658138548387523,,,,,,,,,,,,,,
US_STAPLES,HSY,KMB,The Hershey Company,Kimberly-Clark Corporation,-2.654931193674504,0.08216705526583712,0.05,0.00038041018400736406,False,-0.6695945005524417,8.349025813747504,,,,,,,,,,,,,,
US_STAPLES,GIS,KHC,"General Mills, Inc.",The Kraft Heinz Company,-2.6516977446108703,0.08277604466200189,0.05,0.00038041018400736406,False,1.7995144337093072,-1.936519971041145,,,,,,,,,,,,,,
US_STAPLES,CLX,KHC,Clorox Company (The),The Kraft Heinz Company,-2.648527309987102,0.08337657660121373,0.05,0.00038041018400736406,False,1.5182361384832324,-0.11919373702147151,,,,,,,,,,,,,,
US_STAPLES,MDLZ,PG,"Mondelez International, Inc.",Procter & Gamble Company (The),-2.5883245692653807,0.0954344314593017,0.05,0.00038041018400736406,False,1.6503630414196184,-4.2018719468769365,,,,,,,,,,,,,,
US_STAPLES,CHD,HSY,"Church & Dwight Company, Inc.",The Hershey Company,-2.576964425478443,0.0978523254088896,0.05,0.00038041018400736406,False,-0.33886727401822175,6.319013332578753,,,,,,,,,,,,,,
US_STAPLES,KMB,MDLZ,Kimberly-Clark Corporation,"Mondelez International, Inc.",-2.493332631203194,0.11710500721207223,0.05,0.00038041018400736406,False,2.0858815802421757,-3.8149068961185186,,,,,,,,,,,,,,
US_STAPLES,CHD,KO,"Church & Dwight Company, Inc.",Coca-Cola Company (The),-2.454997222251593,0.12681134743527867,0.05,0.00038041018400736406,False,-0.6660829626827439,7.3743991150658115,,,,,,,,,,,,,,
US_STAPLES,HSY,KHC,The Hershey Company,The Kraft Heinz Company,-2.4331175135074172,0.13260653017983548,0.05,0.00038041018400736406,False,-0.6399158472184159,7.242911222456489,,,,,,,,,,,,,,
US_STAPLES,CHD,CL,"Church & Dwight Company, Inc.",Colgate-Palmolive Company,-2.430015292632026,0.13344337783528043,0.05,0.00038041018400736406,False,0.9872538343408355,0.1577905011911005,,,,,,,,,,,,,,
US_STAPLES,CHD,CLX,"Church & Dwight Company, Inc.",Clorox Company (The),-2.368531709782475,0.1508157522372221,0.05,0.00038041018400736406,False,0.3583598291288061,2.8464096675292336,,,,,,,,,,,,,,
US_STAPLES,CLX,HSY,Clorox Company (The),The Hershey Company,-2.3653900640144823,0.15174396787061362,0.05,0.00038041018400736406,False,-2.7877853782171007,19.211003040509734,,,,,,,,,,,,,,
US_STAPLES,HSY,PEP,The Hershey Company,"Pepsico, Inc.",-2.358684709522423,0.15373837223007225,0.05,0.00038041018400736406,False,1.4861822644916605,-2.217323319267141,,,,,,,,,,,,,,
US_STAPLES,GIS,HSY,"General Mills, Inc.",The Hershey Company,-2.356553823264517,0.15437595991354408,0.05,0.00038041018400736406,False,-3.927451408517934,24.195641957112617,,,,,,,,,,,,,,
US_STAPLES,KO,MDLZ,Coca-Cola Company (The),"Mondelez International, Inc.",-2.338324447789081,0.15990523464169093,0.05,0.00038041018400736406,False,-4.063036396038777,20.89789226948264,,,,,,,,,,,,,,
US_STAPLES,CHD,KHC,"Church & Dwight Company, Inc.",The Kraft Heinz Company,-2.3002308959128444,0.17189351380268736,0.05,0.00038041018400736406,False,0.4965847733956817,2.9576666682266897,,,,,,,,,,,,,,
US_STAPLES,HSY,MDLZ,The Hershey Company,"Mondelez International, Inc.",-2.277330108836707,0.17938372574198336,0.05,0.00038041018400736406,False,-8.214508673782799,38.899593089862755,,,,,,,,,,,,,,
US_STAPLES,CL,MDLZ,Colgate-Palmolive Company,"Mondelez International, Inc.",-2.2722796898856816,0.18106421643915638,0.05,0.00038041018400736406,False,1.046490780089494,0.16960097779607608,,,,,,,,,,,,,,
US_STAPLES,CLX,KMB,Clorox Company (The),Kimberly-Clark Corporation,-2.2404894084029308,0.19187956497223058,0.05,0.00038041018400736406,False,1.4159224860870185,-1.9229873705734395,,,,,,,,,,,,,,
US_STAPLES,GIS,KMB,"General Mills, Inc.",Kimberly-Clark Corporation,-2.2149438425936627,0.20086647957931225,0.05,0.00038041018400736406,False,1.7436755666128965,-4.38531457228451,,,,,,,,,,,,,,
US_STAPLES,CHD,MDLZ,"Church & Dwight Company, Inc.","Mondelez International, Inc.",-2.1997106340321104,0.20635049677186684,0.05,0.00038041018400736406,False,1.0536720251306233,0.2409680681246238,,,,,,,,,,,,,,
US_STAPLES,PEP,PG,"Pepsico, Inc.",Procter & Gamble Company (The),-2.198406395896318,0.2068243515706112,0.05,0.00038041018400736406,False,4.0754617914680225,-15.547074557156655,,,,,,,,,,,,,,
US_STAPLES,CHD,GIS,"Church & Dwight Company, Inc.","General Mills, Inc.",-2.19613118794714,0.2076526078496963,0.05,0.00038041018400736406,False,0.21268985200059293,3.738654803996081,,,,,,,,,,,,,,
US_STAPLES,CL,PG,Colgate-Palmolive Company,Procter & Gamble Company (The),-2.1930770743615127,0.2087676676590951,0.05,0.00038041018400736406,False,1.5835432042596564,-3.504983167576434,,,,,,,,,,,,,,
US_STAPLES,CL,KO,Colgate-Palmolive Company,Coca-Cola Company (The),-2.128335526522103,0.233274417632513,0.05,0.00038041018400736406,False,-0.14698103387729852,5.086170567567937,,,,,,,,,,,,,,
US_STAPLES,CHD,KMB,"Church & Dwight Company, Inc.",Kimberly-Clark Corporation,-2.116138948616084,0.23807476288814045,0.05,0.00038041018400736406,False,0.43107795034648333,2.5198940699179233,,,,,,,,,,,,,,
US_STAPLES,KHC,MDLZ,The Kraft Heinz Company,"Mondelez International, Inc.",-2.101957766040068,0.24372810301720366,0.05,0.00038041018400736406,False,1.9521850730823314,-4.77411921653435,,,,,,,,,,,,,,
US_STAPLES,CLX,MDLZ,Clorox Company (The),"Mondelez International, Inc.",-2.0962993721591263,0.24600524395069262,0.05,0.00038041018400736406,False,4.1847603943242575,-12.380768382800738,,,,,,,,,,,,,,
US_STAPLES,GIS,MDLZ,"General Mills, Inc.","Mondelez International, Inc.",-2.070364774738735,0.2565967901735575,0.05,0.00038041018400736406,False,4.912701857316795,-16.2753011087383,,,,,,,,,,,,,,
US_STAPLES,KMB,PEP,Kimberly-Clark Corporation,"Pepsico, Inc.",-2.056841668292046,0.2622189471049506,0.05,0.00038041018400736406,False,-10.792106919489163,58.38126395008667,,,,,,,,,,,,,,
US_STAPLES,CL,HSY,Colgate-Palmolive Company,The Hershey Company,-1.919699754954083,0.3228512249788249,0.05,0.00038041018400736406,False,0.19925763244645403,3.4370258313572446,,,,,,,,,,,,,,
US_STAPLES,CLX,PEP,Clorox Company (The),"Pepsico, Inc.",-1.9069438541026178,0.32880158686569827,0.05,0.00038041018400736406,False,11.121838903624859,-50.466263256285856,,,,,,,,,,,,,,
US_STAPLES,CL,PEP,Colgate-Palmolive Company,"Pepsico, Inc.",-1.9030763937309045,0.33061526492195537,0.05,0.00038041018400736406,False,0.946993387760083,-0.23921238543421985,,,,,,,,,,,,,,
US_STAPLES,GIS,PEP,"General Mills, Inc.","Pepsico, Inc.",-1.8738761539262219,0.34444860206503264,0.05,0.00038041018400736406,False,11.979834739916482,-55.635405645657535,,,,,,,,,,,,,,
US_STAPLES,CL,CLX,Colgate-Palmolive Company,Clorox Company (The),-1.7949584707854507,0.38296753006590556,0.05,0.00038041018400736406,False,0.2902451482919431,3.072722364227995,,,,,,,,,,,,,,
US_STAPLES,CHD,PEP,"Church & Dwight Company, Inc.","Pepsico, Inc.",-1.7869562798933434,0.38695649683517264,0.05,0.00038041018400736406,False,0.8767722816580773,0.21060371592823923,,,,,,,,,,,,,,
US_STAPLES,HSY,KO,The Hershey Company,Coca-Cola Company (The),-1.775074531433219,0.39290481158122326,0.05,0.00038041018400736406,False,1.3149178538160056,-0.3725630823661872,,,,,,,,,,,,,,
US_STAPLES,CL,GIS,Colgate-Palmolive Company,"General Mills, Inc.",-1.7736075134909997,0.39364129628691086,0.05,0.00038041018400736406,False,0.21748943382080158,3.6190912888129807,,,,,,,,,,,,,,
US_STAPLES,KHC,PEP,The Kraft Heinz Company,"Pepsico, Inc.",-1.6713956145534865,0.44590728632161875,0.05,0.00038041018400736406,False,2.751206944279791,-10.4298171444698,,,,,,,,,,,,,,
US_STAPLES,CL,KMB,Colgate-Palmolive Company,Kimberly-Clark Corporation,-1.655856084273848,0.4539881212092175,0.05,0.00038041018400736406,False,0.3999771464134548,2.5667794592655895,,,,,,,,,,,,,,
US_STAPLES,KO,PEP,Coca-Cola Company (The),"Pepsico, Inc.",-1.6087192421131309,0.4792122140997055,0.05,0.00038041018400736406,False,2.343028461691458,-7.4298070293319345,,,,,,,,,,,,,,
US_STAPLES,CL,KHC,Colgate-Palmolive Company,The Kraft Heinz Company,-1.5921422549708073,0.48753951744626434,0.05,0.00038041018400736406,False,0.5392312249877648,2.7185437096069682,,,,,,,,,,,,,,
US_STAPLES,MDLZ,PEP,"Mondelez International, Inc.","Pepsico, Inc.",-1.5744279299016728,0.49642518230835375,0.05,0.00038041018400736406,False,0.6445552246745574,0.9032329876999339,,,,,,,,,,,,,,
US_UTILITIES,PPL,WEC,PPL Corporation,"WEC Energy Group, Inc.",-4.768215962527629,6.25339925810451e-05,0.05,6.25339925810451e-05,True,0.8052160857434884,-0.2053925912438106,7.772642910929217,-8.154101316398882e-05,-0.08917779814447693,23.0,-1.8581893814075319,2.5544565186555865,False,,0.4,-0.012955522523895214,-1.3083539222601772,-1.943096151888418,False,mixed signal
US_UTILITIES,ES,FE,Eversource Energy (D/B/A),FirstEnergy Corp.,-4.025519188227102,0.0012826249634860605,0.05,6.25339925810451e-05,False,0.9785728680888893,0.48539358619015616,,,,,,,,,,,,,,
US_UTILITIES,DUK,SO,Duke Energy Corporation (Holdin,Southern Company (The),-3.774532670779599,0.0031788950277762225,0.05,6.25339925810451e-05,False,1.174240239043946,-0.5028235991209282,,,,,,,,,,,,,,
US_UTILITIES,PPL,XEL,PPL Corporation,Xcel Energy Inc.,-3.631400621804143,0.005188324824670827,0.05,6.25339925810451e-05,False,0.7188667688743898,0.4669387604232962,,,,,,,,,,,,,,
US_UTILITIES,AEP,PEG,American Electric Power Company,Public Service Enterprise Group,-3.6269953792316514,0.005265418552810221,0.05,6.25339925810451e-05,False,9.399472020526563,-36.37940267090177,,,,,,,,,,,,,,
US_UTILITIES,FE,PEG,FirstEnergy Corp.,Public Service Enterprise Group,-3.5190826740766687,0.007510324005040888,0.05,6.25339925810451e-05,False,4.8680509945678345,-17.529404577089448,,,,,,,,,,,,,,
US_UTILITIES,EXC,PEG,Exelon Corporation,Public Service Enterprise Group,-3.499771963157521,0.007992952462330827,0.05,6.25339925810451e-05,False,5.546391885583984,-20.50239902056124,,,,,,,,,,,,,,
US_UTILITIES,PEG,XEL,Public Service Enterprise Group,Xcel Energy Inc.,-3.4926317955360693,0.008178353865642796,0.05,6.25339925810451e-05,False,0.19645396848434665,3.536785631421,,,,,,,,,,,,,,
US_UTILITIES,ES,PEG,Eversource Energy (D/B/A),Public Service Enterprise Group,-3.4925369602757272,0.00818084215777635,0.05,6.25339925810451e-05,False,5.393581907533123,-19.417742238469636,,,,,,,,,,,,,,
US_UTILITIES,PEG,WEC,Public Service Enterprise Group,"WEC Energy Group, Inc.",-3.408056068141639,0.010687287419498597,0.05,6.25339925810451e-05,False,0.22123930227157573,3.347587085014375,,,,,,,,,,,,,,
US_UTILITIES,AEE,PEG,Ameren Corporation,Public Service Enterprise Group,-3.3883840812855897,0.011361288979787965,0.05,6.25339925810451e-05,False,5.0907378826351435,-17.690295456883717,,,,,,,,,,,,,,
US_UTILITIES,ED,PEG,"Consolidated Edison, Inc.",Public Service Enterprise Group,-3.3641810636080285,0.012242253515443736,0.05,6.25339925810451e-05,False,3.4815013086733044,-10.617759431622709,,,,,,,,,,,,,,
US_UTILITIES,PEG,PPL,Public Service Enterprise Group,PPL Corporation,-3.3225635636049837,0.01389952047666909,0.05,6.25339925810451e-05,False,0.3168299915634662,3.256848797006604,,,,,,,,,,,,,,
US_UTILITIES,D,PEG,"Dominion Energy, Inc.",Public Service Enterprise Group,-3.27829899681838,0.015876819309292727,0.05,6.25339925810451e-05,False,3.500858269659478,-11.277565902585044,,,,,,,,,,,,,,
US_UTILITIES,EXC,WEC,Exelon Corporation,"WEC Energy Group, Inc.",-3.277037444089093,0.015936626864650284,0.05,6.25339925810451e-05,False,0.9466676959650773,-0.6456616831602067,,,,,,,,,,,,,,
US_UTILITIES,DUK,PPL,Duke Energy Corporation (Holdin,PPL Corporation,-3.2718997827711114,0.016182242501181564,0.05,6.25339925810451e-05,False,0.8343529574392264,1.8091940023180046,,,,,,,,,,,,,,
US_UTILITIES,DUK,PEG,Duke Energy Corporation (Holdin,Public Service Enterprise Group,-3.227975269162418,0.0184214037573601,0.05,6.25339925810451e-05,False,2.77169523321985,-7.371024578762785,,,,,,,,,,,,,,
US_UTILITIES,AEP,DUK,American Electric Power Company,Duke Energy Corporation (Holdin,-3.2227402083035357,0.018705547935192593,0.05,6.25339925810451e-05,False,1.7972940127339687,-3.846665429520206,,,,,,,,,,,,,,
US_UTILITIES,AEP,D,American Electric Power Company,"Dominion Energy, Inc.",-3.1575064820120775,0.022579937525200842,0.05,6.25339925810451e-05,False,1.5106319583958832,-1.3982229177901475,,,,,,,,,,,,,,
US_UTILITIES,PPL,SO,PPL Corporation,Southern Company (The),-3.124660512326458,0.024781215075293177,0.05,6.25339925810451e-05,False,1.4312200672069617,-2.8772868312434174,,,,,,,,,,,,,,
US_UTILITIES,DUK,EXC,Duke Energy Corporation (Holdin,Exelon Corporation,-3.1193448095457352,0.025154316138454886,0.05,6.25339925810451e-05,False,0.7060736159337749,2.1094262292755737,,,,,,,,,,,,,,
US_UTILITIES,EXC,PPL,Exelon Corporation,PPL Corporation,-3.0845018660908616,0.027721582901739813,0.05,6.25339925810451e-05,False,1.1827653144706627,-0.42901082924837874,,,,,,,,,,,,,,
US_UTILITIES,PEG,SO,Public Service Enterprise Group,Southern Company (The),-3.0749075940159614,0.02846673340592118,0.05,6.25339925810451e-05,False,0.5243432154128312,2.0294606710948355,,,,,,,,,,,,,,
US_UTILITIES,WEC,XEL,"WEC Energy Group, Inc.",Xcel Energy Inc.,-3.0687999441748914,0.028949958763684246,0.05,6.25339925810451e-05,False,0.897773112792398,0.8138429355062833,,,,,,,,,,,,,,
US_UTILITIES,DUK,XEL,Duke Energy Corporation (Holdin,Xcel Energy Inc.,-3.0485973590509556,0.030598563653299625,0.05,6.25339925810451e-05,False,0.5903060771964048,2.2387691154773246,,,,,,,,,,,,,,
US_UTILITIES,AEP,ES,American Electric Power Company,Eversource Energy (D/B/A),-3.0386889279190683,0.03143592433561072,0.05,6.25339925810451e-05,False,1.5118833440718744,-1.5874199281118164,,,,,,,,,,,,,,
US_UTILITIES,ES,SO,Eversource Energy (D/B/A),Southern Company (The),-2.9972257458814653,0.035154294193842604,0.05,6.25339925810451e-05,False,1.5265985440800856,-2.674215544821015,,,,,,,,,,,,,,
US_UTILITIES,DUK,ES,Duke Energy Corporation (Holdin,Eversource Energy (D/B/A),-2.9837030631604904,0.03644461260986986,0.05,6.25339925810451e-05,False,0.7941406635387013,1.451191744498582,,,,,,,,,,,,,,
US_UTILITIES,DUK,WEC,Duke Energy Corporation (Holdin,"WEC Energy Group, Inc.",-2.9706662298696775,0.037726102713499375,0.05,6.25339925810451e-05,False,0.6671326369672276,1.659449139054316,,,,,,,,,,,,,,
US_UTILITIES,D,ES,"Dominion Energy, Inc.",Eversource Energy (D/B/A),-2.8854051427599927,0.047071694442711906,0.05,6.25339925810451e-05,False,0.9782849154162928,-0.0322294109006096,,,,,,,,,,,,,,
US_UTILITIES,AEE,PPL,Ameren Corporation,PPL Corporation,-2.8822348987775124,0.0474531813824169,0.05,6.25339925810451e-05,False,1.3642384554708442,-0.24070434042162336,,,,,,,,,,,,,,
US_UTILITIES,AEE,EXC,Ameren Corporation,Exelon Corporation,-2.8545365499845365,0.05089596398265179,0.05,6.25339925810451e-05,False,1.162812387190578,0.21934132913916393,,,,,,,,,,,,,,
US_UTILITIES,AEE,XEL,Ameren Corporation,Xcel Energy Inc.,-2.7639575512943617,0.06360946315567145,0.05,6.25339925810451e-05,False,0.98570628634252,0.3752263240697289,,,,,,,,,,,,,,
US_UTILITIES,DUK,FE,Duke Energy Corporation (Holdin,FirstEnergy Corp.,-2.7384298914722645,0.06762101090534468,0.05,6.25339925810451e-05,False,0.7849978971827178,1.8073710337855395,,,,,,,,,,,,,,
US_UTILITIES,AEE,DUK,Ameren Corporation,Duke Energy Corporation (Holdin,-2.706960712554631,0.07284148765651703,0.05,6.25339925810451e-05,False,1.6614090430523072,-3.323343835835794,,,,,,,,,,,,,,
US_UTILITIES,AEE,WEC,Ameren Corporation,"WEC Energy Group, Inc.",-2.6838072530089248,0.07688248038915554,0.05,6.25339925810451e-05,False,1.0956711227801097,-0.5078668369310524,,,,,,,,,,,,,,
US_UTILITIES,AEP,FE,American Electric Power Company,FirstEnergy Corp.,-2.662839869872503,0.0806922653868305,0.05,6.25339925810451e-05,False,1.4460688392045693,-0.7292315569583945,,,,,,,,,,,,,,
US_UTILITIES,EXC,XEL,Exelon Corporation,Xcel Energy Inc.,-2.6497691431569685,0.08314095016908662,0.05,6.25339925810451e-05,False,0.8430092175965818,0.1538019639306123,,,,,,,,,,,,,,
US_UTILITIES,AEE,SO,Ameren Corporation,Southern Company (The),-2.6026155804582993,0.09245788425433471,0.05,6.25339925810451e-05,False,2.030890778508321,-4.515086768864921,,,,,,,,,,,,,,
US_UTILITIES,D,FE,"Dominion Energy, Inc.",FirstEnergy Corp.,-2.6001465797121592,0.09296697617731953,0.05,6.25339925810451e-05,False,0.9574843705242099,0.44202374410271705,,,,,,,,,,,,,,
US_UTILITIES,ED,ES,"Consolidated Edison, Inc.",Eversource Energy (D/B/A),-2.5429649747203413,0.10536728917591204,0.05,6.25339925810451e-05,False,0.708698548159923,1.6553927689822334,,,,,,,,,,,,,,
US_UTILITIES,SO,WEC,Southern Company (The),"WEC Energy Group, Inc.",-2.5395178248399426,0.10615282373236945,0.05,6.25339925810451e-05,False,0.5563981283068586,1.8954266749125224,,,,,,,,,,,,,,
US_UTILITIES,AEP,SO,American Electric Power Company,Southern Company (The),-2.510269170408132,0.11299567636453833,0.05,6.25339925810451e-05,False,2.2327940318619186,-5.2953447533882425,,,,,,,,,,,,,,
US_UTILITIES,ES,XEL,Eversource Energy (D/B/A),Xcel Energy Inc.,-2.5069284450269067,0.11379764753792576,0.05,6.25339925810451e-05,False,0.6904485985853882,1.2146979371562017,,,,,,,,,,,,,,
US_UTILITIES,SO,XEL,Southern Company (The),Xcel Energy Inc.,-2.497903220230741,0.11598532782406124,0.05,6.25339925810451e-05,False,0.4805446971595044,2.4282542049536864,,,,,,,,,,,,,,
US_UTILITIES,EXC,SO,Exelon Corporation,Southern Company (The),-2.38298496303841,0.14659647667144055,0.05,6.25339925810451e-05,False,1.7053486668859945,-3.8880750752687576,,,,,,,,,,,,,,
US_UTILITIES,D,XEL,"Dominion Energy, Inc.",Xcel Energy Inc.,-2.3765259622585364,0.1484716770025737,0.05,6.25339925810451e-05,False,0.70248051106491,1.0421393465226023,,,,,,,,,,,,,,
US_UTILITIES,FE,SO,FirstEnergy Corp.,Southern Company (The),-2.3480612751742216,0.15693521117568637,0.05,6.25339925810451e-05,False,1.5739418606623004,-3.290783489807195,,,,,,,,,,,,,,
US_UTILITIES,ES,WEC,Eversource Energy (D/B/A),"WEC Energy Group, Inc.",-2.275736747268903,0.17991278807286448,0.05,6.25339925810451e-05,False,0.7758766667851908,0.5574821992578043,,,,,,,,,,,,,,
US_UTILITIES,ES,EXC,Eversource Energy (D/B/A),Exelon Corporation,-2.269476579993667,0.1820013960829422,0.05,6.25339925810451e-05,False,0.8331337356777722,1.0364223654529385,,,,,,,,,,,,,,
US_UTILITIES,AEP,ED,American Electric Power Company,"Consolidated Edison, Inc.",-2.2382259068164836,0.192665229861258,0.05,6.25339925810451e-05,False,2.0490064873925755,-4.732779984856613,,,,,,,,,,,,,,
US_UTILITIES,ES,PPL,Eversource Energy (D/B/A),PPL Corporation,-2.2269670725243906,0.19660393328005488,0.05,6.25339925810451e-05,False,1.0299594833927603,0.5231331142572313,,,,,,,,,,,,,,
US_UTILITIES,AEP,PPL,American Electric Power Company,PPL Corporation,-2.2187684128649363,0.19950425798128402,0.05,6.25339925810451e-05,False,1.5362061579705444,-0.723140865569583,,,,,,,,,,,,,,
US_UTILITIES,AEE,ES,Ameren Corporation,Eversource Energy (D/B/A),-2.2164760225551734,0.20032004677690662,0.05,6.25339925810451e-05,False,1.4657082925677147,-1.5160188068754854,,,,,,,,,,,,,,
US_UTILITIES,D,SO,"Dominion Energy, Inc.",Southern Company (The),-2.204672236682372,0.2045540769474452,0.05,6.25339925810451e-05,False,1.4629962097854121,-2.512725667015771,,,,,,,,,,,,,,
US_UTILITIES,FE,XEL,FirstEnergy Corp.,Xcel Energy Inc.,-2.1893026275579164,0.210150869856903,0.05,6.25339925810451e-05,False,0.7203075184726088,0.6831190897361061,,,,,,,,,,,,,,
US_UTILITIES,ED,EXC,"Consolidated Edison, Inc.",Exelon Corporation,-2.1757183330129735,0.21517602214092074,0.05,6.25339925810451e-05,False,0.6401451730418924,2.205580938364867,,,,,,,,,,,,,,
US_UTILITIES,ED,SO,"Consolidated Edison, Inc.",Southern Company (The),-2.151149508576145,0.22445034669420338,0.05,6.25339925810451e-05,False,1.1436433172595566,-0.514862668619184,,,,,,,,,,,,,,
US_UTILITIES,D,DUK,"Dominion Energy, Inc.",Duke Energy Corporation (Holdin,-2.1427911639982384,0.22765963515836735,0.05,6.25339925810451e-05,False,1.2150975530218573,-1.740583740873216,,,,,,,,,,,,,,
US_UTILITIES,AEE,D,Ameren Corporation,"Dominion Energy, Inc.",-2.091692328655464,0.2478682531273536,0.05,6.25339925810451e-05,False,1.4138575835685279,-1.129838935367233,,,,,,,,,,,,,,
US_UTILITIES,AEP,WEC,American Electric Power Company,"WEC Energy Group, Inc.",-2.0564981815894985,0.2623626266803575,0.05,6.25339925810451e-05,False,1.2113767572449876,-0.9209181398641793,,,,,,,,,,,,,,
US_UTILITIES,ED,FE,"Consolidated Edison, Inc.",FirstEnergy Corp.,-2.048728546276003,0.2656241706658312,0.05,6.25339925810451e-05,False,0.7131508771116685,1.9263320384454894,,,,,,,,,,,,,,
US_UTILITIES,ED,PPL,"Consolidated Edison, Inc.",PPL Corporation,-2.0269619053658436,0.2748777787216484,0.05,6.25339925810451e-05,False,0.758731077356407,1.9253913138754641,,,,,,,,,,,,,,
US_UTILITIES,AEE,ED,Ameren Corporation,"Consolidated Edison, Inc.",-1.994785447129303,0.28886416911150864,0.05,6.25339925810451e-05,False,1.9407084803587464,-4.355948452058343,,,,,,,,,,,,,,
US_UTILITIES,AEE,AEP,Ameren Corporation,American Electric Power Company,-1.9906304543493403,0.290696369224193,0.05,6.25339925810451e-05,False,0.9150121803110683,0.2761275725753629,,,,,,,,,,,,,,
US_UTILITIES,DUK,ED,Duke Energy Corporation (Holdin,"Consolidated Edison, Inc.",-1.9404428794197974,0.3132810825970129,0.05,6.25339925810451e-05,False,1.050167489443651,-0.08140835616407749,,,,,,,,,,,,,,
US_UTILITIES,AEE,FE,Ameren Corporation,FirstEnergy Corp.,-1.900786979867676,0.3316909811671048,0.05,6.25339925810451e-05,False,1.3924431929749765,-0.6488440714655122,,,,,,,,,,,,,,
US_UTILITIES,ED,WEC,"Consolidated Edison, Inc.","WEC Energy Group, Inc.",-1.8941738687667682,0.3348068511045975,0.05,6.25339925810451e-05,False,0.5833781814447419,1.896330760540073,,,,,,,,,,,,,,
US_UTILITIES,ED,XEL,"Consolidated Edison, Inc.",Xcel Energy Inc.,-1.8924827258137638,0.3356056955521173,0.05,6.25339925810451e-05,False,0.4809815477351731,2.5514064048564666,,,,,,,,,,,,,,
US_UTILITIES,FE,WEC,FirstEnergy Corp.,"WEC Energy Group, Inc.",-1.8788481840872278,0.342076071657069,0.05,6.25339925810451e-05,False,0.8029842421110805,0.027127678329282645,,,,,,,,,,,,,,
US_UTILITIES,FE,PPL,FirstEnergy Corp.,PPL Corporation,-1.8573011942045032,0.35240669248048606,0.05,6.25339925810451e-05,False,1.0527155134909103,0.037853255765618155,,,,,,,,,,,,,,
US_UTILITIES,AEP,XEL,American Electric Power Company,Xcel Energy Inc.,-1.8263776914063514,0.36744675269629895,0.05,6.25339925810451e-05,False,1.0759262883622078,0.11392805727300548,,,,,,,,,,,,,,
US_UTILITIES,D,WEC,"Dominion Energy, Inc.","WEC Energy Group, Inc.",-1.7880193153419273,0.38642578382726034,0.05,6.25339925810451e-05,False,0.78147193119096,0.4099220407496871,,,,,,,,,,,,,,
US_UTILITIES,D,PPL,"Dominion Energy, Inc.",PPL Corporation,-1.6927888142758247,0.4348316743137889,0.05,6.25339925810451e-05,False,1.002915965098842,0.49590726234944915,,,,,,,,,,,,,,
US_UTILITIES,AEP,EXC,American Electric Power Company,Exelon Corporation,-1.6713620918892587,0.4459246879161779,0.05,6.25339925810451e-05,False,1.2788688920339897,-0.09192268474851062,,,,,,,,,,,,,,
US_UTILITIES,EXC,FE,Exelon Corporation,FirstEnergy Corp.,-1.6155732190566159,0.47505083897711126,0.05,6.25339925810451e-05,False,1.1604953858343963,-0.6090355184986387,,,,,,,,,,,,,,
US_UTILITIES,D,ED,"Dominion Energy, Inc.","Consolidated Edison, Inc.",-1.5745799239531653,0.49634901024632316,0.05,6.25339925810451e-05,False,1.3502259296680128,-2.179162656089842,,,,,,,,,,,,,,
US_UTILITIES,D,EXC,"Dominion Energy, Inc.",Exelon Corporation,-1.0164761370502746,0.7472076762162928,0.05,6.25339925810451e-05,False,0.822283140420305,0.9548347194930229,,,,,,,,,,,,,,
