sector,ticker_a,ticker_b,name_a,name_b,eg_adf_stat,eg_pvalue,fdr_level,bh_critical_pvalue,passes_bh,hedge_ratio_beta,intercept_alpha,half_life_days,ar1_alpha,ar1_beta,zscore_window,latest_zscore,max_abs_zscore,threshold_breached,breach_date,ar1_sign_agreement_recent,ar1_latest_residual,zscore_delta_latest,zscore_delta2_latest,zscore_turning_recent,momentum_read
CA_BANKS,BNS.TO,RY.TO,BANK OF NOVA SCOTIA,ROYAL BANK OF CANADA,-3.6020175704768236,0.005722573073950336,0.05,,False,1.1143128611330388,-1.4606858162838963,,,,,,,,,,,,,,
CA_BANKS,NA.TO,RY.TO,NATIONAL BANK OF CANADA,ROYAL BANK OF CANADA,-3.1455575428063587,0.02336033427274336,0.05,,False,1.0986315861276978,-0.7838809506437325,,,,,,,,,,,,,,
CA_BANKS,CM.TO,NA.TO,CANADIAN IMPERIAL BANK OF COMME,NATIONAL BANK OF CANADA,-2.654620845326726,0.08222535433215,0.05,,False,1.2739936556859506,-1.716937123243527,,,,,,,,,,,,,,
CA_BANKS,BNS.TO,NA.TO,BANK OF NOVA SCOTIA,NATIONAL BANK OF CANADA,-2.6003322855322746,0.09292861022284582,0.05,,False,1.015633335183597,-0.6723376286684424,,,,,,,,,,,,,,
CA_BANKS,BNS.TO,CM.TO,BANK OF NOVA SCOTIA,CANADIAN IMPERIAL BANK OF COMME,-2.453170717628625,0.12728797890027405,0.05,,False,0.7972372569469319,0.6962616516767057,,,,,,,,,,,,,,
CA_BANKS,BMO.TO,CM.TO,BANK OF MONTREAL,CANADIAN IMPERIAL BANK OF COMME,-2.363506977351287,0.1523022369032619,0.05,,False,0.8570601436517437,1.0732309930284183,,,,,,,,,,,,,,
CA_BANKS,RY.TO,TD.TO,ROYAL BANK OF CANADA,TORONTO-DOMINION BANK,-2.3238141024935546,0.16440243050992698,0.05,,False,0.721440091613525,1.9170806389629456,,,,,,,,,,,,,,
CA_BANKS,BMO.TO,RY.TO,BANK OF MONTREAL,ROYAL BANK OF CANADA,-2.1993260647460455,0.2064901474012097,0.05,,False,1.2035350352204588,-1.2747934476895608,,,,,,,,,,,,,,
CA_BANKS,BMO.TO,TD.TO,BANK OF MONTREAL,TORONTO-DOMINION BANK,-2.155008764874474,0.2229777843639425,0.05,,False,0.8681769241799274,1.0329439065238541,,,,,,,,,,,,,,
CA_BANKS,CM.TO,TD.TO,CANADIAN IMPERIAL BANK OF COMME,TORONTO-DOMINION BANK,-2.086001410751236,0.2501806320501976,0.05,,False,1.0158881709179544,-0.060331958574836975,,,,,,,,,,,,,,
CA_BANKS,BMO.TO,NA.TO,BANK OF MONTREAL,NATIONAL BANK OF CANADA,-2.0631858052289203,0.25957300506549086,0.05,,False,1.0964639240939607,-0.4208989668322296,,,,,,,,,,,,,,
CA_BANKS,NA.TO,TD.TO,NATIONAL BANK OF CANADA,TORONTO-DOMINION BANK,-2.0573896698927907,0.2619898090683568,0.05,,False,0.7916033438214877,1.3268226267223766,,,,,,,,,,,,,,
CA_BANKS,CM.TO,RY.TO,CANADIAN IMPERIAL BANK OF COMME,ROYAL BANK OF CANADA,-1.9945429394432586,0.28897094423341474,0.05,,False,1.3974740282373574,-2.7042560071002466,,,,,,,,,,,,,,
CA_BANKS,BMO.TO,BNS.TO,BANK OF MONTREAL,BANK OF NOVA SCOTIA,-1.9676501668908537,0.30093496249079144,0.05,,False,1.07775557815388,0.3129072851521588,,,,,,,,,,,,,,
CA_BANKS,BNS.TO,TD.TO,BANK OF NOVA SCOTIA,TORONTO-DOMINION BANK,-1.7227084065421867,0.4194520300203565,0.05,,False,0.8033794397989373,0.6779651610046238,,,,,,,,,,,,,,
CA_ENERGY,CNQ.TO,SU.TO,CDN NATURAL RES,SUNCOR ENERGY INC.,-2.685778952193587,0.07653162568877975,0.05,,False,0.7626072173386145,0.723898401822566,,,,,,,,,,,,,,
CA_ENERGY,CVE.TO,IMO.TO,CENOVUS ENERGY INC.,IMPERIAL OIL,-2.3748070783743507,0.14897352496835536,0.05,,False,1.036340907207509,-1.758974720478875,,,,,,,,,,,,,,
CA_ENERGY,CVE.TO,SU.TO,CENOVUS ENERGY INC.,SUNCOR ENERGY INC.,-2.3721728869608545,0.149744906474012,0.05,,False,1.1491384184452191,-1.4976507256384997,,,,,,,,,,,,,,
CA_ENERGY,CNQ.TO,CVE.TO,CDN NATURAL RES,CENOVUS ENERGY INC.,-2.329805432098149,0.16253521101669932,0.05,,False,0.6687266056513969,1.7017618972419917,,,,,,,,,,,,,,
CA_ENERGY,CNQ.TO,IMO.TO,CDN NATURAL RES,IMPERIAL OIL,-2.2281082973375588,0.19620236612327058,0.05,,False,0.6711041536438005,0.6292849107533653,,,,,,,,,,,,,,
CA_ENERGY,IMO.TO,SU.TO,IMPERIAL OIL,SUNCOR ENERGY INC.,-1.82249111989241,0.36935402285930446,0.05,,False,1.1046141075148281,0.2692502992177799,,,,,,,,,,,,,,
CH_FINANCIALS,BAER.SW,UBSG.SW,JULIUS BAER N,UBS GROUP N,-3.081166355535848,0.027978723325186715,0.05,,False,0.7820375525828968,1.3611633623150534,,,,,,,,,,,,,,
CH_FINANCIALS,BAER.SW,ZURN.SW,JULIUS BAER N,ZURICH INSURANCE N,-2.730150026101503,0.0689647235439426,0.05,,False,1.4704890425199078,-5.19408789486842,,,,,,,,,,,,,,
CH_FINANCIALS,BAER.SW,SLHN.SW,JULIUS BAER N,SWISS LIFE HOLDING AG N,-2.378206618314837,0.14798213494008977,0.05,,False,0.9085480289473739,-2.0299933442826505,,,,,,,,,,,,,,
CH_FINANCIALS,UBSG.SW,ZURN.SW,UBS GROUP N,ZURICH INSURANCE N,-2.298819088502964,0.17234912185273982,0.05,,False,2.118832072440202,-9.870605648366743,,,,,,,,,,,,,,
CH_FINANCIALS,SLHN.SW,ZURN.SW,SWISS LIFE HOLDING AG N,ZURICH INSURANCE N,-2.1538086638831158,0.2234350755409839,0.05,,False,1.5059895173884752,-2.780450803266975,,,,,,,,,,,,,,
CH_FINANCIALS,SLHN.SW,UBSG.SW,SWISS LIFE HOLDING AG N,UBS GROUP N,-2.0581169926842753,0.26168586093191115,0.05,,False,0.8302482043404847,3.8347505677130402,,,,,,,,,,,,,,
CH_PHARMA_LIFESCIENCE,LONN.SW,NOVN.SW,LONZA N,NOVARTIS N,-4.71494321222457,7.887845624190287e-05,0.05,7.887845624190287e-05,True,-0.24700689364148457,7.410186891207819,10.868549734128251,0.0004422241249718104,-0.06377549880306468,33.0,-0.3705436071002391,3.2631928747525216,False,,0.2,0.030020435292531508,0.5861486975849968,0.3653513428321885,True,mixed signal
CONSUMER,EZJ.L,MKS.L,EASYJET PLC ORD 27 2/7P,MARKS AND SPENCER GROUP PLC ORD,-3.950235561922873,0.0016947216599166126,0.05,0.007329944176424702,True,3.370105466893216,-13.620668211323462,16.891234243356504,-0.0013275391144067904,-0.04103591073177895,51.0,1.0848667631635471,2.410068883069313,False,,0.4,-0.0349543690967775,-0.36214541348711204,0.6009112929315419,True,mixed signal
CONSUMER,ABF.L,DNLM.L,ASSOCIATED BRITISH FOODS PLC OR,DUNELM GROUP PLC ORD 1P,-3.931665500718401,0.0018137790246121725,0.05,0.007329944176424702,True,0.5780110177219673,3.6229104593624264,12.73413714825611,-0.00014379309565463032,-0.05443220631991301,38.0,-1.4717304369799111,4.010575827315002,False,,0.6,0.018000422626155078,0.7124745914273156,0.97582170984959,False,mixed signal
CONSUMER,MKS.L,WTB.L,MARKS AND SPENCER GROUP PLC ORD,WHITBREAD PLC ORD 76 122/153P,-3.8869353841127223,0.002133127232388389,0.05,0.007329944176424702,True,0.2661393301109917,3.7628471105214443,18.24607787036031,0.0005722097540954993,-0.03798883165383846,55.0,-0.9769866667846343,2.811701353902213,True,2026-09-18 00:00:00,0.6,0.015327097708191401,0.5057280413346463,-0.8232586044482861,True,reversion signs agree
CONSUMER,DOM.L,MKS.L,DOMINO'S PIZZA GROUP PLC ORD 25,MARKS AND SPENCER GROUP PLC ORD,-3.8650112338051925,0.002307978949944901,0.05,0.007329944176424702,True,152.62244842551942,-890.9095354144226,17.48702552697475,-0.07650840257214639,-0.03963779771984238,52.0,1.0874068864474031,2.608887830936023,True,2026-09-18 00:00:00,0.8,-2.267004344887747,-0.4170388073395872,0.6874033298094453,True,reversion signs agree
CONSUMER,MKS.L,PETS.L,MARKS AND SPENCER GROUP PLC ORD,PETS AT HOME GROUP PLC ORD 1P,-3.8533797300781774,0.0024060337999456784,0.05,0.007329944176424702,True,-0.026000964504441178,6.014746163902756,17.391416563029235,0.00046870663461648094,-0.03985570571827031,52.0,-1.038312356266354,2.567365135389054,True,2026-09-18 00:00:00,0.8,0.015378215913907606,0.4242545791524197,-0.6805436208178604,True,reversion signs agree
CONSUMER,GRG.L,MKS.L,GREGGS PLC ORD 2P,MARKS AND SPENCER GROUP PLC ORD,-3.8469566237429547,0.0024618164352565677,0.05,0.007329944176424702,True,-72.003620552818,430.487288438113,17.435456622415654,0.03463131878628618,-0.03975503455807462,52.0,-1.042870710623103,2.5391440764404813,True,2026-09-18 00:00:00,0.8,1.0899094761426986,0.41496244831765616,-0.666348469182066,True,reversion signs agree
CONSUMER,IHG.L,MKS.L,INTERCONTINENTAL HOTELS GROUP P,MARKS AND SPENCER GROUP PLC ORD,-3.844421020737786,0.002484164200935018,0.05,0.007329944176424702,True,12.469997289034888,-68.42549955465826,17.810922780048312,-0.005298420094833858,-0.0389169718559672,53.0,1.0090222034607275,2.531982365861433,True,2026-09-18 00:00:00,0.6,-0.17670944811240064,-0.42246133241301376,0.6780374975746779,True,reversion signs agree
CONSUMER,BME.L,MKS.L,B&M EUROPEAN VALUE RETAIL PLC O,MARKS AND SPENCER GROUP PLC ORD,-3.8441769435665925,0.002486325248301456,0.05,0.007329944176424702,True,-123.68815940496613,732.0146463718198,17.479946213061606,0.05973850369566244,-0.0396538508821041,52.0,-1.0481833805409178,2.5727848349568565,True,2026-09-18 00:00:00,0.8,1.8677295249072747,0.41956668015863974,-0.6854680940986593,True,reversion signs agree
CONSUMER,DNLM.L,MKS.L,DUNELM GROUP PLC ORD 1P,MARKS AND SPENCER GROUP PLC ORD,-3.821789878045622,0.002692080717804797,0.05,0.007329944176424702,True,23.124662231551454,-128.8634474253996,17.881346733772276,-0.011993822249396385,-0.038763701128327596,54.0,1.003693840435804,2.6238128914050187,True,2026-09-18 00:00:00,0.6,-0.3536708500678219,-0.46798080722120905,0.6841574365267966,True,reversion signs agree
CONSUMER,ABF.L,MKS.L,ASSOCIATED BRITISH FOODS PLC OR,MARKS AND SPENCER GROUP PLC ORD,-3.8065893607632817,0.002840612168414069,0.05,0.007329944176424702,True,-6.366949856326824,45.03642861182413,16.910617879452886,0.0026921046761356282,-0.04098887370651006,51.0,-1.2415086679732523,2.6977572961423713,True,2026-09-18 00:00:00,0.6,0.10718614294121893,0.45191541453089146,-0.552417799107336,True,reversion signs agree
CONSUMER,DOM.L,TSCO.L,DOMINO'S PIZZA GROUP PLC ORD 25,TESCO PLC ORD 6 1/3P,-3.702284273239057,0.00408113827740946,0.05,0.007329944176424702,True,-1.9225923973114136,16.99469610265123,14.303364391287335,0.0005208997610567833,-0.04846042942051905,43.0,1.2401608606052552,2.8611720314149944,False,,0.4,0.020003880924888216,0.07564402011145788,-0.510379421563976,False,mixed signal
CONSUMER,MKS.L,NXT.L,MARKS AND SPENCER GROUP PLC ORD,NEXT PLC ORD 10P,-3.6685340257587424,0.00457816246917256,0.05,0.007329944176424702,True,0.13050444512496984,4.652402421066347,18.905248028778296,0.00037458333052703375,-0.03666427330150919,57.0,-1.0303390067601088,2.5927552339250117,True,2026-09-18 00:00:00,0.8,0.012328045299309255,0.4422754813407226,-0.6778652644834577,True,reversion signs agree
CONSUMER,MKS.L,SBRY.L,MARKS AND SPENCER GROUP PLC ORD,SAINSBURY (J) PLC ORD 28 4/7P,-3.5586922637698124,0.006601660301415305,0.05,0.007329944176424702,True,0.16334322912407004,4.945634620422904,19.663718648082583,0.0004328402954992417,-0.03525005584981426,59.0,-1.067762800756862,2.718602703255635,True,2026-09-18 00:00:00,0.8,0.013431292000346751,0.4527144824141329,-0.7454109376705069,True,reversion signs agree
CONSUMER,MKS.L,TSCO.L,MARKS AND SPENCER GROUP PLC ORD,TESCO PLC ORD 6 1/3P,-3.5265879911091282,0.007329944176424702,0.05,0.007329944176424702,True,0.15717700101065452,4.931671814509631,19.5566325189701,0.00037227477423762173,-0.0354430743578981,59.0,-1.1785742415827607,2.744917404372099,True,2026-09-18 00:00:00,0.8,0.014326820586955027,0.4623915432787571,-0.6415600762318241,True,reversion signs agree
CONSUMER,BME.L,TSCO.L,B&M EUROPEAN VALUE RETAIL PLC O,TESCO PLC ORD 6 1/3P,-3.3746656788198326,0.011853438067406923,0.05,0.007329944176424702,False,-3.038950422413152,23.77005637150419,,,,,,,,,,,,,,
CONSUMER,DOM.L,SBRY.L,DOMINO'S PIZZA GROUP PLC ORD 25,SAINSBURY (J) PLC ORD 28 4/7P,-3.3242777828263024,0.013827526635747671,0.05,0.007329944176424702,False,-2.3192494694325676,18.64812056500074,,,,,,,,,,,,,,
CONSUMER,DNLM.L,WTB.L,DUNELM GROUP PLC ORD 1P,WHITBREAD PLC ORD 76 122/153P,-3.3242598265179115,0.013828279054375829,0.05,0.007329944176424702,False,1.6213355433275627,-5.903522940861012,,,,,,,,,,,,,,
CONSUMER,DOM.L,NXT.L,DOMINO'S PIZZA GROUP PLC ORD 25,NEXT PLC ORD 10P,-3.2474648232895427,0.017396457184102543,0.05,0.007329944176424702,False,-1.6548190858671221,20.95784363354216,,,,,,,,,,,,,,
CONSUMER,ABF.L,PETS.L,ASSOCIATED BRITISH FOODS PLC OR,PETS AT HOME GROUP PLC ORD 1P,-3.2047907132223656,0.01970904325248193,0.05,0.007329944176424702,False,0.4765871325007234,5.047957709952918,,,,,,,,,,,,,,
CONSUMER,ABF.L,WTB.L,ASSOCIATED BRITISH FOODS PLC OR,WHITBREAD PLC ORD 76 122/153P,-3.1264006707493364,0.024660116205688292,0.05,0.007329944176424702,False,0.9045921946806874,0.46877879205366924,,,,,,,,,,,,,,
CONSUMER,IHG.L,PETS.L,INTERCONTINENTAL HOTELS GROUP P,PETS AT HOME GROUP PLC ORD 1P,-3.1005000336634585,0.02651620587821188,0.05,0.007329944176424702,False,-0.7002790159161429,8.625061588785517,,,,,,,,,,,,,,
CONSUMER,ABF.L,IHG.L,ASSOCIATED BRITISH FOODS PLC OR,INTERCONTINENTAL HOTELS GROUP P,-2.9993625292684607,0.03495397492161976,0.05,0.007329944176424702,False,-0.6364847599969413,10.705693741128641,,,,,,,,,,,,,,
CONSUMER,BME.L,DOM.L,B&M EUROPEAN VALUE RETAIL PLC O,DOMINO'S PIZZA GROUP PLC ORD 25,-2.8553772107527666,0.05078853401060072,0.05,0.007329944176424702,False,1.5729538136056702,-3.0504825215755,,,,,,,,,,,,,,
CONSUMER,EZJ.L,TSCO.L,EASYJET PLC ORD 27 2/7P,TESCO PLC ORD 6 1/3P,-2.80916336881085,0.0569767207097489,0.05,0.007329944176424702,False,-0.8213934143673765,11.093255131893104,,,,,,,,,,,,,,
CONSUMER,ABF.L,TSCO.L,ASSOCIATED BRITISH FOODS PLC OR,TESCO PLC ORD 6 1/3P,-2.7734147856384834,0.062172767978468185,0.05,0.007329944176424702,False,-0.5522368385061883,10.949999411206385,,,,,,,,,,,,,,
CONSUMER,PETS.L,TSCO.L,PETS AT HOME GROUP PLC ORD 1P,TESCO PLC ORD 6 1/3P,-2.746032118993622,0.06640576149340212,0.05,0.007329944176424702,False,-1.4186373307778288,13.940919614630797,,,,,,,,,,,,,,
CONSUMER,BME.L,GRG.L,B&M EUROPEAN VALUE RETAIL PLC O,GREGGS PLC ORD 2P,-2.6567222045996304,0.08183124306940481,0.05,0.007329944176424702,False,1.4626966178114054,-5.541333017961199,,,,,,,,,,,,,,
CONSUMER,BME.L,NXT.L,B&M EUROPEAN VALUE RETAIL PLC O,NEXT PLC ORD 10P,-2.651579824086817,0.08279832019480765,0.05,0.007329944176424702,False,-2.678228526358225,30.619408027724553,,,,,,,,,,,,,,
CONSUMER,EZJ.L,SBRY.L,EASYJET PLC ORD 27 2/7P,SAINSBURY (J) PLC ORD 28 4/7P,-2.648700961167347,0.08334359664245727,0.05,0.007329944176424702,False,-1.1504499958250742,12.705945576357877,,,,,,,,,,,,,,
CONSUMER,DOM.L,EZJ.L,DOMINO'S PIZZA GROUP PLC ORD 25,EASYJET PLC ORD 27 2/7P,-2.614572405575138,0.09002269469151675,0.05,0.007329944176424702,False,3.4081979936315365,-15.560418410233748,,,,,,,,,,,,,,
CONSUMER,ABF.L,NXT.L,ASSOCIATED BRITISH FOODS PLC OR,NEXT PLC ORD 10P,-2.6134049103996904,0.09025827371681538,0.05,0.007329944176424702,False,-0.3729973452299744,11.131132239529624,,,,,,,,,,,,,,
CONSUMER,ABF.L,BME.L,ASSOCIATED BRITISH FOODS PLC OR,B&M EUROPEAN VALUE RETAIL PLC O,-2.607834505979612,0.09138882136652432,0.05,0.007329944176424702,False,0.17016741039101305,6.694806826978367,,,,,,,,,,,,,,
CONSUMER,GRG.L,NXT.L,GREGGS PLC ORD 2P,NEXT PLC ORD 10P,-2.6065791026087255,0.0916451104203454,0.05,0.007329944176424702,False,-1.8848693758592452,25.225702732204958,,,,,,,,,,,,,,
CONSUMER,GRG.L,TSCO.L,GREGGS PLC ORD 2P,TESCO PLC ORD 6 1/3P,-2.6042958050210325,0.09211265834699606,0.05,0.007329944176424702,False,-2.2778709321220814,21.23878091087225,,,,,,,,,,,,,,
CONSUMER,BME.L,SBRY.L,B&M EUROPEAN VALUE RETAIL PLC O,SAINSBURY (J) PLC ORD 28 4/7P,-2.5915723049990476,0.09475164095403055,0.05,0.007329944176424702,False,-4.250199775479685,29.701525538183045,,,,,,,,,,,,,,
CONSUMER,SBRY.L,TSCO.L,SAINSBURY (J) PLC ORD 28 4/7P,TESCO PLC ORD 6 1/3P,-2.5814286390363215,0.09689665839971517,0.05,0.007329944176424702,False,0.8597839986661584,0.5283347809748964,,,,,,,,,,,,,,
CONSUMER,ABF.L,GRG.L,ASSOCIATED BRITISH FOODS PLC OR,GREGGS PLC ORD 2P,-2.5775518755450237,0.09772615996699896,0.05,0.007329944176424702,False,0.2524926916575278,5.7245971034022025,,,,,,,,,,,,,,
CONSUMER,DNLM.L,PETS.L,DUNELM GROUP PLC ORD 1P,PETS AT HOME GROUP PLC ORD 1P,-2.5740364128782316,0.09848301781383562,0.05,0.007329944176424702,False,0.8171000703813078,2.5058684393050745,,,,,,,,,,,,,,
CONSUMER,NXT.L,TSCO.L,NEXT PLC ORD 10P,TESCO PLC ORD 6 1/3P,-2.5655072564102883,0.10033780489694488,0.05,0.007329944176424702,False,1.1810575484107797,2.2796369596693644,,,,,,,,,,,,,,
CONSUMER,IHG.L,WTB.L,INTERCONTINENTAL HOTELS GROUP P,WHITBREAD PLC ORD 76 122/153P,-2.5110089933591766,0.11281864422624255,0.05,0.007329944176424702,False,-1.6238783051829395,17.690432307720798,,,,,,,,,,,,,,
CONSUMER,EZJ.L,GRG.L,EASYJET PLC ORD 27 2/7P,GREGGS PLC ORD 2P,-2.4999942921127274,0.11547571355548414,0.05,0.007329944176424702,False,0.19591700884173643,4.6850824395538355,,,,,,,,,,,,,,
CONSUMER,NXT.L,SBRY.L,NEXT PLC ORD 10P,SAINSBURY (J) PLC ORD 28 4/7P,-2.4656860807675023,0.1240480251625461,0.05,0.007329944176424702,False,1.436037838014011,1.1996917701759937,,,,,,,,,,,,,,
CONSUMER,DNLM.L,IHG.L,DUNELM GROUP PLC ORD 1P,INTERCONTINENTAL HOTELS GROUP P,-2.4512222780677044,0.1277978606804423,0.05,0.007329944176424702,False,-1.2282250350184523,12.86535022351186,,,,,,,,,,,,,,
CONSUMER,EZJ.L,PETS.L,EASYJET PLC ORD 27 2/7P,PETS AT HOME GROUP PLC ORD 1P,-2.4429616530658587,0.12997600078438487,0.05,0.007329944176424702,False,0.4650016328222967,3.6419015906556975,,,,,,,,,,,,,,
CONSUMER,ABF.L,EZJ.L,ASSOCIATED BRITISH FOODS PLC OR,EASYJET PLC ORD 27 2/7P,-2.421398432274861,0.1357877134404043,0.05,0.007329944176424702,False,0.5078605482124496,4.506962326988987,,,,,,,,,,,,,,
CONSUMER,ABF.L,DOM.L,ASSOCIATED BRITISH FOODS PLC OR,DOMINO'S PIZZA GROUP PLC ORD 25,-2.4193635511038156,0.13634560444811783,0.05,0.007329944176424702,False,0.2095030346702715,6.494299595978694,,,,,,,,,,,,,,
CONSUMER,PETS.L,WTB.L,PETS AT HOME GROUP PLC ORD 1P,WHITBREAD PLC ORD 76 122/153P,-2.4163533196459244,0.13717390116561456,0.05,0.007329944176424702,False,2.2876740830751268,-12.697745195637424,,,,,,,,,,,,,,
CONSUMER,ABF.L,SBRY.L,ASSOCIATED BRITISH FOODS PLC OR,SAINSBURY (J) PLC ORD 28 4/7P,-2.4110077610038094,0.13865362244109042,0.05,0.007329944176424702,False,-0.4249611690197026,10.055134489462095,,,,,,,,,,,,,,
CONSUMER,EZJ.L,NXT.L,EASYJET PLC ORD 27 2/7P,NEXT PLC ORD 10P,-2.380161316334524,0.14741419302142456,0.05,0.007329944176424702,False,-0.41977376031811353,10.0995994945443,,,,,,,,,,,,,,
CONSUMER,TSCO.L,WTB.L,TESCO PLC ORD 6 1/3P,WHITBREAD PLC ORD 76 122/153P,-2.379500472795871,0.1476060314052548,0.05,0.007329944176424702,False,-2.027153723427661,22.06501233798269,,,,,,,,,,,,,,
CONSUMER,BME.L,EZJ.L,B&M EUROPEAN VALUE RETAIL PLC O,EASYJET PLC ORD 27 2/7P,-2.3691466299552397,0.15063453480745564,0.05,0.007329944176424702,False,6.475991537477542,-34.40924077823221,,,,,,,,,,,,,,
CONSUMER,DNLM.L,TSCO.L,DUNELM GROUP PLC ORD 1P,TESCO PLC ORD 6 1/3P,-2.353659486572258,0.1552449104087399,0.05,0.007329944176424702,False,-1.3391807457008713,14.975347321895736,,,,,,,,,,,,,,
CONSUMER,GRG.L,SBRY.L,GREGGS PLC ORD 2P,SAINSBURY (J) PLC ORD 28 4/7P,-2.3431679208954033,0.1584230455121547,0.05,0.007329944176424702,False,-3.5350579129331283,27.668290465561277,,,,,,,,,,,,,,
CONSUMER,BME.L,PETS.L,B&M EUROPEAN VALUE RETAIL PLC O,PETS AT HOME GROUP PLC ORD 1P,-2.242991774834696,0.1910134003075158,0.05,0.007329944176424702,False,2.3654595979095028,-7.3089793465447865,,,,,,,,,,,,,,
CONSUMER,BME.L,WTB.L,B&M EUROPEAN VALUE RETAIL PLC O,WHITBREAD PLC ORD 76 122/153P,-2.2332860182762326,0.19438706141680506,0.05,0.007329944176424702,False,6.260735367519496,-44.079888028015816,,,,,,,,,,,,,,
CONSUMER,EZJ.L,WTB.L,EASYJET PLC ORD 27 2/7P,WHITBREAD PLC ORD 76 122/153P,-2.222202255442744,0.19828622005071256,0.05,0.007329944176424702,False,1.3929707442773696,-4.872991545220354,,,,,,,,,,,,,,
CONSUMER,NXT.L,PETS.L,NEXT PLC ORD 10P,PETS AT HOME GROUP PLC ORD 1P,-2.1494020208814337,0.22511905269457855,0.05,0.007329944176424702,False,-0.8231327586583905,13.834721338499147,,,,,,,,,,,,,,
CONSUMER,EZJ.L,IHG.L,EASYJET PLC ORD 27 2/7P,INTERCONTINENTAL HOTELS GROUP P,-2.1460390763739463,0.22640930967645684,0.05,0.007329944176424702,False,-0.7048294269873944,9.565571664533415,,,,,,,,,,,,,,
CONSUMER,NXT.L,WTB.L,NEXT PLC ORD 10P,WHITBREAD PLC ORD 76 122/153P,-2.138133812486357,0.2294597342839707,0.05,0.007329944176424702,False,-2.562636650225725,29.67544298764692,,,,,,,,,,,,,,
CONSUMER,PETS.L,SBRY.L,PETS AT HOME GROUP PLC ORD 1P,SAINSBURY (J) PLC ORD 28 4/7P,-2.106556528023305,0.24188637493342086,0.05,0.007329944176424702,False,-2.103844603051559,17.390012964765308,,,,,,,,,,,,,,
CONSUMER,GRG.L,PETS.L,GREGGS PLC ORD 2P,PETS AT HOME GROUP PLC ORD 1P,-2.0773722163246857,0.25371013887334726,0.05,0.007329944176424702,False,1.6532347560024852,-1.4046589421621807,,,,,,,,,,,,,,
CONSUMER,GRG.L,WTB.L,GREGGS PLC ORD 2P,WHITBREAD PLC ORD 76 122/153P,-2.0690657831531865,0.25713390414709636,0.05,0.007329944176424702,False,5.206305822314648,-33.69072855913672,,,,,,,,,,,,,,
CONSUMER,DNLM.L,NXT.L,DUNELM GROUP PLC ORD 1P,NEXT PLC ORD 10P,-2.0559192162173314,0.26260490423818106,0.05,0.007329944176424702,False,-0.9395503127712267,15.74226743920789,,,,,,,,,,,,,,
CONSUMER,DOM.L,GRG.L,DOMINO'S PIZZA GROUP PLC ORD 25,GREGGS PLC ORD 2P,-2.017267488188935,0.2790536041725492,0.05,0.007329944176424702,False,0.9107811285394197,-1.4383408091695618,,,,,,,,,,,,,,
CONSUMER,DNLM.L,SBRY.L,DUNELM GROUP PLC ORD 1P,SAINSBURY (J) PLC ORD 28 4/7P,-1.998141168336387,0.28738872638275076,0.05,0.007329944176424702,False,-3.230029313647928,25.295825230688642,,,,,,,,,,,,,,
CONSUMER,DOM.L,WTB.L,DOMINO'S PIZZA GROUP PLC ORD 25,WHITBREAD PLC ORD 76 122/153P,-1.9829171429417485,0.29411319921214013,0.05,0.007329944176424702,False,4.791651951079954,-32.518487447205146,,,,,,,,,,,,,,
CONSUMER,SBRY.L,WTB.L,SAINSBURY (J) PLC ORD 28 4/7P,WHITBREAD PLC ORD 76 122/153P,-1.9248229202949239,0.3204752266744304,0.05,0.007329944176424702,False,-2.279108748389055,23.751299548802642,,,,,,,,,,,,,,
CONSUMER,DNLM.L,EZJ.L,DUNELM GROUP PLC ORD 1P,EASYJET PLC ORD 27 2/7P,-1.7500760432657048,0.405513790018452,0.05,0.007329944176424702,False,1.3668165640579215,-1.4839487430330953,,,,,,,,,,,,,,
CONSUMER,DOM.L,PETS.L,DOMINO'S PIZZA GROUP PLC ORD 25,PETS AT HOME GROUP PLC ORD 1P,-1.649311149732632,0.4573997053720233,0.05,0.007329944176424702,False,1.5235454436627778,-2.8146135977117464,,,,,,,,,,,,,,
CONSUMER,IHG.L,TSCO.L,INTERCONTINENTAL HOTELS GROUP P,TESCO PLC ORD 6 1/3P,-1.638852667450088,0.46286037020705184,0.05,0.007329944176424702,False,0.9802938064712392,-1.0587086254750186,,,,,,,,,,,,,,
CONSUMER,DOM.L,IHG.L,DOMINO'S PIZZA GROUP PLC ORD 25,INTERCONTINENTAL HOTELS GROUP P,-1.5116210419341523,0.5277549431094705,0.05,0.007329944176424702,False,-2.6910344302149425,18.43131091404961,,,,,,,,,,,,,,
CONSUMER,BME.L,DNLM.L,B&M EUROPEAN VALUE RETAIL PLC O,DUNELM GROUP PLC ORD 1P,-1.497521743863808,0.5347369386083715,0.05,0.007329944176424702,False,4.0377360739993655,-22.5092249762001,,,,,,,,,,,,,,
CONSUMER,DNLM.L,GRG.L,DUNELM GROUP PLC ORD 1P,GREGGS PLC ORD 2P,-1.466546033366484,0.5499908927675076,0.05,0.007329944176424702,False,0.350532705954894,4.291351574050459,,,,,,,,,,,,,,
CONSUMER,DNLM.L,DOM.L,DUNELM GROUP PLC ORD 1P,DOMINO'S PIZZA GROUP PLC ORD 25,-1.4390943163887164,0.563397038844224,0.05,0.007329944176424702,False,0.36497515674769015,4.953902877587393,,,,,,,,,,,,,,
CONSUMER,IHG.L,SBRY.L,INTERCONTINENTAL HOTELS GROUP P,SAINSBURY (J) PLC ORD 28 4/7P,-1.4317784183083149,0.5669499286170131,0.05,0.007329944176424702,False,1.3324418645408898,-2.7530147181109843,,,,,,,,,,,,,,
CONSUMER,IHG.L,NXT.L,INTERCONTINENTAL HOTELS GROUP P,NEXT PLC ORD 10P,-1.3200577353280623,0.6199466520658112,0.05,0.007329944176424702,False,0.7284634830918584,-2.0008678308625525,,,,,,,,,,,,,,
CONSUMER,BME.L,IHG.L,B&M EUROPEAN VALUE RETAIL PLC O,INTERCONTINENTAL HOTELS GROUP P,-1.1092834256506472,0.7113556187837117,0.05,0.007329944176424702,False,-3.8514082842795987,24.10486695715094,,,,,,,,,,,,,,
CONSUMER,GRG.L,IHG.L,GREGGS PLC ORD 2P,INTERCONTINENTAL HOTELS GROUP P,-0.7006786846376915,0.8465736649387205,0.05,0.007329944176424702,False,-3.1923179376238457,22.96014135828138,,,,,,,,,,,,,,
DE_AUTO,BMW.DE,VOW3.DE,BAYERISCHE MOTOREN WERKE AG   S,VOLKSWAGEN AG                 V,-3.034147935705459,0.03182614559496288,0.05,,False,1.2895394679951062,-1.433644466340298,,,,,,,,,,,,,,
DE_AUTO,BMW.DE,MBG.DE,BAYERISCHE MOTOREN WERKE AG   S,Mercedes-Benz Group AG        N,-2.8714192991826697,0.04877391965201131,0.05,,False,1.5846364874416317,-1.8891104225321245,,,,,,,,,,,,,,
DE_AUTO,MBG.DE,VOW3.DE,Mercedes-Benz Group AG        N,VOLKSWAGEN AG                 V,-2.7423253012100064,0.06699611154663208,0.05,,False,0.8187829370072788,0.2651243745624807,,,,,,,,,,,,,,
DE_AUTO,CON.DE,MBG.DE,CONTINENTAL AG                I,Mercedes-Benz Group AG        N,-2.7187385194341966,0.07085143744670981,0.05,,False,8.14539891311293,-27.910856028467368,,,,,,,,,,,,,,
DE_AUTO,CON.DE,PAH3.DE,CONTINENTAL AG                I,Porsche Automobil Holding SE  I,-2.5173332940984343,0.11131370510908672,0.05,,False,-6.603723298010662,27.129322633497726,,,,,,,,,,,,,,
DE_AUTO,MBG.DE,PAH3.DE,Mercedes-Benz Group AG        N,Porsche Automobil Holding SE  I,-2.273423926968716,0.18068257317454994,0.05,,False,0.8706276457708044,0.8571559954549395,,,,,,,,,,,,,,
DE_AUTO,CON.DE,VOW3.DE,CONTINENTAL AG                I,VOLKSWAGEN AG                 V,-2.0205206265026754,0.2776486273032453,0.05,,False,5.3322826351815795,-19.795698550249327,,,,,,,,,,,,,,
DE_AUTO,BMW.DE,PAH3.DE,BAYERISCHE MOTOREN WERKE AG   S,Porsche Automobil Holding SE  I,-1.86860557426101,0.34697105360756614,0.05,,False,1.7685169099795397,-1.8954789097219056,,,,,,,,,,,,,,
DE_AUTO,PAH3.DE,VOW3.DE,Porsche Automobil Holding SE  I,VOLKSWAGEN AG                 V,-1.3986097763835852,0.5829424274231427,0.05,,False,0.8970620607596248,-0.4867341859241048,,,,,,,,,,,,,,
DE_AUTO,BMW.DE,CON.DE,BAYERISCHE MOTOREN WERKE AG   S,CONTINENTAL AG                I,-1.0960714614903977,0.716636015432342,0.05,,False,0.3171150074960776,3.0558567813805695,,,,,,,,,,,,,,
DE_BANKS_INSURANCE,CBK.DE,HNR1.DE,Commerzbank AG                I,HANNOVER RUECK SE NA O.N.,-3.426112696648284,0.010100255524664472,0.05,,False,12.392054313614498,-64.72601333848012,,,,,,,,,,,,,,
DE_BANKS_INSURANCE,DBK.DE,HNR1.DE,DEUTSCHE BANK AG              N,HANNOVER RUECK SE NA O.N.,-3.3518174954919617,0.012715261108721862,0.05,,False,10.134527403826201,-52.431970729499426,,,,,,,,,,,,,,
DE_BANKS_INSURANCE,ALV.DE,CBK.DE,Allianz SE                    v,Commerzbank AG                I,-3.2251426000144896,0.018574681301359582,0.05,,False,0.3769135688957451,4.564683494754573,,,,,,,,,,,,,,
DE_BANKS_INSURANCE,CBK.DE,DBK.DE,Commerzbank AG                I,DEUTSCHE BANK AG              N,-3.0984405681573786,0.026668808870572616,0.05,,False,1.232623190764799,-0.6449834539176953,,,,,,,,,,,,,,
DE_BANKS_INSURANCE,HNR1.DE,MUV2.DE,HANNOVER RUECK SE NA O.N.,MUENCHENER RUECKVERS.-GES. AG N,-2.9609085264740274,0.038709851140958554,0.05,,False,0.6421635473364585,1.4965069089112002,,,,,,,,,,,,,,
DE_BANKS_INSURANCE,ALV.DE,HNR1.DE,Allianz SE                    v,HANNOVER RUECK SE NA O.N.,-2.659981884116555,0.08122280830827516,0.05,,False,3.6849644519954596,-14.431016133907864,,,,,,,,,,,,,,
DE_BANKS_INSURANCE,DBK.DE,MUV2.DE,DEUTSCHE BANK AG              N,MUENCHENER RUECKVERS.-GES. AG N,-2.350477460296237,0.15620412821084173,0.05,,False,4.692563171342401,-26.00843623190936,,,,,,,,,,,,,,
DE_BANKS_INSURANCE,ALV.DE,DBK.DE,Allianz SE                    v,DEUTSCHE BANK AG              N,-2.136093877454009,0.23025084740248908,0.05,,False,0.45754316601671424,4.343354038690263,,,,,,,,,,,,,,
DE_BANKS_INSURANCE,CBK.DE,MUV2.DE,Commerzbank AG                I,MUENCHENER RUECKVERS.-GES. AG N,-1.6755507548595014,0.4437514359608995,0.05,,False,6.096407384140377,-34.63972661328587,,,,,,,,,,,,,,
DE_BANKS_INSURANCE,ALV.DE,MUV2.DE,Allianz SE                    v,MUENCHENER RUECKVERS.-GES. AG N,-1.258496316519412,0.6479400795922886,0.05,,False,1.9541989058634357,-6.3608134533069665,,,,,,,,,,,,,,
DE_CHEMICALS,BAS.DE,LXS.DE,BASF SE                       N,LANXESS AG                    I,-3.421804542897698,0.010237637945201127,0.05,,False,-0.19592840175569579,4.365737670644638,,,,,,,,,,,,,,
DE_CHEMICALS,LXS.DE,WCH.DE,LANXESS AG                    I,Wacker Chemie AG              I,-3.1963923388579767,0.020194456819274124,0.05,,False,-2.921898051947171,15.66281472226417,,,,,,,,,,,,,,
DE_CHEMICALS,BAS.DE,SY1.DE,BASF SE                       N,Symrise AG                    I,-2.6206596939239346,0.0888020610056986,0.05,,False,-0.2864611351771737,5.040965663113008,,,,,,,,,,,,,,
DE_CHEMICALS,BAS.DE,WCH.DE,BASF SE                       N,Wacker Chemie AG              I,-2.5759377697786108,0.09807311568850291,0.05,,False,0.4064075027185628,2.011070841547051,,,,,,,,,,,,,,
DE_CHEMICALS,LXS.DE,SY1.DE,LANXESS AG                    I,Symrise AG                    I,-2.4434376787674323,0.12984976006880616,0.05,,False,1.212333915182556,-2.328353633988611,,,,,,,,,,,,,,
DE_CHEMICALS,SY1.DE,WCH.DE,Symrise AG                    I,Wacker Chemie AG              I,-2.0525072858634585,0.26403517458173237,0.05,,False,3.2586464285634222,-9.53567035070325,,,,,,,,,,,,,,
DE_HEALTHCARE,FRE.DE,MRK.DE,Fresenius SE & Co. KGaA       N,MERCK KGAA                    I,-3.2065543617656793,0.019608407975510493,0.05,,False,-1.3046663380638468,9.957406405314709,,,,,,,,,,,,,,
DE_HEALTHCARE,BAYN.DE,SHL.DE,Bayer AG                      N,Siemens Healthineers AG       N,-3.1309144735304257,0.02434837158950862,0.05,,False,-2.410017910338069,12.520295107796223,,,,,,,,,,,,,,
DE_HEALTHCARE,FME.DE,MRK.DE,Fresenius Medical Care AG     I,MERCK KGAA                    I,-2.7104667732095598,0.07224450689108086,0.05,,False,-0.6706658219166199,6.914445653061722,,,,,,,,,,,,,,
DE_HEALTHCARE,BAYN.DE,FME.DE,Bayer AG                      N,Fresenius Medical Care AG     I,-2.380363382851358,0.1473555693907838,0.05,,False,-5.91785952252045,25.09195429599075,,,,,,,,,,,,,,
DE_HEALTHCARE,FME.DE,SHL.DE,Fresenius Medical Care AG     I,Siemens Healthineers AG       N,-1.9841577652033078,0.29356227366070375,0.05,,False,0.3760680358629908,2.2431240442409974,,,,,,,,,,,,,,
DE_HEALTHCARE,FME.DE,FRE.DE,Fresenius Medical Care AG     I,Fresenius SE & Co. KGaA       N,-1.8838473246230762,0.33969757332140493,0.05,,False,0.40331807179017753,2.2007783490231496,,,,,,,,,,,,,,
DE_HEALTHCARE,BAYN.DE,FRE.DE,Bayer AG                      N,Fresenius SE & Co. KGaA       N,-1.769740782419952,0.39558462671675876,0.05,,False,1.892888733686706,-3.582724799823862,,,,,,,,,,,,,,
DE_HEALTHCARE,FRE.DE,SHL.DE,Fresenius SE & Co. KGaA       N,Siemens Healthineers AG       N,-1.6318017883124596,0.46654772650622256,0.05,,False,-1.9060509788746567,10.917909417707087,,,,,,,,,,,,,,
DE_HEALTHCARE,BAYN.DE,MRK.DE,Bayer AG                      N,MERCK KGAA                    I,-1.3231659453649642,0.6185083593515107,0.05,,False,-5.30370704829101,28.951854985833176,,,,,,,,,,,,,,
DE_HEALTHCARE,MRK.DE,SHL.DE,MERCK KGAA                    I,Siemens Healthineers AG       N,0.37669876032619837,0.9806023330147763,0.05,,False,1.250713500867782,0.06466421376020204,,,,,,,,,,,,,,
DE_INDUSTRIALS,KGX.DE,MTX.DE,KION GROUP AG                 I,MTU Aero Engines AG           N,-3.2747407884528474,0.01604601497397833,0.05,,False,2.233968640060658,-9.13795874992575,,,,,,,,,,,,,,
DE_INDUSTRIALS,HEI.DE,MTX.DE,Heidelberg Materials AG       I,MTU Aero Engines AG           N,-2.930539404224523,0.041910196702574135,0.05,,False,2.714054974926606,-10.646821651207507,,,,,,,,,,,,,,
DE_INDUSTRIALS,MTX.DE,SIE.DE,MTU Aero Engines AG           N,SIEMENS AG                    N,-2.2749169151416995,0.18018540776210934,0.05,,False,0.7595051777126116,1.7212047930234222,,,,,,,,,,,,,,
DE_INDUSTRIALS,HEI.DE,KGX.DE,Heidelberg Materials AG       I,KION GROUP AG                 I,-1.9071968357583464,0.32868310319629707,0.05,,False,1.289485502298138,0.17348314984532998,,,,,,,,,,,,,,
DE_INDUSTRIALS,HEI.DE,SIE.DE,Heidelberg Materials AG       I,SIEMENS AG                    N,-1.901868148574831,0.33118278567802956,0.05,,False,2.057589549240576,-5.955343425361019,,,,,,,,,,,,,,
DE_INDUSTRIALS,KGX.DE,SIE.DE,KION GROUP AG                 I,SIEMENS AG                    N,-0.28842364396022574,0.9271279636294529,0.05,,False,1.809112331348628,-5.8934483027328906,,,,,,,,,,,,,,
DE_REAL_ESTATE,GYC.DE,LEG.DE,Grand City Properties S.A.    A,LEG Immobilien SE             N,-3.4556337411798643,0.009202356531393764,0.05,0.013757124397084397,True,0.6948331117131984,-0.5762264086661419,11.734888063136726,6.501054500438733e-06,-0.05906721707362138,35.0,-2.527176586689916,4.226894975859441,True,2026-09-22 00:00:00,0.4,-0.0010967008184662487,0.4085949696612201,0.13281593318931817,True,mixed signal
DE_REAL_ESTATE,DWNI.DE,VNA.DE,Deutsche Wohnen SE            I,Vonovia SE                    N,-3.4532863711344204,0.009271043835649861,0.05,0.013757124397084397,True,0.8438695757365371,0.354383516297061,22.49665796406242,0.0003360072935275734,-0.030811117885475362,63.0,1.8724925710394518,1.9899829072523934,False,,1.0,-0.0006538523089626121,-0.07782758860134975,-1.081649876320497,False,mixed signal
DE_REAL_ESTATE,GYC.DE,VNA.DE,Grand City Properties S.A.    A,Vonovia SE                    N,-3.325961749714738,0.013757124397084397,0.05,0.013757124397084397,True,0.9355420791408,-0.6723546948942727,12.589064607380356,-5.54432141615786e-05,-0.055059466463742414,38.0,-1.8255210919840397,3.0971737068765264,True,2026-09-17 00:00:00,0.8,0.0014802572625383006,0.1268316057310217,-0.2420109467520435,True,reversion signs agree
DE_REAL_ESTATE,DWNI.DE,LEG.DE,Deutsche Wohnen SE            I,LEG Immobilien SE             N,-3.0898437335304267,0.027313984749373334,0.05,0.013757124397084397,False,0.5380845887154635,0.8137497329061558,,,,,,,,,,,,,,
DE_REAL_ESTATE,DWNI.DE,GYC.DE,Deutsche Wohnen SE            I,Grand City Properties S.A.    A,-2.9915466978311778,0.03569140909626236,0.05,0.013757124397084397,False,0.8963256867850328,0.9741835245641939,,,,,,,,,,,,,,
DE_REAL_ESTATE,LEG.DE,VNA.DE,LEG Immobilien SE             N,Vonovia SE                    N,-2.902691319629339,0.04503592752792483,0.05,0.013757124397084397,False,1.348711096668664,-0.14571209129731066,,,,,,,,,,,,,,
DE_REAL_ESTATE,AT1.DE,LEG.DE,Aroundtown SA                 B,LEG Immobilien SE             N,-1.8116430095367206,0.37469677543500907,0.05,0.013757124397084397,False,1.3557727841333007,-4.735175293027365,,,,,,,,,,,,,,
DE_REAL_ESTATE,AT1.DE,DWNI.DE,Aroundtown SA                 B,Deutsche Wohnen SE            I,-1.701721517240074,0.43022571838386303,0.05,0.013757124397084397,False,1.8813631504113384,-4.822624373344822,,,,,,,,,,,,,,
DE_REAL_ESTATE,AT1.DE,GYC.DE,Aroundtown SA                 B,Grand City Properties S.A.    A,-1.4550100272865358,0.5556383661543073,0.05,0.013757124397084397,False,2.7030684010305306,-5.373325422551345,,,,,,,,,,,,,,
DE_REAL_ESTATE,AT1.DE,VNA.DE,Aroundtown SA                 B,Vonovia SE                    N,-1.403531407808055,0.5805819511262243,0.05,0.013757124397084397,False,2.1552596718504047,-5.986187888159218,,,,,,,,,,,,,,
DE_SOFTWARE,NEM.DE,SAP.DE,Nemetschek SE                 I,SAP SE                        I,-3.3067148739381973,0.014580974646594927,0.05,0.014580974646594927,True,1.2316361606350983,-2.0323148893985907,15.834992311664376,-0.00027885034754492424,-0.04377313022434239,48.0,-0.6034078794461271,3.959772413117165,False,,0.8,0.013666461013490474,0.2830471256515391,0.26891381513090395,True,reversion signs agree
DE_SOFTWARE,SAP.DE,TMV.DE,SAP SE                        I,TeamViewer SE                 I,-1.5116406491044199,0.5277452182865906,0.05,0.014580974646594927,False,0.40585175952424984,4.459706943913919,,,,,,,,,,,,,,
DE_SOFTWARE,NEM.DE,TMV.DE,Nemetschek SE                 I,TeamViewer SE                 I,-1.1011417085176594,0.7146163902939756,0.05,0.014580974646594927,False,0.5400523577609664,3.374153739457967,,,,,,,,,,,,,,
DE_UTILITIES_ENERGY,ENR.DE,EOAN.DE,Siemens Energy AG             N,E.ON SE                       N,-2.0837044863356624,0.2511173907398544,0.05,,False,3.61237113668741,-5.252131389452945,,,,,,,,,,,,,,
DE_UTILITIES_ENERGY,EOAN.DE,RWE.DE,E.ON SE                       N,RWE AG                        I,-1.9224309068750267,0.3215835862920149,0.05,,False,0.7315951318178344,0.009257497363207356,,,,,,,,,,,,,,
DE_UTILITIES_ENERGY,ENR.DE,RWE.DE,Siemens Energy AG             N,RWE AG                        I,-1.6336242800095582,0.46559419587765366,0.05,,False,2.7529492717742667,-5.61642076102704,,,,,,,,,,,,,,
ENERGY_UTILITIES,SSE.L,SVT.L,SSE PLC ORD 50P,SEVERN TRENT PLC ORD 97 17/19P,-4.586722218203684,0.00013664760354803175,0.05,0.00013664760354803175,True,2.357183909106863,-11.066673554890912,9.474257114345551,-0.00039638369665938864,-0.07316111144064359,28.0,-0.46364325645660337,3.0899698354453986,False,,0.0,-0.02200952326619482,-0.3532608895422922,-0.1807517805930317,True,mixed signal
ENERGY_UTILITIES,GCP.L,HICL.L,GCP INFRASTRUCTURE INVESTMENTS ,HICL INFRASTRUCTURE PLC ORD 0.0,-4.075635851446301,0.0010623390126763578,0.05,0.00013664760354803175,False,0.7442813924761401,0.745895580204861,,,,,,,,,,,,,,
ENERGY_UTILITIES,NG.L,SVT.L,NATIONAL GRID PLC ORD 12 204/47,SEVERN TRENT PLC ORD 97 17/19P,-3.945242693285,0.0017259979561812743,0.05,0.00013664760354803175,False,1.4365385481658146,-4.371542561729607,,,,,,,,,,,,,,
ENERGY_UTILITIES,ENOG.L,UU.L,ENERGEAN PLC ORD 1P,UNITED UTILITIES GROUP PLC ORD ,-3.834507341443651,0.0025733485193134872,0.05,0.00013664760354803175,False,-0.6386307122461977,11.305542541512478,,,,,,,,,,,,,,
ENERGY_UTILITIES,ENOG.L,NG.L,ENERGEAN PLC ORD 1P,NATIONAL GRID PLC ORD 12 204/47,-3.7850207681372643,0.0030643445190837054,0.05,0.00013664760354803175,False,-0.6040697131499139,11.031262218602329,,,,,,,,,,,,,,
ENERGY_UTILITIES,ENOG.L,SVT.L,ENERGEAN PLC ORD 1P,SEVERN TRENT PLC ORD 97 17/19P,-3.744028814176741,0.0035347878122535367,0.05,0.00013664760354803175,False,-1.1397942948123903,15.821864356708979,,,,,,,,,,,,,,
ENERGY_UTILITIES,TRIG.L,UKW.L,THE RENEWABLES INFRASTRUCTURE G,GREENCOAT UK WIND PLC ORD 1P,-3.6308035709644484,0.005198712994715978,0.05,0.00013664760354803175,False,1.081064192442112,-0.7371799138223363,,,,,,,,,,,,,,
ENERGY_UTILITIES,NG.L,UU.L,NATIONAL GRID PLC ORD 12 204/47,UNITED UTILITIES GROUP PLC ORD ,-3.5139159760543817,0.007636812640387493,0.05,0.00013664760354803175,False,1.0480915582390085,-0.3898946819665108,,,,,,,,,,,,,,
ENERGY_UTILITIES,BP.L,SVT.L,BP PLC $0.25,SEVERN TRENT PLC ORD 97 17/19P,-3.483146585376191,0.008430622890814532,0.05,0.00013664760354803175,False,2.18691202507401,-11.21101461474203,,,,,,,,,,,,,,
ENERGY_UTILITIES,HBR.L,PNN.L,HARBOUR ENERGY PLC ORD 0.002P,PENNON GROUP PLC ORD 61 1/20P,-3.4630870867437453,0.008987272991662961,0.05,0.00013664760354803175,False,2.2482347028619927,-8.622011926941184,,,,,,,,,,,,,,
ENERGY_UTILITIES,NG.L,SSE.L,NATIONAL GRID PLC ORD 12 204/47,SSE PLC ORD 50P,-3.4529408718820718,0.009281192295853224,0.05,0.00013664760354803175,False,0.6121505058494849,2.3522453739771274,,,,,,,,,,,,,,
ENERGY_UTILITIES,CNA.L,ENOG.L,CENTRICA PLC ORD 6 14/81P,ENERGEAN PLC ORD 1P,-3.356333224718955,0.0125406515379373,0.05,0.00013664760354803175,False,-3.3965060994931324,28.192221075656125,,,,,,,,,,,,,,
ENERGY_UTILITIES,BP.L,NG.L,BP PLC $0.25,NATIONAL GRID PLC ORD 12 204/47,-3.260454632342856,0.016741384768260602,0.05,0.00013664760354803175,False,1.2447283812109284,-2.6177152089692255,,,,,,,,,,,,,,
ENERGY_UTILITIES,BP.L,ENOG.L,BP PLC $0.25,ENERGEAN PLC ORD 1P,-3.2406481792672817,0.01774911745813756,0.05,0.00013664760354803175,False,-3.547617286043043,30.245364461672327,,,,,,,,,,,,,,
ENERGY_UTILITIES,FSFL.L,SVT.L,FORESIGHT SOLAR FUND LIMITED OR,SEVERN TRENT PLC ORD 97 17/19P,-3.216835030938354,0.019030649657747006,0.05,0.00013664760354803175,False,-2.115993218335141,21.057071530660924,,,,,,,,,,,,,,
ENERGY_UTILITIES,ENOG.L,SSE.L,ENERGEAN PLC ORD 1P,SSE PLC ORD 50P,-3.202784676950253,0.01982405595809217,0.05,0.00013664760354803175,False,-0.245972004648123,8.673996847844139,,,,,,,,,,,,,,
ENERGY_UTILITIES,CNA.L,SVT.L,CENTRICA PLC ORD 6 14/81P,SEVERN TRENT PLC ORD 97 17/19P,-3.1833751316498162,0.02096738571135476,0.05,0.00013664760354803175,False,2.615544165048449,-15.622117194456617,,,,,,,,,,,,,,
ENERGY_UTILITIES,GCP.L,SSE.L,GCP INFRASTRUCTURE INVESTMENTS ,SSE PLC ORD 50P,-3.1716721727084947,0.02168408326618062,0.05,0.00013664760354803175,False,0.061501771195059306,3.8445418505970648,,,,,,,,,,,,,,
ENERGY_UTILITIES,CNA.L,UKW.L,CENTRICA PLC ORD 6 14/81P,GREENCOAT UK WIND PLC ORD 1P,-3.1554805701157433,0.022710641675572473,0.05,0.00013664760354803175,False,-1.382991339560629,11.598760102119918,,,,,,,,,,,,,,
ENERGY_UTILITIES,GCP.L,HBR.L,GCP INFRASTRUCTURE INVESTMENTS ,HARBOUR ENERGY PLC ORD 0.002P,-3.136353614640064,0.02397723814658965,0.05,0.00013664760354803175,False,0.110030810435614,3.709146133882592,,,,,,,,,,,,,,
ENERGY_UTILITIES,GCP.L,INPP.L,GCP INFRASTRUCTURE INVESTMENTS ,INTERNATIONAL PUBLIC PARTNERSHI,-3.1244439651453897,0.024796320530081878,0.05,0.00013664760354803175,False,0.6037039635295739,1.4016880479227054,,,,,,,,,,,,,,
ENERGY_UTILITIES,ENOG.L,UKW.L,ENERGEAN PLC ORD 1P,GREENCOAT UK WIND PLC ORD 1P,-3.1018274258446503,0.026418246040004766,0.05,0.00013664760354803175,False,0.4301205919878948,4.77681148483692,,,,,,,,,,,,,,
ENERGY_UTILITIES,BP.L,SSE.L,BP PLC $0.25,SSE PLC ORD 50P,-3.069072294699779,0.028928262605936724,0.05,0.00013664760354803175,False,0.6550131026894594,1.1190161217968342,,,,,,,,,,,,,,
ENERGY_UTILITIES,BP.L,GCP.L,BP PLC $0.25,GCP INFRASTRUCTURE INVESTMENTS ,-3.0685456058805234,0.02897023256890846,0.05,0.00013664760354803175,False,9.454567637430232,-34.67329426150781,,,,,,,,,,,,,,
ENERGY_UTILITIES,ENOG.L,GCP.L,ENERGEAN PLC ORD 1P,GCP INFRASTRUCTURE INVESTMENTS ,-3.0444818338680237,0.030944032340723647,0.05,0.00013664760354803175,False,-55.99111848687677,248.11681187519247,,,,,,,,,,,,,,
ENERGY_UTILITIES,GCP.L,SVT.L,GCP INFRASTRUCTURE INVESTMENTS ,SEVERN TRENT PLC ORD 97 17/19P,-3.018478732454276,0.03320438518436667,0.05,0.00013664760354803175,False,0.020077988031395617,4.150984773786168,,,,,,,,,,,,,,
ENERGY_UTILITIES,DCC.L,GCP.L,DCC ENERGY PLC ORD EUR0.25 (CDI,GCP INFRASTRUCTURE INVESTMENTS ,-3.0164322238213943,0.03338807311569931,0.05,0.00013664760354803175,False,5.112996641301765,-13.503370228854566,,,,,,,,,,,,,,
ENERGY_UTILITIES,ENOG.L,PNN.L,ENERGEAN PLC ORD 1P,PENNON GROUP PLC ORD 61 1/20P,-3.0115024954563974,0.03383408547786875,0.05,0.00013664760354803175,False,0.5068871966513497,3.639339687793427,,,,,,,,,,,,,,
ENERGY_UTILITIES,ENOG.L,HICL.L,ENERGEAN PLC ORD 1P,HICL INFRASTRUCTURE PLC ORD 0.0,-3.0111307444543067,0.03386792276913325,0.05,0.00013664760354803175,False,-3.999197187473822,25.962734355235288,,,,,,,,,,,,,,
ENERGY_UTILITIES,GCP.L,NG.L,GCP INFRASTRUCTURE INVESTMENTS ,NATIONAL GRID PLC ORD 12 204/47,-3.010083452571474,0.03396340271819443,0.05,0.00013664760354803175,False,0.005668120958045148,4.270092781211159,,,,,,,,,,,,,,
ENERGY_UTILITIES,CNA.L,GCP.L,CENTRICA PLC ORD 6 14/81P,GCP INFRASTRUCTURE INVESTMENTS ,-2.992285589417676,0.03562113666943346,0.05,0.00013664760354803175,False,-40.07802610378463,177.7721587934958,,,,,,,,,,,,,,
ENERGY_UTILITIES,GCP.L,UU.L,GCP INFRASTRUCTURE INVESTMENTS ,UNITED UTILITIES GROUP PLC ORD ,-2.9735026989118025,0.03744410761516149,0.05,0.00013664760354803175,False,-0.02853828116824408,4.510389169771366,,,,,,,,,,,,,,
ENERGY_UTILITIES,INPP.L,SVT.L,INTERNATIONAL PUBLIC PARTNERSHI,SEVERN TRENT PLC ORD 97 17/19P,-2.9515559491463934,0.03967285820106734,0.05,0.00013664760354803175,False,0.5656679603762589,0.34626874586206835,,,,,,,,,,,,,,
ENERGY_UTILITIES,INPP.L,SSE.L,INTERNATIONAL PUBLIC PARTNERSHI,SSE PLC ORD 50P,-2.947656417910851,0.040080265036750114,0.05,0.00013664760354803175,False,0.24822136146157434,2.9396500229171583,,,,,,,,,,,,,,
ENERGY_UTILITIES,BP.L,UU.L,BP PLC $0.25,UNITED UTILITIES GROUP PLC ORD ,-2.9360022650650244,0.04131875261806358,0.05,0.00013664760354803175,False,1.3616566202518423,-3.5044084340501707,,,,,,,,,,,,,,
ENERGY_UTILITIES,CNA.L,TRIG.L,CENTRICA PLC ORD 6 14/81P,THE RENEWABLES INFRASTRUCTURE G,-2.932520385496755,0.0416949123036369,0.05,0.00013664760354803175,False,-1.2769181022738898,10.645313881310347,,,,,,,,,,,,,,
ENERGY_UTILITIES,GCP.L,TRIG.L,GCP INFRASTRUCTURE INVESTMENTS ,THE RENEWABLES INFRASTRUCTURE G,-2.9274197372442,0.04225110716154776,0.05,0.00013664760354803175,False,0.13443374676444003,3.7205118270223405,,,,,,,,,,,,,,
ENERGY_UTILITIES,GCP.L,PNN.L,GCP INFRASTRUCTURE INVESTMENTS ,PENNON GROUP PLC ORD 61 1/20P,-2.9106168884342316,0.044127254155908534,0.05,0.00013664760354803175,False,0.16740089988877505,3.2613042610550407,,,,,,,,,,,,,,
ENERGY_UTILITIES,GCP.L,UKW.L,GCP INFRASTRUCTURE INVESTMENTS ,GREENCOAT UK WIND PLC ORD 1P,-2.9013770748320225,0.04518809659240555,0.05,0.00013664760354803175,False,0.1357805044640253,3.6666413301158096,,,,,,,,,,,,,,
ENERGY_UTILITIES,SSE.L,UU.L,SSE PLC ORD 50P,UNITED UTILITIES GROUP PLC ORD ,-2.883250049309197,0.04733074770303408,0.05,0.00013664760354803175,False,1.7521359808115808,-4.760781074733729,,,,,,,,,,,,,,
ENERGY_UTILITIES,SVT.L,TRIG.L,SEVERN TRENT PLC ORD 97 17/19P,THE RENEWABLES INFRASTRUCTURE G,-2.857112062478746,0.05056742194231966,0.05,0.00013664760354803175,False,-0.3877185010858849,9.602441790126928,,,,,,,,,,,,,,
ENERGY_UTILITIES,CNA.L,UU.L,CENTRICA PLC ORD 6 14/81P,UNITED UTILITIES GROUP PLC ORD ,-2.842520972202884,0.052451951029274115,0.05,0.00013664760354803175,False,1.7266843777746277,-7.0953214751597224,,,,,,,,,,,,,,
ENERGY_UTILITIES,FSFL.L,GCP.L,FORESIGHT SOLAR FUND LIMITED OR,GCP INFRASTRUCTURE INVESTMENTS ,-2.834934831168879,0.05345424692506303,0.05,0.00013664760354803175,False,6.84810524764782,-25.179241826396243,,,,,,,,,,,,,,
ENERGY_UTILITIES,SVT.L,UU.L,SEVERN TRENT PLC ORD 97 17/19P,UNITED UTILITIES GROUP PLC ORD ,-2.794723515536012,0.05903143816111141,0.05,0.00013664760354803175,False,0.7299035188128051,2.7695269193659477,,,,,,,,,,,,,,
ENERGY_UTILITIES,UKW.L,UU.L,GREENCOAT UK WIND PLC ORD 1P,UNITED UTILITIES GROUP PLC ORD ,-2.760124457159037,0.06419931700862541,0.05,0.00013664760354803175,False,-1.3053516445816962,13.916898903385803,,,,,,,,,,,,,,
ENERGY_UTILITIES,CNA.L,NG.L,CENTRICA PLC ORD 6 14/81P,NATIONAL GRID PLC ORD 12 204/47,-2.749739390252626,0.06581951041487205,0.05,0.00013664760354803175,False,1.641931689640052,-6.414419918496777,,,,,,,,,,,,,,
ENERGY_UTILITIES,HICL.L,INPP.L,HICL INFRASTRUCTURE PLC ORD 0.0,INTERNATIONAL PUBLIC PARTNERSHI,-2.7343832928532525,0.0682750849521261,0.05,0.00013664760354803175,False,0.9055568461691835,0.42623168377440557,,,,,,,,,,,,,,
ENERGY_UTILITIES,BP.L,FSFL.L,BP PLC $0.25,FORESIGHT SOLAR FUND LIMITED OR,-2.6857180844478346,0.07654243793119073,0.05,0.00013664760354803175,False,-0.9497615317700329,10.188823441517917,,,,,,,,,,,,,,
ENERGY_UTILITIES,DCC.L,HICL.L,DCC ENERGY PLC ORD EUR0.25 (CDI,HICL INFRASTRUCTURE PLC ORD 0.0,-2.6823369625076463,0.07714493464149459,0.05,0.00013664760354803175,False,2.7731964984551922,-4.746689615099479,,,,,,,,,,,,,,
ENERGY_UTILITIES,NG.L,UKW.L,NATIONAL GRID PLC ORD 12 204/47,GREENCOAT UK WIND PLC ORD 1P,-2.6791641915216573,0.07771369112606907,0.05,0.00013664760354803175,False,-0.8199200472664302,10.86476035638507,,,,,,,,,,,,,,
ENERGY_UTILITIES,PNN.L,TRIG.L,PENNON GROUP PLC ORD 61 1/20P,THE RENEWABLES INFRASTRUCTURE G,-2.643333341430889,0.0843677244567081,0.05,0.00013664760354803175,False,0.5739914148247268,3.7470721145481143,,,,,,,,,,,,,,
ENERGY_UTILITIES,INPP.L,UU.L,INTERNATIONAL PUBLIC PARTNERSHI,UNITED UTILITIES GROUP PLC ORD ,-2.634602145051345,0.08605448361508616,0.05,0.00013664760354803175,False,0.36025958399568386,2.283025952342209,,,,,,,,,,,,,,
ENERGY_UTILITIES,BP.L,CNA.L,BP PLC $0.25,CENTRICA PLC ORD 6 14/81P,-2.617683712507061,0.089397204129738,0.05,0.00013664760354803175,False,0.6358727153197813,2.862070557287628,,,,,,,,,,,,,,
ENERGY_UTILITIES,ENOG.L,INPP.L,ENERGEAN PLC ORD 1P,INTERNATIONAL PUBLIC PARTNERSHI,-2.57616136892167,0.0980249967031373,0.05,0.00013664760354803175,False,-3.8873265268696824,25.53860632189687,,,,,,,,,,,,,,
ENERGY_UTILITIES,HBR.L,HICL.L,HARBOUR ENERGY PLC ORD 0.002P,HICL INFRASTRUCTURE PLC ORD 0.0,-2.566907437904246,0.10003151170892066,0.05,0.00013664760354803175,False,6.182279650111056,-24.144266937039323,,,,,,,,,,,,,,
ENERGY_UTILITIES,INPP.L,NG.L,INTERNATIONAL PUBLIC PARTNERSHI,NATIONAL GRID PLC ORD 12 204/47,-2.551947464147464,0.10334090752573089,0.05,0.00013664760354803175,False,0.3128535478883018,2.6326113875229322,,,,,,,,,,,,,,
ENERGY_UTILITIES,CNA.L,PNN.L,CENTRICA PLC ORD 6 14/81P,PENNON GROUP PLC ORD 61 1/20P,-2.5511990810405534,0.10350860647462728,0.05,0.00013664760354803175,False,-4.047778172141721,30.39878392474003,,,,,,,,,,,,,,
ENERGY_UTILITIES,HICL.L,SSE.L,HICL INFRASTRUCTURE PLC ORD 0.0,SSE PLC ORD 50P,-2.5490464121449805,0.10399212424427279,0.05,0.00013664760354803175,False,0.13392172431852165,3.775382535243266,,,,,,,,,,,,,,
ENERGY_UTILITIES,CNA.L,FSFL.L,CENTRICA PLC ORD 6 14/81P,FORESIGHT SOLAR FUND LIMITED OR,-2.5224428718053025,0.11010878140348018,0.05,0.00013664760354803175,False,-1.4310132947813332,11.250968701691178,,,,,,,,,,,,,,
ENERGY_UTILITIES,FSFL.L,TRIG.L,FORESIGHT SOLAR FUND LIMITED OR,THE RENEWABLES INFRASTRUCTURE G,-2.4941130869293735,0.11691325269172265,0.05,0.00013664760354803175,False,0.9323218354035228,0.24791597936400311,,,,,,,,,,,,,,
ENERGY_UTILITIES,HICL.L,SVT.L,HICL INFRASTRUCTURE PLC ORD 0.0,SEVERN TRENT PLC ORD 97 17/19P,-2.445559975012492,0.12928801049513017,0.05,0.00013664760354803175,False,0.3066680602108323,2.364523563866269,,,,,,,,,,,,,,
ENERGY_UTILITIES,ENOG.L,TRIG.L,ENERGEAN PLC ORD 1P,THE RENEWABLES INFRASTRUCTURE G,-2.441726330135802,0.1303040184139812,0.05,0.00013664760354803175,False,0.35082635495113085,5.276270156140505,,,,,,,,,,,,,,
ENERGY_UTILITIES,BP.L,UKW.L,BP PLC $0.25,GREENCOAT UK WIND PLC ORD 1P,-2.4229742479657546,0.1353568045280702,0.05,0.00013664760354803175,False,-0.9695215867563806,10.664170121825304,,,,,,,,,,,,,,
ENERGY_UTILITIES,HICL.L,UU.L,HICL INFRASTRUCTURE PLC ORD 0.0,UNITED UTILITIES GROUP PLC ORD ,-2.4035600399815613,0.14073413384098343,0.05,0.00013664760354803175,False,0.16921136906801024,3.5980635251204482,,,,,,,,,,,,,,
ENERGY_UTILITIES,BP.L,HICL.L,BP PLC $0.25,HICL INFRASTRUCTURE PLC ORD 0.0,-2.379938219610743,0.14747893693225145,0.05,0.00013664760354803175,False,6.862702665872719,-26.78727915920606,,,,,,,,,,,,,,
ENERGY_UTILITIES,FSFL.L,UKW.L,FORESIGHT SOLAR FUND LIMITED OR,GREENCOAT UK WIND PLC ORD 1P,-2.37939605222759,0.14763635998370345,0.05,0.00013664760354803175,False,1.0156671459191384,-0.4761575383632559,,,,,,,,,,,,,,
ENERGY_UTILITIES,BP.L,PNN.L,BP PLC $0.25,PENNON GROUP PLC ORD 61 1/20P,-2.3730076145191497,0.14950016840396102,0.05,0.00013664760354803175,False,5.0375432983246835,-25.475300427574275,,,,,,,,,,,,,,
ENERGY_UTILITIES,HICL.L,NG.L,HICL INFRASTRUCTURE PLC ORD 0.0,NATIONAL GRID PLC ORD 12 204/47,-2.350086008488193,0.15632241284424375,0.05,0.00013664760354803175,False,0.12298890675893323,3.9295187956868878,,,,,,,,,,,,,,
ENERGY_UTILITIES,BP.L,INPP.L,BP PLC $0.25,INTERNATIONAL PUBLIC PARTNERSHI,-2.3499707635705867,0.15635724806922846,0.05,0.00013664760354803175,False,3.583348938718092,-11.187875484334945,,,,,,,,,,,,,,
ENERGY_UTILITIES,FSFL.L,PNN.L,FORESIGHT SOLAR FUND LIMITED OR,PENNON GROUP PLC ORD 61 1/20P,-2.346092191390265,0.1575327531233569,0.05,0.00013664760354803175,False,3.3455447621513965,-16.617948156655963,,,,,,,,,,,,,,
ENERGY_UTILITIES,ENOG.L,FSFL.L,ENERGEAN PLC ORD 1P,FORESIGHT SOLAR FUND LIMITED OR,-2.3136282208096977,0.167610264214842,0.05,0.00013664760354803175,False,0.303583724364924,5.498089916598074,,,,,,,,,,,,,,
ENERGY_UTILITIES,NG.L,TRIG.L,NATIONAL GRID PLC ORD 12 204/47,THE RENEWABLES INFRASTRUCTURE G,-2.3044695919848066,0.17053049115463703,0.05,0.00013664760354803175,False,-0.7206502117575148,10.140051007565763,,,,,,,,,,,,,,
ENERGY_UTILITIES,BP.L,TRIG.L,BP PLC $0.25,THE RENEWABLES INFRASTRUCTURE G,-2.211174393937146,0.20221482337630436,0.05,0.00013664760354803175,False,-0.8323904231162416,9.720682824014006,,,,,,,,,,,,,,
ENERGY_UTILITIES,TRIG.L,UU.L,THE RENEWABLES INFRASTRUCTURE G,UNITED UTILITIES GROUP PLC ORD ,-2.208125129182989,0.20330973154062393,0.05,0.00013664760354803175,False,-1.5128548411277667,15.023084287554548,,,,,,,,,,,,,,
ENERGY_UTILITIES,DCC.L,INPP.L,DCC ENERGY PLC ORD EUR0.25 (CDI,INTERNATIONAL PUBLIC PARTNERSHI,-2.202655139345538,0.20528320620191964,0.05,0.00013664760354803175,False,2.7392531708177374,-4.662754097290584,,,,,,,,,,,,,,
ENERGY_UTILITIES,FSFL.L,UU.L,FORESIGHT SOLAR FUND LIMITED OR,UNITED UTILITIES GROUP PLC ORD ,-2.151863553237668,0.22417745019480034,0.05,0.00013664760354803175,False,-1.357789119828141,13.8837538708766,,,,,,,,,,,,,,
ENERGY_UTILITIES,FSFL.L,SSE.L,FORESIGHT SOLAR FUND LIMITED OR,SSE PLC ORD 50P,-2.1463523279563885,0.22628893770037806,0.05,0.00013664760354803175,False,-0.6367138996636315,9.149138262000235,,,,,,,,,,,,,,
ENERGY_UTILITIES,CNA.L,HICL.L,CENTRICA PLC ORD 6 14/81P,HICL INFRASTRUCTURE PLC ORD 0.0,-2.1102195488369215,0.24042517555186976,0.05,0.00013664760354803175,False,-382.0304268710632,1834.2887432462735,,,,,,,,,,,,,,
ENERGY_UTILITIES,SVT.L,UKW.L,SEVERN TRENT PLC ORD 97 17/19P,GREENCOAT UK WIND PLC ORD 1P,-2.065108469502126,0.2587740491452045,0.05,0.00013664760354803175,False,-0.4735532654058925,10.145908096483105,,,,,,,,,,,,,,
ENERGY_UTILITIES,HBR.L,INPP.L,HARBOUR ENERGY PLC ORD 0.002P,INTERNATIONAL PUBLIC PARTNERSHI,-2.059462836905742,0.26112394502491354,0.05,0.00013664760354803175,False,4.940058452995508,-18.337994243195478,,,,,,,,,,,,,,
ENERGY_UTILITIES,ENOG.L,HBR.L,ENERGEAN PLC ORD 1P,HARBOUR ENERGY PLC ORD 0.002P,-2.0139775517095115,0.2804782581503156,0.05,0.00013664760354803175,False,0.15801896319772482,5.951335901936491,,,,,,,,,,,,,,
ENERGY_UTILITIES,HBR.L,SSE.L,HARBOUR ENERGY PLC ORD 0.002P,SSE PLC ORD 50P,-1.9916582781786083,0.29024258864203567,0.05,0.00013664760354803175,False,1.039667784609511,-2.405036266959879,,,,,,,,,,,,,,
ENERGY_UTILITIES,HICL.L,TRIG.L,HICL INFRASTRUCTURE PLC ORD 0.0,THE RENEWABLES INFRASTRUCTURE G,-1.9852387633133066,0.29308265569862524,0.05,0.00013664760354803175,False,0.16375479549366573,4.070549802543829,,,,,,,,,,,,,,
ENERGY_UTILITIES,HICL.L,PNN.L,HICL INFRASTRUCTURE PLC ORD 0.0,PENNON GROUP PLC ORD 61 1/20P,-1.9831895221134266,0.2939921988541051,0.05,0.00013664760354803175,False,0.2704234804574299,3.0946538704716815,,,,,,,,,,,,,,
ENERGY_UTILITIES,PNN.L,UKW.L,PENNON GROUP PLC ORD 61 1/20P,GREENCOAT UK WIND PLC ORD 1P,-1.951542845633695,0.30821536104747693,0.05,0.00013664760354803175,False,0.6298965410628651,3.279539447946647,,,,,,,,,,,,,,
ENERGY_UTILITIES,HICL.L,UKW.L,HICL INFRASTRUCTURE PLC ORD 0.0,GREENCOAT UK WIND PLC ORD 1P,-1.9239151413766356,0.320895647451526,0.05,0.00013664760354803175,False,0.13957204449947377,4.127222678003014,,,,,,,,,,,,,,
ENERGY_UTILITIES,FSFL.L,NG.L,FORESIGHT SOLAR FUND LIMITED OR,NATIONAL GRID PLC ORD 12 204/47,-1.919755316044557,0.3228254141896423,0.05,0.00013664760354803175,False,-1.2583849623480308,13.119610154461526,,,,,,,,,,,,,,
ENERGY_UTILITIES,PNN.L,SVT.L,PENNON GROUP PLC ORD 61 1/20P,SEVERN TRENT PLC ORD 97 17/19P,-1.8524635844329995,0.35474325883241253,0.05,0.00013664760354803175,False,3.152681780725354,-18.653907687784272,,,,,,,,,,,,,,
ENERGY_UTILITIES,SSE.L,UKW.L,SSE PLC ORD 50P,GREENCOAT UK WIND PLC ORD 1P,-1.838539831759557,0.3615024706234967,0.05,0.00013664760354803175,False,-1.6859590486368163,15.54709841516527,,,,,,,,,,,,,,
ENERGY_UTILITIES,DCC.L,SVT.L,DCC ENERGY PLC ORD EUR0.25 (CDI,SEVERN TRENT PLC ORD 97 17/19P,-1.7848686285215363,0.38799945307097844,0.05,0.00013664760354803175,False,0.3607989971483338,5.680448667727151,,,,,,,,,,,,,,
ENERGY_UTILITIES,BP.L,DCC.L,BP PLC $0.25,DCC ENERGY PLC ORD EUR0.25 (CDI,-1.7831850918994259,0.38884120259994415,0.05,0.00013664760354803175,False,3.3108690349482837,-22.17539726119516,,,,,,,,,,,,,,
ENERGY_UTILITIES,NG.L,PNN.L,NATIONAL GRID PLC ORD 12 204/47,PENNON GROUP PLC ORD 61 1/20P,-1.7749944433028275,0.3929450065989424,0.05,0.00013664760354803175,False,3.3427948820682047,-13.95272690213586,,,,,,,,,,,,,,
ENERGY_UTILITIES,CNA.L,DCC.L,CENTRICA PLC ORD 6 14/81P,DCC ENERGY PLC ORD EUR0.25 (CDI,-1.7734446317843466,0.3937230949674043,0.05,0.00013664760354803175,False,-9.494632686390368,86.0568698729147,,,,,,,,,,,,,,
ENERGY_UTILITIES,CNA.L,INPP.L,CENTRICA PLC ORD 6 14/81P,INTERNATIONAL PUBLIC PARTNERSHI,-1.7338734361641175,0.4137497551224907,0.05,0.00013664760354803175,False,9.829139360736976,-42.296698207576235,,,,,,,,,,,,,,
ENERGY_UTILITIES,FSFL.L,INPP.L,FORESIGHT SOLAR FUND LIMITED OR,INTERNATIONAL PUBLIC PARTNERSHI,-1.7288447427576732,0.41631540610817896,0.05,0.00013664760354803175,False,-14.98888297441371,76.53368006062647,,,,,,,,,,,,,,
ENERGY_UTILITIES,DCC.L,HBR.L,DCC ENERGY PLC ORD EUR0.25 (CDI,HARBOUR ENERGY PLC ORD 0.002P,-1.722040989225333,0.4197935647800074,0.05,0.00013664760354803175,False,0.2660906631661211,7.079684529376433,,,,,,,,,,,,,,
ENERGY_UTILITIES,HBR.L,SVT.L,HARBOUR ENERGY PLC ORD 0.002P,SEVERN TRENT PLC ORD 97 17/19P,-1.7204834430615492,0.4205908880254792,0.05,0.00013664760354803175,False,14.851177096415821,-111.91509927476093,,,,,,,,,,,,,,
ENERGY_UTILITIES,DCC.L,UU.L,DCC ENERGY PLC ORD EUR0.25 (CDI,UNITED UTILITIES GROUP PLC ORD ,-1.7123312265300918,0.4247705188317581,0.05,0.00013664760354803175,False,-0.08379506293001998,9.121308806793838,,,,,,,,,,,,,,
ENERGY_UTILITIES,PNN.L,SSE.L,PENNON GROUP PLC ORD 61 1/20P,SSE PLC ORD 50P,-1.7078760576048948,0.4270591320600861,0.05,0.00013664760354803175,False,0.2991089740306001,4.000487514722297,,,,,,,,,,,,,,
ENERGY_UTILITIES,SSE.L,TRIG.L,SSE PLC ORD 50P,THE RENEWABLES INFRASTRUCTURE G,-1.6879499067226609,0.43733149709415653,0.05,0.00013664760354803175,False,-1.5939285588863583,14.548162407992155,,,,,,,,,,,,,,
ENERGY_UTILITIES,DCC.L,NG.L,DCC ENERGY PLC ORD EUR0.25 (CDI,NATIONAL GRID PLC ORD 12 204/47,-1.6506726160833483,0.4566896591159164,0.05,0.00013664760354803175,False,-0.1487058241221043,9.570175680764509,,,,,,,,,,,,,,
ENERGY_UTILITIES,DCC.L,TRIG.L,DCC ENERGY PLC ORD EUR0.25 (CDI,THE RENEWABLES INFRASTRUCTURE G,-1.649224194326852,0.4574450618266527,0.05,0.00013664760354803175,False,0.14849103048949727,7.881179572184095,,,,,,,,,,,,,,
ENERGY_UTILITIES,INPP.L,UKW.L,INTERNATIONAL PUBLIC PARTNERSHI,GREENCOAT UK WIND PLC ORD 1P,-1.6164590725780306,0.47458615181946273,0.05,0.00013664760354803175,False,-0.029228456378885624,4.955314005703943,,,,,,,,,,,,,,
ENERGY_UTILITIES,DCC.L,SSE.L,DCC ENERGY PLC ORD EUR0.25 (CDI,SSE PLC ORD 50P,-1.5892209547504574,0.4890059067246626,0.05,0.00013664760354803175,False,0.012357593303530215,8.438482358523132,,,,,,,,,,,,,,
ENERGY_UTILITIES,HBR.L,TRIG.L,HARBOUR ENERGY PLC ORD 0.002P,THE RENEWABLES INFRASTRUCTURE G,-1.546093982390675,0.5105987089959036,0.05,0.00013664760354803175,False,2.036304762323942,-3.466339818411546,,,,,,,,,,,,,,
ENERGY_UTILITIES,INPP.L,PNN.L,INTERNATIONAL PUBLIC PARTNERSHI,PENNON GROUP PLC ORD 61 1/20P,-1.5268515740079414,0.520188915067492,0.05,0.00013664760354803175,False,0.3491782680190782,2.630136422249536,,,,,,,,,,,,,,
ENERGY_UTILITIES,CNA.L,HBR.L,CENTRICA PLC ORD 6 14/81P,HARBOUR ENERGY PLC ORD 0.002P,-1.5257405874117997,0.5207415966328471,0.05,0.00013664760354803175,False,-0.8206716076583807,9.528250187762367,,,,,,,,,,,,,,
ENERGY_UTILITIES,DCC.L,FSFL.L,DCC ENERGY PLC ORD EUR0.25 (CDI,FORESIGHT SOLAR FUND LIMITED OR,-1.516193663061194,0.5254858987423034,0.05,0.00013664760354803175,False,0.04015500467712079,8.35791609573426,,,,,,,,,,,,,,
ENERGY_UTILITIES,HBR.L,UKW.L,HARBOUR ENERGY PLC ORD 0.002P,GREENCOAT UK WIND PLC ORD 1P,-1.4980561092694202,0.5344727337496544,0.05,0.00013664760354803175,False,2.425020496426357,-6.026590817112194,,,,,,,,,,,,,,
ENERGY_UTILITIES,INPP.L,TRIG.L,INTERNATIONAL PUBLIC PARTNERSHI,THE RENEWABLES INFRASTRUCTURE G,-1.4766075454879763,0.5450498901597166,0.05,0.00013664760354803175,False,0.027169109789758044,4.697826391741065,,,,,,,,,,,,,,
ENERGY_UTILITIES,FSFL.L,HICL.L,FORESIGHT SOLAR FUND LIMITED OR,HICL INFRASTRUCTURE PLC ORD 0.0,-1.4537718597753637,0.5562433505767655,0.05,0.00013664760354803175,False,7.300362295390089,-30.62181386956081,,,,,,,,,,,,,,
ENERGY_UTILITIES,BP.L,HBR.L,BP PLC $0.25,HARBOUR ENERGY PLC ORD 0.002P,-1.4401338417911878,0.5628914988456554,0.05,0.00013664760354803175,False,0.5849903675762267,2.880009572431413,,,,,,,,,,,,,,
ENERGY_UTILITIES,FSFL.L,HBR.L,FORESIGHT SOLAR FUND LIMITED OR,HARBOUR ENERGY PLC ORD 0.002P,-1.411456544063716,0.5767715505239698,0.05,0.00013664760354803175,False,0.0779308911572044,3.908480912149048,,,,,,,,,,,,,,
ENERGY_UTILITIES,CNA.L,SSE.L,CENTRICA PLC ORD 6 14/81P,SSE PLC ORD 50P,-1.395594601099246,0.5843862903232144,0.05,0.00013664760354803175,False,0.983168332530482,-2.386258772338045,,,,,,,,,,,,,,
ENERGY_UTILITIES,DCC.L,UKW.L,DCC ENERGY PLC ORD EUR0.25 (CDI,GREENCOAT UK WIND PLC ORD 1P,-1.3793639296836704,0.5921283569707818,0.05,0.00013664760354803175,False,0.18760249475762295,7.6434979894145405,,,,,,,,,,,,,,
ENERGY_UTILITIES,DCC.L,ENOG.L,DCC ENERGY PLC ORD EUR0.25 (CDI,ENERGEAN PLC ORD 1P,-1.2650697601012906,0.6449976460981424,0.05,0.00013664760354803175,False,0.11227814594845306,7.7669034448924865,,,,,,,,,,,,,,
ENERGY_UTILITIES,HBR.L,NG.L,HARBOUR ENERGY PLC ORD 0.002P,NATIONAL GRID PLC ORD 12 204/47,-1.2217544069939068,0.6641682121291593,0.05,0.00013664760354803175,False,43.74513635640112,-299.9623926947542,,,,,,,,,,,,,,
ENERGY_UTILITIES,DCC.L,PNN.L,DCC ENERGY PLC ORD EUR0.25 (CDI,PENNON GROUP PLC ORD 61 1/20P,-1.2029015230202362,0.672346306164612,0.05,0.00013664760354803175,False,0.2928628669120654,6.6978617773375175,,,,,,,,,,,,,,
ENERGY_UTILITIES,HBR.L,UU.L,HARBOUR ENERGY PLC ORD 0.002P,UNITED UTILITIES GROUP PLC ORD ,-0.9503132007415815,0.7709525965994835,0.05,0.00013664760354803175,False,34.88841193478484,-239.92825489057813,,,,,,,,,,,,,,
ENERGY_UTILITIES,PNN.L,UU.L,PENNON GROUP PLC ORD 61 1/20P,UNITED UTILITIES GROUP PLC ORD ,-0.9287495584093619,0.7783574218743254,0.05,0.00013664760354803175,False,0.9838347599023182,-0.6571711255776806,,,,,,,,,,,,,,
ES_BANKS,CABK.MC,SAN.MC,"CAIXABANK, S.A.",BANCO SANTANDER S.A.,-4.371118364901427,0.00033378552922978507,0.05,0.00940247257892001,True,0.8873178995219921,0.27371083607218827,9.368608335841119,0.00015314929078226095,-0.0739861413469703,28.0,-1.2436305435235837,2.882162712703527,False,,0.8,-0.006575012024569383,-0.9987356306059627,-0.6120307649028035,False,mixed signal
ES_BANKS,BBVA.MC,SAN.MC,BANCO BILBAO VIZCAYA ARGENTARIA,BANCO SANTANDER S.A.,-3.448837914970678,0.00940247257892001,0.05,0.00940247257892001,True,0.9192900827991635,0.8084856295386336,13.926293319628318,-3.610860379149085e-05,-0.049772553589905635,42.0,0.35307413013969724,2.996444781779078,False,,0.6,-0.0014801117190276435,-0.40400565077226713,-0.6290162436184171,False,mixed signal
ES_BANKS,BKT.MC,SAB.MC,"BANKINTER, S.A.",BANCO DE SABADELL,-3.0499095724117273,0.030489105513105883,0.05,0.00940247257892001,False,1.0197602920490731,1.5431793305463244,,,,,,,,,,,,,,
ES_BANKS,BBVA.MC,CABK.MC,BANCO BILBAO VIZCAYA ARGENTARIA,"CAIXABANK, S.A.",-2.9740682990136222,0.03738808936252676,0.05,0.00940247257892001,False,1.0363008509580525,0.5243839035324047,,,,,,,,,,,,,,
ES_BANKS,BKT.MC,SAN.MC,"BANKINTER, S.A.",BANCO SANTANDER S.A.,-2.881397738289199,0.04755434499545337,0.05,0.00940247257892001,False,0.7906471798573774,0.8147299427174253,,,,,,,,,,,,,,
ES_BANKS,BBVA.MC,BKT.MC,BANCO BILBAO VIZCAYA ARGENTARIA,"BANKINTER, S.A.",-2.348779801951497,0.15671755522278086,0.05,0.00940247257892001,False,1.1636485856333336,-0.14099731537572513,,,,,,,,,,,,,,
ES_BANKS,SAB.MC,SAN.MC,BANCO DE SABADELL,BANCO SANTANDER S.A.,-1.60273033325256,0.48222179588310127,0.05,0.00940247257892001,False,0.7720148470018814,-0.7080091023824359,,,,,,,,,,,,,,
ES_BANKS,BBVA.MC,SAB.MC,BANCO BILBAO VIZCAYA ARGENTARIA,BANCO DE SABADELL,-1.5076877018340973,0.529704972742259,0.05,0.00940247257892001,False,1.1906655692875039,1.6516377787597938,,,,,,,,,,,,,,
ES_BANKS,CABK.MC,SAB.MC,"CAIXABANK, S.A.",BANCO DE SABADELL,-1.1534259578646264,0.6933032203272377,0.05,0.00940247257892001,False,1.1483380206858533,1.0882417528577948,,,,,,,,,,,,,,
ES_BANKS,BKT.MC,CABK.MC,"BANKINTER, S.A.","CAIXABANK, S.A.",-0.6287912987942963,0.8643427702515198,0.05,0.00940247257892001,False,0.8909961806936896,0.5709507385594674,,,,,,,,,,,,,,
ES_UTILITIES,RED.MC,SLR.MC,"REDEIA CORPORACION, S.A.",SOLARIA ENERGIA Y MEDIO AMBIENT,-3.3052934211401896,0.014643510165078028,0.05,,False,-0.10177731132630678,2.9809410300917416,,,,,,,,,,,,,,
ES_UTILITIES,ENC.MC,SLR.MC,"ENCE ENERGIA Y CELULOSA, S.A.",SOLARIA ENERGIA Y MEDIO AMBIENT,-3.304069166089001,0.01469755959161998,0.05,,False,-0.261355041390131,1.6718137256497851,,,,,,,,,,,,,,
ES_UTILITIES,ENC.MC,IBE.MC,"ENCE ENERGIA Y CELULOSA, S.A.",ACCIONES IBERDROLA,-3.255825927251198,0.016972285226568913,0.05,,False,-0.6243746906270902,2.710239113555536,,,,,,,,,,,,,,
ES_UTILITIES,IBE.MC,NTGY.MC,ACCIONES IBERDROLA,"NATURGY ENERGY GROUP, S.A.",-2.883562543860303,0.047293111416938045,0.05,,False,1.7457945674141035,-2.7849332959647337,,,,,,,,,,,,,,
ES_UTILITIES,ENC.MC,RED.MC,"ENCE ENERGIA Y CELULOSA, S.A.","REDEIA CORPORACION, S.A.",-2.7893459264636995,0.059811816329451754,0.05,,False,3.316485388717034,-8.023758814533398,,,,,,,,,,,,,,
ES_UTILITIES,NTGY.MC,SLR.MC,"NATURGY ENERGY GROUP, S.A.",SOLARIA ENERGIA Y MEDIO AMBIENT,-2.7597550963241084,0.06425638723395351,0.05,,False,0.16720943670007202,2.729474981346178,,,,,,,,,,,,,,
ES_UTILITIES,IBE.MC,RED.MC,ACCIONES IBERDROLA,"REDEIA CORPORACION, S.A.",-2.711186194995109,0.07212249108158997,0.05,,False,-8.206715359975242,25.084081469605902,,,,,,,,,,,,,,
ES_UTILITIES,NTGY.MC,RED.MC,"NATURGY ENERGY GROUP, S.A.","REDEIA CORPORACION, S.A.",-2.4287263633238716,0.13379218896145645,0.05,,False,-10.103979470367571,30.69365856375463,,,,,,,,,,,,,,
ES_UTILITIES,IBE.MC,SLR.MC,ACCIONES IBERDROLA,SOLARIA ENERGIA Y MEDIO AMBIENT,-2.41486703910864,0.13758418805130873,0.05,,False,0.3778167391085786,1.765179602603348,,,,,,,,,,,,,,
ES_UTILITIES,ENC.MC,NTGY.MC,"ENCE ENERGIA Y CELULOSA, S.A.","NATURGY ENERGY GROUP, S.A.",-2.0418073795493314,0.26854804430073653,0.05,,False,-1.1834929040226856,4.743297569506888,,,,,,,,,,,,,,
FINANCIALS,ABDN.L,MNG.L,ABERDEEN GROUP PLC ORD 13 61/63,M&G PLC,-4.771586562461225,6.161733929008914e-05,0.05,6.161733929008914e-05,True,0.9925655329497359,-0.26604503956970404,13.412506858757189,-7.490985090284751e-05,-0.051679166904386786,40.0,2.0971505390013903,3.317152205709598,False,,0.6,0.018583705195507866,0.5279836014700512,-0.06928206927827696,False,mixed signal
FINANCIALS,BEZ.L,ICG.L,BEAZLEY PLC ORD 5P,ICG PLC ORD 26 1/4P,-4.2739869946603966,0.0004926137225099122,0.05,6.161733929008914e-05,False,-2.2157031055948764,23.657792147798997,,,,,,,,,,,,,,
FINANCIALS,BGEO.L,LGEN.L,LION FINANCE GROUP PLC ORD 1P,LEGAL & GENERAL GROUP PLC ORD 2,-3.814620614658546,0.0027612197222410765,0.05,6.161733929008914e-05,False,6.305299660530784,-25.83502486770268,,,,,,,,,,,,,,
FINANCIALS,HSBA.L,LGEN.L,HSBC HOLDINGS PLC ORD $0.50 (UK,LEGAL & GENERAL GROUP PLC ORD 2,-3.7905681257983557,0.003005303056187685,0.05,6.161733929008914e-05,False,4.313703020175074,-16.856024839430223,,,,,,,,,,,,,,
FINANCIALS,ASHM.L,INVP.L,ASHMORE GROUP PLC ORD 0.01P,INVESTEC PLC ORD GBP0.0002,-3.7271262511084036,0.003747380262041313,0.05,6.161733929008914e-05,False,1.956192939102958,-7.201576062221026,,,,,,,,,,,,,,
FINANCIALS,LGEN.L,MNG.L,LEGAL & GENERAL GROUP PLC ORD 2,M&G PLC,-3.6598577494104605,0.004714559664598795,0.05,6.161733929008914e-05,False,0.3395933329391311,3.6280281028787833,,,,,,,,,,,,,,
FINANCIALS,LGEN.L,STAN.L,LEGAL & GENERAL GROUP PLC ORD 2,STANDARD CHARTERED PLC ORD USD0,-3.61857283334468,0.005415722634720126,0.05,6.161733929008914e-05,False,0.17410828833933895,4.2520889494652945,,,,,,,,,,,,,,
FINANCIALS,ICG.L,LGEN.L,ICG PLC ORD 26 1/4P,LEGAL & GENERAL GROUP PLC ORD 2,-3.567175515885169,0.006420473810193174,0.05,6.161733929008914e-05,False,-2.5742497042758896,21.743700538467035,,,,,,,,,,,,,,
FINANCIALS,BARC.L,LGEN.L,BARCLAYS PLC ORD 25P,LEGAL & GENERAL GROUP PLC ORD 2,-3.566925827451496,0.006425741773181857,0.05,6.161733929008914e-05,False,4.636847210922882,-19.664583595573426,,,,,,,,,,,,,,
FINANCIALS,LGEN.L,LLOY.L,LEGAL & GENERAL GROUP PLC ORD 2,LLOYDS BANKING GROUP PLC ORD 10,-3.5591149649833267,0.00659252387653386,0.05,6.161733929008914e-05,False,0.25006319370684227,4.410465946366427,,,,,,,,,,,,,,
FINANCIALS,ABDN.L,LGEN.L,ABERDEEN GROUP PLC ORD 13 61/63,LEGAL & GENERAL GROUP PLC ORD 2,-3.4781979171202306,0.008564993179924093,0.05,6.161733929008914e-05,False,2.983470507682118,-11.203244003909049,,,,,,,,,,,,,,
FINANCIALS,ICG.L,SDR.L,ICG PLC ORD 26 1/4P,SCHRODERS PLC ORD 20P,-3.4134260334266813,0.010509605741170937,0.05,6.161733929008914e-05,False,-0.38537883861655026,9.911115735121236,,,,,,,,,,,,,,
FINANCIALS,BEZ.L,SDR.L,BEAZLEY PLC ORD 5P,SCHRODERS PLC ORD 20P,-3.3108821736191145,0.014398993538161705,0.05,6.161733929008914e-05,False,0.9604010754465729,1.0604719744091895,,,,,,,,,,,,,,
FINANCIALS,BGEO.L,LLOY.L,LION FINANCE GROUP PLC ORD 1P,LLOYDS BANKING GROUP PLC ORD 10,-3.309773821099785,0.014447197326994477,0.05,6.161733929008914e-05,False,1.5627613906659032,2.034677852476281,,,,,,,,,,,,,,
FINANCIALS,LGEN.L,NWG.L,LEGAL & GENERAL GROUP PLC ORD 2,NATWEST GROUP PLC ORD 107.69P,-3.2926744545965825,0.015209119024789131,0.05,6.161733929008914e-05,False,0.25318879818888873,3.9279468610621264,,,,,,,,,,,,,,
FINANCIALS,ABDN.L,BGEO.L,ABERDEEN GROUP PLC ORD 13 61/63,LION FINANCE GROUP PLC ORD 1P,-3.2648715207245798,0.016523624493244876,0.05,6.161733929008914e-05,False,0.448952618174143,1.2340494567061207,,,,,,,,,,,,,,
FINANCIALS,LGEN.L,SDR.L,LEGAL & GENERAL GROUP PLC ORD 2,SCHRODERS PLC ORD 20P,-3.258624146992479,0.01683236612205627,0.05,6.161733929008914e-05,False,0.2503840417320519,3.99420888217822,,,,,,,,,,,,,,
FINANCIALS,AV.L,PRU.L,AVIVA PLC ORD 32 17/19P,PRUDENTIAL PLC ORD 5P,-3.2584894158912574,0.01683907981649431,0.05,6.161733929008914e-05,False,0.5934262354226172,2.3393155230309164,,,,,,,,,,,,,,
FINANCIALS,PRU.L,STJ.L,PRUDENTIAL PLC ORD 5P,ST. JAMES'S PLACE PLC ORD 15P,-3.2476031854073724,0.017389362991672746,0.05,6.161733929008914e-05,False,0.853299837618623,0.8281499585028849,,,,,,,,,,,,,,
FINANCIALS,BEZ.L,LGEN.L,BEAZLEY PLC ORD 5P,LEGAL & GENERAL GROUP PLC ORD 2,-3.2304602990300704,0.01828784825589309,0.05,6.161733929008914e-05,False,3.877528272850084,-14.489823259477635,,,,,,,,,,,,,,
FINANCIALS,BARC.L,NWG.L,BARCLAYS PLC ORD 25P,NATWEST GROUP PLC ORD 107.69P,-3.1775881540418345,0.02131917169190583,0.05,6.161733929008914e-05,False,1.1918825559096435,-1.561784949469768,,,,,,,,,,,,,,
FINANCIALS,NWG.L,STAN.L,NATWEST GROUP PLC ORD 107.69P,STANDARD CHARTERED PLC ORD USD0,-3.1575099527025916,0.022579714169187776,0.05,6.161733929008914e-05,False,0.6903885268154623,1.260818962028691,,,,,,,,,,,,,,
FINANCIALS,NWG.L,PRU.L,NATWEST GROUP PLC ORD 107.69P,PRUDENTIAL PLC ORD 5P,-3.1033812267588594,0.026303972383335615,0.05,6.161733929008914e-05,False,0.9731976716592281,-0.40328111359322705,,,,,,,,,,,,,,
FINANCIALS,BARC.L,STAN.L,BARCLAYS PLC ORD 25P,STANDARD CHARTERED PLC ORD USD0,-3.078090691638902,0.02821763794595761,0.05,6.161733929008914e-05,False,0.8277462589508862,-0.09382332177016561,,,,,,,,,,,,,,
FINANCIALS,ABDN.L,LLOY.L,ABERDEEN GROUP PLC ORD 13 61/63,LLOYDS BANKING GROUP PLC ORD 10,-3.051258713495233,0.030376914881907875,0.05,6.161733929008914e-05,False,0.7251347805042105,2.0457476268372528,,,,,,,,,,,,,,
FINANCIALS,NWG.L,STJ.L,NATWEST GROUP PLC ORD 107.69P,ST. JAMES'S PLACE PLC ORD 15P,-3.0449032012512376,0.03090850974701552,0.05,6.161733929008914e-05,False,0.8429600880995067,0.31552750375043903,,,,,,,,,,,,,,
FINANCIALS,BNKR.L,LGEN.L,BANKERS INVESTMENT TRUST PLC OR,LEGAL & GENERAL GROUP PLC ORD 2,-2.9727538093509773,0.0375183877810975,0.05,6.161733929008914e-05,False,1.463108966979453,-3.2207429060404635,,,,,,,,,,,,,,
FINANCIALS,BGEO.L,MNG.L,LION FINANCE GROUP PLC ORD 1P,M&G PLC,-2.9481147722068552,0.04003219728637809,0.05,6.161733929008914e-05,False,2.1217832270001264,-2.8524306458274733,,,,,,,,,,,,,,
FINANCIALS,ABDN.L,STAN.L,ABERDEEN GROUP PLC ORD 13 61/63,STANDARD CHARTERED PLC ORD USD0,-2.9473972511976054,0.040107465288584,0.05,6.161733929008914e-05,False,0.4918428253859738,1.679340749605291,,,,,,,,,,,,,,
FINANCIALS,ABDN.L,JUP.L,ABERDEEN GROUP PLC ORD 13 61/63,JUPITER FUND MANAGEMENT PLC ORD,-2.9320608376230983,0.04174477161105986,0.05,6.161733929008914e-05,False,0.46999709733592054,2.9685486821868974,,,,,,,,,,,,,,
FINANCIALS,ICG.L,LLOY.L,ICG PLC ORD 26 1/4P,LLOYDS BANKING GROUP PLC ORD 10,-2.9279480613273576,0.04219321103144902,0.05,6.161733929008914e-05,False,-0.2995909191365263,8.901489169996761,,,,,,,,,,,,,,
FINANCIALS,ICG.L,MNG.L,ICG PLC ORD 26 1/4P,M&G PLC,-2.9127652919047833,0.04388357793429024,0.05,6.161733929008914e-05,False,-0.41971700845674204,9.909507970743057,,,,,,,,,,,,,,
FINANCIALS,HSBA.L,ICG.L,HSBC HOLDINGS PLC ORD $0.50 (UK,ICG PLC ORD 26 1/4P,-2.9102407828848267,0.044170028184714424,0.05,6.161733929008914e-05,False,-3.58739527144868,34.119649878501534,,,,,,,,,,,,,,
FINANCIALS,BGEO.L,NWG.L,LION FINANCE GROUP PLC ORD 1P,NATWEST GROUP PLC ORD 107.69P,-2.8980928680317968,0.045570220866911926,0.05,6.161733929008914e-05,False,1.6431703729902691,-1.356893570787994,,,,,,,,,,,,,,
FINANCIALS,BGEO.L,ICG.L,LION FINANCE GROUP PLC ORD 1P,ICG PLC ORD 26 1/4P,-2.893511797858758,0.04610770604950887,0.05,6.161733929008914e-05,False,-5.350214460066738,49.486037487543655,,,,,,,,,,,,,,
FINANCIALS,ABDN.L,HSBA.L,ABERDEEN GROUP PLC ORD 13 61/63,HSBC HOLDINGS PLC ORD $0.50 (UK,-2.8878588293858165,0.046778176360760974,0.05,6.161733929008914e-05,False,0.6636182431695818,0.6462721373484417,,,,,,,,,,,,,,
FINANCIALS,ASHM.L,ICG.L,ASHMORE GROUP PLC ORD 0.01P,ICG PLC ORD 26 1/4P,-2.8669876083361765,0.0493237711135136,0.05,6.161733929008914e-05,False,-2.2289364667641216,22.135087337894824,,,,,,,,,,,,,,
FINANCIALS,BGEO.L,HSBA.L,LION FINANCE GROUP PLC ORD 1P,HSBC HOLDINGS PLC ORD $0.50 (UK,-2.8646855042541777,0.04961140700814086,0.05,6.161733929008914e-05,False,1.466388311085456,-1.2288396866631661,,,,,,,,,,,,,,
FINANCIALS,AV.L,STJ.L,AVIVA PLC ORD 32 17/19P,ST. JAMES'S PLACE PLC ORD 15P,-2.8260438684013636,0.05464880947777232,0.05,6.161733929008914e-05,False,0.4965816290973946,2.898838545179603,,,,,,,,,,,,,,
FINANCIALS,BARC.L,BGEO.L,BARCLAYS PLC ORD 25P,LION FINANCE GROUP PLC ORD 1P,-2.8048670202673938,0.05758190502088012,0.05,6.161733929008914e-05,False,0.7338846731892384,-0.652565112972562,,,,,,,,,,,,,,
FINANCIALS,ABDN.L,ICG.L,ABERDEEN GROUP PLC ORD 13 61/63,ICG PLC ORD 26 1/4P,-2.7565542426383027,0.06475266161676281,0.05,6.161733929008914e-05,False,-2.8607066203650073,26.93972612022727,,,,,,,,,,,,,,
FINANCIALS,ADM.L,AV.L,ADMIRAL GROUP PLC ORD 0.1P,AVIVA PLC ORD 32 17/19P,-2.7502401669950434,0.06574063865131435,0.05,6.161733929008914e-05,False,0.7054604883142397,3.530376702230451,,,,,,,,,,,,,,
FINANCIALS,ICG.L,INVP.L,ICG PLC ORD 26 1/4P,INVESTEC PLC ORD GBP0.0002,-2.7451648170862852,0.06654351411657412,0.05,6.161733929008914e-05,False,-2.663705578255417,24.468999303231403,,,,,,,,,,,,,,
FINANCIALS,ICG.L,NWG.L,ICG PLC ORD 26 1/4P,NATWEST GROUP PLC ORD 107.69P,-2.7367919776174228,0.06788515055806592,0.05,6.161733929008914e-05,False,-0.27432192812826095,9.30033228031446,,,,,,,,,,,,,,
FINANCIALS,BARC.L,ICG.L,BARCLAYS PLC ORD 25P,ICG PLC ORD 26 1/4P,-2.732906794585882,0.06851499274696737,0.05,6.161733929008914e-05,False,-4.700890560575859,41.55463190953854,,,,,,,,,,,,,,
FINANCIALS,LGEN.L,PRU.L,LEGAL & GENERAL GROUP PLC ORD 2,PRUDENTIAL PLC ORD 5P,-2.725992593738914,0.06964740027556444,0.05,6.161733929008914e-05,False,0.23539499239010694,3.90028003561877,,,,,,,,,,,,,,
FINANCIALS,ASHM.L,JUP.L,ASHMORE GROUP PLC ORD 0.01P,JUPITER FUND MANAGEMENT PLC ORD,-2.7170162341722426,0.07113971967120795,0.05,6.161733929008914e-05,False,0.3242490905658546,3.6554072216960076,,,,,,,,,,,,,,
FINANCIALS,ADM.L,AJB.L,ADMIRAL GROUP PLC ORD 0.1P,AJ BELL PLC ORD GBP0.000125,-2.7044251750342165,0.07327564585887598,0.05,6.161733929008914e-05,False,0.9329240668041877,2.2671958502468197,,,,,,,,,,,,,,
FINANCIALS,JUP.L,LGEN.L,JUPITER FUND MANAGEMENT PLC ORD,LEGAL & GENERAL GROUP PLC ORD 2,-2.699290275999342,0.07416116282936558,0.05,6.161733929008914e-05,False,7.041047691273591,-33.96007340297631,,,,,,,,,,,,,,
FINANCIALS,LLOY.L,PRU.L,LLOYDS BANKING GROUP PLC ORD 10,PRUDENTIAL PLC ORD 5P,-2.6924107449510637,0.07536077400188707,0.05,6.161733929008914e-05,False,1.0137301267006638,-2.5297490745852826,,,,,,,,,,,,,,
FINANCIALS,BGEO.L,PRU.L,LION FINANCE GROUP PLC ORD 1P,PRUDENTIAL PLC ORD 5P,-2.6797621645264282,0.07760624615406406,0.05,6.161733929008914e-05,False,1.597782744635923,-2.010445230228365,,,,,,,,,,,,,,
FINANCIALS,ICG.L,JUP.L,ICG PLC ORD 26 1/4P,JUPITER FUND MANAGEMENT PLC ORD,-2.6690959466104878,0.07954038017692372,0.05,6.161733929008914e-05,False,-0.17117087922713983,8.411851870639815,,,,,,,,,,,,,,
FINANCIALS,HSBA.L,STAN.L,HSBC HOLDINGS PLC ORD $0.50 (UK,STANDARD CHARTERED PLC ORD USD0,-2.6544664035580543,0.08225437830673277,0.05,6.161733929008914e-05,False,0.7673026062174495,1.3704796855194443,,,,,,,,,,,,,,
FINANCIALS,ICG.L,STAN.L,ICG PLC ORD 26 1/4P,STANDARD CHARTERED PLC ORD USD0,-2.6520954636075165,0.08270094882609902,0.05,6.161733929008914e-05,False,-0.17650195072668368,8.86267956209337,,,,,,,,,,,,,,
FINANCIALS,AJB.L,ICG.L,AJ BELL PLC ORD GBP0.000125,ICG PLC ORD 26 1/4P,-2.649637054532431,0.08316598808932807,0.05,6.161733929008914e-05,False,-1.3758386251041679,16.62159019946438,,,,,,,,,,,,,,
FINANCIALS,ICG.L,PRU.L,ICG PLC ORD 26 1/4P,PRUDENTIAL PLC ORD 5P,-2.634225146820712,0.0861278998259884,0.05,6.161733929008914e-05,False,-0.2731032254510658,9.45244042127843,,,,,,,,,,,,,,
FINANCIALS,ABDN.L,BARC.L,ABERDEEN GROUP PLC ORD 13 61/63,BARCLAYS PLC ORD 25P,-2.624319112486663,0.08807444164108225,0.05,6.161733929008914e-05,False,0.6143291948799422,1.6182810750822592,,,,,,,,,,,,,,
FINANCIALS,BGEO.L,STAN.L,LION FINANCE GROUP PLC ORD 1P,STANDARD CHARTERED PLC ORD USD0,-2.6237976941198653,0.08817783527768824,0.05,6.161733929008914e-05,False,1.1233434011810768,0.7937793791919834,,,,,,,,,,,,,,
FINANCIALS,ABDN.L,PRU.L,ABERDEEN GROUP PLC ORD 13 61/63,PRUDENTIAL PLC ORD 5P,-2.6008991979594063,0.09281156388799033,0.05,6.161733929008914e-05,False,0.7334605607202698,0.22236417261378172,,,,,,,,,,,,,,
FINANCIALS,BARC.L,HSBA.L,BARCLAYS PLC ORD 25P,HSBC HOLDINGS PLC ORD $0.50 (UK,-2.582378444014287,0.09669425168949253,0.05,6.161733929008914e-05,False,1.0781231490299865,-1.5678112388520846,,,,,,,,,,,,,,
FINANCIALS,INVP.L,SDR.L,INVESTEC PLC ORD GBP0.0002,SCHRODERS PLC ORD 20P,-2.580629532160607,0.09706720082479131,0.05,6.161733929008914e-05,False,0.27437696548283946,4.689351243174865,,,,,,,,,,,,,,
FINANCIALS,BEZ.L,HSBA.L,BEAZLEY PLC ORD 5P,HSBC HOLDINGS PLC ORD $0.50 (UK,-2.5688122445830386,0.09961596960930169,0.05,6.161733929008914e-05,False,0.7728999649197315,1.5229898283329852,,,,,,,,,,,,,,
FINANCIALS,ADM.L,LGEN.L,ADMIRAL GROUP PLC ORD 0.1P,LEGAL & GENERAL GROUP PLC ORD 2,-2.5644235055857467,0.10057536573488574,0.05,6.161733929008914e-05,False,2.0356353725275347,-3.1682729002480983,,,,,,,,,,,,,,
FINANCIALS,JUP.L,MNG.L,JUPITER FUND MANAGEMENT PLC ORD,M&G PLC,-2.5584304690943487,0.10189675357366712,0.05,6.161733929008914e-05,False,2.036613991736995,-6.469145213329422,,,,,,,,,,,,,,
FINANCIALS,ADM.L,BGEO.L,ADMIRAL GROUP PLC ORD 0.1P,LION FINANCE GROUP PLC ORD 1P,-2.5496227086548,0.10386251393648649,0.05,6.161733929008914e-05,False,0.20776640194461365,6.184497710959327,,,,,,,,,,,,,,
FINANCIALS,JUP.L,STJ.L,JUPITER FUND MANAGEMENT PLC ORD,ST. JAMES'S PLACE PLC ORD 15P,-2.5495159686781546,0.10388651079252226,0.05,6.161733929008914e-05,False,1.4196000428019964,-5.162398264769638,,,,,,,,,,,,,,
FINANCIALS,ADM.L,ICG.L,ADMIRAL GROUP PLC ORD 0.1P,ICG PLC ORD 26 1/4P,-2.534158861661407,0.10738274130360204,0.05,6.161733929008914e-05,False,-0.9669249420344718,15.365733587197788,,,,,,,,,,,,,,
FINANCIALS,BNKR.L,HSBA.L,BANKERS INVESTMENT TRUST PLC OR,HSBC HOLDINGS PLC ORD $0.50 (UK,-2.5064997256666857,0.11390087036531865,0.05,6.161733929008914e-05,False,0.33796629403256895,2.504709315791644,,,,,,,,,,,,,,
FINANCIALS,AV.L,ICG.L,AVIVA PLC ORD 32 17/19P,ICG PLC ORD 26 1/4P,-2.499115169057721,0.11568976214603177,0.05,6.161733929008914e-05,False,-2.0713949170215757,22.106518596145822,,,,,,,,,,,,,,
FINANCIALS,BNKR.L,ICG.L,BANKERS INVESTMENT TRUST PLC OR,ICG PLC ORD 26 1/4P,-2.494058010811877,0.1169267770473863,0.05,6.161733929008914e-05,False,-0.6416335418835051,9.69484161019135,,,,,,,,,,,,,,
FINANCIALS,AJB.L,INVP.L,AJ BELL PLC ORD GBP0.000125,INVESTEC PLC ORD GBP0.0002,-2.4901671012972866,0.11788514285001511,0.05,6.161733929008914e-05,False,1.8057820821191197,-5.274536324907933,,,,,,,,,,,,,,
FINANCIALS,INVP.L,JUP.L,INVESTEC PLC ORD GBP0.0002,JUPITER FUND MANAGEMENT PLC ORD,-2.488149194490596,0.11838444450426999,0.05,6.161733929008914e-05,False,0.1465938706157912,5.640312169501028,,,,,,,,,,,,,,
FINANCIALS,ABDN.L,NWG.L,ABERDEEN GROUP PLC ORD 13 61/63,NATWEST GROUP PLC ORD 107.69P,-2.4626700235758574,0.12482326266264954,0.05,6.161733929008914e-05,False,0.7341294837982859,0.646961757286002,,,,,,,,,,,,,,
FINANCIALS,HSBA.L,NWG.L,HSBC HOLDINGS PLC ORD $0.50 (UK,NATWEST GROUP PLC ORD 107.69P,-2.4622905817672907,0.12492104250737696,0.05,6.161733929008914e-05,False,1.1127172912934429,-0.038898463177313936,,,,,,,,,,,,,,
FINANCIALS,ABDN.L,AJB.L,ABERDEEN GROUP PLC ORD 13 61/63,AJ BELL PLC ORD GBP0.000125,-2.4577174551959162,0.12610389889132684,0.05,6.161733929008914e-05,False,1.9440667495348973,-6.788277043678097,,,,,,,,,,,,,,
FINANCIALS,LLOY.L,MNG.L,LLOYDS BANKING GROUP PLC ORD 10,M&G PLC,-2.450321757357184,0.12803401500243416,0.05,6.161733929008914e-05,False,1.3552137148710766,-3.1135009608933712,,,,,,,,,,,,,,
FINANCIALS,LGEN.L,STJ.L,LEGAL & GENERAL GROUP PLC ORD 2,ST. JAMES'S PLACE PLC ORD 15P,-2.4481273121943596,0.12861081411269626,0.05,6.161733929008914e-05,False,0.18932828828648585,4.175437520456294,,,,,,,,,,,,,,
FINANCIALS,LLOY.L,NWG.L,LLOYDS BANKING GROUP PLC ORD 10,NATWEST GROUP PLC ORD 107.69P,-2.437083679119808,0.1315421313709878,0.05,6.161733929008914e-05,False,1.0413957104852116,-2.108108625920064,,,,,,,,,,,,,,
FINANCIALS,HSBA.L,SDR.L,HSBC HOLDINGS PLC ORD $0.50 (UK,SCHRODERS PLC ORD 20P,-2.421920913010647,0.13564473180734854,0.05,6.161733929008914e-05,False,1.2444475253808565,-0.6095057918103661,,,,,,,,,,,,,,
FINANCIALS,AJB.L,MNG.L,AJ BELL PLC ORD GBP0.000125,M&G PLC,-2.4052581810413756,0.1402578225951987,0.05,6.161733929008914e-05,False,0.48596188097987564,3.4899746304110337,,,,,,,,,,,,,,
FINANCIALS,ABDN.L,AV.L,ABERDEEN GROUP PLC ORD 13 61/63,AVIVA PLC ORD 32 17/19P,-2.396829241659973,0.14263333245248544,0.05,6.161733929008914e-05,False,1.276079619019419,-2.9237253552614852,,,,,,,,,,,,,,
FINANCIALS,BARC.L,LLOY.L,BARCLAYS PLC ORD 25P,LLOYDS BANKING GROUP PLC ORD 10,-2.39539935384777,0.1430391197015225,0.05,6.161733929008914e-05,False,1.1501032999111034,0.8267399117283798,,,,,,,,,,,,,,
FINANCIALS,AJB.L,SDR.L,AJ BELL PLC ORD GBP0.000125,SCHRODERS PLC ORD 20P,-2.3794013294125973,0.147634827139549,0.05,6.161733929008914e-05,False,0.28813367238743687,4.433766676347336,,,,,,,,,,,,,,
FINANCIALS,ADM.L,LLOY.L,ADMIRAL GROUP PLC ORD 0.1P,LLOYDS BANKING GROUP PLC ORD 10,-2.3646796785343276,0.15195440476019023,0.05,6.161733929008914e-05,False,0.34301149288337207,6.5279818364332565,,,,,,,,,,,,,,
FINANCIALS,ADM.L,PRU.L,ADMIRAL GROUP PLC ORD 0.1P,PRUDENTIAL PLC ORD 5P,-2.362321034366654,0.1526545590391875,0.05,6.161733929008914e-05,False,0.3535557003421252,5.620792512385037,,,,,,,,,,,,,,
FINANCIALS,ABDN.L,ADM.L,ABERDEEN GROUP PLC ORD 13 61/63,ADMIRAL GROUP PLC ORD 0.1P,-2.356987687270821,0.15424599417171553,0.05,6.161733929008914e-05,False,2.0358060513646152,-11.127903106865098,,,,,,,,,,,,,,
FINANCIALS,BNKR.L,SDR.L,BANKERS INVESTMENT TRUST PLC OR,SCHRODERS PLC ORD 20P,-2.3544432385929333,0.15500927571795498,0.05,6.161733929008914e-05,False,0.37716346555895297,2.5584635430270843,,,,,,,,,,,,,,
FINANCIALS,AV.L,LGEN.L,AVIVA PLC ORD 32 17/19P,LEGAL & GENERAL GROUP PLC ORD 2,-2.349820850747974,0.15640257042036304,0.05,6.161733929008914e-05,False,2.5387952923096098,-7.59105516679809,,,,,,,,,,,,,,
FINANCIALS,BARC.L,MNG.L,BARCLAYS PLC ORD 25P,M&G PLC,-2.347173270775828,0.15720449301601658,0.05,6.161733929008914e-05,False,1.5744033189665605,-2.840659246540759,,,,,,,,,,,,,,
FINANCIALS,BEZ.L,BNKR.L,BEAZLEY PLC ORD 5P,BANKERS INVESTMENT TRUST PLC OR,-2.344771541427509,0.15793439674722415,0.05,6.161733929008914e-05,False,2.8369321810054626,-6.853312739696182,,,,,,,,,,,,,,
FINANCIALS,AJB.L,HSBA.L,AJ BELL PLC ORD GBP0.000125,HSBC HOLDINGS PLC ORD $0.50 (UK,-2.343356439068576,0.15836554716246282,0.05,6.161733929008914e-05,False,0.2766146634843736,4.26675493433551,,,,,,,,,,,,,,
FINANCIALS,JUP.L,PRU.L,JUPITER FUND MANAGEMENT PLC ORD,PRUDENTIAL PLC ORD 5P,-2.3354328761379692,0.16079462597386368,0.05,6.161733929008914e-05,False,1.5631093935258904,-5.860194803215838,,,,,,,,,,,,,,
FINANCIALS,INVP.L,MNG.L,INVESTEC PLC ORD GBP0.0002,M&G PLC,-2.330214727800149,0.16240818267421153,0.05,6.161733929008914e-05,False,0.29593795162630254,4.7063413666458915,,,,,,,,,,,,,,
FINANCIALS,BEZ.L,INVP.L,BEAZLEY PLC ORD 5P,INVESTEC PLC ORD GBP0.0002,-2.3203335121464477,0.16549384323346872,0.05,6.161733929008914e-05,False,5.6229172120885265,-28.791548306693436,,,,,,,,,,,,,,
FINANCIALS,ICG.L,STJ.L,ICG PLC ORD 26 1/4P,ST. JAMES'S PLACE PLC ORD 15P,-2.305907744443524,0.17006968528569155,0.05,6.161733929008914e-05,False,-0.1570892546294761,8.698075321542365,,,,,,,,,,,,,,
FINANCIALS,AJB.L,BGEO.L,AJ BELL PLC ORD GBP0.000125,LION FINANCE GROUP PLC ORD 1P,-2.30430521783624,0.17058321254520814,0.05,6.161733929008914e-05,False,0.1904165254725564,4.482906627643435,,,,,,,,,,,,,,
FINANCIALS,LLOY.L,STAN.L,LLOYDS BANKING GROUP PLC ORD 10,STANDARD CHARTERED PLC ORD USD0,-2.3028065964376325,0.17106438604790908,0.05,6.161733929008914e-05,False,0.7114419628057261,-0.7414975167146389,,,,,,,,,,,,,,
FINANCIALS,AJB.L,BEZ.L,AJ BELL PLC ORD GBP0.000125,BEAZLEY PLC ORD 5P,-2.287800554031765,0.17593272781545188,0.05,6.161733929008914e-05,False,0.31144652781882093,4.037799230869689,,,,,,,,,,,,,,
FINANCIALS,ADM.L,MNG.L,ADMIRAL GROUP PLC ORD 0.1P,M&G PLC,-2.2853235065407813,0.17674513114074347,0.05,6.161733929008914e-05,False,0.4655323418412875,5.456291000819049,,,,,,,,,,,,,,
FINANCIALS,HSBA.L,LLOY.L,HSBC HOLDINGS PLC ORD $0.50 (UK,LLOYDS BANKING GROUP PLC ORD 10,-2.279051880450261,0.17881318382107464,0.05,6.161733929008914e-05,False,1.0666767196191849,2.2214156522794086,,,,,,,,,,,,,,
FINANCIALS,ABDN.L,BEZ.L,ABERDEEN GROUP PLC ORD 13 61/63,BEAZLEY PLC ORD 5P,-2.2751892626579875,0.18009481349474865,0.05,6.161733929008914e-05,False,0.8137593428089849,-0.3561355815431888,,,,,,,,,,,,,,
FINANCIALS,ADM.L,NWG.L,ADMIRAL GROUP PLC ORD 0.1P,NATWEST GROUP PLC ORD 107.69P,-2.2691368786684842,0.18211518685769662,0.05,6.161733929008914e-05,False,0.35290584680085924,5.831471381701614,,,,,,,,,,,,,,
FINANCIALS,JUP.L,LLOY.L,JUPITER FUND MANAGEMENT PLC ORD,LLOYDS BANKING GROUP PLC ORD 10,-2.2583887278891583,0.18573968685996628,0.05,6.161733929008914e-05,False,1.5466273058250517,-1.9797597829191353,,,,,,,,,,,,,,
FINANCIALS,AJB.L,STAN.L,AJ BELL PLC ORD GBP0.000125,STANDARD CHARTERED PLC ORD USD0,-2.2568792634202555,0.18625245930398676,0.05,6.161733929008914e-05,False,0.21473998544998896,4.628095188763424,,,,,,,,,,,,,,
FINANCIALS,ADM.L,STJ.L,ADMIRAL GROUP PLC ORD 0.1P,ST. JAMES'S PLACE PLC ORD 15P,-2.2497849158702405,0.18867480569512052,0.05,6.161733929008914e-05,False,0.28737349944984963,6.01314744089579,,,,,,,,,,,,,,
FINANCIALS,ABDN.L,SDR.L,ABERDEEN GROUP PLC ORD 13 61/63,SCHRODERS PLC ORD 20P,-2.2491041165945393,0.18890833447737337,0.05,6.161733929008914e-05,False,0.8058962200427754,0.36109485033030797,,,,,,,,,,,,,,
FINANCIALS,AV.L,NWG.L,AVIVA PLC ORD 32 17/19P,NATWEST GROUP PLC ORD 107.69P,-2.245483557667581,0.19015341535109576,0.05,6.161733929008914e-05,False,0.5990003105032026,2.6517551118855627,,,,,,,,,,,,,,
FINANCIALS,BNKR.L,MNG.L,BANKERS INVESTMENT TRUST PLC OR,M&G PLC,-2.2421254057559987,0.1913129972061377,0.05,6.161733929008914e-05,False,0.47999297064693347,2.180055484040704,,,,,,,,,,,,,,
FINANCIALS,AJB.L,LGEN.L,AJ BELL PLC ORD GBP0.000125,LEGAL & GENERAL GROUP PLC ORD 2,-2.2419120294312043,0.19138683091515474,0.05,6.161733929008914e-05,False,2.552252354869798,-7.859773599538734,,,,,,,,,,,,,,
FINANCIALS,ADM.L,BARC.L,ADMIRAL GROUP PLC ORD 0.1P,BARCLAYS PLC ORD 25P,-2.238062572361671,0.1927220036017409,0.05,6.161733929008914e-05,False,0.27022783245804416,6.4439498211191095,,,,,,,,,,,,,,
FINANCIALS,AJB.L,JUP.L,AJ BELL PLC ORD GBP0.000125,JUPITER FUND MANAGEMENT PLC ORD,-2.232581347133774,0.19463348247434836,0.05,6.161733929008914e-05,False,0.1936024203824186,5.24560445292993,,,,,,,,,,,,,,
FINANCIALS,MNG.L,NWG.L,M&G PLC,NATWEST GROUP PLC ORD 107.69P,-2.225077107763118,0.19727011741144634,0.05,6.161733929008914e-05,False,0.7526315707666267,0.8395116997067982,,,,,,,,,,,,,,
FINANCIALS,ABDN.L,INVP.L,ABERDEEN GROUP PLC ORD 13 61/63,INVESTEC PLC ORD GBP0.0002,-2.2232380695798657,0.19791973278394398,0.05,6.161733929008914e-05,False,3.6825127814712872,-18.130921932514028,,,,,,,,,,,,,,
FINANCIALS,ADM.L,HSBA.L,ADMIRAL GROUP PLC ORD 0.1P,HSBC HOLDINGS PLC ORD $0.50 (UK,-2.217745917827952,0.19986787020368796,0.05,6.161733929008914e-05,False,0.27876508497834357,6.106230298646562,,,,,,,,,,,,,,
FINANCIALS,ADM.L,STAN.L,ADMIRAL GROUP PLC ORD 0.1P,STANDARD CHARTERED PLC ORD USD0,-2.2143678691853848,0.20107213743214425,0.05,6.161733929008914e-05,False,0.21401336865322337,6.487444635876733,,,,,,,,,,,,,,
FINANCIALS,HSBA.L,INVP.L,HSBC HOLDINGS PLC ORD $0.50 (UK,INVESTEC PLC ORD GBP0.0002,-2.203471913808884,0.20498776656564965,0.05,6.161733929008914e-05,False,7.226157727124615,-38.91202919884946,,,,,,,,,,,,,,
FINANCIALS,BGEO.L,INVP.L,LION FINANCE GROUP PLC ORD 1P,INVESTEC PLC ORD GBP0.0002,-2.203132754510029,0.20511041313564848,0.05,6.161733929008914e-05,False,11.755179393028193,-65.62528956932485,,,,,,,,,,,,,,
FINANCIALS,ASHM.L,BGEO.L,ASHMORE GROUP PLC ORD 0.01P,LION FINANCE GROUP PLC ORD 1P,-2.1998718665505455,0.20629196519160675,0.05,6.161733929008914e-05,False,0.22169501313511472,3.2330108325475777,,,,,,,,,,,,,,
FINANCIALS,AJB.L,LLOY.L,AJ BELL PLC ORD GBP0.000125,LLOYDS BANKING GROUP PLC ORD 10,-2.1839712884782387,0.21211430118881291,0.05,6.161733929008914e-05,False,0.29126552733044087,4.897637444367271,,,,,,,,,,,,,,
FINANCIALS,BEZ.L,BGEO.L,BEAZLEY PLC ORD 5P,LION FINANCE GROUP PLC ORD 1P,-2.183828886517127,0.2121669004350742,0.05,6.161733929008914e-05,False,0.4893298470613004,2.5026525710208034,,,,,,,,,,,,,,
FINANCIALS,AJB.L,BNKR.L,AJ BELL PLC ORD GBP0.000125,BANKERS INVESTMENT TRUST PLC OR,-2.1810683589483904,0.21318815599942376,0.05,6.161733929008914e-05,False,1.3745338107586211,-0.46063595037332394,,,,,,,,,,,,,,
FINANCIALS,HSBA.L,MNG.L,HSBC HOLDINGS PLC ORD $0.50 (UK,M&G PLC,-2.176948663180966,0.21471787141357496,0.05,6.161733929008914e-05,False,1.45600653743293,-1.156944690517661,,,,,,,,,,,,,,
FINANCIALS,ASHM.L,LLOY.L,ASHMORE GROUP PLC ORD 0.01P,LLOYDS BANKING GROUP PLC ORD 10,-2.1696018010452143,0.21746261079105028,0.05,6.161733929008914e-05,False,0.4223157816755671,3.355955006695992,,,,,,,,,,,,,,
FINANCIALS,AJB.L,BARC.L,AJ BELL PLC ORD GBP0.000125,BARCLAYS PLC ORD 25P,-2.168625470205034,0.21782897167544024,0.05,6.161733929008914e-05,False,0.2663927176790463,4.612025201256927,,,,,,,,,,,,,,
FINANCIALS,ADM.L,BEZ.L,ADMIRAL GROUP PLC ORD 0.1P,BEAZLEY PLC ORD 5P,-2.158251791537872,0.2217448830280424,0.05,6.161733929008914e-05,False,0.3105340663091419,5.898183813497053,,,,,,,,,,,,,,
FINANCIALS,INVP.L,STAN.L,INVESTEC PLC ORD GBP0.0002,STANDARD CHARTERED PLC ORD USD0,-2.132357379726386,0.23170410959127608,0.05,6.161733929008914e-05,False,0.0803140915445364,5.758792110438259,,,,,,,,,,,,,,
FINANCIALS,ASHM.L,SDR.L,ASHMORE GROUP PLC ORD 0.01P,SCHRODERS PLC ORD 20P,-2.130579024587031,0.2323976834180586,0.05,6.161733929008914e-05,False,0.648138266285876,1.3052270969042055,,,,,,,,,,,,,,
FINANCIALS,AJB.L,PRU.L,AJ BELL PLC ORD GBP0.000125,PRUDENTIAL PLC ORD 5P,-2.1222631736039386,0.23565720333829182,0.05,6.161733929008914e-05,False,0.2963423413674635,4.153520840875675,,,,,,,,,,,,,,
FINANCIALS,ASHM.L,BARC.L,ASHMORE GROUP PLC ORD 0.01P,BARCLAYS PLC ORD 25P,-2.1217388052999913,0.23586363352757095,0.05,6.161733929008914e-05,False,0.31591033191263873,3.3499275591550397,,,,,,,,,,,,,,
FINANCIALS,BNKR.L,STAN.L,BANKERS INVESTMENT TRUST PLC OR,STANDARD CHARTERED PLC ORD USD0,-2.1198527076054057,0.23660701835100856,0.05,6.161733929008914e-05,False,0.25305536494716074,3.0125206281518038,,,,,,,,,,,,,,
FINANCIALS,INVP.L,LLOY.L,INVESTEC PLC ORD GBP0.0002,LLOYDS BANKING GROUP PLC ORD 10,-2.1188506608307422,0.23700252208912653,0.05,6.161733929008914e-05,False,0.11832971594901763,5.8189657707192595,,,,,,,,,,,,,,
FINANCIALS,BGEO.L,SDR.L,LION FINANCE GROUP PLC ORD 1P,SCHRODERS PLC ORD 20P,-2.118357988280246,0.23719711978404573,0.05,6.161733929008914e-05,False,1.9559267537122407,-2.9068165858011863,,,,,,,,,,,,,,
FINANCIALS,BARC.L,PRU.L,BARCLAYS PLC ORD 25P,PRUDENTIAL PLC ORD 5P,-2.1116379030091497,0.23986076577251442,0.05,6.161733929008914e-05,False,1.1701388698921131,-2.1114361185729082,,,,,,,,,,,,,,
FINANCIALS,ABDN.L,BNKR.L,ABERDEEN GROUP PLC ORD 13 61/63,BANKERS INVESTMENT TRUST PLC OR,-2.1109564547974573,0.24013184021023998,0.05,6.161733929008914e-05,False,2.116881258814363,-5.010084103915272,,,,,,,,,,,,,,
FINANCIALS,BEZ.L,STAN.L,BEAZLEY PLC ORD 5P,STANDARD CHARTERED PLC ORD USD0,-2.110049133868775,0.24049304114150882,0.05,6.161733929008914e-05,False,0.5454630741499746,2.9211452632395782,,,,,,,,,,,,,,
FINANCIALS,BARC.L,INVP.L,BARCLAYS PLC ORD 25P,INVESTEC PLC ORD GBP0.0002,-2.105177085486577,0.242437971707809,0.05,6.161733929008914e-05,False,9.743549681386574,-55.882962064018116,,,,,,,,,,,,,,
FINANCIALS,BEZ.L,LLOY.L,BEAZLEY PLC ORD 5P,LLOYDS BANKING GROUP PLC ORD 10,-2.0955477065405086,0.2463086558759277,0.05,6.161733929008914e-05,False,0.8144271013106724,3.2832090071301456,,,,,,,,,,,,,,
FINANCIALS,STAN.L,STJ.L,STANDARD CHARTERED PLC ORD USD0,ST. JAMES'S PLACE PLC ORD 15P,-2.0848132662555234,0.25066494753196833,0.05,6.161733929008914e-05,False,1.2415186258267867,-1.5119574724730214,,,,,,,,,,,,,,
FINANCIALS,AV.L,BGEO.L,AVIVA PLC ORD 32 17/19P,LION FINANCE GROUP PLC ORD 1P,-2.0792703563523074,0.2529313698904827,0.05,6.161733929008914e-05,False,0.35663779325436135,3.2158866510626996,,,,,,,,,,,,,,
FINANCIALS,ADM.L,SDR.L,ADMIRAL GROUP PLC ORD 0.1P,SCHRODERS PLC ORD 20P,-2.079217832824095,0.2529529011230176,0.05,6.161733929008914e-05,False,0.27046844387129315,6.393622954023896,,,,,,,,,,,,,,
FINANCIALS,JUP.L,NWG.L,JUPITER FUND MANAGEMENT PLC ORD,NATWEST GROUP PLC ORD 107.69P,-2.073506524372626,0.25530031405217846,0.05,6.161733929008914e-05,False,1.670437279932046,-5.60957288114139,,,,,,,,,,,,,,
FINANCIALS,BGEO.L,STJ.L,LION FINANCE GROUP PLC ORD 1P,ST. JAMES'S PLACE PLC ORD 15P,-2.0656328596656994,0.258556377769041,0.05,6.161733929008914e-05,False,1.4350823024620207,-1.1858436927164266,,,,,,,,,,,,,,
FINANCIALS,ASHM.L,NWG.L,ASHMORE GROUP PLC ORD 0.01P,NATWEST GROUP PLC ORD 107.69P,-2.064265334559424,0.2591242426784123,0.05,6.161733929008914e-05,False,0.3382512087539413,3.0930146858696435,,,,,,,,,,,,,,
FINANCIALS,INVP.L,PRU.L,INVESTEC PLC ORD GBP0.0002,PRUDENTIAL PLC ORD 5P,-2.0506093691754566,0.26483261612471753,0.05,6.161733929008914e-05,False,0.1158944458023365,5.547076516488556,,,,,,,,,,,,,,
FINANCIALS,BARC.L,STJ.L,BARCLAYS PLC ORD 25P,ST. JAMES'S PLACE PLC ORD 15P,-2.0390125829191392,0.2697336287896258,0.05,6.161733929008914e-05,False,1.0121683951068685,-1.2375868896603537,,,,,,,,,,,,,,
FINANCIALS,MNG.L,STAN.L,M&G PLC,STANDARD CHARTERED PLC ORD USD0,-2.0361120069419543,0.2709670613399163,0.05,6.161733929008914e-05,False,0.5144151594019648,1.825429875943485,,,,,,,,,,,,,,
FINANCIALS,INVP.L,NWG.L,INVESTEC PLC ORD GBP0.0002,NATWEST GROUP PLC ORD 107.69P,-2.0334918180632786,0.2720838605332955,0.05,6.161733929008914e-05,False,0.06818817146243322,5.909546023150215,,,,,,,,,,,,,,
FINANCIALS,BNKR.L,INVP.L,BANKERS INVESTMENT TRUST PLC OR,INVESTEC PLC ORD GBP0.0002,-2.01596165932079,0.279618617621541,0.05,6.161733929008914e-05,False,1.0650102887052753,-1.9275366399650418,,,,,,,,,,,,,,
FINANCIALS,BARC.L,BEZ.L,BARCLAYS PLC ORD 25P,BEAZLEY PLC ORD 5P,-2.012601678851685,0.28107518284810884,0.05,6.161733929008914e-05,False,1.4839870255608856,-4.298527006834148,,,,,,,,,,,,,,
FINANCIALS,ADM.L,JUP.L,ADMIRAL GROUP PLC ORD 0.1P,JUPITER FUND MANAGEMENT PLC ORD,-2.0118895924855105,0.2813843827164487,0.05,6.161733929008914e-05,False,0.1654110645380488,7.232567354813064,,,,,,,,,,,,,,
FINANCIALS,BEZ.L,MNG.L,BEAZLEY PLC ORD 5P,M&G PLC,-2.0114838020223478,0.2815606630113664,0.05,6.161733929008914e-05,False,1.188971355071581,0.27954200786543115,,,,,,,,,,,,,,
FINANCIALS,BEZ.L,NWG.L,BEAZLEY PLC ORD 5P,NATWEST GROUP PLC ORD 107.69P,-2.0106278253904315,0.2819326981855823,0.05,6.161733929008914e-05,False,0.8459741118810371,1.5796943953910159,,,,,,,,,,,,,,
FINANCIALS,AJB.L,AV.L,AJ BELL PLC ORD GBP0.000125,AVIVA PLC ORD 32 17/19P,-2.008434447481914,0.28288717729732266,0.05,6.161733929008914e-05,False,0.6685866755647767,1.910437103540393,,,,,,,,,,,,,,
FINANCIALS,AV.L,JUP.L,AVIVA PLC ORD 32 17/19P,JUPITER FUND MANAGEMENT PLC ORD,-2.0070142466017993,0.2835060906596829,0.05,6.161733929008914e-05,False,0.35019066110815916,4.702843830507881,,,,,,,,,,,,,,
FINANCIALS,AV.L,INVP.L,AVIVA PLC ORD 32 17/19P,INVESTEC PLC ORD GBP0.0002,-2.0052698944271383,0.2842672253215518,0.05,6.161733929008914e-05,False,7.90088309440367,-43.66663547235367,,,,,,,,,,,,,,
FINANCIALS,LLOY.L,STJ.L,LLOYDS BANKING GROUP PLC ORD 10,ST. JAMES'S PLACE PLC ORD 15P,-2.003479154003205,0.2850496980833942,0.05,6.161733929008914e-05,False,0.866129910222549,-1.6979769602634223,,,,,,,,,,,,,,
FINANCIALS,INVP.L,STJ.L,INVESTEC PLC ORD GBP0.0002,ST. JAMES'S PLACE PLC ORD 15P,-2.0022365009798526,0.2855933332588694,0.05,6.161733929008914e-05,False,0.027941317081246784,6.13648840256072,,,,,,,,,,,,,,
FINANCIALS,BARC.L,SDR.L,BARCLAYS PLC ORD 25P,SCHRODERS PLC ORD 20P,-1.997185739292333,0.2878084161153599,0.05,6.161733929008914e-05,False,1.4259298678901329,-2.7290307657782966,,,,,,,,,,,,,,
FINANCIALS,AV.L,LLOY.L,AVIVA PLC ORD 32 17/19P,LLOYDS BANKING GROUP PLC ORD 10,-1.9846102478260126,0.2933614679000942,0.05,6.161733929008914e-05,False,0.5752027709000116,3.8642623262620064,,,,,,,,,,,,,,
FINANCIALS,NWG.L,SDR.L,NATWEST GROUP PLC ORD 107.69P,SCHRODERS PLC ORD 20P,-1.980325697533896,0.2952656573505962,0.05,6.161733929008914e-05,False,1.1404216660900421,-0.6446328835961159,,,,,,,,,,,,,,
FINANCIALS,AJB.L,ASHM.L,AJ BELL PLC ORD GBP0.000125,ASHMORE GROUP PLC ORD 0.01P,-1.9780935782154103,0.2962601227190096,0.05,6.161733929008914e-05,False,0.3600477156651802,4.291501099410183,,,,,,,,,,,,,,
FINANCIALS,ADM.L,INVP.L,ADMIRAL GROUP PLC ORD 0.1P,INVESTEC PLC ORD GBP0.0002,-1.9642861776635938,0.3024484752316703,0.05,6.161733929008914e-05,False,-4.31732442636757,35.343845066931245,,,,,,,,,,,,,,
FINANCIALS,MNG.L,SDR.L,M&G PLC,SCHRODERS PLC ORD 20P,-1.9432542392667378,0.31199435274781523,0.05,6.161733929008914e-05,False,0.8226923349198723,0.5674667480180622,,,,,,,,,,,,,,
FINANCIALS,BARC.L,JUP.L,BARCLAYS PLC ORD 25P,JUPITER FUND MANAGEMENT PLC ORD,-1.932331054433528,0.317007705746172,0.05,6.161733929008914e-05,False,0.7489392524032182,2.2738751352378452,,,,,,,,,,,,,,
FINANCIALS,ASHM.L,HSBA.L,ASHMORE GROUP PLC ORD 0.01P,HSBC HOLDINGS PLC ORD $0.50 (UK,-1.9232064746837472,0.32122402857320476,0.05,6.161733929008914e-05,False,0.404323832232924,2.418996320257448,,,,,,,,,,,,,,
FINANCIALS,ASHM.L,STAN.L,ASHMORE GROUP PLC ORD 0.01P,STANDARD CHARTERED PLC ORD USD0,-1.9229695696369995,0.3213338396180636,0.05,6.161733929008914e-05,False,0.2384789895783495,3.484203034510167,,,,,,,,,,,,,,
FINANCIALS,BGEO.L,BNKR.L,LION FINANCE GROUP PLC ORD 1P,BANKERS INVESTMENT TRUST PLC OR,-1.9228127025486033,0.3214065606353025,0.05,6.161733929008914e-05,False,4.505912293441444,-12.90075335898798,,,,,,,,,,,,,,
FINANCIALS,ASHM.L,BEZ.L,ASHMORE GROUP PLC ORD 0.01P,BEAZLEY PLC ORD 5P,-1.9141293948210778,0.3254436696964631,0.05,6.161733929008914e-05,False,0.6140306323383047,1.0035770523228305,,,,,,,,,,,,,,
FINANCIALS,AJB.L,NWG.L,AJ BELL PLC ORD GBP0.000125,NATWEST GROUP PLC ORD 107.69P,-1.9082556383165674,0.3281874203962266,0.05,6.161733929008914e-05,False,0.31934457074877814,4.184636020302964,,,,,,,,,,,,,,
FINANCIALS,BGEO.L,JUP.L,LION FINANCE GROUP PLC ORD 1P,JUPITER FUND MANAGEMENT PLC ORD,-1.8995231030722544,0.33228549133915963,0.05,6.161733929008914e-05,False,1.045457657524364,3.8701091425589604,,,,,,,,,,,,,,
FINANCIALS,LLOY.L,SDR.L,LLOYDS BANKING GROUP PLC ORD 10,SCHRODERS PLC ORD 20P,-1.882384059936605,0.34039303964578177,0.05,6.161733929008914e-05,False,1.1677143225503466,-2.660279926279019,,,,,,,,,,,,,,
FINANCIALS,BARC.L,BNKR.L,BARCLAYS PLC ORD 25P,BANKERS INVESTMENT TRUST PLC OR,-1.8801292541840149,0.3414658933030239,0.05,6.161733929008914e-05,False,3.2850273096421345,-10.015302137501276,,,,,,,,,,,,,,
FINANCIALS,SDR.L,STAN.L,SCHRODERS PLC ORD 20P,STANDARD CHARTERED PLC ORD USD0,-1.878542986673501,0.34222150602451873,0.05,6.161733929008914e-05,False,0.5556883086729252,2.0247468155535313,,,,,,,,,,,,,,
FINANCIALS,ABDN.L,ASHM.L,ABERDEEN GROUP PLC ORD 13 61/63,ASHMORE GROUP PLC ORD 0.01P,-1.8763329572691754,0.3432754169644444,0.05,6.161733929008914e-05,False,1.297972051911197,-1.5446487551368104,,,,,,,,,,,,,,
FINANCIALS,ASHM.L,LGEN.L,ASHMORE GROUP PLC ORD 0.01P,LEGAL & GENERAL GROUP PLC ORD 2,-1.8681748729932879,0.3471775199086684,0.05,6.161733929008914e-05,False,4.809925823282179,-21.234021935015004,,,,,,,,,,,,,,
FINANCIALS,JUP.L,STAN.L,JUPITER FUND MANAGEMENT PLC ORD,STANDARD CHARTERED PLC ORD USD0,-1.8670282583876772,0.34772742189364225,0.05,6.161733929008914e-05,False,1.0855489357349541,-3.021266360434992,,,,,,,,,,,,,,
FINANCIALS,ABDN.L,STJ.L,ABERDEEN GROUP PLC ORD 13 61/63,ST. JAMES'S PLACE PLC ORD 15P,-1.833867304440007,0.3637818179295463,0.05,6.161733929008914e-05,False,0.5797358037334642,1.1505641696329043,,,,,,,,,,,,,,
FINANCIALS,AV.L,STAN.L,AVIVA PLC ORD 32 17/19P,STANDARD CHARTERED PLC ORD USD0,-1.8276216804073655,0.3668370653446165,0.05,6.161733929008914e-05,False,0.39224956252696014,3.5586423295201848,,,,,,,,,,,,,,
FINANCIALS,INVP.L,LGEN.L,INVESTEC PLC ORD GBP0.0002,LEGAL & GENERAL GROUP PLC ORD 2,-1.8259964158976991,0.3676336943162567,0.05,6.161733929008914e-05,False,2.502920009189426,-7.415548784988482,,,,,,,,,,,,,,
FINANCIALS,HSBA.L,STJ.L,HSBC HOLDINGS PLC ORD $0.50 (UK,ST. JAMES'S PLACE PLC ORD 15P,-1.8210885847626561,0.3700431939505806,0.05,6.161733929008914e-05,False,0.929871638490333,0.36855835513779933,,,,,,,,,,,,,,
FINANCIALS,ASHM.L,PRU.L,ASHMORE GROUP PLC ORD 0.01P,PRUDENTIAL PLC ORD 5P,-1.816766858688254,0.3721697580508191,0.05,6.161733929008914e-05,False,0.41566105227626327,2.3718160827010326,,,,,,,,,,,,,,
FINANCIALS,BNKR.L,LLOY.L,BANKERS INVESTMENT TRUST PLC OR,LLOYDS BANKING GROUP PLC ORD 10,-1.748228205374509,0.4064506352787213,0.05,6.161733929008914e-05,False,0.3363712183434045,3.359846624153326,,,,,,,,,,,,,,
FINANCIALS,ASHM.L,MNG.L,ASHMORE GROUP PLC ORD 0.01P,M&G PLC,-1.7478670475433613,0.40663381523015424,0.05,6.161733929008914e-05,False,0.7844913294612451,0.8764658807028187,,,,,,,,,,,,,,
FINANCIALS,ASHM.L,STJ.L,ASHMORE GROUP PLC ORD 0.01P,ST. JAMES'S PLACE PLC ORD 15P,-1.737037441799715,0.41213773597020265,0.05,6.161733929008914e-05,False,0.22031819166580105,3.6504939651944164,,,,,,,,,,,,,,
FINANCIALS,BEZ.L,JUP.L,BEAZLEY PLC ORD 5P,JUPITER FUND MANAGEMENT PLC ORD,-1.7233591111791196,0.4191191188070225,0.05,6.161733929008914e-05,False,0.46451799454684123,4.618056737062018,,,,,,,,,,,,,,
FINANCIALS,HSBA.L,JUP.L,HSBC HOLDINGS PLC ORD $0.50 (UK,JUPITER FUND MANAGEMENT PLC ORD,-1.7201928696951108,0.4207396796034775,0.05,6.161733929008914e-05,False,0.6889110322922204,3.5904332228049545,,,,,,,,,,,,,,
FINANCIALS,ADM.L,BNKR.L,ADMIRAL GROUP PLC ORD 0.1P,BANKERS INVESTMENT TRUST PLC OR,-1.7102040050825187,0.4258628834575265,0.05,6.161733929008914e-05,False,1.4074810032928353,1.234902965697077,,,,,,,,,,,,,,
FINANCIALS,PRU.L,STAN.L,PRUDENTIAL PLC ORD 5P,STANDARD CHARTERED PLC ORD USD0,-1.693712667954747,0.4343547763016107,0.05,6.161733929008914e-05,False,0.6942375941612661,1.8179356302229088,,,,,,,,,,,,,,
FINANCIALS,AV.L,BEZ.L,AVIVA PLC ORD 32 17/19P,BEAZLEY PLC ORD 5P,-1.6674560446075497,0.44795325204095715,0.05,6.161733929008914e-05,False,0.5465069584984154,2.6327751297005917,,,,,,,,,,,,,,
FINANCIALS,ASHM.L,AV.L,ASHMORE GROUP PLC ORD 0.01P,AVIVA PLC ORD 32 17/19P,-1.6434375252650706,0.4604651559842977,0.05,6.161733929008914e-05,False,1.307659103811215,-3.1239810457437454,,,,,,,,,,,,,,
FINANCIALS,BNKR.L,JUP.L,BANKERS INVESTMENT TRUST PLC OR,JUPITER FUND MANAGEMENT PLC ORD,-1.6346773954804181,0.4650433398842302,0.05,6.161733929008914e-05,False,0.23104798557923403,3.7265423920252716,,,,,,,,,,,,,,
FINANCIALS,AV.L,SDR.L,AVIVA PLC ORD 32 17/19P,SCHRODERS PLC ORD 20P,-1.6240938434359145,0.47058371310872454,0.05,6.161733929008914e-05,False,0.5217367912746751,3.2310501127764173,,,,,,,,,,,,,,
FINANCIALS,BNKR.L,NWG.L,BANKERS INVESTMENT TRUST PLC OR,NATWEST GROUP PLC ORD 107.69P,-1.619022162544868,0.47324197787007516,0.05,6.161733929008914e-05,False,0.33890801821126076,2.7210908064604507,,,,,,,,,,,,,,
FINANCIALS,AJB.L,STJ.L,AJ BELL PLC ORD GBP0.000125,ST. JAMES'S PLACE PLC ORD 15P,-1.6173367351199932,0.47412581902913736,0.05,6.161733929008914e-05,False,0.257921490248383,4.363798130236041,,,,,,,,,,,,,,
FINANCIALS,SDR.L,STJ.L,SCHRODERS PLC ORD 20P,ST. JAMES'S PLACE PLC ORD 15P,-1.5843926793311203,0.4914286817758838,0.05,6.161733929008914e-05,False,0.6274751425744336,1.6186873513033548,,,,,,,,,,,,,,
FINANCIALS,BEZ.L,PRU.L,BEAZLEY PLC ORD 5P,PRUDENTIAL PLC ORD 5P,-1.5693883297119264,0.4989500232798577,0.05,6.161733929008914e-05,False,0.8083739955506737,1.3394656590350973,,,,,,,,,,,,,,
FINANCIALS,BEZ.L,STJ.L,BEAZLEY PLC ORD 5P,ST. JAMES'S PLACE PLC ORD 15P,-1.5631806753961341,0.5020579161220283,0.05,6.161733929008914e-05,False,0.6405278902715045,2.351483583115546,,,,,,,,,,,,,,
FINANCIALS,JUP.L,SDR.L,JUPITER FUND MANAGEMENT PLC ORD,SCHRODERS PLC ORD 20P,-1.562696817417928,0.5023000574583564,0.05,6.161733929008914e-05,False,1.8846613672352,-6.5646989767363,,,,,,,,,,,,,,
FINANCIALS,AV.L,HSBA.L,AVIVA PLC ORD 32 17/19P,HSBC HOLDINGS PLC ORD $0.50 (UK,-1.5205772381283478,0.5233086307582014,0.05,6.161733929008914e-05,False,0.5080686912992658,2.879488645041624,,,,,,,,,,,,,,
FINANCIALS,ADM.L,ASHM.L,ADMIRAL GROUP PLC ORD 0.1P,ASHMORE GROUP PLC ORD 0.01P,-1.4729700448185064,0.5468377935975972,0.05,6.161733929008914e-05,False,-0.01957495781710847,8.113147509175702,,,,,,,,,,,,,,
FINANCIALS,MNG.L,STJ.L,M&G PLC,ST. JAMES'S PLACE PLC ORD 15P,-1.3174128179608433,0.6211687565775172,0.05,6.161733929008914e-05,False,0.5987738101006785,1.3250181004934953,,,,,,,,,,,,,,
FINANCIALS,AV.L,BARC.L,AVIVA PLC ORD 32 17/19P,BARCLAYS PLC ORD 25P,-1.2844319533596447,0.6362642776148101,0.05,6.161733929008914e-05,False,0.4937607389498087,3.4877435798778698,,,,,,,,,,,,,,
FINANCIALS,PRU.L,SDR.L,PRUDENTIAL PLC ORD 5P,SCHRODERS PLC ORD 20P,-1.281137476433614,0.6377571562763682,0.05,6.161733929008914e-05,False,1.1637949663592244,-0.19993269848840534,,,,,,,,,,,,,,
FINANCIALS,AV.L,MNG.L,AVIVA PLC ORD 32 17/19P,M&G PLC,-1.2664210191740137,0.644391358050346,0.05,6.161733929008914e-05,False,0.7757777462736625,2.0939246997722822,,,,,,,,,,,,,,
FINANCIALS,MNG.L,PRU.L,M&G PLC,PRUDENTIAL PLC ORD 5P,-1.2227805416751976,0.6637201402016636,0.05,6.161733929008914e-05,False,0.7441679100453871,0.45681062540692086,,,,,,,,,,,,,,
FINANCIALS,ASHM.L,BNKR.L,ASHMORE GROUP PLC ORD 0.01P,BANKERS INVESTMENT TRUST PLC OR,-1.1705590898294087,0.6861305346798021,0.05,6.161733929008914e-05,False,2.3681441639870364,-6.219526645079981,,,,,,,,,,,,,,
FINANCIALS,AV.L,BNKR.L,AVIVA PLC ORD 32 17/19P,BANKERS INVESTMENT TRUST PLC OR,-1.1586270622975048,0.691135449194443,0.05,6.161733929008914e-05,False,1.8433386146580075,-2.523044708155921,,,,,,,,,,,,,,
FINANCIALS,HSBA.L,PRU.L,HSBC HOLDINGS PLC ORD $0.50 (UK,PRUDENTIAL PLC ORD 5P,-0.8668428394219122,0.7986953977863765,0.05,6.161733929008914e-05,False,1.0855275560992184,-0.5054464617442962,,,,,,,,,,,,,,
FINANCIALS,BNKR.L,STJ.L,BANKERS INVESTMENT TRUST PLC OR,ST. JAMES'S PLACE PLC ORD 15P,-0.7808852713425602,0.824672496621494,0.05,6.161733929008914e-05,False,0.2578361484826997,3.0217078873663086,,,,,,,,,,,,,,
FINANCIALS,BNKR.L,PRU.L,BANKERS INVESTMENT TRUST PLC OR,PRUDENTIAL PLC ORD 5P,-0.7238447934810535,0.8404761500545322,0.05,6.161733929008914e-05,False,0.3292563215993946,2.5882578441328414,,,,,,,,,,,,,,
FR_BANKS,ACA.PA,GLE.PA,CREDIT AGRICOLE,SOCIETE GENERALE,-3.3136997253176297,0.014277092694933996,0.05,0.014277092694933996,True,0.2858228339476073,1.5883620881162632,18.963785752878053,7.741892493971745e-05,-0.03655109742287345,57.0,-0.40642772937107585,2.422708266304548,False,,0.6,0.004334526080790888,0.009421601973675808,0.1618072890331917,False,mixed signal
FR_BANKS,ACA.PA,BNP.PA,CREDIT AGRICOLE,BNP PARIBAS ACT.A,-2.333369009851963,0.16143149857485728,0.05,0.014277092694933996,False,0.6735157383270933,-0.1884539747189682,,,,,,,,,,,,,,
FR_BANKS,BNP.PA,GLE.PA,BNP PARIBAS ACT.A,SOCIETE GENERALE,-1.6401029140293732,0.4622070177463995,0.05,0.014277092694933996,False,0.4134535919581428,2.679036455648421,,,,,,,,,,,,,,
FR_LUXURY,CDI.PA,MC.PA,CHRISTIAN DIOR,LVMH,-3.2514913980954936,0.017191037357810673,0.05,,False,0.9428678009058586,0.29102509925109477,,,,,,,,,,,,,,
FR_LUXURY,KER.PA,RMS.PA,KERING,HERMES INTL,-1.9714565827832715,0.2992268885913302,0.05,,False,-2.714075529705674,26.22643707144641,,,,,,,,,,,,,,
FR_LUXURY,CDI.PA,RMS.PA,CHRISTIAN DIOR,HERMES INTL,-1.4826240254349468,0.5420888066796997,0.05,,False,0.9640848039581786,-1.1382481441868055,,,,,,,,,,,,,,
FR_LUXURY,MC.PA,RMS.PA,LVMH,HERMES INTL,-1.1967590655716323,0.6749883238849022,0.05,,False,1.1208097706578795,-2.267742501316583,,,,,,,,,,,,,,
FR_LUXURY,CDI.PA,KER.PA,CHRISTIAN DIOR,KERING,-1.0428676179446998,0.7373101481664084,0.05,,False,0.5492170972651635,3.2315694433778974,,,,,,,,,,,,,,
FR_LUXURY,KER.PA,MC.PA,KERING,LVMH,-0.9996758685309444,0.753382502345838,0.05,,False,1.690473158345202,-5.188415065538867,,,,,,,,,,,,,,
FR_UTILITIES,ENGI.PA,RUI.PA,ENGIE,RUBIS,-3.283694342184132,0.015623258046747303,0.05,,False,1.5467751860143653,-2.1769610317561914,,,,,,,,,,,,,,
FR_UTILITIES,ENGI.PA,VIE.PA,ENGIE,VEOLIA ENVIRON.,-2.5155205575470343,0.1117435300202907,0.05,,False,2.9541604198731757,-7.012809344227552,,,,,,,,,,,,,,
FR_UTILITIES,ALO.PA,ENGI.PA,ALSTOM,ENGIE,-1.736689404435562,0.41231496979399535,0.05,,False,0.20616171579816134,2.4352080957390316,,,,,,,,,,,,,,
FR_UTILITIES,RUI.PA,VIE.PA,RUBIS,VEOLIA ENVIRON.,-1.426390408966017,0.5695608907853984,0.05,,False,2.076723822080366,-3.6851623753637153,,,,,,,,,,,,,,
FR_UTILITIES,ALO.PA,RUI.PA,ALSTOM,RUBIS,-1.279950099421374,0.6382945247682039,0.05,,False,0.5156537616343911,1.3429948159915794,,,,,,,,,,,,,,
FR_UTILITIES,ALO.PA,VIE.PA,ALSTOM,VEOLIA ENVIRON.,0.03408489093406024,0.961261736986903,0.05,,False,120.45323206937078,-400.3741414655566,,,,,,,,,,,,,,
HEALTHCARE,AZN.L,GSK.L,ASTRAZENECA PLC ORD SHS $0.25,GSK PLC ORD 31 1/4P,-3.759011208314335,0.0033556535747505207,0.05,0.026155372721729114,True,0.794681595050299,3.5406522432645797,13.003669898159162,-0.00014567496040769628,-0.05330396618711993,39.0,1.5588370600858201,2.980460352812884,False,,0.6,0.005428283064486779,0.3742456866362571,0.7403817569448323,False,mixed signal
HEALTHCARE,GSK.L,HIK.L,GSK PLC ORD 31 1/4P,HIKMA PHARMACEUTICALS PLC ORD S,-3.6853362845846798,0.004324204501536219,0.05,0.026155372721729114,True,-0.9472091398146192,14.463714242128203,15.018609177513499,9.875752554668159e-05,-0.04615255463187329,45.0,0.25088627836732114,3.1611689728667267,False,,0.4,-0.0016736649435971375,-0.151560397400952,-0.6901682980134918,True,mixed signal
HEALTHCARE,AZN.L,HIK.L,ASTRAZENECA PLC ORD SHS $0.25,HIKMA PHARMACEUTICALS PLC ORD S,-3.628010668433811,0.0052475587432460995,0.05,0.026155372721729114,True,-0.7079289675534661,14.699532750933027,17.004152202995257,-4.955913744759071e-05,-0.04076340721284819,51.0,1.2560058266550849,3.0444661211218094,False,,1.0,0.005361856319039598,0.19706287556595714,-0.16402801329521888,False,mixed signal
HEALTHCARE,AZN.L,CTEC.L,ASTRAZENECA PLC ORD SHS $0.25,CONVATEC GROUP PLC ORD 10P,-3.3435905145759883,0.01303891967947753,0.05,0.026155372721729114,True,-2.453564411012313,22.82530643796718,15.546709000302577,-0.00034990707568329773,-0.04458481731062535,47.0,-0.9351159940149406,2.6393235881805555,False,,0.6,0.004335349991692243,0.18688518021052236,-0.008099520734022536,True,reversion signs agree
HEALTHCARE,CTEC.L,HIK.L,CONVATEC GROUP PLC ORD 10P,HIKMA PHARMACEUTICALS PLC ORD S,-3.1164694108625337,0.025358143798772,0.05,0.026155372721729114,True,0.3096019978686976,3.154184556373312,17.636524304448226,-0.00011486786762508428,-0.03930180168124861,53.0,-1.4356740084694952,2.338714066059637,False,,0.6,0.00015641674417529597,0.08298618096463195,-0.029580313208527942,False,mixed signal
HEALTHCARE,CTEC.L,GSK.L,CONVATEC GROUP PLC ORD 10P,GSK PLC ORD 31 1/4P,-3.105410458300358,0.026155372721729114,0.05,0.026155372721729114,True,-0.2559633405156299,7.3587425618352444,17.873246048533925,-0.00011599021878350734,-0.038781269987429146,54.0,-1.0392062332796994,2.472513596228395,False,,0.6,-0.0008323420595831052,0.07338952686967781,-0.21766444857013156,True,reversion signs agree
HEALTHCARE,CTEC.L,SN.L,CONVATEC GROUP PLC ORD 10P,SMITH & NEPHEW PLC ORD USD0.20,-2.7437953650487747,0.06676148811899757,0.05,0.026155372721729114,False,-0.14783105533651728,6.512383586440961,,,,,,,,,,,,,,
HEALTHCARE,HIK.L,SN.L,HIKMA PHARMACEUTICALS PLC ORD S,SMITH & NEPHEW PLC ORD USD0.20,-2.706416220679997,0.07293454840645494,0.05,0.026155372721729114,False,-2.148757121726448,22.62665603395034,,,,,,,,,,,,,,
HEALTHCARE,AZN.L,SN.L,ASTRAZENECA PLC ORD SHS $0.25,SMITH & NEPHEW PLC ORD USD0.20,-2.5600585612932867,0.10153648813689542,0.05,0.026155372721729114,False,1.2389446798973236,0.6706950642833931,,,,,,,,,,,,,,
HEALTHCARE,GSK.L,SN.L,GSK PLC ORD 31 1/4P,SMITH & NEPHEW PLC ORD USD0.20,-2.182242045337047,0.21275358079822265,0.05,0.026155372721729114,False,1.8187258697907378,-5.441795477372469,,,,,,,,,,,,,,
INDUSTRIALS,BBY.L,IMI.L,BALFOUR BEATTY PLC ORD 50P,IMI PLC ORD 28 4/7P,-3.9374521440518033,0.0017758717348617472,0.05,,False,1.4451347454248755,-4.778979209469712,,,,,,,,,,,,,,
INDUSTRIALS,BA.L,BNZL.L,BAE SYSTEMS PLC ORD 2.5P,BUNZL PLC ORD 32 1/7P,-3.271936198487884,0.016180489943419276,0.05,,False,-1.0601122363270865,15.766486191748452,,,,,,,,,,,,,,
INDUSTRIALS,BA.L,MGNS.L,BAE SYSTEMS PLC ORD 2.5P,MORGAN SINDALL GROUP PLC ORD 5P,-3.108270374163169,0.02594716709090135,0.05,,False,1.1324131217673794,-1.9734058176648608,,,,,,,,,,,,,,
INDUSTRIALS,BNZL.L,WEIR.L,BUNZL PLC ORD 32 1/7P,WEIR PLC ORD 12.5P,-3.0068311337986464,0.03426136425789117,0.05,,False,-1.3521785505898964,18.451891525696986,,,,,,,,,,,,,,
INDUSTRIALS,BBY.L,DPLM.L,BALFOUR BEATTY PLC ORD 50P,DIPLOMA PLC ORD 5P,-2.8579132480998957,0.050465575674099275,0.05,,False,1.5745878242421476,-7.084317968446355,,,,,,,,,,,,,,
INDUSTRIALS,BNZL.L,SMIN.L,BUNZL PLC ORD 32 1/7P,SMITHS GROUP PLC ORD 37.5P,-2.771416756571346,0.062474099907381876,0.05,,False,-1.224921262232035,17.26859198645128,,,,,,,,,,,,,,
INDUSTRIALS,BNZL.L,KIE.L,BUNZL PLC ORD 32 1/7P,KIER GROUP PLC ORD 1P,-2.7645586700238516,0.06351735672633013,0.05,,False,-0.9555309423489312,12.832927705667384,,,,,,,,,,,,,,
INDUSTRIALS,KIE.L,SMIN.L,KIER GROUP PLC ORD 1P,SMITHS GROUP PLC ORD 37.5P,-2.760896349841674,0.06408018271592865,0.05,,False,1.2687382246119452,-4.541106956482848,,,,,,,,,,,,,,
INDUSTRIALS,IMI.L,SPX.L,IMI PLC ORD 28 4/7P,SPIRAX GROUP PLC ORD 26 12/13P,-2.7311871226789153,0.06879525947968777,0.05,,False,15.625453759490936,-130.59034160168116,,,,,,,,,,,,,,
INDUSTRIALS,BNZL.L,MGNS.L,BUNZL PLC ORD 32 1/7P,MORGAN SINDALL GROUP PLC ORD 5P,-2.73118210324174,0.06879607886756663,0.05,,False,-1.0510865186606826,16.592271235007683,,,,,,,,,,,,,,
INDUSTRIALS,DPLM.L,SPX.L,DIPLOMA PLC ORD 5P,SPIRAX GROUP PLC ORD 26 12/13P,-2.7219468860264926,0.0703168854896489,0.05,,False,16.100245279714432,-133.95864117276477,,,,,,,,,,,,,,
INDUSTRIALS,BA.L,SPX.L,BAE SYSTEMS PLC ORD 2.5P,SPIRAX GROUP PLC ORD 26 12/13P,-2.7198084246203265,0.07067282083641997,0.05,,False,-5.213989228057348,53.54008194937951,,,,,,,,,,,,,,
INDUSTRIALS,KIE.L,SPX.L,KIER GROUP PLC ORD 1P,SPIRAX GROUP PLC ORD 26 12/13P,-2.7153453893033896,0.0714202811090174,0.05,,False,-773.6823417195177,6851.318808752297,,,,,,,,,,,,,,
INDUSTRIALS,SPX.L,WEIR.L,SPIRAX GROUP PLC ORD 26 12/13P,WEIR PLC ORD 12.5P,-2.706535990343219,0.07291407013850654,0.05,,False,-0.08659590595180007,9.525209172851914,,,,,,,,,,,,,,
INDUSTRIALS,BA.L,SMIN.L,BAE SYSTEMS PLC ORD 2.5P,SMITHS GROUP PLC ORD 37.5P,-2.703304130823773,0.07346825323530683,0.05,,False,1.3000327473716164,-2.551481836475097,,,,,,,,,,,,,,
INDUSTRIALS,BBY.L,SPX.L,BALFOUR BEATTY PLC ORD 50P,SPIRAX GROUP PLC ORD 26 12/13P,-2.702042346881453,0.07368552013711273,0.05,,False,-98.49874767833211,877.9075143003614,,,,,,,,,,,,,,
INDUSTRIALS,SMIN.L,SPX.L,SMITHS GROUP PLC ORD 37.5P,SPIRAX GROUP PLC ORD 26 12/13P,-2.695517786498261,0.07481710447813632,0.05,,False,-13.680190061669407,128.70982216438836,,,,,,,,,,,,,,
INDUSTRIALS,BNZL.L,SPX.L,BUNZL PLC ORD 32 1/7P,SPIRAX GROUP PLC ORD 26 12/13P,-2.663171993084108,0.0806307878012627,0.05,,False,4.756064481997729,-34.19578102604608,,,,,,,,,,,,,,
INDUSTRIALS,MRO.L,WEIR.L,MELROSE INDUSTRIES PLC ORD GBP0,WEIR PLC ORD 12.5P,-2.6515978159707836,0.08279492117310594,0.05,,False,0.6702817995475256,1.0480625966549972,,,,,,,,,,,,,,
INDUSTRIALS,IMI.L,MGNS.L,IMI PLC ORD 28 4/7P,MORGAN SINDALL GROUP PLC ORD 5P,-2.6381274239092645,0.08537032153801066,0.05,,False,0.9278327057031333,-0.006302968085162064,,,,,,,,,,,,,,
INDUSTRIALS,MGNS.L,SMIN.L,MORGAN SINDALL GROUP PLC ORD 5P,SMITHS GROUP PLC ORD 37.5P,-2.6360659322969,0.08576988729284368,0.05,,False,1.179693270478237,-0.7529991939541603,,,,,,,,,,,,,,
INDUSTRIALS,MGNS.L,SPX.L,MORGAN SINDALL GROUP PLC ORD 5P,SPIRAX GROUP PLC ORD 26 12/13P,-2.6043496032678775,0.09210162111451187,0.05,,False,-5.42949349509318,56.32409693490347,,,,,,,,,,,,,,
INDUSTRIALS,BBY.L,SMIN.L,BALFOUR BEATTY PLC ORD 50P,SMITHS GROUP PLC ORD 37.5P,-2.5898496758347895,0.09511333266690519,0.05,,False,1.6173895776326168,-6.070368810141069,,,,,,,,,,,,,,
INDUSTRIALS,DPLM.L,HILS.L,DIPLOMA PLC ORD 5P,HILL & SMITH PLC ORD 25P,-2.547183109347046,0.1044120190742725,0.05,,False,1.5534473711498897,-3.361936135612261,,,,,,,,,,,,,,
INDUSTRIALS,MGNS.L,MRO.L,MORGAN SINDALL GROUP PLC ORD 5P,MELROSE INDUSTRIES PLC ORD GBP0,-2.544033342502213,0.1051247194657996,0.05,,False,2.5145156282746735,-7.5211368443979385,,,,,,,,,,,,,,
INDUSTRIALS,DPLM.L,IMI.L,DIPLOMA PLC ORD 5P,IMI PLC ORD 28 4/7P,-2.528242890622371,0.10875286374686755,0.05,,False,0.9326902898788096,1.3496872766087904,,,,,,,,,,,,,,
INDUSTRIALS,BNZL.L,MRO.L,BUNZL PLC ORD 32 1/7P,MELROSE INDUSTRIES PLC ORD GBP0,-2.5001179384243177,0.1154456317038422,0.05,,False,-3.9776446196647126,32.88450854506876,,,,,,,,,,,,,,
INDUSTRIALS,BA.L,KIE.L,BAE SYSTEMS PLC ORD 2.5P,KIER GROUP PLC ORD 1P,-2.4789812465304233,0.120672528014312,0.05,,False,1.018376816466923,2.134171146349977,,,,,,,,,,,,,,
INDUSTRIALS,KIE.L,MRO.L,KIER GROUP PLC ORD 1P,MELROSE INDUSTRIES PLC ORD GBP0,-2.4341188930703996,0.13233720762801754,0.05,,False,2.560978558462946,-10.919409487126813,,,,,,,,,,,,,,
INDUSTRIALS,KIE.L,MGNS.L,KIER GROUP PLC ORD 1P,MORGAN SINDALL GROUP PLC ORD 5P,-2.421541237091582,0.13574862289709672,0.05,,False,1.0912884937862941,-3.8621478965257996,,,,,,,,,,,,,,
INDUSTRIALS,BKG.L,SPX.L,BERKELEY GROUP HOLDINGS (THE) P,SPIRAX GROUP PLC ORD 26 12/13P,-2.366681844303651,0.15136182460931652,0.05,,False,1.9323830474329364,-8.805616134858836,,,,,,,,,,,,,,
INDUSTRIALS,BKG.L,MRO.L,BERKELEY GROUP HOLDINGS (THE) P,MELROSE INDUSTRIES PLC ORD GBP0,-2.3661740564378713,0.1515119618937396,0.05,,False,-1.2370760818862756,16.067216946002,,,,,,,,,,,,,,
INDUSTRIALS,BKG.L,MGNS.L,BERKELEY GROUP HOLDINGS (THE) P,MORGAN SINDALL GROUP PLC ORD 5P,-2.3520510645228097,0.15572925706636387,0.05,,False,-0.5367666965379612,12.737884674262165,,,,,,,,,,,,,,
INDUSTRIALS,IMI.L,SMIN.L,IMI PLC ORD 28 4/7P,SMITHS GROUP PLC ORD 37.5P,-2.3100181990649893,0.16875725795860413,0.05,,False,1.0873874372151817,-0.6500565490760399,,,,,,,,,,,,,,
INDUSTRIALS,MGNS.L,WEIR.L,MORGAN SINDALL GROUP PLC ORD 5P,WEIR PLC ORD 12.5P,-2.292697958715743,0.17433384162128912,0.05,,False,1.2699703881714228,-1.640446963269321,,,,,,,,,,,,,,
INDUSTRIALS,BA.L,WEIR.L,BAE SYSTEMS PLC ORD 2.5P,WEIR PLC ORD 12.5P,-2.2756108894666345,0.17995462199120882,0.05,,False,1.4531360624446554,-3.948277813953978,,,,,,,,,,,,,,
INDUSTRIALS,BA.L,MRO.L,BAE SYSTEMS PLC ORD 2.5P,MELROSE INDUSTRIES PLC ORD GBP0,-2.268852406903006,0.18221051322557485,0.05,,False,8.96931476612026,-48.95918419174297,,,,,,,,,,,,,,
INDUSTRIALS,BBY.L,MRO.L,BALFOUR BEATTY PLC ORD 50P,MELROSE INDUSTRIES PLC ORD GBP0,-2.2198156193587155,0.19913229423015472,0.05,,False,5.560944136832105,-28.63044117838612,,,,,,,,,,,,,,
INDUSTRIALS,DPLM.L,MGNS.L,DIPLOMA PLC ORD 5P,MORGAN SINDALL GROUP PLC ORD 5P,-2.2116276783639837,0.20205238006099685,0.05,,False,0.8502259455943205,1.469284171660183,,,,,,,,,,,,,,
INDUSTRIALS,BKG.L,SMIN.L,BERKELEY GROUP HOLDINGS (THE) P,SMITHS GROUP PLC ORD 37.5P,-2.187253300298684,0.2109042577248849,0.05,,False,-0.656733984539296,13.322111444985694,,,,,,,,,,,,,,
INDUSTRIALS,HILS.L,SPX.L,HILL & SMITH PLC ORD 25P,SPIRAX GROUP PLC ORD 26 12/13P,-2.1701707110882187,0.2172493055461267,0.05,,False,1.445962857049824,-5.153400503167275,,,,,,,,,,,,,,
INDUSTRIALS,MRO.L,SMIN.L,MELROSE INDUSTRIES PLC ORD GBP0,SMITHS GROUP PLC ORD 37.5P,-2.142825377456775,0.22764644275275492,0.05,,False,0.5320945609505812,2.2096968119363485,,,,,,,,,,,,,,
INDUSTRIALS,MRO.L,SPX.L,MELROSE INDUSTRIES PLC ORD GBP0,SPIRAX GROUP PLC ORD 26 12/13P,-2.1148466105982218,0.2385867628381811,0.05,,False,1.6385936616906804,-8.215707172875867,,,,,,,,,,,,,,
INDUSTRIALS,BKG.L,WEIR.L,BERKELEY GROUP HOLDINGS (THE) P,WEIR PLC ORD 12.5P,-2.091824067217973,0.247814868789012,0.05,,False,-0.6910658755528248,13.691755165396714,,,,,,,,,,,,,,
INDUSTRIALS,BA.L,BBY.L,BAE SYSTEMS PLC ORD 2.5P,BALFOUR BEATTY PLC ORD 50P,-2.043017483528445,0.2680355793755057,0.05,,False,0.7746556957292061,2.5116973743683406,,,,,,,,,,,,,,
INDUSTRIALS,BKG.L,IMI.L,BERKELEY GROUP HOLDINGS (THE) P,IMI PLC ORD 28 4/7P,-2.04254684515681,0.26823482633182716,0.05,,False,-0.5644533379735076,12.626289875608897,,,,,,,,,,,,,,
INDUSTRIALS,BA.L,BKG.L,BAE SYSTEMS PLC ORD 2.5P,BERKELEY GROUP HOLDINGS (THE) P,-2.03608152045981,0.27098004138474663,0.05,,False,-2.2964579501337097,26.44857891258389,,,,,,,,,,,,,,
INDUSTRIALS,BBY.L,MGNS.L,BALFOUR BEATTY PLC ORD 50P,MORGAN SINDALL GROUP PLC ORD 5P,-1.9903569008308921,0.29081720268858136,0.05,,False,1.4182714393794642,-5.429169723392928,,,,,,,,,,,,,,
INDUSTRIALS,IMI.L,MRO.L,IMI PLC ORD 28 4/7P,MELROSE INDUSTRIES PLC ORD GBP0,-1.9471476092693158,0.3102165352516692,0.05,,False,2.5067338780866733,-8.076063972476344,,,,,,,,,,,,,,
INDUSTRIALS,KIE.L,WEIR.L,KIER GROUP PLC ORD 1P,WEIR PLC ORD 12.5P,-1.9320821590924273,0.31712237479361505,0.05,,False,1.4022889198063175,-5.780336097307815,,,,,,,,,,,,,,
INDUSTRIALS,BKG.L,KIE.L,BERKELEY GROUP HOLDINGS (THE) P,KIER GROUP PLC ORD 1P,-1.9315993376667926,0.317344871262383,0.05,,False,-0.3372506114233639,10.03834766323817,,,,,,,,,,,,,,
INDUSTRIALS,BBY.L,BKG.L,BALFOUR BEATTY PLC ORD 50P,BERKELEY GROUP HOLDINGS (THE) P,-1.9285467780463366,0.3187532418195035,0.05,,False,-2.8633196016804963,30.0609698194402,,,,,,,,,,,,,,
INDUSTRIALS,BKG.L,DPLM.L,BERKELEY GROUP HOLDINGS (THE) P,DIPLOMA PLC ORD 5P,-1.9158353822432073,0.32464870757494624,0.05,,False,-0.6304649857674394,13.658180932790778,,,,,,,,,,,,,,
INDUSTRIALS,DPLM.L,MRO.L,DIPLOMA PLC ORD 5P,MELROSE INDUSTRIES PLC ORD GBP0,-1.9083001032630613,0.3281666112358161,0.05,,False,2.9147461913642276,-9.806925197036856,,,,,,,,,,,,,,
INDUSTRIALS,BBY.L,HILS.L,BALFOUR BEATTY PLC ORD 50P,HILL & SMITH PLC ORD 25P,-1.8900239406507566,0.33676861923468815,0.05,,False,2.7548963381289346,-14.738145900874915,,,,,,,,,,,,,,
INDUSTRIALS,BKG.L,BNZL.L,BERKELEY GROUP HOLDINGS (THE) P,BUNZL PLC ORD 32 1/7P,-1.8319700169317203,0.3647089131798863,0.05,,False,0.43832018570797004,4.835450867984926,,,,,,,,,,,,,,
INDUSTRIALS,IMI.L,KIE.L,IMI PLC ORD 28 4/7P,KIER GROUP PLC ORD 1P,-1.829356390057645,0.36598750772360467,0.05,,False,0.8554121204920453,3.2504900314736096,,,,,,,,,,,,,,
INDUSTRIALS,HILS.L,IMI.L,HILL & SMITH PLC ORD 25P,IMI PLC ORD 28 4/7P,-1.81065719065166,0.37518367788648527,0.05,,False,0.5674304735410962,3.286083595794259,,,,,,,,,,,,,,
INDUSTRIALS,DPLM.L,KIE.L,DIPLOMA PLC ORD 5P,KIER GROUP PLC ORD 1P,-1.7888203235187563,0.3860260482104856,0.05,,False,0.7839277203496834,4.4533334064484915,,,,,,,,,,,,,,
INDUSTRIALS,BNZL.L,IMI.L,BUNZL PLC ORD 32 1/7P,IMI PLC ORD 28 4/7P,-1.640113570757424,0.46220144940533253,0.05,,False,-1.1354087047014083,16.60484375641346,,,,,,,,,,,,,,
INDUSTRIALS,BBY.L,KIE.L,BALFOUR BEATTY PLC ORD 50P,KIER GROUP PLC ORD 1P,-1.606671436908491,0.48024141377487245,0.05,,False,1.2877435281492386,-0.3483116227158245,,,,,,,,,,,,,,
INDUSTRIALS,BA.L,IMI.L,BAE SYSTEMS PLC ORD 2.5P,IMI PLC ORD 28 4/7P,-1.537740495641104,0.5147659626280192,0.05,,False,1.2051381413923832,-1.8478528077894465,,,,,,,,,,,,,,
INDUSTRIALS,BKG.L,HILS.L,BERKELEY GROUP HOLDINGS (THE) P,HILL & SMITH PLC ORD 25P,-1.4673702083321565,0.5495866842894058,0.05,,False,-1.62024447668646,20.674890615944086,,,,,,,,,,,,,,
INDUSTRIALS,DPLM.L,SMIN.L,DIPLOMA PLC ORD 5P,SMITHS GROUP PLC ORD 37.5P,-1.465417432999362,0.5505442480968789,0.05,,False,1.01744100843578,0.7185371349405614,,,,,,,,,,,,,,
INDUSTRIALS,SMIN.L,WEIR.L,SMITHS GROUP PLC ORD 37.5P,WEIR PLC ORD 12.5P,-1.4378373711174741,0.5640080817183449,0.05,,False,1.0807378160162298,-0.7851703656535296,,,,,,,,,,,,,,
INDUSTRIALS,BNZL.L,DPLM.L,BUNZL PLC ORD 32 1/7P,DIPLOMA PLC ORD 5P,-1.3495882985241097,0.6061915872679834,0.05,,False,-1.292700331003484,18.889047917335663,,,,,,,,,,,,,,
INDUSTRIALS,BA.L,DPLM.L,BAE SYSTEMS PLC ORD 2.5P,DIPLOMA PLC ORD 5P,-1.344612019634248,0.6085233447738321,0.05,,False,1.3559944732694413,-4.135386164067355,,,,,,,,,,,,,,
INDUSTRIALS,BBY.L,BNZL.L,BALFOUR BEATTY PLC ORD 50P,BUNZL PLC ORD 32 1/7P,-1.3378070217334155,0.6117030446692487,0.05,,False,-1.3936819705314498,17.309271939618668,,,,,,,,,,,,,,
INDUSTRIALS,HILS.L,MGNS.L,HILL & SMITH PLC ORD 25P,MORGAN SINDALL GROUP PLC ORD 5P,-1.2912964064482113,0.6331447515716814,0.05,,False,0.3815796710644226,4.482242830862864,,,,,,,,,,,,,,
INDUSTRIALS,HILS.L,KIE.L,HILL & SMITH PLC ORD 25P,KIER GROUP PLC ORD 1P,-1.1824430796923742,0.6811022930689998,0.05,,False,0.41099457463125666,5.515371435980848,,,,,,,,,,,,,,
INDUSTRIALS,HILS.L,SMIN.L,HILL & SMITH PLC ORD 25P,SMITHS GROUP PLC ORD 37.5P,-1.0945824822537626,0.7172275059781066,0.05,,False,0.5329858212292375,3.5606315055087396,,,,,,,,,,,,,,
INDUSTRIALS,BNZL.L,HILS.L,BUNZL PLC ORD 32 1/7P,HILL & SMITH PLC ORD 25P,-1.0080170509359758,0.7503290465193273,0.05,,False,-3.9524300397389265,38.09251104860708,,,,,,,,,,,,,,
INDUSTRIALS,BA.L,HILS.L,BAE SYSTEMS PLC ORD 2.5P,HILL & SMITH PLC ORD 25P,-0.819838188512334,0.8132251849076799,0.05,,False,3.676801240147992,-20.69403862093945,,,,,,,,,,,,,,
INDUSTRIALS,IMI.L,WEIR.L,IMI PLC ORD 28 4/7P,WEIR PLC ORD 12.5P,-0.6436715679571772,0.8608056236774568,0.05,,False,1.1889037749855758,-1.6110360964966999,,,,,,,,,,,,,,
INDUSTRIALS,BBY.L,WEIR.L,BALFOUR BEATTY PLC ORD 50P,WEIR PLC ORD 12.5P,-0.617179939965516,0.8670526200946075,0.05,,False,1.8259424700680067,-7.949331299781015,,,,,,,,,,,,,,
INDUSTRIALS,DPLM.L,WEIR.L,DIPLOMA PLC ORD 5P,WEIR PLC ORD 12.5P,-0.3815891925056972,0.9131276381418086,0.05,,False,1.1354673956634942,-0.36060088935088075,,,,,,,,,,,,,,
INDUSTRIALS,HILS.L,MRO.L,HILL & SMITH PLC ORD 25P,MELROSE INDUSTRIES PLC ORD GBP0,-0.2364954515942061,0.9340293297461184,0.05,,False,0.7240213590412866,3.0919669883479095,,,,,,,,,,,,,,
INDUSTRIALS,HILS.L,WEIR.L,HILL & SMITH PLC ORD 25P,WEIR PLC ORD 12.5P,-0.09269185327654543,0.9501616056284428,0.05,,False,0.492899596749045,3.7914108332465384,,,,,,,,,,,,,,
INVESTMENT_TRUSTS,ATT.L,FCIT.L,ALLIANZ TECHNOLOGY TRUST PLC OR,F&C INVESTMENT TRUST PLC ORD 6.,-3.9594903224556357,0.0016381359477580131,0.05,,False,2.4415103974401933,-7.71253393070371,,,,,,,,,,,,,,
INVESTMENT_TRUSTS,FCIT.L,RCP.L,F&C INVESTMENT TRUST PLC ORD 6.,"""RIT Capital Partners""",-3.8422130237146135,0.0025037769571322564,0.05,,False,1.125945489621112,-2.8946089696708794,,,,,,,,,,,,,,
INVESTMENT_TRUSTS,ATT.L,RCP.L,ALLIANZ TECHNOLOGY TRUST PLC OR,"""RIT Capital Partners""",-3.713513176539882,0.00392704464166598,0.05,,False,2.8121443944327105,-15.259661436421382,,,,,,,,,,,,,,
INVESTMENT_TRUSTS,PCT.L,RCP.L,POLAR CAPITAL TECHNOLOGY TRUST ,"""RIT Capital Partners""",-3.518347523997847,0.007528205649487923,0.05,,False,3.5307851393272607,-20.859844900185948,,,,,,,,,,,,,,
INVESTMENT_TRUSTS,FCIT.L,PCT.L,F&C INVESTMENT TRUST PLC ORD 6.,POLAR CAPITAL TECHNOLOGY TRUST ,-3.4883080297688895,0.008292495164223642,0.05,,False,0.3260063871553504,3.7149468782390587,,,,,,,,,,,,,,
INVESTMENT_TRUSTS,MNKS.L,RCP.L,MONKS INVESTMENT TRUST PLC ORD ,"""RIT Capital Partners""",-3.3796275789317116,0.011673284106052602,0.05,,False,1.5440293921018626,-4.5400828062976,,,,,,,,,,,,,,
INVESTMENT_TRUSTS,HGT.L,SMT.L,HG CAPITAL TRUST PLC ORD 2.5P,SCOTTISH MORTGAGE INVESTMENT TR,-3.2790579653385175,0.01584093334226144,0.05,,False,-0.6216729291392717,10.50126325115279,,,,,,,,,,,,,,
INVESTMENT_TRUSTS,JAM.L,JGGI.L,JPMORGAN AMERICAN INVESTMENT TR,JPMORGAN GLOBAL GROWTH & INCOME,-3.2636055778253565,0.016585782116325574,0.05,,False,1.876395971217687,-4.920098142460654,,,,,,,,,,,,,,
INVESTMENT_TRUSTS,BRWM.L,RCP.L,BLACKROCK WORLD MINING TRUST PL,"""RIT Capital Partners""",-3.2406182854387873,0.01775067769788732,0.05,,False,3.929792080439037,-23.433910361369755,,,,,,,,,,,,,,
INVESTMENT_TRUSTS,3IN.L,BRWM.L,3I INFRASTRUCTURE PLC ORD NPV,BLACKROCK WORLD MINING TRUST PL,-3.189781154988361,0.02058385829283598,0.05,,False,0.16225573817529865,4.791314871955991,,,,,,,,,,,,,,
INVESTMENT_TRUSTS,FCIT.L,HGT.L,F&C INVESTMENT TRUST PLC ORD 6.,HG CAPITAL TRUST PLC ORD 2.5P,-3.1808777772551746,0.021118574845517955,0.05,,False,-0.6417304414006996,9.626423758317678,,,,,,,,,,,,,,
INVESTMENT_TRUSTS,3IN.L,MNKS.L,3I INFRASTRUCTURE PLC ORD NPV,MONKS INVESTMENT TRUST PLC ORD ,-3.0327111060969276,0.03195047048697809,0.05,,False,0.40389950327520663,2.929170624665807,,,,,,,,,,,,,,
INVESTMENT_TRUSTS,3IN.L,HGT.L,3I INFRASTRUCTURE PLC ORD NPV,HG CAPITAL TRUST PLC ORD 2.5P,-3.022802561051264,0.032819106430036556,0.05,,False,-0.27120504302750403,7.510388154535137,,,,,,,,,,,,,,
INVESTMENT_TRUSTS,JGGI.L,RCP.L,JPMORGAN GLOBAL GROWTH & INCOME,"""RIT Capital Partners""",-2.9404064486084494,0.04084701489744211,0.05,,False,0.33982005528296944,3.7572711494604563,,,,,,,,,,,,,,
INVESTMENT_TRUSTS,RCP.L,SMT.L,"""RIT Capital Partners""",SCOTTISH MORTGAGE INVESTMENT TR,-2.9107047839940177,0.044117262861613375,0.05,,False,0.42935180280767726,4.613127121443434,,,,,,,,,,,,,,
INVESTMENT_TRUSTS,3IN.L,CTY.L,3I INFRASTRUCTURE PLC ORD NPV,CITY OF LONDON INVESTMENT TRUST,-2.8949660544462366,0.04593651619366552,0.05,,False,0.4810054445399272,2.862887933172617,,,,,,,,,,,,,,
INVESTMENT_TRUSTS,3IN.L,PCT.L,3I INFRASTRUCTURE PLC ORD NPV,POLAR CAPITAL TECHNOLOGY TRUST ,-2.892602299536471,0.046215037083120615,0.05,,False,0.16581900101814528,4.844461404437299,,,,,,,,,,,,,,
INVESTMENT_TRUSTS,3IN.L,ATT.L,3I INFRASTRUCTURE PLC ORD NPV,ALLIANZ TECHNOLOGY TRUST PLC OR,-2.89132109756491,0.04636658405630302,0.05,,False,0.2072894924477118,4.568001991524713,,,,,,,,,,,,,,
INVESTMENT_TRUSTS,HGT.L,MNKS.L,HG CAPITAL TRUST PLC ORD 2.5P,MONKS INVESTMENT TRUST PLC ORD ,-2.7905535836933404,0.059635842282009764,0.05,,False,-1.0049841554648826,13.406984017674489,,,,,,,,,,,,,,
INVESTMENT_TRUSTS,3IN.L,JGGI.L,3I INFRASTRUCTURE PLC ORD NPV,JPMORGAN GLOBAL GROWTH & INCOME,-2.788997316141388,0.05986269221783899,0.05,,False,2.7872199349812656,-11.836022945191203,,,,,,,,,,,,,,
INVESTMENT_TRUSTS,HGT.L,JAM.L,HG CAPITAL TRUST PLC ORD 2.5P,JPMORGAN AMERICAN INVESTMENT TR,-2.755628517667238,0.06489676206599775,0.05,,False,-2.564761908832119,24.06863978658992,,,,,,,,,,,,,,
INVESTMENT_TRUSTS,3IN.L,RCP.L,3I INFRASTRUCTURE PLC ORD NPV,"""RIT Capital Partners""",-2.6575562805248976,0.08167522106241665,0.05,,False,0.6569670586222428,0.8420553202649819,,,,,,,,,,,,,,
INVESTMENT_TRUSTS,FCIT.L,JGGI.L,F&C INVESTMENT TRUST PLC ORD 6.,JPMORGAN GLOBAL GROWTH & INCOME,-2.6176069658325685,0.08941259269028934,0.05,,False,2.9465403985990686,-13.018066794651226,,,,,,,,,,,,,,
INVESTMENT_TRUSTS,FCIT.L,SMT.L,F&C INVESTMENT TRUST PLC ORD 6.,SCOTTISH MORTGAGE INVESTMENT TR,-2.5966787605361783,0.09368564484370173,0.05,,False,0.5080655338203363,2.1280521058807738,,,,,,,,,,,,,,
INVESTMENT_TRUSTS,3IN.L,FCIT.L,3I INFRASTRUCTURE PLC ORD NPV,F&C INVESTMENT TRUST PLC ORD 6.,-2.5930539573695643,0.094441388197537,0.05,,False,0.5385837437036146,2.7852893247026875,,,,,,,,,,,,,,
INVESTMENT_TRUSTS,CTY.L,MNKS.L,CITY OF LONDON INVESTMENT TRUST,MONKS INVESTMENT TRUST PLC ORD ,-2.586789413735841,0.09575848165364381,0.05,,False,0.8825816140698497,-0.17079825296594997,,,,,,,,,,,,,,
INVESTMENT_TRUSTS,JGGI.L,PCT.L,JPMORGAN GLOBAL GROWTH & INCOME,POLAR CAPITAL TECHNOLOGY TRUST ,-2.5537737404377308,0.1029325328687255,0.05,,False,0.09200802287115918,5.790253016194353,,,,,,,,,,,,,,
INVESTMENT_TRUSTS,BRWM.L,JGGI.L,BLACKROCK WORLD MINING TRUST PL,JPMORGAN GLOBAL GROWTH & INCOME,-2.5363875770578725,0.10686994523666898,0.05,,False,15.880897035704592,-94.25247552127863,,,,,,,,,,,,,,
INVESTMENT_TRUSTS,3IN.L,SMT.L,3I INFRASTRUCTURE PLC ORD NPV,SCOTTISH MORTGAGE INVESTMENT TR,-2.506010743745374,0.11401868735631604,0.05,,False,0.23048088076018966,4.231751434053237,,,,,,,,,,,,,,
INVESTMENT_TRUSTS,ATT.L,PCT.L,ALLIANZ TECHNOLOGY TRUST PLC OR,POLAR CAPITAL TECHNOLOGY TRUST ,-2.4969551390147977,0.11621693117271376,0.05,,False,0.8041395010813421,1.3085782511559447,,,,,,,,,,,,,,
INVESTMENT_TRUSTS,HGT.L,JGGI.L,HG CAPITAL TRUST PLC ORD 2.5P,JPMORGAN GLOBAL GROWTH & INCOME,-2.4870170177911723,0.11866526601040261,0.05,,False,-13.877650986155166,94.16306806258189,,,,,,,,,,,,,,
INVESTMENT_TRUSTS,JGGI.L,MNKS.L,JPMORGAN GLOBAL GROWTH & INCOME,MONKS INVESTMENT TRUST PLC ORD ,-2.4652409056738853,0.12416223012010896,0.05,,False,0.23261564404064328,4.666319394548914,,,,,,,,,,,,,,
INVESTMENT_TRUSTS,ATT.L,JGGI.L,ALLIANZ TECHNOLOGY TRUST PLC OR,JPMORGAN GLOBAL GROWTH & INCOME,-2.4607768844733484,0.12531166818154793,0.05,,False,8.292900087867219,-46.46355751591259,,,,,,,,,,,,,,
INVESTMENT_TRUSTS,HGT.L,PCT.L,HG CAPITAL TRUST PLC ORD 2.5P,POLAR CAPITAL TECHNOLOGY TRUST ,-2.4594043147235,0.125666642210449,0.05,,False,-0.38359944682905667,8.468035539148946,,,,,,,,,,,,,,
INVESTMENT_TRUSTS,JGGI.L,SMT.L,JPMORGAN GLOBAL GROWTH & INCOME,SCOTTISH MORTGAGE INVESTMENT TR,-2.4255549244587806,0.1346532302363842,0.05,,False,0.13009318785594834,5.434924823820577,,,,,,,,,,,,,,
INVESTMENT_TRUSTS,CTY.L,JGGI.L,CITY OF LONDON INVESTMENT TRUST,JPMORGAN GLOBAL GROWTH & INCOME,-2.4035258586903474,0.14074373310657323,0.05,,False,10.431086125945113,-59.955532584734875,,,,,,,,,,,,,,
INVESTMENT_TRUSTS,3IN.L,PSH.L,3I INFRASTRUCTURE PLC ORD NPV,PERSHING SQUARE HOLDINGS LTD OR,-2.401316270655448,0.14136524562402325,0.05,,False,0.3687902161052086,2.7695205684567523,,,,,,,,,,,,,,
INVESTMENT_TRUSTS,CTY.L,HGT.L,CITY OF LONDON INVESTMENT TRUST,HG CAPITAL TRUST PLC ORD 2.5P,-2.395977722765205,0.14287488653506014,0.05,,False,-0.8563322087604447,11.468217123303704,,,,,,,,,,,,,,
INVESTMENT_TRUSTS,ATT.L,HGT.L,ALLIANZ TECHNOLOGY TRUST PLC OR,HG CAPITAL TRUST PLC ORD 2.5P,-2.366478507511629,0.1514219326197001,0.05,,False,-2.111283794370108,19.152643888568978,,,,,,,,,,,,,,
INVESTMENT_TRUSTS,CTY.L,RCP.L,CITY OF LONDON INVESTMENT TRUST,"""RIT Capital Partners""",-2.3600315925667688,0.15333631089813304,0.05,,False,1.4019687123887359,-4.476034813506159,,,,,,,,,,,,,,
INVESTMENT_TRUSTS,ATT.L,CTY.L,ALLIANZ TECHNOLOGY TRUST PLC OR,CITY OF LONDON INVESTMENT TRUST,-2.3390148468771716,0.15969338102707564,0.05,,False,2.1682190082923043,-7.284884698339351,,,,,,,,,,,,,,
INVESTMENT_TRUSTS,BRWM.L,CTY.L,BLACKROCK WORLD MINING TRUST PL,CITY OF LONDON INVESTMENT TRUST,-2.3304861069368696,0.162323995260427,0.05,,False,2.8618646012893016,-11.250835727988802,,,,,,,,,,,,,,
INVESTMENT_TRUSTS,FCIT.L,MNKS.L,F&C INVESTMENT TRUST PLC ORD 6.,MONKS INVESTMENT TRUST PLC ORD ,-2.302917422048068,0.17102877125277566,0.05,,False,0.7409099112512167,0.33205029602631697,,,,,,,,,,,,,,
INVESTMENT_TRUSTS,ATT.L,SMT.L,ALLIANZ TECHNOLOGY TRUST PLC OR,SCOTTISH MORTGAGE INVESTMENT TR,-2.2924929070434814,0.17440059090190657,0.05,,False,1.2463088152921276,-2.557664685742779,,,,,,,,,,,,,,
INVESTMENT_TRUSTS,3IN.L,JAM.L,3I INFRASTRUCTURE PLC ORD NPV,JPMORGAN AMERICAN INVESTMENT TR,-2.279080638427834,0.17880366452828528,0.05,,False,0.5631239310215036,1.9069430924045534,,,,,,,,,,,,,,
INVESTMENT_TRUSTS,BRWM.L,FCIT.L,BLACKROCK WORLD MINING TRUST PL,F&C INVESTMENT TRUST PLC ORD 6.,-2.197484878677446,0.20715956694327553,0.05,,False,3.682480019514914,-14.420056729853362,,,,,,,,,,,,,,
INVESTMENT_TRUSTS,BRWM.L,HGT.L,BLACKROCK WORLD MINING TRUST PL,HG CAPITAL TRUST PLC ORD 2.5P,-2.1248311922556136,0.23464777476903742,0.05,,False,-2.838926159479907,23.96684938180838,,,,,,,,,,,,,,
INVESTMENT_TRUSTS,PCT.L,SMT.L,POLAR CAPITAL TECHNOLOGY TRUST ,SCOTTISH MORTGAGE INVESTMENT TR,-2.1058448804655745,0.24217085023213414,0.05,,False,1.5619610086037254,-4.892095350644582,,,,,,,,,,,,,,
INVESTMENT_TRUSTS,HGT.L,RCP.L,HG CAPITAL TRUST PLC ORD 2.5P,"""RIT Capital Partners""",-2.1046291190205646,0.2426572882958617,0.05,,False,-1.8461225072960723,20.20744276388084,,,,,,,,,,,,,,
INVESTMENT_TRUSTS,BRWM.L,MNKS.L,BLACKROCK WORLD MINING TRUST PL,MONKS INVESTMENT TRUST PLC ORD ,-2.0868952391780593,0.2498166366800877,0.05,,False,2.663578053650853,-12.73091401173218,,,,,,,,,,,,,,
INVESTMENT_TRUSTS,ATT.L,MNKS.L,ALLIANZ TECHNOLOGY TRUST PLC OR,MONKS INVESTMENT TRUST PLC ORD ,-2.0796362662841323,0.2527813992453245,0.05,,False,1.8129631045023424,-6.930786351813518,,,,,,,,,,,,,,
INVESTMENT_TRUSTS,JAM.L,RCP.L,JPMORGAN AMERICAN INVESTMENT TR,"""RIT Capital Partners""",-2.0594666703290128,0.261122345447367,0.05,,False,0.931802351220551,-0.105953211217936,,,,,,,,,,,,,,
INVESTMENT_TRUSTS,CTY.L,SMT.L,CITY OF LONDON INVESTMENT TRUST,SCOTTISH MORTGAGE INVESTMENT TR,-2.0308760700864554,0.27320121920279083,0.05,,False,0.587137548774598,2.0944242705244545,,,,,,,,,,,,,,
INVESTMENT_TRUSTS,BRWM.L,JAM.L,BLACKROCK WORLD MINING TRUST PL,JPMORGAN AMERICAN INVESTMENT TR,-2.020338085488496,0.2777273649726506,0.05,,False,5.826284288894005,-34.21182709251583,,,,,,,,,,,,,,
INVESTMENT_TRUSTS,FCIT.L,JAM.L,F&C INVESTMENT TRUST PLC ORD 6.,JPMORGAN AMERICAN INVESTMENT TR,-1.9602328713891575,0.30427704494131563,0.05,,False,1.209391060360187,-2.7738275524104834,,,,,,,,,,,,,,
INVESTMENT_TRUSTS,JAM.L,PCT.L,JPMORGAN AMERICAN INVESTMENT TR,POLAR CAPITAL TECHNOLOGY TRUST ,-1.93723698725593,0.3147514260633244,0.05,,False,0.23642644451808828,5.563411965067265,,,,,,,,,,,,,,
INVESTMENT_TRUSTS,CTY.L,PCT.L,CITY OF LONDON INVESTMENT TRUST,POLAR CAPITAL TECHNOLOGY TRUST ,-1.9162818002289654,0.3244408289588473,0.05,,False,0.3704380523741313,3.9659896598709454,,,,,,,,,,,,,,
INVESTMENT_TRUSTS,ATT.L,JAM.L,ALLIANZ TECHNOLOGY TRUST PLC OR,JPMORGAN AMERICAN INVESTMENT TR,-1.9039864550683194,0.3301880867013781,0.05,,False,3.274673896046684,-16.73091864889752,,,,,,,,,,,,,,
INVESTMENT_TRUSTS,BRWM.L,SMT.L,BLACKROCK WORLD MINING TRUST PL,SCOTTISH MORTGAGE INVESTMENT TR,-1.8659201108674706,0.3482592154997645,0.05,,False,1.7900651990109915,-6.020708018660269,,,,,,,,,,,,,,
INVESTMENT_TRUSTS,MNKS.L,PCT.L,MONKS INVESTMENT TRUST PLC ORD ,POLAR CAPITAL TECHNOLOGY TRUST ,-1.8653474270166808,0.3485341738530354,0.05,,False,0.4384471277795468,4.575199392695216,,,,,,,,,,,,,,
INVESTMENT_TRUSTS,JAM.L,MNKS.L,JPMORGAN AMERICAN INVESTMENT TR,MONKS INVESTMENT TRUST PLC ORD ,-1.8190462489317931,0.37104759518074526,0.05,,False,0.5827663205511115,2.783044254113098,,,,,,,,,,,,,,
INVESTMENT_TRUSTS,JGGI.L,PSH.L,JPMORGAN GLOBAL GROWTH & INCOME,PERSHING SQUARE HOLDINGS LTD OR,-1.7851946448856286,0.38783651879536696,0.05,,False,0.20098865290869822,4.669211081335802,,,,,,,,,,,,,,
INVESTMENT_TRUSTS,HGT.L,PSH.L,HG CAPITAL TRUST PLC ORD 2.5P,PERSHING SQUARE HOLDINGS LTD OR,-1.7596392302240846,0.40067567143885285,0.05,,False,-2.0926086918114004,23.573333152596305,,,,,,,,,,,,,,
INVESTMENT_TRUSTS,JAM.L,SMT.L,JPMORGAN AMERICAN INVESTMENT TR,SCOTTISH MORTGAGE INVESTMENT TR,-1.7091586890554056,0.42639992999222043,0.05,,False,0.3691386555966564,4.407836764062263,,,,,,,,,,,,,,
INVESTMENT_TRUSTS,MNKS.L,SMT.L,MONKS INVESTMENT TRUST PLC ORD ,SCOTTISH MORTGAGE INVESTMENT TR,-1.6705454722323358,0.44634863728030727,0.05,,False,0.6799613636635807,2.4642074151095787,,,,,,,,,,,,,,
INVESTMENT_TRUSTS,CTY.L,JAM.L,CITY OF LONDON INVESTMENT TRUST,JPMORGAN AMERICAN INVESTMENT TR,-1.614875082069523,0.4754170975338695,0.05,,False,1.88025389176328,-6.937632431388584,,,,,,,,,,,,,,
INVESTMENT_TRUSTS,BRWM.L,PSH.L,BLACKROCK WORLD MINING TRUST PL,PERSHING SQUARE HOLDINGS LTD OR,-1.5564676147346062,0.5054159691681247,0.05,,False,4.619671236119642,-31.972227555186784,,,,,,,,,,,,,,
INVESTMENT_TRUSTS,PSH.L,RCP.L,PERSHING SQUARE HOLDINGS LTD OR,"""RIT Capital Partners""",-1.550434111427034,0.508431344591191,0.05,,False,1.563288254337282,-3.5684769889663226,,,,,,,,,,,,,,
INVESTMENT_TRUSTS,ATT.L,BRWM.L,ALLIANZ TECHNOLOGY TRUST PLC OR,BLACKROCK WORLD MINING TRUST PL,-1.5363548982500597,0.5154566156765347,0.05,,False,0.7250167847639608,1.448917524628948,,,,,,,,,,,,,,
INVESTMENT_TRUSTS,CTY.L,FCIT.L,CITY OF LONDON INVESTMENT TRUST,F&C INVESTMENT TRUST PLC ORD 6.,-1.4945649555450558,0.5361982438542041,0.05,,False,1.2383115922366834,-0.8330984835116428,,,,,,,,,,,,,,
INVESTMENT_TRUSTS,BRWM.L,PCT.L,BLACKROCK WORLD MINING TRUST PL,POLAR CAPITAL TECHNOLOGY TRUST ,-1.3273305166282723,0.6165776835536432,0.05,,False,1.0766270560296578,0.0007505647876815402,,,,,,,,,,,,,,
INVESTMENT_TRUSTS,CTY.L,PSH.L,CITY OF LONDON INVESTMENT TRUST,PERSHING SQUARE HOLDINGS LTD OR,-1.2866586258196864,0.6352536913520216,0.05,,False,0.981398650850664,-1.9791092458336532,,,,,,,,,,,,,,
INVESTMENT_TRUSTS,PSH.L,SMT.L,PERSHING SQUARE HOLDINGS LTD OR,SCOTTISH MORTGAGE INVESTMENT TR,-1.1066870452040594,0.7123978346184856,0.05,,False,0.4688747124516979,5.05121510920714,,,,,,,,,,,,,,
INVESTMENT_TRUSTS,PCT.L,PSH.L,POLAR CAPITAL TECHNOLOGY TRUST ,PERSHING SQUARE HOLDINGS LTD OR,-1.0742729938812074,0.7252217532198899,0.05,,False,3.8235998194067418,-25.81232121722556,,,,,,,,,,,,,,
INVESTMENT_TRUSTS,MNKS.L,PSH.L,MONKS INVESTMENT TRUST PLC ORD ,PERSHING SQUARE HOLDINGS LTD OR,-1.0732078063971917,0.7256372268065864,0.05,,False,1.1453915795877276,-2.326816502768515,,,,,,,,,,,,,,
INVESTMENT_TRUSTS,JAM.L,PSH.L,JPMORGAN AMERICAN INVESTMENT TR,PERSHING SQUARE HOLDINGS LTD OR,-0.837727380955499,0.8077880290215059,0.05,,False,0.5508719104226663,2.3966927776999665,,,,,,,,,,,,,,
INVESTMENT_TRUSTS,ATT.L,PSH.L,ALLIANZ TECHNOLOGY TRUST PLC OR,PERSHING SQUARE HOLDINGS LTD OR,-0.8376806620267875,0.8078023766184566,0.05,,False,2.7500009697291894,-16.748436324139362,,,,,,,,,,,,,,
INVESTMENT_TRUSTS,FCIT.L,PSH.L,F&C INVESTMENT TRUST PLC ORD 6.,PERSHING SQUARE HOLDINGS LTD OR,-0.19580614295865328,0.9390196712187492,0.05,,False,0.7432122176138443,-0.5154249050705575,,,,,,,,,,,,,,
MATERIALS,ANTO.L,HOC.L,ANTOFAGASTA PLC ORD 5P,HOCHSCHILD MINING PLC ORD 1P,-2.5671149089692995,0.09998618727554098,0.05,,False,0.6703437962601859,3.8919075111540353,,,,,,,,,,,,,,
MATERIALS,AAL.L,RIO.L,ANGLO AMERICAN PLC ORD USD0.623,RIO TINTO PLC ORD 10P,-2.5046107437287133,0.11435650781855,0.05,,False,1.1462721857964115,-1.974848400509737,,,,,,,,,,,,,,
MATERIALS,AAL.L,HOC.L,ANGLO AMERICAN PLC ORD USD0.623,HOCHSCHILD MINING PLC ORD 1P,-2.443294131226042,0.12988781915493353,0.05,,False,0.4003361132199575,5.557734365253973,,,,,,,,,,,,,,
MATERIALS,FRES.L,JMAT.L,FRESNILLO PLC ORD USD0.50,JOHNSON MATTHEY PLC ORD 147 143,-2.3470743139561523,0.15723452076237654,0.05,,False,4.425016513130329,-27.016611617377038,,,,,,,,,,,,,,
MATERIALS,CRDA.L,JMAT.L,CRODA INTERNATIONAL PLC ORD 10.,JOHNSON MATTHEY PLC ORD 147 143,-2.318720801559549,0.16600120633724896,0.05,,False,-0.5955415085697766,12.65189048485073,,,,,,,,,,,,,,
MATERIALS,ANTO.L,JMAT.L,ANTOFAGASTA PLC ORD 5P,JOHNSON MATTHEY PLC ORD 147 143,-2.314388971352296,0.16736922878713711,0.05,,False,1.899970063487646,-6.970631513572661,,,,,,,,,,,,,,
MATERIALS,FRES.L,HOC.L,FRESNILLO PLC ORD USD0.50,HOCHSCHILD MINING PLC ORD 1P,-2.3095577815221007,0.1689039239751528,0.05,,False,1.547230905637922,-1.6374425259964847,,,,,,,,,,,,,,
MATERIALS,CRDA.L,FRES.L,CRODA INTERNATIONAL PLC ORD 10.,FRESNILLO PLC ORD USD0.50,-2.3012601930677405,0.17156185630155746,0.05,,False,-0.15523886983802712,9.165609235539716,,,,,,,,,,,,,,
MATERIALS,BHP.L,GLEN.L,BHP GROUP LIMITED ORD NPV (DI),GLENCORE PLC ORD USD0.01,-2.2239506595938994,0.19766785825949174,0.05,,False,0.6830194540028433,3.62943990661962,,,,,,,,,,,,,,
MATERIALS,AAL.L,ANTO.L,ANGLO AMERICAN PLC ORD USD0.623,ANTOFAGASTA PLC ORD 5P,-2.218148409467434,0.19972468885127348,0.05,,False,0.6275470615534693,2.998557453194282,,,,,,,,,,,,,,
MATERIALS,GLEN.L,RIO.L,GLENCORE PLC ORD USD0.01,RIO TINTO PLC ORD 10P,-2.1840377951745302,0.21208973826751165,0.05,,False,1.3517448377423549,-5.650308566426881,,,,,,,,,,,,,,
MATERIALS,ANTO.L,CRDA.L,ANTOFAGASTA PLC ORD 5P,CRODA INTERNATIONAL PLC ORD 10.,-2.1373347863253387,0.2297694138029061,0.05,,False,-4.413045613824928,43.2237050141118,,,,,,,,,,,,,,
MATERIALS,ANTO.L,FRES.L,ANTOFAGASTA PLC ORD 5P,FRESNILLO PLC ORD USD0.50,-2.1215165083957923,0.23595117808192756,0.05,,False,0.4217874987202889,4.684474887274816,,,,,,,,,,,,,,
MATERIALS,CRDA.L,HOC.L,CRODA INTERNATIONAL PLC ORD 10.,HOCHSCHILD MINING PLC ORD 1P,-2.0814478947282975,0.25203962959422366,0.05,,False,-0.20922736313044754,9.241935890199647,,,,,,,,,,,,,,
MATERIALS,AAL.L,CRDA.L,ANGLO AMERICAN PLC ORD USD0.623,CRODA INTERNATIONAL PLC ORD 10.,-2.0813497554132327,0.2520797811531381,0.05,,False,-2.5652522643418973,28.482163968065777,,,,,,,,,,,,,,
MATERIALS,AAL.L,BHP.L,ANGLO AMERICAN PLC ORD USD0.623,BHP GROUP LIMITED ORD NPV (DI),-2.0597150362091816,0.26101872100523493,0.05,,False,1.2650920501317415,-1.8706282769702636,,,,,,,,,,,,,,
MATERIALS,HOC.L,JMAT.L,HOCHSCHILD MINING PLC ORD 1P,JOHNSON MATTHEY PLC ORD 147 143,-2.045587262514952,0.2669490655166332,0.05,,False,3.105273738718976,-18.302678955581055,,,,,,,,,,,,,,
MATERIALS,BHP.L,RIO.L,BHP GROUP LIMITED ORD NPV (DI),RIO TINTO PLC ORD 10P,-2.034348675576045,0.27171837255936415,0.05,,False,0.9169175521730919,-0.1753586364128097,,,,,,,,,,,,,,
MATERIALS,BHP.L,CRDA.L,BHP GROUP LIMITED ORD NPV (DI),CRODA INTERNATIONAL PLC ORD 10.,-1.990412261601996,0.29079274679581024,0.05,,False,-4.269687735818517,42.018028058863095,,,,,,,,,,,,,,
MATERIALS,CRDA.L,RIO.L,CRODA INTERNATIONAL PLC ORD 10.,RIO TINTO PLC ORD 10P,-1.9261953806393741,0.319840077569629,0.05,,False,-0.34778778703808294,11.023225829732489,,,,,,,,,,,,,,
MATERIALS,AAL.L,FRES.L,ANGLO AMERICAN PLC ORD USD0.623,FRESNILLO PLC ORD USD0.50,-1.8970130564871466,0.33346756533807775,0.05,,False,0.24250171712207771,6.099176897901936,,,,,,,,,,,,,,
MATERIALS,CRDA.L,GLEN.L,CRODA INTERNATIONAL PLC ORD 10.,GLENCORE PLC ORD USD0.01,-1.8910248330220107,0.33629502087202895,0.05,,False,0.15408532116159757,7.124063345078027,,,,,,,,,,,,,,
MATERIALS,AAL.L,GLEN.L,ANGLO AMERICAN PLC ORD USD0.623,GLENCORE PLC ORD USD0.01,-1.8734431454535585,0.34465554768993883,0.05,,False,0.8410001676491814,2.858159921755929,,,,,,,,,,,,,,
MATERIALS,AAL.L,JMAT.L,ANGLO AMERICAN PLC ORD USD0.623,JOHNSON MATTHEY PLC ORD 147 143,-1.8463179720840457,0.35772044378234424,0.05,,False,1.1629404632502776,-1.1483221147494493,,,,,,,,,,,,,,
MATERIALS,HOC.L,RIO.L,HOCHSCHILD MINING PLC ORD 1P,RIO TINTO PLC ORD 10P,-1.6965448319177316,0.43289355694902354,0.05,,False,3.0309512717917055,-20.253919864365063,,,,,,,,,,,,,,
MATERIALS,GLEN.L,HOC.L,GLENCORE PLC ORD USD0.01,HOCHSCHILD MINING PLC ORD 1P,-1.6911136617974933,0.43569670361967483,0.05,,False,0.33397832373574277,4.02594220352333,,,,,,,,,,,,,,
MATERIALS,GLEN.L,JMAT.L,GLENCORE PLC ORD USD0.01,JOHNSON MATTHEY PLC ORD 147 143,-1.5963265981119756,0.48543850016250745,0.05,,False,1.6143794640050326,-6.557248470437283,,,,,,,,,,,,,,
MATERIALS,ANTO.L,GLEN.L,ANTOFAGASTA PLC ORD 5P,GLENCORE PLC ORD USD0.01,-1.5159359087554296,0.5256138608717934,0.05,,False,1.4965988754421216,-1.153799940157887,,,,,,,,,,,,,,
MATERIALS,BHP.L,JMAT.L,BHP GROUP LIMITED ORD NPV (DI),JOHNSON MATTHEY PLC ORD 147 143,-1.4444622898555028,0.5607846443028616,0.05,,False,0.8507794186870461,1.1012151805041874,,,,,,,,,,,,,,
MATERIALS,JMAT.L,RIO.L,JOHNSON MATTHEY PLC ORD 147 143,RIO TINTO PLC ORD 10P,-1.433105696652935,0.5663060017123716,0.05,,False,1.02329227925503,-1.0334566260423435,,,,,,,,,,,,,,
MATERIALS,ANTO.L,RIO.L,ANTOFAGASTA PLC ORD 5P,RIO TINTO PLC ORD 10P,-1.427346503551732,0.5690979359815892,0.05,,False,1.8675631598447802,-8.27659197290754,,,,,,,,,,,,,,
MATERIALS,BHP.L,HOC.L,BHP GROUP LIMITED ORD NPV (DI),HOCHSCHILD MINING PLC ORD 1P,-1.41472669522444,0.5751959479966178,0.05,,False,0.2729912315772244,6.121436223113992,,,,,,,,,,,,,,
MATERIALS,ANTO.L,BHP.L,ANTOFAGASTA PLC ORD 5P,BHP GROUP LIMITED ORD NPV (DI),-1.3654528849990875,0.5987218639136309,0.05,,False,2.110026086897079,-8.482628471350875,,,,,,,,,,,,,,
MATERIALS,FRES.L,GLEN.L,FRESNILLO PLC ORD USD0.50,GLENCORE PLC ORD USD0.01,-1.2668735052975917,0.6441882263118931,0.05,,False,6.54900099212021,-31.679805949509884,,,,,,,,,,,,,,
MATERIALS,BHP.L,FRES.L,BHP GROUP LIMITED ORD NPV (DI),FRESNILLO PLC ORD USD0.50,-1.1560834275778409,0.6921966678889007,0.05,,False,0.14780129444010254,6.617984017494219,,,,,,,,,,,,,,
MATERIALS,FRES.L,RIO.L,FRESNILLO PLC ORD USD0.50,RIO TINTO PLC ORD 10P,-1.052010539148384,0.7338254885021822,0.05,,False,5.422429003791744,-39.26104629160488,,,,,,,,,,,,,,
NL_BANKS,ABN.AS,INGA.AS,ABN AMRO BANK N.V.,ING GROEP N.V.,-3.2810059248636794,0.01574915502971482,0.05,0.01574915502971482,True,1.4412646725892007,-1.15685798674303,17.429986433041904,0.00015074024373123272,-0.03976751119243277,52.0,0.4710490597033797,2.798141175149923,False,,0.6,0.005034196545832623,0.36375412435705223,0.6918149950977089,False,mixed signal
NL_SEMI_EQUIPMENT,ASML.AS,BESI.AS,ASML HOLDING,BE Semiconductor Industries N.V,-2.2824911188767527,0.17767712740252706,0.05,,False,0.9257071158861616,2.166441133261216,,,,,,,,,,,,,,
REAL_ESTATE,LMP.L,PHP.L,LONDONMETRIC PROPERTY PLC ORD 1,PRIMARY HEALTH PROPERTIES PLC O,-3.841835403057906,0.0025071454869894485,0.05,,False,1.0064845874515989,0.6630939514614598,,,,,,,,,,,,,,
REAL_ESTATE,GPE.L,LMP.L,GREAT PORTLAND ESTATES PLC ORD ,LONDONMETRIC PROPERTY PLC ORD 1,-3.728068499944908,0.0037352275101390515,0.05,,False,1.8944478616408282,-4.189760138000993,,,,,,,,,,,,,,
REAL_ESTATE,BLND.L,LAND.L,BRITISH LAND COMPANY PLC ORD 25,LAND SECURITIES GROUP PLC ORD 1,-3.354757301577483,0.012601344666098961,0.05,,False,1.2687653772270204,-2.1720319849336294,,,,,,,,,,,,,,
REAL_ESTATE,BBOX.L,LAND.L,TRITAX BIG BOX REIT PLC ORD 1P,LAND SECURITIES GROUP PLC ORD 1,-3.343516886377807,0.013041848939585736,0.05,,False,1.1837169026698215,-2.5779585240585874,,,,,,,,,,,,,,
REAL_ESTATE,GPE.L,LAND.L,GREAT PORTLAND ESTATES PLC ORD ,LAND SECURITIES GROUP PLC ORD 1,-3.2027995473933943,0.01982320124076564,0.05,,False,1.4673389869242703,-3.6279486405350942,,,,,,,,,,,,,,
REAL_ESTATE,LAND.L,SGRO.L,LAND SECURITIES GROUP PLC ORD 1,SEGRO PLC ORD 10P,-3.119441978023307,0.025147452884679043,0.05,,False,0.4322856822129514,3.550724531153393,,,,,,,,,,,,,,
REAL_ESTATE,PHP.L,SGRO.L,PRIMARY HEALTH PROPERTIES PLC O,SEGRO PLC ORD 10P,-3.106905981463844,0.026046318347261208,0.05,,False,0.16376848144209805,3.4816147871084135,,,,,,,,,,,,,,
REAL_ESTATE,PHP.L,UTG.L,PRIMARY HEALTH PROPERTIES PLC O,UNITE GROUP PLC ORD 25P,-3.0981222974759626,0.026692459305428514,0.05,,False,-0.003363566571097454,4.583187348900269,,,,,,,,,,,,,,
REAL_ESTATE,DLN.L,PHP.L,DERWENT LONDON PLC ORD 5P,PRIMARY HEALTH PROPERTIES PLC O,-3.084165195720036,0.027747445275254804,0.05,,False,8.573568173271788,-31.548513738006022,,,,,,,,,,,,,,
REAL_ESTATE,DLN.L,LMP.L,DERWENT LONDON PLC ORD 5P,LONDONMETRIC PROPERTY PLC ORD 1,-2.970923986401711,0.03770040367573834,0.05,,False,3.933942145890561,-13.111655308946562,,,,,,,,,,,,,,
REAL_ESTATE,LAND.L,PHP.L,LAND SECURITIES GROUP PLC ORD 1,PRIMARY HEALTH PROPERTIES PLC O,-2.9640785714944498,0.03838792161363155,0.05,,False,1.4396371619499835,-0.1661829250131719,,,,,,,,,,,,,,
REAL_ESTATE,LAND.L,UTG.L,LAND SECURITIES GROUP PLC ORD 1,UNITE GROUP PLC ORD 25P,-2.960521633212508,0.03874929613416444,0.05,,False,-0.002755380564463518,6.418237996272029,,,,,,,,,,,,,,
REAL_ESTATE,LMP.L,UTG.L,LONDONMETRIC PROPERTY PLC ORD 1,UNITE GROUP PLC ORD 25P,-2.913262661857515,0.04382732491273526,0.05,,False,0.03535041199148142,5.021604791615603,,,,,,,,,,,,,,
REAL_ESTATE,HMSO.L,LAND.L,HAMMERSON PLC ORD 5P,LAND SECURITIES GROUP PLC ORD 1,-2.9008796906295538,0.04524579701161233,0.05,,False,2.1288416829189423,-7.929288701541674,,,,,,,,,,,,,,
REAL_ESTATE,GPE.L,PHP.L,GREAT PORTLAND ESTATES PLC ORD ,PRIMARY HEALTH PROPERTIES PLC O,-2.856455033040178,0.05065106911156803,0.05,,False,2.266741433023563,-4.575598611727808,,,,,,,,,,,,,,
REAL_ESTATE,LAND.L,LMP.L,LAND SECURITIES GROUP PLC ORD 1,LONDONMETRIC PROPERTY PLC ORD 1,-2.832531313854389,0.05377505158580149,0.05,,False,1.3102700931832267,-0.4837129656023773,,,,,,,,,,,,,,
REAL_ESTATE,BLND.L,SGRO.L,BRITISH LAND COMPANY PLC ORD 25,SEGRO PLC ORD 10P,-2.7880434175437827,0.06000208230026393,0.05,,False,0.6043007047953781,1.964989548301674,,,,,,,,,,,,,,
REAL_ESTATE,LMP.L,SGRO.L,LONDONMETRIC PROPERTY PLC ORD 1,SEGRO PLC ORD 10P,-2.7310302050962343,0.06882087885379692,0.05,,False,0.31236496779277345,3.1948096050316206,,,,,,,,,,,,,,
REAL_ESTATE,BLND.L,PHP.L,BRITISH LAND COMPANY PLC ORD 25,PRIMARY HEALTH PROPERTIES PLC O,-2.7230537936772263,0.07013320742070393,0.05,,False,1.9732097308678604,-3.0517546514521277,,,,,,,,,,,,,,
REAL_ESTATE,HMSO.L,PHP.L,HAMMERSON PLC ORD 5P,PRIMARY HEALTH PROPERTIES PLC O,-2.7081911620758063,0.07263153421823536,0.05,,False,4.536662698367939,-14.99655892744588,,,,,,,,,,,,,,
REAL_ESTATE,BLND.L,LMP.L,BRITISH LAND COMPANY PLC ORD 25,LONDONMETRIC PROPERTY PLC ORD 1,-2.6513190657198527,0.08284759480599402,0.05,,False,1.78398895384874,-3.424417326791434,,,,,,,,,,,,,,
REAL_ESTATE,BBOX.L,PHP.L,TRITAX BIG BOX REIT PLC ORD 1P,PRIMARY HEALTH PROPERTIES PLC O,-2.567528910008238,0.09989579055196546,0.05,,False,1.823750528465818,-3.3203055641713703,,,,,,,,,,,,,,
REAL_ESTATE,BBOX.L,BLND.L,TRITAX BIG BOX REIT PLC ORD 1P,BRITISH LAND COMPANY PLC ORD 25,-2.553841822708072,0.10291733253923924,0.05,,False,0.9079275255292444,-0.40257906779930863,,,,,,,,,,,,,,
REAL_ESTATE,HMSO.L,UTG.L,HAMMERSON PLC ORD 5P,UNITE GROUP PLC ORD 25P,-2.508871636323396,0.11333065489385774,0.05,,False,-0.27233210533519914,7.484136639895867,,,,,,,,,,,,,,
REAL_ESTATE,DLN.L,LAND.L,DERWENT LONDON PLC ORD 5P,LAND SECURITIES GROUP PLC ORD 1,-2.4823464108713185,0.11982893042938203,0.05,,False,3.2578473587478642,-13.294322045313288,,,,,,,,,,,,,,
REAL_ESTATE,BBOX.L,UTG.L,TRITAX BIG BOX REIT PLC ORD 1P,UNITE GROUP PLC ORD 25P,-2.475847986449033,0.12146189861091194,0.05,,False,-0.04617585665930013,5.30125693106316,,,,,,,,,,,,,,
REAL_ESTATE,HMSO.L,LMP.L,HAMMERSON PLC ORD 5P,LONDONMETRIC PROPERTY PLC ORD 1,-2.449745069321381,0.12818541277024864,0.05,,False,3.886146319604925,-14.721310523992065,,,,,,,,,,,,,,
REAL_ESTATE,BBOX.L,HMSO.L,TRITAX BIG BOX REIT PLC ORD 1P,HAMMERSON PLC ORD 5P,-2.4109044132167847,0.13868234198022367,0.05,,False,0.5859179203787971,1.6608434144470254,,,,,,,,,,,,,,
REAL_ESTATE,GPE.L,UTG.L,GREAT PORTLAND ESTATES PLC ORD ,UNITE GROUP PLC ORD 25P,-2.3814920980975613,0.14702840663479866,0.05,,False,0.03781405123747599,5.514886276586585,,,,,,,,,,,,,,
REAL_ESTATE,BLND.L,UTG.L,BRITISH LAND COMPANY PLC ORD 25,UNITE GROUP PLC ORD 25P,-2.3285198440105614,0.16293464486990544,0.05,,False,0.022011054632310866,5.803689505395188,,,,,,,,,,,,,,
REAL_ESTATE,BLND.L,HMSO.L,BRITISH LAND COMPANY PLC ORD 25,HAMMERSON PLC ORD 5P,-2.3239008953667426,0.1643752774650067,0.05,,False,0.5589591343560882,2.764638751242053,,,,,,,,,,,,,,
REAL_ESTATE,BBOX.L,SGRO.L,TRITAX BIG BOX REIT PLC ORD 1P,SEGRO PLC ORD 10P,-2.113155375384898,0.23925776766702128,0.05,,False,0.524769316917595,1.5389730232003602,,,,,,,,,,,,,,
REAL_ESTATE,BLND.L,GPE.L,BRITISH LAND COMPANY PLC ORD 25,GREAT PORTLAND ESTATES PLC ORD ,-2.010976559235032,0.28178109628899983,0.05,,False,0.8537039857749458,1.028154824028098,,,,,,,,,,,,,,
REAL_ESTATE,GPE.L,SGRO.L,GREAT PORTLAND ESTATES PLC ORD ,SEGRO PLC ORD 10P,-1.9890187298412203,0.2914086630935808,0.05,,False,0.5473170507422993,2.1555808189409236,,,,,,,,,,,,,,
REAL_ESTATE,BBOX.L,GPE.L,TRITAX BIG BOX REIT PLC ORD 1P,GREAT PORTLAND ESTATES PLC ORD ,-1.9635156242525735,0.3027956820362573,0.05,,False,0.7807503898941739,0.49835426951659745,,,,,,,,,,,,,,
REAL_ESTATE,BBOX.L,LMP.L,TRITAX BIG BOX REIT PLC ORD 1P,LONDONMETRIC PROPERTY PLC ORD 1,-1.9283426105614747,0.31884754216395605,0.05,,False,1.5569842362118693,-3.182036072110753,,,,,,,,,,,,,,
REAL_ESTATE,BBOX.L,DLN.L,TRITAX BIG BOX REIT PLC ORD 1P,DERWENT LONDON PLC ORD 5P,-1.91700278037326,0.32410522505997374,0.05,,False,0.25728264611283036,3.053876531504968,,,,,,,,,,,,,,
REAL_ESTATE,DLN.L,UTG.L,DERWENT LONDON PLC ORD 5P,UNITE GROUP PLC ORD 25P,-1.9143119311828531,0.3253585688856082,0.05,,False,0.3974571626584064,4.946071334911204,,,,,,,,,,,,,,
REAL_ESTATE,DLN.L,GPE.L,DERWENT LONDON PLC ORD 5P,GREAT PORTLAND ESTATES PLC ORD ,-1.9077068279676095,0.3284443066657978,0.05,,False,2.0717721336954753,-4.383734051680786,,,,,,,,,,,,,,
REAL_ESTATE,BLND.L,DLN.L,BRITISH LAND COMPANY PLC ORD 25,DERWENT LONDON PLC ORD 5P,-1.8679326645528023,0.3472936501881243,0.05,,False,0.46384445059029517,2.443269220730361,,,,,,,,,,,,,,
REAL_ESTATE,DLN.L,HMSO.L,DERWENT LONDON PLC ORD 5P,HAMMERSON PLC ORD 5P,-1.79241193723842,0.3842354106373934,0.05,,False,-2.6979292730315354,22.922691382141615,,,,,,,,,,,,,,
REAL_ESTATE,HMSO.L,SGRO.L,HAMMERSON PLC ORD 5P,SEGRO PLC ORD 10P,-1.716787732195634,0.4224843479849443,0.05,,False,0.6010139325189732,1.7340082008596966,,,,,,,,,,,,,,
REAL_ESTATE,GPE.L,HMSO.L,GREAT PORTLAND ESTATES PLC ORD ,HAMMERSON PLC ORD 5P,-1.6838156746466604,0.4394698256628558,0.05,,False,0.6584069985718257,2.013206102346344,,,,,,,,,,,,,,
REAL_ESTATE,DLN.L,SGRO.L,DERWENT LONDON PLC ORD 5P,SEGRO PLC ORD 10P,-1.3934980567934754,0.585389231821153,0.05,,False,1.1057881208035951,0.26754496901160163,,,,,,,,,,,,,,
REAL_ESTATE,SGRO.L,UTG.L,SEGRO PLC ORD 10P,UNITE GROUP PLC ORD 25P,-1.3576622637356188,0.602396782153891,0.05,,False,0.1733455590962834,5.45307121734503,,,,,,,,,,,,,,
TMT,ITV.L,WPP.L,ITV PLC ORD 10P,WPP PLC ORD 10P,-4.178570081888557,0.0007161507925589148,0.05,0.007865195684557406,True,-0.05587921014555685,4.699758240747978,10.467014242020795,-0.0001367333632847966,-0.0662220538286116,31.0,-1.84973272291424,4.148998447167644,False,,0.4,-0.020117229775441857,-0.653921936849676,-1.2557174642175837,False,mixed signal
TMT,AAF.L,ITV.L,AIRTEL AFRICA PLC ORD USD0.50,ITV PLC ORD 10P,-4.098274772780253,0.0009749036335790498,0.05,0.007865195684557406,True,17.492043343097787,-70.92606319450371,10.902167929150844,0.002425759892354355,-0.0635788390955315,33.0,1.6022963840489535,4.27457972900956,False,,0.4,0.3501379651787736,0.5561132636345762,1.138709249988116,False,mixed signal
TMT,BT-A.L,ITV.L,BT GROUP PLC ORD 5P,ITV PLC ORD 10P,-4.088039294310783,0.001013565889302816,0.05,0.007865195684557406,True,5.38601511120279,-18.303052597054293,11.058150905522359,0.0007757407057517636,-0.06268201496633517,33.0,1.3420820255384414,4.110028662145527,False,,0.6,0.0729407710976763,0.22193215726223903,0.7143226249858885,True,reversion signs agree
TMT,ITV.L,VOD.L,ITV PLC ORD 10P,VODAFONE GROUP PLC ORD USD0.20 ,-4.079311752801012,0.001047660424589088,0.05,0.007865195684557406,True,0.15590259015008076,3.6654058966532705,11.01087821323231,-0.00014850201368946203,-0.06295112588993641,33.0,-1.6049777667724952,4.174686758479215,False,,0.4,-0.020016616041399753,-0.3048062728541736,-0.7079877456416284,True,mixed signal
TMT,AAF.L,WPP.L,AIRTEL AFRICA PLC ORD USD0.50,WPP PLC ORD 10P,-4.07718703004417,0.0010561215597134255,0.05,0.007865195684557406,True,-1.0497262682020936,11.727357592821953,11.790619234777164,-0.00011511458745313598,-0.05878802179579038,35.0,-0.8627290604507847,3.1839055964376253,False,,0.6,0.0022415644935475723,-0.3792042345687705,-0.25975874808460353,False,mixed signal
TMT,ITV.L,SGE.L,ITV PLC ORD 10P,THE SAGE GROUP PLC ORD 1 4/77P,-4.054784640800774,0.0011493057626809312,0.05,0.007865195684557406,True,-0.17221349502330868,5.558353738191035,10.946485079231609,-0.0001188328638637338,-0.06332143839258775,33.0,-1.8980671028174063,4.079346756346832,False,,0.6,-0.02323198130627676,-0.5942801658793184,-1.146754884526284,False,mixed signal
TMT,ITV.L,REL.L,ITV PLC ORD 10P,RELX PLC ORD 14 51/116P,-3.9724956841211614,0.0015615810706884504,0.05,0.007865195684557406,True,-0.11758339483256355,5.309868679924646,11.450619642407455,-0.00011809751901084131,-0.06053359575344461,34.0,-2.0506807812826064,4.174984096319632,False,,0.4,-0.022564015733890556,-0.6310927797833374,-1.1710917560535774,False,mixed signal
TMT,AUTO.L,ITV.L,AUTOTRADER GROUP PLC ORD 1P,ITV PLC ORD 10P,-3.935534814994799,0.001788349599389268,0.05,0.007865195684557406,True,-12.136750618392378,59.425727432719796,11.67684365268828,-0.001235889764574314,-0.05936083424396684,35.0,-1.9234553178750693,4.367386527612674,False,,0.4,-0.27860026866058446,-0.6219463243227312,-1.2165759305374177,False,mixed signal
TMT,EXPN.L,ITV.L,EXPERIAN PLC ORD USD0.10,ITV PLC ORD 10P,-3.900236401422876,0.002033108010696812,0.05,0.007865195684557406,True,-8.825825929642287,46.58129050971703,11.865193200019544,-0.000901064529710901,-0.05841853300448606,36.0,-2.0718412874303267,4.287926522950594,False,,0.4,-0.1941787140260708,-0.5859858240560307,-1.0149341454857774,False,mixed signal
TMT,AUTO.L,EXPN.L,AUTOTRADER GROUP PLC ORD 1P,EXPERIAN PLC ORD USD0.10,-3.8277306708074743,0.0026360016855228783,0.05,0.007865195684557406,True,1.5422983154504315,-5.990501595088828,11.912371544680752,0.00012055915755818062,-0.05818716936086981,36.0,1.1882235423342864,2.780176861965816,False,,0.8,-0.005328143960815098,-0.13841100474050116,-0.893775686903813,False,mixed signal
TMT,REL.L,VOD.L,RELX PLC ORD 14 51/116P,VODAFONE GROUP PLC ORD USD0.20 ,-3.8034418230900564,0.002872296294529582,0.05,0.007865195684557406,True,-0.9278279879590976,12.222947024457806,15.795349558081359,-6.673840340159597e-05,-0.04388299087723013,47.0,-0.47333284290166167,2.9316428852824874,False,,0.4,-0.0281373895911156,-0.7083976451740474,-0.7736230901078929,True,mixed signal
TMT,ITV.L,RMV.L,ITV PLC ORD 10P,RIGHTMOVE PLC ORD 0.1P,-3.792591027017833,0.002984034639134765,0.05,0.007865195684557406,True,-0.06091632913620395,4.745437093624271,12.469410409625805,-4.9884214343952186e-05,-0.055587807104726286,37.0,-1.904344111739729,4.211739309969164,False,,0.4,-0.02166016812438087,-0.7310350843078091,-1.2567505097815643,False,mixed signal
TMT,INF.L,ITV.L,INFORMA PLC ORD 0.1P,ITV PLC ORD 10P,-3.5047793334083814,0.007865195684557406,0.05,0.007865195684557406,True,3.6030007168635256,-8.96451432867523,14.53192489775375,0.0001302643996154963,-0.04769823581094115,44.0,1.728087200366121,3.955761775227843,False,,0.4,0.06841799316213766,0.4355939160525182,0.6057594446474974,False,mixed signal
TMT,AUTO.L,REL.L,AUTOTRADER GROUP PLC ORD 1P,RELX PLC ORD 14 51/116P,-3.3501277552558277,0.012781150251700525,0.05,0.007865195684557406,False,1.2835433555787767,-3.8540695279897115,,,,,,,,,,,,,,
TMT,VOD.L,WPP.L,VODAFONE GROUP PLC ORD USD0.20 ,WPP PLC ORD 10P,-3.176969921523796,0.021357054718742146,0.05,0.007865195684557406,False,-0.40019088605904396,6.89175969859469,,,,,,,,,,,,,,
TMT,EXPN.L,RMV.L,EXPERIAN PLC ORD USD0.10,RIGHTMOVE PLC ORD 0.1P,-3.0618086587652162,0.029511679335115112,0.05,0.007865195684557406,False,0.6840061419515864,3.7624761470607755,,,,,,,,,,,,,,
TMT,BT-A.L,WPP.L,BT GROUP PLC ORD 5P,WPP PLC ORD 10P,-2.8579099837056297,0.05046599029987804,0.05,0.007865195684557406,False,-0.32982930089742907,7.187621604320132,,,,,,,,,,,,,,
TMT,REL.L,RMV.L,RELX PLC ORD 14 51/116P,RIGHTMOVE PLC ORD 0.1P,-2.7885522744007036,0.05992769208435992,0.05,0.007865195684557406,False,0.8387655522795446,2.7485769109649034,,,,,,,,,,,,,,
TMT,EXPN.L,REL.L,EXPERIAN PLC ORD USD0.10,RELX PLC ORD 14 51/116P,-2.782815655764232,0.0607706652584687,0.05,0.007865195684557406,False,0.826913132530426,1.4283520460511827,,,,,,,,,,,,,,
TMT,EXPN.L,VOD.L,EXPERIAN PLC ORD USD0.10,VODAFONE GROUP PLC ORD USD0.20 ,-2.6010172900491497,0.09278719650213563,0.05,0.007865195684557406,False,-0.7428643306812308,11.42776610884401,,,,,,,,,,,,,,
TMT,AUTO.L,RMV.L,AUTOTRADER GROUP PLC ORD 1P,RIGHTMOVE PLC ORD 0.1P,-2.600862055045819,0.09281922905461615,0.05,0.007865195684557406,False,1.0904410326015848,-0.4147528593484724,,,,,,,,,,,,,,
TMT,INF.L,WPP.L,INFORMA PLC ORD 0.1P,WPP PLC ORD 10P,-2.5207308481678674,0.11051141643766454,0.05,0.007865195684557406,False,-0.028735019922358104,6.906059443217634,,,,,,,,,,,,,,
TMT,AAF.L,INF.L,AIRTEL AFRICA PLC ORD USD0.50,INFORMA PLC ORD 0.1P,-2.462620659018812,0.1248359804532741,0.05,0.007865195684557406,False,34.20637058940406,-224.9151825267864,,,,,,,,,,,,,,
TMT,RMV.L,VOD.L,RIGHTMOVE PLC ORD 0.1P,VODAFONE GROUP PLC ORD USD0.20 ,-2.442541537766448,0.1300874878183827,0.05,0.007865195684557406,False,-1.1308499289296925,11.4048342868021,,,,,,,,,,,,,,
TMT,INF.L,VOD.L,INFORMA PLC ORD 0.1P,VODAFONE GROUP PLC ORD USD0.20 ,-2.4374525744736113,0.1314434446783136,0.05,0.007865195684557406,False,0.06485184255005577,6.441988370301257,,,,,,,,,,,,,,
TMT,INF.L,REL.L,INFORMA PLC ORD 0.1P,RELX PLC ORD 14 51/116P,-2.4338206337708415,0.13241738374718431,0.05,0.007865195684557406,False,-0.015907508939182302,6.85822644743424,,,,,,,,,,,,,,
TMT,BT-A.L,INF.L,BT GROUP PLC ORD 5P,INFORMA PLC ORD 0.1P,-2.407850309572121,0.13953296490364275,0.05,0.007865195684557406,False,25.52922977834822,-166.6329070112986,,,,,,,,,,,,,,
TMT,REL.L,SGE.L,RELX PLC ORD 14 51/116P,THE SAGE GROUP PLC ORD 1 4/77P,-2.380453234236569,0.1473295069157704,0.05,0.007865195684557406,False,1.206109878371704,-0.3080765009258002,,,,,,,,,,,,,,
TMT,INF.L,RMV.L,INFORMA PLC ORD 0.1P,RIGHTMOVE PLC ORD 0.1P,-2.3697741268696606,0.15044976752446876,0.05,0.007865195684557406,False,0.01744640405523655,6.617527070785242,,,,,,,,,,,,,,
TMT,SGE.L,VOD.L,THE SAGE GROUP PLC ORD 1 4/77P,VODAFONE GROUP PLC ORD USD0.20 ,-2.3682395814827166,0.1509018958687256,0.05,0.007865195684557406,False,-0.7433686024090715,10.274918692566434,,,,,,,,,,,,,,
TMT,AAF.L,BT-A.L,AIRTEL AFRICA PLC ORD USD0.50,BT GROUP PLC ORD 5P,-2.349459113405501,0.15651196988025295,0.05,0.007865195684557406,False,3.2455238725723965,-11.472530861300424,,,,,,,,,,,,,,
TMT,AUTO.L,INF.L,AUTOTRADER GROUP PLC ORD 1P,INFORMA PLC ORD 0.1P,-2.3473642960192094,0.15714653893378522,0.05,0.007865195684557406,False,34.22169139025621,-223.7211715917258,,,,,,,,,,,,,,
TMT,AUTO.L,VOD.L,AUTOTRADER GROUP PLC ORD 1P,VODAFONE GROUP PLC ORD USD0.20 ,-2.2981807523766684,0.17255538643533014,0.05,0.007865195684557406,False,-1.2054068115643841,11.89881384306327,,,,,,,,,,,,,,
TMT,INF.L,SGE.L,INFORMA PLC ORD 0.1P,THE SAGE GROUP PLC ORD 1 4/77P,-2.286948535339316,0.17621188555374984,0.05,0.007865195684557406,False,0.05577401581323554,6.33965015904407,,,,,,,,,,,,,,
TMT,RMV.L,SGE.L,RIGHTMOVE PLC ORD 0.1P,THE SAGE GROUP PLC ORD 1 4/77P,-2.2713724672854827,0.18136718450921208,0.05,0.007865195684557406,False,1.4724453848098655,-3.885065700260176,,,,,,,,,,,,,,
TMT,EXPN.L,INF.L,EXPERIAN PLC ORD USD0.10,INFORMA PLC ORD 0.1P,-2.1846261108100604,0.21187253233744746,0.05,0.007865195684557406,False,8.707338930124717,-50.45444474194224,,,,,,,,,,,,,,
TMT,AAF.L,VOD.L,AIRTEL AFRICA PLC ORD USD0.50,VODAFONE GROUP PLC ORD USD0.20 ,-2.1798225708424006,0.21365002742982098,0.05,0.007865195684557406,False,2.634890248757311,-6.402533732789721,,,,,,,,,,,,,,
TMT,EXPN.L,SGE.L,EXPERIAN PLC ORD USD0.10,THE SAGE GROUP PLC ORD 1 4/77P,-1.99069064368978,0.29066978593524384,0.05,0.007865195684557406,False,0.9845292230624091,1.2631188402033349,,,,,,,,,,,,,,
TMT,REL.L,WPP.L,RELX PLC ORD 14 51/116P,WPP PLC ORD 10P,-1.9503335964918531,0.30876532184234134,0.05,0.007865195684557406,False,0.3289171813844631,6.089575199660057,,,,,,,,,,,,,,
TMT,AUTO.L,BT-A.L,AUTOTRADER GROUP PLC ORD 1P,BT GROUP PLC ORD 5P,-1.9049014131704458,0.32975885612778066,0.05,0.007865195684557406,False,-1.6192115509919087,14.911591682705302,,,,,,,,,,,,,,
TMT,BT-A.L,RMV.L,BT GROUP PLC ORD 5P,RIGHTMOVE PLC ORD 0.1P,-1.8821398382625794,0.3405091731116153,0.05,0.007865195684557406,False,-0.4742250486343128,8.190817638237995,,,,,,,,,,,,,,
TMT,BT-A.L,REL.L,BT GROUP PLC ORD 5P,RELX PLC ORD 14 51/116P,-1.8427980057548543,0.359430066503281,0.05,0.007865195684557406,False,-0.8728191837721139,12.239550878585556,,,,,,,,,,,,,,
TMT,BT-A.L,EXPN.L,BT GROUP PLC ORD 5P,EXPERIAN PLC ORD USD0.10,-1.7586413434336114,0.40117968895124667,0.05,0.007865195684557406,False,-1.1916228918431122,14.854909208231938,,,,,,,,,,,,,,
TMT,AAF.L,EXPN.L,AIRTEL AFRICA PLC ORD USD0.50,EXPERIAN PLC ORD USD0.10,-1.7561348597004975,0.40244652976735645,0.05,0.007865195684557406,False,-4.1938193001179025,39.39565789433123,,,,,,,,,,,,,,
TMT,AUTO.L,SGE.L,AUTOTRADER GROUP PLC ORD 1P,THE SAGE GROUP PLC ORD 1 4/77P,-1.7541755536590273,0.403437657336052,0.05,0.007865195684557406,False,1.6656026976168332,-5.0701067945629195,,,,,,,,,,,,,,
TMT,BT-A.L,SGE.L,BT GROUP PLC ORD 5P,THE SAGE GROUP PLC ORD 1 4/77P,-1.6697425135569273,0.4467655740102692,0.05,0.007865195684557406,False,-1.209616993564803,13.604149103423765,,,,,,,,,,,,,,
TMT,AAF.L,AUTO.L,AIRTEL AFRICA PLC ORD USD0.50,AUTOTRADER GROUP PLC ORD 1P,-1.6638413428745833,0.4498321353340089,0.05,0.007865195684557406,False,-2.39051028585964,20.949587832204905,,,,,,,,,,,,,,
TMT,AAF.L,RMV.L,AIRTEL AFRICA PLC ORD USD0.50,RIGHTMOVE PLC ORD 0.1P,-1.6004471438186665,0.48336884994602025,0.05,0.007865195684557406,False,-3.5232613068220133,27.8047896199974,,,,,,,,,,,,,,
TMT,AAF.L,REL.L,AIRTEL AFRICA PLC ORD USD0.50,RELX PLC ORD 14 51/116P,-1.5590845032179965,0.5041073014327805,0.05,0.007865195684557406,False,-3.274006634775323,31.83183034332177,,,,,,,,,,,,,,
TMT,AUTO.L,WPP.L,AUTOTRADER GROUP PLC ORD 1P,WPP PLC ORD 10P,-1.5553962043861713,0.5059516252657779,0.05,0.007865195684557406,False,0.4333142588882891,3.893609008206647,,,,,,,,,,,,,,
TMT,BT-A.L,VOD.L,BT GROUP PLC ORD 5P,VODAFONE GROUP PLC ORD USD0.20 ,-1.5252396311260488,0.520990768220798,0.05,0.007865195684557406,False,0.8344729196057727,1.4619957867113698,,,,,,,,,,,,,,
TMT,RMV.L,WPP.L,RIGHTMOVE PLC ORD 0.1P,WPP PLC ORD 10P,-1.5184832171692302,0.5243489492643227,0.05,0.007865195684557406,False,0.2976915270132775,4.564764354421899,,,,,,,,,,,,,,
TMT,EXPN.L,WPP.L,EXPERIAN PLC ORD USD0.10,WPP PLC ORD 10P,-1.504911206646244,0.5310804512847723,0.05,0.007865195684557406,False,0.25417238197176073,6.573577102797675,,,,,,,,,,,,,,
TMT,SGE.L,WPP.L,THE SAGE GROUP PLC ORD 1 4/77P,WPP PLC ORD 10P,-1.3403669931450073,0.6105080966927057,0.05,0.007865195684557406,False,0.2237456959298099,5.605829335935304,,,,,,,,,,,,,,
TMT,AAF.L,SGE.L,AIRTEL AFRICA PLC ORD USD0.50,THE SAGE GROUP PLC ORD 1 4/77P,-1.2777747012556835,0.6392780918167622,0.05,0.007865195684557406,False,-5.127750122693301,41.07347031471264,,,,,,,,,,,,,,
UK_HOUSEBUILDERS,BWY.L,TW.L,BELLWAY PLC ORD 12.5P,TAYLOR WIMPEY PLC ORD 1P,-2.249337697827949,0.18882818995244866,0.05,,False,0.6458496278843772,4.774752164839816,,,,,,,,,,,,,,
UK_HOUSEBUILDERS,PSN.L,TW.L,PERSIMMON PLC ORD 10P,TAYLOR WIMPEY PLC ORD 1P,-2.220017375384899,0.1990606819794759,0.05,,False,0.6127354825434099,4.255683023374335,,,,,,,,,,,,,,
UK_HOUSEBUILDERS,BWY.L,PSN.L,BELLWAY PLC ORD 12.5P,PERSIMMON PLC ORD 10P,-1.4303418695876735,0.5676465381118853,0.05,,False,1.0706773528210562,0.1700661681443325,,,,,,,,,,,,,,
US_AIRLINES,DAL,LUV,"Delta Air Lines, Inc.",Southwest Airlines Company,-3.0972104323990304,0.026760318921063894,0.05,,False,1.1029488103693057,0.18220641619904088,,,,,,,,,,,,,,
US_AIRLINES,JBLU,UAL,JetBlue Airways Corporation,"United Airlines Holdings, Inc.",-2.635126945596912,0.08595236535833212,0.05,,False,-0.020232098785523414,1.7545469372831843,,,,,,,,,,,,,,
US_AIRLINES,JBLU,LUV,JetBlue Airways Corporation,Southwest Airlines Company,-2.445744595886589,0.12923922647642772,0.05,,False,-0.9641566648358917,5.030764282834077,,,,,,,,,,,,,,
US_AIRLINES,ALK,JBLU,"Alaska Air Group, Inc.",JetBlue Airways Corporation,-2.4231026601494223,0.13532173321220792,0.05,,False,1.1326769202650386,1.9965694997653431,,,,,,,,,,,,,,
US_AIRLINES,AAL,JBLU,"American Airlines Group, Inc.",JetBlue Airways Corporation,-2.322860901436639,0.16470083901843763,0.05,,False,0.8475795448084729,1.125128438415315,,,,,,,,,,,,,,
US_AIRLINES,DAL,JBLU,"Delta Air Lines, Inc.",JetBlue Airways Corporation,-2.17716137748245,0.21463872173914322,0.05,,False,1.778813682657724,1.0708047204236864,,,,,,,,,,,,,,
US_AIRLINES,AAL,UAL,"American Airlines Group, Inc.","United Airlines Holdings, Inc.",-1.951914404450355,0.30804647211417513,0.05,,False,0.4650361602642313,0.47769195348961,,,,,,,,,,,,,,
US_AIRLINES,LUV,UAL,Southwest Airlines Company,"United Airlines Holdings, Inc.",-1.6819453291435424,0.4404379692329711,0.05,,False,0.5217580287419405,1.1811669542987318,,,,,,,,,,,,,,
US_AIRLINES,AAL,DAL,"American Airlines Group, Inc.","Delta Air Lines, Inc.",-1.6597242050517538,0.45197403043950835,0.05,,False,0.7936647831868126,-0.6641184713166757,,,,,,,,,,,,,,
US_AIRLINES,AAL,ALK,"American Airlines Group, Inc.","Alaska Air Group, Inc.",-1.5757048918142875,0.49578519016088235,0.05,,False,0.811226304244285,-0.6132175020931223,,,,,,,,,,,,,,
US_AIRLINES,AAL,LUV,"American Airlines Group, Inc.",Southwest Airlines Company,-1.557599798684022,0.5048498398010475,0.05,,False,0.8053072548881305,-0.2749194140350095,,,,,,,,,,,,,,
US_AIRLINES,DAL,UAL,"Delta Air Lines, Inc.","United Airlines Holdings, Inc.",-1.418780872404739,0.5732399530619967,0.05,,False,0.6373457159964029,1.2110696835633625,,,,,,,,,,,,,,
US_AIRLINES,ALK,UAL,"Alaska Air Group, Inc.","United Airlines Holdings, Inc.",-1.4095928311711623,0.5776686522422649,0.05,,False,0.5039834158550754,1.651401837380381,,,,,,,,,,,,,,
US_AIRLINES,ALK,LUV,"Alaska Air Group, Inc.",Southwest Airlines Company,-0.6720767949160186,0.8538503214807958,0.05,,False,1.58578644073039,-1.6533767554526406,,,,,,,,,,,,,,
US_AIRLINES,ALK,DAL,"Alaska Air Group, Inc.","Delta Air Lines, Inc.",-0.31420881983396676,0.9234676912866495,0.05,,False,0.9244968442637853,0.15442466428437118,,,,,,,,,,,,,,
US_ASSET_MANAGERS,BX,KKR,Blackstone Inc.,KKR & Co. Inc.,-3.601498774034983,0.005732438970202317,0.05,,False,0.88306238622871,0.7082336906450797,,,,,,,,,,,,,,
US_ASSET_MANAGERS,APO,BEN,"Apollo Global Management, Inc. ","Franklin Templeton, Inc.",-2.540068158063418,0.10602711994283914,0.05,,False,-0.2026163612287827,5.502695116680598,,,,,,,,,,,,,,
US_ASSET_MANAGERS,BEN,KKR,"Franklin Templeton, Inc.",KKR & Co. Inc.,-2.5046467829432792,0.11434780225383256,0.05,,False,-1.06142667742677,8.165266142049243,,,,,,,,,,,,,,
US_ASSET_MANAGERS,BEN,BX,"Franklin Templeton, Inc.",Blackstone Inc.,-2.479574125666191,0.12052358661800067,0.05,,False,-1.6582638224908457,11.272579031524515,,,,,,,,,,,,,,
US_ASSET_MANAGERS,BLK,TROW,"BlackRock, Inc.","T. Rowe Price Group, Inc.",-2.44677312180528,0.1289676935035674,0.05,,False,2.687911373682259,-5.40422850091567,,,,,,,,,,,,,,
US_ASSET_MANAGERS,BLK,KKR,"BlackRock, Inc.",KKR & Co. Inc.,-2.2494569806956446,0.18878727108739418,0.05,,False,0.259352538093758,5.641193161282775,,,,,,,,,,,,,,
US_ASSET_MANAGERS,BEN,TROW,"Franklin Templeton, Inc.","T. Rowe Price Group, Inc.",-2.1979345767971132,0.2069959402209668,0.05,,False,7.616675508552087,-31.751206103582273,,,,,,,,,,,,,,
US_ASSET_MANAGERS,APO,TROW,"Apollo Global Management, Inc. ","T. Rowe Price Group, Inc.",-2.104732752362154,0.2426158015870275,0.05,,False,2.558463041358238,-6.817749422029746,,,,,,,,,,,,,,
US_ASSET_MANAGERS,BEN,BLK,"Franklin Templeton, Inc.","BlackRock, Inc.",-2.102283151378038,0.24359752650655797,0.05,,False,2.0648577999246354,-11.143774061628806,,,,,,,,,,,,,,
US_ASSET_MANAGERS,APO,BLK,"Apollo Global Management, Inc. ","BlackRock, Inc.",-2.017532117929972,0.27893917571104626,0.05,,False,1.6490513095945558,-6.4743181022075875,,,,,,,,,,,,,,
US_ASSET_MANAGERS,APO,BX,"Apollo Global Management, Inc. ",Blackstone Inc.,-1.9662451345296852,0.30156665710972846,0.05,,False,0.8834690886305011,0.5117415986945923,,,,,,,,,,,,,,
US_ASSET_MANAGERS,BX,TROW,Blackstone Inc.,"T. Rowe Price Group, Inc.",-1.8483492929492,0.3567353013267805,0.05,,False,2.840270488136215,-8.041785920212117,,,,,,,,,,,,,,
US_ASSET_MANAGERS,BLK,BX,"BlackRock, Inc.",Blackstone Inc.,-1.5949044352312578,0.4861526675785901,0.05,,False,0.5149444149092648,4.339251900630963,,,,,,,,,,,,,,
US_ASSET_MANAGERS,KKR,TROW,KKR & Co. Inc.,"T. Rowe Price Group, Inc.",-1.3027122804418472,0.6279305303072434,0.05,,False,3.418457568630311,-10.832620820747199,,,,,,,,,,,,,,
US_ASSET_MANAGERS,APO,KKR,"Apollo Global Management, Inc. ",KKR & Co. Inc.,-1.238822297198418,0.6566764622540724,0.05,,False,0.7576289995960143,1.2455200941713565,,,,,,,,,,,,,,
US_BANKS,KEY,USB,KeyCorp,U.S. Bancorp,-3.7264989014954653,0.0037554916409671783,0.05,,False,1.1968453284364746,-1.7442440544875732,,,,,,,,,,,,,,
US_BANKS,KEY,PNC,KeyCorp,"PNC Financial Services Group, I",-3.6962532016859897,0.004166165941302535,0.05,,False,1.2559474239390336,-3.725697705264485,,,,,,,,,,,,,,
US_BANKS,FITB,USB,Fifth Third Bancorp,U.S. Bancorp,-3.588479586560697,0.005985131517139285,0.05,,False,0.941816188998621,0.1339066399233495,,,,,,,,,,,,,,
US_BANKS,COF,WFC,Capital One Financial Corporati,Wells Fargo & Company,-3.4930493318830824,0.008167406616481776,0.05,,False,1.0207049777516701,0.8470518009838273,,,,,,,,,,,,,,
US_BANKS,CFG,TFC,"Citizens Financial Group, Inc.",Truist Financial Corporation,-3.460427600155607,0.009063496016682396,0.05,,False,1.934954262772828,-3.4028223502558252,,,,,,,,,,,,,,
US_BANKS,PNC,USB,"PNC Financial Services Group, I",U.S. Bancorp,-3.439387631803971,0.009687228839247481,0.05,,False,0.9526680422541444,1.5787053640487998,,,,,,,,,,,,,,
US_BANKS,CFG,KEY,"Citizens Financial Group, Inc.",KeyCorp,-3.367686212929985,0.01211102550858746,0.05,,False,1.3621075216693708,-0.019324454338527364,,,,,,,,,,,,,,
US_BANKS,TFC,USB,Truist Financial Corporation,U.S. Bancorp,-3.3665460165126175,0.012153575193640525,0.05,,False,0.8507840769738488,0.48913734512071505,,,,,,,,,,,,,,
US_BANKS,HBAN,WFC,Huntington Bancshares Incorpora,Wells Fargo & Company,-3.3528331001336773,0.012675803998379174,0.05,,False,0.5855834549089214,0.21102925940160233,,,,,,,,,,,,,,
US_BANKS,KEY,TFC,KeyCorp,Truist Financial Corporation,-3.2668583157748587,0.01642648530189129,0.05,,False,1.4106023786391577,-2.446741694792736,,,,,,,,,,,,,,
US_BANKS,KEY,RF,KeyCorp,Regions Financial Corporation,-3.249836866439953,0.01727518635223113,0.05,,False,1.1308948010147304,-0.723804130285588,,,,,,,,,,,,,,
US_BANKS,BAC,HBAN,Bank of America Corporation,Huntington Bancshares Incorpora,-3.218268611137479,0.018951275993530095,0.05,,False,1.314940068094391,0.23634690470342967,,,,,,,,,,,,,,
US_BANKS,FHN,HBAN,First Horizon Corporation,Huntington Bancshares Incorpora,-3.211922518687594,0.01930484655869668,0.05,,False,1.7601684065734065,-1.8050776032527187,,,,,,,,,,,,,,
US_BANKS,C,HBAN,"Citigroup, Inc.",Huntington Bancshares Incorpora,-3.2033062895422444,0.019794094092576084,0.05,,False,3.4302726869473674,-4.903121390590747,,,,,,,,,,,,,,
US_BANKS,FITB,PNC,Fifth Third Bancorp,"PNC Financial Services Group, I",-3.183327724666136,0.020970246940501577,0.05,,False,0.9886130737393002,-1.426837012832792,,,,,,,,,,,,,,
US_BANKS,C,TFC,"Citigroup, Inc.",Truist Financial Corporation,-3.1288889217339833,0.024487843043863446,0.05,,False,2.8808728225897617,-6.359434586957094,,,,,,,,,,,,,,
US_BANKS,C,PNFP,"Citigroup, Inc.","Pinnacle Financial Partners, In",-3.12039925246997,0.02507992430245995,0.05,,False,-14.449341266929935,70.5929010565696,,,,,,,,,,,,,,
US_BANKS,RF,TFC,Regions Financial Corporation,Truist Financial Corporation,-3.1112854124935296,0.025729212159575677,0.05,,False,1.2437723677171375,-1.5101872452209348,,,,,,,,,,,,,,
US_BANKS,PNC,ZION,"PNC Financial Services Group, I",Zions Bancorporation N.A.,-3.1007172679886663,0.026500152958282543,0.05,,False,0.9504575914865026,1.4748033309761084,,,,,,,,,,,,,,
US_BANKS,C,FHN,"Citigroup, Inc.",First Horizon Corporation,-3.0885393547873186,0.027413035341516675,0.05,,False,1.6933283590510213,-0.6234685659511454,,,,,,,,,,,,,,
US_BANKS,C,MTB,"Citigroup, Inc.",M&T Bank Corporation,-3.0659723997828725,0.029176030745092462,0.05,,False,2.7301520676703497,-9.821673910927672,,,,,,,,,,,,,,
US_BANKS,C,ZION,"Citigroup, Inc.",Zions Bancorporation N.A.,-3.0551072571373363,0.030058811671049703,0.05,,False,2.465512168505657,-5.297262885490123,,,,,,,,,,,,,,
US_BANKS,CFG,PNFP,"Citizens Financial Group, Inc.","Pinnacle Financial Partners, In",-3.042301415688878,0.03112840384609765,0.05,,False,-20.960341513347732,99.82380585342621,,,,,,,,,,,,,,
US_BANKS,FITB,KEY,Fifth Third Bancorp,KeyCorp,-3.0279970481950627,0.03236126487138622,0.05,,False,0.7849842525704912,1.5119529162649759,,,,,,,,,,,,,,
US_BANKS,FHN,WFC,First Horizon Corporation,Wells Fargo & Company,-2.9558132821276537,0.03923203416403871,0.05,,False,1.0460617029488295,-1.4993278562872225,,,,,,,,,,,,,,
US_BANKS,HBAN,JPM,Huntington Bancshares Incorpora,JP Morgan Chase & Co.,-2.9322592737753577,0.04172323589799661,0.05,,False,0.5722022073194009,-0.464430141949963,,,,,,,,,,,,,,
US_BANKS,JPM,PNFP,JP Morgan Chase & Co.,"Pinnacle Financial Partners, In",-2.8974899231260616,0.04564066482818137,0.05,,False,-379.89327721619117,1745.1924720631373,,,,,,,,,,,,,,
US_BANKS,BAC,RF,Bank of America Corporation,Regions Financial Corporation,-2.867716309647214,0.049233010243531924,0.05,,False,0.9616099000403274,0.7870535153709848,,,,,,,,,,,,,,
US_BANKS,BAC,PNFP,Bank of America Corporation,"Pinnacle Financial Partners, In",-2.851792453436937,0.051247937498693455,0.05,,False,45.30233424910012,-203.63852536773769,,,,,,,,,,,,,,
US_BANKS,BAC,TFC,Bank of America Corporation,Truist Financial Corporation,-2.8410773217932377,0.0526414943405921,0.05,,False,1.2178475114196983,-0.7468588337022388,,,,,,,,,,,,,,
US_BANKS,C,RF,"Citigroup, Inc.",Regions Financial Corporation,-2.7891266309844083,0.059843816039228726,0.05,,False,2.245190073244205,-2.637955964535516,,,,,,,,,,,,,,
US_BANKS,C,KEY,"Citigroup, Inc.",KeyCorp,-2.770524583895539,0.062609031917808,0.05,,False,1.9455435863785686,-1.0882352960789818,,,,,,,,,,,,,,
US_BANKS,USB,ZION,U.S. Bancorp,Zions Bancorporation N.A.,-2.752228188096448,0.06542827429737504,0.05,,False,0.9980062481825647,-0.11035192470865063,,,,,,,,,,,,,,
US_BANKS,COF,HBAN,Capital One Financial Corporati,Huntington Bancshares Incorpora,-2.7416771773448283,0.06709976184291215,0.05,,False,1.7417479253295818,0.4827743192838909,,,,,,,,,,,,,,
US_BANKS,CFG,RF,"Citizens Financial Group, Inc.",Regions Financial Corporation,-2.714966263035691,0.07148406454975448,0.05,,False,1.551219455395987,-1.039261854487307,,,,,,,,,,,,,,
US_BANKS,BAC,JPM,Bank of America Corporation,JP Morgan Chase & Co.,-2.6985860480746613,0.0742832642330931,0.05,,False,0.780165574460199,-0.5287861122847128,,,,,,,,,,,,,,
US_BANKS,COF,PNFP,Capital One Financial Corporati,"Pinnacle Financial Partners, In",-2.6563598463201314,0.0818990981693748,0.05,,False,3.519599879084906,-10.897592919055537,,,,,,,,,,,,,,
US_BANKS,BAC,C,Bank of America Corporation,"Citigroup, Inc.",-2.642371346934312,0.08455230025333005,0.05,,False,0.44595095811807495,1.8387566521247152,,,,,,,,,,,,,,
US_BANKS,BAC,FHN,Bank of America Corporation,First Horizon Corporation,-2.641247943646703,0.08476824234429459,0.05,,False,0.7445029620961051,1.5924418962628648,,,,,,,,,,,,,,
US_BANKS,MTB,ZION,M&T Bank Corporation,Zions Bancorporation N.A.,-2.6317304132488895,0.08661494602474834,0.05,,False,0.9268679927726771,1.5633427075325397,,,,,,,,,,,,,,
US_BANKS,KEY,MTB,KeyCorp,M&T Bank Corporation,-2.615929000975474,0.08974955418962116,0.05,,False,1.2969880917627616,-3.9342324986560837,,,,,,,,,,,,,,
US_BANKS,CFG,HBAN,"Citizens Financial Group, Inc.",Huntington Bancshares Incorpora,-2.6023414369993776,0.09251430502708713,0.05,,False,2.318743186398696,-2.4648804249485035,,,,,,,,,,,,,,
US_BANKS,BAC,ZION,Bank of America Corporation,Zions Bancorporation N.A.,-2.594614335864232,0.0941154914680879,0.05,,False,1.0203003737411331,-0.21124232089350814,,,,,,,,,,,,,,
US_BANKS,CFG,ZION,"Citizens Financial Group, Inc.",Zions Bancorporation N.A.,-2.5926054283015456,0.09453522644871021,0.05,,False,1.6730950104714626,-2.7569231224660764,,,,,,,,,,,,,,
US_BANKS,PNC,RF,"PNC Financial Services Group, I",Regions Financial Corporation,-2.565270969510767,0.10038956327520426,0.05,,False,0.9003213973818112,2.3904895491069804,,,,,,,,,,,,,,
US_BANKS,CFG,USB,"Citizens Financial Group, Inc.",U.S. Bancorp,-2.5590914071904574,0.10175038433920752,0.05,,False,1.6445630085029233,-2.449993695829813,,,,,,,,,,,,,,
US_BANKS,JPM,WFC,JP Morgan Chase & Co.,Wells Fargo & Company,-2.551828714658163,0.10336750342326878,0.05,,False,1.0017519879514976,1.2731295803793499,,,,,,,,,,,,,,
US_BANKS,PNFP,RF,"Pinnacle Financial Partners, In",Regions Financial Corporation,-2.5445573770510728,0.10500589263542826,0.05,,False,0.28793967779209834,3.673360879347012,,,,,,,,,,,,,,
US_BANKS,BAC,CFG,Bank of America Corporation,"Citizens Financial Group, Inc.",-2.5390857807231626,0.10625158702782761,0.05,,False,0.6103875066521611,1.4678582392868238,,,,,,,,,,,,,,
US_BANKS,C,PNC,"Citigroup, Inc.","PNC Financial Services Group, I",-2.538597765754544,0.10636322795838599,0.05,,False,2.587421016895437,-9.088441336429188,,,,,,,,,,,,,,
US_BANKS,PNC,TFC,"PNC Financial Services Group, I",Truist Financial Corporation,-2.4972208034863246,0.11615199852713337,0.05,,False,1.1180446053710087,1.0373881466377126,,,,,,,,,,,,,,
US_BANKS,C,CFG,"Citigroup, Inc.","Citizens Financial Group, Inc.",-2.484859732411222,0.11920170835552468,0.05,,False,1.3807690947889453,-0.8779361400555361,,,,,,,,,,,,,,
US_BANKS,RF,USB,Regions Financial Corporation,U.S. Bancorp,-2.4847323481052666,0.11923344008580333,0.05,,False,1.058894535293636,-0.9045384901498417,,,,,,,,,,,,,,
US_BANKS,HBAN,MTB,Huntington Bancshares Incorpora,M&T Bank Corporation,-2.4806160203682897,0.12026217161231906,0.05,,False,0.8529389672118354,-1.731528509733388,,,,,,,,,,,,,,
US_BANKS,FHN,JPM,First Horizon Corporation,JP Morgan Chase & Co.,-2.4724070555676536,0.12233313132684559,0.05,,False,1.043582889741957,-2.82515762354594,,,,,,,,,,,,,,
US_BANKS,PNFP,WFC,"Pinnacle Financial Partners, In",Wells Fargo & Company,-2.454741851661321,0.12687790908401325,0.05,,False,0.20162252884686957,3.7155433699262046,,,,,,,,,,,,,,
US_BANKS,C,FITB,"Citigroup, Inc.",Fifth Third Bancorp,-2.450670323712987,0.12794256879984955,0.05,,False,2.693164581801878,-5.6378608978477365,,,,,,,,,,,,,,
US_BANKS,KEY,PNFP,KeyCorp,"Pinnacle Financial Partners, In",-2.4457440940456103,0.12923935906429962,0.05,,False,6.623915310812667,-27.498464316456293,,,,,,,,,,,,,,
US_BANKS,CFG,FITB,"Citizens Financial Group, Inc.",Fifth Third Bancorp,-2.4424606406487004,0.13010896361131452,0.05,,False,1.7662519052744332,-2.758888758867451,,,,,,,,,,,,,,
US_BANKS,HBAN,RF,Huntington Bancshares Incorpora,Regions Financial Corporation,-2.4153154026081523,0.13746032551600745,0.05,,False,0.7386774533243439,0.39558319761249994,,,,,,,,,,,,,,
US_BANKS,CFG,PNC,"Citizens Financial Group, Inc.","PNC Financial Services Group, I",-2.3970732031634516,0.1425641800522673,0.05,,False,1.7380865292992473,-5.236980416180485,,,,,,,,,,,,,,
US_BANKS,MTB,USB,M&T Bank Corporation,U.S. Bancorp,-2.3593054102986972,0.1535529946247075,0.05,,False,0.9278386433137834,1.6691988018151456,,,,,,,,,,,,,,
US_BANKS,KEY,ZION,KeyCorp,Zions Bancorporation N.A.,-2.341421161723258,0.15895649246143478,0.05,,False,1.20050366366925,-1.9001554152459081,,,,,,,,,,,,,,
US_BANKS,BAC,MTB,Bank of America Corporation,M&T Bank Corporation,-2.340776717921662,0.1591536118837384,0.05,,False,1.113259753766621,-1.997175372109187,,,,,,,,,,,,,,
US_BANKS,MTB,PNC,M&T Bank Corporation,"PNC Financial Services Group, I",-2.3160365559458724,0.166848013879196,0.05,,False,0.9762047349591492,0.11979478465261906,,,,,,,,,,,,,,
US_BANKS,C,USB,"Citigroup, Inc.",U.S. Bancorp,-2.312284560561543,0.1680365612485808,0.05,,False,2.435079038570056,-4.889385785225731,,,,,,,,,,,,,,
US_BANKS,FHN,PNFP,First Horizon Corporation,"Pinnacle Financial Partners, In",-2.2916727910596566,0.17466772907592398,0.05,,False,5.037586176636225,-20.086595081008426,,,,,,,,,,,,,,
US_BANKS,CFG,MTB,"Citizens Financial Group, Inc.",M&T Bank Corporation,-2.2913138523376997,0.17478473283518192,0.05,,False,1.8315855778653516,-5.717106582200985,,,,,,,,,,,,,,
US_BANKS,FITB,RF,Fifth Third Bancorp,Regions Financial Corporation,-2.2862568274023896,0.17643873528806514,0.05,,False,0.8886090869905536,0.9410268600078249,,,,,,,,,,,,,,
US_BANKS,FITB,ZION,Fifth Third Bancorp,Zions Bancorporation N.A.,-2.2404849556991286,0.19188110847966716,0.05,,False,0.93789929803168,0.03801694108399989,,,,,,,,,,,,,,
US_BANKS,HBAN,KEY,Huntington Bancshares Incorpora,KeyCorp,-2.238988092632037,0.19240044274793533,0.05,,False,0.6340779789748172,0.9224938970500556,,,,,,,,,,,,,,
US_BANKS,JPM,TFC,JP Morgan Chase & Co.,Truist Financial Corporation,-2.2053754473187666,0.20430026770607262,0.05,,False,1.6614477599483028,-0.6555239197339864,,,,,,,,,,,,,,
US_BANKS,RF,ZION,Regions Financial Corporation,Zions Bancorporation N.A.,-2.193112249384141,0.20875480400499763,0.05,,False,1.0573347387802585,-1.0235639386817916,,,,,,,,,,,,,,
US_BANKS,BAC,PNC,Bank of America Corporation,"PNC Financial Services Group, I",-2.179376907032334,0.21381540554293327,0.05,,False,1.0808812574986815,-1.833058599030521,,,,,,,,,,,,,,
US_BANKS,TFC,ZION,Truist Financial Corporation,Zions Bancorporation N.A.,-2.1533503378885435,0.2236098672600395,0.05,,False,0.8467908837915773,0.4043098614705336,,,,,,,,,,,,,,
US_BANKS,JPM,MTB,JP Morgan Chase & Co.,M&T Bank Corporation,-2.149063844085107,0.22524860015014775,0.05,,False,1.4996907465611653,-2.2617334547209635,,,,,,,,,,,,,,
US_BANKS,HBAN,USB,Huntington Bancshares Incorpora,U.S. Bancorp,-2.1276975335988113,0.23352409455302298,0.05,,False,0.7715643588335556,-0.23196444260711813,,,,,,,,,,,,,,
US_BANKS,FHN,TFC,First Horizon Corporation,Truist Financial Corporation,-2.122168785416783,0.23569435368353608,0.05,,False,1.6736971064357593,-3.2840251373868687,,,,,,,,,,,,,,
US_BANKS,HBAN,PNC,Huntington Bancshares Incorpora,"PNC Financial Services Group, I",-2.0644787073969844,0.2590355941034274,0.05,,False,0.8248433825163743,-1.5886130719170932,,,,,,,,,,,,,,
US_BANKS,C,JPM,"Citigroup, Inc.",JP Morgan Chase & Co.,-2.0573717769998643,0.2619972889534618,0.05,,False,1.7562490308166576,-5.346849945771612,,,,,,,,,,,,,,
US_BANKS,FITB,TFC,Fifth Third Bancorp,Truist Financial Corporation,-2.017272054742045,0.2790516293419635,0.05,,False,1.1049930376343429,-0.40006176158559237,,,,,,,,,,,,,,
US_BANKS,BAC,KEY,Bank of America Corporation,KeyCorp,-2.0163090545904456,0.27946824617700694,0.05,,False,0.8401914191635069,1.4311848233267184,,,,,,,,,,,,,,
US_BANKS,HBAN,TFC,Huntington Bancshares Incorpora,Truist Financial Corporation,-2.0109567246577087,0.28178971765642197,0.05,,False,0.9317101060352171,-0.7684895278713415,,,,,,,,,,,,,,
US_BANKS,BAC,FITB,Bank of America Corporation,Fifth Third Bancorp,-1.9952296971110532,0.2886686198678387,0.05,,False,1.0981193078685012,-0.2909462628401722,,,,,,,,,,,,,,
US_BANKS,BAC,USB,Bank of America Corporation,U.S. Bancorp,-1.9925345431958277,0.28985600482027196,0.05,,False,1.0224982822051154,-0.09903588277973929,,,,,,,,,,,,,,
US_BANKS,FITB,MTB,Fifth Third Bancorp,M&T Bank Corporation,-1.9490487090513204,0.30935019607681785,0.05,,False,1.0129302576382562,-1.5492997526665424,,,,,,,,,,,,,,
US_BANKS,FHN,MTB,First Horizon Corporation,M&T Bank Corporation,-1.9313957275019784,0.31743872173948295,0.05,,False,1.5000534056079131,-4.8462693399089645,,,,,,,,,,,,,,
US_BANKS,MTB,RF,M&T Bank Corporation,Regions Financial Corporation,-1.9158765741399189,0.3246295236728865,0.05,,False,0.8754245988901759,2.464329784273404,,,,,,,,,,,,,,
US_BANKS,JPM,RF,JP Morgan Chase & Co.,Regions Financial Corporation,-1.885829970939292,0.33875621926356536,0.05,,False,1.2640491564771899,1.5875834609339563,,,,,,,,,,,,,,
US_BANKS,TFC,WFC,Truist Financial Corporation,Wells Fargo & Company,-1.8829272267915564,0.3401348106005026,0.05,,False,0.5900278141722957,1.2161368962511827,,,,,,,,,,,,,,
US_BANKS,JPM,ZION,JP Morgan Chase & Co.,Zions Bancorporation N.A.,-1.854289526510571,0.3538606023935149,0.05,,False,1.3695534176178807,0.16349047189691035,,,,,,,,,,,,,,
US_BANKS,MTB,TFC,M&T Bank Corporation,Truist Financial Corporation,-1.800754514612331,0.38008716243912444,0.05,,False,1.0966446297265462,1.1130150720716863,,,,,,,,,,,,,,
US_BANKS,HBAN,ZION,Huntington Bancshares Incorpora,Zions Bancorporation N.A.,-1.7972980608250462,0.3818039541509394,0.05,,False,0.7846243086019463,-0.37467749352617874,,,,,,,,,,,,,,
US_BANKS,FHN,ZION,First Horizon Corporation,Zions Bancorporation N.A.,-1.7877378449795691,0.3865662820810005,0.05,,False,1.3815225933174637,-2.466354304999287,,,,,,,,,,,,,,
US_BANKS,FHN,RF,First Horizon Corporation,Regions Financial Corporation,-1.7819933695428192,0.38943741662925285,0.05,,False,1.3048060671934048,-1.12328614359802,,,,,,,,,,,,,,
US_BANKS,COF,FHN,Capital One Financial Corporati,First Horizon Corporation,-1.6812577536561337,0.4407939940910322,0.05,,False,0.973956891125172,2.315411638396172,,,,,,,,,,,,,,
US_BANKS,FITB,HBAN,Fifth Third Bancorp,Huntington Bancshares Incorpora,-1.6622603279613664,0.45065441061545497,0.05,,False,1.2108724937906499,0.4436680308481482,,,,,,,,,,,,,,
US_BANKS,PNFP,USB,"Pinnacle Financial Partners, In",U.S. Bancorp,-1.6573542753543848,0.45320783136811027,0.05,,False,0.45296858524474193,2.846482863500129,,,,,,,,,,,,,,
US_BANKS,WFC,ZION,Wells Fargo & Company,Zions Bancorporation N.A.,-1.6459556106107525,0.4591505378249606,0.05,,False,1.3793444677961044,-1.1557560978916541,,,,,,,,,,,,,,
US_BANKS,CFG,FHN,"Citizens Financial Group, Inc.",First Horizon Corporation,-1.5845665652847312,0.491341446923801,0.05,,False,1.226568424785884,0.1836906824731539,,,,,,,,,,,,,,
US_BANKS,FITB,JPM,Fifth Third Bancorp,JP Morgan Chase & Co.,-1.5330252641881577,0.5171155844742252,0.05,,False,0.6512217877017474,0.11301737062504902,,,,,,,,,,,,,,
US_BANKS,MTB,WFC,M&T Bank Corporation,Wells Fargo & Company,-1.4900906033722194,0.5384075562955107,0.05,,False,0.6662542051218953,2.364421606002973,,,,,,,,,,,,,,
US_BANKS,JPM,KEY,JP Morgan Chase & Co.,KeyCorp,-1.4885708728986027,0.539157398220518,0.05,,False,1.0963984515805874,2.457101832433174,,,,,,,,,,,,,,
US_BANKS,RF,WFC,Regions Financial Corporation,Wells Fargo & Company,-1.4798954600791234,0.5434322923778487,0.05,,False,0.7808073943339306,-0.19870192502539386,,,,,,,,,,,,,,
US_BANKS,COF,TFC,Capital One Financial Corporati,Truist Financial Corporation,-1.4741714324613857,0.5462474856457633,0.05,,False,1.862014253199165,-1.7512715824606504,,,,,,,,,,,,,,
US_BANKS,FHN,USB,First Horizon Corporation,U.S. Bancorp,-1.465947358752897,0.5502844467449772,0.05,,False,1.410850613731099,-2.4152288546973857,,,,,,,,,,,,,,
US_BANKS,JPM,PNC,JP Morgan Chase & Co.,"PNC Financial Services Group, I",-1.43890772056623,0.5634877653801191,0.05,,False,1.4689577998111694,-2.107945770499253,,,,,,,,,,,,,,
US_BANKS,FHN,PNC,First Horizon Corporation,"PNC Financial Services Group, I",-1.4197617313901445,0.5727662897125606,0.05,,False,1.4778596814609204,-4.737083742265854,,,,,,,,,,,,,,
US_BANKS,FITB,WFC,Fifth Third Bancorp,Wells Fargo & Company,-1.3946027390673497,0.5848608805463847,0.05,,False,0.6320139162823691,1.0292773630209564,,,,,,,,,,,,,,
US_BANKS,COF,JPM,Capital One Financial Corporati,JP Morgan Chase & Co.,-1.3821742702988544,0.5907915367285673,0.05,,False,1.0199252089185435,-0.45575948968651847,,,,,,,,,,,,,,
US_BANKS,C,WFC,"Citigroup, Inc.",Wells Fargo & Company,-1.3780403101777619,0.592757425236743,0.05,,False,1.8502552012168194,-3.500440331882565,,,,,,,,,,,,,,
US_BANKS,JPM,USB,JP Morgan Chase & Co.,U.S. Bancorp,-1.3113881879208515,0.6239462324529329,0.05,,False,1.3877713403328076,0.2557012097317237,,,,,,,,,,,,,,
US_BANKS,CFG,JPM,"Citizens Financial Group, Inc.",JP Morgan Chase & Co.,-1.297300450548014,0.6304064540497316,0.05,,False,1.294618885222808,-3.3627606519893942,,,,,,,,,,,,,,
US_BANKS,FHN,FITB,First Horizon Corporation,Fifth Third Bancorp,-1.2822523159250856,0.6372522843381294,0.05,,False,1.5426655483202336,-2.782684670149825,,,,,,,,,,,,,,
US_BANKS,FHN,KEY,First Horizon Corporation,KeyCorp,-1.228545170970939,0.6611973679164593,0.05,,False,1.1403512579149089,-0.25010948767520524,,,,,,,,,,,,,,
US_BANKS,FITB,PNFP,Fifth Third Bancorp,"Pinnacle Financial Partners, In",-1.2096652047935417,0.6694242265131558,0.05,,False,1.352032250019383,-2.454599327572264,,,,,,,,,,,,,,
US_BANKS,KEY,WFC,KeyCorp,Wells Fargo & Company,-1.1849061593444066,0.6800547670113057,0.05,,False,0.9071394947938579,-1.0518767281332164,,,,,,,,,,,,,,
US_BANKS,COF,MTB,Capital One Financial Corporati,M&T Bank Corporation,-1.1578655566872897,0.691453365234828,0.05,,False,1.617927751815778,-3.223642942868259,,,,,,,,,,,,,,
US_BANKS,BAC,WFC,Bank of America Corporation,Wells Fargo & Company,-1.1355570223756564,0.7006859592128393,0.05,,False,0.7757983027773343,0.48902956672575826,,,,,,,,,,,,,,
US_BANKS,PNC,PNFP,"PNC Financial Services Group, I","Pinnacle Financial Partners, In",-1.129556437684573,0.7031423990528862,0.05,,False,1.3005558165210758,-0.7325645720521266,,,,,,,,,,,,,,
US_BANKS,PNC,WFC,"PNC Financial Services Group, I",Wells Fargo & Company,-1.0309041806220893,0.7418265273156797,0.05,,False,0.6665856166220336,2.3674900656047666,,,,,,,,,,,,,,
US_BANKS,CFG,WFC,"Citizens Financial Group, Inc.",Wells Fargo & Company,-1.0162211204685814,0.7473021399216734,0.05,,False,1.3307244058377647,-1.8594956597193586,,,,,,,,,,,,,,
US_BANKS,PNFP,ZION,"Pinnacle Financial Partners, In",Zions Bancorporation N.A.,-0.9573603337388636,0.7684968734775006,0.05,,False,0.7000330361752578,1.8186162907044197,,,,,,,,,,,,,,
US_BANKS,C,COF,"Citigroup, Inc.",Capital One Financial Corporati,-0.9572084410655171,0.7685499892147056,0.05,,False,1.9539213475874473,-5.772903394634974,,,,,,,,,,,,,,
US_BANKS,USB,WFC,U.S. Bancorp,Wells Fargo & Company,-0.9373258617220711,0.7754321607322273,0.05,,False,0.7086633401629019,0.789594194520423,,,,,,,,,,,,,,
US_BANKS,HBAN,PNFP,Huntington Bancshares Incorpora,"Pinnacle Financial Partners, In",-0.9084845012081342,0.7851655099126377,0.05,,False,0.7554125024993217,-0.7396726688746953,,,,,,,,,,,,,,
US_BANKS,COF,RF,Capital One Financial Corporati,Regions Financial Corporation,-0.8667908862585557,0.7987118915809619,0.05,,False,1.3493804764491375,0.9742337096915659,,,,,,,,,,,,,,
US_BANKS,COF,ZION,Capital One Financial Corporati,Zions Bancorporation N.A.,-0.8049453020829997,0.8176651046311587,0.05,,False,1.4748877257785151,-0.5967910052916494,,,,,,,,,,,,,,
US_BANKS,BAC,COF,Bank of America Corporation,Capital One Financial Corporati,-0.8024083226025269,0.8184136172565291,0.05,,False,0.741036010763857,-0.05547847121526184,,,,,,,,,,,,,,
US_BANKS,PNFP,TFC,"Pinnacle Financial Partners, In",Truist Financial Corporation,-0.6073615492347666,0.8693099269674273,0.05,,False,1.5123292933732346,-1.082452430958413,,,,,,,,,,,,,,
US_BANKS,CFG,COF,"Citizens Financial Group, Inc.",Capital One Financial Corporati,-0.5967482040218177,0.8717151078676707,0.05,,False,1.3584367247897031,-3.2493640228048606,,,,,,,,,,,,,,
US_BANKS,MTB,PNFP,M&T Bank Corporation,"Pinnacle Financial Partners, In",-0.5944937278137875,0.8722213709166229,0.05,,False,1.0898805806562541,0.2276828079811768,,,,,,,,,,,,,,
US_BANKS,COF,FITB,Capital One Financial Corporati,Fifth Third Bancorp,-0.49929923162000184,0.892153174313919,0.05,,False,1.7684196307302167,-1.3885036384810503,,,,,,,,,,,,,,
US_BANKS,COF,PNC,Capital One Financial Corporati,"PNC Financial Services Group, I",-0.44358922922187277,0.9025626220178051,0.05,,False,1.6335863493791505,-3.3126895005437857,,,,,,,,,,,,,,
US_BANKS,COF,KEY,Capital One Financial Corporati,KeyCorp,-0.36236905079338455,0.9161947475901269,0.05,,False,1.151177182864853,1.956964868791255,,,,,,,,,,,,,,
US_BANKS,COF,USB,Capital One Financial Corporati,U.S. Bancorp,-0.25387800068117167,0.9317873322833805,0.05,,False,1.5509348592564816,-0.713346267660131,,,,,,,,,,,,,,
US_DEFENSE_AEROSPACE,GD,LHX,General Dynamics Corporation,"L3Harris Technologies, Inc.",-3.04485291701583,0.03091274704184886,0.05,,False,0.6362504226889757,2.1739559629467173,,,,,,,,,,,,,,
US_DEFENSE_AEROSPACE,GD,RTX,General Dynamics Corporation,RTX Corporation,-2.732685690132541,0.0685509765615164,0.05,,False,0.5079944188994063,3.180917415976872,,,,,,,,,,,,,,
US_DEFENSE_AEROSPACE,LHX,NOC,"L3Harris Technologies, Inc.",Northrop Grumman Corporation,-2.4634646711611423,0.12461866745905287,0.05,,False,1.311397842866409,-2.6763927340906113,,,,,,,,,,,,,,
US_DEFENSE_AEROSPACE,LHX,RTX,"L3Harris Technologies, Inc.",RTX Corporation,-2.190021527958543,0.20988697966313252,0.05,,False,0.8332128034502976,1.4098875026552768,,,,,,,,,,,,,,
US_DEFENSE_AEROSPACE,GD,NOC,General Dynamics Corporation,Northrop Grumman Corporation,-1.8523770470183882,0.35478511259393386,0.05,,False,0.8104526385117558,0.6211262000892939,,,,,,,,,,,,,,
US_DEFENSE_AEROSPACE,LMT,NOC,Lockheed Martin Corporation,Northrop Grumman Corporation,-1.7366585241266301,0.41233069625690205,0.05,,False,0.7866397148156842,1.263295724939561,,,,,,,,,,,,,,
US_DEFENSE_AEROSPACE,LHX,LMT,"L3Harris Technologies, Inc.",Lockheed Martin Corporation,-1.6476830770424236,0.4582490472443616,0.05,,False,1.8708276843403155,-6.044810379847578,,,,,,,,,,,,,,
US_DEFENSE_AEROSPACE,LMT,RTX,Lockheed Martin Corporation,RTX Corporation,-1.5496963990345907,0.5087998451887894,0.05,,False,0.32372476675457446,4.5887180537491545,,,,,,,,,,,,,,
US_DEFENSE_AEROSPACE,GD,LMT,General Dynamics Corporation,Lockheed Martin Corporation,-1.4597419005582908,0.5533242124228956,0.05,,False,0.9578302442414751,-0.23155626764296855,,,,,,,,,,,,,,
US_DEFENSE_AEROSPACE,NOC,RTX,Northrop Grumman Corporation,RTX Corporation,-1.259536423179575,0.6474752751670805,0.05,,False,0.6301743433268019,3.1417329883385667,,,,,,,,,,,,,,
US_GOLD_MINERS,AEM,KGC,Agnico Eagle Mines Limited,Kinross Gold Corporation,-2.864696539268111,0.04961002495572223,0.05,,False,0.7540797389868961,2.6898750396380637,,,,,,,,,,,,,,
US_GOLD_MINERS,AU,KGC,AngloGold Ashanti PLC,Kinross Gold Corporation,-2.725255119418134,0.06976905818007453,0.05,,False,1.1142286357208409,0.7163222597799361,,,,,,,,,,,,,,
US_GOLD_MINERS,AU,NEM,AngloGold Ashanti PLC,Newmont Corporation,-2.4417695875356347,0.13029252210973463,0.05,,False,1.4287821690498248,-2.128046732162358,,,,,,,,,,,,,,
US_GOLD_MINERS,AEM,AU,Agnico Eagle Mines Limited,AngloGold Ashanti PLC,-2.3219287846458116,0.16499300273969558,0.05,,False,0.6747816140078374,2.2127339859811133,,,,,,,,,,,,,,
US_GOLD_MINERS,KGC,NEM,Kinross Gold Corporation,Newmont Corporation,-1.9074288718700076,0.3285744460449172,0.05,,False,1.2854183752158381,-2.565769565948226,,,,,,,,,,,,,,
US_GOLD_MINERS,AEM,NEM,Agnico Eagle Mines Limited,Newmont Corporation,-1.7378498068534196,0.411724132700166,0.05,,False,0.9602303035252532,0.7929974255327794,,,,,,,,,,,,,,
US_GOLD_MINERS,GOLD,NEM,"Gold.com, Inc.",Newmont Corporation,-1.5001575213287384,0.5334334139222114,0.05,,False,0.5751157056751316,1.0046300734620641,,,,,,,,,,,,,,
US_GOLD_MINERS,AEM,GOLD,Agnico Eagle Mines Limited,"Gold.com, Inc.",-1.332472421889544,0.6141883486042434,0.05,,False,2.09218453821507,-2.323956813316723,,,,,,,,,,,,,,
US_GOLD_MINERS,AU,GOLD,AngloGold Ashanti PLC,"Gold.com, Inc.",-1.2725229477461457,0.6416474944545439,0.05,,False,3.786147243429532,-9.058995504527067,,,,,,,,,,,,,,
US_GOLD_MINERS,GOLD,KGC,"Gold.com, Inc.",Kinross Gold Corporation,-1.2337071001743287,0.6589303514522097,0.05,,False,0.284297254232572,2.6098803582661683,,,,,,,,,,,,,,
US_HOMEBUILDERS,LEN,NVR,Lennar Corporation,"NVR, Inc.",-3.51980389395763,0.0074928183955647355,0.05,,False,1.7307938454813572,-10.685975803672466,,,,,,,,,,,,,,
US_HOMEBUILDERS,DHI,PHM,"D.R. Horton, Inc.","PulteGroup, Inc.",-2.629694297507129,0.0870140356910678,0.05,,False,1.2326817457684878,-0.886106443500851,,,,,,,,,,,,,,
US_HOMEBUILDERS,PHM,TOL,"PulteGroup, Inc.","Toll Brothers, Inc.",-2.4518542948713,0.12763230798553432,0.05,,False,0.7760176684372425,0.9933314555159116,,,,,,,,,,,,,,
US_HOMEBUILDERS,KBH,NVR,KB Home,"NVR, Inc.",-2.4362086562918086,0.13177643040799975,0.05,,False,1.3508890299536005,-7.965207127005363,,,,,,,,,,,,,,
US_HOMEBUILDERS,KBH,LEN,KB Home,Lennar Corporation,-2.302824034152781,0.1710587819528449,0.05,,False,0.7730002374159812,0.41121293640115697,,,,,,,,,,,,,,
US_HOMEBUILDERS,KBH,MTH,KB Home,Meritage Homes Corporation,-1.8284398841618164,0.3664362654410003,0.05,,False,1.1856280713385745,-0.96580554129969,,,,,,,,,,,,,,
US_HOMEBUILDERS,DHI,MTH,"D.R. Horton, Inc.",Meritage Homes Corporation,-1.8241000098616502,0.3685640408701438,0.05,,False,0.9502412634662024,0.9201632484330302,,,,,,,,,,,,,,
US_HOMEBUILDERS,DHI,TOL,"D.R. Horton, Inc.","Toll Brothers, Inc.",-1.611173120333278,0.4773598189558962,0.05,,False,0.9531263941301386,0.35518347408300066,,,,,,,,,,,,,,
US_HOMEBUILDERS,LEN,PHM,Lennar Corporation,"PulteGroup, Inc.",-1.5353938986325546,0.5159355286277929,0.05,,False,3.392371144358715,-11.389876116391523,,,,,,,,,,,,,,
US_HOMEBUILDERS,MTH,PHM,Meritage Homes Corporation,"PulteGroup, Inc.",-1.4698743620202874,0.5483579630062826,0.05,,False,1.4614716366306355,-2.684539486084632,,,,,,,,,,,,,,
US_HOMEBUILDERS,MTH,NVR,Meritage Homes Corporation,"NVR, Inc.",-1.3759021764529185,0.5937728537829793,0.05,,False,1.136492838431632,-5.877650418602865,,,,,,,,,,,,,,
US_HOMEBUILDERS,MTH,TOL,Meritage Homes Corporation,"Toll Brothers, Inc.",-1.3018693415821925,0.6283166542587136,0.05,,False,1.000995536823948,-0.5846290825254012,,,,,,,,,,,,,,
US_HOMEBUILDERS,LEN,MTH,Lennar Corporation,Meritage Homes Corporation,-1.2983520035461362,0.6299259363847234,0.05,,False,1.5667450940275538,-1.9226926149199572,,,,,,,,,,,,,,
US_HOMEBUILDERS,DHI,KBH,"D.R. Horton, Inc.",KB Home,-1.265795162328765,0.6446722302950316,0.05,,False,0.7612251354358528,1.8599901416899725,,,,,,,,,,,,,,
US_HOMEBUILDERS,KBH,PHM,KB Home,"PulteGroup, Inc.",-1.2281981791830292,0.6613494893130035,0.05,,False,1.9296453196737913,-5.088110356541587,,,,,,,,,,,,,,
US_HOMEBUILDERS,LEN,TOL,Lennar Corporation,"Toll Brothers, Inc.",-1.0828472367849524,0.721863533726073,0.05,,False,3.2555424573804608,-11.0533560790406,,,,,,,,,,,,,,
US_HOMEBUILDERS,DHI,LEN,"D.R. Horton, Inc.",Lennar Corporation,-0.938640352519285,0.7749814941992658,0.05,,False,0.508595623296163,2.5559671088366525,,,,,,,,,,,,,,
US_HOMEBUILDERS,NVR,PHM,"NVR, Inc.","PulteGroup, Inc.",-0.7879487008734006,0.8226364396083372,0.05,,False,1.2815796401577069,2.830465981269878,,,,,,,,,,,,,,
US_HOMEBUILDERS,KBH,TOL,KB Home,"Toll Brothers, Inc.",-0.6939529452266501,0.8483096497575366,0.05,,False,1.4120440212230099,-2.7555688262193767,,,,,,,,,,,,,,
US_HOMEBUILDERS,DHI,NVR,"D.R. Horton, Inc.","NVR, Inc.",-0.4616712159851621,0.8992815844126689,0.05,,False,1.1194168902907942,-5.018145261652406,,,,,,,,,,,,,,
US_HOMEBUILDERS,NVR,TOL,"NVR, Inc.","Toll Brothers, Inc.",0.32235898996468376,0.9783473666267679,0.05,,False,0.7238605373569832,5.421307401655897,,,,,,,,,,,,,,
US_INSURANCE,ALL,TRV,Allstate Corporation (The),"The Travelers Companies, Inc.",-5.200306021406207,8.779444406831386e-06,0.05,6.026163055944972e-05,True,0.6768812318569812,1.50467646178415,6.991400313316281,0.00019648965642752691,-0.09914282539933117,21.0,-3.0998178959335005,3.0998178959335005,True,2026-09-22 00:00:00,0.8,-0.04162231989453104,-0.5069846583212119,0.04842987216502559,False,mixed signal
US_INSURANCE,ALL,GL,Allstate Corporation (The),Globe Life Inc.,-4.857756794785278,4.211492673599147e-05,0.05,6.026163055944972e-05,True,0.45199836572366603,3.0870656091004243,7.744841430711833,9.052099002106603e-05,-0.08949791764764868,23.0,-3.794703564638999,3.794703564638999,True,2026-09-22 00:00:00,1.0,-0.042436399006890696,-0.43434997683216947,0.27658909677117594,False,mixed signal
US_INSURANCE,AIG,PRU,"American International Group, I","Prudential Financial, Inc.",-4.7766608053815816,6.026163055944972e-05,0.05,6.026163055944972e-05,True,-0.6188292620424026,7.187119861771367,8.028821209567143,0.00018878334346085482,-0.08633237214623626,24.0,-0.9572604078044165,2.657870865604582,False,,0.8,0.010641661558697963,0.3575474287581182,0.9313029663838696,False,mixed signal
US_INSURANCE,HIG,PRU,"The Hartford Insurance Group, I","Prudential Financial, Inc.",-3.7290894452362857,0.0037221005209122464,0.05,6.026163055944972e-05,False,-2.6869228138060235,17.23465022417891,,,,,,,,,,,,,,
US_INSURANCE,ALL,PRU,Allstate Corporation (The),"Prudential Financial, Inc.",-3.6656382608311198,0.0046232805428018916,0.05,6.026163055944972e-05,False,-1.9658864254426833,14.365019800038924,,,,,,,,,,,,,,
US_INSURANCE,AFL,PRU,AFLAC Incorporated,"Prudential Financial, Inc.",-3.517354268992027,0.007552426311664663,0.05,6.026163055944972e-05,False,-1.190677280987446,10.161980135502368,,,,,,,,,,,,,,
US_INSURANCE,GL,PRU,Globe Life Inc.,"Prudential Financial, Inc.",-3.4163634868529473,0.010413530341245144,0.05,6.026163055944972e-05,False,-5.672277265871611,31.077272374392354,,,,,,,,,,,,,,
US_INSURANCE,PRU,TRV,"Prudential Financial, Inc.","The Travelers Companies, Inc.",-3.4109422632355444,0.010591458672909662,0.05,6.026163055944972e-05,False,-0.2713145253803242,6.1365441501774765,,,,,,,,,,,,,,
US_INSURANCE,AIG,UNM,"American International Group, I",Unum Group,-3.4023029932105873,0.010880612820881921,0.05,6.026163055944972e-05,False,0.2182148722385698,3.3939205815664284,,,,,,,,,,,,,,
US_INSURANCE,GL,TRV,Globe Life Inc.,"The Travelers Companies, Inc.",-3.361803402662628,0.01233198681610405,0.05,6.026163055944972e-05,False,1.4808730520952966,-3.4084113583805946,,,,,,,,,,,,,,
US_INSURANCE,PRU,UNM,"Prudential Financial, Inc.",Unum Group,-3.352494896859139,0.012688931414340568,0.05,6.026163055944972e-05,False,-0.15911913707151676,5.306977842657467,,,,,,,,,,,,,,
US_INSURANCE,AFL,TRV,AFLAC Incorporated,"The Travelers Companies, Inc.",-3.3441236942875814,0.013017724779491672,0.05,6.026163055944972e-05,False,0.5053956872326922,1.8431458563955974,,,,,,,,,,,,,,
US_INSURANCE,AFL,CB,AFLAC Incorporated,Chubb Limited,-3.316733617888583,0.014146851261276575,0.05,6.026163055944972e-05,False,0.8385524274536548,-0.09670329983330817,,,,,,,,,,,,,,
US_INSURANCE,AIG,GL,"American International Group, I",Globe Life Inc.,-3.3050162505283653,0.014655731550697349,0.05,6.026163055944972e-05,False,0.1647051540232791,3.5291067070615063,,,,,,,,,,,,,,
US_INSURANCE,AFL,ALL,AFLAC Incorporated,Allstate Corporation (The),-3.2967384974052205,0.015024894706132544,0.05,6.026163055944972e-05,False,0.7874549694344305,0.5049776893032272,,,,,,,,,,,,,,
US_INSURANCE,AFL,PGR,AFLAC Incorporated,Progressive Corporation (The),-3.276339422514357,0.015969803612883804,0.05,6.026163055944972e-05,False,-0.1036004612392302,5.2088971951615175,,,,,,,,,,,,,,
US_INSURANCE,AIG,LNC,"American International Group, I",Lincoln National Corporation,-3.258103172920028,0.016858339445989363,0.05,6.026163055944972e-05,False,0.21293219695683321,3.5730623424457058,,,,,,,,,,,,,,
US_INSURANCE,CB,PRU,Chubb Limited,"Prudential Financial, Inc.",-3.198513394168186,0.02007089122306799,0.05,6.026163055944972e-05,False,-1.8118090563121882,14.04844705737483,,,,,,,,,,,,,,
US_INSURANCE,AFL,GL,AFLAC Incorporated,Globe Life Inc.,-3.189281226014854,0.0206135680219529,0.05,6.026163055944972e-05,False,0.3282685192449391,3.0689948783715297,,,,,,,,,,,,,,
US_INSURANCE,AIG,HIG,"American International Group, I","The Hartford Insurance Group, I",-3.1361470068080526,0.023991246094387943,0.05,6.026163055944972e-05,False,0.37567892759576904,2.5210600889639947,,,,,,,,,,,,,,
US_INSURANCE,MET,UNM,"MetLife, Inc.",Unum Group,-3.1325860009824296,0.02423379317163004,0.05,6.026163055944972e-05,False,0.26671183201192505,3.1953634685745933,,,,,,,,,,,,,,
US_INSURANCE,AIG,PGR,"American International Group, I",Progressive Corporation (The),-3.131961119228366,0.024276572486975227,0.05,6.026163055944972e-05,False,0.28803839810883625,2.763670991340443,,,,,,,,,,,,,,
US_INSURANCE,HIG,PGR,"The Hartford Insurance Group, I",Progressive Corporation (The),-3.1208172421583056,0.025050487241882843,0.05,6.026163055944972e-05,False,-1.2226142386272767,11.405759327774359,,,,,,,,,,,,,,
US_INSURANCE,AIG,TRV,"American International Group, I","The Travelers Companies, Inc.",-3.109887189996065,0.025830092163752844,0.05,6.026163055944972e-05,False,0.2757331840180448,2.791062697425663,,,,,,,,,,,,,,
US_INSURANCE,LNC,PRU,Lincoln National Corporation,"Prudential Financial, Inc.",-3.054510762843986,0.03010792849459957,0.05,6.026163055944972e-05,False,-22.04175539964388,105.58004200068811,,,,,,,,,,,,,,
US_INSURANCE,ALL,LNC,Allstate Corporation (The),Lincoln National Corporation,-3.043434396961446,0.031032485084674523,0.05,6.026163055944972e-05,False,0.47379151760571814,3.5963512600100307,,,,,,,,,,,,,,
US_INSURANCE,ALL,UNM,Allstate Corporation (The),Unum Group,-3.0237451560384727,0.03273562066780093,0.05,6.026163055944972e-05,False,0.47366958631857053,3.248236437456937,,,,,,,,,,,,,,
US_INSURANCE,AIG,ALL,"American International Group, I",Allstate Corporation (The),-2.992162391495701,0.03563284531940615,0.05,6.026163055944972e-05,False,0.48216862456340914,1.7844708863391734,,,,,,,,,,,,,,
US_INSURANCE,GL,MET,Globe Life Inc.,"MetLife, Inc.",-2.953935971267982,0.039425911261531284,0.05,6.026163055944972e-05,False,5.2098707499793875,-17.743065933241667,,,,,,,,,,,,,,
US_INSURANCE,PGR,PRU,Progressive Corporation (The),"Prudential Financial, Inc.",-2.904364791870758,0.04484278081883749,0.05,6.026163055944972e-05,False,669.6011049814034,-3095.184947659985,,,,,,,,,,,,,,
US_INSURANCE,CB,PGR,Chubb Limited,Progressive Corporation (The),-2.902408331350578,0.0450686572114908,0.05,6.026163055944972e-05,False,-0.4746451929227553,8.226130772562895,,,,,,,,,,,,,,
US_INSURANCE,AFL,LNC,AFLAC Incorporated,Lincoln National Corporation,-2.897482236515817,0.0456415634612079,0.05,6.026163055944972e-05,False,0.3122692100818363,3.5507560528257818,,,,,,,,,,,,,,
US_INSURANCE,HIG,LNC,"The Hartford Insurance Group, I",Lincoln National Corporation,-2.795344146432729,0.05894190744617126,0.05,6.026163055944972e-05,False,0.6657226684393059,2.4524823527389112,,,,,,,,,,,,,,
US_INSURANCE,PGR,TRV,Progressive Corporation (The),"The Travelers Companies, Inc.",-2.783963778238762,0.06060119095747274,0.05,6.026163055944972e-05,False,-0.34319500928268165,7.313878828182656,,,,,,,,,,,,,,
US_INSURANCE,MET,PGR,"MetLife, Inc.",Progressive Corporation (The),-2.721483664220929,0.070393865057271,0.05,6.026163055944972e-05,False,0.23807035392757628,3.0415601144902302,,,,,,,,,,,,,,
US_INSURANCE,ALL,MET,Allstate Corporation (The),"MetLife, Inc.",-2.7175555456589535,0.071049347784913,0.05,6.026163055944972e-05,False,1.652692426242011,-1.8929455240379074,,,,,,,,,,,,,,
US_INSURANCE,AIG,CB,"American International Group, I",Chubb Limited,-2.6936657140841564,0.07514080573634752,0.05,6.026163055944972e-05,False,0.3884177863869775,2.123627805741802,,,,,,,,,,,,,,
US_INSURANCE,AFL,MET,AFLAC Incorporated,"MetLife, Inc.",-2.6734323016806574,0.07874954813678137,0.05,6.026163055944972e-05,False,1.1255887444817967,-0.2244112864681007,,,,,,,,,,,,,,
US_INSURANCE,AFL,AIG,AFLAC Incorporated,"American International Group, I",-2.6575698387378432,0.08167268678703665,0.05,6.026163055944972e-05,False,2.025138744401539,-4.103352769443948,,,,,,,,,,,,,,
US_INSURANCE,LNC,PGR,Lincoln National Corporation,Progressive Corporation (The),-2.643719772425135,0.08429366904288516,0.05,6.026163055944972e-05,False,-3.6276210015832953,23.136733601122174,,,,,,,,,,,,,,
US_INSURANCE,LNC,MET,Lincoln National Corporation,"MetLife, Inc.",-2.6047462724717425,0.09202027193009327,0.05,6.026163055944972e-05,False,4.251035747938695,-14.888276447429655,,,,,,,,,,,,,,
US_INSURANCE,AFL,HIG,AFLAC Incorporated,"The Hartford Insurance Group, I",-2.5974266496289653,0.09353029389086204,0.05,6.026163055944972e-05,False,0.5980735873324645,1.7820731720250453,,,,,,,,,,,,,,
US_INSURANCE,AFL,UNM,AFLAC Incorporated,Unum Group,-2.5798261745247397,0.09723888087409216,0.05,6.026163055944972e-05,False,0.30248541806685003,3.3625711000123326,,,,,,,,,,,,,,
US_INSURANCE,LNC,TRV,Lincoln National Corporation,"The Travelers Companies, Inc.",-2.560873240385052,0.1013565774659429,0.05,6.026163055944972e-05,False,1.2303478864985844,-3.3140177780092652,,,,,,,,,,,,,,
US_INSURANCE,MET,TRV,"MetLife, Inc.","The Travelers Companies, Inc.",-2.526143848058987,0.1092421252867149,0.05,6.026163055944972e-05,False,0.27743789625195187,2.7892198430243065,,,,,,,,,,,,,,
US_INSURANCE,GL,LNC,Globe Life Inc.,Lincoln National Corporation,-2.515490863451306,0.1117505811684944,0.05,6.026163055944972e-05,False,1.3243239001080025,0.15608172524385555,,,,,,,,,,,,,,
US_INSURANCE,HIG,MET,"The Hartford Insurance Group, I","MetLife, Inc.",-2.464678405911452,0.12430664308894868,0.05,6.026163055944972e-05,False,3.496942744445161,-10.346292517543901,,,,,,,,,,,,,,
US_INSURANCE,ALL,CB,Allstate Corporation (The),Chubb Limited,-2.4375479662758748,0.1314179341940555,0.05,6.026163055944972e-05,False,1.0820973075560267,-0.8614601604362608,,,,,,,,,,,,,,
US_INSURANCE,GL,PGR,Globe Life Inc.,Progressive Corporation (The),-2.417288215494276,0.13691627132411432,0.05,6.026163055944972e-05,False,-10.173488096105066,59.838545091023526,,,,,,,,,,,,,,
US_INSURANCE,ALL,PGR,Allstate Corporation (The),Progressive Corporation (The),-2.3735116858504344,0.14935251249244713,0.05,6.026163055944972e-05,False,0.09564647088634491,4.744628692784561,,,,,,,,,,,,,,
US_INSURANCE,CB,GL,Chubb Limited,Globe Life Inc.,-2.366541010541174,0.15140345444712905,0.05,6.026163055944972e-05,False,0.3557303516710761,3.94716639291829,,,,,,,,,,,,,,
US_INSURANCE,CB,MET,Chubb Limited,"MetLife, Inc.",-2.3312650155314745,0.16208252721487693,0.05,6.026163055944972e-05,False,2.3206896377254544,-4.387985472174866,,,,,,,,,,,,,,
US_INSURANCE,TRV,UNM,"The Travelers Companies, Inc.",Unum Group,-2.2291266012421276,0.1958444950891114,0.05,6.026163055944972e-05,False,0.7190725032096095,2.493864187162524,,,,,,,,,,,,,,
US_INSURANCE,AIG,MET,"American International Group, I","MetLife, Inc.",-2.2184508151474147,0.199617154715101,0.05,6.026163055944972e-05,False,0.5865481779124242,1.7823145691161728,,,,,,,,,,,,,,
US_INSURANCE,MET,PRU,"MetLife, Inc.","Prudential Financial, Inc.",-2.1302339770263354,0.2325323971464051,0.05,6.026163055944972e-05,False,0.8908022285039864,0.20437780603236888,,,,,,,,,,,,,,
US_INSURANCE,HIG,TRV,"The Hartford Insurance Group, I","The Travelers Companies, Inc.",-2.074298000318588,0.2549742822330914,0.05,6.026163055944972e-05,False,0.841881070196786,0.11964665042526512,,,,,,,,,,,,,,
US_INSURANCE,GL,UNM,Globe Life Inc.,Unum Group,-2.068588135666651,0.2573315617654631,0.05,6.026163055944972e-05,False,1.126625124804076,0.022079690113935513,,,,,,,,,,,,,,
US_INSURANCE,ALL,HIG,Allstate Corporation (The),"The Hartford Insurance Group, I",-2.0541369389068134,0.26335149803689784,0.05,6.026163055944972e-05,False,0.7959260777106144,1.4472266295500136,,,,,,,,,,,,,,
US_INSURANCE,CB,TRV,Chubb Limited,"The Travelers Companies, Inc.",-2.045030384457215,0.26718431296058975,0.05,6.026163055944972e-05,False,0.6031295517175937,2.3109473279367854,,,,,,,,,,,,,,
US_INSURANCE,GL,HIG,Globe Life Inc.,"The Hartford Insurance Group, I",-1.9709546478190885,0.2994518506379814,0.05,6.026163055944972e-05,False,1.8052096136569955,-3.8403210759751802,,,,,,,,,,,,,,
US_INSURANCE,LNC,UNM,Lincoln National Corporation,Unum Group,-1.9475416925881588,0.31003685503254497,0.05,6.026163055944972e-05,False,0.822750801051381,0.017709357918445523,,,,,,,,,,,,,,
US_INSURANCE,CB,UNM,Chubb Limited,Unum Group,-1.8124271608708653,0.3743096405995831,0.05,6.026163055944972e-05,False,0.3178277917904952,4.307656286571255,,,,,,,,,,,,,,
US_INSURANCE,HIG,UNM,"The Hartford Insurance Group, I",Unum Group,-1.6855598944201355,0.43856738943318596,0.05,6.026163055944972e-05,False,0.544609778993185,2.4775108760845965,,,,,,,,,,,,,,
US_INSURANCE,CB,LNC,Chubb Limited,Lincoln National Corporation,-1.5357804082548798,0.5157429218209425,0.05,6.026163055944972e-05,False,0.3176222236796078,4.542248319317272,,,,,,,,,,,,,,
US_INSURANCE,PGR,UNM,Progressive Corporation (The),Unum Group,-1.4745011524882954,0.5460854417751464,0.05,6.026163055944972e-05,False,0.2020809173811151,4.549729169446925,,,,,,,,,,,,,,
US_INSURANCE,CB,HIG,Chubb Limited,"The Hartford Insurance Group, I",-1.4266174469137507,0.5694509697664134,0.05,6.026163055944972e-05,False,0.7193483990458194,2.211134335083025,,,,,,,,,,,,,,
US_MEDIA_TELECOM,CMCSA,VZ,Comcast Corporation,Verizon Communications Inc.,-2.811107080200789,0.05670463265339053,0.05,,False,-1.7738003317775022,9.94669960111565,,,,,,,,,,,,,,
US_MEDIA_TELECOM,CHTR,VZ,"Charter Communications, Inc.",Verizon Communications Inc.,-2.5225596354609365,0.11008136075862596,0.05,,False,-5.207737866065604,24.83788207149916,,,,,,,,,,,,,,
US_MEDIA_TELECOM,CHTR,TMUS,"Charter Communications, Inc.","T-Mobile US, Inc.",-2.4905420574039905,0.11779253659142408,0.05,,False,4.840661785569471,-20.299140249809838,,,,,,,,,,,,,,
US_MEDIA_TELECOM,CMCSA,TMUS,Comcast Corporation,"T-Mobile US, Inc.",-2.2982256591967936,0.17254087035686622,0.05,,False,1.4809031141180595,-4.527628115778326,,,,,,,,,,,,,,
US_MEDIA_TELECOM,CHTR,T,"Charter Communications, Inc.",AT&T Inc.,-2.1754563154300577,0.21527366994435654,0.05,,False,-7.069829134780716,27.951714404657633,,,,,,,,,,,,,,
US_MEDIA_TELECOM,CHTR,CMCSA,"Charter Communications, Inc.",Comcast Corporation,-2.0008857949590433,0.2861848440610467,0.05,,False,2.8979060254042115,-4.235225424169326,,,,,,,,,,,,,,
US_MEDIA_TELECOM,CMCSA,T,Comcast Corporation,AT&T Inc.,-1.8415146600480026,0.3600541694699897,0.05,,False,-0.7128807309294214,5.658864085809824,,,,,,,,,,,,,,
US_MEDIA_TELECOM,TMUS,VZ,"T-Mobile US, Inc.",Verizon Communications Inc.,-1.615441568010473,0.47511990337301707,0.05,,False,25.19266592318793,-87.48375116248147,,,,,,,,,,,,,,
US_MEDIA_TELECOM,T,TMUS,AT&T Inc.,"T-Mobile US, Inc.",-1.0991785768773101,0.7153993680238571,0.05,,False,1.5007748145021877,-4.888667409724375,,,,,,,,,,,,,,
US_MEDIA_TELECOM,T,VZ,AT&T Inc.,Verizon Communications Inc.,-0.878898673738718,0.7948419448410242,0.05,,False,1.9147380900072644,-3.9013451452808696,,,,,,,,,,,,,,
US_OIL_GAS,PSX,VLO,Phillips 66,Valero Energy Corporation,-3.7632850825245416,0.0033061033554592596,0.05,,False,0.6212855365538305,1.735113035974238,,,,,,,,,,,,,,
US_OIL_GAS,FANG,OXY,"Diamondback Energy, Inc.",Occidental Petroleum Corporatio,-3.213911727661069,0.019193404556760607,0.05,,False,1.0087578183581707,1.1739467676069215,,,,,,,,,,,,,,
US_OIL_GAS,PSX,XOM,Phillips 66,ExxonMobil Holdings Corporation,-3.200260097783468,0.019969628673263868,0.05,,False,1.0846249595746307,-0.29117280575082916,,,,,,,,,,,,,,
US_OIL_GAS,APA,DVN,APA Corporation,Devon Energy Corporation,-3.1449194124213284,0.023402658894444695,0.05,,False,1.7685487850496373,-3.2135889908135047,,,,,,,,,,,,,,
US_OIL_GAS,APA,PSX,APA Corporation,Phillips 66,-3.0846906685074282,0.02770708849651807,0.05,,False,1.7354033307174972,-5.275695853195537,,,,,,,,,,,,,,
US_OIL_GAS,EOG,OXY,"EOG Resources, Inc.",Occidental Petroleum Corporatio,-3.0520249514962754,0.030313353474614557,0.05,,False,0.5805005049737262,2.523255337794327,,,,,,,,,,,,,,
US_OIL_GAS,DVN,XOM,Devon Energy Corporation,ExxonMobil Holdings Corporation,-2.9844765015452603,0.03636975128113577,0.05,,False,1.077356492969675,-1.5137332132604624,,,,,,,,,,,,,,
US_OIL_GAS,COP,DVN,ConocoPhillips,Devon Energy Corporation,-2.920492690532929,0.04301634720342592,0.05,,False,0.742914373668443,1.9079327976423728,,,,,,,,,,,,,,
US_OIL_GAS,COP,OXY,ConocoPhillips,Occidental Petroleum Corporatio,-2.779288172782449,0.061293752645231486,0.05,,False,0.8158809475267231,1.4356160713106627,,,,,,,,,,,,,,
US_OIL_GAS,COP,FANG,ConocoPhillips,"Diamondback Energy, Inc.",-2.723471459169207,0.0700640000898817,0.05,,False,0.8111269136638674,0.47432606073552996,,,,,,,,,,,,,,
US_OIL_GAS,VLO,XOM,Valero Energy Corporation,ExxonMobil Holdings Corporation,-2.6879562372556873,0.07614565394642461,0.05,,False,1.7750379515211943,-3.4004343591496076,,,,,,,,,,,,,,
US_OIL_GAS,MPC,VLO,Marathon Petroleum Corporation,Valero Energy Corporation,-2.6640235129804943,0.08047333480366525,0.05,,False,0.7553959339703662,1.341808184283122,,,,,,,,,,,,,,
US_OIL_GAS,APA,XOM,APA Corporation,ExxonMobil Holdings Corporation,-2.546604620084361,0.10454264086340015,0.05,,False,1.9602879599035625,-6.151612750112434,,,,,,,,,,,,,,
US_OIL_GAS,APA,CVX,APA Corporation,Chevron Corporation,-2.538117656696028,0.10647314619459786,0.05,,False,2.472483453809337,-9.233779844580326,,,,,,,,,,,,,,
US_OIL_GAS,OXY,XOM,Occidental Petroleum Corporatio,ExxonMobil Holdings Corporation,-2.5096503053728783,0.11314392289402986,0.05,,False,0.9343501973649772,-0.5778453109463841,,,,,,,,,,,,,,
US_OIL_GAS,CVX,VLO,Chevron Corporation,Valero Energy Corporation,-2.5050824606347875,0.11424259962208566,0.05,,False,0.4649544601257624,2.673405658653535,,,,,,,,,,,,,,
US_OIL_GAS,COP,XOM,ConocoPhillips,ExxonMobil Holdings Corporation,-2.4963038187419935,0.1163762377186926,0.05,,False,0.7617183109361013,0.9670140300097976,,,,,,,,,,,,,,
US_OIL_GAS,APA,COP,APA Corporation,ConocoPhillips,-2.434740505016044,0.13217022219244573,0.05,,False,2.4621442579728763,-8.129620344168266,,,,,,,,,,,,,,
US_OIL_GAS,EOG,FANG,"EOG Resources, Inc.","Diamondback Energy, Inc.",-2.4176539156944505,0.1368155891100009,0.05,,False,0.5506640395491885,1.973363558535223,,,,,,,,,,,,,,
US_OIL_GAS,EOG,VLO,"EOG Resources, Inc.",Valero Energy Corporation,-2.397341941499404,0.1424880319408442,0.05,,False,0.19187681037667773,3.798815231698928,,,,,,,,,,,,,,
US_OIL_GAS,DVN,VLO,Devon Energy Corporation,Valero Energy Corporation,-2.382949952593702,0.14660659601818948,0.05,,False,0.528563660507975,0.9444910844190373,,,,,,,,,,,,,,
US_OIL_GAS,CVX,XOM,Chevron Corporation,ExxonMobil Holdings Corporation,-2.375910115269997,0.14865134448504658,0.05,,False,0.8338241275133416,1.0519261067919161,,,,,,,,,,,,,,
US_OIL_GAS,DVN,PSX,Devon Energy Corporation,Phillips 66,-2.372145136149365,0.14975304767849706,0.05,,False,0.9796682365197615,-1.1582589262852099,,,,,,,,,,,,,,
US_OIL_GAS,COP,EOG,ConocoPhillips,"EOG Resources, Inc.",-2.3651282583480757,0.1518214987392879,0.05,,False,1.3742138044720607,-1.961816915897824,,,,,,,,,,,,,,
US_OIL_GAS,MPC,PSX,Marathon Petroleum Corporation,Phillips 66,-2.359358175252395,0.15353724307069605,0.05,,False,1.2215548645782024,-0.7955286531325259,,,,,,,,,,,,,,
US_OIL_GAS,CVX,PSX,Chevron Corporation,Phillips 66,-2.2845941325707484,0.17698482020601763,0.05,,False,0.761792771690259,1.3096706961500515,,,,,,,,,,,,,,
US_OIL_GAS,DVN,FANG,Devon Energy Corporation,"Diamondback Energy, Inc.",-2.264088833669369,0.1838116601163119,0.05,,False,1.0992549820583264,-1.967399381602355,,,,,,,,,,,,,,
US_OIL_GAS,APA,VLO,APA Corporation,Valero Energy Corporation,-2.255074173581379,0.186866869097225,0.05,,False,1.0599116571688436,-2.17266603765899,,,,,,,,,,,,,,
US_OIL_GAS,APA,EOG,APA Corporation,"EOG Resources, Inc.",-2.2487268063901045,0.1890378407855064,0.05,,False,4.217239988976425,-16.931860466965666,,,,,,,,,,,,,,
US_OIL_GAS,DVN,EOG,Devon Energy Corporation,"EOG Resources, Inc.",-2.2200194806225726,0.19905993482272227,0.05,,False,2.134001547770362,-6.563030172468556,,,,,,,,,,,,,,
US_OIL_GAS,OXY,VLO,Occidental Petroleum Corporatio,Valero Energy Corporation,-2.215657550342537,0.200611827177558,0.05,,False,0.3454642186467493,2.1222488265985486,,,,,,,,,,,,,,
US_OIL_GAS,APA,OXY,APA Corporation,Occidental Petroleum Corporatio,-2.184434035578461,0.21194343129090665,0.05,,False,2.1627985001804464,-5.189327613172931,,,,,,,,,,,,,,
US_OIL_GAS,COP,VLO,ConocoPhillips,Valero Energy Corporation,-2.1768397226787575,0.21475841445797184,0.05,,False,0.3587620565278674,2.7802299213295054,,,,,,,,,,,,,,
US_OIL_GAS,EOG,PSX,"EOG Resources, Inc.",Phillips 66,-2.125381582183458,0.23443176098513485,0.05,,False,0.4163725696809618,2.7402585692952126,,,,,,,,,,,,,,
US_OIL_GAS,COP,PSX,ConocoPhillips,Phillips 66,-2.119536604394905,0.23673174120517565,0.05,,False,0.6891590466356508,1.2353128567271767,,,,,,,,,,,,,,
US_OIL_GAS,APA,FANG,APA Corporation,"Diamondback Energy, Inc.",-2.0988276678413045,0.24498626339073903,0.05,,False,2.0653902063983085,-7.3077946914021785,,,,,,,,,,,,,,
US_OIL_GAS,DVN,OXY,Devon Energy Corporation,Occidental Petroleum Corporatio,-2.0903603603046887,0.2484083741044289,0.05,,False,1.1135677932860397,-0.6950204309081616,,,,,,,,,,,,,,
US_OIL_GAS,MPC,XOM,Marathon Petroleum Corporation,ExxonMobil Holdings Corporation,-2.085747536739677,0.25028407243834705,0.05,,False,1.3610831991963017,-1.3229406234423484,,,,,,,,,,,,,,
US_OIL_GAS,FANG,XOM,"Diamondback Energy, Inc.",ExxonMobil Holdings Corporation,-2.0731777813861743,0.255435801349127,0.05,,False,0.9541055030284802,0.5360731693844079,,,,,,,,,,,,,,
US_OIL_GAS,FANG,VLO,"Diamondback Energy, Inc.",Valero Energy Corporation,-2.046626887715152,0.26651018749504324,0.05,,False,0.3810548740324809,3.150954006246573,,,,,,,,,,,,,,
US_OIL_GAS,EOG,XOM,"EOG Resources, Inc.",ExxonMobil Holdings Corporation,-2.0392676116729374,0.26962532591112576,0.05,,False,0.4597328751890672,2.5804304479823816,,,,,,,,,,,,,,
US_OIL_GAS,DVN,MPC,Devon Energy Corporation,Marathon Petroleum Corporation,-2.0147001480586364,0.28016502403113674,0.05,,False,0.744892075642346,-0.22668526335697203,,,,,,,,,,,,,,
US_OIL_GAS,CVX,DVN,Chevron Corporation,Devon Energy Corporation,-1.9801153003080394,0.295359323379858,0.05,,False,0.7199605442422052,2.4180543202876468,,,,,,,,,,,,,,
US_OIL_GAS,OXY,PSX,Occidental Petroleum Corporatio,Phillips 66,-1.9754710174651642,0.2974306670100534,0.05,,False,0.8344462026872154,-0.19575809995672344,,,,,,,,,,,,,,
US_OIL_GAS,MPC,OXY,Marathon Petroleum Corporation,Occidental Petroleum Corporatio,-1.9752920792197786,0.2975106172250934,0.05,,False,1.8346082943548514,-1.9399228506153587,,,,,,,,,,,,,,
US_OIL_GAS,CVX,OXY,Chevron Corporation,Occidental Petroleum Corporatio,-1.9600191487416312,0.30437361045460876,0.05,,False,0.768082311227711,2.047534091732876,,,,,,,,,,,,,,
US_OIL_GAS,CVX,MPC,Chevron Corporation,Marathon Petroleum Corporation,-1.9397189007277402,0.3136128439928352,0.05,,False,0.5957165265675439,1.9492915837711693,,,,,,,,,,,,,,
US_OIL_GAS,FANG,PSX,"Diamondback Energy, Inc.",Phillips 66,-1.938786982188484,0.31404013623485605,0.05,,False,0.8547851155107352,0.9131350699367369,,,,,,,,,,,,,,
US_OIL_GAS,COP,CVX,ConocoPhillips,Chevron Corporation,-1.936672364095948,0.31501071789314317,0.05,,False,0.9375815658943317,-0.11453412956299935,,,,,,,,,,,,,,
US_OIL_GAS,CVX,EOG,Chevron Corporation,"EOG Resources, Inc.",-1.9195098630924183,0.3229394459304069,0.05,,False,1.6325723692000536,-2.7652583184855315,,,,,,,,,,,,,,
US_OIL_GAS,COP,MPC,ConocoPhillips,Marathon Petroleum Corporation,-1.9052713237620302,0.32958539164501677,0.05,,False,0.48397465312776045,2.0964664312717636,,,,,,,,,,,,,,
US_OIL_GAS,APA,MPC,APA Corporation,Marathon Petroleum Corporation,-1.8804641531588393,0.34130645551957484,0.05,,False,1.4616922346880186,-4.356561776267533,,,,,,,,,,,,,,
US_OIL_GAS,FANG,MPC,"Diamondback Energy, Inc.",Marathon Petroleum Corporation,-1.7639639706131718,0.3984935714975797,0.05,,False,0.5740001014485202,2.116426710386698,,,,,,,,,,,,,,
US_OIL_GAS,EOG,MPC,"EOG Resources, Inc.",Marathon Petroleum Corporation,-1.687080490209086,0.43778098850744634,0.05,,False,0.27102520595886415,3.370483171648093,,,,,,,,,,,,,,
US_OIL_GAS,CVX,FANG,Chevron Corporation,"Diamondback Energy, Inc.",-1.6303391257875688,0.46731320621021744,0.05,,False,0.7574288654257427,1.173871014349666,,,,,,,,,,,,,,
US_PAYMENTS,AXP,SYF,American Express Company,Synchrony Financial,-2.985298831226736,0.036290299837913174,0.05,,False,0.7014400689074707,2.7955585269423473,,,,,,,,,,,,,,
US_PAYMENTS,SYF,V,Synchrony Financial,Visa Inc.,-1.7193597447805418,0.42116636793100237,0.05,,False,2.6565032302429565,-11.170000631095576,,,,,,,,,,,,,,
US_PAYMENTS,MA,SYF,Mastercard Incorporated,Synchrony Financial,-1.6471812285289167,0.45851090917935095,0.05,,False,0.2834893791684473,5.08808661454525,,,,,,,,,,,,,,
US_PAYMENTS,AXP,V,American Express Company,Visa Inc.,-1.6384840828490843,0.46305301301063967,0.05,,False,1.6239740400496185,-3.6601812622004086,,,,,,,,,,,,,,
US_PAYMENTS,MA,V,Mastercard Incorporated,Visa Inc.,-1.4981498597252019,0.5344263774998298,0.05,,False,0.8041158102766087,1.6275229026952323,,,,,,,,,,,,,,
US_PAYMENTS,AXP,MA,American Express Company,Mastercard Incorporated,-1.3797213664912795,0.5919584197035878,0.05,,False,2.1426755126520507,-7.717746905820688,,,,,,,,,,,,,,
US_PHARMA,MRK,PFE,"Merck & Company, Inc.","Pfizer, Inc.",-4.46882187897586,0.0002237838236444816,0.05,0.0002237838236444816,True,2.6007292710751915,-3.7019367572873474,9.580750831675081,-0.00017955215183266285,-0.07234789764788786,29.0,0.8370244524149406,3.809796368654232,False,,0.6,-0.003314260794598043,-0.34145705824233064,-0.6225080782527628,True,reversion signs agree
US_PHARMA,AMGN,LLY,Amgen Inc.,Eli Lilly and Company,-3.560641037102269,0.006559633842692872,0.05,0.0002237838236444816,False,0.7195955537990283,0.8375299085997376,,,,,,,,,,,,,,
US_PHARMA,BMY,MRK,Bristol-Myers Squibb Company,"Merck & Company, Inc.",-3.472339328666304,0.008726553525912312,0.05,0.0002237838236444816,False,0.5033864772483791,1.6026107165118715,,,,,,,,,,,,,,
US_PHARMA,AMGN,PFE,Amgen Inc.,"Pfizer, Inc.",-3.1895664635449674,0.020596612391311515,0.05,0.0002237838236444816,False,1.6638207354604189,0.4211925436437145,,,,,,,,,,,,,,
US_PHARMA,BMY,LLY,Bristol-Myers Squibb Company,Eli Lilly and Company,-3.140019440715654,0.02372986726129434,0.05,0.0002237838236444816,False,0.851818267553439,-1.8650649761383238,,,,,,,,,,,,,,
US_PHARMA,AMGN,JNJ,Amgen Inc.,Johnson & Johnson,-3.100615083287982,0.0265077030405515,0.05,0.0002237838236444816,False,0.4849313264165395,3.206885280272138,,,,,,,,,,,,,,
US_PHARMA,AMGN,MRK,Amgen Inc.,"Merck & Company, Inc.",-3.0241665821452806,0.032698353194979476,0.05,0.0002237838236444816,False,0.5437417611010426,3.2270011416738718,,,,,,,,,,,,,,
US_PHARMA,LLY,MRK,Eli Lilly and Company,"Merck & Company, Inc.",-2.9446424972983096,0.04039753971740699,0.05,0.0002237838236444816,False,0.7723139420821542,3.2445120721292486,,,,,,,,,,,,,,
US_PHARMA,LLY,PFE,Eli Lilly and Company,"Pfizer, Inc.",-2.937826906679946,0.041122764007142446,0.05,0.0002237838236444816,False,2.672240685711577,-1.7220082223721294,,,,,,,,,,,,,,
US_PHARMA,ABBV,JNJ,AbbVie Inc.,Johnson & Johnson,-2.9176486609011736,0.043333853907109886,0.05,0.0002237838236444816,False,0.5509943678286457,2.424475249491522,,,,,,,,,,,,,,
US_PHARMA,JNJ,LLY,Johnson & Johnson,Eli Lilly and Company,-2.8912045730887423,0.04638038752886855,0.05,0.0002237838236444816,False,1.6347890282874733,-5.906448553736679,,,,,,,,,,,,,,
US_PHARMA,ABBV,LLY,AbbVie Inc.,Eli Lilly and Company,-2.820245713419248,0.05543950079747041,0.05,0.0002237838236444816,False,0.7407807781648966,0.2521068436947207,,,,,,,,,,,,,,
US_PHARMA,JNJ,PFE,Johnson & Johnson,"Pfizer, Inc.",-2.7501438306037405,0.06575580563780017,0.05,0.0002237838236444816,False,4.520648032913444,-9.204558334477866,,,,,,,,,,,,,,
US_PHARMA,JNJ,MRK,Johnson & Johnson,"Merck & Company, Inc.",-2.65072846436821,0.0829592832205221,0.05,0.0002237838236444816,False,1.3658964854983175,-1.0731825454637303,,,,,,,,,,,,,,
US_PHARMA,ABBV,GILD,AbbVie Inc.,"Gilead Sciences, Inc.",-2.5026436979220614,0.11483240890248114,0.05,0.0002237838236444816,False,0.4470831327382505,3.188261403836964,,,,,,,,,,,,,,
US_PHARMA,GILD,PFE,"Gilead Sciences, Inc.","Pfizer, Inc.",-2.4605492326377583,0.1253704929745566,0.05,0.0002237838236444816,False,23.490219961421513,-69.95385090117246,,,,,,,,,,,,,,
US_PHARMA,BMY,PFE,Bristol-Myers Squibb Company,"Pfizer, Inc.",-2.374518703143595,0.14905783546781537,0.05,0.0002237838236444816,False,3.8832790249303804,-8.43499740256098,,,,,,,,,,,,,,
US_PHARMA,ABBV,PFE,AbbVie Inc.,"Pfizer, Inc.",-2.311860105424893,0.16817137833324558,0.05,0.0002237838236444816,False,3.392291799490192,-5.509717059035414,,,,,,,,,,,,,,
US_PHARMA,ABBV,AMGN,AbbVie Inc.,Amgen Inc.,-2.2563716641616116,0.18642510065760065,0.05,0.0002237838236444816,False,1.1743314462156542,-1.4366359123298285,,,,,,,,,,,,,,
US_PHARMA,BMY,JNJ,Bristol-Myers Squibb Company,Johnson & Johnson,-2.1463429435118333,0.22629254326643555,0.05,0.0002237838236444816,False,0.4933802405207165,1.3550889981017709,,,,,,,,,,,,,,
US_PHARMA,GILD,LLY,"Gilead Sciences, Inc.",Eli Lilly and Company,-2.1271127463876103,0.23375308806267103,0.05,0.0002237838236444816,False,3.2508775135900025,-17.348441295157404,,,,,,,,,,,,,,
US_PHARMA,ABBV,MRK,AbbVie Inc.,"Merck & Company, Inc.",-2.07955754360362,0.25281366003529604,0.05,0.0002237838236444816,False,0.2137670581477426,4.288466530872235,,,,,,,,,,,,,,
US_PHARMA,AMGN,GILD,Amgen Inc.,"Gilead Sciences, Inc.",-2.0193786358607704,0.2781414094960515,0.05,0.0002237838236444816,False,0.27516713011257676,4.428011873670097,,,,,,,,,,,,,,
US_PHARMA,AMGN,BMY,Amgen Inc.,Bristol-Myers Squibb Company,-1.9641122739817167,0.3025268182156433,0.05,0.0002237838236444816,False,0.6397975990842841,3.2117682756044146,,,,,,,,,,,,,,
US_PHARMA,BMY,GILD,Bristol-Myers Squibb Company,"Gilead Sciences, Inc.",-1.9049602871515423,0.3297312452790978,0.05,0.0002237838236444816,False,0.4072734093705019,2.006816447887445,,,,,,,,,,,,,,
US_PHARMA,ABBV,BMY,AbbVie Inc.,Bristol-Myers Squibb Company,-1.5138078009764364,0.526670095500195,0.05,0.0002237838236444816,False,0.7577540726176754,2.310031148797886,,,,,,,,,,,,,,
US_PHARMA,GILD,JNJ,"Gilead Sciences, Inc.",Johnson & Johnson,-1.351558238804144,0.6052670149357399,0.05,0.0002237838236444816,False,1.2143810267395259,-1.6154588951597244,,,,,,,,,,,,,,
US_PHARMA,GILD,MRK,"Gilead Sciences, Inc.","Merck & Company, Inc.",-1.2700082835615014,0.6427794591323069,0.05,0.0002237838236444816,False,110.16743537486113,-497.3609772103959,,,,,,,,,,,,,,
US_RAILROADS,CNI,CP,Canadian National Railway Compa,Canadian Pacific Kansas City Li,-3.500765990765226,0.007967443574458595,0.05,,False,1.2151816557930226,-0.6640869602466033,,,,,,,,,,,,,,
US_RAILROADS,CNI,UNP,Canadian National Railway Compa,Union Pacific Corporation,-3.193768833681875,0.02034820866094156,0.05,,False,1.221842904344989,-2.0226770360977486,,,,,,,,,,,,,,
US_RAILROADS,CSX,UNP,CSX Corporation,Union Pacific Corporation,-3.1626492048100627,0.022251068783839544,0.05,,False,2.2707518794847172,-8.809365567192415,,,,,,,,,,,,,,
US_RAILROADS,CP,UNP,Canadian Pacific Kansas City Li,Union Pacific Corporation,-2.916309411374769,0.04348404108229206,0.05,,False,0.948995860703517,-0.8108022368417194,,,,,,,,,,,,,,
US_RAILROADS,CP,CSX,Canadian Pacific Kansas City Li,CSX Corporation,-2.679514039352427,0.07765081559478622,0.05,,False,0.339800023799662,3.1474219769570304,,,,,,,,,,,,,,
US_RAILROADS,CNI,CSX,Canadian National Railway Compa,CSX Corporation,-2.3027837578062287,0.17107172606428633,0.05,,False,0.3326268500665154,3.4448891206832624,,,,,,,,,,,,,,
US_RAILROADS,CP,NSC,Canadian Pacific Kansas City Li,Norfolk Southern Corporation,-2.250555311769779,0.18841076962921588,0.05,,False,0.2031269939976684,3.2215543183512017,,,,,,,,,,,,,,
US_RAILROADS,NSC,UNP,Norfolk Southern Corporation,Union Pacific Corporation,-2.0816790807569174,0.2519450591441802,0.05,,False,2.5611935967538146,-8.371639542853847,,,,,,,,,,,,,,
US_RAILROADS,CNI,NSC,Canadian National Railway Compa,Norfolk Southern Corporation,-1.8101293123705025,0.37544449389144297,0.05,,False,-0.007512300554449578,4.664362485996532,,,,,,,,,,,,,,
US_RAILROADS,CSX,NSC,CSX Corporation,Norfolk Southern Corporation,-1.7074021910358756,0.42730273756652837,0.05,,False,1.0802408246717896,-2.463343672690035,,,,,,,,,,,,,,
US_REIT,AMT,SPG,American Tower Corporation (REI,"Simon Property Group, Inc.",-3.8217630210572597,0.0026923367169629803,0.05,,False,-0.575927968580139,8.188523368042208,,,,,,,,,,,,,,
US_REIT,AMT,PLD,American Tower Corporation (REI,"Prologis, Inc.",-3.2506550241478114,0.017233530098126486,0.05,,False,-0.5002024959095742,7.62174998968575,,,,,,,,,,,,,,
US_REIT,AMT,DLR,American Tower Corporation (REI,"Digital Realty Trust, Inc.",-3.2146759138068886,0.019150741738070104,0.05,,False,-0.6811948417967603,8.71333902632265,,,,,,,,,,,,,,
US_REIT,AMT,WELL,American Tower Corporation (REI,Welltower Inc.,-3.1678058764020016,0.021925481452664417,0.05,,False,-0.20128506144673947,6.26263896109748,,,,,,,,,,,,,,
US_REIT,AMT,O,American Tower Corporation (REI,Realty Income Corporation,-3.1322236371401564,0.024258592622425378,0.05,,False,-1.3761464148620632,10.759007048847788,,,,,,,,,,,,,,
US_REIT,AMT,EQIX,American Tower Corporation (REI,"Equinix, Inc.",-2.7834937687135883,0.06067052282387584,0.05,,False,-0.34779584188476714,7.591478818820907,,,,,,,,,,,,,,
US_REIT,EQIX,PSA,"Equinix, Inc.",Public Storage,-2.692650120230198,0.07531877766316714,0.05,,False,2.710206097414645,-8.576798494506564,,,,,,,,,,,,,,
US_REIT,DLR,SPG,"Digital Realty Trust, Inc.","Simon Property Group, Inc.",-2.6010321282484576,0.09278413510204153,0.05,,False,0.7626323821588415,1.1933059408633806,,,,,,,,,,,,,,
US_REIT,O,PLD,Realty Income Corporation,"Prologis, Inc.",-2.448854216301446,0.12841954298867625,0.05,,False,0.6163873207977867,1.0797611073939013,,,,,,,,,,,,,,
US_REIT,DLR,O,"Digital Realty Trust, Inc.",Realty Income Corporation,-2.4397347661953863,0.1308340994427012,0.05,,False,1.4548937667848545,-0.7393856737171269,,,,,,,,,,,,,,
US_REIT,PSA,WELL,Public Storage,Welltower Inc.,-2.42209266526903,0.1355977537570272,0.05,,False,-0.04940339361510998,5.899312526712998,,,,,,,,,,,,,,
US_REIT,DLR,PSA,"Digital Realty Trust, Inc.",Public Storage,-2.324861023280231,0.16407510611930126,0.05,,False,3.356697696717929,-13.880080013988259,,,,,,,,,,,,,,
US_REIT,PSA,SPG,Public Storage,"Simon Property Group, Inc.",-2.297975669948181,0.1726216894969777,0.05,,False,0.09422454331581481,5.169365168214227,,,,,,,,,,,,,,
US_REIT,PLD,PSA,"Prologis, Inc.",Public Storage,-2.2481125632703836,0.18924879416831514,0.05,,False,5.041084241237238,-23.739295498208833,,,,,,,,,,,,,,
US_REIT,DLR,WELL,"Digital Realty Trust, Inc.",Welltower Inc.,-2.2413655377749206,0.19157601506932037,0.05,,False,0.2911686940423684,3.6194142772696596,,,,,,,,,,,,,,
US_REIT,O,SPG,Realty Income Corporation,"Simon Property Group, Inc.",-2.236683145025973,0.19320191137714382,0.05,,False,0.599631587861884,0.943248971987551,,,,,,,,,,,,,,
US_REIT,O,WELL,Realty Income Corporation,Welltower Inc.,-2.2338046800567644,0.1942058152742664,0.05,,False,0.2875764955757438,2.555339118157989,,,,,,,,,,,,,,
US_REIT,PLD,SPG,"Prologis, Inc.","Simon Property Group, Inc.",-2.227132971141526,0.19654552527087582,0.05,,False,0.996058373209615,-0.3401224160796259,,,,,,,,,,,,,,
US_REIT,DLR,PLD,"Digital Realty Trust, Inc.","Prologis, Inc.",-2.126699878404362,0.23391484045583644,0.05,,False,0.6509654500999223,1.9978718329472507,,,,,,,,,,,,,,
US_REIT,SPG,WELL,"Simon Property Group, Inc.",Welltower Inc.,-2.102716273518447,0.2434237779926826,0.05,,False,0.483145952961875,2.6705432478196736,,,,,,,,,,,,,,
US_REIT,DLR,EQIX,"Digital Realty Trust, Inc.","Equinix, Inc.",-2.090753182147446,0.24824901288152795,0.05,,False,0.7756215784684265,-0.13874291321573295,,,,,,,,,,,,,,
US_REIT,EQIX,O,"Equinix, Inc.",Realty Income Corporation,-2.0901165683278555,0.2485073057085928,0.05,,False,2.1710176269497663,-1.9566499278875185,,,,,,,,,,,,,,
US_REIT,EQIX,SPG,"Equinix, Inc.","Simon Property Group, Inc.",-2.0640409425837056,0.25921748743578604,0.05,,False,0.9923019737023415,1.6712012371517462,,,,,,,,,,,,,,
US_REIT,EQIX,PLD,"Equinix, Inc.","Prologis, Inc.",-1.7644625614345562,0.3982422395040225,0.05,,False,0.9968390070832162,2.00714537501276,,,,,,,,,,,,,,
US_REIT,O,PSA,Realty Income Corporation,Public Storage,-1.760323378608512,0.4003302309332866,0.05,,False,1.7391112128440411,-5.8222753130138845,,,,,,,,,,,,,,
US_REIT,AMT,PSA,American Tower Corporation (REI,Public Storage,-1.670379899034245,0.4464346048182109,0.05,,False,1.6920485187862957,-4.312305484280218,,,,,,,,,,,,,,
US_REIT,PLD,WELL,"Prologis, Inc.",Welltower Inc.,-1.6234793752674468,0.47090567061215577,0.05,,False,0.401308870227394,2.722655611084834,,,,,,,,,,,,,,
US_REIT,EQIX,WELL,"Equinix, Inc.",Welltower Inc.,-1.017746440979044,0.7467367916992917,0.05,,False,0.2701455766114319,5.375702174127272,,,,,,,,,,,,,,
US_RETAIL,BBY,KR,"Best Buy Co., Inc.",Kroger Company (The),-3.6822818690471975,0.004369391625762639,0.05,,False,-1.1915691539167397,9.174561791542502,,,,,,,,,,,,,,
US_RETAIL,BBY,DLTR,"Best Buy Co., Inc.","Dollar Tree, Inc.",-3.376657868738623,0.011780811977826667,0.05,,False,-0.35412723911839705,5.863658956636395,,,,,,,,,,,,,,
US_RETAIL,BBY,COST,"Best Buy Co., Inc.",Costco Wholesale Corporation,-3.322397848568086,0.013906497707718719,0.05,,False,-3.343889904717379,27.150334450468844,,,,,,,,,,,,,,
US_RETAIL,BBY,DG,"Best Buy Co., Inc.",Dollar General Corporation,-3.278109416499572,0.01588579429707934,0.05,,False,-0.36959545589145,5.963792804538312,,,,,,,,,,,,,,
US_RETAIL,COST,KR,Costco Wholesale Corporation,Kroger Company (The),-3.1690229262513987,0.02184924307733807,0.05,,False,0.47184552721601,4.899333799539337,,,,,,,,,,,,,,
US_RETAIL,DG,DLTR,Dollar General Corporation,"Dollar Tree, Inc.",-3.0473577736422515,0.030702270671739567,0.05,,False,1.0389549007161696,-0.09497080613769615,,,,,,,,,,,,,,
US_RETAIL,BBY,WMT,"Best Buy Co., Inc.",Walmart Inc.,-3.0126955442940515,0.03372568567627924,0.05,,False,-0.532402156247651,6.695207678018829,,,,,,,,,,,,,,
US_RETAIL,DG,WMT,Dollar General Corporation,Walmart Inc.,-2.975038033066738,0.03729220875662786,0.05,,False,1.548028508083444,-2.4707686118319288,,,,,,,,,,,,,,
US_RETAIL,DLTR,WMT,"Dollar Tree, Inc.",Walmart Inc.,-2.8473993761676346,0.05181557486430038,0.05,,False,1.3764990400336345,-1.767658698467189,,,,,,,,,,,,,,
US_RETAIL,COST,ROST,Costco Wholesale Corporation,"Ross Stores, Inc.",-2.7897610954459973,0.05975127256527113,0.05,,False,0.11748686170491064,6.250646189633278,,,,,,,,,,,,,,
US_RETAIL,COST,DLTR,Costco Wholesale Corporation,"Dollar Tree, Inc.",-2.774562739548887,0.062000170216451274,0.05,,False,0.008164726796454306,6.808408018741117,,,,,,,,,,,,,,
US_RETAIL,KR,TGT,Kroger Company (The),Target Corporation,-2.7428138561936564,0.06691806472718068,0.05,,False,-0.5006447137346144,6.480289425750646,,,,,,,,,,,,,,
US_RETAIL,TJX,WMT,"TJX Companies, Inc. (The)",Walmart Inc.,-2.727368521999537,0.06942087096165611,0.05,,False,0.6963719777852982,1.6889232488135706,,,,,,,,,,,,,,
US_RETAIL,COST,WMT,Costco Wholesale Corporation,Walmart Inc.,-2.686573916771366,0.07639052254239649,0.05,,False,0.24225819404998453,5.737354181837718,,,,,,,,,,,,,,
US_RETAIL,COST,TGT,Costco Wholesale Corporation,Target Corporation,-2.671903396026357,0.07902767151705858,0.05,,False,-0.09474477227023598,7.2912341054251035,,,,,,,,,,,,,,
US_RETAIL,COST,DG,Costco Wholesale Corporation,Dollar General Corporation,-2.578242291288289,0.09757803911577645,0.05,,False,-0.00501597421788342,6.868499700008607,,,,,,,,,,,,,,
US_RETAIL,DLTR,TJX,"Dollar Tree, Inc.","TJX Companies, Inc. (The)",-2.5291408592459996,0.1085440591994043,0.05,,False,2.095589065367197,-5.685700762412148,,,,,,,,,,,,,,
US_RETAIL,BBY,TJX,"Best Buy Co., Inc.","TJX Companies, Inc. (The)",-2.5225150991162177,0.11009181902231535,0.05,,False,-0.8952651844662624,8.623613647734361,,,,,,,,,,,,,,
US_RETAIL,DLTR,KR,"Dollar Tree, Inc.",Kroger Company (The),-2.515380354739853,0.11177682543226403,0.05,,False,4.715281265628549,-14.919276126534616,,,,,,,,,,,,,,
US_RETAIL,COST,TJX,Costco Wholesale Corporation,"TJX Companies, Inc. (The)",-2.4561637003647228,0.12650763043981655,0.05,,False,0.2586837956214812,5.584568491235201,,,,,,,,,,,,,,
US_RETAIL,DG,KR,Dollar General Corporation,Kroger Company (The),-2.4475829007323475,0.12875420071683402,0.05,,False,6.2822616929545285,-21.300594065275867,,,,,,,,,,,,,,
US_RETAIL,BBY,ROST,"Best Buy Co., Inc.","Ross Stores, Inc.",-2.363540386368054,0.15229231988162745,0.05,,False,-0.39541210117517656,6.261764948174102,,,,,,,,,,,,,,
US_RETAIL,BBY,TGT,"Best Buy Co., Inc.",Target Corporation,-2.306740434623923,0.16980326216835467,0.05,,False,0.518829066076493,1.8186057300510048,,,,,,,,,,,,,,
US_RETAIL,DG,TJX,Dollar General Corporation,"TJX Companies, Inc. (The)",-2.266794863585368,0.18290097219948614,0.05,,False,2.3265796256487272,-6.730115448801252,,,,,,,,,,,,,,
US_RETAIL,ROST,WMT,"Ross Stores, Inc.",Walmart Inc.,-2.2136672924394096,0.20132246610123955,0.05,,False,0.9728293511648729,0.6126560846384805,,,,,,,,,,,,,,
US_RETAIL,KR,ROST,Kroger Company (The),"Ross Stores, Inc.",-1.9620252442906485,0.30346778944992403,0.05,,False,0.2395258562030889,2.911817792883291,,,,,,,,,,,,,,
US_RETAIL,ROST,TJX,"Ross Stores, Inc.","TJX Companies, Inc. (The)",-1.8729029963933388,0.34491377107700744,0.05,,False,1.4461640859439933,-1.9864031735094478,,,,,,,,,,,,,,
US_RETAIL,KR,WMT,Kroger Company (The),Walmart Inc.,-1.822615796537989,0.3692927828643552,0.05,,False,0.5088439563195947,1.797009401268891,,,,,,,,,,,,,,
US_RETAIL,DG,TGT,Dollar General Corporation,Target Corporation,-1.7713187329476354,0.3947912151584101,0.05,,False,-2.592645123244475,16.810123497106993,,,,,,,,,,,,,,
US_RETAIL,DLTR,TGT,"Dollar Tree, Inc.",Target Corporation,-1.7535786441179428,0.40373975409541474,0.05,,False,-1.8509162788791498,13.238231971729753,,,,,,,,,,,,,,
US_RETAIL,DLTR,ROST,"Dollar Tree, Inc.","Ross Stores, Inc.",-1.4264846044535644,0.5695152868547376,0.05,,False,1.4022661864904784,-2.570356221305895,,,,,,,,,,,,,,
US_RETAIL,DG,ROST,Dollar General Corporation,"Ross Stores, Inc.",-1.415657696173615,0.5747470304087718,0.05,,False,1.4779440579287637,-2.872026411904665,,,,,,,,,,,,,,
US_RETAIL,KR,TJX,Kroger Company (The),"TJX Companies, Inc. (The)",-1.3821185558167448,0.5908180542971604,0.05,,False,0.742116076604926,0.5072945267144671,,,,,,,,,,,,,,
US_RETAIL,TGT,WMT,Target Corporation,Walmart Inc.,-1.302818068236306,0.6278820598277913,0.05,,False,-0.8771483257714685,8.717701590408232,,,,,,,,,,,,,,
US_RETAIL,ROST,TGT,"Ross Stores, Inc.",Target Corporation,-1.2634888502516772,0.6457063569253412,0.05,,False,1.1757571423487176,-0.47082925679828325,,,,,,,,,,,,,,
US_RETAIL,TGT,TJX,Target Corporation,"TJX Companies, Inc. (The)",-0.7897790241931956,0.8221059803494783,0.05,,False,-2.2192768372797036,15.522487814688512,,,,,,,,,,,,,,
US_SEMICONDUCTORS,ON,QCOM,ON Semiconductor Corporation,QUALCOMM Incorporated,-3.9289800551048404,0.0018316247637239714,0.05,,False,3.2441277514422655,-12.338350738092728,,,,,,,,,,,,,,
US_SEMICONDUCTORS,NVDA,QCOM,NVIDIA Corporation,QUALCOMM Incorporated,-3.8340004035547146,0.0025779874066193193,0.05,,False,4.787748274293697,-19.235639731518035,,,,,,,,,,,,,,
US_SEMICONDUCTORS,MRVL,QCOM,"Marvell Technology, Inc.",QUALCOMM Incorporated,-3.6936744092946454,0.004203014141629404,0.05,,False,4.814969375350728,-19.936275807491768,,,,,,,,,,,,,,
US_SEMICONDUCTORS,ADI,MU,"Analog Devices, Inc.","Micron Technology, Inc.",-3.606925745488081,0.005629994431373905,0.05,,False,0.299286205651166,3.977506516598272,,,,,,,,,,,,,,
US_SEMICONDUCTORS,AVGO,NVDA,Broadcom Inc.,NVIDIA Corporation,-3.5554209301511737,0.006672756184459687,0.05,,False,1.6184584265167326,-2.610116916813765,,,,,,,,,,,,,,
US_SEMICONDUCTORS,AMD,QCOM,"Advanced Micro Devices, Inc.",QUALCOMM Incorporated,-3.1727698380304665,0.021615970258618382,0.05,,False,5.558667154024531,-23.03138625245762,,,,,,,,,,,,,,
US_SEMICONDUCTORS,ADI,QCOM,"Analog Devices, Inc.",QUALCOMM Incorporated,-3.110580983070354,0.025779993444691614,0.05,,False,4.061735117246476,-15.075635197901315,,,,,,,,,,,,,,
US_SEMICONDUCTORS,MPWR,QCOM,"Monolithic Power Systems, Inc.",QUALCOMM Incorporated,-3.0729250647249544,0.028622825801948658,0.05,,False,5.069118533967658,-18.941943828194606,,,,,,,,,,,,,,
US_SEMICONDUCTORS,ADI,INTC,"Analog Devices, Inc.",Intel Corporation,-3.037950454446499,0.0314991053284032,0.05,,False,0.41756099225938803,4.073259104047223,,,,,,,,,,,,,,
US_SEMICONDUCTORS,INTC,QCOM,Intel Corporation,QUALCOMM Incorporated,-3.025088294021224,0.03261696992518495,0.05,,False,8.398221565272152,-39.12371336160033,,,,,,,,,,,,,,
US_SEMICONDUCTORS,INTC,MU,Intel Corporation,"Micron Technology, Inc.",-3.015041364992046,0.03351340264387764,0.05,,False,0.6952267287478479,-0.11927564392652057,,,,,,,,,,,,,,
US_SEMICONDUCTORS,MU,QCOM,"Micron Technology, Inc.",QUALCOMM Incorporated,-2.856044894566723,0.05070334189997497,0.05,,False,16.22464647227171,-77.10756929907744,,,,,,,,,,,,,,
US_SEMICONDUCTORS,QCOM,TXN,QUALCOMM Incorporated,Texas Instruments Incorporated,-2.760233103063955,0.06418253779738509,0.05,,False,0.6331723929270128,1.7400244407212355,,,,,,,,,,,,,,
US_SEMICONDUCTORS,AMD,INTC,"Advanced Micro Devices, Inc.",Intel Corporation,-2.690896091686373,0.07562693528459496,0.05,,False,0.7904654263820219,2.422346926606138,,,,,,,,,,,,,,
US_SEMICONDUCTORS,AVGO,QCOM,Broadcom Inc.,QUALCOMM Incorporated,-2.6148172191087085,0.08997335597551259,0.05,,False,14.514860519484854,-68.03021715501,,,,,,,,,,,,,,
US_SEMICONDUCTORS,ON,TXN,ON Semiconductor Corporation,Texas Instruments Incorporated,-2.5375866684293285,0.10659481219612504,0.05,,False,1.8635150094564763,-5.691921536725704,,,,,,,,,,,,,,
US_SEMICONDUCTORS,MRVL,TXN,"Marvell Technology, Inc.",Texas Instruments Incorporated,-2.4684726961169323,0.12333488884887633,0.05,,False,2.657406343490986,-9.50165917717688,,,,,,,,,,,,,,
US_SEMICONDUCTORS,INTC,TXN,Intel Corporation,Texas Instruments Incorporated,-2.4594762525521365,0.12564801950421506,0.05,,False,4.130181170434763,-18.270597651787543,,,,,,,,,,,,,,
US_SEMICONDUCTORS,INTC,MPWR,Intel Corporation,"Monolithic Power Systems, Inc.",-2.40733890526725,0.13967576182513153,0.05,,False,1.8219265172601014,-8.856210178590015,,,,,,,,,,,,,,
US_SEMICONDUCTORS,AMD,MPWR,"Advanced Micro Devices, Inc.","Monolithic Power Systems, Inc.",-2.400013903255847,0.14173248463454702,0.05,,False,1.4115515851366922,-4.385108582864594,,,,,,,,,,,,,,
US_SEMICONDUCTORS,ADI,AMD,"Analog Devices, Inc.","Advanced Micro Devices, Inc.",-2.291305316449996,0.17478751592689046,0.05,,False,0.5080164840587879,2.8976033147574785,,,,,,,,,,,,,,
US_SEMICONDUCTORS,AVGO,SWKS,Broadcom Inc.,"Skyworks Solutions, Inc.",-2.272787420718165,0.18089480482426862,0.05,,False,-2.7302450296126244,17.21370272497493,,,,,,,,,,,,,,
US_SEMICONDUCTORS,AMD,TXN,"Advanced Micro Devices, Inc.",Texas Instruments Incorporated,-2.222975933178639,0.1980124398960849,0.05,,False,3.3145837061021504,-12.281746110643411,,,,,,,,,,,,,,
US_SEMICONDUCTORS,ADI,MPWR,"Analog Devices, Inc.","Monolithic Power Systems, Inc.",-2.2006924126669754,0.20599424698648294,0.05,,False,0.7301978289789397,0.5814743730172243,,,,,,,,,,,,,,
US_SEMICONDUCTORS,NVDA,SWKS,NVIDIA Corporation,"Skyworks Solutions, Inc.",-2.195090984406115,0.20803196846643668,0.05,,False,-1.4809599796711632,11.36678574377273,,,,,,,,,,,,,,
US_SEMICONDUCTORS,AMD,MU,"Advanced Micro Devices, Inc.","Micron Technology, Inc.",-2.1479586841268743,0.22567227321051375,0.05,,False,0.5426590454986354,2.3633101240618486,,,,,,,,,,,,,,
US_SEMICONDUCTORS,MRVL,ON,"Marvell Technology, Inc.",ON Semiconductor Corporation,-2.1048210074366116,0.24258047436810437,0.05,,False,1.3843605408158017,-1.2140089790129966,,,,,,,,,,,,,,
US_SEMICONDUCTORS,QCOM,SWKS,QUALCOMM Incorporated,"Skyworks Solutions, Inc.",-2.0636444584037315,0.2593822895257729,0.05,,False,0.47047554998381363,3.0535493673082343,,,,,,,,,,,,,,
US_SEMICONDUCTORS,MPWR,SWKS,"Monolithic Power Systems, Inc.","Skyworks Solutions, Inc.",-2.062861092848824,0.2597080727350429,0.05,,False,-7.5218062277156825,38.94686544850501,,,,,,,,,,,,,,
US_SEMICONDUCTORS,INTC,SWKS,Intel Corporation,"Skyworks Solutions, Inc.",-2.0361933905907836,0.270932412751537,0.05,,False,-8.523919281097639,39.925735714085484,,,,,,,,,,,,,,
US_SEMICONDUCTORS,MU,TXN,"Micron Technology, Inc.",Texas Instruments Incorporated,-2.0313176254899914,0.27301243013529,0.05,,False,6.359410710951371,-28.308643052619594,,,,,,,,,,,,,,
US_SEMICONDUCTORS,AMD,SWKS,"Advanced Micro Devices, Inc.","Skyworks Solutions, Inc.",-2.0217570493455024,0.2771156155249266,0.05,,False,-15.88388631706553,73.13584144680708,,,,,,,,,,,,,,
US_SEMICONDUCTORS,INTC,MRVL,Intel Corporation,"Marvell Technology, Inc.",-2.0103042956176562,0.28207338128318304,0.05,,False,1.6701254217134154,-4.0204211315492255,,,,,,,,,,,,,,
US_SEMICONDUCTORS,MRVL,SWKS,"Marvell Technology, Inc.","Skyworks Solutions, Inc.",-2.007944722904183,0.2831005165483951,0.05,,False,-40.854072825442266,179.35805495033367,,,,,,,,,,,,,,
US_SEMICONDUCTORS,MU,SWKS,"Micron Technology, Inc.","Skyworks Solutions, Inc.",-2.007912983459159,0.28311434611546515,0.05,,False,-9.616223490491391,46.279373536186675,,,,,,,,,,,,,,
US_SEMICONDUCTORS,ADI,NVDA,"Analog Devices, Inc.",NVIDIA Corporation,-1.9972504980449097,0.2877799597483598,0.05,,False,1.0156031154818834,0.4024054099181775,,,,,,,,,,,,,,
US_SEMICONDUCTORS,AMD,ON,"Advanced Micro Devices, Inc.",ON Semiconductor Corporation,-1.9669263577894405,0.30126030189912745,0.05,,False,1.7363806296181359,-1.9842098695430224,,,,,,,,,,,,,,
US_SEMICONDUCTORS,MPWR,MU,"Monolithic Power Systems, Inc.","Micron Technology, Inc.",-1.9554691487600016,0.3064329389849255,0.05,,False,0.3813775457345964,4.7965174365382826,,,,,,,,,,,,,,
US_SEMICONDUCTORS,MPWR,NVDA,"Monolithic Power Systems, Inc.",NVIDIA Corporation,-1.9348177462876976,0.31586311606573325,0.05,,False,1.4790096669121735,-0.6883505174592512,,,,,,,,,,,,,,
US_SEMICONDUCTORS,ADI,SWKS,"Analog Devices, Inc.","Skyworks Solutions, Inc.",-1.8822085259766284,0.34047650870099216,0.05,,False,-1.6628428965273572,12.626256175379911,,,,,,,,,,,,,,
US_SEMICONDUCTORS,MU,NVDA,"Micron Technology, Inc.",NVIDIA Corporation,-1.8689357814879604,0.34681279568465284,0.05,,False,3.8403280308814702,-14.191991864588555,,,,,,,,,,,,,,
US_SEMICONDUCTORS,ADI,TXN,"Analog Devices, Inc.",Texas Instruments Incorporated,-1.8596701195262622,0.3512647653432683,0.05,,False,1.508469872524476,-2.4199563448819115,,,,,,,,,,,,,,
US_SEMICONDUCTORS,INTC,NVDA,Intel Corporation,NVIDIA Corporation,-1.7394184060672906,0.41092583780202374,0.05,,False,2.8528118533065516,-10.905410951680455,,,,,,,,,,,,,,
US_SEMICONDUCTORS,AVGO,INTC,Broadcom Inc.,Intel Corporation,-1.71119690990659,0.42535292160396937,0.05,,False,0.5902012874905093,3.498141809559364,,,,,,,,,,,,,,
US_SEMICONDUCTORS,AMD,NVDA,"Advanced Micro Devices, Inc.",NVIDIA Corporation,-1.6552255957142097,0.4543165667217025,0.05,,False,2.0749126937757127,-5.292478385225897,,,,,,,,,,,,,,
US_SEMICONDUCTORS,INTC,ON,Intel Corporation,ON Semiconductor Corporation,-1.637332761289984,0.463654839870505,0.05,,False,2.432057746158796,-6.540178193257033,,,,,,,,,,,,,,
US_SEMICONDUCTORS,AMD,MRVL,"Advanced Micro Devices, Inc.","Marvell Technology, Inc.",-1.617981329740277,0.4737877669576635,0.05,,False,1.259957776570503,-0.48682932594817263,,,,,,,,,,,,,,
US_SEMICONDUCTORS,NVDA,ON,NVIDIA Corporation,ON Semiconductor Corporation,-1.6007242266466282,0.48322965567175885,0.05,,False,0.5601139657898724,2.7294759989757833,,,,,,,,,,,,,,
US_SEMICONDUCTORS,AVGO,MPWR,Broadcom Inc.,"Monolithic Power Systems, Inc.",-1.534372666200751,0.5164443690112448,0.05,,False,1.246130602348551,-2.8812838003070533,,,,,,,,,,,,,,
US_SEMICONDUCTORS,ADI,MRVL,"Analog Devices, Inc.","Marvell Technology, Inc.",-1.50758045320152,0.5297581196893888,0.05,,False,0.5478383468484433,3.0620676174833066,,,,,,,,,,,,,,
US_SEMICONDUCTORS,MPWR,TXN,"Monolithic Power Systems, Inc.",Texas Instruments Incorporated,-1.4936385806128407,0.5366558621035125,0.05,,False,2.2908841705307723,-5.2931567878237,,,,,,,,,,,,,,
US_SEMICONDUCTORS,AVGO,MU,Broadcom Inc.,"Micron Technology, Inc.",-1.4552686172730225,0.5555119868084992,0.05,,False,0.4126196912851414,3.4160060695990824,,,,,,,,,,,,,,
US_SEMICONDUCTORS,MPWR,ON,"Monolithic Power Systems, Inc.",ON Semiconductor Corporation,-1.4375117203830157,0.5641663497223528,0.05,,False,1.1225652048139367,2.142056774978374,,,,,,,,,,,,,,
US_SEMICONDUCTORS,ADI,ON,"Analog Devices, Inc.",ON Semiconductor Corporation,-1.423833927336656,0.57079801187332,0.05,,False,0.7365074355416658,2.486806977863643,,,,,,,,,,,,,,
US_SEMICONDUCTORS,ON,SWKS,ON Semiconductor Corporation,"Skyworks Solutions, Inc.",-1.4221196471268527,0.5716269511389291,0.05,,False,2.406035943700645,-6.198417531921252,,,,,,,,,,,,,,
US_SEMICONDUCTORS,MU,ON,"Micron Technology, Inc.",ON Semiconductor Corporation,-1.4175008903802202,0.5738578114744051,0.05,,False,4.048546669645763,-11.492949363351237,,,,,,,,,,,,,,
US_SEMICONDUCTORS,NVDA,TXN,NVIDIA Corporation,Texas Instruments Incorporated,-1.4027748296822882,0.5809451096756245,0.05,,False,1.838577626347709,-4.635660024343854,,,,,,,,,,,,,,
US_SEMICONDUCTORS,ADI,AVGO,"Analog Devices, Inc.",Broadcom Inc.,-1.343685021443459,0.6089571048987955,0.05,,False,0.566435214380403,2.3777814093876386,,,,,,,,,,,,,,
US_SEMICONDUCTORS,MPWR,MRVL,"Monolithic Power Systems, Inc.","Marvell Technology, Inc.",-1.116155360181272,0.7085865235953985,0.05,,False,0.777269485456682,3.276577479230039,,,,,,,,,,,,,,
US_SEMICONDUCTORS,AMD,AVGO,"Advanced Micro Devices, Inc.",Broadcom Inc.,-1.1000314706394376,0.7150593548740037,0.05,,False,1.2565789497813502,-1.8055934891264478,,,,,,,,,,,,,,
US_SEMICONDUCTORS,MRVL,NVDA,"Marvell Technology, Inc.",NVIDIA Corporation,-1.0813167927824578,0.7224647571655535,0.05,,False,2.0868969732998215,-6.02639466625163,,,,,,,,,,,,,,
US_SEMICONDUCTORS,MRVL,MU,"Marvell Technology, Inc.","Micron Technology, Inc.",-1.02700924753199,0.7432862919243086,0.05,,False,0.37396018315322865,2.5521764214079585,,,,,,,,,,,,,,
US_SEMICONDUCTORS,AVGO,TXN,Broadcom Inc.,Texas Instruments Incorporated,-0.785587041282534,0.8233191476355711,0.05,,False,4.470132653305709,-17.966851482267266,,,,,,,,,,,,,,
US_SEMICONDUCTORS,AVGO,ON,Broadcom Inc.,ON Semiconductor Corporation,-0.6505791926364929,0.8591388697719521,0.05,,False,2.9489528136628036,-6.569973538908216,,,,,,,,,,,,,,
US_SEMICONDUCTORS,SWKS,TXN,"Skyworks Solutions, Inc.",Texas Instruments Incorporated,-0.4354575859963894,0.9040081857221672,0.05,,False,5.10413610345879,-22.543567068529324,,,,,,,,,,,,,,
US_SEMICONDUCTORS,AVGO,MRVL,Broadcom Inc.,"Marvell Technology, Inc.",-0.2434583282560444,0.9331393394422112,0.05,,False,1.0004850180446525,1.0593263076492825,,,,,,,,,,,,,,
US_STAPLES,CLX,PG,Clorox Company (The),Procter & Gamble Company (The),-4.21945533466441,0.0006106780113156674,0.05,0.0006106780113156674,True,3.3539986264986634,-12.081660398816634,9.481959180136474,-0.0002302288707429495,-0.07310168367018521,28.0,-1.456681580437166,2.279739304829943,False,,0.4,-0.03633337867698179,-0.07851700947740547,-0.45638775395391873,True,mixed signal
US_STAPLES,KHC,PG,The Kraft Heinz Company,Procter & Gamble Company (The),-3.7491304613570136,0.003472829049712812,0.05,0.0006106780113156674,False,2.481686292161239,-9.25129838309647,,,,,,,,,,,,,,
US_STAPLES,GIS,PG,"General Mills, Inc.",Procter & Gamble Company (The),-3.6381046580465464,0.005072969749370983,0.05,0.0006106780113156674,False,4.418086033408643,-18.34418524217441,,,,,,,,,,,,,,
US_STAPLES,KMB,PG,Kimberly-Clark Corporation,Procter & Gamble Company (The),-3.601282619638581,0.0057365541078693155,0.05,0.0006106780113156674,False,2.5790680343530346,-8.233216555067429,,,,,,,,,,,,,,
US_STAPLES,KO,PG,Coca-Cola Company (The),Procter & Gamble Company (The),-3.478568519042013,0.008554864090752361,0.05,0.0006106780113156674,False,-2.3779234471923543,16.184972120276818,,,,,,,,,,,,,,
US_STAPLES,CHD,PG,"Church & Dwight Company, Inc.",Procter & Gamble Company (The),-3.244672133054262,0.01754018864587478,0.05,0.0006106780113156674,False,1.485024890455432,-2.908216153490093,,,,,,,,,,,,,,
US_STAPLES,HSY,PG,The Hershey Company,Procter & Gamble Company (The),-3.0855734944269573,0.027639399830143428,0.05,0.0006106780113156674,False,-4.236209656548913,26.493591409073968,,,,,,,,,,,,,,
US_STAPLES,CLX,KO,Clorox Company (The),Coca-Cola Company (The),-3.045598838404093,0.030849941278247733,0.05,0.0006106780113156674,False,-2.467070076070689,15.199706081131446,,,,,,,,,,,,,,
US_STAPLES,GIS,KO,"General Mills, Inc.",Coca-Cola Company (The),-2.987602829986277,0.03606847149680902,0.05,0.0006106780113156674,False,-2.8697547575035007,15.990920106140871,,,,,,,,,,,,,,
US_STAPLES,KHC,KO,The Kraft Heinz Company,Coca-Cola Company (The),-2.8672227951473666,0.04929446319254663,0.05,0.0006106780113156674,False,-1.612279797357461,10.036395515516013,,,,,,,,,,,,,,
US_STAPLES,HSY,KMB,The Hershey Company,Kimberly-Clark Corporation,-2.846432878880954,0.051941146923109235,0.05,0.0006106780113156674,False,-0.6690206631888379,8.3460914461351,,,,,,,,,,,,,,
US_STAPLES,CLX,GIS,Clorox Company (The),"General Mills, Inc.",-2.7936192201876944,0.05919101348275573,0.05,0.0006106780113156674,False,0.8073663878219102,1.6564858505619164,,,,,,,,,,,,,,
US_STAPLES,KMB,KO,Kimberly-Clark Corporation,Coca-Cola Company (The),-2.7264653690855485,0.06956949747788906,0.05,0.0006106780113156674,False,-1.7596721532942985,12.165868523149825,,,,,,,,,,,,,,
US_STAPLES,KHC,KMB,The Kraft Heinz Company,Kimberly-Clark Corporation,-2.649672751407504,0.08315922102655993,0.05,0.0006106780113156674,False,0.9244631256306077,-1.149510026601742,,,,,,,,,,,,,,
US_STAPLES,CHD,HSY,"Church & Dwight Company, Inc.",The Hershey Company,-2.648018541548359,0.08347326078640249,0.05,0.0006106780113156674,False,-0.3367285013608912,6.307787777580563,,,,,,,,,,,,,,
US_STAPLES,GIS,KHC,"General Mills, Inc.",The Kraft Heinz Company,-2.63044774590198,0.0868661901040566,0.05,0.0006106780113156674,False,1.8039723656581033,-1.9511387021346684,,,,,,,,,,,,,,
US_STAPLES,MDLZ,PG,"Mondelez International, Inc.",Procter & Gamble Company (The),-2.6131724074199827,0.09030524518791516,0.05,0.0006106780113156674,False,1.6505042366139009,-4.202448982607752,,,,,,,,,,,,,,
US_STAPLES,CLX,KHC,Clorox Company (The),The Kraft Heinz Company,-2.5944262264899502,0.09415473382036704,0.05,0.0006106780113156674,False,1.5220293415144648,-0.1313293533508899,,,,,,,,,,,,,,
US_STAPLES,HSY,KHC,The Hershey Company,The Kraft Heinz Company,-2.57030040760198,0.09929223268554377,0.05,0.0006106780113156674,False,-0.6384643798772723,7.237950030828521,,,,,,,,,,,,,,
US_STAPLES,GIS,HSY,"General Mills, Inc.",The Hershey Company,-2.5284326369698884,0.10870871703920593,0.05,0.0006106780113156674,False,-3.9537523942228385,24.33077482863042,,,,,,,,,,,,,,
US_STAPLES,KMB,MDLZ,Kimberly-Clark Corporation,"Mondelez International, Inc.",-2.46975849407015,0.12300684513563082,0.05,0.0006106780113156674,False,2.087632947879477,-3.8224535501621046,,,,,,,,,,,,,,
US_STAPLES,CHD,CL,"Church & Dwight Company, Inc.",Colgate-Palmolive Company,-2.40754731250896,0.1396175567630345,0.05,0.0006106780113156674,False,0.9848983396425869,0.1681168484261768,,,,,,,,,,,,,,
US_STAPLES,CLX,HSY,Clorox Company (The),The Hershey Company,-2.4017386305721904,0.14124629425857288,0.05,0.0006106780113156674,False,-2.807459574372203,19.312271254841548,,,,,,,,,,,,,,
US_STAPLES,CHD,KO,"Church & Dwight Company, Inc.",Coca-Cola Company (The),-2.366248858972148,0.15148983857345671,0.05,0.0006106780113156674,False,-0.6556868367267313,7.33079069673882,,,,,,,,,,,,,,
US_STAPLES,HSY,PEP,The Hershey Company,"Pepsico, Inc.",-2.356950457088983,0.15425714365199766,0.05,0.0006106780113156674,False,1.4865298063704986,-2.2187277917886483,,,,,,,,,,,,,,
US_STAPLES,KO,MDLZ,Coca-Cola Company (The),"Mondelez International, Inc.",-2.316736401302944,0.1666269500510773,0.05,0.0006106780113156674,False,-4.12745855995389,21.162884196894666,,,,,,,,,,,,,,
US_STAPLES,HSY,MDLZ,The Hershey Company,"Mondelez International, Inc.",-2.310642689376643,0.16855846391023083,0.05,0.0006106780113156674,False,-8.225196285472592,38.94325682325499,,,,,,,,,,,,,,
US_STAPLES,CL,MDLZ,Colgate-Palmolive Company,"Mondelez International, Inc.",-2.2661937275891666,0.183103022125374,0.05,0.0006106780113156674,False,1.0465312571886376,0.16946945997182805,,,,,,,,,,,,,,
US_STAPLES,CHD,KHC,"Church & Dwight Company, Inc.",The Kraft Heinz Company,-2.2638160740213307,0.18390361941508354,0.05,0.0006106780113156674,False,0.4937842114762589,2.9668072558726477,,,,,,,,,,,,,,
US_STAPLES,PEP,PG,"Pepsico, Inc.",Procter & Gamble Company (The),-2.255367511126547,0.1867669341308984,0.05,0.0006106780113156674,False,4.077795271980885,-15.558562767569718,,,,,,,,,,,,,,
US_STAPLES,CHD,CLX,"Church & Dwight Company, Inc.",Clorox Company (The),-2.2369493474944955,0.1931092387063117,0.05,0.0006106780113156674,False,0.3557185107521196,2.8591243213209347,,,,,,,,,,,,,,
US_STAPLES,CHD,MDLZ,"Church & Dwight Company, Inc.","Mondelez International, Inc.",-2.2159332142372024,0.20051352457156857,0.05,0.0006106780113156674,False,1.049210463643048,0.25912828012739375,,,,,,,,,,,,,,
US_STAPLES,CLX,KMB,Clorox Company (The),Kimberly-Clark Corporation,-2.2087630413670056,0.20308036579130256,0.05,0.0006106780113156674,False,1.420535529925099,-1.9449255415582636,,,,,,,,,,,,,,
US_STAPLES,CL,PG,Colgate-Palmolive Company,Procter & Gamble Company (The),-2.2050989284332863,0.20440004778403997,0.05,0.0006106780113156674,False,1.5846007336448908,-3.5101470154390846,,,,,,,,,,,,,,
US_STAPLES,CHD,GIS,"Church & Dwight Company, Inc.","General Mills, Inc.",-2.1420059916552914,0.22796251632743286,0.05,0.0006106780113156674,False,0.2103518527085923,3.747803218121078,,,,,,,,,,,,,,
US_STAPLES,GIS,KMB,"General Mills, Inc.",Kimberly-Clark Corporation,-2.1344786083915546,0.23087841899294076,0.05,0.0006106780113156674,False,1.7490993573738294,-4.411438434234448,,,,,,,,,,,,,,
US_STAPLES,CHD,KMB,"Church & Dwight Company, Inc.",Kimberly-Clark Corporation,-2.0926933637463057,0.24746276874313816,0.05,0.0006106780113156674,False,0.4289989211580415,2.5297564967725754,,,,,,,,,,,,,,
US_STAPLES,KMB,PEP,Kimberly-Clark Corporation,"Pepsico, Inc.",-2.0916971475202546,0.24786630026611534,0.05,0.0006106780113156674,False,-10.731881914433375,58.079799533768785,,,,,,,,,,,,,,
US_STAPLES,CL,KO,Colgate-Palmolive Company,Coca-Cola Company (The),-2.0790962434310716,0.2530027488306557,0.05,0.0006106780113156674,False,-0.1266147097242858,5.000424507614889,,,,,,,,,,,,,,
US_STAPLES,KHC,MDLZ,The Kraft Heinz Company,"Mondelez International, Inc.",-2.0455892687188606,0.266948218219575,0.05,0.0006106780113156674,False,1.954970925313246,-4.7860127663213365,,,,,,,,,,,,,,
US_STAPLES,CLX,MDLZ,Clorox Company (The),"Mondelez International, Inc.",-2.0418453567885693,0.2685319533385392,0.05,0.0006106780113156674,False,4.213601922650946,-12.499683526537964,,,,,,,,,,,,,,
US_STAPLES,HSY,KO,The Hershey Company,Coca-Cola Company (The),-2.0292581588223544,0.2738935593614197,0.05,0.0006106780113156674,False,1.3128982884837692,-0.36476845050439,,,,,,,,,,,,,,
US_STAPLES,GIS,MDLZ,"General Mills, Inc.","Mondelez International, Inc.",-2.006272583124368,0.28382958080558374,0.05,0.0006106780113156674,False,4.944624629318076,-16.407318119650395,,,,,,,,,,,,,,
US_STAPLES,CL,HSY,Colgate-Palmolive Company,The Hershey Company,-1.9239951527548254,0.3208585815345255,0.05,0.0006106780113156674,False,0.20009712438568777,3.4326671012801357,,,,,,,,,,,,,,
US_STAPLES,CLX,PEP,Clorox Company (The),"Pepsico, Inc.",-1.9141449372572035,0.3254364232215626,0.05,0.0006106780113156674,False,11.155761374084468,-50.63366153602063,,,,,,,,,,,,,,
US_STAPLES,GIS,PEP,"General Mills, Inc.","Pepsico, Inc.",-1.8783818203879359,0.34229831637971103,0.05,0.0006106780113156674,False,12.07693156488721,-56.11707226833128,,,,,,,,,,,,,,
US_STAPLES,CHD,PEP,"Church & Dwight Company, Inc.","Pepsico, Inc.",-1.7932243631394813,0.38383076017200435,0.05,0.0006106780113156674,False,0.8721079036875595,0.23372597029487618,,,,,,,,,,,,,,
US_STAPLES,KHC,PEP,The Kraft Heinz Company,"Pepsico, Inc.",-1.6714784672510132,0.4458642781297744,0.05,0.0006106780113156674,False,2.7621949140755797,-10.484497822246999,,,,,,,,,,,,,,
US_STAPLES,CL,CLX,Colgate-Palmolive Company,Clorox Company (The),-1.6657213398237183,0.44885474057906743,0.05,0.0006106780113156674,False,0.2872554140888209,3.087262019378513,,,,,,,,,,,,,,
US_STAPLES,KO,PEP,Coca-Cola Company (The),"Pepsico, Inc.",-1.6536409107635484,0.4551422801856488,0.05,0.0006106780113156674,False,2.3517585271508548,-7.472201576813566,,,,,,,,,,,,,,
US_STAPLES,CL,GIS,Colgate-Palmolive Company,"General Mills, Inc.",-1.6381685703686248,0.46321792753992436,0.05,0.0006106780113156674,False,0.2148895156390095,3.6294608550508474,,,,,,,,,,,,,,
US_STAPLES,CL,PEP,Colgate-Palmolive Company,"Pepsico, Inc.",-1.594422616888174,0.4863946039745815,0.05,0.0006106780113156674,False,0.9477321591296761,-0.24273333868156843,,,,,,,,,,,,,,
US_STAPLES,CL,KMB,Colgate-Palmolive Company,Kimberly-Clark Corporation,-1.5785965807160642,0.4943355891705532,0.05,0.0006106780113156674,False,0.39842087708913193,2.5743405423183363,,,,,,,,,,,,,,
US_STAPLES,MDLZ,PEP,"Mondelez International, Inc.","Pepsico, Inc.",-1.5757147766124455,0.49578023570595675,0.05,0.0006106780113156674,False,0.6460355633331128,0.8959447618518399,,,,,,,,,,,,,,
US_STAPLES,CL,KHC,Colgate-Palmolive Company,The Kraft Heinz Company,-1.456255198552185,0.5550297284220754,0.05,0.0006106780113156674,False,0.5374027936511335,2.7247506067946903,,,,,,,,,,,,,,
US_UTILITIES,PPL,WEC,PPL Corporation,"WEC Energy Group, Inc.",-4.912513287277537,3.297033699052268e-05,0.05,0.001238852678929916,True,0.8054959025955719,-0.20674344414555978,7.56395539395296,-7.634152925322041e-05,-0.09163818987008901,23.0,-1.6603531597352883,2.5543415754996968,False,,0.4,-0.002958966073211848,0.1974835841258782,1.5065078508707581,False,mixed signal
US_UTILITIES,ES,FE,Eversource Energy (D/B/A),FirstEnergy Corp.,-4.034801448383259,0.001238852678929916,0.05,0.001238852678929916,True,0.9789157662089851,0.47243354083377165,13.048802549067204,3.365326908226059e-06,-0.053119600664774794,39.0,-1.1369091661847741,3.1648764191405148,False,,1.0,-0.002160153464343627,-0.16312678888743593,-0.7425831540929437,True,reversion signs agree
US_UTILITIES,DUK,SO,Duke Energy Corporation (Holdin,Southern Company (The),-3.725914083916746,0.003763067577306741,0.05,0.001238852678929916,False,1.1746090299104217,-0.504516996148558,,,,,,,,,,,,,,
US_UTILITIES,PPL,XEL,PPL Corporation,Xcel Energy Inc.,-3.6515013113577472,0.004849420274753728,0.05,0.001238852678929916,False,0.7176506810816137,0.47203609524252244,,,,,,,,,,,,,,
US_UTILITIES,AEP,PEG,American Electric Power Company,Public Service Enterprise Group,-3.6399861498185335,0.005041017340034836,0.05,0.001238852678929916,False,9.757217453405973,-37.943343168882784,,,,,,,,,,,,,,
US_UTILITIES,FE,PEG,FirstEnergy Corp.,Public Service Enterprise Group,-3.5325834053813385,0.007188669457841414,0.05,0.001238852678929916,False,5.012409759724551,-18.160658168949745,,,,,,,,,,,,,,
US_UTILITIES,ES,PEG,Eversource Energy (D/B/A),Public Service Enterprise Group,-3.5204158659654397,0.007477993319912199,0.05,0.001238852678929916,False,5.582991334899584,-20.257538181269926,,,,,,,,,,,,,,
US_UTILITIES,PEG,XEL,Public Service Enterprise Group,Xcel Energy Inc.,-3.5042525563311093,0.00787854871487001,0.05,0.001238852678929916,False,0.1923707908138118,3.5541596182394644,,,,,,,,,,,,,,
US_UTILITIES,EXC,PEG,Exelon Corporation,Public Service Enterprise Group,-3.502191449952653,0.007930991029192248,0.05,0.001238852678929916,False,5.715219332608714,-21.240583444758503,,,,,,,,,,,,,,
US_UTILITIES,PEG,WEC,Public Service Enterprise Group,"WEC Energy Group, Inc.",-3.417664352173241,0.010371233862626632,0.05,0.001238852678929916,False,0.2166101151524229,3.369025787060202,,,,,,,,,,,,,,
US_UTILITIES,AEE,PEG,Ameren Corporation,Public Service Enterprise Group,-3.402875343987799,0.01086124100333835,0.05,0.001238852678929916,False,5.206538249557512,-18.196511758007105,,,,,,,,,,,,,,
US_UTILITIES,ED,PEG,"Consolidated Edison, Inc.",Public Service Enterprise Group,-3.3807983070239778,0.011631134506514823,0.05,0.001238852678929916,False,3.6151158025960286,-11.201735197459534,,,,,,,,,,,,,,
US_UTILITIES,PEG,PPL,Public Service Enterprise Group,PPL Corporation,-3.3423563038999196,0.013088099173150044,0.05,0.001238852678929916,False,0.3114258491568871,3.2758900700799556,,,,,,,,,,,,,,
US_UTILITIES,D,PEG,"Dominion Energy, Inc.",Public Service Enterprise Group,-3.324309618877714,0.01382619270671031,0.05,0.001238852678929916,False,3.601482943655571,-11.717201390934346,,,,,,,,,,,,,,
US_UTILITIES,AEP,DUK,American Electric Power Company,Duke Energy Corporation (Holdin,-3.3228886893198397,0.013885840438422387,0.05,0.001238852678929916,False,1.8060286604057176,-3.8880182661701026,,,,,,,,,,,,,,
US_UTILITIES,DUK,PPL,Duke Energy Corporation (Holdin,PPL Corporation,-3.283672629801234,0.015624271268599678,0.05,0.001238852678929916,False,0.8351968073341474,1.8062717467997857,,,,,,,,,,,,,,
US_UTILITIES,AEP,D,American Electric Power Company,"Dominion Energy, Inc.",-3.230679830551247,0.01827609052738593,0.05,0.001238852678929916,False,1.5095040505438153,-1.393979849487713,,,,,,,,,,,,,,
US_UTILITIES,DUK,PEG,Duke Energy Corporation (Holdin,Public Service Enterprise Group,-3.2300027928055743,0.01831237274211536,0.05,0.001238852678929916,False,2.83636684398147,-7.653715991379313,,,,,,,,,,,,,,
US_UTILITIES,EXC,WEC,Exelon Corporation,"WEC Energy Group, Inc.",-3.1419076153964647,0.02360331464588731,0.05,0.001238852678929916,False,0.9497279868237734,-0.6598686540722092,,,,,,,,,,,,,,
US_UTILITIES,DUK,EXC,Duke Energy Corporation (Holdin,Exelon Corporation,-3.1338553289527002,0.024147095284524293,0.05,0.001238852678929916,False,0.7047966167442619,2.1142338429408016,,,,,,,,,,,,,,
US_UTILITIES,PPL,SO,PPL Corporation,Southern Company (The),-3.107773624784693,0.02598322856222212,0.05,0.001238852678929916,False,1.43058812405717,-2.874580657727853,,,,,,,,,,,,,,
US_UTILITIES,PEG,SO,Public Service Enterprise Group,Southern Company (The),-3.096340295691107,0.026825211122854575,0.05,0.001238852678929916,False,0.5155847097756106,2.0685416865221757,,,,,,,,,,,,,,
US_UTILITIES,DUK,ES,Duke Energy Corporation (Holdin,Eversource Energy (D/B/A),-3.080897525842606,0.02799953648902971,0.05,0.001238852678929916,False,0.7902938850066876,1.476411019526557,,,,,,,,,,,,,,
US_UTILITIES,WEC,XEL,"WEC Energy Group, Inc.",Xcel Energy Inc.,-3.0749595085376185,0.02846265576727782,0.05,0.001238852678929916,False,0.8960219137759016,0.8212637776001439,,,,,,,,,,,,,,
US_UTILITIES,DUK,XEL,Duke Energy Corporation (Holdin,Xcel Energy Inc.,-3.0587144536902207,0.029763239137537947,0.05,0.001238852678929916,False,0.5898320921749461,2.240780936432046,,,,,,,,,,,,,,
US_UTILITIES,AEP,ES,American Electric Power Company,Eversource Energy (D/B/A),-3.036393420445824,0.03163267299771206,0.05,0.001238852678929916,False,1.512942090102514,-1.574012206543152,,,,,,,,,,,,,,
US_UTILITIES,EXC,PPL,Exelon Corporation,PPL Corporation,-3.0314633189649265,0.032058772420385594,0.05,0.001238852678929916,False,1.1861971948953347,-0.441076733729866,,,,,,,,,,,,,,
US_UTILITIES,ES,SO,Eversource Energy (D/B/A),Southern Company (The),-3.0219586788548067,0.032894002260995564,0.05,0.001238852678929916,False,1.5345778352506898,-2.7216765816529342,,,,,,,,,,,,,,
US_UTILITIES,AEE,PPL,Ameren Corporation,PPL Corporation,-2.965064127466403,0.038288293787273456,0.05,0.001238852678929916,False,1.3650773213991618,-0.24348999772440827,,,,,,,,,,,,,,
US_UTILITIES,D,ES,"Dominion Energy, Inc.",Eversource Energy (D/B/A),-2.952181431616216,0.03960783412209681,0.05,0.001238852678929916,False,0.9796936139419363,-0.02633539272054275,,,,,,,,,,,,,,
US_UTILITIES,DUK,WEC,Duke Energy Corporation (Holdin,"WEC Energy Group, Inc.",-2.9487504716724233,0.03996561113409087,0.05,0.001238852678929916,False,0.6680143383085483,1.6553743056037264,,,,,,,,,,,,,,
US_UTILITIES,DUK,FE,Duke Energy Corporation (Holdin,FirstEnergy Corp.,-2.8166958942086957,0.055928171305013014,0.05,0.001238852678929916,False,0.7816953031402427,1.819766389907655,,,,,,,,,,,,,,
US_UTILITIES,AEE,EXC,Ameren Corporation,Exelon Corporation,-2.8105598760041604,0.05678112530446813,0.05,0.001238852678929916,False,1.1600536032399247,0.22978432364711399,,,,,,,,,,,,,,
US_UTILITIES,AEE,XEL,Ameren Corporation,Xcel Energy Inc.,-2.7483091468899175,0.06604518955425984,0.05,0.001238852678929916,False,0.9846746296760986,0.37967893377324824,,,,,,,,,,,,,,
US_UTILITIES,AEE,DUK,Ameren Corporation,Duke Energy Corporation (Holdin,-2.698387987921867,0.07431763317394445,0.05,0.001238852678929916,False,1.6609111102941292,-3.320904380897188,,,,,,,,,,,,,,
US_UTILITIES,D,FE,"Dominion Energy, Inc.",FirstEnergy Corp.,-2.6677484315278823,0.07978739325614753,0.05,0.001238852678929916,False,0.9591659014201969,0.43602705285694787,,,,,,,,,,,,,,
US_UTILITIES,AEP,FE,American Electric Power Company,FirstEnergy Corp.,-2.6473366537730287,0.08360298072056255,0.05,0.001238852678929916,False,1.4475260112240134,-0.7345345966668688,,,,,,,,,,,,,,
US_UTILITIES,EXC,XEL,Exelon Corporation,Xcel Energy Inc.,-2.630690475339514,0.08681860191998558,0.05,0.001238852678929916,False,0.8440843871344237,0.14917830116101216,,,,,,,,,,,,,,
US_UTILITIES,AEE,WEC,Ameren Corporation,"WEC Energy Group, Inc.",-2.60265129682728,0.0924505355037461,0.05,0.001238852678929916,False,1.0966255844123174,-0.5121925877144315,,,,,,,,,,,,,,
US_UTILITIES,AEE,SO,Ameren Corporation,Southern Company (The),-2.6023866727675937,0.09250499334785989,0.05,0.001238852678929916,False,2.0319507365111695,-4.5198498632151445,,,,,,,,,,,,,,
US_UTILITIES,AEP,SO,American Electric Power Company,Southern Company (The),-2.5462054100942626,0.10463285344801931,0.05,0.001238852678929916,False,2.2449462480510456,-5.349690332538267,,,,,,,,,,,,,,
US_UTILITIES,ES,XEL,Eversource Energy (D/B/A),Xcel Energy Inc.,-2.5344475474631114,0.1073162149889304,0.05,0.001238852678929916,False,0.6933607434508988,1.19065765160406,,,,,,,,,,,,,,
US_UTILITIES,ED,ES,"Consolidated Edison, Inc.",Eversource Energy (D/B/A),-2.525925230015999,0.10929317693595136,0.05,0.001238852678929916,False,0.7071905621742444,1.6699636932859674,,,,,,,,,,,,,,
US_UTILITIES,SO,WEC,Southern Company (The),"WEC Energy Group, Inc.",-2.5242336432368657,0.10968879867164671,0.05,0.001238852678929916,False,0.5567881435849016,1.893669791920583,,,,,,,,,,,,,,
US_UTILITIES,SO,XEL,Southern Company (The),Xcel Energy Inc.,-2.502701988336751,0.11481828524507098,0.05,0.001238852678929916,False,0.47974797165223493,2.4316891220478927,,,,,,,,,,,,,,
US_UTILITIES,FE,SO,FirstEnergy Corp.,Southern Company (The),-2.4510040717525112,0.12785505453397805,0.05,0.001238852678929916,False,1.5817988612846163,-3.326027927398784,,,,,,,,,,,,,,
US_UTILITIES,D,XEL,"Dominion Energy, Inc.",Xcel Energy Inc.,-2.4415729390266363,0.13034479030775903,0.05,0.001238852678929916,False,0.7059581344130562,1.0276346786962223,,,,,,,,,,,,,,
US_UTILITIES,EXC,SO,Exelon Corporation,Southern Company (The),-2.4223628092466463,0.13552388694106027,0.05,0.001238852678929916,False,1.7093848667709604,-3.9062508687976214,,,,,,,,,,,,,,
US_UTILITIES,D,SO,"Dominion Energy, Inc.",Southern Company (The),-2.3528681116476546,0.15548308808061712,0.05,0.001238852678929916,False,1.473115784585797,-2.5577562714013187,,,,,,,,,,,,,,
US_UTILITIES,ES,WEC,Eversource Energy (D/B/A),"WEC Energy Group, Inc.",-2.315844604826988,0.16690868117299246,0.05,0.001238852678929916,False,0.7812732503487297,0.520865299307006,,,,,,,,,,,,,,
US_UTILITIES,ES,EXC,Eversource Energy (D/B/A),Exelon Corporation,-2.2897749366258795,0.17528696791961496,0.05,0.001238852678929916,False,0.835541504264015,1.015796437257563,,,,,,,,,,,,,,
US_UTILITIES,D,DUK,"Dominion Energy, Inc.",Duke Energy Corporation (Holdin,-2.27253768582194,0.18097811935745484,0.05,0.001238852678929916,False,1.222716181272735,-1.77647491702802,,,,,,,,,,,,,,
US_UTILITIES,ES,PPL,Eversource Energy (D/B/A),PPL Corporation,-2.257880232736513,0.18591232203009606,0.05,0.001238852678929916,False,1.037123370829849,0.48629569669790396,,,,,,,,,,,,,,
US_UTILITIES,AEP,ED,American Electric Power Company,"Consolidated Edison, Inc.",-2.2562836235191144,0.1864550550898721,0.05,0.001238852678929916,False,2.0539508303249727,-4.7554657692307485,,,,,,,,,,,,,,
US_UTILITIES,AEE,ES,Ameren Corporation,Eversource Energy (D/B/A),-2.2516822147972393,0.18802498146800012,0.05,0.001238852678929916,False,1.4572074288154235,-1.4637274945875127,,,,,,,,,,,,,,
US_UTILITIES,AEP,PPL,American Electric Power Company,PPL Corporation,-2.2062114265498645,0.2039987964340299,0.05,0.001238852678929916,False,1.5463599673964428,-0.7586876902751856,,,,,,,,,,,,,,
US_UTILITIES,ED,EXC,"Consolidated Edison, Inc.",Exelon Corporation,-2.15936511207861,0.22132258683214406,0.05,0.001238852678929916,False,0.6407367387146864,2.2034289752118292,,,,,,,,,,,,,,
US_UTILITIES,ED,SO,"Consolidated Edison, Inc.",Southern Company (The),-2.1556000339046775,0.22275269314642482,0.05,0.001238852678929916,False,1.1479707316298984,-0.534251075107683,,,,,,,,,,,,,,
US_UTILITIES,AEE,D,Ameren Corporation,"Dominion Energy, Inc.",-2.1538627263184824,0.22341446320100783,0.05,0.001238852678929916,False,1.4049390665520953,-1.0942549827077839,,,,,,,,,,,,,,
US_UTILITIES,D,PPL,"Dominion Energy, Inc.",PPL Corporation,-2.1384776700981676,0.22932654156348442,0.05,0.001238852678929916,False,1.010615421913499,0.4691453732776636,,,,,,,,,,,,,,
US_UTILITIES,FE,XEL,FirstEnergy Corp.,Xcel Energy Inc.,-2.1282222528129653,0.23331873549704862,0.05,0.001238852678929916,False,0.723011877409388,0.6716237654937176,,,,,,,,,,,,,,
US_UTILITIES,ED,FE,"Consolidated Edison, Inc.",FirstEnergy Corp.,-2.0524477080516204,0.2640601872145298,0.05,0.001238852678929916,False,0.7121162176961315,1.9302555249342301,,,,,,,,,,,,,,
US_UTILITIES,AEP,WEC,American Electric Power Company,"WEC Energy Group, Inc.",-2.041369560443582,0.26873358594733165,0.05,0.001238852678929916,False,1.2196277448868769,-0.958971225266211,,,,,,,,,,,,,,
US_UTILITIES,AEE,AEP,Ameren Corporation,American Electric Power Company,-2.0021799607610524,0.28561808113023957,0.05,0.001238852678929916,False,0.9098428748928397,0.3003152826759141,,,,,,,,,,,,,,
US_UTILITIES,ED,PPL,"Consolidated Edison, Inc.",PPL Corporation,-1.9975769880808791,0.28763651502725884,0.05,0.001238852678929916,False,0.7620936943952602,1.9136300609382446,,,,,,,,,,,,,,
US_UTILITIES,AEE,ED,Ameren Corporation,"Consolidated Edison, Inc.",-1.987276308661278,0.29217970929693104,0.05,0.001238852678929916,False,1.934383727166747,-4.3269088261958615,,,,,,,,,,,,,,
US_UTILITIES,DUK,ED,Duke Energy Corporation (Holdin,"Consolidated Edison, Inc.",-1.948014601438054,0.3098213001316702,0.05,0.001238852678929916,False,1.046759129497035,-0.06574749661891843,,,,,,,,,,,,,,
US_UTILITIES,ED,XEL,"Consolidated Edison, Inc.",Xcel Energy Inc.,-1.8788223741202772,0.3420883697581244,0.05,0.001238852678929916,False,0.48173058267660407,2.5482878060142964,,,,,,,,,,,,,,
US_UTILITIES,ED,WEC,"Consolidated Edison, Inc.","WEC Energy Group, Inc.",-1.8687256023062222,0.34691352449996293,0.05,0.001238852678929916,False,0.5859667971326834,1.8844021623161846,,,,,,,,,,,,,,
US_UTILITIES,AEE,FE,Ameren Corporation,FirstEnergy Corp.,-1.8516894429886728,0.35511774165777277,0.05,0.001238852678929916,False,1.385196031366435,-0.6216677366603385,,,,,,,,,,,,,,
US_UTILITIES,FE,PPL,FirstEnergy Corp.,PPL Corporation,-1.845048973335496,0.3583364197937882,0.05,0.001238852678929916,False,1.0590236824423658,0.015691821259370187,,,,,,,,,,,,,,
US_UTILITIES,FE,WEC,FirstEnergy Corp.,"WEC Energy Group, Inc.",-1.8430150447501341,0.35932456008661395,0.05,0.001238852678929916,False,0.8081204355966597,0.0033815098811653677,,,,,,,,,,,,,,
US_UTILITIES,AEP,XEL,American Electric Power Company,Xcel Energy Inc.,-1.8148860729358263,0.373096616559404,0.05,0.001238852678929916,False,1.0808588821701008,0.09308178288441837,,,,,,,,,,,,,,
US_UTILITIES,D,WEC,"Dominion Energy, Inc.","WEC Energy Group, Inc.",-1.8137760457316185,0.37364403562675347,0.05,0.001238852678929916,False,0.7872409328831049,0.3835188566998373,,,,,,,,,,,,,,
US_UTILITIES,D,ED,"Dominion Energy, Inc.","Consolidated Edison, Inc.",-1.8110920718850605,0.37496885913104705,0.05,0.001238852678929916,False,1.3554945384918606,-2.2031352132083244,,,,,,,,,,,,,,
US_UTILITIES,AEP,EXC,American Electric Power Company,Exelon Corporation,-1.6463649070098787,0.4589369162449749,0.05,0.001238852678929916,False,1.283140395517381,-0.10769725037120992,,,,,,,,,,,,,,
US_UTILITIES,EXC,FE,Exelon Corporation,FirstEnergy Corp.,-1.6284031472491798,0.46832667990733245,0.05,0.001238852678929916,False,1.1576986903556985,-0.5986075792168544,,,,,,,,,,,,,,
US_UTILITIES,D,EXC,"Dominion Energy, Inc.",Exelon Corporation,-1.0716488977415457,0.7262445873449621,0.05,0.001238852678929916,False,0.8256383980071702,0.9426339869459337,,,,,,,,,,,,,,
