sector,ticker_a,ticker_b,name_a,name_b,eg_adf_stat,eg_pvalue,fdr_level,bh_critical_pvalue,passes_bh,hedge_ratio_beta,intercept_alpha,half_life_days,ar1_alpha,ar1_beta,zscore_window,latest_zscore,max_abs_zscore,threshold_breached,breach_date,ar1_sign_agreement_recent,ar1_latest_residual,zscore_delta_latest,zscore_delta2_latest,zscore_turning_recent,momentum_read
CA_BANKS,BNS.TO,RY.TO,BANK OF NOVA SCOTIA,ROYAL BANK OF CANADA,-3.7821140672962654,0.0030957051440431388,0.05,0.0030957051440431388,True,1.1143987966973383,-1.4609748127303606,8.880037373712335,-0.0001274602540104325,-0.07805678640631356,27.0,1.2562110000618458,4.334041343476579,False,,0.2,0.00214406661974735,-0.13396866309434574,-0.07254040916943083,True,mixed signal
CA_BANKS,NA.TO,RY.TO,NATIONAL BANK OF CANADA,ROYAL BANK OF CANADA,-3.1551756720524917,0.022730369107290867,0.05,0.0030957051440431388,False,1.098935489101522,-0.7853801558383013,,,,,,,,,,,,,,
CA_BANKS,CM.TO,NA.TO,CANADIAN IMPERIAL BANK OF COMME,NATIONAL BANK OF CANADA,-2.6104963028244734,0.0908472422087121,0.05,0.0030957051440431388,False,1.2767588328622612,-1.7305318954652593,,,,,,,,,,,,,,
CA_BANKS,BNS.TO,NA.TO,BANK OF NOVA SCOTIA,NATIONAL BANK OF CANADA,-2.6021191868899742,0.09256006515347953,0.05,0.0030957051440431388,False,1.0154344593854354,-0.671279619944019,,,,,,,,,,,,,,
CA_BANKS,BNS.TO,CM.TO,BANK OF NOVA SCOTIA,CANADIAN IMPERIAL BANK OF COMME,-2.39899136130705,0.14202129190360585,0.05,0.0030957051440431388,False,0.7953368185118768,0.7049829781681947,,,,,,,,,,,,,,
CA_BANKS,BMO.TO,CM.TO,BANK OF MONTREAL,CANADIAN IMPERIAL BANK OF COMME,-2.375364342089586,0.14881069565850835,0.05,0.0030957051440431388,False,0.8548806200486623,1.0832163877245606,,,,,,,,,,,,,,
CA_BANKS,RY.TO,TD.TO,ROYAL BANK OF CANADA,TORONTO-DOMINION BANK,-2.3475439982202824,0.15709203352618312,0.05,0.0030957051440431388,False,0.7215949148670943,1.9161575071947565,,,,,,,,,,,,,,
CA_BANKS,BMO.TO,RY.TO,BANK OF MONTREAL,ROYAL BANK OF CANADA,-2.2445564671692524,0.19047308720409217,0.05,0.0030957051440431388,False,1.2034864786291875,-1.2743763632886749,,,,,,,,,,,,,,
CA_BANKS,BMO.TO,TD.TO,BANK OF MONTREAL,TORONTO-DOMINION BANK,-2.172702277201929,0.21630168315054144,0.05,0.0030957051440431388,False,0.8683509460758845,1.0320529826634233,,,,,,,,,,,,,,
CA_BANKS,CM.TO,TD.TO,CANADIAN IMPERIAL BANK OF COMME,TORONTO-DOMINION BANK,-2.081307190256269,0.25209719688041005,0.05,0.0030957051440431388,False,1.0187668176109754,-0.07359154468097451,,,,,,,,,,,,,,
CA_BANKS,BMO.TO,NA.TO,BANK OF MONTREAL,NATIONAL BANK OF CANADA,-2.046790357597,0.2664412143357816,0.05,0.0030957051440431388,False,1.0961040154878559,-0.4190474869480685,,,,,,,,,,,,,,
CA_BANKS,NA.TO,TD.TO,NATIONAL BANK OF CANADA,TORONTO-DOMINION BANK,-2.0383178686327224,0.2700287714266427,0.05,0.0030957051440431388,False,0.7920099956027095,1.3248109489551942,,,,,,,,,,,,,,
CA_BANKS,CM.TO,RY.TO,CANADIAN IMPERIAL BANK OF COMME,ROYAL BANK OF CANADA,-2.024314188889421,0.2760149688650843,0.05,0.0030957051440431388,False,1.4008058768917675,-2.721445564950076,,,,,,,,,,,,,,
CA_BANKS,BMO.TO,BNS.TO,BANK OF MONTREAL,BANK OF NOVA SCOTIA,-1.9704453631951795,0.29968019191397643,0.05,0.0030957051440431388,False,1.0776098977704283,0.31352941334612616,,,,,,,,,,,,,,
CA_BANKS,BNS.TO,TD.TO,BANK OF NOVA SCOTIA,TORONTO-DOMINION BANK,-1.7171616925648596,0.4222926523370823,0.05,0.0030957051440431388,False,0.8036383082315187,0.6767000965668442,,,,,,,,,,,,,,
CA_ENERGY,CNQ.TO,SU.TO,CDN NATURAL RES,SUNCOR ENERGY INC.,-2.6812972005375073,0.07733096242114115,0.05,,False,0.7618451837718896,0.7271566138590315,,,,,,,,,,,,,,
CA_ENERGY,CVE.TO,SU.TO,CENOVUS ENERGY INC.,SUNCOR ENERGY INC.,-2.371067391533124,0.15006946267384563,0.05,,False,1.1469888076531296,-1.4885903343116862,,,,,,,,,,,,,,
CA_ENERGY,CVE.TO,IMO.TO,CENOVUS ENERGY INC.,IMPERIAL OIL,-2.3686008984921627,0.1507953546918317,0.05,,False,1.0330505341575873,-1.7429190061484263,,,,,,,,,,,,,,
CA_ENERGY,CNQ.TO,CVE.TO,CDN NATURAL RES,CENOVUS ENERGY INC.,-2.3390519907914045,0.15968198862657063,0.05,,False,0.6693863023128734,1.6996211777009025,,,,,,,,,,,,,,
CA_ENERGY,CNQ.TO,IMO.TO,CDN NATURAL RES,IMPERIAL OIL,-2.222780291292996,0.1980816486112733,0.05,,False,0.6695131567534678,0.6370450725210186,,,,,,,,,,,,,,
CA_ENERGY,IMO.TO,SU.TO,IMPERIAL OIL,SUNCOR ENERGY INC.,-1.8261444332214571,0.36756111632855726,0.05,,False,1.1056239766283003,0.26505993116337034,,,,,,,,,,,,,,
CH_FINANCIALS,BAER.SW,UBSG.SW,JULIUS BAER N,UBS GROUP N,-2.974493835831081,0.03734598973497971,0.05,,False,0.7840903723684164,1.354250314969545,,,,,,,,,,,,,,
CH_FINANCIALS,BAER.SW,ZURN.SW,JULIUS BAER N,ZURICH INSURANCE N,-2.753125520826669,0.06528767266716654,0.05,,False,1.4614598329974697,-5.13758571861584,,,,,,,,,,,,,,
CH_FINANCIALS,BAER.SW,SLHN.SW,JULIUS BAER N,SWISS LIFE HOLDING AG N,-2.4824209303258824,0.11981029862661002,0.05,,False,0.9023533525267606,-1.98902375760794,,,,,,,,,,,,,,
CH_FINANCIALS,UBSG.SW,ZURN.SW,UBS GROUP N,ZURICH INSURANCE N,-2.3413022911177266,0.15899283942233233,0.05,,False,2.1015187062241623,-9.76217376303569,,,,,,,,,,,,,,
CH_FINANCIALS,SLHN.SW,UBSG.SW,SWISS LIFE HOLDING AG N,UBS GROUP N,-2.228562845436918,0.19604256881072657,0.05,,False,0.8384838616938993,3.807109006146763,,,,,,,,,,,,,,
CH_FINANCIALS,SLHN.SW,ZURN.SW,SWISS LIFE HOLDING AG N,ZURICH INSURANCE N,-2.152768898929613,0.22383172932790868,0.05,,False,1.5058858540412088,-2.7796754894089197,,,,,,,,,,,,,,
CH_PHARMA_LIFESCIENCE,LONN.SW,NOVN.SW,LONZA N,NOVARTIS N,-4.837553036435585,4.6069148499920296e-05,0.05,4.6069148499920296e-05,True,-0.2478704189480346,7.413679784455113,10.776614397639474,0.0004213745991035621,-0.06431956781452376,32.0,-0.9378218684118017,3.249606057781728,False,,0.2,0.011808055464995661,0.2253945454198144,0.1855391439067492,True,mixed signal
CONSUMER,DOM.L,TSCO.L,DOMINO'S PIZZA GROUP PLC ORD 25,TESCO PLC ORD 6 1/3P,-4.214736426625002,0.0006220594675903503,0.05,0.005114666166565029,True,-1.9171987573833165,16.961836711746127,14.445816446224118,0.0004016046833276944,-0.047982554889870674,43.0,1.1646652467599614,2.861877415614152,False,,0.6,0.0513814236293442,0.5859983254370799,1.0172287714639505,False,mixed signal
CONSUMER,ABF.L,DNLM.L,ASSOCIATED BRITISH FOODS PLC OR,DUNELM GROUP PLC ORD 1P,-4.124814148089061,0.0008809898321170072,0.05,0.005114666166565029,True,0.5820686449402708,3.5948726655350765,12.248140195162607,-0.00022336174443580046,-0.05659203515924019,37.0,-2.1400442647739855,3.9868214553569667,False,,0.8,-0.008825519284453133,-0.24994331244888612,0.3291998996515568,False,mixed signal
CONSUMER,EZJ.L,MKS.L,EASYJET PLC ORD 27 2/7P,MARKS AND SPENCER GROUP PLC ORD,-3.7073858589839177,0.004010456719925466,0.05,0.005114666166565029,True,3.3364699050618816,-13.421736910926285,16.876025040915355,-0.0011746923998918431,-0.041072893580060076,51.0,1.445974242120406,2.4073343249761447,False,,0.4,-0.09856629383634427,-0.9613600828557387,-1.5111310187117764,False,mixed signal
CONSUMER,MKS.L,WTB.L,MARKS AND SPENCER GROUP PLC ORD,WHITBREAD PLC ORD 76 122/153P,-3.6852751839788147,0.004325104227178277,0.05,0.005114666166565029,True,0.2668817674135155,3.756364772964535,17.9470916648242,0.000536664394879377,-0.038621699465573825,54.0,-1.469561559631481,2.797625703956045,True,2026-09-18 00:00:00,0.6,0.03481419663757851,1.328064144324564,2.0088674861528766,False,mixed signal
CONSUMER,DOM.L,MKS.L,DOMINO'S PIZZA GROUP PLC ORD 25,MARKS AND SPENCER GROUP PLC ORD,-3.684913581199545,0.004330432442464066,0.05,0.005114666166565029,True,197.1257300972604,-1152.1857058825428,17.38110209013849,-0.08709752299862462,-0.03987935730227463,52.0,1.5020020115251311,2.6060476939878234,True,2026-09-18 00:00:00,0.8,-6.883923395839407,-1.1040456824626923,-1.7417535848003163,False,mixed signal
CONSUMER,MKS.L,PETS.L,MARKS AND SPENCER GROUP PLC ORD,PETS AT HOME GROUP PLC ORD 1P,-3.6699348771136457,0.004556480656833487,0.05,0.005114666166565029,True,-0.029304112161814264,6.032242297456783,17.329790704890517,0.00040475446054618,-0.03999743518912419,52.0,-1.4585949316953284,2.5635876700166804,True,2026-09-18 00:00:00,0.8,0.03572912924590723,1.104992738321352,1.7798058997303305,False,mixed signal
CONSUMER,GRG.L,MKS.L,GREGGS PLC ORD 2P,MARKS AND SPENCER GROUP PLC ORD,-3.6688378098909324,0.004573452645956129,0.05,0.005114666166565029,True,-63.402487162466485,379.9393666948079,17.33781363789038,0.026624960788133922,-0.039978926699565424,52.0,-1.453001840250117,2.5314284946805827,True,2026-09-18 00:00:00,0.8,2.2239440025978023,1.0784266544304657,1.713132154766728,False,mixed signal
CONSUMER,BME.L,MKS.L,B&M EUROPEAN VALUE RETAIL PLC O,MARKS AND SPENCER GROUP PLC ORD,-3.6643401089929712,0.004643637990742753,0.05,0.005114666166565029,True,-103.56319499240597,613.764530140764,17.38935909744735,0.043506676257832236,-0.03986042134593074,52.0,-1.4627070069776062,2.5681741470454744,True,2026-09-18 00:00:00,0.8,3.664287308148875,1.1054671400678682,1.760818591401477,False,mixed signal
CONSUMER,DNLM.L,MKS.L,DUNELM GROUP PLC ORD 1P,MARKS AND SPENCER GROUP PLC ORD,-3.655150222598588,0.004790105749152144,0.05,0.005114666166565029,True,22.148385404856832,-123.11763722767898,17.709513656630286,-0.010277604503018479,-0.039139820211857544,53.0,1.4621703413698348,2.602756245307135,True,2026-09-18 00:00:00,0.6,-0.7495430993332005,-1.1405859039373,-1.8258476568752848,False,mixed signal
CONSUMER,ABF.L,MKS.L,ASSOCIATED BRITISH FOODS PLC OR,MARKS AND SPENCER GROUP PLC ORD,-3.646425001198998,0.004933050758486968,0.05,0.005114666166565029,True,-5.707840098038029,41.162904257287146,16.95142720331454,0.0019217254297613652,-0.04089019598446632,51.0,-1.7096064231944061,2.704859568464008,True,2026-09-18 00:00:00,0.6,0.20419800844986907,0.9952531452696021,1.6040278920394782,False,mixed signal
CONSUMER,IHG.L,MKS.L,INTERCONTINENTAL HOTELS GROUP P,MARKS AND SPENCER GROUP PLC ORD,-3.6356655502310318,0.005114666166565029,0.05,0.005114666166565029,True,12.075712696820974,-66.10448299265448,17.870877518441922,-0.004427606624506891,-0.03878640989199603,54.0,1.4331497742736032,2.5438853034014492,True,2026-09-18 00:00:00,0.6,-0.40151318848664264,-1.110735529127846,-1.7657678726957227,False,mixed signal
CONSUMER,MKS.L,NXT.L,MARKS AND SPENCER GROUP PLC ORD,NEXT PLC ORD 10P,-3.477163744353495,0.008593315589207009,0.05,0.005114666166565029,False,0.13472662209156472,4.612519273569317,,,,,,,,,,,,,,
CONSUMER,MKS.L,SBRY.L,MARKS AND SPENCER GROUP PLC ORD,SAINSBURY (J) PLC ORD 28 4/7P,-3.3804573534540823,0.011643395833862027,0.05,0.005114666166565029,False,0.16929558230255695,4.911381327204751,,,,,,,,,,,,,,
CONSUMER,BME.L,TSCO.L,B&M EUROPEAN VALUE RETAIL PLC O,TESCO PLC ORD 6 1/3P,-3.372288091937902,0.011940634474741273,0.05,0.005114666166565029,False,-3.033981370806306,23.739428362405274,,,,,,,,,,,,,,
CONSUMER,DNLM.L,WTB.L,DUNELM GROUP PLC ORD 1P,WHITBREAD PLC ORD 76 122/153P,-3.354248898894311,0.01262098013934706,0.05,0.005114666166565029,False,1.615671143745117,-5.858543167432863,,,,,,,,,,,,,,
CONSUMER,MKS.L,TSCO.L,MARKS AND SPENCER GROUP PLC ORD,TESCO PLC ORD 6 1/3P,-3.3474008691072683,0.012888119798590595,0.05,0.005114666166565029,False,0.16393240383537214,4.890820206986189,,,,,,,,,,,,,,
CONSUMER,DOM.L,NXT.L,DOMINO'S PIZZA GROUP PLC ORD 25,NEXT PLC ORD 10P,-3.334812189198679,0.013392294660417846,0.05,0.005114666166565029,False,-1.655218859653961,20.960985705208373,,,,,,,,,,,,,,
CONSUMER,ABF.L,PETS.L,ASSOCIATED BRITISH FOODS PLC OR,PETS AT HOME GROUP PLC ORD 1P,-3.2837823790429757,0.015619150344209876,0.05,0.005114666166565029,False,0.4792367221296398,5.03354226682243,,,,,,,,,,,,,,
CONSUMER,DOM.L,SBRY.L,DOMINO'S PIZZA GROUP PLC ORD 25,SAINSBURY (J) PLC ORD 28 4/7P,-3.2517967879551777,0.01717554464302948,0.05,0.005114666166565029,False,-2.317072856624961,18.635874605840257,,,,,,,,,,,,,,
CONSUMER,IHG.L,PETS.L,INTERCONTINENTAL HOTELS GROUP P,PETS AT HOME GROUP PLC ORD 1P,-3.223483683166366,0.018664962526484204,0.05,0.005114666166565029,False,-0.6947520428753363,8.594809086381606,,,,,,,,,,,,,,
CONSUMER,ABF.L,IHG.L,ASSOCIATED BRITISH FOODS PLC OR,INTERCONTINENTAL HOTELS GROUP P,-3.22235265232621,0.018726734687741647,0.05,0.005114666166565029,False,-0.6461201533391455,10.752001864338002,,,,,,,,,,,,,,
CONSUMER,ABF.L,WTB.L,ASSOCIATED BRITISH FOODS PLC OR,WHITBREAD PLC ORD 76 122/153P,-3.1675798066063563,0.02193966826799184,0.05,0.005114666166565029,False,0.9102766339173624,0.42392460777691277,,,,,,,,,,,,,,
CONSUMER,EZJ.L,TSCO.L,EASYJET PLC ORD 27 2/7P,TESCO PLC ORD 6 1/3P,-3.0977868679285616,0.026717404277011154,0.05,0.005114666166565029,False,-0.8130172026592248,11.042113446606669,,,,,,,,,,,,,,
CONSUMER,BME.L,DOM.L,B&M EUROPEAN VALUE RETAIL PLC O,DOMINO'S PIZZA GROUP PLC ORD 25,-2.976614499126207,0.037136779930799176,0.05,0.005114666166565029,False,1.5759974151640965,-3.067139921233129,,,,,,,,,,,,,,
CONSUMER,BME.L,NXT.L,B&M EUROPEAN VALUE RETAIL PLC O,NEXT PLC ORD 10P,-2.856386587835226,0.050659789481426874,0.05,0.005114666166565029,False,-2.6813462555196765,30.64757728441367,,,,,,,,,,,,,,
CONSUMER,ABF.L,TSCO.L,ASSOCIATED BRITISH FOODS PLC OR,TESCO PLC ORD 6 1/3P,-2.758007421159954,0.0645269745374672,0.05,0.005114666166565029,False,-0.5547993885950949,10.965419264599182,,,,,,,,,,,,,,
CONSUMER,GRG.L,NXT.L,GREGGS PLC ORD 2P,NEXT PLC ORD 10P,-2.7275464230759296,0.0693916246693492,0.05,0.005114666166565029,False,-1.8865457549332854,25.240623383653755,,,,,,,,,,,,,,
CONSUMER,GRG.L,TSCO.L,GREGGS PLC ORD 2P,TESCO PLC ORD 6 1/3P,-2.708716022880023,0.07254212244079757,0.05,0.005114666166565029,False,-2.2718935133085685,21.202199541971535,,,,,,,,,,,,,,
CONSUMER,EZJ.L,SBRY.L,EASYJET PLC ORD 27 2/7P,SAINSBURY (J) PLC ORD 28 4/7P,-2.678852132133148,0.07776980897825125,0.05,0.005114666166565029,False,-1.1456603653923454,12.6780040783478,,,,,,,,,,,,,,
CONSUMER,SBRY.L,TSCO.L,SAINSBURY (J) PLC ORD 28 4/7P,TESCO PLC ORD 6 1/3P,-2.672602713832037,0.0789003631002993,0.05,0.005114666166565029,False,0.8574837038363898,0.5424245840076214,,,,,,,,,,,,,,
CONSUMER,DOM.L,EZJ.L,DOMINO'S PIZZA GROUP PLC ORD 25,EASYJET PLC ORD 27 2/7P,-2.6662334507089,0.08006582154496139,0.05,0.005114666166565029,False,3.404500083402725,-15.535524581028497,,,,,,,,,,,,,,
CONSUMER,BME.L,GRG.L,B&M EUROPEAN VALUE RETAIL PLC O,GREGGS PLC ORD 2P,-2.656015185856009,0.08196367993200099,0.05,0.005114666166565029,False,1.4638051916423613,-5.549707592436888,,,,,,,,,,,,,,
CONSUMER,ABF.L,NXT.L,ASSOCIATED BRITISH FOODS PLC OR,NEXT PLC ORD 10P,-2.6558519410087564,0.08199428228200328,0.05,0.005114666166565029,False,-0.37746875498086657,11.173111043827298,,,,,,,,,,,,,,
CONSUMER,ABF.L,BME.L,ASSOCIATED BRITISH FOODS PLC OR,B&M EUROPEAN VALUE RETAIL PLC O,-2.641175118230875,0.08478225572161058,0.05,0.005114666166565029,False,0.17100212842990362,6.690405799274154,,,,,,,,,,,,,,
CONSUMER,ABF.L,GRG.L,ASSOCIATED BRITISH FOODS PLC OR,GREGGS PLC ORD 2P,-2.615012408155063,0.08993403330829552,0.05,0.005114666166565029,False,0.25371410602953415,5.715570978203218,,,,,,,,,,,,,,
CONSUMER,PETS.L,TSCO.L,PETS AT HOME GROUP PLC ORD 1P,TESCO PLC ORD 6 1/3P,-2.608944199128561,0.09116273805031422,0.05,0.005114666166565029,False,-1.4126297407260915,13.90486453846389,,,,,,,,,,,,,,
CONSUMER,DNLM.L,PETS.L,DUNELM GROUP PLC ORD 1P,PETS AT HOME GROUP PLC ORD 1P,-2.5923374744065404,0.09459131999677056,0.05,0.005114666166565029,False,0.8126595128062816,2.5297562657401835,,,,,,,,,,,,,,
CONSUMER,EZJ.L,NXT.L,EASYJET PLC ORD 27 2/7P,NEXT PLC ORD 10P,-2.572155321017473,0.09888983151840847,0.05,0.005114666166565029,False,-0.4216199761665598,10.1161479308625,,,,,,,,,,,,,,
CONSUMER,IHG.L,WTB.L,INTERCONTINENTAL HOTELS GROUP P,WHITBREAD PLC ORD 76 122/153P,-2.571809061695836,0.09896485411493272,0.05,0.005114666166565029,False,-1.6066516772456625,17.553436570193252,,,,,,,,,,,,,,
CONSUMER,BME.L,SBRY.L,B&M EUROPEAN VALUE RETAIL PLC O,SAINSBURY (J) PLC ORD 28 4/7P,-2.5625429412369787,0.10098860101839152,0.05,0.005114666166565029,False,-4.25281921028436,29.716377824938778,,,,,,,,,,,,,,
CONSUMER,EZJ.L,GRG.L,EASYJET PLC ORD 27 2/7P,GREGGS PLC ORD 2P,-2.5448373299958083,0.10494245366243371,0.05,0.005114666166565029,False,0.19544397460249982,4.6881503758496335,,,,,,,,,,,,,,
CONSUMER,NXT.L,TSCO.L,NEXT PLC ORD 10P,TESCO PLC ORD 6 1/3P,-2.53753497477162,0.10660666239842043,0.05,0.005114666166565029,False,1.176439087353523,2.3072884699706933,,,,,,,,,,,,,,
CONSUMER,DNLM.L,IHG.L,DUNELM GROUP PLC ORD 1P,INTERCONTINENTAL HOTELS GROUP P,-2.4956260271281794,0.1165421900789344,0.05,0.005114666166565029,False,-1.2345841122156662,12.895422109776083,,,,,,,,,,,,,,
CONSUMER,BME.L,EZJ.L,B&M EUROPEAN VALUE RETAIL PLC O,EASYJET PLC ORD 27 2/7P,-2.487298546711669,0.11859539072794933,0.05,0.005114666166565029,False,6.505941724715163,-34.590469967524214,,,,,,,,,,,,,,
CONSUMER,ABF.L,DOM.L,ASSOCIATED BRITISH FOODS PLC OR,DOMINO'S PIZZA GROUP PLC ORD 25,-2.4839227067314273,0.11943526882103211,0.05,0.005114666166565029,False,0.21101538674046183,6.486318333569447,,,,,,,,,,,,,,
CONSUMER,EZJ.L,PETS.L,EASYJET PLC ORD 27 2/7P,PETS AT HOME GROUP PLC ORD 1P,-2.432714806692549,0.13271494981509385,0.05,0.005114666166565029,False,0.4656583652087982,3.6375156050292685,,,,,,,,,,,,,,
CONSUMER,ABF.L,SBRY.L,ASSOCIATED BRITISH FOODS PLC OR,SAINSBURY (J) PLC ORD 28 4/7P,-2.4190984708013903,0.13641840028809715,0.05,0.005114666166565029,False,-0.43381716609270643,10.105772948258432,,,,,,,,,,,,,,
CONSUMER,PETS.L,WTB.L,PETS AT HOME GROUP PLC ORD 1P,WHITBREAD PLC ORD 76 122/153P,-2.4177713117035697,0.1367832796089945,0.05,0.005114666166565029,False,2.2898568097611163,-12.714724031820626,,,,,,,,,,,,,,
CONSUMER,NXT.L,SBRY.L,NEXT PLC ORD 10P,SAINSBURY (J) PLC ORD 28 4/7P,-2.4161342910424484,0.1372343089885409,0.05,0.005114666166565029,False,1.4337298928597966,1.2123800926857111,,,,,,,,,,,,,,
CONSUMER,GRG.L,SBRY.L,GREGGS PLC ORD 2P,SAINSBURY (J) PLC ORD 28 4/7P,-2.333443641781103,0.16140843846521363,0.05,0.005114666166565029,False,-3.532326475269755,27.652506852029852,,,,,,,,,,,,,,
CONSUMER,ABF.L,EZJ.L,ASSOCIATED BRITISH FOODS PLC OR,EASYJET PLC ORD 27 2/7P,-2.332301342845243,0.16176163776555563,0.05,0.005114666166565029,False,0.5126035171751557,4.478356816788713,,,,,,,,,,,,,,
CONSUMER,EZJ.L,IHG.L,EASYJET PLC ORD 27 2/7P,INTERCONTINENTAL HOTELS GROUP P,-2.3282937509415795,0.1630049614294738,0.05,0.005114666166565029,False,-0.7313269436722133,9.692141523124668,,,,,,,,,,,,,,
CONSUMER,BME.L,PETS.L,B&M EUROPEAN VALUE RETAIL PLC O,PETS AT HOME GROUP PLC ORD 1P,-2.2971698831908904,0.17288236525060247,0.05,0.005114666166565029,False,2.3680638599151425,-7.324100033807887,,,,,,,,,,,,,,
CONSUMER,TSCO.L,WTB.L,TESCO PLC ORD 6 1/3P,WHITBREAD PLC ORD 76 122/153P,-2.290544623689141,0.17503565544940797,0.05,0.005114666166565029,False,-2.0432001831693967,22.19210527394165,,,,,,,,,,,,,,
CONSUMER,DNLM.L,TSCO.L,DUNELM GROUP PLC ORD 1P,TESCO PLC ORD 6 1/3P,-2.256778756738788,0.1862866346938119,0.05,0.005114666166565029,False,-1.3222498502219064,14.873452159124282,,,,,,,,,,,,,,
CONSUMER,BME.L,WTB.L,B&M EUROPEAN VALUE RETAIL PLC O,WHITBREAD PLC ORD 76 122/153P,-2.1956548197821584,0.20782628488175942,0.05,0.005114666166565029,False,6.274745657521681,-44.19141558911117,,,,,,,,,,,,,,
CONSUMER,NXT.L,PETS.L,NEXT PLC ORD 10P,PETS AT HOME GROUP PLC ORD 1P,-2.129535268987863,0.23280532873320686,0.05,0.005114666166565029,False,-0.8228553502754914,13.833130282460857,,,,,,,,,,,,,,
CONSUMER,EZJ.L,WTB.L,EASYJET PLC ORD 27 2/7P,WHITBREAD PLC ORD 76 122/153P,-2.111292217501954,0.23999825435004485,0.05,0.005114666166565029,False,1.390005779754189,-4.850239242471115,,,,,,,,,,,,,,
CONSUMER,NXT.L,WTB.L,NEXT PLC ORD 10P,WHITBREAD PLC ORD 76 122/153P,-2.0902124332957226,0.24846840070589588,0.05,0.005114666166565029,False,-2.5655500977505037,29.698404823328616,,,,,,,,,,,,,,
CONSUMER,GRG.L,PETS.L,GREGGS PLC ORD 2P,PETS AT HOME GROUP PLC ORD 1P,-2.045807808952892,0.2668559290154784,0.05,0.005114666166565029,False,1.6545810869819206,-1.4127010411984537,,,,,,,,,,,,,,
CONSUMER,PETS.L,SBRY.L,PETS AT HOME GROUP PLC ORD 1P,SAINSBURY (J) PLC ORD 28 4/7P,-2.0420766078060097,0.2684339834936379,0.05,0.005114666166565029,False,-2.098541526158734,17.36017815882586,,,,,,,,,,,,,,
CONSUMER,DOM.L,GRG.L,DOMINO'S PIZZA GROUP PLC ORD 25,GREGGS PLC ORD 2P,-2.037215839409343,0.27049731418694145,0.05,0.005114666166565029,False,0.9096678447432096,-1.4298494762817215,,,,,,,,,,,,,,
CONSUMER,DNLM.L,NXT.L,DUNELM GROUP PLC ORD 1P,NEXT PLC ORD 10P,-2.0160250430496354,0.27959117855806653,0.05,0.005114666166565029,False,-0.9282077926778426,15.635856480376694,,,,,,,,,,,,,,
CONSUMER,DOM.L,WTB.L,DOMINO'S PIZZA GROUP PLC ORD 25,WHITBREAD PLC ORD 76 122/153P,-2.0140523340650875,0.28044583269177437,0.05,0.005114666166565029,False,4.796155268510482,-32.554732486341386,,,,,,,,,,,,,,
CONSUMER,GRG.L,WTB.L,GREGGS PLC ORD 2P,WHITBREAD PLC ORD 76 122/153P,-2.0075417007909224,0.28327614806648,0.05,0.005114666166565029,False,5.213652731594399,-33.74959870239098,,,,,,,,,,,,,,
CONSUMER,DNLM.L,SBRY.L,DUNELM GROUP PLC ORD 1P,SAINSBURY (J) PLC ORD 28 4/7P,-1.9470415570481696,0.3102648976614088,0.05,0.005114666166565029,False,-3.206313768788542,25.160552686749952,,,,,,,,,,,,,,
CONSUMER,SBRY.L,WTB.L,SAINSBURY (J) PLC ORD 28 4/7P,WHITBREAD PLC ORD 76 122/153P,-1.8320987549769827,0.364645977931768,0.05,0.005114666166565029,False,-2.2871329898427337,23.815276760685208,,,,,,,,,,,,,,
CONSUMER,DNLM.L,EZJ.L,DUNELM GROUP PLC ORD 1P,EASYJET PLC ORD 27 2/7P,-1.7213616599312864,0.4201412709414679,0.05,0.005114666166565029,False,1.3581351139817996,-1.4293511741615834,,,,,,,,,,,,,,
CONSUMER,DOM.L,IHG.L,DOMINO'S PIZZA GROUP PLC ORD 25,INTERCONTINENTAL HOTELS GROUP P,-1.653623235287594,0.45515149167089386,0.05,0.005114666166565029,False,-2.71422851164629,18.541487450035113,,,,,,,,,,,,,,
CONSUMER,DOM.L,PETS.L,DOMINO'S PIZZA GROUP PLC ORD 25,PETS AT HOME GROUP PLC ORD 1P,-1.615410923119116,0.4751359799259942,0.05,0.005114666166565029,False,1.5235682362719987,-2.8153689783657114,,,,,,,,,,,,,,
CONSUMER,IHG.L,TSCO.L,INTERCONTINENTAL HOTELS GROUP P,TESCO PLC ORD 6 1/3P,-1.5902720233536087,0.4884783504740975,0.05,0.005114666166565029,False,0.9669804684734238,-0.979091743151689,,,,,,,,,,,,,,
CONSUMER,BME.L,DNLM.L,B&M EUROPEAN VALUE RETAIL PLC O,DUNELM GROUP PLC ORD 1P,-1.5065079944398463,0.5302895056435978,0.05,0.005114666166565029,False,4.071097122281752,-22.741968888389643,,,,,,,,,,,,,,
CONSUMER,DNLM.L,GRG.L,DUNELM GROUP PLC ORD 1P,GREGGS PLC ORD 2P,-1.408651104055397,0.5781217150706639,0.05,0.005114666166565029,False,0.34740920235867057,4.315284407252417,,,,,,,,,,,,,,
CONSUMER,IHG.L,SBRY.L,INTERCONTINENTAL HOTELS GROUP P,SAINSBURY (J) PLC ORD 28 4/7P,-1.400402178105454,0.5820832941031795,0.05,0.005114666166565029,False,1.3105240403924119,-2.6289665991119326,,,,,,,,,,,,,,
CONSUMER,BME.L,IHG.L,B&M EUROPEAN VALUE RETAIL PLC O,INTERCONTINENTAL HOTELS GROUP P,-1.3928504568624536,0.5856988592255885,0.05,0.005114666166565029,False,-3.874485675816115,24.21400792436673,,,,,,,,,,,,,,
CONSUMER,DNLM.L,DOM.L,DUNELM GROUP PLC ORD 1P,DOMINO'S PIZZA GROUP PLC ORD 25,-1.367820552447366,0.5976024699487763,0.05,0.005114666166565029,False,0.3614919589029477,4.973202233921135,,,,,,,,,,,,,,
CONSUMER,IHG.L,NXT.L,INTERCONTINENTAL HOTELS GROUP P,NEXT PLC ORD 10P,-1.2940254328802805,0.631901233302771,0.05,0.005114666166565029,False,0.7186589103902005,-1.9093693376350833,,,,,,,,,,,,,,
CONSUMER,GRG.L,IHG.L,GREGGS PLC ORD 2P,INTERCONTINENTAL HOTELS GROUP P,-0.8430247285443191,0.8061561548174513,0.05,0.005114666166565029,False,-3.217998795588597,23.081891286949954,,,,,,,,,,,,,,
DE_AUTO,BMW.DE,VOW3.DE,BAYERISCHE MOTOREN WERKE AG   S,VOLKSWAGEN AG                 V,-3.017878076669402,0.03325820911390047,0.05,,False,1.2865835164790342,-1.4204297554242542,,,,,,,,,,,,,,
DE_AUTO,BMW.DE,MBG.DE,BAYERISCHE MOTOREN WERKE AG   S,Mercedes-Benz Group AG        N,-2.7688671055926237,0.0628603314792348,0.05,,False,1.5804715376605243,-1.8729261212052766,,,,,,,,,,,,,,
DE_AUTO,MBG.DE,VOW3.DE,Mercedes-Benz Group AG        N,VOLKSWAGEN AG                 V,-2.705667643065097,0.07306264373788515,0.05,,False,0.8192766122741927,0.26302341230429205,,,,,,,,,,,,,,
DE_AUTO,CON.DE,MBG.DE,CONTINENTAL AG                I,Mercedes-Benz Group AG        N,-2.5686884509710044,0.09964293587858553,0.05,,False,8.111877383950791,-27.78431906920344,,,,,,,,,,,,,,
DE_AUTO,CON.DE,PAH3.DE,CONTINENTAL AG                I,Porsche Automobil Holding SE  I,-2.489313161705777,0.11809624809566799,0.05,,False,-6.660206438734989,27.32996608445525,,,,,,,,,,,,,,
DE_AUTO,MBG.DE,PAH3.DE,Mercedes-Benz Group AG        N,Porsche Automobil Holding SE  I,-2.291984217463199,0.17456625533072917,0.05,,False,0.8726441874748446,0.8499773427762198,,,,,,,,,,,,,,
DE_AUTO,CON.DE,VOW3.DE,CONTINENTAL AG                I,VOLKSWAGEN AG                 V,-1.9428063205763528,0.3121991930544975,0.05,,False,5.300063095110487,-19.655501757562774,,,,,,,,,,,,,,
DE_AUTO,BMW.DE,PAH3.DE,BAYERISCHE MOTOREN WERKE AG   S,Porsche Automobil Holding SE  I,-1.8152683623543404,0.37290815487522033,0.05,,False,1.773635156864279,-1.913937499714561,,,,,,,,,,,,,,
DE_AUTO,PAH3.DE,VOW3.DE,Porsche Automobil Holding SE  I,VOLKSWAGEN AG                 V,-1.4092259327665853,0.5778451854073307,0.05,,False,0.8952298371766918,-0.4783271396463107,,,,,,,,,,,,,,
DE_AUTO,BMW.DE,CON.DE,BAYERISCHE MOTOREN WERKE AG   S,CONTINENTAL AG                I,-1.0928467291065018,0.7179161001132102,0.05,,False,0.3191132210924653,3.0489107814505223,,,,,,,,,,,,,,
DE_BANKS_INSURANCE,CBK.DE,HNR1.DE,Commerzbank AG                I,HANNOVER RUECK SE NA O.N.,-3.2967332194880354,0.015025132675341009,0.05,,False,12.279044684621127,-64.10669491219414,,,,,,,,,,,,,,
DE_BANKS_INSURANCE,ALV.DE,CBK.DE,Allianz SE                    v,Commerzbank AG                I,-3.2661647422933,0.016460338675689207,0.05,,False,0.37695861594563373,4.564243053985477,,,,,,,,,,,,,,
DE_BANKS_INSURANCE,DBK.DE,HNR1.DE,DEUTSCHE BANK AG              N,HANNOVER RUECK SE NA O.N.,-3.2234634080726274,0.01866606829916548,0.05,,False,10.048764607946925,-51.96184969699392,,,,,,,,,,,,,,
DE_BANKS_INSURANCE,CBK.DE,DBK.DE,Commerzbank AG                I,DEUTSCHE BANK AG              N,-3.077516204290442,0.028262456467297577,0.05,,False,1.2322329100723628,-0.6438950926247777,,,,,,,,,,,,,,
DE_BANKS_INSURANCE,HNR1.DE,MUV2.DE,HANNOVER RUECK SE NA O.N.,MUENCHENER RUECKVERS.-GES. AG N,-2.958220201299077,0.03898463156838105,0.05,,False,0.6427677957692076,1.4927123112265237,,,,,,,,,,,,,,
DE_BANKS_INSURANCE,ALV.DE,HNR1.DE,Allianz SE                    v,HANNOVER RUECK SE NA O.N.,-2.6758497894077617,0.07831135053571626,0.05,,False,3.650628763755344,-14.243310673854474,,,,,,,,,,,,,,
DE_BANKS_INSURANCE,DBK.DE,MUV2.DE,DEUTSCHE BANK AG              N,MUENCHENER RUECKVERS.-GES. AG N,-2.3282414613772175,0.163021226803078,0.05,,False,4.669627703832648,-25.866797474999967,,,,,,,,,,,,,,
DE_BANKS_INSURANCE,ALV.DE,DBK.DE,Allianz SE                    v,DEUTSCHE BANK AG              N,-2.124444442058296,0.23479963428259776,0.05,,False,0.4575214793823517,4.343067987504243,,,,,,,,,,,,,,
DE_BANKS_INSURANCE,CBK.DE,MUV2.DE,Commerzbank AG                I,MUENCHENER RUECKVERS.-GES. AG N,-1.655954423815682,0.45393689631282885,0.05,,False,6.059008013588607,-34.40858838778756,,,,,,,,,,,,,,
DE_BANKS_INSURANCE,ALV.DE,MUV2.DE,Allianz SE                    v,MUENCHENER RUECKVERS.-GES. AG N,-1.2673216904932934,0.6439869717508957,0.05,,False,1.9432026481821942,-6.293286781452143,,,,,,,,,,,,,,
DE_CHEMICALS,BAS.DE,LXS.DE,BASF SE                       N,LANXESS AG                    I,-3.3697637759364722,0.012033835280001938,0.05,,False,-0.1949153125514612,4.36241613351075,,,,,,,,,,,,,,
DE_CHEMICALS,LXS.DE,WCH.DE,LANXESS AG                    I,Wacker Chemie AG              I,-3.1709252684253024,0.021730536971611904,0.05,,False,-2.9390804459761126,15.737716676721774,,,,,,,,,,,,,,
DE_CHEMICALS,BAS.DE,SY1.DE,BASF SE                       N,Symrise AG                    I,-2.5681872328632354,0.09975217407897985,0.05,,False,-0.28565557167531386,5.0371824877397025,,,,,,,,,,,,,,
DE_CHEMICALS,BAS.DE,WCH.DE,BASF SE                       N,Wacker Chemie AG              I,-2.5369689979053023,0.10673647103461792,0.05,,False,0.4015644824700901,2.0315360546561045,,,,,,,,,,,,,,
DE_CHEMICALS,LXS.DE,SY1.DE,LANXESS AG                    I,Symrise AG                    I,-2.474325981960781,0.12184670321420848,0.05,,False,1.2051459393917086,-2.2960817496697716,,,,,,,,,,,,,,
DE_CHEMICALS,SY1.DE,WCH.DE,Symrise AG                    I,Wacker Chemie AG              I,-2.0546780412271604,0.26312470802361554,0.05,,False,3.15150939431677,-9.074898402038597,,,,,,,,,,,,,,
DE_HEALTHCARE,FRE.DE,MRK.DE,Fresenius SE & Co. KGaA       N,MERCK KGAA                    I,-3.3069580180914007,0.014570301363887234,0.05,,False,-1.3113928316263126,9.989125242597888,,,,,,,,,,,,,,
DE_HEALTHCARE,BAYN.DE,SHL.DE,Bayer AG                      N,Siemens Healthineers AG       N,-2.916552415283836,0.04345675784787433,0.05,,False,-2.4141337977171338,12.536901330679727,,,,,,,,,,,,,,
DE_HEALTHCARE,FME.DE,MRK.DE,Fresenius Medical Care AG     I,MERCK KGAA                    I,-2.717333497849781,0.07108654506470735,0.05,,False,-0.6744202858773737,6.932199826673822,,,,,,,,,,,,,,
DE_HEALTHCARE,BAYN.DE,FME.DE,Bayer AG                      N,Fresenius Medical Care AG     I,-2.3800579617068274,0.1474441846321849,0.05,,False,-5.84368783131254,24.815794440179815,,,,,,,,,,,,,,
DE_HEALTHCARE,BAYN.DE,FRE.DE,Bayer AG                      N,Fresenius SE & Co. KGaA       N,-2.17524085889952,0.21535398595164573,0.05,,False,1.8634424696599656,-3.4747079795160354,,,,,,,,,,,,,,
DE_HEALTHCARE,FME.DE,SHL.DE,Fresenius Medical Care AG     I,Siemens Healthineers AG       N,-1.8481633711771177,0.3568254244806566,0.05,,False,0.38211793361409824,2.2193426558421967,,,,,,,,,,,,,,
DE_HEALTHCARE,FME.DE,FRE.DE,Fresenius Medical Care AG     I,Fresenius SE & Co. KGaA       N,-1.845652256989516,0.35804353217191004,0.05,,False,0.40384613561778054,2.1987739744323207,,,,,,,,,,,,,,
DE_HEALTHCARE,FRE.DE,SHL.DE,Fresenius SE & Co. KGaA       N,Siemens Healthineers AG       N,-1.6318465112379146,0.46652432386832426,0.05,,False,-1.926240674996201,10.99569048430364,,,,,,,,,,,,,,
DE_HEALTHCARE,BAYN.DE,MRK.DE,Bayer AG                      N,MERCK KGAA                    I,-1.6113113778013637,0.47728724650877524,0.05,,False,-5.116486208762997,28.046746719157504,,,,,,,,,,,,,,
DE_HEALTHCARE,MRK.DE,SHL.DE,MERCK KGAA                    I,Siemens Healthineers AG       N,0.052254580115385314,0.9626459941963043,0.05,,False,1.2546055517150683,0.04877839172631404,,,,,,,,,,,,,,
DE_INDUSTRIALS,KGX.DE,MTX.DE,KION GROUP AG                 I,MTU Aero Engines AG           N,-3.260239196337761,0.016752070227818147,0.05,,False,2.219840863059865,-9.0543638057214,,,,,,,,,,,,,,
DE_INDUSTRIALS,HEI.DE,MTX.DE,Heidelberg Materials AG       I,MTU Aero Engines AG           N,-3.036433848091992,0.031629198900712904,0.05,,False,2.7004823838258187,-10.567271469348722,,,,,,,,,,,,,,
DE_INDUSTRIALS,MTX.DE,SIE.DE,MTU Aero Engines AG           N,SIEMENS AG                    N,-2.3209692842993275,0.1652941171490664,0.05,,False,0.76747253931214,1.6784728277637333,,,,,,,,,,,,,,
DE_INDUSTRIALS,HEI.DE,SIE.DE,Heidelberg Materials AG       I,SIEMENS AG                    N,-1.9375029685822907,0.3146293141203675,0.05,,False,2.0627093440507656,-5.982033212175981,,,,,,,,,,,,,,
DE_INDUSTRIALS,HEI.DE,KGX.DE,Heidelberg Materials AG       I,KION GROUP AG                 I,-1.9120332247784866,0.3264216486067256,0.05,,False,1.2930149256251866,0.15891504929816413,,,,,,,,,,,,,,
DE_INDUSTRIALS,KGX.DE,SIE.DE,KION GROUP AG                 I,SIEMENS AG                    N,-0.2811658795374915,0.9281297740221292,0.05,,False,1.806578474380767,-5.878218269253082,,,,,,,,,,,,,,
DE_REAL_ESTATE,GYC.DE,LEG.DE,Grand City Properties S.A.    A,LEG Immobilien SE             N,-3.4871890674811956,0.008322266397404875,0.05,0.014387783129358074,True,0.6940305737451088,-0.572895549084369,11.395107412935028,6.477035643102706e-05,-0.06082849028462225,34.0,-2.889048489796755,4.240050016250276,True,2026-09-21 00:00:00,0.4,-0.013089654707947464,0.2762768599843972,-0.37785182171569565,True,mixed signal
DE_REAL_ESTATE,DWNI.DE,VNA.DE,Deutsche Wohnen SE            I,Vonovia SE                    N,-3.316715409684141,0.014147629778553578,0.05,0.014387783129358074,True,0.8493026770228431,0.33652991615078154,23.180862004179442,0.00028465024483821904,-0.029901699964176173,63.0,1.9860561515651747,2.0099150078258075,False,,0.8,0.011809456840145954,0.9868599281196645,0.33614933361418375,False,mixed signal
DE_REAL_ESTATE,GYC.DE,VNA.DE,Grand City Properties S.A.    A,Vonovia SE                    N,-3.3111404043667774,0.014387783129358074,0.05,0.014387783129358074,True,0.9360279810170893,-0.6739014924225137,12.725649170676096,-3.248328371508416e-05,-0.05446851247142462,38.0,-1.9505539558278562,3.0969034448616553,False,,0.8,0.008223243846900749,0.3686009493959941,0.1879357063295335,False,mixed signal
DE_REAL_ESTATE,DWNI.DE,LEG.DE,Deutsche Wohnen SE            I,LEG Immobilien SE             N,-3.13338954716395,0.024178878079191033,0.05,0.014387783129358074,False,0.5383163102689501,0.8124271399442291,,,,,,,,,,,,,,
DE_REAL_ESTATE,LEG.DE,VNA.DE,LEG Immobilien SE             N,Vonovia SE                    N,-3.017970355419911,0.0332499353415088,0.05,0.014387783129358074,False,1.3510981630346945,-0.15331999292716336,,,,,,,,,,,,,,
DE_REAL_ESTATE,DWNI.DE,GYC.DE,Deutsche Wohnen SE            I,Grand City Properties S.A.    A,-2.946677711934557,0.04018306385114056,0.05,0.014387783129358074,False,0.9025622455145349,0.9592118786665131,,,,,,,,,,,,,,
DE_REAL_ESTATE,AT1.DE,LEG.DE,Aroundtown SA                 B,LEG Immobilien SE             N,-1.680012538730438,0.441438921227306,0.05,0.014387783129358074,False,1.4509287971190605,-5.136288876610946,,,,,,,,,,,,,,
DE_REAL_ESTATE,AT1.DE,DWNI.DE,Aroundtown SA                 B,Deutsche Wohnen SE            I,-1.6633510710651,0.4500870914508276,0.05,0.014387783129358074,False,1.8852089235902763,-4.834754277866967,,,,,,,,,,,,,,
DE_REAL_ESTATE,AT1.DE,VNA.DE,Aroundtown SA                 B,Vonovia SE                    N,-1.4828098715488485,0.5419972649779529,0.05,0.014387783129358074,False,2.2008349717976623,-6.134244419971779,,,,,,,,,,,,,,
DE_REAL_ESTATE,AT1.DE,GYC.DE,Aroundtown SA                 B,Grand City Properties S.A.    A,-1.4590626693790554,0.5536565977776601,0.05,0.014387783129358074,False,2.767129155585987,-5.524765465945073,,,,,,,,,,,,,,
DE_SOFTWARE,NEM.DE,SAP.DE,Nemetschek SE                 I,SAP SE                        I,-3.182807034495034,0.02100169530667515,0.05,,False,1.2302558076809933,-2.0246206890980947,,,,,,,,,,,,,,
DE_SOFTWARE,SAP.DE,TMV.DE,SAP SE                        I,TeamViewer SE                 I,-1.6772582987723463,0.4428661248774908,0.05,,False,0.40262909461145524,4.4665919565220324,,,,,,,,,,,,,,
DE_SOFTWARE,NEM.DE,TMV.DE,Nemetschek SE                 I,TeamViewer SE                 I,-1.206751271685777,0.6706847632143296,0.05,,False,0.5360225478105408,3.3830315923536025,,,,,,,,,,,,,,
DE_UTILITIES_ENERGY,ENR.DE,EOAN.DE,Siemens Energy AG             N,E.ON SE                       N,-2.107026321584993,0.24169868481618317,0.05,,False,3.622541329691959,-5.2796886825915434,,,,,,,,,,,,,,
DE_UTILITIES_ENERGY,EOAN.DE,RWE.DE,E.ON SE                       N,RWE AG                        I,-1.9082483996539008,0.3281908080752548,0.05,,False,0.7328539162411473,0.004688133444702203,,,,,,,,,,,,,,
DE_UTILITIES_ENERGY,ENR.DE,RWE.DE,Siemens Energy AG             N,RWE AG                        I,-1.7857662874181435,0.3875508823212773,0.05,,False,2.7677667729728914,-5.670476948366448,,,,,,,,,,,,,,
ENERGY_UTILITIES,SSE.L,SVT.L,SSE PLC ORD 50P,SEVERN TRENT PLC ORD 97 17/19P,-4.422897735857049,0.0002703274089414944,0.05,0.0002703274089414944,True,2.354211805615127,-11.042842134953865,9.876736159106109,-0.00025878265289012216,-0.07017978099180877,30.0,-0.055342699317189714,3.199203176003881,False,,0.2,-0.011480625848287355,-0.1991001590604659,-0.06057491479218541,True,mixed signal
ENERGY_UTILITIES,GCP.L,HICL.L,GCP INFRASTRUCTURE INVESTMENTS ,HICL INFRASTRUCTURE PLC ORD 0.0,-4.090217562191231,0.0010052197397583183,0.05,0.0002703274089414944,False,0.7506192152876303,0.7157060741707792,,,,,,,,,,,,,,
ENERGY_UTILITIES,NG.L,SVT.L,NATIONAL GRID PLC ORD 12 204/47,SEVERN TRENT PLC ORD 97 17/19P,-3.9471233552757536,0.0017141547312697805,0.05,0.0002703274089414944,False,1.437691047439708,-4.380791681668728,,,,,,,,,,,,,,
ENERGY_UTILITIES,ENOG.L,NG.L,ENERGEAN PLC ORD 1P,NATIONAL GRID PLC ORD 12 204/47,-3.8908829699508596,0.002102977414943397,0.05,0.0002703274089414944,False,-0.5950542610103389,10.968613655002365,,,,,,,,,,,,,,
ENERGY_UTILITIES,ENOG.L,UU.L,ENERGEAN PLC ORD 1P,UNITED UTILITIES GROUP PLC ORD ,-3.874956620592602,0.0022270812770129604,0.05,0.0002703274089414944,False,-0.6300806771038365,11.245740991339186,,,,,,,,,,,,,,
ENERGY_UTILITIES,ENOG.L,SVT.L,ENERGEAN PLC ORD 1P,SEVERN TRENT PLC ORD 97 17/19P,-3.771024217703637,0.003218084021202774,0.05,0.0002703274089414944,False,-1.1195446492507222,15.662108611174478,,,,,,,,,,,,,,
ENERGY_UTILITIES,TRIG.L,UKW.L,THE RENEWABLES INFRASTRUCTURE G,GREENCOAT UK WIND PLC ORD 1P,-3.6385876731680282,0.005064749415221337,0.05,0.0002703274089414944,False,1.0814968623045966,-0.7392471228860122,,,,,,,,,,,,,,
ENERGY_UTILITIES,NG.L,UU.L,NATIONAL GRID PLC ORD 12 204/47,UNITED UTILITIES GROUP PLC ORD ,-3.5479393301163067,0.006837961790574886,0.05,0.0002703274089414944,False,1.0504346820743522,-0.4064454707009606,,,,,,,,,,,,,,
ENERGY_UTILITIES,CNA.L,ENOG.L,CENTRICA PLC ORD 6 14/81P,ENERGEAN PLC ORD 1P,-3.489098222175997,0.008271528906410825,0.05,0.0002703274089414944,False,-3.422173492161789,28.369021038738467,,,,,,,,,,,,,,
ENERGY_UTILITIES,NG.L,SSE.L,NATIONAL GRID PLC ORD 12 204/47,SSE PLC ORD 50P,-3.403185889062061,0.010850743144372768,0.05,0.0002703274089414944,False,0.6133274582041875,2.3429961900163496,,,,,,,,,,,,,,
ENERGY_UTILITIES,BP.L,ENOG.L,BP PLC $0.25,ENERGEAN PLC ORD 1P,-3.373662992562595,0.01189014168905997,0.05,0.0002703274089414944,False,-3.6539866372461187,30.972627798912693,,,,,,,,,,,,,,
ENERGY_UTILITIES,BP.L,SVT.L,BP PLC $0.25,SEVERN TRENT PLC ORD 97 17/19P,-3.3624900167291676,0.012306014145758052,0.05,0.0002703274089414944,False,2.192937361656323,-11.257873957121511,,,,,,,,,,,,,,
ENERGY_UTILITIES,HBR.L,PNN.L,HARBOUR ENERGY PLC ORD 0.002P,PENNON GROUP PLC ORD 61 1/20P,-3.348993745075352,0.012825538957496859,0.05,0.0002703274089414944,False,2.2524406171131703,-8.648733948485837,,,,,,,,,,,,,,
ENERGY_UTILITIES,ENOG.L,SSE.L,ENERGEAN PLC ORD 1P,SSE PLC ORD 50P,-3.3109452638868544,0.01439625392885264,0.05,0.0002703274089414944,False,-0.24252704959107985,8.648509734533265,,,,,,,,,,,,,,
ENERGY_UTILITIES,ENOG.L,UKW.L,ENERGEAN PLC ORD 1P,GREENCOAT UK WIND PLC ORD 1P,-3.263271396911797,0.016602224544568025,0.05,0.0002703274089414944,False,0.4253801004868834,4.799754980493072,,,,,,,,,,,,,,
ENERGY_UTILITIES,FSFL.L,SVT.L,FORESIGHT SOLAR FUND LIMITED OR,SEVERN TRENT PLC ORD 97 17/19P,-3.2287358066487384,0.01838043921480445,0.05,0.0002703274089414944,False,-2.116079513035808,21.05744772439944,,,,,,,,,,,,,,
ENERGY_UTILITIES,CNA.L,UKW.L,CENTRICA PLC ORD 6 14/81P,GREENCOAT UK WIND PLC ORD 1P,-3.176591783496309,0.021380254414044782,0.05,0.0002703274089414944,False,-1.3817812289514908,11.59321392867815,,,,,,,,,,,,,,
ENERGY_UTILITIES,BP.L,NG.L,BP PLC $0.25,NATIONAL GRID PLC ORD 12 204/47,-3.175560630105869,0.021443629358571473,0.05,0.0002703274089414944,False,1.2436038857195921,-2.6090770189793018,,,,,,,,,,,,,,
ENERGY_UTILITIES,CNA.L,SVT.L,CENTRICA PLC ORD 6 14/81P,SEVERN TRENT PLC ORD 97 17/19P,-3.1608904397650233,0.022363069162503992,0.05,0.0002703274089414944,False,2.6139090034530876,-15.608698359997508,,,,,,,,,,,,,,
ENERGY_UTILITIES,ENOG.L,PNN.L,ENERGEAN PLC ORD 1P,PENNON GROUP PLC ORD 61 1/20P,-3.1530896571330707,0.02286573599486498,0.05,0.0002703274089414944,False,0.4962764370674915,3.7062637039427515,,,,,,,,,,,,,,
ENERGY_UTILITIES,GCP.L,INPP.L,GCP INFRASTRUCTURE INVESTMENTS ,INTERNATIONAL PUBLIC PARTNERSHI,-3.132957830602995,0.0242083686334555,0.05,0.0002703274089414944,False,0.6092729153568686,1.3750133655370238,,,,,,,,,,,,,,
ENERGY_UTILITIES,GCP.L,HBR.L,GCP INFRASTRUCTURE INVESTMENTS ,HARBOUR ENERGY PLC ORD 0.002P,-3.1283471151707127,0.024525266224980222,0.05,0.0002703274089414944,False,0.11073219880962279,3.7052743863528965,,,,,,,,,,,,,,
ENERGY_UTILITIES,GCP.L,SSE.L,GCP INFRASTRUCTURE INVESTMENTS ,SSE PLC ORD 50P,-3.1213002042302023,0.02501651152589744,0.05,0.0002703274089414944,False,0.060680714071902724,3.8508068695752966,,,,,,,,,,,,,,
ENERGY_UTILITIES,BP.L,SSE.L,BP PLC $0.25,SSE PLC ORD 50P,-3.046986472021228,0.03073339292973506,0.05,0.0002703274089414944,False,0.6553932210426554,1.1164398457050275,,,,,,,,,,,,,,
ENERGY_UTILITIES,BP.L,GCP.L,BP PLC $0.25,GCP INFRASTRUCTURE INVESTMENTS ,-3.0457354855066496,0.03083844751819188,0.05,0.0002703274089414944,False,9.448696334072299,-34.64825981556149,,,,,,,,,,,,,,
ENERGY_UTILITIES,ENOG.L,HICL.L,ENERGEAN PLC ORD 1P,HICL INFRASTRUCTURE PLC ORD 0.0,-2.9981539589475448,0.03506715729548781,0.05,0.0002703274089414944,False,-4.146867833920209,26.669767616269155,,,,,,,,,,,,,,
ENERGY_UTILITIES,ENOG.L,GCP.L,ENERGEAN PLC ORD 1P,GCP INFRASTRUCTURE INVESTMENTS ,-2.9795133643605323,0.03685239347762469,0.05,0.0002703274089414944,False,-92.67486001791954,406.214423431605,,,,,,,,,,,,,,
ENERGY_UTILITIES,DCC.L,GCP.L,DCC ENERGY PLC ORD EUR0.25 (CDI,GCP INFRASTRUCTURE INVESTMENTS ,-2.978948746768236,0.03690763983094615,0.05,0.0002703274089414944,False,5.085456269237137,-13.385023734752428,,,,,,,,,,,,,,
ENERGY_UTILITIES,INPP.L,SSE.L,INTERNATIONAL PUBLIC PARTNERSHI,SSE PLC ORD 50P,-2.978762840682616,0.0369258454971545,0.05,0.0002703274089414944,False,0.24679954449037972,2.950323716275011,,,,,,,,,,,,,,
ENERGY_UTILITIES,CNA.L,TRIG.L,CENTRICA PLC ORD 6 14/81P,THE RENEWABLES INFRASTRUCTURE G,-2.969744326111141,0.0378181395462527,0.05,0.0002703274089414944,False,-1.275156476868303,10.637753754939542,,,,,,,,,,,,,,
ENERGY_UTILITIES,GCP.L,SVT.L,GCP INFRASTRUCTURE INVESTMENTS ,SEVERN TRENT PLC ORD 97 17/19P,-2.9629813089859662,0.038499097438528286,0.05,0.0002703274089414944,False,0.015244341107534469,4.189215991557645,,,,,,,,,,,,,,
ENERGY_UTILITIES,GCP.L,NG.L,GCP INFRASTRUCTURE INVESTMENTS ,NATIONAL GRID PLC ORD 12 204/47,-2.955578205365324,0.03925626761048064,0.05,0.0002703274089414944,False,0.0019750877080545307,4.295902175039596,,,,,,,,,,,,,,
ENERGY_UTILITIES,CNA.L,GCP.L,CENTRICA PLC ORD 6 14/81P,GCP INFRASTRUCTURE INVESTMENTS ,-2.947756853156369,0.04006972823414275,0.05,0.0002703274089414944,False,-38.59506466071284,171.3815561839546,,,,,,,,,,,,,,
ENERGY_UTILITIES,GCP.L,UU.L,GCP INFRASTRUCTURE INVESTMENTS ,UNITED UTILITIES GROUP PLC ORD ,-2.9282494188316948,0.042160216543932656,0.05,0.0002703274089414944,False,-0.0319828674092203,4.53462238297422,,,,,,,,,,,,,,
ENERGY_UTILITIES,CNA.L,UU.L,CENTRICA PLC ORD 6 14/81P,UNITED UTILITIES GROUP PLC ORD ,-2.922342977946428,0.04281082293016515,0.05,0.0002703274089414944,False,1.7278334701540958,-7.102883732764884,,,,,,,,,,,,,,
ENERGY_UTILITIES,BP.L,UU.L,BP PLC $0.25,UNITED UTILITIES GROUP PLC ORD ,-2.8994807916993257,0.04540840765520811,0.05,0.0002703274089414944,False,1.36501786245138,-3.5273168069176437,,,,,,,,,,,,,,
ENERGY_UTILITIES,GCP.L,TRIG.L,GCP INFRASTRUCTURE INVESTMENTS ,THE RENEWABLES INFRASTRUCTURE G,-2.8845897437112265,0.04716957145698897,0.05,0.0002703274089414944,False,0.13563904398178078,3.71518760649037,,,,,,,,,,,,,,
ENERGY_UTILITIES,SSE.L,UU.L,SSE PLC ORD 50P,UNITED UTILITIES GROUP PLC ORD ,-2.8788477654944997,0.04786358497791388,0.05,0.0002703274089414944,False,1.7520032306545334,-4.759372440234617,,,,,,,,,,,,,,
ENERGY_UTILITIES,SVT.L,TRIG.L,SEVERN TRENT PLC ORD 97 17/19P,THE RENEWABLES INFRASTRUCTURE G,-2.8546800831586623,0.05087760835162016,0.05,0.0002703274089414944,False,-0.38797201712096413,9.603375833254237,,,,,,,,,,,,,,
ENERGY_UTILITIES,GCP.L,UKW.L,GCP INFRASTRUCTURE INVESTMENTS ,GREENCOAT UK WIND PLC ORD 1P,-2.8512126195346723,0.05132256533625541,0.05,0.0002703274089414944,False,0.13727687657495188,3.659514771538562,,,,,,,,,,,,,,
ENERGY_UTILITIES,INPP.L,SVT.L,INTERNATIONAL PUBLIC PARTNERSHI,SEVERN TRENT PLC ORD 97 17/19P,-2.8256025070590036,0.054708672410423584,0.05,0.0002703274089414944,False,0.5586196670864744,0.4019703320711532,,,,,,,,,,,,,,
ENERGY_UTILITIES,GCP.L,PNN.L,GCP INFRASTRUCTURE INVESTMENTS ,PENNON GROUP PLC ORD 61 1/20P,-2.8235266466179385,0.05499094436948071,0.05,0.0002703274089414944,False,0.16990742320820762,3.2455559811478034,,,,,,,,,,,,,,
ENERGY_UTILITIES,UKW.L,UU.L,GREENCOAT UK WIND PLC ORD 1P,UNITED UTILITIES GROUP PLC ORD ,-2.8130376143224574,0.05643543589426043,0.05,0.0002703274089414944,False,-1.3077596679854573,13.933560509468409,,,,,,,,,,,,,,
ENERGY_UTILITIES,FSFL.L,GCP.L,FORESIGHT SOLAR FUND LIMITED OR,GCP INFRASTRUCTURE INVESTMENTS ,-2.7666825593403725,0.06319278225120653,0.05,0.0002703274089414944,False,6.788836216787733,-24.92350674061956,,,,,,,,,,,,,,
ENERGY_UTILITIES,CNA.L,NG.L,CENTRICA PLC ORD 6 14/81P,NATIONAL GRID PLC ORD 12 204/47,-2.752427462151292,0.06539702941783036,0.05,0.0002703274089414944,False,1.6398866534718521,-6.399509339065853,,,,,,,,,,,,,,
ENERGY_UTILITIES,HBR.L,HICL.L,HARBOUR ENERGY PLC ORD 0.002P,HICL INFRASTRUCTURE PLC ORD 0.0,-2.7493995513348333,0.06587307781601157,0.05,0.0002703274089414944,False,6.189480833970867,-24.177036831057833,,,,,,,,,,,,,,
ENERGY_UTILITIES,SVT.L,UU.L,SEVERN TRENT PLC ORD 97 17/19P,UNITED UTILITIES GROUP PLC ORD ,-2.7381377853105358,0.0676680574318639,0.05,0.0002703274089414944,False,0.7309772181816202,2.7620240350637006,,,,,,,,,,,,,,
ENERGY_UTILITIES,HICL.L,INPP.L,HICL INFRASTRUCTURE PLC ORD 0.0,INTERNATIONAL PUBLIC PARTNERSHI,-2.7277898641833875,0.06935161973612551,0.05,0.0002703274089414944,False,0.9056403856904528,0.4258395609959731,,,,,,,,,,,,,,
ENERGY_UTILITIES,DCC.L,HICL.L,DCC ENERGY PLC ORD EUR0.25 (CDI,HICL INFRASTRUCTURE PLC ORD 0.0,-2.704062998140058,0.07333782797110353,0.05,0.0002703274089414944,False,2.815079018669972,-4.946953042301576,,,,,,,,,,,,,,
ENERGY_UTILITIES,NG.L,UKW.L,NATIONAL GRID PLC ORD 12 204/47,GREENCOAT UK WIND PLC ORD 1P,-2.671068307186889,0.0791799075649039,0.05,0.0002703274089414944,False,-0.8205995484233953,10.86769491117363,,,,,,,,,,,,,,
ENERGY_UTILITIES,BP.L,FSFL.L,BP PLC $0.25,FORESIGHT SOLAR FUND LIMITED OR,-2.661878629466993,0.08087040217072711,0.05,0.0002703274089414944,False,-0.9465378637626405,10.175254213261608,,,,,,,,,,,,,,
ENERGY_UTILITIES,PNN.L,TRIG.L,PENNON GROUP PLC ORD 61 1/20P,THE RENEWABLES INFRASTRUCTURE G,-2.6059632745827264,0.09177103273995374,0.05,0.0002703274089414944,False,0.5731242116583776,3.7510349468658073,,,,,,,,,,,,,,
ENERGY_UTILITIES,HICL.L,SSE.L,HICL INFRASTRUCTURE PLC ORD 0.0,SSE PLC ORD 50P,-2.5967737917728906,0.09366589407128428,0.05,0.0002703274089414944,False,0.13233626908200474,3.787264192762411,,,,,,,,,,,,,,
ENERGY_UTILITIES,ENOG.L,TRIG.L,ENERGEAN PLC ORD 1P,THE RENEWABLES INFRASTRUCTURE G,-2.585162318463448,0.09610285548682218,0.05,0.0002703274089414944,False,0.3474511086040697,5.291585252247863,,,,,,,,,,,,,,
ENERGY_UTILITIES,INPP.L,UU.L,INTERNATIONAL PUBLIC PARTNERSHI,UNITED UTILITIES GROUP PLC ORD ,-2.5684408777190693,0.09969688198920729,0.05,0.0002703274089414944,False,0.35562836709017653,2.315593847442888,,,,,,,,,,,,,,
ENERGY_UTILITIES,ENOG.L,INPP.L,ENERGEAN PLC ORD 1P,INTERNATIONAL PUBLIC PARTNERSHI,-2.5583641958544217,0.10191143901045713,0.05,0.0002703274089414944,False,-4.066211682811573,26.40012637640681,,,,,,,,,,,,,,
ENERGY_UTILITIES,CNA.L,FSFL.L,CENTRICA PLC ORD 6 14/81P,FORESIGHT SOLAR FUND LIMITED OR,-2.540432020791989,0.10594407003368955,0.05,0.0002703274089414944,False,-1.4284415501445642,11.240031699932947,,,,,,,,,,,,,,
ENERGY_UTILITIES,INPP.L,NG.L,INTERNATIONAL PUBLIC PARTNERSHI,NATIONAL GRID PLC ORD 12 204/47,-2.5289303058824477,0.10859299221639412,0.05,0.0002703274089414944,False,0.3070503223712076,2.6731257215251842,,,,,,,,,,,,,,
ENERGY_UTILITIES,CNA.L,PNN.L,CENTRICA PLC ORD 6 14/81P,PENNON GROUP PLC ORD 61 1/20P,-2.5273119313398134,0.1089696565704647,0.05,0.0002703274089414944,False,-4.046794892360867,30.393951534389497,,,,,,,,,,,,,,
ENERGY_UTILITIES,BP.L,HICL.L,BP PLC $0.25,HICL INFRASTRUCTURE PLC ORD 0.0,-2.4916776732533816,0.1175123904431325,0.05,0.0002703274089414944,False,6.936971371116115,-27.141703253053873,,,,,,,,,,,,,,
ENERGY_UTILITIES,FSFL.L,TRIG.L,FORESIGHT SOLAR FUND LIMITED OR,THE RENEWABLES INFRASTRUCTURE G,-2.4893936661824974,0.1180763344375344,0.05,0.0002703274089414944,False,0.9325123647637196,0.2470953847734263,,,,,,,,,,,,,,
ENERGY_UTILITIES,ENOG.L,FSFL.L,ENERGEAN PLC ORD 1P,FORESIGHT SOLAR FUND LIMITED OR,-2.485559388622005,0.11902753303320174,0.05,0.0002703274089414944,False,0.29998442190514285,5.514240362420173,,,,,,,,,,,,,,
ENERGY_UTILITIES,BP.L,INPP.L,BP PLC $0.25,INTERNATIONAL PUBLIC PARTNERSHI,-2.480658933189323,0.12025141356507124,0.05,0.0002703274089414944,False,3.607038603065763,-11.30127999456521,,,,,,,,,,,,,,
ENERGY_UTILITIES,HICL.L,SVT.L,HICL INFRASTRUCTURE PLC ORD 0.0,SEVERN TRENT PLC ORD 97 17/19P,-2.4134532898939565,0.13797526387029113,0.05,0.0002703274089414944,False,0.2987133097616709,2.4273238712051786,,,,,,,,,,,,,,
ENERGY_UTILITIES,HBR.L,SVT.L,HARBOUR ENERGY PLC ORD 0.002P,SEVERN TRENT PLC ORD 97 17/19P,-2.4109747415042837,0.13866279784080127,0.05,0.0002703274089414944,False,15.42571244664883,-116.44955036983934,,,,,,,,,,,,,,
ENERGY_UTILITIES,HICL.L,UU.L,HICL INFRASTRUCTURE PLC ORD 0.0,UNITED UTILITIES GROUP PLC ORD ,-2.4095330603011154,0.13906383098189307,0.05,0.0002703274089414944,False,0.16414051128309617,3.633644790416974,,,,,,,,,,,,,,
ENERGY_UTILITIES,BP.L,UKW.L,BP PLC $0.25,GREENCOAT UK WIND PLC ORD 1P,-2.3921279594387976,0.14397057210262726,0.05,0.0002703274089414944,False,-0.9670009140314652,10.652642543699226,,,,,,,,,,,,,,
ENERGY_UTILITIES,FSFL.L,UKW.L,FORESIGHT SOLAR FUND LIMITED OR,GREENCOAT UK WIND PLC ORD 1P,-2.3895592823523715,0.14470493403496004,0.05,0.0002703274089414944,False,1.0163026586724397,-0.47917337861957954,,,,,,,,,,,,,,
ENERGY_UTILITIES,HICL.L,NG.L,HICL INFRASTRUCTURE PLC ORD 0.0,NATIONAL GRID PLC ORD 12 204/47,-2.3822740357927703,0.14680205773317223,0.05,0.0002703274089414944,False,0.11769631483103785,3.9663715955949845,,,,,,,,,,,,,,
ENERGY_UTILITIES,FSFL.L,PNN.L,FORESIGHT SOLAR FUND LIMITED OR,PENNON GROUP PLC ORD 61 1/20P,-2.3186409526207403,0.16602635440567887,0.05,0.0002703274089414944,False,3.335939563303352,-16.55879876905395,,,,,,,,,,,,,,
ENERGY_UTILITIES,NG.L,TRIG.L,NATIONAL GRID PLC ORD 12 204/47,THE RENEWABLES INFRASTRUCTURE G,-2.300580350257861,0.1717808653268772,0.05,0.0002703274089414944,False,-0.7211772196147295,10.142045110137637,,,,,,,,,,,,,,
ENERGY_UTILITIES,BP.L,PNN.L,BP PLC $0.25,PENNON GROUP PLC ORD 61 1/20P,-2.2890704090840606,0.17551721571843798,0.05,0.0002703274089414944,False,4.852194475476633,-24.316721356140153,,,,,,,,,,,,,,
ENERGY_UTILITIES,TRIG.L,UU.L,THE RENEWABLES INFRASTRUCTURE G,UNITED UTILITIES GROUP PLC ORD ,-2.2856494053641843,0.1766381030670865,0.05,0.0002703274089414944,False,-1.5161768559618793,15.046076010916341,,,,,,,,,,,,,,
ENERGY_UTILITIES,FSFL.L,UU.L,FORESIGHT SOLAR FUND LIMITED OR,UNITED UTILITIES GROUP PLC ORD ,-2.277305265187134,0.17939196696252863,0.05,0.0002703274089414944,False,-1.3611935128526977,13.90739448786718,,,,,,,,,,,,,,
ENERGY_UTILITIES,FSFL.L,SSE.L,FORESIGHT SOLAR FUND LIMITED OR,SSE PLC ORD 50P,-2.2630739177082764,0.18415398569364128,0.05,0.0002703274089414944,False,-0.63920498217033,9.168114287079302,,,,,,,,,,,,,,
ENERGY_UTILITIES,HBR.L,INPP.L,HARBOUR ENERGY PLC ORD 0.002P,INTERNATIONAL PUBLIC PARTNERSHI,-2.230906480020904,0.19521998208735702,0.05,0.0002703274089414944,False,4.9526534386630665,-18.39702387354355,,,,,,,,,,,,,,
ENERGY_UTILITIES,DCC.L,INPP.L,DCC ENERGY PLC ORD EUR0.25 (CDI,INTERNATIONAL PUBLIC PARTNERSHI,-2.203562635801908,0.204954967552199,0.05,0.0002703274089414944,False,2.8004112669427714,-4.956986622819439,,,,,,,,,,,,,,
ENERGY_UTILITIES,CNA.L,HICL.L,CENTRICA PLC ORD 6 14/81P,HICL INFRASTRUCTURE PLC ORD 0.0,-2.191416670538057,0.20937544661258684,0.05,0.0002703274089414944,False,-258.33047549395036,1241.9418553687788,,,,,,,,,,,,,,
ENERGY_UTILITIES,BP.L,TRIG.L,BP PLC $0.25,THE RENEWABLES INFRASTRUCTURE G,-2.158149704188679,0.22178363045703298,0.05,0.0002703274089414944,False,-0.8288750389996224,9.705638398149887,,,,,,,,,,,,,,
ENERGY_UTILITIES,BP.L,CNA.L,BP PLC $0.25,CENTRICA PLC ORD 6 14/81P,-2.142951541919163,0.22759779881077796,0.05,0.0002703274089414944,False,0.6347241821328373,2.868120314143523,,,,,,,,,,,,,,
ENERGY_UTILITIES,HICL.L,TRIG.L,HICL INFRASTRUCTURE PLC ORD 0.0,THE RENEWABLES INFRASTRUCTURE G,-2.09967960600915,0.24464345305252932,0.05,0.0002703274089414944,False,0.16455813445604453,4.066771527674927,,,,,,,,,,,,,,
ENERGY_UTILITIES,SVT.L,UKW.L,SEVERN TRENT PLC ORD 97 17/19P,GREENCOAT UK WIND PLC ORD 1P,-2.0992618835017685,0.24481150542486113,0.05,0.0002703274089414944,False,-0.4737336023029927,10.146617483653678,,,,,,,,,,,,,,
ENERGY_UTILITIES,PNN.L,UKW.L,PENNON GROUP PLC ORD 61 1/20P,GREENCOAT UK WIND PLC ORD 1P,-2.075941898949486,0.2542978587865988,0.05,0.0002703274089414944,False,0.6290358541568278,3.283763064681646,,,,,,,,,,,,,,
ENERGY_UTILITIES,HICL.L,PNN.L,HICL INFRASTRUCTURE PLC ORD 0.0,PENNON GROUP PLC ORD 61 1/20P,-2.049243599581924,0.2654072796206826,0.05,0.0002703274089414944,False,0.2728251061791955,3.079315542678737,,,,,,,,,,,,,,
ENERGY_UTILITIES,HBR.L,SSE.L,HARBOUR ENERGY PLC ORD 0.002P,SSE PLC ORD 50P,-2.0414503182073873,0.2686993567232076,0.05,0.0002703274089414944,False,1.051716569624026,-2.495000400596613,,,,,,,,,,,,,,
ENERGY_UTILITIES,HICL.L,UKW.L,HICL INFRASTRUCTURE PLC ORD 0.0,GREENCOAT UK WIND PLC ORD 1P,-2.029303820835648,0.2738740067686122,0.05,0.0002703274089414944,False,0.1410099644530137,4.120169640230532,,,,,,,,,,,,,,
ENERGY_UTILITIES,FSFL.L,NG.L,FORESIGHT SOLAR FUND LIMITED OR,NATIONAL GRID PLC ORD 12 204/47,-1.9986441703527116,0.2871678994736664,0.05,0.0002703274089414944,False,-1.25794512615497,13.116169138038725,,,,,,,,,,,,,,
ENERGY_UTILITIES,BP.L,DCC.L,BP PLC $0.25,DCC ENERGY PLC ORD EUR0.25 (CDI,-1.9252461476621328,0.3202793032376203,0.05,0.0002703274089414944,False,3.349180084833859,-22.50156611904715,,,,,,,,,,,,,,
ENERGY_UTILITIES,DCC.L,HBR.L,DCC ENERGY PLC ORD EUR0.25 (CDI,HARBOUR ENERGY PLC ORD 0.002P,-1.8947973930596882,0.33451252560270023,0.05,0.0002703274089414944,False,0.2661251184406883,7.079112465228593,,,,,,,,,,,,,,
ENERGY_UTILITIES,SSE.L,UKW.L,SSE PLC ORD 50P,GREENCOAT UK WIND PLC ORD 1P,-1.8723137389530673,0.34519556297879034,0.05,0.0002703274089414944,False,-1.680736334827954,15.522630497228704,,,,,,,,,,,,,,
ENERGY_UTILITIES,PNN.L,SVT.L,PENNON GROUP PLC ORD 61 1/20P,SEVERN TRENT PLC ORD 97 17/19P,-1.8615515422379074,0.35035890461894525,0.05,0.0002703274089414944,False,3.1552168400693246,-18.672347072273585,,,,,,,,,,,,,,
ENERGY_UTILITIES,DCC.L,SVT.L,DCC ENERGY PLC ORD EUR0.25 (CDI,SEVERN TRENT PLC ORD 97 17/19P,-1.8416535664930953,0.3599865976556804,0.05,0.0002703274089414944,False,-0.047225696826930445,8.904939150754949,,,,,,,,,,,,,,
ENERGY_UTILITIES,CNA.L,DCC.L,CENTRICA PLC ORD 6 14/81P,DCC ENERGY PLC ORD EUR0.25 (CDI,-1.8351757582306278,0.36314297601958945,0.05,0.0002703274089414944,False,-9.277430188733792,84.20119892360826,,,,,,,,,,,,,,
ENERGY_UTILITIES,FSFL.L,INPP.L,FORESIGHT SOLAR FUND LIMITED OR,INTERNATIONAL PUBLIC PARTNERSHI,-1.795628868793762,0.382633988294444,0.05,0.0002703274089414944,False,-15.511915574889887,79.05032482160989,,,,,,,,,,,,,,
ENERGY_UTILITIES,CNA.L,INPP.L,CENTRICA PLC ORD 6 14/81P,INTERNATIONAL PUBLIC PARTNERSHI,-1.7830828153220484,0.38889235928958465,0.05,0.0002703274089414944,False,9.972756799624019,-42.98688096872402,,,,,,,,,,,,,,
ENERGY_UTILITIES,DCC.L,UU.L,DCC ENERGY PLC ORD EUR0.25 (CDI,UNITED UTILITIES GROUP PLC ORD ,-1.7718058974584368,0.3945463660513256,0.05,0.0002703274089414944,False,-0.09942542187781298,9.230966646336608,,,,,,,,,,,,,,
ENERGY_UTILITIES,SSE.L,TRIG.L,SSE PLC ORD 50P,THE RENEWABLES INFRASTRUCTURE G,-1.7351957538927483,0.41307583691544425,0.05,0.0002703274089414944,False,-1.5862862710144123,14.514923221517604,,,,,,,,,,,,,,
ENERGY_UTILITIES,ENOG.L,HBR.L,ENERGEAN PLC ORD 1P,HARBOUR ENERGY PLC ORD 0.002P,-1.7223613131610938,0.4196296374912868,0.05,0.0002703274089414944,False,0.15800248812944745,5.952021399361935,,,,,,,,,,,,,,
ENERGY_UTILITIES,NG.L,PNN.L,NATIONAL GRID PLC ORD 12 204/47,PENNON GROUP PLC ORD 61 1/20P,-1.7193928575462563,0.4211494069258256,0.05,0.0002703274089414944,False,3.5345009782263,-15.155529225854004,,,,,,,,,,,,,,
ENERGY_UTILITIES,DCC.L,NG.L,DCC ENERGY PLC ORD EUR0.25 (CDI,NATIONAL GRID PLC ORD 12 204/47,-1.717445611352874,0.4221471279478046,0.05,0.0002703274089414944,False,-0.16029433640581814,9.650756456173239,,,,,,,,,,,,,,
ENERGY_UTILITIES,DCC.L,TRIG.L,DCC ENERGY PLC ORD EUR0.25 (CDI,THE RENEWABLES INFRASTRUCTURE G,-1.6971268966734445,0.43259339082484183,0.05,0.0002703274089414944,False,0.15153001071212865,7.867566356141551,,,,,,,,,,,,,,
ENERGY_UTILITIES,DCC.L,SSE.L,DCC ENERGY PLC ORD EUR0.25 (CDI,SSE PLC ORD 50P,-1.674446281758604,0.44432426942766284,0.05,0.0002703274089414944,False,0.00845591826758729,8.467773148169398,,,,,,,,,,,,,,
ENERGY_UTILITIES,INPP.L,UKW.L,INTERNATIONAL PUBLIC PARTNERSHI,GREENCOAT UK WIND PLC ORD 1P,-1.6716346774314124,0.4457831929361456,0.05,0.0002703274089414944,False,-0.02683746054335989,4.943795965485501,,,,,,,,,,,,,,
ENERGY_UTILITIES,DCC.L,UKW.L,DCC ENERGY PLC ORD EUR0.25 (CDI,GREENCOAT UK WIND PLC ORD 1P,-1.6714806715493329,0.44586313390716814,0.05,0.0002703274089414944,False,0.19129084976609534,7.625720319711059,,,,,,,,,,,,,,
ENERGY_UTILITIES,PNN.L,SSE.L,PENNON GROUP PLC ORD 61 1/20P,SSE PLC ORD 50P,-1.61065862105009,0.4776298954269797,0.05,0.0002703274089414944,False,0.3013346215342948,3.9842532934475505,,,,,,,,,,,,,,
ENERGY_UTILITIES,DCC.L,FSFL.L,DCC ENERGY PLC ORD EUR0.25 (CDI,FORESIGHT SOLAR FUND LIMITED OR,-1.5921362709296767,0.4875425215999396,0.05,0.0002703274089414944,False,0.04492812288365272,8.336988140585255,,,,,,,,,,,,,,
ENERGY_UTILITIES,FSFL.L,HICL.L,FORESIGHT SOLAR FUND LIMITED OR,HICL INFRASTRUCTURE PLC ORD 0.0,-1.5405007503289223,0.513389616432815,0.05,0.0002703274089414944,False,7.247968571845337,-30.3691869114042,,,,,,,,,,,,,,
ENERGY_UTILITIES,INPP.L,TRIG.L,INTERNATIONAL PUBLIC PARTNERSHI,THE RENEWABLES INFRASTRUCTURE G,-1.5347318143273667,0.5162654300404711,0.05,0.0002703274089414944,False,0.028759135750630715,4.690636745091237,,,,,,,,,,,,,,
ENERGY_UTILITIES,INPP.L,PNN.L,INTERNATIONAL PUBLIC PARTNERSHI,PENNON GROUP PLC ORD 61 1/20P,-1.5114512153779742,0.5278391724693966,0.05,0.0002703274089414944,False,0.3510767410119925,2.617884746225217,,,,,,,,,,,,,,
ENERGY_UTILITIES,CNA.L,HBR.L,CENTRICA PLC ORD 6 14/81P,HARBOUR ENERGY PLC ORD 0.002P,-1.5027331559132784,0.5321588550671538,0.05,0.0002703274089414944,False,-0.8079778328142144,9.459004593155049,,,,,,,,,,,,,,
ENERGY_UTILITIES,HBR.L,TRIG.L,HARBOUR ENERGY PLC ORD 0.002P,THE RENEWABLES INFRASTRUCTURE G,-1.46784799687174,0.5493523138868317,0.05,0.0002703274089414944,False,2.031887892488537,-3.447360217582564,,,,,,,,,,,,,,
ENERGY_UTILITIES,HBR.L,UKW.L,HARBOUR ENERGY PLC ORD 0.002P,GREENCOAT UK WIND PLC ORD 1P,-1.4567250418309623,0.5548000098182709,0.05,0.0002703274089414944,False,2.4208010571643728,-6.007127063856172,,,,,,,,,,,,,,
ENERGY_UTILITIES,FSFL.L,HBR.L,FORESIGHT SOLAR FUND LIMITED OR,HARBOUR ENERGY PLC ORD 0.002P,-1.4534083823901573,0.5564209065334932,0.05,0.0002703274089414944,False,0.08390885813904499,3.8762717725127995,,,,,,,,,,,,,,
ENERGY_UTILITIES,CNA.L,SSE.L,CENTRICA PLC ORD 6 14/81P,SSE PLC ORD 50P,-1.3960466314335285,0.5841699387117941,0.05,0.0002703274089414944,False,0.9850269221282403,-2.4002640580133905,,,,,,,,,,,,,,
ENERGY_UTILITIES,BP.L,HBR.L,BP PLC $0.25,HARBOUR ENERGY PLC ORD 0.002P,-1.3947385269324575,0.5847959193190735,0.05,0.0002703274089414944,False,0.5829697616051714,2.8906388372479115,,,,,,,,,,,,,,
ENERGY_UTILITIES,HBR.L,NG.L,HARBOUR ENERGY PLC ORD 0.002P,NATIONAL GRID PLC ORD 12 204/47,-1.2493930524514818,0.6519956459937308,0.05,0.0002703274089414944,False,57.66733013374153,-397.12541935645964,,,,,,,,,,,,,,
ENERGY_UTILITIES,DCC.L,PNN.L,DCC ENERGY PLC ORD EUR0.25 (CDI,PENNON GROUP PLC ORD 61 1/20P,-1.2280658149100436,0.6614075088805418,0.05,0.0002703274089414944,False,0.29950267982429507,6.655926062760523,,,,,,,,,,,,,,
ENERGY_UTILITIES,DCC.L,ENOG.L,DCC ENERGY PLC ORD EUR0.25 (CDI,ENERGEAN PLC ORD 1P,-1.0824090271023235,0.722035761056127,0.05,0.0002703274089414944,False,0.24484493641244845,6.863234052843685,,,,,,,,,,,,,,
ENERGY_UTILITIES,HBR.L,UU.L,HARBOUR ENERGY PLC ORD 0.002P,UNITED UTILITIES GROUP PLC ORD ,-1.057784569458574,0.7316101361898446,0.05,0.0002703274089414944,False,39.66387951297983,-273.49316001902633,,,,,,,,,,,,,,
ENERGY_UTILITIES,PNN.L,UU.L,PENNON GROUP PLC ORD 61 1/20P,UNITED UTILITIES GROUP PLC ORD ,-0.9647105919682243,0.7659167864249847,0.05,0.0002703274089414944,False,0.9941254204982967,-0.728544454467932,,,,,,,,,,,,,,
ES_BANKS,CABK.MC,SAN.MC,"CAIXABANK, S.A.",BANCO SANTANDER S.A.,-4.389985907514082,0.00030918266407181763,0.05,0.00030918266407181763,True,0.8872713067255463,0.27362534092068125,9.324879083579132,0.00017507065194557794,-0.0743331011959779,28.0,-0.24488433734274362,2.882165291642559,False,,0.6,-0.0002852656718559856,-0.3866516032844306,-2.297315804253052,True,reversion signs agree
ES_BANKS,BBVA.MC,SAN.MC,BANCO BILBAO VIZCAYA ARGENTARIA,BANCO SANTANDER S.A.,-3.4064605771758307,0.010740592768588781,0.05,0.00030918266407181763,False,0.9191798698920182,0.8087665600356411,,,,,,,,,,,,,,
ES_BANKS,BKT.MC,SAB.MC,"BANKINTER, S.A.",BANCO DE SABADELL,-3.030638323747035,0.03213054907806738,0.05,0.00030918266407181763,False,1.019685678307279,1.5433502724669177,,,,,,,,,,,,,,
ES_BANKS,BKT.MC,SAN.MC,"BANKINTER, S.A.",BANCO SANTANDER S.A.,-2.9513188801298234,0.03969752683112323,0.05,0.00030918266407181763,False,0.7916513290695056,0.8129733841285895,,,,,,,,,,,,,,
ES_BANKS,BBVA.MC,CABK.MC,BANCO BILBAO VIZCAYA ARGENTARIA,"CAIXABANK, S.A.",-2.9346123808671805,0.04146856563813225,0.05,0.00030918266407181763,False,1.0362325184385623,0.5247701508497378,,,,,,,,,,,,,,
ES_BANKS,BBVA.MC,BKT.MC,BANCO BILBAO VIZCAYA ARGENTARIA,"BANKINTER, S.A.",-2.5002124438280835,0.11542264343817715,0.05,0.00030918266407181763,False,1.1620411323056898,-0.13737571613628186,,,,,,,,,,,,,,
ES_BANKS,SAB.MC,SAN.MC,BANCO DE SABADELL,BANCO SANTANDER S.A.,-1.5923742752020404,0.4874230357224949,0.05,0.00030918266407181763,False,0.7730532095908617,-0.7099526240548332,,,,,,,,,,,,,,
ES_BANKS,BBVA.MC,SAB.MC,BANCO BILBAO VIZCAYA ARGENTARIA,BANCO DE SABADELL,-1.5047427430034037,0.531163880669083,0.05,0.00030918266407181763,False,1.1889199303805906,1.652998871535516,,,,,,,,,,,,,,
ES_BANKS,CABK.MC,SAB.MC,"CAIXABANK, S.A.",BANCO DE SABADELL,-1.1217250379156163,0.7063309163074802,0.05,0.00030918266407181763,False,1.1466987195407332,1.0892765658085484,,,,,,,,,,,,,,
ES_BANKS,BKT.MC,CABK.MC,"BANKINTER, S.A.","CAIXABANK, S.A.",-0.6746722019366693,0.8532013936591754,0.05,0.00030918266407181763,False,0.8921803056333197,0.5689367490065174,,,,,,,,,,,,,,
ES_UTILITIES,RED.MC,SLR.MC,"REDEIA CORPORACION, S.A.",SOLARIA ENERGIA Y MEDIO AMBIENT,-3.312180074070216,0.014342726489271774,0.05,,False,-0.10194295174699677,2.9811904616931795,,,,,,,,,,,,,,
ES_UTILITIES,ENC.MC,IBE.MC,"ENCE ENERGIA Y CELULOSA, S.A.",ACCIONES IBERDROLA,-3.2685489847646894,0.016344219581027518,0.05,,False,-0.6243143334523437,2.709943750380614,,,,,,,,,,,,,,
ES_UTILITIES,ENC.MC,SLR.MC,"ENCE ENERGIA Y CELULOSA, S.A.",SOLARIA ENERGIA Y MEDIO AMBIENT,-3.229435788109764,0.018342806737172358,0.05,,False,-0.2613393258871393,1.672095929847127,,,,,,,,,,,,,,
ES_UTILITIES,IBE.MC,NTGY.MC,ACCIONES IBERDROLA,"NATURGY ENERGY GROUP, S.A.",-2.965688241151096,0.03822531570669254,0.05,,False,1.737406040155017,-2.758332338442659,,,,,,,,,,,,,,
ES_UTILITIES,NTGY.MC,SLR.MC,"NATURGY ENERGY GROUP, S.A.",SOLARIA ENERGIA Y MEDIO AMBIENT,-2.8186284435064892,0.05566170213565455,0.05,,False,0.1671682076504132,2.7289513591907033,,,,,,,,,,,,,,
ES_UTILITIES,ENC.MC,RED.MC,"ENCE ENERGIA Y CELULOSA, S.A.","REDEIA CORPORACION, S.A.",-2.794395121157388,0.05907885608512528,0.05,,False,3.32927608242725,-8.057860578977031,,,,,,,,,,,,,,
ES_UTILITIES,IBE.MC,RED.MC,ACCIONES IBERDROLA,"REDEIA CORPORACION, S.A.",-2.689723353462228,0.07583352248986112,0.05,,False,-8.29634057852717,25.326886085007818,,,,,,,,,,,,,,
ES_UTILITIES,NTGY.MC,RED.MC,"NATURGY ENERGY GROUP, S.A.","REDEIA CORPORACION, S.A.",-2.3928929087106807,0.14375238860618705,0.05,,False,-10.604438648080208,32.05684718366717,,,,,,,,,,,,,,
ES_UTILITIES,IBE.MC,SLR.MC,ACCIONES IBERDROLA,SOLARIA ENERGIA Y MEDIO AMBIENT,-2.362256295622771,0.15267380802641273,0.05,,False,0.37749236990413193,1.7652112459450207,,,,,,,,,,,,,,
ES_UTILITIES,ENC.MC,NTGY.MC,"ENCE ENERGIA Y CELULOSA, S.A.","NATURGY ENERGY GROUP, S.A.",-2.0588424790870627,0.26138287370222385,0.05,,False,-1.1753667490010355,4.717387006996017,,,,,,,,,,,,,,
FINANCIALS,ABDN.L,MNG.L,ABERDEEN GROUP PLC ORD 13 61/63,M&G PLC,-4.780321340323761,5.9301440674057216e-05,0.05,5.9301440674057216e-05,True,0.9939588087066816,-0.27363130622860066,13.276068058093593,-3.118388993482217e-05,-0.05221027622989448,40.0,1.5694380447373855,3.318377488717288,False,,0.8,0.016515242843300543,0.5957351012643203,0.12024276684210206,False,mixed signal
FINANCIALS,BEZ.L,ICG.L,BEAZLEY PLC ORD 5P,ICG PLC ORD 26 1/4P,-4.254145979696372,0.0005328307645845816,0.05,5.9301440674057216e-05,False,-2.2177455628465768,23.673225122564705,,,,,,,,,,,,,,
FINANCIALS,BGEO.L,LGEN.L,LION FINANCE GROUP PLC ORD 1P,LEGAL & GENERAL GROUP PLC ORD 2,-3.872137111110266,0.0022497452642575295,0.05,5.9301440674057216e-05,False,6.339147406832999,-26.02009173143135,,,,,,,,,,,,,,
FINANCIALS,HSBA.L,LGEN.L,HSBC HOLDINGS PLC ORD $0.50 (UK,LEGAL & GENERAL GROUP PLC ORD 2,-3.8221962204540274,0.0026882102237969826,0.05,5.9301440674057216e-05,False,4.33334729828637,-16.963381288608527,,,,,,,,,,,,,,
FINANCIALS,LGEN.L,STAN.L,LEGAL & GENERAL GROUP PLC ORD 2,STANDARD CHARTERED PLC ORD USD0,-3.6661417942546044,0.004615406127032091,0.05,5.9301440674057216e-05,False,0.17298949536789024,4.259952837661872,,,,,,,,,,,,,,
FINANCIALS,LGEN.L,MNG.L,LEGAL & GENERAL GROUP PLC ORD 2,M&G PLC,-3.6562539942064127,0.0047722941596979275,0.05,5.9301440674057216e-05,False,0.33835719299341954,3.634681380565626,,,,,,,,,,,,,,
FINANCIALS,ASHM.L,INVP.L,ASHMORE GROUP PLC ORD 0.01P,INVESTEC PLC ORD GBP0.0002,-3.6544558479818856,0.004801341906384395,0.05,5.9301440674057216e-05,False,1.9586911936012457,-7.217300399010369,,,,,,,,,,,,,,
FINANCIALS,BARC.L,LGEN.L,BARCLAYS PLC ORD 25P,LEGAL & GENERAL GROUP PLC ORD 2,-3.6273667128415066,0.005258880075322965,0.05,5.9301440674057216e-05,False,4.668755608155859,-19.839480034675343,,,,,,,,,,,,,,
FINANCIALS,LGEN.L,LLOY.L,LEGAL & GENERAL GROUP PLC ORD 2,LLOYDS BANKING GROUP PLC ORD 10,-3.6093054475479653,0.005585599377800537,0.05,5.9301440674057216e-05,False,0.24882414061494282,4.415692753600101,,,,,,,,,,,,,,
FINANCIALS,ICG.L,LGEN.L,ICG PLC ORD 26 1/4P,LEGAL & GENERAL GROUP PLC ORD 2,-3.5533875191170083,0.006717296361995702,0.05,5.9301440674057216e-05,False,-2.6035521205479326,21.90393931392204,,,,,,,,,,,,,,
FINANCIALS,ABDN.L,LGEN.L,ABERDEEN GROUP PLC ORD 13 61/63,LEGAL & GENERAL GROUP PLC ORD 2,-3.5113638028220557,0.007699998956359987,0.05,5.9301440674057216e-05,False,2.997270093414285,-11.278555817497182,,,,,,,,,,,,,,
FINANCIALS,PRU.L,STJ.L,PRUDENTIAL PLC ORD 5P,ST. JAMES'S PLACE PLC ORD 15P,-3.4292497679649214,0.010001256268803858,0.05,5.9301440674057216e-05,False,0.8466966714923215,0.8748095024911837,,,,,,,,,,,,,,
FINANCIALS,ICG.L,SDR.L,ICG PLC ORD 26 1/4P,SCHRODERS PLC ORD 20P,-3.414612502419312,0.010470705061742481,0.05,5.9301440674057216e-05,False,-0.38546978152870004,9.911805025840147,,,,,,,,,,,,,,
FINANCIALS,NWG.L,PRU.L,NATWEST GROUP PLC ORD 107.69P,PRUDENTIAL PLC ORD 5P,-3.3914296791211185,0.011254526037374245,0.05,5.9301440674057216e-05,False,0.975477579765512,-0.4195935781405211,,,,,,,,,,,,,,
FINANCIALS,AV.L,PRU.L,AVIVA PLC ORD 32 17/19P,PRUDENTIAL PLC ORD 5P,-3.3837956734349377,0.011523836759288822,0.05,5.9301440674057216e-05,False,0.5940118814854165,2.3351059156074685,,,,,,,,,,,,,,
FINANCIALS,LGEN.L,NWG.L,LEGAL & GENERAL GROUP PLC ORD 2,NATWEST GROUP PLC ORD 107.69P,-3.3741999392274655,0.011870474061217991,0.05,5.9301440674057216e-05,False,0.25114474619097304,3.940482338218852,,,,,,,,,,,,,,
FINANCIALS,BEZ.L,SDR.L,BEAZLEY PLC ORD 5P,SCHRODERS PLC ORD 20P,-3.3110398778264694,0.01439214630892084,0.05,5.9301440674057216e-05,False,0.962703240572561,1.0463750306307391,,,,,,,,,,,,,,
FINANCIALS,BGEO.L,LLOY.L,LION FINANCE GROUP PLC ORD 1P,LLOYDS BANKING GROUP PLC ORD 10,-3.307928469273361,0.014527770139360548,0.05,5.9301440674057216e-05,False,1.563539949113574,2.031279671135377,,,,,,,,,,,,,,
FINANCIALS,LGEN.L,SDR.L,LEGAL & GENERAL GROUP PLC ORD 2,SCHRODERS PLC ORD 20P,-3.2467768459094724,0.017431769253158175,0.05,5.9301440674057216e-05,False,0.24917495655960573,4.001212707200827,,,,,,,,,,,,,,
FINANCIALS,BEZ.L,LGEN.L,BEAZLEY PLC ORD 5P,LEGAL & GENERAL GROUP PLC ORD 2,-3.2368025711042656,0.01795081801796067,0.05,5.9301440674057216e-05,False,3.900575103063166,-14.615819991664019,,,,,,,,,,,,,,
FINANCIALS,ABDN.L,BGEO.L,ABERDEEN GROUP PLC ORD 13 61/63,LION FINANCE GROUP PLC ORD 1P,-3.227162745295475,0.018465256524234357,0.05,5.9301440674057216e-05,False,0.448354084420978,1.2393476694585512,,,,,,,,,,,,,,
FINANCIALS,NWG.L,STAN.L,NATWEST GROUP PLC ORD 107.69P,STANDARD CHARTERED PLC ORD USD0,-3.197993152116201,0.0201011377275357,0.05,5.9301440674057216e-05,False,0.6916901116767665,1.2515073326885027,,,,,,,,,,,,,,
FINANCIALS,BARC.L,NWG.L,BARCLAYS PLC ORD 25P,NATWEST GROUP PLC ORD 107.69P,-3.186268770611971,0.020793382094468658,0.05,5.9301440674057216e-05,False,1.189918490057989,-1.5497091874525202,,,,,,,,,,,,,,
FINANCIALS,BARC.L,STAN.L,BARCLAYS PLC ORD 25P,STANDARD CHARTERED PLC ORD USD0,-3.0877862347041893,0.027470365033592063,0.05,5.9301440674057216e-05,False,0.8279244269659203,-0.0951897216674844,,,,,,,,,,,,,,
FINANCIALS,ABDN.L,LLOY.L,ABERDEEN GROUP PLC ORD 13 61/63,LLOYDS BANKING GROUP PLC ORD 10,-3.0477605435959045,0.03066854109733217,0.05,5.9301440674057216e-05,False,0.7246216626272609,2.0480187515236015,,,,,,,,,,,,,,
FINANCIALS,BGEO.L,MNG.L,LION FINANCE GROUP PLC ORD 1P,M&G PLC,-3.018049753866778,0.03324281782104515,0.05,5.9301440674057216e-05,False,2.1273865147595905,-2.8832136173387806,,,,,,,,,,,,,,
FINANCIALS,LLOY.L,PRU.L,LLOYDS BANKING GROUP PLC ORD 10,PRUDENTIAL PLC ORD 5P,-3.002442525800972,0.03466692784526657,0.05,5.9301440674057216e-05,False,1.0130144865364612,-2.5256344513459785,,,,,,,,,,,,,,
FINANCIALS,BNKR.L,LGEN.L,BANKERS INVESTMENT TRUST PLC OR,LEGAL & GENERAL GROUP PLC ORD 2,-2.967842632818181,0.03800858801336044,0.05,5.9301440674057216e-05,False,1.467408468487391,-3.2442293612265063,,,,,,,,,,,,,,
FINANCIALS,ICG.L,LLOY.L,ICG PLC ORD 26 1/4P,LLOYDS BANKING GROUP PLC ORD 10,-2.9396843550535636,0.040924049477196175,0.05,5.9301440674057216e-05,False,-0.298668570373868,8.89760787010164,,,,,,,,,,,,,,
FINANCIALS,HSBA.L,ICG.L,HSBC HOLDINGS PLC ORD $0.50 (UK,ICG PLC ORD 26 1/4P,-2.9182914833046785,0.043261919399816925,0.05,5.9301440674057216e-05,False,-3.5956109849148468,34.182476258093594,,,,,,,,,,,,,,
FINANCIALS,ICG.L,MNG.L,ICG PLC ORD 26 1/4P,M&G PLC,-2.915940502665236,0.04352548748672939,0.05,5.9301440674057216e-05,False,-0.41922517725405617,9.906903212946904,,,,,,,,,,,,,,
FINANCIALS,BGEO.L,ICG.L,LION FINANCE GROUP PLC ORD 1P,ICG PLC ORD 26 1/4P,-2.9089415151487956,0.04431805736725591,0.05,5.9301440674057216e-05,False,-5.368290018263806,49.62411612532585,,,,,,,,,,,,,,
FINANCIALS,BGEO.L,HSBA.L,LION FINANCE GROUP PLC ORD 1P,HSBC HOLDINGS PLC ORD $0.50 (UK,-2.890070180100434,0.046514945300129534,0.05,5.9301440674057216e-05,False,1.4685882243779393,-1.2438182417877695,,,,,,,,,,,,,,
FINANCIALS,BGEO.L,NWG.L,LION FINANCE GROUP PLC ORD 1P,NATWEST GROUP PLC ORD 107.69P,-2.8870117274966556,0.04687933798720922,0.05,5.9301440674057216e-05,False,1.6391503286384195,-1.3317466807191227,,,,,,,,,,,,,,
FINANCIALS,ABDN.L,STAN.L,ABERDEEN GROUP PLC ORD 13 61/63,STANDARD CHARTERED PLC ORD USD0,-2.8849079850619535,0.04713135113727016,0.05,5.9301440674057216e-05,False,0.4907693793875205,1.6870937163463138,,,,,,,,,,,,,,
FINANCIALS,ASHM.L,ICG.L,ASHMORE GROUP PLC ORD 0.01P,ICG PLC ORD 26 1/4P,-2.880370159816628,0.04767876234778428,0.05,5.9301440674057216e-05,False,-2.2379459864644877,22.204466097827236,,,,,,,,,,,,,,
FINANCIALS,ABDN.L,HSBA.L,ABERDEEN GROUP PLC ORD 13 61/63,HSBC HOLDINGS PLC ORD $0.50 (UK,-2.8569064305082237,0.05059358897520048,0.05,5.9301440674057216e-05,False,0.6638048551390768,0.6450650876057065,,,,,,,,,,,,,,
FINANCIALS,BARC.L,BGEO.L,BARCLAYS PLC ORD 25P,LION FINANCE GROUP PLC ORD 1P,-2.8468559240765736,0.05188615216105162,0.05,5.9301440674057216e-05,False,0.7344753240472872,-0.6580259850006618,,,,,,,,,,,,,,
FINANCIALS,ABDN.L,JUP.L,ABERDEEN GROUP PLC ORD 13 61/63,JUPITER FUND MANAGEMENT PLC ORD,-2.8383200968906954,0.0530050607095219,0.05,5.9301440674057216e-05,False,0.4694275836570741,2.971014236048159,,,,,,,,,,,,,,
FINANCIALS,LGEN.L,PRU.L,LEGAL & GENERAL GROUP PLC ORD 2,PRUDENTIAL PLC ORD 5P,-2.8042133718590008,0.05767443381311489,0.05,5.9301440674057216e-05,False,0.23467003410852397,3.9048593845598436,,,,,,,,,,,,,,
FINANCIALS,AV.L,STJ.L,AVIVA PLC ORD 32 17/19P,ST. JAMES'S PLACE PLC ORD 15P,-2.785000302557112,0.06044851780381214,0.05,5.9301440674057216e-05,False,0.49367937182194854,2.919196962475073,,,,,,,,,,,,,,
FINANCIALS,ABDN.L,ICG.L,ABERDEEN GROUP PLC ORD 13 61/63,ICG PLC ORD 26 1/4P,-2.7668882711914424,0.06316141620216364,0.05,5.9301440674057216e-05,False,-2.872760030462553,27.03193675684409,,,,,,,,,,,,,,
FINANCIALS,ADM.L,AV.L,ADMIRAL GROUP PLC ORD 0.1P,AVIVA PLC ORD 32 17/19P,-2.765674125865429,0.06334672512601175,0.05,5.9301440674057216e-05,False,0.7049451400210637,3.533495200940984,,,,,,,,,,,,,,
FINANCIALS,NWG.L,STJ.L,NATWEST GROUP PLC ORD 107.69P,ST. JAMES'S PLACE PLC ORD 15P,-2.7565572412858463,0.06475219525801164,0.05,5.9301440674057216e-05,False,0.8395029813233406,0.33941592634642426,,,,,,,,,,,,,,
FINANCIALS,JUP.L,LGEN.L,JUPITER FUND MANAGEMENT PLC ORD,LEGAL & GENERAL GROUP PLC ORD 2,-2.754791581385522,0.06502726279735539,0.05,5.9301440674057216e-05,False,7.074865244061647,-34.14400868419335,,,,,,,,,,,,,,
FINANCIALS,ICG.L,NWG.L,ICG PLC ORD 26 1/4P,NATWEST GROUP PLC ORD 107.69P,-2.754544042024276,0.06506590110685499,0.05,5.9301440674057216e-05,False,-0.27240644784942125,9.288600912726068,,,,,,,,,,,,,,
FINANCIALS,BARC.L,ICG.L,BARCLAYS PLC ORD 25P,ICG PLC ORD 26 1/4P,-2.7448725579425117,0.06658998479026083,0.05,5.9301440674057216e-05,False,-4.727970642950601,41.761160343621285,,,,,,,,,,,,,,
FINANCIALS,JUP.L,MNG.L,JUPITER FUND MANAGEMENT PLC ORD,M&G PLC,-2.732328410896515,0.06860915409848434,0.05,5.9301440674057216e-05,False,2.0413309838831455,-6.494517295894143,,,,,,,,,,,,,,
FINANCIALS,ASHM.L,JUP.L,ASHMORE GROUP PLC ORD 0.01P,JUPITER FUND MANAGEMENT PLC ORD,-2.7104676286565708,0.07224436170791734,0.05,5.9301440674057216e-05,False,0.3238235458809417,3.6576194995709477,,,,,,,,,,,,,,
FINANCIALS,ICG.L,INVP.L,ICG PLC ORD 26 1/4P,INVESTEC PLC ORD GBP0.0002,-2.708591727723984,0.07256328864689275,0.05,5.9301440674057216e-05,False,-2.6977327691900093,24.684432908710363,,,,,,,,,,,,,,
FINANCIALS,ICG.L,JUP.L,ICG PLC ORD 26 1/4P,JUPITER FUND MANAGEMENT PLC ORD,-2.6982725669928063,0.07433766770672821,0.05,5.9301440674057216e-05,False,-0.17064984543691625,8.409649766789952,,,,,,,,,,,,,,
FINANCIALS,BARC.L,PRU.L,BARCLAYS PLC ORD 25P,PRUDENTIAL PLC ORD 5P,-2.6974101532686117,0.07448749884189639,0.05,5.9301440674057216e-05,False,1.1709417244786389,-2.117982213866661,,,,,,,,,,,,,,
FINANCIALS,ABDN.L,PRU.L,ABERDEEN GROUP PLC ORD 13 61/63,PRUDENTIAL PLC ORD 5P,-2.6951696074290457,0.07487787429595424,0.05,5.9301440674057216e-05,False,0.7325810474900977,0.22783735037785213,,,,,,,,,,,,,,
FINANCIALS,ICG.L,PRU.L,ICG PLC ORD 26 1/4P,PRUDENTIAL PLC ORD 5P,-2.6751116157932655,0.07844494954477851,0.05,5.9301440674057216e-05,False,-0.2724802302994948,9.44856960295318,,,,,,,,,,,,,,
FINANCIALS,ICG.L,STAN.L,ICG PLC ORD 26 1/4P,STANDARD CHARTERED PLC ORD USD0,-2.6672818973064496,0.07987305356288577,0.05,5.9301440674057216e-05,False,-0.1756180515020621,8.856524019404144,,,,,,,,,,,,,,
FINANCIALS,ABDN.L,BARC.L,ABERDEEN GROUP PLC ORD 13 61/63,BARCLAYS PLC ORD 25P,-2.6345921405502657,0.08605643125332718,0.05,5.9301440674057216e-05,False,0.6128642220833262,1.6269815980875344,,,,,,,,,,,,,,
FINANCIALS,AJB.L,ICG.L,AJ BELL PLC ORD GBP0.000125,ICG PLC ORD 26 1/4P,-2.6342219044750217,0.08612853144731086,0.05,5.9301440674057216e-05,False,-1.3988435733494013,16.796404461876417,,,,,,,,,,,,,,
FINANCIALS,BGEO.L,PRU.L,LION FINANCE GROUP PLC ORD 1P,PRUDENTIAL PLC ORD 5P,-2.628589243652444,0.08723122748022172,0.05,5.9301440674057216e-05,False,1.597331220338278,-2.008547920383421,,,,,,,,,,,,,,
FINANCIALS,BARC.L,HSBA.L,BARCLAYS PLC ORD 25P,HSBC HOLDINGS PLC ORD $0.50 (UK,-2.5980919209883595,0.0933922701919711,0.05,5.9301440674057216e-05,False,1.0806669658912738,-1.5854195508854056,,,,,,,,,,,,,,
FINANCIALS,BGEO.L,STAN.L,LION FINANCE GROUP PLC ORD 1P,STANDARD CHARTERED PLC ORD USD0,-2.581273292149639,0.09692979406138802,0.05,5.9301440674057216e-05,False,1.1226524019678674,0.7989215023010532,,,,,,,,,,,,,,
FINANCIALS,INVP.L,SDR.L,INVESTEC PLC ORD GBP0.0002,SCHRODERS PLC ORD 20P,-2.5767448065536986,0.09789952433240645,0.05,5.9301440674057216e-05,False,0.274431200049061,4.689098827426064,,,,,,,,,,,,,,
FINANCIALS,BEZ.L,HSBA.L,BEAZLEY PLC ORD 5P,HSBC HOLDINGS PLC ORD $0.50 (UK,-2.5704297677975925,0.09926412927910472,0.05,5.9301440674057216e-05,False,0.7728416131462259,1.523303918361358,,,,,,,,,,,,,,
FINANCIALS,BNKR.L,HSBA.L,BANKERS INVESTMENT TRUST PLC OR,HSBC HOLDINGS PLC ORD $0.50 (UK,-2.555820537926625,0.10247629629510879,0.05,5.9301440674057216e-05,False,0.33706838302431885,2.510791267263253,,,,,,,,,,,,,,
FINANCIALS,ADM.L,AJB.L,ADMIRAL GROUP PLC ORD 0.1P,AJ BELL PLC ORD GBP0.000125,-2.5493395569906676,0.10392618012434363,0.05,5.9301440674057216e-05,False,0.9345159769794992,2.2576161512752515,,,,,,,,,,,,,,
FINANCIALS,AV.L,ICG.L,AVIVA PLC ORD 32 17/19P,ICG PLC ORD 26 1/4P,-2.5158428475666335,0.11166702045646915,0.05,5.9301440674057216e-05,False,-2.085013949935094,22.21054872563008,,,,,,,,,,,,,,
FINANCIALS,LLOY.L,MNG.L,LLOYDS BANKING GROUP PLC ORD 10,M&G PLC,-2.5145176941940632,0.11198185282556089,0.05,5.9301440674057216e-05,False,1.3580565543683325,-3.1291050886780267,,,,,,,,,,,,,,
FINANCIALS,ADM.L,ICG.L,ADMIRAL GROUP PLC ORD 0.1P,ICG PLC ORD 26 1/4P,-2.5087444265417176,0.11336118269426071,0.05,5.9301440674057216e-05,False,-0.9741168102124765,15.420346299422377,,,,,,,,,,,,,,
FINANCIALS,ADM.L,LGEN.L,ADMIRAL GROUP PLC ORD 0.1P,LEGAL & GENERAL GROUP PLC ORD 2,-2.4959520197706935,0.11646235134808197,0.05,5.9301440674057216e-05,False,2.0537923086202152,-3.267623917431054,,,,,,,,,,,,,,
FINANCIALS,ADM.L,BGEO.L,ADMIRAL GROUP PLC ORD 0.1P,LION FINANCE GROUP PLC ORD 1P,-2.4929806796151337,0.11719155602291437,0.05,5.9301440674057216e-05,False,0.20791764419034015,6.18302732746901,,,,,,,,,,,,,,
FINANCIALS,HSBA.L,NWG.L,HSBC HOLDINGS PLC ORD $0.50 (UK,NATWEST GROUP PLC ORD 107.69P,-2.49235524364028,0.1173454740836064,0.05,5.9301440674057216e-05,False,1.1081743741165249,-0.010672216582164218,,,,,,,,,,,,,,
FINANCIALS,BNKR.L,ICG.L,BANKERS INVESTMENT TRUST PLC OR,ICG PLC ORD 26 1/4P,-2.481037081266453,0.12015664410914623,0.05,5.9301440674057216e-05,False,-0.6360830400496277,9.652398802130662,,,,,,,,,,,,,,
FINANCIALS,AJB.L,INVP.L,AJ BELL PLC ORD GBP0.000125,INVESTEC PLC ORD GBP0.0002,-2.475285930765333,0.1216038979678567,0.05,5.9301440674057216e-05,False,1.8195280713735533,-5.362082350861297,,,,,,,,,,,,,,
FINANCIALS,HSBA.L,STAN.L,HSBC HOLDINGS PLC ORD $0.50 (UK,STANDARD CHARTERED PLC ORD USD0,-2.474619345569215,0.12177246348509002,0.05,5.9301440674057216e-05,False,0.7656697056641042,1.3822223744464672,,,,,,,,,,,,,,
FINANCIALS,INVP.L,JUP.L,INVESTEC PLC ORD GBP0.0002,JUPITER FUND MANAGEMENT PLC ORD,-2.457930455809141,0.12604862534590006,0.05,5.9301440674057216e-05,False,0.14587030774858709,5.643751541276392,,,,,,,,,,,,,,
FINANCIALS,ABDN.L,NWG.L,ABERDEEN GROUP PLC ORD 13 61/63,NATWEST GROUP PLC ORD 107.69P,-2.455276345635008,0.1267386236856295,0.05,5.9301440674057216e-05,False,0.7309429719054322,0.6668160110809271,,,,,,,,,,,,,,
FINANCIALS,BARC.L,LLOY.L,BARCLAYS PLC ORD 25P,LLOYDS BANKING GROUP PLC ORD 10,-2.452767585085984,0.12739335229533044,0.05,5.9301440674057216e-05,False,1.15167234544261,0.8196684318729162,,,,,,,,,,,,,,
FINANCIALS,LLOY.L,NWG.L,LLOYDS BANKING GROUP PLC ORD 10,NATWEST GROUP PLC ORD 107.69P,-2.443108731062597,0.12993698664355174,0.05,5.9301440674057216e-05,False,1.038248308232261,-2.0884602954157208,,,,,,,,,,,,,,
FINANCIALS,HSBA.L,SDR.L,HSBC HOLDINGS PLC ORD $0.50 (UK,SCHRODERS PLC ORD 20P,-2.4370262347026266,0.13155750367223512,0.05,5.9301440674057216e-05,False,1.2479974618284604,-0.6310510018769113,,,,,,,,,,,,,,
FINANCIALS,LGEN.L,STJ.L,LEGAL & GENERAL GROUP PLC ORD 2,ST. JAMES'S PLACE PLC ORD 15P,-2.418911665417172,0.13646971709513017,0.05,5.9301440674057216e-05,False,0.18751589136878033,4.187874511531582,,,,,,,,,,,,,,
FINANCIALS,ADM.L,PRU.L,ADMIRAL GROUP PLC ORD 0.1P,PRUDENTIAL PLC ORD 5P,-2.382749031497518,0.14666467931891353,0.05,5.9301440674057216e-05,False,0.3536797141264394,5.61958561747216,,,,,,,,,,,,,,
FINANCIALS,AV.L,LGEN.L,AVIVA PLC ORD 32 17/19P,LEGAL & GENERAL GROUP PLC ORD 2,-2.381808040946484,0.1469369206373784,0.05,5.9301440674057216e-05,False,2.553644107347387,-7.672027733604042,,,,,,,,,,,,,,
FINANCIALS,ABDN.L,ADM.L,ABERDEEN GROUP PLC ORD 13 61/63,ADMIRAL GROUP PLC ORD 0.1P,-2.370991663423604,0.15009171321330306,0.05,5.9301440674057216e-05,False,2.0321522326045014,-11.098363919110142,,,,,,,,,,,,,,
FINANCIALS,ABDN.L,AV.L,ABERDEEN GROUP PLC ORD 13 61/63,AVIVA PLC ORD 32 17/19P,-2.367913192383835,0.15099818296310757,0.05,5.9301440674057216e-05,False,1.2724336831040994,-2.9007091761625414,,,,,,,,,,,,,,
FINANCIALS,JUP.L,STJ.L,JUPITER FUND MANAGEMENT PLC ORD,ST. JAMES'S PLACE PLC ORD 15P,-2.365906181015471,0.15159120617934274,0.05,5.9301440674057216e-05,False,1.4083727423513686,-5.083580115775186,,,,,,,,,,,,,,
FINANCIALS,BNKR.L,SDR.L,BANKERS INVESTMENT TRUST PLC OR,SCHRODERS PLC ORD 20P,-2.362587109933671,0.15257546360217134,0.05,5.9301440674057216e-05,False,0.3764993312513641,2.5622368501827957,,,,,,,,,,,,,,
FINANCIALS,BARC.L,MNG.L,BARCLAYS PLC ORD 25P,M&G PLC,-2.342241087120699,0.1587059400386055,0.05,5.9301440674057216e-05,False,1.5803888750010908,-2.8737830218351625,,,,,,,,,,,,,,
FINANCIALS,ABDN.L,AJB.L,ABERDEEN GROUP PLC ORD 13 61/63,AJ BELL PLC ORD GBP0.000125,-2.3405718849940658,0.1592163003460365,0.05,5.9301440674057216e-05,False,1.9445132049061107,-6.790269389245967,,,,,,,,,,,,,,
FINANCIALS,ADM.L,LLOY.L,ADMIRAL GROUP PLC ORD 0.1P,LLOYDS BANKING GROUP PLC ORD 10,-2.340390138127647,0.1592719375845012,0.05,5.9301440674057216e-05,False,0.3434071215221081,6.52614785082202,,,,,,,,,,,,,,
FINANCIALS,BEZ.L,BNKR.L,BEAZLEY PLC ORD 5P,BANKERS INVESTMENT TRUST PLC OR,-2.333808402931065,0.16129576533060552,0.05,5.9301440674057216e-05,False,2.849484575888884,-6.913404222171418,,,,,,,,,,,,,,
FINANCIALS,JUP.L,PRU.L,JUPITER FUND MANAGEMENT PLC ORD,PRUDENTIAL PLC ORD 5P,-2.323061417737294,0.1646380349552875,0.05,5.9301440674057216e-05,False,1.56296239522464,-5.859747876902592,,,,,,,,,,,,,,
FINANCIALS,INVP.L,MNG.L,INVESTEC PLC ORD GBP0.0002,M&G PLC,-2.315735164967479,0.16694327697575073,0.05,5.9301440674057216e-05,False,0.2950589963345315,4.711270653001189,,,,,,,,,,,,,,
FINANCIALS,ICG.L,STJ.L,ICG PLC ORD 26 1/4P,ST. JAMES'S PLACE PLC ORD 15P,-2.3124827703738355,0.16797363009659216,0.05,5.9301440674057216e-05,False,-0.1560684939554338,8.691233299531858,,,,,,,,,,,,,,
FINANCIALS,MNG.L,NWG.L,M&G PLC,NATWEST GROUP PLC ORD 107.69P,-2.3065088712738193,0.16987732371858943,0.05,5.9301440674057216e-05,False,0.7483481438710649,0.8661004076356367,,,,,,,,,,,,,,
FINANCIALS,ADM.L,STJ.L,ADMIRAL GROUP PLC ORD 0.1P,ST. JAMES'S PLACE PLC ORD 15P,-2.305731387996566,0.1701261474410079,0.05,5.9301440674057216e-05,False,0.2860670042164805,6.0221053601089105,,,,,,,,,,,,,,
FINANCIALS,AJB.L,MNG.L,AJ BELL PLC ORD GBP0.000125,M&G PLC,-2.2934593804565857,0.17408612972345516,0.05,5.9301440674057216e-05,False,0.4862047661352179,3.4882599286546636,,,,,,,,,,,,,,
FINANCIALS,JUP.L,LLOY.L,JUPITER FUND MANAGEMENT PLC ORD,LLOYDS BANKING GROUP PLC ORD 10,-2.292971118431798,0.174244948027044,0.05,5.9301440674057216e-05,False,1.5476060244063496,-1.983415876081982,,,,,,,,,,,,,,
FINANCIALS,BNKR.L,STAN.L,BANKERS INVESTMENT TRUST PLC OR,STANDARD CHARTERED PLC ORD USD0,-2.292500408128886,0.17439814881647098,0.05,5.9301440674057216e-05,False,0.2518018863318235,3.0214177523271784,,,,,,,,,,,,,,
FINANCIALS,BEZ.L,INVP.L,BEAZLEY PLC ORD 5P,INVESTEC PLC ORD GBP0.0002,-2.2865663952301936,0.1763371866747766,0.05,5.9301440674057216e-05,False,5.6773934995916315,-29.13661429778297,,,,,,,,,,,,,,
FINANCIALS,HSBA.L,LLOY.L,HSBC HOLDINGS PLC ORD $0.50 (UK,LLOYDS BANKING GROUP PLC ORD 10,-2.283904219220207,0.17721174027100867,0.05,5.9301440674057216e-05,False,1.0655839097260746,2.226083149528513,,,,,,,,,,,,,,
FINANCIALS,AJB.L,LGEN.L,AJ BELL PLC ORD GBP0.000125,LEGAL & GENERAL GROUP PLC ORD 2,-2.2794086219221015,0.17869512114117697,0.05,5.9301440674057216e-05,False,2.585714981574026,-8.043219921440848,,,,,,,,,,,,,,
FINANCIALS,ABDN.L,SDR.L,ABERDEEN GROUP PLC ORD 13 61/63,SCHRODERS PLC ORD 20P,-2.2764328759136854,0.17968151770259266,0.05,5.9301440674057216e-05,False,0.8080364720950465,0.3481363347874913,,,,,,,,,,,,,,
FINANCIALS,ADM.L,NWG.L,ADMIRAL GROUP PLC ORD 0.1P,NATWEST GROUP PLC ORD 107.69P,-2.2725462739778006,0.18097525382642887,0.05,5.9301440674057216e-05,False,0.35233894879967587,5.834914871500528,,,,,,,,,,,,,,
FINANCIALS,LLOY.L,STAN.L,LLOYDS BANKING GROUP PLC ORD 10,STANDARD CHARTERED PLC ORD USD0,-2.2710135070127055,0.18148715189730336,0.05,5.9301440674057216e-05,False,0.7106069411864078,-0.7354048268922666,,,,,,,,,,,,,,
FINANCIALS,ABDN.L,BEZ.L,ABERDEEN GROUP PLC ORD 13 61/63,BEAZLEY PLC ORD 5P,-2.2536512943082023,0.18735211370544397,0.05,5.9301440674057216e-05,False,0.813928360951177,-0.3571989254429875,,,,,,,,,,,,,,
FINANCIALS,BNKR.L,MNG.L,BANKERS INVESTMENT TRUST PLC OR,M&G PLC,-2.2447238033266217,0.19041536198786269,0.05,5.9301440674057216e-05,False,0.4791306875967361,2.18470502740999,,,,,,,,,,,,,,
FINANCIALS,AJB.L,SDR.L,AJ BELL PLC ORD GBP0.000125,SCHRODERS PLC ORD 20P,-2.243586340219878,0.19080797079470857,0.05,5.9301440674057216e-05,False,0.28654467236728864,4.442685896685981,,,,,,,,,,,,,,
FINANCIALS,AJB.L,HSBA.L,AJ BELL PLC ORD GBP0.000125,HSBC HOLDINGS PLC ORD $0.50 (UK,-2.232649828098418,0.19460952612403182,0.05,5.9301440674057216e-05,False,0.27630728092444706,4.26840757386163,,,,,,,,,,,,,,
FINANCIALS,ADM.L,BARC.L,ADMIRAL GROUP PLC ORD 0.1P,BARCLAYS PLC ORD 25P,-2.22129249725263,0.1986084632423583,0.05,5.9301440674057216e-05,False,0.2702735430400843,6.443596823955062,,,,,,,,,,,,,,
FINANCIALS,ABDN.L,INVP.L,ABERDEEN GROUP PLC ORD 13 61/63,INVESTEC PLC ORD GBP0.0002,-2.2040135218410164,0.2047920062201109,0.05,5.9301440674057216e-05,False,3.703602987354337,-18.26467012847745,,,,,,,,,,,,,,
FINANCIALS,ADM.L,STAN.L,ADMIRAL GROUP PLC ORD 0.1P,STANDARD CHARTERED PLC ORD USD0,-2.201910450376629,0.2055528044177649,0.05,5.9301440674057216e-05,False,0.21410021661379428,6.4866921811958065,,,,,,,,,,,,,,
FINANCIALS,BEZ.L,BGEO.L,BEAZLEY PLC ORD 5P,LION FINANCE GROUP PLC ORD 1P,-2.1992221519339226,0.2065278919573279,0.05,5.9301440674057216e-05,False,0.48844223873531584,2.5102645403045614,,,,,,,,,,,,,,
FINANCIALS,HSBA.L,MNG.L,HSBC HOLDINGS PLC ORD $0.50 (UK,M&G PLC,-2.1963974417686583,0.20755557504337524,0.05,5.9301440674057216e-05,False,1.4577001530407157,-1.1662897532692993,,,,,,,,,,,,,,
FINANCIALS,AV.L,NWG.L,AVIVA PLC ORD 32 17/19P,NATWEST GROUP PLC ORD 107.69P,-2.195699333338991,0.2078100520309643,0.05,5.9301440674057216e-05,False,0.5983563048933471,2.6560139306418082,,,,,,,,,,,,,,
FINANCIALS,ADM.L,MNG.L,ADMIRAL GROUP PLC ORD 0.1P,M&G PLC,-2.1926412384699425,0.2089270956868276,0.05,5.9301440674057216e-05,False,0.46705910373141063,5.447788558039026,,,,,,,,,,,,,,
FINANCIALS,AJB.L,BGEO.L,AJ BELL PLC ORD GBP0.000125,LION FINANCE GROUP PLC ORD 1P,-2.1861064725859265,0.21132659324084163,0.05,5.9301440674057216e-05,False,0.19022118448760703,4.484169378075246,,,,,,,,,,,,,,
FINANCIALS,ADM.L,HSBA.L,ADMIRAL GROUP PLC ORD 0.1P,HSBC HOLDINGS PLC ORD $0.50 (UK,-2.1803813146364788,0.21344279886031936,0.05,5.9301440674057216e-05,False,0.27929860289545927,6.102417579818903,,,,,,,,,,,,,,
FINANCIALS,AJB.L,BEZ.L,AJ BELL PLC ORD GBP0.000125,BEAZLEY PLC ORD 5P,-2.1757702039427427,0.21515669429412998,0.05,5.9301440674057216e-05,False,0.3109166104239199,4.040931473902485,,,,,,,,,,,,,,
FINANCIALS,ASHM.L,BGEO.L,ASHMORE GROUP PLC ORD 0.01P,LION FINANCE GROUP PLC ORD 1P,-2.172017582959633,0.21655772913089127,0.05,5.9301440674057216e-05,False,0.2211125902038863,3.2383312975190983,,,,,,,,,,,,,,
FINANCIALS,HSBA.L,INVP.L,HSBC HOLDINGS PLC ORD $0.50 (UK,INVESTEC PLC ORD GBP0.0002,-2.1705312470473133,0.21711419373935859,0.05,5.9301440674057216e-05,False,7.292271529472357,-39.33072504861147,,,,,,,,,,,,,,
FINANCIALS,ABDN.L,BNKR.L,ABERDEEN GROUP PLC ORD 13 61/63,BANKERS INVESTMENT TRUST PLC OR,-2.1667956259406025,0.21851662305942726,0.05,5.9301440674057216e-05,False,2.123541890629731,-5.041891854792528,,,,,,,,,,,,,,
FINANCIALS,BGEO.L,INVP.L,LION FINANCE GROUP PLC ORD 1P,INVESTEC PLC ORD GBP0.0002,-2.1633234438782694,0.21982510030578079,0.05,5.9301440674057216e-05,False,11.890519983482989,-66.48204248858042,,,,,,,,,,,,,,
FINANCIALS,BGEO.L,SDR.L,LION FINANCE GROUP PLC ORD 1P,SCHRODERS PLC ORD 20P,-2.161714514322258,0.22043303295291566,0.05,5.9301440674057216e-05,False,1.9664264044622728,-2.969901285994071,,,,,,,,,,,,,,
FINANCIALS,AJB.L,STAN.L,AJ BELL PLC ORD GBP0.000125,STANDARD CHARTERED PLC ORD USD0,-2.1582808729880414,0.2217338458648424,0.05,5.9301440674057216e-05,False,0.21448478789792316,4.629501473270512,,,,,,,,,,,,,,
FINANCIALS,AJB.L,BNKR.L,AJ BELL PLC ORD GBP0.000125,BANKERS INVESTMENT TRUST PLC OR,-2.157430153585325,0.2220568535422059,0.05,5.9301440674057216e-05,False,1.3825980560589755,-0.4995599281265255,,,,,,,,,,,,,,
FINANCIALS,ASHM.L,LLOY.L,ASHMORE GROUP PLC ORD 0.01P,LLOYDS BANKING GROUP PLC ORD 10,-2.1390252559961214,0.22911453015831396,0.05,5.9301440674057216e-05,False,0.42180762449130255,3.3584441623339645,,,,,,,,,,,,,,
FINANCIALS,ASHM.L,SDR.L,ASHMORE GROUP PLC ORD 0.01P,SCHRODERS PLC ORD 20P,-2.119799903593433,0.23662785021800453,0.05,5.9301440674057216e-05,False,0.651126944930218,1.287684327555183,,,,,,,,,,,,,,
FINANCIALS,BEZ.L,STAN.L,BEAZLEY PLC ORD 5P,STANDARD CHARTERED PLC ORD USD0,-2.1185843040988632,0.23710771708365347,0.05,5.9301440674057216e-05,False,0.5440126632726434,2.9313802435884346,,,,,,,,,,,,,,
FINANCIALS,JUP.L,NWG.L,JUPITER FUND MANAGEMENT PLC ORD,NATWEST GROUP PLC ORD 107.69P,-2.1137672879178244,0.23901486193653176,0.05,5.9301440674057216e-05,False,1.6664465523840162,-5.583938650113534,,,,,,,,,,,,,,
FINANCIALS,AJB.L,JUP.L,AJ BELL PLC ORD GBP0.000125,JUPITER FUND MANAGEMENT PLC ORD,-2.1130163285471317,0.23931298395159256,0.05,5.9301440674057216e-05,False,0.19343838623746795,5.245806978584689,,,,,,,,,,,,,,
FINANCIALS,BEZ.L,LLOY.L,BEAZLEY PLC ORD 5P,LLOYDS BANKING GROUP PLC ORD 10,-2.1029012512544867,0.24334959528475897,0.05,5.9301440674057216e-05,False,0.8133560215505614,3.2876979625996743,,,,,,,,,,,,,,
FINANCIALS,ASHM.L,BARC.L,ASHMORE GROUP PLC ORD 0.01P,BARCLAYS PLC ORD 25P,-2.0958752097160844,0.24617643197358335,0.05,5.9301440674057216e-05,False,0.3144411489372826,3.3587536619677736,,,,,,,,,,,,,,
FINANCIALS,INVP.L,STAN.L,INVESTEC PLC ORD GBP0.0002,STANDARD CHARTERED PLC ORD USD0,-2.0848141136923957,0.25066460190775075,0.05,5.9301440674057216e-05,False,0.07905010636260747,5.767776404089506,,,,,,,,,,,,,,
FINANCIALS,BNKR.L,INVP.L,BANKERS INVESTMENT TRUST PLC OR,INVESTEC PLC ORD GBP0.0002,-2.080834715754045,0.25229055755960084,0.05,5.9301440674057216e-05,False,1.060539279011966,-1.8995862037195348,,,,,,,,,,,,,,
FINANCIALS,INVP.L,LLOY.L,INVESTEC PLC ORD GBP0.0002,LLOYDS BANKING GROUP PLC ORD 10,-2.0739706497828045,0.2551090990893745,0.05,5.9301440674057216e-05,False,0.11679810940400073,5.825563800802981,,,,,,,,,,,,,,
FINANCIALS,BARC.L,BNKR.L,BARCLAYS PLC ORD 25P,BANKERS INVESTMENT TRUST PLC OR,-2.0689564738208555,0.2571791305067932,0.05,5.9301440674057216e-05,False,3.303066827965773,-10.102148663137237,,,,,,,,,,,,,,
FINANCIALS,AJB.L,LLOY.L,AJ BELL PLC ORD GBP0.000125,LLOYDS BANKING GROUP PLC ORD 10,-2.064590414932166,0.2589891904319076,0.05,5.9301440674057216e-05,False,0.29090357241766784,4.898733610004316,,,,,,,,,,,,,,
FINANCIALS,BARC.L,INVP.L,BARCLAYS PLC ORD 25P,INVESTEC PLC ORD GBP0.0002,-2.0632911354476504,0.25952920016162917,0.05,5.9301440674057216e-05,False,9.906374349077081,-56.91378348987374,,,,,,,,,,,,,,
FINANCIALS,BARC.L,JUP.L,BARCLAYS PLC ORD 25P,JUPITER FUND MANAGEMENT PLC ORD,-2.0614865781170755,0.26028024769340197,0.05,5.9301440674057216e-05,False,0.7494488760114347,2.2707681434761753,,,,,,,,,,,,,,
FINANCIALS,AJB.L,BARC.L,AJ BELL PLC ORD GBP0.000125,BARCLAYS PLC ORD 25P,-2.0526259840435115,0.26398534522903394,0.05,5.9301440674057216e-05,False,0.266008696027184,4.613879519356699,,,,,,,,,,,,,,
FINANCIALS,BARC.L,SDR.L,BARCLAYS PLC ORD 25P,SCHRODERS PLC ORD 20P,-2.0517139849541786,0.2643683334139504,0.05,5.9301440674057216e-05,False,1.4363210301462646,-2.7916682716197787,,,,,,,,,,,,,,
FINANCIALS,MNG.L,STAN.L,M&G PLC,STANDARD CHARTERED PLC ORD USD0,-2.051555755402606,0.26443481180480727,0.05,5.9301440674057216e-05,False,0.5125552539273085,1.8387611904557684,,,,,,,,,,,,,,
FINANCIALS,ADM.L,SDR.L,ADMIRAL GROUP PLC ORD 0.1P,SCHRODERS PLC ORD 20P,-2.0352717199600474,0.27132494738354096,0.05,5.9301440674057216e-05,False,0.27053873377093834,6.3928789866948845,,,,,,,,,,,,,,
FINANCIALS,ASHM.L,NWG.L,ASHMORE GROUP PLC ORD 0.01P,NATWEST GROUP PLC ORD 107.69P,-2.032847780706455,0.27235874430530255,0.05,5.9301440674057216e-05,False,0.33506209532585357,3.112944135054481,,,,,,,,,,,,,,
FINANCIALS,BEZ.L,NWG.L,BEAZLEY PLC ORD 5P,NATWEST GROUP PLC ORD 107.69P,-2.029228729767408,0.2739061613531248,0.05,5.9301440674057216e-05,False,0.8414574320227284,1.6076155196659405,,,,,,,,,,,,,,
FINANCIALS,BARC.L,BEZ.L,BARCLAYS PLC ORD 25P,BEAZLEY PLC ORD 5P,-2.0254600247961014,0.27552252864692084,0.05,5.9301440674057216e-05,False,1.4886813273822912,-4.330469385418819,,,,,,,,,,,,,,
FINANCIALS,ADM.L,JUP.L,ADMIRAL GROUP PLC ORD 0.1P,JUPITER FUND MANAGEMENT PLC ORD,-2.0161316669573957,0.2795450238348477,0.05,5.9301440674057216e-05,False,0.16550780881072427,7.231779332771696,,,,,,,,,,,,,,
FINANCIALS,BEZ.L,MNG.L,BEAZLEY PLC ORD 5P,M&G PLC,-2.015590520955099,0.27977931317426435,0.05,5.9301440674057216e-05,False,1.1908627020694342,0.26909972753794875,,,,,,,,,,,,,,
FINANCIALS,AJB.L,PRU.L,AJ BELL PLC ORD GBP0.000125,PRUDENTIAL PLC ORD 5P,-2.013540766475396,0.2806676863569795,0.05,5.9301440674057216e-05,False,0.29614322226625023,4.154187856544203,,,,,,,,,,,,,,
FINANCIALS,BGEO.L,BNKR.L,LION FINANCE GROUP PLC ORD 1P,BANKERS INVESTMENT TRUST PLC OR,-2.0066335712243553,0.2836721053632776,0.05,5.9301440674057216e-05,False,4.524502369993496,-12.989869207022027,,,,,,,,,,,,,,
FINANCIALS,PRU.L,STAN.L,PRUDENTIAL PLC ORD 5P,STANDARD CHARTERED PLC ORD USD0,-2.004817002237233,0.28446501387735335,0.05,5.9301440674057216e-05,False,0.6939040685359366,1.8211547456348285,,,,,,,,,,,,,,
FINANCIALS,INVP.L,PRU.L,INVESTEC PLC ORD GBP0.0002,PRUDENTIAL PLC ORD 5P,-1.9841279677936412,0.29357549977688757,0.05,5.9301440674057216e-05,False,0.1151398647532575,5.552065829829448,,,,,,,,,,,,,,
FINANCIALS,LLOY.L,SDR.L,LLOYDS BANKING GROUP PLC ORD 10,SCHRODERS PLC ORD 20P,-1.9834944487737927,0.29385676939495564,0.05,5.9301440674057216e-05,False,1.1725941294249667,-2.6897049847202377,,,,,,,,,,,,,,
FINANCIALS,NWG.L,SDR.L,NATWEST GROUP PLC ORD 107.69P,SCHRODERS PLC ORD 20P,-1.9751768532346623,0.29756210622854085,0.05,5.9301440674057216e-05,False,1.1517154864331096,-0.7125970807622641,,,,,,,,,,,,,,
FINANCIALS,INVP.L,NWG.L,INVESTEC PLC ORD GBP0.0002,NATWEST GROUP PLC ORD 107.69P,-1.9734425079396218,0.2983376359860812,0.05,5.9301440674057216e-05,False,0.0661870335694584,5.921825524395544,,,,,,,,,,,,,,
FINANCIALS,MNG.L,SDR.L,M&G PLC,SCHRODERS PLC ORD 20P,-1.9502762037805443,0.30879143543227083,0.05,5.9301440674057216e-05,False,0.8234970967785493,0.5624444279925171,,,,,,,,,,,,,,
FINANCIALS,AV.L,LLOY.L,AVIVA PLC ORD 32 17/19P,LLOYDS BANKING GROUP PLC ORD 10,-1.9491162093351169,0.30931945714077846,0.05,5.9301440674057216e-05,False,0.5765085353135624,3.858777106196055,,,,,,,,,,,,,,
FINANCIALS,AV.L,INVP.L,AVIVA PLC ORD 32 17/19P,INVESTEC PLC ORD GBP0.0002,-1.9377622591640258,0.3145102952593668,0.05,5.9301440674057216e-05,False,8.078106428318062,-44.78774125154685,,,,,,,,,,,,,,
FINANCIALS,BGEO.L,JUP.L,LION FINANCE GROUP PLC ORD 1P,JUPITER FUND MANAGEMENT PLC ORD,-1.9243059204825768,0.32071463447719667,0.05,5.9301440674057216e-05,False,1.0452940570877005,3.870316512607837,,,,,,,,,,,,,,
FINANCIALS,INVP.L,STJ.L,INVESTEC PLC ORD GBP0.0002,ST. JAMES'S PLACE PLC ORD 15P,-1.923177981824342,0.3212372347737167,0.05,5.9301440674057216e-05,False,0.026921051203712094,6.1434458941814984,,,,,,,,,,,,,,
FINANCIALS,ASHM.L,STAN.L,ASHMORE GROUP PLC ORD 0.01P,STANDARD CHARTERED PLC ORD USD0,-1.9207607320705076,0.32235851246161823,0.05,5.9301440674057216e-05,False,0.23748404979088744,3.491514392652431,,,,,,,,,,,,,,
FINANCIALS,ASHM.L,HSBA.L,ASHMORE GROUP PLC ORD 0.01P,HSBC HOLDINGS PLC ORD $0.50 (UK,-1.9184758757682527,0.32342001327295455,0.05,5.9301440674057216e-05,False,0.4045834860729229,2.417548830526036,,,,,,,,,,,,,,
FINANCIALS,ADM.L,BEZ.L,ADMIRAL GROUP PLC ORD 0.1P,BEAZLEY PLC ORD 5P,-1.9183496168270053,0.3234787169907171,0.05,5.9301440674057216e-05,False,0.3111784515940265,5.89360217468059,,,,,,,,,,,,,,
FINANCIALS,JUP.L,STAN.L,JUPITER FUND MANAGEMENT PLC ORD,STANDARD CHARTERED PLC ORD USD0,-1.9156329428575358,0.32474299514356153,0.05,5.9301440674057216e-05,False,1.084993434586623,-3.01653755827647,,,,,,,,,,,,,,
FINANCIALS,SDR.L,STAN.L,SCHRODERS PLC ORD 20P,STANDARD CHARTERED PLC ORD USD0,-1.8948996624728984,0.3344642615610566,0.05,5.9301440674057216e-05,False,0.5517961857068074,2.052678196441053,,,,,,,,,,,,,,
FINANCIALS,ADM.L,INVP.L,ADMIRAL GROUP PLC ORD 0.1P,INVESTEC PLC ORD GBP0.0002,-1.8931664798836496,0.3352826116007531,0.05,5.9301440674057216e-05,False,-4.2151516852505795,34.69567994348108,,,,,,,,,,,,,,
FINANCIALS,AV.L,JUP.L,AVIVA PLC ORD 32 17/19P,JUPITER FUND MANAGEMENT PLC ORD,-1.8925284619930274,0.3355840803244864,0.05,5.9301440674057216e-05,False,0.3507144659150476,4.700292889754546,,,,,,,,,,,,,,
FINANCIALS,AJB.L,AV.L,AJ BELL PLC ORD GBP0.000125,AVIVA PLC ORD 32 17/19P,-1.8903503169999656,0.336614154178436,0.05,5.9301440674057216e-05,False,0.6671916134400846,1.918843359428994,,,,,,,,,,,,,,
FINANCIALS,AV.L,BGEO.L,AVIVA PLC ORD 32 17/19P,LION FINANCE GROUP PLC ORD 1P,-1.8883126097686067,0.3375790446528152,0.05,5.9301440674057216e-05,False,0.35732546285916833,3.2099894845309076,,,,,,,,,,,,,,
FINANCIALS,ABDN.L,ASHM.L,ABERDEEN GROUP PLC ORD 13 61/63,ASHMORE GROUP PLC ORD 0.01P,-1.8775493118930722,0.34269519766413203,0.05,5.9301440674057216e-05,False,1.296517513075028,-1.5376684948988277,,,,,,,,,,,,,,
FINANCIALS,INVP.L,LGEN.L,INVESTEC PLC ORD GBP0.0002,LEGAL & GENERAL GROUP PLC ORD 2,-1.8682475817838806,0.34714266176879527,0.05,5.9301440674057216e-05,False,2.5669932905999038,-7.7664512019715595,,,,,,,,,,,,,,
FINANCIALS,ASHM.L,BEZ.L,ASHMORE GROUP PLC ORD 0.01P,BEAZLEY PLC ORD 5P,-1.863349241753442,0.34949424273772534,0.05,5.9301440674057216e-05,False,0.6148009338930496,0.9988162953927917,,,,,,,,,,,,,,
FINANCIALS,ASHM.L,LGEN.L,ASHMORE GROUP PLC ORD 0.01P,LEGAL & GENERAL GROUP PLC ORD 2,-1.8544431588865036,0.35378637689751474,0.05,5.9301440674057216e-05,False,4.850922642453118,-21.45721987415377,,,,,,,,,,,,,,
FINANCIALS,AJB.L,NWG.L,AJ BELL PLC ORD GBP0.000125,NATWEST GROUP PLC ORD 107.69P,-1.8360341252441106,0.362724118607326,0.05,5.9301440674057216e-05,False,0.3186625679687781,4.188463424322958,,,,,,,,,,,,,,
FINANCIALS,BNKR.L,JUP.L,BANKERS INVESTMENT TRUST PLC OR,JUPITER FUND MANAGEMENT PLC ORD,-1.8303584649547495,0.36549708943376447,0.05,5.9301440674057216e-05,False,0.23030419990597495,3.729833562087518,,,,,,,,,,,,,,
FINANCIALS,BGEO.L,STJ.L,LION FINANCE GROUP PLC ORD 1P,ST. JAMES'S PLACE PLC ORD 15P,-1.8249215875897078,0.3681608802402597,0.05,5.9301440674057216e-05,False,1.4239756840987559,-1.1084693652554112,,,,,,,,,,,,,,
FINANCIALS,ASHM.L,PRU.L,ASHMORE GROUP PLC ORD 0.01P,PRUDENTIAL PLC ORD 5P,-1.8154943335216869,0.3727967715162913,0.05,5.9301440674057216e-05,False,0.4150577914824333,2.375873910219951,,,,,,,,,,,,,,
FINANCIALS,STAN.L,STJ.L,STANDARD CHARTERED PLC ORD USD0,ST. JAMES'S PLACE PLC ORD 15P,-1.8119229577908345,0.37455854865813315,0.05,5.9301440674057216e-05,False,1.2333222015688217,-1.455087665768927,,,,,,,,,,,,,,
FINANCIALS,AJB.L,ASHM.L,AJ BELL PLC ORD GBP0.000125,ASHMORE GROUP PLC ORD 0.01P,-1.8055028917252782,0.3777331034479099,0.05,5.9301440674057216e-05,False,0.35792641855996354,4.3017385315765235,,,,,,,,,,,,,,
FINANCIALS,AV.L,STAN.L,AVIVA PLC ORD 32 17/19P,STANDARD CHARTERED PLC ORD USD0,-1.8041795795873812,0.37838863164223524,0.05,5.9301440674057216e-05,False,0.39278972116985866,3.5550074843023447,,,,,,,,,,,,,,
FINANCIALS,BNKR.L,LLOY.L,BANKERS INVESTMENT TRUST PLC OR,LLOYDS BANKING GROUP PLC ORD 10,-1.8038089377187985,0.3785723082320904,0.05,5.9301440674057216e-05,False,0.33505641690140847,3.365426662425953,,,,,,,,,,,,,,
FINANCIALS,LLOY.L,STJ.L,LLOYDS BANKING GROUP PLC ORD 10,ST. JAMES'S PLACE PLC ORD 15P,-1.7763982388109831,0.3922406559740711,0.05,5.9301440674057216e-05,False,0.8592402838368445,-1.65003811561634,,,,,,,,,,,,,,
FINANCIALS,HSBA.L,JUP.L,HSBC HOLDINGS PLC ORD $0.50 (UK,JUPITER FUND MANAGEMENT PLC ORD,-1.7682202999938232,0.396349621778434,0.05,5.9301440674057216e-05,False,0.687764798136546,3.595374090440879,,,,,,,,,,,,,,
FINANCIALS,BEZ.L,JUP.L,BEAZLEY PLC ORD 5P,JUPITER FUND MANAGEMENT PLC ORD,-1.7639160939773384,0.39851770798004676,0.05,5.9301440674057216e-05,False,0.46358664786387566,4.62190649646654,,,,,,,,,,,,,,
FINANCIALS,ASHM.L,MNG.L,ASHMORE GROUP PLC ORD 0.01P,M&G PLC,-1.7482422475456207,0.4064435135537354,0.05,5.9301440674057216e-05,False,0.7871315854845096,0.8624708294302454,,,,,,,,,,,,,,
FINANCIALS,ASHM.L,STJ.L,ASHMORE GROUP PLC ORD 0.01P,ST. JAMES'S PLACE PLC ORD 15P,-1.7346307316031981,0.4133637624921955,0.05,5.9301440674057216e-05,False,0.21686581649562625,3.6745794597148977,,,,,,,,,,,,,,
FINANCIALS,BNKR.L,NWG.L,BANKERS INVESTMENT TRUST PLC OR,NATWEST GROUP PLC ORD 107.69P,-1.7038190363058023,0.4291458764759287,0.05,5.9301440674057216e-05,False,0.3364160970504896,2.736430146945047,,,,,,,,,,,,,,
FINANCIALS,BARC.L,STJ.L,BARCLAYS PLC ORD 25P,ST. JAMES'S PLACE PLC ORD 15P,-1.7027803466934925,0.4296805309660765,0.05,5.9301440674057216e-05,False,1.0059728560533066,-1.1947304020125946,,,,,,,,,,,,,,
FINANCIALS,ABDN.L,STJ.L,ABERDEEN GROUP PLC ORD 13 61/63,ST. JAMES'S PLACE PLC ORD 15P,-1.6809519829971873,0.44095234134723216,0.05,5.9301440674057216e-05,False,0.5744224441541689,1.1875108871989726,,,,,,,,,,,,,,
FINANCIALS,AV.L,BEZ.L,AVIVA PLC ORD 32 17/19P,BEAZLEY PLC ORD 5P,-1.674549475602815,0.4442707415744181,0.05,5.9301440674057216e-05,False,0.5493195393765349,2.61370501818361,,,,,,,,,,,,,,
FINANCIALS,ASHM.L,AV.L,ASHMORE GROUP PLC ORD 0.01P,AVIVA PLC ORD 32 17/19P,-1.6676521229273165,0.44785137693054383,0.05,5.9301440674057216e-05,False,1.300993414957058,-3.081130125829632,,,,,,,,,,,,,,
FINANCIALS,BEZ.L,PRU.L,BEAZLEY PLC ORD 5P,PRUDENTIAL PLC ORD 5P,-1.6457701112536038,0.45924735993993376,0.05,5.9301440674057216e-05,False,0.8065960579439464,1.3507452775609474,,,,,,,,,,,,,,
FINANCIALS,ADM.L,BNKR.L,ADMIRAL GROUP PLC ORD 0.1P,BANKERS INVESTMENT TRUST PLC OR,-1.6267845319687935,0.4691742611910425,0.05,5.9301440674057216e-05,False,1.4208156243630308,1.170901992586721,,,,,,,,,,,,,,
FINANCIALS,JUP.L,SDR.L,JUPITER FUND MANAGEMENT PLC ORD,SCHRODERS PLC ORD 20P,-1.6241282538351702,0.4705656842997855,0.05,5.9301440674057216e-05,False,1.8935084028526123,-6.617335102768163,,,,,,,,,,,,,,
FINANCIALS,AV.L,SDR.L,AVIVA PLC ORD 32 17/19P,SCHRODERS PLC ORD 20P,-1.6199569970361938,0.47275184280865223,0.05,5.9301440674057216e-05,False,0.5252439040739602,3.209959914946604,,,,,,,,,,,,,,
FINANCIALS,ADM.L,ASHM.L,ADMIRAL GROUP PLC ORD 0.1P,ASHMORE GROUP PLC ORD 0.01P,-1.6065952788763311,0.48027968738039184,0.05,5.9301440674057216e-05,False,-0.021265179852241252,8.121330244037798,,,,,,,,,,,,,,
FINANCIALS,HSBA.L,STJ.L,HSBC HOLDINGS PLC ORD $0.50 (UK,ST. JAMES'S PLACE PLC ORD 15P,-1.5779610586078436,0.49465421490851763,0.05,5.9301440674057216e-05,False,0.92131296775946,0.42805560437158174,,,,,,,,,,,,,,
FINANCIALS,AV.L,HSBA.L,AVIVA PLC ORD 32 17/19P,HSBC HOLDINGS PLC ORD $0.50 (UK,-1.4926528675594573,0.5371426787741929,0.05,5.9301440674057216e-05,False,0.5099960691166004,2.8664643339758773,,,,,,,,,,,,,,
FINANCIALS,BEZ.L,STJ.L,BEAZLEY PLC ORD 5P,ST. JAMES'S PLACE PLC ORD 15P,-1.489707376189437,0.5385966693390881,0.05,5.9301440674057216e-05,False,0.6337910730096378,2.3981101519449046,,,,,,,,,,,,,,
FINANCIALS,SDR.L,STJ.L,SCHRODERS PLC ORD 20P,ST. JAMES'S PLACE PLC ORD 15P,-1.4657243146048973,0.5503938011996117,0.05,5.9301440674057216e-05,False,0.6155562915939021,1.701614341302509,,,,,,,,,,,,,,
FINANCIALS,MNG.L,PRU.L,M&G PLC,PRUDENTIAL PLC ORD 5P,-1.4531846434057027,0.5565301914402937,0.05,5.9301440674057216e-05,False,0.7423827785980425,0.46834610280750333,,,,,,,,,,,,,,
FINANCIALS,AJB.L,STJ.L,AJ BELL PLC ORD GBP0.000125,ST. JAMES'S PLACE PLC ORD 15P,-1.4051203380094015,0.5798189172213193,0.05,5.9301440674057216e-05,False,0.2575985577325587,4.36559352025518,,,,,,,,,,,,,,
FINANCIALS,AV.L,MNG.L,AVIVA PLC ORD 32 17/19P,M&G PLC,-1.3041438017517042,0.6272743933618338,0.05,5.9301440674057216e-05,False,0.7792865384940584,2.0748240927794983,,,,,,,,,,,,,,
FINANCIALS,AV.L,BARC.L,AVIVA PLC ORD 32 17/19P,BARCLAYS PLC ORD 25P,-1.3030360200066495,0.6277821886845335,0.05,5.9301440674057216e-05,False,0.49425673875250514,3.485160018515976,,,,,,,,,,,,,,
FINANCIALS,PRU.L,SDR.L,PRUDENTIAL PLC ORD 5P,SCHRODERS PLC ORD 20P,-1.2993242046402789,0.6294814341377074,0.05,5.9301440674057216e-05,False,1.1696279316559248,-0.23433038984588173,,,,,,,,,,,,,,
FINANCIALS,AV.L,BNKR.L,AVIVA PLC ORD 32 17/19P,BANKERS INVESTMENT TRUST PLC OR,-1.2278174910408006,0.6615163438906735,0.05,5.9301440674057216e-05,False,1.8540135764452776,-2.5740227994772242,,,,,,,,,,,,,,
FINANCIALS,MNG.L,STJ.L,M&G PLC,ST. JAMES'S PLACE PLC ORD 15P,-1.216853059763471,0.6663042611582535,0.05,5.9301440674057216e-05,False,0.5924725762242679,1.3687954700095464,,,,,,,,,,,,,,
FINANCIALS,ASHM.L,BNKR.L,ASHMORE GROUP PLC ORD 0.01P,BANKERS INVESTMENT TRUST PLC OR,-1.1765237624060503,0.6836122035921766,0.05,5.9301440674057216e-05,False,2.3806436929241084,-6.278672159794161,,,,,,,,,,,,,,
FINANCIALS,HSBA.L,PRU.L,HSBC HOLDINGS PLC ORD $0.50 (UK,PRUDENTIAL PLC ORD 5P,-1.0405862147171072,0.7381752055428878,0.05,5.9301440674057216e-05,False,1.0834695828518857,-0.49235911298030466,,,,,,,,,,,,,,
FINANCIALS,BNKR.L,PRU.L,BANKERS INVESTMENT TRUST PLC OR,PRUDENTIAL PLC ORD 5P,-0.8705363582470973,0.797520333342882,0.05,5.9301440674057216e-05,False,0.32837070022970927,2.5938903903478607,,,,,,,,,,,,,,
FINANCIALS,BNKR.L,STJ.L,BANKERS INVESTMENT TRUST PLC OR,ST. JAMES'S PLACE PLC ORD 15P,-0.7012455087450161,0.846426659215991,0.05,5.9301440674057216e-05,False,0.2552972067193497,3.039215579867889,,,,,,,,,,,,,,
FR_BANKS,ACA.PA,GLE.PA,CREDIT AGRICOLE,SOCIETE GENERALE,-3.314538867083753,0.014240963859914742,0.05,0.014240963859914742,True,0.28570776480459525,1.5886824595947844,18.722183683943705,0.00010993168103470384,-0.03702277428003198,56.0,-0.45411999875576026,2.4092276664811365,False,,0.8,-0.0007478908938410179,-0.15635824664371922,0.3802071122881818,False,mixed signal
FR_BANKS,ACA.PA,BNP.PA,CREDIT AGRICOLE,BNP PARIBAS ACT.A,-2.433123709460284,0.13260486255823417,0.05,0.014240963859914742,False,0.6757282795181466,-0.19780909584317818,,,,,,,,,,,,,,
FR_BANKS,BNP.PA,GLE.PA,BNP PARIBAS ACT.A,SOCIETE GENERALE,-1.639001892721615,0.4627823804331526,0.05,0.014240963859914742,False,0.4119851021826223,2.6843475072665566,,,,,,,,,,,,,,
FR_LUXURY,CDI.PA,MC.PA,CHRISTIAN DIOR,LVMH,-3.3008023360290877,0.014842648120647998,0.05,,False,0.9429518432965188,0.29054708580447386,,,,,,,,,,,,,,
FR_LUXURY,KER.PA,RMS.PA,KERING,HERMES INTL,-1.9631889843652224,0.3029429226758939,0.05,,False,-2.7738613796175735,26.68539408537141,,,,,,,,,,,,,,
FR_LUXURY,CDI.PA,RMS.PA,CHRISTIAN DIOR,HERMES INTL,-1.4550947566472539,0.555596957913115,0.05,,False,0.9805624379746408,-1.2641099471164328,,,,,,,,,,,,,,
FR_LUXURY,MC.PA,RMS.PA,LVMH,HERMES INTL,-1.2916770709865066,0.6329714094186566,0.05,,False,1.1396010013311084,-2.4113938426433377,,,,,,,,,,,,,,
FR_LUXURY,CDI.PA,KER.PA,CHRISTIAN DIOR,KERING,-1.0819353691084697,0.7222218483244632,0.05,,False,0.5517488862852895,3.2181928691316912,,,,,,,,,,,,,,
FR_LUXURY,KER.PA,MC.PA,KERING,LVMH,-1.0119022842481546,0.7488985003225196,0.05,,False,1.6838175007811476,-5.147196627900796,,,,,,,,,,,,,,
FR_UTILITIES,ENGI.PA,RUI.PA,ENGIE,RUBIS,-3.1995293465830352,0.020011938655116288,0.05,,False,1.5477397915692488,-2.180893422325159,,,,,,,,,,,,,,
FR_UTILITIES,ENGI.PA,VIE.PA,ENGIE,VEOLIA ENVIRON.,-2.523910125804844,0.10976458332229183,0.05,,False,2.971642523540238,-7.071088454927747,,,,,,,,,,,,,,
FR_UTILITIES,ALO.PA,ENGI.PA,ALSTOM,ENGIE,-1.7946143311133347,0.3831387880142561,0.05,,False,0.21386244898301138,2.4134819210446494,,,,,,,,,,,,,,
FR_UTILITIES,RUI.PA,VIE.PA,RUBIS,VEOLIA ENVIRON.,-1.5523366846320563,0.5074807839197087,0.05,,False,2.087663249592167,-3.7210183545654143,,,,,,,,,,,,,,
FR_UTILITIES,ALO.PA,RUI.PA,ALSTOM,RUBIS,-1.3319201421323208,0.6144452743468352,0.05,,False,0.5213118923203413,1.3248826730014318,,,,,,,,,,,,,,
FR_UTILITIES,ALO.PA,VIE.PA,ALSTOM,VEOLIA ENVIRON.,-0.08187899342092189,0.951213810607705,0.05,,False,43.49831971119146,-142.62163013712242,,,,,,,,,,,,,,
HEALTHCARE,GSK.L,HIK.L,GSK PLC ORD 31 1/4P,HIKMA PHARMACEUTICALS PLC ORD S,-3.674016589389724,0.004493838548118326,0.05,0.02831223108914902,True,-0.9459334480069816,14.4542011572373,14.619268005037558,-4.2923475500350854e-05,-0.047413261752989155,44.0,0.3809404943222113,3.138342591468134,False,,0.2,0.027166411121755687,0.5203397577595392,0.7380246081923207,True,mixed signal
HEALTHCARE,AZN.L,HIK.L,ASTRAZENECA PLC ORD SHS $0.25,HIKMA PHARMACEUTICALS PLC ORD S,-3.633383338508511,0.005153962569059639,0.05,0.02831223108914902,True,-0.7071110901456793,14.693528075830354,16.676482304027022,-0.00017182731229088398,-0.04156435199721734,50.0,1.0944959970392911,3.0116774273624163,False,,1.0,0.008011637402999266,0.2916760449912338,-0.006198709766561228,False,mixed signal
HEALTHCARE,AZN.L,GSK.L,ASTRAZENECA PLC ORD SHS $0.25,GSK PLC ORD 31 1/4P,-3.6000614097661567,0.005759853836857683,0.05,0.02831223108914902,True,0.7951021766707296,3.5376593639403513,13.581730046812824,-0.0001576937321595927,-0.05103526415050516,41.0,1.0931444548167115,3.0432451162434266,False,,0.4,-0.014087178857383231,-0.33963788317826604,-0.9514969327276407,False,mixed signal
HEALTHCARE,AZN.L,CTEC.L,ASTRAZENECA PLC ORD SHS $0.25,CONVATEC GROUP PLC ORD 10P,-3.2913253918862675,0.015270710650805376,0.05,0.02831223108914902,True,-2.467737159341043,22.903204179804415,15.778234853131492,-0.00045534565137542876,-0.043930590906521905,47.0,-1.1249042394274091,2.6387362986878187,False,,0.6,0.004440019745821526,0.19454501454219475,0.9220608278894611,False,mixed signal
HEALTHCARE,CTEC.L,HIK.L,CONVATEC GROUP PLC ORD 10P,HIKMA PHARMACEUTICALS PLC ORD S,-3.1052459106162855,0.026167395546784995,0.05,0.02831223108914902,True,0.30799985959705944,3.1662634651438437,17.66185362622365,-0.00010601631539030367,-0.03924543794943395,53.0,-1.5167216737516513,2.339712768877042,False,,0.6,-0.001123513018230915,0.1128543106615012,0.902231267251147,False,mixed signal
HEALTHCARE,CTEC.L,GSK.L,CONVATEC GROUP PLC ORD 10P,GSK PLC ORD 31 1/4P,-3.0768791017699244,0.02831223108914902,0.05,0.02831223108914902,True,-0.25405055471001864,7.344762335708813,18.015961009255484,-0.00014756696990571612,-0.038474060873236196,54.0,-1.1132952542175747,2.471894259675665,False,,0.6,0.005916141607898596,0.2900531912290021,1.0031337455846163,False,mixed signal
HEALTHCARE,CTEC.L,SN.L,CONVATEC GROUP PLC ORD 10P,SMITH & NEPHEW PLC ORD USD0.20,-2.688292671329905,0.0760861506245521,0.05,0.02831223108914902,False,-0.14482553133832202,6.491383655047462,,,,,,,,,,,,,,
HEALTHCARE,HIK.L,SN.L,HIKMA PHARMACEUTICALS PLC ORD S,SMITH & NEPHEW PLC ORD USD0.20,-2.5963468716124622,0.09375464785159215,0.05,0.02831223108914902,False,-2.1353668936372836,22.53203150357575,,,,,,,,,,,,,,
HEALTHCARE,AZN.L,SN.L,ASTRAZENECA PLC ORD SHS $0.25,SMITH & NEPHEW PLC ORD USD0.20,-2.576289013649633,0.09799753535564709,0.05,0.02831223108914902,False,1.2322730185039001,0.7179164810228986,,,,,,,,,,,,,,
HEALTHCARE,GSK.L,SN.L,GSK PLC ORD 31 1/4P,SMITH & NEPHEW PLC ORD USD0.20,-2.1575354802412074,0.22201684685046086,0.05,0.02831223108914902,False,1.8071886189498378,-5.360283168166934,,,,,,,,,,,,,,
INDUSTRIALS,BBY.L,IMI.L,BALFOUR BEATTY PLC ORD 50P,IMI PLC ORD 28 4/7P,-3.9937886406293175,0.0014433872696827655,0.05,,False,1.447376935524334,-4.796503773664112,,,,,,,,,,,,,,
INDUSTRIALS,BA.L,BNZL.L,BAE SYSTEMS PLC ORD 2.5P,BUNZL PLC ORD 32 1/7P,-3.3257623811267556,0.013765442907560241,0.05,,False,-1.0605181976942872,15.769323795308633,,,,,,,,,,,,,,
INDUSTRIALS,BA.L,MGNS.L,BAE SYSTEMS PLC ORD 2.5P,MORGAN SINDALL GROUP PLC ORD 5P,-3.140599889470444,0.023690901171067574,0.05,,False,1.1274513521415666,-1.9315224146151424,,,,,,,,,,,,,,
INDUSTRIALS,BNZL.L,WEIR.L,BUNZL PLC ORD 32 1/7P,WEIR PLC ORD 12.5P,-2.9927524117827606,0.03557679961428979,0.05,,False,-1.3496578238844614,18.431968147612817,,,,,,,,,,,,,,
INDUSTRIALS,BNZL.L,SMIN.L,BUNZL PLC ORD 32 1/7P,SMITHS GROUP PLC ORD 37.5P,-2.9460418326173214,0.04024997183010548,0.05,,False,-1.2248610415133798,17.267358567190335,,,,,,,,,,,,,,
INDUSTRIALS,BNZL.L,KIE.L,BUNZL PLC ORD 32 1/7P,KIER GROUP PLC ORD 1P,-2.923546938581828,0.04267753018772437,0.05,,False,-0.9547309991085614,12.828165272452665,,,,,,,,,,,,,,
INDUSTRIALS,BNZL.L,MGNS.L,BUNZL PLC ORD 32 1/7P,MORGAN SINDALL GROUP PLC ORD 5P,-2.8716798379963624,0.04874175173630878,0.05,,False,-1.0462460499508761,16.551114909909174,,,,,,,,,,,,,,
INDUSTRIALS,BBY.L,DPLM.L,BALFOUR BEATTY PLC ORD 50P,DIPLOMA PLC ORD 5P,-2.8237198815077758,0.05496461859003811,0.05,,False,1.5797637581063535,-7.128447667128279,,,,,,,,,,,,,,
INDUSTRIALS,BA.L,SMIN.L,BAE SYSTEMS PLC ORD 2.5P,SMITHS GROUP PLC ORD 37.5P,-2.7439196165297632,0.06674168763542321,0.05,,False,1.3006497463576894,-2.555750904221271,,,,,,,,,,,,,,
INDUSTRIALS,IMI.L,SPX.L,IMI PLC ORD 28 4/7P,SPIRAX GROUP PLC ORD 26 12/13P,-2.7375443617127386,0.06776371454669798,0.05,,False,16.368784196598174,-137.17616325651105,,,,,,,,,,,,,,
INDUSTRIALS,KIE.L,SMIN.L,KIER GROUP PLC ORD 1P,SMITHS GROUP PLC ORD 37.5P,-2.737437048138096,0.06778102451775145,0.05,,False,1.2699574333481307,-4.550297718823801,,,,,,,,,,,,,,
INDUSTRIALS,BA.L,SPX.L,BAE SYSTEMS PLC ORD 2.5P,SPIRAX GROUP PLC ORD 26 12/13P,-2.736925596182087,0.06786357162642048,0.05,,False,-5.144821807909583,52.92968522360936,,,,,,,,,,,,,,
INDUSTRIALS,DPLM.L,SPX.L,DIPLOMA PLC ORD 5P,SPIRAX GROUP PLC ORD 26 12/13P,-2.7307983856629496,0.06885874110279598,0.05,,False,16.90901406855481,-141.12381150747055,,,,,,,,,,,,,,
INDUSTRIALS,KIE.L,SPX.L,KIER GROUP PLC ORD 1P,SPIRAX GROUP PLC ORD 26 12/13P,-2.7237276602203875,0.07002157437150731,0.05,,False,-197.88459558578037,1756.2976351359964,,,,,,,,,,,,,,
INDUSTRIALS,SPX.L,WEIR.L,SPIRAX GROUP PLC ORD 26 12/13P,WEIR PLC ORD 12.5P,-2.7112432202530505,0.07211282644299329,0.05,,False,-0.09331527573343523,9.578106358090116,,,,,,,,,,,,,,
INDUSTRIALS,BBY.L,SPX.L,BALFOUR BEATTY PLC ORD 50P,SPIRAX GROUP PLC ORD 26 12/13P,-2.708956923043285,0.07250111351304514,0.05,,False,-74.80478850335598,668.2762854576278,,,,,,,,,,,,,,
INDUSTRIALS,SMIN.L,SPX.L,SMITHS GROUP PLC ORD 37.5P,SPIRAX GROUP PLC ORD 26 12/13P,-2.7030254933453577,0.07351618823509469,0.05,,False,-12.71858949262196,120.20563484941238,,,,,,,,,,,,,,
INDUSTRIALS,BNZL.L,SPX.L,BUNZL PLC ORD 32 1/7P,SPIRAX GROUP PLC ORD 26 12/13P,-2.6862995616660075,0.07643919634487914,0.05,,False,4.70868318710709,-33.77835195830657,,,,,,,,,,,,,,
INDUSTRIALS,MRO.L,WEIR.L,MELROSE INDUSTRIES PLC ORD GBP0,WEIR PLC ORD 12.5P,-2.669798835789851,0.07941177152990175,0.05,,False,0.6659515661928731,1.0824469724602857,,,,,,,,,,,,,,
INDUSTRIALS,MGNS.L,SPX.L,MORGAN SINDALL GROUP PLC ORD 5P,SPIRAX GROUP PLC ORD 26 12/13P,-2.621319471912587,0.08867053238673467,0.05,,False,-5.284782452465262,55.04465381215037,,,,,,,,,,,,,,
INDUSTRIALS,BBY.L,SMIN.L,BALFOUR BEATTY PLC ORD 50P,SMITHS GROUP PLC ORD 37.5P,-2.6054514136354636,0.09187579738709772,0.05,,False,1.6158660928248623,-6.059107424132565,,,,,,,,,,,,,,
INDUSTRIALS,MGNS.L,MRO.L,MORGAN SINDALL GROUP PLC ORD 5P,MELROSE INDUSTRIES PLC ORD GBP0,-2.5690239131863932,0.09956987414341245,0.05,,False,2.540615838066768,-7.6872322720528885,,,,,,,,,,,,,,
INDUSTRIALS,IMI.L,MGNS.L,IMI PLC ORD 28 4/7P,MORGAN SINDALL GROUP PLC ORD 5P,-2.549772368808139,0.1038288749730632,0.05,,False,0.9210060007121512,0.05039583757597388,,,,,,,,,,,,,,
INDUSTRIALS,MGNS.L,SMIN.L,MORGAN SINDALL GROUP PLC ORD 5P,SMITHS GROUP PLC ORD 37.5P,-2.537486038341088,0.1066178814475372,0.05,,False,1.1850327188048277,-0.7941632705814108,,,,,,,,,,,,,,
INDUSTRIALS,DPLM.L,HILS.L,DIPLOMA PLC ORD 5P,HILL & SMITH PLC ORD 25P,-2.5366951391430486,0.10679932398652203,0.05,,False,1.560150920722557,-3.4130833385806785,,,,,,,,,,,,,,
INDUSTRIALS,BA.L,KIE.L,BAE SYSTEMS PLC ORD 2.5P,KIER GROUP PLC ORD 1P,-2.5340060460329634,0.10741796947000631,0.05,,False,1.0178893467129995,2.1369944582118805,,,,,,,,,,,,,,
INDUSTRIALS,DPLM.L,IMI.L,DIPLOMA PLC ORD 5P,IMI PLC ORD 28 4/7P,-2.517139703956237,0.1113595492051277,0.05,,False,0.9311617179021823,1.3612924744895558,,,,,,,,,,,,,,
INDUSTRIALS,KIE.L,MGNS.L,KIER GROUP PLC ORD 1P,MORGAN SINDALL GROUP PLC ORD 5P,-2.497036274848765,0.11619709743363049,0.05,,False,1.0877735876683123,-3.832579551288074,,,,,,,,,,,,,,
INDUSTRIALS,BNZL.L,MRO.L,BUNZL PLC ORD 32 1/7P,MELROSE INDUSTRIES PLC ORD GBP0,-2.479493045766633,0.12054394731450646,0.05,,False,-3.993665300832823,32.98671199660454,,,,,,,,,,,,,,
INDUSTRIALS,KIE.L,MRO.L,KIER GROUP PLC ORD 1P,MELROSE INDUSTRIES PLC ORD GBP0,-2.4746497795918687,0.12176476362978794,0.05,,False,2.5672025899199307,-10.96026008214998,,,,,,,,,,,,,,
INDUSTRIALS,MGNS.L,WEIR.L,MORGAN SINDALL GROUP PLC ORD 5P,WEIR PLC ORD 12.5P,-2.3535692197167086,0.1552720649937035,0.05,,False,1.2722348715585403,-1.658950090139406,,,,,,,,,,,,,,
INDUSTRIALS,BKG.L,SPX.L,BERKELEY GROUP HOLDINGS (THE) P,SPIRAX GROUP PLC ORD 26 12/13P,-2.3384778616961803,0.1598581419049515,0.05,,False,1.9080479497888163,-8.590633184816015,,,,,,,,,,,,,,
INDUSTRIALS,IMI.L,SMIN.L,IMI PLC ORD 28 4/7P,SMITHS GROUP PLC ORD 37.5P,-2.3090265228760476,0.16907326323538785,0.05,,False,1.0848691506042356,-0.6308629105100296,,,,,,,,,,,,,,
INDUSTRIALS,BKG.L,MGNS.L,BERKELEY GROUP HOLDINGS (THE) P,MORGAN SINDALL GROUP PLC ORD 5P,-2.293074939026965,0.17421116992479857,0.05,,False,-0.5358970037718727,12.730496197152956,,,,,,,,,,,,,,
INDUSTRIALS,BA.L,MRO.L,BAE SYSTEMS PLC ORD 2.5P,MELROSE INDUSTRIES PLC ORD GBP0,-2.261787512177816,0.1845884832460793,0.05,,False,8.984679403271585,-49.0592469265343,,,,,,,,,,,,,,
INDUSTRIALS,BA.L,WEIR.L,BAE SYSTEMS PLC ORD 2.5P,WEIR PLC ORD 12.5P,-2.256768197520804,0.1862902253930811,0.05,,False,1.450338698439088,-3.9265378767754475,,,,,,,,,,,,,,
INDUSTRIALS,BKG.L,DPLM.L,BERKELEY GROUP HOLDINGS (THE) P,DIPLOMA PLC ORD 5P,-2.223696716302908,0.19775759446564856,0.05,,False,-0.6366458168408086,13.710595234470656,,,,,,,,,,,,,,
INDUSTRIALS,BKG.L,MRO.L,BERKELEY GROUP HOLDINGS (THE) P,MELROSE INDUSTRIES PLC ORD GBP0,-2.223092365045985,0.1979712592054912,0.05,,False,-1.259927831640911,16.21171130973226,,,,,,,,,,,,,,
INDUSTRIALS,BBY.L,MRO.L,BALFOUR BEATTY PLC ORD 50P,MELROSE INDUSTRIES PLC ORD GBP0,-2.2207457858633233,0.1988022728721336,0.05,,False,5.517458030089653,-28.360704379682353,,,,,,,,,,,,,,
INDUSTRIALS,BKG.L,SMIN.L,BERKELEY GROUP HOLDINGS (THE) P,SMITHS GROUP PLC ORD 37.5P,-2.186243143006451,0.2112762349120812,0.05,,False,-0.6588990283199266,13.33863172517604,,,,,,,,,,,,,,
INDUSTRIALS,MRO.L,SMIN.L,MELROSE INDUSTRIES PLC ORD GBP0,SMITHS GROUP PLC ORD 37.5P,-2.1557650210348296,0.22268990845345205,0.05,,False,0.5321160472343162,2.2102975127922333,,,,,,,,,,,,,,
INDUSTRIALS,MRO.L,SPX.L,MELROSE INDUSTRIES PLC ORD GBP0,SPIRAX GROUP PLC ORD 26 12/13P,-2.1397208094377205,0.22884539806782983,0.05,,False,1.6208101030002302,-8.05874230927761,,,,,,,,,,,,,,
INDUSTRIALS,HILS.L,SPX.L,HILL & SMITH PLC ORD 25P,SPIRAX GROUP PLC ORD 26 12/13P,-2.1199478244722063,0.2365694962264474,0.05,,False,1.4142212262591178,-4.87387888616219,,,,,,,,,,,,,,
INDUSTRIALS,BKG.L,IMI.L,BERKELEY GROUP HOLDINGS (THE) P,IMI PLC ORD 28 4/7P,-2.116334837523867,0.23799721143972635,0.05,,False,-0.5684863586749561,12.657174703372135,,,,,,,,,,,,,,
INDUSTRIALS,BA.L,BBY.L,BAE SYSTEMS PLC ORD 2.5P,BALFOUR BEATTY PLC ORD 50P,-2.0611159707731592,0.2604346410881699,0.05,,False,0.7762443533087723,2.5023969022195267,,,,,,,,,,,,,,
INDUSTRIALS,DPLM.L,MGNS.L,DIPLOMA PLC ORD 5P,MORGAN SINDALL GROUP PLC ORD 5P,-2.015458812764583,0.27983635183121225,0.05,,False,0.8420302462315009,1.5371580265501192,,,,,,,,,,,,,,
INDUSTRIALS,BBY.L,BKG.L,BALFOUR BEATTY PLC ORD 50P,BERKELEY GROUP HOLDINGS (THE) P,-1.9830272750634244,0.29406427166322574,0.05,,False,-2.846882517579906,29.92429787323382,,,,,,,,,,,,,,
INDUSTRIALS,KIE.L,WEIR.L,KIER GROUP PLC ORD 1P,WEIR PLC ORD 12.5P,-1.9342214527883286,0.3161374059909692,0.05,,False,1.3999422880371806,-5.76242008912274,,,,,,,,,,,,,,
INDUSTRIALS,IMI.L,MRO.L,IMI PLC ORD 28 4/7P,MELROSE INDUSTRIES PLC ORD GBP0,-1.9242514543376483,0.3207398609596746,0.05,,False,2.4830932902172056,-7.929301184962612,,,,,,,,,,,,,,
INDUSTRIALS,BA.L,BKG.L,BAE SYSTEMS PLC ORD 2.5P,BERKELEY GROUP HOLDINGS (THE) P,-1.8957548816693577,0.33406077621714136,0.05,,False,-2.2901862037966483,26.39706192397206,,,,,,,,,,,,,,
INDUSTRIALS,DPLM.L,MRO.L,DIPLOMA PLC ORD 5P,MELROSE INDUSTRIES PLC ORD GBP0,-1.8792396651912129,0.341889559035782,0.05,,False,2.854031164159055,-9.427370721168579,,,,,,,,,,,,,,
INDUSTRIALS,BKG.L,WEIR.L,BERKELEY GROUP HOLDINGS (THE) P,WEIR PLC ORD 12.5P,-1.8518630935137999,0.3550337263566007,0.05,,False,-0.6919839179792774,13.699171451171917,,,,,,,,,,,,,,
INDUSTRIALS,BBY.L,MGNS.L,BALFOUR BEATTY PLC ORD 50P,MORGAN SINDALL GROUP PLC ORD 5P,-1.8401618406096238,0.3607125133335882,0.05,,False,1.4105002925568055,-5.364787988257531,,,,,,,,,,,,,,
INDUSTRIALS,BBY.L,HILS.L,BALFOUR BEATTY PLC ORD 50P,HILL & SMITH PLC ORD 25P,-1.810505563178432,0.3752585878717505,0.05,,False,2.780339684501479,-14.932308698143112,,,,,,,,,,,,,,
INDUSTRIALS,BKG.L,KIE.L,BERKELEY GROUP HOLDINGS (THE) P,KIER GROUP PLC ORD 1P,-1.797105235509432,0.3818998079910223,0.05,,False,-0.339033551570184,10.047754122453584,,,,,,,,,,,,,,
INDUSTRIALS,HILS.L,IMI.L,HILL & SMITH PLC ORD 25P,IMI PLC ORD 28 4/7P,-1.7778748240287423,0.3915002266624971,0.05,,False,0.5636355291422777,3.315047651128756,,,,,,,,,,,,,,
INDUSTRIALS,IMI.L,KIE.L,IMI PLC ORD 28 4/7P,KIER GROUP PLC ORD 1P,-1.7680674412221116,0.3964265549903456,0.05,,False,0.8524990447000997,3.265347040007449,,,,,,,,,,,,,,
INDUSTRIALS,BNZL.L,IMI.L,BUNZL PLC ORD 32 1/7P,IMI PLC ORD 28 4/7P,-1.7611077544122304,0.39993429651904955,0.05,,False,-1.1383497313146695,16.626537286998932,,,,,,,,,,,,,,
INDUSTRIALS,DPLM.L,KIE.L,DIPLOMA PLC ORD 5P,KIER GROUP PLC ORD 1P,-1.6889228793216737,0.4368285897630147,0.05,,False,0.7798718711258857,4.4739764276755825,,,,,,,,,,,,,,
INDUSTRIALS,BKG.L,BNZL.L,BERKELEY GROUP HOLDINGS (THE) P,BUNZL PLC ORD 32 1/7P,-1.6587077914577526,0.4525031050650765,0.05,,False,0.4398143287628497,4.824045668059547,,,,,,,,,,,,,,
INDUSTRIALS,BKG.L,HILS.L,BERKELEY GROUP HOLDINGS (THE) P,HILL & SMITH PLC ORD 25P,-1.5945940401923995,0.486308527925427,0.05,,False,-1.6853248475174492,21.17147902194421,,,,,,,,,,,,,,
INDUSTRIALS,BBY.L,BNZL.L,BALFOUR BEATTY PLC ORD 50P,BUNZL PLC ORD 32 1/7P,-1.577011750500916,0.4951301198329987,0.05,,False,-1.3906160399740006,17.283678365141768,,,,,,,,,,,,,,
INDUSTRIALS,BBY.L,KIE.L,BALFOUR BEATTY PLC ORD 50P,KIER GROUP PLC ORD 1P,-1.5471752742381244,0.5100588739999745,0.05,,False,1.2849373624416616,-0.3343702402090347,,,,,,,,,,,,,,
INDUSTRIALS,BA.L,IMI.L,BAE SYSTEMS PLC ORD 2.5P,IMI PLC ORD 28 4/7P,-1.5286212876146308,0.5193082949855862,0.05,,False,1.208801484425318,-1.875401119080677,,,,,,,,,,,,,,
INDUSTRIALS,BNZL.L,DPLM.L,BUNZL PLC ORD 32 1/7P,DIPLOMA PLC ORD 5P,-1.435286521662728,0.5652473470648366,0.05,,False,-1.2986733897705922,18.938753994363108,,,,,,,,,,,,,,
INDUSTRIALS,DPLM.L,SMIN.L,DIPLOMA PLC ORD 5P,SMITHS GROUP PLC ORD 37.5P,-1.4314563861449847,0.5671061179479602,0.05,,False,1.0130015917007407,0.7523210303266605,,,,,,,,,,,,,,
INDUSTRIALS,SMIN.L,WEIR.L,SMITHS GROUP PLC ORD 37.5P,WEIR PLC ORD 12.5P,-1.3681856464246032,0.5974297552786648,0.05,,False,1.0783404219034434,-0.7668921603210563,,,,,,,,,,,,,,
INDUSTRIALS,BA.L,DPLM.L,BAE SYSTEMS PLC ORD 2.5P,DIPLOMA PLC ORD 5P,-1.3173440817945257,0.6212004944353817,0.05,,False,1.362880620366509,-4.193174380533423,,,,,,,,,,,,,,
INDUSTRIALS,HILS.L,MGNS.L,HILL & SMITH PLC ORD 25P,MORGAN SINDALL GROUP PLC ORD 5P,-1.145539096831088,0.6965742048973785,0.05,,False,0.3740071045897371,4.544690645595319,,,,,,,,,,,,,,
INDUSTRIALS,HILS.L,KIE.L,HILL & SMITH PLC ORD 25P,KIER GROUP PLC ORD 1P,-1.095029055200894,0.717050183802252,0.05,,False,0.4068610618741607,5.536402486461622,,,,,,,,,,,,,,
INDUSTRIALS,BNZL.L,HILS.L,BUNZL PLC ORD 32 1/7P,HILL & SMITH PLC ORD 25P,-1.0326111167579768,0.741185143562743,0.05,,False,-3.969504023647183,38.22035268480062,,,,,,,,,,,,,,
INDUSTRIALS,HILS.L,SMIN.L,HILL & SMITH PLC ORD 25P,SMITHS GROUP PLC ORD 37.5P,-1.029931970939193,0.7421913876238564,0.05,,False,0.5263810826523736,3.610916441797386,,,,,,,,,,,,,,
INDUSTRIALS,BA.L,HILS.L,BAE SYSTEMS PLC ORD 2.5P,HILL & SMITH PLC ORD 25P,-0.7728811700854,0.8269585328271363,0.05,,False,3.7145442662704338,-20.98039048639205,,,,,,,,,,,,,,
INDUSTRIALS,BBY.L,WEIR.L,BALFOUR BEATTY PLC ORD 50P,WEIR PLC ORD 12.5P,-0.5611859758460926,0.8795134570441948,0.05,,False,1.8153249934403803,-7.867497218757608,,,,,,,,,,,,,,
INDUSTRIALS,IMI.L,WEIR.L,IMI PLC ORD 28 4/7P,WEIR PLC ORD 12.5P,-0.4333260430067234,0.9043840655367585,0.05,,False,1.1825077214402777,-1.561645045890418,,,,,,,,,,,,,,
INDUSTRIALS,DPLM.L,WEIR.L,DIPLOMA PLC ORD 5P,WEIR PLC ORD 12.5P,-0.22983272641110214,0.9348709492297174,0.05,,False,1.1250444684327385,-0.27983470461624016,,,,,,,,,,,,,,
INDUSTRIALS,HILS.L,MRO.L,HILL & SMITH PLC ORD 25P,MELROSE INDUSTRIES PLC ORD GBP0,-0.1029454233381854,0.9491443665195884,0.05,,False,0.7114387305197204,3.1700801238372183,,,,,,,,,,,,,,
INDUSTRIALS,HILS.L,WEIR.L,HILL & SMITH PLC ORD 25P,WEIR PLC ORD 12.5P,0.017384988332588048,0.9599464147950361,0.05,,False,0.48770905233215256,3.831404705686132,,,,,,,,,,,,,,
INVESTMENT_TRUSTS,FCIT.L,RCP.L,F&C INVESTMENT TRUST PLC ORD 6.,"""RIT Capital Partners""",-3.8284111326750936,0.002629647583224578,0.05,,False,1.12476172767042,-2.885722246113077,,,,,,,,,,,,,,
INVESTMENT_TRUSTS,ATT.L,FCIT.L,ALLIANZ TECHNOLOGY TRUST PLC OR,F&C INVESTMENT TRUST PLC ORD 6.,-3.77417935517543,0.003182821569283138,0.05,,False,2.436878221205638,-7.685996454156881,,,,,,,,,,,,,,
INVESTMENT_TRUSTS,ATT.L,RCP.L,ALLIANZ TECHNOLOGY TRUST PLC OR,"""RIT Capital Partners""",-3.6785164946729814,0.004425689870124402,0.05,,False,2.802939121510396,-15.189632252568884,,,,,,,,,,,,,,
INVESTMENT_TRUSTS,PCT.L,RCP.L,POLAR CAPITAL TECHNOLOGY TRUST ,"""RIT Capital Partners""",-3.4949374248232465,0.008118067611926034,0.05,,False,3.5202021615446912,-20.779304762033775,,,,,,,,,,,,,,
INVESTMENT_TRUSTS,MNKS.L,RCP.L,MONKS INVESTMENT TRUST PLC ORD ,"""RIT Capital Partners""",-3.3770672728203937,0.011765936066243089,0.05,,False,1.5435126530010062,-4.536097927770302,,,,,,,,,,,,,,
INVESTMENT_TRUSTS,JAM.L,JGGI.L,JPMORGAN AMERICAN INVESTMENT TR,JPMORGAN GLOBAL GROWTH & INCOME,-3.320997228819499,0.013965592817390132,0.05,,False,1.8776900919167525,-4.92855978298344,,,,,,,,,,,,,,
INVESTMENT_TRUSTS,FCIT.L,PCT.L,F&C INVESTMENT TRUST PLC ORD 6.,POLAR CAPITAL TECHNOLOGY TRUST ,-3.310612368268021,0.01441071466047616,0.05,,False,0.3265232148802884,3.7117253692023793,,,,,,,,,,,,,,
INVESTMENT_TRUSTS,BRWM.L,RCP.L,BLACKROCK WORLD MINING TRUST PL,"""RIT Capital Partners""",-3.276910567355,0.015942652767832365,0.05,,False,3.9324918312501866,-23.453588282233127,,,,,,,,,,,,,,
INVESTMENT_TRUSTS,HGT.L,SMT.L,HG CAPITAL TRUST PLC ORD 2.5P,SCOTTISH MORTGAGE INVESTMENT TR,-3.247937760932333,0.017372218887486957,0.05,,False,-0.6184996440493771,10.479135268244637,,,,,,,,,,,,,,
INVESTMENT_TRUSTS,3IN.L,BRWM.L,3I INFRASTRUCTURE PLC ORD NPV,BLACKROCK WORLD MINING TRUST PL,-3.1986002827372473,0.020065843445163038,0.05,,False,0.1621096473016204,4.792112450858722,,,,,,,,,,,,,,
INVESTMENT_TRUSTS,FCIT.L,HGT.L,F&C INVESTMENT TRUST PLC ORD 6.,HG CAPITAL TRUST PLC ORD 2.5P,-3.10600058776522,0.02611229339568441,0.05,,False,-0.6420845626215155,9.62832147706241,,,,,,,,,,,,,,
INVESTMENT_TRUSTS,3IN.L,HGT.L,3I INFRASTRUCTURE PLC ORD NPV,HG CAPITAL TRUST PLC ORD 2.5P,-3.0925311596141656,0.027110876298432653,0.05,,False,-0.270541002225264,7.5061324553190785,,,,,,,,,,,,,,
INVESTMENT_TRUSTS,3IN.L,MNKS.L,3I INFRASTRUCTURE PLC ORD NPV,MONKS INVESTMENT TRUST PLC ORD ,-3.02705570152093,0.03244383071647387,0.05,,False,0.4039319334265863,2.9289017159113864,,,,,,,,,,,,,,
INVESTMENT_TRUSTS,JGGI.L,RCP.L,JPMORGAN GLOBAL GROWTH & INCOME,"""RIT Capital Partners""",-2.949724089818649,0.03986380946144622,0.05,,False,0.3374501840865063,3.77536232910493,,,,,,,,,,,,,,
INVESTMENT_TRUSTS,3IN.L,CTY.L,3I INFRASTRUCTURE PLC ORD NPV,CITY OF LONDON INVESTMENT TRUST,-2.9060664902300197,0.04464708150825276,0.05,,False,0.4803821416015511,2.866719462108505,,,,,,,,,,,,,,
INVESTMENT_TRUSTS,RCP.L,SMT.L,"""RIT Capital Partners""",SCOTTISH MORTGAGE INVESTMENT TR,-2.905058137018089,0.04476295876153487,0.05,,False,0.42947104433191363,4.612234066237706,,,,,,,,,,,,,,
INVESTMENT_TRUSTS,HGT.L,MNKS.L,HG CAPITAL TRUST PLC ORD 2.5P,MONKS INVESTMENT TRUST PLC ORD ,-2.864361629186171,0.049651984033493336,0.05,,False,-1.0000873539276165,13.37162021689019,,,,,,,,,,,,,,
INVESTMENT_TRUSTS,3IN.L,PCT.L,3I INFRASTRUCTURE PLC ORD NPV,POLAR CAPITAL TECHNOLOGY TRUST ,-2.8560925981103606,0.05069725973289727,0.05,,False,0.16617732722614695,4.842273100819703,,,,,,,,,,,,,,
INVESTMENT_TRUSTS,3IN.L,ATT.L,3I INFRASTRUCTURE PLC ORD NPV,ALLIANZ TECHNOLOGY TRUST PLC OR,-2.85016994312945,0.05145698787773292,0.05,,False,0.20779162072371057,4.564887731139563,,,,,,,,,,,,,,
INVESTMENT_TRUSTS,3IN.L,JGGI.L,3I INFRASTRUCTURE PLC ORD NPV,JPMORGAN GLOBAL GROWTH & INCOME,-2.7912084355156823,0.05954059571445095,0.05,,False,2.8279328189672626,-12.094235434076786,,,,,,,,,,,,,,
INVESTMENT_TRUSTS,HGT.L,JAM.L,HG CAPITAL TRUST PLC ORD 2.5P,JPMORGAN AMERICAN INVESTMENT TR,-2.7408185748683223,0.06723726998181348,0.05,,False,-2.573887132046474,24.13179689882793,,,,,,,,,,,,,,
INVESTMENT_TRUSTS,FCIT.L,SMT.L,F&C INVESTMENT TRUST PLC ORD 6.,SCOTTISH MORTGAGE INVESTMENT TR,-2.673937752121064,0.07865777068897634,0.05,,False,0.5077789268883472,2.1298869249382695,,,,,,,,,,,,,,
INVESTMENT_TRUSTS,FCIT.L,JGGI.L,F&C INVESTMENT TRUST PLC ORD 6.,JPMORGAN GLOBAL GROWTH & INCOME,-2.6672569403703705,0.07987763793241343,0.05,,False,2.9615178460237095,-13.113425788707879,,,,,,,,,,,,,,
INVESTMENT_TRUSTS,3IN.L,RCP.L,3I INFRASTRUCTURE PLC ORD NPV,"""RIT Capital Partners""",-2.6502938987948665,0.08304153867204511,0.05,,False,0.6569286909087277,0.842349688426836,,,,,,,,,,,,,,
INVESTMENT_TRUSTS,CTY.L,MNKS.L,CITY OF LONDON INVESTMENT TRUST,MONKS INVESTMENT TRUST PLC ORD ,-2.5808486614151396,0.09702041232866387,0.05,,False,0.8841153067101868,-0.1818379200588378,,,,,,,,,,,,,,
INVESTMENT_TRUSTS,3IN.L,FCIT.L,3I INFRASTRUCTURE PLC ORD NPV,F&C INVESTMENT TRUST PLC ORD 6.,-2.5757563554138425,0.0981121696267992,0.05,,False,0.5390522434216629,2.7826754795714557,,,,,,,,,,,,,,
INVESTMENT_TRUSTS,JGGI.L,PCT.L,JPMORGAN GLOBAL GROWTH & INCOME,POLAR CAPITAL TECHNOLOGY TRUST ,-2.574845824798018,0.09830836261884068,0.05,,False,0.09177869426020921,5.791685976229379,,,,,,,,,,,,,,
INVESTMENT_TRUSTS,BRWM.L,JGGI.L,BLACKROCK WORLD MINING TRUST PL,JPMORGAN GLOBAL GROWTH & INCOME,-2.5576811058737534,0.10206289765732529,0.05,,False,15.982945605258147,-94.89922406367762,,,,,,,,,,,,,,
INVESTMENT_TRUSTS,BRWM.L,CTY.L,BLACKROCK WORLD MINING TRUST PL,CITY OF LONDON INVESTMENT TRUST,-2.5534112937097833,0.10301348275046301,0.05,,False,2.860349528417434,-11.240778193634593,,,,,,,,,,,,,,
INVESTMENT_TRUSTS,JGGI.L,MNKS.L,JPMORGAN GLOBAL GROWTH & INCOME,MONKS INVESTMENT TRUST PLC ORD ,-2.517664092543282,0.11123540123244474,0.05,,False,0.2314245441199661,4.67496414787948,,,,,,,,,,,,,,
INVESTMENT_TRUSTS,3IN.L,SMT.L,3I INFRASTRUCTURE PLC ORD NPV,SCOTTISH MORTGAGE INVESTMENT TR,-2.5096270788272865,0.1131494895260225,0.05,,False,0.23030955522262603,4.232857726584632,,,,,,,,,,,,,,
INVESTMENT_TRUSTS,HGT.L,JGGI.L,HG CAPITAL TRUST PLC ORD 2.5P,JPMORGAN GLOBAL GROWTH & INCOME,-2.5019444539815825,0.11500193466765252,0.05,,False,-14.218250327888223,96.3220045990576,,,,,,,,,,,,,,
INVESTMENT_TRUSTS,ATT.L,JGGI.L,ALLIANZ TECHNOLOGY TRUST PLC OR,JPMORGAN GLOBAL GROWTH & INCOME,-2.4797951740784936,0.12046808999459807,0.05,,False,8.306255554587333,-46.5488199926073,,,,,,,,,,,,,,
INVESTMENT_TRUSTS,HGT.L,PCT.L,HG CAPITAL TRUST PLC ORD 2.5P,POLAR CAPITAL TECHNOLOGY TRUST ,-2.464260199312679,0.1244140903880051,0.05,,False,-0.3826696477560109,8.462421647563831,,,,,,,,,,,,,,
INVESTMENT_TRUSTS,JGGI.L,SMT.L,JPMORGAN GLOBAL GROWTH & INCOME,SCOTTISH MORTGAGE INVESTMENT TR,-2.452533306200387,0.12745461868660185,0.05,,False,0.12917793932481672,5.441336150354976,,,,,,,,,,,,,,
INVESTMENT_TRUSTS,ATT.L,PCT.L,ALLIANZ TECHNOLOGY TRUST PLC OR,POLAR CAPITAL TECHNOLOGY TRUST ,-2.4502966235645545,0.12804061066971822,0.05,,False,0.8039929805942312,1.3094468478083927,,,,,,,,,,,,,,
INVESTMENT_TRUSTS,3IN.L,PSH.L,3I INFRASTRUCTURE PLC ORD NPV,PERSHING SQUARE HOLDINGS LTD OR,-2.4456361280885703,0.12926788627634717,0.05,,False,0.3699681616360349,2.7593597416681797,,,,,,,,,,,,,,
INVESTMENT_TRUSTS,CTY.L,JGGI.L,CITY OF LONDON INVESTMENT TRUST,JPMORGAN GLOBAL GROWTH & INCOME,-2.4244333311945154,0.13495868958140805,0.05,,False,10.698604827806019,-61.651437511315514,,,,,,,,,,,,,,
INVESTMENT_TRUSTS,FCIT.L,MNKS.L,F&C INVESTMENT TRUST PLC ORD 6.,MONKS INVESTMENT TRUST PLC ORD ,-2.3749579490672748,0.1489294291134342,0.05,,False,0.7404487856340924,0.3352234613627143,,,,,,,,,,,,,,
INVESTMENT_TRUSTS,CTY.L,HGT.L,CITY OF LONDON INVESTMENT TRUST,HG CAPITAL TRUST PLC ORD 2.5P,-2.374199871090087,0.14915108925569515,0.05,,False,-0.8612546843590947,11.498487421316828,,,,,,,,,,,,,,
INVESTMENT_TRUSTS,ATT.L,HGT.L,ALLIANZ TECHNOLOGY TRUST PLC OR,HG CAPITAL TRUST PLC ORD 2.5P,-2.3706891570469275,0.15018061902282043,0.05,,False,-2.1164215611038113,19.184252947724953,,,,,,,,,,,,,,
INVESTMENT_TRUSTS,CTY.L,RCP.L,CITY OF LONDON INVESTMENT TRUST,"""RIT Capital Partners""",-2.353786460551929,0.15520671893734406,0.05,,False,1.403861917759127,-4.4903598039167765,,,,,,,,,,,,,,
INVESTMENT_TRUSTS,3IN.L,JAM.L,3I INFRASTRUCTURE PLC ORD NPV,JPMORGAN AMERICAN INVESTMENT TR,-2.274745599505644,0.18024240998312668,0.05,,False,0.5630020329694291,1.907722327784692,,,,,,,,,,,,,,
INVESTMENT_TRUSTS,ATT.L,CTY.L,ALLIANZ TECHNOLOGY TRUST PLC OR,CITY OF LONDON INVESTMENT TRUST,-2.2622915640761816,0.18441815427454616,0.05,,False,2.1578968478843588,-7.221068226483781,,,,,,,,,,,,,,
INVESTMENT_TRUSTS,BRWM.L,FCIT.L,BLACKROCK WORLD MINING TRUST PL,F&C INVESTMENT TRUST PLC ORD 6.,-2.2177349555428503,0.19987177081103968,0.05,,False,3.690579235559738,-14.464576462352955,,,,,,,,,,,,,,
INVESTMENT_TRUSTS,ATT.L,SMT.L,ALLIANZ TECHNOLOGY TRUST PLC OR,SCOTTISH MORTGAGE INVESTMENT TR,-2.1649233308081484,0.21922159784629414,0.05,,False,1.242525325833483,-2.5314173025108255,,,,,,,,,,,,,,
INVESTMENT_TRUSTS,BRWM.L,MNKS.L,BLACKROCK WORLD MINING TRUST PL,MONKS INVESTMENT TRUST PLC ORD ,-2.1468575736340774,0.22609486985453814,0.05,,False,2.666063375916903,-12.748025047021542,,,,,,,,,,,,,,
INVESTMENT_TRUSTS,HGT.L,RCP.L,HG CAPITAL TRUST PLC ORD 2.5P,"""RIT Capital Partners""",-2.1417390550049986,0.22806554231597803,0.05,,False,-1.8426780488162842,20.180942890906053,,,,,,,,,,,,,,
INVESTMENT_TRUSTS,BRWM.L,HGT.L,BLACKROCK WORLD MINING TRUST PL,HG CAPITAL TRUST PLC ORD 2.5P,-2.120573574701976,0.2363227344551629,0.05,,False,-2.851294279233042,24.04375742524259,,,,,,,,,,,,,,
INVESTMENT_TRUSTS,JAM.L,RCP.L,JPMORGAN AMERICAN INVESTMENT TR,"""RIT Capital Partners""",-2.0695971522976464,0.2569141151255311,0.05,,False,0.9307510141031531,-0.09793782441542742,,,,,,,,,,,,,,
INVESTMENT_TRUSTS,BRWM.L,JAM.L,BLACKROCK WORLD MINING TRUST PL,JPMORGAN AMERICAN INVESTMENT TR,-2.0549798179095196,0.2629982721272322,0.05,,False,5.846087381202171,-34.34860065142616,,,,,,,,,,,,,,
INVESTMENT_TRUSTS,PCT.L,SMT.L,POLAR CAPITAL TECHNOLOGY TRUST ,SCOTTISH MORTGAGE INVESTMENT TR,-2.03510358293366,0.27139658893216806,0.05,,False,1.557551127453683,-4.861488842654355,,,,,,,,,,,,,,
INVESTMENT_TRUSTS,CTY.L,SMT.L,CITY OF LONDON INVESTMENT TRUST,SCOTTISH MORTGAGE INVESTMENT TR,-2.002761485801139,0.2853635980939845,0.05,,False,0.5881466946941498,2.0873645970452808,,,,,,,,,,,,,,
INVESTMENT_TRUSTS,BRWM.L,SMT.L,BLACKROCK WORLD MINING TRUST PL,SCOTTISH MORTGAGE INVESTMENT TR,-1.9311099914642826,0.31757044837361165,0.05,,False,1.7915252154789976,-6.030180616728392,,,,,,,,,,,,,,
INVESTMENT_TRUSTS,JAM.L,PCT.L,JPMORGAN AMERICAN INVESTMENT TR,POLAR CAPITAL TECHNOLOGY TRUST ,-1.9065257129719977,0.3289974643944644,0.05,,False,0.23672973803987965,5.561555505877274,,,,,,,,,,,,,,
INVESTMENT_TRUSTS,FCIT.L,JAM.L,F&C INVESTMENT TRUST PLC ORD 6.,JPMORGAN AMERICAN INVESTMENT TR,-1.9038467115784439,0.3302536657354602,0.05,,False,1.2093392876282967,-2.7736062424630736,,,,,,,,,,,,,,
INVESTMENT_TRUSTS,ATT.L,MNKS.L,ALLIANZ TECHNOLOGY TRUST PLC OR,MONKS INVESTMENT TRUST PLC ORD ,-1.8807384323790095,0.3411759008631102,0.05,,False,1.8072801881882137,-6.889941002181179,,,,,,,,,,,,,,
INVESTMENT_TRUSTS,ATT.L,JAM.L,ALLIANZ TECHNOLOGY TRUST PLC OR,JPMORGAN AMERICAN INVESTMENT TR,-1.8439735158331727,0.3588587751618328,0.05,,False,3.2687435068718167,-16.689454556560737,,,,,,,,,,,,,,
INVESTMENT_TRUSTS,CTY.L,PCT.L,CITY OF LONDON INVESTMENT TRUST,POLAR CAPITAL TECHNOLOGY TRUST ,-1.8409112572029183,0.36034775529528984,0.05,,False,0.3720932081143793,3.9560814365950665,,,,,,,,,,,,,,
INVESTMENT_TRUSTS,JAM.L,MNKS.L,JPMORGAN AMERICAN INVESTMENT TR,MONKS INVESTMENT TRUST PLC ORD ,-1.828732753428752,0.3662928424865508,0.05,,False,0.5822619614800496,2.7866500144082007,,,,,,,,,,,,,,
INVESTMENT_TRUSTS,MNKS.L,PCT.L,MONKS INVESTMENT TRUST PLC ORD ,POLAR CAPITAL TECHNOLOGY TRUST ,-1.8221800789990128,0.36950681962578213,0.05,,False,0.4397156485994786,4.567632212317989,,,,,,,,,,,,,,
INVESTMENT_TRUSTS,JGGI.L,PSH.L,JPMORGAN GLOBAL GROWTH & INCOME,PERSHING SQUARE HOLDINGS LTD OR,-1.8033776888539264,0.37878605900139706,0.05,,False,0.2020563834499569,4.66021894481564,,,,,,,,,,,,,,
INVESTMENT_TRUSTS,JAM.L,SMT.L,JPMORGAN AMERICAN INVESTMENT TR,SCOTTISH MORTGAGE INVESTMENT TR,-1.7185910773243307,0.4215601446912074,0.05,,False,0.36869807445598557,4.410839839948336,,,,,,,,,,,,,,
INVESTMENT_TRUSTS,HGT.L,PSH.L,HG CAPITAL TRUST PLC ORD 2.5P,PERSHING SQUARE HOLDINGS LTD OR,-1.6966432084455394,0.4328428215227778,0.05,,False,-1.9971528545089257,22.78059343805684,,,,,,,,,,,,,,
INVESTMENT_TRUSTS,MNKS.L,SMT.L,MONKS INVESTMENT TRUST PLC ORD ,SCOTTISH MORTGAGE INVESTMENT TR,-1.672227246224314,0.44547563114965877,0.05,,False,0.6800080312399736,2.4638577417412098,,,,,,,,,,,,,,
INVESTMENT_TRUSTS,CTY.L,JAM.L,CITY OF LONDON INVESTMENT TRUST,JPMORGAN AMERICAN INVESTMENT TR,-1.6401945511417297,0.4621591359846174,0.05,,False,1.888985259827157,-6.998368202522984,,,,,,,,,,,,,,
INVESTMENT_TRUSTS,ATT.L,BRWM.L,ALLIANZ TECHNOLOGY TRUST PLC OR,BLACKROCK WORLD MINING TRUST PL,-1.5796899670594156,0.49378735784522243,0.05,,False,0.7224622131483395,1.4648280307422477,,,,,,,,,,,,,,
INVESTMENT_TRUSTS,BRWM.L,PCT.L,BLACKROCK WORLD MINING TRUST PL,POLAR CAPITAL TECHNOLOGY TRUST ,-1.5767809248139655,0.4952458293824955,0.05,,False,1.0800943816305841,-0.019298895583318654,,,,,,,,,,,,,,
INVESTMENT_TRUSTS,PSH.L,RCP.L,PERSHING SQUARE HOLDINGS LTD OR,"""RIT Capital Partners""",-1.492841541938913,0.5370495067886698,0.05,,False,1.5618430972837158,-3.5565897450143478,,,,,,,,,,,,,,
INVESTMENT_TRUSTS,CTY.L,FCIT.L,CITY OF LONDON INVESTMENT TRUST,F&C INVESTMENT TRUST PLC ORD 6.,-1.4791378766866887,0.5438051371896119,0.05,,False,1.2413752251475776,-0.8502503383695439,,,,,,,,,,,,,,
INVESTMENT_TRUSTS,BRWM.L,PSH.L,BLACKROCK WORLD MINING TRUST PL,PERSHING SQUARE HOLDINGS LTD OR,-1.4602925195886232,0.553054714624071,0.05,,False,4.5842242090045495,-31.67933916091658,,,,,,,,,,,,,,
INVESTMENT_TRUSTS,CTY.L,PSH.L,CITY OF LONDON INVESTMENT TRUST,PERSHING SQUARE HOLDINGS LTD OR,-1.2174645311117065,0.6660381545052401,0.05,,False,0.9817612967347242,-1.9828860336918677,,,,,,,,,,,,,,
INVESTMENT_TRUSTS,PSH.L,SMT.L,PERSHING SQUARE HOLDINGS LTD OR,SCOTTISH MORTGAGE INVESTMENT TR,-1.0391336682568009,0.7387250488721674,0.05,,False,0.47197317312204473,5.030274623105951,,,,,,,,,,,,,,
INVESTMENT_TRUSTS,MNKS.L,PSH.L,MONKS INVESTMENT TRUST PLC ORD ,PERSHING SQUARE HOLDINGS LTD OR,-1.0053516016007589,0.7513074263702945,0.05,,False,1.142344537029364,-2.3023470735242055,,,,,,,,,,,,,,
INVESTMENT_TRUSTS,PCT.L,PSH.L,POLAR CAPITAL TECHNOLOGY TRUST ,PERSHING SQUARE HOLDINGS LTD OR,-0.9582371035495646,0.7681901139458559,0.05,,False,3.766535796425274,-25.340104269083856,,,,,,,,,,,,,,
INVESTMENT_TRUSTS,JAM.L,PSH.L,JPMORGAN AMERICAN INVESTMENT TR,PERSHING SQUARE HOLDINGS LTD OR,-0.8474529094878626,0.8047843695193557,0.05,,False,0.55144191202421,2.3914484728522227,,,,,,,,,,,,,,
INVESTMENT_TRUSTS,ATT.L,PSH.L,ALLIANZ TECHNOLOGY TRUST PLC OR,PERSHING SQUARE HOLDINGS LTD OR,-0.6617230425344128,0.8564166290801589,0.05,,False,2.7109301223099305,-16.42532869548188,,,,,,,,,,,,,,
INVESTMENT_TRUSTS,FCIT.L,PSH.L,F&C INVESTMENT TRUST PLC ORD 6.,PERSHING SQUARE HOLDINGS LTD OR,-0.028288114263017358,0.9561292142038436,0.05,,False,0.7426173522904193,-0.5112444517298824,,,,,,,,,,,,,,
MATERIALS,ANTO.L,HOC.L,ANTOFAGASTA PLC ORD 5P,HOCHSCHILD MINING PLC ORD 1P,-2.650543366155786,0.08299431121876977,0.05,,False,0.6681479280522414,3.904741401992971,,,,,,,,,,,,,,
MATERIALS,AAL.L,HOC.L,ANGLO AMERICAN PLC ORD USD0.623,HOCHSCHILD MINING PLC ORD 1P,-2.5255581264318425,0.10937894299604772,0.05,,False,0.39862108040420063,5.567618772721022,,,,,,,,,,,,,,
MATERIALS,AAL.L,ANTO.L,ANGLO AMERICAN PLC ORD USD0.623,ANTOFAGASTA PLC ORD 5P,-2.477863221165957,0.12095376233140903,0.05,,False,0.627084417270021,3.002074007118112,,,,,,,,,,,,,,
MATERIALS,AAL.L,RIO.L,ANGLO AMERICAN PLC ORD USD0.623,RIO TINTO PLC ORD 10P,-2.438255606931511,0.13122880229474093,0.05,,False,1.146475416062385,-1.97663686869888,,,,,,,,,,,,,,
MATERIALS,BHP.L,RIO.L,BHP GROUP LIMITED ORD NPV (DI),RIO TINTO PLC ORD 10P,-2.432305483685844,0.13282521599187685,0.05,,False,0.9157617988442547,-0.16547316731297546,,,,,,,,,,,,,,
MATERIALS,CRDA.L,JMAT.L,CRODA INTERNATIONAL PLC ORD 10.,JOHNSON MATTHEY PLC ORD 147 143,-2.3808502551410933,0.14721438491567623,0.05,,False,-0.600674687948757,12.691830712889399,,,,,,,,,,,,,,
MATERIALS,FRES.L,JMAT.L,FRESNILLO PLC ORD USD0.50,JOHNSON MATTHEY PLC ORD 147 143,-2.363002403534385,0.1524520674968275,0.05,,False,4.434413879752218,-27.090356537016007,,,,,,,,,,,,,,
MATERIALS,CRDA.L,FRES.L,CRODA INTERNATIONAL PLC ORD 10.,FRESNILLO PLC ORD USD0.50,-2.325730255396221,0.1638036740579839,0.05,,False,-0.15606915120279022,9.171621355910647,,,,,,,,,,,,,,
MATERIALS,ANTO.L,JMAT.L,ANTOFAGASTA PLC ORD 5P,JOHNSON MATTHEY PLC ORD 147 143,-2.310670566367205,0.16854959351243792,0.05,,False,1.8971946565042042,-6.949286626769695,,,,,,,,,,,,,,
MATERIALS,FRES.L,HOC.L,FRESNILLO PLC ORD USD0.50,HOCHSCHILD MINING PLC ORD 1P,-2.2860501839931717,0.17650654288857975,0.05,,False,1.54716752938496,-1.6372197101066357,,,,,,,,,,,,,,
MATERIALS,ANTO.L,CRDA.L,ANTOFAGASTA PLC ORD 5P,CRODA INTERNATIONAL PLC ORD 10.,-2.229685770649333,0.19564815943655545,0.05,,False,-4.372962034175888,42.902471639553305,,,,,,,,,,,,,,
MATERIALS,AAL.L,CRDA.L,ANGLO AMERICAN PLC ORD USD0.623,CRODA INTERNATIONAL PLC ORD 10.,-2.1746568486756983,0.21557178083302908,0.05,,False,-2.527212420075777,28.176804500885826,,,,,,,,,,,,,,
MATERIALS,BHP.L,GLEN.L,BHP GROUP LIMITED ORD NPV (DI),GLENCORE PLC ORD USD0.01,-2.1514008987904543,0.22435424652816993,0.05,,False,0.6809671632302923,3.641238716125425,,,,,,,,,,,,,,
MATERIALS,ANTO.L,FRES.L,ANTOFAGASTA PLC ORD 5P,FRESNILLO PLC ORD USD0.50,-2.1200280119529284,0.23653786622218875,0.05,,False,0.42024123289723,4.695930241299331,,,,,,,,,,,,,,
MATERIALS,GLEN.L,RIO.L,GLENCORE PLC ORD USD0.01,RIO TINTO PLC ORD 10P,-2.096925584578201,0.24575263515526335,0.05,,False,1.3544573797039885,-5.673022394520847,,,,,,,,,,,,,,
MATERIALS,HOC.L,JMAT.L,HOCHSCHILD MINING PLC ORD 1P,JOHNSON MATTHEY PLC ORD 147 143,-2.0762795806200027,0.254159035938913,0.05,,False,3.111893267464718,-18.354355691439324,,,,,,,,,,,,,,
MATERIALS,BHP.L,CRDA.L,BHP GROUP LIMITED ORD NPV (DI),CRODA INTERNATIONAL PLC ORD 10.,-2.07159936078468,0.2560868875787833,0.05,,False,-4.087229923103363,40.552461839516084,,,,,,,,,,,,,,
MATERIALS,CRDA.L,HOC.L,CRODA INTERNATIONAL PLC ORD 10.,HOCHSCHILD MINING PLC ORD 1P,-2.0713081921136625,0.25620709359199945,0.05,,False,-0.2105173753756102,9.249420995426712,,,,,,,,,,,,,,
MATERIALS,AAL.L,BHP.L,ANGLO AMERICAN PLC ORD USD0.623,BHP GROUP LIMITED ORD NPV (DI),-2.050956628512282,0.2646866110804048,0.05,,False,1.267154704719384,-1.8864903378317441,,,,,,,,,,,,,,
MATERIALS,CRDA.L,RIO.L,CRODA INTERNATIONAL PLC ORD 10.,RIO TINTO PLC ORD 10P,-2.0262047859588423,0.27520270619196463,0.05,,False,-0.3561022119475773,11.094812339737436,,,,,,,,,,,,,,
MATERIALS,CRDA.L,GLEN.L,CRODA INTERNATIONAL PLC ORD 10.,GLENCORE PLC ORD USD0.01,-1.8948730121389448,0.33447683837130554,0.05,,False,0.1572841731006116,7.105577483578233,,,,,,,,,,,,,,
MATERIALS,AAL.L,FRES.L,ANGLO AMERICAN PLC ORD USD0.623,FRESNILLO PLC ORD USD0.50,-1.8772546630596763,0.34283571174077043,0.05,,False,0.2413446007332746,6.107583886520722,,,,,,,,,,,,,,
MATERIALS,HOC.L,RIO.L,HOCHSCHILD MINING PLC ORD 1P,RIO TINTO PLC ORD 10P,-1.835343453636619,0.36306113113316457,0.05,,False,3.046215769593541,-20.38494389767068,,,,,,,,,,,,,,
MATERIALS,AAL.L,JMAT.L,ANGLO AMERICAN PLC ORD USD0.623,JOHNSON MATTHEY PLC ORD 147 143,-1.824157251090898,0.3685359464055957,0.05,,False,1.159956359029357,-1.1253862423934935,,,,,,,,,,,,,,
MATERIALS,AAL.L,GLEN.L,ANGLO AMERICAN PLC ORD USD0.623,GLENCORE PLC ORD USD0.01,-1.8080621612057848,0.3764664643884459,0.05,,False,0.8392769585326805,2.867887876543742,,,,,,,,,,,,,,
MATERIALS,GLEN.L,HOC.L,GLENCORE PLC ORD USD0.01,HOCHSCHILD MINING PLC ORD 1P,-1.70300021159734,0.4295673443316102,0.05,,False,0.3311662552030936,4.042467950136925,,,,,,,,,,,,,,
MATERIALS,GLEN.L,JMAT.L,GLENCORE PLC ORD USD0.01,JOHNSON MATTHEY PLC ORD 147 143,-1.57041081059013,0.49843788217164287,0.05,,False,1.6155617307354342,-6.565880096057648,,,,,,,,,,,,,,
MATERIALS,ANTO.L,GLEN.L,ANTOFAGASTA PLC ORD 5P,GLENCORE PLC ORD USD0.01,-1.5440228388940773,0.5116324657598283,0.05,,False,1.4964842102264932,-1.1537924173065104,,,,,,,,,,,,,,
MATERIALS,BHP.L,HOC.L,BHP GROUP LIMITED ORD NPV (DI),HOCHSCHILD MINING PLC ORD 1P,-1.4743618669907124,0.5461538966798558,0.05,,False,0.2709869396591034,6.132890992481203,,,,,,,,,,,,,,
MATERIALS,BHP.L,JMAT.L,BHP GROUP LIMITED ORD NPV (DI),JOHNSON MATTHEY PLC ORD 147 143,-1.4366003930442361,0.5646091682825432,0.05,,False,0.8459275703483737,1.1386177040951688,,,,,,,,,,,,,,
MATERIALS,JMAT.L,RIO.L,JOHNSON MATTHEY PLC ORD 147 143,RIO TINTO PLC ORD 10P,-1.4257550471934721,0.5698684563004427,0.05,,False,1.0267388912873436,-1.062886829937547,,,,,,,,,,,,,,
MATERIALS,ANTO.L,RIO.L,ANTOFAGASTA PLC ORD 5P,RIO TINTO PLC ORD 10P,-1.3486523885243942,0.6066305488269288,0.05,,False,1.8695471409133866,-8.29355215984585,,,,,,,,,,,,,,
MATERIALS,ANTO.L,BHP.L,ANTOFAGASTA PLC ORD 5P,BHP GROUP LIMITED ORD NPV (DI),-1.3284806544557726,0.6160437709579268,0.05,,False,2.115676966094232,-8.525922791013448,,,,,,,,,,,,,,
MATERIALS,FRES.L,GLEN.L,FRESNILLO PLC ORD USD0.50,GLENCORE PLC ORD USD0.01,-1.2173851969763578,0.6660726860776841,0.05,,False,6.629748735237918,-32.161147925415676,,,,,,,,,,,,,,
MATERIALS,FRES.L,RIO.L,FRESNILLO PLC ORD USD0.50,RIO TINTO PLC ORD 10P,-1.0773436191501045,0.7240219317375389,0.05,,False,5.454965493588501,-39.539959937404035,,,,,,,,,,,,,,
MATERIALS,BHP.L,FRES.L,BHP GROUP LIMITED ORD NPV (DI),FRESNILLO PLC ORD USD0.50,-1.0162006805873411,0.7473097103223766,0.05,,False,0.1464857957826329,6.627397280538592,,,,,,,,,,,,,,
NL_BANKS,ABN.AS,INGA.AS,ABN AMRO BANK N.V.,ING GROEP N.V.,-3.2219106005580755,0.018750926166196773,0.05,0.018750926166196773,True,1.4421100466278318,-1.1594277536547581,17.76342389504981,0.0001092563089308301,-0.039021034720288734,53.0,0.06760358547253514,2.8262118536155927,False,,0.6,-0.011099784212064097,-0.2993819266668407,-1.2180553366364364,True,reversion signs agree
NL_SEMI_EQUIPMENT,ASML.AS,BESI.AS,ASML HOLDING,BE Semiconductor Industries N.V,-2.2326518338237133,0.19460882449980887,0.05,,False,0.926388015655131,2.1631646827862605,,,,,,,,,,,,,,
REAL_ESTATE,LMP.L,PHP.L,LONDONMETRIC PROPERTY PLC ORD 1,PRIMARY HEALTH PROPERTIES PLC O,-3.853008612563766,0.0024092247922673244,0.05,,False,1.004490645956882,0.6723449356185638,,,,,,,,,,,,,,
REAL_ESTATE,GPE.L,LMP.L,GREAT PORTLAND ESTATES PLC ORD ,LONDONMETRIC PROPERTY PLC ORD 1,-3.6451175259607846,0.004954802606594243,0.05,,False,1.8950706999919504,-4.193052609991113,,,,,,,,,,,,,,
REAL_ESTATE,BLND.L,LAND.L,BRITISH LAND COMPANY PLC ORD 25,LAND SECURITIES GROUP PLC ORD 1,-3.3523374831458006,0.012695045562634042,0.05,,False,1.2701702499069376,-2.180934529420968,,,,,,,,,,,,,,
REAL_ESTATE,BBOX.L,LAND.L,TRITAX BIG BOX REIT PLC ORD 1P,LAND SECURITIES GROUP PLC ORD 1,-3.321583128790526,0.01394084552151165,0.05,,False,1.1840664142506654,-2.5801858644189064,,,,,,,,,,,,,,
REAL_ESTATE,GPE.L,LAND.L,GREAT PORTLAND ESTATES PLC ORD ,LAND SECURITIES GROUP PLC ORD 1,-3.31366018608353,0.014278797031213413,0.05,,False,1.4705904173037831,-3.6485295311282577,,,,,,,,,,,,,,
REAL_ESTATE,LAND.L,SGRO.L,LAND SECURITIES GROUP PLC ORD 1,SEGRO PLC ORD 10P,-3.0892615511834527,0.02735815596379668,0.05,,False,0.4296906972749525,3.567689532078387,,,,,,,,,,,,,,
REAL_ESTATE,LAND.L,UTG.L,LAND SECURITIES GROUP PLC ORD 1,UNITE GROUP PLC ORD 25P,-3.0279455014569505,0.03236578143510786,0.05,,False,-0.0017262284584461422,6.411360596224977,,,,,,,,,,,,,,
REAL_ESTATE,PHP.L,SGRO.L,PRIMARY HEALTH PROPERTIES PLC O,SEGRO PLC ORD 10P,-3.0132051486050746,0.03367947296087946,0.05,,False,0.16113291844420272,3.4988619147090083,,,,,,,,,,,,,,
REAL_ESTATE,PHP.L,UTG.L,PRIMARY HEALTH PROPERTIES PLC O,UNITE GROUP PLC ORD 25P,-2.9742302763482575,0.0373720597609772,0.05,,False,-0.003786674563939196,4.585852259317318,,,,,,,,,,,,,,
REAL_ESTATE,DLN.L,PHP.L,DERWENT LONDON PLC ORD 5P,PRIMARY HEALTH PROPERTIES PLC O,-2.9592392665494014,0.038880278552763985,0.05,,False,8.716596606467036,-32.199531906272846,,,,,,,,,,,,,,
REAL_ESTATE,DLN.L,LMP.L,DERWENT LONDON PLC ORD 5P,LONDONMETRIC PROPERTY PLC ORD 1,-2.8550885845147906,0.05082539721122235,0.05,,False,3.9462915018628397,-13.176365089907506,,,,,,,,,,,,,,
REAL_ESTATE,LMP.L,UTG.L,LONDONMETRIC PROPERTY PLC ORD 1,UNITE GROUP PLC ORD 25P,-2.8481856795134135,0.05171359816808964,0.05,,False,0.03533160028142893,5.021728645388489,,,,,,,,,,,,,,
REAL_ESTATE,LMP.L,SGRO.L,LONDONMETRIC PROPERTY PLC ORD 1,SEGRO PLC ORD 10P,-2.8355480822334553,0.05337264546327288,0.05,,False,0.3124515049448876,3.1942629684701567,,,,,,,,,,,,,,
REAL_ESTATE,GPE.L,PHP.L,GREAT PORTLAND ESTATES PLC ORD ,PRIMARY HEALTH PROPERTIES PLC O,-2.8264509280294026,0.05459364635479648,0.05,,False,2.2698390858220576,-4.589407921885469,,,,,,,,,,,,,,
REAL_ESTATE,HMSO.L,LAND.L,HAMMERSON PLC ORD 5P,LAND SECURITIES GROUP PLC ORD 1,-2.8208826407891814,0.05535219012571714,0.05,,False,2.1268901844152053,-7.917122138736804,,,,,,,,,,,,,,
REAL_ESTATE,LAND.L,LMP.L,LAND SECURITIES GROUP PLC ORD 1,LONDONMETRIC PROPERTY PLC ORD 1,-2.81194850710018,0.05658717465430642,0.05,,False,1.3065359494991164,-0.4642646065883227,,,,,,,,,,,,,,
REAL_ESTATE,LAND.L,PHP.L,LAND SECURITIES GROUP PLC ORD 1,PRIMARY HEALTH PROPERTIES PLC O,-2.7830809108690264,0.06073147700174013,0.05,,False,1.4327552063507796,-0.13474506200404957,,,,,,,,,,,,,,
REAL_ESTATE,BLND.L,SGRO.L,BRITISH LAND COMPANY PLC ORD 25,SEGRO PLC ORD 10P,-2.726283726731032,0.06959941986210404,0.05,,False,0.6026325804987973,1.9758935917731497,,,,,,,,,,,,,,
REAL_ESTATE,BLND.L,PHP.L,BRITISH LAND COMPANY PLC ORD 25,PRIMARY HEALTH PROPERTIES PLC O,-2.6926701360254426,0.07531526690024094,0.05,,False,1.970885849501835,-3.040986833332447,,,,,,,,,,,,,,
REAL_ESTATE,HMSO.L,UTG.L,HAMMERSON PLC ORD 5P,UNITE GROUP PLC ORD 25P,-2.6762183756465125,0.07824470852883765,0.05,,False,-0.2708290001471099,7.473974839274937,,,,,,,,,,,,,,
REAL_ESTATE,BBOX.L,PHP.L,TRITAX BIG BOX REIT PLC ORD 1P,PRIMARY HEALTH PROPERTIES PLC O,-2.648380853701475,0.08340439958579465,0.05,,False,1.8161914089193267,-3.285746450120125,,,,,,,,,,,,,,
REAL_ESTATE,DLN.L,LAND.L,DERWENT LONDON PLC ORD 5P,LAND SECURITIES GROUP PLC ORD 1,-2.6427394823563284,0.08448162986591423,0.05,,False,3.2678367328257316,-13.357541456186961,,,,,,,,,,,,,,
REAL_ESTATE,BBOX.L,UTG.L,TRITAX BIG BOX REIT PLC ORD 1P,UNITE GROUP PLC ORD 25P,-2.5721277393605395,0.09889580593938463,0.05,,False,-0.045095479109828085,5.2940768264355675,,,,,,,,,,,,,,
REAL_ESTATE,BLND.L,LMP.L,BRITISH LAND COMPANY PLC ORD 25,LONDONMETRIC PROPERTY PLC ORD 1,-2.5626183975509482,0.10097199552517588,0.05,,False,1.7799657434154672,-3.40341193546948,,,,,,,,,,,,,,
REAL_ESTATE,BBOX.L,BLND.L,TRITAX BIG BOX REIT PLC ORD 1P,BRITISH LAND COMPANY PLC ORD 25,-2.5142533922262986,0.1120447250757623,0.05,,False,0.9069517257767504,-0.3968496203315146,,,,,,,,,,,,,,
REAL_ESTATE,HMSO.L,PHP.L,HAMMERSON PLC ORD 5P,PRIMARY HEALTH PROPERTIES PLC O,-2.465805402746634,0.12401742739470412,0.05,,False,4.46219506462484,-14.656957969729458,,,,,,,,,,,,,,
REAL_ESTATE,BLND.L,UTG.L,BRITISH LAND COMPANY PLC ORD 25,UNITE GROUP PLC ORD 25P,-2.409598827126351,0.13904551865687315,0.05,,False,0.023524043047559638,5.793663912956892,,,,,,,,,,,,,,
REAL_ESTATE,GPE.L,UTG.L,GREAT PORTLAND ESTATES PLC ORD ,UNITE GROUP PLC ORD 25P,-2.3956694418526916,0.14296240914448277,0.05,,False,0.038601070020879834,5.509728162144853,,,,,,,,,,,,,,
REAL_ESTATE,HMSO.L,LMP.L,HAMMERSON PLC ORD 5P,LONDONMETRIC PROPERTY PLC ORD 1,-2.288461069227348,0.17571651750853362,0.05,,False,3.8371428060907116,-14.464582461959733,,,,,,,,,,,,,,
REAL_ESTATE,BBOX.L,GPE.L,TRITAX BIG BOX REIT PLC ORD 1P,GREAT PORTLAND ESTATES PLC ORD ,-2.241066441047883,0.1916796073233843,0.05,,False,0.7787175069598654,0.5098970318823648,,,,,,,,,,,,,,
REAL_ESTATE,BLND.L,HMSO.L,BRITISH LAND COMPANY PLC ORD 25,HAMMERSON PLC ORD 5P,-2.234238202057446,0.19405440453114048,0.05,,False,0.5600969965966768,2.7584183721390296,,,,,,,,,,,,,,
REAL_ESTATE,BBOX.L,SGRO.L,TRITAX BIG BOX REIT PLC ORD 1P,SEGRO PLC ORD 10P,-2.22236634017104,0.19822813549226204,0.05,,False,0.5219658937463851,1.5572951832100923,,,,,,,,,,,,,,
REAL_ESTATE,BBOX.L,HMSO.L,TRITAX BIG BOX REIT PLC ORD 1P,HAMMERSON PLC ORD 5P,-2.164509818303088,0.21937748436769128,0.05,,False,0.587294499888096,1.6532102511953246,,,,,,,,,,,,,,
REAL_ESTATE,GPE.L,SGRO.L,GREAT PORTLAND ESTATES PLC ORD ,SEGRO PLC ORD 10P,-2.0644376793101946,0.2590526384605784,0.05,,False,0.5473963741983994,2.1550848249997583,,,,,,,,,,,,,,
REAL_ESTATE,BBOX.L,DLN.L,TRITAX BIG BOX REIT PLC ORD 1P,DERWENT LONDON PLC ORD 5P,-2.055724961317479,0.2626862209059387,0.05,,False,0.2564759869189958,3.0597567821342793,,,,,,,,,,,,,,
REAL_ESTATE,BBOX.L,LMP.L,TRITAX BIG BOX REIT PLC ORD 1P,LONDONMETRIC PROPERTY PLC ORD 1,-2.03802407849041,0.2701536375987966,0.05,,False,1.5522675528812988,-3.1574475785438247,,,,,,,,,,,,,,
REAL_ESTATE,BLND.L,GPE.L,BRITISH LAND COMPANY PLC ORD 25,GREAT PORTLAND ESTATES PLC ORD ,-2.036472799160636,0.27081347437374975,0.05,,False,0.8521810690680828,1.0368236262983705,,,,,,,,,,,,,,
REAL_ESTATE,BLND.L,DLN.L,BRITISH LAND COMPANY PLC ORD 25,DERWENT LONDON PLC ORD 5P,-2.0212069569373687,0.27735268918534306,0.05,,False,0.4629815694338154,2.449576942318847,,,,,,,,,,,,,,
REAL_ESTATE,DLN.L,HMSO.L,DERWENT LONDON PLC ORD 5P,HAMMERSON PLC ORD 5P,-2.016801369587047,0.2792552182485247,0.05,,False,-2.7368793493749743,23.143271181045783,,,,,,,,,,,,,,
REAL_ESTATE,DLN.L,UTG.L,DERWENT LONDON PLC ORD 5P,UNITE GROUP PLC ORD 25P,-1.9305579610286103,0.3178250106157731,0.05,,False,0.39916626650069087,4.9347417540746035,,,,,,,,,,,,,,
REAL_ESTATE,DLN.L,GPE.L,DERWENT LONDON PLC ORD 5P,GREAT PORTLAND ESTATES PLC ORD ,-1.913811700203738,0.3255918069266289,0.05,,False,2.0748359284953333,-4.4011780281162745,,,,,,,,,,,,,,
REAL_ESTATE,SGRO.L,UTG.L,SEGRO PLC ORD 10P,UNITE GROUP PLC ORD 25P,-1.8894801499694922,0.33702604835549915,0.05,,False,0.17760878943872907,5.42492856870557,,,,,,,,,,,,,,
REAL_ESTATE,DLN.L,SGRO.L,DERWENT LONDON PLC ORD 5P,SEGRO PLC ORD 10P,-1.8467668067672194,0.35750267759694393,0.05,,False,1.106668860045621,0.2620100103904166,,,,,,,,,,,,,,
REAL_ESTATE,GPE.L,HMSO.L,GREAT PORTLAND ESTATES PLC ORD ,HAMMERSON PLC ORD 5P,-1.6940283505941833,0.4341918470548538,0.05,,False,0.6654578636490752,1.9734844179914806,,,,,,,,,,,,,,
REAL_ESTATE,HMSO.L,SGRO.L,HAMMERSON PLC ORD 5P,SEGRO PLC ORD 10P,-1.5845294554027567,0.4913600642789941,0.05,,False,0.5759523358599031,1.8985966711467093,,,,,,,,,,,,,,
TMT,ITV.L,WPP.L,ITV PLC ORD 10P,WPP PLC ORD 10P,-4.149144361541464,0.00080240594550952,0.05,0.008086035458124068,True,-0.05571368350316259,4.698852754074985,10.543043476736226,-0.00011522206113498396,-0.06574450556799946,32.0,-1.2003890786006681,4.2175753816347195,False,,0.4,0.00042020729506324003,0.6280430555888274,1.0990938825829624,True,mixed signal
TMT,AAF.L,WPP.L,AIRTEL AFRICA PLC ORD USD0.50,WPP PLC ORD 10P,-4.068596526028378,0.0010909865295839938,0.05,0.008086035458124068,True,-1.050395363324352,11.731566105273881,11.722465878964856,2.0748166019913e-05,-0.05912981003457211,35.0,-0.48314807143914223,3.184186478475166,False,,0.4,0.016830097501725573,-0.11946367716973677,1.3290916125171035,True,mixed signal
TMT,AAF.L,ITV.L,AIRTEL AFRICA PLC ORD USD0.50,ITV PLC ORD 10P,-4.066657645064222,0.001099002974210758,0.05,0.008086035458124068,True,17.556708292926267,-71.2097840271767,10.989773907378472,0.002187818465190815,-0.06307201462029807,33.0,1.047045710400862,4.275214727009463,False,,0.4,0.005421487363759331,-0.5827831211434746,-0.6320586650289524,True,mixed signal
TMT,BT-A.L,ITV.L,BT GROUP PLC ORD 5P,ITV PLC ORD 10P,-4.051822890287781,0.0011621848217085512,0.05,0.008086035458124068,True,5.422024183840998,-18.460558859134608,11.162428625445074,0.0007031915668730107,-0.06209644906305573,33.0,1.1213800683337882,4.113135351572902,False,,0.6,0.008812604708668521,-0.4933704527406486,-0.3294092439576335,True,reversion signs agree
TMT,ITV.L,VOD.L,ITV PLC ORD 10P,VODAFONE GROUP PLC ORD USD0.20 ,-4.043104466509474,0.0012008830830513456,0.05,0.008086035458124068,True,0.15548346943859406,3.6673861448430944,11.109899034543671,-0.00013134339533566337,-0.06239005218722185,33.0,-1.3001929816671467,4.175659009974081,False,,0.4,-0.004241771792373046,0.40366910770909104,0.4089126661001792,True,mixed signal
TMT,ITV.L,SGE.L,ITV PLC ORD 10P,THE SAGE GROUP PLC ORD 1 4/77P,-4.0376765055942725,0.001225580072462278,0.05,0.008086035458124068,True,-0.17297047395585294,5.563739009277705,10.987031600901107,-0.00010277155130170639,-0.06308775707017139,33.0,-1.303693897597709,4.078228969329915,False,,0.6,0.0009427054079654447,0.5520665643804914,1.1043400195954793,True,reversion signs agree
TMT,ITV.L,REL.L,ITV PLC ORD 10P,RELX PLC ORD 14 51/116P,-3.949481507166731,0.0016994112144711484,0.05,0.008086035458124068,True,-0.11780117203855157,5.311729036109195,11.512618753355744,-0.00010018244873877095,-0.06020760310141461,35.0,-1.4297679913107997,4.152528228578545,False,,0.4,-0.0008512044762316803,0.48081257151371326,1.0805677048539217,True,mixed signal
TMT,AUTO.L,ITV.L,AUTOTRADER GROUP PLC ORD 1P,ITV PLC ORD 10P,-3.9147293914794465,0.0019290816941038968,0.05,0.008086035458124068,True,-12.151047906279901,59.48893697905732,11.736324137050628,-0.0010019017257083956,-0.05905998952190964,35.0,-1.3015151433429624,4.367371538861605,False,,0.4,0.02534603508858657,0.5945921293855692,1.0745841204199091,True,mixed signal
TMT,EXPN.L,ITV.L,EXPERIAN PLC ORD USD0.10,ITV PLC ORD 10P,-3.880850500445231,0.0021803851024965602,0.05,0.008086035458124068,True,-8.82285739346779,46.5690524759721,11.921521527869775,-0.0007595451180173775,-0.0581425096569701,36.0,-1.4859132262703734,4.287913895797125,False,,0.4,0.003108544019329529,0.42893572112489164,0.975590552479759,True,mixed signal
TMT,AUTO.L,EXPN.L,AUTOTRADER GROUP PLC ORD 1P,EXPERIAN PLC ORD USD0.10,-3.784570026545384,0.003069188389773659,0.05,0.008086035458124068,True,1.5446858139270754,-6.010072447074472,12.02229525775179,0.00016412896547882784,-0.057655145352798975,36.0,1.328604998455227,2.7823481056766304,False,,0.8,0.025619991074243575,0.7543837004126089,0.08173869629046526,False,mixed signal
TMT,ITV.L,RMV.L,ITV PLC ORD 10P,RIGHTMOVE PLC ORD 0.1P,-3.7832713145001953,0.0030831843256030416,0.05,0.008086035458124068,True,-0.06092729432154521,4.74553350600118,12.496487897343599,-3.3652965301897066e-05,-0.05546735900950929,37.0,-1.1732968647068351,4.2117269603544765,False,,0.4,0.003957484925509028,0.5257338552170565,0.9459631183809452,True,mixed signal
TMT,REL.L,VOD.L,RELX PLC ORD 14 51/116P,VODAFONE GROUP PLC ORD USD0.20 ,-3.730260016711451,0.003707101700301549,0.05,0.008086035458124068,True,-0.9245983331530566,12.208707432833894,15.74259005890397,-6.073187758435724e-05,-0.04403005972755436,47.0,0.23170140478030846,2.933339610709179,False,,0.4,0.009026394487053505,0.06446606347085154,1.427631171968984,True,mixed signal
TMT,INF.L,ITV.L,INFORMA PLC ORD 0.1P,ITV PLC ORD 10P,-3.49616875451182,0.008086035458124068,0.05,0.008086035458124068,True,3.6044763400555246,-8.970987730130553,14.561974203055755,3.914248244130187e-05,-0.0475998083017131,44.0,1.2924957026255322,3.9559743044714972,False,,0.4,0.013876193394547952,-0.1702835443649351,-0.2432662635750864,True,mixed signal
TMT,AUTO.L,REL.L,AUTOTRADER GROUP PLC ORD 1P,RELX PLC ORD 14 51/116P,-3.3223500042149836,0.013908512711892359,0.05,0.008086035458124068,False,1.2852912728458048,-3.8683303526427464,,,,,,,,,,,,,,
TMT,VOD.L,WPP.L,VODAFONE GROUP PLC ORD USD0.20 ,WPP PLC ORD 10P,-3.176143781567509,0.021407768730134478,0.05,0.008086035458124068,False,-0.4003104828909291,6.892515098981754,,,,,,,,,,,,,,
TMT,EXPN.L,RMV.L,EXPERIAN PLC ORD USD0.10,RIGHTMOVE PLC ORD 0.1P,-2.981596012185406,0.036649213206245305,0.05,0.008086035458124068,False,0.682594819954268,3.7718937433606152,,,,,,,,,,,,,,
TMT,BT-A.L,WPP.L,BT GROUP PLC ORD 5P,WPP PLC ORD 10P,-2.907471251600278,0.04448606514751775,0.05,0.008086035458124068,False,-0.3307287771059903,7.1931752465487335,,,,,,,,,,,,,,
TMT,REL.L,RMV.L,RELX PLC ORD 14 51/116P,RIGHTMOVE PLC ORD 0.1P,-2.800091829356213,0.058260652096081327,0.05,0.008086035458124068,False,0.8375470557473277,2.7567816111871872,,,,,,,,,,,,,,
TMT,EXPN.L,REL.L,EXPERIAN PLC ORD USD0.10,RELX PLC ORD 14 51/116P,-2.785632284730643,0.060355583650201626,0.05,0.008086035458124068,False,0.8266590406390253,1.4304592893247898,,,,,,,,,,,,,,
TMT,EXPN.L,VOD.L,EXPERIAN PLC ORD USD0.10,VODAFONE GROUP PLC ORD USD0.20 ,-2.580842222072103,0.09702178701257558,0.05,0.008086035458124068,False,-0.7398023091533714,11.414323849292202,,,,,,,,,,,,,,
TMT,INF.L,WPP.L,INFORMA PLC ORD 0.1P,WPP PLC ORD 10P,-2.5611050728174005,0.10130542457887975,0.05,0.008086035458124068,False,-0.028284807460815034,6.903287090154139,,,,,,,,,,,,,,
TMT,AUTO.L,RMV.L,AUTOTRADER GROUP PLC ORD 1P,RIGHTMOVE PLC ORD 0.1P,-2.5125247415566414,0.11245658467697711,0.05,0.008086035458124068,False,1.0907854291260481,-0.4165143176663202,,,,,,,,,,,,,,
TMT,AAF.L,INF.L,AIRTEL AFRICA PLC ORD USD0.50,INFORMA PLC ORD 0.1P,-2.5068032640728606,0.1138277802018196,0.05,0.008086035458124068,False,34.71355437731469,-228.3281339253229,,,,,,,,,,,,,,
TMT,INF.L,VOD.L,INFORMA PLC ORD 0.1P,VODAFONE GROUP PLC ORD USD0.20 ,-2.482510153757991,0.11978799324562772,0.05,0.008086035458124068,False,0.06370678168279849,6.447050974061599,,,,,,,,,,,,,,
TMT,INF.L,REL.L,INFORMA PLC ORD 0.1P,RELX PLC ORD 14 51/116P,-2.4763979704362398,0.12132306667935877,0.05,0.008086035458124068,False,-0.014321339634632798,6.8453068668860215,,,,,,,,,,,,,,
TMT,BT-A.L,INF.L,BT GROUP PLC ORD 5P,INFORMA PLC ORD 0.1P,-2.458130983938502,0.12599660449892636,0.05,0.008086035458124068,False,26.4631398487624,-172.91641125940995,,,,,,,,,,,,,,
TMT,INF.L,RMV.L,INFORMA PLC ORD 0.1P,RIGHTMOVE PLC ORD 0.1P,-2.4225508982123127,0.13547247383865524,0.05,0.008086035458124068,False,0.018498878519355503,6.610724442815704,,,,,,,,,,,,,,
TMT,AUTO.L,INF.L,AUTOTRADER GROUP PLC ORD 1P,INFORMA PLC ORD 0.1P,-2.4007825886180703,0.1415156506543475,0.05,0.008086035458124068,False,32.75800075939043,-213.8688365359303,,,,,,,,,,,,,,
TMT,RMV.L,VOD.L,RIGHTMOVE PLC ORD 0.1P,VODAFONE GROUP PLC ORD USD0.20 ,-2.394091238988262,0.14341106262761716,0.05,0.008086035458124068,False,-1.128165949158525,11.392514034856465,,,,,,,,,,,,,,
TMT,SGE.L,VOD.L,THE SAGE GROUP PLC ORD 1 4/77P,VODAFONE GROUP PLC ORD USD0.20 ,-2.3792038204732076,0.14769220442290565,0.05,0.008086035458124068,False,-0.7399396504891321,10.25971987215517,,,,,,,,,,,,,,
TMT,REL.L,SGE.L,RELX PLC ORD 14 51/116P,THE SAGE GROUP PLC ORD 1 4/77P,-2.3791016656079806,0.14772188702492423,0.05,0.008086035458124068,False,1.2065955736828236,-0.3113619898547544,,,,,,,,,,,,,,
TMT,AAF.L,BT-A.L,AIRTEL AFRICA PLC ORD USD0.50,BT GROUP PLC ORD 5P,-2.348827724939447,0.15670304581151223,0.05,0.008086035458124068,False,3.238874934569059,-11.438160859518888,,,,,,,,,,,,,,
TMT,INF.L,SGE.L,INFORMA PLC ORD 0.1P,THE SAGE GROUP PLC ORD 1 4/77P,-2.342420316089244,0.15865120749538564,0.05,0.008086035458124068,False,0.058337394457176894,6.321654212249592,,,,,,,,,,,,,,
TMT,AUTO.L,VOD.L,AUTOTRADER GROUP PLC ORD 1P,VODAFONE GROUP PLC ORD USD0.20 ,-2.3402867633431383,0.1593035891319794,0.05,0.008086035458124068,False,-1.2028511554994563,11.887486959928346,,,,,,,,,,,,,,
TMT,RMV.L,SGE.L,RIGHTMOVE PLC ORD 0.1P,THE SAGE GROUP PLC ORD 1 4/77P,-2.2510389123017065,0.18824514905221718,0.05,0.008086035458124068,False,1.475456256403965,-3.906474215092145,,,,,,,,,,,,,,
TMT,EXPN.L,INF.L,EXPERIAN PLC ORD USD0.10,INFORMA PLC ORD 0.1P,-2.2458737501176436,0.19001897631273845,0.05,0.008086035458124068,False,8.458887222218655,-48.781342383389415,,,,,,,,,,,,,,
TMT,AAF.L,VOD.L,AIRTEL AFRICA PLC ORD USD0.50,VODAFONE GROUP PLC ORD USD0.20 ,-2.179593919183772,0.21373486623279386,0.05,0.008086035458124068,False,2.6357886430493447,-6.406462930144369,,,,,,,,,,,,,,
TMT,EXPN.L,SGE.L,EXPERIAN PLC ORD USD0.10,THE SAGE GROUP PLC ORD 1 4/77P,-1.9837607005562647,0.2937385425205132,0.05,0.008086035458124068,False,0.9844599841267097,1.2637433453829274,,,,,,,,,,,,,,
TMT,AUTO.L,BT-A.L,AUTOTRADER GROUP PLC ORD 1P,BT GROUP PLC ORD 5P,-1.940424103999199,0.3132896842994116,0.05,0.008086035458124068,False,-1.6102054900961422,14.865032067045352,,,,,,,,,,,,,,
TMT,BT-A.L,RMV.L,BT GROUP PLC ORD 5P,RIGHTMOVE PLC ORD 0.1P,-1.8974600264746153,0.3332569362950596,0.05,0.008086035458124068,False,-0.4758557373161841,8.200803739853384,,,,,,,,,,,,,,
TMT,REL.L,WPP.L,RELX PLC ORD 14 51/116P,WPP PLC ORD 10P,-1.8674288956331515,0.3475352405841504,0.05,0.008086035458124068,False,0.3275681167327156,6.0980141829998935,,,,,,,,,,,,,,
TMT,BT-A.L,REL.L,BT GROUP PLC ORD 5P,RELX PLC ORD 14 51/116P,-1.8601342842778121,0.3510411928441482,0.05,0.008086035458124068,False,-0.8801556141319847,12.299126835131734,,,,,,,,,,,,,,
TMT,AUTO.L,SGE.L,AUTOTRADER GROUP PLC ORD 1P,THE SAGE GROUP PLC ORD 1 4/77P,-1.7585493245514823,0.4012261760761372,0.05,0.008086035458124068,False,1.6700984336547329,-5.101513679108165,,,,,,,,,,,,,,
TMT,BT-A.L,EXPN.L,BT GROUP PLC ORD 5P,EXPERIAN PLC ORD USD0.10,-1.7447443917346026,0.4082186419311443,0.05,0.008086035458124068,False,-1.2030121576003776,14.947792561291571,,,,,,,,,,,,,,
TMT,AAF.L,EXPN.L,AIRTEL AFRICA PLC ORD USD0.50,EXPERIAN PLC ORD USD0.10,-1.7349756235685845,0.4131880048356761,0.05,0.008086035458124068,False,-4.214993295810624,39.56891759144906,,,,,,,,,,,,,,
TMT,AAF.L,AUTO.L,AIRTEL AFRICA PLC ORD USD0.50,AUTOTRADER GROUP PLC ORD 1P,-1.7054640261899379,0.4282994679144665,0.05,0.008086035458124068,False,-2.397571542822353,20.996147623851012,,,,,,,,,,,,,,
TMT,BT-A.L,SGE.L,BT GROUP PLC ORD 5P,THE SAGE GROUP PLC ORD 1 4/77P,-1.6756653439055937,0.44369201332761476,0.05,0.008086035458124068,False,-1.2246945745903752,13.709488332074447,,,,,,,,,,,,,,
TMT,AAF.L,RMV.L,AIRTEL AFRICA PLC ORD USD0.50,RIGHTMOVE PLC ORD 0.1P,-1.5896455067254074,0.4887928199295299,0.05,0.008086035458124068,False,-3.5526754900796167,27.992602674786824,,,,,,,,,,,,,,
TMT,AAF.L,REL.L,AIRTEL AFRICA PLC ORD USD0.50,RELX PLC ORD 14 51/116P,-1.573339482009366,0.4969706210769428,0.05,0.008086035458124068,False,-3.289334025154719,31.95679065259677,,,,,,,,,,,,,,
TMT,AUTO.L,WPP.L,AUTOTRADER GROUP PLC ORD 1P,WPP PLC ORD 10P,-1.526631704652489,0.52029830264776,0.05,0.008086035458124068,False,0.43223330933869897,3.9003344748272775,,,,,,,,,,,,,,
TMT,BT-A.L,VOD.L,BT GROUP PLC ORD 5P,VODAFONE GROUP PLC ORD USD0.20 ,-1.5231820045185955,0.5220139600636643,0.05,0.008086035458124068,False,0.8364826370397818,1.4531055306835836,,,,,,,,,,,,,,
TMT,RMV.L,WPP.L,RIGHTMOVE PLC ORD 0.1P,WPP PLC ORD 10P,-1.4583352976169135,0.5540124659850607,0.05,0.008086035458124068,False,0.29535735053598094,4.5790077336117845,,,,,,,,,,,,,,
TMT,EXPN.L,WPP.L,EXPERIAN PLC ORD USD0.10,WPP PLC ORD 10P,-1.4162738458646549,0.5744498458426798,0.05,0.008086035458124068,False,0.2529849223358289,6.581080990504752,,,,,,,,,,,,,,
TMT,SGE.L,WPP.L,THE SAGE GROUP PLC ORD 1 4/77P,WPP PLC ORD 10P,-1.300996794156447,0.6287161558380844,0.05,0.008086035458124068,False,0.2222255536376697,5.6153146681280575,,,,,,,,,,,,,,
TMT,AAF.L,SGE.L,AIRTEL AFRICA PLC ORD USD0.50,THE SAGE GROUP PLC ORD 1 4/77P,-1.278582609053923,0.638912954276808,0.05,0.008086035458124068,False,-5.168113504412503,41.356291258256455,,,,,,,,,,,,,,
UK_HOUSEBUILDERS,BWY.L,TW.L,BELLWAY PLC ORD 12.5P,TAYLOR WIMPEY PLC ORD 1P,-2.259159564560181,0.1854781859912401,0.05,,False,0.6439053517576189,4.783756975932037,,,,,,,,,,,,,,
UK_HOUSEBUILDERS,PSN.L,TW.L,PERSIMMON PLC ORD 10P,TAYLOR WIMPEY PLC ORD 1P,-2.2534742685632345,0.18741254216112546,0.05,,False,0.6124168990516914,4.256951996027981,,,,,,,,,,,,,,
UK_HOUSEBUILDERS,BWY.L,PSN.L,BELLWAY PLC ORD 12.5P,PERSIMMON PLC ORD 10P,-1.3441862352148686,0.6087226012313985,0.05,,False,1.068628676947312,0.1847731976240592,,,,,,,,,,,,,,
US_AIRLINES,DAL,LUV,"Delta Air Lines, Inc.",Southwest Airlines Company,-3.0892750879503823,0.02735712821046748,0.05,,False,1.102896954578011,0.1825245357888714,,,,,,,,,,,,,,
US_AIRLINES,JBLU,UAL,JetBlue Airways Corporation,"United Airlines Holdings, Inc.",-2.6365544633456777,0.08567506750580683,0.05,,False,-0.02179025214632608,1.7614172756993172,,,,,,,,,,,,,,
US_AIRLINES,JBLU,LUV,JetBlue Airways Corporation,Southwest Airlines Company,-2.446738038410721,0.12897694878932525,0.05,,False,-1.0082606405779788,5.183560162113487,,,,,,,,,,,,,,
US_AIRLINES,ALK,JBLU,"Alaska Air Group, Inc.",JetBlue Airways Corporation,-2.4079610371985716,0.13950206063635706,0.05,,False,1.134807714876261,1.9926546755401613,,,,,,,,,,,,,,
US_AIRLINES,AAL,JBLU,"American Airlines Group, Inc.",JetBlue Airways Corporation,-2.2753021018908908,0.1800572872243152,0.05,,False,0.8445965245579511,1.1294031427938207,,,,,,,,,,,,,,
US_AIRLINES,DAL,JBLU,"Delta Air Lines, Inc.",JetBlue Airways Corporation,-2.136646939991503,0.23003620245923068,0.05,,False,1.7373873418022154,1.138609007602283,,,,,,,,,,,,,,
US_AIRLINES,AAL,UAL,"American Airlines Group, Inc.","United Airlines Holdings, Inc.",-1.9343488075400719,0.3160788145725115,0.05,,False,0.46252564945558017,0.48893130270893437,,,,,,,,,,,,,,
US_AIRLINES,AAL,DAL,"American Airlines Group, Inc.","Delta Air Lines, Inc.",-1.6671487301085146,0.4481129306404328,0.05,,False,0.7959161700008364,-0.6729638324852965,,,,,,,,,,,,,,
US_AIRLINES,LUV,UAL,Southwest Airlines Company,"United Airlines Holdings, Inc.",-1.6639760953088454,0.4497620649059445,0.05,,False,0.5179261265536651,1.197867553604318,,,,,,,,,,,,,,
US_AIRLINES,AAL,ALK,"American Airlines Group, Inc.","Alaska Air Group, Inc.",-1.5793034985692103,0.49398114301535645,0.05,,False,0.8085698187742267,-0.6032997511864715,,,,,,,,,,,,,,
US_AIRLINES,AAL,LUV,"American Airlines Group, Inc.",Southwest Airlines Company,-1.5681787180443683,0.4995558120849157,0.05,,False,0.8081590850161453,-0.2846137826926469,,,,,,,,,,,,,,
US_AIRLINES,ALK,UAL,"Alaska Air Group, Inc.","United Airlines Holdings, Inc.",-1.3961607430536074,0.5841153162395858,0.05,,False,0.5043167873948636,1.6504528300191303,,,,,,,,,,,,,,
US_AIRLINES,DAL,UAL,"Delta Air Lines, Inc.","United Airlines Holdings, Inc.",-1.3203153997493524,0.6198275073494687,0.05,,False,0.6331621737336224,1.2295453034799149,,,,,,,,,,,,,,
US_AIRLINES,ALK,LUV,"Alaska Air Group, Inc.",Southwest Airlines Company,-0.7063189836920173,0.8451059820941543,0.05,,False,1.636608228476749,-1.8292340921845405,,,,,,,,,,,,,,
US_AIRLINES,ALK,DAL,"Alaska Air Group, Inc.","Delta Air Lines, Inc.",-0.29291790163516546,0.9265013973954602,0.05,,False,0.9387487582202968,0.09767962276102304,,,,,,,,,,,,,,
US_ASSET_MANAGERS,BX,KKR,Blackstone Inc.,KKR & Co. Inc.,-3.6313091481257587,0.005189915162205508,0.05,,False,0.8858841554085066,0.694341439840235,,,,,,,,,,,,,,
US_ASSET_MANAGERS,BEN,KKR,"Franklin Templeton, Inc.",KKR & Co. Inc.,-2.6386601450262153,0.08526730292601864,0.05,,False,-1.0502242375375843,8.11077405079361,,,,,,,,,,,,,,
US_ASSET_MANAGERS,APO,BEN,"Apollo Global Management, Inc. ","Franklin Templeton, Inc.",-2.513439324850238,0.11223854069475808,0.05,,False,-0.20669326327499907,5.514715914507795,,,,,,,,,,,,,,
US_ASSET_MANAGERS,BEN,BX,"Franklin Templeton, Inc.",Blackstone Inc.,-2.487488988785133,0.1185481403089142,0.05,,False,-1.6344031884153272,11.153388215680355,,,,,,,,,,,,,,
US_ASSET_MANAGERS,APO,TROW,"Apollo Global Management, Inc. ","T. Rowe Price Group, Inc.",-2.459173975314438,0.12572628419202775,0.05,,False,2.576164324301113,-6.898963283430016,,,,,,,,,,,,,,
US_ASSET_MANAGERS,BLK,TROW,"BlackRock, Inc.","T. Rowe Price Group, Inc.",-2.4533683886356914,0.12723633347896507,0.05,,False,2.7991762434503666,-5.913545459368778,,,,,,,,,,,,,,
US_ASSET_MANAGERS,BEN,BLK,"Franklin Templeton, Inc.","BlackRock, Inc.",-2.242008882728021,0.19135331489598562,0.05,,False,2.0205056288243997,-10.838242178774461,,,,,,,,,,,,,,
US_ASSET_MANAGERS,BEN,TROW,"Franklin Templeton, Inc.","T. Rowe Price Group, Inc.",-2.1975006016882914,0.20715384461872294,0.05,,False,7.717535747945909,-32.21340113854588,,,,,,,,,,,,,,
US_ASSET_MANAGERS,BLK,KKR,"BlackRock, Inc.",KKR & Co. Inc.,-2.1213955057268232,0.2359988391441214,0.05,,False,0.2677968476275925,5.599999760355411,,,,,,,,,,,,,,
US_ASSET_MANAGERS,APO,BLK,"Apollo Global Management, Inc. ","BlackRock, Inc.",-1.9636566071472192,0.30273214145227323,0.05,,False,1.6246244709379971,-6.30543769626216,,,,,,,,,,,,,,
US_ASSET_MANAGERS,APO,BX,"Apollo Global Management, Inc. ",Blackstone Inc.,-1.92219297233945,0.3216939309571868,0.05,,False,0.8844270468977137,0.5067953267291943,,,,,,,,,,,,,,
US_ASSET_MANAGERS,BX,TROW,Blackstone Inc.,"T. Rowe Price Group, Inc.",-1.8493796130218496,0.3562360300572597,0.05,,False,2.848256499803458,-8.078379700940431,,,,,,,,,,,,,,
US_ASSET_MANAGERS,BLK,BX,"BlackRock, Inc.",Blackstone Inc.,-1.4440544083373006,0.5609833054992506,0.05,,False,0.5243745568894865,4.292067921478532,,,,,,,,,,,,,,
US_ASSET_MANAGERS,KKR,TROW,KKR & Co. Inc.,"T. Rowe Price Group, Inc.",-1.2936821227242954,0.6320577705328637,0.05,,False,3.390519389612845,-10.704571474956909,,,,,,,,,,,,,,
US_ASSET_MANAGERS,APO,KKR,"Apollo Global Management, Inc. ",KKR & Co. Inc.,-1.188781968058601,0.6784027139835953,0.05,,False,0.7617814162129665,1.2250824854599758,,,,,,,,,,,,,,
US_BANKS,KEY,USB,KeyCorp,U.S. Bancorp,-3.6792600145134338,0.004414520895915733,0.05,,False,1.198225433489643,-1.7495232051356644,,,,,,,,,,,,,,
US_BANKS,KEY,PNC,KeyCorp,"PNC Financial Services Group, I",-3.677276543589546,0.004444373500864181,0.05,,False,1.2558663597239195,-3.7252175592804426,,,,,,,,,,,,,,
US_BANKS,FITB,USB,Fifth Third Bancorp,U.S. Bancorp,-3.584545950171071,0.006063442734467669,0.05,,False,0.9414647745318288,0.13522486357098895,,,,,,,,,,,,,,
US_BANKS,COF,WFC,Capital One Financial Corporati,Wells Fargo & Company,-3.5184932273668648,0.0075246585446818075,0.05,,False,1.0227119039641497,0.8385092161759653,,,,,,,,,,,,,,
US_BANKS,CFG,TFC,"Citizens Financial Group, Inc.",Truist Financial Corporation,-3.5085941285702043,0.0077691024192449686,0.05,,False,1.9261072873864997,-3.3696138787011645,,,,,,,,,,,,,,
US_BANKS,FITB,PNC,Fifth Third Bancorp,"PNC Financial Services Group, I",-3.5067637516625334,0.007815076256060165,0.05,,False,0.9870551354837539,-1.418681258748649,,,,,,,,,,,,,,
US_BANKS,TFC,USB,Truist Financial Corporation,U.S. Bancorp,-3.492576966747264,0.008179792383070164,0.05,,False,0.8547846099170399,0.47387678086078155,,,,,,,,,,,,,,
US_BANKS,PNC,USB,"PNC Financial Services Group, I",U.S. Bancorp,-3.3859772545579863,0.011446296432116218,0.05,,False,0.9538198605444326,1.574253966313043,,,,,,,,,,,,,,
US_BANKS,HBAN,WFC,Huntington Bancshares Incorpora,Wells Fargo & Company,-3.331562651862566,0.013525239445897222,0.05,,False,0.5885768363391042,0.19786219183691234,,,,,,,,,,,,,,
US_BANKS,CFG,KEY,"Citizens Financial Group, Inc.",KeyCorp,-3.3190373372104323,0.014048657153004858,0.05,,False,1.360627539970268,-0.014976045205034705,,,,,,,,,,,,,,
US_BANKS,FHN,HBAN,First Horizon Corporation,Huntington Bancshares Incorpora,-3.1971278089856003,0.020151536028926366,0.05,,False,1.7529344993627527,-1.7851575120947594,,,,,,,,,,,,,,
US_BANKS,C,TFC,"Citigroup, Inc.",Truist Financial Corporation,-3.167535695601073,0.02194243734354961,0.05,,False,2.8632473548890465,-6.292923018164895,,,,,,,,,,,,,,
US_BANKS,KEY,RF,KeyCorp,Regions Financial Corporation,-3.158113119733985,0.022540926433445123,0.05,,False,1.1292928167812395,-0.7188278530761676,,,,,,,,,,,,,,
US_BANKS,C,HBAN,"Citigroup, Inc.",Huntington Bancshares Incorpora,-3.134382463378593,0.02411116954498365,0.05,,False,3.399342793901234,-4.818054832243547,,,,,,,,,,,,,,
US_BANKS,PNC,ZION,"PNC Financial Services Group, I",Zions Bancorporation N.A.,-3.130502856666873,0.024376658314420242,0.05,,False,0.9507770998540118,1.4735980092941894,,,,,,,,,,,,,,
US_BANKS,RF,TFC,Regions Financial Corporation,Truist Financial Corporation,-3.103257735127595,0.026313038972708876,0.05,,False,1.2412048665045476,-1.5005719859753754,,,,,,,,,,,,,,
US_BANKS,C,PNFP,"Citigroup, Inc.","Pinnacle Financial Partners, In",-3.088549627469754,0.02741225406423488,0.05,,False,-15.16044580485928,73.83970952197203,,,,,,,,,,,,,,
US_BANKS,BAC,HBAN,Bank of America Corporation,Huntington Bancshares Incorpora,-3.058002590086583,0.029821371923492653,0.05,,False,1.3030483208256212,0.26891486343088733,,,,,,,,,,,,,,
US_BANKS,FHN,WFC,First Horizon Corporation,Wells Fargo & Company,-3.054655760673289,0.03009598272462232,0.05,,False,1.0473434813958338,-1.505161881042513,,,,,,,,,,,,,,
US_BANKS,KEY,TFC,KeyCorp,Truist Financial Corporation,-3.0496489927409582,0.030510815167145728,0.05,,False,1.405568567785102,-2.4279534103998057,,,,,,,,,,,,,,
US_BANKS,C,ZION,"Citigroup, Inc.",Zions Bancorporation N.A.,-3.0439090024968434,0.030992379528957843,0.05,,False,2.460672680183813,-5.277247577578578,,,,,,,,,,,,,,
US_BANKS,C,MTB,"Citigroup, Inc.",M&T Bank Corporation,-3.036054661662641,0.03166179653513548,0.05,,False,2.7171049587261273,-9.752610578980745,,,,,,,,,,,,,,
US_BANKS,FITB,KEY,Fifth Third Bancorp,KeyCorp,-3.035537533167868,0.03170629868371578,0.05,,False,0.7837832138092624,1.5153281729412864,,,,,,,,,,,,,,
US_BANKS,CFG,PNFP,"Citizens Financial Group, Inc.","Pinnacle Financial Partners, In",-2.9985214231029147,0.03503271165951463,0.05,,False,-24.994745067899952,118.28421867658876,,,,,,,,,,,,,,
US_BANKS,C,FHN,"Citigroup, Inc.",First Horizon Corporation,-2.954598730671934,0.03935737411059809,0.05,,False,1.6843023882085713,-0.5963894839109516,,,,,,,,,,,,,,
US_BANKS,COF,HBAN,Capital One Financial Corporati,Huntington Bancshares Incorpora,-2.9039857614542006,0.044886466973354994,0.05,,False,1.7350619968609564,0.5016074060382394,,,,,,,,,,,,,,
US_BANKS,HBAN,JPM,Huntington Bancshares Incorpora,JP Morgan Chase & Co.,-2.8861067927774116,0.04698760577907903,0.05,,False,0.5755321310174447,-0.48312261497823794,,,,,,,,,,,,,,
US_BANKS,BAC,TFC,Bank of America Corporation,Truist Financial Corporation,-2.862701446825671,0.04986041063622386,0.05,,False,1.2102165209482452,-0.7181316044686876,,,,,,,,,,,,,,
US_BANKS,BAC,RF,Bank of America Corporation,Regions Financial Corporation,-2.862099736680739,0.04993612942086461,0.05,,False,0.9576398847599321,0.7996816079255029,,,,,,,,,,,,,,
US_BANKS,KEY,PNFP,KeyCorp,"Pinnacle Financial Partners, In",-2.857982473432633,0.0504567837041439,0.05,,False,5.8281008561670555,-23.852510138589537,,,,,,,,,,,,,,
US_BANKS,JPM,PNFP,JP Morgan Chase & Co.,"Pinnacle Financial Partners, In",-2.8430984971819853,0.05237628186268949,0.05,,False,81.28460119070623,-366.61852039172663,,,,,,,,,,,,,,
US_BANKS,FHN,PNFP,First Horizon Corporation,"Pinnacle Financial Partners, In",-2.789690791024341,0.059761521515007646,0.05,,False,4.748946317340332,-18.763641682119417,,,,,,,,,,,,,,
US_BANKS,C,KEY,"Citigroup, Inc.",KeyCorp,-2.7880183792051643,0.06000574460301013,0.05,,False,1.940450484130123,-1.073276643003716,,,,,,,,,,,,,,
US_BANKS,BAC,PNFP,Bank of America Corporation,"Pinnacle Financial Partners, In",-2.766055498262313,0.06328847112059546,0.05,,False,17.25144725014155,-75.17850358378442,,,,,,,,,,,,,,
US_BANKS,USB,ZION,U.S. Bancorp,Zions Bancorporation N.A.,-2.7653676473362467,0.06339357046320253,0.05,,False,0.9970965212296156,-0.1066592223481635,,,,,,,,,,,,,,
US_BANKS,BAC,FHN,Bank of America Corporation,First Horizon Corporation,-2.750609838425228,0.06568246441676281,0.05,,False,0.7407417105147537,1.6036980760115878,,,,,,,,,,,,,,
US_BANKS,C,RF,"Citigroup, Inc.",Regions Financial Corporation,-2.7143348408330805,0.07159039410232355,0.05,,False,2.235946321886769,-2.6084275813611484,,,,,,,,,,,,,,
US_BANKS,BAC,ZION,Bank of America Corporation,Zions Bancorporation N.A.,-2.6729670381138555,0.07883410287269338,0.05,,False,1.0178653634662185,-0.20133526814470892,,,,,,,,,,,,,,
US_BANKS,BAC,JPM,Bank of America Corporation,JP Morgan Chase & Co.,-2.6701133975889695,0.07935426851797978,0.05,,False,0.7771547801264405,-0.5119864741020339,,,,,,,,,,,,,,
US_BANKS,CFG,RF,"Citizens Financial Group, Inc.",Regions Financial Corporation,-2.6442792081843463,0.08418654867166042,0.05,,False,1.5472733063395359,-1.0267685332534482,,,,,,,,,,,,,,
US_BANKS,BAC,C,Bank of America Corporation,"Citigroup, Inc.",-2.6365240105325016,0.0856809757638422,0.05,,False,0.44611251885373665,1.838021503333959,,,,,,,,,,,,,,
US_BANKS,COF,PNFP,Capital One Financial Corporati,"Pinnacle Financial Partners, In",-2.631766424203968,0.08660790046734668,0.05,,False,3.4103833628519475,-10.396523108660087,,,,,,,,,,,,,,
US_BANKS,KEY,MTB,KeyCorp,M&T Bank Corporation,-2.616409380432955,0.08965298664160698,0.05,,False,1.2935686456739448,-3.9162661462702224,,,,,,,,,,,,,,
US_BANKS,MTB,ZION,M&T Bank Corporation,Zions Bancorporation N.A.,-2.615217313760613,0.08989276740079744,0.05,,False,0.929568996630615,1.5527011771738897,,,,,,,,,,,,,,
US_BANKS,CFG,ZION,"Citizens Financial Group, Inc.",Zions Bancorporation N.A.,-2.599919071862237,0.09301399479249922,0.05,,False,1.6717252396363496,-2.751143358090543,,,,,,,,,,,,,,
US_BANKS,CFG,USB,"Citizens Financial Group, Inc.",U.S. Bancorp,-2.59171566547251,0.0947215877588704,0.05,,False,1.6446520822991157,-2.450165461276332,,,,,,,,,,,,,,
US_BANKS,BAC,CFG,Bank of America Corporation,"Citizens Financial Group, Inc.",-2.576107675507934,0.09803654999474049,0.05,,False,0.6094628306659579,1.471485137231328,,,,,,,,,,,,,,
US_BANKS,PNC,RF,"PNC Financial Services Group, I",Regions Financial Corporation,-2.575304487701047,0.09820949678040541,0.05,,False,0.8991259003160312,2.3941546821339,,,,,,,,,,,,,,
US_BANKS,C,PNC,"Citigroup, Inc.","PNC Financial Services Group, I",-2.5713161081652913,0.09907173492863008,0.05,,False,2.5812189777098715,-9.05526616368275,,,,,,,,,,,,,,
US_BANKS,JPM,WFC,JP Morgan Chase & Co.,Wells Fargo & Company,-2.566694890904595,0.10007796119402368,0.05,,False,1.0018448096637462,1.2724009233941374,,,,,,,,,,,,,,
US_BANKS,KEY,ZION,KeyCorp,Zions Bancorporation N.A.,-2.562844953201481,0.10092215037985974,0.05,,False,1.200817464551195,-1.901259817710112,,,,,,,,,,,,,,
US_BANKS,CFG,HBAN,"Citizens Financial Group, Inc.",Huntington Bancshares Incorpora,-2.5408554238363004,0.1058474918595485,0.05,,False,2.2992855026384897,-2.411580598248648,,,,,,,,,,,,,,
US_BANKS,RF,USB,Regions Financial Corporation,U.S. Bancorp,-2.506977148047438,0.11378592569392448,0.05,,False,1.0616424031695437,-0.9149927878141715,,,,,,,,,,,,,,
US_BANKS,PNC,TFC,"PNC Financial Services Group, I",Truist Financial Corporation,-2.5038211056413098,0.11454737458696745,0.05,,False,1.1142110296110745,1.051645337244242,,,,,,,,,,,,,,
US_BANKS,PNFP,RF,"Pinnacle Financial Partners, In",Regions Financial Corporation,-2.5010128225727635,0.11522808854015482,0.05,,False,0.3201404643459091,3.571877949295461,,,,,,,,,,,,,,
US_BANKS,CFG,FITB,"Citizens Financial Group, Inc.",Fifth Third Bancorp,-2.499535272854882,0.11558743884163863,0.05,,False,1.767021159233479,-2.761528784630789,,,,,,,,,,,,,,
US_BANKS,FHN,JPM,First Horizon Corporation,JP Morgan Chase & Co.,-2.4719602571283192,0.12244659370237404,0.05,,False,1.0447456470656642,-2.8316255633668366,,,,,,,,,,,,,,
US_BANKS,CFG,PNC,"Citizens Financial Group, Inc.","PNC Financial Services Group, I",-2.4584619808397217,0.1259107716917804,0.05,,False,1.736110995064703,-5.2264030437104605,,,,,,,,,,,,,,
US_BANKS,C,CFG,"Citigroup, Inc.","Citizens Financial Group, Inc.",-2.4443922678129333,0.1295968725771134,0.05,,False,1.378353722374145,-0.8684264476971482,,,,,,,,,,,,,,
US_BANKS,MTB,USB,M&T Bank Corporation,U.S. Bancorp,-2.4296360733317024,0.13354593462746406,0.05,,False,0.9314016220696374,1.6554803017536868,,,,,,,,,,,,,,
US_BANKS,PNFP,WFC,"Pinnacle Financial Partners, In",Wells Fargo & Company,-2.408034194227127,0.13948164505481037,0.05,,False,0.21269446927276184,3.6677824003431354,,,,,,,,,,,,,,
US_BANKS,C,USB,"Citigroup, Inc.",U.S. Bancorp,-2.407243552893461,0.1397023980804052,0.05,,False,2.4318925596623036,-4.876562209280449,,,,,,,,,,,,,,
US_BANKS,HBAN,MTB,Huntington Bancshares Incorpora,M&T Bank Corporation,-2.397847546983106,0.14234484450018414,0.05,,False,0.856104601649361,-1.7479816302239168,,,,,,,,,,,,,,
US_BANKS,C,FITB,"Citigroup, Inc.",Fifth Third Bancorp,-2.382438042050759,0.14675461358643216,0.05,,False,2.691183991299445,-5.629651436257598,,,,,,,,,,,,,,
US_BANKS,HBAN,RF,Huntington Bancshares Incorpora,Regions Financial Corporation,-2.3795511981030124,0.14759129999788423,0.05,,False,0.742418360969047,0.3837526686861499,,,,,,,,,,,,,,
US_BANKS,BAC,MTB,Bank of America Corporation,M&T Bank Corporation,-2.3777036843425026,0.14812851106184877,0.05,,False,1.106977968925358,-1.9640878900420389,,,,,,,,,,,,,,
US_BANKS,CFG,MTB,"Citizens Financial Group, Inc.",M&T Bank Corporation,-2.365452081065415,0.15172560623884257,0.05,,False,1.8247448086535705,-5.6810205693564555,,,,,,,,,,,,,,
US_BANKS,MTB,PNC,M&T Bank Corporation,"PNC Financial Services Group, I",-2.347857040739257,0.15699711583355108,0.05,,False,0.9786797591715111,0.10682534899554064,,,,,,,,,,,,,,
US_BANKS,FITB,RF,Fifth Third Bancorp,Regions Financial Corporation,-2.312136660768911,0.16808352946278166,0.05,,False,0.8859976832102118,0.9491649425295714,,,,,,,,,,,,,,
US_BANKS,FITB,ZION,Fifth Third Bancorp,Zions Bancorporation N.A.,-2.273957497037223,0.18050479038406814,0.05,,False,0.936677684808016,0.042905045708137024,,,,,,,,,,,,,,
US_BANKS,JPM,TFC,JP Morgan Chase & Co.,Truist Financial Corporation,-2.243495076296394,0.19083949429266062,0.05,,False,1.6560794959500174,-0.6351992017050172,,,,,,,,,,,,,,
US_BANKS,RF,ZION,Regions Financial Corporation,Zions Bancorporation N.A.,-2.238483880740163,0.1925755821642386,0.05,,False,1.0591327240545925,-1.0304848855149227,,,,,,,,,,,,,,
US_BANKS,JPM,MTB,JP Morgan Chase & Co.,M&T Bank Corporation,-2.1950682049685852,0.20804028093262533,0.05,,False,1.4965900744347855,-2.2451431717622627,,,,,,,,,,,,,,
US_BANKS,FHN,TFC,First Horizon Corporation,Truist Financial Corporation,-2.186962425754373,0.21101132676338485,0.05,,False,1.670870107351326,-3.2732512448192024,,,,,,,,,,,,,,
US_BANKS,BAC,PNC,Bank of America Corporation,"PNC Financial Services Group, I",-2.180045553818335,0.21356731195190748,0.05,,False,1.0779090574489743,-1.8172814035780278,,,,,,,,,,,,,,
US_BANKS,HBAN,KEY,Huntington Bancshares Incorpora,KeyCorp,-2.1520598673076647,0.2241024571663609,0.05,,False,0.6385859710183249,0.9096752785152922,,,,,,,,,,,,,,
US_BANKS,TFC,ZION,Truist Financial Corporation,Zions Bancorporation N.A.,-2.144568042246151,0.2269750919242896,0.05,,False,0.8501335523108557,0.3912581142831413,,,,,,,,,,,,,,
US_BANKS,BAC,KEY,Bank of America Corporation,KeyCorp,-2.1210627959590127,0.2361299174514323,0.05,,False,0.8378902475234955,1.4378862344395706,,,,,,,,,,,,,,
US_BANKS,HBAN,USB,Huntington Bancshares Incorpora,U.S. Bancorp,-2.0900089316884647,0.24855099215730864,0.05,,False,0.7781332788984475,-0.2571219090023491,,,,,,,,,,,,,,
US_BANKS,FHN,MTB,First Horizon Corporation,M&T Bank Corporation,-2.053999624917487,0.26340906692824717,0.05,,False,1.4991719784631445,-4.8413069619394635,,,,,,,,,,,,,,
US_BANKS,C,JPM,"Citigroup, Inc.",JP Morgan Chase & Co.,-2.0443546675261826,0.26746991361015116,0.05,,False,1.7489824265580522,-5.306258577695887,,,,,,,,,,,,,,
US_BANKS,FITB,TFC,Fifth Third Bancorp,Truist Financial Corporation,-2.0422058508703493,0.2683792378910663,0.05,,False,1.0994533273741403,-0.3793977454556807,,,,,,,,,,,,,,
US_BANKS,PNFP,USB,"Pinnacle Financial Partners, In",U.S. Bancorp,-2.01497244461553,0.2800470352457784,0.05,,False,0.4973551047071057,2.6766925698348336,,,,,,,,,,,,,,
US_BANKS,BAC,FITB,Bank of America Corporation,Fifth Third Bancorp,-2.000522533746164,0.2863440333403237,0.05,,False,1.0970467373308674,-0.2867004094197312,,,,,,,,,,,,,,
US_BANKS,BAC,USB,Bank of America Corporation,U.S. Bancorp,-1.9991373243123052,0.28695148045449725,0.05,,False,1.021062278680198,-0.09334532177809196,,,,,,,,,,,,,,
US_BANKS,MTB,RF,M&T Bank Corporation,Regions Financial Corporation,-1.9807945857449858,0.2950569680005003,0.05,,False,0.8764909426011117,2.460835006979804,,,,,,,,,,,,,,
US_BANKS,HBAN,PNC,Huntington Bancshares Incorpora,"PNC Financial Services Group, I",-1.9605788953784198,0.30412073372970994,0.05,,False,0.8303849380337621,-1.6175337638188818,,,,,,,,,,,,,,
US_BANKS,JPM,RF,JP Morgan Chase & Co.,Regions Financial Corporation,-1.9495935609446324,0.3091021177233957,0.05,,False,1.263566955805122,1.5892507861582477,,,,,,,,,,,,,,
US_BANKS,HBAN,TFC,Huntington Bancshares Incorpora,Truist Financial Corporation,-1.942131634141414,0.31250785769912626,0.05,,False,0.934410601600858,-0.7786473272814516,,,,,,,,,,,,,,
US_BANKS,TFC,WFC,Truist Financial Corporation,Wells Fargo & Company,-1.9400874583448764,0.31344393276398386,0.05,,False,0.5920828290662942,1.2069857789357625,,,,,,,,,,,,,,
US_BANKS,FHN,ZION,First Horizon Corporation,Zions Bancorporation N.A.,-1.9260616216289932,0.3199019532962425,0.05,,False,1.384893054673279,-2.479278075245303,,,,,,,,,,,,,,
US_BANKS,JPM,ZION,JP Morgan Chase & Co.,Zions Bancorporation N.A.,-1.919820503218002,0.322795132819759,0.05,,False,1.371549840607332,0.1560196283065567,,,,,,,,,,,,,,
US_BANKS,FHN,RF,First Horizon Corporation,Regions Financial Corporation,-1.8229909108300404,0.36910855296853545,0.05,,False,1.305871464874694,-1.1264935548007138,,,,,,,,,,,,,,
US_BANKS,FITB,MTB,Fifth Third Bancorp,M&T Bank Corporation,-1.8035050165802455,0.3787229439197506,0.05,,False,1.0086087115915714,-1.5266862677655761,,,,,,,,,,,,,,
US_BANKS,HBAN,ZION,Huntington Bancshares Incorpora,Zions Bancorporation N.A.,-1.7826968965936432,0.3890854081925576,0.05,,False,0.7901207064082458,-0.39628397526436254,,,,,,,,,,,,,,
US_BANKS,COF,FHN,Capital One Financial Corporati,First Horizon Corporation,-1.777990863743199,0.39144205822395733,0.05,,False,0.9748120465247102,2.3132494939929362,,,,,,,,,,,,,,
US_BANKS,MTB,TFC,M&T Bank Corporation,Truist Financial Corporation,-1.767362073066338,0.3967816251077891,0.05,,False,1.0955758342141078,1.1168856824970277,,,,,,,,,,,,,,
US_BANKS,WFC,ZION,Wells Fargo & Company,Zions Bancorporation N.A.,-1.7301315981139203,0.4156584334815643,0.05,,False,1.3807327483800151,-1.160485732686225,,,,,,,,,,,,,,
US_BANKS,COF,JPM,Capital One Financial Corporati,JP Morgan Chase & Co.,-1.696076286152493,0.43313521779094466,0.05,,False,1.0219018074277129,-0.46636429865742723,,,,,,,,,,,,,,
US_BANKS,COF,TFC,Capital One Financial Corporati,Truist Financial Corporation,-1.6623591541015392,0.45060300333830855,0.05,,False,1.8557202962588266,-1.7269463756181231,,,,,,,,,,,,,,
US_BANKS,JPM,PNC,JP Morgan Chase & Co.,"PNC Financial Services Group, I",-1.6521550774094942,0.4559167315688585,0.05,,False,1.4704350738623926,-2.1153097407651504,,,,,,,,,,,,,,
US_BANKS,MTB,WFC,M&T Bank Corporation,Wells Fargo & Company,-1.6215343524964254,0.4719249873451535,0.05,,False,0.6677932661563954,2.3573325279360096,,,,,,,,,,,,,,
US_BANKS,FITB,JPM,Fifth Third Bancorp,JP Morgan Chase & Co.,-1.5920582270656727,0.48758170163284315,0.05,,False,0.6491875188675209,0.12409392606303271,,,,,,,,,,,,,,
US_BANKS,FITB,HBAN,Fifth Third Bancorp,Huntington Bancshares Incorpora,-1.572401712410655,0.4974404975914701,0.05,,False,1.200008737994738,0.47321335092110006,,,,,,,,,,,,,,
US_BANKS,CFG,FHN,"Citizens Financial Group, Inc.",First Horizon Corporation,-1.5722000728681509,0.4975415238896752,0.05,,False,1.221879100123984,0.19762486369474264,,,,,,,,,,,,,,
US_BANKS,FHN,USB,First Horizon Corporation,U.S. Bancorp,-1.5613514853829382,0.5029732317491907,0.05,,False,1.415940479946539,-2.4344498534680437,,,,,,,,,,,,,,
US_BANKS,RF,WFC,Regions Financial Corporation,Wells Fargo & Company,-1.521449734942531,0.5228750406948312,0.05,,False,0.7813379188751545,-0.20136494119245496,,,,,,,,,,,,,,
US_BANKS,FHN,PNC,First Horizon Corporation,"PNC Financial Services Group, I",-1.514794058644594,0.5261806493251534,0.05,,False,1.4809535179226596,-4.752929693328456,,,,,,,,,,,,,,
US_BANKS,JPM,KEY,JP Morgan Chase & Co.,KeyCorp,-1.5010812348362352,0.5329763998460462,0.05,,False,1.0979156667649266,2.45299768192638,,,,,,,,,,,,,,
US_BANKS,COF,MTB,Capital One Financial Corporati,M&T Bank Corporation,-1.45957006232992,0.553408308742887,0.05,,False,1.6148574109378988,-3.2067189117648915,,,,,,,,,,,,,,
US_BANKS,FITB,WFC,Fifth Third Bancorp,Wells Fargo & Company,-1.4495019886980436,0.5583278864974625,0.05,,False,0.6304820852342743,1.0353652005493452,,,,,,,,,,,,,,
US_BANKS,FHN,FITB,First Horizon Corporation,Fifth Third Bancorp,-1.3750833306172867,0.5941614886768471,0.05,,False,1.5488153061362862,-2.805331212020403,,,,,,,,,,,,,,
US_BANKS,JPM,USB,JP Morgan Chase & Co.,U.S. Bancorp,-1.366330465887928,0.5983070951345847,0.05,,False,1.3914929546098491,0.24173863445348243,,,,,,,,,,,,,,
US_BANKS,C,WFC,"Citigroup, Inc.",Wells Fargo & Company,-1.3432896730233987,0.6091420375846862,0.05,,False,1.8406568707080144,-3.4596726118467993,,,,,,,,,,,,,,
US_BANKS,CFG,JPM,"Citizens Financial Group, Inc.",JP Morgan Chase & Co.,-1.282019983875407,0.6373575258758066,0.05,,False,1.2910841858920181,-3.343121083155898,,,,,,,,,,,,,,
US_BANKS,FHN,KEY,First Horizon Corporation,KeyCorp,-1.252613366196475,0.6505635522160202,0.05,,False,1.1431409766870941,-0.2578139567691786,,,,,,,,,,,,,,
US_BANKS,COF,RF,Capital One Financial Corporati,Regions Financial Corporation,-1.235830350028197,0.6579956825221125,0.05,,False,1.3505453086432362,0.9711775509106282,,,,,,,,,,,,,,
US_BANKS,BAC,WFC,Bank of America Corporation,Wells Fargo & Company,-1.2082180334781232,0.6700505679822348,0.05,,False,0.7730558819040605,0.5005620223207989,,,,,,,,,,,,,,
US_BANKS,FITB,PNFP,Fifth Third Bancorp,"Pinnacle Financial Partners, In",-1.2074510767584097,0.6703822616160943,0.05,,False,1.2661183807324685,-2.061529193562856,,,,,,,,,,,,,,
US_BANKS,KEY,WFC,KeyCorp,Wells Fargo & Company,-1.1800642188728325,0.682112257813868,0.05,,False,0.905993554841797,-1.047452954243083,,,,,,,,,,,,,,
US_BANKS,PNC,PNFP,"PNC Financial Services Group, I","Pinnacle Financial Partners, In",-1.1590965608784563,0.6909393512521187,0.05,,False,1.2537746287770373,-0.5187310553869446,,,,,,,,,,,,,,
US_BANKS,PNC,WFC,"PNC Financial Services Group, I",Wells Fargo & Company,-1.1373636010569672,0.6999441521461627,0.05,,False,0.6662761912186171,2.368338839353222,,,,,,,,,,,,,,
US_BANKS,USB,WFC,U.S. Bancorp,Wells Fargo & Company,-1.0547635808731861,0.7327706292777436,0.05,,False,0.7071023212472815,0.7958359516004831,,,,,,,,,,,,,,
US_BANKS,CFG,WFC,"Citizens Financial Group, Inc.",Wells Fargo & Company,-1.0446749948591876,0.7366235651788883,0.05,,False,1.3264008655910204,-1.8414038895868616,,,,,,,,,,,,,,
US_BANKS,HBAN,PNFP,Huntington Bancshares Incorpora,"Pinnacle Financial Partners, In",-1.03827867288232,0.7390483581232037,0.05,,False,0.7612429349606505,-0.7668136163353463,,,,,,,,,,,,,,
US_BANKS,COF,ZION,Capital One Financial Corporati,Zions Bancorporation N.A.,-0.9840141728326925,0.7590500213892041,0.05,,False,1.4779814902199206,-0.6081000527797258,,,,,,,,,,,,,,
US_BANKS,BAC,COF,Bank of America Corporation,Capital One Financial Corporati,-0.9741273598957986,0.7625834167687117,0.05,,False,0.7369550836022036,-0.03444958156829747,,,,,,,,,,,,,,
US_BANKS,PNFP,ZION,"Pinnacle Financial Partners, In",Zions Bancorporation N.A.,-0.9572729459719829,0.7685274333270095,0.05,,False,0.7209994513238606,1.736245418177531,,,,,,,,,,,,,,
US_BANKS,COF,PNC,Capital One Financial Corporati,"PNC Financial Services Group, I",-0.9377701725619499,0.7752798997104084,0.05,,False,1.635466111493234,-3.3216182261359055,,,,,,,,,,,,,,
US_BANKS,C,COF,"Citigroup, Inc.",Capital One Financial Corporati,-0.9084646037639802,0.7851721225736045,0.05,,False,1.9357863581597585,-5.678588353257167,,,,,,,,,,,,,,
US_BANKS,PNFP,TFC,"Pinnacle Financial Partners, In",Truist Financial Corporation,-0.7590149547171116,0.8308657563856174,0.05,,False,1.4822764180057004,-0.9692136398445017,,,,,,,,,,,,,,
US_BANKS,MTB,PNFP,M&T Bank Corporation,"Pinnacle Financial Partners, In",-0.6926651080052052,0.848640303087365,0.05,,False,1.079081773148228,0.27663501934112045,,,,,,,,,,,,,,
US_BANKS,CFG,COF,"Citizens Financial Group, Inc.",Capital One Financial Corporati,-0.6903272798845881,0.8492391067504448,0.05,,False,1.3483193484074032,-3.1970159474491595,,,,,,,,,,,,,,
US_BANKS,COF,FITB,Capital One Financial Corporati,Fifth Third Bancorp,-0.5781643291588233,0.8758400544840389,0.05,,False,1.7736304933023448,-1.4070009500942469,,,,,,,,,,,,,,
US_BANKS,COF,KEY,Capital One Financial Corporati,KeyCorp,-0.4858455590205857,0.8947491691571541,0.05,,False,1.1553324870796446,1.9458231513416582,,,,,,,,,,,,,,
US_BANKS,COF,USB,Capital One Financial Corporati,U.S. Bancorp,-0.46940981798442727,0.8978490003006709,0.05,,False,1.5563313403248626,-0.7331782365493469,,,,,,,,,,,,,,
US_DEFENSE_AEROSPACE,GD,LHX,General Dynamics Corporation,"L3Harris Technologies, Inc.",-3.0069264876484407,0.0342525970566777,0.05,,False,0.6349591365466709,2.181098676406391,,,,,,,,,,,,,,
US_DEFENSE_AEROSPACE,GD,RTX,General Dynamics Corporation,RTX Corporation,-2.62653700651029,0.08763569549101463,0.05,,False,0.5060833256620775,3.190598572297104,,,,,,,,,,,,,,
US_DEFENSE_AEROSPACE,LHX,NOC,"L3Harris Technologies, Inc.",Northrop Grumman Corporation,-2.4400411449288133,0.1307524516436705,0.05,,False,1.3077819453331012,-2.653811808503283,,,,,,,,,,,,,,
US_DEFENSE_AEROSPACE,LHX,RTX,"L3Harris Technologies, Inc.",RTX Corporation,-2.130314010741614,0.23250114620800666,0.05,,False,0.8325874337337383,1.4133701139771109,,,,,,,,,,,,,,
US_DEFENSE_AEROSPACE,GD,NOC,General Dynamics Corporation,Northrop Grumman Corporation,-2.00748239763222,0.28330199633601755,0.05,,False,0.8066526618543698,0.6448655286125007,,,,,,,,,,,,,,
US_DEFENSE_AEROSPACE,LMT,NOC,Lockheed Martin Corporation,Northrop Grumman Corporation,-1.728723219035394,0.4163774617509155,0.05,,False,0.7847184797239601,1.275382200474084,,,,,,,,,,,,,,
US_DEFENSE_AEROSPACE,LHX,LMT,"L3Harris Technologies, Inc.",Lockheed Martin Corporation,-1.6434270410298069,0.46047063081088796,0.05,,False,1.8680198290344727,-6.027512712752458,,,,,,,,,,,,,,
US_DEFENSE_AEROSPACE,LMT,RTX,Lockheed Martin Corporation,RTX Corporation,-1.53417602167937,0.5165423386655068,0.05,,False,0.3248193161453465,4.583391297736356,,,,,,,,,,,,,,
US_DEFENSE_AEROSPACE,GD,LMT,General Dynamics Corporation,Lockheed Martin Corporation,-1.4708290808500237,0.5478892784182113,0.05,,False,0.9537099445997843,-0.20617720396451755,,,,,,,,,,,,,,
US_DEFENSE_AEROSPACE,NOC,RTX,Northrop Grumman Corporation,RTX Corporation,-1.2912346135021389,0.633172886595365,0.05,,False,0.6320761660465809,3.132644348876275,,,,,,,,,,,,,,
US_GOLD_MINERS,AEM,KGC,Agnico Eagle Mines Limited,Kinross Gold Corporation,-2.8380819011940193,0.05303656524801316,0.05,,False,0.7545685429764352,2.6884875888267623,,,,,,,,,,,,,,
US_GOLD_MINERS,AU,KGC,AngloGold Ashanti PLC,Kinross Gold Corporation,-2.8314328555786568,0.05392218897178903,0.05,,False,1.1131196861258117,0.7193940666759167,,,,,,,,,,,,,,
US_GOLD_MINERS,AEM,AU,Agnico Eagle Mines Limited,AngloGold Ashanti PLC,-2.425883937257953,0.1345637195659507,0.05,,False,0.6759065724806976,2.208416689888399,,,,,,,,,,,,,,
US_GOLD_MINERS,AU,NEM,AngloGold Ashanti PLC,Newmont Corporation,-2.3970029867672795,0.1425840808956202,0.05,,False,1.4294663097483773,-2.1311037417577126,,,,,,,,,,,,,,
US_GOLD_MINERS,KGC,NEM,Kinross Gold Corporation,Newmont Corporation,-1.8679756276017747,0.3472730497762534,0.05,,False,1.287352495806077,-2.5739885418331454,,,,,,,,,,,,,,
US_GOLD_MINERS,AEM,NEM,Agnico Eagle Mines Limited,Newmont Corporation,-1.66263075219854,0.45046172952204766,0.05,,False,0.962346488589068,0.7840190088342887,,,,,,,,,,,,,,
US_GOLD_MINERS,GOLD,NEM,"Gold.com, Inc.",Newmont Corporation,-1.4876182660750132,0.539627272086528,0.05,,False,0.5724338719877237,1.0162193395570953,,,,,,,,,,,,,,
US_GOLD_MINERS,AEM,GOLD,Agnico Eagle Mines Limited,"Gold.com, Inc.",-1.3164743073511758,0.6216020017710283,0.05,,False,2.1190288027355013,-2.415922281089654,,,,,,,,,,,,,,
US_GOLD_MINERS,AU,GOLD,AngloGold Ashanti PLC,"Gold.com, Inc.",-1.2598114665506985,0.6473523146551814,0.05,,False,3.81676506821588,-9.163629555943542,,,,,,,,,,,,,,
US_GOLD_MINERS,GOLD,KGC,"Gold.com, Inc.",Kinross Gold Corporation,-1.232291174825801,0.6595529465540355,0.05,,False,0.28139301254367743,2.6180718969313737,,,,,,,,,,,,,,
US_HOMEBUILDERS,LEN,NVR,Lennar Corporation,"NVR, Inc.",-3.6082696515630723,0.005604883687281828,0.05,,False,1.7325789447229842,-10.701553098493253,,,,,,,,,,,,,,
US_HOMEBUILDERS,DHI,PHM,"D.R. Horton, Inc.","PulteGroup, Inc.",-2.6433450489910277,0.08436548008372402,0.05,,False,1.232928536778562,-0.8872082715560738,,,,,,,,,,,,,,
US_HOMEBUILDERS,KBH,NVR,KB Home,"NVR, Inc.",-2.4011737012158507,0.14140541419236452,0.05,,False,1.3534809756421258,-7.988406025350419,,,,,,,,,,,,,,
US_HOMEBUILDERS,PHM,TOL,"PulteGroup, Inc.","Toll Brothers, Inc.",-2.391989451829811,0.14401010304373724,0.05,,False,0.7764871409867571,0.9911845770717878,,,,,,,,,,,,,,
US_HOMEBUILDERS,KBH,LEN,KB Home,Lennar Corporation,-2.341838473308589,0.15882893665142478,0.05,,False,0.7740059571681788,0.40607765983246313,,,,,,,,,,,,,,
US_HOMEBUILDERS,DHI,MTH,"D.R. Horton, Inc.",Meritage Homes Corporation,-1.9028041905612063,0.3307430830983614,0.05,,False,0.9498446668674493,0.9215586540886926,,,,,,,,,,,,,,
US_HOMEBUILDERS,KBH,MTH,KB Home,Meritage Homes Corporation,-1.877657537563238,0.34264359237031017,0.05,,False,1.1840266010289626,-0.9585677085368127,,,,,,,,,,,,,,
US_HOMEBUILDERS,DHI,TOL,"D.R. Horton, Inc.","Toll Brothers, Inc.",-1.5880519587601387,0.4895925953295477,0.05,,False,0.9540073674834503,0.35113959331672273,,,,,,,,,,,,,,
US_HOMEBUILDERS,LEN,PHM,Lennar Corporation,"PulteGroup, Inc.",-1.5398189643990565,0.5137296358733159,0.05,,False,3.369672057612344,-11.27974919149463,,,,,,,,,,,,,,
US_HOMEBUILDERS,MTH,PHM,Meritage Homes Corporation,"PulteGroup, Inc.",-1.455655884914444,0.5553227008252921,0.05,,False,1.4633592601736405,-2.693106171225839,,,,,,,,,,,,,,
US_HOMEBUILDERS,LEN,MTH,Lennar Corporation,Meritage Homes Corporation,-1.4334549824350034,0.5661364978668952,0.05,,False,1.5605597348202784,-1.895288320600467,,,,,,,,,,,,,,
US_HOMEBUILDERS,MTH,NVR,Meritage Homes Corporation,"NVR, Inc.",-1.357852653529632,0.6023071276024556,0.05,,False,1.13958509058925,-5.905633454673268,,,,,,,,,,,,,,
US_HOMEBUILDERS,DHI,KBH,"D.R. Horton, Inc.",KB Home,-1.260948915924522,0.6468435920359821,0.05,,False,0.7622412005627799,1.8552222740013184,,,,,,,,,,,,,,
US_HOMEBUILDERS,MTH,TOL,Meritage Homes Corporation,"Toll Brothers, Inc.",-1.2020153414672476,0.6727281626000067,0.05,,False,1.0030395906802734,-0.5940016643759582,,,,,,,,,,,,,,
US_HOMEBUILDERS,KBH,PHM,KB Home,"PulteGroup, Inc.",-1.1625930353501424,0.6894768042424491,0.05,,False,1.9255095683791743,-5.067440789952864,,,,,,,,,,,,,,
US_HOMEBUILDERS,DHI,LEN,"D.R. Horton, Inc.",Lennar Corporation,-0.9831190197003692,0.7593713514629772,0.05,,False,0.5108307935361504,2.54450699118759,,,,,,,,,,,,,,
US_HOMEBUILDERS,LEN,TOL,Lennar Corporation,"Toll Brothers, Inc.",-0.972738728812525,0.763076934678695,0.05,,False,3.2179134137014436,-10.867576481042367,,,,,,,,,,,,,,
US_HOMEBUILDERS,NVR,PHM,"NVR, Inc.","PulteGroup, Inc.",-0.7721117626591119,0.8271770986339624,0.05,,False,1.273997368672994,2.867310781903127,,,,,,,,,,,,,,
US_HOMEBUILDERS,KBH,TOL,KB Home,"Toll Brothers, Inc.",-0.6235605617128317,0.8655689444195209,0.05,,False,1.409818518191514,-2.7435714744469033,,,,,,,,,,,,,,
US_HOMEBUILDERS,DHI,NVR,"D.R. Horton, Inc.","NVR, Inc.",-0.39912228710172803,0.9102452208769896,0.05,,False,1.123099991519879,-5.051718191335394,,,,,,,,,,,,,,
US_HOMEBUILDERS,NVR,TOL,"NVR, Inc.","Toll Brothers, Inc.",0.4327484737706171,0.9826791613209805,0.05,,False,0.7233997603195584,5.424265542444768,,,,,,,,,,,,,,
US_INSURANCE,ALL,TRV,Allstate Corporation (The),"The Travelers Companies, Inc.",-5.311336143044008,5.187227660995815e-06,0.05,0.003057700194886369,True,0.6785353238792358,1.4952782705642806,6.933558273521168,0.00016268148277571312,-0.09996990768896133,21.0,-1.9521149649387315,2.5120393285179534,False,,1.0,-0.0038203268009581797,0.08474131600106372,-0.17924824288180696,False,mixed signal
US_INSURANCE,ALL,GL,Allstate Corporation (The),Globe Life Inc.,-4.855246824653235,4.2587815242637826e-05,0.05,0.003057700194886369,True,0.4526868670448801,3.0836491410987064,7.79604680794644,4.54748305302556e-05,-0.0889100845127593,23.0,-2.4502948356380214,2.6725292138849523,True,2026-09-18 00:00:00,1.0,0.005407676734304215,0.1999257550259319,1.1395082728103012,False,mixed signal
US_INSURANCE,AIG,PRU,"American International Group, I","Prudential Financial, Inc.",-4.7976962797481155,5.4940503583171784e-05,0.05,0.003057700194886369,True,-0.6223029458067337,7.202993322674888,7.999402695830846,0.00019934065391095221,-0.0866498671108534,24.0,-0.7654976593667354,2.656832380730505,False,,1.0,0.006265953743189348,-0.023851933750195786,0.0559173232642477,False,mixed signal
US_INSURANCE,ALL,PRU,Allstate Corporation (The),"Prudential Financial, Inc.",-3.8059378210941603,0.0028471442401702017,0.05,0.003057700194886369,True,-1.9810675139606284,14.434312377374415,12.420829579346362,0.000893956026723083,-0.05580522429134091,37.0,-1.5157069349804302,2.5500418466368164,False,,0.6,0.030601340612215505,0.10465717854843448,0.06736697686310045,False,mixed signal
US_INSURANCE,HIG,PRU,"The Hartford Insurance Group, I","Prudential Financial, Inc.",-3.7856401160763578,0.003057700194886369,0.05,0.003057700194886369,True,-2.7115586880503835,17.34790074996821,12.57075425800461,0.0007688687532761672,-0.05513966515720994,38.0,-1.4998667142760573,2.6879316228945314,False,,0.4,0.03510150931283343,0.2608208848657567,0.10081000113164817,False,mixed signal
US_INSURANCE,AFL,PRU,AFLAC Incorporated,"Prudential Financial, Inc.",-3.636416293847689,0.005101799147540513,0.05,0.003057700194886369,False,-1.274282613556331,10.548323010409664,,,,,,,,,,,,,,
US_INSURANCE,GL,PRU,Globe Life Inc.,"Prudential Financial, Inc.",-3.4809228649073605,0.008490767181082508,0.05,0.003057700194886369,False,-5.66853594521772,31.057844538139566,,,,,,,,,,,,,,
US_INSURANCE,PRU,TRV,"Prudential Financial, Inc.","The Travelers Companies, Inc.",-3.4719118292126026,0.008738448897465417,0.05,0.003057700194886369,False,-0.2717908706134572,6.138854574563448,,,,,,,,,,,,,,
US_INSURANCE,AFL,PGR,AFLAC Incorporated,Progressive Corporation (The),-3.4696706355897096,0.008801049526010267,0.05,0.003057700194886369,False,-0.08835746404211105,5.125750975757786,,,,,,,,,,,,,,
US_INSURANCE,AFL,TRV,AFLAC Incorporated,"The Travelers Companies, Inc.",-3.440210442985907,0.00966213278540197,0.05,0.003057700194886369,False,0.5090555952286854,1.8226093214860217,,,,,,,,,,,,,,
US_INSURANCE,AIG,UNM,"American International Group, I",Unum Group,-3.4011930598943714,0.010918267455494667,0.05,0.003057700194886369,False,0.2185395734140551,3.392673834353729,,,,,,,,,,,,,,
US_INSURANCE,PRU,UNM,"Prudential Financial, Inc.",Unum Group,-3.3919784765783185,0.011235383268766665,0.05,0.003057700194886369,False,-0.15857002085978958,5.304343936634422,,,,,,,,,,,,,,
US_INSURANCE,GL,TRV,Globe Life Inc.,"The Travelers Companies, Inc.",-3.3446801765808907,0.012995636106011274,0.05,0.003057700194886369,False,1.4828173328178103,-3.4194677925990176,,,,,,,,,,,,,,
US_INSURANCE,AFL,CB,AFLAC Incorporated,Chubb Limited,-3.325480550307824,0.013777209679370279,0.05,0.003057700194886369,False,0.8475306560582774,-0.14774921757480008,,,,,,,,,,,,,,
US_INSURANCE,AFL,ALL,AFLAC Incorporated,Allstate Corporation (The),-3.3226022657598464,0.013897891414878252,0.05,0.003057700194886369,False,0.7913048714896029,0.48469521852066144,,,,,,,,,,,,,,
US_INSURANCE,AIG,GL,"American International Group, I",Globe Life Inc.,-3.3085265680984053,0.014501612295519082,0.05,0.003057700194886369,False,0.16587481146334804,3.5235876808863784,,,,,,,,,,,,,,
US_INSURANCE,CB,PRU,Chubb Limited,"Prudential Financial, Inc.",-3.2879539538489437,0.015425595117538873,0.05,0.003057700194886369,False,-1.7955021513208513,13.972259364478193,,,,,,,,,,,,,,
US_INSURANCE,AIG,LNC,"American International Group, I",Lincoln National Corporation,-3.2537547004971152,0.017076508239631652,0.05,0.003057700194886369,False,0.21383965676700528,3.5698520637924984,,,,,,,,,,,,,,
US_INSURANCE,AFL,GL,AFLAC Incorporated,Globe Life Inc.,-3.236190481719477,0.017983106107032198,0.05,0.003057700194886369,False,0.33059769240452375,3.0576370107184516,,,,,,,,,,,,,,
US_INSURANCE,HIG,PGR,"The Hartford Insurance Group, I",Progressive Corporation (The),-3.2027303945462506,0.01982717625257414,0.05,0.003057700194886369,False,-1.252583211562062,11.566978896149621,,,,,,,,,,,,,,
US_INSURANCE,ALL,LNC,Allstate Corporation (The),Lincoln National Corporation,-3.1927875800229097,0.020405976595188724,0.05,0.003057700194886369,False,0.4759597171087891,3.588204539814032,,,,,,,,,,,,,,
US_INSURANCE,MET,UNM,"MetLife, Inc.",Unum Group,-3.167300680866331,0.021957195538222465,0.05,0.003057700194886369,False,0.26655487837698344,3.1957956882394116,,,,,,,,,,,,,,
US_INSURANCE,AIG,HIG,"American International Group, I","The Hartford Insurance Group, I",-3.1436192753630685,0.02348909678655866,0.05,0.003057700194886369,False,0.37547013457443235,2.522124148651425,,,,,,,,,,,,,,
US_INSURANCE,AIG,TRV,"American International Group, I","The Travelers Companies, Inc.",-3.119020796922556,0.025177213617380574,0.05,0.003057700194886369,False,0.27739429326744797,2.781935613749205,,,,,,,,,,,,,,
US_INSURANCE,AIG,PGR,"American International Group, I",Progressive Corporation (The),-3.1110145668829112,0.025748726837900197,0.05,0.003057700194886369,False,0.28942123580884943,2.7561035310658286,,,,,,,,,,,,,,
US_INSURANCE,CB,PGR,Chubb Limited,Progressive Corporation (The),-3.0949480434929812,0.026929321911670783,0.05,0.003057700194886369,False,-0.46265414638025854,8.160646462848817,,,,,,,,,,,,,,
US_INSURANCE,AIG,ALL,"American International Group, I",Allstate Corporation (The),-3.0763263707246713,0.028355474776266723,0.05,0.003057700194886369,False,0.48282266247624817,1.781272592063213,,,,,,,,,,,,,,
US_INSURANCE,LNC,PRU,Lincoln National Corporation,"Prudential Financial, Inc.",-3.0660880261248282,0.02916675654537722,0.05,0.003057700194886369,False,-21.783421180854788,104.38124191276862,,,,,,,,,,,,,,
US_INSURANCE,ALL,UNM,Allstate Corporation (The),Unum Group,-3.0382904375589375,0.03147000426745364,0.05,0.003057700194886369,False,0.4739184455426133,3.2469797342833138,,,,,,,,,,,,,,
US_INSURANCE,AFL,LNC,AFLAC Incorporated,Lincoln National Corporation,-3.020257169686539,0.03304545442205381,0.05,0.003057700194886369,False,0.31570593465210606,3.5381961790827168,,,,,,,,,,,,,,
US_INSURANCE,GL,MET,Globe Life Inc.,"MetLife, Inc.",-2.950241230615929,0.03980982543902587,0.05,0.003057700194886369,False,5.201540969927054,-17.705541954956473,,,,,,,,,,,,,,
US_INSURANCE,PGR,PRU,Progressive Corporation (The),"Prudential Financial, Inc.",-2.907636603670428,0.04446714393321853,0.05,0.003057700194886369,False,466.47854829072537,-2154.582721295522,,,,,,,,,,,,,,
US_INSURANCE,PGR,TRV,Progressive Corporation (The),"The Travelers Companies, Inc.",-2.821713461876179,0.05523846874746868,0.05,0.003057700194886369,False,-0.3282113351597085,7.2301763262618,,,,,,,,,,,,,,
US_INSURANCE,HIG,LNC,"The Hartford Insurance Group, I",Lincoln National Corporation,-2.797171651481973,0.058678914673095335,0.05,0.003057700194886369,False,0.6681651457717589,2.4437361800966846,,,,,,,,,,,,,,
US_INSURANCE,AFL,HIG,AFLAC Incorporated,"The Hartford Insurance Group, I",-2.7073037882939275,0.0727828998596064,0.05,0.003057700194886369,False,0.6014990803693726,1.7653280421687656,,,,,,,,,,,,,,
US_INSURANCE,AIG,CB,"American International Group, I",Chubb Limited,-2.695464550561981,0.07482639354847914,0.05,0.003057700194886369,False,0.3941282189496273,2.0913616263890837,,,,,,,,,,,,,,
US_INSURANCE,AFL,AIG,AFLAC Incorporated,"American International Group, I",-2.6898229867770054,0.07581595401307682,0.05,0.003057700194886369,False,2.0365713865367763,-4.1531214425323135,,,,,,,,,,,,,,
US_INSURANCE,AFL,UNM,AFLAC Incorporated,Unum Group,-2.685825194656383,0.07652341221246985,0.05,0.003057700194886369,False,0.30529447204027255,3.350354832954886,,,,,,,,,,,,,,
US_INSURANCE,LNC,PGR,Lincoln National Corporation,Progressive Corporation (The),-2.6708883892862,0.07921273654442673,0.05,0.003057700194886369,False,-3.7185252713882635,23.62691265939625,,,,,,,,,,,,,,
US_INSURANCE,ALL,MET,Allstate Corporation (The),"MetLife, Inc.",-2.6645680256911,0.08037277611577587,0.05,0.003057700194886369,False,1.6582086621317278,-1.916677912180747,,,,,,,,,,,,,,
US_INSURANCE,LNC,MET,Lincoln National Corporation,"MetLife, Inc.",-2.63232529326777,0.08649861442883128,0.05,0.003057700194886369,False,4.2322746746289654,-14.805200663334317,,,,,,,,,,,,,,
US_INSURANCE,MET,PGR,"MetLife, Inc.",Progressive Corporation (The),-2.62922848315036,0.08710553763971995,0.05,0.003057700194886369,False,0.24565193206541633,3.0000220409866456,,,,,,,,,,,,,,
US_INSURANCE,AFL,MET,AFLAC Incorporated,"MetLife, Inc.",-2.6284683228733376,0.08725501919149192,0.05,0.003057700194886369,False,1.1382266319546086,-0.2791328116429366,,,,,,,,,,,,,,
US_INSURANCE,MET,TRV,"MetLife, Inc.","The Travelers Companies, Inc.",-2.562884736368937,0.100913399497009,0.05,0.003057700194886369,False,0.2781232343451405,2.7850774852702207,,,,,,,,,,,,,,
US_INSURANCE,LNC,TRV,Lincoln National Corporation,"The Travelers Companies, Inc.",-2.559896257823164,0.10157235946811605,0.05,0.003057700194886369,False,1.2300598605675381,-3.311947904962961,,,,,,,,,,,,,,
US_INSURANCE,ALL,PGR,Allstate Corporation (The),Progressive Corporation (The),-2.534346688982789,0.10733945384988641,0.05,0.003057700194886369,False,0.12709175995744862,4.573749316834708,,,,,,,,,,,,,,
US_INSURANCE,HIG,MET,"The Hartford Insurance Group, I","MetLife, Inc.",-2.4780135999204975,0.12091590728216306,0.05,0.003057700194886369,False,3.4640136531731835,-10.202280762694787,,,,,,,,,,,,,,
US_INSURANCE,GL,LNC,Globe Life Inc.,Lincoln National Corporation,-2.477886119640977,0.12094799750638807,0.05,0.003057700194886369,False,1.325747776205786,0.1503206066340219,,,,,,,,,,,,,,
US_INSURANCE,ALL,CB,Allstate Corporation (The),Chubb Limited,-2.382146832219228,0.1468388629163221,0.05,0.003057700194886369,False,1.089427576105504,-0.9032033020227344,,,,,,,,,,,,,,
US_INSURANCE,CB,MET,Chubb Limited,"MetLife, Inc.",-2.3556087035223037,0.15465933685620814,0.05,0.003057700194886369,False,2.3110579150187047,-4.345446058582626,,,,,,,,,,,,,,
US_INSURANCE,CB,GL,Chubb Limited,Globe Life Inc.,-2.3468717341838126,0.15729600448419662,0.05,0.003057700194886369,False,0.35373827246180706,3.9567987347425353,,,,,,,,,,,,,,
US_INSURANCE,ALL,HIG,Allstate Corporation (The),"The Hartford Insurance Group, I",-2.296631939739223,0.17305653909251395,0.05,0.003057700194886369,False,0.7961467299478235,1.4458073156566145,,,,,,,,,,,,,,
US_INSURANCE,GL,PGR,Globe Life Inc.,Progressive Corporation (The),-2.2566350419844525,0.18633550927861786,0.05,0.003057700194886369,False,-11.218393418225489,65.48604318343064,,,,,,,,,,,,,,
US_INSURANCE,TRV,UNM,"The Travelers Companies, Inc.",Unum Group,-2.2340588148702283,0.19411704761961251,0.05,0.003057700194886369,False,0.7166892673714863,2.5040465314169364,,,,,,,,,,,,,,
US_INSURANCE,AIG,MET,"American International Group, I","MetLife, Inc.",-2.2179177539505575,0.19980673368364932,0.05,0.003057700194886369,False,0.5951224642268993,1.7453885606895798,,,,,,,,,,,,,,
US_INSURANCE,HIG,TRV,"The Hartford Insurance Group, I","The Travelers Companies, Inc.",-2.1371912195644005,0.22982508250782813,0.05,0.003057700194886369,False,0.8443838137563133,0.10592955454562603,,,,,,,,,,,,,,
US_INSURANCE,MET,PRU,"MetLife, Inc.","Prudential Financial, Inc.",-2.1143667384708045,0.23877704253930593,0.05,0.003057700194886369,False,0.8930467358124528,0.1934762097073941,,,,,,,,,,,,,,
US_INSURANCE,GL,UNM,Globe Life Inc.,Unum Group,-2.07798422664603,0.25345889614227285,0.05,0.003057700194886369,False,1.124067392699041,0.032845530694260994,,,,,,,,,,,,,,
US_INSURANCE,CB,TRV,Chubb Limited,"The Travelers Companies, Inc.",-2.0392078320349967,0.26965071038466937,0.05,0.003057700194886369,False,0.6011233012193596,2.322106252320896,,,,,,,,,,,,,,
US_INSURANCE,GL,HIG,Globe Life Inc.,"The Hartford Insurance Group, I",-1.9057898204672883,0.3293423178355521,0.05,0.003057700194886369,False,1.8001896711505143,-3.816807473995378,,,,,,,,,,,,,,
US_INSURANCE,LNC,UNM,Lincoln National Corporation,Unum Group,-1.8931021130954209,0.3353130201182737,0.05,0.003057700194886369,False,0.8192787311153188,0.03292084808944162,,,,,,,,,,,,,,
US_INSURANCE,CB,UNM,Chubb Limited,Unum Group,-1.8624086100126287,0.3499465615878842,0.05,0.003057700194886369,False,0.3154686552808463,4.317585714075125,,,,,,,,,,,,,,
US_INSURANCE,HIG,UNM,"The Hartford Insurance Group, I",Unum Group,-1.6431832626376857,0.46059793398480453,0.05,0.003057700194886369,False,0.5456839285882742,2.4730834122851415,,,,,,,,,,,,,,
US_INSURANCE,CB,LNC,Chubb Limited,Lincoln National Corporation,-1.600694291129593,0.4832446940949427,0.05,0.003057700194886369,False,0.31699968246163607,4.544120113154067,,,,,,,,,,,,,,
US_INSURANCE,CB,HIG,Chubb Limited,"The Hartford Insurance Group, I",-1.5080281221080367,0.5295362694485823,0.05,0.003057700194886369,False,0.7150413377381222,2.2316768131564695,,,,,,,,,,,,,,
US_INSURANCE,PGR,UNM,Progressive Corporation (The),Unum Group,-1.2853864234379015,0.6358312421609214,0.05,0.003057700194886369,False,0.209233493270384,4.519363574263228,,,,,,,,,,,,,,
US_MEDIA_TELECOM,CMCSA,VZ,Comcast Corporation,Verizon Communications Inc.,-2.7747164027477007,0.06197709590424539,0.05,,False,-1.7596685102710183,9.894271146437188,,,,,,,,,,,,,,
US_MEDIA_TELECOM,CHTR,TMUS,"Charter Communications, Inc.","T-Mobile US, Inc.",-2.521166967716852,0.11040874544498597,0.05,,False,4.831545455410444,-20.248048587619667,,,,,,,,,,,,,,
US_MEDIA_TELECOM,CHTR,VZ,"Charter Communications, Inc.",Verizon Communications Inc.,-2.5147108705322165,0.11193591656930257,0.05,,False,-5.20176048665237,24.814299454449014,,,,,,,,,,,,,,
US_MEDIA_TELECOM,CMCSA,TMUS,Comcast Corporation,"T-Mobile US, Inc.",-2.303395732604884,0.17087511905477393,0.05,,False,1.4438299898559657,-4.328020435608305,,,,,,,,,,,,,,
US_MEDIA_TELECOM,CHTR,T,"Charter Communications, Inc.",AT&T Inc.,-2.050646443113552,0.264817026306769,0.05,,False,-6.883918761020398,27.361918546028665,,,,,,,,,,,,,,
US_MEDIA_TELECOM,CHTR,CMCSA,"Charter Communications, Inc.",Comcast Corporation,-1.9457895554234512,0.3108361118880043,0.05,,False,2.9025928495812643,-4.251693984760302,,,,,,,,,,,,,,
US_MEDIA_TELECOM,TMUS,VZ,"T-Mobile US, Inc.",Verizon Communications Inc.,-1.7449057872902263,0.40813668546384707,0.05,,False,15.525815779111198,-51.849051905535546,,,,,,,,,,,,,,
US_MEDIA_TELECOM,CMCSA,T,Comcast Corporation,AT&T Inc.,-1.5795095417410516,0.4938778286890816,0.05,,False,-0.6966106381401812,5.6077457859936795,,,,,,,,,,,,,,
US_MEDIA_TELECOM,T,TMUS,AT&T Inc.,"T-Mobile US, Inc.",-1.0828807322246439,0.7218503665451451,0.05,,False,1.5089432491964336,-4.932924014405811,,,,,,,,,,,,,,
US_MEDIA_TELECOM,T,VZ,AT&T Inc.,Verizon Communications Inc.,-0.9947580310918831,0.7551713840774329,0.05,,False,1.9239255018507488,-3.9347526702916005,,,,,,,,,,,,,,
US_OIL_GAS,PSX,VLO,Phillips 66,Valero Energy Corporation,-3.7624082683719426,0.003316213805083423,0.05,,False,0.6214600024856495,1.7343280359004933,,,,,,,,,,,,,,
US_OIL_GAS,PSX,XOM,Phillips 66,ExxonMobil Holdings Corporation,-3.3276154654633765,0.013688295408729116,0.05,,False,1.0818197774855542,-0.27772749575286415,,,,,,,,,,,,,,
US_OIL_GAS,EOG,OXY,"EOG Resources, Inc.",Occidental Petroleum Corporatio,-3.1522435216485647,0.022920842364114218,0.05,,False,0.5768103933636957,2.537005895618944,,,,,,,,,,,,,,
US_OIL_GAS,FANG,OXY,"Diamondback Energy, Inc.",Occidental Petroleum Corporatio,-3.1267321461362796,0.024637106501779322,0.05,,False,1.00612938480484,1.1837736110037493,,,,,,,,,,,,,,
US_OIL_GAS,APA,DVN,APA Corporation,Devon Energy Corporation,-3.120299169914584,0.025086977066379072,0.05,,False,1.7654229787115994,-3.2028824087973233,,,,,,,,,,,,,,
US_OIL_GAS,APA,PSX,APA Corporation,Phillips 66,-3.0749960517257833,0.028459785773229607,0.05,,False,1.7380877911822132,-5.288332945716597,,,,,,,,,,,,,,
US_OIL_GAS,DVN,XOM,Devon Energy Corporation,ExxonMobil Holdings Corporation,-3.0616420734966385,0.02952517641598965,0.05,,False,1.0787782476819838,-1.5198098158512003,,,,,,,,,,,,,,
US_OIL_GAS,COP,DVN,ConocoPhillips,Devon Energy Corporation,-2.9278963814931833,0.04219887142116041,0.05,,False,0.7422137486614555,1.9103301882156982,,,,,,,,,,,,,,
US_OIL_GAS,VLO,XOM,Valero Energy Corporation,ExxonMobil Holdings Corporation,-2.715145452914349,0.07145391237222828,0.05,,False,1.770048759643746,-3.3766721241226216,,,,,,,,,,,,,,
US_OIL_GAS,COP,FANG,ConocoPhillips,"Diamondback Energy, Inc.",-2.691448308436288,0.07552981169053409,0.05,,False,0.8111179402056387,0.47433181680180425,,,,,,,,,,,,,,
US_OIL_GAS,MPC,VLO,Marathon Petroleum Corporation,Valero Energy Corporation,-2.665939480717888,0.08011993636413872,0.05,,False,0.7549806933030708,1.3438815771482506,,,,,,,,,,,,,,
US_OIL_GAS,COP,OXY,ConocoPhillips,Occidental Petroleum Corporatio,-2.6616980654489164,0.08090389852071439,0.05,,False,0.8135547613162645,1.4442973080897814,,,,,,,,,,,,,,
US_OIL_GAS,APA,XOM,APA Corporation,ExxonMobil Holdings Corporation,-2.6005481265295423,0.09288403374305809,0.05,,False,1.9602916353788529,-6.150957886736645,,,,,,,,,,,,,,
US_OIL_GAS,COP,XOM,ConocoPhillips,ExxonMobil Holdings Corporation,-2.5511951506536437,0.10350948774377333,0.05,,False,0.7611966658885118,0.9698414979702448,,,,,,,,,,,,,,
US_OIL_GAS,APA,CVX,APA Corporation,Chevron Corporation,-2.5018570598836765,0.11502313564275346,0.05,,False,2.4734816685568872,-9.238255320085957,,,,,,,,,,,,,,
US_OIL_GAS,CVX,VLO,Chevron Corporation,Valero Energy Corporation,-2.4888569251030237,0.11820914991259157,0.05,,False,0.4661219635538765,2.667581262726836,,,,,,,,,,,,,,
US_OIL_GAS,EOG,FANG,"EOG Resources, Inc.","Diamondback Energy, Inc.",-2.474306123384518,0.12185172989923365,0.05,,False,0.5488750427159852,1.9821164098587283,,,,,,,,,,,,,,
US_OIL_GAS,COP,EOG,ConocoPhillips,"EOG Resources, Inc.",-2.4599769252626205,0.1255184648413289,0.05,,False,1.376668549770065,-1.973125845411567,,,,,,,,,,,,,,
US_OIL_GAS,EOG,VLO,"EOG Resources, Inc.",Valero Energy Corporation,-2.429276217173729,0.13364330712037437,0.05,,False,0.19119626640691514,3.8020643087010764,,,,,,,,,,,,,,
US_OIL_GAS,APA,COP,APA Corporation,ConocoPhillips,-2.428990525932896,0.13372064780751397,0.05,,False,2.459154869171027,-8.11615755349948,,,,,,,,,,,,,,
US_OIL_GAS,OXY,XOM,Occidental Petroleum Corporatio,ExxonMobil Holdings Corporation,-2.423035899128813,0.13533996584825814,0.05,,False,0.9378889011988266,-0.5938557449822932,,,,,,,,,,,,,,
US_OIL_GAS,CVX,XOM,Chevron Corporation,ExxonMobil Holdings Corporation,-2.407841106618636,0.13953553368242566,0.05,,False,0.8334102832347835,1.0539760902318815,,,,,,,,,,,,,,
US_OIL_GAS,DVN,PSX,Devon Energy Corporation,Phillips 66,-2.4007534353150337,0.14152387005190126,0.05,,False,0.9834132480164504,-1.1759140970473725,,,,,,,,,,,,,,
US_OIL_GAS,MPC,PSX,Marathon Petroleum Corporation,Phillips 66,-2.354288376414528,0.1550558153406298,0.05,,False,1.2205488899803967,-0.790763933028324,,,,,,,,,,,,,,
US_OIL_GAS,DVN,VLO,Devon Energy Corporation,Valero Energy Corporation,-2.3449535832139183,0.15787899132571526,0.05,,False,0.5301034378308328,0.937298174302438,,,,,,,,,,,,,,
US_OIL_GAS,CVX,PSX,Chevron Corporation,Phillips 66,-2.344580410419089,0.15799258291955354,0.05,,False,0.7634058536859227,1.3018171329085413,,,,,,,,,,,,,,
US_OIL_GAS,APA,VLO,APA Corporation,Valero Energy Corporation,-2.3151083594788844,0.16714151437583763,0.05,,False,1.0619190248652783,-2.18221168965599,,,,,,,,,,,,,,
US_OIL_GAS,EOG,MPC,"EOG Resources, Inc.",Marathon Petroleum Corporation,-2.302266159207573,0.17123813174197533,0.05,,False,0.27030494630722873,3.374030042196738,,,,,,,,,,,,,,
US_OIL_GAS,DVN,EOG,Devon Energy Corporation,"EOG Resources, Inc.",-2.2924589786519216,0.1744116370593098,0.05,,False,2.145884585791529,-6.6188411261611,,,,,,,,,,,,,,
US_OIL_GAS,APA,EOG,APA Corporation,"EOG Resources, Inc.",-2.2882722306657923,0.17577831306884617,0.05,,False,4.230529137153709,-16.994147870545223,,,,,,,,,,,,,,
US_OIL_GAS,DVN,FANG,Devon Energy Corporation,"Diamondback Energy, Inc.",-2.2411703049596543,0.19164362992277117,0.05,,False,1.1002037025700202,-1.9720885193386195,,,,,,,,,,,,,,
US_OIL_GAS,COP,VLO,ConocoPhillips,Valero Energy Corporation,-2.164408475752795,0.21941569892990714,0.05,,False,0.3596229491724897,2.7761464793997193,,,,,,,,,,,,,,
US_OIL_GAS,EOG,PSX,"EOG Resources, Inc.",Phillips 66,-2.136111977281903,0.2302438209292863,0.05,,False,0.4159466837930625,2.7421868026196052,,,,,,,,,,,,,,
US_OIL_GAS,COP,PSX,ConocoPhillips,Phillips 66,-2.119900683895526,0.23658809201480646,0.05,,False,0.691141903620631,1.225932349778133,,,,,,,,,,,,,,
US_OIL_GAS,OXY,VLO,Occidental Petroleum Corporatio,Valero Energy Corporation,-2.102491859875229,0.24351379341634383,0.05,,False,0.3467933566830586,2.116132250556946,,,,,,,,,,,,,,
US_OIL_GAS,CVX,DVN,Chevron Corporation,Devon Energy Corporation,-2.0973438777087696,0.24558398211845284,0.05,,False,0.7177491054441976,2.4255845604093396,,,,,,,,,,,,,,
US_OIL_GAS,MPC,XOM,Marathon Petroleum Corporation,ExxonMobil Holdings Corporation,-2.088669562136722,0.24909496723416263,0.05,,False,1.3562237701393232,-1.2998134513714525,,,,,,,,,,,,,,
US_OIL_GAS,APA,FANG,APA Corporation,"Diamondback Energy, Inc.",-2.0783518782026675,0.2533080349687267,0.05,,False,2.0635982371746557,-7.299046585449307,,,,,,,,,,,,,,
US_OIL_GAS,EOG,XOM,"EOG Resources, Inc.",ExxonMobil Holdings Corporation,-2.066272514206392,0.2582909984463191,0.05,,False,0.45836405874074504,2.5868459725007362,,,,,,,,,,,,,,
US_OIL_GAS,APA,OXY,APA Corporation,Occidental Petroleum Corporatio,-2.044463158017743,0.2674240475287708,0.05,,False,2.154983562147584,-5.160169043098563,,,,,,,,,,,,,,
US_OIL_GAS,DVN,OXY,Devon Energy Corporation,Occidental Petroleum Corporatio,-2.02944373011365,0.27381410187982924,0.05,,False,1.111472403723776,-0.6871652355353808,,,,,,,,,,,,,,
US_OIL_GAS,FANG,XOM,"Diamondback Energy, Inc.",ExxonMobil Holdings Corporation,-2.01412485154811,0.28041439114770006,0.05,,False,0.9537329373542243,0.5383326358594509,,,,,,,,,,,,,,
US_OIL_GAS,DVN,MPC,Devon Energy Corporation,Marathon Petroleum Corporation,-2.0127492469339474,0.2810111284819691,0.05,,False,0.7485378510254878,-0.24482982870917436,,,,,,,,,,,,,,
US_OIL_GAS,CVX,OXY,Chevron Corporation,Occidental Petroleum Corporatio,-1.987694394253296,0.29199460664811605,0.05,,False,0.7625043023283715,2.0684670822197897,,,,,,,,,,,,,,
US_OIL_GAS,CVX,EOG,Chevron Corporation,"EOG Resources, Inc.",-1.9474569058606455,0.3100755089135199,0.05,,False,1.6356894935280273,-2.7799364888260207,,,,,,,,,,,,,,
US_OIL_GAS,COP,CVX,ConocoPhillips,Chevron Corporation,-1.9450329071208796,0.3111815675225392,0.05,,False,0.9379763677738161,-0.11622937072412842,,,,,,,,,,,,,,
US_OIL_GAS,FANG,VLO,"Diamondback Energy, Inc.",Valero Energy Corporation,-1.9279371193389407,0.3190348675453222,0.05,,False,0.38116116629267843,3.150707500404261,,,,,,,,,,,,,,
US_OIL_GAS,OXY,PSX,Occidental Petroleum Corporatio,Phillips 66,-1.9265835725968434,0.31966053458873367,0.05,,False,0.8405554075754174,-0.22477477524891665,,,,,,,,,,,,,,
US_OIL_GAS,CVX,MPC,Chevron Corporation,Marathon Petroleum Corporation,-1.9240467117423572,0.32083469745615933,0.05,,False,0.5975582264437695,1.9398639994909788,,,,,,,,,,,,,,
US_OIL_GAS,COP,MPC,ConocoPhillips,Marathon Petroleum Corporation,-1.9072590752057943,0.32865395633252886,0.05,,False,0.4857228394674956,2.0877397923614387,,,,,,,,,,,,,,
US_OIL_GAS,FANG,PSX,"Diamondback Energy, Inc.",Phillips 66,-1.9019643214830848,0.3311375969121441,0.05,,False,0.8575372278511633,0.9001274885652668,,,,,,,,,,,,,,
US_OIL_GAS,MPC,OXY,Marathon Petroleum Corporation,Occidental Petroleum Corporatio,-1.8842575156328096,0.3395027246277197,0.05,,False,1.8198297792148534,-1.8840589564963315,,,,,,,,,,,,,,
US_OIL_GAS,APA,MPC,APA Corporation,Marathon Petroleum Corporation,-1.8287954086630929,0.3662621619205868,0.05,,False,1.46579931561468,-4.377057331160808,,,,,,,,,,,,,,
US_OIL_GAS,FANG,MPC,"Diamondback Energy, Inc.",Marathon Petroleum Corporation,-1.6633196186078527,0.45010344862943086,0.05,,False,0.5757917374721893,2.1075679864488484,,,,,,,,,,,,,,
US_OIL_GAS,CVX,FANG,Chevron Corporation,"Diamondback Energy, Inc.",-1.6047943213235651,0.481184715544677,0.05,,False,0.7557059323254651,1.182245356603997,,,,,,,,,,,,,,
US_PAYMENTS,AXP,SYF,American Express Company,Synchrony Financial,-2.981204963758594,0.03668729129131543,0.05,,False,0.7014831211931108,2.795381946105395,,,,,,,,,,,,,,
US_PAYMENTS,SYF,V,Synchrony Financial,Visa Inc.,-1.7029953128843722,0.4295698661142491,0.05,,False,2.649520749321231,-11.129854854854898,,,,,,,,,,,,,,
US_PAYMENTS,AXP,V,American Express Company,Visa Inc.,-1.620051933338189,0.47270207135382386,0.05,,False,1.6224925746421628,-3.6518003069628477,,,,,,,,,,,,,,
US_PAYMENTS,MA,SYF,Mastercard Incorporated,Synchrony Financial,-1.5639645883959665,0.5016655827695462,0.05,,False,0.2860971390777116,5.0774441832257295,,,,,,,,,,,,,,
US_PAYMENTS,MA,V,Mastercard Incorporated,Visa Inc.,-1.4210908768055173,0.5721241688776765,0.05,,False,0.8049900471244776,1.622623465244403,,,,,,,,,,,,,,
US_PAYMENTS,AXP,MA,American Express Company,Mastercard Incorporated,-1.321392024006369,0.619329503243993,0.05,,False,2.1303015995136776,-7.640689687208276,,,,,,,,,,,,,,
US_PHARMA,MRK,PFE,"Merck & Company, Inc.","Pfizer, Inc.",-4.734446401335391,7.246924495674946e-05,0.05,7.246924495674946e-05,True,2.6045122872549564,-3.71372254789343,9.175843257462363,-0.0003887759080876582,-0.07554043384472976,28.0,1.4584258230185043,3.7925652703325285,False,,0.4,0.02462147528463082,0.5970134501220665,0.7942320528948064,False,mixed signal
US_PHARMA,AMGN,LLY,Amgen Inc.,Eli Lilly and Company,-3.5628030676124225,0.00651329158649352,0.05,7.246924495674946e-05,False,0.7209071461796892,0.8286097311473561,,,,,,,,,,,,,,
US_PHARMA,BMY,MRK,Bristol-Myers Squibb Company,"Merck & Company, Inc.",-3.4086799036559015,0.01066650930613046,0.05,7.246924495674946e-05,False,0.4998922099847139,1.6177398904641334,,,,,,,,,,,,,,
US_PHARMA,AMGN,PFE,Amgen Inc.,"Pfizer, Inc.",-3.25090265815788,0.01722093924767376,0.05,7.246924495674946e-05,False,1.6592010848940282,0.43562071853264683,,,,,,,,,,,,,,
US_PHARMA,BMY,LLY,Bristol-Myers Squibb Company,Eli Lilly and Company,-3.136428303620216,0.023972175993647114,0.05,7.246924495674946e-05,False,0.8680391132117363,-1.975164024782365,,,,,,,,,,,,,,
US_PHARMA,AMGN,JNJ,Amgen Inc.,Johnson & Johnson,-3.0736609398274464,0.028564802268337835,0.05,7.246924495674946e-05,False,0.4845640899945149,3.2089168917073065,,,,,,,,,,,,,,
US_PHARMA,AMGN,MRK,Amgen Inc.,"Merck & Company, Inc.",-3.036362568114579,0.03163532447065882,0.05,7.246924495674946e-05,False,0.5409537833353159,3.2393184098225176,,,,,,,,,,,,,,
US_PHARMA,LLY,PFE,Eli Lilly and Company,"Pfizer, Inc.",-3.020939044255909,0.03298468962402683,0.05,7.246924495674946e-05,False,2.6559421038551734,-1.6704876341118098,,,,,,,,,,,,,,
US_PHARMA,ABBV,JNJ,AbbVie Inc.,Johnson & Johnson,-2.9514004250924977,0.03968904007939205,0.05,7.246924495674946e-05,False,0.5520147355244158,2.4190436791463803,,,,,,,,,,,,,,
US_PHARMA,LLY,MRK,Eli Lilly and Company,"Merck & Company, Inc.",-2.9088534431881894,0.04432810654052843,0.05,7.246924495674946e-05,False,0.7680394041654486,3.2635213937395164,,,,,,,,,,,,,,
US_PHARMA,JNJ,LLY,Johnson & Johnson,Eli Lilly and Company,-2.843181717335551,0.05236538546555839,0.05,7.246924495674946e-05,False,1.6427203632658254,-5.960410775683244,,,,,,,,,,,,,,
US_PHARMA,ABBV,LLY,AbbVie Inc.,Eli Lilly and Company,-2.824773826656067,0.054821212892868496,0.05,7.246924495674946e-05,False,0.7439810093261371,0.23003378160556132,,,,,,,,,,,,,,
US_PHARMA,JNJ,PFE,Johnson & Johnson,"Pfizer, Inc.",-2.7755551722396583,0.06185126692183402,0.05,7.246924495674946e-05,False,4.5040342016499775,-9.15249253720727,,,,,,,,,,,,,,
US_PHARMA,JNJ,MRK,Johnson & Johnson,"Merck & Company, Inc.",-2.5833279453724627,0.09649223203970914,0.05,7.246924495674946e-05,False,1.368312631375792,-1.0852782556181362,,,,,,,,,,,,,,
US_PHARMA,ABBV,GILD,AbbVie Inc.,"Gilead Sciences, Inc.",-2.5512599734582326,0.10349495393380093,0.05,7.246924495674946e-05,False,0.4451238016339773,3.1972119375656365,,,,,,,,,,,,,,
US_PHARMA,GILD,PFE,"Gilead Sciences, Inc.","Pfizer, Inc.",-2.4510553020869703,0.1278416249328626,0.05,7.246924495674946e-05,False,23.427120158339715,-69.75282979832899,,,,,,,,,,,,,,
US_PHARMA,BMY,PFE,Bristol-Myers Squibb Company,"Pfizer, Inc.",-2.329676136718849,0.1625753530068999,0.05,7.246924495674946e-05,False,3.912601776966732,-8.528559710692026,,,,,,,,,,,,,,
US_PHARMA,ABBV,PFE,AbbVie Inc.,"Pfizer, Inc.",-2.3159941330660385,0.16686142059753495,0.05,7.246924495674946e-05,False,3.3883337151629984,-5.4976255914876555,,,,,,,,,,,,,,
US_PHARMA,ABBV,AMGN,AbbVie Inc.,Amgen Inc.,-2.214294322909448,0.2010984075692882,0.05,7.246924495674946e-05,False,1.1786167086291703,-1.4614019931685815,,,,,,,,,,,,,,
US_PHARMA,ABBV,MRK,AbbVie Inc.,"Merck & Company, Inc.",-2.1509063458127344,0.22454332531306925,0.05,7.246924495674946e-05,False,0.20214344206820267,4.340654224268918,,,,,,,,,,,,,,
US_PHARMA,BMY,JNJ,Bristol-Myers Squibb Company,Johnson & Johnson,-2.115695535970911,0.23825036226297153,0.05,7.246924495674946e-05,False,0.49874359556596665,1.327212654868362,,,,,,,,,,,,,,
US_PHARMA,GILD,LLY,"Gilead Sciences, Inc.",Eli Lilly and Company,-2.0950544894883967,0.24650786067514396,0.05,7.246924495674946e-05,False,3.3329928058060583,-17.903708491267984,,,,,,,,,,,,,,
US_PHARMA,AMGN,GILD,Amgen Inc.,"Gilead Sciences, Inc.",-1.9887913866860034,0.29150920728856644,0.05,7.246924495674946e-05,False,0.2720012241426659,4.442701580390158,,,,,,,,,,,,,,
US_PHARMA,BMY,GILD,Bristol-Myers Squibb Company,"Gilead Sciences, Inc.",-1.916050635706818,0.32454846532248594,0.05,7.246924495674946e-05,False,0.4089726093565206,1.998724335294081,,,,,,,,,,,,,,
US_PHARMA,AMGN,BMY,Amgen Inc.,Bristol-Myers Squibb Company,-1.8991146224736262,0.33247773482774035,0.05,7.246924495674946e-05,False,0.630773291784476,3.24704317294851,,,,,,,,,,,,,,
US_PHARMA,ABBV,BMY,AbbVie Inc.,Bristol-Myers Squibb Company,-1.5266610597143315,0.5202836984269974,0.05,7.246924495674946e-05,False,0.751290867303695,2.335033280804272,,,,,,,,,,,,,,
US_PHARMA,GILD,JNJ,"Gilead Sciences, Inc.",Johnson & Johnson,-1.425816359964666,0.5698387790477246,0.05,7.246924495674946e-05,False,1.224319799292151,-1.6667495283243614,,,,,,,,,,,,,,
US_PHARMA,GILD,MRK,"Gilead Sciences, Inc.","Merck & Company, Inc.",-1.3354192497343713,0.6128162728123957,0.05,7.246924495674946e-05,False,-202.97616320002936,929.5398897233836,,,,,,,,,,,,,,
US_RAILROADS,CNI,CP,Canadian National Railway Compa,Canadian Pacific Kansas City Li,-3.58610130897158,0.006032368187741118,0.05,,False,1.219986657603819,-0.6847323685849558,,,,,,,,,,,,,,
US_RAILROADS,CSX,UNP,CSX Corporation,Union Pacific Corporation,-3.1578945520619612,0.02255497515116392,0.05,,False,2.264177892498003,-8.773457899377874,,,,,,,,,,,,,,
US_RAILROADS,CP,UNP,Canadian Pacific Kansas City Li,Union Pacific Corporation,-3.1182856531546252,0.025229231644338445,0.05,,False,0.947432608883249,-0.8021227413609919,,,,,,,,,,,,,,
US_RAILROADS,CNI,UNP,Canadian National Railway Compa,Union Pacific Corporation,-3.0770826069600505,0.02829632378787438,0.05,,False,1.2286992200823528,-2.0594624426911023,,,,,,,,,,,,,,
US_RAILROADS,CP,CSX,Canadian Pacific Kansas City Li,CSX Corporation,-2.6650088238388716,0.08029144311110864,0.05,,False,0.3397362243663303,3.147702222267799,,,,,,,,,,,,,,
US_RAILROADS,CNI,CSX,Canadian National Railway Compa,CSX Corporation,-2.36607040645703,0.15154262074420272,0.05,,False,0.3306166376265684,3.4522692047963743,,,,,,,,,,,,,,
US_RAILROADS,CP,NSC,Canadian Pacific Kansas City Li,Norfolk Southern Corporation,-2.2157730565928855,0.2005706335677212,0.05,,False,0.200001335061324,3.238869430028977,,,,,,,,,,,,,,
US_RAILROADS,NSC,UNP,Norfolk Southern Corporation,Union Pacific Corporation,-1.9969730612157874,0.28790188148468776,0.05,,False,2.569067250137133,-8.414150892802036,,,,,,,,,,,,,,
US_RAILROADS,CNI,NSC,Canadian National Railway Compa,Norfolk Southern Corporation,-1.8687610577840783,0.3468965315411964,0.05,,False,-0.017046530912774527,4.717357457916156,,,,,,,,,,,,,,
US_RAILROADS,CSX,NSC,CSX Corporation,Norfolk Southern Corporation,-1.683369647699167,0.439700659552204,0.05,,False,1.0728049730011768,-2.42199995160905,,,,,,,,,,,,,,
US_REIT,AMT,SPG,American Tower Corporation (REI,"Simon Property Group, Inc.",-3.849535599143351,0.0024392769200766514,0.05,,False,-0.5749971450101781,8.18322320768582,,,,,,,,,,,,,,
US_REIT,AMT,PLD,American Tower Corporation (REI,"Prologis, Inc.",-3.2575227274309597,0.016887319121100766,0.05,,False,-0.5012060295184516,7.6261794529015,,,,,,,,,,,,,,
US_REIT,AMT,DLR,American Tower Corporation (REI,"Digital Realty Trust, Inc.",-3.2421803185829523,0.017669311483489453,0.05,,False,-0.6801660206801531,8.707663504029185,,,,,,,,,,,,,,
US_REIT,AMT,WELL,American Tower Corporation (REI,Welltower Inc.,-3.155635307296147,0.022700635580431505,0.05,,False,-0.1986146320395989,6.2488765212657755,,,,,,,,,,,,,,
US_REIT,AMT,O,American Tower Corporation (REI,Realty Income Corporation,-3.018481005825037,0.03320418161103497,0.05,,False,-1.3713126497097783,10.738948167515312,,,,,,,,,,,,,,
US_REIT,AMT,EQIX,American Tower Corporation (REI,"Equinix, Inc.",-2.8155867213153765,0.05608157789285504,0.05,,False,-0.347009818933021,7.585890433301568,,,,,,,,,,,,,,
US_REIT,EQIX,PSA,"Equinix, Inc.",Public Storage,-2.7310195231188774,0.06882262313859919,0.05,,False,2.705802079956419,-8.551668071704523,,,,,,,,,,,,,,
US_REIT,DLR,SPG,"Digital Realty Trust, Inc.","Simon Property Group, Inc.",-2.600139404674764,0.09296845875022947,0.05,,False,0.7629587611490483,1.1917170886991744,,,,,,,,,,,,,,
US_REIT,PSA,WELL,Public Storage,Welltower Inc.,-2.582585155879523,0.0966502434212726,0.05,,False,-0.04917552050444221,5.897686867273518,,,,,,,,,,,,,,
US_REIT,DLR,O,"Digital Realty Trust, Inc.",Realty Income Corporation,-2.432522836441386,0.13276665585296854,0.05,,False,1.444634512118876,-0.6982134950299281,,,,,,,,,,,,,,
US_REIT,O,PLD,Realty Income Corporation,"Prologis, Inc.",-2.4181659169447207,0.13667471704980572,0.05,,False,0.6201513322698963,1.061799636390377,,,,,,,,,,,,,,
US_REIT,PSA,SPG,Public Storage,"Simon Property Group, Inc.",-2.3973061157465967,0.14249818165362466,0.05,,False,0.09237744049819789,5.178480738705375,,,,,,,,,,,,,,
US_REIT,DLR,PSA,"Digital Realty Trust, Inc.",Public Storage,-2.3915946241045445,0.14412283135667014,0.05,,False,3.3750406013702134,-13.983017073696573,,,,,,,,,,,,,,
US_REIT,PLD,PSA,"Prologis, Inc.",Public Storage,-2.3527159680592398,0.15552890719464724,0.05,,False,5.08573457479845,-23.990203725312465,,,,,,,,,,,,,,
US_REIT,PLD,SPG,"Prologis, Inc.","Simon Property Group, Inc.",-2.2525736155851876,0.18772018024289855,0.05,,False,0.994359108879295,-0.3311616740962027,,,,,,,,,,,,,,
US_REIT,O,WELL,Realty Income Corporation,Welltower Inc.,-2.231033230145711,0.19517555753507154,0.05,,False,0.2881091123089383,2.5525871731490613,,,,,,,,,,,,,,
US_REIT,DLR,WELL,"Digital Realty Trust, Inc.",Welltower Inc.,-2.207059240740173,0.2036933435660661,0.05,,False,0.29020444872866596,3.6240707695308743,,,,,,,,,,,,,,
US_REIT,O,SPG,Realty Income Corporation,"Simon Property Group, Inc.",-2.1917428725398667,0.2092559557936447,0.05,,False,0.6031382697126667,0.9254097092429583,,,,,,,,,,,,,,
US_REIT,DLR,PLD,"Digital Realty Trust, Inc.","Prologis, Inc.",-2.0989060952502108,0.2449546935565859,0.05,,False,0.6518529555175524,1.9934424939346336,,,,,,,,,,,,,,
US_REIT,SPG,WELL,"Simon Property Group, Inc.",Welltower Inc.,-2.0846524229433965,0.2507305518111662,0.05,,False,0.48158608168046646,2.678192598760475,,,,,,,,,,,,,,
US_REIT,DLR,EQIX,"Digital Realty Trust, Inc.","Equinix, Inc.",-2.0749838313219007,0.2546919573391492,0.05,,False,0.7784279624662832,-0.15764319899865242,,,,,,,,,,,,,,
US_REIT,EQIX,O,"Equinix, Inc.",Realty Income Corporation,-2.017419008217506,0.27898808243187645,0.05,,False,2.1468273266715334,-1.8595259110534306,,,,,,,,,,,,,,
US_REIT,EQIX,SPG,"Equinix, Inc.","Simon Property Group, Inc.",-2.015534733227497,0.27980347233375014,0.05,,False,0.9882838736414128,1.6918129419169459,,,,,,,,,,,,,,
US_REIT,EQIX,PLD,"Equinix, Inc.","Prologis, Inc.",-1.772076131489301,0.39441056727335055,0.05,,False,0.9946525018324331,2.017335365564767,,,,,,,,,,,,,,
US_REIT,O,PSA,Realty Income Corporation,Public Storage,-1.744006129671071,0.40859359152134767,0.05,,False,1.7547512459545207,-5.910454024211987,,,,,,,,,,,,,,
US_REIT,AMT,PSA,American Tower Corporation (REI,Public Storage,-1.6888968830251347,0.43684202496066815,0.05,,False,1.6859601995968212,-4.277227921281483,,,,,,,,,,,,,,
US_REIT,PLD,WELL,"Prologis, Inc.",Welltower Inc.,-1.633120844014494,0.46585756479965157,0.05,,False,0.3983179520580276,2.737678881612596,,,,,,,,,,,,,,
US_REIT,EQIX,WELL,"Equinix, Inc.",Welltower Inc.,-0.9786741291186964,0.7609627447436493,0.05,,False,0.26702020427355544,5.3910199658580265,,,,,,,,,,,,,,
US_RETAIL,BBY,KR,"Best Buy Co., Inc.",Kroger Company (The),-3.562907046189473,0.00651107032869251,0.05,,False,-1.1861544489300901,9.152034812355195,,,,,,,,,,,,,,
US_RETAIL,BBY,COST,"Best Buy Co., Inc.",Costco Wholesale Corporation,-3.355450333217357,0.01257462210287979,0.05,,False,-3.3279015426962797,27.040332194281422,,,,,,,,,,,,,,
US_RETAIL,BBY,DLTR,"Best Buy Co., Inc.","Dollar Tree, Inc.",-3.292220442380289,0.015229822545527199,0.05,,False,-0.3541785165678757,5.864026157884126,,,,,,,,,,,,,,
US_RETAIL,BBY,DG,"Best Buy Co., Inc.",Dollar General Corporation,-3.179303844122345,0.021214345814876138,0.05,,False,-0.3688724177316688,5.960666188400001,,,,,,,,,,,,,,
US_RETAIL,COST,KR,Costco Wholesale Corporation,Kroger Company (The),-3.162486635804397,0.022261400966984573,0.05,,False,0.47160019537424497,4.900272149305952,,,,,,,,,,,,,,
US_RETAIL,KR,TGT,Kroger Company (The),Target Corporation,-3.112846767437922,0.025616962840181407,0.05,,False,-0.5035851281370946,6.493823178475625,,,,,,,,,,,,,,
US_RETAIL,DG,WMT,Dollar General Corporation,Walmart Inc.,-3.0867470082400708,0.02754964260891214,0.05,,False,1.5480515435006368,-2.4689496264455055,,,,,,,,,,,,,,
US_RETAIL,BBY,WMT,"Best Buy Co., Inc.",Walmart Inc.,-3.0428372078072212,0.031083012034267443,0.05,,False,-0.5321734359243716,6.693703474171758,,,,,,,,,,,,,,
US_RETAIL,DG,DLTR,Dollar General Corporation,"Dollar Tree, Inc.",-3.009422133537017,0.03402381134957064,0.05,,False,1.0397199023391248,-0.09823496273248278,,,,,,,,,,,,,,
US_RETAIL,DLTR,WMT,"Dollar Tree, Inc.",Walmart Inc.,-2.895628978061084,0.045858654020332346,0.05,,False,1.3729343309179143,-1.7498318642114183,,,,,,,,,,,,,,
US_RETAIL,COST,ROST,Costco Wholesale Corporation,"Ross Stores, Inc.",-2.7174052260299506,0.07107452752372748,0.05,,False,0.11862446416315281,6.244774579888862,,,,,,,,,,,,,,
US_RETAIL,COST,TGT,Costco Wholesale Corporation,Target Corporation,-2.6893835613528276,0.07589346262547103,0.05,,False,-0.09627364139445185,7.298212125583738,,,,,,,,,,,,,,
US_RETAIL,COST,WMT,Costco Wholesale Corporation,Walmart Inc.,-2.68029928736202,0.07750983443613685,0.05,,False,0.24263667680644735,5.735690604898028,,,,,,,,,,,,,,
US_RETAIL,TJX,WMT,"TJX Companies, Inc. (The)",Walmart Inc.,-2.6415020225516495,0.08471936549076892,0.05,,False,0.6936576138535187,1.7013081687106224,,,,,,,,,,,,,,
US_RETAIL,COST,DLTR,Costco Wholesale Corporation,"Dollar Tree, Inc.",-2.6020195611279218,0.09258058321068108,0.05,,False,0.007309914164407836,6.81206264524918,,,,,,,,,,,,,,
US_RETAIL,COST,DG,Costco Wholesale Corporation,Dollar General Corporation,-2.5923066918835977,0.09459776564945899,0.05,,False,-0.005844442218178294,6.8721025189213565,,,,,,,,,,,,,,
US_RETAIL,DLTR,TJX,"Dollar Tree, Inc.","TJX Companies, Inc. (The)",-2.5629195557864954,0.10090574093426052,0.05,,False,2.106679097282878,-5.73806373756999,,,,,,,,,,,,,,
US_RETAIL,DLTR,KR,"Dollar Tree, Inc.",Kroger Company (The),-2.554526592235839,0.10276454227337128,0.05,,False,4.722304597825204,-14.946894025789934,,,,,,,,,,,,,,
US_RETAIL,BBY,TJX,"Best Buy Co., Inc.","TJX Companies, Inc. (The)",-2.50706106885458,0.11376572973333621,0.05,,False,-0.8987828087648942,8.640166521467112,,,,,,,,,,,,,,
US_RETAIL,DG,KR,Dollar General Corporation,Kroger Company (The),-2.4445954713892806,0.12954308633338607,0.05,,False,6.336109569739844,-21.520645246746163,,,,,,,,,,,,,,
US_RETAIL,COST,TJX,Costco Wholesale Corporation,"TJX Companies, Inc. (The)",-2.440297264225226,0.13068422583862244,0.05,,False,0.2611095731749237,5.5727486448538315,,,,,,,,,,,,,,
US_RETAIL,BBY,ROST,"Best Buy Co., Inc.","Ross Stores, Inc.",-2.3020480525032596,0.1713082846355069,0.05,,False,-0.40243910484111195,6.297149725540901,,,,,,,,,,,,,,
US_RETAIL,BBY,TGT,"Best Buy Co., Inc.",Target Corporation,-2.289801859605397,0.17527817317214878,0.05,,False,0.520245461406323,1.8121053359721806,,,,,,,,,,,,,,
US_RETAIL,DG,TJX,Dollar General Corporation,"TJX Companies, Inc. (The)",-2.2171668759687253,0.2000739714294411,0.05,,False,2.341661453667737,-6.801539850742866,,,,,,,,,,,,,,
US_RETAIL,ROST,WMT,"Ross Stores, Inc.",Walmart Inc.,-2.0519506517619086,0.2642689175312668,0.05,,False,0.9635143006834729,0.6555146464137707,,,,,,,,,,,,,,
US_RETAIL,KR,ROST,Kroger Company (The),"Ross Stores, Inc.",-1.8993923073111105,0.3323470425285184,0.05,,False,0.24748050862419052,2.8714631987858943,,,,,,,,,,,,,,
US_RETAIL,DG,TGT,Dollar General Corporation,Target Corporation,-1.886375164749618,0.3384975584449327,0.05,,False,-2.6008608424844835,16.848897801496744,,,,,,,,,,,,,,
US_RETAIL,ROST,TJX,"Ross Stores, Inc.","TJX Companies, Inc. (The)",-1.8429067003559694,0.35937722666540883,0.05,,False,1.4414945540522566,-1.963304481350849,,,,,,,,,,,,,,
US_RETAIL,DLTR,TGT,"Dollar Tree, Inc.",Target Corporation,-1.8111614301457017,0.3749346022473752,0.05,,False,-1.8475226890282233,13.222177787079609,,,,,,,,,,,,,,
US_RETAIL,KR,WMT,Kroger Company (The),Walmart Inc.,-1.7500294996751025,0.40553737953985564,0.05,,False,0.511740386157099,1.7840576174573655,,,,,,,,,,,,,,
US_RETAIL,TGT,WMT,Target Corporation,Walmart Inc.,-1.4144808396524027,0.5753144709204252,0.05,,False,-0.8713962083703415,8.690372773279172,,,,,,,,,,,,,,
US_RETAIL,DLTR,ROST,"Dollar Tree, Inc.","Ross Stores, Inc.",-1.3113137075645707,0.623980514659693,0.05,,False,1.413916572835575,-2.6281806098459564,,,,,,,,,,,,,,
US_RETAIL,KR,TJX,Kroger Company (The),"TJX Companies, Inc. (The)",-1.247736064052375,0.6527314124809993,0.05,,False,0.7503158322006556,0.46765771595823313,,,,,,,,,,,,,,
US_RETAIL,DG,ROST,Dollar General Corporation,"Ross Stores, Inc.",-1.1960458123971098,0.675294386299,0.05,,False,1.4905475399413501,-2.9344120242965293,,,,,,,,,,,,,,
US_RETAIL,ROST,TGT,"Ross Stores, Inc.",Target Corporation,-1.1154742583817474,0.7088616652202808,0.05,,False,1.1492433612022563,-0.34693393465299494,,,,,,,,,,,,,,
US_RETAIL,TGT,TJX,Target Corporation,"TJX Companies, Inc. (The)",-0.8677691130539689,0.7984011681221972,0.05,,False,-2.1921676066354,15.38851303664376,,,,,,,,,,,,,,
US_SEMICONDUCTORS,ADI,MU,"Analog Devices, Inc.","Micron Technology, Inc.",-3.639658408720041,0.005046569991565726,0.05,,False,0.2997133105502888,3.9753203501306924,,,,,,,,,,,,,,
US_SEMICONDUCTORS,AVGO,NVDA,Broadcom Inc.,NVIDIA Corporation,-3.5637859437529125,0.006492322103902153,0.05,,False,1.6195821222425477,-2.614075242012027,,,,,,,,,,,,,,
US_SEMICONDUCTORS,MRVL,QCOM,"Marvell Technology, Inc.",QUALCOMM Incorporated,-3.512821623078328,0.007663849054297042,0.05,,False,4.835963901183097,-20.045779002216207,,,,,,,,,,,,,,
US_SEMICONDUCTORS,ON,QCOM,ON Semiconductor Corporation,QUALCOMM Incorporated,-3.4379034328934566,0.009732644937292905,0.05,,False,3.2354920228074557,-12.295859363033612,,,,,,,,,,,,,,
US_SEMICONDUCTORS,AMD,QCOM,"Advanced Micro Devices, Inc.",QUALCOMM Incorporated,-3.3032746260292543,0.014732731654812451,0.05,,False,5.581956804650874,-23.152236135736082,,,,,,,,,,,,,,
US_SEMICONDUCTORS,NVDA,QCOM,NVIDIA Corporation,QUALCOMM Incorporated,-3.296978432208928,0.015014080100594806,0.05,,False,4.9134960527630165,-19.87413861898215,,,,,,,,,,,,,,
US_SEMICONDUCTORS,ADI,INTC,"Analog Devices, Inc.",Intel Corporation,-3.1675437383244045,0.02194193243770214,0.05,,False,0.41883656684595266,4.068915198976777,,,,,,,,,,,,,,
US_SEMICONDUCTORS,INTC,MU,Intel Corporation,"Micron Technology, Inc.",-3.076650419287559,0.028330115538142225,0.05,,False,0.6938741082527795,-0.11254150126363438,,,,,,,,,,,,,,
US_SEMICONDUCTORS,INTC,QCOM,Intel Corporation,QUALCOMM Incorporated,-3.0602592740927412,0.029637417104585714,0.05,,False,8.457931292778673,-39.429902772086095,,,,,,,,,,,,,,
US_SEMICONDUCTORS,ADI,QCOM,"Analog Devices, Inc.",QUALCOMM Incorporated,-2.8596864363837105,0.05024076817757262,0.05,,False,4.131656120251218,-15.43148908314446,,,,,,,,,,,,,,
US_SEMICONDUCTORS,MU,QCOM,"Micron Technology, Inc.",QUALCOMM Incorporated,-2.8197350235412606,0.05550958773054554,0.05,,False,16.529300698753012,-78.65673817214451,,,,,,,,,,,,,,
US_SEMICONDUCTORS,QCOM,TXN,QUALCOMM Incorporated,Texas Instruments Incorporated,-2.803133661645031,0.05782753914415504,0.05,,False,0.6402126646384033,1.7037466922229108,,,,,,,,,,,,,,
US_SEMICONDUCTORS,MPWR,QCOM,"Monolithic Power Systems, Inc.",QUALCOMM Incorporated,-2.7840588994132665,0.06058716726978311,0.05,,False,5.122679753389721,-19.21490937573589,,,,,,,,,,,,,,
US_SEMICONDUCTORS,AMD,INTC,"Advanced Micro Devices, Inc.",Intel Corporation,-2.684065744759016,0.0768364110184678,0.05,,False,0.7908618910266734,2.4209146622443085,,,,,,,,,,,,,,
US_SEMICONDUCTORS,AMD,MPWR,"Advanced Micro Devices, Inc.","Monolithic Power Systems, Inc.",-2.5502276376262234,0.1037265951413408,0.05,,False,1.404449461104552,-4.337997401738747,,,,,,,,,,,,,,
US_SEMICONDUCTORS,INTC,MPWR,Intel Corporation,"Monolithic Power Systems, Inc.",-2.516113963459074,0.11160268949765617,0.05,,False,1.8112288411437814,-8.784926072667428,,,,,,,,,,,,,,
US_SEMICONDUCTORS,AVGO,QCOM,Broadcom Inc.,QUALCOMM Incorporated,-2.4859939609598016,0.1189194430531626,0.05,,False,15.364761059460395,-72.33816203204744,,,,,,,,,,,,,,
US_SEMICONDUCTORS,ON,TXN,ON Semiconductor Corporation,Texas Instruments Incorporated,-2.456012287497049,0.1265470240847551,0.05,,False,1.872438056466441,-5.737949625250078,,,,,,,,,,,,,,
US_SEMICONDUCTORS,MRVL,TXN,"Marvell Technology, Inc.",Texas Instruments Incorporated,-2.4134834097028803,0.13796692378432424,0.05,,False,2.6610984830347233,-9.521115626716673,,,,,,,,,,,,,,
US_SEMICONDUCTORS,ADI,AMD,"Analog Devices, Inc.","Advanced Micro Devices, Inc.",-2.3444336430488266,0.15803727344240343,0.05,,False,0.5090621466145171,2.892257770885479,,,,,,,,,,,,,,
US_SEMICONDUCTORS,INTC,TXN,Intel Corporation,Texas Instruments Incorporated,-2.2494490218919125,0.1887900011007852,0.05,,False,4.152948352646784,-18.38900303133768,,,,,,,,,,,,,,
US_SEMICONDUCTORS,AVGO,SWKS,Broadcom Inc.,"Skyworks Solutions, Inc.",-2.2361449402350146,0.19338936326360356,0.05,,False,-2.7093000271100043,17.125940668251367,,,,,,,,,,,,,,
US_SEMICONDUCTORS,MRVL,ON,"Marvell Technology, Inc.",ON Semiconductor Corporation,-2.164975091115749,0.2192020899305822,0.05,,False,1.376459665295308,-1.1829309102267018,,,,,,,,,,,,,,
US_SEMICONDUCTORS,AMD,MU,"Advanced Micro Devices, Inc.","Micron Technology, Inc.",-2.1569822635586364,0.22222702637734404,0.05,,False,0.5417549886738802,2.3676911655113106,,,,,,,,,,,,,,
US_SEMICONDUCTORS,NVDA,SWKS,NVIDIA Corporation,"Skyworks Solutions, Inc.",-2.1469714609555615,0.22605113886880657,0.05,,False,-1.4647416089462846,11.29736548939918,,,,,,,,,,,,,,
US_SEMICONDUCTORS,MU,TXN,"Micron Technology, Inc.",Texas Instruments Incorporated,-2.083936670664467,0.25102260853416075,0.05,,False,6.411573417762804,-28.580298373875344,,,,,,,,,,,,,,
US_SEMICONDUCTORS,ADI,MPWR,"Analog Devices, Inc.","Monolithic Power Systems, Inc.",-2.0558755271043583,0.262623191648308,0.05,,False,0.7285217773236394,0.5924149603429676,,,,,,,,,,,,,,
US_SEMICONDUCTORS,MPWR,SWKS,"Monolithic Power Systems, Inc.","Skyworks Solutions, Inc.",-2.0495819125313024,0.26526486720033365,0.05,,False,-7.376546745807004,38.32820744542959,,,,,,,,,,,,,,
US_SEMICONDUCTORS,MU,NVDA,"Micron Technology, Inc.",NVIDIA Corporation,-2.0182628582360658,0.27862332447302807,0.05,,False,3.8164050823564666,-14.07242192054344,,,,,,,,,,,,,,
US_SEMICONDUCTORS,MPWR,MU,"Monolithic Power Systems, Inc.","Micron Technology, Inc.",-2.006634490414237,0.2836717044387267,0.05,,False,0.38278161124469057,4.789726984582003,,,,,,,,,,,,,,
US_SEMICONDUCTORS,AMD,TXN,"Advanced Micro Devices, Inc.",Texas Instruments Incorporated,-2.001447428149643,0.2859388132197683,0.05,,False,3.3349363363018076,-12.387742507687822,,,,,,,,,,,,,,
US_SEMICONDUCTORS,MRVL,SWKS,"Marvell Technology, Inc.","Skyworks Solutions, Inc.",-2.0001285111612788,0.28651675434543944,0.05,,False,-36.5860498689158,161.1055063878736,,,,,,,,,,,,,,
US_SEMICONDUCTORS,AMD,SWKS,"Advanced Micro Devices, Inc.","Skyworks Solutions, Inc.",-1.997782916861334,0.28754605819606244,0.05,,False,-15.407983765097427,71.10514709984099,,,,,,,,,,,,,,
US_SEMICONDUCTORS,INTC,SWKS,Intel Corporation,"Skyworks Solutions, Inc.",-1.9867027789936451,0.29243372930818334,0.05,,False,-8.340277122776648,39.14153956734203,,,,,,,,,,,,,,
US_SEMICONDUCTORS,MU,SWKS,"Micron Technology, Inc.","Skyworks Solutions, Inc.",-1.9488874593955863,0.30942363341207746,0.05,,False,-9.452058552789623,45.57819136715883,,,,,,,,,,,,,,
US_SEMICONDUCTORS,MPWR,NVDA,"Monolithic Power Systems, Inc.",NVIDIA Corporation,-1.9438527587785455,0.31172073951066165,0.05,,False,1.4759739589754772,-0.6729525576513469,,,,,,,,,,,,,,
US_SEMICONDUCTORS,INTC,NVDA,Intel Corporation,NVIDIA Corporation,-1.9047958929597357,0.3298083457893083,0.05,,False,2.8291330310382325,-10.786886567999357,,,,,,,,,,,,,,
US_SEMICONDUCTORS,AMD,ON,"Advanced Micro Devices, Inc.",ON Semiconductor Corporation,-1.8964180229242829,0.3337480576101379,0.05,,False,1.7371924299490211,-1.9881610234335492,,,,,,,,,,,,,,
US_SEMICONDUCTORS,INTC,MRVL,Intel Corporation,"Marvell Technology, Inc.",-1.8918646220417903,0.33589787463250126,0.05,,False,1.682594406560788,-4.07442676982249,,,,,,,,,,,,,,
US_SEMICONDUCTORS,ADI,NVDA,"Analog Devices, Inc.",NVIDIA Corporation,-1.8693720522861526,0.34660375053580766,0.05,,False,1.010579014862791,0.4273399756996854,,,,,,,,,,,,,,
US_SEMICONDUCTORS,ADI,TXN,"Analog Devices, Inc.",Texas Instruments Incorporated,-1.7402043064516344,0.410526041674456,0.05,,False,1.5163929143361161,-2.4612575925798224,,,,,,,,,,,,,,
US_SEMICONDUCTORS,ADI,SWKS,"Analog Devices, Inc.","Skyworks Solutions, Inc.",-1.7244988634100002,0.41853617295191387,0.05,,False,-1.621009373437186,12.446940062099353,,,,,,,,,,,,,,
US_SEMICONDUCTORS,AVGO,INTC,Broadcom Inc.,Intel Corporation,-1.6877610019664373,0.43742915272585076,0.05,,False,0.5961789950210786,3.479655133678271,,,,,,,,,,,,,,
US_SEMICONDUCTORS,QCOM,SWKS,QUALCOMM Incorporated,"Skyworks Solutions, Inc.",-1.6800418013840022,0.441423763060387,0.05,,False,0.4726275054376597,3.0441456545239896,,,,,,,,,,,,,,
US_SEMICONDUCTORS,NVDA,ON,NVIDIA Corporation,ON Semiconductor Corporation,-1.6365388872275275,0.4640698912913969,0.05,,False,0.5627280764985629,2.7184727846111323,,,,,,,,,,,,,,
US_SEMICONDUCTORS,INTC,ON,Intel Corporation,ON Semiconductor Corporation,-1.6191496508565166,0.4731751315956931,0.05,,False,2.437008044580271,-6.5609392728928,,,,,,,,,,,,,,
US_SEMICONDUCTORS,AMD,NVDA,"Advanced Micro Devices, Inc.",NVIDIA Corporation,-1.6137229718167618,0.47602159856855286,0.05,,False,2.0585345115302665,-5.210768772707283,,,,,,,,,,,,,,
US_SEMICONDUCTORS,AMD,MRVL,"Advanced Micro Devices, Inc.","Marvell Technology, Inc.",-1.5562165303546736,0.5055415072638416,0.05,,False,1.2686343784378762,-0.5244899939613621,,,,,,,,,,,,,,
US_SEMICONDUCTORS,ADI,MRVL,"Analog Devices, Inc.","Marvell Technology, Inc.",-1.5559350594355559,0.5056822327540879,0.05,,False,0.5510808711684307,3.0479094727768654,,,,,,,,,,,,,,
US_SEMICONDUCTORS,AVGO,MPWR,Broadcom Inc.,"Monolithic Power Systems, Inc.",-1.4885791224984677,0.5391533286054639,0.05,,False,1.2513626612234103,-2.9148719512015893,,,,,,,,,,,,,,
US_SEMICONDUCTORS,ADI,ON,"Analog Devices, Inc.",ON Semiconductor Corporation,-1.4584801322988303,0.5539416115011297,0.05,,False,0.7357521685728727,2.489466903622708,,,,,,,,,,,,,,
US_SEMICONDUCTORS,MPWR,ON,"Monolithic Power Systems, Inc.",ON Semiconductor Corporation,-1.4399538444924596,0.5629790472006968,0.05,,False,1.127373121114567,2.1223560401656636,,,,,,,,,,,,,,
US_SEMICONDUCTORS,MU,ON,"Micron Technology, Inc.",ON Semiconductor Corporation,-1.3301468202866173,0.6152697648057148,0.05,,False,4.0779515480647195,-11.61338933761369,,,,,,,,,,,,,,
US_SEMICONDUCTORS,ON,SWKS,ON Semiconductor Corporation,"Skyworks Solutions, Inc.",-1.3157944205666772,0.6219157266956536,0.05,,False,2.355036116498755,-5.982461598403075,,,,,,,,,,,,,,
US_SEMICONDUCTORS,AVGO,MU,Broadcom Inc.,"Micron Technology, Inc.",-1.2909680853943752,0.6332942287673475,0.05,,False,0.41549685745512727,3.4032430560271973,,,,,,,,,,,,,,
US_SEMICONDUCTORS,MPWR,TXN,"Monolithic Power Systems, Inc.",Texas Instruments Incorporated,-1.1746582016141944,0.6844010278617612,0.05,,False,2.310472371549607,-5.394905979600867,,,,,,,,,,,,,,
US_SEMICONDUCTORS,NVDA,TXN,NVIDIA Corporation,Texas Instruments Incorporated,-1.0911719606694528,0.7185795544522569,0.05,,False,1.8665494053264795,-4.781647406218156,,,,,,,,,,,,,,
US_SEMICONDUCTORS,MPWR,MRVL,"Monolithic Power Systems, Inc.","Marvell Technology, Inc.",-1.087710269636391,0.7199479412367403,0.05,,False,0.7871633843073839,3.23343110612036,,,,,,,,,,,,,,
US_SEMICONDUCTORS,MRVL,MU,"Marvell Technology, Inc.","Micron Technology, Inc.",-1.0875482960729483,0.7200118709093242,0.05,,False,0.3697775822387321,2.572301598292633,,,,,,,,,,,,,,
US_SEMICONDUCTORS,AMD,AVGO,"Advanced Micro Devices, Inc.",Broadcom Inc.,-1.0424735248641697,0.737459706955044,0.05,,False,1.244580436620948,-1.7420550074967167,,,,,,,,,,,,,,
US_SEMICONDUCTORS,MRVL,NVDA,"Marvell Technology, Inc.",NVIDIA Corporation,-1.0186481089007366,0.7464022158634215,0.05,,False,2.0556667495128877,-5.870374762782394,,,,,,,,,,,,,,
US_SEMICONDUCTORS,ADI,AVGO,"Analog Devices, Inc.",Broadcom Inc.,-0.9838942467018549,0.7590930872040389,0.05,,False,0.5630444460663937,2.3951617373595466,,,,,,,,,,,,,,
US_SEMICONDUCTORS,AVGO,TXN,Broadcom Inc.,Texas Instruments Incorporated,-0.5390742770446655,0.8841632496384582,0.05,,False,4.5502958891973515,-18.383285748713472,,,,,,,,,,,,,,
US_SEMICONDUCTORS,AVGO,ON,Broadcom Inc.,ON Semiconductor Corporation,-0.3982005994687643,0.9103987795892208,0.05,,False,3.0864753249537507,-7.130637198010464,,,,,,,,,,,,,,
US_SEMICONDUCTORS,AVGO,MRVL,Broadcom Inc.,"Marvell Technology, Inc.",-0.3262014775906985,0.9217105693237996,0.05,,False,1.0213800544368954,0.9691336385986746,,,,,,,,,,,,,,
US_SEMICONDUCTORS,SWKS,TXN,"Skyworks Solutions, Inc.",Texas Instruments Incorporated,0.13037429367664732,0.9680747377562235,0.05,,False,5.497396950788438,-24.604266587670928,,,,,,,,,,,,,,
US_STAPLES,CLX,PG,Clorox Company (The),Procter & Gamble Company (The),-4.338721081159051,0.00038040835028949895,0.05,0.00038040835028949895,True,3.3391031193193204,-12.006382719998143,9.22858815883903,-0.00017343948419577265,-0.07510869145201342,28.0,-1.4716190449428797,2.2813312038022677,False,,0.4,0.00013415268192118815,0.2849394300249046,0.05968452425249149,True,mixed signal
US_STAPLES,KHC,PG,The Kraft Heinz Company,Procter & Gamble Company (The),-3.810813522989174,0.0027985961166613472,0.05,0.00038040835028949895,False,2.47951781141569,-9.240112418117864,,,,,,,,,,,,,,
US_STAPLES,GIS,PG,"General Mills, Inc.",Procter & Gamble Company (The),-3.7427585047014182,0.0035503723660427274,0.05,0.00038040835028949895,False,4.398257012841419,-18.243705232539515,,,,,,,,,,,,,,
US_STAPLES,KMB,PG,Kimberly-Clark Corporation,Procter & Gamble Company (The),-3.6249084639456357,0.005302302843946822,0.05,0.00038040835028949895,False,2.5779375173749353,-8.227360012128404,,,,,,,,,,,,,,
US_STAPLES,KO,PG,Coca-Cola Company (The),Procter & Gamble Company (The),-3.531374641455315,0.007216953251550441,0.05,0.00038040835028949895,False,-2.3719773432513906,16.154678118364764,,,,,,,,,,,,,,
US_STAPLES,CHD,PG,"Church & Dwight Company, Inc.",Procter & Gamble Company (The),-3.2500208676895954,0.017265810303634062,0.05,0.00038040835028949895,False,1.4882973233007555,-2.924644548448893,,,,,,,,,,,,,,
US_STAPLES,CLX,KO,Clorox Company (The),Coca-Cola Company (The),-3.078917600606712,0.028153233542525996,0.05,0.00038040835028949895,False,-2.4698829854878754,15.210701461581575,,,,,,,,,,,,,,
US_STAPLES,GIS,KO,"General Mills, Inc.",Coca-Cola Company (The),-3.0158442731757025,0.03344100451380636,0.05,0.00038040835028949895,False,-2.8687623296606954,15.986112832338899,,,,,,,,,,,,,,
US_STAPLES,HSY,PG,The Hershey Company,Procter & Gamble Company (The),-2.9812968554122685,0.036678340409695566,0.05,0.00038040835028949895,False,-4.234874482390032,26.487227375348986,,,,,,,,,,,,,,
US_STAPLES,KHC,KO,The Kraft Heinz Company,Coca-Cola Company (The),-2.90434017858544,0.04484561661697675,0.05,0.00038040835028949895,False,-1.6143396467266362,10.044623881645363,,,,,,,,,,,,,,
US_STAPLES,KMB,KO,Kimberly-Clark Corporation,Coca-Cola Company (The),-2.8355821436996074,0.05336811610541736,0.05,0.00038040835028949895,False,-1.7621839372437038,12.175817799821438,,,,,,,,,,,,,,
US_STAPLES,KHC,KMB,The Kraft Heinz Company,Kimberly-Clark Corporation,-2.679755423943577,0.07760745666431747,0.05,0.00038040835028949895,False,0.9241651328665973,-1.1479677334269542,,,,,,,,,,,,,,
US_STAPLES,CLX,GIS,Clorox Company (The),"General Mills, Inc.",-2.675967637864395,0.07829003817377714,0.05,0.00038040835028949895,False,0.806875304754094,1.6581384091574245,,,,,,,,,,,,,,
US_STAPLES,HSY,KMB,The Hershey Company,Kimberly-Clark Corporation,-2.6549317819977656,0.08216694477970482,0.05,0.00038040835028949895,False,-0.6695945265385991,8.349025937658153,,,,,,,,,,,,,,
US_STAPLES,GIS,KHC,"General Mills, Inc.",The Kraft Heinz Company,-2.6517006303303727,0.08277549959969227,0.05,0.00038040835028949895,False,1.7995144734075716,-1.9365201073365061,,,,,,,,,,,,,,
US_STAPLES,CLX,KHC,Clorox Company (The),The Kraft Heinz Company,-2.6485286581487015,0.08337632051823812,0.05,0.00038040835028949895,False,1.51823627747639,-0.11919418691103711,,,,,,,,,,,,,,
US_STAPLES,MDLZ,PG,"Mondelez International, Inc.",Procter & Gamble Company (The),-2.5883211617067725,0.09543514981916529,0.05,0.00038040835028949895,False,1.6503631181238076,-4.201872333815927,,,,,,,,,,,,,,
US_STAPLES,CHD,HSY,"Church & Dwight Company, Inc.",The Hershey Company,-2.576964368993211,0.0978523375460636,0.05,0.00038040835028949895,False,-0.33886739931853443,6.319013985640561,,,,,,,,,,,,,,
US_STAPLES,KMB,MDLZ,Kimberly-Clark Corporation,"Mondelez International, Inc.",-2.4933320297898582,0.11710515506607466,0.05,0.00038040835028949895,False,2.0858816343299686,-3.8149071217817374,,,,,,,,,,,,,,
US_STAPLES,CHD,KO,"Church & Dwight Company, Inc.",Coca-Cola Company (The),-2.4549979539797038,0.12681115674876814,0.05,0.00038040835028949895,False,-0.6660830800905007,7.374399616173519,,,,,,,,,,,,,,
US_STAPLES,HSY,KHC,The Hershey Company,The Kraft Heinz Company,-2.4331177066669833,0.13260647819130633,0.05,0.00038040835028949895,False,-0.6399158743507165,7.242911312317964,,,,,,,,,,,,,,
US_STAPLES,CHD,CL,"Church & Dwight Company, Inc.",Colgate-Palmolive Company,-2.4300143168614823,0.1334436416519525,0.05,0.00038040835028949895,False,0.9872539199317103,0.15779012072030785,,,,,,,,,,,,,,
US_STAPLES,CHD,CLX,"Church & Dwight Company, Inc.",Clorox Company (The),-2.368532753291998,0.15081544458557067,0.05,0.00038040835028949895,False,0.3583598607933572,2.8464095190170564,,,,,,,,,,,,,,
US_STAPLES,CLX,HSY,Clorox Company (The),The Hershey Company,-2.365389393233046,0.1517441664799573,0.05,0.00038040835028949895,False,-2.787785643531515,19.211004416926485,,,,,,,,,,,,,,
US_STAPLES,HSY,PEP,The Hershey Company,"Pepsico, Inc.",-2.3586828005348144,0.1537389426047885,0.05,0.00038040835028949895,False,1.4861819901791435,-2.2173219596823452,,,,,,,,,,,,,,
US_STAPLES,GIS,HSY,"General Mills, Inc.",The Hershey Company,-2.356553578014618,0.15437603340059447,0.05,0.00038040835028949895,False,-3.927451432242807,24.19564207740548,,,,,,,,,,,,,,
US_STAPLES,KO,MDLZ,Coca-Cola Company (The),"Mondelez International, Inc.",-2.3383247100699145,0.15990515412247563,0.05,0.00038040835028949895,False,-4.063031928010678,20.897873932093667,,,,,,,,,,,,,,
US_STAPLES,CHD,KHC,"Church & Dwight Company, Inc.",The Kraft Heinz Company,-2.300230640470117,0.17189359616413563,0.05,0.00038040835028949895,False,0.4965848746704704,2.957666343868433,,,,,,,,,,,,,,
US_STAPLES,HSY,MDLZ,The Hershey Company,"Mondelez International, Inc.",-2.2773303259682165,0.17938365371547887,0.05,0.00038040835028949895,False,-8.214508853299993,38.899593844050855,,,,,,,,,,,,,,
US_STAPLES,CL,MDLZ,Colgate-Palmolive Company,"Mondelez International, Inc.",-2.2722778634254044,0.18106482605236623,0.05,0.00038040835028949895,False,1.0464908609464456,0.1696006472974032,,,,,,,,,,,,,,
US_STAPLES,CLX,KMB,Clorox Company (The),Kimberly-Clark Corporation,-2.240489768681976,0.19187944008365737,0.05,0.00038040835028949895,False,1.415922583955432,-1.922987831214595,,,,,,,,,,,,,,
US_STAPLES,GIS,KMB,"General Mills, Inc.",Kimberly-Clark Corporation,-2.2149440013407555,0.20086642291524553,0.05,0.00038040835028949895,False,1.743675578521953,-4.3853146323211565,,,,,,,,,,,,,,
US_STAPLES,CHD,MDLZ,"Church & Dwight Company, Inc.","Mondelez International, Inc.",-2.1997092148369277,0.20635101202268719,0.05,0.00038040835028949895,False,1.0536723338258995,0.24096680383555924,,,,,,,,,,,,,,
US_STAPLES,PEP,PG,"Pepsico, Inc.",Procter & Gamble Company (The),-2.198407146060165,0.2068240788259635,0.05,0.00038040835028949895,False,4.075462311942147,-15.547077182029039,,,,,,,,,,,,,,
US_STAPLES,CHD,GIS,"Church & Dwight Company, Inc.","General Mills, Inc.",-2.1961309893165177,0.20765268024867412,0.05,0.00038040835028949895,False,0.21268989598459795,3.73865463850687,,,,,,,,,,,,,,
US_STAPLES,CL,PG,Colgate-Palmolive Company,Procter & Gamble Company (The),-2.193077720039573,0.2087674315274523,0.05,0.00038040835028949895,False,1.5835433292243206,-3.504983795727302,,,,,,,,,,,,,,
US_STAPLES,CL,KO,Colgate-Palmolive Company,Coca-Cola Company (The),-2.12833438862632,0.23327486280474985,0.05,0.00038040835028949895,False,-0.1469815462158776,5.0861727303374895,,,,,,,,,,,,,,
US_STAPLES,CHD,KMB,"Church & Dwight Company, Inc.",Kimberly-Clark Corporation,-2.116138623025603,0.23807489180008418,0.05,0.00038040835028949895,False,0.4310780195836777,2.5198937461833983,,,,,,,,,,,,,,
US_STAPLES,KHC,MDLZ,The Kraft Heinz Company,"Mondelez International, Inc.",-2.1019587242865625,0.24372771841553037,0.05,0.00038040835028949895,False,1.9521851138332318,-4.774119384887108,,,,,,,,,,,,,,
US_STAPLES,CLX,MDLZ,Clorox Company (The),"Mondelez International, Inc.",-2.0962993466948485,0.246005254225791,0.05,0.00038040835028949895,False,4.184760992529664,-12.380770842555641,,,,,,,,,,,,,,
US_STAPLES,GIS,MDLZ,"General Mills, Inc.","Mondelez International, Inc.",-2.0703647271609182,0.25659680983481936,0.05,0.00038040835028949895,False,4.912701828040562,-16.275301000848092,,,,,,,,,,,,,,
US_STAPLES,KMB,PEP,Kimberly-Clark Corporation,"Pepsico, Inc.",-2.0568399211936823,0.2622196778021002,0.05,0.00038040835028949895,False,-10.792105476924073,58.38125680784017,,,,,,,,,,,,,,
US_STAPLES,CL,HSY,Colgate-Palmolive Company,The Hershey Company,-1.919698275530181,0.32285191225494864,0.05,0.00038040835028949895,False,0.19925763306682567,3.437025831864596,,,,,,,,,,,,,,
US_STAPLES,CLX,PEP,Clorox Company (The),"Pepsico, Inc.",-1.9069422494691755,0.3288023384545248,0.05,0.00038040835028949895,False,11.121836588613364,-50.466251773093376,,,,,,,,,,,,,,
US_STAPLES,CL,PEP,Colgate-Palmolive Company,"Pepsico, Inc.",-1.9030760516612484,0.3306154255335876,0.05,0.00038040835028949895,False,0.9469932119276931,-0.23921151019893028,,,,,,,,,,,,,,
US_STAPLES,GIS,PEP,"General Mills, Inc.","Pepsico, Inc.",-1.8738746984682264,0.34444929757816894,0.05,0.00038040835028949895,False,11.97983152507774,-55.63538970034267,,,,,,,,,,,,,,
US_STAPLES,CL,CLX,Colgate-Palmolive Company,Clorox Company (The),-1.794956176474885,0.3829686717213336,0.05,0.00038040835028949895,False,0.29024516060036126,3.0727223072514693,,,,,,,,,,,,,,
US_STAPLES,CHD,PEP,"Church & Dwight Company, Inc.","Pepsico, Inc.",-1.7869569314686315,0.38695617146577477,0.05,0.00038040835028949895,False,0.8767721833039823,0.2106042081078625,,,,,,,,,,,,,,
US_STAPLES,HSY,KO,The Hershey Company,Coca-Cola Company (The),-1.7750764925971658,0.3929038273194787,0.05,0.00038040835028949895,False,1.3149177421501708,-0.37256261361398213,,,,,,,,,,,,,,
US_STAPLES,CL,GIS,Colgate-Palmolive Company,"General Mills, Inc.",-1.7736057988861718,0.3936421573275553,0.05,0.00038040835028949895,False,0.21748946485280843,3.61909117201686,,,,,,,,,,,,,,
US_STAPLES,KHC,PEP,The Kraft Heinz Company,"Pepsico, Inc.",-1.671396480694141,0.4459068367103645,0.05,0.00038040835028949895,False,2.751205932776736,-10.429812121368943,,,,,,,,,,,,,,
US_STAPLES,CL,KMB,Colgate-Palmolive Company,Kimberly-Clark Corporation,-1.6558547746871504,0.45398880337779696,0.05,0.00038040835028949895,False,0.39997719522087843,2.56677923080298,,,,,,,,,,,,,,
US_STAPLES,KO,PEP,Coca-Cola Company (The),"Pepsico, Inc.",-1.608716603609745,0.4792135402552101,0.05,0.00038040835028949895,False,2.343026742994722,-7.429798492622618,,,,,,,,,,,,,,
US_STAPLES,CL,KHC,Colgate-Palmolive Company,The Kraft Heinz Company,-1.5921424801710926,0.4875394043894809,0.05,0.00038040835028949895,False,0.5392312784483155,2.7185435383394814,,,,,,,,,,,,,,
US_STAPLES,MDLZ,PEP,"Mondelez International, Inc.","Pepsico, Inc.",-1.5744266563929128,0.49642582052374973,0.05,0.00038040835028949895,False,0.6445546193100653,0.9032359965736823,,,,,,,,,,,,,,
US_UTILITIES,PPL,WEC,PPL Corporation,"WEC Energy Group, Inc.",-4.7682137864131375,6.253458858954065e-05,0.05,6.253458858954065e-05,True,0.8052160815502675,-0.205392569140606,7.77264959921529,-8.154103620981779e-05,-0.08917772140788695,23.0,-1.0009771880404594,2.554456520376139,False,,0.4,-0.00531618095189633,-0.4511417135669735,-1.085883934287136,True,mixed signal
US_UTILITIES,ES,FE,Eversource Energy (D/B/A),FirstEnergy Corp.,-4.025520123292502,0.0012826204822517057,0.05,6.253458858954065e-05,False,0.9785729221307674,0.485393384915334,,,,,,,,,,,,,,
US_UTILITIES,DUK,SO,Duke Energy Corporation (Holdin,Southern Company (The),-3.7745385707409334,0.0031788294968843026,0.05,6.253458858954065e-05,False,1.1742401841842818,-0.5028233505636939,,,,,,,,,,,,,,
US_UTILITIES,PPL,XEL,PPL Corporation,Xcel Energy Inc.,-3.631400639099387,0.005188324524022137,0.05,6.253458858954065e-05,False,0.7188667593880035,0.4669388067417928,,,,,,,,,,,,,,
US_UTILITIES,AEP,PEG,American Electric Power Company,Public Service Enterprise Group,-3.6269908505234105,0.00526549834033557,0.05,6.253458858954065e-05,False,9.399469132485816,-36.37938999237579,,,,,,,,,,,,,,
US_UTILITIES,FE,PEG,FirstEnergy Corp.,Public Service Enterprise Group,-3.5190791302781,0.007510410111815838,0.05,6.253458858954065e-05,False,4.868049436537749,-17.529397736345885,,,,,,,,,,,,,,
US_UTILITIES,EXC,PEG,Exelon Corporation,Public Service Enterprise Group,-3.499768524976324,0.007993040820801232,0.05,6.253458858954065e-05,False,5.5463921873242015,-20.502400296070814,,,,,,,,,,,,,,
US_UTILITIES,PEG,XEL,Public Service Enterprise Group,Xcel Energy Inc.,-3.4926278967820603,0.008178456147927372,0.05,6.253458858954065e-05,False,0.1964539940548405,3.536785516845705,,,,,,,,,,,,,,
US_UTILITIES,ES,PEG,Eversource Energy (D/B/A),Public Service Enterprise Group,-3.4925329190467993,0.00818094820685195,0.05,6.253458858954065e-05,False,5.39358029709845,-19.417735165331656,,,,,,,,,,,,,,
US_UTILITIES,PEG,WEC,Public Service Enterprise Group,"WEC Energy Group, Inc.",-3.408052030100868,0.01068742203215261,0.05,6.253458858954065e-05,False,0.22123931975576794,3.3475869968840506,,,,,,,,,,,,,,
US_UTILITIES,AEE,PEG,Ameren Corporation,Public Service Enterprise Group,-3.388380294728882,0.011361422275953922,0.05,6.253458858954065e-05,False,5.090737339812461,-17.69029305258604,,,,,,,,,,,,,,
US_UTILITIES,ED,PEG,"Consolidated Edison, Inc.",Public Service Enterprise Group,-3.3641772374279566,0.01224239744931191,0.05,6.253458858954065e-05,False,3.4814993200945743,-10.617750721936174,,,,,,,,,,,,,,
US_UTILITIES,PEG,PPL,Public Service Enterprise Group,PPL Corporation,-3.3225605514465952,0.013899647272348034,0.05,6.253458858954065e-05,False,0.316830035846103,3.25684863346071,,,,,,,,,,,,,,
US_UTILITIES,D,PEG,"Dominion Energy, Inc.",Public Service Enterprise Group,-3.278295657403279,0.015876977363131213,0.05,6.253458858954065e-05,False,3.500857758408641,-11.277563645517173,,,,,,,,,,,,,,
US_UTILITIES,EXC,WEC,Exelon Corporation,"WEC Energy Group, Inc.",-3.277036517016971,0.015936670887895646,0.05,6.253458858954065e-05,False,0.9466677145378616,-0.6456617694519893,,,,,,,,,,,,,,
US_UTILITIES,DUK,PPL,Duke Energy Corporation (Holdin,PPL Corporation,-3.2719015475251085,0.01618215756606074,0.05,6.253458858954065e-05,False,0.8343530067061039,1.8091938261867968,,,,,,,,,,,,,,
US_UTILITIES,DUK,PEG,Duke Energy Corporation (Holdin,Public Service Enterprise Group,-3.2279722037971403,0.0184215690272229,0.05,6.253458858954065e-05,False,2.771694399535213,-7.37102091961154,,,,,,,,,,,,,,
US_UTILITIES,AEP,DUK,American Electric Power Company,Duke Energy Corporation (Holdin,-3.22273813300231,0.018705661331164046,0.05,6.253458858954065e-05,False,1.7972940004447584,-3.846665368609771,,,,,,,,,,,,,,
US_UTILITIES,AEP,D,American Electric Power Company,"Dominion Energy, Inc.",-3.157504809703614,0.02258004514716209,0.05,6.253458858954065e-05,False,1.5106319811258975,-1.398223006099042,,,,,,,,,,,,,,
US_UTILITIES,PPL,SO,PPL Corporation,Southern Company (The),-3.1246634581653265,0.02478100964016025,0.05,6.253458858954065e-05,False,1.4312198940701122,-2.8772860503455067,,,,,,,,,,,,,,
US_UTILITIES,DUK,EXC,Duke Energy Corporation (Holdin,Exelon Corporation,-3.1193473678888273,0.02515413541558854,0.05,6.253458858954065e-05,False,0.706073634803722,2.109426158474055,,,,,,,,,,,,,,
US_UTILITIES,EXC,PPL,Exelon Corporation,PPL Corporation,-3.084502999987261,0.0277214958328754,0.05,6.253458858954065e-05,False,1.1827653417039778,-0.42901092871964375,,,,,,,,,,,,,,
US_UTILITIES,PEG,SO,Public Service Enterprise Group,Southern Company (The),-3.07490510757267,0.02846692871674305,0.05,6.253458858954065e-05,False,0.5243432224259439,2.0294606345714814,,,,,,,,,,,,,,
US_UTILITIES,WEC,XEL,"WEC Energy Group, Inc.",Xcel Energy Inc.,-3.068798256137597,0.028950093280494728,0.05,6.253458858954065e-05,False,0.897773097268413,0.8138430053309134,,,,,,,,,,,,,,
US_UTILITIES,DUK,XEL,Duke Energy Corporation (Holdin,Xcel Energy Inc.,-3.0485986328670145,0.030598457236044048,0.05,6.253458858954065e-05,False,0.5903061081611901,2.2387689863577838,,,,,,,,,,,,,,
US_UTILITIES,AEP,ES,American Electric Power Company,Eversource Energy (D/B/A),-3.038689734176015,0.0314358554142335,0.05,6.253458858954065e-05,False,1.5118834273448394,-1.5874202747531676,,,,,,,,,,,,,,
US_UTILITIES,ES,SO,Eversource Energy (D/B/A),Southern Company (The),-2.997231084245626,0.03515379252768496,0.05,6.253458858954065e-05,False,1.5265984261373597,-2.674215010041835,,,,,,,,,,,,,,
US_UTILITIES,DUK,ES,Duke Energy Corporation (Holdin,Eversource Energy (D/B/A),-2.9837038779661285,0.03644453367636738,0.05,6.253458858954065e-05,False,0.7941407102744268,1.451191548543914,,,,,,,,,,,,,,
US_UTILITIES,DUK,WEC,Duke Energy Corporation (Holdin,"WEC Energy Group, Inc.",-2.9706667559792286,0.03772605024393952,0.05,6.253458858954065e-05,False,0.667132674061078,1.6594489670102615,,,,,,,,,,,,,,
US_UTILITIES,D,ES,"Dominion Energy, Inc.",Eversource Energy (D/B/A),-2.8854047547712276,0.04707174097528267,0.05,6.253458858954065e-05,False,0.9782849437945588,-0.03222953173692655,,,,,,,,,,,,,,
US_UTILITIES,AEE,PPL,Ameren Corporation,PPL Corporation,-2.8822352875459636,0.047453134444426615,0.05,6.253458858954065e-05,False,1.3642386323219577,-0.24070496734479274,,,,,,,,,,,,,,
US_UTILITIES,AEE,EXC,Ameren Corporation,Exelon Corporation,-2.854538240137477,0.05089574780709533,0.05,6.253458858954065e-05,False,1.162812516951392,0.2193408445022591,,,,,,,,,,,,,,
US_UTILITIES,AEE,XEL,Ameren Corporation,Xcel Energy Inc.,-2.763956986798871,0.0636095497009417,0.05,6.253458858954065e-05,False,0.9857063942427916,0.37522586945695746,,,,,,,,,,,,,,
US_UTILITIES,DUK,FE,Duke Energy Corporation (Holdin,FirstEnergy Corp.,-2.7384306128939078,0.06762089474575084,0.05,6.253458858954065e-05,False,0.7849979808131815,1.8073707193282758,,,,,,,,,,,,,,
US_UTILITIES,AEE,DUK,Ameren Corporation,Duke Energy Corporation (Holdin,-2.706959458857893,0.07284170182153914,0.05,6.253458858954065e-05,False,1.6614091727026308,-3.3233444508643455,,,,,,,,,,,,,,
US_UTILITIES,AEE,WEC,Ameren Corporation,"WEC Energy Group, Inc.",-2.6838083089165425,0.07688229215712934,0.05,6.253458858954065e-05,False,1.095671258873789,-0.5078674673115442,,,,,,,,,,,,,,
US_UTILITIES,AEP,FE,American Electric Power Company,FirstEnergy Corp.,-2.6628403667986342,0.08069217337606233,0.05,6.253458858954065e-05,False,1.4460689865573044,-0.729232108440427,,,,,,,,,,,,,,
US_UTILITIES,EXC,XEL,Exelon Corporation,Xcel Energy Inc.,-2.6497677901100096,0.08314120661470564,0.05,6.253458858954065e-05,False,0.8430092210968064,0.1538019524112446,,,,,,,,,,,,,,
US_UTILITIES,AEE,SO,Ameren Corporation,Southern Company (The),-2.6026176822035163,0.09245745180150444,0.05,6.253458858954065e-05,False,2.0308907476515965,-4.5150866261904135,,,,,,,,,,,,,,
US_UTILITIES,D,FE,"Dominion Energy, Inc.",FirstEnergy Corp.,-2.6001457864546476,0.0929671400866674,0.05,6.253458858954065e-05,False,0.9574844513913667,0.44202343928590526,,,,,,,,,,,,,,
US_UTILITIES,ED,ES,"Consolidated Edison, Inc.",Eversource Energy (D/B/A),-2.5429614327003445,0.10536809408029851,0.05,6.253458858954065e-05,False,0.7086984927140725,1.6553929988330927,,,,,,,,,,,,,,
US_UTILITIES,SO,WEC,Southern Company (The),"WEC Energy Group, Inc.",-2.539521731924404,0.10615193090548086,0.05,6.253458858954065e-05,False,0.5563981957310342,1.895426360030199,,,,,,,,,,,,,,
US_UTILITIES,AEP,SO,American Electric Power Company,Southern Company (The),-2.510267025155034,0.11299619000167599,0.05,6.253458858954065e-05,False,2.2327937894438348,-5.29534366269477,,,,,,,,,,,,,,
US_UTILITIES,ES,XEL,Eversource Energy (D/B/A),Xcel Energy Inc.,-2.5069282886845135,0.11379768516785832,0.05,6.253458858954065e-05,False,0.6904485869011409,1.214697991978865,,,,,,,,,,,,,,
US_UTILITIES,SO,XEL,Southern Company (The),Xcel Energy Inc.,-2.497903092073151,0.11598535910815044,0.05,6.253458858954065e-05,False,0.4805447695282307,2.4282538973921644,,,,,,,,,,,,,,
US_UTILITIES,EXC,SO,Exelon Corporation,Southern Company (The),-2.3829882726244866,0.14659552010087085,0.05,6.253458858954065e-05,False,1.7053485021839283,-3.8880743343322677,,,,,,,,,,,,,,
US_UTILITIES,D,XEL,"Dominion Energy, Inc.",Xcel Energy Inc.,-2.3765253414507543,0.1484718580407845,0.05,6.253458858954065e-05,False,0.7024805292578616,1.0421392715990065,,,,,,,,,,,,,,
US_UTILITIES,FE,SO,FirstEnergy Corp.,Southern Company (The),-2.3480597433347694,0.15693567542259523,0.05,6.253458858954065e-05,False,1.5739416087008236,-3.290782357552414,,,,,,,,,,,,,,
US_UTILITIES,ES,WEC,Eversource Energy (D/B/A),"WEC Energy Group, Inc.",-2.275736927743868,0.1799127280893425,0.05,6.253458858954065e-05,False,0.7758766628132122,0.5574822197161082,,,,,,,,,,,,,,
US_UTILITIES,ES,EXC,Eversource Energy (D/B/A),Exelon Corporation,-2.2694772392631686,0.1820011752909555,0.05,6.253458858954065e-05,False,0.8331337133689808,1.0364224510831894,,,,,,,,,,,,,,
US_UTILITIES,AEP,ED,American Electric Power Company,"Consolidated Edison, Inc.",-2.2382268659073445,0.1926648965208395,0.05,6.253458858954065e-05,False,2.0490066330354217,-4.732780656919798,,,,,,,,,,,,,,
US_UTILITIES,ES,PPL,Eversource Energy (D/B/A),PPL Corporation,-2.22696718962617,0.19660389204805867,0.05,6.253458858954065e-05,False,1.0299594954171454,0.5231330714279228,,,,,,,,,,,,,,
US_UTILITIES,AEP,PPL,American Electric Power Company,PPL Corporation,-2.2187666494769807,0.19950488470223932,0.05,6.253458858954065e-05,False,1.536206226346384,-0.7231411088934552,,,,,,,,,,,,,,
US_UTILITIES,AEE,ES,Ameren Corporation,Eversource Energy (D/B/A),-2.216475862356544,0.20032010386038546,0.05,6.253458858954065e-05,False,1.4657085808451211,-1.5160200040000564,,,,,,,,,,,,,,
US_UTILITIES,D,SO,"Dominion Energy, Inc.",Southern Company (The),-2.2046698981180346,0.20455492133438563,0.05,6.253458858954065e-05,False,1.4629961028315104,-2.5127251852659978,,,,,,,,,,,,,,
US_UTILITIES,FE,XEL,FirstEnergy Corp.,Xcel Energy Inc.,-2.1893000108884646,0.21015183074689076,0.05,6.253458858954065e-05,False,0.720307465910851,0.6831193173230568,,,,,,,,,,,,,,
US_UTILITIES,ED,EXC,"Consolidated Edison, Inc.",Exelon Corporation,-2.1757190192956983,0.215175766415237,0.05,6.253458858954065e-05,False,0.6401451370066418,2.205581075128889,,,,,,,,,,,,,,
US_UTILITIES,ED,SO,"Consolidated Edison, Inc.",Southern Company (The),-2.151152800673672,0.22444908804769126,0.05,6.253458858954065e-05,False,1.1436431435373386,-0.5148618867700154,,,,,,,,,,,,,,
US_UTILITIES,D,DUK,"Dominion Energy, Inc.",Duke Energy Corporation (Holdin,-2.1427909980815776,0.22765969913547207,0.05,6.253458858954065e-05,False,1.2150975155562838,-1.7405835636557194,,,,,,,,,,,,,,
US_UTILITIES,AEE,D,Ameren Corporation,"Dominion Energy, Inc.",-2.09169248003833,0.24786819177880198,0.05,6.253458858954065e-05,False,1.4138577429030106,-1.1298395755169715,,,,,,,,,,,,,,
US_UTILITIES,AEP,WEC,American Electric Power Company,"WEC Energy Group, Inc.",-2.0564960730947868,0.2623635087916683,0.05,6.253458858954065e-05,False,1.2113768097003375,-0.9209183809101891,,,,,,,,,,,,,,
US_UTILITIES,ED,FE,"Consolidated Edison, Inc.",FirstEnergy Corp.,-2.0487300040951366,0.26562355663603476,0.05,6.253458858954065e-05,False,0.7131508816399985,1.9263320224584226,,,,,,,,,,,,,,
US_UTILITIES,ED,PPL,"Consolidated Edison, Inc.",PPL Corporation,-2.026963228650492,0.2748772109955011,0.05,6.253458858954065e-05,False,0.7587310556290149,1.9253913903118334,,,,,,,,,,,,,,
US_UTILITIES,AEE,ED,Ameren Corporation,"Consolidated Edison, Inc.",-1.9947855688143898,0.28886411553912017,0.05,6.253458858954065e-05,False,1.9407087603143958,-4.35594974363161,,,,,,,,,,,,,,
US_UTILITIES,AEE,AEP,Ameren Corporation,American Electric Power Company,-1.9906294880669078,0.2906967960035818,0.05,6.253458858954065e-05,False,0.9150122583801737,0.2761272048576222,,,,,,,,,,,,,,
US_UTILITIES,DUK,ED,Duke Energy Corporation (Holdin,"Consolidated Edison, Inc.",-1.9404428844056223,0.3132810803128401,0.05,6.253458858954065e-05,False,1.0501675968998614,-0.08140885236728046,,,,,,,,,,,,,,
US_UTILITIES,AEE,FE,Ameren Corporation,FirstEnergy Corp.,-1.9007851885149827,0.33169182346377446,0.05,6.253458858954065e-05,False,1.3924435130004242,-0.6488452699427611,,,,,,,,,,,,,,
US_UTILITIES,ED,WEC,"Consolidated Edison, Inc.","WEC Energy Group, Inc.",-1.8941742753695219,0.33480665913710217,0.05,6.253458858954065e-05,False,0.5833781644901833,1.896330841118433,,,,,,,,,,,,,,
US_UTILITIES,ED,XEL,"Consolidated Edison, Inc.",Xcel Energy Inc.,-1.892482910462797,0.33560560828452435,0.05,6.253458858954065e-05,False,0.480981552525779,2.5514063896448147,,,,,,,,,,,,,,
US_UTILITIES,FE,WEC,FirstEnergy Corp.,"WEC Energy Group, Inc.",-1.8788468213832876,0.34207672096245556,0.05,6.253458858954065e-05,False,0.8029841903837818,0.0271279186942448,,,,,,,,,,,,,,
US_UTILITIES,FE,PPL,FirstEnergy Corp.,PPL Corporation,-1.8573026110645818,0.3524060090443804,0.05,6.253458858954065e-05,False,1.0527154586091783,0.03785344718723538,,,,,,,,,,,,,,
US_UTILITIES,AEP,XEL,American Electric Power Company,Xcel Energy Inc.,-1.8263790118764034,0.36744610532391775,0.05,6.253458858954065e-05,False,1.0759263191278747,0.11392793300948245,,,,,,,,,,,,,,
US_UTILITIES,D,WEC,"Dominion Energy, Inc.","WEC Energy Group, Inc.",-1.788020978097512,0.3864249539002033,0.05,6.253458858954065e-05,False,0.7814719583654957,0.40992191413630863,,,,,,,,,,,,,,
US_UTILITIES,D,PPL,"Dominion Energy, Inc.",PPL Corporation,-1.6927879109190058,0.4348321406903195,0.05,6.253458858954065e-05,False,1.0029160047405707,0.49590711919898434,,,,,,,,,,,,,,
US_UTILITIES,AEP,EXC,American Electric Power Company,Exelon Corporation,-1.671361312561163,0.4459250924665604,0.05,6.253458858954065e-05,False,1.2788689214942626,-0.09192279267219838,,,,,,,,,,,,,,
US_UTILITIES,EXC,FE,Exelon Corporation,FirstEnergy Corp.,-1.6155738296224476,0.4750505186760592,0.05,6.253458858954065e-05,False,1.1604954844569635,-0.6090358891078096,,,,,,,,,,,,,,
US_UTILITIES,D,ED,"Dominion Energy, Inc.","Consolidated Edison, Inc.",-1.5745823377106711,0.4963478005772866,0.05,6.253458858954065e-05,False,1.350226049113687,-2.179163208232902,,,,,,,,,,,,,,
US_UTILITIES,D,EXC,"Dominion Energy, Inc.",Exelon Corporation,-1.0164778107740593,0.7472070561579224,0.05,6.253458858954065e-05,False,0.8222831504076396,0.9548346815455799,,,,,,,,,,,,,,
