sector,ticker_a,ticker_b,name_a,name_b,eg_adf_stat,eg_pvalue,fdr_level,bh_critical_pvalue,passes_bh,hedge_ratio_beta,intercept_alpha,half_life_days,ar1_alpha,ar1_beta,zscore_window,latest_zscore,max_abs_zscore,threshold_breached,breach_date,ar1_sign_agreement_recent,ar1_latest_residual,zscore_delta_latest,zscore_delta2_latest,zscore_turning_recent,momentum_read
CA_BANKS,BNS.TO,RY.TO,BANK OF NOVA SCOTIA,ROYAL BANK OF CANADA,-3.602022378618788,0.005722481710132654,0.05,,False,1.1143129135918004,-1.4606860913751776,,,,,,,,,,,,,,
CA_BANKS,NA.TO,RY.TO,NATIONAL BANK OF CANADA,ROYAL BANK OF CANADA,-3.145554856341945,0.02336051231640347,0.05,,False,1.098631627304686,-0.7838811700517825,,,,,,,,,,,,,,
CA_BANKS,CM.TO,NA.TO,CANADIAN IMPERIAL BANK OF COMME,NATIONAL BANK OF CANADA,-2.654621535051438,0.08222522473130178,0.05,,False,1.2739936427724075,-1.7169370581678987,,,,,,,,,,,,,,
CA_BANKS,BNS.TO,NA.TO,BANK OF NOVA SCOTIA,NATIONAL BANK OF CANADA,-2.600333420942138,0.09292837568983225,0.05,,False,1.0156333455112336,-0.6723376765224414,,,,,,,,,,,,,,
CA_BANKS,BNS.TO,CM.TO,BANK OF NOVA SCOTIA,CANADIAN IMPERIAL BANK OF COMME,-2.4531759297005795,0.12728661694925825,0.05,,False,0.7972372728133168,0.6962615812057895,,,,,,,,,,,,,,
CA_BANKS,BMO.TO,CM.TO,BANK OF MONTREAL,CANADIAN IMPERIAL BANK OF COMME,-2.363508618704077,0.1523017496790653,0.05,,False,0.8570601553068956,1.073230939067988,,,,,,,,,,,,,,
CA_BANKS,RY.TO,TD.TO,ROYAL BANK OF CANADA,TORONTO-DOMINION BANK,-2.3238134872591547,0.16440262299614922,0.05,,False,0.7214400458501993,1.9170808519654834,,,,,,,,,,,,,,
CA_BANKS,BMO.TO,RY.TO,BANK OF MONTREAL,ROYAL BANK OF CANADA,-2.1993270149771664,0.20648980226591201,0.05,,False,1.2035350810122123,-1.2747936911134676,,,,,,,,,,,,,,
CA_BANKS,BMO.TO,TD.TO,BANK OF MONTREAL,TORONTO-DOMINION BANK,-2.1550076130477622,0.22297822298900893,0.05,,False,0.8681769032796325,1.0329440020283744,,,,,,,,,,,,,,
CA_BANKS,CM.TO,TD.TO,CANADIAN IMPERIAL BANK OF COMME,TORONTO-DOMINION BANK,-2.0859991256812496,0.2501815629886356,0.05,,False,1.0158881322822417,-0.06033178137361794,,,,,,,,,,,,,,
CA_BANKS,BMO.TO,NA.TO,BANK OF MONTREAL,NATIONAL BANK OF CANADA,-2.063185892561716,0.2595729687436894,0.05,,False,1.0964639259242615,-0.4208989753833565,,,,,,,,,,,,,,
CA_BANKS,NA.TO,TD.TO,NATIONAL BANK OF CANADA,TORONTO-DOMINION BANK,-2.057389325470549,0.2619899530483698,0.05,,False,0.791603321706257,1.3268227273211797,,,,,,,,,,,,,,
CA_BANKS,CM.TO,RY.TO,CANADIAN IMPERIAL BANK OF COMME,ROYAL BANK OF CANADA,-1.994550655613939,0.2889675465259759,0.05,,False,1.397474065966879,-2.7042562085916853,,,,,,,,,,,,,,
CA_BANKS,BMO.TO,BNS.TO,BANK OF MONTREAL,BANK OF NOVA SCOTIA,-1.9676489491488645,0.30093550969951877,0.05,,False,1.0777555686479403,0.312907323533139,,,,,,,,,,,,,,
CA_BANKS,BNS.TO,TD.TO,BANK OF NOVA SCOTIA,TORONTO-DOMINION BANK,-1.7227087655322793,0.41945184633569915,0.05,,False,0.8033794240204535,0.6779652358437849,,,,,,,,,,,,,,
CA_ENERGY,CNQ.TO,SU.TO,CDN NATURAL RES,SUNCOR ENERGY INC.,-2.685778373535392,0.07653172847306976,0.05,,False,0.7626072261795112,0.7238983632197202,,,,,,,,,,,,,,
CA_ENERGY,CVE.TO,IMO.TO,CENOVUS ENERGY INC.,IMPERIAL OIL,-2.3748068490301653,0.1489735920070614,0.05,,False,1.0363408853559384,-1.758974616172932,,,,,,,,,,,,,,
CA_ENERGY,CVE.TO,SU.TO,CENOVUS ENERGY INC.,SUNCOR ENERGY INC.,-2.3721708480744383,0.14974550460785002,0.05,,False,1.1491384185956408,-1.4976507320910684,,,,,,,,,,,,,,
CA_ENERGY,CNQ.TO,CVE.TO,CDN NATURAL RES,CENOVUS ENERGY INC.,-2.329806289250625,0.16253494492143578,0.05,,False,0.6687266227944334,1.701761844303948,,,,,,,,,,,,,,
CA_ENERGY,CNQ.TO,IMO.TO,CDN NATURAL RES,IMPERIAL OIL,-2.228109137942012,0.19620207053014305,0.05,,False,0.6711041464510569,0.6292849463567181,,,,,,,,,,,,,,
CA_ENERGY,IMO.TO,SU.TO,IMPERIAL OIL,SUNCOR ENERGY INC.,-1.822491609513529,0.36935378235465566,0.05,,False,1.1046141263494023,0.26925021663925364,,,,,,,,,,,,,,
CH_FINANCIALS,BAER.SW,UBSG.SW,JULIUS BAER N,UBS GROUP N,-3.1676422845795127,0.021935746721297906,0.05,,False,0.7805990542971089,1.3660290592495192,,,,,,,,,,,,,,
CH_FINANCIALS,BAER.SW,ZURN.SW,JULIUS BAER N,ZURICH INSURANCE N,-2.6427373038958915,0.08448204792648784,0.05,,False,1.478401288393729,-5.243645881730875,,,,,,,,,,,,,,
CH_FINANCIALS,BAER.SW,SLHN.SW,JULIUS BAER N,SWISS LIFE HOLDING AG N,-2.352141830418943,0.15570189682826435,0.05,,False,0.9140839574258659,-2.066625694908506,,,,,,,,,,,,,,
CH_FINANCIALS,UBSG.SW,ZURN.SW,UBS GROUP N,ZURICH INSURANCE N,-2.288802156260653,0.17560493680772465,0.05,,False,2.1324665027084624,-9.956127428735073,,,,,,,,,,,,,,
CH_FINANCIALS,SLHN.SW,UBSG.SW,SWISS LIFE HOLDING AG N,UBS GROUP N,-2.213640658911948,0.20133198663251434,0.05,,False,0.823547461432647,3.8572828074636534,,,,,,,,,,,,,,
CH_FINANCIALS,SLHN.SW,ZURN.SW,SWISS LIFE HOLDING AG N,ZURICH INSURANCE N,-2.136877280017167,0.22994684205946048,0.05,,False,1.506137212740242,-2.7815053603139823,,,,,,,,,,,,,,
CH_PHARMA_LIFESCIENCE,LONN.SW,NOVN.SW,LONZA N,NOVARTIS N,-4.857530142075346,4.215742088061537e-05,0.05,4.215742088061537e-05,True,-0.24642380899877583,7.407954753000472,10.528028663595448,0.00044461863096913185,-0.06583826874985228,32.0,-0.30761994780005497,3.248180122845638,False,,0.2,0.006586294752971515,0.04496652274381341,-0.5401068940879871,True,mixed signal
CONSUMER,ABF.L,DNLM.L,ASSOCIATED BRITISH FOODS PLC OR,DUNELM GROUP PLC ORD 1P,-3.9833613926586473,0.0015001861115369445,0.05,0.007410805340452111,True,0.5742464396002398,3.6489673801754994,12.51392475797077,-0.00014632849003245194,-0.055390070978207195,38.0,-1.755945734760615,3.9922190306579743,False,,0.8,-0.00824930344695729,-0.27634376119740245,-0.9894564776037429,False,mixed signal
CONSUMER,EZJ.L,MKS.L,EASYJET PLC ORD 27 2/7P,MARKS AND SPENCER GROUP PLC ORD,-3.893807185784152,0.0020808984744055754,0.05,0.007410805340452111,True,3.409341797064434,-13.852345967835397,15.746673088872813,-0.001427351364636244,-0.04401864296336659,47.0,1.5222449786482157,2.5166573839086714,True,2026-09-18 00:00:00,0.4,0.05748197213138188,0.3288926709410296,0.7147688778397039,True,mixed signal
CONSUMER,DOM.L,MKS.L,DOMINO'S PIZZA GROUP PLC ORD 25,MARKS AND SPENCER GROUP PLC ORD,-3.8445970218897183,0.0024826069713452803,0.05,0.007410805340452111,True,124.3259520127386,-724.7809201771598,16.46022642440874,-0.0689863368535365,-0.042110428051711536,49.0,1.5766020077493013,2.6573113974389377,True,2026-09-18 00:00:00,0.8,1.6184061051378036,0.4092591505254357,0.8167929984080602,True,reversion signs agree
CONSUMER,MKS.L,WTB.L,MARKS AND SPENCER GROUP PLC ORD,WHITBREAD PLC ORD 76 122/153P,-3.842173299338392,0.0025041311180303122,0.05,0.007410805340452111,True,0.2646031745794098,3.7756115264580585,17.02378238749755,0.0006304447876841763,-0.04071640278185182,51.0,-1.4468090530071298,2.749036948381249,True,2026-09-18 00:00:00,0.6,-0.009819768640474326,-0.4508821593835082,-0.9347502693117784,True,reversion signs agree
CONSUMER,MKS.L,PETS.L,MARKS AND SPENCER GROUP PLC ORD,PETS AT HOME GROUP PLC ORD 1P,-3.8307492027288648,0.002607922345613344,0.05,0.007410805340452111,True,-0.022943193283501088,5.9985810485404825,16.412003293210674,0.0005248127474517965,-0.04223416046027036,49.0,-1.5677772020596021,2.63257495915428,True,2026-09-18 00:00:00,0.8,-0.014048748935990854,-0.43984546612013165,-0.855918676648149,True,reversion signs agree
CONSUMER,GRG.L,MKS.L,GREGGS PLC ORD 2P,MARKS AND SPENCER GROUP PLC ORD,-3.828321705435845,0.0026304818412433532,0.05,0.007410805340452111,True,-82.94736352035012,494.8029101705727,16.44580883598835,0.04435406435703303,-0.04214734510613622,49.0,-1.558184676211874,2.60307423318166,True,2026-09-18 00:00:00,0.8,-1.1391280653125924,-0.42814589958156213,-0.835393709292116,True,reversion signs agree
CONSUMER,BME.L,MKS.L,B&M EUROPEAN VALUE RETAIL PLC O,MARKS AND SPENCER GROUP PLC ORD,-3.825758307112187,0.00265449954923517,0.05,0.007410805340452111,True,-150.90790511971076,891.9565030891636,16.475494728305776,0.08105234227895365,-0.04207140313480733,49.0,-1.5606331423810809,2.6308704060749686,True,2026-09-18 00:00:00,0.8,-2.0352760608890685,-0.4260545747216691,-0.8371637816782271,True,reversion signs agree
CONSUMER,DOM.L,TSCO.L,DOMINO'S PIZZA GROUP PLC ORD 25,TESCO PLC ORD 6 1/3P,-3.8226488492479485,0.002683904882153134,0.05,0.007410805340452111,True,-1.9289160388546673,17.033014292826035,13.79545505621199,0.0004994658437050373,-0.05024460430885361,41.0,0.05387034939307358,2.9696003916639797,False,,0.4,-0.06872521577886369,-1.1429576123641711,-1.2195996196495131,True,mixed signal
CONSUMER,IHG.L,MKS.L,INTERCONTINENTAL HOTELS GROUP P,MARKS AND SPENCER GROUP PLC ORD,-3.8125953004253725,0.0027810457505999496,0.05,0.007410805340452111,True,12.85160500397122,-70.67229113941141,16.76998852680945,-0.006153208159635121,-0.04133259718406135,50.0,1.5592808983586166,2.578790496998595,True,2026-09-18 00:00:00,0.6,0.19542016849225105,0.4728861010257712,0.8771408023232115,True,reversion signs agree
CONSUMER,DNLM.L,MKS.L,DUNELM GROUP PLC ORD 1P,MARKS AND SPENCER GROUP PLC ORD,-3.8009479145575895,0.0028976314639246503,0.05,0.007410805340452111,True,24.126849423170896,-134.76215426245267,16.811943209142715,-0.01370905373113571,-0.041229450512478304,50.0,1.5236984628484733,2.6242892193961374,True,2026-09-18 00:00:00,0.8,0.3053680244012047,0.44460851478957175,0.8698017266720599,True,reversion signs agree
CONSUMER,ABF.L,MKS.L,ASSOCIATED BRITISH FOODS PLC OR,MARKS AND SPENCER GROUP PLC ORD,-3.7864163366974966,0.0030493916582061413,0.05,0.007410805340452111,True,-7.102306274690091,49.35846083338681,16.12801757624564,0.0034443393295845717,-0.04297782894165841,48.0,-1.6693545649622554,2.7595197238578146,True,2026-09-18 00:00:00,0.6,-0.11365235844651607,-0.3596143340707736,-0.7984461957923719,True,reversion signs agree
CONSUMER,MKS.L,NXT.L,MARKS AND SPENCER GROUP PLC ORD,NEXT PLC ORD 10P,-3.6591192323083503,0.004726339063323454,0.05,0.007410805340452111,True,0.1264883345347165,4.6903522742302695,17.855018059119978,0.00042676155282981757,-0.03882086135476631,54.0,-1.3784261904825281,2.5622454337550304,True,2026-09-18 00:00:00,0.8,-0.01229735954868622,-0.3675925930862174,-0.7957214022175112,True,reversion signs agree
CONSUMER,MKS.L,SBRY.L,MARKS AND SPENCER GROUP PLC ORD,SAINSBURY (J) PLC ORD 28 4/7P,-3.560326970667508,0.006566390477387574,0.05,0.007410805340452111,True,0.15721183818700676,4.980894182294476,18.47758123455821,0.00048573229086707766,-0.0375128742101573,55.0,-1.4032717230447846,2.7004091636742253,True,2026-09-18 00:00:00,0.8,-0.01207328677658285,-0.35319886782495424,-0.8180591541438522,True,reversion signs agree
CONSUMER,MKS.L,TSCO.L,MARKS AND SPENCER GROUP PLC ORD,TESCO PLC ORD 6 1/3P,-3.523203133459164,0.007410805340452111,0.05,0.007410805340452111,True,0.1505948695510163,4.971483712558559,18.45121504651104,0.0004298343301427478,-0.03756647889110225,55.0,-1.453291761677718,2.752510997386005,True,2026-09-18 00:00:00,0.8,-0.011056931216165088,-0.29631882527376696,-0.7780183099520495,True,reversion signs agree
CONSUMER,BME.L,TSCO.L,B&M EUROPEAN VALUE RETAIL PLC O,TESCO PLC ORD 6 1/3P,-3.432101484157313,0.009912015486725082,0.05,0.007410805340452111,False,-3.0448561174397555,23.80630759317254,,,,,,,,,,,,,,
CONSUMER,DNLM.L,WTB.L,DUNELM GROUP PLC ORD 1P,WHITBREAD PLC ORD 76 122/153P,-3.323002534146958,0.01388105309931609,0.05,0.007410805340452111,False,1.62608039460177,-5.941196952223669,,,,,,,,,,,,,,
CONSUMER,DOM.L,NXT.L,DOMINO'S PIZZA GROUP PLC ORD 25,NEXT PLC ORD 10P,-3.3094513934658876,0.01446124685925508,0.05,0.007410805340452111,False,-1.6545375130396194,20.95570006740448,,,,,,,,,,,,,,
CONSUMER,DOM.L,SBRY.L,DOMINO'S PIZZA GROUP PLC ORD 25,SAINSBURY (J) PLC ORD 28 4/7P,-3.2620899921999955,0.01666046693981458,0.05,0.007410805340452111,False,-2.3229886271838294,18.669160007028992,,,,,,,,,,,,,,
CONSUMER,ABF.L,PETS.L,ASSOCIATED BRITISH FOODS PLC OR,PETS AT HOME GROUP PLC ORD 1P,-3.2054193957900248,0.01967311861201132,0.05,0.007410805340452111,False,0.47434624564171546,5.060189824319598,,,,,,,,,,,,,,
CONSUMER,ABF.L,WTB.L,ASSOCIATED BRITISH FOODS PLC OR,WHITBREAD PLC ORD 76 122/153P,-3.1155443059933394,0.025424022908882894,0.05,0.007410805340452111,False,0.8995477260178549,0.5086221742198704,,,,,,,,,,,,,,
CONSUMER,ABF.L,IHG.L,ASSOCIATED BRITISH FOODS PLC OR,INTERCONTINENTAL HOTELS GROUP P,-2.9496904382348124,0.03986732445239537,0.05,0.007410805340452111,False,-0.6272043645016495,10.661150818529032,,,,,,,,,,,,,,
CONSUMER,IHG.L,PETS.L,INTERCONTINENTAL HOTELS GROUP P,PETS AT HOME GROUP PLC ORD 1P,-2.844578326946255,0.05218279781350185,0.05,0.007410805340452111,False,-0.7058969755053409,8.655838949265448,,,,,,,,,,,,,,
CONSUMER,BME.L,DOM.L,B&M EUROPEAN VALUE RETAIL PLC O,DOMINO'S PIZZA GROUP PLC ORD 25,-2.815494746570754,0.05609431402400663,0.05,0.007410805340452111,False,1.5701441107741205,-3.034917346713261,,,,,,,,,,,,,,
CONSUMER,PETS.L,TSCO.L,PETS AT HOME GROUP PLC ORD 1P,TESCO PLC ORD 6 1/3P,-2.778281962409168,0.061443626935866386,0.05,0.007410805340452111,False,-1.424928014869952,13.978720423843228,,,,,,,,,,,,,,
CONSUMER,ABF.L,TSCO.L,ASSOCIATED BRITISH FOODS PLC OR,TESCO PLC ORD 6 1/3P,-2.7708231962667242,0.0625638437408513,0.05,0.007410805340452111,False,-0.5506370882111185,10.940408983464359,,,,,,,,,,,,,,
CONSUMER,BME.L,NXT.L,B&M EUROPEAN VALUE RETAIL PLC O,NEXT PLC ORD 10P,-2.6759505209436183,0.078293133408995,0.05,0.007410805340452111,False,-2.675387894142969,30.59385335293154,,,,,,,,,,,,,,
CONSUMER,BME.L,GRG.L,B&M EUROPEAN VALUE RETAIL PLC O,GREGGS PLC ORD 2P,-2.6642993068940104,0.08042238985985928,0.05,0.007410805340452111,False,1.4619419427060114,-5.535636697576091,,,,,,,,,,,,,,
CONSUMER,EZJ.L,SBRY.L,EASYJET PLC ORD 27 2/7P,SAINSBURY (J) PLC ORD 28 4/7P,-2.659867561198661,0.08124408724253046,0.05,0.007410805340452111,False,-1.1598659005669147,12.760329758271752,,,,,,,,,,,,,,
CONSUMER,ABF.L,BME.L,ASSOCIATED BRITISH FOODS PLC OR,B&M EUROPEAN VALUE RETAIL PLC O,-2.6379529040957665,0.085404091512233,0.05,0.007410805340452111,False,0.16947401757042357,6.698483405150821,,,,,,,,,,,,,,
CONSUMER,GRG.L,NXT.L,GREGGS PLC ORD 2P,NEXT PLC ORD 10P,-2.608045002138717,0.09134590283395877,0.05,0.007410805340452111,False,-1.8831194112089142,25.210102777504897,,,,,,,,,,,,,,
CONSUMER,ABF.L,NXT.L,ASSOCIATED BRITISH FOODS PLC OR,NEXT PLC ORD 10P,-2.6015124906226395,0.09268506914968017,0.05,0.007410805340452111,False,-0.36895971075386197,11.093271537949217,,,,,,,,,,,,,,
CONSUMER,ABF.L,GRG.L,ASSOCIATED BRITISH FOODS PLC OR,GREGGS PLC ORD 2P,-2.5948758562783567,0.09406095531102893,0.05,0.007410805340452111,False,0.2514645797465045,5.732219429316398,,,,,,,,,,,,,,
CONSUMER,DNLM.L,PETS.L,DUNELM GROUP PLC ORD 1P,PETS AT HOME GROUP PLC ORD 1P,-2.589684736987733,0.09514801932617045,0.05,0.007410805340452111,False,0.8214098152930639,2.48267582996898,,,,,,,,,,,,,,
CONSUMER,EZJ.L,TSCO.L,EASYJET PLC ORD 27 2/7P,TESCO PLC ORD 6 1/3P,-2.5888896650111564,0.0953153586996433,0.05,0.007410805340452111,False,-0.8325339148998643,11.161117302101788,,,,,,,,,,,,,,
CONSUMER,BME.L,SBRY.L,B&M EUROPEAN VALUE RETAIL PLC O,SAINSBURY (J) PLC ORD 28 4/7P,-2.5840792101034222,0.09633261822555622,0.05,0.007410805340452111,False,-4.2507892163382195,29.70497179071696,,,,,,,,,,,,,,
CONSUMER,ABF.L,SBRY.L,ASSOCIATED BRITISH FOODS PLC OR,SAINSBURY (J) PLC ORD 28 4/7P,-2.5735613400028665,0.09858563901285233,0.05,0.007410805340452111,False,-0.41736778801670826,10.011732126663599,,,,,,,,,,,,,,
CONSUMER,GRG.L,TSCO.L,GREGGS PLC ORD 2P,TESCO PLC ORD 6 1/3P,-2.5519729194047325,0.10333520707488825,0.05,0.007410805340452111,False,-2.2843676833323383,21.278478517526647,,,,,,,,,,,,,,
CONSUMER,SBRY.L,TSCO.L,SAINSBURY (J) PLC ORD 28 4/7P,TESCO PLC ORD 6 1/3P,-2.542786865005927,0.10540776934876545,0.05,0.007410805340452111,False,0.8619894359408622,0.5148266142686468,,,,,,,,,,,,,,
CONSUMER,NXT.L,TSCO.L,NEXT PLC ORD 10P,TESCO PLC ORD 6 1/3P,-2.5334425729633128,0.10754794020936365,0.05,0.007410805340452111,False,1.1860560968496734,2.249710006240223,,,,,,,,,,,,,,
CONSUMER,IHG.L,WTB.L,INTERCONTINENTAL HOTELS GROUP P,WHITBREAD PLC ORD 76 122/153P,-2.5068655868775807,0.11381277756245722,0.05,0.007410805340452111,False,-1.6399669201469165,17.818402583199315,,,,,,,,,,,,,,
CONSUMER,DNLM.L,IHG.L,DUNELM GROUP PLC ORD 1P,INTERCONTINENTAL HOTELS GROUP P,-2.477448843701598,0.1210581190855251,0.05,0.007410805340452111,False,-1.2216178754323734,12.83409552490215,,,,,,,,,,,,,,
CONSUMER,ABF.L,EZJ.L,ASSOCIATED BRITISH FOODS PLC OR,EASYJET PLC ORD 27 2/7P,-2.4675258978068557,0.1235768521256489,0.05,0.007410805340452111,False,0.5018326913546315,4.543494339868787,,,,,,,,,,,,,,
CONSUMER,ABF.L,DOM.L,ASSOCIATED BRITISH FOODS PLC OR,DOMINO'S PIZZA GROUP PLC ORD 25,-2.4600030496594685,0.12551170753018992,0.05,0.007410805340452111,False,0.2080053013880078,6.502288060349944,,,,,,,,,,,,,,
CONSUMER,NXT.L,SBRY.L,NEXT PLC ORD 10P,SAINSBURY (J) PLC ORD 28 4/7P,-2.424055429609006,0.1350617205372538,0.05,0.007410805340452111,False,1.43913030231994,1.1825308918973683,,,,,,,,,,,,,,
CONSUMER,DNLM.L,TSCO.L,DUNELM GROUP PLC ORD 1P,TESCO PLC ORD 6 1/3P,-2.414164237143849,0.1377785004895068,0.05,0.007410805340452111,False,-1.3564014415181014,15.079012750480736,,,,,,,,,,,,,,
CONSUMER,PETS.L,WTB.L,PETS AT HOME GROUP PLC ORD 1P,WHITBREAD PLC ORD 76 122/153P,-2.4125450571246714,0.13822691956365185,0.05,0.007410805340452111,False,2.2836052004046623,-12.665766097973137,,,,,,,,,,,,,,
CONSUMER,TSCO.L,WTB.L,TESCO PLC ORD 6 1/3P,WHITBREAD PLC ORD 76 122/153P,-2.3991801823259866,0.14196792987665913,0.05,0.007410805340452111,False,-2.0074916597320094,21.90925494227585,,,,,,,,,,,,,,
CONSUMER,DOM.L,EZJ.L,DOMINO'S PIZZA GROUP PLC ORD 25,EASYJET PLC ORD 27 2/7P,-2.383620625124153,0.14641283147558515,0.05,0.007410805340452111,False,3.4182824006734647,-15.625357750059258,,,,,,,,,,,,,,
CONSUMER,EZJ.L,GRG.L,EASYJET PLC ORD 27 2/7P,GREGGS PLC ORD 2P,-2.3635177768500086,0.15229903116682098,0.05,0.007410805340452111,False,0.19627014407059604,4.683071975310012,,,,,,,,,,,,,,
CONSUMER,GRG.L,SBRY.L,GREGGS PLC ORD 2P,SAINSBURY (J) PLC ORD 28 4/7P,-2.3321262341273212,0.16181582810652323,0.05,0.007410805340452111,False,-3.5401082781010906,27.697302145749294,,,,,,,,,,,,,,
CONSUMER,BME.L,PETS.L,B&M EUROPEAN VALUE RETAIL PLC O,PETS AT HOME GROUP PLC ORD 1P,-2.303890677554733,0.1707162209305529,0.05,0.007410805340452111,False,2.363085510059395,-7.295207428323041,,,,,,,,,,,,,,
CONSUMER,BME.L,WTB.L,B&M EUROPEAN VALUE RETAIL PLC O,WHITBREAD PLC ORD 76 122/153P,-2.2174259554120646,0.1999817393280261,0.05,0.007410805340452111,False,6.243603919538223,-43.94360058805869,,,,,,,,,,,,,,
CONSUMER,EZJ.L,NXT.L,EASYJET PLC ORD 27 2/7P,NEXT PLC ORD 10P,-2.1926156358732047,0.20893646343282418,0.05,0.007410805340452111,False,-0.4172881005001997,10.077214322603636,,,,,,,,,,,,,,
CONSUMER,BME.L,EZJ.L,B&M EUROPEAN VALUE RETAIL PLC O,EASYJET PLC ORD 27 2/7P,-2.185787404673944,0.21144418771914536,0.05,0.007410805340452111,False,6.4546787906359375,-34.28224589472144,,,,,,,,,,,,,,
CONSUMER,EZJ.L,PETS.L,EASYJET PLC ORD 27 2/7P,PETS AT HOME GROUP PLC ORD 1P,-2.142007042173162,0.2279621109280044,0.05,0.007410805340452111,False,0.4643380812955553,3.646450254741141,,,,,,,,,,,,,,
CONSUMER,NXT.L,PETS.L,NEXT PLC ORD 10P,PETS AT HOME GROUP PLC ORD 1P,-2.140817062986897,0.22842160534923983,0.05,0.007410805340452111,False,-0.8235139628068641,13.83691877253446,,,,,,,,,,,,,,
CONSUMER,NXT.L,WTB.L,NEXT PLC ORD 10P,WHITBREAD PLC ORD 76 122/153P,-2.129431019099385,0.23284606739509323,0.05,0.007410805340452111,False,-2.5563715003477476,29.62590854468079,,,,,,,,,,,,,,
CONSUMER,DNLM.L,NXT.L,DUNELM GROUP PLC ORD 1P,NEXT PLC ORD 10P,-2.1066198903641973,0.2418610557345381,0.05,0.007410805340452111,False,-0.9501801366569814,15.842047606003664,,,,,,,,,,,,,,
CONSUMER,PETS.L,SBRY.L,PETS AT HOME GROUP PLC ORD 1P,SAINSBURY (J) PLC ORD 28 4/7P,-2.1008435281104263,0.24417554991863882,0.05,0.007410805340452111,False,-2.110646693808348,17.428441325244524,,,,,,,,,,,,,,
CONSUMER,GRG.L,PETS.L,GREGGS PLC ORD 2P,PETS AT HOME GROUP PLC ORD 1P,-2.0970489644323425,0.24570288230695775,0.05,0.007410805340452111,False,1.6518913788417917,-1.3967066517161237,,,,,,,,,,,,,,
CONSUMER,SBRY.L,WTB.L,SAINSBURY (J) PLC ORD 28 4/7P,WHITBREAD PLC ORD 76 122/153P,-2.058118776147823,0.2616851158612833,0.05,0.007410805340452111,False,-2.2634980128067896,23.627182347732706,,,,,,,,,,,,,,
CONSUMER,GRG.L,WTB.L,GREGGS PLC ORD 2P,WHITBREAD PLC ORD 76 122/153P,-2.054399359984604,0.2632414971813642,0.05,0.007410805340452111,False,5.194628297169726,-33.59751493282809,,,,,,,,,,,,,,
CONSUMER,DOM.L,WTB.L,DOMINO'S PIZZA GROUP PLC ORD 25,WHITBREAD PLC ORD 76 122/153P,-1.9899314704474744,0.2910051734140231,0.05,0.007410805340452111,False,4.782495643619745,-32.44545873316541,,,,,,,,,,,,,,
CONSUMER,DOM.L,GRG.L,DOMINO'S PIZZA GROUP PLC ORD 25,GREGGS PLC ORD 2P,-1.9878403946796308,0.2919299805641542,0.05,0.007410805340452111,False,0.9120641746302247,-1.4482359039542105,,,,,,,,,,,,,,
CONSUMER,DNLM.L,SBRY.L,DUNELM GROUP PLC ORD 1P,SAINSBURY (J) PLC ORD 28 4/7P,-1.9654014379956573,0.30194629004228857,0.05,0.007410805340452111,False,-3.2574285576595714,25.45210007012213,,,,,,,,,,,,,,
CONSUMER,EZJ.L,WTB.L,EASYJET PLC ORD 27 2/7P,WHITBREAD PLC ORD 76 122/153P,-1.960072265312042,0.3043496096028112,0.05,0.007410805340452111,False,1.400035967589552,-4.928104971316122,,,,,,,,,,,,,,
CONSUMER,EZJ.L,IHG.L,EASYJET PLC ORD 27 2/7P,INTERCONTINENTAL HOTELS GROUP P,-1.8850664097735346,0.33911862375575297,0.05,0.007410805340452111,False,-0.6781235782483773,9.438105762518722,,,,,,,,,,,,,,
CONSUMER,DOM.L,PETS.L,DOMINO'S PIZZA GROUP PLC ORD 25,PETS AT HOME GROUP PLC ORD 1P,-1.7191907702709945,0.42125292276294013,0.05,0.007410805340452111,False,1.5238350624889725,-2.8157407537288526,,,,,,,,,,,,,,
CONSUMER,BME.L,DNLM.L,B&M EUROPEAN VALUE RETAIL PLC O,DUNELM GROUP PLC ORD 1P,-1.546087103934981,0.5106021427672145,0.05,0.007410805340452111,False,4.0057214974500805,-22.285902753361363,,,,,,,,,,,,,,
CONSUMER,DOM.L,IHG.L,DOMINO'S PIZZA GROUP PLC ORD 25,INTERCONTINENTAL HOTELS GROUP P,-1.5416342650988741,0.5128242246651541,0.05,0.007410805340452111,False,-2.6660087195525994,18.31218820522652,,,,,,,,,,,,,,
CONSUMER,IHG.L,TSCO.L,INTERCONTINENTAL HOTELS GROUP P,TESCO PLC ORD 6 1/3P,-1.5238925967153856,0.5216606518918312,0.05,0.007410805340452111,False,0.9942602123500949,-1.1422461975361227,,,,,,,,,,,,,,
CONSUMER,DNLM.L,GRG.L,DUNELM GROUP PLC ORD 1P,GREGGS PLC ORD 2P,-1.50293486918485,0.5320590047000845,0.05,0.007410805340452111,False,0.35363441086209263,4.267598819983586,,,,,,,,,,,,,,
CONSUMER,DNLM.L,DOM.L,DUNELM GROUP PLC ORD 1P,DOMINO'S PIZZA GROUP PLC ORD 25,-1.4972824605716448,0.5348552359007422,0.05,0.007410805340452111,False,0.3686237776356931,4.933755537153111,,,,,,,,,,,,,,
CONSUMER,IHG.L,SBRY.L,INTERCONTINENTAL HOTELS GROUP P,SAINSBURY (J) PLC ORD 28 4/7P,-1.4523220645417765,0.5569514457951535,0.05,0.007410805340452111,False,1.3562479984528897,-2.8878131245458603,,,,,,,,,,,,,,
CONSUMER,IHG.L,NXT.L,INTERCONTINENTAL HOTELS GROUP P,NEXT PLC ORD 10P,-1.3358867565311758,0.6125984138245394,0.05,0.007410805340452111,False,0.738435750755828,-2.0939472007367588,,,,,,,,,,,,,,
CONSUMER,DNLM.L,EZJ.L,DUNELM GROUP PLC ORD 1P,EASYJET PLC ORD 27 2/7P,-1.3281555420762743,0.6161947245916318,0.05,0.007410805340452111,False,1.3744139880815094,-1.5320535486716613,,,,,,,,,,,,,,
CONSUMER,BME.L,IHG.L,B&M EUROPEAN VALUE RETAIL PLC O,INTERCONTINENTAL HOTELS GROUP P,-1.1019406789901256,0.7142973645927366,0.05,0.007410805340452111,False,-3.8281897128532885,23.995059120446747,,,,,,,,,,,,,,
CONSUMER,GRG.L,IHG.L,GREGGS PLC ORD 2P,INTERCONTINENTAL HOTELS GROUP P,-0.6731058797849453,0.8535932903861945,0.05,0.007410805340452111,False,-3.166361544087998,22.83705632713054,,,,,,,,,,,,,,
DE_AUTO,BMW.DE,VOW3.DE,BAYERISCHE MOTOREN WERKE AG   S,VOLKSWAGEN AG                 V,-3.038016130162545,0.031493481993887386,0.05,,False,1.2931531091464952,-1.449754658475352,,,,,,,,,,,,,,
DE_AUTO,BMW.DE,MBG.DE,BAYERISCHE MOTOREN WERKE AG   S,Mercedes-Benz Group AG        N,-2.885418035580636,0.04707014819252553,0.05,,False,1.5886589394332626,-1.9046479079338114,,,,,,,,,,,,,,
DE_AUTO,MBG.DE,VOW3.DE,Mercedes-Benz Group AG        N,VOLKSWAGEN AG                 V,-2.722721052477379,0.0701883816735559,0.05,,False,0.8185845458087344,0.26587589714455895,,,,,,,,,,,,,,
DE_AUTO,CON.DE,MBG.DE,CONTINENTAL AG                I,Mercedes-Benz Group AG        N,-2.545795093220853,0.10472563699649068,0.05,,False,8.170522449392141,-28.00377601139742,,,,,,,,,,,,,,
DE_AUTO,CON.DE,PAH3.DE,CONTINENTAL AG                I,Porsche Automobil Holding SE  I,-2.4579257290726,0.12604985174042005,0.05,,False,-6.551055849948269,26.94182175225632,,,,,,,,,,,,,,
DE_AUTO,MBG.DE,PAH3.DE,Mercedes-Benz Group AG        N,Porsche Automobil Holding SE  I,-2.3171343915334286,0.16650132331655004,0.05,,False,0.8695666836312236,0.8609228436393188,,,,,,,,,,,,,,
DE_AUTO,CON.DE,VOW3.DE,CONTINENTAL AG                I,VOLKSWAGEN AG                 V,-1.9017124246668207,0.3312559614310777,0.05,,False,5.357467333593043,-19.904174838823177,,,,,,,,,,,,,,
DE_AUTO,BMW.DE,PAH3.DE,BAYERISCHE MOTOREN WERKE AG   S,Porsche Automobil Holding SE  I,-1.8771752898627412,0.34287356788979384,0.05,,False,1.7647809333359028,-1.8818637258990272,,,,,,,,,,,,,,
DE_AUTO,PAH3.DE,VOW3.DE,Porsche Automobil Holding SE  I,VOLKSWAGEN AG                 V,-1.4333603118762477,0.5661824422460406,0.05,,False,0.8983315028811326,-0.4926100585768376,,,,,,,,,,,,,,
DE_AUTO,BMW.DE,CON.DE,BAYERISCHE MOTOREN WERKE AG   S,CONTINENTAL AG                I,-0.9167828341843399,0.782395359720045,0.05,,False,0.31545011129537603,3.061435249945389,,,,,,,,,,,,,,
DE_BANKS_INSURANCE,CBK.DE,HNR1.DE,Commerzbank AG                I,HANNOVER RUECK SE NA O.N.,-3.4728342132796564,0.008712801276651447,0.05,,False,12.500016441405746,-65.317598625203,,,,,,,,,,,,,,
DE_BANKS_INSURANCE,DBK.DE,HNR1.DE,DEUTSCHE BANK AG              N,HANNOVER RUECK SE NA O.N.,-3.426956084077845,0.01007355435115006,0.05,,False,10.209963846149632,-52.84553618651431,,,,,,,,,,,,,,
DE_BANKS_INSURANCE,ALV.DE,CBK.DE,Allianz SE                    v,Commerzbank AG                I,-3.2456692219443144,0.017488752554840826,0.05,,False,0.3768474922648367,4.565187750995413,,,,,,,,,,,,,,
DE_BANKS_INSURANCE,CBK.DE,DBK.DE,Commerzbank AG                I,DEUTSCHE BANK AG              N,-3.022637321069204,0.0328337603369109,0.05,,False,1.2333091838795238,-0.6468811966723647,,,,,,,,,,,,,,
DE_BANKS_INSURANCE,HNR1.DE,MUV2.DE,HANNOVER RUECK SE NA O.N.,MUENCHENER RUECKVERS.-GES. AG N,-2.948225014167196,0.04002064337711415,0.05,,False,0.6418119177020991,1.4987307563915735,,,,,,,,,,,,,,
DE_BANKS_INSURANCE,ALV.DE,HNR1.DE,Allianz SE                    v,HANNOVER RUECK SE NA O.N.,-2.655168407439358,0.08212251631354539,0.05,,False,3.7172427313466683,-14.6074280419624,,,,,,,,,,,,,,
DE_BANKS_INSURANCE,DBK.DE,MUV2.DE,DEUTSCHE BANK AG              N,MUENCHENER RUECKVERS.-GES. AG N,-2.3589916835964257,0.15364667241033625,0.05,,False,4.715293361474757,-26.148855763686917,,,,,,,,,,,,,,
DE_BANKS_INSURANCE,ALV.DE,DBK.DE,Allianz SE                    v,DEUTSCHE BANK AG              N,-2.014472806666594,0.2802635532104377,0.05,,False,0.4575893509738809,4.343600707357718,,,,,,,,,,,,,,
DE_BANKS_INSURANCE,CBK.DE,MUV2.DE,Commerzbank AG                I,MUENCHENER RUECKVERS.-GES. AG N,-1.6695586926398656,0.4468610341614563,0.05,,False,6.13794563617447,-34.896492106054254,,,,,,,,,,,,,,
DE_BANKS_INSURANCE,ALV.DE,MUV2.DE,Allianz SE                    v,MUENCHENER RUECKVERS.-GES. AG N,-1.2055113642704518,0.6712203798696575,0.05,,False,1.966179923545583,-6.434436089577312,,,,,,,,,,,,,,
DE_CHEMICALS,BAS.DE,LXS.DE,BASF SE                       N,LANXESS AG                    I,-3.4260526973857512,0.010102157474236189,0.05,0.015366063300519902,True,-0.19669708119964147,4.368283051947173,17.544308378147303,0.0001938399991445932,-0.03950837876420993,53.0,-0.2977774916411206,2.3078443893054046,False,,0.4,0.0070358675086476495,0.06830054724145174,-0.05022355715296195,True,mixed signal
DE_CHEMICALS,LXS.DE,WCH.DE,LANXESS AG                    I,Wacker Chemie AG              I,-3.2892462684693564,0.015366063300519902,0.05,0.015366063300519902,True,-2.904170208443034,15.585567825868464,22.997195319152496,-0.0010397478910710678,-0.0301405093508372,63.0,-1.3080150044246275,2.525693457471912,False,,0.6,0.03638900129963257,0.3072255562443664,0.07847713292371838,True,reversion signs agree
DE_CHEMICALS,BAS.DE,WCH.DE,BASF SE                       N,Wacker Chemie AG              I,-2.7478641129126586,0.06611553805042863,0.05,0.015366063300519902,False,0.41085649630591903,1.992284919134117,,,,,,,,,,,,,,
DE_CHEMICALS,BAS.DE,SY1.DE,BASF SE                       N,Symrise AG                    I,-2.6467073416420193,0.08372283805436209,0.05,0.015366063300519902,False,-0.28712986697293097,5.044123770656639,,,,,,,,,,,,,,
DE_CHEMICALS,LXS.DE,SY1.DE,LANXESS AG                    I,Symrise AG                    I,-2.4210959536104557,0.1358705387357511,0.05,0.015366063300519902,False,1.2193507462659958,-2.3598801501637774,,,,,,,,,,,,,,
DE_CHEMICALS,SY1.DE,WCH.DE,Symrise AG                    I,Wacker Chemie AG              I,-2.1281433918859793,0.2333495924405129,0.05,0.015366063300519902,False,3.3710219638412067,-10.01894815867482,,,,,,,,,,,,,,
DE_HEALTHCARE,FRE.DE,MRK.DE,Fresenius SE & Co. KGaA       N,MERCK KGAA                    I,-3.2432958966311256,0.01761140106980433,0.05,,False,-1.2974624754763922,9.923368568934992,,,,,,,,,,,,,,
DE_HEALTHCARE,BAYN.DE,SHL.DE,Bayer AG                      N,Siemens Healthineers AG       N,-3.119965955719984,0.025110470798335404,0.05,,False,-2.404914817588094,12.500050867233035,,,,,,,,,,,,,,
DE_HEALTHCARE,FME.DE,MRK.DE,Fresenius Medical Care AG     I,MERCK KGAA                    I,-2.738051297990105,0.0676819920672583,0.05,,False,-0.6670617120621951,6.897408764712104,,,,,,,,,,,,,,
DE_HEALTHCARE,BAYN.DE,FME.DE,Bayer AG                      N,Fresenius Medical Care AG     I,-2.3833746142771974,0.14648388577502364,0.05,,False,-5.993619883304259,25.373971354053626,,,,,,,,,,,,,,
DE_HEALTHCARE,FME.DE,SHL.DE,Fresenius Medical Care AG     I,Siemens Healthineers AG       N,-1.9978322021699706,0.28752441115742283,0.05,,False,0.367693954021565,2.2757222533408035,,,,,,,,,,,,,,
DE_HEALTHCARE,FME.DE,FRE.DE,Fresenius Medical Care AG     I,Fresenius SE & Co. KGaA       N,-1.8840012154560561,0.33962446661050383,0.05,,False,0.4028878048977611,2.202423694833907,,,,,,,,,,,,,,
DE_HEALTHCARE,BAYN.DE,FRE.DE,Bayer AG                      N,Fresenius SE & Co. KGaA       N,-1.667987636008655,0.4476770673086644,0.05,,False,1.9231264111299966,-3.6936974789894346,,,,,,,,,,,,,,
DE_HEALTHCARE,FRE.DE,SHL.DE,Fresenius SE & Co. KGaA       N,Siemens Healthineers AG       N,-1.6255157970357055,0.4698387827015078,0.05,,False,-1.8814787707559864,10.823574589292742,,,,,,,,,,,,,,
DE_HEALTHCARE,BAYN.DE,MRK.DE,Bayer AG                      N,MERCK KGAA                    I,-1.3171540785090754,0.6212882196336024,0.05,,False,-5.49205919982477,29.86234806972746,,,,,,,,,,,,,,
DE_HEALTHCARE,MRK.DE,SHL.DE,MERCK KGAA                    I,Siemens Healthineers AG       N,0.3000334214560205,0.9773460196985662,0.05,,False,1.2443984945397226,0.08969318798288395,,,,,,,,,,,,,,
DE_INDUSTRIALS,KGX.DE,MTX.DE,KION GROUP AG                 I,MTU Aero Engines AG           N,-3.015870415076843,0.033438649529820126,0.05,,False,2.2479486112770406,-9.220632377729752,,,,,,,,,,,,,,
DE_INDUSTRIALS,HEI.DE,MTX.DE,Heidelberg Materials AG       I,MTU Aero Engines AG           N,-3.0006918778214073,0.034829838090778754,0.05,,False,2.726006061388776,-10.71683557388008,,,,,,,,,,,,,,
DE_INDUSTRIALS,MTX.DE,SIE.DE,MTU Aero Engines AG           N,SIEMENS AG                    N,-2.386723027282027,0.14551885417139376,0.05,,False,0.7526949259730735,1.7577257318978052,,,,,,,,,,,,,,
DE_INDUSTRIALS,HEI.DE,SIE.DE,Heidelberg Materials AG       I,SIEMENS AG                    N,-2.0380345385733336,0.27014919133937304,0.05,,False,2.0531019823637524,-5.931950630935179,,,,,,,,,,,,,,
DE_INDUSTRIALS,HEI.DE,KGX.DE,Heidelberg Materials AG       I,KION GROUP AG                 I,-1.804998675192232,0.3779828294190103,0.05,,False,1.28592830745074,0.18823713539812204,,,,,,,,,,,,,,
DE_INDUSTRIALS,KGX.DE,SIE.DE,KION GROUP AG                 I,SIEMENS AG                    N,-0.25600369140708934,0.9315085177182304,0.05,,False,1.8131903985679803,-5.916934672000462,,,,,,,,,,,,,,
DE_REAL_ESTATE,DWNI.DE,VNA.DE,Deutsche Wohnen SE            I,Vonovia SE                    N,-3.612740371807968,0.005522078777994187,0.05,0.011219400169867375,True,0.8398327325226863,0.3676766742700197,22.055249784971725,0.0002718292017697989,-0.0314277637894743,63.0,1.486371126528599,1.9746777573605228,False,,1.0,-0.0030854067476943532,-0.359139068448304,-0.28263353325160145,False,mixed signal
DE_REAL_ESTATE,GYC.DE,LEG.DE,Grand City Properties S.A.    A,LEG Immobilien SE             N,-3.451456705999123,0.009324900429717281,0.05,0.011219400169867375,True,0.6952547747943527,-0.5779687399662845,11.624515773628147,3.056022282506887e-05,-0.05962804765876333,35.0,-2.65077482926439,4.226858098049649,True,2026-09-23 00:00:00,0.2,-0.028512054726994366,-0.12366124152856628,-0.5323659078202181,True,mixed signal
DE_REAL_ESTATE,GYC.DE,VNA.DE,Grand City Properties S.A.    A,Vonovia SE                    N,-3.392437328522576,0.011219400169867375,0.05,0.011219400169867375,True,0.9356903826286967,-0.6729161813365709,12.444805699887798,-8.889604292715078e-05,-0.055697710135096334,37.0,-2.2425259514797826,3.1151355673177905,False,,0.8,-0.022484371346264735,-0.43296717544902563,-0.5448668101290155,True,reversion signs agree
DE_REAL_ESTATE,DWNI.DE,LEG.DE,Deutsche Wohnen SE            I,LEG Immobilien SE             N,-3.1922559735362794,0.02043733262203803,0.05,0.011219400169867375,False,0.5379477783462702,0.8146641909476577,,,,,,,,,,,,,,
DE_REAL_ESTATE,DWNI.DE,GYC.DE,Deutsche Wohnen SE            I,Grand City Properties S.A.    A,-3.098407063078145,0.02667129775858641,0.05,0.011219400169867375,False,0.8911711257510827,0.9866165996040626,,,,,,,,,,,,,,
DE_REAL_ESTATE,LEG.DE,VNA.DE,LEG Immobilien SE             N,Vonovia SE                    N,-2.9390637887180526,0.040990349826920125,0.05,0.011219400169867375,False,1.3478590424475558,-0.1431271708090387,,,,,,,,,,,,,,
DE_REAL_ESTATE,AT1.DE,LEG.DE,Aroundtown SA                 B,LEG Immobilien SE             N,-2.0327712614243922,0.2723914136276196,0.05,0.011219400169867375,False,1.2797382083563809,-4.414612850010942,,,,,,,,,,,,,,
DE_REAL_ESTATE,AT1.DE,DWNI.DE,Aroundtown SA                 B,Deutsche Wohnen SE            I,-1.7504539965865888,0.40532224838531716,0.05,0.011219400169867375,False,1.8788336607731422,-4.8146222380794645,,,,,,,,,,,,,,
DE_REAL_ESTATE,AT1.DE,GYC.DE,Aroundtown SA                 B,Grand City Properties S.A.    A,-1.6485267660245626,0.4578088728654856,0.05,0.011219400169867375,False,2.6415656219802686,-5.227994366662656,,,,,,,,,,,,,,
DE_REAL_ESTATE,AT1.DE,VNA.DE,Aroundtown SA                 B,Vonovia SE                    N,-1.6380102131563756,0.46330070245049204,0.05,0.011219400169867375,False,2.11825244002193,-5.866002231698865,,,,,,,,,,,,,,
DE_SOFTWARE,NEM.DE,SAP.DE,Nemetschek SE                 I,SAP SE                        I,-3.3146368704238247,0.014236749642033995,0.05,0.014236749642033995,True,1.2333708789657998,-2.0418794938887928,15.356862957563662,-0.00037424584986830246,-0.045135987895141824,46.0,-0.6895856662684515,3.9246928379445136,False,,0.6,-0.026812944513029367,-0.13473064949621283,-0.4323999658464073,True,reversion signs agree
DE_SOFTWARE,SAP.DE,TMV.DE,SAP SE                        I,TeamViewer SE                 I,-1.7018103368593227,0.4301799790647341,0.05,0.014236749642033995,False,0.40847713880596753,4.454084385390314,,,,,,,,,,,,,,
DE_SOFTWARE,NEM.DE,TMV.DE,Nemetschek SE                 I,TeamViewer SE                 I,-1.1550612006070353,0.6926225777262904,0.05,0.014236749642033995,False,0.543704988755858,3.3660738965392634,,,,,,,,,,,,,,
DE_UTILITIES_ENERGY,ENR.DE,EOAN.DE,Siemens Energy AG             N,E.ON SE                       N,-2.0658081973394626,0.2584836187738581,0.05,,False,3.6017241974383016,-5.223470063400878,,,,,,,,,,,,,,
DE_UTILITIES_ENERGY,EOAN.DE,RWE.DE,E.ON SE                       N,RWE AG                        I,-2.03507479524492,0.27140885610270826,0.05,,False,0.7306166984824861,0.012849295767519475,,,,,,,,,,,,,,
DE_UTILITIES_ENERGY,ENR.DE,RWE.DE,Siemens Energy AG             N,RWE AG                        I,-1.7070761877416551,0.42747034948158213,0.05,,False,2.7391392165802584,-5.5660300086801495,,,,,,,,,,,,,,
ENERGY_UTILITIES,SSE.L,SVT.L,SSE PLC ORD 50P,SEVERN TRENT PLC ORD 97 17/19P,-4.729339344437268,7.40975854910611e-05,0.05,7.40975854910611e-05,True,2.3615895644406146,-11.101867925037812,9.139143639983041,-0.00042700888483778566,-0.07584377791453899,27.0,0.40807696748576083,3.198929848009387,False,,0.2,0.044065818534362214,0.8941984985245133,1.2434877693354627,False,still diverging
ENERGY_UTILITIES,GCP.L,HICL.L,GCP INFRASTRUCTURE INVESTMENTS ,HICL INFRASTRUCTURE PLC ORD 0.0,-4.133146428086721,0.0008532992070810748,0.05,7.40975854910611e-05,False,0.7379838471599887,0.7759001574547155,,,,,,,,,,,,,,
ENERGY_UTILITIES,NG.L,SVT.L,NATIONAL GRID PLC ORD 12 204/47,SEVERN TRENT PLC ORD 97 17/19P,-3.9619548877796675,0.0016233658523687891,0.05,7.40975854910611e-05,False,1.4358886162054785,-4.366297460171004,,,,,,,,,,,,,,
ENERGY_UTILITIES,ENOG.L,SVT.L,ENERGEAN PLC ORD 1P,SEVERN TRENT PLC ORD 97 17/19P,-3.755484748760491,0.003397050777904807,0.05,7.40975854910611e-05,False,-1.1633743587955727,16.008028114166688,,,,,,,,,,,,,,
ENERGY_UTILITIES,ENOG.L,NG.L,ENERGEAN PLC ORD 1P,NATIONAL GRID PLC ORD 12 204/47,-3.7512445107349333,0.003447447433152716,0.05,7.40975854910611e-05,False,-0.6146519564643977,11.104899791110618,,,,,,,,,,,,,,
ENERGY_UTILITIES,ENOG.L,UU.L,ENERGEAN PLC ORD 1P,UNITED UTILITIES GROUP PLC ORD ,-3.7333344955945886,0.0036679709753198006,0.05,7.40975854910611e-05,False,-0.6488866374851892,11.37735813255614,,,,,,,,,,,,,,
ENERGY_UTILITIES,TRIG.L,UKW.L,THE RENEWABLES INFRASTRUCTURE G,GREENCOAT UK WIND PLC ORD 1P,-3.637797134553529,0.005078209751560798,0.05,7.40975854910611e-05,False,1.0807219496926774,-0.735529711298458,,,,,,,,,,,,,,
ENERGY_UTILITIES,BP.L,SVT.L,BP PLC $0.25,SEVERN TRENT PLC ORD 97 17/19P,-3.5754717321036815,0.006247645810151936,0.05,7.40975854910611e-05,False,2.1801250073159086,-11.158243664447395,,,,,,,,,,,,,,
ENERGY_UTILITIES,NG.L,SSE.L,NATIONAL GRID PLC ORD 12 204/47,SSE PLC ORD 50P,-3.481477559888974,0.008475728556262207,0.05,7.40975854910611e-05,False,0.6106917797950892,2.3636124874040316,,,,,,,,,,,,,,
ENERGY_UTILITIES,HBR.L,PNN.L,HARBOUR ENERGY PLC ORD 0.002P,PENNON GROUP PLC ORD 61 1/20P,-3.443774779774368,0.009554089480200586,0.05,7.40975854910611e-05,False,2.24143794893243,-8.57915314667351,,,,,,,,,,,,,,
ENERGY_UTILITIES,NG.L,UU.L,NATIONAL GRID PLC ORD 12 204/47,UNITED UTILITIES GROUP PLC ORD ,-3.3108536595059257,0.014400231875786039,0.05,7.40975854910611e-05,False,1.0465848689465829,-0.37917305625862685,,,,,,,,,,,,,,
ENERGY_UTILITIES,CNA.L,ENOG.L,CENTRICA PLC ORD 6 14/81P,ENERGEAN PLC ORD 1P,-3.303502074942412,0.01472265555568184,0.05,7.40975854910611e-05,False,-3.3645661487825875,27.972825323452724,,,,,,,,,,,,,,
ENERGY_UTILITIES,BP.L,NG.L,BP PLC $0.25,NATIONAL GRID PLC ORD 12 204/47,-3.283781468960591,0.015619192802788218,0.05,7.40975854910611e-05,False,1.2457832127610684,-2.625921369651227,,,,,,,,,,,,,,
ENERGY_UTILITIES,FSFL.L,SVT.L,FORESIGHT SOLAR FUND LIMITED OR,SEVERN TRENT PLC ORD 97 17/19P,-3.225025022682747,0.01858106749062911,0.05,7.40975854910611e-05,False,-2.1177017757176695,21.070981194973626,,,,,,,,,,,,,,
ENERGY_UTILITIES,CNA.L,SVT.L,CENTRICA PLC ORD 6 14/81P,SEVERN TRENT PLC ORD 97 17/19P,-3.2107593629790543,0.01937027137995334,0.05,7.40975854910611e-05,False,2.6182301339542056,-15.643913094732204,,,,,,,,,,,,,,
ENERGY_UTILITIES,BP.L,ENOG.L,BP PLC $0.25,ENERGEAN PLC ORD 1P,-3.1986899293487214,0.02006063659725932,0.05,7.40975854910611e-05,False,-3.441112936365437,29.51737014536154,,,,,,,,,,,,,,
ENERGY_UTILITIES,ENOG.L,SSE.L,ENERGEAN PLC ORD 1P,SSE PLC ORD 50P,-3.170079373674491,0.021783251566134542,0.05,7.40975854910611e-05,False,-0.24997532048220858,8.70374570603333,,,,,,,,,,,,,,
ENERGY_UTILITIES,CNA.L,UKW.L,CENTRICA PLC ORD 6 14/81P,GREENCOAT UK WIND PLC ORD 1P,-3.146821881722364,0.023276671059317574,0.05,7.40975854910611e-05,False,-1.3841814967882575,11.604280027854019,,,,,,,,,,,,,,
ENERGY_UTILITIES,BP.L,SSE.L,BP PLC $0.25,SSE PLC ORD 50P,-3.1371307230188865,0.023924613612099438,0.05,7.40975854910611e-05,False,0.6543715852187687,1.1235080072750607,,,,,,,,,,,,,,
ENERGY_UTILITIES,INPP.L,SVT.L,INTERNATIONAL PUBLIC PARTNERSHI,SEVERN TRENT PLC ORD 97 17/19P,-3.0633125551182907,0.029390068676863612,0.05,7.40975854910611e-05,False,0.5736980340324622,0.28277991473666386,,,,,,,,,,,,,,
ENERGY_UTILITIES,GCP.L,INPP.L,GCP INFRASTRUCTURE INVESTMENTS ,INTERNATIONAL PUBLIC PARTNERSHI,-3.0493434347928,0.030536288859498426,0.05,7.40975854910611e-05,False,0.5985565869196022,1.4263336486505231,,,,,,,,,,,,,,
ENERGY_UTILITIES,ENOG.L,UKW.L,ENERGEAN PLC ORD 1P,GREENCOAT UK WIND PLC ORD 1P,-3.0255837958883056,0.03257329024555802,0.05,7.40975854910611e-05,False,0.43565886687253075,4.7501047728001975,,,,,,,,,,,,,,
ENERGY_UTILITIES,BP.L,UU.L,BP PLC $0.25,UNITED UTILITIES GROUP PLC ORD ,-3.016848283260867,0.033350659441499904,0.05,7.40975854910611e-05,False,1.3598613553009036,-3.492499125807612,,,,,,,,,,,,,,
ENERGY_UTILITIES,ENOG.L,HICL.L,ENERGEAN PLC ORD 1P,HICL INFRASTRUCTURE PLC ORD 0.0,-3.0110728688018478,0.03387319326620298,0.05,7.40975854910611e-05,False,-3.8655075564530215,25.322593543410655,,,,,,,,,,,,,,
ENERGY_UTILITIES,INPP.L,SSE.L,INTERNATIONAL PUBLIC PARTNERSHI,SSE PLC ORD 50P,-3.005738793784426,0.03436193364929889,0.05,7.40975854910611e-05,False,0.2497695908985638,2.9280031320290174,,,,,,,,,,,,,,
ENERGY_UTILITIES,ENOG.L,PNN.L,ENERGEAN PLC ORD 1P,PENNON GROUP PLC ORD 61 1/20P,-2.9972986416441434,0.035147444426965185,0.05,7.40975854910611e-05,False,0.5190607710552749,3.5626438947930303,,,,,,,,,,,,,,
ENERGY_UTILITIES,CNA.L,UU.L,CENTRICA PLC ORD 6 14/81P,UNITED UTILITIES GROUP PLC ORD ,-2.9792948314702543,0.03687376808906247,0.05,7.40975854910611e-05,False,1.7269378050329531,-7.097542443294305,,,,,,,,,,,,,,
ENERGY_UTILITIES,GCP.L,SSE.L,GCP INFRASTRUCTURE INVESTMENTS ,SSE PLC ORD 50P,-2.9716990952098032,0.037623211787721406,0.05,7.40975854910611e-05,False,0.06264828582953068,3.8358118598555646,,,,,,,,,,,,,,
ENERGY_UTILITIES,GCP.L,HBR.L,GCP INFRASTRUCTURE INVESTMENTS ,HARBOUR ENERGY PLC ORD 0.002P,-2.9672576689908348,0.03806733197261786,0.05,7.40975854910611e-05,False,0.1090284402182134,3.7146674288953276,,,,,,,,,,,,,,
ENERGY_UTILITIES,SVT.L,UU.L,SEVERN TRENT PLC ORD 97 17/19P,UNITED UTILITIES GROUP PLC ORD ,-2.9534744131128763,0.039473700851526,0.05,7.40975854910611e-05,False,0.7292102906113666,2.7744135836082178,,,,,,,,,,,,,,
ENERGY_UTILITIES,CNA.L,TRIG.L,CENTRICA PLC ORD 6 14/81P,THE RENEWABLES INFRASTRUCTURE G,-2.930195772609694,0.04194763526264812,0.05,7.40975854910611e-05,False,-1.278556136180038,10.652414888672585,,,,,,,,,,,,,,
ENERGY_UTILITIES,DCC.L,GCP.L,DCC ENERGY PLC ORD EUR0.25 (CDI,GCP INFRASTRUCTURE INVESTMENTS ,-2.8858747119664936,0.04701540555937713,0.05,7.40975854910611e-05,False,5.129215208683186,-13.572937658018315,,,,,,,,,,,,,,
ENERGY_UTILITIES,BP.L,GCP.L,BP PLC $0.25,GCP INFRASTRUCTURE INVESTMENTS ,-2.8852105671386696,0.04709503520873818,0.05,7.40975854910611e-05,False,9.45880228700981,-34.69130715319889,,,,,,,,,,,,,,
ENERGY_UTILITIES,ENOG.L,GCP.L,ENERGEAN PLC ORD 1P,GCP INFRASTRUCTURE INVESTMENTS ,-2.866466545033706,0.04938875477194715,0.05,7.40975854910611e-05,False,-38.95259312831208,174.684942197354,,,,,,,,,,,,,,
ENERGY_UTILITIES,SVT.L,TRIG.L,SEVERN TRENT PLC ORD 97 17/19P,THE RENEWABLES INFRASTRUCTURE G,-2.852353775969732,0.05117577702186057,0.05,7.40975854910611e-05,False,-0.3870898572249431,9.599921208287274,,,,,,,,,,,,,,
ENERGY_UTILITIES,SSE.L,UU.L,SSE PLC ORD 50P,UNITED UTILITIES GROUP PLC ORD ,-2.8299882232556146,0.054116196500499855,0.05,7.40975854910611e-05,False,1.7545386815142625,-4.778047935175722,,,,,,,,,,,,,,
ENERGY_UTILITIES,GCP.L,SVT.L,GCP INFRASTRUCTURE INVESTMENTS ,SEVERN TRENT PLC ORD 97 17/19P,-2.8159058140271025,0.0560374100245044,0.05,7.40975854910611e-05,False,0.026526252091180442,4.0999901206109595,,,,,,,,,,,,,,
ENERGY_UTILITIES,GCP.L,NG.L,GCP INFRASTRUCTURE INVESTMENTS ,NATIONAL GRID PLC ORD 12 204/47,-2.8120937750668795,0.05656691618600745,0.05,7.40975854910611e-05,False,0.010243702894807239,4.238118449544355,,,,,,,,,,,,,,
ENERGY_UTILITIES,CNA.L,GCP.L,CENTRICA PLC ORD 6 14/81P,GCP INFRASTRUCTURE INVESTMENTS ,-2.7937446483965345,0.05917287101318956,0.05,7.40975854910611e-05,False,-42.212840134487045,186.97211503752575,,,,,,,,,,,,,,
ENERGY_UTILITIES,GCP.L,UU.L,GCP INFRASTRUCTURE INVESTMENTS ,UNITED UTILITIES GROUP PLC ORD ,-2.7817648257980863,0.06092611352739239,0.05,7.40975854910611e-05,False,-0.024621989187975743,4.4828364702238686,,,,,,,,,,,,,,
ENERGY_UTILITIES,GCP.L,TRIG.L,GCP INFRASTRUCTURE INVESTMENTS ,THE RENEWABLES INFRASTRUCTURE G,-2.744579423700406,0.06663662068589112,0.05,7.40975854910611e-05,False,0.13300207926445887,3.726826793931841,,,,,,,,,,,,,,
ENERGY_UTILITIES,HICL.L,INPP.L,HICL INFRASTRUCTURE PLC ORD 0.0,INTERNATIONAL PUBLIC PARTNERSHI,-2.7262737198545417,0.06960106861681348,0.05,7.40975854910611e-05,False,0.9054991436372782,0.4264903068492112,,,,,,,,,,,,,,
ENERGY_UTILITIES,GCP.L,UKW.L,GCP INFRASTRUCTURE INVESTMENTS ,GREENCOAT UK WIND PLC ORD 1P,-2.710564204570196,0.07222797270380735,0.05,7.40975854910611e-05,False,0.1340039648594125,3.6750947596939616,,,,,,,,,,,,,,
ENERGY_UTILITIES,BP.L,CNA.L,BP PLC $0.25,CENTRICA PLC ORD 6 14/81P,-2.7064455891878647,0.07292952654505204,0.05,7.40975854910611e-05,False,0.6370668451668318,2.8557467266724625,,,,,,,,,,,,,,
ENERGY_UTILITIES,CNA.L,NG.L,CENTRICA PLC ORD 6 14/81P,NATIONAL GRID PLC ORD 12 204/47,-2.6894256825116414,0.07588603032602072,0.05,7.40975854910611e-05,False,1.6442172379339064,-6.4310168207122,,,,,,,,,,,,,,
ENERGY_UTILITIES,GCP.L,PNN.L,GCP INFRASTRUCTURE INVESTMENTS ,PENNON GROUP PLC ORD 61 1/20P,-2.682193355293706,0.07717060698518809,0.05,7.40975854910611e-05,False,0.1644376855399113,3.279910268020953,,,,,,,,,,,,,,
ENERGY_UTILITIES,BP.L,FSFL.L,BP PLC $0.25,FORESIGHT SOLAR FUND LIMITED OR,-2.6789702573849907,0.07774856268946498,0.05,7.40975854910611e-05,False,-0.9525982038148512,10.200703102888822,,,,,,,,,,,,,,
ENERGY_UTILITIES,DCC.L,HICL.L,DCC ENERGY PLC ORD EUR0.25 (CDI,HICL INFRASTRUCTURE PLC ORD 0.0,-2.6759137171341276,0.07829978892947995,0.05,7.40975854910611e-05,False,2.7323212470599385,-4.551224730170041,,,,,,,,,,,,,,
ENERGY_UTILITIES,NG.L,UKW.L,NATIONAL GRID PLC ORD 12 204/47,GREENCOAT UK WIND PLC ORD 1P,-2.6454973008118277,0.08395367541765103,0.05,7.40975854910611e-05,False,-0.8190345376452131,10.860895486977713,,,,,,,,,,,,,,
ENERGY_UTILITIES,FSFL.L,GCP.L,FORESIGHT SOLAR FUND LIMITED OR,GCP INFRASTRUCTURE INVESTMENTS ,-2.642655741593106,0.08449770141454543,0.05,7.40975854910611e-05,False,6.924984599565118,-25.510890822184752,,,,,,,,,,,,,,
ENERGY_UTILITIES,PNN.L,TRIG.L,PENNON GROUP PLC ORD 61 1/20P,THE RENEWABLES INFRASTRUCTURE G,-2.625181957447928,0.0879035513664363,0.05,7.40975854910611e-05,False,0.5753034680176273,3.7411649998463785,,,,,,,,,,,,,,
ENERGY_UTILITIES,ENOG.L,INPP.L,ENERGEAN PLC ORD 1P,INTERNATIONAL PUBLIC PARTNERSHI,-2.6135069477382116,0.09023766554158935,0.05,7.40975854910611e-05,False,-3.7343375837321324,24.801791621496,,,,,,,,,,,,,,
ENERGY_UTILITIES,INPP.L,UU.L,INTERNATIONAL PUBLIC PARTNERSHI,UNITED UTILITIES GROUP PLC ORD ,-2.6125365253985953,0.09043380557095981,0.05,7.40975854910611e-05,False,0.3652549474703339,2.24790194988232,,,,,,,,,,,,,,
ENERGY_UTILITIES,INPP.L,NG.L,INTERNATIONAL PUBLIC PARTNERSHI,NATIONAL GRID PLC ORD 12 204/47,-2.599666475629432,0.09306621973842039,0.05,7.40975854910611e-05,False,0.3190893334826889,2.589062627173911,,,,,,,,,,,,,,
ENERGY_UTILITIES,CNA.L,PNN.L,CENTRICA PLC ORD 6 14/81P,PENNON GROUP PLC ORD 61 1/20P,-2.5351365758657476,0.10715755642358182,0.05,7.40975854910611e-05,False,-4.041656379475734,30.35924552205232,,,,,,,,,,,,,,
ENERGY_UTILITIES,HICL.L,SSE.L,HICL INFRASTRUCTURE PLC ORD 0.0,SSE PLC ORD 50P,-2.534112378055474,0.10739345612499362,0.05,7.40975854910611e-05,False,0.13577773482908245,3.7614374046530976,,,,,,,,,,,,,,
ENERGY_UTILITIES,CNA.L,FSFL.L,CENTRICA PLC ORD 6 14/81P,FORESIGHT SOLAR FUND LIMITED OR,-2.5112794959626608,0.11275396715780767,0.05,7.40975854910611e-05,False,-1.4333927803678645,11.261122512168718,,,,,,,,,,,,,,
ENERGY_UTILITIES,FSFL.L,TRIG.L,FORESIGHT SOLAR FUND LIMITED OR,THE RENEWABLES INFRASTRUCTURE G,-2.496761547283767,0.11626426497547004,0.05,7.40975854910611e-05,False,0.932149057768874,0.24863555261420522,,,,,,,,,,,,,,
ENERGY_UTILITIES,HBR.L,HICL.L,HARBOUR ENERGY PLC ORD 0.002P,HICL INFRASTRUCTURE PLC ORD 0.0,-2.4659345418109786,0.12398431843174845,0.05,7.40975854910611e-05,False,6.186892694131659,-24.168088215670096,,,,,,,,,,,,,,
ENERGY_UTILITIES,BP.L,UKW.L,BP PLC $0.25,GREENCOAT UK WIND PLC ORD 1P,-2.4517120837107003,0.1276695457124291,0.05,7.40975854910611e-05,False,-0.9717809377600429,10.674460107976044,,,,,,,,,,,,,,
ENERGY_UTILITIES,HICL.L,SVT.L,HICL INFRASTRUCTURE PLC ORD 0.0,SEVERN TRENT PLC ORD 97 17/19P,-2.446011392106962,0.12916875204903006,0.05,7.40975854910611e-05,False,0.31621454179916286,2.289117514262437,,,,,,,,,,,,,,
ENERGY_UTILITIES,FSFL.L,UKW.L,FORESIGHT SOLAR FUND LIMITED OR,GREENCOAT UK WIND PLC ORD 1P,-2.390424888648942,0.14445717073879022,0.05,7.40975854910611e-05,False,1.0151409713990867,-0.4736723452220586,,,,,,,,,,,,,,
ENERGY_UTILITIES,BP.L,PNN.L,BP PLC $0.25,PENNON GROUP PLC ORD 61 1/20P,-2.375553529960181,0.1487554443384589,0.05,7.40975854910611e-05,False,5.23006418311003,-26.678719407844916,,,,,,,,,,,,,,
ENERGY_UTILITIES,ENOG.L,TRIG.L,ENERGEAN PLC ORD 1P,THE RENEWABLES INFRASTRUCTURE G,-2.3593753293598114,0.15353212241589026,0.05,7.40975854910611e-05,False,0.3548527627333023,5.258111389797573,,,,,,,,,,,,,,
ENERGY_UTILITIES,FSFL.L,PNN.L,FORESIGHT SOLAR FUND LIMITED OR,PENNON GROUP PLC ORD 61 1/20P,-2.34878912962988,0.15671473105410538,0.05,7.40975854910611e-05,False,3.340446194668123,-16.585069763695376,,,,,,,,,,,,,,
ENERGY_UTILITIES,HICL.L,UU.L,HICL INFRASTRUCTURE PLC ORD 0.0,UNITED UTILITIES GROUP PLC ORD ,-2.3389351854416267,0.15971781584568018,0.05,7.40975854910611e-05,False,0.17455229625809915,3.5605752076505945,,,,,,,,,,,,,,
ENERGY_UTILITIES,BP.L,HICL.L,BP PLC $0.25,HICL INFRASTRUCTURE PLC ORD 0.0,-2.3341225175671574,0.16119877980229885,0.05,7.40975854910611e-05,False,6.789102577995255,-26.436009401132637,,,,,,,,,,,,,,
ENERGY_UTILITIES,BP.L,INPP.L,BP PLC $0.25,INTERNATIONAL PUBLIC PARTNERSHI,-2.32408377457105,0.16431807391310993,0.05,7.40975854910611e-05,False,3.558814869495076,-11.07041973327034,,,,,,,,,,,,,,
ENERGY_UTILITIES,HICL.L,NG.L,HICL INFRASTRUCTURE PLC ORD 0.0,NATIONAL GRID PLC ORD 12 204/47,-2.318476819298869,0.1660780555784242,0.05,7.40975854910611e-05,False,0.12904373769297686,3.88732779874598,,,,,,,,,,,,,,
ENERGY_UTILITIES,BP.L,TRIG.L,BP PLC $0.25,THE RENEWABLES INFRASTRUCTURE G,-2.265247867497045,0.1834212351238591,0.05,7.40975854910611e-05,False,-0.8355273970933055,9.734076929341889,,,,,,,,,,,,,,
ENERGY_UTILITIES,ENOG.L,FSFL.L,ENERGEAN PLC ORD 1P,FORESIGHT SOLAR FUND LIMITED OR,-2.2526963583970123,0.18767823536879946,0.05,7.40975854910611e-05,False,0.30830352371605985,5.477102300035429,,,,,,,,,,,,,,
ENERGY_UTILITIES,TRIG.L,UU.L,THE RENEWABLES INFRASTRUCTURE G,UNITED UTILITIES GROUP PLC ORD ,-2.2516716443682494,0.18802859779904724,0.05,7.40975854910611e-05,False,-1.5117258151926551,15.015514766110677,,,,,,,,,,,,,,
ENERGY_UTILITIES,NG.L,TRIG.L,NATIONAL GRID PLC ORD 12 204/47,THE RENEWABLES INFRASTRUCTURE G,-2.2474050004522153,0.18949198617760582,0.05,7.40975854910611e-05,False,-0.7198526458964509,10.136924389884285,,,,,,,,,,,,,,
ENERGY_UTILITIES,FSFL.L,UU.L,FORESIGHT SOLAR FUND LIMITED OR,UNITED UTILITIES GROUP PLC ORD ,-2.2062137558676644,0.20399795682584765,0.05,7.40975854910611e-05,False,-1.356282349021555,13.873435384669516,,,,,,,,,,,,,,
ENERGY_UTILITIES,DCC.L,INPP.L,DCC ENERGY PLC ORD EUR0.25 (CDI,INTERNATIONAL PUBLIC PARTNERSHI,-2.2039178815546285,0.20482656616779055,0.05,7.40975854910611e-05,False,2.6800053881446138,-4.377714560596397,,,,,,,,,,,,,,
ENERGY_UTILITIES,DCC.L,SVT.L,DCC ENERGY PLC ORD EUR0.25 (CDI,SEVERN TRENT PLC ORD 97 17/19P,-2.1749028891712614,0.21548000847455795,0.05,7.40975854910611e-05,False,0.8921344270084665,1.4810117939615184,,,,,,,,,,,,,,
ENERGY_UTILITIES,FSFL.L,SSE.L,FORESIGHT SOLAR FUND LIMITED OR,SSE PLC ORD 50P,-2.160474431825237,0.22090229402326333,0.05,7.40975854910611e-05,False,-0.6339997443474233,9.128522844892702,,,,,,,,,,,,,,
ENERGY_UTILITIES,CNA.L,HICL.L,CENTRICA PLC ORD 6 14/81P,HICL INFRASTRUCTURE PLC ORD 0.0,-2.057151181339985,0.26208951567523586,0.05,7.40975854910611e-05,False,-941.6719545942381,4514.1303231683805,,,,,,,,,,,,,,
ENERGY_UTILITIES,SVT.L,UKW.L,SEVERN TRENT PLC ORD 97 17/19P,GREENCOAT UK WIND PLC ORD 1P,-2.026837744749267,0.27493104987054584,0.05,7.40975854910611e-05,False,-0.4730219293307834,10.14358979797371,,,,,,,,,,,,,,
ENERGY_UTILITIES,HBR.L,INPP.L,HARBOUR ENERGY PLC ORD 0.002P,INTERNATIONAL PUBLIC PARTNERSHI,-1.9447274695187342,0.3113210697756247,0.05,7.40975854910611e-05,False,4.932067965162085,-18.30121480633741,,,,,,,,,,,,,,
ENERGY_UTILITIES,FSFL.L,NG.L,FORESIGHT SOLAR FUND LIMITED OR,NATIONAL GRID PLC ORD 12 204/47,-1.9436707056134077,0.3118039531123825,0.05,7.40975854910611e-05,False,-1.2592956518708829,13.126383152954418,,,,,,,,,,,,,,
ENERGY_UTILITIES,PNN.L,UKW.L,PENNON GROUP PLC ORD 61 1/20P,GREENCOAT UK WIND PLC ORD 1P,-1.9414768094748316,0.31280757334894194,0.05,7.40975854910611e-05,False,0.6314133920054487,3.2722202964323466,,,,,,,,,,,,,,
ENERGY_UTILITIES,HICL.L,TRIG.L,HICL INFRASTRUCTURE PLC ORD 0.0,THE RENEWABLES INFRASTRUCTURE G,-1.9219947399134656,0.32178587654661406,0.05,7.40975854910611e-05,False,0.16278181005038753,4.075063299832856,,,,,,,,,,,,,,
ENERGY_UTILITIES,UKW.L,UU.L,GREENCOAT UK WIND PLC ORD 1P,UNITED UTILITIES GROUP PLC ORD ,-1.9018966336341123,0.3311694011197281,0.05,7.40975854910611e-05,False,-1.3045474200562974,13.911506673185338,,,,,,,,,,,,,,
ENERGY_UTILITIES,HBR.L,SSE.L,HARBOUR ENERGY PLC ORD 0.002P,SSE PLC ORD 50P,-1.899303479410749,0.33238884690791315,0.05,7.40975854910611e-05,False,1.0267655307092116,-2.3087392703252574,,,,,,,,,,,,,,
ENERGY_UTILITIES,HICL.L,PNN.L,HICL INFRASTRUCTURE PLC ORD 0.0,PENNON GROUP PLC ORD 61 1/20P,-1.8853088234188233,0.3390035504924084,0.05,7.40975854910611e-05,False,0.26748934736209906,3.1133163889870863,,,,,,,,,,,,,,
ENERGY_UTILITIES,HICL.L,UKW.L,HICL INFRASTRUCTURE PLC ORD 0.0,GREENCOAT UK WIND PLC ORD 1P,-1.8642190869410267,0.3490761751940041,0.05,7.40975854910611e-05,False,0.13793922213537307,4.135192122432841,,,,,,,,,,,,,,
ENERGY_UTILITIES,SSE.L,UKW.L,SSE PLC ORD 50P,GREENCOAT UK WIND PLC ORD 1P,-1.8313496929913347,0.36501222427998536,0.05,7.40975854910611e-05,False,-1.6921716737295494,15.576348610716764,,,,,,,,,,,,,,
ENERGY_UTILITIES,PNN.L,SVT.L,PENNON GROUP PLC ORD 61 1/20P,SEVERN TRENT PLC ORD 97 17/19P,-1.8036499631032696,0.37865109988766465,0.05,7.40975854910611e-05,False,3.161782688325526,-18.727571377411074,,,,,,,,,,,,,,
ENERGY_UTILITIES,DCC.L,ENOG.L,DCC ENERGY PLC ORD EUR0.25 (CDI,ENERGEAN PLC ORD 1P,-1.799744241336578,0.3805886780760705,0.05,7.40975854910611e-05,False,-0.025068124333977003,8.702951458183758,,,,,,,,,,,,,,
ENERGY_UTILITIES,NG.L,PNN.L,NATIONAL GRID PLC ORD 12 204/47,PENNON GROUP PLC ORD 61 1/20P,-1.797664213728923,0.38162196176391094,0.05,7.40975854910611e-05,False,3.1928750514354616,-13.01177968741829,,,,,,,,,,,,,,
ENERGY_UTILITIES,BP.L,DCC.L,BP PLC $0.25,DCC ENERGY PLC ORD EUR0.25 (CDI,-1.7485847943145234,0.40626979656055595,0.05,7.40975854910611e-05,False,3.272587757570757,-21.849468003555366,,,,,,,,,,,,,,
ENERGY_UTILITIES,CNA.L,INPP.L,CENTRICA PLC ORD 6 14/81P,INTERNATIONAL PUBLIC PARTNERSHI,-1.740435905542977,0.41040824590243685,0.05,7.40975854910611e-05,False,9.668707536918197,-41.525456168371086,,,,,,,,,,,,,,
ENERGY_UTILITIES,FSFL.L,INPP.L,FORESIGHT SOLAR FUND LIMITED OR,INTERNATIONAL PUBLIC PARTNERSHI,-1.7202758743992,0.420697174634923,0.05,7.40975854910611e-05,False,-14.468455852934449,74.02944700017581,,,,,,,,,,,,,,
ENERGY_UTILITIES,SSE.L,TRIG.L,SSE PLC ORD 50P,THE RENEWABLES INFRASTRUCTURE G,-1.6967581342895457,0.43278355293927606,0.05,7.40975854910611e-05,False,-1.602502005798387,14.585593047840781,,,,,,,,,,,,,,
ENERGY_UTILITIES,PNN.L,SSE.L,PENNON GROUP PLC ORD 61 1/20P,SSE PLC ORD 50P,-1.6953894469474522,0.4334895244876135,0.05,7.40975854910611e-05,False,0.29636171485456514,4.020660176815985,,,,,,,,,,,,,,
ENERGY_UTILITIES,CNA.L,DCC.L,CENTRICA PLC ORD 6 14/81P,DCC ENERGY PLC ORD EUR0.25 (CDI,-1.6861395935580923,0.43826755155522235,0.05,7.40975854910611e-05,False,-9.773263642182082,88.43680096868874,,,,,,,,,,,,,,
ENERGY_UTILITIES,DCC.L,UU.L,DCC ENERGY PLC ORD EUR0.25 (CDI,UNITED UTILITIES GROUP PLC ORD ,-1.6693386433618218,0.4469753134780523,0.05,7.40975854910611e-05,False,-0.06859157923664422,9.014633834561762,,,,,,,,,,,,,,
ENERGY_UTILITIES,DCC.L,HBR.L,DCC ENERGY PLC ORD EUR0.25 (CDI,HARBOUR ENERGY PLC ORD 0.002P,-1.6134067834526307,0.47618751631146516,0.05,7.40975854910611e-05,False,0.2656403722425009,7.082537289110835,,,,,,,,,,,,,,
ENERGY_UTILITIES,INPP.L,UKW.L,INTERNATIONAL PUBLIC PARTNERSHI,GREENCOAT UK WIND PLC ORD 1P,-1.5995551381666615,0.483816935900655,0.05,7.40975854910611e-05,False,-0.0316578130935123,4.967017356620673,,,,,,,,,,,,,,
ENERGY_UTILITIES,ENOG.L,HBR.L,ENERGEAN PLC ORD 1P,HARBOUR ENERGY PLC ORD 0.002P,-1.599052836368679,0.4840692471817156,0.05,7.40975854910611e-05,False,0.15889197650654124,5.945997554941114,,,,,,,,,,,,,,
ENERGY_UTILITIES,DCC.L,NG.L,DCC ENERGY PLC ORD EUR0.25 (CDI,NATIONAL GRID PLC ORD 12 204/47,-1.5889331654270196,0.48915034641533905,0.05,7.40975854910611e-05,False,-0.13529588496248832,9.476865349384159,,,,,,,,,,,,,,
ENERGY_UTILITIES,HBR.L,SVT.L,HARBOUR ENERGY PLC ORD 0.002P,SEVERN TRENT PLC ORD 97 17/19P,-1.5861410507855482,0.49055149489180566,0.05,7.40975854910611e-05,False,14.269383831702767,-107.32360948043029,,,,,,,,,,,,,,
ENERGY_UTILITIES,DCC.L,TRIG.L,DCC ENERGY PLC ORD EUR0.25 (CDI,THE RENEWABLES INFRASTRUCTURE G,-1.5806892254176745,0.4932862678418135,0.05,7.40975854910611e-05,False,0.1453130233699336,7.89539489489066,,,,,,,,,,,,,,
ENERGY_UTILITIES,DCC.L,SSE.L,DCC ENERGY PLC ORD EUR0.25 (CDI,SSE PLC ORD 50P,-1.5718863249783024,0.4976987144312365,0.05,7.40975854910611e-05,False,0.016973153697485862,8.403785627141325,,,,,,,,,,,,,,
ENERGY_UTILITIES,HBR.L,TRIG.L,HARBOUR ENERGY PLC ORD 0.002P,THE RENEWABLES INFRASTRUCTURE G,-1.5586727339611786,0.5043132531294371,0.05,7.40975854910611e-05,False,2.0388364051486807,-3.477144010912337,,,,,,,,,,,,,,
ENERGY_UTILITIES,CNA.L,HBR.L,CENTRICA PLC ORD 6 14/81P,HARBOUR ENERGY PLC ORD 0.002P,-1.5278149600660769,0.5197095650848226,0.05,7.40975854910611e-05,False,-0.8343112434980742,9.602659879941788,,,,,,,,,,,,,,
ENERGY_UTILITIES,HBR.L,UKW.L,HARBOUR ENERGY PLC ORD 0.002P,GREENCOAT UK WIND PLC ORD 1P,-1.5170146892250478,0.5250782545150583,0.05,7.40975854910611e-05,False,2.42763698728363,-6.038528433556888,,,,,,,,,,,,,,
ENERGY_UTILITIES,DCC.L,FSFL.L,DCC ENERGY PLC ORD EUR0.25 (CDI,FORESIGHT SOLAR FUND LIMITED OR,-1.492076884108799,0.5374270865736419,0.05,7.40975854910611e-05,False,0.03484448688963315,8.381167324622286,,,,,,,,,,,,,,
ENERGY_UTILITIES,INPP.L,TRIG.L,INTERNATIONAL PUBLIC PARTNERSHI,THE RENEWABLES INFRASTRUCTURE G,-1.4526405293349458,0.5567959314560857,0.05,7.40975854910611e-05,False,0.02557488816653126,4.705037962135781,,,,,,,,,,,,,,
ENERGY_UTILITIES,INPP.L,PNN.L,INTERNATIONAL PUBLIC PARTNERSHI,PENNON GROUP PLC ORD 61 1/20P,-1.4279487285246917,0.5688062505333178,0.05,7.40975854910611e-05,False,0.3468443692384855,2.6451131125437324,,,,,,,,,,,,,,
ENERGY_UTILITIES,FSFL.L,HBR.L,FORESIGHT SOLAR FUND LIMITED OR,HARBOUR ENERGY PLC ORD 0.002P,-1.4130059811820377,0.5760252496404137,0.05,7.40975854910611e-05,False,0.07234832172559727,3.9385248551845624,,,,,,,,,,,,,,
ENERGY_UTILITIES,CNA.L,SSE.L,CENTRICA PLC ORD 6 14/81P,SSE PLC ORD 50P,-1.395136018422046,0.5846057382076487,0.05,7.40975854910611e-05,False,0.9809048788189771,-2.36921542948678,,,,,,,,,,,,,,
ENERGY_UTILITIES,FSFL.L,HICL.L,FORESIGHT SOLAR FUND LIMITED OR,HICL INFRASTRUCTURE PLC ORD 0.0,-1.392641455954425,0.5857987685218472,0.05,7.40975854910611e-05,False,7.3719893078420755,-30.966529940043078,,,,,,,,,,,,,,
ENERGY_UTILITIES,BP.L,HBR.L,BP PLC $0.25,HARBOUR ENERGY PLC ORD 0.002P,-1.3853934183396652,0.5892583202318383,0.05,7.40975854910611e-05,False,0.5868229397905668,2.870430532836823,,,,,,,,,,,,,,
ENERGY_UTILITIES,DCC.L,UKW.L,DCC ENERGY PLC ORD EUR0.25 (CDI,GREENCOAT UK WIND PLC ORD 1P,-1.3458367056891096,0.6079499972436544,0.05,7.40975854910611e-05,False,0.18366858244889805,7.6624323078020815,,,,,,,,,,,,,,
ENERGY_UTILITIES,HBR.L,NG.L,HARBOUR ENERGY PLC ORD 0.002P,NATIONAL GRID PLC ORD 12 204/47,-1.171689857880012,0.6856539529270339,0.05,7.40975854910611e-05,False,35.210674919053695,-240.40187582538687,,,,,,,,,,,,,,
ENERGY_UTILITIES,DCC.L,PNN.L,DCC ENERGY PLC ORD EUR0.25 (CDI,PENNON GROUP PLC ORD 61 1/20P,-1.1406887212377557,0.6985760935138756,0.05,7.40975854910611e-05,False,0.2852655073200234,6.745782181109226,,,,,,,,,,,,,,
ENERGY_UTILITIES,PNN.L,UU.L,PENNON GROUP PLC ORD 61 1/20P,UNITED UTILITIES GROUP PLC ORD ,-1.0536648329906104,0.7331919364418912,0.05,7.40975854910611e-05,False,0.9941620802554302,-0.7307837328673381,,,,,,,,,,,,,,
ENERGY_UTILITIES,HBR.L,UU.L,HARBOUR ENERGY PLC ORD 0.002P,UNITED UTILITIES GROUP PLC ORD ,-0.9806426244037029,0.7602588267350392,0.05,7.40975854910611e-05,False,30.94261355482218,-212.19346838116877,,,,,,,,,,,,,,
ES_BANKS,CABK.MC,SAN.MC,"CAIXABANK, S.A.",BANCO SANTANDER S.A.,-4.3617822804081054,0.0003466344371143538,0.05,0.009968005977865957,True,0.8874400095952998,0.27363887641562346,9.392680503208874,0.00015401929491826475,-0.07379652489224366,28.0,0.10130245377910976,2.882155938898594,False,,0.6,0.01775811036220223,1.3448941896655378,2.343563301114368,True,reversion signs agree
ES_BANKS,BBVA.MC,SAN.MC,BANCO BILBAO VIZCAYA ARGENTARIA,BANCO SANTANDER S.A.,-3.4303096232351953,0.009968005977865957,0.05,0.009968005977865957,True,0.9192432614711775,0.8085311554081791,13.889358248611911,-6.966595908684818e-05,-0.0499049105187576,42.0,0.6078565866831444,2.9967021966700464,False,,0.4,0.007633682777769822,0.2547712311085849,0.6587840101122557,False,mixed signal
ES_BANKS,BKT.MC,SAB.MC,"BANKINTER, S.A.",BANCO DE SABADELL,-3.0447477312709283,0.03092161231313499,0.05,0.009968005977865957,False,1.0201116585225536,1.542803116974241,,,,,,,,,,,,,,
ES_BANKS,BKT.MC,SAN.MC,"BANKINTER, S.A.",BANCO SANTANDER S.A.,-3.010390161872601,0.0339354169642615,0.05,0.009968005977865957,False,0.7898475834323708,0.8161090293600897,,,,,,,,,,,,,,
ES_BANKS,BBVA.MC,CABK.MC,BANCO BILBAO VIZCAYA ARGENTARIA,"CAIXABANK, S.A.",-2.938628064739786,0.04103695549324686,0.05,0.009968005977865957,False,1.036104249549707,0.5245594306365495,,,,,,,,,,,,,,
ES_BANKS,BBVA.MC,BKT.MC,BANCO BILBAO VIZCAYA ARGENTARIA,"BANKINTER, S.A.",-2.4844759399421226,0.11929733079017268,0.05,0.009968005977865957,False,1.1647610505870811,-0.14345651253502645,,,,,,,,,,,,,,
ES_BANKS,SAB.MC,SAN.MC,BANCO DE SABADELL,BANCO SANTANDER S.A.,-1.6038355194891714,0.48166649659094607,0.05,0.009968005977865957,False,0.7709620775209519,-0.7060319969776668,,,,,,,,,,,,,,
ES_BANKS,BBVA.MC,SAB.MC,BANCO BILBAO VIZCAYA ARGENTARIA,BANCO DE SABADELL,-1.5062558324422082,0.5304144293267169,0.05,0.009968005977865957,False,1.1922344929585595,1.650431548840975,,,,,,,,,,,,,,
ES_BANKS,CABK.MC,SAB.MC,"CAIXABANK, S.A.",BANCO DE SABADELL,-1.1521058404319744,0.6938520862021588,0.05,0.009968005977865957,False,1.1501068014422817,1.0870874627056661,,,,,,,,,,,,,,
ES_BANKS,BKT.MC,CABK.MC,"BANKINTER, S.A.","CAIXABANK, S.A.",-0.7857305224890365,0.8232777260897972,0.05,0.009968005977865957,False,0.88996499980129,0.5726890537276867,,,,,,,,,,,,,,
ES_UTILITIES,ENC.MC,SLR.MC,"ENCE ENERGIA Y CELULOSA, S.A.",SOLARIA ENERGIA Y MEDIO AMBIENT,-3.335212110869522,0.013376013260652773,0.05,,False,-0.261438848385999,1.6716677930132937,,,,,,,,,,,,,,
ES_UTILITIES,ENC.MC,IBE.MC,"ENCE ENERGIA Y CELULOSA, S.A.",ACCIONES IBERDROLA,-3.2789658906501478,0.01584528306439899,0.05,,False,-0.6244467764532589,2.7105692018721674,,,,,,,,,,,,,,
ES_UTILITIES,RED.MC,SLR.MC,"REDEIA CORPORACION, S.A.",SOLARIA ENERGIA Y MEDIO AMBIENT,-3.260353947060743,0.016746377936186357,0.05,,False,-0.10162608667368624,2.9807093633766653,,,,,,,,,,,,,,
ES_UTILITIES,IBE.MC,NTGY.MC,ACCIONES IBERDROLA,"NATURGY ENERGY GROUP, S.A.",-2.80101821839026,0.058128469954849056,0.05,,False,1.753613359901328,-2.80970260308915,,,,,,,,,,,,,,
ES_UTILITIES,ENC.MC,RED.MC,"ENCE ENERGIA Y CELULOSA, S.A.","REDEIA CORPORACION, S.A.",-2.7243940606517847,0.06991131724151703,0.05,,False,3.3037971569325304,-7.989914728440594,,,,,,,,,,,,,,
ES_UTILITIES,NTGY.MC,SLR.MC,"NATURGY ENERGY GROUP, S.A.",SOLARIA ENERGIA Y MEDIO AMBIENT,-2.668787945401703,0.07959678700463052,0.05,,False,0.16734109242178724,2.7297724701741592,,,,,,,,,,,,,,
ES_UTILITIES,IBE.MC,RED.MC,ACCIONES IBERDROLA,"REDEIA CORPORACION, S.A.",-2.651923797594004,0.08273335565264989,0.05,,False,-8.119464444309676,24.847680068586083,,,,,,,,,,,,,,
ES_UTILITIES,NTGY.MC,RED.MC,"NATURGY ENERGY GROUP, S.A.","REDEIA CORPORACION, S.A.",-2.381876010872877,0.14691724414531654,0.05,,False,-9.673192078216609,29.520253054798943,,,,,,,,,,,,,,
ES_UTILITIES,IBE.MC,SLR.MC,ACCIONES IBERDROLA,SOLARIA ENERGIA Y MEDIO AMBIENT,-2.264633920824958,0.18362797757769128,0.05,,False,0.37824183112982834,1.7649520324427745,,,,,,,,,,,,,,
ES_UTILITIES,ENC.MC,NTGY.MC,"ENCE ENERGIA Y CELULOSA, S.A.","NATURGY ENERGY GROUP, S.A.",-2.026239914774887,0.2751876257051716,0.05,,False,-1.1909984048174571,4.767237125439912,,,,,,,,,,,,,,
FINANCIALS,ABDN.L,MNG.L,ABERDEEN GROUP PLC ORD 13 61/63,M&G PLC,-4.756176519385021,6.591612990687712e-05,0.05,0.00042886712026414043,True,0.9918899681877659,-0.26235913375450526,13.133148002835446,-1.5208752862864872e-05,-0.05277844888447879,39.0,1.880548947139387,3.360593481013629,False,,0.8,-0.0008774558864367687,-0.1883620473376859,-0.7111799132843821,False,mixed signal
FINANCIALS,BEZ.L,ICG.L,BEAZLEY PLC ORD 5P,ICG PLC ORD 26 1/4P,-4.308808141456738,0.00042886712026414043,0.05,0.00042886712026414043,True,-2.211159749843786,23.623234578927196,11.514791911242499,2.026554004662509e-05,-0.0601962402710195,35.0,-1.058064883959237,2.4060667961112325,False,,0.4,0.00598934712598862,-0.07543332635688538,-0.2056977046885009,False,mixed signal
FINANCIALS,HSBA.L,LGEN.L,HSBC HOLDINGS PLC ORD $0.50 (UK,LEGAL & GENERAL GROUP PLC ORD 2,-3.7702987913868022,0.003226242116425823,0.05,0.00042886712026414043,False,4.294764198769974,-16.752584300865433,,,,,,,,,,,,,,
FINANCIALS,BGEO.L,LGEN.L,LION FINANCE GROUP PLC ORD 1P,LEGAL & GENERAL GROUP PLC ORD 2,-3.738033473641368,0.0036088951429139493,0.05,0.00042886712026414043,False,6.2730140483125005,-25.65868583592991,,,,,,,,,,,,,,
FINANCIALS,ASHM.L,INVP.L,ASHMORE GROUP PLC ORD 0.01P,INVESTEC PLC ORD GBP0.0002,-3.7357464336789423,0.0036375381400491824,0.05,0.00042886712026414043,False,1.9535384017616872,-7.184905529492567,,,,,,,,,,,,,,
FINANCIALS,LGEN.L,MNG.L,LEGAL & GENERAL GROUP PLC ORD 2,M&G PLC,-3.634040980211421,0.005142610850954543,0.05,0.00042886712026414043,False,0.34081851675612845,3.6214434011741616,,,,,,,,,,,,,,
FINANCIALS,LGEN.L,STAN.L,LEGAL & GENERAL GROUP PLC ORD 2,STANDARD CHARTERED PLC ORD USD0,-3.6084005443693243,0.005602443410727889,0.05,0.00042886712026414043,False,0.17521773921135378,4.244298034406521,,,,,,,,,,,,,,
FINANCIALS,ICG.L,LGEN.L,ICG PLC ORD 26 1/4P,LEGAL & GENERAL GROUP PLC ORD 2,-3.6055805202797377,0.005655232052871867,0.05,0.00042886712026414043,False,-2.545401395250586,21.585927091742658,,,,,,,,,,,,,,
FINANCIALS,BARC.L,LGEN.L,BARCLAYS PLC ORD 25P,LEGAL & GENERAL GROUP PLC ORD 2,-3.586336456026347,0.006027682758853181,0.05,0.00042886712026414043,False,4.6079158381174254,-19.506075740185256,,,,,,,,,,,,,,
FINANCIALS,LGEN.L,LLOY.L,LEGAL & GENERAL GROUP PLC ORD 2,LLOYDS BANKING GROUP PLC ORD 10,-3.561290897948286,0.006545673090538138,0.05,0.00042886712026414043,False,0.25125114916802727,4.405467061068526,,,,,,,,,,,,,,
FINANCIALS,ABDN.L,LGEN.L,ABERDEEN GROUP PLC ORD 13 61/63,LEGAL & GENERAL GROUP PLC ORD 2,-3.5250518082601214,0.007366543077861263,0.05,0.00042886712026414043,False,2.970908173224451,-11.134710489724196,,,,,,,,,,,,,,
FINANCIALS,ICG.L,SDR.L,ICG PLC ORD 26 1/4P,SCHRODERS PLC ORD 20P,-3.388439897068395,0.011359324287552978,0.05,0.00042886712026414043,False,-0.3858397580707495,9.913683489339034,,,,,,,,,,,,,,
FINANCIALS,LGEN.L,NWG.L,LEGAL & GENERAL GROUP PLC ORD 2,NATWEST GROUP PLC ORD 107.69P,-3.314902307920553,0.014225341156690718,0.05,0.00042886712026414043,False,0.2551589555594639,3.91587304911266,,,,,,,,,,,,,,
FINANCIALS,PRU.L,STJ.L,PRUDENTIAL PLC ORD 5P,ST. JAMES'S PLACE PLC ORD 15P,-3.300869901484112,0.014839634622741155,0.05,0.00042886712026414043,False,0.8595818889604128,0.7838104989942707,,,,,,,,,,,,,,
FINANCIALS,BGEO.L,LLOY.L,LION FINANCE GROUP PLC ORD 1P,LLOYDS BANKING GROUP PLC ORD 10,-3.267068735285923,0.01641622680090249,0.05,0.00042886712026414043,False,1.5612816403162337,2.040996981506976,,,,,,,,,,,,,,
FINANCIALS,BEZ.L,SDR.L,BEAZLEY PLC ORD 5P,SCHRODERS PLC ORD 20P,-3.266417130488368,0.016448012507694756,0.05,0.00042886712026414043,False,0.9581521328026092,1.0742457872985502,,,,,,,,,,,,,,
FINANCIALS,ABDN.L,BGEO.L,ABERDEEN GROUP PLC ORD 13 61/63,LION FINANCE GROUP PLC ORD 1P,-3.26389768578783,0.016571421474471177,0.05,0.00042886712026414043,False,0.4499648497526618,1.2251974963047516,,,,,,,,,,,,,,
FINANCIALS,AV.L,PRU.L,AVIVA PLC ORD 32 17/19P,PRUDENTIAL PLC ORD 5P,-3.2550157316103836,0.017012987247041682,0.05,0.00042886712026414043,False,0.5928841364078121,2.3431914088180035,,,,,,,,,,,,,,
FINANCIALS,LGEN.L,SDR.L,LEGAL & GENERAL GROUP PLC ORD 2,SCHRODERS PLC ORD 20P,-3.2160167607153154,0.01907608507084541,0.05,0.00042886712026414043,False,0.2516131598811693,3.987098908149881,,,,,,,,,,,,,,
FINANCIALS,BEZ.L,LGEN.L,BEAZLEY PLC ORD 5P,LEGAL & GENERAL GROUP PLC ORD 2,-3.2048222066896423,0.019707242271115456,0.05,0.00042886712026414043,False,3.8550070322194356,-14.366762691462212,,,,,,,,,,,,,,
FINANCIALS,NWG.L,STAN.L,NATWEST GROUP PLC ORD 107.69P,STANDARD CHARTERED PLC ORD USD0,-3.1879790997528454,0.020691125687153394,0.05,0.00042886712026414043,False,0.689314311147631,1.2685159645519484,,,,,,,,,,,,,,
FINANCIALS,BARC.L,NWG.L,BARCLAYS PLC ORD 25P,NATWEST GROUP PLC ORD 107.69P,-3.1797227989638386,0.02118881642436115,0.05,0.00042886712026414043,False,1.1941077970125753,-1.5754964419674682,,,,,,,,,,,,,,
FINANCIALS,NWG.L,PRU.L,NATWEST GROUP PLC ORD 107.69P,PRUDENTIAL PLC ORD 5P,-3.0990195128544755,0.026625834063197504,0.05,0.00042886712026414043,False,0.9714383754891566,-0.3905510961692986,,,,,,,,,,,,,,
FINANCIALS,ABDN.L,LLOY.L,ABERDEEN GROUP PLC ORD 13 61/63,LLOYDS BANKING GROUP PLC ORD 10,-3.061700673479883,0.029520427924544044,0.05,0.00042886712026414043,False,0.7260037598315479,2.041970732879964,,,,,,,,,,,,,,
FINANCIALS,BARC.L,STAN.L,BARCLAYS PLC ORD 25P,STANDARD CHARTERED PLC ORD USD0,-3.0471483775670083,0.030719818813013562,0.05,0.00042886712026414043,False,0.8280104350421953,-0.09562401380075869,,,,,,,,,,,,,,
FINANCIALS,BGEO.L,NWG.L,LION FINANCE GROUP PLC ORD 1P,NATWEST GROUP PLC ORD 107.69P,-2.9872976060919756,0.03609779255083508,0.05,0.00042886712026414043,False,1.6463283372754656,-1.3768360467401557,,,,,,,,,,,,,,
FINANCIALS,BNKR.L,LGEN.L,BANKERS INVESTMENT TRUST PLC OR,LEGAL & GENERAL GROUP PLC ORD 2,-2.9491237073863554,0.039926559864699084,0.05,0.00042886712026414043,False,1.4583414464435311,-3.1947127713350705,,,,,,,,,,,,,,
FINANCIALS,NWG.L,STJ.L,NATWEST GROUP PLC ORD 107.69P,ST. JAMES'S PLACE PLC ORD 15P,-2.9437043395254583,0.04049672688096476,0.05,0.00042886712026414043,False,0.8466518444730634,0.2900359322231898,,,,,,,,,,,,,,
FINANCIALS,ABDN.L,STAN.L,ABERDEEN GROUP PLC ORD 13 61/63,STANDARD CHARTERED PLC ORD USD0,-2.935423925541302,0.04138103578423929,0.05,0.00042886712026414043,False,0.49336713379736574,1.6684098543921668,,,,,,,,,,,,,,
FINANCIALS,ABDN.L,HSBA.L,ABERDEEN GROUP PLC ORD 13 61/63,HSBC HOLDINGS PLC ORD $0.50 (UK,-2.91028438130851,0.04416506802487197,0.05,0.00042886712026414043,False,0.6639426666320527,0.6440320495794056,,,,,,,,,,,,,,
FINANCIALS,ICG.L,LLOY.L,ICG PLC ORD 26 1/4P,LLOYDS BANKING GROUP PLC ORD 10,-2.9044764479688694,0.044829918327171876,0.05,0.00042886712026414043,False,-0.30086358985088596,8.906850167861814,,,,,,,,,,,,,,
FINANCIALS,ICG.L,MNG.L,ICG PLC ORD 26 1/4P,M&G PLC,-2.8943278005178565,0.046011584241219323,0.05,0.00042886712026414043,False,-0.4209093772099673,9.915920632763285,,,,,,,,,,,,,,
FINANCIALS,HSBA.L,ICG.L,HSBC HOLDINGS PLC ORD $0.50 (UK,ICG PLC ORD 26 1/4P,-2.8859969964474423,0.04700075602940827,0.05,0.00042886712026414043,False,-3.5742757841149504,34.0193846338979,,,,,,,,,,,,,,
FINANCIALS,AV.L,STJ.L,AVIVA PLC ORD 32 17/19P,ST. JAMES'S PLACE PLC ORD 15P,-2.8651152644345865,0.04955760618355317,0.05,0.00042886712026414043,False,0.4994158549127592,2.8789676859757436,,,,,,,,,,,,,,
FINANCIALS,ABDN.L,JUP.L,ABERDEEN GROUP PLC ORD 13 61/63,JUPITER FUND MANAGEMENT PLC ORD,-2.849326718236769,0.051565908085742136,0.05,0.00042886712026414043,False,0.4708733185829614,2.964671696974371,,,,,,,,,,,,,,
FINANCIALS,BGEO.L,ICG.L,LION FINANCE GROUP PLC ORD 1P,ICG PLC ORD 26 1/4P,-2.8462070716691734,0.051970520815895385,0.05,0.00042886712026414043,False,-5.326084430247892,49.30161059829699,,,,,,,,,,,,,,
FINANCIALS,ASHM.L,ICG.L,ASHMORE GROUP PLC ORD 0.01P,ICG PLC ORD 26 1/4P,-2.7806818748937374,0.061086649194103185,0.05,0.00042886712026414043,False,-2.217207233881626,22.044906409041854,,,,,,,,,,,,,,
FINANCIALS,ICG.L,INVP.L,ICG PLC ORD 26 1/4P,INVESTEC PLC ORD GBP0.0002,-2.7698464479450093,0.06271174995292106,0.05,0.00042886712026414043,False,-2.634126697127274,24.281699020506615,,,,,,,,,,,,,,
FINANCIALS,BARC.L,BGEO.L,BARCLAYS PLC ORD 25P,LION FINANCE GROUP PLC ORD 1P,-2.767464212361236,0.06307366581582227,0.05,0.00042886712026414043,False,0.7338073002768472,-0.6515519186054917,,,,,,,,,,,,,,
FINANCIALS,ADM.L,AV.L,ADMIRAL GROUP PLC ORD 0.1P,AVIVA PLC ORD 32 17/19P,-2.761576972900989,0.06397528241739736,0.05,0.00042886712026414043,False,0.7063889858621851,3.524586557901827,,,,,,,,,,,,,,
FINANCIALS,BGEO.L,HSBA.L,LION FINANCE GROUP PLC ORD 1P,HSBC HOLDINGS PLC ORD $0.50 (UK,-2.7530275410468965,0.06530301317134783,0.05,0.00042886712026414043,False,1.4638292632352363,-1.2114917815349173,,,,,,,,,,,,,,
FINANCIALS,ABDN.L,ICG.L,ABERDEEN GROUP PLC ORD 13 61/63,ICG PLC ORD 26 1/4P,-2.7359462288903766,0.06802186312421979,0.05,0.00042886712026414043,False,-2.8440159481758034,26.812182367622196,,,,,,,,,,,,,,
FINANCIALS,ASHM.L,JUP.L,ASHMORE GROUP PLC ORD 0.01P,JUPITER FUND MANAGEMENT PLC ORD,-2.7208363954770136,0.07050154230737006,0.05,0.00042886712026414043,False,0.3245291043020904,3.6538426367014805,,,,,,,,,,,,,,
FINANCIALS,LLOY.L,PRU.L,LLOYDS BANKING GROUP PLC ORD 10,PRUDENTIAL PLC ORD 5P,-2.7198119881289853,0.0706722265207158,0.05,0.00042886712026414043,False,1.014941404544007,-2.537280699626221,,,,,,,,,,,,,,
FINANCIALS,ICG.L,NWG.L,ICG PLC ORD 26 1/4P,NATWEST GROUP PLC ORD 107.69P,-2.711681961319733,0.07203850296501453,0.05,0.00042886712026414043,False,-0.2766154960484625,9.314365150595071,,,,,,,,,,,,,,
FINANCIALS,BGEO.L,PRU.L,LION FINANCE GROUP PLC ORD 1P,PRUDENTIAL PLC ORD 5P,-2.710507767453633,0.07223754976631623,0.05,0.00042886712026414043,False,1.5983091730178367,-2.013066166390473,,,,,,,,,,,,,,
FINANCIALS,BARC.L,ICG.L,BARCLAYS PLC ORD 25P,ICG PLC ORD 26 1/4P,-2.7066393787584047,0.07289639640543381,0.05,0.00042886712026414043,False,-4.667684547173708,41.30133472729878,,,,,,,,,,,,,,
FINANCIALS,LGEN.L,PRU.L,LEGAL & GENERAL GROUP PLC ORD 2,PRUDENTIAL PLC ORD 5P,-2.685760972897965,0.07653481931592253,0.05,0.00042886712026414043,False,0.23616928579075963,3.895361929824951,,,,,,,,,,,,,,
FINANCIALS,ADM.L,AJB.L,ADMIRAL GROUP PLC ORD 0.1P,AJ BELL PLC ORD GBP0.000125,-2.6780610585315556,0.07791221096206148,0.05,0.00042886712026414043,False,0.9324598928513266,2.269763283204953,,,,,,,,,,,,,,
FINANCIALS,JUP.L,LGEN.L,JUPITER FUND MANAGEMENT PLC ORD,LEGAL & GENERAL GROUP PLC ORD 2,-2.6733059555214407,0.07877250263214375,0.05,0.00042886712026414043,False,7.007111039312086,-33.7755305192176,,,,,,,,,,,,,,
FINANCIALS,AV.L,ICG.L,AVIVA PLC ORD 32 17/19P,ICG PLC ORD 26 1/4P,-2.6664773447123515,0.08002094657681796,0.05,0.00042886712026414043,False,-2.0535372949273514,21.970184629544093,,,,,,,,,,,,,,
FINANCIALS,AJB.L,ICG.L,AJ BELL PLC ORD GBP0.000125,ICG PLC ORD 26 1/4P,-2.6649249936984547,0.08030690590259487,0.05,0.00042886712026414043,False,-1.339426298045272,16.344807713884375,,,,,,,,,,,,,,
FINANCIALS,ABDN.L,BARC.L,ABERDEEN GROUP PLC ORD 13 61/63,BARCLAYS PLC ORD 25P,-2.6209148315694524,0.088751180738591,0.05,0.00042886712026414043,False,0.6159582573362435,1.6086710132446829,,,,,,,,,,,,,,
FINANCIALS,ICG.L,STAN.L,ICG PLC ORD 26 1/4P,STANDARD CHARTERED PLC ORD USD0,-2.6155681103728834,0.08982215440747093,0.05,0.00042886712026414043,False,-0.17767857953696864,8.870883286531786,,,,,,,,,,,,,,
FINANCIALS,ICG.L,JUP.L,ICG PLC ORD 26 1/4P,JUPITER FUND MANAGEMENT PLC ORD,-2.612286516618499,0.09048439004694125,0.05,0.00042886712026414043,False,-0.17189371325801936,8.414966652045127,,,,,,,,,,,,,,
FINANCIALS,INVP.L,SDR.L,INVESTEC PLC ORD GBP0.0002,SCHRODERS PLC ORD 20P,-2.604222690783471,0.0921276600708244,0.05,0.00042886712026414043,False,0.27435703258038324,4.689408107625683,,,,,,,,,,,,,,
FINANCIALS,BGEO.L,STAN.L,LION FINANCE GROUP PLC ORD 1P,STANDARD CHARTERED PLC ORD USD0,-2.5898151992450704,0.09512058229873371,0.05,0.00042886712026414043,False,1.1238380638775014,0.7899224504150641,,,,,,,,,,,,,,
FINANCIALS,BNKR.L,HSBA.L,BANKERS INVESTMENT TRUST PLC OR,HSBC HOLDINGS PLC ORD $0.50 (UK,-2.583171075090968,0.09652558616344231,0.05,0.00042886712026414043,False,0.33872021157449367,2.499598413986348,,,,,,,,,,,,,,
FINANCIALS,JUP.L,MNG.L,JUPITER FUND MANAGEMENT PLC ORD,M&G PLC,-2.577159513228717,0.09781041307459626,0.05,0.00042886712026414043,False,2.031912486088391,-6.443843260059741,,,,,,,,,,,,,,
FINANCIALS,AJB.L,INVP.L,AJ BELL PLC ORD GBP0.000125,INVESTEC PLC ORD GBP0.0002,-2.5694781055678453,0.09947101845866718,0.05,0.00042886712026414043,False,1.7908122432971927,-5.17922092752326,,,,,,,,,,,,,,
FINANCIALS,ADM.L,BGEO.L,ADMIRAL GROUP PLC ORD 0.1P,LION FINANCE GROUP PLC ORD 1P,-2.56556598453549,0.10032494370643302,0.05,0.00042886712026414043,False,0.20778519257647757,6.184451716496451,,,,,,,,,,,,,,
FINANCIALS,BEZ.L,HSBA.L,BEAZLEY PLC ORD 5P,HSBC HOLDINGS PLC ORD $0.50 (UK,-2.565389216524539,0.10036365887160242,0.05,0.00042886712026414043,False,0.7728081902877302,1.5236869217017448,,,,,,,,,,,,,,
FINANCIALS,BARC.L,HSBA.L,BARCLAYS PLC ORD 25P,HSBC HOLDINGS PLC ORD $0.50 (UK,-2.5650718145826175,0.10043320365043473,0.05,0.00042886712026414043,False,1.0760695543281749,-1.5535499808963076,,,,,,,,,,,,,,
FINANCIALS,ICG.L,PRU.L,ICG PLC ORD 26 1/4P,PRUDENTIAL PLC ORD 5P,-2.5640749006539596,0.10065187130927433,0.05,0.00042886712026414043,False,-0.27402170415068455,9.45828814861894,,,,,,,,,,,,,,
FINANCIALS,HSBA.L,STAN.L,HSBC HOLDINGS PLC ORD $0.50 (UK,STANDARD CHARTERED PLC ORD USD0,-2.551286803032373,0.1034889389712621,0.05,0.00042886712026414043,False,0.7690234685933123,1.3580910682450202,,,,,,,,,,,,,,
FINANCIALS,BNKR.L,ICG.L,BANKERS INVESTMENT TRUST PLC OR,ICG PLC ORD 26 1/4P,-2.5422391293324567,0.1055323301234059,0.05,0.00042886712026414043,False,-0.6459047991756764,9.727514526261995,,,,,,,,,,,,,,
FINANCIALS,LLOY.L,MNG.L,LLOYDS BANKING GROUP PLC ORD 10,M&G PLC,-2.540198061658247,0.10599746446469316,0.05,0.00042886712026414043,False,1.3527433999770901,-3.099933567697044,,,,,,,,,,,,,,
FINANCIALS,ADM.L,ICG.L,ADMIRAL GROUP PLC ORD 0.1P,ICG PLC ORD 26 1/4P,-2.5395080749640626,0.10615505174855899,0.05,0.00042886712026414043,False,-0.958855870195012,15.304375852982322,,,,,,,,,,,,,,
FINANCIALS,INVP.L,JUP.L,INVESTEC PLC ORD GBP0.0002,JUPITER FUND MANAGEMENT PLC ORD,-2.533847065177809,0.10745462808019007,0.05,0.00042886712026414043,False,0.14730416205445176,5.636937927398911,,,,,,,,,,,,,,
FINANCIALS,ADM.L,LGEN.L,ADMIRAL GROUP PLC ORD 0.1P,LEGAL & GENERAL GROUP PLC ORD 2,-2.5324017730651573,0.10778832094000623,0.05,0.00042886712026414043,False,2.01902874981066,-3.0774918614307314,,,,,,,,,,,,,,
FINANCIALS,BARC.L,MNG.L,BARCLAYS PLC ORD 25P,M&G PLC,-2.520290456286877,0.11061516544275318,0.05,0.00042886712026414043,False,1.5693595193661984,-2.8127107836638574,,,,,,,,,,,,,,
FINANCIALS,HSBA.L,NWG.L,HSBC HOLDINGS PLC ORD $0.50 (UK,NATWEST GROUP PLC ORD 107.69P,-2.508135102755971,0.11350749283584088,0.05,0.00042886712026414043,False,1.1170120563456678,-0.06561701344501625,,,,,,,,,,,,,,
FINANCIALS,BGEO.L,MNG.L,LION FINANCE GROUP PLC ORD 1P,M&G PLC,-2.506021513660245,0.11401609144313496,0.05,0.00042886712026414043,False,2.1159735990551876,-2.8206144630779946,,,,,,,,,,,,,,
FINANCIALS,ABDN.L,AJB.L,ABERDEEN GROUP PLC ORD 13 61/63,AJ BELL PLC ORD GBP0.000125,-2.4932302091375202,0.11713018907188893,0.05,0.00042886712026414043,False,1.9454789823912988,-6.797745156147217,,,,,,,,,,,,,,
FINANCIALS,JUP.L,STJ.L,JUPITER FUND MANAGEMENT PLC ORD,ST. JAMES'S PLACE PLC ORD 15P,-2.4749433004349157,0.12169052069195208,0.05,0.00042886712026414043,False,1.4309668782470832,-5.242152341163888,,,,,,,,,,,,,,
FINANCIALS,ABDN.L,PRU.L,ABERDEEN GROUP PLC ORD 13 61/63,PRUDENTIAL PLC ORD 5P,-2.458402766857892,0.12592612370424794,0.05,0.00042886712026414043,False,0.7349745562081794,0.2125878894876081,,,,,,,,,,,,,,
FINANCIALS,ABDN.L,NWG.L,ABERDEEN GROUP PLC ORD 13 61/63,NATWEST GROUP PLC ORD 107.69P,-2.444407136317125,0.12959293646449677,0.05,0.00042886712026414043,False,0.7377128446088086,0.6246839399793549,,,,,,,,,,,,,,
FINANCIALS,ADM.L,PRU.L,ADMIRAL GROUP PLC ORD 0.1P,PRUDENTIAL PLC ORD 5P,-2.430369336576606,0.1333476805628947,0.05,0.00042886712026414043,False,0.3535875637397524,5.620877020637524,,,,,,,,,,,,,,
FINANCIALS,HSBA.L,SDR.L,HSBC HOLDINGS PLC ORD $0.50 (UK,SCHRODERS PLC ORD 20P,-2.4264387232506364,0.1344128819988058,0.05,0.00042886712026414043,False,1.241235267378707,-0.5899666101373171,,,,,,,,,,,,,,
FINANCIALS,LGEN.L,STJ.L,LEGAL & GENERAL GROUP PLC ORD 2,ST. JAMES'S PLACE PLC ORD 15P,-2.414114582006386,0.13779223665937046,0.05,0.00042886712026414043,False,0.1910497370331676,4.163648352306513,,,,,,,,,,,,,,
FINANCIALS,AJB.L,MNG.L,AJ BELL PLC ORD GBP0.000125,M&G PLC,-2.408702849274892,0.1392951450757059,0.05,0.00042886712026414043,False,0.485500443237032,3.492916960832045,,,,,,,,,,,,,,
FINANCIALS,ADM.L,LLOY.L,ADMIRAL GROUP PLC ORD 0.1P,LLOYDS BANKING GROUP PLC ORD 10,-2.3989521118144594,0.14203238584240135,0.05,0.00042886712026414043,False,0.34273764333733314,6.529244143055692,,,,,,,,,,,,,,
FINANCIALS,ABDN.L,ADM.L,ABERDEEN GROUP PLC ORD 13 61/63,ADMIRAL GROUP PLC ORD 0.1P,-2.37427700633373,0.14912852456892267,0.05,0.00042886712026414043,False,2.039957213631003,-11.161301713658816,,,,,,,,,,,,,,
FINANCIALS,MNG.L,NWG.L,M&G PLC,NATWEST GROUP PLC ORD 107.69P,-2.3732446504201015,0.14943072158408321,0.05,0.00042886712026414043,False,0.756683832729714,0.8143393013679656,,,,,,,,,,,,,,
FINANCIALS,INVP.L,MNG.L,INVESTEC PLC ORD GBP0.0002,M&G PLC,-2.369923568889235,0.15040578743530336,0.05,0.00042886712026414043,False,0.29678541268235137,4.7015888961632575,,,,,,,,,,,,,,
FINANCIALS,AJB.L,SDR.L,AJ BELL PLC ORD GBP0.000125,SCHRODERS PLC ORD 20P,-2.3667553054536974,0.15134011298054661,0.05,0.00042886712026414043,False,0.28962997364311366,4.42543436173624,,,,,,,,,,,,,,
FINANCIALS,BEZ.L,BNKR.L,BEAZLEY PLC ORD 5P,BANKERS INVESTMENT TRUST PLC OR,-2.3661672565316927,0.15151397312027381,0.05,0.00042886712026414043,False,2.8256390032221423,-6.799259130318179,,,,,,,,,,,,,,
FINANCIALS,JUP.L,PRU.L,JUPITER FUND MANAGEMENT PLC ORD,PRUDENTIAL PLC ORD 5P,-2.349499966808026,0.15649961202856105,0.05,0.00042886712026414043,False,1.5637368861419214,-5.863990314317985,,,,,,,,,,,,,,
FINANCIALS,BEZ.L,INVP.L,BEAZLEY PLC ORD 5P,INVESTEC PLC ORD GBP0.0002,-2.344668504665709,0.15796576248247696,0.05,0.00042886712026414043,False,5.570906775661912,-28.46214124918287,,,,,,,,,,,,,,
FINANCIALS,AJB.L,HSBA.L,AJ BELL PLC ORD GBP0.000125,HSBC HOLDINGS PLC ORD $0.50 (UK,-2.3370723696678684,0.1602899347038555,0.05,0.00042886712026414043,False,0.2768030540110099,4.2659474394051085,,,,,,,,,,,,,,
FINANCIALS,LLOY.L,NWG.L,LLOYDS BANKING GROUP PLC ORD 10,NATWEST GROUP PLC ORD 107.69P,-2.331751312492571,0.16193189562659166,0.05,0.00042886712026414043,False,1.0445131473963714,-2.127578082787627,,,,,,,,,,,,,,
FINANCIALS,BNKR.L,SDR.L,BANKERS INVESTMENT TRUST PLC OR,SCHRODERS PLC ORD 20P,-2.330548513338956,0.1623046397193646,0.05,0.00042886712026414043,False,0.37770550472815545,2.5554118128408017,,,,,,,,,,,,,,
FINANCIALS,AV.L,LGEN.L,AVIVA PLC ORD 32 17/19P,LEGAL & GENERAL GROUP PLC ORD 2,-2.3164876877333933,0.16670548977763022,0.05,0.00042886712026414043,False,2.523982549895091,-7.510296543221693,,,,,,,,,,,,,,
FINANCIALS,HSBA.L,LLOY.L,HSBC HOLDINGS PLC ORD $0.50 (UK,LLOYDS BANKING GROUP PLC ORD 10,-2.315192914596951,0.16711476315744278,0.05,0.00042886712026414043,False,1.0675628724938575,2.217623960380548,,,,,,,,,,,,,,
FINANCIALS,ABDN.L,BEZ.L,ABERDEEN GROUP PLC ORD 13 61/63,BEAZLEY PLC ORD 5P,-2.3004213223866823,0.17183212266845493,0.05,0.00042886712026414043,False,0.8146026665251582,-0.3619040329174483,,,,,,,,,,,,,,
FINANCIALS,BARC.L,LLOY.L,BARCLAYS PLC ORD 25P,LLOYDS BANKING GROUP PLC ORD 10,-2.2974512076408447,0.17279132555507032,0.05,0.00042886712026414043,False,1.1488376363092059,0.8324832310023877,,,,,,,,,,,,,,
FINANCIALS,ABDN.L,AV.L,ABERDEEN GROUP PLC ORD 13 61/63,AVIVA PLC ORD 32 17/19P,-2.296865900400439,0.17298077352934116,0.05,0.00042886712026414043,False,1.2808796171683912,-2.954039810571933,,,,,,,,,,,,,,
FINANCIALS,ADM.L,MNG.L,ADMIRAL GROUP PLC ORD 0.1P,M&G PLC,-2.2940575568342045,0.1738916911320343,0.05,0.00042886712026414043,False,0.46426096688038426,5.463349493398703,,,,,,,,,,,,,,
FINANCIALS,AJB.L,BEZ.L,AJ BELL PLC ORD GBP0.000125,BEAZLEY PLC ORD 5P,-2.2935103381319384,0.17406956015787622,0.05,0.00042886712026414043,False,0.31179745030189093,4.0359220384360155,,,,,,,,,,,,,,
FINANCIALS,AJB.L,BGEO.L,AJ BELL PLC ORD GBP0.000125,LION FINANCE GROUP PLC ORD 1P,-2.2822991581697845,0.17774040979942263,0.05,0.00042886712026414043,False,0.1905215630080941,4.482487497613281,,,,,,,,,,,,,,
FINANCIALS,ABDN.L,BNKR.L,ABERDEEN GROUP PLC ORD 13 61/63,BANKERS INVESTMENT TRUST PLC OR,-2.278181765128798,0.17910136282846278,0.05,0.00042886712026414043,False,2.112214821283887,-4.987803859151189,,,,,,,,,,,,,,
FINANCIALS,BNKR.L,MNG.L,BANKERS INVESTMENT TRUST PLC OR,M&G PLC,-2.277989481312104,0.17916508796574204,0.05,0.00042886712026414043,False,0.48067305322761855,2.176389807220137,,,,,,,,,,,,,,
FINANCIALS,ABDN.L,SDR.L,ABERDEEN GROUP PLC ORD 13 61/63,SCHRODERS PLC ORD 20P,-2.2755329772121797,0.1799805224927491,0.05,0.00042886712026414043,False,0.8046174639284368,0.3689542307146656,,,,,,,,,,,,,,
FINANCIALS,ABDN.L,INVP.L,ABERDEEN GROUP PLC ORD 13 61/63,INVESTEC PLC ORD GBP0.0002,-2.2706754474597592,0.18160018188431643,0.05,0.00042886712026414043,False,3.6650327511308816,-18.020007394691277,,,,,,,,,,,,,,
FINANCIALS,ADM.L,NWG.L,ADMIRAL GROUP PLC ORD 0.1P,NATWEST GROUP PLC ORD 107.69P,-2.268020218877948,0.18248956750785317,0.05,0.00042886712026414043,False,0.35369039523417184,5.8266366082958125,,,,,,,,,,,,,,
FINANCIALS,ADM.L,HSBA.L,ADMIRAL GROUP PLC ORD 0.1P,HSBC HOLDINGS PLC ORD $0.50 (UK,-2.2594933145929046,0.18536503835602886,0.05,0.00042886712026414043,False,0.2784043790472907,6.10882306278286,,,,,,,,,,,,,,
FINANCIALS,ADM.L,BARC.L,ADMIRAL GROUP PLC ORD 0.1P,BARCLAYS PLC ORD 25P,-2.2569595767562016,0.18622515321987126,0.05,0.00042886712026414043,False,0.27028927037657374,6.443641688346136,,,,,,,,,,,,,,
FINANCIALS,JUP.L,LLOY.L,JUPITER FUND MANAGEMENT PLC ORD,LLOYDS BANKING GROUP PLC ORD 10,-2.254785288674816,0.18696532119200698,0.05,0.00042886712026414043,False,1.5452612236896817,-1.9744251635402792,,,,,,,,,,,,,,
FINANCIALS,ADM.L,STJ.L,ADMIRAL GROUP PLC ORD 0.1P,ST. JAMES'S PLACE PLC ORD 15P,-2.249319382137887,0.1888344734875998,0.05,0.00042886712026414043,False,0.2890106605552208,6.001854576091938,,,,,,,,,,,,,,
FINANCIALS,AJB.L,STAN.L,AJ BELL PLC ORD GBP0.000125,STANDARD CHARTERED PLC ORD USD0,-2.2479780012468944,0.18929502804142206,0.05,0.00042886712026414043,False,0.21488299155980778,4.627516085688974,,,,,,,,,,,,,,
FINANCIALS,LLOY.L,STAN.L,LLOYDS BANKING GROUP PLC ORD 10,STANDARD CHARTERED PLC ORD USD0,-2.247364166520085,0.18950602713767656,0.05,0.00042886712026414043,False,0.7125037704920181,-0.7492062470688774,,,,,,,,,,,,,,
FINANCIALS,AJB.L,LGEN.L,AJ BELL PLC ORD GBP0.000125,LEGAL & GENERAL GROUP PLC ORD 2,-2.2401976724545163,0.19198071071542816,0.05,0.00042886712026414043,False,2.518450841136573,-7.674443182684295,,,,,,,,,,,,,,
FINANCIALS,ADM.L,STAN.L,ADMIRAL GROUP PLC ORD 0.1P,STANDARD CHARTERED PLC ORD USD0,-2.239567073503717,0.1921994588490819,0.05,0.00042886712026414043,False,0.21411947024691816,6.486779297947701,,,,,,,,,,,,,,
FINANCIALS,HSBA.L,INVP.L,HSBC HOLDINGS PLC ORD $0.50 (UK,INVESTEC PLC ORD GBP0.0002,-2.2343203376690073,0.19402572661687323,0.05,0.00042886712026414043,False,7.163573004277055,-38.51571915737182,,,,,,,,,,,,,,
FINANCIALS,ICG.L,STJ.L,ICG PLC ORD 26 1/4P,ST. JAMES'S PLACE PLC ORD 15P,-2.232920459286809,0.19451487110563637,0.05,0.00042886712026414043,False,-0.1582507307525625,8.70584897553856,,,,,,,,,,,,,,
FINANCIALS,AJB.L,JUP.L,AJ BELL PLC ORD GBP0.000125,JUPITER FUND MANAGEMENT PLC ORD,-2.231491857158504,0.19501486788567735,0.05,0.00042886712026414043,False,0.19371689926174762,5.245663054132862,,,,,,,,,,,,,,
FINANCIALS,AJB.L,BNKR.L,AJ BELL PLC ORD GBP0.000125,BANKERS INVESTMENT TRUST PLC OR,-2.2283107566607567,0.19613118084173858,0.05,0.00042886712026414043,False,1.3665550883454338,-0.4220712002217102,,,,,,,,,,,,,,
FINANCIALS,BGEO.L,INVP.L,LION FINANCE GROUP PLC ORD 1P,INVESTEC PLC ORD GBP0.0002,-2.2234538766945104,0.19784343125752674,0.05,0.00042886712026414043,False,11.629172287162403,-64.82778232131975,,,,,,,,,,,,,,
FINANCIALS,BGEO.L,STJ.L,LION FINANCE GROUP PLC ORD 1P,ST. JAMES'S PLACE PLC ORD 15P,-2.2119260077529743,0.20194551294804497,0.05,0.00042886712026414043,False,1.4458173607159197,-1.2607125774266272,,,,,,,,,,,,,,
FINANCIALS,ASHM.L,BGEO.L,ASHMORE GROUP PLC ORD 0.01P,LION FINANCE GROUP PLC ORD 1P,-2.1977970465113597,0.207045973268415,0.05,0.00042886712026414043,False,0.22215522766604068,3.2287566594945183,,,,,,,,,,,,,,
FINANCIALS,AV.L,NWG.L,AVIVA PLC ORD 32 17/19P,NATWEST GROUP PLC ORD 107.69P,-2.1916508513953725,0.2092896596899534,0.05,0.00042886712026414043,False,0.5993906469353822,2.6490615106603377,,,,,,,,,,,,,,
FINANCIALS,HSBA.L,MNG.L,HSBC HOLDINGS PLC ORD $0.50 (UK,M&G PLC,-2.1861916452565615,0.21129520917991507,0.05,0.00042886712026414043,False,1.4544430206004186,-1.1483231466886297,,,,,,,,,,,,,,
FINANCIALS,AJB.L,BARC.L,AJ BELL PLC ORD GBP0.000125,BARCLAYS PLC ORD 25P,-2.1754131390645046,0.21528976337745698,0.05,0.00042886712026414043,False,0.26657559311868473,4.6113699210840275,,,,,,,,,,,,,,
FINANCIALS,AJB.L,LLOY.L,AJ BELL PLC ORD GBP0.000125,LLOYDS BANKING GROUP PLC ORD 10,-2.1680039298219747,0.2180623966086654,0.05,0.00042886712026414043,False,0.2914873012278629,4.897175219066308,,,,,,,,,,,,,,
FINANCIALS,BEZ.L,BGEO.L,BEAZLEY PLC ORD 5P,LION FINANCE GROUP PLC ORD 1P,-2.1651682400334344,0.2191293034797,0.05,0.00042886712026414043,False,0.49024596327360837,2.494817429872146,,,,,,,,,,,,,,
FINANCIALS,BARC.L,PRU.L,BARCLAYS PLC ORD 25P,PRUDENTIAL PLC ORD 5P,-2.1617235607130207,0.22042961192624322,0.05,0.00042886712026414043,False,1.1703328916769473,-2.111724702626872,,,,,,,,,,,,,,
FINANCIALS,INVP.L,STAN.L,INVESTEC PLC ORD GBP0.0002,STANDARD CHARTERED PLC ORD USD0,-2.161682196803597,0.2204452545650153,0.05,0.00042886712026414043,False,0.0815634922446231,5.749915196549334,,,,,,,,,,,,,,
FINANCIALS,INVP.L,LLOY.L,INVESTEC PLC ORD GBP0.0002,LLOYDS BANKING GROUP PLC ORD 10,-2.149565608303923,0.22505640235317975,0.05,0.00042886712026414043,False,0.11981754631305146,5.8125612726971125,,,,,,,,,,,,,,
FINANCIALS,ADM.L,SDR.L,ADMIRAL GROUP PLC ORD 0.1P,SCHRODERS PLC ORD 20P,-2.148358162434281,0.22551907434215196,0.05,0.00042886712026414043,False,0.2705068830927863,6.393679315752513,,,,,,,,,,,,,,
FINANCIALS,ADM.L,BEZ.L,ADMIRAL GROUP PLC ORD 0.1P,BEAZLEY PLC ORD 5P,-2.1472478736802225,0.2259450217469242,0.05,0.00042886712026414043,False,0.31021899048598967,5.900490678984303,,,,,,,,,,,,,,
FINANCIALS,BARC.L,INVP.L,BARCLAYS PLC ORD 25P,INVESTEC PLC ORD GBP0.0002,-2.1399306605395365,0.2287642369576442,0.05,0.00042886712026414043,False,9.594764877003824,-54.94106584477181,,,,,,,,,,,,,,
FINANCIALS,AV.L,BGEO.L,AVIVA PLC ORD 32 17/19P,LION FINANCE GROUP PLC ORD 1P,-2.135623866000378,0.2304333536207558,0.05,0.00042886712026414043,False,0.3560362799183591,3.2210682561239676,,,,,,,,,,,,,,
FINANCIALS,ASHM.L,LLOY.L,ASHMORE GROUP PLC ORD 0.01P,LLOYDS BANKING GROUP PLC ORD 10,-2.132479343557463,0.23165658765112562,0.05,0.00042886712026414043,False,0.4223042698389722,3.3556787814417177,,,,,,,,,,,,,,
FINANCIALS,BEZ.L,STAN.L,BEAZLEY PLC ORD 5P,STANDARD CHARTERED PLC ORD USD0,-2.1303395279403037,0.2324911829746122,0.05,0.00042886712026414043,False,0.5468871953376193,2.9110688072681574,,,,,,,,,,,,,,
FINANCIALS,BNKR.L,STAN.L,BANKERS INVESTMENT TRUST PLC OR,STANDARD CHARTERED PLC ORD USD0,-2.1240253946713654,0.2349642407336885,0.05,0.00042886712026414043,False,0.2542450582779866,3.0040579903882447,,,,,,,,,,,,,,
FINANCIALS,AJB.L,PRU.L,AJ BELL PLC ORD GBP0.000125,PRUDENTIAL PLC ORD 5P,-2.1181492305446215,0.23727960391444003,0.05,0.00042886712026414043,False,0.2963609151301807,4.154084219411469,,,,,,,,,,,,,,
FINANCIALS,BEZ.L,LLOY.L,BEAZLEY PLC ORD 5P,LLOYDS BANKING GROUP PLC ORD 10,-2.107132297366399,0.2416563574385598,0.05,0.00042886712026414043,False,0.8151480415124669,3.2802055464150692,,,,,,,,,,,,,,
FINANCIALS,ASHM.L,BARC.L,ASHMORE GROUP PLC ORD 0.01P,BARCLAYS PLC ORD 25P,-2.092033658555606,0.247729949735857,0.05,0.00042886712026414043,False,0.31678431478093494,3.3445241487586426,,,,,,,,,,,,,,
FINANCIALS,ASHM.L,SDR.L,ASHMORE GROUP PLC ORD 0.01P,SCHRODERS PLC ORD 20P,-2.0912234735447486,0.24805830020064956,0.05,0.00042886712026414043,False,0.645018894631807,1.3235310060357577,,,,,,,,,,,,,,
FINANCIALS,JUP.L,NWG.L,JUPITER FUND MANAGEMENT PLC ORD,NATWEST GROUP PLC ORD 107.69P,-2.0811801336949602,0.2521491866875928,0.05,0.00042886712026414043,False,1.6739380221659035,-5.632188261853396,,,,,,,,,,,,,,
FINANCIALS,ADM.L,JUP.L,ADMIRAL GROUP PLC ORD 0.1P,JUPITER FUND MANAGEMENT PLC ORD,-2.0803483721249365,0.2524896815345362,0.05,0.00042886712026414043,False,0.16543837393783728,7.232728161674257,,,,,,,,,,,,,,
FINANCIALS,BNKR.L,INVP.L,BANKERS INVESTMENT TRUST PLC OR,INVESTEC PLC ORD GBP0.0002,-2.077577336297157,0.25362591734636,0.05,0.00042886712026414043,False,1.0687924085866496,-1.9511446009750637,,,,,,,,,,,,,,
FINANCIALS,INVP.L,PRU.L,INVESTEC PLC ORD GBP0.0002,PRUDENTIAL PLC ORD 5P,-2.065080267501312,0.2587857585152316,0.05,0.00042886712026414043,False,0.11673619645228973,5.541497701466535,,,,,,,,,,,,,,
FINANCIALS,NWG.L,SDR.L,NATWEST GROUP PLC ORD 107.69P,SCHRODERS PLC ORD 20P,-2.063855362391222,0.2592946182300213,0.05,0.00042886712026414043,False,1.1300592229080577,-0.5822026434773742,,,,,,,,,,,,,,
FINANCIALS,STAN.L,STJ.L,STANDARD CHARTERED PLC ORD USD0,ST. JAMES'S PLACE PLC ORD 15P,-2.059718631523032,0.2610172211171192,0.05,0.00042886712026414043,False,1.2497532057304497,-1.5690598881538875,,,,,,,,,,,,,,
FINANCIALS,BGEO.L,SDR.L,LION FINANCE GROUP PLC ORD 1P,SCHRODERS PLC ORD 20P,-2.0591529996368743,0.26125324908907216,0.05,0.00042886712026414043,False,1.9456593264669582,-2.845184002768974,,,,,,,,,,,,,,
FINANCIALS,BEZ.L,NWG.L,BEAZLEY PLC ORD 5P,NATWEST GROUP PLC ORD 107.69P,-2.0564568997204256,0.26237989768815284,0.05,0.00042886712026414043,False,0.8500850145723728,1.554243239159267,,,,,,,,,,,,,,
FINANCIALS,ASHM.L,NWG.L,ASHMORE GROUP PLC ORD 0.01P,NATWEST GROUP PLC ORD 107.69P,-2.05250404908578,0.26403653344915845,0.05,0.00042886712026414043,False,0.34089271945237015,3.0764295244790154,,,,,,,,,,,,,,
FINANCIALS,INVP.L,NWG.L,INVESTEC PLC ORD GBP0.0002,NATWEST GROUP PLC ORD 107.69P,-2.052475235667845,0.2640486300973398,0.05,0.00042886712026414043,False,0.07017102323953132,5.8973836922351985,,,,,,,,,,,,,,
FINANCIALS,BARC.L,BEZ.L,BARCLAYS PLC ORD 25P,BEAZLEY PLC ORD 5P,-2.03842036959045,0.2699852139592166,0.05,0.00042886712026414043,False,1.4804088386095122,-4.274152863609172,,,,,,,,,,,,,,
FINANCIALS,AV.L,JUP.L,AVIVA PLC ORD 32 17/19P,JUPITER FUND MANAGEMENT PLC ORD,-2.0226156993012983,0.27674577643441567,0.05,0.00042886712026414043,False,0.3496366460385469,4.705537664620736,,,,,,,,,,,,,,
FINANCIALS,AV.L,INVP.L,AVIVA PLC ORD 32 17/19P,INVESTEC PLC ORD GBP0.0002,-2.0170533896131304,0.2791462004896603,0.05,0.00042886712026414043,False,7.730960383174222,-42.591762284526546,,,,,,,,,,,,,,
FINANCIALS,BARC.L,SDR.L,BARCLAYS PLC ORD 25P,SCHRODERS PLC ORD 20P,-2.0108400241401254,0.2818404458958057,0.05,0.00042886712026414043,False,1.4169523127732868,-2.6748274248457404,,,,,,,,,,,,,,
FINANCIALS,INVP.L,STJ.L,INVESTEC PLC ORD GBP0.0002,ST. JAMES'S PLACE PLC ORD 15P,-2.008364779307809,0.2829175218300761,0.05,0.00042886712026414043,False,0.028885742299770582,6.130067663952188,,,,,,,,,,,,,,
FINANCIALS,AJB.L,AV.L,AJ BELL PLC ORD GBP0.000125,AVIVA PLC ORD 32 17/19P,-2.0033952701122577,0.28508637876623466,0.05,0.00042886712026414043,False,0.6696354225981602,1.9042560761499328,,,,,,,,,,,,,,
FINANCIALS,BEZ.L,MNG.L,BEAZLEY PLC ORD 5P,M&G PLC,-2.0008200933157947,0.28621363263858995,0.05,0.00042886712026414043,False,1.186955731257985,0.2906441759296543,,,,,,,,,,,,,,
FINANCIALS,MNG.L,STAN.L,M&G PLC,STANDARD CHARTERED PLC ORD USD0,-2.0002090417720253,0.28648144915863283,0.05,0.00042886712026414043,False,0.5162954488828541,1.811946191517694,,,,,,,,,,,,,,
FINANCIALS,MNG.L,SDR.L,M&G PLC,SCHRODERS PLC ORD 20P,-1.9939585881467343,0.2892283142444686,0.05,0.00042886712026414043,False,0.8220113080099469,0.5717645135600247,,,,,,,,,,,,,,
FINANCIALS,BGEO.L,JUP.L,LION FINANCE GROUP PLC ORD 1P,JUPITER FUND MANAGEMENT PLC ORD,-1.971642021162864,0.2991437981292322,0.05,0.00042886712026414043,False,1.0453611764268038,3.8710100556059404,,,,,,,,,,,,,,
FINANCIALS,ADM.L,INVP.L,ADMIRAL GROUP PLC ORD 0.1P,INVESTEC PLC ORD GBP0.0002,-1.9473685296468968,0.31011580166562325,0.05,0.00042886712026414043,False,-4.4311349473226675,36.065743689011235,,,,,,,,,,,,,,
FINANCIALS,AV.L,LLOY.L,AVIVA PLC ORD 32 17/19P,LLOYDS BANKING GROUP PLC ORD 10,-1.9333623937421853,0.3165327607943368,0.05,0.00042886712026414043,False,0.57368926300025,3.870647770839244,,,,,,,,,,,,,,
FINANCIALS,JUP.L,STAN.L,JUPITER FUND MANAGEMENT PLC ORD,STANDARD CHARTERED PLC ORD USD0,-1.931862451725267,0.31722361259202936,0.05,0.00042886712026414043,False,1.0861672681701522,-3.026439832566626,,,,,,,,,,,,,,
FINANCIALS,ASHM.L,BEZ.L,ASHMORE GROUP PLC ORD 0.01P,BEAZLEY PLC ORD 5P,-1.9303248045721833,0.31793255630668854,0.05,0.00042886712026414043,False,0.6130186561377592,1.0099644349166113,,,,,,,,,,,,,,
FINANCIALS,BGEO.L,BNKR.L,LION FINANCE GROUP PLC ORD 1P,BANKERS INVESTMENT TRUST PLC OR,-1.928059921953132,0.318978130883144,0.05,0.00042886712026414043,False,4.488754462226687,-12.818559004074162,,,,,,,,,,,,,,
FINANCIALS,BARC.L,STJ.L,BARCLAYS PLC ORD 25P,ST. JAMES'S PLACE PLC ORD 15P,-1.926145671649306,0.3198630718632326,0.05,0.00042886712026414043,False,1.0189513721846621,-1.284517314973673,,,,,,,,,,,,,,
FINANCIALS,AJB.L,ASHM.L,AJ BELL PLC ORD GBP0.000125,ASHMORE GROUP PLC ORD 0.01P,-1.920772998035227,0.3223528182113048,0.05,0.00042886712026414043,False,0.3616303808170089,4.284099448819928,,,,,,,,,,,,,,
FINANCIALS,LLOY.L,SDR.L,LLOYDS BANKING GROUP PLC ORD 10,SCHRODERS PLC ORD 20P,-1.914995002780449,0.32504020104424636,0.05,0.00042886712026414043,False,1.1634397011278435,-2.6344450347768946,,,,,,,,,,,,,,
FINANCIALS,BARC.L,BNKR.L,BARCLAYS PLC ORD 25P,BANKERS INVESTMENT TRUST PLC OR,-1.9133632012979807,0.32580098827925386,0.05,0.00042886712026414043,False,3.269999527828574,-9.942906749758304,,,,,,,,,,,,,,
FINANCIALS,BARC.L,JUP.L,BARCLAYS PLC ORD 25P,JUPITER FUND MANAGEMENT PLC ORD,-1.9069287517725173,0.32880866062520164,0.05,0.00042886712026414043,False,0.7488067222616621,2.2751870870333337,,,,,,,,,,,,,,
FINANCIALS,ASHM.L,STAN.L,ASHMORE GROUP PLC ORD 0.01P,STANDARD CHARTERED PLC ORD USD0,-1.9015095535119522,0.3313513026804481,0.05,0.00042886712026414043,False,0.23928098143764753,3.47823173752406,,,,,,,,,,,,,,
FINANCIALS,ASHM.L,HSBA.L,ASHMORE GROUP PLC ORD 0.01P,HSBC HOLDINGS PLC ORD $0.50 (UK,-1.8883171156940617,0.33757690970786247,0.05,0.00042886712026414043,False,0.4037066912599781,2.422860354011689,,,,,,,,,,,,,,
FINANCIALS,AJB.L,NWG.L,AJ BELL PLC ORD GBP0.000125,NATWEST GROUP PLC ORD 107.69P,-1.8666425488071412,0.3479124838308602,0.05,0.00042886712026414043,False,0.3197789193139319,4.1823657324486865,,,,,,,,,,,,,,
FINANCIALS,LLOY.L,STJ.L,LLOYDS BANKING GROUP PLC ORD 10,ST. JAMES'S PLACE PLC ORD 15P,-1.8646060689007986,0.34889024849717154,0.05,0.00042886712026414043,False,0.8733014202166499,-1.747853674750023,,,,,,,,,,,,,,
FINANCIALS,BNKR.L,LLOY.L,BANKERS INVESTMENT TRUST PLC OR,LLOYDS BANKING GROUP PLC ORD 10,-1.8632861314470657,0.3495245829441773,0.05,0.00042886712026414043,False,0.33750491150670864,3.35503149297981,,,,,,,,,,,,,,
FINANCIALS,SDR.L,STAN.L,SCHRODERS PLC ORD 20P,STANDARD CHARTERED PLC ORD USD0,-1.8569840867000902,0.3525596657596889,0.05,0.00042886712026414043,False,0.5595237531408027,1.9971892238266484,,,,,,,,,,,,,,
FINANCIALS,AV.L,STAN.L,AVIVA PLC ORD 32 17/19P,STANDARD CHARTERED PLC ORD USD0,-1.8324004774776392,0.36449849317212724,0.05,0.00042886712026414043,False,0.3916959038165243,3.5623759422537162,,,,,,,,,,,,,,
FINANCIALS,ASHM.L,PRU.L,ASHMORE GROUP PLC ORD 0.01P,PRUDENTIAL PLC ORD 5P,-1.8197588069833703,0.3706970520565126,0.05,0.00042886712026414043,False,0.4162667031331894,2.3676811925670354,,,,,,,,,,,,,,
FINANCIALS,INVP.L,LGEN.L,INVESTEC PLC ORD GBP0.0002,LEGAL & GENERAL GROUP PLC ORD 2,-1.8191751803103289,0.3709841583271754,0.05,0.00042886712026414043,False,2.4417152209400617,-7.080375357948424,,,,,,,,,,,,,,
FINANCIALS,HSBA.L,STJ.L,HSBC HOLDINGS PLC ORD $0.50 (UK,ST. JAMES'S PLACE PLC ORD 15P,-1.807786464123884,0.3766028401859785,0.05,0.00042886712026414043,False,0.9385708282103646,0.30808897327174645,,,,,,,,,,,,,,
FINANCIALS,ABDN.L,ASHM.L,ABERDEEN GROUP PLC ORD 13 61/63,ASHMORE GROUP PLC ORD 0.01P,-1.8015498493529356,0.37969250836079405,0.05,0.00042886712026414043,False,1.3017260978015799,-1.563462446340652,,,,,,,,,,,,,,
FINANCIALS,ASHM.L,LGEN.L,ASHMORE GROUP PLC ORD 0.01P,LEGAL & GENERAL GROUP PLC ORD 2,-1.785117581593195,0.38787503090930703,0.05,0.00042886712026414043,False,4.773246130605377,-21.034605807897332,,,,,,,,,,,,,,
FINANCIALS,BNKR.L,JUP.L,BANKERS INVESTMENT TRUST PLC OR,JUPITER FUND MANAGEMENT PLC ORD,-1.7844434912378784,0.3882119596382189,0.05,0.00042886712026414043,False,0.2317506336747273,3.7234269782953793,,,,,,,,,,,,,,
FINANCIALS,BNKR.L,NWG.L,BANKERS INVESTMENT TRUST PLC OR,NATWEST GROUP PLC ORD 107.69P,-1.7773306470703205,0.39177304955488157,0.05,0.00042886712026414043,False,0.34122104658351776,2.7068356557444897,,,,,,,,,,,,,,
FINANCIALS,ADM.L,BNKR.L,ADMIRAL GROUP PLC ORD 0.1P,BANKERS INVESTMENT TRUST PLC OR,-1.7333812750619901,0.41400066296109755,0.05,0.00042886712026414043,False,1.3964017691989152,1.2880293685219177,,,,,,,,,,,,,,
FINANCIALS,ASHM.L,STJ.L,ASHMORE GROUP PLC ORD 0.01P,ST. JAMES'S PLACE PLC ORD 15P,-1.733027180797766,0.4141812093642615,0.05,0.00042886712026414043,False,0.2236405005356884,3.6272849013553543,,,,,,,,,,,,,,
FINANCIALS,HSBA.L,JUP.L,HSBC HOLDINGS PLC ORD $0.50 (UK,JUPITER FUND MANAGEMENT PLC ORD,-1.7316413803916149,0.41488801450512725,0.05,0.00042886712026414043,False,0.6901092809848206,3.5852285569246267,,,,,,,,,,,,,,
FINANCIALS,BEZ.L,JUP.L,BEAZLEY PLC ORD 5P,JUPITER FUND MANAGEMENT PLC ORD,-1.7301244330408967,0.4156620906472916,0.05,0.00042886712026414043,False,0.465423130518423,4.614304186965052,,,,,,,,,,,,,,
FINANCIALS,ABDN.L,STJ.L,ABERDEEN GROUP PLC ORD 13 61/63,ST. JAMES'S PLACE PLC ORD 15P,-1.7042676907148335,0.4289149865258244,0.05,0.00042886712026414043,False,0.5855153801488048,1.11042474540732,,,,,,,,,,,,,,
FINANCIALS,ASHM.L,MNG.L,ASHMORE GROUP PLC ORD 0.01P,M&G PLC,-1.6817492748611487,0.44053947929802506,0.05,0.00042886712026414043,False,0.7815368903357941,0.8921534330162819,,,,,,,,,,,,,,
FINANCIALS,SDR.L,STJ.L,SCHRODERS PLC ORD 20P,ST. JAMES'S PLACE PLC ORD 15P,-1.672407075534312,0.44538230268030715,0.05,0.00042886712026414043,False,0.6393896999004937,1.535770913722244,,,,,,,,,,,,,,
FINANCIALS,AV.L,BEZ.L,AVIVA PLC ORD 32 17/19P,BEAZLEY PLC ORD 5P,-1.6682071599339148,0.44756302501994116,0.05,0.00042886712026414043,False,0.5437786343174722,2.6512951036323447,,,,,,,,,,,,,,
FINANCIALS,ASHM.L,AV.L,ASHMORE GROUP PLC ORD 0.01P,AVIVA PLC ORD 32 17/19P,-1.6520856789055316,0.45595290946115863,0.05,0.00042886712026414043,False,1.3138679363378611,-3.1639796279561176,,,,,,,,,,,,,,
FINANCIALS,AV.L,SDR.L,AVIVA PLC ORD 32 17/19P,SCHRODERS PLC ORD 20P,-1.6236021170906612,0.4708413562085927,0.05,0.00042886712026414043,False,0.5183680820942324,3.2513304302226063,,,,,,,,,,,,,,
FINANCIALS,BEZ.L,STJ.L,BEAZLEY PLC ORD 5P,ST. JAMES'S PLACE PLC ORD 15P,-1.6054421735999014,0.48085916453186084,0.05,0.00042886712026414043,False,0.6472786981041888,2.3047472951740096,,,,,,,,,,,,,,
FINANCIALS,PRU.L,STAN.L,PRUDENTIAL PLC ORD 5P,STANDARD CHARTERED PLC ORD USD0,-1.5956292827106828,0.48578868096820116,0.05,0.00042886712026414043,False,0.6943716852820616,1.8162025235455461,,,,,,,,,,,,,,
FINANCIALS,JUP.L,SDR.L,JUPITER FUND MANAGEMENT PLC ORD,SCHRODERS PLC ORD 20P,-1.5892713719792686,0.4889806022450869,0.05,0.00042886712026414043,False,1.8760775614227143,-6.513588489022964,,,,,,,,,,,,,,
FINANCIALS,AJB.L,STJ.L,AJ BELL PLC ORD GBP0.000125,ST. JAMES'S PLACE PLC ORD 15P,-1.5845387805784852,0.4913553860136495,0.05,0.00042886712026414043,False,0.25793239184684635,4.36421355566924,,,,,,,,,,,,,,
FINANCIALS,BEZ.L,PRU.L,BEAZLEY PLC ORD 5P,PRUDENTIAL PLC ORD 5P,-1.5797527810086769,0.4937558605826504,0.05,0.00042886712026414043,False,0.8102779170844248,1.3272545624973118,,,,,,,,,,,,,,
FINANCIALS,ADM.L,ASHM.L,ADMIRAL GROUP PLC ORD 0.1P,ASHMORE GROUP PLC ORD 0.01P,-1.5475392619508097,0.5098771322812679,0.05,0.00042886712026414043,False,-0.018218318168574176,8.106657628807604,,,,,,,,,,,,,,
FINANCIALS,AV.L,HSBA.L,AVIVA PLC ORD 32 17/19P,HSBC HOLDINGS PLC ORD $0.50 (UK,-1.5185275625714112,0.5243269228779316,0.05,0.00042886712026414043,False,0.5060806902934006,2.8929398791101355,,,,,,,,,,,,,,
FINANCIALS,MNG.L,STJ.L,M&G PLC,ST. JAMES'S PLACE PLC ORD 15P,-1.329506507893756,0.6155672937835718,0.05,0.00042886712026414043,False,0.6050714537779527,1.2812761149284295,,,,,,,,,,,,,,
FINANCIALS,PRU.L,SDR.L,PRUDENTIAL PLC ORD 5P,SCHRODERS PLC ORD 20P,-1.3201997485845913,0.6198809867043159,0.05,0.00042886712026414043,False,1.1578001925047454,-0.1644713911956579,,,,,,,,,,,,,,
FINANCIALS,AV.L,MNG.L,AVIVA PLC ORD 32 17/19P,M&G PLC,-1.2733652807499156,0.641267950140249,0.05,0.00042886712026414043,False,0.7722362685758557,2.1132112594034265,,,,,,,,,,,,,,
FINANCIALS,MNG.L,PRU.L,M&G PLC,PRUDENTIAL PLC ORD 5P,-1.2588543852837637,0.6477800981959662,0.05,0.00042886712026414043,False,0.7461278207528288,0.4440417890414796,,,,,,,,,,,,,,
FINANCIALS,AV.L,BARC.L,AVIVA PLC ORD 32 17/19P,BARCLAYS PLC ORD 25P,-1.2424247952064413,0.6550847220395744,0.05,0.00042886712026414043,False,0.4929229567751959,3.492320221552066,,,,,,,,,,,,,,
FINANCIALS,AV.L,BNKR.L,AVIVA PLC ORD 32 17/19P,BANKERS INVESTMENT TRUST PLC OR,-1.1783441738916853,0.6828414466302,0.05,0.00042886712026414043,False,1.8331804608509645,-2.4745190900937173,,,,,,,,,,,,,,
FINANCIALS,ASHM.L,BNKR.L,ASHMORE GROUP PLC ORD 0.01P,BANKERS INVESTMENT TRUST PLC OR,-1.1213601671747542,0.7064789892408879,0.05,0.00042886712026414043,False,2.3571201024356543,-6.167482622762532,,,,,,,,,,,,,,
FINANCIALS,HSBA.L,PRU.L,HSBC HOLDINGS PLC ORD $0.50 (UK,PRUDENTIAL PLC ORD 5P,-0.9120253835322097,0.7839864950461248,0.05,0.00042886712026414043,False,1.087947113600854,-0.521066017655289,,,,,,,,,,,,,,
FINANCIALS,BNKR.L,STJ.L,BANKERS INVESTMENT TRUST PLC OR,ST. JAMES'S PLACE PLC ORD 15P,-0.9116072303391698,0.7841259611640904,0.05,0.00042886712026414043,False,0.2603037669993822,3.004687632936061,,,,,,,,,,,,,,
FINANCIALS,BNKR.L,PRU.L,BANKERS INVESTMENT TRUST PLC OR,PRUDENTIAL PLC ORD 5P,-0.8390919275712423,0.8073686280989016,0.05,0.00042886712026414043,False,0.33015818985500067,2.58247863288648,,,,,,,,,,,,,,
FR_BANKS,ACA.PA,GLE.PA,CREDIT AGRICOLE,SOCIETE GENERALE,-3.325512983435225,0.013775855105229757,0.05,0.013775855105229757,True,0.28601582555569377,1.5877124276679222,18.918466664330392,6.516665996654667e-05,-0.03663865538674082,57.0,-0.5869082632906959,2.4228086900273476,False,,0.6,-0.001611569632919768,-0.1807917136453534,-0.19035247031812952,False,mixed signal
FR_BANKS,ACA.PA,BNP.PA,CREDIT AGRICOLE,BNP PARIBAS ACT.A,-2.3208580483248182,0.16532904980906404,0.05,0.013775855105229757,False,0.6716754765346187,-0.1806790330199104,,,,,,,,,,,,,,
FR_BANKS,BNP.PA,GLE.PA,BNP PARIBAS ACT.A,SOCIETE GENERALE,-1.7106002200525934,0.42565936661603365,0.05,0.013775855105229757,False,0.41484762700111577,2.6739583476523885,,,,,,,,,,,,,,
FR_LUXURY,CDI.PA,MC.PA,CHRISTIAN DIOR,LVMH,-3.3211127562710874,0.013960710089061178,0.05,,False,0.9427675723589051,0.291604032855858,,,,,,,,,,,,,,
FR_LUXURY,KER.PA,RMS.PA,KERING,HERMES INTL,-2.0025179655102505,0.28547015157527744,0.05,,False,-2.654683517523781,25.770542215690202,,,,,,,,,,,,,,
FR_LUXURY,CDI.PA,RMS.PA,CHRISTIAN DIOR,HERMES INTL,-1.5435630259003277,0.5118619221063495,0.05,,False,0.9482406691649514,-1.0172665416741182,,,,,,,,,,,,,,
FR_LUXURY,MC.PA,RMS.PA,LVMH,HERMES INTL,-1.250400552242433,0.6515479093180199,0.05,,False,1.1026976886507767,-2.1293238932014438,,,,,,,,,,,,,,
FR_LUXURY,CDI.PA,KER.PA,CHRISTIAN DIOR,KERING,-1.0697511160662114,0.7269828709758285,0.05,,False,0.5466287717316399,3.245265129074431,,,,,,,,,,,,,,
FR_LUXURY,KER.PA,MC.PA,KERING,LVMH,-1.0181776556619946,0.7465768189553543,0.05,,False,1.6972628130847136,-5.230493017305027,,,,,,,,,,,,,,
FR_UTILITIES,ENGI.PA,RUI.PA,ENGIE,RUBIS,-3.2858994932145524,0.015520653842590302,0.05,,False,1.545810484499498,-2.1730080368178477,,,,,,,,,,,,,,
FR_UTILITIES,ENGI.PA,VIE.PA,ENGIE,VEOLIA ENVIRON.,-2.5435697841311553,0.1052299173735779,0.05,,False,2.936025797428468,-6.952256303201227,,,,,,,,,,,,,,
FR_UTILITIES,ALO.PA,ENGI.PA,ALSTOM,ENGIE,-1.6980943975326033,0.4320945670895296,0.05,,False,0.1980129508971375,2.458213035528305,,,,,,,,,,,,,,
FR_UTILITIES,RUI.PA,VIE.PA,RUBIS,VEOLIA ENVIRON.,-1.4025113574921815,0.5810715517200895,0.05,,False,2.065413533703998,-3.648016325109506,,,,,,,,,,,,,,
FR_UTILITIES,ALO.PA,RUI.PA,ALSTOM,RUBIS,-1.2553074252875172,0.6493633148744296,0.05,,False,0.5100490582399657,1.3609073935695748,,,,,,,,,,,,,,
FR_UTILITIES,ALO.PA,VIE.PA,ALSTOM,VEOLIA ENVIRON.,-0.2396373671824532,0.9336290609602358,0.05,,False,-144.01051850346064,485.4126380713486,,,,,,,,,,,,,,
HEALTHCARE,AZN.L,GSK.L,ASTRAZENECA PLC ORD SHS $0.25,GSK PLC ORD 31 1/4P,-3.7634085881295993,0.0033046815020398527,0.05,0.02354386070403175,True,0.79435032568155,3.5429434710297487,12.967878801903824,-0.0001514325944717601,-0.05345108410931353,39.0,1.1362597809431498,2.980493083960803,False,,0.6,-0.015846815386059122,-0.4228483506782177,-0.7970977640474961,False,mixed signal
HEALTHCARE,GSK.L,HIK.L,GSK PLC ORD 31 1/4P,HIKMA PHARMACEUTICALS PLC ORD S,-3.661505550090149,0.004688373533765601,0.05,0.02354386070403175,True,-0.9485952615564909,14.47422480440138,15.110731031311648,0.00011351966632695429,-0.045871187775339446,45.0,-0.15894661394793902,3.161028446591963,False,,0.6,-0.013484733028797262,-0.409711482668538,-0.2581305241167409,False,mixed signal
HEALTHCARE,AZN.L,HIK.L,ASTRAZENECA PLC ORD SHS $0.25,HIKMA PHARMACEUTICALS PLC ORD S,-3.6009066743785603,0.0057437177222182355,0.05,0.02354386070403175,True,-0.7088133603856724,14.70612612200668,16.979278193077782,-4.302019894954833e-05,-0.04082312408560052,51.0,0.5602211054119859,3.045058724311098,False,,0.8,-0.02520736822435562,-0.6956073001412895,-0.8925191563216481,False,mixed signal
HEALTHCARE,AZN.L,CTEC.L,ASTRAZENECA PLC ORD SHS $0.25,CONVATEC GROUP PLC ORD 10P,-3.371457646203088,0.01197122451824473,0.05,0.02354386070403175,True,-2.442519628757893,22.764602009390174,15.430166269990377,-0.00022885246463949253,-0.04492156263461817,46.0,-1.3128194955704584,2.7097851552711014,False,,0.6,-0.03473515129717532,-0.3685390372817837,-0.5804855770938571,False,mixed signal
HEALTHCARE,CTEC.L,HIK.L,CONVATEC GROUP PLC ORD 10P,HIKMA PHARMACEUTICALS PLC ORD S,-3.151542112165212,0.022966610175673714,0.05,0.02354386070403175,True,0.3108436163130446,3.1447967015461575,17.47262425754177,-6.826541397870797e-05,-0.03967046794706638,52.0,-1.5371777219914036,2.3202101036553224,False,,0.6,-0.003273848160546585,-0.024752312613220084,-0.10081961822656549,False,mixed signal
HEALTHCARE,CTEC.L,GSK.L,CONVATEC GROUP PLC ORD 10P,GSK PLC ORD 31 1/4P,-3.1427976926327625,0.02354386070403175,0.05,0.02354386070403175,True,-0.2576236986956288,7.370902193044356,17.675497673392993,-6.595136778677069e-05,-0.03921514366202785,53.0,-1.2186024245880378,2.446473132002557,False,,0.6,-0.0075440939346135515,-0.1651490180629558,-0.20735016262022854,False,mixed signal
HEALTHCARE,CTEC.L,SN.L,CONVATEC GROUP PLC ORD 10P,SMITH & NEPHEW PLC ORD USD0.20,-2.7845048350901314,0.060521458053249017,0.05,0.02354386070403175,False,-0.15007160954793353,6.527999866010448,,,,,,,,,,,,,,
HEALTHCARE,HIK.L,SN.L,HIKMA PHARMACEUTICALS PLC ORD S,SMITH & NEPHEW PLC ORD USD0.20,-2.6792219698322928,0.07770330430551661,0.05,0.02354386070403175,False,-2.1619838694110083,22.7201701524108,,,,,,,,,,,,,,
HEALTHCARE,AZN.L,SN.L,ASTRAZENECA PLC ORD SHS $0.25,SMITH & NEPHEW PLC ORD USD0.20,-2.5156474929037476,0.11171339173340367,0.05,0.02354386070403175,False,1.2466710092921272,0.6161015744210285,,,,,,,,,,,,,,
HEALTHCARE,GSK.L,SN.L,GSK PLC ORD 31 1/4P,SMITH & NEPHEW PLC ORD USD0.20,-2.128860808579378,0.23306896822849354,0.05,0.02354386070403175,False,1.8333192943667915,-5.544717976506685,,,,,,,,,,,,,,
INDUSTRIALS,BBY.L,IMI.L,BALFOUR BEATTY PLC ORD 50P,IMI PLC ORD 28 4/7P,-3.926092970446575,0.0018509920687897745,0.05,,False,1.4431627427107294,-4.763559679808426,,,,,,,,,,,,,,
INDUSTRIALS,BA.L,BNZL.L,BAE SYSTEMS PLC ORD 2.5P,BUNZL PLC ORD 32 1/7P,-3.349655853710346,0.012799605387864052,0.05,,False,-1.0596323967181343,15.762996797589789,,,,,,,,,,,,,,
INDUSTRIALS,BA.L,MGNS.L,BAE SYSTEMS PLC ORD 2.5P,MORGAN SINDALL GROUP PLC ORD 5P,-3.065451280366967,0.029217860131248975,0.05,,False,1.1371460516256484,-2.013472482633971,,,,,,,,,,,,,,
INDUSTRIALS,BNZL.L,WEIR.L,BUNZL PLC ORD 32 1/7P,WEIR PLC ORD 12.5P,-3.0572785070562825,0.029880601879982847,0.05,,False,-1.354564769034517,18.470724637300314,,,,,,,,,,,,,,
INDUSTRIALS,BNZL.L,MGNS.L,BUNZL PLC ORD 32 1/7P,MORGAN SINDALL GROUP PLC ORD 5P,-2.8553612257416643,0.05079057503386988,0.05,,False,-1.0557723254687155,16.632155257527458,,,,,,,,,,,,,,
INDUSTRIALS,BNZL.L,SMIN.L,BUNZL PLC ORD 32 1/7P,SMITHS GROUP PLC ORD 37.5P,-2.855339203509685,0.05079338702136179,0.05,,False,-1.2245788658024717,17.266672516254832,,,,,,,,,,,,,,
INDUSTRIALS,BNZL.L,KIE.L,BUNZL PLC ORD 32 1/7P,KIER GROUP PLC ORD 1P,-2.8144327738510504,0.056241540450148494,0.05,,False,-0.9555602708378631,12.833658309282324,,,,,,,,,,,,,,
INDUSTRIALS,BBY.L,DPLM.L,BALFOUR BEATTY PLC ORD 50P,DIPLOMA PLC ORD 5P,-2.8085877243240147,0.05705750494692528,0.05,,False,1.5691066600809662,-7.037609293725269,,,,,,,,,,,,,,
INDUSTRIALS,KIE.L,SMIN.L,KIER GROUP PLC ORD 1P,SMITHS GROUP PLC ORD 37.5P,-2.7943063283589384,0.05909168246061629,0.05,,False,1.2679860920011272,-4.535466104672028,,,,,,,,,,,,,,
INDUSTRIALS,IMI.L,MGNS.L,IMI PLC ORD 28 4/7P,MORGAN SINDALL GROUP PLC ORD 5P,-2.7124707795004963,0.07190502864189438,0.05,,False,0.9348343262650846,-0.06448782435776579,,,,,,,,,,,,,,
INDUSTRIALS,IMI.L,SPX.L,IMI PLC ORD 28 4/7P,SPIRAX GROUP PLC ORD 26 12/13P,-2.705959883322776,0.07301261490112662,0.05,,False,14.904975443714184,-124.20796623558867,,,,,,,,,,,,,,
INDUSTRIALS,DPLM.L,SPX.L,DIPLOMA PLC ORD 5P,SPIRAX GROUP PLC ORD 26 12/13P,-2.696870459476668,0.07458138363636539,0.05,,False,15.36697019789287,-127.46278868576505,,,,,,,,,,,,,,
INDUSTRIALS,BA.L,SPX.L,BAE SYSTEMS PLC ORD 2.5P,SPIRAX GROUP PLC ORD 26 12/13P,-2.6862965282240356,0.07643973464941727,0.05,,False,-5.284442443039386,54.16197700183421,,,,,,,,,,,,,,
INDUSTRIALS,KIE.L,SPX.L,KIER GROUP PLC ORD 1P,SPIRAX GROUP PLC ORD 26 12/13P,-2.6843760825018643,0.07678113016135286,0.05,,False,462.6983094254757,-4088.9548475867423,,,,,,,,,,,,,,
INDUSTRIALS,SPX.L,WEIR.L,SPIRAX GROUP PLC ORD 26 12/13P,WEIR PLC ORD 12.5P,-2.677133634017038,0.07807941838064225,0.05,,False,-0.08022189573776622,9.47504472331408,,,,,,,,,,,,,,
INDUSTRIALS,BBY.L,SPX.L,BALFOUR BEATTY PLC ORD 50P,SPIRAX GROUP PLC ORD 26 12/13P,-2.672331182839783,0.07894977527230301,0.05,,False,-144.2767849358796,1282.930831725969,,,,,,,,,,,,,,
INDUSTRIALS,SMIN.L,SPX.L,SMITHS GROUP PLC ORD 37.5P,SPIRAX GROUP PLC ORD 26 12/13P,-2.6589212505223063,0.08142039143759527,0.05,,False,-14.767004990786603,138.3216587751412,,,,,,,,,,,,,,
INDUSTRIALS,BNZL.L,SPX.L,BUNZL PLC ORD 32 1/7P,SPIRAX GROUP PLC ORD 26 12/13P,-2.652744394604982,0.08257853411379851,0.05,,False,4.804782329444678,-34.62522457783516,,,,,,,,,,,,,,
INDUSTRIALS,MGNS.L,SMIN.L,MORGAN SINDALL GROUP PLC ORD 5P,SMITHS GROUP PLC ORD 37.5P,-2.6516700816943257,0.08278126984859713,0.05,,False,1.1740930027767633,-0.7097660256379701,,,,,,,,,,,,,,
INDUSTRIALS,BA.L,SMIN.L,BAE SYSTEMS PLC ORD 2.5P,SMITHS GROUP PLC ORD 37.5P,-2.637022375121213,0.08558432602775867,0.05,,False,1.2989637651575088,-2.543745661018277,,,,,,,,,,,,,,
INDUSTRIALS,MRO.L,WEIR.L,MELROSE INDUSTRIES PLC ORD GBP0,WEIR PLC ORD 12.5P,-2.6251524226582834,0.08790939662202407,0.05,,False,0.6746143541320521,1.0136544841935748,,,,,,,,,,,,,,
INDUSTRIALS,DPLM.L,HILS.L,DIPLOMA PLC ORD 5P,HILL & SMITH PLC ORD 25P,-2.6175962228911525,0.0894147469323619,0.05,,False,1.5484660786123499,-3.3238642055687553,,,,,,,,,,,,,,
INDUSTRIALS,BBY.L,SMIN.L,BALFOUR BEATTY PLC ORD 50P,SMITHS GROUP PLC ORD 37.5P,-2.5975432449559444,0.0935060925943258,0.05,,False,1.6190724841732522,-6.082832272058773,,,,,,,,,,,,,,
INDUSTRIALS,MGNS.L,SPX.L,MORGAN SINDALL GROUP PLC ORD 5P,SPIRAX GROUP PLC ORD 26 12/13P,-2.5660826847234404,0.10021184258670573,0.05,,False,-5.588521020103835,57.73034457075073,,,,,,,,,,,,,,
INDUSTRIALS,KIE.L,MGNS.L,KIER GROUP PLC ORD 1P,MORGAN SINDALL GROUP PLC ORD 5P,-2.5218541501701717,0.11024711375554413,0.05,,False,1.0954277746612593,-3.896939290429173,,,,,,,,,,,,,,
INDUSTRIALS,DPLM.L,IMI.L,DIPLOMA PLC ORD 5P,IMI PLC ORD 28 4/7P,-2.5067714018787397,0.11383545078595836,0.05,,False,0.9345757567602698,1.3353353044658993,,,,,,,,,,,,,,
INDUSTRIALS,MGNS.L,MRO.L,MORGAN SINDALL GROUP PLC ORD 5P,MELROSE INDUSTRIES PLC ORD GBP0,-2.4917647313718674,0.11749093428027507,0.05,,False,2.4905448324075516,-7.368395880320243,,,,,,,,,,,,,,
INDUSTRIALS,BNZL.L,MRO.L,BUNZL PLC ORD 32 1/7P,MELROSE INDUSTRIES PLC ORD GBP0,-2.469384593426141,0.12310217205437884,0.05,,False,-3.9615758819224904,32.78195956353346,,,,,,,,,,,,,,
INDUSTRIALS,BA.L,KIE.L,BAE SYSTEMS PLC ORD 2.5P,KIER GROUP PLC ORD 1P,-2.4269576232222785,0.13427191099454744,0.05,,False,1.01793146934552,2.1361531547140684,,,,,,,,,,,,,,
INDUSTRIALS,KIE.L,MRO.L,KIER GROUP PLC ORD 1P,MELROSE INDUSTRIES PLC ORD GBP0,-2.3906191208054244,0.14440161656994638,0.05,,False,2.5600581416988937,-10.91188605677204,,,,,,,,,,,,,,
INDUSTRIALS,BKG.L,MGNS.L,BERKELEY GROUP HOLDINGS (THE) P,MORGAN SINDALL GROUP PLC ORD 5P,-2.35438848849252,0.15502572826975702,0.05,,False,-0.5375317880225644,12.744439718124468,,,,,,,,,,,,,,
INDUSTRIALS,BKG.L,SPX.L,BERKELEY GROUP HOLDINGS (THE) P,SPIRAX GROUP PLC ORD 26 12/13P,-2.3498453935470223,0.15639514990523473,0.05,,False,1.9565328238952504,-9.019002894772335,,,,,,,,,,,,,,
INDUSTRIALS,BKG.L,MRO.L,BERKELEY GROUP HOLDINGS (THE) P,MELROSE INDUSTRIES PLC ORD GBP0,-2.33308675683182,0.16151873075391154,0.05,,False,-1.213438215523444,15.917805843295003,,,,,,,,,,,,,,
INDUSTRIALS,BA.L,WEIR.L,BAE SYSTEMS PLC ORD 2.5P,WEIR PLC ORD 12.5P,-2.3172053042978527,0.1664789462402666,0.05,,False,1.455556025378535,-3.9670969206160906,,,,,,,,,,,,,,
INDUSTRIALS,MRO.L,SPX.L,MELROSE INDUSTRIES PLC ORD GBP0,SPIRAX GROUP PLC ORD 26 12/13P,-2.302548310694318,0.1711474078036136,0.05,,False,1.6566032979103662,-8.374726559436354,,,,,,,,,,,,,,
INDUSTRIALS,IMI.L,SMIN.L,IMI PLC ORD 28 4/7P,SMITHS GROUP PLC ORD 37.5P,-2.2858743524129705,0.17656425359512407,0.05,,False,1.089848632554654,-0.6687788294303854,,,,,,,,,,,,,,
INDUSTRIALS,HILS.L,SPX.L,HILL & SMITH PLC ORD 25P,SPIRAX GROUP PLC ORD 26 12/13P,-2.255281441313498,0.18679625299633634,0.05,,False,1.4755070339713945,-5.413554876941395,,,,,,,,,,,,,,
INDUSTRIALS,BA.L,MRO.L,BAE SYSTEMS PLC ORD 2.5P,MELROSE INDUSTRIES PLC ORD GBP0,-2.2495297790873114,0.18876230111440723,0.05,,False,8.944566381008311,-48.800162166837275,,,,,,,,,,,,,,
INDUSTRIALS,MGNS.L,WEIR.L,MORGAN SINDALL GROUP PLC ORD 5P,WEIR PLC ORD 12.5P,-2.248682604727021,0.18905301614203035,0.05,,False,1.267751117981821,-1.6222599282944294,,,,,,,,,,,,,,
INDUSTRIALS,DPLM.L,MGNS.L,DIPLOMA PLC ORD 5P,MORGAN SINDALL GROUP PLC ORD 5P,-2.222657564011151,0.1981250715075451,0.05,,False,0.8590670238199793,1.396022801107879,,,,,,,,,,,,,,
INDUSTRIALS,BBY.L,MRO.L,BALFOUR BEATTY PLC ORD 50P,MELROSE INDUSTRIES PLC ORD GBP0,-2.1807311036191153,0.2133131312634075,0.05,,False,5.616972518467744,-28.9789582992645,,,,,,,,,,,,,,
INDUSTRIALS,BKG.L,SMIN.L,BERKELEY GROUP HOLDINGS (THE) P,SMITHS GROUP PLC ORD 37.5P,-2.169195212493899,0.21761513427187762,0.05,,False,-0.6543291633198522,13.30374756521654,,,,,,,,,,,,,,
INDUSTRIALS,MRO.L,SMIN.L,MELROSE INDUSTRIES PLC ORD GBP0,SMITHS GROUP PLC ORD 37.5P,-2.1069391401705673,0.2417335088262338,0.05,,False,0.5316659317724545,2.212223630729744,,,,,,,,,,,,,,
INDUSTRIALS,BKG.L,WEIR.L,BERKELEY GROUP HOLDINGS (THE) P,WEIR PLC ORD 12.5P,-2.0963878437120083,0.24596954625216144,0.05,,False,-0.6900905337072886,13.68390208729527,,,,,,,,,,,,,,
INDUSTRIALS,BBY.L,MGNS.L,BALFOUR BEATTY PLC ORD 50P,MORGAN SINDALL GROUP PLC ORD 5P,-2.0558522892713786,0.26263291883660966,0.05,,False,1.4263873256062058,-5.4964930304278985,,,,,,,,,,,,,,
INDUSTRIALS,BKG.L,DPLM.L,BERKELEY GROUP HOLDINGS (THE) P,DIPLOMA PLC ORD 5P,-2.039723272526015,0.2694318790875472,0.05,,False,-0.6237124604536644,13.600905086471517,,,,,,,,,,,,,,
INDUSTRIALS,BA.L,BKG.L,BAE SYSTEMS PLC ORD 2.5P,BERKELEY GROUP HOLDINGS (THE) P,-2.024150471329713,0.27608536696479336,0.05,,False,-2.3026734969977936,26.4996250217964,,,,,,,,,,,,,,
INDUSTRIALS,BKG.L,IMI.L,BERKELEY GROUP HOLDINGS (THE) P,IMI PLC ORD 28 4/7P,-2.007760059450959,0.2831809833437836,0.05,,False,-0.5602038784782147,12.59375422105948,,,,,,,,,,,,,,
INDUSTRIALS,BA.L,BBY.L,BAE SYSTEMS PLC ORD 2.5P,BALFOUR BEATTY PLC ORD 50P,-1.9662866301524982,0.3015479916111213,0.05,,False,0.7725389875173476,2.5243255803647147,,,,,,,,,,,,,,
INDUSTRIALS,BBY.L,HILS.L,BALFOUR BEATTY PLC ORD 50P,HILL & SMITH PLC ORD 25P,-1.916265584929644,0.32444837870831145,0.05,,False,2.731637606684457,-14.560536381489964,,,,,,,,,,,,,,
INDUSTRIALS,IMI.L,KIE.L,IMI PLC ORD 28 4/7P,KIER GROUP PLC ORD 1P,-1.9051230099415313,0.32965493651487277,0.05,,False,0.8579485417277181,3.2375936978737334,,,,,,,,,,,,,,
INDUSTRIALS,BBY.L,BKG.L,BALFOUR BEATTY PLC ORD 50P,BERKELEY GROUP HOLDINGS (THE) P,-1.9049637067380765,0.3297296415853736,0.05,,False,-2.881545641664566,30.21247854917717,,,,,,,,,,,,,,
INDUSTRIALS,BKG.L,KIE.L,BERKELEY GROUP HOLDINGS (THE) P,KIER GROUP PLC ORD 1P,-1.9045424451171076,0.32992722789975193,0.05,,False,-0.33526454632795294,10.027897201822299,,,,,,,,,,,,,,
INDUSTRIALS,IMI.L,MRO.L,IMI PLC ORD 28 4/7P,MELROSE INDUSTRIES PLC ORD GBP0,-1.903273237581036,0.33052284673325005,0.05,,False,2.53345990904086,-8.242178758865853,,,,,,,,,,,,,,
INDUSTRIALS,HILS.L,IMI.L,HILL & SMITH PLC ORD 25P,IMI PLC ORD 28 4/7P,-1.8936095109362248,0.33507334481941686,0.05,,False,0.5708759557294221,3.2597428321181514,,,,,,,,,,,,,,
INDUSTRIALS,DPLM.L,MRO.L,DIPLOMA PLC ORD 5P,MELROSE INDUSTRIES PLC ORD GBP0,-1.8683398640041295,0.34709842178813133,0.05,,False,2.9877781706763757,-10.263817178293689,,,,,,,,,,,,,,
INDUSTRIALS,BKG.L,BNZL.L,BERKELEY GROUP HOLDINGS (THE) P,BUNZL PLC ORD 32 1/7P,-1.856946322406526,0.3525778851086918,0.05,,False,0.4368319099511852,4.846838752603281,,,,,,,,,,,,,,
INDUSTRIALS,KIE.L,WEIR.L,KIER GROUP PLC ORD 1P,WEIR PLC ORD 12.5P,-1.8413516981985372,0.36013344944875464,0.05,,False,1.4056197075355095,-5.805946492530219,,,,,,,,,,,,,,
INDUSTRIALS,DPLM.L,KIE.L,DIPLOMA PLC ORD 5P,KIER GROUP PLC ORD 1P,-1.8198804148183951,0.3706372392276966,0.05,,False,0.7879990184334618,4.432614980536358,,,,,,,,,,,,,,
INDUSTRIALS,BNZL.L,IMI.L,BUNZL PLC ORD 32 1/7P,IMI PLC ORD 28 4/7P,-1.6671000303737684,0.4481382357382839,0.05,,False,-1.1321082386391368,16.5803583341928,,,,,,,,,,,,,,
INDUSTRIALS,BBY.L,KIE.L,BALFOUR BEATTY PLC ORD 50P,KIER GROUP PLC ORD 1P,-1.6495545785006298,0.4572727356585079,0.05,,False,1.2900610991077488,-0.3597402580361795,,,,,,,,,,,,,,
INDUSTRIALS,BKG.L,HILS.L,BERKELEY GROUP HOLDINGS (THE) P,HILL & SMITH PLC ORD 25P,-1.5141845139460428,0.5264831577076475,0.05,,False,-1.5598808837253986,20.214196161525685,,,,,,,,,,,,,,
INDUSTRIALS,SMIN.L,WEIR.L,SMITHS GROUP PLC ORD 37.5P,WEIR PLC ORD 12.5P,-1.4397490997505187,0.5630786260768768,0.05,,False,1.0833624989937476,-0.8052491555359103,,,,,,,,,,,,,,
INDUSTRIALS,BA.L,IMI.L,BAE SYSTEMS PLC ORD 2.5P,IMI PLC ORD 28 4/7P,-1.4305807388780272,0.5675307297450071,0.05,,False,1.2011251620600265,-1.8176539945886825,,,,,,,,,,,,,,
INDUSTRIALS,BBY.L,BNZL.L,BALFOUR BEATTY PLC ORD 50P,BUNZL PLC ORD 32 1/7P,-1.4197162175500755,0.5727882723673318,0.05,,False,-1.3975411328259246,17.34104800229299,,,,,,,,,,,,,,
INDUSTRIALS,HILS.L,MGNS.L,HILL & SMITH PLC ORD 25P,MORGAN SINDALL GROUP PLC ORD 5P,-1.415826515398083,0.5746656113162228,0.05,,False,0.38946333068550737,4.417140889306465,,,,,,,,,,,,,,
INDUSTRIALS,DPLM.L,SMIN.L,DIPLOMA PLC ORD 5P,SMITHS GROUP PLC ORD 37.5P,-1.4108474658168928,0.5770648005131604,0.05,,False,1.0222575474260935,0.6818900161432166,,,,,,,,,,,,,,
INDUSTRIALS,HILS.L,KIE.L,HILL & SMITH PLC ORD 25P,KIER GROUP PLC ORD 1P,-1.3406048860146602,0.6103969774693063,0.05,,False,0.41494708595546664,5.495226620706891,,,,,,,,,,,,,,
INDUSTRIALS,BNZL.L,DPLM.L,BUNZL PLC ORD 32 1/7P,DIPLOMA PLC ORD 5P,-1.3315496625683074,0.6146175855529905,0.05,,False,-1.2855474190270728,18.82925780265608,,,,,,,,,,,,,,
INDUSTRIALS,BA.L,DPLM.L,BAE SYSTEMS PLC ORD 2.5P,DIPLOMA PLC ORD 5P,-1.2134164466448043,0.6677978313698067,0.05,,False,1.348153507723809,-4.069494234095944,,,,,,,,,,,,,,
INDUSTRIALS,HILS.L,SMIN.L,HILL & SMITH PLC ORD 25P,SMITHS GROUP PLC ORD 37.5P,-1.143591797662019,0.6973788060179696,0.05,,False,0.5391713618481518,3.51351346856747,,,,,,,,,,,,,,
INDUSTRIALS,BNZL.L,HILS.L,BUNZL PLC ORD 32 1/7P,HILL & SMITH PLC ORD 25P,-1.0887217987102549,0.7195485013644806,0.05,,False,-3.9323639276061164,37.94155865978496,,,,,,,,,,,,,,
INDUSTRIALS,BA.L,HILS.L,BAE SYSTEMS PLC ORD 2.5P,HILL & SMITH PLC ORD 25P,-0.8602333489065789,0.8007860133813807,0.05,,False,3.642512091931242,-20.433888663483987,,,,,,,,,,,,,,
INDUSTRIALS,IMI.L,WEIR.L,IMI PLC ORD 28 4/7P,WEIR PLC ORD 12.5P,-0.6192020912626731,0.866583843089151,0.05,,False,1.1955732168128357,-1.6625544021903327,,,,,,,,,,,,,,
INDUSTRIALS,BBY.L,WEIR.L,BALFOUR BEATTY PLC ORD 50P,WEIR PLC ORD 12.5P,-0.6107340793420197,0.8685380711170021,0.05,,False,1.8373218714628259,-8.037141292784494,,,,,,,,,,,,,,
INDUSTRIALS,DPLM.L,WEIR.L,DIPLOMA PLC ORD 5P,WEIR PLC ORD 12.5P,-0.31403867658723145,0.9234923674993121,0.05,,False,1.1469872066558748,-0.449934786634417,,,,,,,,,,,,,,
INDUSTRIALS,HILS.L,MRO.L,HILL & SMITH PLC ORD 25P,MELROSE INDUSTRIES PLC ORD GBP0,-0.3034470122707863,0.9250147113255673,0.05,,False,0.7353433635455005,3.021740020994849,,,,,,,,,,,,,,
INDUSTRIALS,HILS.L,WEIR.L,HILL & SMITH PLC ORD 25P,WEIR PLC ORD 12.5P,-0.18704468480547995,0.9400483410513815,0.05,,False,0.4982287629903494,3.7502854644280244,,,,,,,,,,,,,,
INVESTMENT_TRUSTS,ATT.L,FCIT.L,ALLIANZ TECHNOLOGY TRUST PLC OR,F&C INVESTMENT TRUST PLC ORD 6.,-4.012664498126796,0.0013456289179345454,0.05,,False,2.4472580545339926,-7.745391503774289,,,,,,,,,,,,,,
INVESTMENT_TRUSTS,FCIT.L,RCP.L,F&C INVESTMENT TRUST PLC ORD 6.,"""RIT Capital Partners""",-3.839289754824684,0.002529963063494824,0.05,,False,1.126706305534766,-2.9002731472835723,,,,,,,,,,,,,,
INVESTMENT_TRUSTS,ATT.L,RCP.L,ALLIANZ TECHNOLOGY TRUST PLC OR,"""RIT Capital Partners""",-3.723230106071265,0.003798016640002585,0.05,,False,2.8219361073018985,-15.334131340669611,,,,,,,,,,,,,,
INVESTMENT_TRUSTS,PCT.L,RCP.L,POLAR CAPITAL TECHNOLOGY TRUST ,"""RIT Capital Partners""",-3.49449342799592,0.008129645826156195,0.05,,False,3.5423566211938455,-20.947880981136763,,,,,,,,,,,,,,
INVESTMENT_TRUSTS,FCIT.L,PCT.L,F&C INVESTMENT TRUST PLC ORD 6.,POLAR CAPITAL TECHNOLOGY TRUST ,-3.426034699476514,0.010102728062216626,0.05,,False,0.32532680662721386,3.719142747644759,,,,,,,,,,,,,,
INVESTMENT_TRUSTS,MNKS.L,RCP.L,MONKS INVESTMENT TRUST PLC ORD ,"""RIT Capital Partners""",-3.3841026083525194,0.011512899150305879,0.05,,False,1.544602470942532,-4.544494590312616,,,,,,,,,,,,,,
INVESTMENT_TRUSTS,HGT.L,SMT.L,HG CAPITAL TRUST PLC ORD 2.5P,SCOTTISH MORTGAGE INVESTMENT TR,-3.275219485314486,0.016023160704731497,0.05,,False,-0.6248831224008541,10.523652069565866,,,,,,,,,,,,,,
INVESTMENT_TRUSTS,BRWM.L,RCP.L,BLACKROCK WORLD MINING TRUST PL,"""RIT Capital Partners""",-3.272345532439032,0.016160801635881013,0.05,,False,3.927745487065792,-23.41916177668555,,,,,,,,,,,,,,
INVESTMENT_TRUSTS,JAM.L,JGGI.L,JPMORGAN AMERICAN INVESTMENT TR,JPMORGAN GLOBAL GROWTH & INCOME,-3.2656198944102344,0.016486975676310113,0.05,,False,1.8748051321720722,-4.909744554431379,,,,,,,,,,,,,,
INVESTMENT_TRUSTS,FCIT.L,HGT.L,F&C INVESTMENT TRUST PLC ORD 6.,HG CAPITAL TRUST PLC ORD 2.5P,-3.2117844440552084,0.01931260284727004,0.05,,False,-0.6409637280341453,9.621984832203003,,,,,,,,,,,,,,
INVESTMENT_TRUSTS,3IN.L,BRWM.L,3I INFRASTRUCTURE PLC ORD NPV,BLACKROCK WORLD MINING TRUST PL,-3.165756877835655,0.022054355589042722,0.05,,False,0.1625284975214846,4.789731472860374,,,,,,,,,,,,,,
INVESTMENT_TRUSTS,3IN.L,ATT.L,3I INFRASTRUCTURE PLC ORD NPV,ALLIANZ TECHNOLOGY TRUST PLC OR,-3.080355693839165,0.028041526133850976,0.05,,False,0.2070671865217013,4.569435614086076,,,,,,,,,,,,,,
INVESTMENT_TRUSTS,3IN.L,MNKS.L,3I INFRASTRUCTURE PLC ORD NPV,MONKS INVESTMENT TRUST PLC ORD ,-3.0063094728702207,0.03430936136781676,0.05,,False,0.404300218597356,2.926356793468101,,,,,,,,,,,,,,
INVESTMENT_TRUSTS,3IN.L,HGT.L,3I INFRASTRUCTURE PLC ORD NPV,HG CAPITAL TRUST PLC ORD 2.5P,-2.986214562612744,0.03620199625416574,0.05,,False,-0.2724923915328916,7.5185251804894095,,,,,,,,,,,,,,
INVESTMENT_TRUSTS,JGGI.L,RCP.L,JPMORGAN GLOBAL GROWTH & INCOME,"""RIT Capital Partners""",-2.9665684618907737,0.038136642173996524,0.05,,False,0.3415648939689984,3.743919116687488,,,,,,,,,,,,,,
INVESTMENT_TRUSTS,3IN.L,PCT.L,3I INFRASTRUCTURE PLC ORD NPV,POLAR CAPITAL TECHNOLOGY TRUST ,-2.909824885310549,0.04421736780042194,0.05,,False,0.16567217190723552,4.845416614286101,,,,,,,,,,,,,,
INVESTMENT_TRUSTS,RCP.L,SMT.L,"""RIT Capital Partners""",SCOTTISH MORTGAGE INVESTMENT TR,-2.900546784894199,0.04528445076552506,0.05,,False,0.4291933964500848,4.614292299367333,,,,,,,,,,,,,,
INVESTMENT_TRUSTS,3IN.L,CTY.L,3I INFRASTRUCTURE PLC ORD NPV,CITY OF LONDON INVESTMENT TRUST,-2.8689314678220024,0.04908196628552268,0.05,,False,0.48199585349941815,2.856807805418689,,,,,,,,,,,,,,
INVESTMENT_TRUSTS,3IN.L,JGGI.L,3I INFRASTRUCTURE PLC ORD NPV,JPMORGAN GLOBAL GROWTH & INCOME,-2.8338253553089507,0.05360213705823993,0.05,,False,2.7594708565328214,-11.659935401820626,,,,,,,,,,,,,,
INVESTMENT_TRUSTS,HGT.L,MNKS.L,HG CAPITAL TRUST PLC ORD 2.5P,MONKS INVESTMENT TRUST PLC ORD ,-2.7773855675982277,0.06157739316828448,0.05,,False,-1.0100204438409328,13.443356563955685,,,,,,,,,,,,,,
INVESTMENT_TRUSTS,FCIT.L,SMT.L,F&C INVESTMENT TRUST PLC ORD 6.,SCOTTISH MORTGAGE INVESTMENT TR,-2.772824990344851,0.06226159563451524,0.05,,False,0.5081610090667649,2.1275550819162965,,,,,,,,,,,,,,
INVESTMENT_TRUSTS,HGT.L,JAM.L,HG CAPITAL TRUST PLC ORD 2.5P,JPMORGAN AMERICAN INVESTMENT TR,-2.7582048575448965,0.06449636029878221,0.05,,False,-2.5609605809906997,24.04259663836847,,,,,,,,,,,,,,
INVESTMENT_TRUSTS,3IN.L,RCP.L,3I INFRASTRUCTURE PLC ORD NPV,"""RIT Capital Partners""",-2.652209399137919,0.08267944572933533,0.05,,False,0.6577651703495613,0.8360210827212633,,,,,,,,,,,,,,
INVESTMENT_TRUSTS,FCIT.L,JGGI.L,F&C INVESTMENT TRUST PLC ORD 6.,JPMORGAN GLOBAL GROWTH & INCOME,-2.6376538791359003,0.08546197761545204,0.05,,False,2.934825468965849,-12.943353899431115,,,,,,,,,,,,,,
INVESTMENT_TRUSTS,CTY.L,MNKS.L,CITY OF LONDON INVESTMENT TRUST,MONKS INVESTMENT TRUST PLC ORD ,-2.6266773367652294,0.08760799218046278,0.05,,False,0.8812271977242438,-0.1610190326407821,,,,,,,,,,,,,,
INVESTMENT_TRUSTS,3IN.L,FCIT.L,3I INFRASTRUCTURE PLC ORD NPV,F&C INVESTMENT TRUST PLC ORD 6.,-2.6181094670996816,0.08931187270533042,0.05,,False,0.5391347033958128,2.782159646542246,,,,,,,,,,,,,,
INVESTMENT_TRUSTS,BRWM.L,JGGI.L,BLACKROCK WORLD MINING TRUST PL,JPMORGAN GLOBAL GROWTH & INCOME,-2.5797794332892523,0.09724887673876459,0.05,,False,15.807404860265075,-93.786572729185,,,,,,,,,,,,,,
INVESTMENT_TRUSTS,JGGI.L,PCT.L,JPMORGAN GLOBAL GROWTH & INCOME,POLAR CAPITAL TECHNOLOGY TRUST ,-2.5693971917513863,0.09948862402220698,0.05,,False,0.0920258137404476,5.790071711423318,,,,,,,,,,,,,,
INVESTMENT_TRUSTS,HGT.L,JGGI.L,HG CAPITAL TRUST PLC ORD 2.5P,JPMORGAN GLOBAL GROWTH & INCOME,-2.537726898603441,0.10656267094908384,0.05,,False,-13.640010923245065,92.65672630894882,,,,,,,,,,,,,,
INVESTMENT_TRUSTS,ATT.L,PCT.L,ALLIANZ TECHNOLOGY TRUST PLC OR,POLAR CAPITAL TECHNOLOGY TRUST ,-2.518240915083584,0.11109895871089659,0.05,,False,0.8042223241562396,1.308093319573012,,,,,,,,,,,,,,
INVESTMENT_TRUSTS,JGGI.L,MNKS.L,JPMORGAN GLOBAL GROWTH & INCOME,MONKS INVESTMENT TRUST PLC ORD ,-2.5079201747430924,0.11355913452354649,0.05,,False,0.23344281726891894,4.660281980092243,,,,,,,,,,,,,,
INVESTMENT_TRUSTS,ATT.L,JGGI.L,ALLIANZ TECHNOLOGY TRUST PLC OR,JPMORGAN GLOBAL GROWTH & INCOME,-2.476209123642275,0.1213707239838328,0.05,,False,8.296768203244062,-46.48738876972562,,,,,,,,,,,,,,
INVESTMENT_TRUSTS,3IN.L,SMT.L,3I INFRASTRUCTURE PLC ORD NPV,SCOTTISH MORTGAGE INVESTMENT TR,-2.4720045495433287,0.12243534241571696,0.05,,False,0.2309275423321107,4.228762953244199,,,,,,,,,,,,,,
INVESTMENT_TRUSTS,JGGI.L,SMT.L,JPMORGAN GLOBAL GROWTH & INCOME,SCOTTISH MORTGAGE INVESTMENT TR,-2.4623304309677194,0.12491077099031472,0.05,,False,0.13074258016865956,5.430351947343045,,,,,,,,,,,,,,
INVESTMENT_TRUSTS,CTY.L,JGGI.L,CITY OF LONDON INVESTMENT TRUST,JPMORGAN GLOBAL GROWTH & INCOME,-2.4590228281025968,0.12576543205449137,0.05,,False,10.21645272343254,-58.594758685154694,,,,,,,,,,,,,,
INVESTMENT_TRUSTS,HGT.L,PCT.L,HG CAPITAL TRUST PLC ORD 2.5P,POLAR CAPITAL TECHNOLOGY TRUST ,-2.4094020029924677,0.13910032811173673,0.05,,False,-0.3844949221296975,8.473455262845595,,,,,,,,,,,,,,
INVESTMENT_TRUSTS,FCIT.L,MNKS.L,F&C INVESTMENT TRUST PLC ORD 6.,MONKS INVESTMENT TRUST PLC ORD ,-2.393324282761449,0.14362945237383695,0.05,,False,0.7411001336023316,0.33083348886672415,,,,,,,,,,,,,,
INVESTMENT_TRUSTS,CTY.L,RCP.L,CITY OF LONDON INVESTMENT TRUST,"""RIT Capital Partners""",-2.382965257439602,0.14660217227676703,0.05,,False,1.4003630699447625,-4.463864433525001,,,,,,,,,,,,,,
INVESTMENT_TRUSTS,ATT.L,CTY.L,ALLIANZ TECHNOLOGY TRUST PLC OR,CITY OF LONDON INVESTMENT TRUST,-2.3804511251650533,0.14733011864029127,0.05,,False,2.1781866481129537,-7.346559645877195,,,,,,,,,,,,,,
INVESTMENT_TRUSTS,ATT.L,HGT.L,ALLIANZ TECHNOLOGY TRUST PLC OR,HG CAPITAL TRUST PLC ORD 2.5P,-2.3332668928608125,0.16146305479252637,0.05,,False,-2.106179914633356,19.121269987164286,,,,,,,,,,,,,,
INVESTMENT_TRUSTS,CTY.L,HGT.L,CITY OF LONDON INVESTMENT TRUST,HG CAPITAL TRUST PLC ORD 2.5P,-2.2766828330681617,0.17959852400471227,0.05,,False,-0.8516001198598072,11.439153932670745,,,,,,,,,,,,,,
INVESTMENT_TRUSTS,3IN.L,PSH.L,3I INFRASTRUCTURE PLC ORD NPV,PERSHING SQUARE HOLDINGS LTD OR,-2.258930724000586,0.1855557933969329,0.05,,False,0.36764922544154616,2.779404002647236,,,,,,,,,,,,,,
INVESTMENT_TRUSTS,BRWM.L,CTY.L,BLACKROCK WORLD MINING TRUST PL,CITY OF LONDON INVESTMENT TRUST,-2.2509167792117717,0.18828696751547536,0.05,,False,2.8630638023625963,-11.258993730754572,,,,,,,,,,,,,,
INVESTMENT_TRUSTS,3IN.L,JAM.L,3I INFRASTRUCTURE PLC ORD NPV,JPMORGAN AMERICAN INVESTMENT TR,-2.2370412138748104,0.1930772640443097,0.05,,False,0.5649330514943859,1.8944304379686074,,,,,,,,,,,,,,
INVESTMENT_TRUSTS,BRWM.L,FCIT.L,BLACKROCK WORLD MINING TRUST PL,F&C INVESTMENT TRUST PLC ORD 6.,-2.2279483696127524,0.1962586088599536,0.05,,False,3.675839359031274,-14.383786175106483,,,,,,,,,,,,,,
INVESTMENT_TRUSTS,ATT.L,MNKS.L,ALLIANZ TECHNOLOGY TRUST PLC OR,MONKS INVESTMENT TRUST PLC ORD ,-2.17723699700698,0.21461058851206855,0.05,,False,1.8189171815642742,-6.973568424801978,,,,,,,,,,,,,,
INVESTMENT_TRUSTS,BRWM.L,HGT.L,BLACKROCK WORLD MINING TRUST PL,HG CAPITAL TRUST PLC ORD 2.5P,-2.1163898958273175,0.23797541678707773,0.05,,False,-2.826526960881201,23.889788311912824,,,,,,,,,,,,,,
INVESTMENT_TRUSTS,HGT.L,RCP.L,HG CAPITAL TRUST PLC ORD 2.5P,"""RIT Capital Partners""",-2.105741510085105,0.24221218778567188,0.05,,False,-1.8499535977479835,20.23688022526717,,,,,,,,,,,,,,
INVESTMENT_TRUSTS,BRWM.L,MNKS.L,BLACKROCK WORLD MINING TRUST PL,MONKS INVESTMENT TRUST PLC ORD ,-2.099678048859952,0.24464407938020405,0.05,,False,2.6614616265345385,-12.716425532598823,,,,,,,,,,,,,,
INVESTMENT_TRUSTS,PCT.L,SMT.L,POLAR CAPITAL TECHNOLOGY TRUST ,SCOTTISH MORTGAGE INVESTMENT TR,-2.0913318782945964,0.24801435172774705,0.05,,False,1.5666423297406211,-4.924573364396319,,,,,,,,,,,,,,
INVESTMENT_TRUSTS,ATT.L,SMT.L,ALLIANZ TECHNOLOGY TRUST PLC OR,SCOTTISH MORTGAGE INVESTMENT TR,-2.0677957653764025,0.25765964284597265,0.05,,False,1.2501979695776606,-2.584630516500506,,,,,,,,,,,,,,
INVESTMENT_TRUSTS,BRWM.L,JAM.L,BLACKROCK WORLD MINING TRUST PL,JPMORGAN AMERICAN INVESTMENT TR,-2.0607663539586834,0.26058033627380417,0.05,,False,5.812565142229864,-34.11740676941827,,,,,,,,,,,,,,
INVESTMENT_TRUSTS,JAM.L,RCP.L,JPMORGAN AMERICAN INVESTMENT TR,"""RIT Capital Partners""",-2.0577249905914536,0.2618496544542407,0.05,,False,0.9320811775006167,-0.10810415001293183,,,,,,,,,,,,,,
INVESTMENT_TRUSTS,CTY.L,SMT.L,CITY OF LONDON INVESTMENT TRUST,SCOTTISH MORTGAGE INVESTMENT TR,-2.024874992067992,0.27577389707223326,0.05,,False,0.5862359602367405,2.1007656671060895,,,,,,,,,,,,,,
INVESTMENT_TRUSTS,MNKS.L,PCT.L,MONKS INVESTMENT TRUST PLC ORD ,POLAR CAPITAL TECHNOLOGY TRUST ,-1.9730035456538497,0.29853408081929655,0.05,,False,0.437084104268642,4.583325142730409,,,,,,,,,,,,,,
INVESTMENT_TRUSTS,BRWM.L,SMT.L,BLACKROCK WORLD MINING TRUST PL,SCOTTISH MORTGAGE INVESTMENT TR,-1.9228533164913328,0.32138773195389125,0.05,,False,1.7887593066803749,-6.012274098267427,,,,,,,,,,,,,,
INVESTMENT_TRUSTS,JGGI.L,PSH.L,JPMORGAN GLOBAL GROWTH & INCOME,PERSHING SQUARE HOLDINGS LTD OR,-1.888406151738473,0.33753472487831493,0.05,,False,0.20008449275274018,4.676830242711101,,,,,,,,,,,,,,
INVESTMENT_TRUSTS,JAM.L,PCT.L,JPMORGAN AMERICAN INVESTMENT TR,POLAR CAPITAL TECHNOLOGY TRUST ,-1.8868360655627303,0.338278955352998,0.05,,False,0.2358325549218191,5.566993091009307,,,,,,,,,,,,,,
INVESTMENT_TRUSTS,FCIT.L,JAM.L,F&C INVESTMENT TRUST PLC ORD 6.,JPMORGAN AMERICAN INVESTMENT TR,-1.8860023526580807,0.3386744256479788,0.05,,False,1.2099037336311191,-2.7772477808848794,,,,,,,,,,,,,,
INVESTMENT_TRUSTS,CTY.L,PCT.L,CITY OF LONDON INVESTMENT TRUST,POLAR CAPITAL TECHNOLOGY TRUST ,-1.885857062377376,0.3387433640546546,0.05,,False,0.36883642828093827,3.97560167622905,,,,,,,,,,,,,,
INVESTMENT_TRUSTS,ATT.L,JAM.L,ALLIANZ TECHNOLOGY TRUST PLC OR,JPMORGAN AMERICAN INVESTMENT TR,-1.8430371114711497,0.35931383374716713,0.05,,False,3.284320173398716,-16.798264718470595,,,,,,,,,,,,,,
INVESTMENT_TRUSTS,JAM.L,MNKS.L,JPMORGAN AMERICAN INVESTMENT TR,MONKS INVESTMENT TRUST PLC ORD ,-1.8311563822652523,0.3651067642527053,0.05,,False,0.5827707322241377,2.783027819566705,,,,,,,,,,,,,,
INVESTMENT_TRUSTS,HGT.L,PSH.L,HG CAPITAL TRUST PLC ORD 2.5P,PERSHING SQUARE HOLDINGS LTD OR,-1.7691649473510205,0.3958742894511731,0.05,,False,-2.1950824943083265,24.424400753136226,,,,,,,,,,,,,,
INVESTMENT_TRUSTS,JAM.L,SMT.L,JPMORGAN AMERICAN INVESTMENT TR,SCOTTISH MORTGAGE INVESTMENT TR,-1.7054156267710492,0.42832436536824137,0.05,,False,0.36921561353724125,4.407355982693886,,,,,,,,,,,,,,
INVESTMENT_TRUSTS,CTY.L,JAM.L,CITY OF LONDON INVESTMENT TRUST,JPMORGAN AMERICAN INVESTMENT TR,-1.6658083707956155,0.4488095039633009,0.05,,False,1.874702989423506,-6.8990363533306,,,,,,,,,,,,,,
INVESTMENT_TRUSTS,MNKS.L,SMT.L,MONKS INVESTMENT TRUST PLC ORD ,SCOTTISH MORTGAGE INVESTMENT TR,-1.659739296572719,0.4519661757134989,0.05,,False,0.6798794455705048,2.464803437670821,,,,,,,,,,,,,,
INVESTMENT_TRUSTS,PSH.L,RCP.L,PERSHING SQUARE HOLDINGS LTD OR,"""RIT Capital Partners""",-1.613981955341928,0.47588570405069586,0.05,,False,1.564756573502251,-3.5805287093556775,,,,,,,,,,,,,,
INVESTMENT_TRUSTS,BRWM.L,PSH.L,BLACKROCK WORLD MINING TRUST PL,PERSHING SQUARE HOLDINGS LTD OR,-1.5747998080470533,0.4962388126574361,0.05,,False,4.654695252162737,-32.261597619290484,,,,,,,,,,,,,,
INVESTMENT_TRUSTS,CTY.L,FCIT.L,CITY OF LONDON INVESTMENT TRUST,F&C INVESTMENT TRUST PLC ORD 6.,-1.5683070215789738,0.49949156033446,0.05,,False,1.2360083806787632,-0.8202312130430691,,,,,,,,,,,,,,
INVESTMENT_TRUSTS,ATT.L,BRWM.L,ALLIANZ TECHNOLOGY TRUST PLC OR,BLACKROCK WORLD MINING TRUST PL,-1.5105517632626917,0.528285224655827,0.05,,False,0.7275893679708129,1.4328877270738385,,,,,,,,,,,,,,
INVESTMENT_TRUSTS,BRWM.L,PCT.L,BLACKROCK WORLD MINING TRUST PL,POLAR CAPITAL TECHNOLOGY TRUST ,-1.4612701098833834,0.5525761290702489,0.05,,False,1.073059697444508,0.021411382302513715,,,,,,,,,,,,,,
INVESTMENT_TRUSTS,CTY.L,PSH.L,CITY OF LONDON INVESTMENT TRUST,PERSHING SQUARE HOLDINGS LTD OR,-1.2808535198424158,0.6378856990327435,0.05,,False,0.9811743316284294,-1.976465132731314,,,,,,,,,,,,,,
INVESTMENT_TRUSTS,PSH.L,SMT.L,PERSHING SQUARE HOLDINGS LTD OR,SCOTTISH MORTGAGE INVESTMENT TR,-1.1781304837638775,0.6829319747041713,0.05,,False,0.46588332565780993,5.071426059930743,,,,,,,,,,,,,,
INVESTMENT_TRUSTS,MNKS.L,PSH.L,MONKS INVESTMENT TRUST PLC ORD ,PERSHING SQUARE HOLDINGS LTD OR,-1.1447041055951754,0.69691936031329,0.05,,False,1.148296750469356,-2.350117118131304,,,,,,,,,,,,,,
INVESTMENT_TRUSTS,PCT.L,PSH.L,POLAR CAPITAL TECHNOLOGY TRUST ,PERSHING SQUARE HOLDINGS LTD OR,-1.110954564415595,0.710683638923646,0.05,,False,3.882097004708195,-26.29644282073002,,,,,,,,,,,,,,
INVESTMENT_TRUSTS,JAM.L,PSH.L,JPMORGAN AMERICAN INVESTMENT TR,PERSHING SQUARE HOLDINGS LTD OR,-1.0069372805353618,0.7507256854387527,0.05,,False,0.5500801239453671,2.403766498370203,,,,,,,,,,,,,,
INVESTMENT_TRUSTS,ATT.L,PSH.L,ALLIANZ TECHNOLOGY TRUST PLC OR,PERSHING SQUARE HOLDINGS LTD OR,-0.8761792925974524,0.7957156802573699,0.05,,False,2.789635893612922,-17.076222454629022,,,,,,,,,,,,,,
INVESTMENT_TRUSTS,FCIT.L,PSH.L,F&C INVESTMENT TRUST PLC ORD 6.,PERSHING SQUARE HOLDINGS LTD OR,-0.3205180853109137,0.9225476677516792,0.05,,False,0.743475519097606,-0.516849354021284,,,,,,,,,,,,,,
MATERIALS,ANTO.L,HOC.L,ANTOFAGASTA PLC ORD 5P,HOCHSCHILD MINING PLC ORD 1P,-2.6335703083928976,0.08625553775433387,0.05,,False,0.6727198485455498,3.8781113575780104,,,,,,,,,,,,,,
MATERIALS,AAL.L,RIO.L,ANGLO AMERICAN PLC ORD USD0.623,RIO TINTO PLC ORD 10P,-2.502749454252537,0.11480678529345967,0.05,,False,1.146459464550819,-1.9763780186308484,,,,,,,,,,,,,,
MATERIALS,BHP.L,RIO.L,BHP GROUP LIMITED ORD NPV (DI),RIO TINTO PLC ORD 10P,-2.4393386592861104,0.13093971365868295,0.05,,False,0.9182288130252847,-0.18657973625539181,,,,,,,,,,,,,,
MATERIALS,CRDA.L,FRES.L,CRODA INTERNATIONAL PLC ORD 10.,FRESNILLO PLC ORD USD0.50,-2.372951409006785,0.14951663881050298,0.05,,False,-0.15443751122015298,9.159824711497427,,,,,,,,,,,,,,
MATERIALS,AAL.L,HOC.L,ANGLO AMERICAN PLC ORD USD0.623,HOCHSCHILD MINING PLC ORD 1P,-2.367618545987954,0.15108514248462968,0.05,,False,0.402109989843818,5.547576726402898,,,,,,,,,,,,,,
MATERIALS,FRES.L,JMAT.L,FRESNILLO PLC ORD USD0.50,JOHNSON MATTHEY PLC ORD 147 143,-2.366951491664503,0.15128214027669695,0.05,,False,4.416914586764742,-26.9528136125424,,,,,,,,,,,,,,
MATERIALS,FRES.L,HOC.L,FRESNILLO PLC ORD USD0.50,HOCHSCHILD MINING PLC ORD 1P,-2.3149124576055646,0.16720350418013386,0.05,,False,1.5473152574007218,-1.637790126269774,,,,,,,,,,,,,,
MATERIALS,CRDA.L,JMAT.L,CRODA INTERNATIONAL PLC ORD 10.,JOHNSON MATTHEY PLC ORD 147 143,-2.2702054312069473,0.18175740852930006,0.05,,False,-0.5908610374599047,12.615463551268926,,,,,,,,,,,,,,
MATERIALS,ANTO.L,JMAT.L,ANTOFAGASTA PLC ORD 5P,JOHNSON MATTHEY PLC ORD 147 143,-2.252570139722026,0.18772136813768076,0.05,,False,1.903986625713299,-7.001474793006777,,,,,,,,,,,,,,
MATERIALS,AAL.L,ANTO.L,ANGLO AMERICAN PLC ORD USD0.623,ANTOFAGASTA PLC ORD 5P,-2.224924531509748,0.1973239610594582,0.05,,False,0.6280293140598366,2.994907982421819,,,,,,,,,,,,,,
MATERIALS,CRDA.L,HOC.L,CRODA INTERNATIONAL PLC ORD 10.,HOCHSCHILD MINING PLC ORD 1P,-2.150341606299121,0.22475935538441738,0.05,,False,-0.2079875686939609,9.234757458298855,,,,,,,,,,,,,,
MATERIALS,GLEN.L,RIO.L,GLENCORE PLC ORD USD0.01,RIO TINTO PLC ORD 10P,-2.137904029057551,0.22954876623351272,0.05,,False,1.3489769605654955,-5.627167516456723,,,,,,,,,,,,,,
MATERIALS,AAL.L,BHP.L,ANGLO AMERICAN PLC ORD USD0.623,BHP GROUP LIMITED ORD NPV (DI),-2.119447680653358,0.23676683422731654,0.05,,False,1.2632285452957703,-1.856263999729416,,,,,,,,,,,,,,
MATERIALS,BHP.L,GLEN.L,BHP GROUP LIMITED ORD NPV (DI),GLENCORE PLC ORD USD0.01,-2.115196685320485,0.23844800643932706,0.05,,False,0.6852043328280583,3.616886074274447,,,,,,,,,,,,,,
MATERIALS,ANTO.L,FRES.L,ANTOFAGASTA PLC ORD 5P,FRESNILLO PLC ORD USD0.50,-2.0965601562582603,0.24590002777683795,0.05,,False,0.4234240118756111,4.672438844941512,,,,,,,,,,,,,,
MATERIALS,ANTO.L,CRDA.L,ANTOFAGASTA PLC ORD 5P,CRODA INTERNATIONAL PLC ORD 10.,-2.0640875796816736,0.25919810613545613,0.05,,False,-4.457011565524109,43.57629242982904,,,,,,,,,,,,,,
MATERIALS,HOC.L,JMAT.L,HOCHSCHILD MINING PLC ORD 1P,JOHNSON MATTHEY PLC ORD 147 143,-2.0565743950192976,0.26233074307106974,0.05,,False,3.099526051639686,-18.25769274714858,,,,,,,,,,,,,,
MATERIALS,AAL.L,CRDA.L,ANGLO AMERICAN PLC ORD USD0.623,CRODA INTERNATIONAL PLC ORD 10.,-2.01465772805252,0.28018340737872094,0.05,,False,-2.6068427585285727,28.816161575036226,,,,,,,,,,,,,,
MATERIALS,BHP.L,CRDA.L,BHP GROUP LIMITED ORD NPV (DI),CRODA INTERNATIONAL PLC ORD 10.,-1.9350396153924472,0.3157610865047445,0.05,,False,-4.466747052536335,43.60093100437199,,,,,,,,,,,,,,
MATERIALS,CRDA.L,RIO.L,CRODA INTERNATIONAL PLC ORD 10.,RIO TINTO PLC ORD 10P,-1.8757317759263614,0.3435623413920458,0.05,,False,-0.3394660670099848,10.951600045602058,,,,,,,,,,,,,,
MATERIALS,AAL.L,FRES.L,ANGLO AMERICAN PLC ORD USD0.623,FRESNILLO PLC ORD USD0.50,-1.8542003064662034,0.35390371076263016,0.05,,False,0.24368065645974002,6.090677304922829,,,,,,,,,,,,,,
MATERIALS,CRDA.L,GLEN.L,CRODA INTERNATIONAL PLC ORD 10.,GLENCORE PLC ORD USD0.01,-1.829794014396829,0.36577330259170077,0.05,,False,0.15109556228927315,7.1413268796219445,,,,,,,,,,,,,,
MATERIALS,AAL.L,GLEN.L,ANGLO AMERICAN PLC ORD USD0.623,GLENCORE PLC ORD USD0.01,-1.8056022837995664,0.37768388391109237,0.05,,False,0.8430807312756545,2.846381368822816,,,,,,,,,,,,,,
MATERIALS,AAL.L,JMAT.L,ANGLO AMERICAN PLC ORD USD0.623,JOHNSON MATTHEY PLC ORD 147 143,-1.7633390305444492,0.39880866404013726,0.05,,False,1.1667309228546423,-1.177413029134538,,,,,,,,,,,,,,
MATERIALS,HOC.L,RIO.L,HOCHSCHILD MINING PLC ORD 1P,RIO TINTO PLC ORD 10P,-1.6970824252455623,0.4326163226534302,0.05,,False,3.0164296053742916,-20.12935575286292,,,,,,,,,,,,,,
MATERIALS,GLEN.L,HOC.L,GLENCORE PLC ORD USD0.01,HOCHSCHILD MINING PLC ORD 1P,-1.670474663727051,0.4463854014732141,0.05,,False,0.33677378869058844,4.00949956398682,,,,,,,,,,,,,,
MATERIALS,GLEN.L,JMAT.L,GLENCORE PLC ORD USD0.01,JOHNSON MATTHEY PLC ORD 147 143,-1.6219195881735329,0.4717230751636724,0.05,,False,1.6137626652922055,-6.552970805750679,,,,,,,,,,,,,,
MATERIALS,ANTO.L,GLEN.L,ANTOFAGASTA PLC ORD 5P,GLENCORE PLC ORD USD0.01,-1.6094328729428045,0.47885352415879634,0.05,,False,1.4972706161050007,-1.157032624334228,,,,,,,,,,,,,,
MATERIALS,ANTO.L,BHP.L,ANTOFAGASTA PLC ORD 5P,BHP GROUP LIMITED ORD NPV (DI),-1.438946735224685,0.5634687961541673,0.05,,False,2.104565349829054,-8.440775119372232,,,,,,,,,,,,,,
MATERIALS,BHP.L,JMAT.L,BHP GROUP LIMITED ORD NPV (DI),JOHNSON MATTHEY PLC ORD 147 143,-1.4262078220546095,0.5696492843673691,0.05,,False,0.856033943884627,1.0607371297645498,,,,,,,,,,,,,,
MATERIALS,BHP.L,HOC.L,BHP GROUP LIMITED ORD NPV (DI),HOCHSCHILD MINING PLC ORD 1P,-1.4133794162374556,0.575845316774119,0.05,,False,0.2749947787174797,6.110010558240873,,,,,,,,,,,,,,
MATERIALS,JMAT.L,RIO.L,JOHNSON MATTHEY PLC ORD 147 143,RIO TINTO PLC ORD 10P,-1.40970599521713,0.577614198434473,0.05,,False,1.0196187364281903,-1.0021294673397332,,,,,,,,,,,,,,
MATERIALS,ANTO.L,RIO.L,ANTOFAGASTA PLC ORD 5P,RIO TINTO PLC ORD 10P,-1.4004825251530137,0.5820447680491756,0.05,,False,1.866151498761704,-8.26452202580244,,,,,,,,,,,,,,
MATERIALS,FRES.L,GLEN.L,FRESNILLO PLC ORD USD0.50,GLENCORE PLC ORD USD0.01,-1.2746191855943436,0.6407026121925895,0.05,,False,6.4706059776976925,-31.212412181630327,,,,,,,,,,,,,,
MATERIALS,BHP.L,FRES.L,BHP GROUP LIMITED ORD NPV (DI),FRESNILLO PLC ORD USD0.50,-1.1559213082421882,0.6922642365348365,0.05,,False,0.14910852063870492,6.608656446352867,,,,,,,,,,,,,,
MATERIALS,FRES.L,RIO.L,FRESNILLO PLC ORD USD0.50,RIO TINTO PLC ORD 10P,-1.0771734355376086,0.7240885123759551,0.05,,False,5.391832278762329,-38.99893093027924,,,,,,,,,,,,,,
NL_BANKS,ABN.AS,INGA.AS,ABN AMRO BANK N.V.,ING GROEP N.V.,-3.2826731715043045,0.015670974220784978,0.05,0.015670974220784978,True,1.4402353449859926,-1.1537398231396492,17.38481726954398,0.0001413789937250907,-0.03987083498278997,52.0,0.5236011113886855,2.7973129643086403,False,,0.6,-0.002051352436901026,0.05021269847653653,-0.3130888158837451,True,reversion signs agree
NL_SEMI_EQUIPMENT,ASML.AS,BESI.AS,ASML HOLDING,BE Semiconductor Industries N.V,-2.29006109311945,0.17519350616577983,0.05,,False,0.9252205139129881,2.1687755528382517,,,,,,,,,,,,,,
REAL_ESTATE,LMP.L,PHP.L,LONDONMETRIC PROPERTY PLC ORD 1,PRIMARY HEALTH PROPERTIES PLC O,-3.7855712205614203,0.0030584386460164926,0.05,,False,1.0086166811678028,0.6532214896592325,,,,,,,,,,,,,,
REAL_ESTATE,GPE.L,LMP.L,GREAT PORTLAND ESTATES PLC ORD ,LONDONMETRIC PROPERTY PLC ORD 1,-3.709273377008284,0.003984590531823372,0.05,,False,1.8939474888655747,-4.187115550575095,,,,,,,,,,,,,,
REAL_ESTATE,BLND.L,LAND.L,BRITISH LAND COMPANY PLC ORD 25,LAND SECURITIES GROUP PLC ORD 1,-3.3408818436956085,0.013147067138371422,0.05,,False,1.2664676716207062,-2.1574428551890987,,,,,,,,,,,,,,
REAL_ESTATE,BBOX.L,LAND.L,TRITAX BIG BOX REIT PLC ORD 1P,LAND SECURITIES GROUP PLC ORD 1,-3.332262598692376,0.013496505053038666,0.05,,False,1.1826470799953956,-2.5711413621909793,,,,,,,,,,,,,,
REAL_ESTATE,GPE.L,LAND.L,GREAT PORTLAND ESTATES PLC ORD ,LAND SECURITIES GROUP PLC ORD 1,-3.143583957147549,0.02349144871370231,0.05,,False,1.4637246736328247,-3.6050389768411524,,,,,,,,,,,,,,
REAL_ESTATE,LAND.L,SGRO.L,LAND SECURITIES GROUP PLC ORD 1,SEGRO PLC ORD 10P,-3.118318097621932,0.025226933957307476,0.05,,False,0.4348943799908366,3.5336669888861136,,,,,,,,,,,,,,
REAL_ESTATE,PHP.L,UTG.L,PRIMARY HEALTH PROPERTIES PLC O,UNITE GROUP PLC ORD 25P,-3.0377370584470196,0.03151738276947019,0.05,,False,-0.00292447714038828,4.580418646841872,,,,,,,,,,,,,,
REAL_ESTATE,DLN.L,PHP.L,DERWENT LONDON PLC ORD 5P,PRIMARY HEALTH PROPERTIES PLC O,-3.0005540058153097,0.03484269548321513,0.05,,False,8.421672280211133,-30.856998983056915,,,,,,,,,,,,,,
REAL_ESTATE,PHP.L,SGRO.L,PRIMARY HEALTH PROPERTIES PLC O,SEGRO PLC ORD 10P,-2.9895861721689556,0.03587843206509485,0.05,,False,0.16630736654274608,3.4650023899218008,,,,,,,,,,,,,,
REAL_ESTATE,DLN.L,LMP.L,DERWENT LONDON PLC ORD 5P,LONDONMETRIC PROPERTY PLC ORD 1,-2.9504758208723696,0.03978535688166759,0.05,,False,3.9192793057319015,-13.034810541853421,,,,,,,,,,,,,,
REAL_ESTATE,LAND.L,UTG.L,LAND SECURITIES GROUP PLC ORD 1,UNITE GROUP PLC ORD 25P,-2.9258743912352734,0.042420833266640035,0.05,,False,-0.003918857786748901,6.426000626325963,,,,,,,,,,,,,,
REAL_ESTATE,HMSO.L,LAND.L,HAMMERSON PLC ORD 5P,LAND SECURITIES GROUP PLC ORD 1,-2.921564951840932,0.04289714387678331,0.05,,False,2.1288287952129115,-7.928882649782635,,,,,,,,,,,,,,
REAL_ESTATE,LMP.L,UTG.L,LONDONMETRIC PROPERTY PLC ORD 1,UNITE GROUP PLC ORD 25P,-2.9118996516451885,0.04398162575608614,0.05,,False,0.035383221842214,5.021397653626166,,,,,,,,,,,,,,
REAL_ESTATE,GPE.L,PHP.L,GREAT PORTLAND ESTATES PLC ORD ,PRIMARY HEALTH PROPERTIES PLC O,-2.8881105924224197,0.04674814542082691,0.05,,False,2.2643532520160914,-4.56501182645906,,,,,,,,,,,,,,
REAL_ESTATE,LAND.L,PHP.L,LAND SECURITIES GROUP PLC ORD 1,PRIMARY HEALTH PROPERTIES PLC O,-2.810821452045169,0.056744549619519066,0.05,,False,1.4475620863176764,-0.20237457327423147,,,,,,,,,,,,,,
REAL_ESTATE,BLND.L,PHP.L,BRITISH LAND COMPANY PLC ORD 25,PRIMARY HEALTH PROPERTIES PLC O,-2.8021719417429622,0.05796419078916438,0.05,,False,1.9740005410293993,-3.0555521081760046,,,,,,,,,,,,,,
REAL_ESTATE,BLND.L,SGRO.L,BRITISH LAND COMPANY PLC ORD 25,SEGRO PLC ORD 10P,-2.764175674531174,0.06357602881377587,0.05,,False,0.6054132065577289,1.9577159136391078,,,,,,,,,,,,,,
REAL_ESTATE,LAND.L,LMP.L,LAND SECURITIES GROUP PLC ORD 1,LONDONMETRIC PROPERTY PLC ORD 1,-2.7291470236085087,0.06912893286017273,0.05,,False,1.314736317962536,-0.5070141417904006,,,,,,,,,,,,,,
REAL_ESTATE,BBOX.L,PHP.L,TRITAX BIG BOX REIT PLC ORD 1P,PRIMARY HEALTH PROPERTIES PLC O,-2.6742578750645127,0.07859968761083112,0.05,,False,1.8307760079362183,-3.3524469148467144,,,,,,,,,,,,,,
REAL_ESTATE,LMP.L,SGRO.L,LONDONMETRIC PROPERTY PLC ORD 1,SEGRO PLC ORD 10P,-2.6732377954121174,0.07878488810003659,0.05,,False,0.3122268160219227,3.1957002428035177,,,,,,,,,,,,,,
REAL_ESTATE,BLND.L,LMP.L,BRITISH LAND COMPANY PLC ORD 25,LONDONMETRIC PROPERTY PLC ORD 1,-2.667259389125473,0.0798771881085335,0.05,,False,1.7869346265630457,-3.4397993690282,,,,,,,,,,,,,,
REAL_ESTATE,HMSO.L,PHP.L,HAMMERSON PLC ORD 5P,PRIMARY HEALTH PROPERTIES PLC O,-2.654943260152499,0.08216478922448694,0.05,,False,4.618031042725688,-15.36764212232284,,,,,,,,,,,,,,
REAL_ESTATE,BBOX.L,BLND.L,TRITAX BIG BOX REIT PLC ORD 1P,BRITISH LAND COMPANY PLC ORD 25,-2.5144066115399846,0.1120082740107976,0.05,,False,0.9090597687277455,-0.4092339296625438,,,,,,,,,,,,,,
REAL_ESTATE,BBOX.L,UTG.L,TRITAX BIG BOX REIT PLC ORD 1P,UNITE GROUP PLC ORD 25P,-2.4716954091797927,0.12251388691673737,0.05,,False,-0.04725228877366027,5.308395634578707,,,,,,,,,,,,,,
REAL_ESTATE,HMSO.L,LMP.L,HAMMERSON PLC ORD 5P,LONDONMETRIC PROPERTY PLC ORD 1,-2.4672429017447395,0.12364924166058133,0.05,,False,3.9381798462216318,-14.993978639285777,,,,,,,,,,,,,,
REAL_ESTATE,HMSO.L,UTG.L,HAMMERSON PLC ORD 5P,UNITE GROUP PLC ORD 25P,-2.4598771064689466,0.12554428631126674,0.05,,False,-0.27388550006616047,7.494642899114375,,,,,,,,,,,,,,
REAL_ESTATE,DLN.L,LAND.L,DERWENT LONDON PLC ORD 5P,LAND SECURITIES GROUP PLC ORD 1,-2.453707769310505,0.12714769908898826,0.05,,False,3.2454327847561406,-13.215577513360543,,,,,,,,,,,,,,
REAL_ESTATE,GPE.L,UTG.L,GREAT PORTLAND ESTATES PLC ORD ,UNITE GROUP PLC ORD 25P,-2.384254001280016,0.1462300074257738,0.05,,False,0.037025611239894174,5.5200645002921815,,,,,,,,,,,,,,
REAL_ESTATE,BLND.L,UTG.L,BRITISH LAND COMPANY PLC ORD 25,UNITE GROUP PLC ORD 25P,-2.3495505171723265,0.15648432184950584,0.05,,False,0.020459458703665116,5.813943569237326,,,,,,,,,,,,,,
REAL_ESTATE,BLND.L,HMSO.L,BRITISH LAND COMPANY PLC ORD 25,HAMMERSON PLC ORD 5P,-2.344007389011691,0.15816711668902012,0.05,,False,0.5574984238238536,2.7726714785202176,,,,,,,,,,,,,,
REAL_ESTATE,BBOX.L,HMSO.L,TRITAX BIG BOX REIT PLC ORD 1P,HAMMERSON PLC ORD 5P,-2.2977515347659345,0.17269417182137148,0.05,,False,0.5842733872782523,1.6699834262552575,,,,,,,,,,,,,,
REAL_ESTATE,BBOX.L,SGRO.L,TRITAX BIG BOX REIT PLC ORD 1P,SEGRO PLC ORD 10P,-2.1803172960761783,0.21346653595850867,0.05,,False,0.5271614309537146,1.5233387537890648,,,,,,,,,,,,,,
REAL_ESTATE,BLND.L,GPE.L,BRITISH LAND COMPANY PLC ORD 25,GREAT PORTLAND ESTATES PLC ORD ,-2.0301321427605314,0.2735194462382393,0.05,,False,0.8547891186375995,1.0219765147685633,,,,,,,,,,,,,,
REAL_ESTATE,GPE.L,SGRO.L,GREAT PORTLAND ESTATES PLC ORD ,SEGRO PLC ORD 10P,-1.9783993511747855,0.2961237946043719,0.05,,False,0.5471356445569838,2.156753211082794,,,,,,,,,,,,,,
REAL_ESTATE,BBOX.L,GPE.L,TRITAX BIG BOX REIT PLC ORD 1P,GREAT PORTLAND ESTATES PLC ORD ,-1.9663958853080614,0.3014988493271725,0.05,,False,0.782572539476146,0.48800170532870624,,,,,,,,,,,,,,
REAL_ESTATE,BBOX.L,LMP.L,TRITAX BIG BOX REIT PLC ORD 1P,LONDONMETRIC PROPERTY PLC ORD 1,-1.9647894734124307,0.3022217981347196,0.05,,False,1.561287862774128,-3.2044828339010447,,,,,,,,,,,,,,
REAL_ESTATE,BLND.L,DLN.L,BRITISH LAND COMPANY PLC ORD 25,DERWENT LONDON PLC ORD 5P,-1.9134710336402654,0.32575068940559293,0.05,,False,0.4647314082768895,2.4367503550248406,,,,,,,,,,,,,,
REAL_ESTATE,BBOX.L,DLN.L,TRITAX BIG BOX REIT PLC ORD 1P,DERWENT LONDON PLC ORD 5P,-1.9119720287347994,0.32645021973315014,0.05,,False,0.25828572218977236,3.0464938436259352,,,,,,,,,,,,,,
REAL_ESTATE,DLN.L,GPE.L,DERWENT LONDON PLC ORD 5P,GREAT PORTLAND ESTATES PLC ORD ,-1.911674549487202,0.3265891224184797,0.05,,False,2.0672782916897585,-4.358058065305091,,,,,,,,,,,,,,
REAL_ESTATE,GPE.L,HMSO.L,GREAT PORTLAND ESTATES PLC ORD ,HAMMERSON PLC ORD 5P,-1.8619918262740567,0.3501470553333908,0.05,,False,0.6513248208741447,2.053119847551642,,,,,,,,,,,,,,
REAL_ESTATE,DLN.L,UTG.L,DERWENT LONDON PLC ORD 5P,UNITE GROUP PLC ORD 25P,-1.8447378743097156,0.35848749162912896,0.05,,False,0.3955521914164791,4.958693307385218,,,,,,,,,,,,,,
REAL_ESTATE,HMSO.L,SGRO.L,HAMMERSON PLC ORD 5P,SEGRO PLC ORD 10P,-1.8245173118578093,0.3683592439158522,0.05,,False,0.6257523459795175,1.5715529889686497,,,,,,,,,,,,,,
REAL_ESTATE,DLN.L,HMSO.L,DERWENT LONDON PLC ORD 5P,HAMMERSON PLC ORD 5P,-1.7228135612094064,0.4193982263895803,0.05,,False,-2.6632537687417965,22.726464671092373,,,,,,,,,,,,,,
REAL_ESTATE,DLN.L,SGRO.L,DERWENT LONDON PLC ORD 5P,SEGRO PLC ORD 10P,-1.4678220249496532,0.5493650547597865,0.05,,False,1.1041700812380482,0.2779382259048102,,,,,,,,,,,,,,
REAL_ESTATE,SGRO.L,UTG.L,SEGRO PLC ORD 10P,UNITE GROUP PLC ORD 25P,-1.3266421437906601,0.6168970899471955,0.05,,False,0.1690485590008863,5.481440740637863,,,,,,,,,,,,,,
TMT,ITV.L,WPP.L,ITV PLC ORD 10P,WPP PLC ORD 10P,-4.1758975828784015,0.0007236095954190949,0.05,0.008260568782982728,True,-0.056256525990097145,4.701989105405415,10.44697409176704,-8.428824327419697e-05,-0.06634908581865774,31.0,-2.308266129601446,4.147738241523424,False,,0.2,-0.02106017144561491,-0.4592225296752923,0.1944089006584515,False,still diverging
TMT,AAF.L,ITV.L,AIRTEL AFRICA PLC ORD USD0.50,ITV PLC ORD 10P,-4.093679148667674,0.0009920886516331428,0.05,0.008260568782982728,True,17.375776972575988,-70.41800212212242,10.886397085343667,0.0015216420398595685,-0.06367094412651252,33.0,2.1575801480277557,4.273423494632919,False,,0.2,0.3777897297412468,0.5572294559013,0.0014952552793725538,False,still diverging
TMT,ITV.L,VOD.L,ITV PLC ORD 10P,VODAFONE GROUP PLC ORD USD0.20 ,-4.07754274079286,0.001054700599089106,0.05,0.008260568782982728,True,0.15683492099244514,3.661175857811265,10.986444070337647,-9.476677655573781e-05,-0.06309113086293104,33.0,-1.9814373316686864,4.172508848382066,False,,0.2,-0.023083653984974695,-0.3779068820447429,-0.07449950895428148,False,still diverging
TMT,BT-A.L,ITV.L,BT GROUP PLC ORD 5P,ITV PLC ORD 10P,-4.07125702586462,0.0010800754162798218,0.05,0.008260568782982728,True,5.339038787685786,-18.097957298623868,11.06430515419505,0.00045894137233435316,-0.06264714963118469,33.0,2.0106245737156256,4.105872546624519,False,,0.4,0.11603125403533038,0.673725275102947,0.4553439596968152,False,mixed signal
TMT,ITV.L,SGE.L,ITV PLC ORD 10P,THE SAGE GROUP PLC ORD 1 4/77P,-4.0663237248160415,0.0011003891359509226,0.05,0.008260568782982728,True,-0.17211170081443514,5.557562674652758,10.902874229758881,-7.18708024788971e-05,-0.06357472038593573,33.0,-2.1843437046017535,4.079496962484338,False,,0.4,-0.019468644477273384,-0.28625508325333926,0.30803415633889975,False,mixed signal
TMT,AAF.L,WPP.L,AIRTEL AFRICA PLC ORD USD0.50,WPP PLC ORD 10P,-4.0628093739453055,0.0011150772393286987,0.05,0.008260568782982728,True,-1.049170529347336,11.723819260479983,11.78706086203944,-8.584483738872657e-05,-0.05880576919664895,35.0,-1.1334963160481266,3.1836720036667576,False,,0.4,0.01661177358530555,-0.2702952159518559,0.10906783548703475,False,mixed signal
TMT,ITV.L,REL.L,ITV PLC ORD 10P,RELX PLC ORD 14 51/116P,-3.9761687211291328,0.0015405704044196022,0.05,0.008260568782982728,True,-0.11807534960319545,5.313786383454093,11.419277058116467,-6.70897714401328e-05,-0.06069974281491645,34.0,-2.307014903816061,4.174137090292159,False,,0.2,-0.019295109388104963,-0.2559267168099608,0.375128539091232,False,still diverging
TMT,AUTO.L,ITV.L,AUTOTRADER GROUP PLC ORD 1P,ITV PLC ORD 10P,-3.9297095964178625,0.0018267606554318375,0.05,0.008260568782982728,True,-12.052102943593875,59.056340812842116,11.670719712654973,-0.0005969065800350543,-0.05939198246774287,35.0,-2.456183927128118,4.367472710806326,False,,0.2,-0.2950756009343241,-0.5326363650689929,0.0894391339675984,False,still diverging
TMT,EXPN.L,ITV.L,EXPERIAN PLC ORD USD0.10,ITV PLC ORD 10P,-3.8987970324437398,0.0020437181436855916,0.05,0.008260568782982728,True,-8.76188044734938,46.30222818913318,11.849279092896438,-0.00047786094001322496,-0.058496991684117074,36.0,-2.4141280920224917,4.287651505973996,False,,0.2,-0.18376314443573485,-0.3413104128554867,0.24440043328660788,False,still diverging
TMT,ITV.L,RMV.L,ITV PLC ORD 10P,RIGHTMOVE PLC ORD 0.1P,-3.7787930298567303,0.0031318970906182722,0.05,0.008260568782982728,True,-0.06126580303799583,4.747672058958848,12.492272623118586,5.345834946005317e-06,-0.055486075390092406,37.0,-2.4897740158730395,4.2113453837495545,False,,0.2,-0.02225903112367787,-0.5851315489873796,0.14658976372370125,False,still diverging
TMT,REL.L,VOD.L,RELX PLC ORD 14 51/116P,VODAFONE GROUP PLC ORD USD0.20 ,-3.77320713363312,0.0031936492828712197,0.05,0.008260568782982728,True,-0.9311703702419624,12.237652892185105,15.980268793253996,-8.31591032902486e-05,-0.043375189086466086,48.0,-0.08761110461092544,2.9527148169372457,False,,0.4,0.02070082730504985,0.34616106267480196,1.0532735316738462,True,mixed signal
TMT,AUTO.L,EXPN.L,AUTOTRADER GROUP PLC ORD 1P,EXPERIAN PLC ORD USD0.10,-3.7601177413559514,0.0033427597207045115,0.05,0.008260568782982728,True,1.5392055516942487,-5.965155906115699,12.130886005367357,0.00018073138645907636,-0.057139039988774086,36.0,0.04659047915075419,2.7773480923541105,False,,0.6,-0.038932122358584384,-1.137641358288536,-0.9978042019915179,True,reversion signs agree
TMT,INF.L,ITV.L,INFORMA PLC ORD 0.1P,ITV PLC ORD 10P,-3.489512012345307,0.008260568782982728,0.05,0.008260568782982728,True,3.575290246755956,-8.84383964281103,14.582799452387057,-2.8066175503085574e-05,-0.047531832473118464,44.0,2.00998578778556,3.9517291658250064,False,,0.2,0.05930726268557687,0.2817997953447051,-0.15393998682308485,False,still diverging
TMT,AUTO.L,REL.L,AUTOTRADER GROUP PLC ORD 1P,RELX PLC ORD 14 51/116P,-3.3458726816469646,0.012948413287511633,0.05,0.008260568782982728,False,1.281812456114755,-3.839934341282529,,,,,,,,,,,,,,
TMT,VOD.L,WPP.L,VODAFONE GROUP PLC ORD USD0.20 ,WPP PLC ORD 10P,-3.174009636424251,0.021539260749870143,0.05,0.008260568782982728,False,-0.40000687168639293,6.890600430688192,,,,,,,,,,,,,,
TMT,EXPN.L,RMV.L,EXPERIAN PLC ORD USD0.10,RIGHTMOVE PLC ORD 0.1P,-2.985369305310412,0.03628349761431995,0.05,0.008260568782982728,False,0.685957385098977,3.749534301718012,,,,,,,,,,,,,,
TMT,BT-A.L,WPP.L,BT GROUP PLC ORD 5P,WPP PLC ORD 10P,-2.80996653042981,0.05686416274762174,0.05,0.008260568782982728,False,-0.3288356333854879,7.181430688635694,,,,,,,,,,,,,,
TMT,REL.L,RMV.L,RELX PLC ORD 14 51/116P,RIGHTMOVE PLC ORD 0.1P,-2.768061819499104,0.06298271812874592,0.05,0.008260568782982728,False,0.8402431096887986,2.7386479044240097,,,,,,,,,,,,,,
TMT,EXPN.L,REL.L,EXPERIAN PLC ORD USD0.10,RELX PLC ORD 14 51/116P,-2.7639964085403848,0.06360350600901903,0.05,0.008260568782982728,False,0.8275785473926303,1.4228922256170753,,,,,,,,,,,,,,
TMT,AUTO.L,RMV.L,AUTOTRADER GROUP PLC ORD 1P,RIGHTMOVE PLC ORD 0.1P,-2.6391107061713517,0.08518024792898216,0.05,0.008260568782982728,False,1.0904285453760247,-0.4151877250951719,,,,,,,,,,,,,,
TMT,EXPN.L,VOD.L,EXPERIAN PLC ORD USD0.10,VODAFONE GROUP PLC ORD USD0.20 ,-2.5219500168516094,0.11022457905921551,0.05,0.008260568782982728,False,-0.7463999932054419,11.443263840657389,,,,,,,,,,,,,,
TMT,INF.L,WPP.L,INFORMA PLC ORD 0.1P,WPP PLC ORD 10P,-2.488052838356278,0.11840832531119933,0.05,0.008260568782982728,False,-0.029247963760101935,6.909228056575182,,,,,,,,,,,,,,
TMT,RMV.L,VOD.L,RIGHTMOVE PLC ORD 0.1P,VODAFONE GROUP PLC ORD USD0.20 ,-2.471888115837712,0.1224649208590069,0.05,0.008260568782982728,False,-1.1332722687063055,11.416035844423536,,,,,,,,,,,,,,
TMT,AAF.L,INF.L,AIRTEL AFRICA PLC ORD USD0.50,INFORMA PLC ORD 0.1P,-2.4276205868786005,0.13409195607426966,0.05,0.008260568782982728,False,33.661501433461524,-221.24901341708852,,,,,,,,,,,,,,
TMT,INF.L,REL.L,INFORMA PLC ORD 0.1P,RELX PLC ORD 14 51/116P,-2.406224466833258,0.13998730054059821,0.05,0.008260568782982728,False,-0.017743071457503656,6.873178705501834,,,,,,,,,,,,,,
TMT,INF.L,VOD.L,INFORMA PLC ORD 0.1P,VODAFONE GROUP PLC ORD USD0.20 ,-2.403375242887944,0.1407860366610036,0.05,0.008260568782982728,False,0.06614677649733447,6.436272754148112,,,,,,,,,,,,,,
TMT,REL.L,SGE.L,RELX PLC ORD 14 51/116P,THE SAGE GROUP PLC ORD 1 4/77P,-2.3786200099107377,0.14786189549473744,0.05,0.008260568782982728,False,1.2050494839738373,-0.30077926397257393,,,,,,,,,,,,,,
TMT,BT-A.L,INF.L,BT GROUP PLC ORD 5P,INFORMA PLC ORD 0.1P,-2.369546975648928,0.15051663424086154,0.05,0.008260568782982728,False,24.662615428320578,-160.8024999796511,,,,,,,,,,,,,,
TMT,INF.L,RMV.L,INFORMA PLC ORD 0.1P,RIGHTMOVE PLC ORD 0.1P,-2.3351150857193717,0.16089257828740422,0.05,0.008260568782982728,False,0.016341673615668628,6.624674666070788,,,,,,,,,,,,,,
TMT,SGE.L,VOD.L,THE SAGE GROUP PLC ORD 1 4/77P,VODAFONE GROUP PLC ORD USD0.20 ,-2.31929294721242,0.1658210871739158,0.05,0.008260568782982728,False,-0.7472617244002686,10.292147718887216,,,,,,,,,,,,,,
TMT,AUTO.L,INF.L,AUTOTRADER GROUP PLC ORD 1P,INFORMA PLC ORD 0.1P,-2.313638847441777,0.16760689566802328,0.05,0.008260568782982728,False,36.02339130992442,-235.84869071388852,,,,,,,,,,,,,,
TMT,AAF.L,BT-A.L,AIRTEL AFRICA PLC ORD USD0.50,BT GROUP PLC ORD 5P,-2.310823905602582,0.16850080693416747,0.05,0.008260568782982728,False,3.2532907508509705,-11.512506777882297,,,,,,,,,,,,,,
TMT,AUTO.L,VOD.L,AUTOTRADER GROUP PLC ORD 1P,VODAFONE GROUP PLC ORD USD0.20 ,-2.290865629155578,0.17493091417839252,0.05,0.008260568782982728,False,-1.2081463183211714,11.910925349511317,,,,,,,,,,,,,,
TMT,INF.L,SGE.L,INFORMA PLC ORD 0.1P,THE SAGE GROUP PLC ORD 1 4/77P,-2.249722069897331,0.18869635535426094,0.05,0.008260568782982728,False,0.05282131525834445,6.360375484365869,,,,,,,,,,,,,,
TMT,RMV.L,SGE.L,RIGHTMOVE PLC ORD 0.1P,THE SAGE GROUP PLC ORD 1 4/77P,-2.2150591918996767,0.2008253088304739,0.05,0.008260568782982728,False,1.4683571848536454,-3.856056588324578,,,,,,,,,,,,,,
TMT,AAF.L,VOD.L,AIRTEL AFRICA PLC ORD USD0.50,VODAFONE GROUP PLC ORD USD0.20 ,-2.184727013910128,0.21183529279699254,0.05,0.008260568782982728,False,2.634678566062964,-6.401653831231464,,,,,,,,,,,,,,
TMT,EXPN.L,INF.L,EXPERIAN PLC ORD USD0.10,INFORMA PLC ORD 0.1P,-2.138329497379877,0.22938393038807414,0.05,0.008260568782982728,False,9.011845778683467,-52.50493930891606,,,,,,,,,,,,,,
TMT,EXPN.L,SGE.L,EXPERIAN PLC ORD USD0.10,THE SAGE GROUP PLC ORD 1 4/77P,-1.9977621989726437,0.2875551581331187,0.05,0.008260568782982728,False,0.9846760408193767,1.2619361907469289,,,,,,,,,,,,,,
TMT,REL.L,WPP.L,RELX PLC ORD 14 51/116P,WPP PLC ORD 10P,-1.9638564464049697,0.3026420856197241,0.05,0.008260568782982728,False,0.33022547645847855,6.081361456709125,,,,,,,,,,,,,,
TMT,BT-A.L,RMV.L,BT GROUP PLC ORD 5P,RIGHTMOVE PLC ORD 0.1P,-1.9034086185879895,0.33045929197050206,0.05,0.008260568782982728,False,-0.47244431884785293,8.179834227254348,,,,,,,,,,,,,,
TMT,AUTO.L,BT-A.L,AUTOTRADER GROUP PLC ORD 1P,BT GROUP PLC ORD 5P,-1.8790195693889,0.3419944135980252,0.05,0.008260568782982728,False,-1.6289176837221333,14.96165062751321,,,,,,,,,,,,,,
TMT,BT-A.L,REL.L,BT GROUP PLC ORD 5P,RELX PLC ORD 14 51/116P,-1.7914628201986238,0.38470832805824207,0.05,0.008260568782982728,False,-0.8653652773475164,12.178945785244775,,,,,,,,,,,,,,
TMT,AUTO.L,SGE.L,AUTOTRADER GROUP PLC ORD 1P,THE SAGE GROUP PLC ORD 1 4/77P,-1.750140720562498,0.4054810105321777,0.05,0.008260568782982728,False,1.6602341174105035,-5.032592637577261,,,,,,,,,,,,,,
TMT,AAF.L,EXPN.L,AIRTEL AFRICA PLC ORD USD0.50,EXPERIAN PLC ORD USD0.10,-1.6907981741533327,0.43585966180511926,0.05,0.008260568782982728,False,-4.171750182613226,39.21494006108557,,,,,,,,,,,,,,
TMT,AAF.L,RMV.L,AIRTEL AFRICA PLC ORD USD0.50,RIGHTMOVE PLC ORD 0.1P,-1.6842472365851964,0.4392465032033291,0.05,0.008260568782982728,False,-3.4964374840881023,27.633696314260305,,,,,,,,,,,,,,
TMT,AAF.L,AUTO.L,AIRTEL AFRICA PLC ORD USD0.50,AUTOTRADER GROUP PLC ORD 1P,-1.6727479112820673,0.4452054254972003,0.05,0.008260568782982728,False,-2.3839461971399127,20.906214316023554,,,,,,,,,,,,,,
TMT,BT-A.L,EXPN.L,BT GROUP PLC ORD 5P,EXPERIAN PLC ORD USD0.10,-1.658735895376501,0.4524884745493555,0.05,0.008260568782982728,False,-1.1794998048873773,14.75596046267754,,,,,,,,,,,,,,
TMT,BT-A.L,SGE.L,BT GROUP PLC ORD 5P,THE SAGE GROUP PLC ORD 1 4/77P,-1.5923538195317393,0.4874333052276664,0.05,0.008260568782982728,False,-1.193881122113168,13.494139364614503,,,,,,,,,,,,,,
TMT,RMV.L,WPP.L,RIGHTMOVE PLC ORD 0.1P,WPP PLC ORD 10P,-1.5897215834200011,0.48875463544267017,0.05,0.008260568782982728,False,0.29989281630839487,4.551391639953588,,,,,,,,,,,,,,
TMT,AAF.L,REL.L,AIRTEL AFRICA PLC ORD USD0.50,RELX PLC ORD 14 51/116P,-1.5516391065333857,0.50782933857627,0.05,0.008260568782982728,False,-3.259685241554511,31.71492490951566,,,,,,,,,,,,,,
TMT,AUTO.L,WPP.L,AUTOTRADER GROUP PLC ORD 1P,WPP PLC ORD 10P,-1.54606309871051,0.5106141263069817,0.05,0.008260568782982728,False,0.4343678284055002,3.8870318380742765,,,,,,,,,,,,,,
TMT,BT-A.L,VOD.L,BT GROUP PLC ORD 5P,VODAFONE GROUP PLC ORD USD0.20 ,-1.5039486588789963,0.5315570972922272,0.05,0.008260568782982728,False,0.8325015015498142,1.47066493152415,,,,,,,,,,,,,,
TMT,EXPN.L,WPP.L,EXPERIAN PLC ORD USD0.10,WPP PLC ORD 10P,-1.431257167368213,0.5672027327298402,0.05,0.008260568782982728,False,0.2554678975064197,6.5653714289978415,,,,,,,,,,,,,,
TMT,SGE.L,WPP.L,THE SAGE GROUP PLC ORD 1 4/77P,WPP PLC ORD 10P,-1.3197406643262601,0.6200932449274084,0.05,0.008260568782982728,False,0.22538082939341106,5.595616694728476,,,,,,,,,,,,,,
TMT,AAF.L,SGE.L,AIRTEL AFRICA PLC ORD USD0.50,THE SAGE GROUP PLC ORD 1 4/77P,-1.2611051287155846,0.6467736989356339,0.05,0.008260568782982728,False,-5.086165359269914,40.78200523133667,,,,,,,,,,,,,,
UK_HOUSEBUILDERS,BWY.L,TW.L,BELLWAY PLC ORD 12.5P,TAYLOR WIMPEY PLC ORD 1P,-2.208897243266553,0.20303213336542192,0.05,,False,0.6476011948145285,4.766664644069946,,,,,,,,,,,,,,
UK_HOUSEBUILDERS,PSN.L,TW.L,PERSIMMON PLC ORD 10P,TAYLOR WIMPEY PLC ORD 1P,-2.1920276800436063,0.2091516629085881,0.05,,False,0.6127792372235222,4.255745775318711,,,,,,,,,,,,,,
UK_HOUSEBUILDERS,BWY.L,PSN.L,BELLWAY PLC ORD 12.5P,PERSIMMON PLC ORD 10P,-1.3785981100894833,0.5924923662917991,0.05,,False,1.0728630148094458,0.15434863873097093,,,,,,,,,,,,,,
US_AIRLINES,DAL,LUV,"Delta Air Lines, Inc.",Southwest Airlines Company,-3.086550360919055,0.02756466591387023,0.05,,False,1.1033760846979725,0.18059126630351008,,,,,,,,,,,,,,
US_AIRLINES,JBLU,UAL,JetBlue Airways Corporation,"United Airlines Holdings, Inc.",-2.621469267863097,0.08864069110402273,0.05,,False,-0.01731612298026983,1.7417166900089665,,,,,,,,,,,,,,
US_AIRLINES,ALK,JBLU,"Alaska Air Group, Inc.",JetBlue Airways Corporation,-2.4340279496051753,0.13236165075603595,0.05,,False,1.1305676616212412,2.000460621778098,,,,,,,,,,,,,,
US_AIRLINES,JBLU,LUV,JetBlue Airways Corporation,Southwest Airlines Company,-2.368254750820684,0.15089742184714777,0.05,,False,-0.9133017598584947,4.8544118383988115,,,,,,,,,,,,,,
US_AIRLINES,AAL,JBLU,"American Airlines Group, Inc.",JetBlue Airways Corporation,-2.2657353261116238,0.18325719551987113,0.05,,False,0.8528469774277985,1.117184382424516,,,,,,,,,,,,,,
US_AIRLINES,DAL,JBLU,"Delta Air Lines, Inc.",JetBlue Airways Corporation,-2.224812130256904,0.19736363308687543,0.05,,False,1.8196712667083388,1.0039398987252905,,,,,,,,,,,,,,
US_AIRLINES,AAL,UAL,"American Airlines Group, Inc.","United Airlines Holdings, Inc.",-1.895184589197413,0.3343298119550906,0.05,,False,0.46831220957551983,0.4631544117974311,,,,,,,,,,,,,,
US_AIRLINES,AAL,DAL,"American Airlines Group, Inc.","Delta Air Lines, Inc.",-1.736208936811116,0.41255967743673444,0.05,,False,0.7922158692390446,-0.6583969548102084,,,,,,,,,,,,,,
US_AIRLINES,LUV,UAL,Southwest Airlines Company,"United Airlines Holdings, Inc.",-1.7019321064883284,0.4301172734319647,0.05,,False,0.525968574508414,1.1627569911221256,,,,,,,,,,,,,,
US_AIRLINES,AAL,LUV,"American Airlines Group, Inc.",Southwest Airlines Company,-1.6019391710799105,0.48261928906635043,0.05,,False,0.8046805365533339,-0.2728646456167012,,,,,,,,,,,,,,
US_AIRLINES,DAL,UAL,"Delta Air Lines, Inc.","United Airlines Holdings, Inc.",-1.5073870199448114,0.5298539721315513,0.05,,False,0.6420064768110015,1.1904483873101057,,,,,,,,,,,,,,
US_AIRLINES,ALK,UAL,"Alaska Air Group, Inc.","United Airlines Holdings, Inc.",-1.4393708382439823,0.5632625782104949,0.05,,False,0.5036628177411427,1.6522838125385078,,,,,,,,,,,,,,
US_AIRLINES,AAL,ALK,"American Airlines Group, Inc.","Alaska Air Group, Inc.",-1.4220336187922058,0.5716685367412688,0.05,,False,0.8153967548342221,-0.6288953119801652,,,,,,,,,,,,,,
US_AIRLINES,ALK,LUV,"Alaska Air Group, Inc.",Southwest Airlines Company,-0.6755966823286281,0.8529697005678576,0.05,,False,1.521681812425666,-1.4310497529629633,,,,,,,,,,,,,,
US_AIRLINES,ALK,DAL,"Alaska Air Group, Inc.","Delta Air Lines, Inc.",-0.36869864736394187,0.9151952669026634,0.05,,False,0.9084040406962508,0.21861869661623246,,,,,,,,,,,,,,
US_ASSET_MANAGERS,BX,KKR,Blackstone Inc.,KKR & Co. Inc.,-3.6470373560226435,0.0049228932288118985,0.05,,False,0.881075597720857,0.7180289307418501,,,,,,,,,,,,,,
US_ASSET_MANAGERS,BEN,KKR,"Franklin Templeton, Inc.",KKR & Co. Inc.,-2.7327290390775048,0.0685439205165233,0.05,,False,-1.067884079175473,8.196838417672051,,,,,,,,,,,,,,
US_ASSET_MANAGERS,APO,BEN,"Apollo Global Management, Inc. ","Franklin Templeton, Inc.",-2.5745779330979537,0.09836614228965068,0.05,,False,-0.2040805741967226,5.507538431551445,,,,,,,,,,,,,,
US_ASSET_MANAGERS,BEN,BX,"Franklin Templeton, Inc.",Blackstone Inc.,-2.5544413648805326,0.1027835494230544,0.05,,False,-1.6638081916296685,11.300888654650013,,,,,,,,,,,,,,
US_ASSET_MANAGERS,BLK,TROW,"BlackRock, Inc.","T. Rowe Price Group, Inc.",-2.4100419737960084,0.13892217218859693,0.05,,False,2.5874057838173825,-4.944113510651628,,,,,,,,,,,,,,
US_ASSET_MANAGERS,BLK,KKR,"BlackRock, Inc.",KKR & Co. Inc.,-2.3734444849428344,0.14937219153940423,0.05,,False,0.2518430403486373,5.677837974900116,,,,,,,,,,,,,,
US_ASSET_MANAGERS,BEN,TROW,"Franklin Templeton, Inc.","T. Rowe Price Group, Inc.",-2.1929747516949645,0.208805090300063,0.05,,False,7.534576193501912,-31.37470812899782,,,,,,,,,,,,,,
US_ASSET_MANAGERS,BEN,BLK,"Franklin Templeton, Inc.","BlackRock, Inc.",-2.103479841390883,0.24311764406782826,0.05,,False,2.1075888992723035,-11.438146635332402,,,,,,,,,,,,,,
US_ASSET_MANAGERS,APO,BLK,"Apollo Global Management, Inc. ","BlackRock, Inc.",-2.0724771495441554,0.2557246921673848,0.05,,False,1.6756595509719476,-6.658272253415524,,,,,,,,,,,,,,
US_ASSET_MANAGERS,APO,BX,"Apollo Global Management, Inc. ",Blackstone Inc.,-2.006323559140453,0.283807340569334,0.05,,False,0.8816416155666915,0.5209611612954088,,,,,,,,,,,,,,
US_ASSET_MANAGERS,APO,TROW,"Apollo Global Management, Inc. ","T. Rowe Price Group, Inc.",-1.9861888957792682,0.29266142603793543,0.05,,False,2.5479245063639113,-6.769366634724334,,,,,,,,,,,,,,
US_ASSET_MANAGERS,BLK,BX,"BlackRock, Inc.",Blackstone Inc.,-1.7000885281683582,0.4310668650699634,0.05,,False,0.5044824942229786,4.391534522442242,,,,,,,,,,,,,,
US_ASSET_MANAGERS,BX,TROW,Blackstone Inc.,"T. Rowe Price Group, Inc.",-1.6803345605244844,0.4412721188516509,0.05,,False,2.8433094703578683,-8.055664522265573,,,,,,,,,,,,,,
US_ASSET_MANAGERS,APO,KKR,"Apollo Global Management, Inc. ",KKR & Co. Inc.,-1.538333505457896,0.5144703251105607,0.05,,False,0.7538246020720785,1.2641791295038938,,,,,,,,,,,,,,
US_ASSET_MANAGERS,KKR,TROW,KKR & Co. Inc.,"T. Rowe Price Group, Inc.",-1.313692876473321,0.6228847557551096,0.05,,False,3.4502037296374857,-10.97804650918251,,,,,,,,,,,,,,
US_BANKS,KEY,USB,KeyCorp,U.S. Bancorp,-3.749421437467807,0.0034693253992744938,0.05,,False,1.1954095827281752,-1.7387337434919208,,,,,,,,,,,,,,
US_BANKS,KEY,PNC,KeyCorp,"PNC Financial Services Group, I",-3.690190707546949,0.004253265461150511,0.05,,False,1.2554729017633004,-3.723255377377121,,,,,,,,,,,,,,
US_BANKS,FITB,USB,Fifth Third Bancorp,U.S. Bancorp,-3.5767186759864247,0.006222036574052817,0.05,,False,0.9424660522663324,0.1314456045056107,,,,,,,,,,,,,,
US_BANKS,PNC,USB,"PNC Financial Services Group, I",U.S. Bancorp,-3.528329872766601,0.00728864300057534,0.05,,False,0.9518967241070437,1.5816993471005514,,,,,,,,,,,,,,
US_BANKS,COF,WFC,Capital One Financial Corporati,Wells Fargo & Company,-3.5186344009284922,0.00752122315311254,0.05,,False,1.018469975640558,0.8566218717479881,,,,,,,,,,,,,,
US_BANKS,CFG,TFC,"Citizens Financial Group, Inc.",Truist Financial Corporation,-3.4536973069802825,0.009258986226299117,0.05,,False,1.9425380957945357,-3.431244970793843,,,,,,,,,,,,,,
US_BANKS,TFC,USB,Truist Financial Corporation,U.S. Bancorp,-3.3807856177046203,0.01163159063237897,0.05,,False,0.8475008244728586,0.5016309886364425,,,,,,,,,,,,,,
US_BANKS,CFG,KEY,"Citizens Financial Group, Inc.",KeyCorp,-3.334623210966348,0.013399994340848454,0.05,,False,1.363756745817375,-0.02416611200038865,,,,,,,,,,,,,,
US_BANKS,HBAN,WFC,Huntington Bancshares Incorpora,Wells Fargo & Company,-3.3066544688997137,0.014583627311658503,0.05,,False,0.5827608792808372,0.22349228203275473,,,,,,,,,,,,,,
US_BANKS,KEY,RF,KeyCorp,Regions Financial Corporation,-3.2786451891262947,0.0158604415996265,0.05,,False,1.13231272890766,-0.7282045625994313,,,,,,,,,,,,,,
US_BANKS,BAC,HBAN,Bank of America Corporation,Huntington Bancshares Incorpora,-3.2709539776867094,0.016227819144787898,0.05,,False,1.3262631235956066,0.20526395033633937,,,,,,,,,,,,,,
US_BANKS,KEY,TFC,KeyCorp,Truist Financial Corporation,-3.266952558288168,0.016421890037540385,0.05,,False,1.414438077240475,-2.460993366157855,,,,,,,,,,,,,,
US_BANKS,C,HBAN,"Citigroup, Inc.",Huntington Bancshares Incorpora,-3.213082219043077,0.01923980797157847,0.05,,False,3.458258577019531,-4.980304857626627,,,,,,,,,,,,,,
US_BANKS,FITB,PNC,Fifth Third Bancorp,"PNC Financial Services Group, I",-3.207690764577197,0.019543801286653433,0.05,,False,0.9900926834002423,-1.434583077114604,,,,,,,,,,,,,,
US_BANKS,FHN,HBAN,First Horizon Corporation,Huntington Bancshares Incorpora,-3.1488964612489903,0.02313995398794283,0.05,,False,1.7668412183068631,-1.8234721553306468,,,,,,,,,,,,,,
US_BANKS,C,TFC,"Citigroup, Inc.",Truist Financial Corporation,-3.1482531170794648,0.023182276633929612,0.05,,False,2.895728478299255,-6.415538111641506,,,,,,,,,,,,,,
US_BANKS,C,FHN,"Citigroup, Inc.",First Horizon Corporation,-3.110079766054368,0.0258161778850315,0.05,,False,1.701827782861234,-0.6490879661834503,,,,,,,,,,,,,,
US_BANKS,PNC,ZION,"PNC Financial Services Group, I",Zions Bancorporation N.A.,-3.101485937820949,0.026443417688083722,0.05,,False,0.9507025568163578,1.4737827320567503,,,,,,,,,,,,,,
US_BANKS,C,PNFP,"Citigroup, Inc.","Pinnacle Financial Partners, In",-3.1012965106792416,0.026457389552874827,0.05,,False,-13.857739248614871,67.89290599576184,,,,,,,,,,,,,,
US_BANKS,RF,TFC,Regions Financial Corporation,Truist Financial Corporation,-3.0941685885721664,0.02698775969657371,0.05,,False,1.2454666239448626,-1.5164851535058554,,,,,,,,,,,,,,
US_BANKS,C,MTB,"Citigroup, Inc.",M&T Bank Corporation,-3.0735997502309353,0.028569623214186844,0.05,,False,2.7406048580933007,-9.877237464060762,,,,,,,,,,,,,,
US_BANKS,CFG,PNFP,"Citizens Financial Group, Inc.","Pinnacle Financial Partners, In",-3.0380440796337007,0.03149108914252584,0.05,,False,-18.217285641723592,87.27374640411504,,,,,,,,,,,,,,
US_BANKS,C,ZION,"Citigroup, Inc.",Zions Bancorporation N.A.,-3.035973602178829,0.031668768702390306,0.05,,False,2.470281406845638,-5.317024446454094,,,,,,,,,,,,,,
US_BANKS,FITB,KEY,Fifth Third Bancorp,KeyCorp,-3.0096161379674937,0.03400608047148864,0.05,,False,0.7864803127932394,1.507725957033934,,,,,,,,,,,,,,
US_BANKS,HBAN,JPM,Huntington Bancshares Incorpora,JP Morgan Chase & Co.,-2.9603230488145615,0.038769555528891206,0.05,,False,0.5691280581402405,-0.44713031718981266,,,,,,,,,,,,,,
US_BANKS,BAC,RF,Bank of America Corporation,Regions Financial Corporation,-2.925721001310277,0.04243771110194204,0.05,,False,0.9654726265319561,0.7747198137733555,,,,,,,,,,,,,,
US_BANKS,JPM,PNFP,JP Morgan Chase & Co.,"Pinnacle Financial Partners, In",-2.9056765535632323,0.04469186243440332,0.05,,False,-59.75197754920172,279.2164947367727,,,,,,,,,,,,,,
US_BANKS,FHN,WFC,First Horizon Corporation,Wells Fargo & Company,-2.884743159414264,0.04715114326016104,0.05,,False,1.0446177981884062,-1.492745189859714,,,,,,,,,,,,,,
US_BANKS,BAC,PNFP,Bank of America Corporation,"Pinnacle Financial Partners, In",-2.878589169723157,0.04789503784718137,0.05,,False,-142.00065312636505,654.1450080133318,,,,,,,,,,,,,,
US_BANKS,BAC,TFC,Bank of America Corporation,Truist Financial Corporation,-2.8726261268021003,0.04862506343343916,0.05,,False,1.2244087274882895,-0.7715772820549294,,,,,,,,,,,,,,
US_BANKS,C,RF,"Citigroup, Inc.",Regions Financial Corporation,-2.841860958816883,0.05253853767768866,0.05,,False,2.2535184745692725,-2.6646768137168113,,,,,,,,,,,,,,
US_BANKS,FHN,JPM,First Horizon Corporation,JP Morgan Chase & Co.,-2.7756293570282,0.06184014792521264,0.05,,False,1.04237532466484,-2.8183845999801704,,,,,,,,,,,,,,
US_BANKS,C,KEY,"Citigroup, Inc.",KeyCorp,-2.765544198753489,0.06336658112420314,0.05,,False,1.9502398228129945,-1.1021349175294874,,,,,,,,,,,,,,
US_BANKS,CFG,RF,"Citizens Financial Group, Inc.",Regions Financial Corporation,-2.7594709046536363,0.06430032563445712,0.05,,False,1.5550997223933218,-1.051565921860817,,,,,,,,,,,,,,
US_BANKS,USB,ZION,U.S. Bancorp,Zions Bancorporation N.A.,-2.7557232556278346,0.0648820031331707,0.05,,False,0.9991116621893432,-0.11481454242087485,,,,,,,,,,,,,,
US_BANKS,COF,HBAN,Capital One Financial Corporati,Huntington Bancshares Incorpora,-2.7264975158407423,0.06956420293211134,0.05,,False,1.7477819793137799,0.46571050523749236,,,,,,,,,,,,,,
US_BANKS,MTB,ZION,M&T Bank Corporation,Zions Bancorporation N.A.,-2.68450941540301,0.0767573890175273,0.05,,False,0.9250069330354469,1.5706779699569942,,,,,,,,,,,,,,
US_BANKS,BAC,FHN,Bank of America Corporation,First Horizon Corporation,-2.6756463105843427,0.07834815948519071,0.05,,False,0.7483527995220136,1.580861756866892,,,,,,,,,,,,,,
US_BANKS,BAC,JPM,Bank of America Corporation,JP Morgan Chase & Co.,-2.6650157201369735,0.08029017116616455,0.05,,False,0.7831707523866849,-0.5455723432771418,,,,,,,,,,,,,,
US_BANKS,COF,PNFP,Capital One Financial Corporati,"Pinnacle Financial Partners, In",-2.645437951097273,0.0839650101861672,0.05,,False,3.639512600013854,-11.44781006689874,,,,,,,,,,,,,,
US_BANKS,BAC,C,Bank of America Corporation,"Citigroup, Inc.",-2.642218590366226,0.08458163818234626,0.05,,False,0.44588174049934537,1.8390724153992195,,,,,,,,,,,,,,
US_BANKS,KEY,MTB,KeyCorp,M&T Bank Corporation,-2.6283983168111766,0.08726879549684968,0.05,,False,1.2994461400878696,-3.947168747543152,,,,,,,,,,,,,,
US_BANKS,CFG,HBAN,"Citizens Financial Group, Inc.",Huntington Bancshares Incorpora,-2.60737514206793,0.09148253593861932,0.05,,False,2.3373092257900447,-2.5158104012270046,,,,,,,,,,,,,,
US_BANKS,CFG,ZION,"Citizens Financial Group, Inc.",Zions Bancorporation N.A.,-2.6029776779292884,0.0923834023752691,0.05,,False,1.674900434728077,-2.764406021671415,,,,,,,,,,,,,,
US_BANKS,BAC,CFG,Bank of America Corporation,"Citizens Financial Group, Inc.",-2.5815475857488455,0.09687129277174483,0.05,,False,0.6112772844880643,1.464333716131836,,,,,,,,,,,,,,
US_BANKS,RF,USB,Regions Financial Corporation,U.S. Bancorp,-2.575522250645082,0.09816258396186794,0.05,,False,1.056277229822675,-0.8945644191638698,,,,,,,,,,,,,,
US_BANKS,PNC,RF,"PNC Financial Services Group, I",Regions Financial Corporation,-2.5642534490456352,0.10061268119615763,0.05,,False,0.9017742277545874,2.385995880810371,,,,,,,,,,,,,,
US_BANKS,CFG,USB,"Citizens Financial Group, Inc.",U.S. Bancorp,-2.535661669628718,0.10703676425388398,0.05,,False,1.6446019884899432,-2.450300325793311,,,,,,,,,,,,,,
US_BANKS,JPM,WFC,JP Morgan Chase & Co.,Wells Fargo & Company,-2.5306226298132155,0.10820015918496922,0.05,,False,1.0015487857339218,1.2743302279035404,,,,,,,,,,,,,,
US_BANKS,BAC,ZION,Bank of America Corporation,Zions Bancorporation N.A.,-2.5166533292025854,0.1114747896754274,0.05,,False,1.0229461963176743,-0.22200410982644936,,,,,,,,,,,,,,
US_BANKS,HBAN,MTB,Huntington Bancshares Incorpora,M&T Bank Corporation,-2.5166264129394436,0.11148116974207828,0.05,,False,0.8494607199275505,-1.7134190298843541,,,,,,,,,,,,,,
US_BANKS,C,PNC,"Citigroup, Inc.","PNC Financial Services Group, I",-2.5104523970786072,0.11295181287029299,0.05,,False,2.5920173878388564,-9.113253717733663,,,,,,,,,,,,,,
US_BANKS,KEY,PNFP,KeyCorp,"Pinnacle Financial Partners, In",-2.4927140227947997,0.11725716130866232,0.05,,False,7.637918324515048,-32.1446237329691,,,,,,,,,,,,,,
US_BANKS,MTB,USB,M&T Bank Corporation,U.S. Bancorp,-2.4876361182586977,0.11851164562897959,0.05,,False,0.9249495836447832,1.6803430955149246,,,,,,,,,,,,,,
US_BANKS,PNC,TFC,"PNC Financial Services Group, I",Truist Financial Corporation,-2.4771149257457847,0.12114226093078567,0.05,,False,1.1214165900203041,1.0248833969381668,,,,,,,,,,,,,,
US_BANKS,PNFP,WFC,"Pinnacle Financial Partners, In",Wells Fargo & Company,-2.457865265110942,0.12606554042688733,0.05,,False,0.19092669731155637,3.761735822886986,,,,,,,,,,,,,,
US_BANKS,C,CFG,"Citigroup, Inc.","Citizens Financial Group, Inc.",-2.452175086131929,0.12754833830781076,0.05,,False,1.382767384543325,-0.8858903523237709,,,,,,,,,,,,,,
US_BANKS,CFG,PNC,"Citizens Financial Group, Inc.","PNC Financial Services Group, I",-2.4501366823743504,0.12808258856959032,0.05,,False,1.7395113016040789,-5.244666466356239,,,,,,,,,,,,,,
US_BANKS,CFG,FITB,"Citizens Financial Group, Inc.",Fifth Third Bancorp,-2.434621307918663,0.13220223070442538,0.05,,False,1.7650441086002142,-2.7545963187393694,,,,,,,,,,,,,,
US_BANKS,C,FITB,"Citigroup, Inc.",Fifth Third Bancorp,-2.4197978051929114,0.1362264104080262,0.05,,False,2.6936613729152534,-5.640549946900417,,,,,,,,,,,,,,
US_BANKS,HBAN,RF,Huntington Bancshares Incorpora,Regions Financial Corporation,-2.406001699601755,0.140049633731605,0.05,,False,0.7351290795329667,0.4068209865978134,,,,,,,,,,,,,,
US_BANKS,BAC,MTB,Bank of America Corporation,M&T Bank Corporation,-2.38516569137252,0.14596712967051312,0.05,,False,1.118645353135152,-2.02561680471618,,,,,,,,,,,,,,
US_BANKS,KEY,ZION,KeyCorp,Zions Bancorporation N.A.,-2.333115322991879,0.1615099007261065,0.05,,False,1.2003635624878164,-1.8997151224070907,,,,,,,,,,,,,,
US_BANKS,MTB,PNC,M&T Bank Corporation,"PNC Financial Services Group, I",-2.3257653496536714,0.16379272172176146,0.05,,False,0.9740225274778029,0.1312405194234154,,,,,,,,,,,,,,
US_BANKS,FHN,PNFP,First Horizon Corporation,"Pinnacle Financial Partners, In",-2.320527719704643,0.16543281609109745,0.05,,False,5.36847396257405,-21.603407342494428,,,,,,,,,,,,,,
US_BANKS,FITB,RF,Fifth Third Bancorp,Regions Financial Corporation,-2.314429733956591,0.16735632022644714,0.05,,False,0.8914151340623356,0.9322584717766835,,,,,,,,,,,,,,
US_BANKS,HBAN,KEY,Huntington Bancshares Incorpora,KeyCorp,-2.2887944192643803,0.17560746730843357,0.05,,False,0.6298895635912292,0.9344231319909138,,,,,,,,,,,,,,
US_BANKS,C,USB,"Citigroup, Inc.",U.S. Bancorp,-2.243862590035675,0.1907125717978974,0.05,,False,2.4377313206106606,-4.900194608005211,,,,,,,,,,,,,,
US_BANKS,RF,ZION,Regions Financial Corporation,Zions Bancorporation N.A.,-2.2319238379570256,0.19486359193811242,0.05,,False,1.0558666394966156,-1.017922186827736,,,,,,,,,,,,,,
US_BANKS,CFG,MTB,"Citizens Financial Group, Inc.",M&T Bank Corporation,-2.2305019065731915,0.19536182409282193,0.05,,False,1.8372706254693945,-5.747157451588021,,,,,,,,,,,,,,
US_BANKS,JPM,TFC,JP Morgan Chase & Co.,Truist Financial Corporation,-2.2182599674231143,0.19968501504640795,0.05,,False,1.6651538334634457,-0.6695956779442893,,,,,,,,,,,,,,
US_BANKS,BAC,PNC,Bank of America Corporation,"PNC Financial Services Group, I",-2.2094892153301724,0.20281946373719528,0.05,,False,1.0833551260520429,-1.846256157687379,,,,,,,,,,,,,,
US_BANKS,FITB,ZION,Fifth Third Bancorp,Zions Bancorporation N.A.,-2.205008731227692,0.20443260150341247,0.05,,False,0.9396167811233885,0.031173710068729488,,,,,,,,,,,,,,
US_BANKS,TFC,ZION,Truist Financial Corporation,Zions Bancorporation N.A.,-2.1989971776543578,0.20660962483557166,0.05,,False,0.8443527202807675,0.41377407134292143,,,,,,,,,,,,,,
US_BANKS,HBAN,USB,Huntington Bancshares Incorpora,U.S. Bancorp,-2.1780448482907384,0.2143101800563622,0.05,,False,0.765380109286953,-0.20824993176091544,,,,,,,,,,,,,,
US_BANKS,PNFP,RF,"Pinnacle Financial Partners, In",Regions Financial Corporation,-2.1717651662788637,0.21665216890972383,0.05,,False,0.25533101255908663,3.7762129000450675,,,,,,,,,,,,,,
US_BANKS,C,JPM,"Citigroup, Inc.",JP Morgan Chase & Co.,-2.1530138184104675,0.22373825819824655,0.05,,False,1.7630924822784244,-5.385102309473244,,,,,,,,,,,,,,
US_BANKS,FHN,TFC,First Horizon Corporation,Truist Financial Corporation,-2.138524268469246,0.22930849530207714,0.05,,False,1.6749322715255788,-3.288752939181819,,,,,,,,,,,,,,
US_BANKS,JPM,MTB,JP Morgan Chase & Co.,M&T Bank Corporation,-2.1272317570663155,0.23370647461051364,0.05,,False,1.501569255594385,-2.2719600277243988,,,,,,,,,,,,,,
US_BANKS,HBAN,PNC,Huntington Bancshares Incorpora,"PNC Financial Services Group, I",-2.0617867285256617,0.2601552434225029,0.05,,False,0.8192975416302194,-1.559639918703693,,,,,,,,,,,,,,
US_BANKS,BAC,KEY,Bank of America Corporation,KeyCorp,-2.0372590653908853,0.2704789278401746,0.05,,False,0.8425582829812666,1.4242565695435223,,,,,,,,,,,,,,
US_BANKS,BAC,FITB,Bank of America Corporation,Fifth Third Bancorp,-2.0293241168889793,0.2738653161844127,0.05,,False,1.0987723063387476,-0.2936475920277015,,,,,,,,,,,,,,
US_BANKS,HBAN,TFC,Huntington Bancshares Incorpora,Truist Financial Corporation,-2.013535208636658,0.2806700971514363,0.05,,False,0.9284938622175516,-0.7563519958501108,,,,,,,,,,,,,,
US_BANKS,FITB,TFC,Fifth Third Bancorp,Truist Financial Corporation,-1.9405202089476292,0.31324565630206314,0.05,,False,1.110007304412879,-0.4187337090027703,,,,,,,,,,,,,,
US_BANKS,FHN,MTB,First Horizon Corporation,M&T Bank Corporation,-1.9338839536325994,0.31629270188628056,0.05,,False,1.499802566215666,-4.845280633530446,,,,,,,,,,,,,,
US_BANKS,MTB,RF,M&T Bank Corporation,Regions Financial Corporation,-1.9168486368776905,0.3241769630126715,0.05,,False,0.8748728602949946,2.4661923745723997,,,,,,,,,,,,,,
US_BANKS,HBAN,ZION,Huntington Bancshares Incorpora,Zions Bancorporation N.A.,-1.8977166370140535,0.3331360380356614,0.05,,False,0.7796295044633738,-0.35501841542226886,,,,,,,,,,,,,,
US_BANKS,JPM,RF,JP Morgan Chase & Co.,Regions Financial Corporation,-1.8931053864041374,0.3353114736946584,0.05,,False,1.264395302341642,1.5863123090309434,,,,,,,,,,,,,,
US_BANKS,BAC,USB,Bank of America Corporation,U.S. Bancorp,-1.8770233246903982,0.3429460508567669,0.05,,False,1.0239294903749652,-0.10473283378613374,,,,,,,,,,,,,,
US_BANKS,FITB,MTB,Fifth Third Bancorp,M&T Bank Corporation,-1.8571212547346427,0.35249349235316446,0.05,,False,1.0168727291886426,-1.5699408975063434,,,,,,,,,,,,,,
US_BANKS,FHN,ZION,First Horizon Corporation,Zions Bancorporation N.A.,-1.8219638849565192,0.3696130372991492,0.05,,False,1.3783505521801829,-2.4541613071577935,,,,,,,,,,,,,,
US_BANKS,JPM,ZION,JP Morgan Chase & Co.,Zions Bancorporation N.A.,-1.8216540950465174,0.36976525898687984,0.05,,False,1.3679000766681007,0.16960466850267242,,,,,,,,,,,,,,
US_BANKS,TFC,WFC,Truist Financial Corporation,Wells Fargo & Company,-1.8189794164118958,0.3710804797046083,0.05,,False,0.5885104341197324,1.2229641683342964,,,,,,,,,,,,,,
US_BANKS,FHN,RF,First Horizon Corporation,Regions Financial Corporation,-1.799041020753805,0.3809379040223326,0.05,,False,1.3035461104809705,-1.1194434646195628,,,,,,,,,,,,,,
US_BANKS,PNFP,USB,"Pinnacle Financial Partners, In",U.S. Bancorp,-1.7911274378690183,0.38487548669064015,0.05,,False,0.4084293503360624,3.016972179086669,,,,,,,,,,,,,,
US_BANKS,MTB,TFC,M&T Bank Corporation,Truist Financial Corporation,-1.7790559754752169,0.3909082705928758,0.05,,False,1.0975473527927022,1.1097952582592754,,,,,,,,,,,,,,
US_BANKS,FITB,HBAN,Fifth Third Bancorp,Huntington Bancshares Incorpora,-1.6974450184418728,0.43242935871752386,0.05,,False,1.2217677481139388,0.41399998433992957,,,,,,,,,,,,,,
US_BANKS,COF,FHN,Capital One Financial Corporati,First Horizon Corporation,-1.6760204196716488,0.4435078916598079,0.05,,False,0.9730226391002884,2.317808221628513,,,,,,,,,,,,,,
US_BANKS,WFC,ZION,Wells Fargo & Company,Zions Bancorporation N.A.,-1.619870822228534,0.4727970215547934,0.05,,False,1.3783943011150208,-1.152758097341863,,,,,,,,,,,,,,
US_BANKS,CFG,FHN,"Citizens Financial Group, Inc.",First Horizon Corporation,-1.5798274121740314,0.4937184374563046,0.05,,False,1.2313646929675075,0.16939044309772067,,,,,,,,,,,,,,
US_BANKS,FHN,USB,First Horizon Corporation,U.S. Bancorp,-1.5102856147446304,0.5284171951046397,0.05,,False,1.4056717823029214,-2.395618118425424,,,,,,,,,,,,,,
US_BANKS,COF,TFC,Capital One Financial Corporati,Truist Financial Corporation,-1.5065088603601653,0.5302890766454739,0.05,,False,1.8656862038224606,-1.7656961241017495,,,,,,,,,,,,,,
US_BANKS,FITB,JPM,Fifth Third Bancorp,JP Morgan Chase & Co.,-1.4932214090197795,0.5368619060982538,0.05,,False,0.6535456478279573,0.10033263584742924,,,,,,,,,,,,,,
US_BANKS,RF,WFC,Regions Financial Corporation,Wells Fargo & Company,-1.4677488076421414,0.5494009719779722,0.05,,False,0.7802796973327728,-0.19602676956567233,,,,,,,,,,,,,,
US_BANKS,JPM,KEY,JP Morgan Chase & Co.,KeyCorp,-1.4620305920223102,0.5522037343468492,0.05,,False,1.0949840607981098,2.460887388606068,,,,,,,,,,,,,,
US_BANKS,COF,JPM,Capital One Financial Corporati,JP Morgan Chase & Co.,-1.4581929240151261,0.5540821134776435,0.05,,False,1.0178185041292156,-0.44437788909616227,,,,,,,,,,,,,,
US_BANKS,FHN,PNC,First Horizon Corporation,"PNC Financial Services Group, I",-1.455869397989452,0.5552183318268815,0.05,,False,1.4740194662944117,-4.717287837627559,,,,,,,,,,,,,,
US_BANKS,JPM,PNC,JP Morgan Chase & Co.,"PNC Financial Services Group, I",-1.4410069623222264,0.5624667507537221,0.05,,False,1.4667659890110851,-2.0968535636687857,,,,,,,,,,,,,,
US_BANKS,C,WFC,"Citigroup, Inc.",Wells Fargo & Company,-1.432817615923781,0.5664457883814061,0.05,,False,1.85905498851968,-3.5378014346479993,,,,,,,,,,,,,,
US_BANKS,MTB,WFC,M&T Bank Corporation,Wells Fargo & Company,-1.3880598012881682,0.5879868249627445,0.05,,False,0.6651717671422999,2.3695619553022396,,,,,,,,,,,,,,
US_BANKS,FITB,PNFP,Fifth Third Bancorp,"Pinnacle Financial Partners, In",-1.3720013267121811,0.5956230184989986,0.05,,False,1.4613681511434504,-2.9550610922471283,,,,,,,,,,,,,,
US_BANKS,FITB,WFC,Fifth Third Bancorp,Wells Fargo & Company,-1.3111136333131834,0.624072599227929,0.05,,False,0.633785151680597,1.0221683065900584,,,,,,,,,,,,,,
US_BANKS,FHN,FITB,First Horizon Corporation,Fifth Third Bancorp,-1.2891135312598903,0.6341380524807745,0.05,,False,1.5357705679208402,-2.7572011317920397,,,,,,,,,,,,,,
US_BANKS,JPM,USB,JP Morgan Chase & Co.,U.S. Bancorp,-1.2868607949821957,0.6351618730663574,0.05,,False,1.3840891074487829,0.26950745497719897,,,,,,,,,,,,,,
US_BANKS,CFG,JPM,"Citizens Financial Group, Inc.",JP Morgan Chase & Co.,-1.28233089444237,0.637216686771171,0.05,,False,1.2982369266136593,-3.382842339639512,,,,,,,,,,,,,,
US_BANKS,FHN,KEY,First Horizon Corporation,KeyCorp,-1.2663839112301896,0.6444080142709894,0.05,,False,1.137601235634387,-0.24248975784571591,,,,,,,,,,,,,,
US_BANKS,PNC,PNFP,"PNC Financial Services Group, I","Pinnacle Financial Partners, In",-1.2291473823724894,0.6609332770179787,0.05,,False,1.3576320742909949,-0.9936335246303862,,,,,,,,,,,,,,
US_BANKS,BAC,WFC,Bank of America Corporation,Wells Fargo & Company,-1.197033728372896,0.6748704236396394,0.05,,False,0.7784611514563882,0.4778216385162537,,,,,,,,,,,,,,
US_BANKS,KEY,WFC,KeyCorp,Wells Fargo & Company,-1.155657177950813,0.6923743040643988,0.05,,False,0.9080890834947957,-1.0554341421857631,,,,,,,,,,,,,,
US_BANKS,PNFP,ZION,"Pinnacle Financial Partners, In",Zions Bancorporation N.A.,-1.1092845319240654,0.7113551742431754,0.05,,False,0.6785344244288811,1.903162703595711,,,,,,,,,,,,,,
US_BANKS,COF,MTB,Capital One Financial Corporati,M&T Bank Corporation,-1.084615001735654,0.7211681071927328,0.05,,False,1.619239584716621,-3.231354812750787,,,,,,,,,,,,,,
US_BANKS,PNC,WFC,"PNC Financial Services Group, I",Wells Fargo & Company,-1.0394381073018715,0.738609867242077,0.05,,False,0.667168375743375,2.3654736835138106,,,,,,,,,,,,,,
US_BANKS,C,COF,"Citigroup, Inc.",Capital One Financial Corporati,-1.0242178092620953,0.7443292598523725,0.05,,False,1.971319867252696,-5.8634904707979585,,,,,,,,,,,,,,
US_BANKS,CFG,WFC,"Citizens Financial Group, Inc.",Wells Fargo & Company,-1.0056651432688655,0.7511924663000471,0.05,,False,1.3349421407435336,-1.8771119241851277,,,,,,,,,,,,,,
US_BANKS,USB,WFC,U.S. Bancorp,Wells Fargo & Company,-0.9402888355395733,0.7744154522525004,0.05,,False,0.7101547718657379,0.7836565109153772,,,,,,,,,,,,,,
US_BANKS,BAC,COF,Bank of America Corporation,Capital One Financial Corporati,-0.9331572460204068,0.7768572867810624,0.05,,False,0.7453430608285456,-0.07774157416101257,,,,,,,,,,,,,,
US_BANKS,HBAN,PNFP,Huntington Bancshares Incorpora,"Pinnacle Financial Partners, In",-0.9087677300897996,0.78507136710978,0.05,,False,0.7503565602180352,-0.7160788293299571,,,,,,,,,,,,,,
US_BANKS,COF,ZION,Capital One Financial Corporati,Zions Bancorporation N.A.,-0.8558933608393247,0.8021503031312263,0.05,,False,1.4717169089105626,-0.5851298555760334,,,,,,,,,,,,,,
US_BANKS,COF,RF,Capital One Financial Corporati,Regions Financial Corporation,-0.7638179085617103,0.8295199846662997,0.05,,False,1.3477809176239974,0.978676657548748,,,,,,,,,,,,,,
US_BANKS,CFG,COF,"Citizens Financial Group, Inc.",Capital One Financial Corporati,-0.6719217826404078,0.853889007617369,0.05,,False,1.3688801229782663,-3.303463560378744,,,,,,,,,,,,,,
US_BANKS,PNFP,TFC,"Pinnacle Financial Partners, In",Truist Financial Corporation,-0.6517829097128306,0.8588468085615957,0.05,,False,1.5322318388667353,-1.1576553683629838,,,,,,,,,,,,,,
US_BANKS,MTB,PNFP,M&T Bank Corporation,"Pinnacle Financial Partners, In",-0.6473348380090401,0.8599236691822907,0.05,,False,1.1046583619536532,0.16046409958753038,,,,,,,,,,,,,,
US_BANKS,COF,FITB,Capital One Financial Corporati,Fifth Third Bancorp,-0.5288048175216892,0.8862718061485293,0.05,,False,1.7614500506912858,-1.3633856046837884,,,,,,,,,,,,,,
US_BANKS,COF,PNC,Capital One Financial Corporati,"PNC Financial Services Group, I",-0.4443965476221769,0.9024180966795112,0.05,,False,1.6302194083383306,-3.2959458312843903,,,,,,,,,,,,,,
US_BANKS,COF,KEY,Capital One Financial Corporati,KeyCorp,-0.3956252109915119,0.9108266520054187,0.05,,False,1.146890248853482,1.96850661777111,,,,,,,,,,,,,,
US_BANKS,COF,USB,Capital One Financial Corporati,U.S. Bancorp,-0.2699839117839255,0.9296492365353023,0.05,,False,1.544966560892354,-0.6912795175750608,,,,,,,,,,,,,,
US_DEFENSE_AEROSPACE,GD,LHX,General Dynamics Corporation,"L3Harris Technologies, Inc.",-3.0448556394674946,0.03091251761672893,0.05,,False,0.6362504114935805,2.173956028234483,,,,,,,,,,,,,,
US_DEFENSE_AEROSPACE,GD,RTX,General Dynamics Corporation,RTX Corporation,-2.732687008971402,0.06855076188139658,0.05,,False,0.5079943983557637,3.180917517660009,,,,,,,,,,,,,,
US_DEFENSE_AEROSPACE,LHX,NOC,"L3Harris Technologies, Inc.",Northrop Grumman Corporation,-2.463463208194206,0.12461904389953132,0.05,,False,1.311397891136446,-2.6763930417828465,,,,,,,,,,,,,,
US_DEFENSE_AEROSPACE,LHX,RTX,"L3Harris Technologies, Inc.",RTX Corporation,-2.1900219396343723,0.20988682860640995,0.05,,False,0.8332128039519179,1.4098874945531419,,,,,,,,,,,,,,
US_DEFENSE_AEROSPACE,GD,NOC,General Dynamics Corporation,Northrop Grumman Corporation,-1.8523798752306169,0.3547837446999377,0.05,,False,0.8104526632586191,0.6211260449422724,,,,,,,,,,,,,,
US_DEFENSE_AEROSPACE,LMT,NOC,Lockheed Martin Corporation,Northrop Grumman Corporation,-1.7366573505573675,0.4123312939256807,0.05,,False,0.7866397409117244,1.2632955613407457,,,,,,,,,,,,,,
US_DEFENSE_AEROSPACE,LHX,LMT,"L3Harris Technologies, Inc.",Lockheed Martin Corporation,-1.6476829180009158,0.45824913022731445,0.05,,False,1.8708277206590171,-6.044810610174018,,,,,,,,,,,,,,
US_DEFENSE_AEROSPACE,LMT,RTX,Lockheed Martin Corporation,RTX Corporation,-1.5496965093129667,0.508799790105883,0.05,,False,0.3237247711723227,4.588718031980636,,,,,,,,,,,,,,
US_DEFENSE_AEROSPACE,GD,LMT,General Dynamics Corporation,Lockheed Martin Corporation,-1.459743276636621,0.5533235389632268,0.05,,False,0.9578302632771166,-0.2315563855225431,,,,,,,,,,,,,,
US_DEFENSE_AEROSPACE,NOC,RTX,Northrop Grumman Corporation,RTX Corporation,-1.2595336928600265,0.6474764956779094,0.05,,False,0.6301743184978775,3.1417331111724702,,,,,,,,,,,,,,
US_GOLD_MINERS,AEM,KGC,Agnico Eagle Mines Limited,Kinross Gold Corporation,-2.8646953958933343,0.04961016815333404,0.05,,False,0.7540797516120756,2.68987500110804,,,,,,,,,,,,,,
US_GOLD_MINERS,AU,KGC,AngloGold Ashanti PLC,Kinross Gold Corporation,-2.725256557854082,0.06976882072307171,0.05,,False,1.1142286376885795,0.716322252361727,,,,,,,,,,,,,,
US_GOLD_MINERS,AU,NEM,AngloGold Ashanti PLC,Newmont Corporation,-2.4417705068699695,0.13029227779076025,0.05,,False,1.4287821292734586,-2.1280465608753327,,,,,,,,,,,,,,
US_GOLD_MINERS,AEM,AU,Agnico Eagle Mines Limited,AngloGold Ashanti PLC,-2.3219287114482596,0.164993025696635,0.05,,False,0.674781623784036,2.212733946586122,,,,,,,,,,,,,,
US_GOLD_MINERS,KGC,NEM,Kinross Gold Corporation,Newmont Corporation,-1.907429885354714,0.3285739714884913,0.05,,False,1.2854183383002067,-2.565769405413596,,,,,,,,,,,,,,
US_GOLD_MINERS,AEM,NEM,Agnico Eagle Mines Limited,Newmont Corporation,-1.7378495707688288,0.41172425288195436,0.05,,False,0.9602302927873115,0.7929974719783628,,,,,,,,,,,,,,
US_GOLD_MINERS,GOLD,NEM,"Gold.com, Inc.",Newmont Corporation,-1.500156621978972,0.5334338588340622,0.05,,False,0.5751156848379756,1.0046301584013695,,,,,,,,,,,,,,
US_GOLD_MINERS,AEM,GOLD,Agnico Eagle Mines Limited,"Gold.com, Inc.",-1.3324715345645142,0.6141887614525094,0.05,,False,2.092184540541554,-2.3239568139259994,,,,,,,,,,,,,,
US_GOLD_MINERS,AU,GOLD,AngloGold Ashanti PLC,"Gold.com, Inc.",-1.2725223223157676,0.6416477761961181,0.05,,False,3.7861470694576487,-9.05899489462859,,,,,,,,,,,,,,
US_GOLD_MINERS,GOLD,KGC,"Gold.com, Inc.",Kinross Gold Corporation,-1.2337065044397475,0.6589306135207812,0.05,,False,0.28429726564467456,2.609880321221764,,,,,,,,,,,,,,
US_HOMEBUILDERS,LEN,NVR,Lennar Corporation,"NVR, Inc.",-3.567857527051753,0.006406104547016779,0.05,,False,1.7306331587644967,-10.684968770605227,,,,,,,,,,,,,,
US_HOMEBUILDERS,DHI,PHM,"D.R. Horton, Inc.","PulteGroup, Inc.",-2.5877186721274614,0.09556222779090362,0.05,,False,1.2317358641494263,-0.8817234268192102,,,,,,,,,,,,,,
US_HOMEBUILDERS,PHM,TOL,"PulteGroup, Inc.","Toll Brothers, Inc.",-2.5654814826981847,0.10034344961643993,0.05,,False,0.7755730978516868,0.9954137599496748,,,,,,,,,,,,,,
US_HOMEBUILDERS,KBH,MTH,KB Home,Meritage Homes Corporation,-2.4206952488914277,0.13598031609240357,0.05,,False,1.184927809963503,-0.9630595027661695,,,,,,,,,,,,,,
US_HOMEBUILDERS,KBH,NVR,KB Home,"NVR, Inc.",-2.216132803018786,0.20044236966418294,0.05,,False,1.3492925672050975,-7.950771562118594,,,,,,,,,,,,,,
US_HOMEBUILDERS,DHI,MTH,"D.R. Horton, Inc.",Meritage Homes Corporation,-1.7064311450494491,0.42780204083924195,0.05,,False,0.9501876274944302,0.9206918006886724,,,,,,,,,,,,,,
US_HOMEBUILDERS,DHI,TOL,"D.R. Horton, Inc.","Toll Brothers, Inc.",-1.671917254469051,0.4456365211859603,0.05,,False,0.951594490840875,0.3624127880997694,,,,,,,,,,,,,,
US_HOMEBUILDERS,DHI,KBH,"D.R. Horton, Inc.",KB Home,-1.5095128260103057,0.5288003410037729,0.05,,False,0.7618985191222462,1.8577157111786895,,,,,,,,,,,,,,
US_HOMEBUILDERS,MTH,TOL,Meritage Homes Corporation,"Toll Brothers, Inc.",-1.4185359752092763,0.573358189296645,0.05,,False,0.99861777716054,-0.5736058152614909,,,,,,,,,,,,,,
US_HOMEBUILDERS,MTH,PHM,Meritage Homes Corporation,"PulteGroup, Inc.",-1.3285959889126984,0.6159902138625982,0.05,,False,1.4583841709049785,-2.6703280061697994,,,,,,,,,,,,,,
US_HOMEBUILDERS,KBH,PHM,KB Home,"PulteGroup, Inc.",-1.2817486188800602,0.6374804308907231,0.05,,False,1.9258237723083613,-5.070834224854498,,,,,,,,,,,,,,
US_HOMEBUILDERS,LEN,PHM,Lennar Corporation,"PulteGroup, Inc.",-1.2695507967671618,0.6429852154558345,0.05,,False,3.417066077291506,-11.509971398332455,,,,,,,,,,,,,,
US_HOMEBUILDERS,KBH,LEN,KB Home,Lennar Corporation,-1.225737503562232,0.6624272692158901,0.05,,False,0.7714227284143117,0.4192634594514253,,,,,,,,,,,,,,
US_HOMEBUILDERS,MTH,NVR,Meritage Homes Corporation,"NVR, Inc.",-1.1313420163498682,0.7024126475612765,0.05,,False,1.1362511093840844,-5.875141166353737,,,,,,,,,,,,,,
US_HOMEBUILDERS,KBH,TOL,KB Home,"Toll Brothers, Inc.",-1.028424631503702,0.7427564320385243,0.05,,False,1.4066419675042678,-2.730327441990747,,,,,,,,,,,,,,
US_HOMEBUILDERS,LEN,TOL,Lennar Corporation,"Toll Brothers, Inc.",-0.842994598199444,0.8061654648500108,0.05,,False,3.2911438802288218,-11.229653589354315,,,,,,,,,,,,,,
US_HOMEBUILDERS,DHI,LEN,"D.R. Horton, Inc.",Lennar Corporation,-0.7036631451996791,0.8457984176550719,0.05,,False,0.5066162163111747,2.566264774186497,,,,,,,,,,,,,,
US_HOMEBUILDERS,LEN,MTH,Lennar Corporation,Meritage Homes Corporation,-0.6885463053126205,0.8496940383818833,0.05,,False,1.57166143146202,-1.9447421675389434,,,,,,,,,,,,,,
US_HOMEBUILDERS,NVR,PHM,"NVR, Inc.","PulteGroup, Inc.",-0.6123255392267788,0.8681725670383142,0.05,,False,1.284100262618437,2.817675100831228,,,,,,,,,,,,,,
US_HOMEBUILDERS,DHI,NVR,"D.R. Horton, Inc.","NVR, Inc.",-0.43025073722310214,0.9049241512246957,0.05,,False,1.1187957864917515,-5.011952623130215,,,,,,,,,,,,,,
US_HOMEBUILDERS,NVR,TOL,"NVR, Inc.","Toll Brothers, Inc.",0.19491693813237018,0.9719750551285148,0.05,,False,0.7195175938661208,5.441764355802738,,,,,,,,,,,,,,
US_INSURANCE,ALL,TRV,Allstate Corporation (The),"The Travelers Companies, Inc.",-5.200306509386796,8.779424266513974e-06,0.05,6.026154203315098e-05,True,0.6768812047016858,1.5046766174247623,6.99139918506367,0.0001964896793836944,-0.09914284139872538,21.0,-3.3153641338914515,3.3153641338914515,True,2026-09-23 00:00:00,0.8,-0.05546005015789063,-0.7225308731209479,-0.1671163286965589,False,mixed signal
US_INSURANCE,ALL,GL,Allstate Corporation (The),Globe Life Inc.,-4.857755776138063,4.2115117625664565e-05,0.05,6.026154203315098e-05,True,0.45199835488698203,3.0870656659657376,7.744844824042104,9.052109579646208e-05,-0.08949787843498529,23.0,-3.967260739814469,3.967260739814469,True,2026-09-23 00:00:00,1.0,-0.05749226751821604,-0.606907156846165,0.10403192461392718,False,mixed signal
US_INSURANCE,AIG,PRU,"American International Group, I","Prudential Financial, Inc.",-4.776661140284953,6.026154203315098e-05,0.05,6.026154203315098e-05,True,-0.6188290967705926,7.187119090615581,8.028819709373105,0.00018878311567331285,-0.08633238827753759,24.0,-0.6293292984737824,2.6578709151076008,False,,0.8,0.015579831769533713,0.6854786080206487,1.259234243971177,True,reversion signs agree
US_INSURANCE,HIG,PRU,"The Hartford Insurance Group, I","Prudential Financial, Inc.",-3.7290911020520885,0.0037220792524928605,0.05,6.026154203315098e-05,False,-2.686923451866811,17.23465316455892,,,,,,,,,,,,,,
US_INSURANCE,ALL,PRU,Allstate Corporation (The),"Prudential Financial, Inc.",-3.665639746076182,0.004623257298063787,0.05,6.026154203315098e-05,False,-1.965886419251818,14.365019768917852,,,,,,,,,,,,,,
US_INSURANCE,AFL,PRU,AFLAC Incorporated,"Prudential Financial, Inc.",-3.5173547474828504,0.007552414626716442,0.05,6.026154203315098e-05,False,-1.1906769289295296,10.161978496854445,,,,,,,,,,,,,,
US_INSURANCE,GL,PRU,Globe Life Inc.,"Prudential Financial, Inc.",-3.416364882413736,0.010413484883468284,0.05,6.026154203315098e-05,False,-5.672277647095516,31.077274118217375,,,,,,,,,,,,,,
US_INSURANCE,PRU,TRV,"Prudential Financial, Inc.","The Travelers Companies, Inc.",-3.410944003191229,0.01059140113400864,0.05,6.026154203315098e-05,False,-0.2713145142137516,6.13654408435257,,,,,,,,,,,,,,
US_INSURANCE,AIG,UNM,"American International Group, I",Unum Group,-3.402303405760718,0.010880598846605099,0.05,6.026154203315098e-05,False,0.21821490623117343,3.393920434809472,,,,,,,,,,,,,,
US_INSURANCE,GL,TRV,Globe Life Inc.,"The Travelers Companies, Inc.",-3.3618046668944817,0.012331938949119757,0.05,6.026154203315098e-05,False,1.4808730547203668,-3.4084113725255563,,,,,,,,,,,,,,
US_INSURANCE,PRU,UNM,"Prudential Financial, Inc.",Unum Group,-3.352496621154733,0.012688864454968406,0.05,6.026154203315098e-05,False,-0.15911912514023313,5.306977786987838,,,,,,,,,,,,,,
US_INSURANCE,AFL,TRV,AFLAC Incorporated,"The Travelers Companies, Inc.",-3.344120350683091,0.013017857598950897,0.05,6.026154203315098e-05,False,0.5053957090186253,1.8431457313537272,,,,,,,,,,,,,,
US_INSURANCE,AFL,CB,AFLAC Incorporated,Chubb Limited,-3.3167334576522607,0.014146858112239905,0.05,6.026154203315098e-05,False,0.8385524307530644,-0.09670332238660517,,,,,,,,,,,,,,
US_INSURANCE,AIG,GL,"American International Group, I",Globe Life Inc.,-3.3050170755121604,0.014655695161042417,0.05,6.026154203315098e-05,False,0.1647051593957457,3.529106677552512,,,,,,,,,,,,,,
US_INSURANCE,AFL,ALL,AFLAC Incorporated,Allstate Corporation (The),-3.296735755552733,0.015025018329572655,0.05,6.026154203315098e-05,False,0.7874550178154324,0.5049774267143379,,,,,,,,,,,,,,
US_INSURANCE,AFL,PGR,AFLAC Incorporated,Progressive Corporation (The),-3.2763361293217903,0.015969960281053235,0.05,6.026154203315098e-05,False,-0.10360046848064472,5.208897231384744,,,,,,,,,,,,,,
US_INSURANCE,AIG,LNC,"American International Group, I",Lincoln National Corporation,-3.2581039216666814,0.01685830209178815,0.05,6.026154203315098e-05,False,0.2129321721010802,3.5730624269137414,,,,,,,,,,,,,,
US_INSURANCE,CB,PRU,Chubb Limited,"Prudential Financial, Inc.",-3.19851553716331,0.020070766712808785,0.05,6.026154203315098e-05,False,-1.8118085921695577,14.04844490107578,,,,,,,,,,,,,,
US_INSURANCE,AFL,GL,AFLAC Incorporated,Globe Life Inc.,-3.18927973035051,0.020613656962038745,0.05,6.026154203315098e-05,False,0.3282685356066542,3.0689947954181425,,,,,,,,,,,,,,
US_INSURANCE,AIG,HIG,"American International Group, I","The Hartford Insurance Group, I",-3.136147017665687,0.023991245358058126,0.05,6.026154203315098e-05,False,0.3756789037058617,2.52106020128169,,,,,,,,,,,,,,
US_INSURANCE,MET,UNM,"MetLife, Inc.",Unum Group,-3.132584368427589,0.024233904851343333,0.05,6.026154203315098e-05,False,0.2667117758133824,3.195363709596039,,,,,,,,,,,,,,
US_INSURANCE,AIG,PGR,"American International Group, I",Progressive Corporation (The),-3.1319605264170063,0.02427661310165499,0.05,6.026154203315098e-05,False,0.2880383718684524,2.7636711286369287,,,,,,,,,,,,,,
US_INSURANCE,HIG,PGR,"The Hartford Insurance Group, I",Progressive Corporation (The),-3.1208176541114834,0.025050458244624547,0.05,6.026154203315098e-05,False,-1.2226141562303672,11.40575888504489,,,,,,,,,,,,,,
US_INSURANCE,AIG,TRV,"American International Group, I","The Travelers Companies, Inc.",-3.1098872178783346,0.025830090148697055,0.05,6.026154203315098e-05,False,0.27573320848529315,2.7910625579805983,,,,,,,,,,,,,,
US_INSURANCE,LNC,PRU,Lincoln National Corporation,"Prudential Financial, Inc.",-3.0545119806781185,0.030107828145470104,0.05,6.026154203315098e-05,False,-22.041778178227506,105.58014738285422,,,,,,,,,,,,,,
US_INSURANCE,ALL,LNC,Allstate Corporation (The),Lincoln National Corporation,-3.0434336140592153,0.031032551278659917,0.05,6.026154203315098e-05,False,0.47379149187829744,3.596351357041164,,,,,,,,,,,,,,
US_INSURANCE,ALL,UNM,Allstate Corporation (The),Unum Group,-3.02374599428182,0.032735546504692965,0.05,6.026154203315098e-05,False,0.47366957808577764,3.2482364804777077,,,,,,,,,,,,,,
US_INSURANCE,AIG,ALL,"American International Group, I",Allstate Corporation (The),-2.9921622673242725,0.03563285712221468,0.05,6.026154203315098e-05,False,0.48216868596964746,1.784470557159095,,,,,,,,,,,,,,
US_INSURANCE,GL,MET,Globe Life Inc.,"MetLife, Inc.",-2.9539384351203504,0.039425656285095825,0.05,6.026154203315098e-05,False,5.209871352441159,-17.743068543506205,,,,,,,,,,,,,,
US_INSURANCE,PGR,PRU,Progressive Corporation (The),"Prudential Financial, Inc.",-2.904366155465122,0.04484262371785462,0.05,6.026154203315098e-05,False,669.5965358097097,-3095.1637872519887,,,,,,,,,,,,,,
US_INSURANCE,CB,PGR,Chubb Limited,Progressive Corporation (The),-2.902410196000496,0.045068441486423735,0.05,6.026154203315098e-05,False,-0.47464509945297273,8.226130269788879,,,,,,,,,,,,,,
US_INSURANCE,AFL,LNC,AFLAC Incorporated,Lincoln National Corporation,-2.897478478621947,0.045642002797721605,0.05,6.026154203315098e-05,False,0.3122692372991897,3.55075595421979,,,,,,,,,,,,,,
US_INSURANCE,HIG,LNC,"The Hartford Insurance Group, I",Lincoln National Corporation,-2.795343198944443,0.05894204404465984,0.05,6.026154203315098e-05,False,0.6657226765853106,2.4524823223219134,,,,,,,,,,,,,,
US_INSURANCE,PGR,TRV,Progressive Corporation (The),"The Travelers Companies, Inc.",-2.783964580615519,0.06060107265232974,0.05,6.026154203315098e-05,False,-0.3431952400489983,7.3138801143556105,,,,,,,,,,,,,,
US_INSURANCE,MET,PGR,"MetLife, Inc.",Progressive Corporation (The),-2.7214814094035114,0.07039423993330951,0.05,6.026154203315098e-05,False,0.23807020251898503,3.0415609331584825,,,,,,,,,,,,,,
US_INSURANCE,ALL,MET,Allstate Corporation (The),"MetLife, Inc.",-2.717558033152531,0.07104893116946992,0.05,6.026154203315098e-05,False,1.6526924518869863,-1.8929456306693675,,,,,,,,,,,,,,
US_INSURANCE,AIG,CB,"American International Group, I",Chubb Limited,-2.693665604878613,0.07514082485559223,0.05,6.026154203315098e-05,False,0.3884178111070987,2.1236276623853323,,,,,,,,,,,,,,
US_INSURANCE,AFL,MET,AFLAC Incorporated,"MetLife, Inc.",-2.6734342150893506,0.07874920055016782,0.05,6.026154203315098e-05,False,1.1255888744533613,-0.22441185354768756,,,,,,,,,,,,,,
US_INSURANCE,AFL,AIG,AFLAC Incorporated,"American International Group, I",-2.657571194743226,0.08167243332846741,0.05,6.026154203315098e-05,False,2.0251385841268124,-4.1033520736262,,,,,,,,,,,,,,
US_INSURANCE,LNC,PGR,Lincoln National Corporation,Progressive Corporation (The),-2.6437204048248923,0.08429354789160315,0.05,6.026154203315098e-05,False,-3.6276204256905604,23.136730501825504,,,,,,,,,,,,,,
US_INSURANCE,LNC,MET,Lincoln National Corporation,"MetLife, Inc.",-2.604745057025269,0.09202052111033998,0.05,6.026154203315098e-05,False,4.251035638588849,-14.888275979311874,,,,,,,,,,,,,,
US_INSURANCE,AFL,HIG,AFLAC Incorporated,"The Hartford Insurance Group, I",-2.5974234427691143,0.09353095959570057,0.05,6.026154203315098e-05,False,0.5980735711252274,1.7820732479859953,,,,,,,,,,,,,,
US_INSURANCE,AFL,UNM,AFLAC Incorporated,Unum Group,-2.579823632142937,0.09723942455599027,0.05,6.026154203315098e-05,False,0.30248543410139433,3.362571029820486,,,,,,,,,,,,,,
US_INSURANCE,LNC,TRV,Lincoln National Corporation,"The Travelers Companies, Inc.",-2.5608731057921723,0.10135660716899259,0.05,6.026154203315098e-05,False,1.2303479202474927,-3.3140179686307336,,,,,,,,,,,,,,
US_INSURANCE,MET,TRV,"MetLife, Inc.","The Travelers Companies, Inc.",-2.5261441633040516,0.10924205168360651,0.05,6.026154203315098e-05,False,0.27743784492356177,2.78922012842851,,,,,,,,,,,,,,
US_INSURANCE,GL,LNC,Globe Life Inc.,Lincoln National Corporation,-2.51548949417905,0.11175090632332707,0.05,6.026154203315098e-05,False,1.3243238574589344,0.15608187975601595,,,,,,,,,,,,,,
US_INSURANCE,HIG,MET,"The Hartford Insurance Group, I","MetLife, Inc.",-2.4646798498143134,0.1243062722329098,0.05,6.026154203315098e-05,False,3.4969434025219157,-10.34629537238816,,,,,,,,,,,,,,
US_INSURANCE,ALL,CB,Allstate Corporation (The),Chubb Limited,-2.4375503168898556,0.13141730561797216,0.05,6.026154203315098e-05,False,1.0820972710686434,-0.8614599487274806,,,,,,,,,,,,,,
US_INSURANCE,GL,PGR,Globe Life Inc.,Progressive Corporation (The),-2.41728873047566,0.13691612950559834,0.05,6.026154203315098e-05,False,-10.173488797552814,59.83854893585725,,,,,,,,,,,,,,
US_INSURANCE,ALL,PGR,Allstate Corporation (The),Progressive Corporation (The),-2.3735112527695432,0.14935263930962595,0.05,6.026154203315098e-05,False,0.09564646856329541,4.744628710700789,,,,,,,,,,,,,,
US_INSURANCE,CB,GL,Chubb Limited,Globe Life Inc.,-2.366541965289332,0.15140317220096305,0.05,6.026154203315098e-05,False,0.3557303401290117,3.9471664481329323,,,,,,,,,,,,,,
US_INSURANCE,CB,MET,Chubb Limited,"MetLife, Inc.",-2.3312655535660243,0.1620823605045889,0.05,6.026154203315098e-05,False,2.320690917963617,-4.38799101609548,,,,,,,,,,,,,,
US_INSURANCE,TRV,UNM,"The Travelers Companies, Inc.",Unum Group,-2.22912630943613,0.19584459758101141,0.05,6.026154203315098e-05,False,0.7190724836263794,2.4938642751105764,,,,,,,,,,,,,,
US_INSURANCE,AIG,MET,"American International Group, I","MetLife, Inc.",-2.2184524244720696,0.1996165825447485,0.05,6.026154203315098e-05,False,0.5865482715549561,1.7823141599497645,,,,,,,,,,,,,,
US_INSURANCE,MET,PRU,"MetLife, Inc.","Prudential Financial, Inc.",-2.130232763287143,0.23253287109691112,0.05,6.026154203315098e-05,False,0.8908020429258451,0.20437866995255138,,,,,,,,,,,,,,
US_INSURANCE,HIG,TRV,"The Hartford Insurance Group, I","The Travelers Companies, Inc.",-2.074297022039424,0.25497468507054055,0.05,6.026154203315098e-05,False,0.8418811236680326,0.11964634961545784,,,,,,,,,,,,,,
US_INSURANCE,GL,UNM,Globe Life Inc.,Unum Group,-2.0685888780817936,0.2573312544774281,0.05,6.026154203315098e-05,False,1.1266251060316317,0.022079777587091343,,,,,,,,,,,,,,
US_INSURANCE,ALL,HIG,Allstate Corporation (The),"The Hartford Insurance Group, I",-2.0541389358774103,0.2633506608578286,0.05,6.026154203315098e-05,False,0.7959259947270038,1.4472270353716148,,,,,,,,,,,,,,
US_INSURANCE,CB,TRV,Chubb Limited,"The Travelers Companies, Inc.",-2.0450313264455247,0.2671839149323303,0.05,6.026154203315098e-05,False,0.603129543019344,2.3109473759469865,,,,,,,,,,,,,,
US_INSURANCE,GL,HIG,Globe Life Inc.,"The Hartford Insurance Group, I",-1.9709561734506753,0.2994511667394074,0.05,6.026154203315098e-05,False,1.8052095232765313,-3.840320635206579,,,,,,,,,,,,,,
US_INSURANCE,LNC,UNM,Lincoln National Corporation,Unum Group,-1.947540796463335,0.3100372635597589,0.05,6.026154203315098e-05,False,0.8227508102630052,0.017709320956117214,,,,,,,,,,,,,,
US_INSURANCE,CB,UNM,Chubb Limited,Unum Group,-1.8124278599867287,0.3743092955111167,0.05,6.026154203315098e-05,False,0.3178277858960054,4.307656313646941,,,,,,,,,,,,,,
US_INSURANCE,HIG,UNM,"The Hartford Insurance Group, I",Unum Group,-1.6855597789178778,0.43856744917896684,0.05,6.026154203315098e-05,False,0.5446098253918686,2.4775106784980694,,,,,,,,,,,,,,
US_INSURANCE,CB,LNC,Chubb Limited,Lincoln National Corporation,-1.5357801382316936,0.5157430563844275,0.05,6.026154203315098e-05,False,0.31762219707052214,4.5422484139150585,,,,,,,,,,,,,,
US_INSURANCE,PGR,UNM,Progressive Corporation (The),Unum Group,-1.474501400386257,0.5460853199379306,0.05,6.026154203315098e-05,False,0.20208097396484323,4.549728934593799,,,,,,,,,,,,,,
US_INSURANCE,CB,HIG,Chubb Limited,"The Hartford Insurance Group, I",-1.4266188578820884,0.5694502866150294,0.05,6.026154203315098e-05,False,0.7193483476396831,2.2111345840631884,,,,,,,,,,,,,,
US_MEDIA_TELECOM,CMCSA,VZ,Comcast Corporation,Verizon Communications Inc.,-2.7399990919032375,0.06736872296379273,0.05,,False,-1.7908108222555632,10.009627252793598,,,,,,,,,,,,,,
US_MEDIA_TELECOM,CHTR,TMUS,"Charter Communications, Inc.","T-Mobile US, Inc.",-2.5768919921074587,0.09786789035506732,0.05,,False,4.843759503257824,-20.31771039962651,,,,,,,,,,,,,,
US_MEDIA_TELECOM,CHTR,VZ,"Charter Communications, Inc.",Verizon Communications Inc.,-2.525010661252596,0.10950694014486428,0.05,,False,-5.221722557821669,24.890642923464107,,,,,,,,,,,,,,
US_MEDIA_TELECOM,CMCSA,TMUS,Comcast Corporation,"T-Mobile US, Inc.",-2.323156747595056,0.16460818223355517,0.05,,False,1.512047972415642,-4.695397620113141,,,,,,,,,,,,,,
US_MEDIA_TELECOM,CHTR,T,"Charter Communications, Inc.",AT&T Inc.,-2.1018945396170907,0.24375348033778144,0.05,,False,-7.262081412648361,28.561247803484726,,,,,,,,,,,,,,
US_MEDIA_TELECOM,CHTR,CMCSA,"Charter Communications, Inc.",Comcast Corporation,-2.0245213462332643,0.27592590539597184,0.05,,False,2.8921821789964386,-4.21519759317692,,,,,,,,,,,,,,
US_MEDIA_TELECOM,TMUS,VZ,"T-Mobile US, Inc.",Verizon Communications Inc.,-1.774246167077815,0.3933206193101539,0.05,,False,61.30995189817812,-220.6198539881539,,,,,,,,,,,,,,
US_MEDIA_TELECOM,CMCSA,T,Comcast Corporation,AT&T Inc.,-1.643355780901557,0.460507842857754,0.05,,False,-0.7288044702694895,5.708860903620907,,,,,,,,,,,,,,
US_MEDIA_TELECOM,T,TMUS,AT&T Inc.,"T-Mobile US, Inc.",-1.0437567414556743,0.7369725293459868,0.05,,False,1.4928062838836391,-4.845495679165003,,,,,,,,,,,,,,
US_MEDIA_TELECOM,T,VZ,AT&T Inc.,Verizon Communications Inc.,-1.0060615396772514,0.7510470784690699,0.05,,False,1.9069335870256925,-3.8729599164758626,,,,,,,,,,,,,,
US_OIL_GAS,PSX,VLO,Phillips 66,Valero Energy Corporation,-3.7632878024620244,0.0033060720362376238,0.05,,False,0.6212855397800421,1.7351130227479081,,,,,,,,,,,,,,
US_OIL_GAS,FANG,OXY,"Diamondback Energy, Inc.",Occidental Petroleum Corporatio,-3.2139155957989436,0.019193188398666492,0.05,,False,1.0087577932324279,1.1739468697118438,,,,,,,,,,,,,,
US_OIL_GAS,PSX,XOM,Phillips 66,ExxonMobil Holdings Corporation,-3.200256958217298,0.019969810285258783,0.05,,False,1.0846249545728566,-0.2911727838050062,,,,,,,,,,,,,,
US_OIL_GAS,APA,DVN,APA Corporation,Devon Energy Corporation,-3.1449204411795404,0.023402590607769082,0.05,,False,1.76854878905762,-3.213589018160557,,,,,,,,,,,,,,
US_OIL_GAS,APA,PSX,APA Corporation,Phillips 66,-3.0846911408567848,0.02770705224228805,0.05,,False,1.7354033149095216,-5.275695779312551,,,,,,,,,,,,,,
US_OIL_GAS,EOG,OXY,"EOG Resources, Inc.",Occidental Petroleum Corporatio,-3.0520260785089706,0.030313260069528683,0.05,,False,0.5805005301775051,2.52325524444666,,,,,,,,,,,,,,
US_OIL_GAS,DVN,XOM,Devon Energy Corporation,ExxonMobil Holdings Corporation,-2.9844780413925713,0.0363696023681339,0.05,,False,1.0773564818714736,-1.513733156752414,,,,,,,,,,,,,,
US_OIL_GAS,COP,DVN,ConocoPhillips,Devon Energy Corporation,-2.9204927413143182,0.04301634155153633,0.05,,False,0.7429143508407193,1.9079328736597683,,,,,,,,,,,,,,
US_OIL_GAS,COP,OXY,ConocoPhillips,Occidental Petroleum Corporatio,-2.7792897287609972,0.06129352111203104,0.05,,False,0.8158809294220293,1.4356161411661996,,,,,,,,,,,,,,
US_OIL_GAS,COP,FANG,ConocoPhillips,"Diamondback Energy, Inc.",-2.7234727533427603,0.07006378572930032,0.05,,False,0.8111269181900542,0.47432603361636083,,,,,,,,,,,,,,
US_OIL_GAS,VLO,XOM,Valero Energy Corporation,ExxonMobil Holdings Corporation,-2.687954887949701,0.07614589266485709,0.05,,False,1.7750379324388168,-3.400434276385499,,,,,,,,,,,,,,
US_OIL_GAS,MPC,VLO,Marathon Petroleum Corporation,Valero Energy Corporation,-2.6640196288935605,0.08047405245658212,0.05,,False,0.7553959354625084,1.3418081765779815,,,,,,,,,,,,,,
US_OIL_GAS,APA,XOM,APA Corporation,ExxonMobil Holdings Corporation,-2.5466047637378924,0.10454260841143775,0.05,,False,1.9602879430635527,-6.151612676551569,,,,,,,,,,,,,,
US_OIL_GAS,APA,CVX,APA Corporation,Chevron Corporation,-2.538117052130489,0.10647328466016148,0.05,,False,2.4724835152848934,-9.23378015430959,,,,,,,,,,,,,,
US_OIL_GAS,OXY,XOM,Occidental Petroleum Corporatio,ExxonMobil Holdings Corporation,-2.5096504022173454,0.11314389968405147,0.05,,False,0.9343501615091495,-0.5778451445992046,,,,,,,,,,,,,,
US_OIL_GAS,CVX,VLO,Chevron Corporation,Valero Energy Corporation,-2.505081682290765,0.11424278750401173,0.05,,False,0.4649544543174843,2.6734056894396088,,,,,,,,,,,,,,
US_OIL_GAS,COP,XOM,ConocoPhillips,ExxonMobil Holdings Corporation,-2.4963021394634866,0.11637664866207775,0.05,,False,0.7617182845077214,0.967014152277843,,,,,,,,,,,,,,
US_OIL_GAS,APA,COP,APA Corporation,ConocoPhillips,-2.4347404735933376,0.13217023062978628,0.05,,False,2.4621442965503397,-8.129620519084062,,,,,,,,,,,,,,
US_OIL_GAS,EOG,FANG,"EOG Resources, Inc.","Diamondback Energy, Inc.",-2.417655621910188,0.13681511948961722,0.05,,False,0.5506640894882582,1.973363306573102,,,,,,,,,,,,,,
US_OIL_GAS,EOG,VLO,"EOG Resources, Inc.",Valero Energy Corporation,-2.3973414865790876,0.14248816082008353,0.05,,False,0.19187680392830397,3.798815268142628,,,,,,,,,,,,,,
US_OIL_GAS,DVN,VLO,Devon Energy Corporation,Valero Energy Corporation,-2.382950477696956,0.14660644423980596,0.05,,False,0.5285636561415559,0.9444911149263344,,,,,,,,,,,,,,
US_OIL_GAS,CVX,XOM,Chevron Corporation,ExxonMobil Holdings Corporation,-2.3759110063307234,0.1486510844167705,0.05,,False,0.8338241129235765,1.0519261739601715,,,,,,,,,,,,,,
US_OIL_GAS,DVN,PSX,Devon Energy Corporation,Phillips 66,-2.3721447758623033,0.14975315337728085,0.05,,False,0.9796682309557841,-1.1582588936102747,,,,,,,,,,,,,,
US_OIL_GAS,COP,EOG,ConocoPhillips,"EOG Resources, Inc.",-2.365125353354245,0.15182235917579928,0.05,,False,1.3742137295442682,-1.9618165643867034,,,,,,,,,,,,,,
US_OIL_GAS,MPC,PSX,Marathon Petroleum Corporation,Phillips 66,-2.3593572038537434,0.153537533045443,0.05,,False,1.2215548563183638,-0.7955286168509019,,,,,,,,,,,,,,
US_OIL_GAS,CVX,PSX,Chevron Corporation,Phillips 66,-2.2845935508919273,0.17698501144520673,0.05,,False,0.7617927605549756,1.3096707495557616,,,,,,,,,,,,,,
US_OIL_GAS,DVN,FANG,Devon Energy Corporation,"Diamondback Energy, Inc.",-2.264090630889412,0.18381105429424693,0.05,,False,1.099255019951841,-1.9673995709053838,,,,,,,,,,,,,,
US_OIL_GAS,APA,VLO,APA Corporation,Valero Energy Corporation,-2.2550752035816637,0.18686651813318206,0.05,,False,1.0599116617918876,-2.172666058664913,,,,,,,,,,,,,,
US_OIL_GAS,APA,EOG,APA Corporation,"EOG Resources, Inc.",-2.24872475871601,0.18903854377743318,0.05,,False,4.217239945328784,-16.931860273757007,,,,,,,,,,,,,,
US_OIL_GAS,DVN,EOG,Devon Energy Corporation,"EOG Resources, Inc.",-2.2200190502621795,0.19906008755909638,0.05,,False,2.1340014933359135,-6.563029913187829,,,,,,,,,,,,,,
US_OIL_GAS,OXY,VLO,Occidental Petroleum Corporatio,Valero Energy Corporation,-2.2156567798892137,0.20061210196644913,0.05,,False,0.3454642209755081,2.122248814991469,,,,,,,,,,,,,,
US_OIL_GAS,APA,OXY,APA Corporation,Occidental Petroleum Corporatio,-2.1844331104397345,0.21194377281436494,0.05,,False,2.1627984972149132,-5.189327599834872,,,,,,,,,,,,,,
US_OIL_GAS,COP,VLO,ConocoPhillips,Valero Energy Corporation,-2.176838756104648,0.2147587741970422,0.05,,False,0.3587620565562214,2.7802299212742105,,,,,,,,,,,,,,
US_OIL_GAS,EOG,PSX,"EOG Resources, Inc.",Phillips 66,-2.125381062893239,0.23443196473786426,0.05,,False,0.4163725691439404,2.740258574685153,,,,,,,,,,,,,,
US_OIL_GAS,COP,PSX,ConocoPhillips,Phillips 66,-2.1195359786846386,0.23673198812593144,0.05,,False,0.6891590278159867,1.235312946248377,,,,,,,,,,,,,,
US_OIL_GAS,APA,FANG,APA Corporation,"Diamondback Energy, Inc.",-2.098829233894415,0.2449856329755435,0.05,,False,2.065390275376111,-7.307795049654004,,,,,,,,,,,,,,
US_OIL_GAS,DVN,OXY,Devon Energy Corporation,Occidental Petroleum Corporatio,-2.0903610773743684,0.2484080831482316,0.05,,False,1.1135678030730085,-0.6950204603259493,,,,,,,,,,,,,,
US_OIL_GAS,MPC,XOM,Marathon Petroleum Corporation,ExxonMobil Holdings Corporation,-2.0857477206514634,0.25028399749513397,0.05,,False,1.3610831842120312,-1.322940558501159,,,,,,,,,,,,,,
US_OIL_GAS,FANG,XOM,"Diamondback Energy, Inc.",ExxonMobil Holdings Corporation,-2.073178030914648,0.2554356984938426,0.05,,False,0.9541054348192645,0.5360734944372192,,,,,,,,,,,,,,
US_OIL_GAS,FANG,VLO,"Diamondback Energy, Inc.",Valero Energy Corporation,-2.0466276962070937,0.26650984634262165,0.05,,False,0.38105486865013166,3.150954038560972,,,,,,,,,,,,,,
US_OIL_GAS,EOG,XOM,"EOG Resources, Inc.",ExxonMobil Holdings Corporation,-2.0392671846232746,0.26962550724641426,0.05,,False,0.45973288001175444,2.5804304270662346,,,,,,,,,,,,,,
US_OIL_GAS,DVN,MPC,Devon Energy Corporation,Marathon Petroleum Corporation,-2.0146994783414196,0.28016531425826324,0.05,,False,0.7448920686737007,-0.22668521882143944,,,,,,,,,,,,,,
US_OIL_GAS,CVX,DVN,Chevron Corporation,Devon Energy Corporation,-1.980113327341143,0.2953602017885504,0.05,,False,0.7199605320228495,2.4180543597037087,,,,,,,,,,,,,,
US_OIL_GAS,OXY,PSX,Occidental Petroleum Corporatio,Phillips 66,-1.9754717180352557,0.2974303540139128,0.05,,False,0.8344461907122188,-0.19575804407859465,,,,,,,,,,,,,,
US_OIL_GAS,MPC,OXY,Marathon Petroleum Corporation,Occidental Petroleum Corporatio,-1.9752906717824235,0.2975112461151337,0.05,,False,1.8346083351052416,-1.9399230083666517,,,,,,,,,,,,,,
US_OIL_GAS,CVX,OXY,Chevron Corporation,Occidental Petroleum Corporatio,-1.9600180618640055,0.30437410157249895,0.05,,False,0.7680823297361338,2.0475340216885,,,,,,,,,,,,,,
US_OIL_GAS,CVX,MPC,Chevron Corporation,Marathon Petroleum Corporation,-1.939717678763626,0.3136134040943679,0.05,,False,0.595716532632721,1.9492915542619649,,,,,,,,,,,,,,
US_OIL_GAS,FANG,PSX,"Diamondback Energy, Inc.",Phillips 66,-1.9387884088919007,0.3140394818709189,0.05,,False,0.8547850755966584,0.9131352666754777,,,,,,,,,,,,,,
US_OIL_GAS,COP,CVX,ConocoPhillips,Chevron Corporation,-1.93666982784117,0.3150118828425179,0.05,,False,0.9375815384386283,-0.11453399329125968,,,,,,,,,,,,,,
US_OIL_GAS,CVX,EOG,Chevron Corporation,"EOG Resources, Inc.",-1.9195098162894804,0.3229394676757103,0.05,,False,1.6325722886782628,-2.7652579399026678,,,,,,,,,,,,,,
US_OIL_GAS,COP,MPC,ConocoPhillips,Marathon Petroleum Corporation,-1.9052697634716582,0.3295861232367976,0.05,,False,0.48397464095374143,2.0964664940571724,,,,,,,,,,,,,,
US_OIL_GAS,APA,MPC,APA Corporation,Marathon Petroleum Corporation,-1.8804633814665808,0.3413068228685382,0.05,,False,1.4616922461704918,-4.356561832751156,,,,,,,,,,,,,,
US_OIL_GAS,FANG,MPC,"Diamondback Energy, Inc.",Marathon Petroleum Corporation,-1.7639643679500077,0.3984933711864661,0.05,,False,0.5740000746483147,2.1164268535665114,,,,,,,,,,,,,,
US_OIL_GAS,EOG,MPC,"EOG Resources, Inc.",Marathon Petroleum Corporation,-1.6870799443361826,0.4377812707581148,0.05,,False,0.2710251954091929,3.3704832299572622,,,,,,,,,,,,,,
US_OIL_GAS,CVX,FANG,Chevron Corporation,"Diamondback Energy, Inc.",-1.6303386048413484,0.4673134788790414,0.05,,False,0.7574289118734413,1.1738707764826883,,,,,,,,,,,,,,
US_PAYMENTS,AXP,SYF,American Express Company,Synchrony Financial,-2.985299076582457,0.03629027615408936,0.05,,False,0.7014400712219554,2.795558520816362,,,,,,,,,,,,,,
US_PAYMENTS,SYF,V,Synchrony Financial,Visa Inc.,-1.7193601824388751,0.4211661437526899,0.05,,False,2.656503614196329,-11.170002849451905,,,,,,,,,,,,,,
US_PAYMENTS,MA,SYF,Mastercard Incorporated,Synchrony Financial,-1.6471802611158641,0.4585114139952439,0.05,,False,0.2834893904068749,5.088086568897043,,,,,,,,,,,,,,
US_PAYMENTS,AXP,V,American Express Company,Visa Inc.,-1.638485702444061,0.4630521664922433,0.05,,False,1.6239741996425336,-3.660182182284789,,,,,,,,,,,,,,
US_PAYMENTS,MA,V,Mastercard Incorporated,Visa Inc.,-1.4981464527830055,0.5344280621290595,0.05,,False,0.8041159227653766,1.6275222535950382,,,,,,,,,,,,,,
US_PAYMENTS,AXP,MA,American Express Company,Mastercard Incorporated,-1.379720676532657,0.5919587477574659,0.05,,False,2.1426753363575854,-7.717745800718426,,,,,,,,,,,,,,
US_PHARMA,MRK,PFE,"Merck & Company, Inc.","Pfizer, Inc.",-4.468824814196451,0.00022378110815757224,0.05,0.00022378110815757224,True,2.6007294404052708,-3.70193730947713,9.580740021360874,-0.00017955257509299447,-0.07234797928077885,29.0,-0.5962757012537739,3.809796378349289,False,,0.6,-0.045420661873578856,-1.7747571051317896,-2.055808078160608,True,reversion signs agree
US_PHARMA,AMGN,LLY,Amgen Inc.,Eli Lilly and Company,-3.5606411391058805,0.006559631649270745,0.05,0.00022378110815757224,False,0.7195955533530517,0.8375299079378422,,,,,,,,,,,,,,
US_PHARMA,BMY,MRK,Bristol-Myers Squibb Company,"Merck & Company, Inc.",-3.472339340027377,0.008726553209978288,0.05,0.00022378110815757224,False,0.5033864251433422,1.6026109574139902,,,,,,,,,,,,,,
US_PHARMA,AMGN,PFE,Amgen Inc.,"Pfizer, Inc.",-3.189566540893781,0.020596607795041206,0.05,0.00022378110815757224,False,1.6638209233965533,0.42119193655986287,,,,,,,,,,,,,,
US_PHARMA,BMY,LLY,Bristol-Myers Squibb Company,Eli Lilly and Company,-3.1400179520522995,0.0237299672678081,0.05,0.00022378110815757224,False,0.8518181804740669,-1.8650643865854755,,,,,,,,,,,,,,
US_PHARMA,AMGN,JNJ,Amgen Inc.,Johnson & Johnson,-3.100617744964759,0.026507506354829565,0.05,0.00022378110815757224,False,0.4849313345538472,3.2068852354414776,,,,,,,,,,,,,,
US_PHARMA,AMGN,MRK,Amgen Inc.,"Merck & Company, Inc.",-3.0241680054850693,0.03269822738745357,0.05,0.00022378110815757224,False,0.5437417384992306,3.227001243547444,,,,,,,,,,,,,,
US_PHARMA,LLY,MRK,Eli Lilly and Company,"Merck & Company, Inc.",-2.94464331384504,0.040397453476175335,0.05,0.00022378110815757224,False,0.7723139338853843,3.2445121130555585,,,,,,,,,,,,,,
US_PHARMA,LLY,PFE,Eli Lilly and Company,"Pfizer, Inc.",-2.937826753508003,0.04112278042702907,0.05,0.00022378110815757224,False,2.6722409779967724,-1.722009161591803,,,,,,,,,,,,,,
US_PHARMA,ABBV,JNJ,AbbVie Inc.,Johnson & Johnson,-2.9176478015992218,0.0433339501331249,0.05,0.00022378110815757224,False,0.5509943758176512,2.4244752060328594,,,,,,,,,,,,,,
US_PHARMA,JNJ,LLY,Johnson & Johnson,Eli Lilly and Company,-2.8912043023188323,0.04638041960819176,0.05,0.00022378110815757224,False,1.63478899270504,-5.906448315068292,,,,,,,,,,,,,,
US_PHARMA,ABBV,LLY,AbbVie Inc.,Eli Lilly and Company,-2.820244095460429,0.05543972273176841,0.05,0.00022378110815757224,False,0.7407807857768375,0.25210678925531216,,,,,,,,,,,,,,
US_PHARMA,JNJ,PFE,Johnson & Johnson,"Pfizer, Inc.",-2.7501438096826143,0.06575580893187999,0.05,0.00022378110815757224,False,4.5206485406854195,-9.204559967795621,,,,,,,,,,,,,,
US_PHARMA,JNJ,MRK,Johnson & Johnson,"Merck & Company, Inc.",-2.6507309305231876,0.08295881660297277,0.05,0.00022378110815757224,False,1.3658964171051395,-1.0731822298751386,,,,,,,,,,,,,,
US_PHARMA,ABBV,GILD,AbbVie Inc.,"Gilead Sciences, Inc.",-2.5026441373166155,0.11483230243319886,0.05,0.00022378110815757224,False,0.44708314117652553,3.1882613634519488,,,,,,,,,,,,,,
US_PHARMA,GILD,PFE,"Gilead Sciences, Inc.","Pfizer, Inc.",-2.460548904840998,0.1253705776910896,0.05,0.00022378110815757224,False,23.490235310427494,-69.95389976359334,,,,,,,,,,,,,,
US_PHARMA,BMY,PFE,Bristol-Myers Squibb Company,"Pfizer, Inc.",-2.3745190504060707,0.1490577339207606,0.05,0.00022378110815757224,False,3.883278631198411,-8.4349961694867,,,,,,,,,,,,,,
US_PHARMA,ABBV,PFE,AbbVie Inc.,"Pfizer, Inc.",-2.311859880777978,0.1681714497058071,0.05,0.00022378110815757224,False,3.3922936201398493,-5.5097228590385505,,,,,,,,,,,,,,
US_PHARMA,ABBV,AMGN,AbbVie Inc.,Amgen Inc.,-2.2563706986810272,0.18642542913002785,0.05,0.00022378110815757224,False,1.1743314605043027,-1.4366359927745735,,,,,,,,,,,,,,
US_PHARMA,BMY,JNJ,Bristol-Myers Squibb Company,Johnson & Johnson,-2.146342084396019,0.22629287334617226,0.05,0.00022378110815757224,False,0.49338021504401736,1.3550891310163515,,,,,,,,,,,,,,
US_PHARMA,GILD,LLY,"Gilead Sciences, Inc.",Eli Lilly and Company,-2.1271118722816533,0.23375343044800606,0.05,0.00022378110815757224,False,3.2508776934113843,-17.348442519819187,,,,,,,,,,,,,,
US_PHARMA,ABBV,MRK,AbbVie Inc.,"Merck & Company, Inc.",-2.0795562000748338,0.2528142106375393,0.05,0.00022378110815757224,False,0.21376699200967608,4.288466831605164,,,,,,,,,,,,,,
US_PHARMA,AMGN,GILD,Amgen Inc.,"Gilead Sciences, Inc.",-2.019379424565165,0.27814106900226077,0.05,0.00022378110815757224,False,0.2751671232709138,4.42801190354585,,,,,,,,,,,,,,
US_PHARMA,AMGN,BMY,Amgen Inc.,Bristol-Myers Squibb Company,-1.9641119342669497,0.30252697126561834,0.05,0.00022378110815757224,False,0.639797661142885,3.211768030253937,,,,,,,,,,,,,,
US_PHARMA,BMY,GILD,Bristol-Myers Squibb Company,"Gilead Sciences, Inc.",-1.9049600230028467,0.3297313691578455,0.05,0.00022378110815757224,False,0.40727337086441195,2.0068166291840908,,,,,,,,,,,,,,
US_PHARMA,ABBV,BMY,AbbVie Inc.,Bristol-Myers Squibb Company,-1.5138074551569771,0.5266702671007136,0.05,0.00022378110815757224,False,0.7577541819520145,2.3100307196723633,,,,,,,,,,,,,,
US_PHARMA,GILD,JNJ,"Gilead Sciences, Inc.",Johnson & Johnson,-1.351558133936104,0.6052670641771638,0.05,0.00022378110815757224,False,1.2143810612544161,-1.6154590752930567,,,,,,,,,,,,,,
US_PHARMA,GILD,MRK,"Gilead Sciences, Inc.","Merck & Company, Inc.",-1.2700087562846285,0.6427792464947981,0.05,0.00022378110815757224,False,110.16814634921084,-497.3642168077244,,,,,,,,,,,,,,
US_RAILROADS,CNI,CP,Canadian National Railway Compa,Canadian Pacific Kansas City Li,-3.500771013052142,0.00796731487791976,0.05,,False,1.2151814549913584,-0.6640860741727295,,,,,,,,,,,,,,
US_RAILROADS,CNI,UNP,Canadian National Railway Compa,Union Pacific Corporation,-3.193768174849652,0.020348247399656138,0.05,,False,1.2218426921112993,-2.0226758713182518,,,,,,,,,,,,,,
US_RAILROADS,CSX,UNP,CSX Corporation,Union Pacific Corporation,-3.1626501435338126,0.022251009134678958,0.05,,False,2.270752021481021,-8.809366342182576,,,,,,,,,,,,,,
US_RAILROADS,CP,UNP,Canadian Pacific Kansas City Li,Union Pacific Corporation,-2.9163101008241568,0.04348396365430187,0.05,,False,0.9489959239476362,-0.8108025824402594,,,,,,,,,,,,,,
US_RAILROADS,CP,CSX,Canadian Pacific Kansas City Li,CSX Corporation,-2.6795129895575176,0.07765100420674086,0.05,,False,0.33980004163061706,3.147421913118257,,,,,,,,,,,,,,
US_RAILROADS,CNI,CSX,Canadian National Railway Compa,CSX Corporation,-2.3027839159395946,0.17107167524170924,0.05,,False,0.332626783403452,3.444889368122769,,,,,,,,,,,,,,
US_RAILROADS,CP,NSC,Canadian Pacific Kansas City Li,Norfolk Southern Corporation,-2.250554349065995,0.18841109942459816,0.05,,False,0.20312706152924256,3.2215539409877216,,,,,,,,,,,,,,
US_RAILROADS,NSC,UNP,Norfolk Southern Corporation,Union Pacific Corporation,-2.081678886085433,0.25194513876932695,0.05,,False,2.5611938332109103,-8.371640826906853,,,,,,,,,,,,,,
US_RAILROADS,CNI,NSC,Canadian National Railway Compa,Norfolk Southern Corporation,-1.8101296740916335,0.3754443151486832,0.05,,False,-0.007512303752196791,4.664362514310093,,,,,,,,,,,,,,
US_RAILROADS,CSX,NSC,CSX Corporation,Norfolk Southern Corporation,-1.7074025611895818,0.42730254726430783,0.05,,False,1.0802408146515956,-2.4633436218528693,,,,,,,,,,,,,,
US_REIT,AMT,SPG,American Tower Corporation (REI,"Simon Property Group, Inc.",-3.8217618457047324,0.0026923479208633186,0.05,,False,-0.5759279598529028,8.188523323427628,,,,,,,,,,,,,,
US_REIT,AMT,PLD,American Tower Corporation (REI,"Prologis, Inc.",-3.2506546315564213,0.017233550065677377,0.05,,False,-0.5002025140378383,7.621750076508627,,,,,,,,,,,,,,
US_REIT,AMT,DLR,American Tower Corporation (REI,"Digital Realty Trust, Inc.",-3.2146761234106758,0.019150730047709664,0.05,,False,-0.6811947495036501,8.713338561423289,,,,,,,,,,,,,,
US_REIT,AMT,WELL,American Tower Corporation (REI,Welltower Inc.,-3.167805355367354,0.02192551414060169,0.05,,False,-0.2012850551851329,6.262638929607105,,,,,,,,,,,,,,
US_REIT,AMT,O,American Tower Corporation (REI,Realty Income Corporation,-3.132223920227705,0.024258573239945444,0.05,,False,-1.3761455864996508,10.759003729514635,,,,,,,,,,,,,,
US_REIT,AMT,EQIX,American Tower Corporation (REI,"Equinix, Inc.",-2.783493184714766,0.06067060901032804,0.05,,False,-0.3477958235279716,7.5914786941158106,,,,,,,,,,,,,,
US_REIT,EQIX,PSA,"Equinix, Inc.",Public Storage,-2.692650393367676,0.07531872975408778,0.05,,False,2.7102065207788386,-8.576800884437327,,,,,,,,,,,,,,
US_REIT,DLR,SPG,"Digital Realty Trust, Inc.","Simon Property Group, Inc.",-2.6010358547686314,0.09278336626289047,0.05,,False,0.762632386095391,1.1933059274555875,,,,,,,,,,,,,,
US_REIT,O,PLD,Realty Income Corporation,"Prologis, Inc.",-2.448853704676535,0.12841967754066924,0.05,,False,0.6163873798054126,1.0797608250484934,,,,,,,,,,,,,,
US_REIT,DLR,O,"Digital Realty Trust, Inc.",Realty Income Corporation,-2.439732769565589,0.13083463165118753,0.05,,False,1.4548935983726503,-0.7393849904754672,,,,,,,,,,,,,,
US_REIT,PSA,WELL,Public Storage,Welltower Inc.,-2.4220926745477818,0.13559775121939743,0.05,,False,-0.0494033623191656,5.89931236639817,,,,,,,,,,,,,,
US_REIT,DLR,PSA,"Digital Realty Trust, Inc.",Public Storage,-2.324860912351496,0.16407514077814972,0.05,,False,3.3566990036499362,-13.880087384362938,,,,,,,,,,,,,,
US_REIT,PSA,SPG,Public Storage,"Simon Property Group, Inc.",-2.2979754734044144,0.17262175304767818,0.05,,False,0.09422461973479204,5.169364775691283,,,,,,,,,,,,,,
US_REIT,PLD,PSA,"Prologis, Inc.",Public Storage,-2.2481124501333083,0.1892488330377588,0.05,,False,5.041081109316926,-23.739277788515924,,,,,,,,,,,,,,
US_REIT,DLR,WELL,"Digital Realty Trust, Inc.",Welltower Inc.,-2.241367246172559,0.19157542346909673,0.05,,False,0.2911686840681052,3.619414334112924,,,,,,,,,,,,,,
US_REIT,O,SPG,Realty Income Corporation,"Simon Property Group, Inc.",-2.236681179987831,0.19320259556940583,0.05,,False,0.5996316491994037,0.9432486574481342,,,,,,,,,,,,,,
US_REIT,O,WELL,Realty Income Corporation,Welltower Inc.,-2.233804727071452,0.19420579884992661,0.05,,False,0.2875765281010702,2.555338952919402,,,,,,,,,,,,,,
US_REIT,PLD,SPG,"Prologis, Inc.","Simon Property Group, Inc.",-2.2271325870396987,0.19654566048898042,0.05,,False,0.9960583559627483,-0.3401223264569646,,,,,,,,,,,,,,
US_REIT,DLR,PLD,"Digital Realty Trust, Inc.","Prologis, Inc.",-2.1266982706821875,0.2339154704542442,0.05,,False,0.6509654502514366,1.9978718377694982,,,,,,,,,,,,,,
US_REIT,SPG,WELL,"Simon Property Group, Inc.",Welltower Inc.,-2.1027134592517793,0.24342490671526018,0.05,,False,0.48314594729246785,2.670543276495186,,,,,,,,,,,,,,
US_REIT,DLR,EQIX,"Digital Realty Trust, Inc.","Equinix, Inc.",-2.0907551744003983,0.2482482048064622,0.05,,False,0.7756215803428325,-0.1387429164312417,,,,,,,,,,,,,,
US_REIT,EQIX,O,"Equinix, Inc.",Realty Income Corporation,-2.090117081884871,0.24850709728185055,0.05,,False,2.1710173888068507,-1.9566489743880684,,,,,,,,,,,,,,
US_REIT,EQIX,SPG,"Equinix, Inc.","Simon Property Group, Inc.",-2.064041044046417,0.2592174452693559,0.05,,False,0.9923019853118387,1.6712011743829445,,,,,,,,,,,,,,
US_REIT,EQIX,PLD,"Equinix, Inc.","Prologis, Inc.",-1.7644632366943824,0.39824189914946817,0.05,,False,0.99683904556006,2.007145187375481,,,,,,,,,,,,,,
US_REIT,O,PSA,Realty Income Corporation,Public Storage,-1.7603213251339749,0.40033126763733995,0.05,,False,1.7391114742614044,-5.822276787810462,,,,,,,,,,,,,,
US_REIT,AMT,PSA,American Tower Corporation (REI,Public Storage,-1.6703800285149313,0.44643453758901847,0.05,,False,1.6920488314656998,-4.31230724625768,,,,,,,,,,,,,,
US_REIT,PLD,WELL,"Prologis, Inc.",Welltower Inc.,-1.6234799596523,0.47090536440261327,0.05,,False,0.40130886184009373,2.7226556548400356,,,,,,,,,,,,,,
US_REIT,EQIX,WELL,"Equinix, Inc.",Welltower Inc.,-1.0177456267819458,0.7467370936904827,0.05,,False,0.27014557930936317,5.37570215663555,,,,,,,,,,,,,,
US_RETAIL,BBY,KR,"Best Buy Co., Inc.",Kroger Company (The),-3.82395669814554,0.0026715004976806535,0.05,,False,-1.1962216211695318,9.193977567720179,,,,,,,,,,,,,,
US_RETAIL,BBY,COST,"Best Buy Co., Inc.",Costco Wholesale Corporation,-3.32105662128187,0.013963082426839248,0.05,,False,-3.362345275735143,27.277247254063614,,,,,,,,,,,,,,
US_RETAIL,BBY,DLTR,"Best Buy Co., Inc.","Dollar Tree, Inc.",-3.2846213327011022,0.015580053331054266,0.05,,False,-0.3531541241707401,5.859175990134826,,,,,,,,,,,,,,
US_RETAIL,COST,KR,Costco Wholesale Corporation,Kroger Company (The),-3.2097502179544453,0.01942718995535884,0.05,,False,0.472118205693319,4.898276800373471,,,,,,,,,,,,,,
US_RETAIL,BBY,DG,"Best Buy Co., Inc.",Dollar General Corporation,-3.20581091640029,0.019650774887569167,0.05,,False,-0.369949402963638,5.965262097034617,,,,,,,,,,,,,,
US_RETAIL,DG,DLTR,Dollar General Corporation,"Dollar Tree, Inc.",-3.028452638904923,0.032321368920273506,0.05,,False,1.0378067517753033,-0.09002095069099525,,,,,,,,,,,,,,
US_RETAIL,DG,WMT,Dollar General Corporation,Walmart Inc.,-2.9882534754235412,0.03600603482409208,0.05,,False,1.5485966723040108,-2.475190564964871,,,,,,,,,,,,,,
US_RETAIL,BBY,WMT,"Best Buy Co., Inc.",Walmart Inc.,-2.925788111191916,0.04243032616387804,0.05,,False,-0.5318511102923363,6.693152078691506,,,,,,,,,,,,,,
US_RETAIL,COST,ROST,Costco Wholesale Corporation,"Ross Stores, Inc.",-2.897297940218881,0.04566311372477634,0.05,,False,0.11642870725321393,6.256115969766924,,,,,,,,,,,,,,
US_RETAIL,DLTR,WMT,"Dollar Tree, Inc.",Walmart Inc.,-2.8750326092992977,0.04832935341592041,0.05,,False,1.3816955604551364,-1.7928150770190436,,,,,,,,,,,,,,
US_RETAIL,COST,DLTR,Costco Wholesale Corporation,"Dollar Tree, Inc.",-2.871766616585156,0.04873104133621924,0.05,,False,0.009010386840475016,6.804794116679047,,,,,,,,,,,,,,
US_RETAIL,COST,DG,Costco Wholesale Corporation,Dollar General Corporation,-2.8560495336227465,0.05070275039740582,0.05,,False,-0.004163342452712753,6.864786601115766,,,,,,,,,,,,,,
US_RETAIL,DLTR,KR,"Dollar Tree, Inc.",Kroger Company (The),-2.802363353620793,0.0579369720381766,0.05,,False,4.718508473552193,-14.933869172881462,,,,,,,,,,,,,,
US_RETAIL,DG,KR,Dollar General Corporation,Kroger Company (The),-2.7499294799821143,0.06578956257922661,0.05,,False,6.237945627584936,-21.11982568720397,,,,,,,,,,,,,,
US_RETAIL,COST,WMT,Costco Wholesale Corporation,Walmart Inc.,-2.697158775260354,0.0745312167814393,0.05,,False,0.24200336402737552,5.738456491062964,,,,,,,,,,,,,,
US_RETAIL,COST,TGT,Costco Wholesale Corporation,Target Corporation,-2.6963411974206846,0.07467354447815823,0.05,,False,-0.09305858405968338,7.283528970416367,,,,,,,,,,,,,,
US_RETAIL,TJX,WMT,"TJX Companies, Inc. (The)",Walmart Inc.,-2.66957655967698,0.07945242407902214,0.05,,False,0.6991855692442907,1.6760957568859562,,,,,,,,,,,,,,
US_RETAIL,KR,TGT,Kroger Company (The),Target Corporation,-2.6443693604290397,0.08416929629261066,0.05,,False,-0.4972489840547196,6.464693829359959,,,,,,,,,,,,,,
US_RETAIL,DLTR,TJX,"Dollar Tree, Inc.","TJX Companies, Inc. (The)",-2.626611041802068,0.08762107896253912,0.05,,False,2.0855741588360543,-5.6384519886292335,,,,,,,,,,,,,,
US_RETAIL,COST,TJX,Costco Wholesale Corporation,"TJX Companies, Inc. (The)",-2.4929996340183793,0.11718689372262209,0.05,,False,0.2564023783685115,5.595686923533986,,,,,,,,,,,,,,
US_RETAIL,BBY,TJX,"Best Buy Co., Inc.","TJX Companies, Inc. (The)",-2.392928729609975,0.14374217727085314,0.05,,False,-0.8908865647583887,8.60287938601074,,,,,,,,,,,,,,
US_RETAIL,DG,TJX,Dollar General Corporation,"TJX Companies, Inc. (The)",-2.364578519477485,0.15198438752153992,0.05,,False,2.3111114884928248,-6.6567209854313765,,,,,,,,,,,,,,
US_RETAIL,BBY,TGT,"Best Buy Co., Inc.",Target Corporation,-2.3073328333716856,0.1696138926055591,0.05,,False,0.5166643169821112,1.8285711792094745,,,,,,,,,,,,,,
US_RETAIL,BBY,ROST,"Best Buy Co., Inc.","Ross Stores, Inc.",-2.2530612655284443,0.1875535717649664,0.05,,False,-0.387398605261001,6.221393972144985,,,,,,,,,,,,,,
US_RETAIL,KR,ROST,Kroger Company (The),"Ross Stores, Inc.",-2.251799812260736,0.18798475234348605,0.05,,False,0.23256832930140803,2.947146868329522,,,,,,,,,,,,,,
US_RETAIL,ROST,WMT,"Ross Stores, Inc.",Walmart Inc.,-2.154086743980783,0.2233290644148665,0.05,,False,0.9820252481791986,0.570351318936912,,,,,,,,,,,,,,
US_RETAIL,KR,WMT,Kroger Company (The),Walmart Inc.,-2.061185537082817,0.26040565621284295,0.05,,False,0.5065426496862097,1.807264857634446,,,,,,,,,,,,,,
US_RETAIL,ROST,TJX,"Ross Stores, Inc.","TJX Companies, Inc. (The)",-1.8793055234812874,0.3418581865051832,0.05,,False,1.450478505848916,-2.0077734778251655,,,,,,,,,,,,,,
US_RETAIL,DG,TGT,Dollar General Corporation,Target Corporation,-1.6375221459261418,0.4635558348861568,0.05,,False,-2.5899893805391185,16.79794791649979,,,,,,,,,,,,,,
US_RETAIL,KR,TJX,Kroger Company (The),"TJX Companies, Inc. (The)",-1.6172251001978983,0.4741843681839319,0.05,,False,0.7344543639526224,0.5443288807711721,,,,,,,,,,,,,,
US_RETAIL,DLTR,TGT,"Dollar Tree, Inc.",Target Corporation,-1.5903530621449153,0.48843767315520903,0.05,,False,-1.8590212663312387,13.276836918420877,,,,,,,,,,,,,,
US_RETAIL,DLTR,ROST,"Dollar Tree, Inc.","Ross Stores, Inc.",-1.567528346588818,0.49988148887449213,0.05,,False,1.3920704851331893,-2.519774968069374,,,,,,,,,,,,,,
US_RETAIL,DG,ROST,Dollar General Corporation,"Ross Stores, Inc.",-1.5592894651620037,0.5040047826838645,0.05,,False,1.4657770204406628,-2.811772859373937,,,,,,,,,,,,,,
US_RETAIL,ROST,TGT,"Ross Stores, Inc.",Target Corporation,-1.4105689243038133,0.5771988862575098,0.05,,False,1.1917413157349912,-0.5453170752131138,,,,,,,,,,,,,,
US_RETAIL,TGT,WMT,Target Corporation,Walmart Inc.,-1.145441278840751,0.6966146507390878,0.05,,False,-0.8854206740751329,8.756698578601439,,,,,,,,,,,,,,
US_RETAIL,TGT,TJX,Target Corporation,"TJX Companies, Inc. (The)",-0.609636932003756,0.8687895725854442,0.05,,False,-2.2571668445005066,15.70921864401014,,,,,,,,,,,,,,
US_SEMICONDUCTORS,NVDA,QCOM,NVIDIA Corporation,QUALCOMM Incorporated,-4.139343966935235,0.0008332343964981622,0.05,,False,4.700424283345998,-18.791440631303253,,,,,,,,,,,,,,
US_SEMICONDUCTORS,ADI,MU,"Analog Devices, Inc.","Micron Technology, Inc.",-3.651639465999943,0.004847162384043989,0.05,,False,0.29898906157150523,3.979058185711464,,,,,,,,,,,,,,
US_SEMICONDUCTORS,AVGO,NVDA,Broadcom Inc.,NVIDIA Corporation,-3.5547849404673073,0.006686658236183135,0.05,,False,1.6168751451856203,-2.6018604801051124,,,,,,,,,,,,,,
US_SEMICONDUCTORS,MRVL,QCOM,"Marvell Technology, Inc.",QUALCOMM Incorporated,-3.4442765508638695,0.009538966755142644,0.05,,False,4.812380499962495,-19.919573793566606,,,,,,,,,,,,,,
US_SEMICONDUCTORS,AMD,QCOM,"Advanced Micro Devices, Inc.",QUALCOMM Incorporated,-3.1446288839273735,0.023421950417983624,0.05,,False,5.548039453894735,-22.974050766847444,,,,,,,,,,,,,,
US_SEMICONDUCTORS,ON,QCOM,ON Semiconductor Corporation,QUALCOMM Incorporated,-3.142153705573184,0.02358686375781695,0.05,,False,3.261287548460391,-12.423702367185108,,,,,,,,,,,,,,
US_SEMICONDUCTORS,ADI,INTC,"Analog Devices, Inc.",Intel Corporation,-3.129821484363972,0.024423545172894124,0.05,,False,0.41651495152583673,4.076818926513451,,,,,,,,,,,,,,
US_SEMICONDUCTORS,INTC,MU,Intel Corporation,"Micron Technology, Inc.",-3.0353420523729606,0.0317231348669454,0.05,,False,0.6964984503458838,-0.12553749179271145,,,,,,,,,,,,,,
US_SEMICONDUCTORS,INTC,QCOM,Intel Corporation,QUALCOMM Incorporated,-3.0131988737354627,0.033680041662095296,0.05,,False,8.367176234514929,-38.96186335907118,,,,,,,,,,,,,,
US_SEMICONDUCTORS,ADI,QCOM,"Analog Devices, Inc.",QUALCOMM Incorporated,-2.9761062539719054,0.03718682982848789,0.05,,False,4.018304915743985,-14.853593441122378,,,,,,,,,,,,,,
US_SEMICONDUCTORS,MPWR,QCOM,"Monolithic Power Systems, Inc.",QUALCOMM Incorporated,-2.948679016798239,0.03997309102792527,0.05,,False,5.037499711476027,-18.77967399318615,,,,,,,,,,,,,,
US_SEMICONDUCTORS,MU,QCOM,"Micron Technology, Inc.",QUALCOMM Incorporated,-2.8923646178528784,0.04624312025010643,0.05,,False,16.011582472069136,-76.0209170614991,,,,,,,,,,,,,,
US_SEMICONDUCTORS,QCOM,TXN,QUALCOMM Incorporated,Texas Instruments Incorporated,-2.8663451381769556,0.04940390597151058,0.05,,False,0.6242169075861806,1.7862876509092391,,,,,,,,,,,,,,
US_SEMICONDUCTORS,AVGO,QCOM,Broadcom Inc.,QUALCOMM Incorporated,-2.7000991281325555,0.07402111711415357,0.05,,False,13.765329688076118,-64.22767841187056,,,,,,,,,,,,,,
US_SEMICONDUCTORS,AMD,INTC,"Advanced Micro Devices, Inc.",Intel Corporation,-2.6684610721468824,0.07965668430329703,0.05,,False,0.7901059977504025,2.4236911927892804,,,,,,,,,,,,,,
US_SEMICONDUCTORS,ON,TXN,ON Semiconductor Corporation,Texas Instruments Incorporated,-2.5172519522943575,0.11133296595552411,0.05,,False,1.8549647761475165,-5.647817275075283,,,,,,,,,,,,,,
US_SEMICONDUCTORS,INTC,TXN,Intel Corporation,Texas Instruments Incorporated,-2.473362893089685,0.12209065909977046,0.05,,False,4.109251696551526,-18.161703772665952,,,,,,,,,,,,,,
US_SEMICONDUCTORS,MRVL,TXN,"Marvell Technology, Inc.",Texas Instruments Incorporated,-2.4605985758428015,0.1253577410806221,0.05,,False,2.6541254166746655,-9.484351690860896,,,,,,,,,,,,,,
US_SEMICONDUCTORS,INTC,MPWR,Intel Corporation,"Monolithic Power Systems, Inc.",-2.4363425987671037,0.13174054606009578,0.05,,False,1.8319556582903436,-8.922913447889014,,,,,,,,,,,,,,
US_SEMICONDUCTORS,AMD,MPWR,"Advanced Micro Devices, Inc.","Monolithic Power Systems, Inc.",-2.4185175831922154,0.13657801958937738,0.05,,False,1.4182341363118942,-4.429294724429525,,,,,,,,,,,,,,
US_SEMICONDUCTORS,ADI,AMD,"Analog Devices, Inc.","Advanced Micro Devices, Inc.",-2.3521973609396105,0.15568515948843809,0.05,,False,0.5072263338580473,2.9016195430846428,,,,,,,,,,,,,,
US_SEMICONDUCTORS,AVGO,SWKS,Broadcom Inc.,"Skyworks Solutions, Inc.",-2.3033255714863445,0.17089765176281552,0.05,,False,-2.750444142572509,17.299943854812376,,,,,,,,,,,,,,
US_SEMICONDUCTORS,AMD,TXN,"Advanced Micro Devices, Inc.",Texas Instruments Incorporated,-2.24200387895862,0.19135504635415218,0.05,,False,3.2957664072789785,-12.183660084825036,,,,,,,,,,,,,,
US_SEMICONDUCTORS,NVDA,SWKS,NVIDIA Corporation,"Skyworks Solutions, Inc.",-2.1850952580494396,0.21169942213930903,0.05,,False,-1.4968749187240111,11.434721346353548,,,,,,,,,,,,,,
US_SEMICONDUCTORS,ADI,MPWR,"Analog Devices, Inc.","Monolithic Power Systems, Inc.",-2.180784496699194,0.2132933426040684,0.05,,False,0.7320266983684837,0.569534254419807,,,,,,,,,,,,,,
US_SEMICONDUCTORS,AMD,MU,"Advanced Micro Devices, Inc.","Micron Technology, Inc.",-2.125239308589121,0.23448758845456624,0.05,,False,0.543524221077827,2.3592119233355557,,,,,,,,,,,,,,
US_SEMICONDUCTORS,INTC,SWKS,Intel Corporation,"Skyworks Solutions, Inc.",-2.111865495054891,0.2397702712049946,0.05,,False,-8.683428821555099,40.605923509243496,,,,,,,,,,,,,,
US_SEMICONDUCTORS,MPWR,SWKS,"Monolithic Power Systems, Inc.","Skyworks Solutions, Inc.",-2.102236922840402,0.24361607547234754,0.05,,False,-7.622444790130477,39.37386801247612,,,,,,,,,,,,,,
US_SEMICONDUCTORS,MU,SWKS,"Micron Technology, Inc.","Skyworks Solutions, Inc.",-2.081276926508355,0.25210957984329485,0.05,,False,-9.757034199002542,46.879745356255796,,,,,,,,,,,,,,
US_SEMICONDUCTORS,AMD,SWKS,"Advanced Micro Devices, Inc.","Skyworks Solutions, Inc.",-2.064643586859523,0.2589671042602626,0.05,,False,-16.276989406703944,74.81065910376768,,,,,,,,,,,,,,
US_SEMICONDUCTORS,MU,TXN,"Micron Technology, Inc.",Texas Instruments Incorporated,-2.0469022711626264,0.26639400002663954,0.05,,False,6.310729315753582,-28.055125263222468,,,,,,,,,,,,,,
US_SEMICONDUCTORS,MRVL,SWKS,"Marvell Technology, Inc.","Skyworks Solutions, Inc.",-2.0386794991809793,0.2698751145032757,0.05,,False,-44.08305009425844,193.1554957455331,,,,,,,,,,,,,,
US_SEMICONDUCTORS,MRVL,ON,"Marvell Technology, Inc.",ON Semiconductor Corporation,-2.025834233120871,0.2753618079123463,0.05,,False,1.3921504031250822,-1.244668910824509,,,,,,,,,,,,,,
US_SEMICONDUCTORS,QCOM,SWKS,QUALCOMM Incorporated,"Skyworks Solutions, Inc.",-2.0174778670468636,0.27896263231102636,0.05,,False,0.4666790080250375,3.0699080394157785,,,,,,,,,,,,,,
US_SEMICONDUCTORS,INTC,MRVL,Intel Corporation,"Marvell Technology, Inc.",-2.0013937365674885,0.2859623288249031,0.05,,False,1.6586535220641183,-3.9707012020167043,,,,,,,,,,,,,,
US_SEMICONDUCTORS,ADI,SWKS,"Analog Devices, Inc.","Skyworks Solutions, Inc.",-1.9762755257761275,0.2970713417432824,0.05,,False,-1.7054157439424997,12.808590894742537,,,,,,,,,,,,,,
US_SEMICONDUCTORS,MPWR,MU,"Monolithic Power Systems, Inc.","Micron Technology, Inc.",-1.9719942996551336,0.2989859820075617,0.05,,False,0.38008538085838084,4.8027328397510125,,,,,,,,,,,,,,
US_SEMICONDUCTORS,MPWR,NVDA,"Monolithic Power Systems, Inc.",NVIDIA Corporation,-1.9461682072879998,0.31066330281109644,0.05,,False,1.482007597030436,-0.703490757596172,,,,,,,,,,,,,,
US_SEMICONDUCTORS,ADI,TXN,"Analog Devices, Inc.",Texas Instruments Incorporated,-1.9228010899269228,0.3214119443558591,0.05,,False,1.501590276822038,-2.384088110306145,,,,,,,,,,,,,,
US_SEMICONDUCTORS,AMD,ON,"Advanced Micro Devices, Inc.",ON Semiconductor Corporation,-1.8694005343079925,0.34659010479389774,0.05,,False,1.7359577566396456,-1.981766302310377,,,,,,,,,,,,,,
US_SEMICONDUCTORS,MU,NVDA,"Micron Technology, Inc.",NVIDIA Corporation,-1.8532208581814469,0.35437708785217714,0.05,,False,3.8638055230175983,-14.309138128924161,,,,,,,,,,,,,,
US_SEMICONDUCTORS,ADI,NVDA,"Analog Devices, Inc.",NVIDIA Corporation,-1.7744352787110043,0.3932256798705403,0.05,,False,1.0208311512994153,0.3765206855190346,,,,,,,,,,,,,,
US_SEMICONDUCTORS,AVGO,INTC,Broadcom Inc.,Intel Corporation,-1.7710265426592695,0.3949380934324726,0.05,,False,0.5844696278998108,3.51766754142761,,,,,,,,,,,,,,
US_SEMICONDUCTORS,INTC,NVDA,Intel Corporation,NVIDIA Corporation,-1.7182045835288682,0.4217581759924123,0.05,,False,2.8761319512769936,-11.021931911492304,,,,,,,,,,,,,,
US_SEMICONDUCTORS,AMD,NVDA,"Advanced Micro Devices, Inc.",NVIDIA Corporation,-1.7008296719058185,0.43068505571917215,0.05,,False,2.091008516971659,-5.372583790979954,,,,,,,,,,,,,,
US_SEMICONDUCTORS,INTC,ON,Intel Corporation,ON Semiconductor Corporation,-1.6530688816433916,0.45544040730316077,0.05,,False,2.427983723364376,-6.52293459200323,,,,,,,,,,,,,,
US_SEMICONDUCTORS,AMD,MRVL,"Advanced Micro Devices, Inc.","Marvell Technology, Inc.",-1.6505508031336134,0.4567531803968852,0.05,,False,1.2519792716142149,-0.45212651778372415,,,,,,,,,,,,,,
US_SEMICONDUCTORS,AVGO,MPWR,Broadcom Inc.,"Monolithic Power Systems, Inc.",-1.6306508645819648,0.4671500430272189,0.05,,False,1.240570552591032,-2.843558347963122,,,,,,,,,,,,,,
US_SEMICONDUCTORS,NVDA,ON,NVIDIA Corporation,ON Semiconductor Corporation,-1.6212386470818,0.4720799823185741,0.05,,False,0.5577517376367039,2.7393847643607376,,,,,,,,,,,,,,
US_SEMICONDUCTORS,ADI,MRVL,"Analog Devices, Inc.","Marvell Technology, Inc.",-1.5369620693457828,0.5151539909463128,0.05,,False,0.5452006589080111,3.0735735432075595,,,,,,,,,,,,,,
US_SEMICONDUCTORS,MPWR,TXN,"Monolithic Power Systems, Inc.",Texas Instruments Incorporated,-1.5346839414523004,0.5162892824864864,0.05,,False,2.2723722949110665,-5.1970204299303475,,,,,,,,,,,,,,
US_SEMICONDUCTORS,AVGO,MU,Broadcom Inc.,"Micron Technology, Inc.",-1.5196577624602565,0.5237654846452849,0.05,,False,0.40987432965587045,3.430008098321755,,,,,,,,,,,,,,
US_SEMICONDUCTORS,MU,ON,"Micron Technology, Inc.",ON Semiconductor Corporation,-1.46905358165329,0.5487607943519778,0.05,,False,4.022374207183518,-11.385701846787295,,,,,,,,,,,,,,
US_SEMICONDUCTORS,MPWR,ON,"Monolithic Power Systems, Inc.",ON Semiconductor Corporation,-1.4470370336222318,0.5595299982565315,0.05,,False,1.1184201691384419,2.1590287758013105,,,,,,,,,,,,,,
US_SEMICONDUCTORS,NVDA,TXN,NVIDIA Corporation,Texas Instruments Incorporated,-1.4152583053313743,0.5749396307715052,0.05,,False,1.8126299761651465,-4.50029579878291,,,,,,,,,,,,,,
US_SEMICONDUCTORS,ON,SWKS,ON Semiconductor Corporation,"Skyworks Solutions, Inc.",-1.3966684075109668,0.5838722795162026,0.05,,False,2.4597839208878014,-6.425954799416193,,,,,,,,,,,,,,
US_SEMICONDUCTORS,ADI,ON,"Analog Devices, Inc.",ON Semiconductor Corporation,-1.3301947997299903,0.6152474667479024,0.05,,False,0.7377837499189263,2.482027626042879,,,,,,,,,,,,,,
US_SEMICONDUCTORS,ADI,AVGO,"Analog Devices, Inc.",Broadcom Inc.,-1.3034616553269878,0.6275871177751768,0.05,,False,0.5701184650406752,2.3577310555638933,,,,,,,,,,,,,,
US_SEMICONDUCTORS,AMD,AVGO,"Advanced Micro Devices, Inc.",Broadcom Inc.,-1.2561216494500784,0.6490001798216132,0.05,,False,1.2684782668853105,-1.870885659806361,,,,,,,,,,,,,,
US_SEMICONDUCTORS,MPWR,MRVL,"Monolithic Power Systems, Inc.","Marvell Technology, Inc.",-1.141382729403443,0.6982901135899687,0.05,,False,0.7683061538410982,3.315617298021876,,,,,,,,,,,,,,
US_SEMICONDUCTORS,MRVL,NVDA,"Marvell Technology, Inc.",NVIDIA Corporation,-1.0628299464737336,0.729665080346136,0.05,,False,2.1165913675687973,-6.1746315106962,,,,,,,,,,,,,,
US_SEMICONDUCTORS,MRVL,MU,"Marvell Technology, Inc.","Micron Technology, Inc.",-1.0530300228850837,0.733435162620586,0.05,,False,0.37794501328994967,2.5330079776694823,,,,,,,,,,,,,,
US_SEMICONDUCTORS,AVGO,TXN,Broadcom Inc.,Texas Instruments Incorporated,-1.0388734953254348,0.7388234576259143,0.05,,False,4.391980896397267,-17.558876531400774,,,,,,,,,,,,,,
US_SEMICONDUCTORS,AVGO,ON,Broadcom Inc.,ON Semiconductor Corporation,-0.7741027277613473,0.8266110985703352,0.05,,False,2.82402647567549,-6.058791366476215,,,,,,,,,,,,,,
US_SEMICONDUCTORS,SWKS,TXN,"Skyworks Solutions, Inc.",Texas Instruments Incorporated,-0.44166149658561493,0.9029069846865465,0.05,,False,4.791987858617737,-20.908401448725126,,,,,,,,,,,,,,
US_SEMICONDUCTORS,AVGO,MRVL,Broadcom Inc.,"Marvell Technology, Inc.",-0.3405037652575899,0.9195686646880992,0.05,,False,0.9807364008953219,1.1464209778629266,,,,,,,,,,,,,,
US_STAPLES,CLX,PG,Clorox Company (The),Procter & Gamble Company (The),-4.219174318125811,0.00061135026551211,0.05,0.00061135026551211,True,3.367391688328009,-12.149333458063543,9.521186260859412,-0.00021707017646668586,-0.07280050632024708,29.0,-1.5464416906495324,2.3200202876202893,False,,0.4,-0.05503472845547519,-0.23492493079705046,-0.33750794970319076,True,mixed signal
US_STAPLES,KHC,PG,The Kraft Heinz Company,Procter & Gamble Company (The),-3.757211263682027,0.003376724960952608,0.05,0.00061135026551211,False,2.4841792572955157,-9.264068463290469,,,,,,,,,,,,,,
US_STAPLES,KMB,PG,Kimberly-Clark Corporation,Procter & Gamble Company (The),-3.6096120837392434,0.005579902034219887,0.05,0.00061135026551211,False,2.5796618674701515,-8.236343625402954,,,,,,,,,,,,,,
US_STAPLES,GIS,PG,"General Mills, Inc.",Procter & Gamble Company (The),-3.596478566403448,0.005828707972751201,0.05,0.00061135026551211,False,4.439864911476727,-18.454479572358565,,,,,,,,,,,,,,
US_STAPLES,KO,PG,Coca-Cola Company (The),Procter & Gamble Company (The),-3.4634314743111427,0.008977444706932134,0.05,0.00061135026551211,False,-2.38866954089349,16.239441704620077,,,,,,,,,,,,,,
US_STAPLES,CHD,PG,"Church & Dwight Company, Inc.",Procter & Gamble Company (The),-3.2120271623830106,0.019298970049140416,0.05,0.00061135026551211,False,1.4821761061693064,-2.8938919503564744,,,,,,,,,,,,,,
US_STAPLES,CLX,KO,Clorox Company (The),Coca-Cola Company (The),-3.1217659452679514,0.024983784872154184,0.05,0.00061135026551211,False,-2.4629802610198452,15.183390244082254,,,,,,,,,,,,,,
US_STAPLES,HSY,PG,The Hershey Company,Procter & Gamble Company (The),-3.0913160784413876,0.027202547950517023,0.05,0.00061135026551211,False,-4.239250939354102,26.508600907563395,,,,,,,,,,,,,,
US_STAPLES,GIS,KO,"General Mills, Inc.",Coca-Cola Company (The),-3.009343075121886,0.034031039071851156,0.05,0.00061135026551211,False,-2.8696820991053644,15.991269068496633,,,,,,,,,,,,,,
US_STAPLES,HSY,KMB,The Hershey Company,Kimberly-Clark Corporation,-2.884880959618464,0.04713459585883324,0.05,0.00061135026551211,False,-0.6693794345148778,8.347655355111002,,,,,,,,,,,,,,
US_STAPLES,KHC,KO,The Kraft Heinz Company,Coca-Cola Company (The),-2.83989105065956,0.052797664519599316,0.05,0.00061135026551211,False,-1.6095626565042627,10.025461398152341,,,,,,,,,,,,,,
US_STAPLES,CLX,GIS,Clorox Company (The),"General Mills, Inc.",-2.7639609920103405,0.0636089356465171,0.05,0.00061135026551211,False,0.8075182725772092,1.6561957883089815,,,,,,,,,,,,,,
US_STAPLES,KMB,KO,Kimberly-Clark Corporation,Coca-Cola Company (The),-2.693260593538137,0.0752117589405224,0.05,0.00061135026551211,False,-1.7567364437336994,12.154176588985258,,,,,,,,,,,,,,
US_STAPLES,CLX,KHC,Clorox Company (The),The Kraft Heinz Company,-2.655629036295195,0.08203608304420923,0.05,0.00061135026551211,False,1.5254557698700888,-0.14230972017925314,,,,,,,,,,,,,,
US_STAPLES,KHC,KMB,The Kraft Heinz Company,Kimberly-Clark Corporation,-2.64890536375246,0.08330478937389368,0.05,0.00061135026551211,False,0.9249608123658821,-1.1519768754864352,,,,,,,,,,,,,,
US_STAPLES,HSY,KHC,The Hershey Company,The Kraft Heinz Company,-2.612402760846526,0.09046086755012456,0.05,0.00061135026551211,False,-0.6381686834378058,7.236816995220438,,,,,,,,,,,,,,
US_STAPLES,CLX,HSY,Clorox Company (The),The Hershey Company,-2.6121970264060166,0.09050250196725068,0.05,0.00061135026551211,False,-2.8194758267534166,19.374138136348485,,,,,,,,,,,,,,
US_STAPLES,MDLZ,PG,"Mondelez International, Inc.",Procter & Gamble Company (The),-2.607108767748095,0.09153691264533098,0.05,0.00061135026551211,False,1.6513644438621597,-4.2066310581552475,,,,,,,,,,,,,,
US_STAPLES,CHD,HSY,"Church & Dwight Company, Inc.",The Hershey Company,-2.6024351162625257,0.09249502216314104,0.05,0.00061135026551211,False,-0.33402442275627425,6.293688608966205,,,,,,,,,,,,,,
US_STAPLES,GIS,HSY,"General Mills, Inc.",The Hershey Company,-2.5813097804836564,0.0969220102837472,0.05,0.00061135026551211,False,-3.9709514480342163,24.41905788602996,,,,,,,,,,,,,,
US_STAPLES,GIS,KHC,"General Mills, Inc.",The Kraft Heinz Company,-2.5478710003997835,0.10425685457110223,0.05,0.00061135026551211,False,1.8087035169368602,-1.966729761304017,,,,,,,,,,,,,,
US_STAPLES,KMB,MDLZ,Kimberly-Clark Corporation,"Mondelez International, Inc.",-2.4668092024826604,0.1237602406620339,0.05,0.00061135026551211,False,2.087913218867709,-3.823964423010601,,,,,,,,,,,,,,
US_STAPLES,CHD,CL,"Church & Dwight Company, Inc.",Colgate-Palmolive Company,-2.431460760993237,0.13305298116520353,0.05,0.00061135026551211,False,0.9825220391131912,0.17858143570594098,,,,,,,,,,,,,,
US_STAPLES,HSY,PEP,The Hershey Company,"Pepsico, Inc.",-2.3545166929061043,0.15498720439726288,0.05,0.00061135026551211,False,1.4873047958469485,-2.2222099656386742,,,,,,,,,,,,,,
US_STAPLES,HSY,MDLZ,The Hershey Company,"Mondelez International, Inc.",-2.307795447290201,0.16946610976480186,0.05,0.00061135026551211,False,-8.250555347410131,39.04736812879606,,,,,,,,,,,,,,
US_STAPLES,KO,MDLZ,Coca-Cola Company (The),"Mondelez International, Inc.",-2.297240902909704,0.17285937945619345,0.05,0.00061135026551211,False,-4.2329099349580765,21.596435833868703,,,,,,,,,,,,,,
US_STAPLES,CHD,KO,"Church & Dwight Company, Inc.",Coca-Cola Company (The),-2.273867541173215,0.18053475511929779,0.05,0.00061135026551211,False,-0.6431474577257925,7.278173789222539,,,,,,,,,,,,,,
US_STAPLES,CL,MDLZ,Colgate-Palmolive Company,"Mondelez International, Inc.",-2.273466720475638,0.18066831033934944,0.05,0.00061135026551211,False,1.0463729595019224,0.17012194249373458,,,,,,,,,,,,,,
US_STAPLES,PEP,PG,"Pepsico, Inc.",Procter & Gamble Company (The),-2.2590028265534956,0.18553133874572553,0.05,0.00061135026551211,False,4.087179489295078,-15.605556608316284,,,,,,,,,,,,,,
US_STAPLES,CL,PG,Colgate-Palmolive Company,Procter & Gamble Company (The),-2.2385620070689565,0.19254843803809868,0.05,0.00061135026551211,False,1.5858842445660386,-3.516464955038125,,,,,,,,,,,,,,
US_STAPLES,CHD,MDLZ,"Church & Dwight Company, Inc.","Mondelez International, Inc.",-2.194168366207825,0.2083688078815787,0.05,0.00061135026551211,False,1.0444100020738905,0.27869312030026183,,,,,,,,,,,,,,
US_STAPLES,CHD,KHC,"Church & Dwight Company, Inc.",The Kraft Heinz Company,-2.190609814902147,0.20967118782051186,0.05,0.00061135026551211,False,0.4909054664616442,2.976204187515852,,,,,,,,,,,,,,
US_STAPLES,CLX,KMB,Clorox Company (The),Kimberly-Clark Corporation,-2.1587267059799595,0.22156468240470012,0.05,0.00061135026551211,False,1.4250506277243127,-1.9663964727173857,,,,,,,,,,,,,,
US_STAPLES,CHD,CLX,"Church & Dwight Company, Inc.",Clorox Company (The),-2.135805955538643,0.23036263775015492,0.05,0.00061135026551211,False,0.353092761687362,2.8717772916686566,,,,,,,,,,,,,,
US_STAPLES,KMB,PEP,Kimberly-Clark Corporation,"Pepsico, Inc.",-2.1014360361867883,0.24393755635148773,0.05,0.00061135026551211,False,-10.616140971314207,57.502513696720484,,,,,,,,,,,,,,
US_STAPLES,HSY,KO,The Hershey Company,Coca-Cola Company (The),-2.063194180144283,0.2595695219422075,0.05,0.00061135026551211,False,1.3104003989028472,-0.3549194424160964,,,,,,,,,,,,,,
US_STAPLES,CL,KO,Colgate-Palmolive Company,Coca-Cola Company (The),-2.057201393762139,0.2620685212764906,0.05,0.00061135026551211,False,-0.10265232047554647,4.8994850702266195,,,,,,,,,,,,,,
US_STAPLES,KHC,MDLZ,The Kraft Heinz Company,"Mondelez International, Inc.",-2.055095662606759,0.2629497453287739,0.05,0.00061135026551211,False,1.9571779509992275,-4.795510825308236,,,,,,,,,,,,,,
US_STAPLES,CHD,KMB,"Church & Dwight Company, Inc.",Kimberly-Clark Corporation,-2.04509300591747,0.26715785355426946,0.05,0.00061135026551211,False,0.42691010565416343,2.5396820564671825,,,,,,,,,,,,,,
US_STAPLES,GIS,KMB,"General Mills, Inc.",Kimberly-Clark Corporation,-2.043256422718686,0.26793445401295607,0.05,0.00061135026551211,False,1.755431607058637,-4.441923991817582,,,,,,,,,,,,,,
US_STAPLES,CLX,MDLZ,Clorox Company (The),"Mondelez International, Inc.",-2.029497025142928,0.27379128440810196,0.05,0.00061135026551211,False,4.240912646010281,-12.612344184531471,,,,,,,,,,,,,,
US_STAPLES,CHD,GIS,"Church & Dwight Company, Inc.","General Mills, Inc.",-2.024574651165018,0.2759029903876463,0.05,0.00061135026551211,False,0.2076285527771194,3.7584787644063127,,,,,,,,,,,,,,
US_STAPLES,GIS,MDLZ,"General Mills, Inc.","Mondelez International, Inc.",-1.972093494465786,0.2989415514580085,0.05,0.00061135026551211,False,4.979356792417275,-16.5509546206873,,,,,,,,,,,,,,
US_STAPLES,CLX,PEP,Clorox Company (The),"Pepsico, Inc.",-1.9244252920944385,0.3206593496268921,0.05,0.00061135026551211,False,11.190492892088676,-50.805009804288225,,,,,,,,,,,,,,
US_STAPLES,CL,HSY,Colgate-Palmolive Company,The Hershey Company,-1.923169781251135,0.32124103571639134,0.05,0.00061135026551211,False,0.2014435464841603,3.4256671700363652,,,,,,,,,,,,,,
US_STAPLES,GIS,PEP,"General Mills, Inc.","Pepsico, Inc.",-1.882801567122772,0.34019454355022327,0.05,0.00061135026551211,False,12.181594079746471,-56.636280014827946,,,,,,,,,,,,,,
US_STAPLES,CHD,PEP,"Church & Dwight Company, Inc.","Pepsico, Inc.",-1.7539152867602439,0.4035693704087459,0.05,0.00061135026551211,False,0.8670298613385775,0.2589365882349899,,,,,,,,,,,,,,
US_STAPLES,CL,CLX,Colgate-Palmolive Company,Clorox Company (The),-1.7096128672710302,0.4261665683754843,0.05,0.00061135026551211,False,0.2846179895204139,3.100080314686381,,,,,,,,,,,,,,
US_STAPLES,KO,PEP,Coca-Cola Company (The),"Pepsico, Inc.",-1.6869599649855809,0.43784330862429177,0.05,0.00061135026551211,False,2.3606842078239705,-7.515556158173668,,,,,,,,,,,,,,
US_STAPLES,KHC,PEP,The Kraft Heinz Company,"Pepsico, Inc.",-1.6395258981291685,0.46250853560306976,0.05,0.00061135026551211,False,2.771780116145889,-10.532145465291643,,,,,,,,,,,,,,
US_STAPLES,CL,GIS,Colgate-Palmolive Company,"General Mills, Inc.",-1.6253647055437617,0.4699179283417593,0.05,0.00061135026551211,False,0.212242862845397,3.6399924725814934,,,,,,,,,,,,,,
US_STAPLES,CL,KMB,Colgate-Palmolive Company,Kimberly-Clark Corporation,-1.6126051520430058,0.47660819916063757,0.05,0.00061135026551211,False,0.39717540245694494,2.5803981152945132,,,,,,,,,,,,,,
US_STAPLES,CL,PEP,Colgate-Palmolive Company,"Pepsico, Inc.",-1.5823644055269521,0.492446113111057,0.05,0.00061135026551211,False,0.9483409767026533,-0.24561941687980582,,,,,,,,,,,,,,
US_STAPLES,MDLZ,PEP,"Mondelez International, Inc.","Pepsico, Inc.",-1.570516539892745,0.4983849207784054,0.05,0.00061135026551211,False,0.6475496294840669,0.8885093306735499,,,,,,,,,,,,,,
US_STAPLES,CL,KHC,Colgate-Palmolive Company,The Kraft Heinz Company,-1.4750844326051336,0.5457987475274484,0.05,0.00061135026551211,False,0.5357790852112911,2.73024988175071,,,,,,,,,,,,,,
US_UTILITIES,PPL,WEC,PPL Corporation,"WEC Energy Group, Inc.",-4.912511774856424,3.297056095866823e-05,0.05,0.0012388419303295684,True,0.8054959074625718,-0.20674346216056882,7.563959898732161,-7.634155856432106e-05,-0.0916381352942032,23.0,-2.225640715300015,2.5543415734981596,False,,0.4,-0.009196154789311921,-0.36780397757726524,0.9412203008269389,False,mixed signal
US_UTILITIES,ES,FE,Eversource Energy (D/B/A),FirstEnergy Corp.,-4.034803765050459,0.0012388419303295684,0.05,0.0012388419303295684,True,0.9789156965629118,0.47243379933883434,13.04877988038779,3.365723496670314e-06,-0.053119692945525106,39.0,-1.0029831036874846,3.164876578723802,False,,1.0,-0.0006284002763238831,-0.029200529978745227,-0.6086568393447942,True,reversion signs agree
US_UTILITIES,DUK,SO,Duke Energy Corporation (Holdin,Southern Company (The),-3.7259119355174812,0.003763095434226639,0.05,0.0012388419303295684,False,1.174609020976467,-0.5045169571139025,,,,,,,,,,,,,,
US_UTILITIES,PPL,XEL,PPL Corporation,Xcel Energy Inc.,-3.651503338018645,0.004849387145680587,0.05,0.0012388419303295684,False,0.717650730605701,0.47203588739446056,,,,,,,,,,,,,,
US_UTILITIES,AEP,PEG,American Electric Power Company,Public Service Enterprise Group,-3.6399858860918153,0.005041021805906463,0.05,0.0012388419303295684,False,9.757217140706318,-37.94334176854055,,,,,,,,,,,,,,
US_UTILITIES,FE,PEG,FirstEnergy Corp.,Public Service Enterprise Group,-3.5325834858723772,0.007188667577770745,0.05,0.0012388419303295684,False,5.01241032514528,-18.16066061688482,,,,,,,,,,,,,,
US_UTILITIES,ES,PEG,Eversource Energy (D/B/A),Public Service Enterprise Group,-3.5204155877937238,0.007478000052637304,0.05,0.0012388419303295684,False,5.582991385256386,-20.257538379224282,,,,,,,,,,,,,,
US_UTILITIES,PEG,XEL,Public Service Enterprise Group,Xcel Energy Inc.,-3.5042520111136537,0.007878562545898464,0.05,0.0012388419303295684,False,0.19237081489161628,3.554159512756131,,,,,,,,,,,,,,
US_UTILITIES,EXC,PEG,Exelon Corporation,Public Service Enterprise Group,-3.502191726745394,0.007930983965506525,0.05,0.0012388419303295684,False,5.7152188075762025,-21.240581133079584,,,,,,,,,,,,,,
US_UTILITIES,PEG,WEC,Public Service Enterprise Group,"WEC Energy Group, Inc.",-3.417663952756752,0.010371246825732774,0.05,0.0012388419303295684,False,0.21661012972213875,3.3690257170024824,,,,,,,,,,,,,,
US_UTILITIES,AEE,PEG,Ameren Corporation,Public Service Enterprise Group,-3.4028753306569586,0.010861241454176575,0.05,0.0012388419303295684,False,5.206538174031307,-18.1965114107944,,,,,,,,,,,,,,
US_UTILITIES,ED,PEG,"Consolidated Edison, Inc.",Public Service Enterprise Group,-3.38079844712966,0.011631129470413408,0.05,0.0012388419303295684,False,3.615116194721935,-11.201736897011948,,,,,,,,,,,,,,
US_UTILITIES,PEG,PPL,Public Service Enterprise Group,PPL Corporation,-3.342356534716533,0.013088089960483905,0.05,0.0012388419303295684,False,0.31142580093988664,3.2758902344978034,,,,,,,,,,,,,,
US_UTILITIES,D,PEG,"Dominion Energy, Inc.",Public Service Enterprise Group,-3.3243098111201577,0.0138261846521065,0.05,0.0012388419303295684,False,3.6014831362359705,-11.717202221576272,,,,,,,,,,,,,,
US_UTILITIES,AEP,DUK,American Electric Power Company,Duke Energy Corporation (Holdin,-3.3228887411021075,0.013885838260571791,0.05,0.0012388419303295684,False,1.8060286247159076,-3.8880180965809688,,,,,,,,,,,,,,
US_UTILITIES,DUK,PPL,Duke Energy Corporation (Holdin,PPL Corporation,-3.283668289813916,0.015624473803738307,0.05,0.0012388419303295684,False,0.8351967674666241,1.8062718836019052,,,,,,,,,,,,,,
US_UTILITIES,AEP,D,American Electric Power Company,"Dominion Energy, Inc.",-3.2306794491779773,0.01827611094734892,0.05,0.0012388419303295684,False,1.509504069196493,-1.3939799204289,,,,,,,,,,,,,,
US_UTILITIES,DUK,PEG,Duke Energy Corporation (Holdin,Public Service Enterprise Group,-3.230001675597244,0.01831243266489646,0.05,0.0012388419303295684,False,2.8363666915210004,-7.65371531643969,,,,,,,,,,,,,,
US_UTILITIES,EXC,WEC,Exelon Corporation,"WEC Energy Group, Inc.",-3.141907089064145,0.02360334984130494,0.05,0.0012388419303295684,False,0.9497279832945489,-0.6598686365000437,,,,,,,,,,,,,,
US_UTILITIES,DUK,EXC,Duke Energy Corporation (Holdin,Exelon Corporation,-3.133856160917673,0.024147038547339374,0.05,0.0012388419303295684,False,0.7047965926703164,2.114233932249793,,,,,,,,,,,,,,
US_UTILITIES,PPL,SO,PPL Corporation,Southern Company (The),-3.107773927372804,0.025983206582766708,0.05,0.0012388419303295684,False,1.4305882020243732,-2.874581002766543,,,,,,,,,,,,,,
US_UTILITIES,PEG,SO,Public Service Enterprise Group,Southern Company (The),-3.096341113501742,0.02682515006965736,0.05,0.0012388419303295684,False,0.5155846546216356,2.068541928706131,,,,,,,,,,,,,,
US_UTILITIES,DUK,ES,Duke Energy Corporation (Holdin,Eversource Energy (D/B/A),-3.0808978343198477,0.027999512598707133,0.05,0.0012388419303295684,False,0.7902939331503189,1.4764108194552477,,,,,,,,,,,,,,
US_UTILITIES,WEC,XEL,"WEC Energy Group, Inc.",Xcel Energy Inc.,-3.0749618252439075,0.028462473812663296,0.05,0.0012388419303295684,False,0.8960219737926947,0.82126352031056,,,,,,,,,,,,,,
US_UTILITIES,DUK,XEL,Duke Energy Corporation (Holdin,Xcel Energy Inc.,-3.0587162408026005,0.029763093318607128,0.05,0.0012388419303295684,False,0.5898321011190661,2.240780896886376,,,,,,,,,,,,,,
US_UTILITIES,AEP,ES,American Electric Power Company,Eversource Energy (D/B/A),-3.036394287422603,0.031632598491792244,0.05,0.0012388419303295684,False,1.512942126830147,-1.5740123604584975,,,,,,,,,,,,,,
US_UTILITIES,EXC,PPL,Exelon Corporation,PPL Corporation,-3.0314638747803024,0.032058724108976935,0.05,0.0012388419303295684,False,1.1861971782027827,-0.44107667915957594,,,,,,,,,,,,,,
US_UTILITIES,ES,SO,Eversource Energy (D/B/A),Southern Company (The),-3.0219587081198984,0.03289399966116397,0.05,0.0012388419303295684,False,1.534577714182441,-2.7216760407515643,,,,,,,,,,,,,,
US_UTILITIES,AEE,PPL,Ameren Corporation,PPL Corporation,-2.965058637968016,0.03828884810783036,0.05,0.0012388419303295684,False,1.365077243403456,-0.24348972919962186,,,,,,,,,,,,,,
US_UTILITIES,D,ES,"Dominion Energy, Inc.",Eversource Energy (D/B/A),-2.952183485850396,0.03960762071455103,0.05,0.0012388419303295684,False,0.9796936313128893,-0.026335468519596894,,,,,,,,,,,,,,
US_UTILITIES,DUK,WEC,Duke Energy Corporation (Holdin,"WEC Energy Group, Inc.",-2.948749021754614,0.039965762899796906,0.05,0.0012388419303295684,False,0.6680143017574998,1.6553744747007264,,,,,,,,,,,,,,
US_UTILITIES,DUK,FE,Duke Energy Corporation (Holdin,FirstEnergy Corp.,-2.816697946095903,0.055927887831156355,0.05,0.0012388419303295684,False,0.7816952929368477,1.8197664253889614,,,,,,,,,,,,,,
US_UTILITIES,AEE,EXC,Ameren Corporation,Exelon Corporation,-2.810558754535371,0.05678128215858907,0.05,0.0012388419303295684,False,1.1600535441277422,0.2297845429671428,,,,,,,,,,,,,,
US_UTILITIES,AEE,XEL,Ameren Corporation,Xcel Energy Inc.,-2.7483076130462916,0.06604543191275479,0.05,0.0012388419303295684,False,0.9846746472936946,0.3796788564980913,,,,,,,,,,,,,,
US_UTILITIES,AEE,DUK,Ameren Corporation,Duke Energy Corporation (Holdin,-2.6983873759306167,0.07431773939090311,0.05,0.0012388419303295684,False,1.660911092389308,-3.320904296175944,,,,,,,,,,,,,,
US_UTILITIES,D,FE,"Dominion Energy, Inc.",FirstEnergy Corp.,-2.6677503070912745,0.07978704902939909,0.05,0.0012388419303295684,False,0.9591658492240185,0.4360272421258813,,,,,,,,,,,,,,
US_UTILITIES,AEP,FE,American Electric Power Company,FirstEnergy Corp.,-2.647338585322601,0.08360261304783595,0.05,0.0012388419303295684,False,1.4475259581463753,-0.7345344028760321,,,,,,,,,,,,,,
US_UTILITIES,EXC,XEL,Exelon Corporation,Xcel Energy Inc.,-2.6306864626894932,0.08681938845366272,0.05,0.0012388419303295684,False,0.8440844409339746,0.14917807164492913,,,,,,,,,,,,,,
US_UTILITIES,AEE,WEC,Ameren Corporation,"WEC Energy Group, Inc.",-2.6026494215552147,0.09245092133547422,0.05,0.0012388419303295684,False,1.0966255294795562,-0.5121923334104155,,,,,,,,,,,,,,
US_UTILITIES,AEE,SO,Ameren Corporation,Southern Company (The),-2.6023836278599672,0.09250562011253527,0.05,0.0012388419303295684,False,2.0319507175687757,-4.519849780000063,,,,,,,,,,,,,,
US_UTILITIES,AEP,SO,American Electric Power Company,Southern Company (The),-2.546208215195248,0.10463221935317585,0.05,0.0012388419303295684,False,2.2449461697276107,-5.349689984097133,,,,,,,,,,,,,,
US_UTILITIES,ES,XEL,Eversource Energy (D/B/A),Xcel Energy Inc.,-2.5344480919862704,0.1073160895352685,0.05,0.0012388419303295684,False,0.6933607296272775,1.1906577101286824,,,,,,,,,,,,,,
US_UTILITIES,ED,ES,"Consolidated Edison, Inc.",Eversource Energy (D/B/A),-2.5259242190910993,0.10929341304836182,0.05,0.0012388419303295684,False,0.7071906308698312,1.6699634086617503,,,,,,,,,,,,,,
US_UTILITIES,SO,WEC,Southern Company (The),"WEC Energy Group, Inc.",-2.5242365803098337,0.10968811083500901,0.05,0.0012388419303295684,False,0.5567881119632728,1.8936699388109246,,,,,,,,,,,,,,
US_UTILITIES,SO,XEL,Southern Company (The),Xcel Energy Inc.,-2.5027024420406647,0.1148181753185144,0.05,0.0012388419303295684,False,0.47974797787622786,2.4316890949166448,,,,,,,,,,,,,,
US_UTILITIES,FE,SO,FirstEnergy Corp.,Southern Company (The),-2.45100507065075,0.1278547926714373,0.05,0.0012388419303295684,False,1.5817988789848982,-3.326028004017757,,,,,,,,,,,,,,
US_UTILITIES,D,XEL,"Dominion Energy, Inc.",Xcel Energy Inc.,-2.4415735954524798,0.13034461580785844,0.05,0.0012388419303295684,False,0.7059581322089472,1.0276346838692931,,,,,,,,,,,,,,
US_UTILITIES,EXC,SO,Exelon Corporation,Southern Company (The),-2.4223650086339807,0.13552328566976896,0.05,0.0012388419303295684,False,1.7093849200058164,-3.9062511070501373,,,,,,,,,,,,,,
US_UTILITIES,D,SO,"Dominion Energy, Inc.",Southern Company (The),-2.3528700099624507,0.15548251644866556,0.05,0.0012388419303295684,False,1.47311571083218,-2.5577559456525094,,,,,,,,,,,,,,
US_UTILITIES,ES,WEC,Eversource Energy (D/B/A),"WEC Energy Group, Inc.",-2.3158443993865165,0.1669087461116756,0.05,0.0012388419303295684,False,0.7812731495894182,0.5208657662975629,,,,,,,,,,,,,,
US_UTILITIES,ES,EXC,Eversource Energy (D/B/A),Exelon Corporation,-2.2897755804205557,0.17528675761213341,0.05,0.0012388419303295684,False,0.8355414116270551,1.015796783256754,,,,,,,,,,,,,,
US_UTILITIES,D,DUK,"Dominion Energy, Inc.",Duke Energy Corporation (Holdin,-2.2725362350141824,0.18097860343809774,0.05,0.0012388419303295684,False,1.2227161328105782,-1.776474689785692,,,,,,,,,,,,,,
US_UTILITIES,ES,PPL,Eversource Energy (D/B/A),PPL Corporation,-2.2578799979134536,0.18591240177721902,0.05,0.0012388419303295684,False,1.0371232449225547,0.486296136335429,,,,,,,,,,,,,,
US_UTILITIES,AEP,ED,American Electric Power Company,"Consolidated Edison, Inc.",-2.256283545154944,0.18645508175343684,0.05,0.0012388419303295684,False,2.0539507652079303,-4.75546546972837,,,,,,,,,,,,,,
US_UTILITIES,AEE,ES,Ameren Corporation,Eversource Energy (D/B/A),-2.2516815492628384,0.18802520915777632,0.05,0.0012388419303295684,False,1.4572074906319328,-1.4637277522768173,,,,,,,,,,,,,,
US_UTILITIES,AEP,PPL,American Electric Power Company,PPL Corporation,-2.2062104738139268,0.2039991398506087,0.05,0.0012388419303295684,False,1.5463598816095334,-0.7586873942043972,,,,,,,,,,,,,,
US_UTILITIES,ED,EXC,"Consolidated Edison, Inc.",Exelon Corporation,-2.1593667379489614,0.2213219704766225,0.05,0.0012388419303295684,False,0.6407367226642859,2.203429034587588,,,,,,,,,,,,,,
US_UTILITIES,ED,SO,"Consolidated Edison, Inc.",Southern Company (The),-2.1556003252615836,0.2227525822631634,0.05,0.0012388419303295684,False,1.1479707259257517,-0.5342510505257216,,,,,,,,,,,,,,
US_UTILITIES,AEE,D,Ameren Corporation,"Dominion Energy, Inc.",-2.1538641783503416,0.22341390960186402,0.05,0.0012388419303295684,False,1.4049391046930335,-1.094255132649308,,,,,,,,,,,,,,
US_UTILITIES,D,PPL,"Dominion Energy, Inc.",PPL Corporation,-2.1384769109162542,0.22932683558066835,0.05,0.0012388419303295684,False,1.0106153317863793,0.4691456834379122,,,,,,,,,,,,,,
US_UTILITIES,FE,XEL,FirstEnergy Corp.,Xcel Energy Inc.,-2.128222792267786,0.23331852442582435,0.05,0.0012388419303295684,False,0.7230119167492338,0.6716236004505753,,,,,,,,,,,,,,
US_UTILITIES,ED,FE,"Consolidated Edison, Inc.",FirstEnergy Corp.,-2.0524488545064217,0.2640597058846395,0.05,0.0012388419303295684,False,0.7121162303006645,1.9302554756013155,,,,,,,,,,,,,,
US_UTILITIES,AEP,WEC,American Electric Power Company,"WEC Energy Group, Inc.",-2.0413687328528556,0.26873393673432294,0.05,0.0012388419303295684,False,1.2196276816856362,-0.9589709319242363,,,,,,,,,,,,,,
US_UTILITIES,AEE,AEP,Ameren Corporation,American Electric Power Company,-2.002179533450799,0.2856182681697841,0.05,0.0012388419303295684,False,0.9098428800885338,0.30031525778577617,,,,,,,,,,,,,,
US_UTILITIES,ED,PPL,"Consolidated Edison, Inc.",PPL Corporation,-1.9975782088793794,0.28763597873313074,0.05,0.0012388419303295684,False,0.7620936478474313,1.9136302211803193,,,,,,,,,,,,,,
US_UTILITIES,AEE,ED,Ameren Corporation,"Consolidated Edison, Inc.",-1.9872762077586215,0.29217975397758056,0.05,0.0012388419303295684,False,1.9343836711750655,-4.326908569233298,,,,,,,,,,,,,,
US_UTILITIES,DUK,ED,Duke Energy Corporation (Holdin,"Consolidated Edison, Inc.",-1.9480157295294576,0.3098207860256854,0.05,0.0012388419303295684,False,1.0467591218193917,-0.06574746133994669,,,,,,,,,,,,,,
US_UTILITIES,ED,XEL,"Consolidated Edison, Inc.",Xcel Energy Inc.,-1.878822418924027,0.3420883484095808,0.05,0.0012388419303295684,False,0.48173059584356376,2.5482877486989257,,,,,,,,,,,,,,
US_UTILITIES,ED,WEC,"Consolidated Edison, Inc.","WEC Energy Group, Inc.",-1.868725805076872,0.3469134273158855,0.05,0.0012388419303295684,False,0.5859667616358619,1.8844023262321747,,,,,,,,,,,,,,
US_UTILITIES,AEE,FE,Ameren Corporation,FirstEnergy Corp.,-1.8516900560752791,0.355117445021351,0.05,0.0012388419303295684,False,1.385195971801118,-0.6216675192183114,,,,,,,,,,,,,,
US_UTILITIES,FE,PPL,FirstEnergy Corp.,PPL Corporation,-1.8450499684575747,0.3583359365956359,0.05,0.0012388419303295684,False,1.0590236500843482,0.015691934232460625,,,,,,,,,,,,,,
US_UTILITIES,FE,WEC,FirstEnergy Corp.,"WEC Energy Group, Inc.",-1.8430169791800943,0.35932361978096083,0.05,0.0012388419303295684,False,0.8081204108253911,0.0033816280750671446,,,,,,,,,,,,,,
US_UTILITIES,AEP,XEL,American Electric Power Company,Xcel Energy Inc.,-1.8148853097925983,0.37309699280966613,0.05,0.0012388419303295684,False,1.0808589005242761,0.09308170300282192,,,,,,,,,,,,,,
US_UTILITIES,D,WEC,"Dominion Energy, Inc.","WEC Energy Group, Inc.",-1.8137771778428022,0.3736434771684889,0.05,0.0012388419303295684,False,0.7872408650360908,0.38351916797133034,,,,,,,,,,,,,,
US_UTILITIES,D,ED,"Dominion Energy, Inc.","Consolidated Edison, Inc.",-1.8110928039997805,0.3749684975248526,0.05,0.0012388419303295684,False,1.3554944587070328,-2.203134849455709,,,,,,,,,,,,,,
US_UTILITIES,AEP,EXC,American Electric Power Company,Exelon Corporation,-1.6463637032208234,0.4589375445064589,0.05,0.0012388419303295684,False,1.2831403299703554,-0.10769700636802693,,,,,,,,,,,,,,
US_UTILITIES,EXC,FE,Exelon Corporation,FirstEnergy Corp.,-1.628403835550514,0.4683263195283742,0.05,0.0012388419303295684,False,1.1576987124825202,-0.5986076651697005,,,,,,,,,,,,,,
US_UTILITIES,D,EXC,"Dominion Energy, Inc.",Exelon Corporation,-1.0716506417477012,0.7262439083260965,0.05,0.0012388419303295684,False,0.825638331527377,0.9426342315712652,,,,,,,,,,,,,,
