sector,ticker_a,ticker_b,name_a,name_b,eg_adf_stat,eg_pvalue,fdr_level,bh_critical_pvalue,passes_bh,hedge_ratio_beta,intercept_alpha,half_life_days,ar1_alpha,ar1_beta,zscore_window,latest_zscore,max_abs_zscore,threshold_breached,breach_date,ar1_sign_agreement_recent,ar1_latest_residual,zscore_delta_latest,zscore_delta2_latest,zscore_turning_recent,momentum_read
CA_BANKS,NA.TO,RY.TO,NATIONAL BANK OF CANADA,ROYAL BANK OF CANADA,-3.098441443512476,0.026668743848452067,0.05,,False,1.092732847152316,-0.7602099080147724,,,,,,,,,,,,,,
CA_BANKS,BNS.TO,RY.TO,BANK OF NOVA SCOTIA,ROYAL BANK OF CANADA,-3.052690421029097,0.030258243032114246,0.05,,False,1.103820378776446,-1.4071869170030906,,,,,,,,,,,,,,
CA_BANKS,CM.TO,NA.TO,CANADIAN IMPERIAL BANK OF COMME,NATIONAL BANK OF CANADA,-2.836316496513067,0.05327054120227983,0.05,,False,1.2459173847496212,-1.5770646705988387,,,,,,,,,,,,,,
CA_BANKS,BNS.TO,CM.TO,BANK OF NOVA SCOTIA,CANADIAN IMPERIAL BANK OF COMME,-2.572117125359541,0.09889810509514718,0.05,,False,0.8117892045340052,0.634663237273752,,,,,,,,,,,,,,
CA_BANKS,BNS.TO,NA.TO,BANK OF NOVA SCOTIA,NATIONAL BANK OF CANADA,-2.569099828545016,0.09955334585890596,0.05,,False,1.0112616715011935,-0.6447854606529946,,,,,,,,,,,,,,
CA_BANKS,CM.TO,TD.TO,CANADIAN IMPERIAL BANK OF COMME,TORONTO-DOMINION BANK,-2.307865099239156,0.16944386684264734,0.05,,False,0.9884344431134681,0.06010831246605708,,,,,,,,,,,,,,
CA_BANKS,BMO.TO,CM.TO,BANK OF MONTREAL,CANADIAN IMPERIAL BANK OF COMME,-2.2824180324763668,0.17770121954255796,0.05,,False,0.8786794533144303,0.9797860512187588,,,,,,,,,,,,,,
CA_BANKS,BMO.TO,TD.TO,BANK OF MONTREAL,TORONTO-DOMINION BANK,-2.188473871729484,0.21045534107900282,0.05,,False,0.8666560243001562,1.041136368209778,,,,,,,,,,,,,,
CA_BANKS,BMO.TO,RY.TO,BANK OF MONTREAL,ROYAL BANK OF CANADA,-2.0834574678384734,0.2512182507680917,0.05,,False,1.199666752520224,-1.2558892953701761,,,,,,,,,,,,,,
CA_BANKS,RY.TO,TD.TO,ROYAL BANK OF CANADA,TORONTO-DOMINION BANK,-2.0634192595329766,0.2594759212245018,0.05,,False,0.7225999929034803,1.9138667150079947,,,,,,,,,,,,,,
CA_BANKS,CM.TO,RY.TO,CANADIAN IMPERIAL BANK OF COMME,ROYAL BANK OF CANADA,-2.039481555187942,0.26953448874717323,0.05,,False,1.3601592914683809,-2.5174507121979195,,,,,,,,,,,,,,
CA_BANKS,BMO.TO,NA.TO,BANK OF MONTREAL,NATIONAL BANK OF CANADA,-2.0205602817218846,0.27763152388287593,0.05,,False,1.098936744821555,-0.42662235413584426,,,,,,,,,,,,,,
CA_BANKS,NA.TO,TD.TO,NATIONAL BANK OF CANADA,TORONTO-DOMINION BANK,-1.9526507978854164,0.3077118817724037,0.05,,False,0.7885183347753502,1.3361356194887328,,,,,,,,,,,,,,
CA_BANKS,BMO.TO,BNS.TO,BANK OF MONTREAL,BANK OF NOVA SCOTIA,-1.928946313741539,0.31856874256624146,0.05,,False,1.0849716792020436,0.2816004598564561,,,,,,,,,,,,,,
CA_BANKS,BNS.TO,TD.TO,BANK OF NOVA SCOTIA,TORONTO-DOMINION BANK,-1.8097624681945397,0.37562578389297213,0.05,,False,0.7967080674870335,0.7095629206130156,,,,,,,,,,,,,,
CA_ENERGY,CNQ.TO,SU.TO,CDN NATURAL RES,SUNCOR ENERGY INC.,-2.9179204388875335,0.043303428686969674,0.05,,False,0.7673512932099652,0.702287125296758,,,,,,,,,,,,,,
CA_ENERGY,CVE.TO,SU.TO,CENOVUS ENERGY INC.,SUNCOR ENERGY INC.,-2.7834032344186403,0.06068388504136793,0.05,,False,1.1659512153412073,-1.5698821841268669,,,,,,,,,,,,,,
CA_ENERGY,CVE.TO,IMO.TO,CENOVUS ENERGY INC.,IMPERIAL OIL,-2.674797902923888,0.07850178129277983,0.05,,False,1.0588698901364761,-1.8712794200030927,,,,,,,,,,,,,,
CA_ENERGY,CNQ.TO,IMO.TO,CDN NATURAL RES,IMPERIAL OIL,-2.387840812986085,0.14519769959448114,0.05,,False,0.6806214762523306,0.5810815675124523,,,,,,,,,,,,,,
CA_ENERGY,CNQ.TO,CVE.TO,CDN NATURAL RES,CENOVUS ENERGY INC.,-2.1938976811508457,0.20846769705615664,0.05,,False,0.6617556432959063,1.7240527861983521,,,,,,,,,,,,,,
CA_ENERGY,IMO.TO,SU.TO,IMPERIAL OIL,SUNCOR ENERGY INC.,-1.878465427727646,0.3422584689922189,0.05,,False,1.099859109723782,0.28978149023271627,,,,,,,,,,,,,,
CH_FINANCIALS,BAER.SW,UBSG.SW,JULIUS BAER N,UBS GROUP N,-3.139233490365564,0.023782717048435372,0.05,,False,0.7767542604332376,1.379922603291953,,,,,,,,,,,,,,
CH_FINANCIALS,BAER.SW,ZURN.SW,JULIUS BAER N,ZURICH INSURANCE N,-2.774367866271676,0.06202944265847316,0.05,,False,1.5490590647305442,-5.685986504022269,,,,,,,,,,,,,,
CH_FINANCIALS,UBSG.SW,ZURN.SW,UBS GROUP N,ZURICH INSURANCE N,-2.4062911642211935,0.13996864156952782,0.05,,False,2.222523780176424,-10.52257965671168,,,,,,,,,,,,,,
CH_FINANCIALS,BAER.SW,SLHN.SW,JULIUS BAER N,SWISS LIFE HOLDING AG N,-2.283509737941435,0.1773415762789745,0.05,,False,0.9710136643883298,-2.4426408041822474,,,,,,,,,,,,,,
CH_FINANCIALS,SLHN.SW,UBSG.SW,SWISS LIFE HOLDING AG N,UBS GROUP N,-2.2335100483118664,0.1943087608889857,0.05,,False,0.7711465539102305,4.033462403072418,,,,,,,,,,,,,,
CH_FINANCIALS,SLHN.SW,ZURN.SW,SWISS LIFE HOLDING AG N,ZURICH INSURANCE N,-2.191603450977117,0.2093070220060786,0.05,,False,1.4987602657768533,-2.7370842058731952,,,,,,,,,,,,,,
CH_PHARMA_LIFESCIENCE,LONN.SW,NOVN.SW,LONZA N,NOVARTIS N,-4.2112718606667086,0.0006305423353570341,0.05,0.0006305423353570341,True,-0.22032438185370096,7.292747383529336,11.861049399577153,0.0005166104164185917,-0.05843894222248632,36.0,0.2470183526237611,2.7967649875370495,False,,0.4,0.009636218314201044,0.0844437813677199,-0.29500455996858743,True,mixed signal
CONSUMER,DOM.L,TSCO.L,DOMINO'S PIZZA GROUP PLC ORD 25,TESCO PLC ORD 6 1/3P,-4.249526353502786,0.0005426288802593852,0.05,0.006726052607612212,True,-1.9800894308556332,17.345001485790718,13.338135348441876,0.0005258903105578819,-0.051967322451928546,40.0,1.3035350434779218,2.982052174612369,False,,0.4,0.05578861281665742,0.6452342355566274,0.6465987091144647,False,mixed signal
CONSUMER,ABF.L,DNLM.L,ASSOCIATED BRITISH FOODS PLC OR,DUNELM GROUP PLC ORD 1P,-3.9821111388838535,0.0015071343575055651,0.05,0.006726052607612212,True,0.5404337740883166,3.882876495073027,11.92431711714625,-9.029918740475477e-05,-0.05812887847164455,36.0,-0.953035002634971,3.725868581768803,False,,0.6,0.010312909778220799,0.3252949292412888,0.4012213709361536,True,reversion signs agree
CONSUMER,EZJ.L,MKS.L,EASYJET PLC ORD 27 2/7P,MARKS AND SPENCER GROUP PLC ORD,-3.9715141701236383,0.0015672405186408034,0.05,0.006726052607612212,True,3.761574701275429,-15.9351325343778,14.146237473028636,-0.0012391049117289098,-0.04899869536910482,42.0,-0.22229093546578027,2.567576225079317,False,,0.6,-0.08461038737745454,-0.9232296034230568,-1.0657236288038368,False,mixed signal
CONSUMER,DOM.L,MKS.L,DOMINO'S PIZZA GROUP PLC ORD 25,MARKS AND SPENCER GROUP PLC ORD,-3.7371818163613035,0.003619537092495702,0.05,0.006726052607612212,True,45.46467768849187,-261.796155801997,15.634784697190934,-0.020143809713856053,-0.04433365690571239,47.0,0.005484988592817739,2.7880124535339057,False,,0.4,-1.1874770294124506,-0.7490640713909419,-0.9029440414163799,True,mixed signal
CONSUMER,BME.L,MKS.L,B&M EUROPEAN VALUE RETAIL PLC O,MARKS AND SPENCER GROUP PLC ORD,-3.723719337502907,0.0037916241090955624,0.05,0.006726052607612212,True,132.29408069698405,-772.139234386289,15.721954069729424,-0.057173934951309874,-0.044087851769934246,47.0,-0.03738174091411849,2.770699157607275,False,,0.4,-3.578976447467126,-0.7780282295456182,-0.9289955496792163,True,mixed signal
CONSUMER,GRG.L,MKS.L,GREGGS PLC ORD 2P,MARKS AND SPENCER GROUP PLC ORD,-3.7170517415380444,0.0038795997854693997,0.05,0.006726052607612212,True,149.8051416800024,-873.045283992519,15.74368199912842,-0.06417886743811754,-0.04402700591883896,47.0,-0.02422545717600403,2.7794356069410693,False,,0.4,-4.033284719901312,-0.7797005345685195,-0.9365445913635083,True,mixed signal
CONSUMER,ABF.L,MKS.L,ASSOCIATED BRITISH FOODS PLC OR,MARKS AND SPENCER GROUP PLC ORD,-3.7144399905392054,0.003914566922872668,0.05,0.006726052607612212,True,57.27744492711447,-329.06736036999183,15.784229224406989,-0.02451969977143135,-0.04391390740120139,47.0,-0.08430794240229486,2.7500211983925182,False,,0.4,-1.5422416133521195,-0.7934586403742327,-0.9517813486992391,False,mixed signal
CONSUMER,MKS.L,PETS.L,MARKS AND SPENCER GROUP PLC ORD,PETS AT HOME GROUP PLC ORD 1P,-3.713953861882427,0.003921107152982515,0.05,0.006726052607612212,True,0.006440990314040367,5.843491443201597,15.74929146529825,0.0004261014442750424,-0.04401132470544566,47.0,0.04987830712124072,2.7598245224145432,False,,0.4,0.027086601127445292,0.7816222050917804,0.9339538728806965,True,mixed signal
CONSUMER,IHG.L,MKS.L,INTERCONTINENTAL HOTELS GROUP P,MARKS AND SPENCER GROUP PLC ORD,-3.703917926676337,0.00405838128508888,0.05,0.006726052607612212,True,19.0206825477475,-106.99023905787968,15.964013142834272,-0.007217022482844713,-0.04341935667166978,48.0,0.025772296883510744,2.6689589643982976,False,,0.4,-0.4933092907100725,-0.7557243482119133,-0.9012232045746189,True,mixed signal
CONSUMER,DNLM.L,MKS.L,DUNELM GROUP PLC ORD 1P,MARKS AND SPENCER GROUP PLC ORD,-3.6937469087196946,0.004201974146411031,0.05,0.006726052607612212,True,34.428112739745245,-195.4382428534546,15.939374019037237,-0.015161871788262999,-0.04348647442064431,48.0,-0.062401396637642326,2.6874201711934376,False,,0.4,-0.936000854140982,-0.7892614256064402,-0.9514580958032614,False,mixed signal
CONSUMER,MKS.L,WTB.L,MARKS AND SPENCER GROUP PLC ORD,WHITBREAD PLC ORD 76 122/153P,-3.6446481862295936,0.004962632065352695,0.05,0.006726052607612212,True,0.23067448038500574,4.050263926816229,16.510699931279714,0.0005256986936401637,-0.0419816957151992,50.0,-0.47045947426509593,2.752445245518637,False,,0.6,0.01652463261197477,0.49113495410590535,0.6638529655264099,False,mixed signal
CONSUMER,MKS.L,NXT.L,MARKS AND SPENCER GROUP PLC ORD,NEXT PLC ORD 10P,-3.5946923853171406,0.0058633124391767955,0.05,0.006726052607612212,True,0.08374433459117436,5.094277948819357,16.71704089794783,0.0003430345704850647,-0.04146350928919696,50.0,0.026644077750453247,2.582210061931523,False,,0.4,0.023902257720742382,0.7092335790996138,0.8733587878741468,True,mixed signal
CONSUMER,MKS.L,TSCO.L,MARKS AND SPENCER GROUP PLC ORD,TESCO PLC ORD 6 1/3P,-3.564896844378067,0.006468694772412078,0.05,0.006726052607612212,True,0.08166381314007448,5.38861604178932,16.755581647707846,0.0003548867037493806,-0.041368136011844595,50.0,-0.042382394704711425,2.6982074189178213,False,,0.4,0.02649193727510767,0.7544529491416339,0.9486077915702658,True,mixed signal
CONSUMER,MKS.L,SBRY.L,MARKS AND SPENCER GROUP PLC ORD,SAINSBURY (J) PLC ORD 28 4/7P,-3.5529892004645824,0.006726052607612212,0.05,0.006726052607612212,True,0.101860650893998,5.299543045079908,16.76839751274303,0.0003738084440544894,-0.041336518891157775,50.0,0.11611713981037924,2.6705081500669077,False,,0.4,0.026911926972544235,0.7990182902463256,0.9972763822353374,False,mixed signal
CONSUMER,DNLM.L,WTB.L,DUNELM GROUP PLC ORD 1P,WHITBREAD PLC ORD 76 122/153P,-3.3910359797911056,0.011268276660058448,0.05,0.006726052607612212,False,1.640498816165659,-6.054963237063521,,,,,,,,,,,,,,
CONSUMER,BME.L,TSCO.L,B&M EUROPEAN VALUE RETAIL PLC O,TESCO PLC ORD 6 1/3P,-3.3438564637867723,0.013028343879220434,0.05,0.006726052607612212,False,-3.096869529209044,24.126326877853153,,,,,,,,,,,,,,
CONSUMER,DOM.L,SBRY.L,DOMINO'S PIZZA GROUP PLC ORD 25,SAINSBURY (J) PLC ORD 28 4/7P,-3.310300871209153,0.014424257460670007,0.05,0.006726052607612212,False,-2.331858303441799,18.720732545567753,,,,,,,,,,,,,,
CONSUMER,ABF.L,PETS.L,ASSOCIATED BRITISH FOODS PLC OR,PETS AT HOME GROUP PLC ORD 1P,-3.3011923992671206,0.014825258274812137,0.05,0.006726052607612212,False,0.45550809739262255,5.16249755041681,,,,,,,,,,,,,,
CONSUMER,DOM.L,NXT.L,DOMINO'S PIZZA GROUP PLC ORD 25,NEXT PLC ORD 10P,-3.2987082109663692,0.014936316336859361,0.05,0.006726052607612212,False,-1.66460494390177,21.05508945938568,,,,,,,,,,,,,,
CONSUMER,ABF.L,IHG.L,ASSOCIATED BRITISH FOODS PLC OR,INTERCONTINENTAL HOTELS GROUP P,-3.23688473073501,0.017946487909075257,0.05,0.006726052607612212,False,-0.5631360597804921,10.35295493290684,,,,,,,,,,,,,,
CONSUMER,IHG.L,PETS.L,INTERCONTINENTAL HOTELS GROUP P,PETS AT HOME GROUP PLC ORD 1P,-3.2358212372048554,0.018002608531898258,0.05,0.006726052607612212,False,-0.7450642143955905,8.870369223962125,,,,,,,,,,,,,,
CONSUMER,ABF.L,WTB.L,ASSOCIATED BRITISH FOODS PLC OR,WHITBREAD PLC ORD 76 122/153P,-3.1432632131226326,0.023512817163412303,0.05,0.006726052607612212,False,0.8387479448241641,0.9896725203468844,,,,,,,,,,,,,,
CONSUMER,EZJ.L,TSCO.L,EASYJET PLC ORD 27 2/7P,TESCO PLC ORD 6 1/3P,-3.142508622229993,0.0235631553644742,0.05,0.006726052607612212,False,-0.9411374265742751,11.822730192900789,,,,,,,,,,,,,,
CONSUMER,SBRY.L,TSCO.L,SAINSBURY (J) PLC ORD 28 4/7P,TESCO PLC ORD 6 1/3P,-2.9966334414221882,0.03520999281431705,0.05,0.006726052607612212,False,0.8871883774212802,0.36177436339516245,,,,,,,,,,,,,,
CONSUMER,EZJ.L,NXT.L,EASYJET PLC ORD 27 2/7P,NEXT PLC ORD 10P,-2.9658564280078785,0.03820835918277888,0.05,0.006726052607612212,False,-0.40775133531810803,9.99552833773917,,,,,,,,,,,,,,
CONSUMER,BME.L,DOM.L,B&M EUROPEAN VALUE RETAIL PLC O,DOMINO'S PIZZA GROUP PLC ORD 25,-2.9003140494127435,0.045311489984894905,0.05,0.006726052607612212,False,1.5465087637050632,-2.9056845661024617,,,,,,,,,,,,,,
CONSUMER,EZJ.L,SBRY.L,EASYJET PLC ORD 27 2/7P,SAINSBURY (J) PLC ORD 28 4/7P,-2.8993237212025305,0.045426696032095225,0.05,0.006726052607612212,False,-1.2482131409851025,13.271645106499852,,,,,,,,,,,,,,
CONSUMER,BME.L,NXT.L,B&M EUROPEAN VALUE RETAIL PLC O,NEXT PLC ORD 10P,-2.8286283624945767,0.05429934004134958,0.05,0.006726052607612212,False,-2.6692618480699886,30.54520159033239,,,,,,,,,,,,,,
CONSUMER,ABF.L,TSCO.L,ASSOCIATED BRITISH FOODS PLC OR,TESCO PLC ORD 6 1/3P,-2.8130431125516573,0.056434670699549515,0.05,0.006726052607612212,False,-0.5331138559231577,10.835140647734391,,,,,,,,,,,,,,
CONSUMER,GRG.L,NXT.L,GREGGS PLC ORD 2P,NEXT PLC ORD 10P,-2.7760313931097653,0.06177991780898757,0.05,0.006726052607612212,False,-1.8812710854290786,25.198674621955938,,,,,,,,,,,,,,
CONSUMER,PETS.L,TSCO.L,PETS AT HOME GROUP PLC ORD 1P,TESCO PLC ORD 6 1/3P,-2.756087571601611,0.06482527256502561,0.05,0.006726052607612212,False,-1.477368485999736,14.294989966234379,,,,,,,,,,,,,,
CONSUMER,DOM.L,EZJ.L,DOMINO'S PIZZA GROUP PLC ORD 25,EASYJET PLC ORD 27 2/7P,-2.6979479877406947,0.07439403039497551,0.05,0.006726052607612212,False,3.5211782993352023,-16.283870723821583,,,,,,,,,,,,,,
CONSUMER,EZJ.L,PETS.L,EASYJET PLC ORD 27 2/7P,PETS AT HOME GROUP PLC ORD 1P,-2.6936874743105714,0.075136996124507,0.05,0.006726052607612212,False,0.4578628694980635,3.689724811376015,,,,,,,,,,,,,,
CONSUMER,ABF.L,BME.L,ASSOCIATED BRITISH FOODS PLC OR,B&M EUROPEAN VALUE RETAIL PLC O,-2.691862992585289,0.07545694194781911,0.05,0.006726052607612212,False,0.1629907971125105,6.732695427140986,,,,,,,,,,,,,,
CONSUMER,IHG.L,WTB.L,INTERCONTINENTAL HOTELS GROUP P,WHITBREAD PLC ORD 76 122/153P,-2.6686682209731125,0.07961872159426497,0.05,0.006726052607612212,False,-1.6716716295264782,18.071451261697092,,,,,,,,,,,,,,
CONSUMER,ABF.L,NXT.L,ASSOCIATED BRITISH FOODS PLC OR,NEXT PLC ORD 10P,-2.646111482452793,0.08383644725142819,0.05,0.006726052607612212,False,-0.3366390835413547,10.789592031869418,,,,,,,,,,,,,,
CONSUMER,BME.L,EZJ.L,B&M EUROPEAN VALUE RETAIL PLC O,EASYJET PLC ORD 27 2/7P,-2.639626684428109,0.0850806381876762,0.05,0.006726052607612212,False,6.392076860236325,-33.935847712066916,,,,,,,,,,,,,,
CONSUMER,BME.L,GRG.L,B&M EUROPEAN VALUE RETAIL PLC O,GREGGS PLC ORD 2P,-2.6235038124669567,0.08823615128768858,0.05,0.006726052607612212,False,1.4572425976943733,-5.4992175507592,,,,,,,,,,,,,,
CONSUMER,ABF.L,GRG.L,ASSOCIATED BRITISH FOODS PLC OR,GREGGS PLC ORD 2P,-2.6192254346303807,0.08908850427475062,0.05,0.006726052607612212,False,0.2417803513527151,5.804050267719279,,,,,,,,,,,,,,
CONSUMER,EZJ.L,IHG.L,EASYJET PLC ORD 27 2/7P,INTERCONTINENTAL HOTELS GROUP P,-2.5672067245943375,0.09996613407151228,0.05,0.006726052607612212,False,-0.4673526885363442,8.431055579174153,,,,,,,,,,,,,,
CONSUMER,ABF.L,SBRY.L,ASSOCIATED BRITISH FOODS PLC OR,SAINSBURY (J) PLC ORD 28 4/7P,-2.5569597707307357,0.10222302087633184,0.05,0.006726052607612212,False,-0.34608025627657957,9.604207840724648,,,,,,,,,,,,,,
CONSUMER,EZJ.L,GRG.L,EASYJET PLC ORD 27 2/7P,GREGGS PLC ORD 2P,-2.5347803443591603,0.10723956181246308,0.05,0.006726052607612212,False,0.19461358377718124,4.701684469013765,,,,,,,,,,,,,,
CONSUMER,DNLM.L,IHG.L,DUNELM GROUP PLC ORD 1P,INTERCONTINENTAL HOTELS GROUP P,-2.517777762716097,0.11120850364015694,0.05,0.006726052607612212,False,-1.1950387018065967,12.71000972578246,,,,,,,,,,,,,,
CONSUMER,BME.L,SBRY.L,B&M EUROPEAN VALUE RETAIL PLC O,SAINSBURY (J) PLC ORD 28 4/7P,-2.5108440485901085,0.11285809598080754,0.05,0.006726052607612212,False,-4.224514779144046,29.560160173818364,,,,,,,,,,,,,,
CONSUMER,ABF.L,DOM.L,ASSOCIATED BRITISH FOODS PLC OR,DOMINO'S PIZZA GROUP PLC ORD 25,-2.506456557489889,0.11391126782028849,0.05,0.006726052607612212,False,0.19583264548448506,6.5665407492860695,,,,,,,,,,,,,,
CONSUMER,NXT.L,SBRY.L,NEXT PLC ORD 10P,SAINSBURY (J) PLC ORD 28 4/7P,-2.4703027957514814,0.12286817045036164,0.05,0.006726052607612212,False,1.4344961095945805,1.2111037826251696,,,,,,,,,,,,,,
CONSUMER,GRG.L,TSCO.L,GREGGS PLC ORD 2P,TESCO PLC ORD 6 1/3P,-2.458849780036967,0.1258102632278043,0.05,0.006726052607612212,False,-2.3409117045460217,21.624089124003813,,,,,,,,,,,,,,
CONSUMER,DNLM.L,PETS.L,DUNELM GROUP PLC ORD 1P,PETS AT HOME GROUP PLC ORD 1P,-2.455809936339337,0.12659968444069075,0.05,0.006726052607612212,False,0.8625053059184932,2.261017371466836,,,,,,,,,,,,,,
CONSUMER,BME.L,PETS.L,B&M EUROPEAN VALUE RETAIL PLC O,PETS AT HOME GROUP PLC ORD 1P,-2.4054313159314518,0.14020932436596062,0.05,0.006726052607612212,False,2.342834566721133,-7.178818207519807,,,,,,,,,,,,,,
CONSUMER,PETS.L,WTB.L,PETS AT HOME GROUP PLC ORD 1P,WHITBREAD PLC ORD 76 122/153P,-2.3677690778981995,0.15104071137386604,0.05,0.006726052607612212,False,2.188103482655643,-11.90905660707757,,,,,,,,,,,,,,
CONSUMER,NXT.L,TSCO.L,NEXT PLC ORD 10P,TESCO PLC ORD 6 1/3P,-2.3253989391895424,0.16390709692963884,0.05,0.006726052607612212,False,1.2185187837392821,2.054888705989023,,,,,,,,,,,,,,
CONSUMER,PETS.L,SBRY.L,PETS AT HOME GROUP PLC ORD 1P,SAINSBURY (J) PLC ORD 28 4/7P,-2.282088955230991,0.1778097231413046,0.05,0.006726052607612212,False,-2.1251574860151834,17.511524379401894,,,,,,,,,,,,,,
CONSUMER,DNLM.L,TSCO.L,DUNELM GROUP PLC ORD 1P,TESCO PLC ORD 6 1/3P,-2.2792003972963375,0.17876402627610538,0.05,0.006726052607612212,False,-1.5085574752114692,15.996109328596308,,,,,,,,,,,,,,
CONSUMER,GRG.L,SBRY.L,GREGGS PLC ORD 2P,SAINSBURY (J) PLC ORD 28 4/7P,-2.2657531731683473,0.18325119145543972,0.05,0.006726052607612212,False,-3.539024144188669,27.69651319282927,,,,,,,,,,,,,,
CONSUMER,ABF.L,EZJ.L,ASSOCIATED BRITISH FOODS PLC OR,EASYJET PLC ORD 27 2/7P,-2.2334622369778403,0.19432546968267317,0.05,0.006726052607612212,False,0.4428617633744824,4.9015481955068605,,,,,,,,,,,,,,
CONSUMER,GRG.L,PETS.L,GREGGS PLC ORD 2P,PETS AT HOME GROUP PLC ORD 1P,-2.2290041879095015,0.19588749370818692,0.05,0.006726052607612212,False,1.6396185264519554,-1.3259012258483596,,,,,,,,,,,,,,
CONSUMER,NXT.L,PETS.L,NEXT PLC ORD 10P,PETS AT HOME GROUP PLC ORD 1P,-2.134317224483271,0.23094117637208572,0.05,0.006726052607612212,False,-0.8174055921477628,13.805135272858069,,,,,,,,,,,,,,
CONSUMER,DOM.L,GRG.L,DOMINO'S PIZZA GROUP PLC ORD 25,GREGGS PLC ORD 2P,-2.088322495199879,0.24923603626886415,0.05,0.006726052607612212,False,0.92338534873321,-1.5337752754234737,,,,,,,,,,,,,,
CONSUMER,DNLM.L,NXT.L,DUNELM GROUP PLC ORD 1P,NEXT PLC ORD 10P,-2.0483763507774158,0.26577253718925675,0.05,0.006726052607612212,False,-1.0706260853727714,16.972535988484292,,,,,,,,,,,,,,
CONSUMER,TSCO.L,WTB.L,TESCO PLC ORD 6 1/3P,WHITBREAD PLC ORD 76 122/153P,-1.9898020135630397,0.29106238441204324,0.05,0.006726052607612212,False,-1.7580716508591332,19.932269510981417,,,,,,,,,,,,,,
CONSUMER,BME.L,WTB.L,B&M EUROPEAN VALUE RETAIL PLC O,WHITBREAD PLC ORD 76 122/153P,-1.9819384682212688,0.29454816671548967,0.05,0.006726052607612212,False,5.978760892070296,-41.83547193701477,,,,,,,,,,,,,,
CONSUMER,IHG.L,SBRY.L,INTERCONTINENTAL HOTELS GROUP P,SAINSBURY (J) PLC ORD 28 4/7P,-1.947715090926983,0.3099578106652066,0.05,0.006726052607612212,False,1.4915482217480405,-3.654907158045104,,,,,,,,,,,,,,
CONSUMER,NXT.L,WTB.L,NEXT PLC ORD 10P,WHITBREAD PLC ORD 76 122/153P,-1.9093732499254794,0.3276645675270675,0.05,0.006726052607612212,False,-2.3574740694093226,28.04855393807632,,,,,,,,,,,,,,
CONSUMER,IHG.L,TSCO.L,INTERCONTINENTAL HOTELS GROUP P,TESCO PLC ORD 6 1/3P,-1.9028343730896797,0.3307289092434188,0.05,0.006726052607612212,False,1.1015355817662453,-1.7851222695592437,,,,,,,,,,,,,,
CONSUMER,DNLM.L,SBRY.L,DUNELM GROUP PLC ORD 1P,SAINSBURY (J) PLC ORD 28 4/7P,-1.859865559868966,0.3511706213004453,0.05,0.006726052607612212,False,-3.263163451638842,25.493592898746854,,,,,,,,,,,,,,
CONSUMER,GRG.L,WTB.L,GREGGS PLC ORD 2P,WHITBREAD PLC ORD 76 122/153P,-1.8519440276958012,0.3549945716197785,0.05,0.006726052607612212,False,4.936174649076433,-31.539961148639893,,,,,,,,,,,,,,
CONSUMER,SBRY.L,WTB.L,SAINSBURY (J) PLC ORD 28 4/7P,WHITBREAD PLC ORD 76 122/153P,-1.8302981452526645,0.36552660303957396,0.05,0.006726052607612212,False,-1.903078597092365,20.76659111351225,,,,,,,,,,,,,,
CONSUMER,DOM.L,IHG.L,DOMINO'S PIZZA GROUP PLC ORD 25,INTERCONTINENTAL HOTELS GROUP P,-1.7824434296414349,0.38921221775725534,0.05,0.006726052607612212,False,-2.507102706412331,17.55786087552713,,,,,,,,,,,,,,
CONSUMER,DOM.L,PETS.L,DOMINO'S PIZZA GROUP PLC ORD 25,PETS AT HOME GROUP PLC ORD 1P,-1.7653133738665638,0.3978134724654777,0.05,0.006726052607612212,False,1.5274166953053778,-2.8309854440883786,,,,,,,,,,,,,,
CONSUMER,DOM.L,WTB.L,DOMINO'S PIZZA GROUP PLC ORD 25,WHITBREAD PLC ORD 76 122/153P,-1.6133755143099993,0.47620392497665576,0.05,0.006726052607612212,False,4.564937263011512,-30.712363432283606,,,,,,,,,,,,,,
CONSUMER,BME.L,IHG.L,B&M EUROPEAN VALUE RETAIL PLC O,INTERCONTINENTAL HOTELS GROUP P,-1.5690897142685258,0.4990995820312513,0.05,0.006726052607612212,False,-3.6530217610635356,23.166319673993787,,,,,,,,,,,,,,
CONSUMER,IHG.L,NXT.L,INTERCONTINENTAL HOTELS GROUP P,NEXT PLC ORD 10P,-1.5085743778753975,0.529265532935581,0.05,0.006726052607612212,False,0.8164095247378143,-2.8225512230263483,,,,,,,,,,,,,,
CONSUMER,DNLM.L,GRG.L,DUNELM GROUP PLC ORD 1P,GREGGS PLC ORD 2P,-1.4476071649480287,0.559252039519584,0.05,0.006726052607612212,False,0.3857427022445104,4.022216872873237,,,,,,,,,,,,,,
CONSUMER,BME.L,DNLM.L,B&M EUROPEAN VALUE RETAIL PLC O,DUNELM GROUP PLC ORD 1P,-1.373866268195853,0.5947388694659311,0.05,0.006726052607612212,False,3.723635116408227,-20.318194188326597,,,,,,,,,,,,,,
CONSUMER,DNLM.L,DOM.L,DUNELM GROUP PLC ORD 1P,DOMINO'S PIZZA GROUP PLC ORD 25,-1.3288392618938274,0.6158772366721307,0.05,0.006726052607612212,False,0.40139030826082456,4.752382309600248,,,,,,,,,,,,,,
CONSUMER,GRG.L,IHG.L,GREGGS PLC ORD 2P,INTERCONTINENTAL HOTELS GROUP P,-1.2096805532500023,0.6694175803621749,0.05,0.006726052607612212,False,-2.9669126143334643,21.889975498380544,,,,,,,,,,,,,,
CONSUMER,EZJ.L,WTB.L,EASYJET PLC ORD 27 2/7P,WHITBREAD PLC ORD 76 122/153P,-1.105490371350988,0.7128774492966184,0.05,0.006726052607612212,False,1.464471800673606,-5.429508267415852,,,,,,,,,,,,,,
CONSUMER,DNLM.L,EZJ.L,DUNELM GROUP PLC ORD 1P,EASYJET PLC ORD 27 2/7P,-0.8992423633970047,0.7882218158850371,0.05,0.006726052607612212,False,1.458593325044986,-2.063179762909267,,,,,,,,,,,,,,
DE_AUTO,BMW.DE,VOW3.DE,BAYERISCHE MOTOREN WERKE AG   S,VOLKSWAGEN AG                 V,-3.146148806110873,0.023321177201019058,0.05,,False,1.3109736840594124,-1.5284431617324268,,,,,,,,,,,,,,
DE_AUTO,BMW.DE,MBG.DE,BAYERISCHE MOTOREN WERKE AG   S,Mercedes-Benz Group AG        N,-2.8647978838794805,0.049597333787480095,0.05,,False,1.6536185114140587,-2.157389830361117,,,,,,,,,,,,,,
DE_AUTO,MBG.DE,VOW3.DE,Mercedes-Benz Group AG        N,VOLKSWAGEN AG                 V,-2.746877496201722,0.06627171087127189,0.05,,False,0.7942128308202311,0.3740189215923304,,,,,,,,,,,,,,
DE_AUTO,CON.DE,MBG.DE,CONTINENTAL AG                I,Mercedes-Benz Group AG        N,-2.6474585125480266,0.0835797872252092,0.05,,False,8.53262377759617,-29.375200862385523,,,,,,,,,,,,,,
DE_AUTO,CON.DE,PAH3.DE,CONTINENTAL AG                I,Porsche Automobil Holding SE  I,-2.5518852315991096,0.10335484488275049,0.05,,False,-6.1282502458587915,25.43301025176374,,,,,,,,,,,,,,
DE_AUTO,MBG.DE,PAH3.DE,Mercedes-Benz Group AG        N,Porsche Automobil Holding SE  I,-2.309011122284376,0.16907817389726798,0.05,,False,0.8428694116089174,0.9555497928361216,,,,,,,,,,,,,,
DE_AUTO,BMW.DE,PAH3.DE,BAYERISCHE MOTOREN WERKE AG   S,Porsche Automobil Holding SE  I,-1.931328967842954,0.3174694962161696,0.05,,False,1.7412375173857224,-1.7942575420812235,,,,,,,,,,,,,,
DE_AUTO,CON.DE,VOW3.DE,CONTINENTAL AG                I,VOLKSWAGEN AG                 V,-1.7267022123289661,0.41740985052679574,0.05,,False,5.8712749020760455,-22.155177994637057,,,,,,,,,,,,,,
DE_AUTO,PAH3.DE,VOW3.DE,Porsche Automobil Holding SE  I,VOLKSWAGEN AG                 V,-1.548939543723611,0.5091778644569765,0.05,,False,0.8958898603294272,-0.4835672951183345,,,,,,,,,,,,,,
DE_AUTO,BMW.DE,CON.DE,BAYERISCHE MOTOREN WERKE AG   S,CONTINENTAL AG                I,-0.9372534371863819,0.7754569732681975,0.05,,False,0.29048037678700783,3.151850251188331,,,,,,,,,,,,,,
DE_BANKS_INSURANCE,CBK.DE,HNR1.DE,Commerzbank AG                I,HANNOVER RUECK SE NA O.N.,-3.524996788680024,0.007367856946522321,0.05,0.009880742053071075,True,13.273046082460382,-69.56345785502695,19.148418070047274,-0.0013245347620062893,-0.03619866549938107,57.0,-1.3731644684671238,1.843375662816058,False,,0.4,-0.17014812727767847,-0.801514464654065,-0.7409408776337681,False,mixed signal
DE_BANKS_INSURANCE,DBK.DE,HNR1.DE,DEUTSCHE BANK AG              N,HANNOVER RUECK SE NA O.N.,-3.433106267598262,0.009880742053071075,0.05,0.009880742053071075,True,10.802564366931662,-56.10199641673192,19.948665321674135,-0.0011950774417546876,-0.034746544161370234,60.0,-1.6444800335846532,1.9915626451913189,False,,0.4,-0.1492056046001227,-0.8183520753143786,-0.7992472789613473,False,mixed signal
DE_BANKS_INSURANCE,ALV.DE,CBK.DE,Allianz SE                    v,Commerzbank AG                I,-3.2571098427634175,0.016907959630168744,0.05,0.009880742053071075,False,0.37745382241220465,4.566453053017289,,,,,,,,,,,,,,
DE_BANKS_INSURANCE,CBK.DE,DBK.DE,Commerzbank AG                I,DEUTSCHE BANK AG              N,-3.125840250120265,0.024699060495631704,0.05,0.009880742053071075,False,1.23378513831799,-0.6470726029376976,,,,,,,,,,,,,,
DE_BANKS_INSURANCE,ALV.DE,HNR1.DE,Allianz SE                    v,HANNOVER RUECK SE NA O.N.,-2.8443161225855973,0.05221703763252396,0.05,0.009880742053071075,False,3.9859806841783807,-16.078396162366406,,,,,,,,,,,,,,
DE_BANKS_INSURANCE,HNR1.DE,MUV2.DE,HANNOVER RUECK SE NA O.N.,MUENCHENER RUECKVERS.-GES. AG N,-2.806332107705813,0.057374948802374585,0.05,0.009880742053071075,False,0.6457925214809662,1.4742927001796158,,,,,,,,,,,,,,
DE_BANKS_INSURANCE,DBK.DE,MUV2.DE,DEUTSCHE BANK AG              N,MUENCHENER RUECKVERS.-GES. AG N,-2.652200586413978,0.08268110880257584,0.05,0.009880742053071075,False,4.971604584193666,-27.739498681309822,,,,,,,,,,,,,,
DE_BANKS_INSURANCE,CBK.DE,MUV2.DE,Commerzbank AG                I,MUENCHENER RUECKVERS.-GES. AG N,-2.151602219998536,0.22427730437451993,0.05,0.009880742053071075,False,6.527959282779494,-37.316399263404726,,,,,,,,,,,,,,
DE_BANKS_INSURANCE,ALV.DE,DBK.DE,Allianz SE                    v,DEUTSCHE BANK AG              N,-1.7237708579420312,0.41890849881413683,0.05,0.009880742053071075,False,0.45825956183258476,4.345296485167783,,,,,,,,,,,,,,
DE_BANKS_INSURANCE,ALV.DE,MUV2.DE,Allianz SE                    v,MUENCHENER RUECKVERS.-GES. AG N,-1.694623162533829,0.4338848929193232,0.05,0.009880742053071075,False,2.1156022954988014,-7.357328620678732,,,,,,,,,,,,,,
DE_CHEMICALS,BAS.DE,LXS.DE,BASF SE                       N,LANXESS AG                    I,-3.51746313320328,0.007549768221251524,0.05,0.0230626384990181,True,-0.1995526617394234,4.378336027909815,17.26509660554805,0.00013666035159890278,-0.040147309707911284,52.0,-1.0237704002792531,2.2901340941796717,False,,0.2,0.022252574960439187,0.6115154349861431,0.2022036839974013,True,mixed signal
DE_CHEMICALS,LXS.DE,WCH.DE,LANXESS AG                    I,Wacker Chemie AG              I,-3.4197878563446484,0.010302519368661294,0.05,0.0230626384990181,True,-2.808987037642759,15.16447733028411,19.904982894802085,-0.0013951464772815208,-0.03482279709674863,60.0,-0.7798591791834796,2.356997118351591,False,,0.8,0.06943333967726747,0.46305641399435526,0.19180704079247957,True,reversion signs agree
DE_CHEMICALS,BAS.DE,WCH.DE,BASF SE                       N,Wacker Chemie AG              I,-3.1500743605498056,0.0230626384990181,0.05,0.0230626384990181,True,0.4549548337693847,1.8060698378672893,26.839257150734642,0.00039356328491932006,-0.025825870539825,63.0,0.04564252312253152,2.310540391687461,False,,0.4,0.010102618484964573,0.22561584332476964,0.08702307152065683,True,mixed signal
DE_CHEMICALS,BAS.DE,SY1.DE,BASF SE                       N,Symrise AG                    I,-2.63292995087893,0.08638049489492078,0.05,0.0230626384990181,False,-0.28976664929392826,5.05750835839265,,,,,,,,,,,,,,
DE_CHEMICALS,SY1.DE,WCH.DE,Symrise AG                    I,Wacker Chemie AG              I,-2.26748172694283,0.18267028751406256,0.05,0.0230626384990181,False,5.4548148040390405,-18.974542137160654,,,,,,,,,,,,,,
DE_CHEMICALS,LXS.DE,SY1.DE,LANXESS AG                    I,Symrise AG                    I,-2.1221134442582854,0.23571613706750577,0.05,0.0230626384990181,False,1.305176584917949,-2.746493392463186,,,,,,,,,,,,,,
DE_HEALTHCARE,BAYN.DE,SHL.DE,Bayer AG                      N,Siemens Healthineers AG       N,-3.082296008321083,0.027891408713817827,0.05,,False,-2.4042522236530215,12.492226722689473,,,,,,,,,,,,,,
DE_HEALTHCARE,FRE.DE,MRK.DE,Fresenius SE & Co. KGaA       N,MERCK KGAA                    I,-2.7592900520005363,0.0643282995217671,0.05,,False,-1.240882374605885,9.657420948789408,,,,,,,,,,,,,,
DE_HEALTHCARE,FME.DE,MRK.DE,Fresenius Medical Care AG     I,MERCK KGAA                    I,-2.7124732192989747,0.07190461611305952,0.05,,False,-0.6346602861943105,6.7443262911756126,,,,,,,,,,,,,,
DE_HEALTHCARE,BAYN.DE,FME.DE,Bayer AG                      N,Fresenius Medical Care AG     I,-2.2603524301053457,0.18507398944152764,0.05,,False,-6.830901377594155,28.487882457473525,,,,,,,,,,,,,,
DE_HEALTHCARE,FME.DE,SHL.DE,Fresenius Medical Care AG     I,Siemens Healthineers AG       N,-2.0402184842128657,0.2692217261785921,0.05,,False,0.3232215560264412,2.45093561969914,,,,,,,,,,,,,,
DE_HEALTHCARE,BAYN.DE,FRE.DE,Bayer AG                      N,Fresenius SE & Co. KGaA       N,-1.9793845741714897,0.29568474811230755,0.05,,False,2.2057985238071622,-4.732517302018496,,,,,,,,,,,,,,
DE_HEALTHCARE,FME.DE,FRE.DE,Fresenius Medical Care AG     I,Fresenius SE & Co. KGaA       N,-1.8990293001637237,0.3325178962734324,0.05,,False,0.3956820109527928,2.229319444292683,,,,,,,,,,,,,,
DE_HEALTHCARE,FRE.DE,SHL.DE,Fresenius SE & Co. KGaA       N,Siemens Healthineers AG       N,-1.7847318957644398,0.38806779525154095,0.05,,False,-1.6755140577700198,10.034767192545196,,,,,,,,,,,,,,
DE_HEALTHCARE,BAYN.DE,MRK.DE,Bayer AG                      N,MERCK KGAA                    I,-1.5408510410660816,0.5132149046009166,0.05,,False,-7.9851871001922055,41.91186335587608,,,,,,,,,,,,,,
DE_HEALTHCARE,MRK.DE,SHL.DE,MERCK KGAA                    I,Siemens Healthineers AG       N,-0.013555199626851594,0.9573966210903347,0.05,,False,1.1939270095013341,0.2901976118154872,,,,,,,,,,,,,,
DE_INDUSTRIALS,KGX.DE,MTX.DE,KION GROUP AG                 I,MTU Aero Engines AG           N,-3.2395795833193755,0.01780496495125509,0.05,,False,2.340763521979336,-9.772854777666355,,,,,,,,,,,,,,
DE_INDUSTRIALS,HEI.DE,MTX.DE,Heidelberg Materials AG       I,MTU Aero Engines AG           N,-2.8130665476337824,0.05643140930759094,0.05,,False,2.804659733059298,-11.18155151994365,,,,,,,,,,,,,,
DE_INDUSTRIALS,MTX.DE,SIE.DE,MTU Aero Engines AG           N,SIEMENS AG                    N,-2.361228825419281,0.15297953487911325,0.05,,False,0.700741583967362,2.0366221549416075,,,,,,,,,,,,,,
DE_INDUSTRIALS,HEI.DE,KGX.DE,Heidelberg Materials AG       I,KION GROUP AG                 I,-2.2989961964069194,0.17229192254132675,0.05,,False,1.2502495336245467,0.3315545493923695,,,,,,,,,,,,,,
DE_INDUSTRIALS,HEI.DE,SIE.DE,Heidelberg Materials AG       I,SIEMENS AG                    N,-1.5042687766413714,0.5313985891028851,0.05,,False,2.005564603040241,-5.684834576208179,,,,,,,,,,,,,,
DE_INDUSTRIALS,KGX.DE,SIE.DE,KION GROUP AG                 I,SIEMENS AG                    N,-0.44990090744144956,0.9014278347081022,0.05,,False,1.8236249196880605,-5.987110241147938,,,,,,,,,,,,,,
DE_REAL_ESTATE,DWNI.DE,VNA.DE,Deutsche Wohnen SE            I,Vonovia SE                    N,-4.813190966533166,5.1312506971812003e-05,0.05,0.012777664155806029,True,0.8136972030493577,0.45443552936295584,16.73260020458465,0.0003158858180938578,-0.041424953210202585,50.0,0.48292898771974574,2.5192262032807005,False,,0.4,-0.0018097658904552556,-0.18814995292169895,-1.4299064658125071,True,mixed signal
DE_REAL_ESTATE,DWNI.DE,LEG.DE,Deutsche Wohnen SE            I,LEG Immobilien SE             N,-3.7322052157303687,0.003682299800815176,0.05,0.012777664155806029,True,0.5418121736148663,0.8015983073869397,19.544549682557946,0.00037656569711497093,-0.035464985984226975,59.0,-1.7039047097476325,3.460779392553164,True,2026-09-30 00:00:00,0.4,-0.006778942689886505,0.012539610526265843,-0.4749323360475375,True,mixed signal
DE_REAL_ESTATE,DWNI.DE,GYC.DE,Deutsche Wohnen SE            I,Grand City Properties S.A.    A,-3.623843686329404,0.005321212149746547,0.05,0.012777664155806029,True,0.8623533600775714,1.0573340694813087,17.612862568640875,0.00039156890952454716,-0.039354601096704814,53.0,2.1078752323545538,2.708031277474134,False,,0.4,0.00045241985079667044,-0.1386674818973903,-0.4786743355638361,False,mixed signal
DE_REAL_ESTATE,GYC.DE,LEG.DE,Grand City Properties S.A.    A,LEG Immobilien SE             N,-3.454724886869738,0.009228896603355435,0.05,0.012777664155806029,True,0.6958932843889867,-0.5803391571881846,11.735586375774465,3.011236976451697e-05,-0.05906370234646264,35.0,-1.6793035916332384,4.226798917793785,False,,0.0,-0.011414834278892696,0.09012358732883152,0.05865810948670824,True,mixed signal
DE_REAL_ESTATE,GYC.DE,VNA.DE,Grand City Properties S.A.    A,Vonovia SE                    N,-3.350216963230429,0.012777664155806029,0.05,0.012777664155806029,True,0.9340869551614979,-0.6685532192076789,12.153620249527943,-9.160833846868373e-05,-0.057032157195043814,36.0,-1.6350496291898644,3.1513443315213974,False,,0.6,-0.0031533601798688334,0.0933622211980174,0.15702198521569266,False,mixed signal
DE_REAL_ESTATE,LEG.DE,VNA.DE,LEG Immobilien SE             N,Vonovia SE                    N,-2.670691383222131,0.07924869577888755,0.05,0.012777664155806029,False,1.3423062414205464,-0.1268329685648153,,,,,,,,,,,,,,
DE_REAL_ESTATE,AT1.DE,LEG.DE,Aroundtown SA                 B,LEG Immobilien SE             N,-2.25467714609994,0.18700218492142223,0.05,0.012777664155806029,False,0.9015588345386578,-2.818099272611135,,,,,,,,,,,,,,
DE_REAL_ESTATE,AT1.DE,GYC.DE,Aroundtown SA                 B,Grand City Properties S.A.    A,-2.0258568617242125,0.27535209062667065,0.05,0.012777664155806029,False,2.1698921595928815,-4.113165526029963,,,,,,,,,,,,,,
DE_REAL_ESTATE,AT1.DE,VNA.DE,Aroundtown SA                 B,Vonovia SE                    N,-1.9181833528155339,0.323556028317836,0.05,0.012777664155806029,False,1.8216449332668454,-4.902625283740409,,,,,,,,,,,,,,
DE_REAL_ESTATE,AT1.DE,DWNI.DE,Aroundtown SA                 B,Deutsche Wohnen SE            I,-1.8321624218255153,0.36461485509863745,0.05,0.012777664155806029,False,1.851061741669894,-4.727461994235956,,,,,,,,,,,,,,
DE_SOFTWARE,NEM.DE,SAP.DE,Nemetschek SE                 I,SAP SE                        I,-3.472573044710188,0.008720056412512226,0.05,0.008720056412512226,True,1.2409100985360972,-2.0848881536173867,13.905040978714931,-0.0002668262751998495,-0.049848625517966955,42.0,0.26322429349729787,3.8187799299735787,False,,0.6,-0.01644387655917699,-0.12489915330250212,-0.9493798857165864,True,reversion signs agree
DE_SOFTWARE,SAP.DE,TMV.DE,SAP SE                        I,TeamViewer SE                 I,-1.6190049348959366,0.4732510109833644,0.05,0.008720056412512226,False,0.4305957563381142,4.407527224965241,,,,,,,,,,,,,,
DE_SOFTWARE,NEM.DE,TMV.DE,Nemetschek SE                 I,TeamViewer SE                 I,-1.2753661651703418,0.640365631897033,0.05,0.008720056412512226,False,0.5700228870036876,3.308369656961059,,,,,,,,,,,,,,
DE_UTILITIES_ENERGY,ENR.DE,EOAN.DE,Siemens Energy AG             N,E.ON SE                       N,-1.9531937981059706,0.3074652739844632,0.05,,False,3.5126305619437654,-4.985216622559087,,,,,,,,,,,,,,
DE_UTILITIES_ENERGY,EOAN.DE,RWE.DE,E.ON SE                       N,RWE AG                        I,-1.8139186330257104,0.3735737012292707,0.05,,False,0.720511935626654,0.05039637749317283,,,,,,,,,,,,,,
DE_UTILITIES_ENERGY,ENR.DE,RWE.DE,Siemens Energy AG             N,RWE AG                        I,-1.6979606424152085,0.4321635203961761,0.05,,False,2.6102444642131246,-5.095634807578739,,,,,,,,,,,,,,
ENERGY_UTILITIES,NG.L,SVT.L,NATIONAL GRID PLC ORD 12 204/47,SEVERN TRENT PLC ORD 97 17/19P,-4.453119353976617,0.00023876770754941942,0.05,0.0004231183182659601,True,1.4302132657198994,-4.3207937884620655,8.591239600255921,0.0002730135727841221,-0.08068069484865692,26.0,-1.0568007762198925,2.5847521690777633,False,,0.6,-0.01424038244172661,-0.10856096065678833,-0.44491839437566694,False,mixed signal
ENERGY_UTILITIES,SSE.L,SVT.L,SSE PLC ORD 50P,SEVERN TRENT PLC ORD 97 17/19P,-4.337754173867419,0.0003818902712761667,0.05,0.0004231183182659601,True,2.3944241877255847,-11.364094555862543,9.560847904093471,0.0001280746586484325,-0.0724985051025835,29.0,-0.908951665384386,3.1281596223111485,False,,0.6,-0.012470840205109144,-0.2381825224668459,-0.5754142532369991,False,mixed signal
ENERGY_UTILITIES,GCP.L,HICL.L,GCP INFRASTRUCTURE INVESTMENTS ,HICL INFRASTRUCTURE PLC ORD 0.0,-4.312184786577893,0.0004231183182659601,0.05,0.0004231183182659601,True,0.7120496894124632,0.8991512509903163,10.132818796672279,-6.908278098751392e-05,-0.06840615572712914,30.0,-0.49149524312587434,2.783346770228067,False,,0.6,0.0035668012894676023,-0.05210727395651299,0.47679988923761624,False,mixed signal
ENERGY_UTILITIES,TRIG.L,UKW.L,THE RENEWABLES INFRASTRUCTURE G,GREENCOAT UK WIND PLC ORD 1P,-3.6485084538735464,0.004898568957134849,0.05,0.0004231183182659601,False,1.0784194174667638,-0.7245385738212065,,,,,,,,,,,,,,
ENERGY_UTILITIES,ENOG.L,NG.L,ENERGEAN PLC ORD 1P,NATIONAL GRID PLC ORD 12 204/47,-3.564155435107386,0.006484454879912119,0.05,0.0004231183182659601,False,-0.7034368190569457,11.722037944613952,,,,,,,,,,,,,,
ENERGY_UTILITIES,HBR.L,PNN.L,HARBOUR ENERGY PLC ORD 0.002P,PENNON GROUP PLC ORD 61 1/20P,-3.5510003894545794,0.006769927192750793,0.05,0.0004231183182659601,False,2.2112782693557476,-8.387858928515541,,,,,,,,,,,,,,
ENERGY_UTILITIES,CNA.L,UKW.L,CENTRICA PLC ORD 6 14/81P,GREENCOAT UK WIND PLC ORD 1P,-3.493975734971979,0.008143164579937419,0.05,0.0004231183182659601,False,-1.3974991826996557,11.664524336811429,,,,,,,,,,,,,,
ENERGY_UTILITIES,GCP.L,INPP.L,GCP INFRASTRUCTURE INVESTMENTS ,INTERNATIONAL PUBLIC PARTNERSHI,-3.4816195791010913,0.00847188204731096,0.05,0.0004231183182659601,False,0.5751651684612166,1.5380054161075183,,,,,,,,,,,,,,
ENERGY_UTILITIES,ENOG.L,HICL.L,ENERGEAN PLC ORD 1P,HICL INFRASTRUCTURE PLC ORD 0.0,-3.438267879403422,0.009721475366755942,0.05,0.0004231183182659601,False,-3.2553392250861894,22.39856171297519,,,,,,,,,,,,,,
ENERGY_UTILITIES,BP.L,ENOG.L,BP PLC $0.25,ENERGEAN PLC ORD 1P,-3.4213729959395764,0.010251491037803442,0.05,0.0004231183182659601,False,-2.6941513917798297,24.41016562152155,,,,,,,,,,,,,,
ENERGY_UTILITIES,ENOG.L,GCP.L,ENERGEAN PLC ORD 1P,GCP INFRASTRUCTURE INVESTMENTS ,-3.4067500389729424,0.010730904285943657,0.05,0.0004231183182659601,False,-10.354163372818237,51.429378230482776,,,,,,,,,,,,,,
ENERGY_UTILITIES,INPP.L,SSE.L,INTERNATIONAL PUBLIC PARTNERSHI,SSE PLC ORD 50P,-3.281725670361159,0.015715362629766968,0.05,0.0004231183182659601,False,0.26134233868425616,2.840853399534562,,,,,,,,,,,,,,
ENERGY_UTILITIES,NG.L,UU.L,NATIONAL GRID PLC ORD 12 204/47,UNITED UTILITIES GROUP PLC ORD ,-3.281321713049239,0.015734320762353638,0.05,0.0004231183182659601,False,1.0311567517752813,-0.2702861004841317,,,,,,,,,,,,,,
ENERGY_UTILITIES,FSFL.L,SVT.L,FORESIGHT SOLAR FUND LIMITED OR,SEVERN TRENT PLC ORD 97 17/19P,-3.247718515043232,0.017383451671803562,0.05,0.0004231183182659601,False,-2.1088230987261496,21.00373889006349,,,,,,,,,,,,,,
ENERGY_UTILITIES,SVT.L,UKW.L,SEVERN TRENT PLC ORD 97 17/19P,GREENCOAT UK WIND PLC ORD 1P,-3.2475661846752475,0.017391259869043687,0.05,0.0004231183182659601,False,-0.47571999977956647,10.157463530638015,,,,,,,,,,,,,,
ENERGY_UTILITIES,CNA.L,TRIG.L,CENTRICA PLC ORD 6 14/81P,THE RENEWABLES INFRASTRUCTURE G,-3.2182632515902014,0.018951572199187906,0.05,0.0004231183182659601,False,-1.2946899244964516,10.720414437273412,,,,,,,,,,,,,,
ENERGY_UTILITIES,CNA.L,ENOG.L,CENTRICA PLC ORD 6 14/81P,ENERGEAN PLC ORD 1P,-3.196610196677692,0.020181734723051157,0.05,0.0004231183182659601,False,-3.1395025919763073,26.42242960001685,,,,,,,,,,,,,,
ENERGY_UTILITIES,GCP.L,SSE.L,GCP INFRASTRUCTURE INVESTMENTS ,SSE PLC ORD 50P,-3.196457688514639,0.020190639907040023,0.05,0.0004231183182659601,False,0.07386443767102567,3.750600522119285,,,,,,,,,,,,,,
ENERGY_UTILITIES,ENOG.L,UU.L,ENERGEAN PLC ORD 1P,UNITED UTILITIES GROUP PLC ORD ,-3.0852134225977834,0.027666990397528565,0.05,0.0004231183182659601,False,-0.7355511245996105,11.983946887886416,,,,,,,,,,,,,,
ENERGY_UTILITIES,BP.L,SVT.L,BP PLC $0.25,SEVERN TRENT PLC ORD 97 17/19P,-3.0707693071168745,0.028793386806431853,0.05,0.0004231183182659601,False,2.1108530229156965,-10.61803094298923,,,,,,,,,,,,,,
ENERGY_UTILITIES,NG.L,SSE.L,NATIONAL GRID PLC ORD 12 204/47,SSE PLC ORD 50P,-3.0590345875054443,0.02973712762789138,0.05,0.0004231183182659601,False,0.5994288694841412,2.4510543958154134,,,,,,,,,,,,,,
ENERGY_UTILITIES,DCC.L,ENOG.L,DCC ENERGY PLC ORD EUR0.25 (CDI,ENERGEAN PLC ORD 1P,-3.0308094380566843,0.032115650500000224,0.05,0.0004231183182659601,False,-0.5548052573117136,12.310095360788685,,,,,,,,,,,,,,
ENERGY_UTILITIES,DCC.L,GCP.L,DCC ENERGY PLC ORD EUR0.25 (CDI,GCP INFRASTRUCTURE INVESTMENTS ,-3.0257976891977942,0.032554450373287136,0.05,0.0004231183182659601,False,5.034729732344787,-13.164133375335988,,,,,,,,,,,,,,
ENERGY_UTILITIES,CNA.L,SVT.L,CENTRICA PLC ORD 6 14/81P,SEVERN TRENT PLC ORD 97 17/19P,-3.006088630271859,0.03432969782919731,0.05,0.0004231183182659601,False,2.6258620562409454,-15.709225570085412,,,,,,,,,,,,,,
ENERGY_UTILITIES,BP.L,GCP.L,BP PLC $0.25,GCP INFRASTRUCTURE INVESTMENTS ,-3.001776528993273,0.034728827558843926,0.05,0.0004231183182659601,False,9.463077380117367,-34.71006433680497,,,,,,,,,,,,,,
ENERGY_UTILITIES,CNA.L,PNN.L,CENTRICA PLC ORD 6 14/81P,PENNON GROUP PLC ORD 61 1/20P,-2.9928180840142646,0.03557056604565464,0.05,0.0004231183182659601,False,-4.105748624121884,30.748298425229397,,,,,,,,,,,,,,
ENERGY_UTILITIES,GCP.L,NG.L,GCP INFRASTRUCTURE INVESTMENTS ,NATIONAL GRID PLC ORD 12 204/47,-2.9916768624912504,0.035679021284984014,0.05,0.0004231183182659601,False,0.04890097343839476,3.9679428275322497,,,,,,,,,,,,,,
ENERGY_UTILITIES,UKW.L,UU.L,GREENCOAT UK WIND PLC ORD 1P,UNITED UTILITIES GROUP PLC ORD ,-2.9909002668926563,0.03575298387464813,0.05,0.0004231183182659601,False,-1.275952054327822,13.711902423022554,,,,,,,,,,,,,,
ENERGY_UTILITIES,BP.L,SSE.L,BP PLC $0.25,SSE PLC ORD 50P,-2.9658480212282394,0.03820920660062331,0.05,0.0004231183182659601,False,0.6429948752235539,1.2059329796698508,,,,,,,,,,,,,,
ENERGY_UTILITIES,ENOG.L,PNN.L,ENERGEAN PLC ORD 1P,PENNON GROUP PLC ORD 61 1/20P,-2.9637158466846047,0.0384246434392019,0.05,0.0004231183182659601,False,0.6358479487630784,2.827156871591451,,,,,,,,,,,,,,
ENERGY_UTILITIES,BP.L,UU.L,BP PLC $0.25,UNITED UTILITIES GROUP PLC ORD ,-2.9532100758950253,0.03950109208697477,0.05,0.0004231183182659601,False,1.3248034107371265,-3.2526332869050467,,,,,,,,,,,,,,
ENERGY_UTILITIES,INPP.L,SVT.L,INTERNATIONAL PUBLIC PARTNERSHI,SEVERN TRENT PLC ORD 97 17/19P,-2.9520764016892644,0.03961874661434704,0.05,0.0004231183182659601,False,0.6315326839083207,-0.17467565138175178,,,,,,,,,,,,,,
ENERGY_UTILITIES,ENOG.L,SVT.L,ENERGEAN PLC ORD 1P,SEVERN TRENT PLC ORD 97 17/19P,-2.935890851266581,0.04133074502467906,0.05,0.0004231183182659601,False,-1.3600118376731551,17.560123050181705,,,,,,,,,,,,,,
ENERGY_UTILITIES,GCP.L,SVT.L,GCP INFRASTRUCTURE INVESTMENTS ,SEVERN TRENT PLC ORD 97 17/19P,-2.930064279599224,0.04196196876108225,0.05,0.0004231183182659601,False,0.08285922373695574,3.6544894714748173,,,,,,,,,,,,,,
ENERGY_UTILITIES,SVT.L,TRIG.L,SEVERN TRENT PLC ORD 97 17/19P,THE RENEWABLES INFRASTRUCTURE G,-2.9286714826527915,0.04211404253301358,0.05,0.0004231183182659601,False,-0.3884907326415711,9.607462853570688,,,,,,,,,,,,,,
ENERGY_UTILITIES,SVT.L,UU.L,SEVERN TRENT PLC ORD 97 17/19P,UNITED UTILITIES GROUP PLC ORD ,-2.899758022812403,0.045376143363293195,0.05,0.0004231183182659601,False,0.7211513370728768,2.830902286539966,,,,,,,,,,,,,,
ENERGY_UTILITIES,GCP.L,UU.L,GCP INFRASTRUCTURE INVESTMENTS ,UNITED UTILITIES GROUP PLC ORD ,-2.8659452694516427,0.049453835402689064,0.05,0.0004231183182659601,False,0.013470666248886447,4.21484247078396,,,,,,,,,,,,,,
ENERGY_UTILITIES,INPP.L,NG.L,INTERNATIONAL PUBLIC PARTNERSHI,NATIONAL GRID PLC ORD 12 204/47,-2.8491674616642158,0.05158650062983588,0.05,0.0004231183182659601,False,0.36406242054163307,2.274826660235177,,,,,,,,,,,,,,
ENERGY_UTILITIES,ENOG.L,INPP.L,ENERGEAN PLC ORD 1P,INTERNATIONAL PUBLIC PARTNERSHI,-2.840986935890227,0.05265338013734207,0.05,0.0004231183182659601,False,-2.967504994598561,21.10650882373842,,,,,,,,,,,,,,
ENERGY_UTILITIES,BP.L,PNN.L,BP PLC $0.25,PENNON GROUP PLC ORD 61 1/20P,-2.8383520172417707,0.053000839983509795,0.05,0.0004231183182659601,False,7.835637948584958,-42.9645665343353,,,,,,,,,,,,,,
ENERGY_UTILITIES,CNA.L,GCP.L,CENTRICA PLC ORD 6 14/81P,GCP INFRASTRUCTURE INVESTMENTS ,-2.81665665110242,0.05593359307311574,0.05,0.0004231183182659601,False,-73.16272163907912,320.36020356980816,,,,,,,,,,,,,,
ENERGY_UTILITIES,ENOG.L,SSE.L,ENERGEAN PLC ORD 1P,SSE PLC ORD 50P,-2.8137733862108987,0.05633311267599163,0.05,0.0004231183182659601,False,-0.28751361275603765,8.982553173230903,,,,,,,,,,,,,,
ENERGY_UTILITIES,BP.L,NG.L,BP PLC $0.25,NATIONAL GRID PLC ORD 12 204/47,-2.812576852156189,0.05649959067520106,0.05,0.0004231183182659601,False,1.2414075427576368,-2.6023325713734735,,,,,,,,,,,,,,
ENERGY_UTILITIES,PNN.L,TRIG.L,PENNON GROUP PLC ORD 61 1/20P,THE RENEWABLES INFRASTRUCTURE G,-2.769989278938887,0.06269010390586956,0.05,0.0004231183182659601,False,0.580149322595366,3.718932774499359,,,,,,,,,,,,,,
ENERGY_UTILITIES,GCP.L,HBR.L,GCP INFRASTRUCTURE INVESTMENTS ,HARBOUR ENERGY PLC ORD 0.002P,-2.7337108308546774,0.06838426622914519,0.05,0.0004231183182659601,False,0.09799888598114688,3.77548833246968,,,,,,,,,,,,,,
ENERGY_UTILITIES,HICL.L,INPP.L,HICL INFRASTRUCTURE PLC ORD 0.0,INTERNATIONAL PUBLIC PARTNERSHI,-2.7279522084870553,0.06932495173721494,0.05,0.0004231183182659601,False,0.8978944975769325,0.4628558297265126,,,,,,,,,,,,,,
ENERGY_UTILITIES,DCC.L,HICL.L,DCC ENERGY PLC ORD EUR0.25 (CDI,HICL INFRASTRUCTURE PLC ORD 0.0,-2.7094433308956365,0.07241836730689918,0.05,0.0004231183182659601,False,2.5234451294289646,-3.552717765108401,,,,,,,,,,,,,,
ENERGY_UTILITIES,SSE.L,UU.L,SSE PLC ORD 50P,UNITED UTILITIES GROUP PLC ORD ,-2.676410192242811,0.07821004486913567,0.05,0.0004231183182659601,False,1.7637802627976333,-4.846422912260304,,,,,,,,,,,,,,
ENERGY_UTILITIES,HICL.L,SSE.L,HICL INFRASTRUCTURE PLC ORD 0.0,SSE PLC ORD 50P,-2.6654624587521525,0.08020780882661127,0.05,0.0004231183182659601,False,0.14869278604662176,3.6642904269336904,,,,,,,,,,,,,,
ENERGY_UTILITIES,FSFL.L,PNN.L,FORESIGHT SOLAR FUND LIMITED OR,PENNON GROUP PLC ORD 61 1/20P,-2.6467311621652905,0.08371829881833864,0.05,0.0004231183182659601,False,3.5553311541471575,-17.92089467746892,,,,,,,,,,,,,,
ENERGY_UTILITIES,INPP.L,UU.L,INTERNATIONAL PUBLIC PARTNERSHI,UNITED UTILITIES GROUP PLC ORD ,-2.632058595944567,0.08655075336780327,0.05,0.0004231183182659601,False,0.40218971287042066,1.9878922092147535,,,,,,,,,,,,,,
ENERGY_UTILITIES,BP.L,TRIG.L,BP PLC $0.25,THE RENEWABLES INFRASTRUCTURE G,-2.624471782774748,0.08804418592768448,0.05,0.0004231183182659601,False,-0.8641944471678991,9.855143341443837,,,,,,,,,,,,,,
ENERGY_UTILITIES,NG.L,UKW.L,NATIONAL GRID PLC ORD 12 204/47,GREENCOAT UK WIND PLC ORD 1P,-2.624405978029245,0.08805722591806892,0.05,0.0004231183182659601,False,-0.8216263758476238,10.874710811354337,,,,,,,,,,,,,,
ENERGY_UTILITIES,BP.L,UKW.L,BP PLC $0.25,GREENCOAT UK WIND PLC ORD 1P,-2.622224924198711,0.08849027286436367,0.05,0.0004231183182659601,False,-0.9924235714623817,10.767291149021043,,,,,,,,,,,,,,
ENERGY_UTILITIES,CNA.L,FSFL.L,CENTRICA PLC ORD 6 14/81P,FORESIGHT SOLAR FUND LIMITED OR,-2.6139027707662237,0.09015775665292525,0.05,0.0004231183182659601,False,-1.4541797344965068,11.348984992424711,,,,,,,,,,,,,,
ENERGY_UTILITIES,BP.L,FSFL.L,BP PLC $0.25,FORESIGHT SOLAR FUND LIMITED OR,-2.6038697481259283,0.09220010393563327,0.05,0.0004231183182659601,False,-0.974202851187664,10.290078710569926,,,,,,,,,,,,,,
ENERGY_UTILITIES,CNA.L,UU.L,CENTRICA PLC ORD 6 14/81P,UNITED UTILITIES GROUP PLC ORD ,-2.5742187894226025,0.09844364396389615,0.05,0.0004231183182659601,False,1.7150158473826478,-7.01831142902551,,,,,,,,,,,,,,
ENERGY_UTILITIES,BP.L,INPP.L,BP PLC $0.25,INTERNATIONAL PUBLIC PARTNERSHI,-2.5389470144141564,0.10628332300023385,0.05,0.0004231183182659601,False,3.3843496114794185,-10.23620176981695,,,,,,,,,,,,,,
ENERGY_UTILITIES,HICL.L,UU.L,HICL INFRASTRUCTURE PLC ORD 0.0,UNITED UTILITIES GROUP PLC ORD ,-2.457460036937155,0.12617072229908433,0.05,0.0004231183182659601,False,0.2137655281420127,3.2850226209335665,,,,,,,,,,,,,,
ENERGY_UTILITIES,FSFL.L,GCP.L,FORESIGHT SOLAR FUND LIMITED OR,GCP INFRASTRUCTURE INVESTMENTS ,-2.456750944997351,0.1263549290984221,0.05,0.0004231183182659601,False,7.728214602588078,-28.97683303654463,,,,,,,,,,,,,,
ENERGY_UTILITIES,GCP.L,UKW.L,GCP INFRASTRUCTURE INVESTMENTS ,GREENCOAT UK WIND PLC ORD 1P,-2.45530495566137,0.12673117124390715,0.05,0.0004231183182659601,False,0.11432695817051718,3.7688345647082375,,,,,,,,,,,,,,
ENERGY_UTILITIES,HICL.L,NG.L,HICL INFRASTRUCTURE PLC ORD 0.0,NATIONAL GRID PLC ORD 12 204/47,-2.454707917733153,0.12688675577843628,0.05,0.0004231183182659601,False,0.1705206644040674,3.598113622907004,,,,,,,,,,,,,,
ENERGY_UTILITIES,GCP.L,TRIG.L,GCP INFRASTRUCTURE INVESTMENTS ,THE RENEWABLES INFRASTRUCTURE G,-2.4464619290665954,0.1290498054568836,0.05,0.0004231183182659601,False,0.11594149024424114,3.8021907508025627,,,,,,,,,,,,,,
ENERGY_UTILITIES,FSFL.L,TRIG.L,FORESIGHT SOLAR FUND LIMITED OR,THE RENEWABLES INFRASTRUCTURE G,-2.444922643560204,0.12945652056476747,0.05,0.0004231183182659601,False,0.9322957652629549,0.24853865132434283,,,,,,,,,,,,,,
ENERGY_UTILITIES,BP.L,HICL.L,BP PLC $0.25,HICL INFRASTRUCTURE PLC ORD 0.0,-2.4445429387652853,0.12955698972201912,0.05,0.0004231183182659601,False,6.37278908807207,-24.451204142522585,,,,,,,,,,,,,,
ENERGY_UTILITIES,HBR.L,HICL.L,HARBOUR ENERGY PLC ORD 0.002P,HICL INFRASTRUCTURE PLC ORD 0.0,-2.440690941141098,0.1305794071065196,0.05,0.0004231183182659601,False,6.277748207010149,-24.617773055079407,,,,,,,,,,,,,,
ENERGY_UTILITIES,BP.L,CNA.L,BP PLC $0.25,CENTRICA PLC ORD 6 14/81P,-2.430534031550418,0.13330318068362884,0.05,0.0004231183182659601,False,0.645395127151112,2.811024590717469,,,,,,,,,,,,,,
ENERGY_UTILITIES,HICL.L,SVT.L,HICL INFRASTRUCTURE PLC ORD 0.0,SEVERN TRENT PLC ORD 97 17/19P,-2.42755615567385,0.13410943769524242,0.05,0.0004231183182659601,False,0.3815967085431694,1.7724026724136865,,,,,,,,,,,,,,
ENERGY_UTILITIES,ENOG.L,UKW.L,ENERGEAN PLC ORD 1P,GREENCOAT UK WIND PLC ORD 1P,-2.399662130140684,0.1418317926671422,0.05,0.0004231183182659601,False,0.4917970355782914,4.479973240068409,,,,,,,,,,,,,,
ENERGY_UTILITIES,GCP.L,PNN.L,GCP INFRASTRUCTURE INVESTMENTS ,PENNON GROUP PLC ORD 61 1/20P,-2.3711302391441387,0.15005099844820924,0.05,0.0004231183182659601,False,0.13740304233322428,3.4497630783235316,,,,,,,,,,,,,,
ENERGY_UTILITIES,FSFL.L,UKW.L,FORESIGHT SOLAR FUND LIMITED OR,GREENCOAT UK WIND PLC ORD 1P,-2.33630599988032,0.1605257138604576,0.05,0.0004231183182659601,False,1.0131530183397712,-0.46359379176417637,,,,,,,,,,,,,,
ENERGY_UTILITIES,CNA.L,NG.L,CENTRICA PLC ORD 6 14/81P,NATIONAL GRID PLC ORD 12 204/47,-2.3221954400614866,0.16490938603686073,0.05,0.0004231183182659601,False,1.6539172669495834,-6.503932618405643,,,,,,,,,,,,,,
ENERGY_UTILITIES,DCC.L,INPP.L,DCC ENERGY PLC ORD EUR0.25 (CDI,INTERNATIONAL PUBLIC PARTNERSHI,-2.3095365829986227,0.1689106788350106,0.05,0.0004231183182659601,False,2.3318990697923008,-2.703310737137423,,,,,,,,,,,,,,
ENERGY_UTILITIES,FSFL.L,SSE.L,FORESIGHT SOLAR FUND LIMITED OR,SSE PLC ORD 50P,-2.276325884535467,0.17971704997828608,0.05,0.0004231183182659601,False,-0.6075445324720502,8.927510949045768,,,,,,,,,,,,,,
ENERGY_UTILITIES,NG.L,TRIG.L,NATIONAL GRID PLC ORD 12 204/47,THE RENEWABLES INFRASTRUCTURE G,-2.2657600840826317,0.18324886653675848,0.05,0.0004231183182659601,False,-0.7227527131380769,10.151439933768842,,,,,,,,,,,,,,
ENERGY_UTILITIES,TRIG.L,UU.L,THE RENEWABLES INFRASTRUCTURE G,UNITED UTILITIES GROUP PLC ORD ,-2.2647384050674866,0.18359278241401344,0.05,0.0004231183182659601,False,-1.4735573704978349,14.749264547533786,,,,,,,,,,,,,,
ENERGY_UTILITIES,ENOG.L,FSFL.L,ENERGEAN PLC ORD 1P,FORESIGHT SOLAR FUND LIMITED OR,-2.2578063088665625,0.18593742806144142,0.05,0.0004231183182659601,False,0.3509502206608176,5.287115553772762,,,,,,,,,,,,,,
ENERGY_UTILITIES,SSE.L,UKW.L,SSE PLC ORD 50P,GREENCOAT UK WIND PLC ORD 1P,-2.215179749917638,0.200782284694012,0.05,0.0004231183182659601,False,-1.7574763331001502,15.882546858285984,,,,,,,,,,,,,,
ENERGY_UTILITIES,FSFL.L,NG.L,FORESIGHT SOLAR FUND LIMITED OR,NATIONAL GRID PLC ORD 12 204/47,-2.1743048038035186,0.21570313427153298,0.05,0.0004231183182659601,False,-1.2541573923782432,13.093186946634889,,,,,,,,,,,,,,
ENERGY_UTILITIES,PNN.L,UKW.L,PENNON GROUP PLC ORD 61 1/20P,GREENCOAT UK WIND PLC ORD 1P,-2.1548946572962877,0.22302124000070722,0.05,0.0004231183182659601,False,0.6361650180953959,3.2488235921876027,,,,,,,,,,,,,,
ENERGY_UTILITIES,NG.L,PNN.L,NATIONAL GRID PLC ORD 12 204/47,PENNON GROUP PLC ORD 61 1/20P,-2.147516737898546,0.22584183127253976,0.05,0.0004231183182659601,False,2.415668075899027,-8.129807512039868,,,,,,,,,,,,,,
ENERGY_UTILITIES,CNA.L,HICL.L,CENTRICA PLC ORD 6 14/81P,HICL INFRASTRUCTURE PLC ORD 0.0,-2.1443703356657315,0.22705119744252827,0.05,0.0004231183182659601,False,120.0320559971269,-569.8649824574335,,,,,,,,,,,,,,
ENERGY_UTILITIES,PNN.L,SSE.L,PENNON GROUP PLC ORD 61 1/20P,SSE PLC ORD 50P,-2.1361456130440852,0.2302307636421307,0.05,0.0004231183182659601,False,0.2702608545008326,4.212686038794891,,,,,,,,,,,,,,
ENERGY_UTILITIES,ENOG.L,TRIG.L,ENERGEAN PLC ORD 1P,THE RENEWABLES INFRASTRUCTURE G,-2.1159515073782287,0.23814898376188082,0.05,0.0004231183182659601,False,0.39788450067692,5.064910711975116,,,,,,,,,,,,,,
ENERGY_UTILITIES,FSFL.L,UU.L,FORESIGHT SOLAR FUND LIMITED OR,UNITED UTILITIES GROUP PLC ORD ,-2.0668380138135864,0.2580565105058641,0.05,0.0004231183182659601,False,-1.3242724287507586,13.65065439702497,,,,,,,,,,,,,,
ENERGY_UTILITIES,HBR.L,SVT.L,HARBOUR ENERGY PLC ORD 0.002P,SEVERN TRENT PLC ORD 97 17/19P,-2.065306920332682,0.2586916613799387,0.05,0.0004231183182659601,False,11.173218819992877,-82.89644142824844,,,,,,,,,,,,,,
ENERGY_UTILITIES,HBR.L,INPP.L,HARBOUR ENERGY PLC ORD 0.002P,INTERNATIONAL PUBLIC PARTNERSHI,-2.007926965693473,0.28310825370845727,0.05,0.0004231183182659601,False,4.91899311285877,-18.253263854928186,,,,,,,,,,,,,,
ENERGY_UTILITIES,FSFL.L,INPP.L,FORESIGHT SOLAR FUND LIMITED OR,INTERNATIONAL PUBLIC PARTNERSHI,-1.9921045816693181,0.2900456592268027,0.05,0.0004231183182659601,False,-11.100470086487242,57.82108018509901,,,,,,,,,,,,,,
ENERGY_UTILITIES,FSFL.L,HICL.L,FORESIGHT SOLAR FUND LIMITED OR,HICL INFRASTRUCTURE PLC ORD 0.0,-1.9761828682551847,0.29711271527070204,0.05,0.0004231183182659601,False,7.929970977032634,-33.65309261532816,,,,,,,,,,,,,,
ENERGY_UTILITIES,CNA.L,INPP.L,CENTRICA PLC ORD 6 14/81P,INTERNATIONAL PUBLIC PARTNERSHI,-1.951773997055983,0.3081102879012162,0.05,0.0004231183182659601,False,8.68418356383029,-36.79449753304253,,,,,,,,,,,,,,
ENERGY_UTILITIES,DCC.L,SVT.L,DCC ENERGY PLC ORD EUR0.25 (CDI,SEVERN TRENT PLC ORD 97 17/19P,-1.9516722798893607,0.3081565227628492,0.05,0.0004231183182659601,False,1.5404939996107068,-3.6469210304422788,,,,,,,,,,,,,,
ENERGY_UTILITIES,HICL.L,PNN.L,HICL INFRASTRUCTURE PLC ORD 0.0,PENNON GROUP PLC ORD 61 1/20P,-1.9318701578149375,0.3172200614898414,0.05,0.0004231183182659601,False,0.24900511757164012,3.2313793318433532,,,,,,,,,,,,,,
ENERGY_UTILITIES,HBR.L,SSE.L,HARBOUR ENERGY PLC ORD 0.002P,SSE PLC ORD 50P,-1.929636912495153,0.31824995135926615,0.05,0.0004231183182659601,False,0.9165225318953546,-1.4861162068784397,,,,,,,,,,,,,,
ENERGY_UTILITIES,INPP.L,UKW.L,INTERNATIONAL PUBLIC PARTNERSHI,GREENCOAT UK WIND PLC ORD 1P,-1.9074027665367808,0.32858666977167716,0.05,0.0004231183182659601,False,-0.056929874770497706,5.088196514168603,,,,,,,,,,,,,,
ENERGY_UTILITIES,HICL.L,UKW.L,HICL INFRASTRUCTURE PLC ORD 0.0,GREENCOAT UK WIND PLC ORD 1P,-1.902003884906188,0.3311190080343584,0.05,0.0004231183182659601,False,0.12313599796723705,4.207209999215481,,,,,,,,,,,,,,
ENERGY_UTILITIES,SSE.L,TRIG.L,SSE PLC ORD 50P,THE RENEWABLES INFRASTRUCTURE G,-1.8991229974931139,0.3324737927976026,0.05,0.0004231183182659601,False,-1.6868931220824401,14.952210840849474,,,,,,,,,,,,,,
ENERGY_UTILITIES,HICL.L,TRIG.L,HICL INFRASTRUCTURE PLC ORD 0.0,THE RENEWABLES INFRASTRUCTURE G,-1.8915515137838277,0.3360459235659734,0.05,0.0004231183182659601,False,0.1525696291345172,4.1219177682607535,,,,,,,,,,,,,,
ENERGY_UTILITIES,BP.L,DCC.L,BP PLC $0.25,DCC ENERGY PLC ORD EUR0.25 (CDI,-1.8647041058379534,0.3488431527738538,0.05,0.0004231183182659601,False,3.0349138448652697,-19.82689837112094,,,,,,,,,,,,,,
ENERGY_UTILITIES,FSFL.L,HBR.L,FORESIGHT SOLAR FUND LIMITED OR,HARBOUR ENERGY PLC ORD 0.002P,-1.7281112570642605,0.41668999623466013,0.05,0.0004231183182659601,False,0.01908821480734588,4.2251126965211006,,,,,,,,,,,,,,
ENERGY_UTILITIES,INPP.L,TRIG.L,INTERNATIONAL PUBLIC PARTNERSHI,THE RENEWABLES INFRASTRUCTURE G,-1.7051654565065975,0.42845306271806904,0.05,0.0004231183182659601,False,0.0069277319406534366,4.7885655214302245,,,,,,,,,,,,,,
ENERGY_UTILITIES,DCC.L,SSE.L,DCC ENERGY PLC ORD EUR0.25 (CDI,SSE PLC ORD 50P,-1.6662931356424042,0.4485575511901937,0.05,0.0004231183182659601,False,0.05669331209586842,8.104752081285497,,,,,,,,,,,,,,
ENERGY_UTILITIES,DCC.L,UU.L,DCC ENERGY PLC ORD EUR0.25 (CDI,UNITED UTILITIES GROUP PLC ORD ,-1.6480121827346363,0.45807733559433145,0.05,0.0004231183182659601,False,0.0915244795635991,7.889612732227862,,,,,,,,,,,,,,
ENERGY_UTILITIES,CNA.L,HBR.L,CENTRICA PLC ORD 6 14/81P,HARBOUR ENERGY PLC ORD 0.002P,-1.6462279568028646,0.4590083919501729,0.05,0.0004231183182659601,False,-0.9682412260272257,10.331311246536718,,,,,,,,,,,,,,
ENERGY_UTILITIES,ENOG.L,HBR.L,ENERGEAN PLC ORD 1P,HARBOUR ENERGY PLC ORD 0.002P,-1.6340800625813605,0.46535577614453627,0.05,0.0004231183182659601,False,0.16890556452506808,5.885762267451056,,,,,,,,,,,,,,
ENERGY_UTILITIES,INPP.L,PNN.L,INTERNATIONAL PUBLIC PARTNERSHI,PENNON GROUP PLC ORD 61 1/20P,-1.6073001641682554,0.47992543701216794,0.05,0.0004231183182659601,False,0.33308686986220326,2.734356154783796,,,,,,,,,,,,,,
ENERGY_UTILITIES,DCC.L,FSFL.L,DCC ENERGY PLC ORD EUR0.25 (CDI,FORESIGHT SOLAR FUND LIMITED OR,-1.6051952386808646,0.4809832528920713,0.05,0.0004231183182659601,False,-0.01759908867415105,8.610038773705284,,,,,,,,,,,,,,
ENERGY_UTILITIES,DCC.L,NG.L,DCC ENERGY PLC ORD EUR0.25 (CDI,NATIONAL GRID PLC ORD 12 204/47,-1.5734328702116167,0.4969238254183049,0.05,0.0004231183182659601,False,-0.004998018147410367,8.568775576557288,,,,,,,,,,,,,,
ENERGY_UTILITIES,DCC.L,HBR.L,DCC ENERGY PLC ORD EUR0.25 (CDI,HARBOUR ENERGY PLC ORD 0.002P,-1.5568177314191685,0.5052409090058383,0.05,0.0004231183182659601,False,0.2552750165096113,7.142393235507671,,,,,,,,,,,,,,
ENERGY_UTILITIES,HBR.L,TRIG.L,HARBOUR ENERGY PLC ORD 0.002P,THE RENEWABLES INFRASTRUCTURE G,-1.552607852007483,0.5073452814948184,0.05,0.0004231183182659601,False,2.101910617690382,-3.74916393128549,,,,,,,,,,,,,,
ENERGY_UTILITIES,CNA.L,DCC.L,CENTRICA PLC ORD 6 14/81P,DCC ENERGY PLC ORD EUR0.25 (CDI,-1.5492142455013997,0.5090406669150487,0.05,0.0004231183182659601,False,-12.400843471344103,110.88054185508668,,,,,,,,,,,,,,
ENERGY_UTILITIES,HBR.L,UKW.L,HARBOUR ENERGY PLC ORD 0.002P,GREENCOAT UK WIND PLC ORD 1P,-1.5067664876443678,0.5301614380880075,0.05,0.0004231183182659601,False,2.5007854519918147,-6.379232962156727,,,,,,,,,,,,,,
ENERGY_UTILITIES,PNN.L,UU.L,PENNON GROUP PLC ORD 61 1/20P,UNITED UTILITIES GROUP PLC ORD ,-1.5029503723384774,0.5320513302708267,0.05,0.0004231183182659601,False,0.8363341241368043,0.3713034263986925,,,,,,,,,,,,,,
ENERGY_UTILITIES,BP.L,HBR.L,BP PLC $0.25,HARBOUR ENERGY PLC ORD 0.002P,-1.4592171228027688,0.5535810211139103,0.05,0.0004231183182659601,False,0.5992949173237231,2.805955382445628,,,,,,,,,,,,,,
ENERGY_UTILITIES,DCC.L,TRIG.L,DCC ENERGY PLC ORD EUR0.25 (CDI,THE RENEWABLES INFRASTRUCTURE G,-1.4083043516765281,0.57828849624539,0.05,0.0004231183182659601,False,0.10229398447205951,8.08611294637092,,,,,,,,,,,,,,
ENERGY_UTILITIES,PNN.L,SVT.L,PENNON GROUP PLC ORD 61 1/20P,SEVERN TRENT PLC ORD 97 17/19P,-1.384492232538307,0.5896877442986775,0.05,0.0004231183182659601,False,3.0971623705384133,-18.231210178529956,,,,,,,,,,,,,,
ENERGY_UTILITIES,DCC.L,UKW.L,DCC ENERGY PLC ORD EUR0.25 (CDI,GREENCOAT UK WIND PLC ORD 1P,-1.3756772227990886,0.5938796333246847,0.05,0.0004231183182659601,False,0.13452703194570195,7.897465091918697,,,,,,,,,,,,,,
ENERGY_UTILITIES,CNA.L,SSE.L,CENTRICA PLC ORD 6 14/81P,SSE PLC ORD 50P,-1.2757296713833204,0.640201592817977,0.05,0.0004231183182659601,False,0.9557880034056533,-2.1805095958986884,,,,,,,,,,,,,,
ENERGY_UTILITIES,DCC.L,PNN.L,DCC ENERGY PLC ORD EUR0.25 (CDI,PENNON GROUP PLC ORD 61 1/20P,-1.1769746978056137,0.6834213729451484,0.05,0.0004231183182659601,False,0.20931028538164542,7.223939169798638,,,,,,,,,,,,,,
ENERGY_UTILITIES,HBR.L,NG.L,HARBOUR ENERGY PLC ORD 0.002P,NATIONAL GRID PLC ORD 12 204/47,-1.1463244535564663,0.6962493655846858,0.05,0.0004231183182659601,False,14.74598460107343,-97.5938468627598,,,,,,,,,,,,,,
ENERGY_UTILITIES,HBR.L,UU.L,HARBOUR ENERGY PLC ORD 0.002P,UNITED UTILITIES GROUP PLC ORD ,-0.9662627980102633,0.7653694880620839,0.05,0.0004231183182659601,False,17.513326004415845,-117.82471931780613,,,,,,,,,,,,,,
ES_BANKS,CABK.MC,SAN.MC,"CAIXABANK, S.A.",BANCO SANTANDER S.A.,-4.275326648960306,0.0004900041432234223,0.05,0.010399873475060804,True,0.8890826668294765,0.2713484869746421,9.635367032621636,3.917895145065895e-05,-0.07193780768425492,29.0,-2.6088564818212623,3.0174786259565423,True,2026-10-06 00:00:00,0.4,-0.0015619761556190039,0.40862214413528,1.636500309981151,False,mixed signal
ES_BANKS,BBVA.MC,SAN.MC,BANCO BILBAO VIZCAYA ARGENTARIA,BANCO SANTANDER S.A.,-3.648783653543868,0.004894030764103913,0.05,0.010399873475060804,True,0.9207040588823201,0.8051259920151488,13.436920133915567,-9.63749925900339e-05,-0.05158527204537009,40.0,-1.6183399182721494,2.926178816494358,False,,1.0,0.001565070414259712,-0.16557931690954364,2.4692691100278004,True,reversion signs agree
ES_BANKS,BBVA.MC,CABK.MC,BANCO BILBAO VIZCAYA ARGENTARIA,"CAIXABANK, S.A.",-3.4167829994866104,0.010399873475060804,0.05,0.010399873475060804,True,1.0358118424850558,0.5236384778833916,14.961969842911671,-0.00013980237967152758,-0.046327267588253306,45.0,1.7144776977943146,3.4422959976508287,False,,0.8,0.002798039595511755,-0.05899942893586685,0.21626172490458528,True,reversion signs agree
ES_BANKS,BKT.MC,SAB.MC,"BANKINTER, S.A.",BANCO DE SABADELL,-3.103212057331094,0.02631639325486464,0.05,0.010399873475060804,False,1.0219005423409113,1.5407982526749193,,,,,,,,,,,,,,
ES_BANKS,BKT.MC,SAN.MC,"BANKINTER, S.A.",BANCO SANTANDER S.A.,-3.0609750287070008,0.02957927453466498,0.05,0.010399873475060804,False,0.7819226049527697,0.8302323209196159,,,,,,,,,,,,,,
ES_BANKS,BBVA.MC,BKT.MC,BANCO BILBAO VIZCAYA ARGENTARIA,"BANKINTER, S.A.",-2.4141336972068905,0.13778694867928754,0.05,0.010399873475060804,False,1.178401725163858,-0.1746016803447139,,,,,,,,,,,,,,
ES_BANKS,SAB.MC,SAN.MC,BANCO DE SABADELL,BANCO SANTANDER S.A.,-1.5662524771583117,0.5005203097982893,0.05,0.010399873475060804,False,0.7618113587888424,-0.688861517501927,,,,,,,,,,,,,,
ES_BANKS,BBVA.MC,SAB.MC,BANCO BILBAO VIZCAYA ARGENTARIA,BANCO DE SABADELL,-1.5196749969851706,0.5237569222209963,0.05,0.010399873475060804,False,1.2085165192029768,1.6377084825141002,,,,,,,,,,,,,,
ES_BANKS,CABK.MC,SAB.MC,"CAIXABANK, S.A.",BANCO DE SABADELL,-1.2987167806313042,0.6297591834226175,0.05,0.010399873475060804,False,1.1664142125540864,1.0758023501299139,,,,,,,,,,,,,,
ES_BANKS,BKT.MC,CABK.MC,"BANKINTER, S.A.","CAIXABANK, S.A.",-1.075110667472761,0.7248947530775377,0.05,0.010399873475060804,False,0.8793316838091653,0.5918665370466749,,,,,,,,,,,,,,
ES_UTILITIES,RED.MC,SLR.MC,"REDEIA CORPORACION, S.A.",SOLARIA ENERGIA Y MEDIO AMBIENT,-3.3161277740700292,0.014172775280996306,0.05,,False,-0.10002495918843504,2.9780996133265054,,,,,,,,,,,,,,
ES_UTILITIES,ENC.MC,IBE.MC,"ENCE ENERGIA Y CELULOSA, S.A.",ACCIONES IBERDROLA,-3.302383386221432,0.014772272625760308,0.05,,False,-0.6259136040550849,2.716284884709336,,,,,,,,,,,,,,
ES_UTILITIES,ENC.MC,SLR.MC,"ENCE ENERGIA Y CELULOSA, S.A.",SOLARIA ENERGIA Y MEDIO AMBIENT,-3.176232956984434,0.02140228951881958,0.05,,False,-0.2622306022395107,1.6706317526462118,,,,,,,,,,,,,,
ES_UTILITIES,IBE.MC,RED.MC,ACCIONES IBERDROLA,"REDEIA CORPORACION, S.A.",-2.764892420711494,0.0634662640867757,0.05,,False,-7.682140399014898,23.670382106580398,,,,,,,,,,,,,,
ES_UTILITIES,ENC.MC,RED.MC,"ENCE ENERGIA Y CELULOSA, S.A.","REDEIA CORPORACION, S.A.",-2.761737447805251,0.06395056950581808,0.05,,False,3.2532300481399177,-7.859013780229244,,,,,,,,,,,,,,
ES_UTILITIES,IBE.MC,NTGY.MC,ACCIONES IBERDROLA,"NATURGY ENERGY GROUP, S.A.",-2.749280316179255,0.06589188063288944,0.05,,False,1.813578803060646,-2.9992812756867466,,,,,,,,,,,,,,
ES_UTILITIES,NTGY.MC,RED.MC,"NATURGY ENERGY GROUP, S.A.","REDEIA CORPORACION, S.A.",-2.5113815467863905,0.11272957400287825,0.05,,False,-7.630213382288347,23.960713222372537,,,,,,,,,,,,,,
ES_UTILITIES,IBE.MC,SLR.MC,ACCIONES IBERDROLA,SOLARIA ENERGIA Y MEDIO AMBIENT,-2.327757510804601,0.16317181866510405,0.05,,False,0.3817438084260604,1.7641435425631231,,,,,,,,,,,,,,
ES_UTILITIES,NTGY.MC,SLR.MC,"NATURGY ENERGY GROUP, S.A.",SOLARIA ENERGIA Y MEDIO AMBIENT,-2.296056205189945,0.1732430789065233,0.05,,False,0.16803903804781595,2.733245863132317,,,,,,,,,,,,,,
ES_UTILITIES,ENC.MC,NTGY.MC,"ENCE ENERGIA Y CELULOSA, S.A.","NATURGY ENERGY GROUP, S.A.",-2.050965067652095,0.26468306339475123,0.05,,False,-1.249084688151586,4.953132823689398,,,,,,,,,,,,,,
FINANCIALS,BEZ.L,ICG.L,BEAZLEY PLC ORD 5P,ICG PLC ORD 26 1/4P,-4.307216308043199,0.00043160276261304905,0.05,,False,-2.1859753953837022,23.43367571909107,,,,,,,,,,,,,,
FINANCIALS,ASHM.L,INVP.L,ASHMORE GROUP PLC ORD 0.01P,INVESTEC PLC ORD GBP0.0002,-3.9365239715233202,0.0017819021019504814,0.05,,False,1.9561020438507304,-7.198987961220491,,,,,,,,,,,,,,
FINANCIALS,PRU.L,STJ.L,PRUDENTIAL PLC ORD 5P,ST. JAMES'S PLACE PLC ORD 15P,-3.9093189038145257,0.0019673255006521467,0.05,,False,0.9182625103110302,0.3686080997185339,,,,,,,,,,,,,,
FINANCIALS,ABDN.L,MNG.L,ABERDEEN GROUP PLC ORD 13 61/63,M&G PLC,-3.8939955164706856,0.0020794838880490133,0.05,,False,0.9930403516811648,-0.2692337924984862,,,,,,,,,,,,,,
FINANCIALS,BEZ.L,SDR.L,BEAZLEY PLC ORD 5P,SCHRODERS PLC ORD 20P,-3.7931223076596954,0.002978471856980526,0.05,,False,0.9328358993762592,1.2296754836053143,,,,,,,,,,,,,,
FINANCIALS,HSBA.L,LGEN.L,HSBC HOLDINGS PLC ORD $0.50 (UK,LEGAL & GENERAL GROUP PLC ORD 2,-3.7017746270784677,0.004088261552051363,0.05,,False,4.091199225637782,-15.637843291123557,,,,,,,,,,,,,,
FINANCIALS,LGEN.L,STAN.L,LEGAL & GENERAL GROUP PLC ORD 2,STANDARD CHARTERED PLC ORD USD0,-3.653272531131682,0.004820545321124542,0.05,,False,0.18748921163625032,4.157417423816942,,,,,,,,,,,,,,
FINANCIALS,BGEO.L,LGEN.L,LION FINANCE GROUP PLC ORD 1P,LEGAL & GENERAL GROUP PLC ORD 2,-3.599225499907032,0.00577585180518348,0.05,,False,5.962781893746896,-23.961221415344106,,,,,,,,,,,,,,
FINANCIALS,ICG.L,LGEN.L,ICG PLC ORD 26 1/4P,LEGAL & GENERAL GROUP PLC ORD 2,-3.5486143894932596,0.006822905169259794,0.05,,False,-2.292677161951218,20.202832511436323,,,,,,,,,,,,,,
FINANCIALS,ICG.L,SDR.L,ICG PLC ORD 26 1/4P,SCHRODERS PLC ORD 20P,-3.536508008667694,0.007097525995838877,0.05,,False,-0.38329072342294856,9.897169569128838,,,,,,,,,,,,,,
FINANCIALS,LGEN.L,MNG.L,LEGAL & GENERAL GROUP PLC ORD 2,M&G PLC,-3.5168244235279564,0.007565375360922263,0.05,,False,0.3532216798837377,3.5543251721661377,,,,,,,,,,,,,,
FINANCIALS,BARC.L,LGEN.L,BARCLAYS PLC ORD 25P,LEGAL & GENERAL GROUP PLC ORD 2,-3.498454169440563,0.008026883129225384,0.05,,False,4.333691158311977,-18.002206122078448,,,,,,,,,,,,,,
FINANCIALS,ABDN.L,LGEN.L,ABERDEEN GROUP PLC ORD 13 61/63,LEGAL & GENERAL GROUP PLC ORD 2,-3.4868634225976916,0.008330948562758803,0.05,,False,2.8646829852500146,-10.554783582017144,,,,,,,,,,,,,,
FINANCIALS,LGEN.L,LLOY.L,LEGAL & GENERAL GROUP PLC ORD 2,LLOYDS BANKING GROUP PLC ORD 10,-3.4053590294345057,0.010777533660396117,0.05,,False,0.26350177714767514,4.353357932429707,,,,,,,,,,,,,,
FINANCIALS,NWG.L,STJ.L,NATWEST GROUP PLC ORD 107.69P,ST. JAMES'S PLACE PLC ORD 15P,-3.381794490393802,0.011595375640817812,0.05,,False,0.8861001895635039,0.015908294936138212,,,,,,,,,,,,,,
FINANCIALS,ABDN.L,BGEO.L,ABERDEEN GROUP PLC ORD 13 61/63,LION FINANCE GROUP PLC ORD 1P,-3.348358177108674,0.012850476766316747,0.05,,False,0.46219946004728313,1.1175086143399984,,,,,,,,,,,,,,
FINANCIALS,BARC.L,NWG.L,BARCLAYS PLC ORD 25P,NATWEST GROUP PLC ORD 107.69P,-3.314709278500105,0.014233636747070183,0.05,,False,1.2106919304443131,-1.678464113354618,,,,,,,,,,,,,,
FINANCIALS,ABDN.L,LLOY.L,ABERDEEN GROUP PLC ORD 13 61/63,LLOYDS BANKING GROUP PLC ORD 10,-3.3037529384783637,0.01471154922358735,0.05,,False,0.7393248393413279,1.9835673998740666,,,,,,,,,,,,,,
FINANCIALS,NWG.L,PRU.L,NATWEST GROUP PLC ORD 107.69P,PRUDENTIAL PLC ORD 5P,-3.3009215265765794,0.014837332446982732,0.05,,False,0.9596766115033466,-0.3039232866384136,,,,,,,,,,,,,,
FINANCIALS,BGEO.L,LLOY.L,LION FINANCE GROUP PLC ORD 1P,LLOYDS BANKING GROUP PLC ORD 10,-3.278311776290322,0.01587621447225509,0.05,,False,1.5506251794007122,2.086193647038103,,,,,,,,,,,,,,
FINANCIALS,BARC.L,STAN.L,BARCLAYS PLC ORD 25P,STANDARD CHARTERED PLC ORD USD0,-3.267032365623981,0.016417999514828432,0.05,,False,0.8318239032396797,-0.1231341462568718,,,,,,,,,,,,,,
FINANCIALS,AV.L,PRU.L,AVIVA PLC ORD 32 17/19P,PRUDENTIAL PLC ORD 5P,-3.263461564665469,0.016592866124346663,0.05,,False,0.5888689411848331,2.3724629781792923,,,,,,,,,,,,,,
FINANCIALS,ABDN.L,STAN.L,ABERDEEN GROUP PLC ORD 13 61/63,STANDARD CHARTERED PLC ORD USD0,-3.2589723466695153,0.01681502609067078,0.05,,False,0.5144967994809416,1.5163404939736047,,,,,,,,,,,,,,
FINANCIALS,LGEN.L,NWG.L,LEGAL & GENERAL GROUP PLC ORD 2,NATWEST GROUP PLC ORD 107.69P,-3.2545396042293406,0.017036946482903922,0.05,,False,0.2753612871032911,3.7915143520619585,,,,,,,,,,,,,,
FINANCIALS,AV.L,STJ.L,AVIVA PLC ORD 32 17/19P,ST. JAMES'S PLACE PLC ORD 15P,-3.251818734076896,0.017174431766952,0.05,,False,0.5276294165294266,2.680887700718469,,,,,,,,,,,,,,
FINANCIALS,HSBA.L,ICG.L,HSBC HOLDINGS PLC ORD $0.50 (UK,ICG PLC ORD 26 1/4P,-3.188253810849138,0.020674742180997616,0.05,,False,-3.5248457440126377,33.641418274097596,,,,,,,,,,,,,,
FINANCIALS,BEZ.L,LGEN.L,BEAZLEY PLC ORD 5P,LEGAL & GENERAL GROUP PLC ORD 2,-3.174546693793528,0.021506104999862958,0.05,,False,3.604459648864167,-12.993831027976121,,,,,,,,,,,,,,
FINANCIALS,ICG.L,MNG.L,ICG PLC ORD 26 1/4P,M&G PLC,-3.165273671757374,0.0220848428632974,0.05,,False,-0.4203406855114633,9.912127793245133,,,,,,,,,,,,,,
FINANCIALS,BGEO.L,ICG.L,LION FINANCE GROUP PLC ORD 1P,ICG PLC ORD 26 1/4P,-3.159355276932686,0.02246122893475435,0.05,,False,-5.2215102486919545,48.50134387011853,,,,,,,,,,,,,,
FINANCIALS,ICG.L,LLOY.L,ICG PLC ORD 26 1/4P,LLOYDS BANKING GROUP PLC ORD 10,-3.1425053817258064,0.02356337173666313,0.05,,False,-0.30542543750100587,8.925913676675068,,,,,,,,,,,,,,
FINANCIALS,ABDN.L,HSBA.L,ABERDEEN GROUP PLC ORD 13 61/63,HSBC HOLDINGS PLC ORD $0.50 (UK,-3.142156890432938,0.02358665091797099,0.05,,False,0.6767162297904169,0.5558438980977929,,,,,,,,,,,,,,
FINANCIALS,LGEN.L,SDR.L,LEGAL & GENERAL GROUP PLC ORD 2,SCHRODERS PLC ORD 20P,-3.1284477587489046,0.02451831093580597,0.05,,False,0.2633959339907603,3.918551649741178,,,,,,,,,,,,,,
FINANCIALS,BGEO.L,NWG.L,LION FINANCE GROUP PLC ORD 1P,NATWEST GROUP PLC ORD 107.69P,-3.1053607508448464,0.02615900414154232,0.05,,False,1.6752836458968035,-1.559859442851666,,,,,,,,,,,,,,
FINANCIALS,ABDN.L,BARC.L,ABERDEEN GROUP PLC ORD 13 61/63,BARCLAYS PLC ORD 25P,-3.0817091158161065,0.02793674242885553,0.05,,False,0.6371744656639249,1.483933326583034,,,,,,,,,,,,,,
FINANCIALS,ABDN.L,ICG.L,ABERDEEN GROUP PLC ORD 13 61/63,ICG PLC ORD 26 1/4P,-3.0659695046648214,0.02917626299008065,0.05,,False,-2.811188316859659,26.558412488590726,,,,,,,,,,,,,,
FINANCIALS,ASHM.L,ICG.L,ASHMORE GROUP PLC ORD 0.01P,ICG PLC ORD 26 1/4P,-3.0506842259908242,0.03042464452541693,0.05,,False,-2.1621260187961986,21.61991927195851,,,,,,,,,,,,,,
FINANCIALS,BGEO.L,STAN.L,LION FINANCE GROUP PLC ORD 1P,STANDARD CHARTERED PLC ORD USD0,-3.0493887289153307,0.03053251164545943,0.05,,False,1.1339969016970728,0.7139760664330659,,,,,,,,,,,,,,
FINANCIALS,ICG.L,INVP.L,ICG PLC ORD 26 1/4P,INVESTEC PLC ORD GBP0.0002,-2.9655057284461286,0.03824372370195154,0.05,,False,-2.435275719620157,23.019946726642836,,,,,,,,,,,,,,
FINANCIALS,ABDN.L,NWG.L,ABERDEEN GROUP PLC ORD 13 61/63,NATWEST GROUP PLC ORD 107.69P,-2.9507979544372884,0.03975177777269129,0.05,,False,0.7763947462261152,0.38366465963584684,,,,,,,,,,,,,,
FINANCIALS,BNKR.L,HSBA.L,BANKERS INVESTMENT TRUST PLC OR,HSBC HOLDINGS PLC ORD $0.50 (UK,-2.8892479185826465,0.04661268084275274,0.05,,False,0.347991196891081,2.436300205091748,,,,,,,,,,,,,,
FINANCIALS,ICG.L,PRU.L,ICG PLC ORD 26 1/4P,PRUDENTIAL PLC ORD 5P,-2.8852938359078655,0.047085045341675576,0.05,,False,-0.2789369722988615,9.48890671053649,,,,,,,,,,,,,,
FINANCIALS,BNKR.L,LGEN.L,BANKERS INVESTMENT TRUST PLC OR,LEGAL & GENERAL GROUP PLC ORD 2,-2.880491974677481,0.04766399919820683,0.05,,False,1.4140229469953456,-2.952332423358623,,,,,,,,,,,,,,
FINANCIALS,NWG.L,STAN.L,NATWEST GROUP PLC ORD 107.69P,STANDARD CHARTERED PLC ORD USD0,-2.843399121802895,0.052336928459613276,0.05,,False,0.6828024465151167,1.3151098676082729,,,,,,,,,,,,,,
FINANCIALS,HSBA.L,SDR.L,HSBC HOLDINGS PLC ORD $0.50 (UK,SCHRODERS PLC ORD 20P,-2.821868000537935,0.05521733677773214,0.05,,False,1.2100135063748747,-0.39960236778312197,,,,,,,,,,,,,,
FINANCIALS,BGEO.L,HSBA.L,LION FINANCE GROUP PLC ORD 1P,HSBC HOLDINGS PLC ORD $0.50 (UK,-2.7881326879523036,0.05998902638492315,0.05,,False,1.451704786579637,-1.1301408454688282,,,,,,,,,,,,,,
FINANCIALS,AJB.L,INVP.L,AJ BELL PLC ORD GBP0.000125,INVESTEC PLC ORD GBP0.0002,-2.775595719368699,0.06184518941975354,0.05,,False,1.748371047572122,-4.903406319803419,,,,,,,,,,,,,,
FINANCIALS,AV.L,ICG.L,AVIVA PLC ORD 32 17/19P,ICG PLC ORD 26 1/4P,-2.7689870840745026,0.06284211365374366,0.05,,False,-1.951495478751952,21.191429868000288,,,,,,,,,,,,,,
FINANCIALS,BARC.L,ICG.L,BARCLAYS PLC ORD 25P,ICG PLC ORD 26 1/4P,-2.7680055848026233,0.06299127178490276,0.05,,False,-4.508597768863401,40.08712084927976,,,,,,,,,,,,,,
FINANCIALS,ICG.L,NWG.L,ICG PLC ORD 26 1/4P,NATWEST GROUP PLC ORD 107.69P,-2.7626740155682925,0.06380649235301983,0.05,,False,-0.2902104778595164,9.397802484037767,,,,,,,,,,,,,,
FINANCIALS,BNKR.L,STAN.L,BANKERS INVESTMENT TRUST PLC OR,STANDARD CHARTERED PLC ORD USD0,-2.7201432206318197,0.07061700148921887,0.05,,False,0.26686217521621547,2.9138638136586623,,,,,,,,,,,,,,
FINANCIALS,BARC.L,BGEO.L,BARCLAYS PLC ORD 25P,LION FINANCE GROUP PLC ORD 1P,-2.7110209323712446,0.0721505055863381,0.05,,False,0.7307601594733686,-0.6224198281561311,,,,,,,,,,,,,,
FINANCIALS,ICG.L,STAN.L,ICG PLC ORD 26 1/4P,STANDARD CHARTERED PLC ORD USD0,-2.6880842848477284,0.0761230025235411,0.05,,False,-0.1843474018950428,8.917501829163779,,,,,,,,,,,,,,
FINANCIALS,INVP.L,SDR.L,INVESTEC PLC ORD GBP0.0002,SCHRODERS PLC ORD 20P,-2.687599220943791,0.07620883762898675,0.05,,False,0.27065668640345675,4.709981015972569,,,,,,,,,,,,,,
FINANCIALS,BGEO.L,STJ.L,LION FINANCE GROUP PLC ORD 1P,ST. JAMES'S PLACE PLC ORD 15P,-2.6789987314943007,0.07774344195075236,0.05,,False,1.551835832613844,-2.0027957867697506,,,,,,,,,,,,,,
FINANCIALS,ADM.L,AJB.L,ADMIRAL GROUP PLC ORD 0.1P,AJ BELL PLC ORD GBP0.000125,-2.6745266055864065,0.07855095516056614,0.05,,False,0.9111792599468466,2.3992234739321807,,,,,,,,,,,,,,
FINANCIALS,ADM.L,LGEN.L,ADMIRAL GROUP PLC ORD 0.1P,LEGAL & GENERAL GROUP PLC ORD 2,-2.666992112549822,0.07992629716842026,0.05,,False,1.8516670328715024,-2.159925293954176,,,,,,,,,,,,,,
FINANCIALS,LLOY.L,NWG.L,LLOYDS BANKING GROUP PLC ORD 10,NATWEST GROUP PLC ORD 107.69P,-2.6637531864097825,0.08052329431486915,0.05,,False,1.071538206281992,-2.2965137357878245,,,,,,,,,,,,,,
FINANCIALS,ABDN.L,STJ.L,ABERDEEN GROUP PLC ORD 13 61/63,ST. JAMES'S PLACE PLC ORD 15P,-2.652813236210766,0.08256555608823651,0.05,,False,0.6542217273728437,0.6312169470162319,,,,,,,,,,,,,,
FINANCIALS,ABDN.L,AJB.L,ABERDEEN GROUP PLC ORD 13 61/63,AJ BELL PLC ORD GBP0.000125,-2.6474939917592626,0.08357303537520405,0.05,,False,1.9236278563072333,-6.670799962787193,,,,,,,,,,,,,,
FINANCIALS,BARC.L,STJ.L,BARCLAYS PLC ORD 25P,ST. JAMES'S PLACE PLC ORD 15P,-2.638341355722828,0.08532893939697273,0.05,,False,1.0849469972034453,-1.7439155157816586,,,,,,,,,,,,,,
FINANCIALS,ABDN.L,ADM.L,ABERDEEN GROUP PLC ORD 13 61/63,ADMIRAL GROUP PLC ORD 0.1P,-2.6327942277264142,0.0864069974510937,0.05,,False,2.0727859237703483,-11.42836249232156,,,,,,,,,,,,,,
FINANCIALS,LLOY.L,STAN.L,LLOYDS BANKING GROUP PLC ORD 10,STANDARD CHARTERED PLC ORD USD0,-2.6325011301044325,0.0864642518989493,0.05,,False,0.7247932403159162,-0.8383511695748851,,,,,,,,,,,,,,
FINANCIALS,AJB.L,ICG.L,AJ BELL PLC ORD GBP0.000125,ICG PLC ORD 26 1/4P,-2.6248788627435533,0.08796355138352602,0.05,,False,-1.340261059502609,16.35351226614126,,,,,,,,,,,,,,
FINANCIALS,BEZ.L,INVP.L,BEAZLEY PLC ORD 5P,INVESTEC PLC ORD GBP0.0002,-2.6112139666313223,0.0907016471967656,0.05,,False,5.0684327881825695,-25.272666017074556,,,,,,,,,,,,,,
FINANCIALS,ADM.L,AV.L,ADMIRAL GROUP PLC ORD 0.1P,AVIVA PLC ORD 32 17/19P,-2.6062374947014293,0.09171494477666237,0.05,,False,0.7163958367849981,3.4627391996318453,,,,,,,,,,,,,,
FINANCIALS,LLOY.L,STJ.L,LLOYDS BANKING GROUP PLC ORD 10,ST. JAMES'S PLACE PLC ORD 15P,-2.5657661648837125,0.10028111451543159,0.05,,False,0.9456913258792254,-2.252986842484777,,,,,,,,,,,,,,
FINANCIALS,BNKR.L,ICG.L,BANKERS INVESTMENT TRUST PLC OR,ICG PLC ORD 26 1/4P,-2.565638975758885,0.1003089607044142,0.05,,False,-0.697065038640845,10.118289911275802,,,,,,,,,,,,,,
FINANCIALS,BEZ.L,HSBA.L,BEAZLEY PLC ORD 5P,HSBC HOLDINGS PLC ORD $0.50 (UK,-2.557446670641531,0.10211491718601157,0.05,,False,0.7686330954723335,1.553476516404781,,,,,,,,,,,,,,
FINANCIALS,ABDN.L,AV.L,ABERDEEN GROUP PLC ORD 13 61/63,AVIVA PLC ORD 32 17/19P,-2.5493777999611797,0.10391757953757275,0.05,,False,1.3343745937440041,-3.2934621200030154,,,,,,,,,,,,,,
FINANCIALS,INVP.L,MNG.L,INVESTEC PLC ORD GBP0.0002,M&G PLC,-2.547105837850953,0.10442945971796547,0.05,,False,0.30038744679242807,4.6797960408666555,,,,,,,,,,,,,,
FINANCIALS,ADM.L,BGEO.L,ADMIRAL GROUP PLC ORD 0.1P,LION FINANCE GROUP PLC ORD 1P,-2.5215821159682132,0.11031107760520731,0.05,,False,0.20853384327366017,6.180037355845801,,,,,,,,,,,,,,
FINANCIALS,BGEO.L,MNG.L,LION FINANCE GROUP PLC ORD 1P,M&G PLC,-2.521360149150487,0.11036328953252522,0.05,,False,2.069090327048763,-2.5635765366370684,,,,,,,,,,,,,,
FINANCIALS,BGEO.L,PRU.L,LION FINANCE GROUP PLC ORD 1P,PRUDENTIAL PLC ORD 5P,-2.5194793556869723,0.11080643725338446,0.05,,False,1.6115932331630545,-2.09516556575843,,,,,,,,,,,,,,
FINANCIALS,LGEN.L,STJ.L,LEGAL & GENERAL GROUP PLC ORD 2,ST. JAMES'S PLACE PLC ORD 15P,-2.5071157927508487,0.11375256158710101,0.05,,False,0.21326905699224669,4.010092380592659,,,,,,,,,,,,,,
FINANCIALS,BARC.L,LLOY.L,BARCLAYS PLC ORD 25P,LLOYDS BANKING GROUP PLC ORD 10,-2.480964061753845,0.12017493959828307,0.05,,False,1.1356582352758808,0.891139342031213,,,,,,,,,,,,,,
FINANCIALS,HSBA.L,INVP.L,HSBC HOLDINGS PLC ORD $0.50 (UK,INVESTEC PLC ORD GBP0.0002,-2.46647331428753,0.12384625629145735,0.05,,False,6.62724973998109,-35.11108308700612,,,,,,,,,,,,,,
FINANCIALS,LLOY.L,MNG.L,LLOYDS BANKING GROUP PLC ORD 10,M&G PLC,-2.4393488698396415,0.13093699044127588,0.05,,False,1.33160816512388,-2.9835164677254413,,,,,,,,,,,,,,
FINANCIALS,LLOY.L,PRU.L,LLOYDS BANKING GROUP PLC ORD 10,PRUDENTIAL PLC ORD 5P,-2.434342324593324,0.13227716910356596,0.05,,False,1.0287961802716312,-2.62533389102373,,,,,,,,,,,,,,
FINANCIALS,LGEN.L,PRU.L,LEGAL & GENERAL GROUP PLC ORD 2,PRUDENTIAL PLC ORD 5P,-2.431790913550165,0.13296392773799165,0.05,,False,0.24496443858717337,3.8384312658270567,,,,,,,,,,,,,,
FINANCIALS,BEZ.L,BNKR.L,BEAZLEY PLC ORD 5P,BANKERS INVESTMENT TRUST PLC OR,-2.426955750164567,0.1342724196626789,0.05,,False,2.6922155909626264,-6.15802195673898,,,,,,,,,,,,,,
FINANCIALS,BGEO.L,INVP.L,LION FINANCE GROUP PLC ORD 1P,INVESTEC PLC ORD GBP0.0002,-2.426730275373862,0.13433366216732895,0.05,,False,10.603017557103653,-58.320053650067926,,,,,,,,,,,,,,
FINANCIALS,INVP.L,STAN.L,INVESTEC PLC ORD GBP0.0002,STANDARD CHARTERED PLC ORD USD0,-2.405014928789138,0.14032598208350217,0.05,,False,0.09450884821330487,5.6565368043358495,,,,,,,,,,,,,,
FINANCIALS,HSBA.L,STAN.L,HSBC HOLDINGS PLC ORD $0.50 (UK,STANDARD CHARTERED PLC ORD USD0,-2.4040097519385832,0.14060788270755759,0.05,,False,0.7827104805957428,1.2591529819655163,,,,,,,,,,,,,,
FINANCIALS,ABDN.L,BEZ.L,ABERDEEN GROUP PLC ORD 13 61/63,BEAZLEY PLC ORD 5P,-2.392408642802453,0.1438904867750887,0.05,,False,0.8417040181150993,-0.5478954779625749,,,,,,,,,,,,,,
FINANCIALS,HSBA.L,MNG.L,HSBC HOLDINGS PLC ORD $0.50 (UK,M&G PLC,-2.3695657811339466,0.15051109766619875,0.05,,False,1.4326622809734413,-1.0279938027210695,,,,,,,,,,,,,,
FINANCIALS,ADM.L,LLOY.L,ADMIRAL GROUP PLC ORD 0.1P,LLOYDS BANKING GROUP PLC ORD 10,-2.3657143262871347,0.15164797935441532,0.05,,False,0.3420748745378475,6.533864863396601,,,,,,,,,,,,,,
FINANCIALS,ADM.L,ICG.L,ADMIRAL GROUP PLC ORD 0.1P,ICG PLC ORD 26 1/4P,-2.363724464024644,0.15223768692975087,0.05,,False,-0.9356644396243593,15.1298105407603,,,,,,,,,,,,,,
FINANCIALS,BNKR.L,SDR.L,BANKERS INVESTMENT TRUST PLC OR,SCHRODERS PLC ORD 20P,-2.3580665658808364,0.15392314025481224,0.05,,False,0.38369796730312594,2.5211838327568272,,,,,,,,,,,,,,
FINANCIALS,HSBA.L,LLOY.L,HSBC HOLDINGS PLC ORD $0.50 (UK,LLOYDS BANKING GROUP PLC ORD 10,-2.356993843045658,0.1542441507295203,0.05,,False,1.0691504800511322,2.211175990096243,,,,,,,,,,,,,,
FINANCIALS,ABDN.L,BNKR.L,ABERDEEN GROUP PLC ORD 13 61/63,BANKERS INVESTMENT TRUST PLC OR,-2.3538685948340556,0.15518201789462122,0.05,,False,2.0818505056168886,-4.84326623237698,,,,,,,,,,,,,,
FINANCIALS,AV.L,NWG.L,AVIVA PLC ORD 32 17/19P,NATWEST GROUP PLC ORD 107.69P,-2.3529824961691586,0.15544864651946222,0.05,,False,0.6015271076036923,2.6337895553999733,,,,,,,,,,,,,,
FINANCIALS,ICG.L,STJ.L,ICG PLC ORD 26 1/4P,ST. JAMES'S PLACE PLC ORD 15P,-2.3528355538431294,0.15549289230830954,0.05,,False,-0.16833251315079864,8.774034359036403,,,,,,,,,,,,,,
FINANCIALS,BARC.L,INVP.L,BARCLAYS PLC ORD 25P,INVESTEC PLC ORD GBP0.0002,-2.3476155424760323,0.1570703370908736,0.05,,False,8.407676393248197,-47.41556224752344,,,,,,,,,,,,,,
FINANCIALS,ABDN.L,INVP.L,ABERDEEN GROUP PLC ORD 13 61/63,INVESTEC PLC ORD GBP0.0002,-2.3413498816293012,0.15897828702821548,0.05,,False,3.615528925396379,-17.700688781211298,,,,,,,,,,,,,,
FINANCIALS,BNKR.L,MNG.L,BANKERS INVESTMENT TRUST PLC OR,M&G PLC,-2.3405178322632687,0.1592328458378418,0.05,,False,0.4874421143148192,2.1396714758536772,,,,,,,,,,,,,,
FINANCIALS,AJB.L,MNG.L,AJ BELL PLC ORD GBP0.000125,M&G PLC,-2.3287663487952974,0.16285800369403153,0.05,,False,0.4926083018010038,3.4577749344047866,,,,,,,,,,,,,,
FINANCIALS,AJB.L,BNKR.L,AJ BELL PLC ORD GBP0.000125,BANKERS INVESTMENT TRUST PLC OR,-2.3221076856017304,0.16493690053834192,0.05,,False,1.3216720326527243,-0.2039917839355967,,,,,,,,,,,,,,
FINANCIALS,INVP.L,LLOY.L,INVESTEC PLC ORD GBP0.0002,LLOYDS BANKING GROUP PLC ORD 10,-2.3198632935427157,0.16564166645672285,0.05,,False,0.13272267063209467,5.755749646434889,,,,,,,,,,,,,,
FINANCIALS,ASHM.L,SDR.L,ASHMORE GROUP PLC ORD 0.01P,SCHRODERS PLC ORD 20P,-2.3180753597131307,0.16620455933262185,0.05,,False,0.6294128040189089,1.4151732510254034,,,,,,,,,,,,,,
FINANCIALS,ABDN.L,PRU.L,ABERDEEN GROUP PLC ORD 13 61/63,PRUDENTIAL PLC ORD 5P,-2.3129126010976253,0.1678372145631617,0.05,,False,0.7559363510584652,0.07426188062877692,,,,,,,,,,,,,,
FINANCIALS,AJB.L,LGEN.L,AJ BELL PLC ORD GBP0.000125,LEGAL & GENERAL GROUP PLC ORD 2,-2.3112347021233988,0.168370154443787,0.05,,False,2.25147966092975,-6.2090758093934015,,,,,,,,,,,,,,
FINANCIALS,STAN.L,STJ.L,STANDARD CHARTERED PLC ORD USD0,ST. JAMES'S PLACE PLC ORD 15P,-2.306265991987127,0.16995502784275118,0.05,,False,1.3266615723596635,-2.1043485807441478,,,,,,,,,,,,,,
FINANCIALS,MNG.L,STAN.L,M&G PLC,STANDARD CHARTERED PLC ORD USD0,-2.304427347863795,0.17054403949442382,0.05,,False,0.5353567492150444,1.6748368640961901,,,,,,,,,,,,,,
FINANCIALS,AJB.L,SDR.L,AJ BELL PLC ORD GBP0.000125,SCHRODERS PLC ORD 20P,-2.299370606634474,0.17217104375437653,0.05,,False,0.31060222138751203,4.305655338749007,,,,,,,,,,,,,,
FINANCIALS,SDR.L,STAN.L,SCHRODERS PLC ORD 20P,STANDARD CHARTERED PLC ORD USD0,-2.2911053057461808,0.17485273707184024,0.05,,False,0.594691728977366,1.7435172590987023,,,,,,,,,,,,,,
FINANCIALS,BARC.L,PRU.L,BARCLAYS PLC ORD 25P,PRUDENTIAL PLC ORD 5P,-2.2628653430552053,0.18422438850267042,0.05,,False,1.173402031727959,-2.124468777542069,,,,,,,,,,,,,,
FINANCIALS,HSBA.L,NWG.L,HSBC HOLDINGS PLC ORD $0.50 (UK,NATWEST GROUP PLC ORD 107.69P,-2.2612742472587457,0.18476203129878843,0.05,,False,1.147990104914425,-0.25872329233523583,,,,,,,,,,,,,,
FINANCIALS,INVP.L,NWG.L,INVESTEC PLC ORD GBP0.0002,NATWEST GROUP PLC ORD 107.69P,-2.2407733698813366,0.19178114770433619,0.05,,False,0.0912814305024295,5.766374980747967,,,,,,,,,,,,,,
FINANCIALS,BGEO.L,SDR.L,LION FINANCE GROUP PLC ORD 1P,SCHRODERS PLC ORD 20P,-2.2378730587816333,0.19278789050585565,0.05,,False,1.8677680508385008,-2.3764231072355386,,,,,,,,,,,,,,
FINANCIALS,BARC.L,HSBA.L,BARCLAYS PLC ORD 25P,HSBC HOLDINGS PLC ORD $0.50 (UK,-2.234463953123121,0.19397558936310078,0.05,,False,1.062330965666632,-1.4584403295819026,,,,,,,,,,,,,,
FINANCIALS,ADM.L,PRU.L,ADMIRAL GROUP PLC ORD 0.1P,PRUDENTIAL PLC ORD 5P,-2.2296937600721827,0.19564535510317682,0.05,,False,0.35483196878791445,5.6161276776294144,,,,,,,,,,,,,,
FINANCIALS,INVP.L,PRU.L,INVESTEC PLC ORD GBP0.0002,PRUDENTIAL PLC ORD 5P,-2.2288731319611395,0.19593353481241632,0.05,,False,0.12561985841895504,5.481262804031116,,,,,,,,,,,,,,
FINANCIALS,BEZ.L,BGEO.L,BEAZLEY PLC ORD 5P,LION FINANCE GROUP PLC ORD 1P,-2.225224771901186,0.19721801616749257,0.05,,False,0.4924570217020317,2.4780943601023315,,,,,,,,,,,,,,
FINANCIALS,ASHM.L,BGEO.L,ASHMORE GROUP PLC ORD 0.01P,LION FINANCE GROUP PLC ORD 1P,-2.2130671032668743,0.20153708139864157,0.05,,False,0.23138884644936047,3.1467827727952273,,,,,,,,,,,,,,
FINANCIALS,BNKR.L,INVP.L,BANKERS INVESTMENT TRUST PLC OR,INVESTEC PLC ORD GBP0.0002,-2.212966987577545,0.20157289479891088,0.05,,False,1.1222795464292634,-2.285731740133593,,,,,,,,,,,,,,
FINANCIALS,AV.L,LGEN.L,AVIVA PLC ORD 32 17/19P,LEGAL & GENERAL GROUP PLC ORD 2,-2.2118322237588193,0.2019791042582083,0.05,,False,2.3662821925927497,-6.647975057858944,,,,,,,,,,,,,,
FINANCIALS,ASHM.L,LLOY.L,ASHMORE GROUP PLC ORD 0.01P,LLOYDS BANKING GROUP PLC ORD 10,-2.20495529938663,0.20445188751056714,0.05,,False,0.4329165734841019,3.3078967167202697,,,,,,,,,,,,,,
FINANCIALS,BARC.L,MNG.L,BARCLAYS PLC ORD 25P,M&G PLC,-2.1948876253369956,0.20810618375777168,0.05,,False,1.5240302728945128,-2.5618862416826804,,,,,,,,,,,,,,
FINANCIALS,NWG.L,SDR.L,NATWEST GROUP PLC ORD 107.69P,SCHRODERS PLC ORD 20P,-2.1923506353673337,0.20903343997109047,0.05,,False,1.0519913684479767,-0.11051646926368086,,,,,,,,,,,,,,
FINANCIALS,INVP.L,STJ.L,INVESTEC PLC ORD GBP0.0002,ST. JAMES'S PLACE PLC ORD 15P,-2.1916112642421894,0.20930416002067154,0.05,,False,0.04678347123214352,6.0055322487318925,,,,,,,,,,,,,,
FINANCIALS,BARC.L,BNKR.L,BARCLAYS PLC ORD 25P,BANKERS INVESTMENT TRUST PLC OR,-2.187618544215637,0.21076986157412658,0.05,,False,3.13160802363641,-9.275956778841545,,,,,,,,,,,,,,
FINANCIALS,ASHM.L,BEZ.L,ASHMORE GROUP PLC ORD 0.01P,BEAZLEY PLC ORD 5P,-2.1874094541301163,0.21084679242477117,0.05,,False,0.6254076556952324,0.9217978745903999,,,,,,,,,,,,,,
FINANCIALS,AV.L,INVP.L,AVIVA PLC ORD 32 17/19P,INVESTEC PLC ORD GBP0.0002,-2.1836482617532846,0.2122336297173435,0.05,,False,6.189245828066977,-32.829298161662734,,,,,,,,,,,,,,
FINANCIALS,ABDN.L,SDR.L,ABERDEEN GROUP PLC ORD 13 61/63,SCHRODERS PLC ORD 20P,-2.1828563226638797,0.21252635381643115,0.05,,False,0.80268003566792,0.38222489342337695,,,,,,,,,,,,,,
FINANCIALS,BARC.L,SDR.L,BARCLAYS PLC ORD 25P,SCHRODERS PLC ORD 20P,-2.177136484522183,0.21464798332708734,0.05,,False,1.3457224462034836,-2.244168380324547,,,,,,,,,,,,,,
FINANCIALS,ADM.L,BARC.L,ADMIRAL GROUP PLC ORD 0.1P,BARCLAYS PLC ORD 25P,-2.173296382257285,0.21607966419530655,0.05,,False,0.27226776441661515,6.4338689715029584,,,,,,,,,,,,,,
FINANCIALS,ADM.L,MNG.L,ADMIRAL GROUP PLC ORD 0.1P,M&G PLC,-2.163360650011533,0.21981105408797408,0.05,,False,0.45734146384899693,5.503205857640369,,,,,,,,,,,,,,
FINANCIALS,ADM.L,HSBA.L,ADMIRAL GROUP PLC ORD 0.1P,HSBC HOLDINGS PLC ORD $0.50 (UK,-2.1587897939274843,0.2215407511206378,0.05,,False,0.27854460293870426,6.110038810605493,,,,,,,,,,,,,,
FINANCIALS,ASHM.L,BARC.L,ASHMORE GROUP PLC ORD 0.01P,BARCLAYS PLC ORD 25P,-2.1577953775629197,0.22191814758360978,0.05,,False,0.3347891067738653,3.2382675234305793,,,,,,,,,,,,,,
FINANCIALS,ADM.L,NWG.L,ADMIRAL GROUP PLC ORD 0.1P,NATWEST GROUP PLC ORD 107.69P,-2.1544082854198168,0.22320652262659385,0.05,,False,0.3605032982243049,5.78570692747458,,,,,,,,,,,,,,
FINANCIALS,BEZ.L,LLOY.L,BEAZLEY PLC ORD 5P,LLOYDS BANKING GROUP PLC ORD 10,-2.1485776487757295,0.22543492853666314,0.05,,False,0.8119398550156982,3.2957758645248942,,,,,,,,,,,,,,
FINANCIALS,AJB.L,HSBA.L,AJ BELL PLC ORD GBP0.000125,HSBC HOLDINGS PLC ORD $0.50 (UK,-2.147878982615429,0.22570284601142132,0.05,,False,0.2854088050711668,4.211520253741568,,,,,,,,,,,,,,
FINANCIALS,AV.L,BGEO.L,AVIVA PLC ORD 32 17/19P,LION FINANCE GROUP PLC ORD 1P,-2.1470685657124875,0.22601385614281383,0.05,,False,0.350042270184351,3.273357596760924,,,,,,,,,,,,,,
FINANCIALS,AJB.L,BGEO.L,AJ BELL PLC ORD GBP0.000125,LION FINANCE GROUP PLC ORD 1P,-2.1400546421720676,0.22871629442860764,0.05,,False,0.1955758283978682,4.442758422454435,,,,,,,,,,,,,,
FINANCIALS,ADM.L,STAN.L,ADMIRAL GROUP PLC ORD 0.1P,STANDARD CHARTERED PLC ORD USD0,-2.1381566920910022,0.22945087047273777,0.05,,False,0.21635188565737476,6.472683348157605,,,,,,,,,,,,,,
FINANCIALS,ADM.L,SDR.L,ADMIRAL GROUP PLC ORD 0.1P,SCHRODERS PLC ORD 20P,-2.1183210555969443,0.23721171136392954,0.05,,False,0.2771523401392714,6.357569726686953,,,,,,,,,,,,,,
FINANCIALS,BEZ.L,MNG.L,BEAZLEY PLC ORD 5P,M&G PLC,-2.107410049704897,0.2415454418188892,0.05,,False,1.1563559668389065,0.4599750422193445,,,,,,,,,,,,,,
FINANCIALS,LLOY.L,SDR.L,LLOYDS BANKING GROUP PLC ORD 10,SCHRODERS PLC ORD 20P,-2.1027055774266286,0.2434280679079434,0.05,,False,1.1314081886653813,-2.4398567972689174,,,,,,,,,,,,,,
FINANCIALS,BEZ.L,STAN.L,BEAZLEY PLC ORD 5P,STANDARD CHARTERED PLC ORD USD0,-2.097390253062252,0.24556528796988275,0.05,,False,0.554897944059957,2.855032692673182,,,,,,,,,,,,,,
FINANCIALS,PRU.L,STAN.L,PRUDENTIAL PLC ORD 5P,STANDARD CHARTERED PLC ORD USD0,-2.092952134106527,0.24735801153032266,0.05,,False,0.6961077830775858,1.7969568557893334,,,,,,,,,,,,,,
FINANCIALS,AJB.L,BEZ.L,AJ BELL PLC ORD GBP0.000125,BEAZLEY PLC ORD 5P,-2.091843432322689,0.24780702203219523,0.05,,False,0.3255153293324773,3.9470176109454016,,,,,,,,,,,,,,
FINANCIALS,AJB.L,STAN.L,AJ BELL PLC ORD GBP0.000125,STANDARD CHARTERED PLC ORD USD0,-2.0909809172846434,0.24815665124272418,0.05,,False,0.22138875309476128,4.585206702880108,,,,,,,,,,,,,,
FINANCIALS,ASHM.L,HSBA.L,ASHMORE GROUP PLC ORD 0.01P,HSBC HOLDINGS PLC ORD $0.50 (UK,-2.086882148487211,0.24982196545620694,0.05,,False,0.41227074175884343,2.362175973072298,,,,,,,,,,,,,,
FINANCIALS,ASHM.L,NWG.L,ASHMORE GROUP PLC ORD 0.01P,NATWEST GROUP PLC ORD 107.69P,-2.0863482651406615,0.2500393462117201,0.05,,False,0.377711206615416,2.8473455478001033,,,,,,,,,,,,,,
FINANCIALS,SDR.L,STJ.L,SCHRODERS PLC ORD 20P,ST. JAMES'S PLACE PLC ORD 15P,-2.08414551857919,0.2509373700072627,0.05,,False,0.7611092351300179,0.6861783642417807,,,,,,,,,,,,,,
FINANCIALS,BGEO.L,BNKR.L,LION FINANCE GROUP PLC ORD 1P,BANKERS INVESTMENT TRUST PLC OR,-2.083044522649375,0.25138691141348884,0.05,,False,4.335708612460958,-12.084268070865464,,,,,,,,,,,,,,
FINANCIALS,MNG.L,NWG.L,M&G PLC,NATWEST GROUP PLC ORD 107.69P,-2.077591796642761,0.2536199805732501,0.05,,False,0.792278350455085,0.5928095381415508,,,,,,,,,,,,,,
FINANCIALS,MNG.L,SDR.L,M&G PLC,SCHRODERS PLC ORD 20P,-2.0761411020775986,0.2542159601058114,0.05,,False,0.8185984425296655,0.5943537569405697,,,,,,,,,,,,,,
FINANCIALS,HSBA.L,STJ.L,HSBC HOLDINGS PLC ORD $0.50 (UK,ST. JAMES'S PLACE PLC ORD 15P,-2.0688509297647353,0.25722280320068813,0.05,,False,1.0190513264151413,-0.2531268724908715,,,,,,,,,,,,,,
FINANCIALS,AJB.L,LLOY.L,AJ BELL PLC ORD GBP0.000125,LLOYDS BANKING GROUP PLC ORD 10,-2.054431633661015,0.2632279705411191,0.05,,False,0.3011078388418637,4.860126684088071,,,,,,,,,,,,,,
FINANCIALS,BNKR.L,NWG.L,BANKERS INVESTMENT TRUST PLC OR,NATWEST GROUP PLC ORD 107.69P,-2.049574783007332,0.2652678679348629,0.05,,False,0.3633435406634213,2.570109144331089,,,,,,,,,,,,,,
FINANCIALS,BNKR.L,LLOY.L,BANKERS INVESTMENT TRUST PLC OR,LLOYDS BANKING GROUP PLC ORD 10,-2.0447966378748306,0.26728309031144204,0.05,,False,0.3484907631882977,3.3080165333646674,,,,,,,,,,,,,,
FINANCIALS,ADM.L,INVP.L,ADMIRAL GROUP PLC ORD 0.1P,INVESTEC PLC ORD GBP0.0002,-2.041412144338955,0.26871553644553997,0.05,,False,-7.502435966053433,55.520887527112926,,,,,,,,,,,,,,
FINANCIALS,AV.L,LLOY.L,AVIVA PLC ORD 32 17/19P,LLOYDS BANKING GROUP PLC ORD 10,-2.023616413134224,0.2763150765484071,0.05,,False,0.5600930708379792,3.9285099357034,,,,,,,,,,,,,,
FINANCIALS,AJB.L,BARC.L,AJ BELL PLC ORD GBP0.000125,BARCLAYS PLC ORD 25P,-2.0230422772256396,0.27656213707755073,0.05,,False,0.2746669833986692,4.568411525968085,,,,,,,,,,,,,,
FINANCIALS,ASHM.L,STAN.L,ASHMORE GROUP PLC ORD 0.01P,STANDARD CHARTERED PLC ORD USD0,-2.021569975318582,0.2771962269335454,0.05,,False,0.2554609583476031,3.3615153470886083,,,,,,,,,,,,,,
FINANCIALS,BARC.L,BEZ.L,BARCLAYS PLC ORD 25P,BEAZLEY PLC ORD 5P,-1.981214490097199,0.29487014263994216,0.05,,False,1.4654651755203523,-4.173931944140993,,,,,,,,,,,,,,
FINANCIALS,AJB.L,ASHM.L,AJ BELL PLC ORD GBP0.000125,ASHMORE GROUP PLC ORD 0.01P,-1.962137238307259,0.30341725898620847,0.05,,False,0.40198397789030915,4.08182355366891,,,,,,,,,,,,,,
FINANCIALS,BEZ.L,NWG.L,BEAZLEY PLC ORD 5P,NATWEST GROUP PLC ORD 107.69P,-1.9508727587900128,0.30852005543016914,0.05,,False,0.8746345231935115,1.4025974008501434,,,,,,,,,,,,,,
FINANCIALS,ASHM.L,MNG.L,ASHMORE GROUP PLC ORD 0.01P,M&G PLC,-1.94847706913589,0.309610573431162,0.05,,False,0.76690309358754,0.9691105699735845,,,,,,,,,,,,,,
FINANCIALS,ADM.L,BNKR.L,ADMIRAL GROUP PLC ORD 0.1P,BANKERS INVESTMENT TRUST PLC OR,-1.9472403385669907,0.3101742513596611,0.05,,False,1.2978698049577138,1.7622350854588857,,,,,,,,,,,,,,
FINANCIALS,ADM.L,STJ.L,ADMIRAL GROUP PLC ORD 0.1P,ST. JAMES'S PLACE PLC ORD 15P,-1.9444777727817621,0.311435135560884,0.05,,False,0.30389926938661,5.899784616133115,,,,,,,,,,,,,,
FINANCIALS,AV.L,STAN.L,AVIVA PLC ORD 32 17/19P,STANDARD CHARTERED PLC ORD USD0,-1.9349988208497384,0.3157798452830096,0.05,,False,0.38817516925578105,3.5859381472540113,,,,,,,,,,,,,,
FINANCIALS,MNG.L,STJ.L,M&G PLC,ST. JAMES'S PLACE PLC ORD 15P,-1.9279313480359372,0.31903753408892743,0.05,,False,0.6706548103555385,0.8241734837475709,,,,,,,,,,,,,,
FINANCIALS,AJB.L,PRU.L,AJ BELL PLC ORD GBP0.000125,PRUDENTIAL PLC ORD 5P,-1.9156028301244483,0.324757021417016,0.05,,False,0.3017648776172482,4.123866635037981,,,,,,,,,,,,,,
FINANCIALS,ABDN.L,ASHM.L,ABERDEEN GROUP PLC ORD 13 61/63,ASHMORE GROUP PLC ORD 0.01P,-1.899806318782135,0.33215222996457905,0.05,,False,1.3301027189503367,-1.7068322104648477,,,,,,,,,,,,,,
FINANCIALS,AJB.L,AV.L,AJ BELL PLC ORD GBP0.000125,AVIVA PLC ORD 32 17/19P,-1.8879670791169987,0.33774277720655765,0.05,,False,0.6973034498445276,1.7326468873988263,,,,,,,,,,,,,,
FINANCIALS,ADM.L,BEZ.L,ADMIRAL GROUP PLC ORD 0.1P,BEAZLEY PLC ORD 5P,-1.8343874926353874,0.3635277889229453,0.05,,False,0.3120999343463112,5.889991768662652,,,,,,,,,,,,,,
FINANCIALS,ASHM.L,LGEN.L,ASHMORE GROUP PLC ORD 0.01P,LEGAL & GENERAL GROUP PLC ORD 2,-1.8242361301905152,0.36849723320326444,0.05,,False,4.2966234643184915,-18.430939808611022,,,,,,,,,,,,,,
FINANCIALS,ASHM.L,PRU.L,ASHMORE GROUP PLC ORD 0.01P,PRUDENTIAL PLC ORD 5P,-1.7707596588898844,0.39507226586775057,0.05,,False,0.4301955099636264,2.2741567660233057,,,,,,,,,,,,,,
FINANCIALS,ASHM.L,STJ.L,ASHMORE GROUP PLC ORD 0.01P,ST. JAMES'S PLACE PLC ORD 15P,-1.7652561878971014,0.3978422868097449,0.05,,False,0.2669516682376521,3.32553200946818,,,,,,,,,,,,,,
FINANCIALS,INVP.L,LGEN.L,INVESTEC PLC ORD GBP0.0002,LEGAL & GENERAL GROUP PLC ORD 2,-1.7334583491894104,0.4139613671293531,0.05,,False,1.9585990741782608,-4.434207554322727,,,,,,,,,,,,,,
FINANCIALS,AV.L,BEZ.L,AVIVA PLC ORD 32 17/19P,BEAZLEY PLC ORD 5P,-1.7249047379291131,0.4183286339559764,0.05,,False,0.5266003327266744,2.7679889756976355,,,,,,,,,,,,,,
FINANCIALS,ASHM.L,AV.L,ASHMORE GROUP PLC ORD 0.01P,AVIVA PLC ORD 32 17/19P,-1.7139891604251412,0.42391963543157724,0.05,,False,1.388611164630355,-3.6435369891562033,,,,,,,,,,,,,,
FINANCIALS,AV.L,SDR.L,AVIVA PLC ORD 32 17/19P,SCHRODERS PLC ORD 20P,-1.7110343618493529,0.42543639670848443,0.05,,False,0.4938626663560063,3.3997728223149943,,,,,,,,,,,,,,
FINANCIALS,BEZ.L,PRU.L,BEAZLEY PLC ORD 5P,PRUDENTIAL PLC ORD 5P,-1.7034171525131183,0.429352722699664,0.05,,False,0.8199971821383744,1.2678941116905458,,,,,,,,,,,,,,
FINANCIALS,AJB.L,NWG.L,AJ BELL PLC ORD GBP0.000125,NATWEST GROUP PLC ORD 107.69P,-1.6837489491828348,0.43950435663691007,0.05,,False,0.33213214343967395,4.1099005763762175,,,,,,,,,,,,,,
FINANCIALS,BEZ.L,STJ.L,BEAZLEY PLC ORD 5P,ST. JAMES'S PLACE PLC ORD 15P,-1.6384463037571828,0.46307275918808966,0.05,,False,0.7073530152398567,1.8881488286100057,,,,,,,,,,,,,,
FINANCIALS,AV.L,HSBA.L,AVIVA PLC ORD 32 17/19P,HSBC HOLDINGS PLC ORD $0.50 (UK,-1.5886761715998206,0.4892793268826035,0.05,,False,0.49194628886600095,2.9888157021142634,,,,,,,,,,,,,,
FINANCIALS,BNKR.L,STJ.L,BANKERS INVESTMENT TRUST PLC OR,ST. JAMES'S PLACE PLC ORD 15P,-1.5016357593643175,0.5327019974967998,0.05,,False,0.28907988584250527,2.8050754767023136,,,,,,,,,,,,,,
FINANCIALS,ASHM.L,BNKR.L,ASHMORE GROUP PLC ORD 0.01P,BANKERS INVESTMENT TRUST PLC OR,-1.472684933298224,0.5469778557484027,0.05,,False,2.241560228053409,-5.618285433020949,,,,,,,,,,,,,,
FINANCIALS,AV.L,BARC.L,AVIVA PLC ORD 32 17/19P,BARCLAYS PLC ORD 25P,-1.4645733993723666,0.5509579615985646,0.05,,False,0.48648398264134146,3.5280205155626043,,,,,,,,,,,,,,
FINANCIALS,AJB.L,STJ.L,AJ BELL PLC ORD GBP0.000125,ST. JAMES'S PLACE PLC ORD 15P,-1.4565038299110615,0.5549081701641363,0.05,,False,0.26647720381555795,4.309142685696674,,,,,,,,,,,,,,
FINANCIALS,PRU.L,SDR.L,PRUDENTIAL PLC ORD 5P,SCHRODERS PLC ORD 20P,-1.4091879531007032,0.5778634579276056,0.05,,False,1.106048360104063,0.14248780763582047,,,,,,,,,,,,,,
FINANCIALS,AV.L,MNG.L,AVIVA PLC ORD 32 17/19P,M&G PLC,-1.3793776355821619,0.5921218412078019,0.05,,False,0.7414315508202052,2.2816201211138587,,,,,,,,,,,,,,
FINANCIALS,AV.L,BNKR.L,AVIVA PLC ORD 32 17/19P,BANKERS INVESTMENT TRUST PLC OR,-1.316983680615595,0.6213668856173794,0.05,,False,1.733504983742102,-1.9969475657505962,,,,,,,,,,,,,,
FINANCIALS,ADM.L,ASHM.L,ADMIRAL GROUP PLC ORD 0.1P,ASHMORE GROUP PLC ORD 0.01P,-1.3008485778964183,0.6287839988900934,0.05,,False,0.018145389656221343,7.924041470689392,,,,,,,,,,,,,,
FINANCIALS,MNG.L,PRU.L,M&G PLC,PRUDENTIAL PLC ORD 5P,-1.237659365712146,0.6571895237117307,0.05,,False,0.7658731093694142,0.3145006082984576,,,,,,,,,,,,,,
FINANCIALS,HSBA.L,PRU.L,HSBC HOLDINGS PLC ORD $0.50 (UK,PRUDENTIAL PLC ORD 5P,-1.216711710877798,0.6663657595168342,0.05,,False,1.1062406531278837,-0.638367055058815,,,,,,,,,,,,,,
FINANCIALS,BNKR.L,PRU.L,BANKERS INVESTMENT TRUST PLC OR,PRUDENTIAL PLC ORD 5P,-0.9460258185899952,0.7724380116209928,0.05,,False,0.3398554646021617,2.519501203512804,,,,,,,,,,,,,,
FR_BANKS,ACA.PA,GLE.PA,CREDIT AGRICOLE,SOCIETE GENERALE,-3.2608286771568125,0.016722846634685203,0.05,,False,0.2880958013799447,1.583856112834754,,,,,,,,,,,,,,
FR_BANKS,ACA.PA,BNP.PA,CREDIT AGRICOLE,BNP PARIBAS ACT.A,-2.268122519466393,0.18245524832057652,0.05,,False,0.6575732843480966,-0.0996767509261991,,,,,,,,,,,,,,
FR_BANKS,BNP.PA,GLE.PA,BNP PARIBAS ACT.A,SOCIETE GENERALE,-1.6383347173486762,0.46313108337081554,0.05,,False,0.426354595400595,2.6044520829939666,,,,,,,,,,,,,,
FR_LUXURY,CDI.PA,MC.PA,CHRISTIAN DIOR,LVMH,-3.122692813938795,0.02491876540961877,0.05,,False,0.9413656489858163,0.2998750279288336,,,,,,,,,,,,,,
FR_LUXURY,KER.PA,RMS.PA,KERING,HERMES INTL,-1.959002400092128,0.3048332077175773,0.05,,False,-2.267927885467326,22.79918830944465,,,,,,,,,,,,,,
FR_LUXURY,CDI.PA,RMS.PA,CHRISTIAN DIOR,HERMES INTL,-1.6442313617002575,0.4600506492483556,0.05,,False,0.8383594515986983,-0.17911090826943088,,,,,,,,,,,,,,
FR_LUXURY,MC.PA,RMS.PA,LVMH,HERMES INTL,-1.3899843002711532,0.5870682404861337,0.05,,False,0.9735159634067055,-1.1427442422319984,,,,,,,,,,,,,,
FR_LUXURY,CDI.PA,KER.PA,CHRISTIAN DIOR,KERING,-1.2358744212270172,0.6579762686746193,0.05,,False,0.5310215170587849,3.3269169112080093,,,,,,,,,,,,,,
FR_LUXURY,KER.PA,MC.PA,KERING,LVMH,-1.1824685355568878,0.681091476298976,0.05,,False,1.733649846455124,-5.454185935881715,,,,,,,,,,,,,,
FR_UTILITIES,ENGI.PA,RUI.PA,ENGIE,RUBIS,-3.5396766715655947,0.007024700510219685,0.05,0.007024700510219685,True,1.535824186740768,-2.132835033686345,18.876057812996034,0.0008162134083655791,-0.03672097147756764,57.0,-0.9279121731970473,2.3311288455207877,False,,0.6,0.03440924758537286,0.4694856529253887,0.5351435962217391,True,reversion signs agree
FR_UTILITIES,ENGI.PA,VIE.PA,ENGIE,VEOLIA ENVIRON.,-2.3941933704105027,0.14338199853665995,0.05,0.007024700510219685,False,2.785642790584656,-6.450710259441632,,,,,,,,,,,,,,
FR_UTILITIES,ALO.PA,ENGI.PA,ALSTOM,ENGIE,-1.7314446481374977,0.4149883816551335,0.05,0.007024700510219685,False,0.12710536912210788,2.659292813030848,,,,,,,,,,,,,,
FR_UTILITIES,ALO.PA,RUI.PA,ALSTOM,RUBIS,-1.5068305732462202,0.530129686450293,0.05,0.007024700510219685,False,0.46160889567884095,1.515831573038006,,,,,,,,,,,,,,
FR_UTILITIES,RUI.PA,VIE.PA,RUBIS,VEOLIA ENVIRON.,-1.3704479821406617,0.5963588960324914,0.05,0.007024700510219685,False,1.9695783506988889,-3.3342286279926254,,,,,,,,,,,,,,
FR_UTILITIES,ALO.PA,VIE.PA,ALSTOM,VEOLIA ENVIRON.,-0.8008230088282353,0.8188801954688205,0.05,0.007024700510219685,False,-6.781172586781097,25.781641326187774,,,,,,,,,,,,,,
HEALTHCARE,AZN.L,GSK.L,ASTRAZENECA PLC ORD SHS $0.25,GSK PLC ORD 31 1/4P,-3.8094868633939973,0.0028117298043827204,0.05,0.025287773903398394,True,0.7941603472538076,3.543394179357037,12.62310461293406,-0.00010860183427091765,-0.05491099074388746,38.0,1.3038073611566023,2.9514224142706347,False,,0.4,0.007772470148153974,0.5788832164501392,0.6097364360167907,False,mixed signal
HEALTHCARE,AZN.L,HIK.L,ASTRAZENECA PLC ORD SHS $0.25,HIKMA PHARMACEUTICALS PLC ORD S,-3.715907539646826,0.0038948834667269644,0.05,0.025287773903398394,True,-0.7189566552311196,14.782857570405561,17.22673663441574,0.0001493102261784729,-0.040236708511301504,52.0,-0.22946627606563777,2.3780060762076665,False,,0.2,0.029999199825450726,0.9993737245850774,1.2177746670194929,True,mixed signal
HEALTHCARE,GSK.L,HIK.L,GSK PLC ORD 31 1/4P,HIKMA PHARMACEUTICALS PLC ORD S,-3.536931643672072,0.007087750281959496,0.05,0.025287773903398394,True,-0.9611924500220539,14.570571058102816,15.345191553996958,0.000311126182123727,-0.045170317888889526,46.0,-1.0534714178505387,3.154109363249365,False,,0.6,0.027144108865864172,0.6980987596456154,0.8791034029039322,False,mixed signal
HEALTHCARE,AZN.L,CTEC.L,ASTRAZENECA PLC ORD SHS $0.25,CONVATEC GROUP PLC ORD 10P,-3.4247457498803957,0.010143666579412541,0.05,0.025287773903398394,True,-2.407136271678714,22.569941504369417,15.132716364379693,-0.00032013770191156583,-0.045804544529197494,45.0,-0.9037323911099148,1.9973808365182835,False,,0.4,0.010282664071937763,0.3273724696735697,0.17018170863276316,True,mixed signal
HEALTHCARE,CTEC.L,GSK.L,CONVATEC GROUP PLC ORD 10P,GSK PLC ORD 31 1/4P,-3.16923050642629,0.021836262815550844,0.05,0.025287773903398394,True,-0.2650757334568538,7.425502080484898,17.478639737492305,-0.0001225955652933459,-0.03965681488778099,52.0,-1.1089395833014881,2.422373443523546,False,,0.4,0.0005450061680736295,0.07128577980569384,-0.03021586105346663,False,mixed signal
HEALTHCARE,CTEC.L,HIK.L,CONVATEC GROUP PLC ORD 10P,HIKMA PHARMACEUTICALS PLC ORD S,-3.1174598643023024,0.025287773903398394,0.05,0.025287773903398394,True,0.3169268831945191,3.098527553035542,17.701396569902393,-0.00019146117325215533,-0.039157768022580794,53.0,-0.8924336421483574,2.334040182101911,False,,0.4,-0.007981363665655323,-0.23522183444868872,-0.4653133161641033,True,mixed signal
HEALTHCARE,CTEC.L,SN.L,CONVATEC GROUP PLC ORD 10P,SMITH & NEPHEW PLC ORD USD0.20,-2.7863864208128333,0.06024483768649583,0.05,0.025287773903398394,False,-0.1537592726989281,6.552548290402656,,,,,,,,,,,,,,
HEALTHCARE,HIK.L,SN.L,HIKMA PHARMACEUTICALS PLC ORD S,SMITH & NEPHEW PLC ORD USD0.20,-2.528915298702475,0.1085964805444381,0.05,0.025287773903398394,False,-2.246007935403559,23.312856944451745,,,,,,,,,,,,,,
HEALTHCARE,AZN.L,SN.L,ASTRAZENECA PLC ORD SHS $0.25,SMITH & NEPHEW PLC ORD USD0.20,-2.0336482600525176,0.2720171114153138,0.05,0.025287773903398394,False,1.3088580876837885,0.17875585134487793,,,,,,,,,,,,,,
HEALTHCARE,GSK.L,SN.L,GSK PLC ORD 31 1/4P,SMITH & NEPHEW PLC ORD USD0.20,-1.8041608002400025,0.3783979372451808,0.05,0.025287773903398394,False,1.9516805775501846,-6.377011110420793,,,,,,,,,,,,,,
INDUSTRIALS,BBY.L,IMI.L,BALFOUR BEATTY PLC ORD 50P,IMI PLC ORD 28 4/7P,-3.7161220518596956,0.003892013928527469,0.05,,False,1.4339150105174583,-4.690250534272898,,,,,,,,,,,,,,
INDUSTRIALS,BNZL.L,SMIN.L,BUNZL PLC ORD 32 1/7P,SMITHS GROUP PLC ORD 37.5P,-3.336164507126438,0.0133373103039147,0.05,,False,-1.2265268503378435,17.287777631496862,,,,,,,,,,,,,,
INDUSTRIALS,BA.L,MGNS.L,BAE SYSTEMS PLC ORD 2.5P,MORGAN SINDALL GROUP PLC ORD 5P,-3.280805872466959,0.015758558927197568,0.05,,False,1.1800659980930137,-2.375151101954315,,,,,,,,,,,,,,
INDUSTRIALS,BA.L,BNZL.L,BAE SYSTEMS PLC ORD 2.5P,BUNZL PLC ORD 32 1/7P,-3.143121773040398,0.02352224544732825,0.05,,False,-1.0551661109764037,15.732216311490191,,,,,,,,,,,,,,
INDUSTRIALS,KIE.L,MGNS.L,KIER GROUP PLC ORD 1P,MORGAN SINDALL GROUP PLC ORD 5P,-3.0481146856315804,0.030638909887299073,0.05,,False,1.1368606045509957,-4.24490328896474,,,,,,,,,,,,,,
INDUSTRIALS,BNZL.L,WEIR.L,BUNZL PLC ORD 32 1/7P,WEIR PLC ORD 12.5P,-3.0341396035114916,0.03182686537044106,0.05,,False,-1.381491675164742,18.68356665467668,,,,,,,,,,,,,,
INDUSTRIALS,BBY.L,DPLM.L,BALFOUR BEATTY PLC ORD 50P,DIPLOMA PLC ORD 5P,-3.0252750911468635,0.032600497479658035,0.05,,False,1.5335173749170985,-6.734494054807487,,,,,,,,,,,,,,
INDUSTRIALS,IMI.L,MGNS.L,IMI PLC ORD 28 4/7P,MORGAN SINDALL GROUP PLC ORD 5P,-2.9033635639829107,0.044958256528944085,0.05,,False,0.9928169986862496,-0.5473135323068545,,,,,,,,,,,,,,
INDUSTRIALS,MRO.L,WEIR.L,MELROSE INDUSTRIES PLC ORD GBP0,WEIR PLC ORD 12.5P,-2.8869743347515087,0.046883807625036154,0.05,,False,0.717468876287789,0.6733963223734643,,,,,,,,,,,,,,
INDUSTRIALS,BA.L,SMIN.L,BAE SYSTEMS PLC ORD 2.5P,SMITHS GROUP PLC ORD 37.5P,-2.885634130863458,0.047044237894166396,0.05,,False,1.2936252507078096,-2.504935407331696,,,,,,,,,,,,,,
INDUSTRIALS,BBY.L,SPX.L,BALFOUR BEATTY PLC ORD 50P,SPIRAX GROUP PLC ORD 26 12/13P,-2.8514179172072023,0.05129613219865812,0.05,,False,76.08392794784847,-666.5662482560582,,,,,,,,,,,,,,
INDUSTRIALS,KIE.L,SPX.L,KIER GROUP PLC ORD 1P,SPIRAX GROUP PLC ORD 26 12/13P,-2.841476952753529,0.05258896896699715,0.05,,False,40.413234480396376,-352.23761685089744,,,,,,,,,,,,,,
INDUSTRIALS,SMIN.L,SPX.L,SMITHS GROUP PLC ORD 37.5P,SPIRAX GROUP PLC ORD 26 12/13P,-2.8402901681509793,0.052745079243374425,0.05,,False,-37.14581408600205,336.18734104018665,,,,,,,,,,,,,,
INDUSTRIALS,KIE.L,SMIN.L,KIER GROUP PLC ORD 1P,SMITHS GROUP PLC ORD 37.5P,-2.8371483618773343,0.05316018589524106,0.05,,False,1.2715409353813532,-4.5636928305410445,,,,,,,,,,,,,,
INDUSTRIALS,BA.L,SPX.L,BAE SYSTEMS PLC ORD 2.5P,SPIRAX GROUP PLC ORD 26 12/13P,-2.8360080360873483,0.05331150916218497,0.05,,False,-6.0203826351203364,60.65551749335071,,,,,,,,,,,,,,
INDUSTRIALS,SPX.L,WEIR.L,SPIRAX GROUP PLC ORD 26 12/13P,WEIR PLC ORD 12.5P,-2.83505648922968,0.053438050547452355,0.05,,False,-0.017769989520430986,8.983012590292075,,,,,,,,,,,,,,
INDUSTRIALS,IMI.L,SPX.L,IMI PLC ORD 28 4/7P,SPIRAX GROUP PLC ORD 26 12/13P,-2.8348024331260557,0.053471877679832,0.05,,False,11.666910897013883,-95.4981758757632,,,,,,,,,,,,,,
INDUSTRIALS,DPLM.L,SPX.L,DIPLOMA PLC ORD 5P,SPIRAX GROUP PLC ORD 26 12/13P,-2.8155255431165114,0.05609004923417848,0.05,,False,12.47315097289235,-101.79480630822307,,,,,,,,,,,,,,
INDUSTRIALS,MGNS.L,SPX.L,MORGAN SINDALL GROUP PLC ORD 5P,SPIRAX GROUP PLC ORD 26 12/13P,-2.762383611427048,0.06385113882209495,0.05,,False,-7.383392992282569,73.59213140005059,,,,,,,,,,,,,,
INDUSTRIALS,BNZL.L,SPX.L,BUNZL PLC ORD 32 1/7P,SPIRAX GROUP PLC ORD 26 12/13P,-2.7363160278807896,0.06796205929091366,0.05,,False,5.273669667369345,-38.7543499833162,,,,,,,,,,,,,,
INDUSTRIALS,DPLM.L,HILS.L,DIPLOMA PLC ORD 5P,HILL & SMITH PLC ORD 25P,-2.7045763996294543,0.0732496944769298,0.05,,False,1.4883098427431685,-2.8634749281476584,,,,,,,,,,,,,,
INDUSTRIALS,MGNS.L,MRO.L,MORGAN SINDALL GROUP PLC ORD 5P,MELROSE INDUSTRIES PLC ORD GBP0,-2.673518613620147,0.07873387005209315,0.05,,False,2.2618155339590533,-5.913334909341719,,,,,,,,,,,,,,
INDUSTRIALS,MGNS.L,SMIN.L,MORGAN SINDALL GROUP PLC ORD 5P,SMITHS GROUP PLC ORD 37.5P,-2.670906707205925,0.07920939365091101,0.05,,False,1.1312809216663267,-0.3786292838570855,,,,,,,,,,,,,,
INDUSTRIALS,BNZL.L,MGNS.L,BUNZL PLC ORD 32 1/7P,MORGAN SINDALL GROUP PLC ORD 5P,-2.633829554265825,0.08620498928268944,0.05,,False,-1.0983689118842876,16.994823054642975,,,,,,,,,,,,,,
INDUSTRIALS,MRO.L,SPX.L,MELROSE INDUSTRIES PLC ORD GBP0,SPIRAX GROUP PLC ORD 26 12/13P,-2.563991293199989,0.10067022653103164,0.05,,False,1.8003071823225845,-9.641470725476738,,,,,,,,,,,,,,
INDUSTRIALS,BA.L,KIE.L,BAE SYSTEMS PLC ORD 2.5P,KIER GROUP PLC ORD 1P,-2.5630380254933796,0.10087968671030517,0.05,,False,1.008882220339768,2.181997995959475,,,,,,,,,,,,,,
INDUSTRIALS,BNZL.L,MRO.L,BUNZL PLC ORD 32 1/7P,MELROSE INDUSTRIES PLC ORD GBP0,-2.5552897516761632,0.1025944629994327,0.05,,False,-3.803909524288825,31.777850193064648,,,,,,,,,,,,,,
INDUSTRIALS,BNZL.L,KIE.L,BUNZL PLC ORD 32 1/7P,KIER GROUP PLC ORD 1P,-2.5316719301973363,0.10795712361801119,0.05,,False,-0.951622765424342,12.818397809001226,,,,,,,,,,,,,,
INDUSTRIALS,BKG.L,SPX.L,BERKELEY GROUP HOLDINGS (THE) P,SPIRAX GROUP PLC ORD 26 12/13P,-2.482483207282476,0.11979472939895752,0.05,,False,2.232790160913682,-11.460261762565185,,,,,,,,,,,,,,
INDUSTRIALS,DPLM.L,IMI.L,DIPLOMA PLC ORD 5P,IMI PLC ORD 28 4/7P,-2.47923641457583,0.12060840889196789,0.05,,False,0.9497116377874477,1.2203576215671168,,,,,,,,,,,,,,
INDUSTRIALS,BKG.L,DPLM.L,BERKELEY GROUP HOLDINGS (THE) P,DIPLOMA PLC ORD 5P,-2.4381120581974876,0.13126715285620677,0.05,,False,-0.5873200527233811,13.290449751048508,,,,,,,,,,,,,,
INDUSTRIALS,DPLM.L,MGNS.L,DIPLOMA PLC ORD 5P,MORGAN SINDALL GROUP PLC ORD 5P,-2.4103438547473064,0.13883819052753982,0.05,,False,0.9333261596177008,0.7798737802867963,,,,,,,,,,,,,,
INDUSTRIALS,BBY.L,SMIN.L,BALFOUR BEATTY PLC ORD 50P,SMITHS GROUP PLC ORD 37.5P,-2.3896290172352352,0.14468496267730285,0.05,,False,1.6426858541762919,-6.260705552919199,,,,,,,,,,,,,,
INDUSTRIALS,KIE.L,MRO.L,KIER GROUP PLC ORD 1P,MELROSE INDUSTRIES PLC ORD GBP0,-2.3577345765080064,0.15402243799969656,0.05,,False,2.565745978863143,-10.932224512710018,,,,,,,,,,,,,,
INDUSTRIALS,MRO.L,SMIN.L,MELROSE INDUSTRIES PLC ORD GBP0,SMITHS GROUP PLC ORD 37.5P,-2.302603580412916,0.17112963997479386,0.05,,False,0.5376025024863489,2.1600676990745917,,,,,,,,,,,,,,
INDUSTRIALS,IMI.L,SMIN.L,IMI PLC ORD 28 4/7P,SMITHS GROUP PLC ORD 37.5P,-2.2908924963427397,0.17492214954692287,0.05,,False,1.110833147103422,-0.8287790602817457,,,,,,,,,,,,,,
INDUSTRIALS,BA.L,MRO.L,BAE SYSTEMS PLC ORD 2.5P,MELROSE INDUSTRIES PLC ORD GBP0,-2.2842222413522277,0.1771071153094409,0.05,,False,8.668527940060294,-47.03385350975706,,,,,,,,,,,,,,
INDUSTRIALS,BBY.L,MGNS.L,BALFOUR BEATTY PLC ORD 50P,MORGAN SINDALL GROUP PLC ORD 5P,-2.2729762605361694,0.1808318224112372,0.05,,False,1.4993190844826079,-6.102819953760856,,,,,,,,,,,,,,
INDUSTRIALS,BKG.L,MGNS.L,BERKELEY GROUP HOLDINGS (THE) P,MORGAN SINDALL GROUP PLC ORD 5P,-2.259842594416713,0.18524667416422552,0.05,,False,-0.5510041595755335,12.855989507180524,,,,,,,,,,,,,,
INDUSTRIALS,BBY.L,MRO.L,BALFOUR BEATTY PLC ORD 50P,MELROSE INDUSTRIES PLC ORD GBP0,-2.258089871722929,0.18584113646187783,0.05,,False,6.000335754126109,-31.356064283250433,,,,,,,,,,,,,,
INDUSTRIALS,BKG.L,IMI.L,BERKELEY GROUP HOLDINGS (THE) P,IMI PLC ORD 28 4/7P,-2.257231506033029,0.18613271819309418,0.05,,False,-0.53996465668316,12.436752663450306,,,,,,,,,,,,,,
INDUSTRIALS,BKG.L,MRO.L,BERKELEY GROUP HOLDINGS (THE) P,MELROSE INDUSTRIES PLC ORD GBP0,-2.2343956959514903,0.19399941742533222,0.05,,False,-1.0868948737235657,15.113277945094993,,,,,,,,,,,,,,
INDUSTRIALS,MGNS.L,WEIR.L,MORGAN SINDALL GROUP PLC ORD 5P,WEIR PLC ORD 12.5P,-2.2261471611483463,0.19689276284405938,0.05,,False,1.25345955785272,-1.5038405172913762,,,,,,,,,,,,,,
INDUSTRIALS,IMI.L,KIE.L,IMI PLC ORD 28 4/7P,KIER GROUP PLC ORD 1P,-2.209222942276129,0.20291510657036932,0.05,,False,0.8727342099682651,3.1626647491941666,,,,,,,,,,,,,,
INDUSTRIALS,BA.L,BBY.L,BAE SYSTEMS PLC ORD 2.5P,BALFOUR BEATTY PLC ORD 50P,-2.2091539901056096,0.202939878196421,0.05,,False,0.7547874283461211,2.6325238069616574,,,,,,,,,,,,,,
INDUSTRIALS,BKG.L,SMIN.L,BERKELEY GROUP HOLDINGS (THE) P,SMITHS GROUP PLC ORD 37.5P,-2.197736630406276,0.20706795483337936,0.05,,False,-0.6453364668233585,13.233210669821773,,,,,,,,,,,,,,
INDUSTRIALS,BA.L,WEIR.L,BAE SYSTEMS PLC ORD 2.5P,WEIR PLC ORD 12.5P,-2.1782698570253896,0.2142265542278366,0.05,,False,1.4869140808784127,-4.210344119805549,,,,,,,,,,,,,,
INDUSTRIALS,BKG.L,HILS.L,BERKELEY GROUP HOLDINGS (THE) P,HILL & SMITH PLC ORD 25P,-2.1733979498673404,0.21604172206361477,0.05,,False,-1.0927919921115892,16.644715702175148,,,,,,,,,,,,,,
INDUSTRIALS,BBY.L,BKG.L,BALFOUR BEATTY PLC ORD 50P,BERKELEY GROUP HOLDINGS (THE) P,-2.1460391586905296,0.2264092780399351,0.05,,False,-2.965818233535335,30.907400026708903,,,,,,,,,,,,,,
INDUSTRIALS,IMI.L,MRO.L,IMI PLC ORD 28 4/7P,MELROSE INDUSTRIES PLC ORD GBP0,-2.0932813620253627,0.247224767811987,0.05,,False,2.7076357198449235,-9.320269581572706,,,,,,,,,,,,,,
INDUSTRIALS,DPLM.L,MRO.L,DIPLOMA PLC ORD 5P,MELROSE INDUSTRIES PLC ORD GBP0,-2.064219507710295,0.2591432842436929,0.05,,False,3.5640537268069865,-13.865297965320284,,,,,,,,,,,,,,
INDUSTRIALS,DPLM.L,KIE.L,DIPLOMA PLC ORD 5P,KIER GROUP PLC ORD 1P,-2.0562834649245496,0.26245246405989664,0.05,,False,0.8161107465042808,4.289975732851476,,,,,,,,,,,,,,
INDUSTRIALS,BBY.L,HILS.L,BALFOUR BEATTY PLC ORD 50P,HILL & SMITH PLC ORD 25P,-2.037633646742399,0.27031962628022976,0.05,,False,2.5258136172774246,-12.987746815698188,,,,,,,,,,,,,,
INDUSTRIALS,KIE.L,WEIR.L,KIER GROUP PLC ORD 1P,WEIR PLC ORD 12.5P,-1.9962949955768323,0.2881999736886806,0.05,,False,1.4479182417456349,-6.133606328918723,,,,,,,,,,,,,,
INDUSTRIALS,BKG.L,KIE.L,BERKELEY GROUP HOLDINGS (THE) P,KIER GROUP PLC ORD 1P,-1.976351172943595,0.2970375658179515,0.05,,False,-0.32614787208048024,9.977067845110833,,,,,,,,,,,,,,
INDUSTRIALS,BA.L,IMI.L,BAE SYSTEMS PLC ORD 2.5P,IMI PLC ORD 28 4/7P,-1.938775781759898,0.3140452733840209,0.05,,False,1.1702736508249043,-1.583735541519709,,,,,,,,,,,,,,
INDUSTRIALS,BA.L,BKG.L,BAE SYSTEMS PLC ORD 2.5P,BERKELEY GROUP HOLDINGS (THE) P,-1.9181425209019198,0.3235750160858272,0.05,,False,-2.3372909360654393,26.77918829773622,,,,,,,,,,,,,,
INDUSTRIALS,SMIN.L,WEIR.L,SMITHS GROUP PLC ORD 37.5P,WEIR PLC ORD 12.5P,-1.8924998774619581,0.335597589496589,0.05,,False,1.1067253586321077,-0.9846708239986786,,,,,,,,,,,,,,
INDUSTRIALS,BBY.L,KIE.L,BALFOUR BEATTY PLC ORD 50P,KIER GROUP PLC ORD 1P,-1.8915784774726605,0.3360331730475248,0.05,,False,1.3049019392326837,-0.4323893544200068,,,,,,,,,,,,,,
INDUSTRIALS,HILS.L,IMI.L,HILL & SMITH PLC ORD 25P,IMI PLC ORD 28 4/7P,-1.8034787517734518,0.3787359628186802,0.05,,False,0.607695138235666,2.9777266596913545,,,,,,,,,,,,,,
INDUSTRIALS,HILS.L,SPX.L,HILL & SMITH PLC ORD 25P,SPIRAX GROUP PLC ORD 26 12/13P,-1.7646622521181763,0.3981415923815425,0.05,,False,1.806524245767045,-8.328949080051778,,,,,,,,,,,,,,
INDUSTRIALS,BKG.L,WEIR.L,BERKELEY GROUP HOLDINGS (THE) P,WEIR PLC ORD 12.5P,-1.754903935779521,0.40306911447469423,0.05,,False,-0.6880446341162855,13.664160638912211,,,,,,,,,,,,,,
INDUSTRIALS,BA.L,DPLM.L,BAE SYSTEMS PLC ORD 2.5P,DIPLOMA PLC ORD 5P,-1.6980580081195005,0.43211332626596,0.05,,False,1.2849205039644718,-3.5363080200498826,,,,,,,,,,,,,,
INDUSTRIALS,BNZL.L,IMI.L,BUNZL PLC ORD 32 1/7P,IMI PLC ORD 28 4/7P,-1.6786705596060851,0.44213419117925634,0.05,,False,-1.1089240147428487,16.40936881342953,,,,,,,,,,,,,,
INDUSTRIALS,IMI.L,WEIR.L,IMI PLC ORD 28 4/7P,WEIR PLC ORD 12.5P,-1.6631195518623896,0.4502074981131022,0.05,,False,1.2548331403230044,-2.1214535689650136,,,,,,,,,,,,,,
INDUSTRIALS,HILS.L,MGNS.L,HILL & SMITH PLC ORD 25P,MORGAN SINDALL GROUP PLC ORD 5P,-1.661448518254416,0.45107673938461773,0.05,,False,0.4747053713329932,3.711736685537055,,,,,,,,,,,,,,
INDUSTRIALS,BKG.L,BNZL.L,BERKELEY GROUP HOLDINGS (THE) P,BUNZL PLC ORD 32 1/7P,-1.5278343286905716,0.5196999269780147,0.05,,False,0.4239664405280643,4.943141209316961,,,,,,,,,,,,,,
INDUSTRIALS,BNZL.L,DPLM.L,BUNZL PLC ORD 32 1/7P,DIPLOMA PLC ORD 5P,-1.5203677052738362,0.5234127474493312,0.05,,False,-1.2321007746446162,18.383453747358764,,,,,,,,,,,,,,
INDUSTRIALS,DPLM.L,SMIN.L,DIPLOMA PLC ORD 5P,SMITHS GROUP PLC ORD 37.5P,-1.4592021561765816,0.5535883446893253,0.05,,False,1.0629711125216592,0.37193848169214405,,,,,,,,,,,,,,
INDUSTRIALS,BBY.L,BNZL.L,BALFOUR BEATTY PLC ORD 50P,BUNZL PLC ORD 32 1/7P,-1.3213933206184594,0.6193289033167629,0.05,,False,-1.4331017282220322,17.632588078935978,,,,,,,,,,,,,,
INDUSTRIALS,HILS.L,KIE.L,HILL & SMITH PLC ORD 25P,KIER GROUP PLC ORD 1P,-1.2994689980890117,0.6294152126727858,0.05,,False,0.4544948721410361,5.292808683983592,,,,,,,,,,,,,,
INDUSTRIALS,BBY.L,WEIR.L,BALFOUR BEATTY PLC ORD 50P,WEIR PLC ORD 12.5P,-1.0224253297592305,0.7449975651103807,0.05,,False,1.9476974694694933,-8.891828684685201,,,,,,,,,,,,,,
INDUSTRIALS,HILS.L,SMIN.L,HILL & SMITH PLC ORD 25P,SMITHS GROUP PLC ORD 37.5P,-1.0178747358335913,0.7466892034000552,0.05,,False,0.6041324621655152,3.0176346976773933,,,,,,,,,,,,,,
INDUSTRIALS,BA.L,HILS.L,BAE SYSTEMS PLC ORD 2.5P,HILL & SMITH PLC ORD 25P,-0.9774819071230022,0.7613884104239855,0.05,,False,3.197358614437539,-17.04356354975859,,,,,,,,,,,,,,
INDUSTRIALS,DPLM.L,WEIR.L,DIPLOMA PLC ORD 5P,WEIR PLC ORD 12.5P,-0.8728601687027964,0.7967785370436844,0.05,,False,1.2545716906169295,-1.2855458737124703,,,,,,,,,,,,,,
INDUSTRIALS,BNZL.L,HILS.L,BUNZL PLC ORD 32 1/7P,HILL & SMITH PLC ORD 25P,-0.8021953814546054,0.8184763401711266,0.05,,False,-3.699352606076023,36.180048566200895,,,,,,,,,,,,,,
INDUSTRIALS,HILS.L,MRO.L,HILL & SMITH PLC ORD 25P,MELROSE INDUSTRIES PLC ORD GBP0,-0.49752336023786964,0.8924988907940892,0.05,,False,0.9414787080047471,1.735060054583359,,,,,,,,,,,,,,
INDUSTRIALS,HILS.L,WEIR.L,HILL & SMITH PLC ORD 25P,WEIR PLC ORD 12.5P,-0.2728404580782529,0.9292638266796964,0.05,,False,0.5740161378506442,3.1620397620857466,,,,,,,,,,,,,,
INVESTMENT_TRUSTS,ATT.L,FCIT.L,ALLIANZ TECHNOLOGY TRUST PLC OR,F&C INVESTMENT TRUST PLC ORD 6.,-4.613250076414967,0.00012209754902619798,0.05,0.0004835248786226416,True,2.494855126164761,-8.018291192303387,10.919871473236725,-0.0003000237547556435,-0.06347576363501756,33.0,1.0668448991653112,2.6890668393959736,False,,0.6,0.0002024334935378123,-0.21828630940955085,-0.0783544738148898,True,reversion signs agree
INVESTMENT_TRUSTS,FCIT.L,RCP.L,F&C INVESTMENT TRUST PLC ORD 6.,"""RIT Capital Partners""",-4.278682169849211,0.0004835248786226416,0.05,0.0004835248786226416,True,1.1199646652798076,-2.8475918447731194,10.205015171602168,4.591297912229209e-05,-0.06792220970810399,31.0,2.443342270568499,3.22942117261597,True,2026-10-05 00:00:00,0.8,-0.0009737116348924289,-0.19408042682084226,-0.729529281228193,False,mixed signal
INVESTMENT_TRUSTS,FCIT.L,PCT.L,F&C INVESTMENT TRUST PLC ORD 6.,POLAR CAPITAL TECHNOLOGY TRUST ,-3.8491748506529104,0.0024424182557381746,0.05,0.0004835248786226416,False,0.3212568304617696,3.7449166643162073,,,,,,,,,,,,,,
INVESTMENT_TRUSTS,ATT.L,RCP.L,ALLIANZ TECHNOLOGY TRUST PLC OR,"""RIT Capital Partners""",-3.6886280295599945,0.004275984429733051,0.05,0.0004835248786226416,False,2.876778796690347,-15.75103372942771,,,,,,,,,,,,,,
INVESTMENT_TRUSTS,HGT.L,SMT.L,HG CAPITAL TRUST PLC ORD 2.5P,SCOTTISH MORTGAGE INVESTMENT TR,-3.6537251377130207,0.004813191963192602,0.05,0.0004835248786226416,False,-0.6400898610654896,10.630858781841955,,,,,,,,,,,,,,
INVESTMENT_TRUSTS,PCT.L,RCP.L,POLAR CAPITAL TECHNOLOGY TRUST ,"""RIT Capital Partners""",-3.4232319285765866,0.010191936421311767,0.05,0.0004835248786226416,False,3.5856421256601996,-21.27729154855964,,,,,,,,,,,,,,
INVESTMENT_TRUSTS,MNKS.L,RCP.L,MONKS INVESTMENT TRUST PLC ORD ,"""RIT Capital Partners""",-3.2865884641181418,0.015488718267976608,0.05,0.0004835248786226416,False,1.5319303601237277,-4.447924000044712,,,,,,,,,,,,,,
INVESTMENT_TRUSTS,FCIT.L,HGT.L,F&C INVESTMENT TRUST PLC ORD 6.,HG CAPITAL TRUST PLC ORD 2.5P,-3.191991303716589,0.020452959398566898,0.05,0.0004835248786226416,False,-0.6385695627656433,9.609972572698416,,,,,,,,,,,,,,
INVESTMENT_TRUSTS,JAM.L,JGGI.L,JPMORGAN AMERICAN INVESTMENT TR,JPMORGAN GLOBAL GROWTH & INCOME,-3.043470139171746,0.031029463226884928,0.05,0.0004835248786226416,False,1.8360989589056116,-4.662395692610083,,,,,,,,,,,,,,
INVESTMENT_TRUSTS,3IN.L,HGT.L,3I INFRASTRUCTURE PLC ORD NPV,HG CAPITAL TRUST PLC ORD 2.5P,-2.970987332736099,0.03769409012328632,0.05,0.0004835248786226416,False,-0.2857574773434044,7.601870963722286,,,,,,,,,,,,,,
INVESTMENT_TRUSTS,3IN.L,BRWM.L,3I INFRASTRUCTURE PLC ORD NPV,BLACKROCK WORLD MINING TRUST PL,-2.9417687864028514,0.04070200747610655,0.05,0.0004835248786226416,False,0.16571058986361376,4.77059986352743,,,,,,,,,,,,,,
INVESTMENT_TRUSTS,3IN.L,CTY.L,3I INFRASTRUCTURE PLC ORD NPV,CITY OF LONDON INVESTMENT TRUST,-2.9336659198368737,0.041570842122537234,0.05,0.0004835248786226416,False,0.4935897122716793,2.7851741702282284,,,,,,,,,,,,,,
INVESTMENT_TRUSTS,FCIT.L,SMT.L,F&C INVESTMENT TRUST PLC ORD 6.,SCOTTISH MORTGAGE INVESTMENT TR,-2.8883749204032587,0.04671663285822753,0.05,0.0004835248786226416,False,0.504543260494879,2.1537818235375696,,,,,,,,,,,,,,
INVESTMENT_TRUSTS,RCP.L,SMT.L,"""RIT Capital Partners""",SCOTTISH MORTGAGE INVESTMENT TR,-2.8633319873007186,0.04978116521315908,0.05,0.0004835248786226416,False,0.4288594327367806,4.616462955204611,,,,,,,,,,,,,,
INVESTMENT_TRUSTS,3IN.L,ATT.L,3I INFRASTRUCTURE PLC ORD NPV,ALLIANZ TECHNOLOGY TRUST PLC OR,-2.836938164600054,0.0531880530089053,0.05,0.0004835248786226416,False,0.20692191823384562,4.570827149268199,,,,,,,,,,,,,,
INVESTMENT_TRUSTS,3IN.L,PCT.L,3I INFRASTRUCTURE PLC ORD NPV,POLAR CAPITAL TECHNOLOGY TRUST ,-2.8179898793758498,0.05574963579894129,0.05,0.0004835248786226416,False,0.166527127937979,4.840860145327357,,,,,,,,,,,,,,
INVESTMENT_TRUSTS,HGT.L,MNKS.L,HG CAPITAL TRUST PLC ORD 2.5P,MONKS INVESTMENT TRUST PLC ORD ,-2.8088847477849623,0.0570158099416701,0.05,0.0004835248786226416,False,-1.0412892601857162,13.670158806550504,,,,,,,,,,,,,,
INVESTMENT_TRUSTS,ATT.L,SMT.L,ALLIANZ TECHNOLOGY TRUST PLC OR,SCOTTISH MORTGAGE INVESTMENT TR,-2.7891329050533162,0.059842900331453924,0.05,0.0004835248786226416,False,1.2715890788438864,-2.73430821708065,,,,,,,,,,,,,,
INVESTMENT_TRUSTS,3IN.L,MNKS.L,3I INFRASTRUCTURE PLC ORD NPV,MONKS INVESTMENT TRUST PLC ORD ,-2.7580272814702385,0.06452389449503688,0.05,0.0004835248786226416,False,0.4123041015925537,2.869020901472579,,,,,,,,,,,,,,
INVESTMENT_TRUSTS,HGT.L,JAM.L,HG CAPITAL TRUST PLC ORD 2.5P,JPMORGAN AMERICAN INVESTMENT TR,-2.7286364393048275,0.06921264415443161,0.05,0.0004835248786226416,False,-2.4921937379290715,23.567355673543275,,,,,,,,,,,,,,
INVESTMENT_TRUSTS,3IN.L,RCP.L,3I INFRASTRUCTURE PLC ORD NPV,"""RIT Capital Partners""",-2.688190431978967,0.07610422928344293,0.05,0.0004835248786226416,False,0.663469706371107,0.7929084337318546,,,,,,,,,,,,,,
INVESTMENT_TRUSTS,3IN.L,JGGI.L,3I INFRASTRUCTURE PLC ORD NPV,JPMORGAN GLOBAL GROWTH & INCOME,-2.682253462939512,0.0771598608568586,0.05,0.0004835248786226416,False,2.438288834332557,-9.623011347908669,,,,,,,,,,,,,,
INVESTMENT_TRUSTS,3IN.L,FCIT.L,3I INFRASTRUCTURE PLC ORD NPV,F&C INVESTMENT TRUST PLC ORD 6.,-2.6463485041027957,0.08379124127410392,0.05,0.0004835248786226416,False,0.5520968521929517,2.7083602430007945,,,,,,,,,,,,,,
INVESTMENT_TRUSTS,BRWM.L,RCP.L,BLACKROCK WORLD MINING TRUST PL,"""RIT Capital Partners""",-2.591308021484116,0.09480706281356388,0.05,0.0004835248786226416,False,3.8835658171556506,-23.08954614282117,,,,,,,,,,,,,,
INVESTMENT_TRUSTS,PCT.L,SMT.L,POLAR CAPITAL TECHNOLOGY TRUST ,SCOTTISH MORTGAGE INVESTMENT TR,-2.5773085175831265,0.09777841042560448,0.05,0.0004835248786226416,False,1.5824105234069128,-5.035644979983859,,,,,,,,,,,,,,
INVESTMENT_TRUSTS,JGGI.L,RCP.L,JPMORGAN GLOBAL GROWTH & INCOME,"""RIT Capital Partners""",-2.5608747355377264,0.10135624750395217,0.05,0.0004835248786226416,False,0.36211966554558506,3.587231214223905,,,,,,,,,,,,,,
INVESTMENT_TRUSTS,FCIT.L,MNKS.L,F&C INVESTMENT TRUST PLC ORD 6.,MONKS INVESTMENT TRUST PLC ORD ,-2.548705543129272,0.1040688437517942,0.05,0.0004835248786226416,False,0.7424825907314865,0.32207421530213143,,,,,,,,,,,,,,
INVESTMENT_TRUSTS,3IN.L,SMT.L,3I INFRASTRUCTURE PLC ORD NPV,SCOTTISH MORTGAGE INVESTMENT TR,-2.4567955626864983,0.12634333262745123,0.05,0.0004835248786226416,False,0.23614356969699116,4.1930374823193395,,,,,,,,,,,,,,
INVESTMENT_TRUSTS,JGGI.L,PCT.L,JPMORGAN GLOBAL GROWTH & INCOME,POLAR CAPITAL TECHNOLOGY TRUST ,-2.438133128201456,0.13126152327632185,0.05,0.0004835248786226416,False,0.09621862955626895,5.764659519924592,,,,,,,,,,,,,,
INVESTMENT_TRUSTS,ATT.L,MNKS.L,ALLIANZ TECHNOLOGY TRUST PLC OR,MONKS INVESTMENT TRUST PLC ORD ,-2.433753948293285,0.13243531447964546,0.05,0.0004835248786226416,False,1.8692411191618739,-7.336162231903013,,,,,,,,,,,,,,
INVESTMENT_TRUSTS,BRWM.L,JGGI.L,BLACKROCK WORLD MINING TRUST PL,JPMORGAN GLOBAL GROWTH & INCOME,-2.3890819957354457,0.14484167616078292,0.05,0.0004835248786226416,False,14.739378532498499,-87.01997866509855,,,,,,,,,,,,,,
INVESTMENT_TRUSTS,HGT.L,JGGI.L,HG CAPITAL TRUST PLC ORD 2.5P,JPMORGAN GLOBAL GROWTH & INCOME,-2.388845756576234,0.14490939208820497,0.05,0.0004835248786226416,False,-10.981781325365583,75.80803388455159,,,,,,,,,,,,,,
INVESTMENT_TRUSTS,BRWM.L,FCIT.L,BLACKROCK WORLD MINING TRUST PL,F&C INVESTMENT TRUST PLC ORD 6.,-2.38641647864618,0.14560701686208927,0.05,0.0004835248786226416,False,3.617905647687024,-14.067647673184874,,,,,,,,,,,,,,
INVESTMENT_TRUSTS,ATT.L,JGGI.L,ALLIANZ TECHNOLOGY TRUST PLC OR,JPMORGAN GLOBAL GROWTH & INCOME,-2.3765253973693317,0.14847184173396072,0.05,0.0004835248786226416,False,8.034916439093925,-44.823758829966074,,,,,,,,,,,,,,
INVESTMENT_TRUSTS,CTY.L,RCP.L,CITY OF LONDON INVESTMENT TRUST,"""RIT Capital Partners""",-2.339520656495595,0.15953829217990328,0.05,0.0004835248786226416,False,1.3768091864512024,-4.284488283855356,,,,,,,,,,,,,,
INVESTMENT_TRUSTS,FCIT.L,JGGI.L,F&C INVESTMENT TRUST PLC ORD 6.,JPMORGAN GLOBAL GROWTH & INCOME,-2.339331274553268,0.15959634742912554,0.05,0.0004835248786226416,False,2.73960293618374,-11.702468908531078,,,,,,,,,,,,,,
INVESTMENT_TRUSTS,HGT.L,PCT.L,HG CAPITAL TRUST PLC ORD 2.5P,POLAR CAPITAL TECHNOLOGY TRUST ,-2.3272060521856828,0.16334353268993151,0.05,0.0004835248786226416,False,-0.38975297835947953,8.505538178715845,,,,,,,,,,,,,,
INVESTMENT_TRUSTS,ATT.L,PCT.L,ALLIANZ TECHNOLOGY TRUST PLC OR,POLAR CAPITAL TECHNOLOGY TRUST ,-2.3106573566219075,0.16855379678539678,0.05,0.0004835248786226416,False,0.8091788620023209,1.2786548067674453,,,,,,,,,,,,,,
INVESTMENT_TRUSTS,ATT.L,HGT.L,ALLIANZ TECHNOLOGY TRUST PLC OR,HG CAPITAL TRUST PLC ORD 2.5P,-2.280275644901946,0.1784083973506762,0.05,0.0004835248786226416,False,-2.0903603121074568,19.025065118487305,,,,,,,,,,,,,,
INVESTMENT_TRUSTS,JGGI.L,MNKS.L,JPMORGAN GLOBAL GROWTH & INCOME,MONKS INVESTMENT TRUST PLC ORD ,-2.277434595540047,0.17934906779606952,0.05,0.0004835248786226416,False,0.2487942205089726,4.5492299803795255,,,,,,,,,,,,,,
INVESTMENT_TRUSTS,JGGI.L,SMT.L,JPMORGAN GLOBAL GROWTH & INCOME,SCOTTISH MORTGAGE INVESTMENT TR,-2.277040506978599,0.17947980901634925,0.05,0.0004835248786226416,False,0.1410689623764475,5.358109650025981,,,,,,,,,,,,,,
INVESTMENT_TRUSTS,MNKS.L,PCT.L,MONKS INVESTMENT TRUST PLC ORD ,POLAR CAPITAL TECHNOLOGY TRUST ,-2.2401805961745027,0.19198663217965,0.05,0.0004835248786226416,False,0.42833526875018063,4.636027553900472,,,,,,,,,,,,,,
INVESTMENT_TRUSTS,CTY.L,JGGI.L,CITY OF LONDON INVESTMENT TRUST,JPMORGAN GLOBAL GROWTH & INCOME,-2.237141173459251,0.19304247636604466,0.05,0.0004835248786226416,False,8.02252827877481,-44.6862579331806,,,,,,,,,,,,,,
INVESTMENT_TRUSTS,BRWM.L,MNKS.L,BLACKROCK WORLD MINING TRUST PL,MONKS INVESTMENT TRUST PLC ORD ,-2.16801417533639,0.21805854757693627,0.05,0.0004835248786226416,False,2.641470139839064,-12.580005572398045,,,,,,,,,,,,,,
INVESTMENT_TRUSTS,3IN.L,JAM.L,3I INFRASTRUCTURE PLC ORD NPV,JPMORGAN AMERICAN INVESTMENT TR,-2.095010805717449,0.24652550850038502,0.05,0.0004835248786226416,False,0.5875553858693927,1.7371752689656939,,,,,,,,,,,,,,
INVESTMENT_TRUSTS,HGT.L,RCP.L,HG CAPITAL TRUST PLC ORD 2.5P,"""RIT Capital Partners""",-2.0905789322519204,0.2483196959473869,0.05,0.0004835248786226416,False,-1.844281476881118,20.196186128929646,,,,,,,,,,,,,,
INVESTMENT_TRUSTS,CTY.L,MNKS.L,CITY OF LONDON INVESTMENT TRUST,MONKS INVESTMENT TRUST PLC ORD ,-2.0537741736064103,0.26350360234654807,0.05,0.0004835248786226416,False,0.87473079954663,-0.11401298215721933,,,,,,,,,,,,,,
INVESTMENT_TRUSTS,CTY.L,HGT.L,CITY OF LONDON INVESTMENT TRUST,HG CAPITAL TRUST PLC ORD 2.5P,-2.0379774403654705,0.2701734625099038,0.05,0.0004835248786226416,False,-0.826047962787316,11.283180544450685,,,,,,,,,,,,,,
INVESTMENT_TRUSTS,FCIT.L,JAM.L,F&C INVESTMENT TRUST PLC ORD 6.,JPMORGAN AMERICAN INVESTMENT TR,-2.03178144162751,0.2728141984006524,0.05,0.0004835248786226416,False,1.206904898162854,-2.7550932164708124,,,,,,,,,,,,,,
INVESTMENT_TRUSTS,JAM.L,RCP.L,JPMORGAN AMERICAN INVESTMENT TR,"""RIT Capital Partners""",-2.0024745910000092,0.2854891324511504,0.05,0.0004835248786226416,False,0.9281000305712866,-0.0776734119625786,,,,,,,,,,,,,,
INVESTMENT_TRUSTS,CTY.L,SMT.L,CITY OF LONDON INVESTMENT TRUST,SCOTTISH MORTGAGE INVESTMENT TR,-1.962614171434502,0.30320211788523055,0.05,0.0004835248786226416,False,0.5761775396603654,2.1710193375375706,,,,,,,,,,,,,,
INVESTMENT_TRUSTS,ATT.L,CTY.L,ALLIANZ TECHNOLOGY TRUST PLC OR,CITY OF LONDON INVESTMENT TRUST,-1.9061777137080098,0.32916052358516223,0.05,0.0004835248786226416,False,2.2489421897859496,-7.785463346795175,,,,,,,,,,,,,,
INVESTMENT_TRUSTS,BRWM.L,HGT.L,BLACKROCK WORLD MINING TRUST PL,HG CAPITAL TRUST PLC ORD 2.5P,-1.8887861301847277,0.33735471844886356,0.05,0.0004835248786226416,False,-2.7458418170179906,23.3877230727228,,,,,,,,,,,,,,
INVESTMENT_TRUSTS,ATT.L,JAM.L,ALLIANZ TECHNOLOGY TRUST PLC OR,JPMORGAN AMERICAN INVESTMENT TR,-1.8758074869451742,0.34352620144383794,0.05,0.0004835248786226416,False,3.34266551599052,-17.206748838969844,,,,,,,,,,,,,,
INVESTMENT_TRUSTS,JAM.L,PCT.L,JPMORGAN AMERICAN INVESTMENT TR,POLAR CAPITAL TECHNOLOGY TRUST ,-1.857702084670829,0.3522133403930228,0.05,0.0004835248786226416,False,0.23372777771121084,5.5801633293303965,,,,,,,,,,,,,,
INVESTMENT_TRUSTS,BRWM.L,CTY.L,BLACKROCK WORLD MINING TRUST PL,CITY OF LONDON INVESTMENT TRUST,-1.8313037161193113,0.36503470875230226,0.05,0.0004835248786226416,False,2.859200993869938,-11.242473418953749,,,,,,,,,,,,,,
INVESTMENT_TRUSTS,JAM.L,MNKS.L,JPMORGAN AMERICAN INVESTMENT TR,MONKS INVESTMENT TRUST PLC ORD ,-1.8292195776979148,0.36605448333460716,0.05,0.0004835248786226416,False,0.5862881916642368,2.757848128837572,,,,,,,,,,,,,,
INVESTMENT_TRUSTS,CTY.L,PCT.L,CITY OF LONDON INVESTMENT TRUST,POLAR CAPITAL TECHNOLOGY TRUST ,-1.8290046038962897,0.3661597317106005,0.05,0.0004835248786226416,False,0.3598759763201789,4.029961735121093,,,,,,,,,,,,,,
INVESTMENT_TRUSTS,HGT.L,PSH.L,HG CAPITAL TRUST PLC ORD 2.5P,PERSHING SQUARE HOLDINGS LTD OR,-1.797421869177057,0.3817424131696187,0.05,0.0004835248786226416,False,-3.2841945570032918,33.46913228957881,,,,,,,,,,,,,,
INVESTMENT_TRUSTS,CTY.L,FCIT.L,CITY OF LONDON INVESTMENT TRUST,F&C INVESTMENT TRUST PLC ORD 6.,-1.7943736712235885,0.38325856582946816,0.05,0.0004835248786226416,False,1.223446295664513,-0.7504746710938512,,,,,,,,,,,,,,
INVESTMENT_TRUSTS,BRWM.L,JAM.L,BLACKROCK WORLD MINING TRUST PL,JPMORGAN AMERICAN INVESTMENT TR,-1.7478287974828977,0.406653217158973,0.05,0.0004835248786226416,False,5.663549141998895,-33.08989133345844,,,,,,,,,,,,,,
INVESTMENT_TRUSTS,BRWM.L,SMT.L,BLACKROCK WORLD MINING TRUST PL,SCOTTISH MORTGAGE INVESTMENT TR,-1.7415622348879956,0.40983551120599315,0.05,0.0004835248786226416,False,1.7606774907596494,-5.8244818209880265,,,,,,,,,,,,,,
INVESTMENT_TRUSTS,3IN.L,PSH.L,3I INFRASTRUCTURE PLC ORD NPV,PERSHING SQUARE HOLDINGS LTD OR,-1.7303327060871343,0.4155557884219486,0.05,0.0004835248786226416,False,0.3582168122428303,2.8611471553547347,,,,,,,,,,,,,,
INVESTMENT_TRUSTS,JAM.L,SMT.L,JPMORGAN AMERICAN INVESTMENT TR,SCOTTISH MORTGAGE INVESTMENT TR,-1.7063304784435402,0.42785381096828323,0.05,0.0004835248786226416,False,0.3688852413465494,4.4099396684542995,,,,,,,,,,,,,,
INVESTMENT_TRUSTS,CTY.L,JAM.L,CITY OF LONDON INVESTMENT TRUST,JPMORGAN AMERICAN INVESTMENT TR,-1.6724462172194086,0.44536198931677085,0.05,0.0004835248786226416,False,1.8224536362355914,-6.535611423517104,,,,,,,,,,,,,,
INVESTMENT_TRUSTS,BRWM.L,PSH.L,BLACKROCK WORLD MINING TRUST PL,PERSHING SQUARE HOLDINGS LTD OR,-1.6634311503106614,0.4500454459216563,0.05,0.0004835248786226416,False,4.96724432328562,-34.843249306655764,,,,,,,,,,,,,,
INVESTMENT_TRUSTS,MNKS.L,SMT.L,MONKS INVESTMENT TRUST PLC ORD ,SCOTTISH MORTGAGE INVESTMENT TR,-1.5953847379605284,0.4859114829516995,0.05,0.0004835248786226416,False,0.6728022948007156,2.513928234165829,,,,,,,,,,,,,,
INVESTMENT_TRUSTS,JGGI.L,PSH.L,JPMORGAN GLOBAL GROWTH & INCOME,PERSHING SQUARE HOLDINGS LTD OR,-1.5951271418682587,0.486040836302454,0.05,0.0004835248786226416,False,0.18929179191920106,4.767786734027328,,,,,,,,,,,,,,
INVESTMENT_TRUSTS,ATT.L,BRWM.L,ALLIANZ TECHNOLOGY TRUST PLC OR,BLACKROCK WORLD MINING TRUST PL,-1.5561678155063412,0.5055658633699746,0.05,0.0004835248786226416,False,0.7499772049177102,1.2932790886158232,,,,,,,,,,,,,,
INVESTMENT_TRUSTS,BRWM.L,PCT.L,BLACKROCK WORLD MINING TRUST PL,POLAR CAPITAL TECHNOLOGY TRUST ,-1.4793919195092973,0.5436801183784854,0.05,0.0004835248786226416,False,1.0488522408331276,0.16078321587982902,,,,,,,,,,,,,,
INVESTMENT_TRUSTS,PCT.L,PSH.L,POLAR CAPITAL TECHNOLOGY TRUST ,PERSHING SQUARE HOLDINGS LTD OR,-1.3886374826446664,0.5877111672194316,0.05,0.0004835248786226416,False,4.374075753018523,-30.36619245791984,,,,,,,,,,,,,,
INVESTMENT_TRUSTS,MNKS.L,PSH.L,MONKS INVESTMENT TRUST PLC ORD ,PERSHING SQUARE HOLDINGS LTD OR,-1.314505701830426,0.6225100850899672,0.05,0.0004835248786226416,False,1.1729500329565479,-2.5471331038249696,,,,,,,,,,,,,,
INVESTMENT_TRUSTS,ATT.L,PSH.L,ALLIANZ TECHNOLOGY TRUST PLC OR,PERSHING SQUARE HOLDINGS LTD OR,-1.2080742441471903,0.6701127671381588,0.05,0.0004835248786226416,False,3.167911315636016,-20.20503154023551,,,,,,,,,,,,,,
INVESTMENT_TRUSTS,PSH.L,SMT.L,PERSHING SQUARE HOLDINGS LTD OR,SCOTTISH MORTGAGE INVESTMENT TR,-1.2016014664563985,0.6729064223554131,0.05,0.0004835248786226416,False,0.4305714587485846,5.311581350832821,,,,,,,,,,,,,,
INVESTMENT_TRUSTS,CTY.L,PSH.L,CITY OF LONDON INVESTMENT TRUST,PERSHING SQUARE HOLDINGS LTD OR,-1.1470260332505164,0.6959590134749958,0.05,0.0004835248786226416,False,0.986365948960453,-2.012490782060019,,,,,,,,,,,,,,
INVESTMENT_TRUSTS,JAM.L,PSH.L,JPMORGAN AMERICAN INVESTMENT TR,PERSHING SQUARE HOLDINGS LTD OR,-1.007338464869778,0.7505783632805824,0.05,0.0004835248786226416,False,0.5444270139824814,2.455307832298753,,,,,,,,,,,,,,
INVESTMENT_TRUSTS,FCIT.L,PSH.L,F&C INVESTMENT TRUST PLC ORD 6.,PERSHING SQUARE HOLDINGS LTD OR,-0.7759919534750845,0.8260727370208787,0.05,0.0004835248786226416,False,0.7449741286858074,-0.52243954948975,,,,,,,,,,,,,,
INVESTMENT_TRUSTS,PSH.L,RCP.L,PERSHING SQUARE HOLDINGS LTD OR,"""RIT Capital Partners""",-0.0976998432511161,0.9496671566217715,0.05,0.0004835248786226416,False,1.5647902750034965,-3.5883053436511183,,,,,,,,,,,,,,
MATERIALS,ANTO.L,HOC.L,ANTOFAGASTA PLC ORD 5P,HOCHSCHILD MINING PLC ORD 1P,-2.735638851337143,0.06807160413425224,0.05,,False,0.69253862832028,3.762491893740039,,,,,,,,,,,,,,
MATERIALS,AAL.L,ANTO.L,ANGLO AMERICAN PLC ORD USD0.623,ANTOFAGASTA PLC ORD 5P,-2.6607858341293165,0.08107329201113678,0.05,,False,0.6308072438301994,2.9747830786876186,,,,,,,,,,,,,,
MATERIALS,GLEN.L,RIO.L,GLENCORE PLC ORD USD0.01,RIO TINTO PLC ORD 10P,-2.627623792614062,0.0874213244027987,0.05,,False,1.324169993099296,-5.419825378670103,,,,,,,,,,,,,,
MATERIALS,CRDA.L,JMAT.L,CRODA INTERNATIONAL PLC ORD 10.,JOHNSON MATTHEY PLC ORD 147 143,-2.625218352967522,0.0878963487112252,0.05,,False,-0.559107908285314,12.366186970060124,,,,,,,,,,,,,,
MATERIALS,FRES.L,JMAT.L,FRESNILLO PLC ORD USD0.50,JOHNSON MATTHEY PLC ORD 147 143,-2.584827879273873,0.09617375631492397,0.05,,False,4.349908183447077,-26.41938372317347,,,,,,,,,,,,,,
MATERIALS,BHP.L,GLEN.L,BHP GROUP LIMITED ORD NPV (DI),GLENCORE PLC ORD USD0.01,-2.5753345385024855,0.09820302190187885,0.05,,False,0.7065563717934399,3.494149694773947,,,,,,,,,,,,,,
MATERIALS,AAL.L,RIO.L,ANGLO AMERICAN PLC ORD USD0.623,RIO TINTO PLC ORD 10P,-2.5738365075670373,0.09852618975704575,0.05,,False,1.1500932812268243,-2.0057324408188935,,,,,,,,,,,,,,
MATERIALS,CRDA.L,FRES.L,CRODA INTERNATIONAL PLC ORD 10.,FRESNILLO PLC ORD USD0.50,-2.5664700839429826,0.10012710773600608,0.05,,False,-0.14879426450856686,9.117958413212472,,,,,,,,,,,,,,
MATERIALS,AAL.L,GLEN.L,ANGLO AMERICAN PLC ORD USD0.623,GLENCORE PLC ORD USD0.01,-2.5061266993106166,0.11399074045310659,0.05,,False,0.8640500532974449,2.728289199233135,,,,,,,,,,,,,,
MATERIALS,ANTO.L,CRDA.L,ANTOFAGASTA PLC ORD 5P,CRODA INTERNATIONAL PLC ORD 10.,-2.383799961361807,0.14636104978276887,0.05,,False,-4.727730531771269,45.73863179041881,,,,,,,,,,,,,,
MATERIALS,AAL.L,HOC.L,ANGLO AMERICAN PLC ORD USD0.623,HOCHSCHILD MINING PLC ORD 1P,-2.359535965766503,0.15348417675606235,0.05,,False,0.41530989816892505,5.472386531791178,,,,,,,,,,,,,,
MATERIALS,FRES.L,HOC.L,FRESNILLO PLC ORD USD0.50,HOCHSCHILD MINING PLC ORD 1P,-2.3151476788596623,0.16712907430310237,0.05,,False,1.5441003332398175,-1.6175110904455243,,,,,,,,,,,,,,
MATERIALS,CRDA.L,HOC.L,CRODA INTERNATIONAL PLC ORD 10.,HOCHSCHILD MINING PLC ORD 1P,-2.2939085376061485,0.1739401165914214,0.05,,False,-0.1988523641879869,9.1805350768659,,,,,,,,,,,,,,
MATERIALS,AAL.L,BHP.L,ANGLO AMERICAN PLC ORD USD0.623,BHP GROUP LIMITED ORD NPV (DI),-2.2780310408193123,0.1791513133814383,0.05,,False,1.2456173536633117,-1.7195129395377675,,,,,,,,,,,,,,
MATERIALS,ANTO.L,FRES.L,ANTOFAGASTA PLC ORD 5P,FRESNILLO PLC ORD USD0.50,-2.260164655992905,0.18513757752218352,0.05,,False,0.4386583668585978,4.5596681533533125,,,,,,,,,,,,,,
MATERIALS,AAL.L,CRDA.L,ANGLO AMERICAN PLC ORD USD0.623,CRODA INTERNATIONAL PLC ORD 10.,-2.2562794321972404,0.18645648119896774,0.05,,False,-2.9302457362710905,31.408923888461093,,,,,,,,,,,,,,
MATERIALS,HOC.L,JMAT.L,HOCHSCHILD MINING PLC ORD 1P,JOHNSON MATTHEY PLC ORD 147 143,-2.198703845960161,0.20671622230659814,0.05,,False,3.063213317723276,-17.969020213611543,,,,,,,,,,,,,,
MATERIALS,BHP.L,CRDA.L,BHP GROUP LIMITED ORD NPV (DI),CRODA INTERNATIONAL PLC ORD 10.,-2.153170403993354,0.2236785111884479,0.05,,False,-5.083790830931624,48.5408212000591,,,,,,,,,,,,,,
MATERIALS,CRDA.L,RIO.L,CRODA INTERNATIONAL PLC ORD 10.,RIO TINTO PLC ORD 10P,-2.1523424273377394,0.22399454428588295,0.05,,False,-0.29736128334172945,10.586825576775722,,,,,,,,,,,,,,
MATERIALS,ANTO.L,JMAT.L,ANTOFAGASTA PLC ORD 5P,JOHNSON MATTHEY PLC ORD 147 143,-2.058874085741221,0.2613696781078567,0.05,,False,1.9483038863588245,-7.340716771779635,,,,,,,,,,,,,,
MATERIALS,GLEN.L,HOC.L,GLENCORE PLC ORD USD0.01,HOCHSCHILD MINING PLC ORD 1P,-1.9936646608610153,0.2893578148321312,0.05,,False,0.3600081148758365,3.8712114374014788,,,,,,,,,,,,,,
MATERIALS,HOC.L,RIO.L,HOCHSCHILD MINING PLC ORD 1P,RIO TINTO PLC ORD 10P,-1.9361737824056504,0.3152397645387143,0.05,,False,2.907533608193703,-19.19314628917191,,,,,,,,,,,,,,
MATERIALS,CRDA.L,GLEN.L,CRODA INTERNATIONAL PLC ORD 10.,GLENCORE PLC ORD USD0.01,-1.8929791514082965,0.33537111368594363,0.05,,False,0.11553838806625369,7.3474265176873015,,,,,,,,,,,,,,
MATERIALS,AAL.L,FRES.L,ANGLO AMERICAN PLC ORD USD0.623,FRESNILLO PLC ORD USD0.50,-1.8864909453877858,0.338442638550319,0.05,,False,0.2530866993836687,6.0230721041818445,,,,,,,,,,,,,,
MATERIALS,AAL.L,JMAT.L,ANGLO AMERICAN PLC ORD USD0.623,JOHNSON MATTHEY PLC ORD 147 143,-1.7318561663675052,0.41477844452645063,0.05,,False,1.2009410621572536,-1.4383718317930443,,,,,,,,,,,,,,
MATERIALS,ANTO.L,GLEN.L,ANTOFAGASTA PLC ORD 5P,GLENCORE PLC ORD USD0.01,-1.6939510881466473,0.4342317222251134,0.05,,False,1.510923954877864,-1.2301830084028795,,,,,,,,,,,,,,
MATERIALS,FRES.L,GLEN.L,FRESNILLO PLC ORD USD0.50,GLENCORE PLC ORD USD0.01,-1.6335441632505867,0.4656361068631149,0.05,,False,5.817618602653063,-27.310378015776454,,,,,,,,,,,,,,
MATERIALS,BHP.L,HOC.L,BHP GROUP LIMITED ORD NPV (DI),HOCHSCHILD MINING PLC ORD 1P,-1.572505012859835,0.49738874063875654,0.05,,False,0.2927356007326907,6.008232887303555,,,,,,,,,,,,,,
MATERIALS,BHP.L,RIO.L,BHP GROUP LIMITED ORD NPV (DI),RIO TINTO PLC ORD 10P,-1.5462839059644875,0.510503896379087,0.05,,False,0.9320078690129038,-0.3044231166416571,,,,,,,,,,,,,,
MATERIALS,ANTO.L,RIO.L,ANTOFAGASTA PLC ORD 5P,RIO TINTO PLC ORD 10P,-1.517076499320607,0.5250475626339403,0.05,,False,1.8623216133866312,-8.231187499778066,,,,,,,,,,,,,,
MATERIALS,ANTO.L,BHP.L,ANTOFAGASTA PLC ORD 5P,BHP GROUP LIMITED ORD NPV (DI),-1.501021889218773,0.5330057644889118,0.05,,False,2.0610329602709054,-8.106558000576605,,,,,,,,,,,,,,
MATERIALS,GLEN.L,JMAT.L,GLENCORE PLC ORD USD0.01,JOHNSON MATTHEY PLC ORD 147 143,-1.4761647805034839,0.54526761315022,0.05,,False,1.6061145762630815,-6.497411010821656,,,,,,,,,,,,,,
MATERIALS,JMAT.L,RIO.L,JOHNSON MATTHEY PLC ORD 147 143,RIO TINTO PLC ORD 10P,-1.407747856590217,0.5785561137869791,0.05,,False,0.991492902268636,-0.7628331942468227,,,,,,,,,,,,,,
MATERIALS,BHP.L,FRES.L,BHP GROUP LIMITED ORD NPV (DI),FRESNILLO PLC ORD USD0.50,-1.401618203661389,0.581500085934927,0.05,,False,0.16144225538524276,6.519809618739634,,,,,,,,,,,,,,
MATERIALS,FRES.L,RIO.L,FRESNILLO PLC ORD USD0.50,RIO TINTO PLC ORD 10P,-1.3603107507509609,0.6011489118835086,0.05,,False,5.142525102889432,-36.85867198323065,,,,,,,,,,,,,,
MATERIALS,BHP.L,JMAT.L,BHP GROUP LIMITED ORD NPV (DI),JOHNSON MATTHEY PLC ORD 147 143,-1.3266397825326548,0.616898185385427,0.05,,False,0.9024898501239943,0.7032932355107153,,,,,,,,,,,,,,
NL_BANKS,ABN.AS,INGA.AS,ABN AMRO BANK N.V.,ING GROEP N.V.,-3.3195267259458805,0.014027875054911187,0.05,0.014027875054911187,True,1.430223720625016,-1.1234023640346322,16.91045346476802,0.00011810489757788778,-0.040989272227624086,51.0,0.6165215166610603,2.7897792809327444,False,,0.2,-0.00651964408469721,-0.22456761686982207,0.09741313422223663,True,mixed signal
NL_SEMI_EQUIPMENT,ASML.AS,BESI.AS,ASML HOLDING,BE Semiconductor Industries N.V,-2.2901350507375446,0.17516935622488938,0.05,,False,0.9321661947012674,2.1356693838270306,,,,,,,,,,,,,,
REAL_ESTATE,LMP.L,PHP.L,LONDONMETRIC PROPERTY PLC ORD 1,PRIMARY HEALTH PROPERTIES PLC O,-3.707623879307468,0.00400718649337472,0.05,,False,1.013019204864775,0.6324304377407124,,,,,,,,,,,,,,
REAL_ESTATE,GPE.L,LMP.L,GREAT PORTLAND ESTATES PLC ORD ,LONDONMETRIC PROPERTY PLC ORD 1,-3.535834930974345,0.007113082823030181,0.05,,False,1.8872756266425585,-4.151752298080286,,,,,,,,,,,,,,
REAL_ESTATE,BBOX.L,LAND.L,TRITAX BIG BOX REIT PLC ORD 1P,LAND SECURITIES GROUP PLC ORD 1,-3.2909439693065683,0.015288164318221307,0.05,,False,1.178379574884319,-2.543946119018079,,,,,,,,,,,,,,
REAL_ESTATE,BLND.L,LAND.L,BRITISH LAND COMPANY PLC ORD 25,LAND SECURITIES GROUP PLC ORD 1,-3.223622440859411,0.018657396428583686,0.05,,False,1.2535655538739006,-2.0754309078099746,,,,,,,,,,,,,,
REAL_ESTATE,GPE.L,LAND.L,GREAT PORTLAND ESTATES PLC ORD ,LAND SECURITIES GROUP PLC ORD 1,-3.111203696981652,0.025735098498394886,0.05,,False,1.4361843021899718,-3.430171791142044,,,,,,,,,,,,,,
REAL_ESTATE,LAND.L,UTG.L,LAND SECURITIES GROUP PLC ORD 1,UNITE GROUP PLC ORD 25P,-3.079580260156952,0.02810171263296164,0.05,,False,-0.01576639799201559,6.504323284798367,,,,,,,,,,,,,,
REAL_ESTATE,HMSO.L,LAND.L,HAMMERSON PLC ORD 5P,LAND SECURITIES GROUP PLC ORD 1,-3.066591500616045,0.02912640301582793,0.05,,False,2.157574355108958,-8.1098307724433,,,,,,,,,,,,,,
REAL_ESTATE,GPE.L,PHP.L,GREAT PORTLAND ESTATES PLC ORD ,PRIMARY HEALTH PROPERTIES PLC O,-3.0257621364653406,0.03255758124220177,0.05,,False,2.233031819869277,-4.423280454461619,,,,,,,,,,,,,,
REAL_ESTATE,LAND.L,SGRO.L,LAND SECURITIES GROUP PLC ORD 1,SEGRO PLC ORD 10P,-3.023599704339416,0.03274849158226925,0.05,,False,0.45383291018321464,3.4097511695313507,,,,,,,,,,,,,,
REAL_ESTATE,LMP.L,UTG.L,LONDONMETRIC PROPERTY PLC ORD 1,UNITE GROUP PLC ORD 25P,-2.9323826962691175,0.04170984587966855,0.05,,False,0.0357158896684051,5.019186059578945,,,,,,,,,,,,,,
REAL_ESTATE,BLND.L,SGRO.L,BRITISH LAND COMPANY PLC ORD 25,SEGRO PLC ORD 10P,-2.8903320153167718,0.04648385868210175,0.05,,False,0.6182535012526076,1.8736893672467652,,,,,,,,,,,,,,
REAL_ESTATE,PHP.L,UTG.L,PRIMARY HEALTH PROPERTIES PLC O,UNITE GROUP PLC ORD 25P,-2.8830235500178634,0.04735804233532173,0.05,,False,0.000545663339114158,4.557958718066242,,,,,,,,,,,,,,
REAL_ESTATE,DLN.L,LMP.L,DERWENT LONDON PLC ORD 5P,LONDONMETRIC PROPERTY PLC ORD 1,-2.8209984544566993,0.05533632631289475,0.05,,False,3.7941097996633024,-12.378304677881438,,,,,,,,,,,,,,
REAL_ESTATE,BBOX.L,UTG.L,TRITAX BIG BOX REIT PLC ORD 1P,UNITE GROUP PLC ORD 25P,-2.7939923760465364,0.05913705186208763,0.05,,False,-0.05981637478338014,5.390986318228778,,,,,,,,,,,,,,
REAL_ESTATE,DLN.L,PHP.L,DERWENT LONDON PLC ORD 5P,PRIMARY HEALTH PROPERTIES PLC O,-2.7546308841894187,0.06505234385543587,0.05,,False,7.588517079041597,-27.061797770074005,,,,,,,,,,,,,,
REAL_ESTATE,PHP.L,SGRO.L,PRIMARY HEALTH PROPERTIES PLC O,SEGRO PLC ORD 10P,-2.6063287047484205,0.09169629485245456,0.05,,False,0.1775986875429321,3.3909879342937037,,,,,,,,,,,,,,
REAL_ESTATE,HMSO.L,UTG.L,HAMMERSON PLC ORD 5P,UNITE GROUP PLC ORD 25P,-2.604060888238129,0.09216086570789328,0.05,,False,-0.2908212503140979,7.607444958911493,,,,,,,,,,,,,,
REAL_ESTATE,BLND.L,UTG.L,BRITISH LAND COMPANY PLC ORD 25,UNITE GROUP PLC ORD 25P,-2.582808514801564,0.09660270821790973,0.05,,False,0.006107035378876683,5.908542016139676,,,,,,,,,,,,,,
REAL_ESTATE,BBOX.L,HMSO.L,TRITAX BIG BOX REIT PLC ORD 1P,HAMMERSON PLC ORD 5P,-2.573817338562842,0.09853033028859454,0.05,,False,0.5681494301787094,1.759956016361011,,,,,,,,,,,,,,
REAL_ESTATE,HMSO.L,LMP.L,HAMMERSON PLC ORD 5P,LONDONMETRIC PROPERTY PLC ORD 1,-2.501917653569046,0.11500843588473908,0.05,,False,4.459755369728735,-17.727975622277217,,,,,,,,,,,,,,
REAL_ESTATE,GPE.L,UTG.L,GREAT PORTLAND ESTATES PLC ORD ,UNITE GROUP PLC ORD 25P,-2.501703230888006,0.11506046011818821,0.05,,False,0.026054294370391175,5.59195246312442,,,,,,,,,,,,,,
REAL_ESTATE,HMSO.L,PHP.L,HAMMERSON PLC ORD 5P,PRIMARY HEALTH PROPERTIES PLC O,-2.4954046215904513,0.11659643746175491,0.05,,False,5.355293952427986,-18.72766828763126,,,,,,,,,,,,,,
REAL_ESTATE,BBOX.L,BLND.L,TRITAX BIG BOX REIT PLC ORD 1P,BRITISH LAND COMPANY PLC ORD 25,-2.4894386981890264,0.11806519635946222,0.05,,False,0.9172437053545702,-0.4574944406564674,,,,,,,,,,,,,,
REAL_ESTATE,DLN.L,LAND.L,DERWENT LONDON PLC ORD 5P,LAND SECURITIES GROUP PLC ORD 1,-2.4600039621043064,0.125511471522877,0.05,,False,3.1594547739328593,-12.670020539473196,,,,,,,,,,,,,,
REAL_ESTATE,LAND.L,PHP.L,LAND SECURITIES GROUP PLC ORD 1,PRIMARY HEALTH PROPERTIES PLC O,-2.448404475319202,0.12853785954962432,0.05,,False,1.4886842047581756,-0.3897348568308594,,,,,,,,,,,,,,
REAL_ESTATE,LMP.L,SGRO.L,LONDONMETRIC PROPERTY PLC ORD 1,SEGRO PLC ORD 10P,-2.403325777486567,0.14079993200561225,0.05,,False,0.3119142004862996,3.1975358577741835,,,,,,,,,,,,,,
REAL_ESTATE,BBOX.L,PHP.L,TRITAX BIG BOX REIT PLC ORD 1P,PRIMARY HEALTH PROPERTIES PLC O,-2.342246590986685,0.15870425908719715,0.05,,False,1.873828597890194,-3.548731978442233,,,,,,,,,,,,,,
REAL_ESTATE,BLND.L,HMSO.L,BRITISH LAND COMPANY PLC ORD 25,HAMMERSON PLC ORD 5P,-2.3260620487927985,0.16370014676336841,0.05,,False,0.537438385251924,2.884807525520971,,,,,,,,,,,,,,
REAL_ESTATE,BLND.L,LMP.L,BRITISH LAND COMPANY PLC ORD 25,LONDONMETRIC PROPERTY PLC ORD 1,-2.307855964124722,0.1694467839732503,0.05,,False,1.8128086190033876,-3.5747437173959318,,,,,,,,,,,,,,
REAL_ESTATE,BLND.L,PHP.L,BRITISH LAND COMPANY PLC ORD 25,PRIMARY HEALTH PROPERTIES PLC O,-2.27406972900636,0.18046740997260913,0.05,,False,1.9864567970661402,-3.112712529888973,,,,,,,,,,,,,,
REAL_ESTATE,BBOX.L,GPE.L,TRITAX BIG BOX REIT PLC ORD 1P,GREAT PORTLAND ESTATES PLC ORD ,-2.23542829301893,0.193639146674983,0.05,,False,0.7986623035552126,0.3962938353455989,,,,,,,,,,,,,,
REAL_ESTATE,LAND.L,LMP.L,LAND SECURITIES GROUP PLC ORD 1,LONDONMETRIC PROPERTY PLC ORD 1,-2.150545313044391,0.22468141691821125,0.05,,False,1.3450708816185966,-0.6651817334458308,,,,,,,,,,,,,,
REAL_ESTATE,HMSO.L,SGRO.L,HAMMERSON PLC ORD 5P,SEGRO PLC ORD 10P,-2.1378177845955606,0.22958218784739648,0.05,,False,0.8170001643839331,0.31587248811056146,,,,,,,,,,,,,,
REAL_ESTATE,GPE.L,HMSO.L,GREAT PORTLAND ESTATES PLC ORD ,HAMMERSON PLC ORD 5P,-2.0569648554453392,0.2621674287854534,0.05,,False,0.5941393851272142,2.3757651571727205,,,,,,,,,,,,,,
REAL_ESTATE,BBOX.L,DLN.L,TRITAX BIG BOX REIT PLC ORD 1P,DERWENT LONDON PLC ORD 5P,-2.031839565396864,0.27278936213414007,0.05,,False,0.26342910673114167,3.008993866187107,,,,,,,,,,,,,,
REAL_ESTATE,BLND.L,GPE.L,BRITISH LAND COMPANY PLC ORD 25,GREAT PORTLAND ESTATES PLC ORD ,-2.002328253920433,0.2855531749925043,0.05,,False,0.8658330996820505,0.9589807007971904,,,,,,,,,,,,,,
REAL_ESTATE,BBOX.L,SGRO.L,TRITAX BIG BOX REIT PLC ORD 1P,SEGRO PLC ORD 10P,-1.98283030869355,0.29415177927228087,0.05,,False,0.5469392044255313,1.393942993674529,,,,,,,,,,,,,,
REAL_ESTATE,GPE.L,SGRO.L,GREAT PORTLAND ESTATES PLC ORD ,SEGRO PLC ORD 10P,-1.947347597548505,0.31012534545645903,0.05,,False,0.5477777434473892,2.1523862698772405,,,,,,,,,,,,,,
REAL_ESTATE,BLND.L,DLN.L,BRITISH LAND COMPANY PLC ORD 25,DERWENT LONDON PLC ORD 5P,-1.939701689622106,0.3136207329475779,0.05,,False,0.47535207400816154,2.3580111285368646,,,,,,,,,,,,,,
REAL_ESTATE,DLN.L,GPE.L,DERWENT LONDON PLC ORD 5P,GREAT PORTLAND ESTATES PLC ORD ,-1.8733189242271562,0.3447149256953226,0.05,,False,2.0374418154503156,-4.18782087609406,,,,,,,,,,,,,,
REAL_ESTATE,DLN.L,HMSO.L,DERWENT LONDON PLC ORD 5P,HAMMERSON PLC ORD 5P,-1.8406538826609173,0.36047300919304254,0.05,,False,-2.2245149014360424,20.234789559281737,,,,,,,,,,,,,,
REAL_ESTATE,SGRO.L,UTG.L,SEGRO PLC ORD 10P,UNITE GROUP PLC ORD 25P,-1.8159640054167157,0.3725653044902678,0.05,,False,0.1276481536134188,5.754059738855909,,,,,,,,,,,,,,
REAL_ESTATE,DLN.L,UTG.L,DERWENT LONDON PLC ORD 5P,UNITE GROUP PLC ORD 25P,-1.7711918083878608,0.3948550154774435,0.05,,False,0.37634079351416627,5.086051259139202,,,,,,,,,,,,,,
REAL_ESTATE,BBOX.L,LMP.L,TRITAX BIG BOX REIT PLC ORD 1P,LONDONMETRIC PROPERTY PLC ORD 1,-1.6890668444834507,0.4367541885301035,0.05,,False,1.5968730035414245,-3.3901344864675353,,,,,,,,,,,,,,
REAL_ESTATE,DLN.L,SGRO.L,DERWENT LONDON PLC ORD 5P,SEGRO PLC ORD 10P,-1.5782325763154417,0.4945180892911808,0.05,,False,1.0926149725967613,0.352101286381461,,,,,,,,,,,,,,
TMT,BT-A.L,ITV.L,BT GROUP PLC ORD 5P,ITV PLC ORD 10P,-4.299091088914143,0.0004458249994710372,0.05,0.012599386373675579,True,4.888168551516665,-16.126252953481988,10.106132442161007,0.0018490134342644595,-0.06858678970683751,30.0,1.4885865152191176,2.862569393874962,False,,0.4,-0.006058107096645407,-0.7837135902210945,-0.9388853525454277,False,mixed signal
TMT,ITV.L,WPP.L,ITV PLC ORD 10P,WPP PLC ORD 10P,-4.254422330617224,0.0005322499486975642,0.05,0.012599386373675579,True,-0.059071093424337334,4.7177127191199535,9.933529489573779,-0.00038043110990523067,-0.06977853957019725,30.0,-1.4440219822341964,2.8993278853706177,False,,0.4,-0.000661983830738521,0.5480923817572729,0.5808455820699316,True,mixed signal
TMT,AAF.L,ITV.L,AIRTEL AFRICA PLC ORD USD0.50,ITV PLC ORD 10P,-4.198480682737772,0.0006628129831489468,0.05,0.012599386373675579,True,16.412556754912625,-66.19639443428207,10.282335251671523,0.006184123654610961,-0.06741145504347036,31.0,1.4681762474073135,2.9437590405249785,False,,0.4,0.041673284002838484,-0.5462961972609488,-0.6306994611661005,True,mixed signal
TMT,ITV.L,VOD.L,ITV PLC ORD 10P,VODAFONE GROUP PLC ORD USD0.20 ,-4.182620241937583,0.0007049845561344995,0.05,0.012599386373675579,True,0.16479980855118745,3.624398313327494,10.381720821069662,-0.0003632820314387218,-0.06676611637958958,31.0,-1.3265772907150553,2.958319413982459,False,,0.4,-0.002326396843031389,0.5410173082349026,0.5965482941883153,True,mixed signal
TMT,AAF.L,WPP.L,AIRTEL AFRICA PLC ORD USD0.50,WPP PLC ORD 10P,-3.999014349254609,0.0014156812124573673,0.05,0.012599386373675579,True,-1.0409582672084718,11.671720280811424,12.053017065052089,-0.00021434500677198137,-0.05750818876459873,36.0,-1.11879440222053,3.209174305567342,True,2026-09-30 00:00:00,0.4,0.0358554683176739,0.4980534969432999,0.21406260559253032,True,mixed signal
TMT,ITV.L,SGE.L,ITV PLC ORD 10P,THE SAGE GROUP PLC ORD 1 4/77P,-3.986258587582238,0.0014841994449388142,0.05,0.012599386373675579,True,-0.16728905018661208,5.522665058955677,10.88330942767741,-0.00034115558205574995,-0.06368900794065438,33.0,-1.3174337269705159,2.9181104594589224,False,,0.4,-0.0003106414688782977,0.4120063678473278,0.33672531068990863,True,mixed signal
TMT,AUTO.L,ITV.L,AUTOTRADER GROUP PLC ORD 1P,ITV PLC ORD 10P,-3.968783389430453,0.0015830868150829758,0.05,0.012599386373675579,True,-11.644590444041379,57.267428716166016,11.27732893376855,-0.004007716141565883,-0.061463772550289175,34.0,-1.4557651970000616,3.1518451556538567,False,,0.4,-0.014121612625551422,0.4566676022962013,0.46929345040662973,True,mixed signal
TMT,ITV.L,REL.L,ITV PLC ORD 10P,RELX PLC ORD 14 51/116P,-3.957613607013613,0.001649466718496724,0.05,0.012599386373675579,True,-0.11819246865318425,5.313401548086301,11.20769407133653,-0.00034918982298201345,-0.06184565497131621,34.0,-1.3935009393362894,3.069035457835538,False,,0.4,-0.00011848321529154757,0.5246835421957023,0.5340092958328315,True,mixed signal
TMT,EXPN.L,ITV.L,EXPERIAN PLC ORD USD0.10,ITV PLC ORD 10P,-3.919596609398783,0.0018952679387182212,0.05,0.012599386373675579,True,-8.534182030030147,45.30039969472309,11.520227108412298,-0.0028540830547037124,-0.06016783992511705,35.0,-1.5493262822178044,3.177273623048004,False,,0.4,-0.0003917006923200017,0.4774720064174698,0.43949373311681006,True,mixed signal
TMT,AUTO.L,EXPN.L,AUTOTRADER GROUP PLC ORD 1P,EXPERIAN PLC ORD USD0.10,-3.8856436923589865,0.002143079107340063,0.05,0.012599386373675579,True,1.5222012331155181,-5.826026148794395,11.870453787331996,-1.940988923419352e-05,-0.058392643868397306,36.0,1.6231644669304495,2.9411802345094595,True,2026-10-01 00:00:00,0.6,-0.010152834970697956,-0.38774625603826296,-0.0683380617446967,True,reversion signs agree
TMT,ITV.L,RMV.L,ITV PLC ORD 10P,RIGHTMOVE PLC ORD 0.1P,-3.8121721633097443,0.0027852044133494683,0.05,0.012599386373675579,True,-0.06004571050051593,4.739201031557379,12.159678378204061,-0.00029005970407710506,-0.057003742944582755,36.0,-1.5626735494938493,3.1586150123840824,False,,0.4,0.0012498591839592548,0.5184145054905063,0.5663207636390744,True,mixed signal
TMT,REL.L,VOD.L,RELX PLC ORD 14 51/116P,VODAFONE GROUP PLC ORD USD0.20 ,-3.547253357483851,0.006853292562451741,0.05,0.012599386373675579,True,-0.9645755097003242,12.384310871781363,17.63583836324088,-0.00014688294012052424,-0.03930333031429349,53.0,0.5069906572171856,3.018535889473116,False,,0.4,0.0028323837652168074,-0.08621075382107823,-0.20571005648145452,False,mixed signal
TMT,INF.L,ITV.L,INFORMA PLC ORD 0.1P,ITV PLC ORD 10P,-3.536216338910834,0.007104263577651285,0.05,0.012599386373675579,True,3.645884910123208,-9.148468196348432,14.102789314862155,0.0010255967042820408,-0.04914965153946358,42.0,1.931573849464131,2.9872948493191553,False,,0.4,0.02250900878304811,-0.1871398196666456,-0.3246714818414247,False,mixed signal
TMT,AUTO.L,REL.L,AUTOTRADER GROUP PLC ORD 1P,RELX PLC ORD 14 51/116P,-3.3548080442982204,0.012599386373675579,0.05,0.012599386373675579,True,1.26339887715891,-3.689705712556095,20.522344764819362,-2.039162824762428e-05,-0.03377524296093982,62.0,-1.7806985136526485,2.087322665191791,False,,0.4,-0.011591606950322377,-0.11745109774622198,-0.04698373771818076,True,mixed signal
TMT,REL.L,RMV.L,RELX PLC ORD 14 51/116P,RIGHTMOVE PLC ORD 0.1P,-3.2170314565672893,0.019019756955856542,0.05,0.012599386373675579,False,0.8564573004556898,2.63042706471086,,,,,,,,,,,,,,
TMT,VOD.L,WPP.L,VODAFONE GROUP PLC ORD USD0.20 ,WPP PLC ORD 10P,-3.048977308905126,0.030566835815897392,0.05,0.012599386373675579,False,-0.39555726344503667,6.861921679367926,,,,,,,,,,,,,,
TMT,EXPN.L,RMV.L,EXPERIAN PLC ORD USD0.10,RIGHTMOVE PLC ORD 0.1P,-2.992189128598818,0.0356303039668763,0.05,0.012599386373675579,False,0.6989381322862034,3.662769379796031,,,,,,,,,,,,,,
TMT,EXPN.L,REL.L,EXPERIAN PLC ORD USD0.10,RELX PLC ORD 14 51/116P,-2.8092615980659,0.05696294479688311,0.05,0.012599386373675579,False,0.8254402104016275,1.4402553381679546,,,,,,,,,,,,,,
TMT,BT-A.L,WPP.L,BT GROUP PLC ORD 5P,WPP PLC ORD 10P,-2.7382901545714913,0.06764351362605253,0.05,0.012599386373675579,False,-0.31861410175023996,7.117957266862231,,,,,,,,,,,,,,
TMT,AUTO.L,RMV.L,AUTOTRADER GROUP PLC ORD 1P,RIGHTMOVE PLC ORD 0.1P,-2.6531886432664136,0.08249481230085987,0.05,0.012599386373675579,False,1.0918209254357694,-0.4289184541321758,,,,,,,,,,,,,,
TMT,EXPN.L,VOD.L,EXPERIAN PLC ORD USD0.10,VODAFONE GROUP PLC ORD USD0.20 ,-2.514691296959764,0.11194057041738481,0.05,0.012599386373675579,False,-0.7725596126923655,11.557921712958915,,,,,,,,,,,,,,
TMT,AAF.L,INF.L,AIRTEL AFRICA PLC ORD USD0.50,INFORMA PLC ORD 0.1P,-2.501119226686064,0.11520224226788639,0.05,0.012599386373675579,False,29.520450196957484,-193.3990501365838,,,,,,,,,,,,,,
TMT,INF.L,REL.L,INFORMA PLC ORD 0.1P,RELX PLC ORD 14 51/116P,-2.492562859139231,0.1172943639646209,0.05,0.012599386373675579,False,-0.03483899846868096,7.012803783505983,,,,,,,,,,,,,,
TMT,INF.L,VOD.L,INFORMA PLC ORD 0.1P,VODAFONE GROUP PLC ORD USD0.20 ,-2.4673434364211504,0.12362352165185686,0.05,0.012599386373675579,False,0.07611633258191706,6.392809626943443,,,,,,,,,,,,,,
TMT,INF.L,WPP.L,INFORMA PLC ORD 0.1P,WPP PLC ORD 10P,-2.4547224184581875,0.12688297533363513,0.05,0.012599386373675579,False,-0.03396757541212977,6.93879220480032,,,,,,,,,,,,,,
TMT,REL.L,SGE.L,RELX PLC ORD 14 51/116P,THE SAGE GROUP PLC ORD 1 4/77P,-2.448310657081268,0.12856255092516555,0.05,0.012599386373675579,False,1.2087912332057262,-0.3287980299711908,,,,,,,,,,,,,,
TMT,BT-A.L,INF.L,BT GROUP PLC ORD 5P,INFORMA PLC ORD 0.1P,-2.435684758099676,0.13191685485641924,0.05,0.012599386373675579,False,19.5286050422545,-126.2719044400148,,,,,,,,,,,,,,
TMT,INF.L,RMV.L,INFORMA PLC ORD 0.1P,RIGHTMOVE PLC ORD 0.1P,-2.4121664282585296,0.13833192759658453,0.05,0.012599386373675579,False,0.00557056378540196,6.694766175467075,,,,,,,,,,,,,,
TMT,AUTO.L,INF.L,AUTOTRADER GROUP PLC ORD 1P,INFORMA PLC ORD 0.1P,-2.3935780988755564,0.14355715261567015,0.05,0.012599386373675579,False,65.55236216626406,-434.6405506956188,,,,,,,,,,,,,,
TMT,INF.L,SGE.L,INFORMA PLC ORD 0.1P,THE SAGE GROUP PLC ORD 1 4/77P,-2.363582584486215,0.15227979457374224,0.05,0.012599386373675579,False,0.029386447407081816,6.525317339593762,,,,,,,,,,,,,,
TMT,AAF.L,BT-A.L,AIRTEL AFRICA PLC ORD USD0.50,BT GROUP PLC ORD 5P,-2.334385903099316,0.16111748806459097,0.05,0.012599386373675579,False,3.3257331263017877,-11.88617287296956,,,,,,,,,,,,,,
TMT,EXPN.L,INF.L,EXPERIAN PLC ORD USD0.10,INFORMA PLC ORD 0.1P,-2.2842505595306926,0.17709780100326772,0.05,0.012599386373675579,False,12.250324631777376,-74.31773687651398,,,,,,,,,,,,,,
TMT,SGE.L,VOD.L,THE SAGE GROUP PLC ORD 1 4/77P,VODAFONE GROUP PLC ORD USD0.20 ,-2.194192734111222,0.20835990700987655,0.05,0.012599386373675579,False,-0.7758154094379056,10.418966439233731,,,,,,,,,,,,,,
TMT,RMV.L,VOD.L,RIGHTMOVE PLC ORD 0.1P,VODAFONE GROUP PLC ORD USD0.20 ,-2.177470787527754,0.21452362425878913,0.05,0.012599386373675579,False,-1.153944311195971,11.511512685457316,,,,,,,,,,,,,,
TMT,RMV.L,SGE.L,RIGHTMOVE PLC ORD 0.1P,THE SAGE GROUP PLC ORD 1 4/77P,-2.145164954404088,0.2267454082834423,0.05,0.012599386373675579,False,1.44382661277456,-3.68157642418584,,,,,,,,,,,,,,
TMT,AUTO.L,VOD.L,AUTOTRADER GROUP PLC ORD 1P,VODAFONE GROUP PLC ORD USD0.20 ,-2.1160104515160065,0.23812564226869415,0.05,0.012599386373675579,False,-1.234156418980031,12.025417551980425,,,,,,,,,,,,,,
TMT,EXPN.L,SGE.L,EXPERIAN PLC ORD USD0.10,THE SAGE GROUP PLC ORD 1 4/77P,-2.09429289451589,0.2468156413026471,0.05,0.012599386373675579,False,0.9863286623698005,1.2487966249376985,,,,,,,,,,,,,,
TMT,REL.L,WPP.L,RELX PLC ORD 14 51/116P,WPP PLC ORD 10P,-2.0019156965921647,0.28573376520646104,0.05,0.012599386373675579,False,0.34168057225444026,6.010057567441619,,,,,,,,,,,,,,
TMT,AAF.L,VOD.L,AIRTEL AFRICA PLC ORD USD0.50,VODAFONE GROUP PLC ORD USD0.20 ,-1.9004909540076804,0.3318301857171587,0.05,0.012599386373675579,False,2.6406627541081873,-6.426365813094127,,,,,,,,,,,,,,
TMT,AUTO.L,SGE.L,AUTOTRADER GROUP PLC ORD 1P,THE SAGE GROUP PLC ORD 1 4/77P,-1.8894433214920563,0.3370434859232722,0.05,0.012599386373675579,False,1.6294175831334587,-4.818509742727298,,,,,,,,,,,,,,
TMT,BT-A.L,RMV.L,BT GROUP PLC ORD 5P,RIGHTMOVE PLC ORD 0.1P,-1.8766343638998249,0.3431316031274566,0.05,0.012599386373675579,False,-0.46179551543304487,8.115722435684411,,,,,,,,,,,,,,
TMT,BT-A.L,REL.L,BT GROUP PLC ORD 5P,RELX PLC ORD 14 51/116P,-1.8722487491524142,0.3452266479523181,0.05,0.012599386373675579,False,-0.8003074389328612,11.650742491622871,,,,,,,,,,,,,,
TMT,AUTO.L,BT-A.L,AUTOTRADER GROUP PLC ORD 1P,BT GROUP PLC ORD 5P,-1.8696005191435252,0.3464942982741115,0.05,0.012599386373675579,False,-1.713934492566163,15.401172856876116,,,,,,,,,,,,,,
TMT,AAF.L,EXPN.L,AIRTEL AFRICA PLC ORD USD0.50,EXPERIAN PLC ORD USD0.10,-1.8563727538641794,0.35285464926767784,0.05,0.012599386373675579,False,-4.015275128696312,37.935678251687854,,,,,,,,,,,,,,
TMT,BT-A.L,EXPN.L,BT GROUP PLC ORD 5P,EXPERIAN PLC ORD USD0.10,-1.8324525559291203,0.3644730390354993,0.05,0.012599386373675579,False,-1.0907445995236484,14.032638018084931,,,,,,,,,,,,,,
TMT,BT-A.L,SGE.L,BT GROUP PLC ORD 5P,THE SAGE GROUP PLC ORD 1 4/77P,-1.7745869022803236,0.39314956585563315,0.05,0.012599386373675579,False,-1.0833946085929815,12.723288986785029,,,,,,,,,,,,,,
TMT,BT-A.L,VOD.L,BT GROUP PLC ORD 5P,VODAFONE GROUP PLC ORD USD0.20 ,-1.674832771425323,0.44412379960350107,0.05,0.012599386373675579,False,0.8171514382755304,1.5390502056440538,,,,,,,,,,,,,,
TMT,EXPN.L,WPP.L,EXPERIAN PLC ORD USD0.10,WPP PLC ORD 10P,-1.6556200230909137,0.45411108938848244,0.05,0.012599386373675579,False,0.2642905573047691,6.510081562456989,,,,,,,,,,,,,,
TMT,AAF.L,AUTO.L,AIRTEL AFRICA PLC ORD USD0.50,AUTOTRADER GROUP PLC ORD 1P,-1.6371195876787843,0.4637662850620525,0.05,0.012599386373675579,False,-2.33106820329361,20.557985242663673,,,,,,,,,,,,,,
TMT,AAF.L,REL.L,AIRTEL AFRICA PLC ORD USD0.50,RELX PLC ORD 14 51/116P,-1.6013148612230335,0.48293293771531204,0.05,0.012599386373675579,False,-3.1320229409580373,30.674473620329177,,,,,,,,,,,,,,
TMT,AUTO.L,WPP.L,AUTOTRADER GROUP PLC ORD 1P,WPP PLC ORD 10P,-1.567627537316015,0.4998318203228349,0.05,0.012599386373675579,False,0.4414541414550341,3.8434177254161277,,,,,,,,,,,,,,
TMT,RMV.L,WPP.L,RIGHTMOVE PLC ORD 0.1P,WPP PLC ORD 10P,-1.565228535687337,0.5010329169042895,0.05,0.012599386373675579,False,0.3168656896557914,4.4496667983230225,,,,,,,,,,,,,,
TMT,SGE.L,WPP.L,THE SAGE GROUP PLC ORD 1 4/77P,WPP PLC ORD 10P,-1.5033356631754995,0.5318605933804231,0.05,0.012599386373675579,False,0.23734297610264046,5.52202450691702,,,,,,,,,,,,,,
TMT,AAF.L,RMV.L,AIRTEL AFRICA PLC ORD USD0.50,RIGHTMOVE PLC ORD 0.1P,-1.4567338491027018,0.554795703401165,0.05,0.012599386373675579,False,-3.2867659323817655,26.299832496406797,,,,,,,,,,,,,,
TMT,AAF.L,SGE.L,AIRTEL AFRICA PLC ORD USD0.50,THE SAGE GROUP PLC ORD 1 4/77P,-1.3809703415355017,0.5913644141923144,0.05,0.012599386373675579,False,-4.783802837263565,38.66745875548629,,,,,,,,,,,,,,
UK_HOUSEBUILDERS,BWY.L,TW.L,BELLWAY PLC ORD 12.5P,TAYLOR WIMPEY PLC ORD 1P,-2.4119541883741222,0.13839081454013002,0.05,,False,0.667788149748791,4.673318160509199,,,,,,,,,,,,,,
UK_HOUSEBUILDERS,PSN.L,TW.L,PERSIMMON PLC ORD 10P,TAYLOR WIMPEY PLC ORD 1P,-2.1459520587859107,0.22644275440675915,0.05,,False,0.6173935203608333,4.235435807437039,,,,,,,,,,,,,,
UK_HOUSEBUILDERS,BWY.L,PSN.L,BELLWAY PLC ORD 12.5P,PERSIMMON PLC ORD 10P,-1.7233335979505178,0.41913217046759405,0.05,,False,1.0912594232258461,0.02328692309131597,,,,,,,,,,,,,,
US_AIRLINES,JBLU,UAL,JetBlue Airways Corporation,"United Airlines Holdings, Inc.",-2.8507871893421783,0.05137737724852949,0.05,,False,0.018094095370337977,1.5846350306507426,,,,,,,,,,,,,,
US_AIRLINES,JBLU,LUV,JetBlue Airways Corporation,Southwest Airlines Company,-2.6998151426607877,0.07407026289551315,0.05,,False,-0.44986945225378133,3.24110813278136,,,,,,,,,,,,,,
US_AIRLINES,ALK,JBLU,"Alaska Air Group, Inc.",JetBlue Airways Corporation,-2.5743470633172856,0.09841595767637473,0.05,,False,1.1084734774733067,2.0412303308849404,,,,,,,,,,,,,,
US_AIRLINES,AAL,JBLU,"American Airlines Group, Inc.",JetBlue Airways Corporation,-2.490975090643172,0.11768565321853103,0.05,,False,0.9029109977088664,1.0419384231783033,,,,,,,,,,,,,,
US_AIRLINES,DAL,JBLU,"Delta Air Lines, Inc.",JetBlue Airways Corporation,-2.4186652148254986,0.1365374399699686,0.05,,False,2.0708570812360803,0.5974164180586419,,,,,,,,,,,,,,
US_AIRLINES,DAL,LUV,"Delta Air Lines, Inc.",Southwest Airlines Company,-2.144641383445145,0.2269468637221947,0.05,,False,1.1089583963561962,0.16061493541376848,,,,,,,,,,,,,,
US_AIRLINES,AAL,UAL,"American Airlines Group, Inc.","United Airlines Holdings, Inc.",-2.0781412325463555,0.2533944645730295,0.05,,False,0.5002952529284691,0.32066456413548394,,,,,,,,,,,,,,
US_AIRLINES,LUV,UAL,Southwest Airlines Company,"United Airlines Holdings, Inc.",-1.7854656259705168,0.38770110708073036,0.05,,False,0.5644845964157091,0.9931228622692574,,,,,,,,,,,,,,
US_AIRLINES,AAL,DAL,"American Airlines Group, Inc.","Delta Air Lines, Inc.",-1.733998910138902,0.4136857942263661,0.05,,False,0.7829694701049866,-0.6222030563101484,,,,,,,,,,,,,,
US_AIRLINES,AAL,LUV,"American Airlines Group, Inc.",Southwest Airlines Company,-1.5899062860930897,0.4886619282327816,0.05,,False,0.8059484818341858,-0.2780805685610859,,,,,,,,,,,,,,
US_AIRLINES,DAL,UAL,"Delta Air Lines, Inc.","United Airlines Holdings, Inc.",-1.5224436098198604,0.5223810392503058,0.05,,False,0.6846960041510533,1.0008934070963238,,,,,,,,,,,,,,
US_AIRLINES,AAL,ALK,"American Airlines Group, Inc.","Alaska Air Group, Inc.",-1.3331961719268144,0.6138515470516793,0.05,,False,0.8565530891088748,-0.7840028886180246,,,,,,,,,,,,,,
US_AIRLINES,ALK,UAL,"Alaska Air Group, Inc.","United Airlines Holdings, Inc.",-1.2718129132174052,0.6419672819826988,0.05,,False,0.4995319249779264,1.665632018437257,,,,,,,,,,,,,,
US_AIRLINES,ALK,LUV,"Alaska Air Group, Inc.",Southwest Airlines Company,-0.6130452582946609,0.8680070035520053,0.05,,False,1.0294851426067317,0.28038407704960067,,,,,,,,,,,,,,
US_AIRLINES,ALK,DAL,"Alaska Air Group, Inc.","Delta Air Lines, Inc.",-0.47007329052514674,0.8977253782840323,0.05,,False,0.7741987723169743,0.7548527008308596,,,,,,,,,,,,,,
US_ASSET_MANAGERS,BX,KKR,Blackstone Inc.,KKR & Co. Inc.,-3.53504257273627,0.007131436006131241,0.05,,False,0.861963053893352,0.8120063593918605,,,,,,,,,,,,,,
US_ASSET_MANAGERS,BEN,KKR,"Franklin Templeton, Inc.",KKR & Co. Inc.,-2.819893229030611,0.0554878679410782,0.05,,False,-1.1528460729616394,8.600813653418333,,,,,,,,,,,,,,
US_ASSET_MANAGERS,BEN,BX,"Franklin Templeton, Inc.",Blackstone Inc.,-2.773244841144803,0.0621983524320968,0.05,,False,-1.810435883406707,12.025519394613898,,,,,,,,,,,,,,
US_ASSET_MANAGERS,APO,BEN,"Apollo Global Management, Inc. ","Franklin Templeton, Inc.",-2.612414009588626,0.09045859157087555,0.05,,False,-0.22408393091616025,5.569418046797888,,,,,,,,,,,,,,
US_ASSET_MANAGERS,BLK,KKR,"BlackRock, Inc.",KKR & Co. Inc.,-2.5776212422983966,0.09771127038923788,0.05,,False,0.18912526870674037,5.98379713543502,,,,,,,,,,,,,,
US_ASSET_MANAGERS,BEN,BLK,"Franklin Templeton, Inc.","BlackRock, Inc.",-2.4662755167393353,0.12389692949965447,0.05,,False,2.574590017965111,-14.666809969521982,,,,,,,,,,,,,,
US_ASSET_MANAGERS,APO,BX,"Apollo Global Management, Inc. ",Blackstone Inc.,-2.283251058514283,0.17742674997081492,0.05,,False,0.8793557912112465,0.5325754725219705,,,,,,,,,,,,,,
US_ASSET_MANAGERS,APO,BLK,"Apollo Global Management, Inc. ","BlackRock, Inc.",-2.2602156188205456,0.18512031798812667,0.05,,False,1.9739057205205284,-8.72061054144429,,,,,,,,,,,,,,
US_ASSET_MANAGERS,BLK,TROW,"BlackRock, Inc.","T. Rowe Price Group, Inc.",-2.07491514381348,0.2547202249095838,0.05,,False,1.7812233205022219,-1.2562677537060916,,,,,,,,,,,,,,
US_ASSET_MANAGERS,BLK,BX,"BlackRock, Inc.",Blackstone Inc.,-2.025379258726099,0.2755572238206389,0.05,,False,0.42247259559947004,4.8015693016190255,,,,,,,,,,,,,,
US_ASSET_MANAGERS,BEN,TROW,"Franklin Templeton, Inc.","T. Rowe Price Group, Inc.",-1.9927788028700384,0.2897482908718842,0.05,,False,5.835026256141016,-23.6142493552113,,,,,,,,,,,,,,
US_ASSET_MANAGERS,APO,KKR,"Apollo Global Management, Inc. ",KKR & Co. Inc.,-1.7557934959228474,0.40261915774109464,0.05,,False,0.7314483316209723,1.37378571004492,,,,,,,,,,,,,,
US_ASSET_MANAGERS,APO,TROW,"Apollo Global Management, Inc. ","T. Rowe Price Group, Inc.",-1.2340780904276918,0.6587671303779475,0.05,,False,2.5010811803120734,-6.558560144684659,,,,,,,,,,,,,,
US_ASSET_MANAGERS,BX,TROW,Blackstone Inc.,"T. Rowe Price Group, Inc.",-0.42520515301784423,0.9058045994899921,0.05,,False,2.8638693045838814,-8.153883174480313,,,,,,,,,,,,,,
US_ASSET_MANAGERS,KKR,TROW,KKR & Co. Inc.,"T. Rowe Price Group, Inc.",-0.07414780954054595,0.9519534046288469,0.05,,False,3.856024938265089,-12.841919803877609,,,,,,,,,,,,,,
US_BANKS,FITB,USB,Fifth Third Bancorp,U.S. Bancorp,-3.5085697029056386,0.007769714315939234,0.05,,False,0.950866935472431,0.10033552447816207,,,,,,,,,,,,,,
US_BANKS,KEY,RF,KeyCorp,Regions Financial Corporation,-3.447805045764791,0.009433226084937792,0.05,,False,1.1376383977698847,-0.7449313293849364,,,,,,,,,,,,,,
US_BANKS,PNC,USB,"PNC Financial Services Group, I",U.S. Bancorp,-3.3963397346645485,0.011084284465627208,0.05,,False,0.9420564505008965,1.6290705036090296,,,,,,,,,,,,,,
US_BANKS,COF,WFC,Capital One Financial Corporati,Wells Fargo & Company,-3.38685399960965,0.011415265106151682,0.05,,False,0.998241844911774,0.9432934908722581,,,,,,,,,,,,,,
US_BANKS,CFG,TFC,"Citizens Financial Group, Inc.",Truist Financial Corporation,-3.365531452799279,0.012191548068861626,0.05,,False,1.9902607633583498,-3.609926018515243,,,,,,,,,,,,,,
US_BANKS,KEY,USB,KeyCorp,U.S. Bancorp,-3.3449587824413465,0.01298458976811784,0.05,,False,1.1731043516066162,-1.6426888685966672,,,,,,,,,,,,,,
US_BANKS,KEY,TFC,KeyCorp,Truist Financial Corporation,-3.3446639290396667,0.012996280555376449,0.05,,False,1.4328154210113984,-2.528889922326325,,,,,,,,,,,,,,
US_BANKS,BAC,HBAN,Bank of America Corporation,Huntington Bancshares Incorpora,-3.343035107943851,0.01306103063460022,0.05,,False,1.4094401603546307,-0.02345438811275402,,,,,,,,,,,,,,
US_BANKS,CFG,KEY,"Citizens Financial Group, Inc.",KeyCorp,-3.3343937600921514,0.013409348292520183,0.05,,False,1.3789744901464616,-0.06846327836419253,,,,,,,,,,,,,,
US_BANKS,HBAN,WFC,Huntington Bancshares Incorpora,Wells Fargo & Company,-3.3226441998368483,0.013896126504545431,0.05,,False,0.5665132884681355,0.29608526543050795,,,,,,,,,,,,,,
US_BANKS,C,HBAN,"Citigroup, Inc.",Huntington Bancshares Incorpora,-3.3030382783027283,0.01474320841629987,0.05,,False,3.64595125043348,-5.501434632135872,,,,,,,,,,,,,,
US_BANKS,CFG,PNFP,"Citizens Financial Group, Inc.","Pinnacle Financial Partners, In",-3.295048719296227,0.015101252777472377,0.05,,False,-9.692060130751399,48.29154036974272,,,,,,,,,,,,,,
US_BANKS,KEY,PNC,KeyCorp,"PNC Financial Services Group, I",-3.282061060846132,0.015699637674341203,0.05,,False,1.2452874930017153,-3.6714524027488,,,,,,,,,,,,,,
US_BANKS,C,PNFP,"Citigroup, Inc.","Pinnacle Financial Partners, In",-3.268042130696295,0.016368844381028144,0.05,,False,-10.945777728922609,54.62638816899604,,,,,,,,,,,,,,
US_BANKS,JPM,PNFP,JP Morgan Chase & Co.,"Pinnacle Financial Partners, In",-3.2249763975511145,0.01858370911533648,0.05,,False,-8.478550913486664,44.44706958419915,,,,,,,,,,,,,,
US_BANKS,C,FHN,"Citigroup, Inc.",First Horizon Corporation,-3.2189642677781944,0.01891286346858581,0.05,,False,1.757468941038992,-0.8178703753329346,,,,,,,,,,,,,,
US_BANKS,BAC,PNFP,Bank of America Corporation,"Pinnacle Financial Partners, In",-3.189117851944197,0.02062328507730713,0.05,,False,-6.708276574191891,34.576393706141424,,,,,,,,,,,,,,
US_BANKS,C,TFC,"Citigroup, Inc.",Truist Financial Corporation,-3.077748836711192,0.028244300362633753,0.05,,False,2.9808232944551514,-6.73897729765916,,,,,,,,,,,,,,
US_BANKS,PNC,ZION,"PNC Financial Services Group, I",Zions Bancorporation N.A.,-3.077648084830466,0.028252162451183654,0.05,,False,0.9503955956341349,1.475237427413759,,,,,,,,,,,,,,
US_BANKS,RF,TFC,Regions Financial Corporation,Truist Financial Corporation,-3.0746537765064255,0.028486676754635645,0.05,,False,1.255257675678781,-1.5523422699740639,,,,,,,,,,,,,,
US_BANKS,C,MTB,"Citigroup, Inc.",M&T Bank Corporation,-3.0740971756237685,0.02853045269765089,0.05,,False,2.801455642410603,-10.20559470712868,,,,,,,,,,,,,,
US_BANKS,C,ZION,"Citigroup, Inc.",Zions Bancorporation N.A.,-3.0218370581546106,0.032904808219364715,0.05,,False,2.4826852093260645,-5.3751629733575825,,,,,,,,,,,,,,
US_BANKS,TFC,USB,Truist Financial Corporation,U.S. Bancorp,-3.0104963052647173,0.03392573643352238,0.05,,False,0.820651993169927,0.6111899557254508,,,,,,,,,,,,,,
US_BANKS,HBAN,JPM,Huntington Bancshares Incorpora,JP Morgan Chase & Co.,-3.0101737746097,0.03395515923753158,0.05,,False,0.5505974161680256,-0.3422162540032816,,,,,,,,,,,,,,
US_BANKS,KEY,PNFP,KeyCorp,"Pinnacle Financial Partners, In",-2.980412377849598,0.03676457097740037,0.05,,False,-127.38966648980931,586.8903731456165,,,,,,,,,,,,,,
US_BANKS,MTB,ZION,M&T Bank Corporation,Zions Bancorporation N.A.,-2.970179157667446,0.03777470533861789,0.05,,False,0.9069027440955377,1.6424335601298186,,,,,,,,,,,,,,
US_BANKS,C,KEY,"Citigroup, Inc.",KeyCorp,-2.9450135675262596,0.040358364242387625,0.05,,False,1.9826245025409026,-1.1996142580763625,,,,,,,,,,,,,,
US_BANKS,PNFP,RF,"Pinnacle Financial Partners, In",Regions Financial Corporation,-2.9342244604334184,0.041510459678405456,0.05,,False,0.01035368007825272,4.552024090379012,,,,,,,,,,,,,,
US_BANKS,FITB,PNC,Fifth Third Bancorp,"PNC Financial Services Group, I",-2.9148244015400113,0.04365108002498088,0.05,,False,1.0093397271413316,-1.5439043852973229,,,,,,,,,,,,,,
US_BANKS,FHN,WFC,First Horizon Corporation,Wells Fargo & Company,-2.9076279986247897,0.044468128442579816,0.05,,False,1.0443580433137842,-1.4888763901476336,,,,,,,,,,,,,,
US_BANKS,KEY,MTB,KeyCorp,M&T Bank Corporation,-2.895468556630838,0.04587748592098484,0.05,,False,1.313643133195752,-4.02289807902266,,,,,,,,,,,,,,
US_BANKS,C,RF,"Citigroup, Inc.",Regions Financial Corporation,-2.8154903437752687,0.05609492375672161,0.05,,False,2.299934775162695,-2.816765377010287,,,,,,,,,,,,,,
US_BANKS,BAC,FHN,Bank of America Corporation,First Horizon Corporation,-2.7755953084332328,0.06184525101137004,0.05,,False,0.7749649749787906,1.5010140420344054,,,,,,,,,,,,,,
US_BANKS,C,CFG,"Citigroup, Inc.","Citizens Financial Group, Inc.",-2.7475866010671313,0.06615943594148685,0.05,,False,1.3930548603135324,-0.9288126167888189,,,,,,,,,,,,,,
US_BANKS,PNFP,USB,"Pinnacle Financial Partners, In",U.S. Bancorp,-2.7386587225307735,0.06758417369960688,0.05,,False,0.09275329516868057,4.2297905002301714,,,,,,,,,,,,,,
US_BANKS,PNFP,WFC,"Pinnacle Financial Partners, In",Wells Fargo & Company,-2.738016821978687,0.06768754740062727,0.05,,False,0.1030255326011582,4.142516326901647,,,,,,,,,,,,,,
US_BANKS,FHN,HBAN,First Horizon Corporation,Huntington Bancshares Incorpora,-2.7367391222160675,0.06789368803276546,0.05,,False,1.81611691318418,-1.9600593665083288,,,,,,,,,,,,,,
US_BANKS,MTB,PNC,M&T Bank Corporation,"PNC Financial Services Group, I",-2.715175169420907,0.07144891296890446,0.05,,False,0.9554487586938091,0.22836571918570758,,,,,,,,,,,,,,
US_BANKS,BAC,MTB,Bank of America Corporation,M&T Bank Corporation,-2.7133650196754635,0.07175395340257648,0.05,,False,1.156296965978852,-2.22535950768496,,,,,,,,,,,,,,
US_BANKS,CFG,RF,"Citizens Financial Group, Inc.",Regions Financial Corporation,-2.7113812738115195,0.07208943338351424,0.05,,False,1.5798823772625257,-1.1307682463158923,,,,,,,,,,,,,,
US_BANKS,FHN,PNFP,First Horizon Corporation,"Pinnacle Financial Partners, In",-2.699657844823392,0.07409749554481716,0.05,,False,10.82895198311761,-46.65401172829306,,,,,,,,,,,,,,
US_BANKS,MTB,USB,M&T Bank Corporation,U.S. Bancorp,-2.691976950889067,0.0754369265135453,0.05,,False,0.8974100209263581,1.7951011642188481,,,,,,,,,,,,,,
US_BANKS,FITB,KEY,Fifth Third Bancorp,KeyCorp,-2.6656968105667227,0.08016462933560997,0.05,,False,0.8085423217689137,1.4375586801916884,,,,,,,,,,,,,,
US_BANKS,CFG,HBAN,"Citizens Financial Group, Inc.",Huntington Bancshares Incorpora,-2.653527890335304,0.08243092337222896,0.05,,False,2.474517677915701,-2.893169794481613,,,,,,,,,,,,,,
US_BANKS,USB,ZION,U.S. Bancorp,Zions Bancorporation N.A.,-2.6523612325521375,0.08265079692579685,0.05,,False,1.0096504392881311,-0.1664523274341838,,,,,,,,,,,,,,
US_BANKS,BAC,ZION,Bank of America Corporation,Zions Bancorporation N.A.,-2.634307921389858,0.0861117762400242,0.05,,False,1.0348497789849533,-0.27164667383580365,,,,,,,,,,,,,,
US_BANKS,BAC,C,Bank of America Corporation,"Citigroup, Inc.",-2.6152182940985025,0.08989257000578865,0.05,,False,0.44633410656181854,1.8377583478556287,,,,,,,,,,,,,,
US_BANKS,BAC,TFC,Bank of America Corporation,Truist Financial Corporation,-2.573331423433833,0.09863533281101816,0.05,,False,1.2663545445172166,-0.9296568308862181,,,,,,,,,,,,,,
US_BANKS,JPM,WFC,JP Morgan Chase & Co.,Wells Fargo & Company,-2.5393906853012296,0.10618188008460222,0.05,,False,1.002973496809668,1.2705948130542595,,,,,,,,,,,,,,
US_BANKS,FHN,JPM,First Horizon Corporation,JP Morgan Chase & Co.,-2.5142856768074533,0.11203704380023183,0.05,,False,1.040548554126081,-2.807921365181487,,,,,,,,,,,,,,
US_BANKS,HBAN,RF,Huntington Bancshares Incorpora,Regions Financial Corporation,-2.4942916373782174,0.11686941622041402,0.05,,False,0.7083382916538066,0.4916447089477849,,,,,,,,,,,,,,
US_BANKS,RF,ZION,Regions Financial Corporation,Zions Bancorporation N.A.,-2.4878120814525473,0.1184680097574683,0.05,,False,1.0415071828946547,-0.9622889292574941,,,,,,,,,,,,,,
US_BANKS,BAC,RF,Bank of America Corporation,Regions Financial Corporation,-2.4846468326208333,0.11925474567732525,0.05,,False,0.990691758250707,0.6936963585243356,,,,,,,,,,,,,,
US_BANKS,FITB,PNFP,Fifth Third Bancorp,"Pinnacle Financial Partners, In",-2.479382227800336,0.1205717798827674,0.05,,False,5.115193633275324,-19.712879508421135,,,,,,,,,,,,,,
US_BANKS,C,PNC,"Citigroup, Inc.","PNC Financial Services Group, I",-2.4659173829239,0.12398871729426958,0.05,,False,2.604586686997284,-9.188687052857127,,,,,,,,,,,,,,
US_BANKS,CFG,MTB,"Citizens Financial Group, Inc.",M&T Bank Corporation,-2.4583874555352723,0.1259300935897406,0.05,,False,1.8768434823385962,-5.957720652886838,,,,,,,,,,,,,,
US_BANKS,COF,PNFP,Capital One Financial Corporati,"Pinnacle Financial Partners, In",-2.4392060043431116,0.13097509725904954,0.05,,False,5.2407586304479965,-18.799548129019247,,,,,,,,,,,,,,
US_BANKS,HBAN,MTB,Huntington Bancshares Incorpora,M&T Bank Corporation,-2.4350055276134945,0.13209907450983333,0.05,,False,0.8242009245407538,-1.5821588747775315,,,,,,,,,,,,,,
US_BANKS,CFG,ZION,"Citizens Financial Group, Inc.",Zions Bancorporation N.A.,-2.4219530523157458,0.1356359401096201,0.05,,False,1.6781961659758173,-2.780539139040283,,,,,,,,,,,,,,
US_BANKS,HBAN,KEY,Huntington Bancshares Incorpora,KeyCorp,-2.4145644064918907,0.13766783670751132,0.05,,False,0.6021491991232274,1.013785629958458,,,,,,,,,,,,,,
US_BANKS,C,FITB,"Citigroup, Inc.",Fifth Third Bancorp,-2.403323519119038,0.14080056642769867,0.05,,False,2.655430276305292,-5.484865541936385,,,,,,,,,,,,,,
US_BANKS,C,USB,"Citigroup, Inc.",U.S. Bancorp,-2.3819957343695233,0.14688259010092736,0.05,,False,2.429024537226039,-4.8513358710886365,,,,,,,,,,,,,,
US_BANKS,COF,HBAN,Capital One Financial Corporati,Huntington Bancshares Incorpora,-2.374340056002809,0.14911008216474875,0.05,,False,1.7748565195963626,0.386718985268816,,,,,,,,,,,,,,
US_BANKS,KEY,ZION,KeyCorp,Zions Bancorporation N.A.,-2.3725916374416296,0.14962209592393022,0.05,,False,1.1898270099510408,-1.8593170778983428,,,,,,,,,,,,,,
US_BANKS,CFG,USB,"Citizens Financial Group, Inc.",U.S. Bancorp,-2.3711476466449235,0.1500458845162979,0.05,,False,1.6318650867085223,-2.3879641437755477,,,,,,,,,,,,,,
US_BANKS,C,JPM,"Citigroup, Inc.",JP Morgan Chase & Co.,-2.3526245086373625,0.15555645533416668,0.05,,False,1.8177146553405925,-5.691280146244948,,,,,,,,,,,,,,
US_BANKS,RF,USB,Regions Financial Corporation,U.S. Bancorp,-2.3241738308260116,0.16428990981650687,0.05,,False,1.0312754126293107,-0.7895253493874326,,,,,,,,,,,,,,
US_BANKS,BAC,JPM,Bank of America Corporation,JP Morgan Chase & Co.,-2.3138065694067436,0.16755373537572166,0.05,,False,0.8090163430234422,-0.6896769224622936,,,,,,,,,,,,,,
US_BANKS,BAC,CFG,Bank of America Corporation,"Citizens Financial Group, Inc.",-2.281644433185374,0.17795636105471568,0.05,,False,0.6171650981956637,1.440947319129298,,,,,,,,,,,,,,
US_BANKS,FITB,RF,Fifth Third Bancorp,Regions Financial Corporation,-2.2636597748863783,0.1839563283354287,0.05,,False,0.9210954049319516,0.8312519810091152,,,,,,,,,,,,,,
US_BANKS,PNC,RF,"PNC Financial Services Group, I",Regions Financial Corporation,-2.2463897788531373,0.18984127555321129,0.05,,False,0.9135173875438348,2.350194836014519,,,,,,,,,,,,,,
US_BANKS,MTB,RF,M&T Bank Corporation,Regions Financial Corporation,-2.245854097707969,0.1900257459882591,0.05,,False,0.8694522184297023,2.484484212346341,,,,,,,,,,,,,,
US_BANKS,CFG,FITB,"Citizens Financial Group, Inc.",Fifth Third Bancorp,-2.185064463513662,0.21171078229738616,0.05,,False,1.735727419590125,-2.6332175170859,,,,,,,,,,,,,,
US_BANKS,HBAN,TFC,Huntington Bancshares Incorpora,Truist Financial Corporation,-2.1782721593030185,0.21422569867669172,0.05,,False,0.9015305438937723,-0.6543937925310193,,,,,,,,,,,,,,
US_BANKS,JPM,TFC,JP Morgan Chase & Co.,Truist Financial Corporation,-2.1574046092321018,0.2220665568255259,0.05,,False,1.6724578383422661,-0.6986151333393478,,,,,,,,,,,,,,
US_BANKS,FITB,ZION,Fifth Third Bancorp,Zions Bancorporation N.A.,-2.1452952047199427,0.22669530827025086,0.05,,False,0.9583681106238313,-0.05131387277689159,,,,,,,,,,,,,,
US_BANKS,HBAN,USB,Huntington Bancshares Incorpora,U.S. Bancorp,-2.141912367456577,0.22799864804525521,0.05,,False,0.7154759367978702,-0.01014860534499995,,,,,,,,,,,,,,
US_BANKS,FHN,TFC,First Horizon Corporation,Truist Financial Corporation,-2.116241402457048,0.23803420007910864,0.05,,False,1.6766341893112737,-3.2961290718318903,,,,,,,,,,,,,,
US_BANKS,FHN,MTB,First Horizon Corporation,M&T Bank Corporation,-2.061641025467376,0.26021592053656484,0.05,,False,1.498462816423504,-4.841903166936906,,,,,,,,,,,,,,
US_BANKS,HBAN,ZION,Huntington Bancshares Incorpora,Zions Bancorporation N.A.,-2.0439072242334557,0.26765912242567175,0.05,,False,0.7398024567660205,-0.19814016495957665,,,,,,,,,,,,,,
US_BANKS,FITB,MTB,Fifth Third Bancorp,M&T Bank Corporation,-2.032559504756738,0.27248183243877816,0.05,,False,1.0583994927046556,-1.7955861256038612,,,,,,,,,,,,,,
US_BANKS,BAC,PNC,Bank of America Corporation,"PNC Financial Services Group, I",-2.014325615202129,0.28032735527634534,0.05,,False,1.0960435929994552,-1.9155631871419763,,,,,,,,,,,,,,
US_BANKS,CFG,PNC,"Citizens Financial Group, Inc.","PNC Financial Services Group, I",-2.0104553605967643,0.2820076879190351,0.05,,False,1.7435631229706645,-5.269178875407032,,,,,,,,,,,,,,
US_BANKS,BAC,USB,Bank of America Corporation,U.S. Bancorp,-1.9843451566172685,0.2934791034718899,0.05,,False,1.0242552753043572,-0.09834917275559318,,,,,,,,,,,,,,
US_BANKS,HBAN,PNC,Huntington Bancshares Incorpora,"PNC Financial Services Group, I",-1.977975430417696,0.296312806992665,0.05,,False,0.7765093884369113,-1.3365124446764507,,,,,,,,,,,,,,
US_BANKS,BAC,KEY,Bank of America Corporation,KeyCorp,-1.970242818219175,0.2997710281866731,0.05,,False,0.8610729387145012,1.3701815234608317,,,,,,,,,,,,,,
US_BANKS,MTB,TFC,M&T Bank Corporation,Truist Financial Corporation,-1.9610339382735573,0.3039152342085719,0.05,,False,1.0995912792213285,1.1040178413622792,,,,,,,,,,,,,,
US_BANKS,BAC,FITB,Bank of America Corporation,Fifth Third Bancorp,-1.9463808428675398,0.31056628022813293,0.05,,False,1.0873798057655888,-0.24456179978792658,,,,,,,,,,,,,,
US_BANKS,PNC,PNFP,"PNC Financial Services Group, I","Pinnacle Financial Partners, In",-1.9310587177926621,0.3175940886334825,0.05,,False,2.587989485076141,-6.631368087978383,,,,,,,,,,,,,,
US_BANKS,PNC,TFC,"PNC Financial Services Group, I",Truist Financial Corporation,-1.930471929246967,0.31786469165350717,0.05,,False,1.1456365201209147,0.9360916149253775,,,,,,,,,,,,,,
US_BANKS,TFC,ZION,Truist Financial Corporation,Zions Bancorporation N.A.,-1.9210032697387878,0.3222459272787941,0.05,,False,0.8255931574485625,0.48636966464485853,,,,,,,,,,,,,,
US_BANKS,JPM,MTB,JP Morgan Chase & Co.,M&T Bank Corporation,-1.9127244280489182,0.3260990184716689,0.05,,False,1.5056034376119105,-2.2973945782099507,,,,,,,,,,,,,,
US_BANKS,JPM,RF,JP Morgan Chase & Co.,Regions Financial Corporation,-1.8191625201886668,0.3709903871873479,0.05,,False,1.255944721043226,1.6108863227129606,,,,,,,,,,,,,,
US_BANKS,PNFP,ZION,"Pinnacle Financial Partners, In",Zions Bancorporation N.A.,-1.8004720906460419,0.38022733890603055,0.05,,False,0.46670220854724775,2.7390209846771336,,,,,,,,,,,,,,
US_BANKS,JPM,ZION,JP Morgan Chase & Co.,Zions Bancorporation N.A.,-1.7872282089323517,0.38682071485173586,0.05,,False,1.3381703805588543,0.2832870123850846,,,,,,,,,,,,,,
US_BANKS,TFC,WFC,Truist Financial Corporation,Wells Fargo & Company,-1.7622405700352177,0.3993626916207277,0.05,,False,0.5852798871295615,1.2393278643721324,,,,,,,,,,,,,,
US_BANKS,FITB,HBAN,Fifth Third Bancorp,Huntington Bancshares Incorpora,-1.7557985077135283,0.4026166231115807,0.05,,False,1.3227859799524238,0.13077005613875325,,,,,,,,,,,,,,
US_BANKS,FHN,RF,First Horizon Corporation,Regions Financial Corporation,-1.745750358961395,0.4077078912334725,0.05,,False,1.2925996833800775,-1.0866656243483774,,,,,,,,,,,,,,
US_BANKS,C,WFC,"Citigroup, Inc.",Wells Fargo & Company,-1.704846069026067,0.42861738189527415,0.05,,False,1.9352106135511433,-3.8628008740521746,,,,,,,,,,,,,,
US_BANKS,MTB,WFC,M&T Bank Corporation,Wells Fargo & Company,-1.6706202659791054,0.4463098045921602,0.05,,False,0.6625972298849413,2.3851004791644925,,,,,,,,,,,,,,
US_BANKS,COF,JPM,Capital One Financial Corporati,JP Morgan Chase & Co.,-1.654540775823406,0.4546733645451051,0.05,,False,0.9949735466637656,-0.3195852861715034,,,,,,,,,,,,,,
US_BANKS,CFG,FHN,"Citizens Financial Group, Inc.",First Horizon Corporation,-1.5900891982404386,0.4885701182478845,0.05,,False,1.2657164186352374,0.06729731711534992,,,,,,,,,,,,,,
US_BANKS,WFC,ZION,Wells Fargo & Company,Zions Bancorporation N.A.,-1.5825032426448244,0.49237647558655967,0.05,,False,1.349989494363112,-1.0468116950882562,,,,,,,,,,,,,,
US_BANKS,JPM,KEY,JP Morgan Chase & Co.,KeyCorp,-1.521913761444604,0.5226444103925189,0.05,,False,1.080534876638926,2.5000500269201575,,,,,,,,,,,,,,
US_BANKS,FHN,ZION,First Horizon Corporation,Zions Bancorporation N.A.,-1.5027184210581073,0.5321661488067272,0.05,,False,1.3485811860022625,-2.3397318869404975,,,,,,,,,,,,,,
US_BANKS,FITB,JPM,Fifth Third Bancorp,JP Morgan Chase & Co.,-1.4607970775039032,0.5528077224271469,0.05,,False,0.6860212425741908,-0.08606205668791977,,,,,,,,,,,,,,
US_BANKS,FITB,TFC,Fifth Third Bancorp,Truist Financial Corporation,-1.448378168278073,0.5588760686927091,0.05,,False,1.1567191889824564,-0.6005057178454067,,,,,,,,,,,,,,
US_BANKS,C,COF,"Citigroup, Inc.",Capital One Financial Corporati,-1.440496086102462,0.5627152921753277,0.05,,False,2.1284695633642476,-6.683986813240358,,,,,,,,,,,,,,
US_BANKS,FHN,KEY,First Horizon Corporation,KeyCorp,-1.376617395686218,0.5934332897676006,0.05,,False,1.1215093814472596,-0.19841596662481908,,,,,,,,,,,,,,
US_BANKS,FHN,USB,First Horizon Corporation,U.S. Bancorp,-1.3677576940860023,0.5976322034904513,0.05,,False,1.3573137585919375,-2.2001407403410758,,,,,,,,,,,,,,
US_BANKS,RF,WFC,Regions Financial Corporation,Wells Fargo & Company,-1.3660165734723126,0.5984554678542314,0.05,,False,0.7855698022896658,-0.21510033569555098,,,,,,,,,,,,,,
US_BANKS,JPM,PNC,JP Morgan Chase & Co.,"PNC Financial Services Group, I",-1.2987156283709578,0.6297597102152049,0.05,,False,1.4365470155275493,-1.9432038526732134,,,,,,,,,,,,,,
US_BANKS,KEY,WFC,KeyCorp,Wells Fargo & Company,-1.2815511779881552,0.637569842699253,0.05,,False,0.9220947171866597,-1.1115332858624591,,,,,,,,,,,,,,
US_BANKS,CFG,JPM,"Citizens Financial Group, Inc.",JP Morgan Chase & Co.,-1.2729849443483172,0.6414393478522358,0.05,,False,1.3335739096043824,-3.578921453078467,,,,,,,,,,,,,,
US_BANKS,FHN,PNC,First Horizon Corporation,"PNC Financial Services Group, I",-1.2691511185292006,0.6431649269060609,0.05,,False,1.4430980834654623,-4.559337737979293,,,,,,,,,,,,,,
US_BANKS,COF,TFC,Capital One Financial Corporati,Truist Financial Corporation,-1.2499420910821804,0.6517516856416098,0.05,,False,1.858471101940131,-1.7440304830812492,,,,,,,,,,,,,,
US_BANKS,BAC,WFC,Bank of America Corporation,Wells Fargo & Company,-1.2353250473124702,0.6582182349886722,0.05,,False,0.8044099320169659,0.36835094378901445,,,,,,,,,,,,,,
US_BANKS,JPM,USB,JP Morgan Chase & Co.,U.S. Bancorp,-1.1871957529662247,0.6790793805836012,0.05,,False,1.3348153122882302,0.4677953603796752,,,,,,,,,,,,,,
US_BANKS,FHN,FITB,First Horizon Corporation,Fifth Third Bancorp,-1.1723163466429063,0.6853897394787879,0.05,,False,1.4672633460544557,-2.492222887379916,,,,,,,,,,,,,,
US_BANKS,CFG,WFC,"Citizens Financial Group, Inc.",Wells Fargo & Company,-1.157457219311582,0.6916237649070134,0.05,,False,1.382019927444697,-2.075402257454263,,,,,,,,,,,,,,
US_BANKS,FITB,WFC,Fifth Third Bancorp,Wells Fargo & Company,-1.111539786594976,0.7104481002007058,0.05,,False,0.6639782731698645,0.8889576510818236,,,,,,,,,,,,,,
US_BANKS,COF,FHN,Capital One Financial Corporati,First Horizon Corporation,-0.9936745053781982,0.7555643826177512,0.05,,False,0.9513705785506357,2.379811944651425,,,,,,,,,,,,,,
US_BANKS,HBAN,PNFP,Huntington Bancshares Incorpora,"Pinnacle Financial Partners, In",-0.9423068929869624,0.7737211946674966,0.05,,False,0.7237277795029003,-0.5904938313933981,,,,,,,,,,,,,,
US_BANKS,MTB,PNFP,M&T Bank Corporation,"Pinnacle Financial Partners, In",-0.9403343369788877,0.7743998146657891,0.05,,False,1.3270252691621012,-0.8550239783603342,,,,,,,,,,,,,,
US_BANKS,PNC,WFC,"PNC Financial Services Group, I",Wells Fargo & Company,-0.8949826870542497,0.7896202000022299,0.05,,False,0.6797459023495126,2.3163043637240386,,,,,,,,,,,,,,
US_BANKS,USB,WFC,U.S. Bancorp,Wells Fargo & Company,-0.8614458028650914,0.8004036745887959,0.05,,False,0.7360027955745013,0.6674949620816846,,,,,,,,,,,,,,
US_BANKS,COF,MTB,Capital One Financial Corporati,M&T Bank Corporation,-0.8079746857172423,0.8167683329514045,0.05,,False,1.6115364689212712,-3.1989279100930146,,,,,,,,,,,,,,
US_BANKS,BAC,COF,Bank of America Corporation,Capital One Financial Corporati,-0.7607262197823361,0.8303871886539941,0.05,,False,0.7877781384827232,-0.29742600765825244,,,,,,,,,,,,,,
US_BANKS,CFG,COF,"Citizens Financial Group, Inc.",Capital One Financial Corporati,-0.7186393003345763,0.8418622861008385,0.05,,False,1.4810934649300391,-3.886559686388266,,,,,,,,,,,,,,
US_BANKS,PNFP,TFC,"Pinnacle Financial Partners, In",Truist Financial Corporation,-0.6334075614604048,0.8632532192337502,0.05,,False,1.5614257988993678,-1.2727876826842204,,,,,,,,,,,,,,
US_BANKS,COF,ZION,Capital One Financial Corporati,Zions Bancorporation N.A.,-0.5148723282571418,0.8890814402683643,0.05,,False,1.416442091819724,-0.37386697908021027,,,,,,,,,,,,,,
US_BANKS,COF,RF,Capital One Financial Corporati,Regions Financial Corporation,-0.4216718534733861,0.9064169868843043,0.05,,False,1.3129381122189654,1.0833711779667183,,,,,,,,,,,,,,
US_BANKS,COF,KEY,Capital One Financial Corporati,KeyCorp,-0.3454288163458863,0.9188192684132872,0.05,,False,1.0985512948461076,2.1011630219498714,,,,,,,,,,,,,,
US_BANKS,COF,FITB,Capital One Financial Corporati,Fifth Third Bancorp,-0.13769128435442005,0.9455525096882029,0.05,,False,1.6534436513333923,-0.9540733850041638,,,,,,,,,,,,,,
US_BANKS,COF,PNC,Capital One Financial Corporati,"PNC Financial Services Group, I",0.046620775390652215,0.962221920640664,0.05,,False,1.580543709665296,-3.0444641361936897,,,,,,,,,,,,,,
US_BANKS,COF,USB,Capital One Financial Corporati,U.S. Bancorp,0.10835883637740301,0.9666271785528517,0.05,,False,1.458225451536077,-0.3520373828262233,,,,,,,,,,,,,,
US_DEFENSE_AEROSPACE,LHX,NOC,"L3Harris Technologies, Inc.",Northrop Grumman Corporation,-2.754307300716261,0.0651028711768174,0.05,,False,1.3476876542230087,-2.903766039153151,,,,,,,,,,,,,,
US_DEFENSE_AEROSPACE,GD,RTX,General Dynamics Corporation,RTX Corporation,-2.63285712101779,0.08639471554275852,0.05,,False,0.5333905798931513,3.052535786832393,,,,,,,,,,,,,,
US_DEFENSE_AEROSPACE,LHX,RTX,"L3Harris Technologies, Inc.",RTX Corporation,-2.3749642352780307,0.1489275920040986,0.05,,False,0.8423773848482311,1.3592443897910043,,,,,,,,,,,,,,
US_DEFENSE_AEROSPACE,GD,LHX,General Dynamics Corporation,"L3Harris Technologies, Inc.",-2.0358639305727646,0.2710726930043088,0.05,,False,0.6519980986036956,2.0874604790716766,,,,,,,,,,,,,,
US_DEFENSE_AEROSPACE,LMT,NOC,Lockheed Martin Corporation,Northrop Grumman Corporation,-1.741511556377043,0.40986127612499046,0.05,,False,0.8116246674220954,1.1062065174933045,,,,,,,,,,,,,,
US_DEFENSE_AEROSPACE,LHX,LMT,"L3Harris Technologies, Inc.",Lockheed Martin Corporation,-1.712086960955246,0.4248959172979072,0.05,,False,1.8835317558433884,-6.123342688722854,,,,,,,,,,,,,,
US_DEFENSE_AEROSPACE,NOC,RTX,Northrop Grumman Corporation,RTX Corporation,-1.5256311079426408,0.5207960528932039,0.05,,False,0.6122450902025905,3.226973479154984,,,,,,,,,,,,,,
US_DEFENSE_AEROSPACE,LMT,RTX,Lockheed Martin Corporation,RTX Corporation,-1.5074759734501386,0.529809893301669,0.05,,False,0.32016250257394063,4.6052701757736205,,,,,,,,,,,,,,
US_DEFENSE_AEROSPACE,GD,LMT,General Dynamics Corporation,Lockheed Martin Corporation,-1.3501824068517154,0.6059128379476438,0.05,,False,1.0046074287128335,-0.5197180762941285,,,,,,,,,,,,,,
US_DEFENSE_AEROSPACE,GD,NOC,General Dynamics Corporation,Northrop Grumman Corporation,-1.2381907682528581,0.6569551267105831,0.05,,False,0.8554505998607049,0.34003880258933705,,,,,,,,,,,,,,
US_GOLD_MINERS,AEM,KGC,Agnico Eagle Mines Limited,Kinross Gold Corporation,-3.23419119772544,0.018088923697545063,0.05,,False,0.7470580839764362,2.7103133487952085,,,,,,,,,,,,,,
US_GOLD_MINERS,AU,KGC,AngloGold Ashanti PLC,Kinross Gold Corporation,-2.6043911020268173,0.09209310793531644,0.05,,False,1.1255822719906012,0.684962594464761,,,,,,,,,,,,,,
US_GOLD_MINERS,AU,NEM,AngloGold Ashanti PLC,Newmont Corporation,-2.341836423653072,0.15882956297896805,0.05,,False,1.425192467497395,-2.111442134820089,,,,,,,,,,,,,,
US_GOLD_MINERS,AEM,AU,Agnico Eagle Mines Limited,AngloGold Ashanti PLC,-2.252039958902469,0.18790261754654675,0.05,,False,0.6616279283804073,2.263739203096425,,,,,,,,,,,,,,
US_GOLD_MINERS,KGC,NEM,Kinross Gold Corporation,Newmont Corporation,-1.7631230322500373,0.3989175876391954,0.05,,False,1.2689711294299952,-2.496102650289623,,,,,,,,,,,,,,
US_GOLD_MINERS,AEM,NEM,Agnico Eagle Mines Limited,Newmont Corporation,-1.5926705396151417,0.48727429802216904,0.05,,False,0.9384075747783323,0.8857882591379229,,,,,,,,,,,,,,
US_GOLD_MINERS,GOLD,NEM,"Gold.com, Inc.",Newmont Corporation,-1.4794288558770161,0.5436619406537462,0.05,,False,0.6018153726125525,0.888996733808431,,,,,,,,,,,,,,
US_GOLD_MINERS,AEM,GOLD,Agnico Eagle Mines Limited,"Gold.com, Inc.",-1.3163948349470238,0.6216386789911705,0.05,,False,1.843960949052288,-1.4719583101757552,,,,,,,,,,,,,,
US_GOLD_MINERS,AU,GOLD,AngloGold Ashanti PLC,"Gold.com, Inc.",-1.2515502866664612,0.6510366237155429,0.05,,False,3.517712582986602,-8.140053550553146,,,,,,,,,,,,,,
US_GOLD_MINERS,GOLD,KGC,"Gold.com, Inc.",Kinross Gold Corporation,-1.214120496399749,0.6674921263149236,0.05,,False,0.3125958261361143,2.5295905095550024,,,,,,,,,,,,,,
US_HOMEBUILDERS,LEN,NVR,Lennar Corporation,"NVR, Inc.",-3.5205348718110425,0.007475113464651821,0.05,,False,1.7370629502060868,-10.746699949152454,,,,,,,,,,,,,,
US_HOMEBUILDERS,DHI,PHM,"D.R. Horton, Inc.","PulteGroup, Inc.",-2.7139724831792753,0.07165147067655571,0.05,,False,1.2269410653862762,-0.8607798391980763,,,,,,,,,,,,,,
US_HOMEBUILDERS,KBH,MTH,KB Home,Meritage Homes Corporation,-2.4940811273305226,0.11692110047146997,0.05,,False,1.1774454934038605,-0.9340258420965819,,,,,,,,,,,,,,
US_HOMEBUILDERS,PHM,TOL,"PulteGroup, Inc.","Toll Brothers, Inc.",-2.4665123346507527,0.12383626155805655,0.05,,False,0.7721269110743592,1.0113939765737978,,,,,,,,,,,,,,
US_HOMEBUILDERS,KBH,NVR,KB Home,"NVR, Inc.",-2.136259346874369,0.23018661582340044,0.05,,False,1.3315760860554415,-7.791252242548831,,,,,,,,,,,,,,
US_HOMEBUILDERS,LEN,PHM,Lennar Corporation,"PulteGroup, Inc.",-1.9816487740473767,0.294676981728493,0.05,,False,3.680171068072,-12.787365367368128,,,,,,,,,,,,,,
US_HOMEBUILDERS,DHI,KBH,"D.R. Horton, Inc.",KB Home,-1.8794210753462672,0.3418031446688611,0.05,,False,0.7660578035418306,1.8446910365266591,,,,,,,,,,,,,,
US_HOMEBUILDERS,KBH,PHM,KB Home,"PulteGroup, Inc.",-1.8581138859122763,0.3520147704888864,0.05,,False,1.896451484461302,-4.939673437961858,,,,,,,,,,,,,,
US_HOMEBUILDERS,DHI,MTH,"D.R. Horton, Inc.",Meritage Homes Corporation,-1.753727554953625,0.40366438373945734,0.05,,False,0.9448121340713891,0.9454688128458697,,,,,,,,,,,,,,
US_HOMEBUILDERS,MTH,PHM,Meritage Homes Corporation,"PulteGroup, Inc.",-1.7021917838884344,0.42998355915984066,0.05,,False,1.4467344314251485,-2.6191663899680506,,,,,,,,,,,,,,
US_HOMEBUILDERS,DHI,TOL,"D.R. Horton, Inc.","Toll Brothers, Inc.",-1.5919929339585368,0.4876144802581588,0.05,,False,0.9417923754063924,0.4072566247913123,,,,,,,,,,,,,,
US_HOMEBUILDERS,LEN,TOL,Lennar Corporation,"Toll Brothers, Inc.",-1.5627167451111452,0.5022900851731171,0.05,,False,3.7127505732080808,-13.312586101804541,,,,,,,,,,,,,,
US_HOMEBUILDERS,KBH,LEN,KB Home,Lennar Corporation,-1.5352543492115316,0.5160050661328878,0.05,,False,0.7523685332174134,0.5148069529534771,,,,,,,,,,,,,,
US_HOMEBUILDERS,DHI,LEN,"D.R. Horton, Inc.",Lennar Corporation,-1.4876587178177356,0.5396073215502569,0.05,,False,0.48598311355577933,2.6717952287184823,,,,,,,,,,,,,,
US_HOMEBUILDERS,MTH,TOL,Meritage Homes Corporation,"Toll Brothers, Inc.",-1.4071648257253035,0.5788364316779945,0.05,,False,0.992314140867099,-0.5477612407181889,,,,,,,,,,,,,,
US_HOMEBUILDERS,KBH,TOL,KB Home,"Toll Brothers, Inc.",-1.367444801784793,0.5977801969290996,0.05,,False,1.3718948015445773,-2.571104372672054,,,,,,,,,,,,,,
US_HOMEBUILDERS,MTH,NVR,Meritage Homes Corporation,"NVR, Inc.",-1.3296756547602537,0.6154887068554826,0.05,,False,1.132741906161166,-5.840266343295834,,,,,,,,,,,,,,
US_HOMEBUILDERS,NVR,PHM,"NVR, Inc.","PulteGroup, Inc.",-1.238054979214553,0.6570150295708755,0.05,,False,1.3237796094115424,2.6211636068371744,,,,,,,,,,,,,,
US_HOMEBUILDERS,LEN,MTH,Lennar Corporation,Meritage Homes Corporation,-1.204680435472123,0.6715790728939026,0.05,,False,1.6284349654647647,-2.1979004291168183,,,,,,,,,,,,,,
US_HOMEBUILDERS,DHI,NVR,"D.R. Horton, Inc.","NVR, Inc.",-0.9031619570283722,0.7869293564123775,0.05,,False,1.102740321458697,-4.863247261094229,,,,,,,,,,,,,,
US_HOMEBUILDERS,NVR,TOL,"NVR, Inc.","Toll Brothers, Inc.",-0.10472306853916864,0.9489660608514453,0.05,,False,0.6994378165034604,5.533228792675873,,,,,,,,,,,,,,
US_INSURANCE,ALL,TRV,Allstate Corporation (The),"The Travelers Companies, Inc.",-4.857017690316831,4.2253650228030446e-05,0.05,0.00025369967125161324,True,0.6754074159295617,1.515063095826855,7.373760639537355,0.0002434180851672289,-0.09400185528715979,22.0,-1.055773279710426,3.1814554819666467,False,,0.4,-0.009336993891906217,0.052137743299372596,-0.11730224150495716,True,mixed signal
US_INSURANCE,AIG,PRU,"American International Group, I","Prudential Financial, Inc.",-4.549055144085704,0.00016017460184780338,0.05,0.00025369967125161324,True,-0.5716432139501283,6.970582419773779,8.47208584889505,0.00024317921191872172,-0.08181541038684673,25.0,-1.0543890497048738,2.860431867914016,False,,0.4,0.004287124925143658,0.0954432640605305,-0.378776505246019,True,mixed signal
US_INSURANCE,ALL,GL,Allstate Corporation (The),Globe Life Inc.,-4.438375958649757,0.00025369967125161324,0.05,0.00025369967125161324,True,0.4562380207350224,3.0694414675457966,8.533856946622272,0.0002550741072381658,-0.08122320129051322,26.0,-1.2288673980781852,4.0004331008138285,False,,0.8,-0.0021231672810025602,0.047635863327406325,-0.11543403624009518,True,reversion signs agree
US_INSURANCE,AFL,PGR,AFLAC Incorporated,Progressive Corporation (The),-3.776314425844932,0.0031591613918179728,0.05,0.00025369967125161324,False,-0.2133351433040472,5.809566772214994,,,,,,,,,,,,,,
US_INSURANCE,AFL,CB,AFLAC Incorporated,Chubb Limited,-3.6035086161832557,0.005694303732404395,0.05,0.00025369967125161324,False,0.7458015966817277,0.4302280466963424,,,,,,,,,,,,,,
US_INSURANCE,AFL,TRV,AFLAC Incorporated,"The Travelers Companies, Inc.",-3.5770745114762583,0.006214746019814414,0.05,0.00025369967125161324,False,0.4704699943979635,2.0388747274341315,,,,,,,,,,,,,,
US_INSURANCE,AIG,UNM,"American International Group, I",Unum Group,-3.5092245353985425,0.007753324856530998,0.05,0.00025369967125161324,False,0.22099287244523655,3.3809427940306276,,,,,,,,,,,,,,
US_INSURANCE,AFL,GL,AFLAC Incorporated,Globe Life Inc.,-3.4495107338397086,0.009382487818163292,0.05,0.00025369967125161324,False,0.3077545458145207,3.1700970985597134,,,,,,,,,,,,,,
US_INSURANCE,HIG,PRU,"The Hartford Insurance Group, I","Prudential Financial, Inc.",-3.442737322993257,0.009585425121613294,0.05,0.00025369967125161324,False,-2.6325766355765285,16.991083001426546,,,,,,,,,,,,,,
US_INSURANCE,HIG,PGR,"The Hartford Insurance Group, I",Progressive Corporation (The),-3.4395673500606554,0.009681742393099225,0.05,0.00025369967125161324,False,-1.0892802429421942,10.693599330423833,,,,,,,,,,,,,,
US_INSURANCE,AIG,GL,"American International Group, I",Globe Life Inc.,-3.402560855666444,0.01087188138553232,0.05,0.00025369967125161324,False,0.15665548881069113,3.567257258814312,,,,,,,,,,,,,,
US_INSURANCE,GL,TRV,Globe Life Inc.,"The Travelers Companies, Inc.",-3.3074610984228423,0.014548239556263649,0.05,0.00025369967125161324,False,1.4582527830285303,-3.2838770851242662,,,,,,,,,,,,,,
US_INSURANCE,AIG,LNC,"American International Group, I",Lincoln National Corporation,-3.2615962884153045,0.0166848592368213,0.05,0.00025369967125161324,False,0.20910041516754632,3.586981722651888,,,,,,,,,,,,,,
US_INSURANCE,AFL,PRU,AFLAC Incorporated,"Prudential Financial, Inc.",-3.2336566652374783,0.01811730736680543,0.05,0.00025369967125161324,False,-0.36915884652630226,6.3647743794487965,,,,,,,,,,,,,,
US_INSURANCE,AIG,TRV,"American International Group, I","The Travelers Companies, Inc.",-3.20984415397768,0.019421885557241756,0.05,0.00025369967125161324,False,0.2613246798214008,2.8699695415910402,,,,,,,,,,,,,,
US_INSURANCE,AFL,ALL,AFLAC Incorporated,Allstate Corporation (The),-3.201642955342095,0.019889775260653775,0.05,0.00025369967125161324,False,0.7305678978640145,0.8043343365645113,,,,,,,,,,,,,,
US_INSURANCE,AIG,HIG,"American International Group, I","The Hartford Insurance Group, I",-3.2010089119369063,0.01992635365943695,0.05,0.00025369967125161324,False,0.38266565341635694,2.486752134173063,,,,,,,,,,,,,,
US_INSURANCE,PRU,UNM,"Prudential Financial, Inc.",Unum Group,-3.126671381346976,0.024641323166585866,0.05,0.00025369967125161324,False,-0.1494274530965542,5.268329891295528,,,,,,,,,,,,,,
US_INSURANCE,AIG,PGR,"American International Group, I",Progressive Corporation (The),-3.1073673318904977,0.026012755362576346,0.05,0.00025369967125161324,False,0.2829875243145549,2.791801125354886,,,,,,,,,,,,,,
US_INSURANCE,AIG,ALL,"American International Group, I",Allstate Corporation (The),-3.0637214547719642,0.029357077570344628,0.05,0.00025369967125161324,False,0.4590069073665977,1.9037733930027079,,,,,,,,,,,,,,
US_INSURANCE,GL,PRU,Globe Life Inc.,"Prudential Financial, Inc.",-3.056822300466195,0.02991797103793632,0.05,0.00025369967125161324,False,-6.388683519079257,34.41278454382722,,,,,,,,,,,,,,
US_INSURANCE,AFL,LNC,AFLAC Incorporated,Lincoln National Corporation,-3.0565962109207194,0.029936505425940587,0.05,0.00025369967125161324,False,0.2826368503220382,3.6600214637344877,,,,,,,,,,,,,,
US_INSURANCE,ALL,PRU,Allstate Corporation (The),"Prudential Financial, Inc.",-3.0480784197413304,0.030641943148696907,0.05,0.00025369967125161324,False,-2.2931873485271743,15.891215951029745,,,,,,,,,,,,,,
US_INSURANCE,PRU,TRV,"Prudential Financial, Inc.","The Travelers Companies, Inc.",-3.0209481920984853,0.032983875064307715,0.05,0.00025369967125161324,False,-0.23386117999040373,5.931708835608877,,,,,,,,,,,,,,
US_INSURANCE,HIG,LNC,"The Hartford Insurance Group, I",Lincoln National Corporation,-2.9637256047419127,0.03842365515950389,0.05,0.00025369967125161324,False,0.6463098562254439,2.5235237804218627,,,,,,,,,,,,,,
US_INSURANCE,PGR,TRV,Progressive Corporation (The),"The Travelers Companies, Inc.",-2.9550410115560704,0.03931169258671106,0.05,0.00025369967125161324,False,-0.4255815101986306,7.778064205751187,,,,,,,,,,,,,,
US_INSURANCE,MET,UNM,"MetLife, Inc.",Unum Group,-2.9400641416046414,0.0408835178707457,0.05,0.00025369967125161324,False,0.27176214847904884,3.1759226928168296,,,,,,,,,,,,,,
US_INSURANCE,LNC,PRU,Lincoln National Corporation,"Prudential Financial, Inc.",-2.9171047468471722,0.04339479783486126,0.05,0.00025369967125161324,False,-31.981449753645794,151.63413996510536,,,,,,,,,,,,,,
US_INSURANCE,CB,PGR,Chubb Limited,Progressive Corporation (The),-2.8846357608520954,0.047164043282568645,0.05,0.00025369967125161324,False,-0.600463231173822,8.914267939822466,,,,,,,,,,,,,,
US_INSURANCE,GL,MET,Globe Life Inc.,"MetLife, Inc.",-2.842579855320825,0.05244423187912575,0.05,0.00025369967125161324,False,5.214493834652643,-17.777479230883202,,,,,,,,,,,,,,
US_INSURANCE,AIG,CB,"American International Group, I",Chubb Limited,-2.8414371230059547,0.05259420205193623,0.05,0.00025369967125161324,False,0.33118795208414753,2.4470274340953946,,,,,,,,,,,,,,
US_INSURANCE,LNC,PGR,Lincoln National Corporation,Progressive Corporation (The),-2.8153542229684265,0.05611377746636593,0.05,0.00025369967125161324,False,-3.1011371223463966,20.30238177163024,,,,,,,,,,,,,,
US_INSURANCE,PGR,PRU,Progressive Corporation (The),"Prudential Financial, Inc.",-2.8152790930296256,0.056124185711267024,0.05,0.00025369967125161324,False,40.319322777333205,-181.31653616191875,,,,,,,,,,,,,,
US_INSURANCE,CB,PRU,Chubb Limited,"Prudential Financial, Inc.",-2.8052769984052186,0.05752393109696934,0.05,0.00025369967125161324,False,-2.474271105165259,17.123808550258538,,,,,,,,,,,,,,
US_INSURANCE,ALL,MET,Allstate Corporation (The),"MetLife, Inc.",-2.8016933045538934,0.0580322983646647,0.05,0.00025369967125161324,False,1.6412503707511448,-1.8432430452403308,,,,,,,,,,,,,,
US_INSURANCE,AFL,MET,AFLAC Incorporated,"MetLife, Inc.",-2.7780413576343532,0.06147950860587889,0.05,0.00025369967125161324,False,1.004250563272483,0.30207793045256714,,,,,,,,,,,,,,
US_INSURANCE,AFL,AIG,AFLAC Incorporated,"American International Group, I",-2.730394705260527,0.06892471242633759,0.05,0.00025369967125161324,False,1.8131619071868341,-3.1834957891221034,,,,,,,,,,,,,,
US_INSURANCE,AFL,HIG,AFLAC Incorporated,"The Hartford Insurance Group, I",-2.696416437723297,0.07466043734050377,0.05,0.00025369967125161324,False,0.5692538128028867,1.923255051359094,,,,,,,,,,,,,,
US_INSURANCE,MET,PRU,"MetLife, Inc.","Prudential Financial, Inc.",-2.6769467408128396,0.07811314786651453,0.05,0.00025369967125161324,False,0.8849711235750168,0.23610995279096603,,,,,,,,,,,,,,
US_INSURANCE,GL,PGR,Globe Life Inc.,Progressive Corporation (The),-2.6461851637448657,0.08382239234722366,0.05,0.00025369967125161324,False,-6.05171020386407,37.57382574079076,,,,,,,,,,,,,,
US_INSURANCE,ALL,PGR,Allstate Corporation (The),Progressive Corporation (The),-2.6386684883052047,0.08526569025506886,0.05,0.00025369967125161324,False,-0.1623008347576685,6.149224184306142,,,,,,,,,,,,,,
US_INSURANCE,AFL,UNM,AFLAC Incorporated,Unum Group,-2.6366720486330197,0.08565225733506099,0.05,0.00025369967125161324,False,0.27859616292068484,3.467287533377088,,,,,,,,,,,,,,
US_INSURANCE,MET,TRV,"MetLife, Inc.","The Travelers Companies, Inc.",-2.626559704781742,0.08763121405027718,0.05,0.00025369967125161324,False,0.27678632579207735,2.795429507924027,,,,,,,,,,,,,,
US_INSURANCE,GL,LNC,Globe Life Inc.,Lincoln National Corporation,-2.5274625319248076,0.10893456427196319,0.05,0.00025369967125161324,False,1.326516688365879,0.15499842852431467,,,,,,,,,,,,,,
US_INSURANCE,LNC,MET,Lincoln National Corporation,"MetLife, Inc.",-2.523816313385227,0.10978656639151102,0.05,0.00025369967125161324,False,4.413439033636446,-15.609799137825178,,,,,,,,,,,,,,
US_INSURANCE,MET,PGR,"MetLife, Inc.",Progressive Corporation (The),-2.47151023184748,0.12256095328545252,0.05,0.00025369967125161324,False,0.19037933976630414,3.304385916669498,,,,,,,,,,,,,,
US_INSURANCE,CB,MET,Chubb Limited,"MetLife, Inc.",-2.4683019121244096,0.12337850872651851,0.05,0.00025369967125161324,False,2.3754800031258188,-4.63189199595886,,,,,,,,,,,,,,
US_INSURANCE,LNC,TRV,Lincoln National Corporation,"The Travelers Companies, Inc.",-2.4649329620342697,0.124241274646618,0.05,0.00025369967125161324,False,1.2194687076515955,-3.260603094810023,,,,,,,,,,,,,,
US_INSURANCE,AIG,MET,"American International Group, I","MetLife, Inc.",-2.4011432629049847,0.14141399115430336,0.05,0.00025369967125161324,False,0.5288775500594062,2.0306927616390538,,,,,,,,,,,,,,
US_INSURANCE,HIG,MET,"The Hartford Insurance Group, I","MetLife, Inc.",-2.3474985366111834,0.15710582123873496,0.05,0.00025369967125161324,False,3.6574734525760797,-11.054712140470642,,,,,,,,,,,,,,
US_INSURANCE,GL,HIG,Globe Life Inc.,"The Hartford Insurance Group, I",-2.3099559868196855,0.1687770706481313,0.05,0.00025369967125161324,False,1.8567684064898964,-4.085335005167969,,,,,,,,,,,,,,
US_INSURANCE,ALL,CB,Allstate Corporation (The),Chubb Limited,-2.293916856630202,0.17393741299434717,0.05,0.00025369967125161324,False,1.0244228936969493,-0.5323055394692568,,,,,,,,,,,,,,
US_INSURANCE,ALL,UNM,Allstate Corporation (The),Unum Group,-2.1771892775219035,0.21462834164030725,0.05,0.00025369967125161324,False,0.4858841516380523,3.199317150603955,,,,,,,,,,,,,,
US_INSURANCE,HIG,TRV,"The Hartford Insurance Group, I","The Travelers Companies, Inc.",-2.159913886970586,0.22111460946693323,0.05,0.00025369967125161324,False,0.8126880689899331,0.27973572509397915,,,,,,,,,,,,,,
US_INSURANCE,HIG,UNM,"The Hartford Insurance Group, I",Unum Group,-2.106987155002448,0.24171432927600456,0.05,0.00025369967125161324,False,0.5403531878922165,2.4951597568827943,,,,,,,,,,,,,,
US_INSURANCE,ALL,LNC,Allstate Corporation (The),Lincoln National Corporation,-2.1068771430822393,0.2417582748995165,0.05,0.00025369967125161324,False,0.46499135585381546,3.633823300052066,,,,,,,,,,,,,,
US_INSURANCE,CB,GL,Chubb Limited,Globe Life Inc.,-2.0856627024598735,0.2503186433763719,0.05,0.00025369967125161324,False,0.3848098284441498,3.8080587676962443,,,,,,,,,,,,,,
US_INSURANCE,LNC,UNM,Lincoln National Corporation,Unum Group,-2.0294151172047714,0.2738263524877102,0.05,0.00025369967125161324,False,0.860181571454482,-0.14673546818583905,,,,,,,,,,,,,,
US_INSURANCE,GL,UNM,Globe Life Inc.,Unum Group,-1.9993675054964717,0.28685049481233255,0.05,0.00025369967125161324,False,1.1650900398280637,-0.14216662537207814,,,,,,,,,,,,,,
US_INSURANCE,TRV,UNM,"The Travelers Companies, Inc.",Unum Group,-1.9383615201561817,0.3142353048534227,0.05,0.00025369967125161324,False,0.7523948834666578,2.352983534424561,,,,,,,,,,,,,,
US_INSURANCE,CB,TRV,Chubb Limited,"The Travelers Companies, Inc.",-1.8611161308341713,0.3505684605656828,0.05,0.00025369967125161324,False,0.6344056759620441,2.1370224595050975,,,,,,,,,,,,,,
US_INSURANCE,PGR,UNM,Progressive Corporation (The),Unum Group,-1.7947112888530443,0.3830905352225261,0.05,0.00025369967125161324,False,0.1414143671142659,4.808507101146353,,,,,,,,,,,,,,
US_INSURANCE,CB,LNC,Chubb Limited,Lincoln National Corporation,-1.521984113577768,0.5226094421343157,0.05,0.00025369967125161324,False,0.3311487745179681,4.4990021781838525,,,,,,,,,,,,,,
US_INSURANCE,CB,UNM,Chubb Limited,Unum Group,-1.3380664753170028,0.6115820040262769,0.05,0.00025369967125161324,False,0.3550209950590441,4.1512202717752915,,,,,,,,,,,,,,
US_INSURANCE,CB,HIG,Chubb Limited,"The Hartford Insurance Group, I",-1.1463463964829974,0.6962402867529013,0.05,0.00025369967125161324,False,0.7811931595351918,1.9159330007264526,,,,,,,,,,,,,,
US_INSURANCE,ALL,HIG,Allstate Corporation (The),"The Hartford Insurance Group, I",-0.9039430898342248,0.7866711282048628,0.05,0.00025369967125161324,False,0.8167073339461721,1.3515473443680643,,,,,,,,,,,,,,
US_MEDIA_TELECOM,CHTR,TMUS,"Charter Communications, Inc.","T-Mobile US, Inc.",-2.769429039980721,0.06277504264859154,0.05,,False,4.7354038494436965,-19.753476552338327,,,,,,,,,,,,,,
US_MEDIA_TELECOM,CHTR,VZ,"Charter Communications, Inc.",Verizon Communications Inc.,-2.6235854179947307,0.08821995501652002,0.05,,False,-5.525983801009107,26.017118202494103,,,,,,,,,,,,,,
US_MEDIA_TELECOM,CMCSA,VZ,Comcast Corporation,Verizon Communications Inc.,-2.5940869063271865,0.0942255526170469,0.05,,False,-1.9386078703999023,10.554839887034648,,,,,,,,,,,,,,
US_MEDIA_TELECOM,TMUS,VZ,"T-Mobile US, Inc.",Verizon Communications Inc.,-2.2971239426782226,0.17289723515730737,0.05,,False,-6.942608299661241,30.97324214256301,,,,,,,,,,,,,,
US_MEDIA_TELECOM,CMCSA,TMUS,Comcast Corporation,"T-Mobile US, Inc.",-2.2791046990213215,0.17879570039314063,0.05,,False,1.5608764586240875,-4.964152947049826,,,,,,,,,,,,,,
US_MEDIA_TELECOM,CHTR,T,"Charter Communications, Inc.",AT&T Inc.,-2.0707876581900804,0.2564220692011362,0.05,,False,-9.965364389021053,37.11809990951947,,,,,,,,,,,,,,
US_MEDIA_TELECOM,CHTR,CMCSA,"Charter Communications, Inc.",Comcast Corporation,-2.0196404827399417,0.2780283788931342,0.05,,False,2.893463001845289,-4.215585701691202,,,,,,,,,,,,,,
US_MEDIA_TELECOM,CMCSA,T,Comcast Corporation,AT&T Inc.,-1.5283415842728802,0.5194474966955674,0.05,,False,-0.8369779093209314,6.047498573828747,,,,,,,,,,,,,,
US_MEDIA_TELECOM,T,VZ,AT&T Inc.,Verizon Communications Inc.,-1.341597957640992,0.6099329783516161,0.05,,False,1.8640356049460216,-3.7171283590841355,,,,,,,,,,,,,,
US_MEDIA_TELECOM,T,TMUS,AT&T Inc.,"T-Mobile US, Inc.",-1.207134661046011,0.6705190549853934,0.05,,False,1.4316280241176038,-4.51452769420003,,,,,,,,,,,,,,
US_OIL_GAS,PSX,VLO,Phillips 66,Valero Energy Corporation,-3.9592623084648055,0.0016395087241371635,0.05,,False,0.6157053518524246,1.7618063001319895,,,,,,,,,,,,,,
US_OIL_GAS,DVN,XOM,Devon Energy Corporation,ExxonMobil Holdings Corporation,-3.351085372105374,0.012743772219100755,0.05,,False,1.051428249717486,-1.3971625359714483,,,,,,,,,,,,,,
US_OIL_GAS,COP,DVN,ConocoPhillips,Devon Energy Corporation,-3.1891172621048365,0.020623320166595963,0.05,,False,0.7494452361168134,1.8851798946675462,,,,,,,,,,,,,,
US_OIL_GAS,FANG,OXY,"Diamondback Energy, Inc.",Occidental Petroleum Corporatio,-3.0989976909094503,0.026627452818051508,0.05,,False,1.0331889495665791,1.0825129903563435,,,,,,,,,,,,,,
US_OIL_GAS,APA,DVN,APA Corporation,Devon Energy Corporation,-3.0688782060112523,0.028943722797673276,0.05,,False,1.8078623099033375,-3.348744115917099,,,,,,,,,,,,,,
US_OIL_GAS,EOG,OXY,"EOG Resources, Inc.",Occidental Petroleum Corporatio,-3.0363584724639123,0.031635676468208224,0.05,,False,0.6207336474479156,2.3727273615961746,,,,,,,,,,,,,,
US_OIL_GAS,COP,FANG,ConocoPhillips,"Diamondback Energy, Inc.",-2.944187887051723,0.040445578201792266,0.05,,False,0.8164699857601416,0.4478446465920136,,,,,,,,,,,,,,
US_OIL_GAS,COP,OXY,ConocoPhillips,Occidental Petroleum Corporatio,-2.794723628519141,0.05903142185241909,0.05,,False,0.8428661649054594,1.3343898084558035,,,,,,,,,,,,,,
US_OIL_GAS,APA,CVX,APA Corporation,Chevron Corporation,-2.739658075874627,0.06742348570079583,0.05,,False,2.470073354536649,-9.225595273268892,,,,,,,,,,,,,,
US_OIL_GAS,COP,XOM,ConocoPhillips,ExxonMobil Holdings Corporation,-2.7394027995849686,0.06746450302407297,0.05,,False,0.7567854529162745,0.9864514463210217,,,,,,,,,,,,,,
US_OIL_GAS,PSX,XOM,Phillips 66,ExxonMobil Holdings Corporation,-2.697629796746224,0.07444931653906929,0.05,,False,1.117315174531853,-0.4462966741983445,,,,,,,,,,,,,,
US_OIL_GAS,DVN,VLO,Devon Energy Corporation,Valero Energy Corporation,-2.6518284908998497,0.0827513517664144,0.05,,False,0.4985795726850591,1.088265340055735,,,,,,,,,,,,,,
US_OIL_GAS,MPC,VLO,Marathon Petroleum Corporation,Valero Energy Corporation,-2.6270814241132805,0.08752825707801115,0.05,,False,0.7580587383599228,1.328372561426327,,,,,,,,,,,,,,
US_OIL_GAS,FANG,XOM,"Diamondback Energy, Inc.",ExxonMobil Holdings Corporation,-2.615993345926351,0.08973661469481797,0.05,,False,0.9335005604497084,0.6282882182285539,,,,,,,,,,,,,,
US_OIL_GAS,OXY,XOM,Occidental Petroleum Corporatio,ExxonMobil Holdings Corporation,-2.596486957135432,0.09372551793146294,0.05,,False,0.8803069752339125,-0.3292843760644226,,,,,,,,,,,,,,
US_OIL_GAS,MPC,PSX,Marathon Petroleum Corporation,Phillips 66,-2.5422450146593363,0.10553099115124531,0.05,,False,1.2366854619896837,-0.8674470633171021,,,,,,,,,,,,,,
US_OIL_GAS,EOG,FANG,"EOG Resources, Inc.","Diamondback Energy, Inc.",-2.5180764608794064,0.11113784625865553,0.05,,False,0.5731871508485445,1.862246596734654,,,,,,,,,,,,,,
US_OIL_GAS,APA,PSX,APA Corporation,Phillips 66,-2.5109220205559284,0.11283944524393491,0.05,,False,1.6935189896251768,-5.077711853910374,,,,,,,,,,,,,,
US_OIL_GAS,APA,COP,APA Corporation,ConocoPhillips,-2.497617991498316,0.11605496942415394,0.05,,False,2.50813473973614,-8.335852401702079,,,,,,,,,,,,,,
US_OIL_GAS,APA,XOM,APA Corporation,ExxonMobil Holdings Corporation,-2.492580374552671,0.117290052827217,0.05,,False,1.9527284684374089,-6.121364398132915,,,,,,,,,,,,,,
US_OIL_GAS,OXY,VLO,Occidental Petroleum Corporatio,Valero Energy Corporation,-2.4875297016946747,0.11853804086164549,0.05,,False,0.31748981744818394,2.255621467139238,,,,,,,,,,,,,,
US_OIL_GAS,APA,FANG,APA Corporation,"Diamondback Energy, Inc.",-2.4799475454753073,0.12042984640408178,0.05,,False,2.108634928002838,-7.5207699157245695,,,,,,,,,,,,,,
US_OIL_GAS,CVX,DVN,Chevron Corporation,Devon Energy Corporation,-2.479211816300025,0.12061458890598692,0.05,,False,0.7442058413616072,2.3349134754273213,,,,,,,,,,,,,,
US_OIL_GAS,DVN,PSX,Devon Energy Corporation,Phillips 66,-2.4521446866976624,0.12755629388437661,0.05,,False,0.9283983314035993,-0.9157056790234659,,,,,,,,,,,,,,
US_OIL_GAS,EOG,VLO,"EOG Resources, Inc.",Valero Energy Corporation,-2.442658728920007,0.13005638157141663,0.05,,False,0.19343102823564357,3.79125073651025,,,,,,,,,,,,,,
US_OIL_GAS,APA,OXY,APA Corporation,Occidental Petroleum Corporatio,-2.401215718875237,0.1413935749861585,0.05,,False,2.264125266481726,-5.567911068756965,,,,,,,,,,,,,,
US_OIL_GAS,CVX,XOM,Chevron Corporation,ExxonMobil Holdings Corporation,-2.3397972003838334,0.1594535433672169,0.05,,False,0.832114151432462,1.0591208216039916,,,,,,,,,,,,,,
US_OIL_GAS,CVX,OXY,Chevron Corporation,Occidental Petroleum Corporatio,-2.3145390302768893,0.16732171196913642,0.05,,False,0.8331971918826274,1.8025382999080248,,,,,,,,,,,,,,
US_OIL_GAS,FANG,VLO,"Diamondback Energy, Inc.",Valero Energy Corporation,-2.2976362365515897,0.1727314656631152,0.05,,False,0.36288748807640264,3.237208410343894,,,,,,,,,,,,,,
US_OIL_GAS,COP,VLO,ConocoPhillips,Valero Energy Corporation,-2.2454867702595385,0.19015230821562956,0.05,,False,0.3382776149265341,2.879184843135373,,,,,,,,,,,,,,
US_OIL_GAS,COP,CVX,ConocoPhillips,Chevron Corporation,-2.194296957979334,0.20832183980314617,0.05,,False,0.9292678956083246,-0.07607797668314564,,,,,,,,,,,,,,
US_OIL_GAS,MPC,OXY,Marathon Petroleum Corporation,Occidental Petroleum Corporatio,-2.1874945608083918,0.2108154768844066,0.05,,False,2.0756541923785323,-2.8539989979054727,,,,,,,,,,,,,,
US_OIL_GAS,VLO,XOM,Valero Energy Corporation,ExxonMobil Holdings Corporation,-2.1685355467452565,0.21786273375972687,0.05,,False,1.851933409753279,-3.763385075706199,,,,,,,,,,,,,,
US_OIL_GAS,COP,EOG,ConocoPhillips,"EOG Resources, Inc.",-2.153594568098592,0.22351671494540382,0.05,,False,1.3450082988154657,-1.8261946882166695,,,,,,,,,,,,,,
US_OIL_GAS,EOG,PSX,"EOG Resources, Inc.",Phillips 66,-2.152056041367657,0.22410391855138806,0.05,,False,0.41300614946674796,2.756725768959655,,,,,,,,,,,,,,
US_OIL_GAS,DVN,MPC,Devon Energy Corporation,Marathon Petroleum Corporation,-2.1434228648843785,0.22741613066594885,0.05,,False,0.6914095817585036,0.040979820167247105,,,,,,,,,,,,,,
US_OIL_GAS,FANG,PSX,"Diamondback Energy, Inc.",Phillips 66,-2.1331756007637197,0.23138540894006115,0.05,,False,0.8040720731233708,1.1540377549473537,,,,,,,,,,,,,,
US_OIL_GAS,DVN,FANG,Devon Energy Corporation,"Diamondback Energy, Inc.",-2.1252749892023006,0.23447358681912722,0.05,,False,1.0971389925172346,-1.9569153060778728,,,,,,,,,,,,,,
US_OIL_GAS,APA,VLO,APA Corporation,Valero Energy Corporation,-2.0992836123128806,0.24480276215325825,0.05,,False,1.0220480553550901,-1.9898759691373744,,,,,,,,,,,,,,
US_OIL_GAS,APA,EOG,APA Corporation,"EOG Resources, Inc.",-2.0951942407446693,0.24645140736172189,0.05,,False,4.128430380700416,-16.51486205842224,,,,,,,,,,,,,,
US_OIL_GAS,DVN,OXY,Devon Energy Corporation,Occidental Petroleum Corporatio,-2.094372346756506,0.24678352229259265,0.05,,False,1.140097090501145,-0.794490318840789,,,,,,,,,,,,,,
US_OIL_GAS,CVX,VLO,Chevron Corporation,Valero Energy Corporation,-2.0803120511923523,0.2525045559912612,0.05,,False,0.44262287771239606,2.783872252064441,,,,,,,,,,,,,,
US_OIL_GAS,FANG,MPC,"Diamondback Energy, Inc.",Marathon Petroleum Corporation,-2.0775850819146804,0.25362273733147145,0.05,,False,0.5314652106508673,2.329548925401683,,,,,,,,,,,,,,
US_OIL_GAS,EOG,XOM,"EOG Resources, Inc.",ExxonMobil Holdings Corporation,-2.0382416534809016,0.27006116127299507,0.05,,False,0.4706860880403235,2.528522896278493,,,,,,,,,,,,,,
US_OIL_GAS,CVX,FANG,Chevron Corporation,"Diamondback Energy, Inc.",-2.0360805292761586,0.270980463400608,0.05,,False,0.7865908362596097,1.0301046273111099,,,,,,,,,,,,,,
US_OIL_GAS,OXY,PSX,Occidental Petroleum Corporatio,Phillips 66,-1.9921709651410582,0.2900163736149583,0.05,,False,0.7550536800087314,0.18207952396779126,,,,,,,,,,,,,,
US_OIL_GAS,COP,MPC,ConocoPhillips,Marathon Petroleum Corporation,-1.983618248152576,0.2938017943471597,0.05,,False,0.4514861267384658,2.2593967528392556,,,,,,,,,,,,,,
US_OIL_GAS,DVN,EOG,Devon Energy Corporation,"EOG Resources, Inc.",-1.9378113021153072,0.3144877860692745,0.05,,False,2.031315010451999,-6.08015662044646,,,,,,,,,,,,,,
US_OIL_GAS,CVX,EOG,Chevron Corporation,"EOG Resources, Inc.",-1.8858141403513953,0.33876373116186975,0.05,,False,1.6009337597565647,-2.6152417676682695,,,,,,,,,,,,,,
US_OIL_GAS,COP,PSX,ConocoPhillips,Phillips 66,-1.85153496491059,0.35519248762113387,0.05,,False,0.656368203627196,1.3907267066123667,,,,,,,,,,,,,,
US_OIL_GAS,CVX,PSX,Chevron Corporation,Phillips 66,-1.8327050286296362,0.3643496487347635,0.05,,False,0.7364888049599176,1.4316738300446703,,,,,,,,,,,,,,
US_OIL_GAS,EOG,MPC,"EOG Resources, Inc.",Marathon Petroleum Corporation,-1.8064681665137943,0.37725518997195945,0.05,,False,0.2705017501312704,3.3733024279317076,,,,,,,,,,,,,,
US_OIL_GAS,APA,MPC,APA Corporation,Marathon Petroleum Corporation,-1.749791845801338,0.40565783515079323,0.05,,False,1.4015377386744454,-4.055360780992628,,,,,,,,,,,,,,
US_OIL_GAS,CVX,MPC,Chevron Corporation,Marathon Petroleum Corporation,-1.5814081923780716,0.4929257012287978,0.05,,False,0.5652048500224777,2.104495097206917,,,,,,,,,,,,,,
US_OIL_GAS,MPC,XOM,Marathon Petroleum Corporation,ExxonMobil Holdings Corporation,-1.4279787653578506,0.568791700700074,0.05,,False,1.4258392210011113,-1.628938093201243,,,,,,,,,,,,,,
US_PAYMENTS,AXP,SYF,American Express Company,Synchrony Financial,-2.886454077295554,0.046946031709183704,0.05,,False,0.6956718274865045,2.8202096963937904,,,,,,,,,,,,,,
US_PAYMENTS,MA,SYF,Mastercard Incorporated,Synchrony Financial,-2.254036605675432,0.18722062998453326,0.05,,False,0.25712062384330125,5.197300871030341,,,,,,,,,,,,,,
US_PAYMENTS,AXP,MA,American Express Company,Mastercard Incorporated,-1.9336245197618243,0.316412101185753,0.05,,False,2.292328397109096,-8.65306799850446,,,,,,,,,,,,,,
US_PAYMENTS,SYF,V,Synchrony Financial,Visa Inc.,-1.7756679312783827,0.3926070346821505,0.05,,False,2.73473472478075,-11.623829584050902,,,,,,,,,,,,,,
US_PAYMENTS,MA,V,Mastercard Incorporated,Visa Inc.,-1.746480924704562,0.4073370847480428,0.05,,False,0.7844173304640357,1.7399688780855973,,,,,,,,,,,,,,
US_PAYMENTS,AXP,V,American Express Company,Visa Inc.,-1.6947447697304658,0.43382214344642284,0.05,,False,1.63470893145674,-3.722017765689973,,,,,,,,,,,,,,
US_PHARMA,BMY,MRK,Bristol-Myers Squibb Company,"Merck & Company, Inc.",-4.048137667269184,0.001178398050175618,0.05,0.001178398050175618,True,0.5377053156885359,1.4437471002439173,25.761915289126776,0.0008626279837991054,-0.026905886956801656,63.0,-1.7186563032784197,2.7768480486936418,False,,0.6,0.002476008557505317,0.13724971594271884,0.6610265158346633,False,mixed signal
US_PHARMA,MRK,PFE,"Merck & Company, Inc.","Pfizer, Inc.",-3.7301594055755394,0.003708388677119635,0.05,0.001178398050175618,False,2.6612956981884244,-3.8925932189251693,,,,,,,,,,,,,,
US_PHARMA,AMGN,LLY,Amgen Inc.,Eli Lilly and Company,-3.5374968101518527,0.007074727535978545,0.05,0.001178398050175618,False,0.702621192303287,0.9523699943029653,,,,,,,,,,,,,,
US_PHARMA,ABBV,LLY,AbbVie Inc.,Eli Lilly and Company,-3.2588812282286326,0.01681956219323518,0.05,0.001178398050175618,False,0.7219512903838047,0.38423127650769473,,,,,,,,,,,,,,
US_PHARMA,AMGN,JNJ,Amgen Inc.,Johnson & Johnson,-3.2055176526280635,0.019667509104758396,0.05,0.001178398050175618,False,0.4929109046992337,3.1639747315161877,,,,,,,,,,,,,,
US_PHARMA,ABBV,JNJ,AbbVie Inc.,Johnson & Johnson,-3.203825173454464,0.01976432809861592,0.05,0.001178398050175618,False,0.5488486010543832,2.437890637884331,,,,,,,,,,,,,,
US_PHARMA,AMGN,MRK,Amgen Inc.,"Merck & Company, Inc.",-3.054554946644724,0.03010428794646197,0.05,0.001178398050175618,False,0.5743042150861083,3.0913822685027292,,,,,,,,,,,,,,
US_PHARMA,JNJ,LLY,Johnson & Johnson,Eli Lilly and Company,-2.9477829621225364,0.040066989485386194,0.05,0.001178398050175618,False,1.535176218382433,-5.229609674894541,,,,,,,,,,,,,,
US_PHARMA,LLY,MRK,Eli Lilly and Company,"Merck & Company, Inc.",-2.8895983158132172,0.04657101122516851,0.05,0.001178398050175618,False,0.8285066507582635,2.9935932651838764,,,,,,,,,,,,,,
US_PHARMA,BMY,LLY,Bristol-Myers Squibb Company,Eli Lilly and Company,-2.8687526642678454,0.049104167562883,0.05,0.001178398050175618,False,0.706653670782324,-0.8893672306736606,,,,,,,,,,,,,,
US_PHARMA,JNJ,MRK,Johnson & Johnson,"Merck & Company, Inc.",-2.7964890228428194,0.05877703897678722,0.05,0.001178398050175618,False,1.3438881938139444,-0.9619941839839461,,,,,,,,,,,,,,
US_PHARMA,AMGN,PFE,Amgen Inc.,"Pfizer, Inc.",-2.756393119946117,0.06477772386937046,0.05,0.001178398050175618,False,1.7615375750747695,0.11556440216797803,,,,,,,,,,,,,,
US_PHARMA,JNJ,PFE,Johnson & Johnson,"Pfizer, Inc.",-2.5844152911645866,0.09626127963307007,0.05,0.001178398050175618,False,4.83729421254834,-10.196559478966101,,,,,,,,,,,,,,
US_PHARMA,ABBV,MRK,AbbVie Inc.,"Merck & Company, Inc.",-2.582475721843136,0.09667353966071346,0.05,0.001178398050175618,False,0.3560928625825454,3.648624455129057,,,,,,,,,,,,,,
US_PHARMA,LLY,PFE,Eli Lilly and Company,"Pfizer, Inc.",-2.527831337035094,0.1088486625736163,0.05,0.001178398050175618,False,3.0275900499299504,-2.843667507595896,,,,,,,,,,,,,,
US_PHARMA,ABBV,AMGN,AbbVie Inc.,Amgen Inc.,-2.5143177936112333,0.1120294028315949,0.05,0.001178398050175618,False,1.1430966907793443,-1.2541977294197997,,,,,,,,,,,,,,
US_PHARMA,GILD,PFE,"Gilead Sciences, Inc.","Pfizer, Inc.",-2.4668885132998692,0.12373993678480916,0.05,0.001178398050175618,False,21.887528976789042,-64.84459081185119,,,,,,,,,,,,,,
US_PHARMA,BMY,JNJ,Bristol-Myers Squibb Company,Johnson & Johnson,-2.4526420723833087,0.1274261725297396,0.05,0.001178398050175618,False,0.44318776002519117,1.6062530764092036,,,,,,,,,,,,,,
US_PHARMA,BMY,PFE,Bristol-Myers Squibb Company,"Pfizer, Inc.",-2.3890667319054395,0.14484605073326462,0.05,0.001178398050175618,False,3.524181176323164,-7.295662734087914,,,,,,,,,,,,,,
US_PHARMA,ABBV,GILD,AbbVie Inc.,"Gilead Sciences, Inc.",-2.341032061744626,0.15907548845643793,0.05,0.001178398050175618,False,0.4711287778739294,3.079295328115719,,,,,,,,,,,,,,
US_PHARMA,ABBV,PFE,AbbVie Inc.,"Pfizer, Inc.",-2.257687757443155,0.18597769512918733,0.05,0.001178398050175618,False,3.6242787454392538,-6.236337524536925,,,,,,,,,,,,,,
US_PHARMA,AMGN,BMY,Amgen Inc.,Bristol-Myers Squibb Company,-2.23567972999544,0.19355148608786477,0.05,0.001178398050175618,False,0.7582047398587047,2.7560868218260315,,,,,,,,,,,,,,
US_PHARMA,BMY,GILD,Bristol-Myers Squibb Company,"Gilead Sciences, Inc.",-2.050711671167334,0.2647895987269689,0.05,0.001178398050175618,False,0.38919712709154114,2.083383573504376,,,,,,,,,,,,,,
US_PHARMA,GILD,LLY,"Gilead Sciences, Inc.",Eli Lilly and Company,-2.0342790957934693,0.271748041628062,0.05,0.001178398050175618,False,2.4835285881298876,-12.159301613622741,,,,,,,,,,,,,,
US_PHARMA,AMGN,GILD,Amgen Inc.,"Gilead Sciences, Inc.",-1.951360849259573,0.308298102144323,0.05,0.001178398050175618,False,0.31578685753683317,4.239416325517077,,,,,,,,,,,,,,
US_PHARMA,ABBV,BMY,AbbVie Inc.,Bristol-Myers Squibb Company,-1.6612104799433096,0.4512005886596553,0.05,0.001178398050175618,False,0.8800590454732357,1.84425568111785,,,,,,,,,,,,,,
US_PHARMA,GILD,MRK,"Gilead Sciences, Inc.","Merck & Company, Inc.",-1.519380506821076,0.52390322615288,0.05,0.001178398050175618,False,5.250726145550877,-19.277581185477977,,,,,,,,,,,,,,
US_PHARMA,GILD,JNJ,"Gilead Sciences, Inc.",Johnson & Johnson,-1.1796515191406165,0.6822872980480197,0.05,0.001178398050175618,False,1.120028472086065,-1.1294161757944714,,,,,,,,,,,,,,
US_RAILROADS,CNI,UNP,Canadian National Railway Compa,Union Pacific Corporation,-3.3784778512442903,0.011714809737086922,0.05,,False,1.1535924631131227,-1.6558235129416135,,,,,,,,,,,,,,
US_RAILROADS,CP,UNP,Canadian Pacific Kansas City Li,Union Pacific Corporation,-3.2958250489851477,0.015066129476615208,0.05,,False,0.9275629225865811,-0.6985988827926501,,,,,,,,,,,,,,
US_RAILROADS,CNI,CP,Canadian National Railway Compa,Canadian Pacific Kansas City Li,-3.2471592908212816,0.01741213162189257,0.05,,False,1.2025874089191517,-0.6082034815973767,,,,,,,,,,,,,,
US_RAILROADS,CSX,UNP,CSX Corporation,Union Pacific Corporation,-3.0760244056208634,0.02837912328802968,0.05,,False,2.237325067670621,-8.630598849415996,,,,,,,,,,,,,,
US_RAILROADS,CSX,NSC,CSX Corporation,Norfolk Southern Corporation,-2.736073326083203,0.06800130425086151,0.05,,False,1.1662405232557473,-2.9431588977194214,,,,,,,,,,,,,,
US_RAILROADS,CP,CSX,Canadian Pacific Kansas City Li,CSX Corporation,-2.700148973030244,0.0740124937467378,0.05,,False,0.34480619180315353,3.127137616808902,,,,,,,,,,,,,,
US_RAILROADS,CNI,CSX,Canadian National Railway Compa,CSX Corporation,-2.2853481065428074,0.17673705077734841,0.05,,False,0.3643103049840723,3.331118241644974,,,,,,,,,,,,,,
US_RAILROADS,CP,NSC,Canadian Pacific Kansas City Li,Norfolk Southern Corporation,-2.191543311943986,0.20932905164521803,0.05,,False,0.2527055410983272,2.944046935913926,,,,,,,,,,,,,,
US_RAILROADS,NSC,UNP,Norfolk Southern Corporation,Union Pacific Corporation,-1.6679606021433724,0.44769111175380055,0.05,,False,2.3108410874779977,-7.012981702369191,,,,,,,,,,,,,,
US_RAILROADS,CNI,NSC,Canadian National Railway Compa,Norfolk Southern Corporation,-1.558612748894901,0.5043432544467932,0.05,,False,0.11917052614875626,3.9605381025136657,,,,,,,,,,,,,,
US_REIT,AMT,SPG,American Tower Corporation (REI,"Simon Property Group, Inc.",-4.245259788189917,0.0005518287533542089,0.05,0.0005518287533542089,True,-0.6012602010971865,8.31168224884096,11.513002247928519,0.0003890081266875194,-0.06020559760462654,35.0,-1.4646806804227273,2.9415698320004267,True,2026-10-01 00:00:00,0.6,0.014072543953394653,0.5448186078857618,0.305968053683362,True,reversion signs agree
US_REIT,AMT,WELL,American Tower Corporation (REI,Welltower Inc.,-3.3611950501544765,0.012355039702323526,0.05,0.0005518287533542089,False,-0.23908085425443154,6.44476865567295,,,,,,,,,,,,,,
US_REIT,AMT,PLD,American Tower Corporation (REI,"Prologis, Inc.",-3.3376958985853267,0.013275286207322103,0.05,0.0005518287533542089,False,-0.5323358516846504,7.765075518434932,,,,,,,,,,,,,,
US_REIT,AMT,DLR,American Tower Corporation (REI,"Digital Realty Trust, Inc.",-3.3098530483155217,0.014443746906600068,0.05,0.0005518287533542089,False,-0.7653172349013594,9.132868245109147,,,,,,,,,,,,,,
US_REIT,AMT,O,American Tower Corporation (REI,Realty Income Corporation,-3.2348041624550605,0.018056423137395135,0.05,0.0005518287533542089,False,-1.4620722290064663,11.091828686490198,,,,,,,,,,,,,,
US_REIT,O,PLD,Realty Income Corporation,"Prologis, Inc.",-2.961916647087355,0.038607228209490044,0.05,0.0005518287533542089,False,0.5952117887121101,1.177424831185534,,,,,,,,,,,,,,
US_REIT,AMT,EQIX,American Tower Corporation (REI,"Equinix, Inc.",-2.8954263187778735,0.04588244529504316,0.05,0.0005518287533542089,False,-0.4121746498051026,8.015912311010425,,,,,,,,,,,,,,
US_REIT,EQIX,PSA,"Equinix, Inc.",Public Storage,-2.650239601547239,0.08305182062975064,0.05,0.0005518287533542089,False,2.634870156476976,-8.15385609897345,,,,,,,,,,,,,,
US_REIT,DLR,SPG,"Digital Realty Trust, Inc.","Simon Property Group, Inc.",-2.5222327509910634,0.11015813877457292,0.05,0.0005518287533542089,False,0.7189617744190135,1.4140463017696212,,,,,,,,,,,,,,
US_REIT,PSA,WELL,Public Storage,Welltower Inc.,-2.4888021284885946,0.11822271540813367,0.05,0.0005518287533542089,False,-0.04553849638118283,5.884386314396076,,,,,,,,,,,,,,
US_REIT,O,SPG,Realty Income Corporation,"Simon Property Group, Inc.",-2.398777697729895,0.14208169170911306,0.05,0.0005518287533542089,False,0.5624824618197137,1.1278733001377934,,,,,,,,,,,,,,
US_REIT,DLR,O,"Digital Realty Trust, Inc.",Realty Income Corporation,-2.3851948531656597,0.14595872661054166,0.05,0.0005518287533542089,False,1.4980555046335824,-0.908152984897364,,,,,,,,,,,,,,
US_REIT,DLR,WELL,"Digital Realty Trust, Inc.",Welltower Inc.,-2.370458730292941,0.15024836547026177,0.05,0.0005518287533542089,False,0.2862204402332975,3.644716915678318,,,,,,,,,,,,,,
US_REIT,PSA,SPG,Public Storage,"Simon Property Group, Inc.",-2.333042883693625,0.16153229293337412,0.05,0.0005518287533542089,False,0.1246216181856297,5.016715476493841,,,,,,,,,,,,,,
US_REIT,O,WELL,Realty Income Corporation,Welltower Inc.,-2.310130601774358,0.16872146512667935,0.05,0.0005518287533542089,False,0.2829481062073104,2.574669883799248,,,,,,,,,,,,,,
US_REIT,PLD,SPG,"Prologis, Inc.","Simon Property Group, Inc.",-2.3002813690088466,0.17187724046946273,0.05,0.0005518287533542089,False,0.9804582350613686,-0.26456187304639656,,,,,,,,,,,,,,
US_REIT,DLR,PSA,"Digital Realty Trust, Inc.",Public Storage,-2.2391992456317213,0.19232712868412694,0.05,0.0005518287533542089,False,3.11210736570643,-12.504748870641727,,,,,,,,,,,,,,
US_REIT,DLR,PLD,"Digital Realty Trust, Inc.","Prologis, Inc.",-2.2245726674835957,0.1974481684638008,0.05,0.0005518287533542089,False,0.6182841323379971,2.154406164841563,,,,,,,,,,,,,,
US_REIT,SPG,WELL,"Simon Property Group, Inc.",Welltower Inc.,-2.197682138029179,0.20708778238448422,0.05,0.0005518287533542089,False,0.5037122957659587,2.5687367434572694,,,,,,,,,,,,,,
US_REIT,PLD,PSA,"Prologis, Inc.",Public Storage,-2.1139898144621876,0.23892656310553784,0.05,0.0005518287533542089,False,4.579397522687614,-21.142076132334275,,,,,,,,,,,,,,
US_REIT,EQIX,O,"Equinix, Inc.",Realty Income Corporation,-2.071587267925372,0.25609187936518796,0.05,0.0005518287533542089,False,2.297271552956927,-2.4565519434227507,,,,,,,,,,,,,,
US_REIT,DLR,EQIX,"Digital Realty Trust, Inc.","Equinix, Inc.",-2.002417800689315,0.2855139851223849,0.05,0.0005518287533542089,False,0.7509544326511542,0.027093270541134196,,,,,,,,,,,,,,
US_REIT,PLD,WELL,"Prologis, Inc.",Welltower Inc.,-1.9271578120515607,0.3193950276774944,0.05,0.0005518287533542089,False,0.4211956870543871,2.621362873538695,,,,,,,,,,,,,,
US_REIT,EQIX,SPG,"Equinix, Inc.","Simon Property Group, Inc.",-1.899433780831586,0.3323275249595289,0.05,0.0005518287533542089,False,0.9697552745920095,1.7837075362696755,,,,,,,,,,,,,,
US_REIT,EQIX,PLD,"Equinix, Inc.","Prologis, Inc.",-1.873880898574445,0.3444463347654904,0.05,0.0005518287533542089,False,0.9931661426643952,2.0259872428314427,,,,,,,,,,,,,,
US_REIT,O,PSA,Realty Income Corporation,Public Storage,-1.7394245361574487,0.4109227189282581,0.05,0.0005518287533542089,False,1.5319571985005378,-4.6568930372166655,,,,,,,,,,,,,,
US_REIT,EQIX,WELL,"Equinix, Inc.",Welltower Inc.,-1.5285139307649518,0.519361724808338,0.05,0.0005518287533542089,False,0.2835243726316105,5.310856464986941,,,,,,,,,,,,,,
US_REIT,AMT,PSA,American Tower Corporation (REI,Public Storage,-1.3709882847524828,0.596102990959746,0.05,0.0005518287533542089,False,1.927155234502471,-5.660332714699541,,,,,,,,,,,,,,
US_RETAIL,BBY,KR,"Best Buy Co., Inc.",Kroger Company (The),-3.7917389488732582,0.002992976298113427,0.05,,False,-1.2732465465223886,9.51573196719548,,,,,,,,,,,,,,
US_RETAIL,BBY,COST,"Best Buy Co., Inc.",Costco Wholesale Corporation,-3.5335676874182185,0.007165712209992475,0.05,,False,-3.549299445916847,28.564155269318988,,,,,,,,,,,,,,
US_RETAIL,COST,KR,Costco Wholesale Corporation,Kroger Company (The),-3.23232681814904,0.01818809122475865,0.05,,False,0.47380904024664755,4.891786651257687,,,,,,,,,,,,,,
US_RETAIL,BBY,WMT,"Best Buy Co., Inc.",Walmart Inc.,-3.1708652873087484,0.021734271236886548,0.05,,False,-0.5522109860055306,6.79140227442611,,,,,,,,,,,,,,
US_RETAIL,DG,WMT,Dollar General Corporation,Walmart Inc.,-3.117845140053184,0.025260446200909017,0.05,,False,1.5579044216093967,-2.5334325723163484,,,,,,,,,,,,,,
US_RETAIL,DLTR,WMT,"Dollar Tree, Inc.",Walmart Inc.,-3.0643692628980754,0.02930487539998501,0.05,,False,1.4501702507868797,-2.1172138196444683,,,,,,,,,,,,,,
US_RETAIL,TJX,WMT,"TJX Companies, Inc. (The)",Walmart Inc.,-3.0201134082989283,0.03305827772365727,0.05,,False,0.7181017798629228,1.5890702782589519,,,,,,,,,,,,,,
US_RETAIL,DLTR,TJX,"Dollar Tree, Inc.","TJX Companies, Inc. (The)",-2.9816078255909777,0.03664806340147336,0.05,,False,2.05884690875368,-5.5185615386830715,,,,,,,,,,,,,,
US_RETAIL,BBY,DLTR,"Best Buy Co., Inc.","Dollar Tree, Inc.",-2.9605641244115923,0.03874496237492319,0.05,,False,-0.3398822146785479,5.799842197751246,,,,,,,,,,,,,,
US_RETAIL,DLTR,KR,"Dollar Tree, Inc.",Kroger Company (The),-2.921519933257366,0.04290214305881778,0.05,,False,4.844044175676308,-15.46489321859804,,,,,,,,,,,,,,
US_RETAIL,BBY,DG,"Best Buy Co., Inc.",Dollar General Corporation,-2.920349914854589,0.043032240357881495,0.05,,False,-0.37450982161134777,5.985817259059834,,,,,,,,,,,,,,
US_RETAIL,DG,KR,Dollar General Corporation,Kroger Company (The),-2.8852050459473007,0.04709569765545875,0.05,,False,5.701938419911824,-18.92851701766642,,,,,,,,,,,,,,
US_RETAIL,DG,DLTR,Dollar General Corporation,"Dollar Tree, Inc.",-2.829451206263325,0.054188460603383566,0.05,,False,1.0215207371471817,-0.01984156321396746,,,,,,,,,,,,,,
US_RETAIL,DG,TJX,Dollar General Corporation,"TJX Companies, Inc. (The)",-2.81537601545807,0.05611075870329061,0.05,,False,2.2120015632871852,-6.188452173911686,,,,,,,,,,,,,,
US_RETAIL,COST,TGT,Costco Wholesale Corporation,Target Corporation,-2.804042140196989,0.05769869286881555,0.05,,False,-0.07827346716505072,7.2159348427578305,,,,,,,,,,,,,,
US_RETAIL,COST,DLTR,Costco Wholesale Corporation,"Dollar Tree, Inc.",-2.757541566747704,0.06459925557293152,0.05,,False,0.015342785539785301,6.778100722940722,,,,,,,,,,,,,,
US_RETAIL,COST,DG,Costco Wholesale Corporation,Dollar General Corporation,-2.748815521293987,0.06596521761830149,0.05,,False,0.004960548451238098,6.824754857740479,,,,,,,,,,,,,,
US_RETAIL,COST,ROST,Costco Wholesale Corporation,"Ross Stores, Inc.",-2.726049700225276,0.06963798671840989,0.05,,False,0.1047245050079911,6.316662552519936,,,,,,,,,,,,,,
US_RETAIL,COST,WMT,Costco Wholesale Corporation,Walmart Inc.,-2.7228716471828447,0.07016340618816995,0.05,,False,0.2350225416350782,5.770208616012398,,,,,,,,,,,,,,
US_RETAIL,COST,TJX,Costco Wholesale Corporation,"TJX Companies, Inc. (The)",-2.5871869324609604,0.09567449042226539,0.05,,False,0.2334501276077006,5.708135283416496,,,,,,,,,,,,,,
US_RETAIL,KR,TGT,Kroger Company (The),Target Corporation,-2.5445866550148226,0.1049992567272312,0.05,,False,-0.46564010780349263,6.3189761440177925,,,,,,,,,,,,,,
US_RETAIL,KR,ROST,Kroger Company (The),"Ross Stores, Inc.",-2.4498633143394803,0.12815435937168845,0.05,,False,0.1756692205494244,3.2372415865540587,,,,,,,,,,,,,,
US_RETAIL,BBY,TGT,"Best Buy Co., Inc.",Target Corporation,-2.3105680447377788,0.1685822172233984,0.05,,False,0.5173265312048065,1.8256128882408849,,,,,,,,,,,,,,
US_RETAIL,KR,WMT,Kroger Company (The),Walmart Inc.,-2.274231284068016,0.18041361079370788,0.05,,False,0.47846394791335733,1.9344760488769084,,,,,,,,,,,,,,
US_RETAIL,ROST,WMT,"Ross Stores, Inc.",Walmart Inc.,-2.2485727136153115,0.18909074748864352,0.05,,False,1.055709983405004,0.23033538996289682,,,,,,,,,,,,,,
US_RETAIL,BBY,TJX,"Best Buy Co., Inc.","TJX Companies, Inc. (The)",-2.221419820432057,0.19856334435285328,0.05,,False,-0.8997179871980439,8.651479852075887,,,,,,,,,,,,,,
US_RETAIL,BBY,ROST,"Best Buy Co., Inc.","Ross Stores, Inc.",-2.181660668607972,0.21296877585340213,0.05,,False,-0.3444372810632806,6.006213512123103,,,,,,,,,,,,,,
US_RETAIL,KR,TJX,Kroger Company (The),"TJX Companies, Inc. (The)",-2.0673981591075234,0.25782435944360416,0.05,,False,0.6671752571136147,0.8713730372745059,,,,,,,,,,,,,,
US_RETAIL,DG,TGT,Dollar General Corporation,Target Corporation,-1.8560745116052495,0.3529985946564906,0.05,,False,-2.5093511234405113,16.416296778391626,,,,,,,,,,,,,,
US_RETAIL,ROST,TJX,"Ross Stores, Inc.","TJX Companies, Inc. (The)",-1.8343912957703614,0.36352593194720184,0.05,,False,1.4959580919876547,-2.2318403456827154,,,,,,,,,,,,,,
US_RETAIL,DLTR,ROST,"Dollar Tree, Inc.","Ross Stores, Inc.",-1.8080881696004065,0.3764536000347255,0.05,,False,1.3478821690073561,-2.3029977248872813,,,,,,,,,,,,,,
US_RETAIL,DG,ROST,Dollar General Corporation,"Ross Stores, Inc.",-1.786318404076877,0.3872750693315756,0.05,,False,1.3885938105127984,-2.4317418387598133,,,,,,,,,,,,,,
US_RETAIL,DLTR,TGT,"Dollar Tree, Inc.",Target Corporation,-1.6994889521197967,0.4313758033305885,0.05,,False,-1.9726171269562427,13.813004602226467,,,,,,,,,,,,,,
US_RETAIL,ROST,TGT,"Ross Stores, Inc.",Target Corporation,-1.5938919394465625,0.48666106319804125,0.05,,False,1.2985187779048772,-1.040250839982125,,,,,,,,,,,,,,
US_RETAIL,TGT,WMT,Target Corporation,Walmart Inc.,-1.4675445542761218,0.5495011657976145,0.05,,False,-0.9699532557828384,9.152076306721431,,,,,,,,,,,,,,
US_RETAIL,TGT,TJX,Target Corporation,"TJX Companies, Inc. (The)",-1.242315577994877,0.6551330319775653,0.05,,False,-2.5676541372799613,17.238377299235168,,,,,,,,,,,,,,
US_SEMICONDUCTORS,NVDA,QCOM,NVIDIA Corporation,QUALCOMM Incorporated,-3.6822758599648564,0.004369480947675119,0.05,,False,4.044792999999925,-15.45813043079557,,,,,,,,,,,,,,
US_SEMICONDUCTORS,ADI,MU,"Analog Devices, Inc.","Micron Technology, Inc.",-3.5635231768420095,0.006497922199066292,0.05,,False,0.2931243105733129,4.008457941374097,,,,,,,,,,,,,,
US_SEMICONDUCTORS,AVGO,NVDA,Broadcom Inc.,NVIDIA Corporation,-3.543384001706875,0.0069403515480093905,0.05,,False,1.6009144017463586,-2.51956792862834,,,,,,,,,,,,,,
US_SEMICONDUCTORS,MRVL,QCOM,"Marvell Technology, Inc.",QUALCOMM Incorporated,-3.4051580147310645,0.010784286983675465,0.05,,False,4.903133401880867,-20.352562865546503,,,,,,,,,,,,,,
US_SEMICONDUCTORS,INTC,MU,Intel Corporation,"Micron Technology, Inc.",-3.2143967910634195,0.01916631494541397,0.05,,False,0.7033113959609331,-0.16105565395936905,,,,,,,,,,,,,,
US_SEMICONDUCTORS,ADI,INTC,"Analog Devices, Inc.",Intel Corporation,-3.1911829501009605,0.020500750984670232,0.05,,False,0.40569058621721793,4.113979339525326,,,,,,,,,,,,,,
US_SEMICONDUCTORS,AMD,QCOM,"Advanced Micro Devices, Inc.",QUALCOMM Incorporated,-3.1123037099589945,0.025655956609347087,0.05,,False,5.6916813575187675,-23.676574006134793,,,,,,,,,,,,,,
US_SEMICONDUCTORS,INTC,QCOM,Intel Corporation,QUALCOMM Incorporated,-2.975065729127452,0.037289473400716915,0.05,,False,8.40186410588132,-39.106874506885546,,,,,,,,,,,,,,
US_SEMICONDUCTORS,ON,QCOM,ON Semiconductor Corporation,QUALCOMM Incorporated,-2.9599981743059693,0.03880271807304617,0.05,,False,3.3093920116314552,-12.659431609049271,,,,,,,,,,,,,,
US_SEMICONDUCTORS,MU,QCOM,"Micron Technology, Inc.",QUALCOMM Incorporated,-2.919770899044692,0.04309674392726746,0.05,,False,15.048420085684658,-71.09336232187296,,,,,,,,,,,,,,
US_SEMICONDUCTORS,QCOM,TXN,QUALCOMM Incorporated,Texas Instruments Incorporated,-2.901100445580934,0.04522018019369923,0.05,,False,0.5739564069496867,2.0448940422600974,,,,,,,,,,,,,,
US_SEMICONDUCTORS,MPWR,QCOM,"Monolithic Power Systems, Inc.",QUALCOMM Incorporated,-2.8713044922080075,0.048788100062960894,0.05,,False,4.831132036033681,-17.723122316713173,,,,,,,,,,,,,,
US_SEMICONDUCTORS,ADI,QCOM,"Analog Devices, Inc.",QUALCOMM Incorporated,-2.8034076658000426,0.057788653540767454,0.05,,False,3.7728735695082167,-13.597212876418798,,,,,,,,,,,,,,
US_SEMICONDUCTORS,AVGO,QCOM,Broadcom Inc.,QUALCOMM Incorporated,-2.792796787816121,0.05931008522155824,0.05,,False,10.006425360831097,-45.15771203642742,,,,,,,,,,,,,,
US_SEMICONDUCTORS,AMD,INTC,"Advanced Micro Devices, Inc.",Intel Corporation,-2.635835547489086,0.08581463129678013,0.05,,False,0.7941049243982029,2.411548954869202,,,,,,,,,,,,,,
US_SEMICONDUCTORS,INTC,MPWR,Intel Corporation,"Monolithic Power Systems, Inc.",-2.52551810863516,0.10938829535389183,0.05,,False,1.9220765882582138,-9.520390614032081,,,,,,,,,,,,,,
US_SEMICONDUCTORS,MRVL,TXN,"Marvell Technology, Inc.",Texas Instruments Incorporated,-2.470561640341046,0.12280226330829508,0.05,,False,2.6286845756304804,-9.349522536781404,,,,,,,,,,,,,,
US_SEMICONDUCTORS,AVGO,SWKS,Broadcom Inc.,"Skyworks Solutions, Inc.",-2.4268004145202213,0.13431460912513754,0.05,,False,-2.8786515071566523,17.842183403721403,,,,,,,,,,,,,,
US_SEMICONDUCTORS,NVDA,SWKS,NVIDIA Corporation,"Skyworks Solutions, Inc.",-2.411130067250369,0.13861963996326332,0.05,,False,-1.609708417223698,11.913746287387156,,,,,,,,,,,,,,
US_SEMICONDUCTORS,ADI,SWKS,"Analog Devices, Inc.","Skyworks Solutions, Inc.",-2.3298644243952036,0.1625168980834097,0.05,,False,-1.9791948566085273,13.975644257431401,,,,,,,,,,,,,,
US_SEMICONDUCTORS,AMD,TXN,"Advanced Micro Devices, Inc.",Texas Instruments Incorporated,-2.287331386547264,0.17608641069125008,0.05,,False,3.1958264776107463,-11.664136903165225,,,,,,,,,,,,,,
US_SEMICONDUCTORS,ADI,AMD,"Analog Devices, Inc.","Advanced Micro Devices, Inc.",-2.2868130660653017,0.17625629821969335,0.05,,False,0.49286090205220484,2.974971675463907,,,,,,,,,,,,,,
US_SEMICONDUCTORS,INTC,SWKS,Intel Corporation,"Skyworks Solutions, Inc.",-2.2843304834948697,0.17707151447607905,0.05,,False,-9.192155621087377,42.739231105383276,,,,,,,,,,,,,,
US_SEMICONDUCTORS,MU,SWKS,"Micron Technology, Inc.","Skyworks Solutions, Inc.",-2.2760409030610362,0.17981171615446373,0.05,,False,-10.506413504458003,50.04472067484621,,,,,,,,,,,,,,
US_SEMICONDUCTORS,ADI,MPWR,"Analog Devices, Inc.","Monolithic Power Systems, Inc.",-2.255368243225985,0.18676668476103953,0.05,,False,0.744039519523537,0.49299610252179793,,,,,,,,,,,,,,
US_SEMICONDUCTORS,MRVL,ON,"Marvell Technology, Inc.",ON Semiconductor Corporation,-2.2336434925937945,0.1942621305332884,0.05,,False,1.485685138648149,-1.6134456869502296,,,,,,,,,,,,,,
US_SEMICONDUCTORS,ADI,NVDA,"Analog Devices, Inc.",NVIDIA Corporation,-2.184969418570094,0.2117458469255638,0.05,,False,1.0601131090640468,0.1804489064918915,,,,,,,,,,,,,,
US_SEMICONDUCTORS,INTC,MRVL,Intel Corporation,"Marvell Technology, Inc.",-2.1703006765559425,0.21720059470849035,0.05,,False,1.59125620187667,-3.6820856743704327,,,,,,,,,,,,,,
US_SEMICONDUCTORS,ON,TXN,ON Semiconductor Corporation,Texas Instruments Incorporated,-2.146130889327319,0.2263740250876516,0.05,,False,1.7702525634939321,-5.211872949737676,,,,,,,,,,,,,,
US_SEMICONDUCTORS,AMD,NVDA,"Advanced Micro Devices, Inc.",NVIDIA Corporation,-2.132764950534552,0.23154532647170661,0.05,,False,2.2481397971622736,-6.159496888965666,,,,,,,,,,,,,,
US_SEMICONDUCTORS,AMD,MPWR,"Advanced Micro Devices, Inc.","Monolithic Power Systems, Inc.",-2.1306607014039933,0.23236580185623262,0.05,,False,1.4926586263318422,-4.921185610033456,,,,,,,,,,,,,,
US_SEMICONDUCTORS,AMD,MU,"Advanced Micro Devices, Inc.","Micron Technology, Inc.",-2.1060997091384905,0.2420689623197081,0.05,,False,0.5523249240901171,2.315491399349909,,,,,,,,,,,,,,
US_SEMICONDUCTORS,MPWR,SWKS,"Monolithic Power Systems, Inc.","Skyworks Solutions, Inc.",-2.1010559407445695,0.24409021446880552,0.05,,False,-7.780698900139595,40.00013959034946,,,,,,,,,,,,,,
US_SEMICONDUCTORS,AMD,SWKS,"Advanced Micro Devices, Inc.","Skyworks Solutions, Inc.",-2.0833628871995855,0.25125687501740923,0.05,,False,-15.81234930910559,72.72424302439394,,,,,,,,,,,,,,
US_SEMICONDUCTORS,MPWR,NVDA,"Monolithic Power Systems, Inc.",NVIDIA Corporation,-2.071973225173666,0.2559325876880809,0.05,,False,1.5057477063395128,-0.8276696818836351,,,,,,,,,,,,,,
US_SEMICONDUCTORS,MU,TXN,"Micron Technology, Inc.",Texas Instruments Incorporated,-2.064233663838243,0.2591374021323842,0.05,,False,6.006817453828353,-26.47240101079912,,,,,,,,,,,,,,
US_SEMICONDUCTORS,INTC,TXN,Intel Corporation,Texas Instruments Incorporated,-2.0461791306189245,0.26669916017602147,0.05,,False,3.9765434865378033,-17.47305592283055,,,,,,,,,,,,,,
US_SEMICONDUCTORS,AVGO,INTC,Broadcom Inc.,Intel Corporation,-2.0432951607776024,0.2679180609912636,0.05,,False,0.5396336931390676,3.673465424190136,,,,,,,,,,,,,,
US_SEMICONDUCTORS,AMD,ON,"Advanced Micro Devices, Inc.",ON Semiconductor Corporation,-1.9885506140378586,0.29161570989416774,0.05,,False,1.81127319852945,-2.279738358419145,,,,,,,,,,,,,,
US_SEMICONDUCTORS,INTC,ON,Intel Corporation,ON Semiconductor Corporation,-1.9661253476581557,0.3016205426333577,0.05,,False,2.4961058076111766,-6.791805949533137,,,,,,,,,,,,,,
US_SEMICONDUCTORS,MRVL,SWKS,"Marvell Technology, Inc.","Skyworks Solutions, Inc.",-1.9641318911281325,0.3025179802660359,0.05,,False,-40.41754711318741,177.1851318333058,,,,,,,,,,,,,,
US_SEMICONDUCTORS,MPWR,MU,"Monolithic Power Systems, Inc.","Micron Technology, Inc.",-1.9396706709785525,0.3136349510189931,0.05,,False,0.36599913179450405,4.868939454789633,,,,,,,,,,,,,,
US_SEMICONDUCTORS,INTC,NVDA,Intel Corporation,NVIDIA Corporation,-1.936629115673898,0.3150305829800846,0.05,,False,3.0628177450604217,-11.960556171887525,,,,,,,,,,,,,,
US_SEMICONDUCTORS,MU,ON,"Micron Technology, Inc.",ON Semiconductor Corporation,-1.9337043972934982,0.31637533689913044,0.05,,False,4.008418635739316,-11.315082443424572,,,,,,,,,,,,,,
US_SEMICONDUCTORS,MU,NVDA,"Micron Technology, Inc.",NVIDIA Corporation,-1.9224792554831334,0.32156116622562736,0.05,,False,4.087013090572624,-15.428265712716367,,,,,,,,,,,,,,
US_SEMICONDUCTORS,QCOM,SWKS,QUALCOMM Incorporated,"Skyworks Solutions, Inc.",-1.835795119490629,0.3628407276614328,0.05,,False,0.44781441343907935,3.153347248163951,,,,,,,,,,,,,,
US_SEMICONDUCTORS,AMD,MRVL,"Advanced Micro Devices, Inc.","Marvell Technology, Inc.",-1.8183492295398345,0.3713906118312891,0.05,,False,1.2171525076002054,-0.30373583380939007,,,,,,,,,,,,,,
US_SEMICONDUCTORS,NVDA,ON,NVIDIA Corporation,ON Semiconductor Corporation,-1.8072549341580308,0.37686581548893605,0.05,,False,0.5572697666723685,2.7463281862387423,,,,,,,,,,,,,,
US_SEMICONDUCTORS,AVGO,MPWR,Broadcom Inc.,"Monolithic Power Systems, Inc.",-1.8045030692310466,0.3782283476945999,0.05,,False,1.1923080953181069,-2.511701624842268,,,,,,,,,,,,,,
US_SEMICONDUCTORS,AVGO,MU,Broadcom Inc.,"Micron Technology, Inc.",-1.738680987082852,0.4113010718045931,0.05,,False,0.38438626327608194,3.5615314276292396,,,,,,,,,,,,,,
US_SEMICONDUCTORS,MPWR,ON,"Monolithic Power Systems, Inc.",ON Semiconductor Corporation,-1.7125876562050182,0.42463888580525944,0.05,,False,1.110750583414073,2.191578551499892,,,,,,,,,,,,,,
US_SEMICONDUCTORS,ADI,AVGO,"Analog Devices, Inc.",Broadcom Inc.,-1.6120450641495332,0.47690215110855305,0.05,,False,0.6010073854390273,2.1879969515987936,,,,,,,,,,,,,,
US_SEMICONDUCTORS,ADI,ON,"Analog Devices, Inc.",ON Semiconductor Corporation,-1.5832152611355392,0.4920193281838772,0.05,,False,0.7569122522597527,2.4092774461149045,,,,,,,,,,,,,,
US_SEMICONDUCTORS,ADI,MRVL,"Analog Devices, Inc.","Marvell Technology, Inc.",-1.5764318374883517,0.49542081619102146,0.05,,False,0.5234432153593286,3.1685352225081376,,,,,,,,,,,,,,
US_SEMICONDUCTORS,MRVL,MU,"Marvell Technology, Inc.","Micron Technology, Inc.",-1.5529731598598553,0.5071627283648547,0.05,,False,0.4033234590036584,2.411969634513263,,,,,,,,,,,,,,
US_SEMICONDUCTORS,AVGO,ON,Broadcom Inc.,ON Semiconductor Corporation,-1.542707904626481,0.5122885994735362,0.05,,False,2.2207062750812376,-3.581264116839601,,,,,,,,,,,,,,
US_SEMICONDUCTORS,AMD,AVGO,"Advanced Micro Devices, Inc.",Broadcom Inc.,-1.5027423732937049,0.5321542924598608,0.05,,False,1.3896253063142439,-2.5400572932465266,,,,,,,,,,,,,,
US_SEMICONDUCTORS,NVDA,TXN,NVIDIA Corporation,Texas Instruments Incorporated,-1.4470534711944039,0.5595219850776338,0.05,,False,1.6168210152501346,-3.4766647524463146,,,,,,,,,,,,,,
US_SEMICONDUCTORS,MRVL,NVDA,"Marvell Technology, Inc.",NVIDIA Corporation,-1.425890280023524,0.5698029986320875,0.05,,False,2.351110901842314,-7.349409739694453,,,,,,,,,,,,,,
US_SEMICONDUCTORS,MPWR,TXN,"Monolithic Power Systems, Inc.",Texas Instruments Incorporated,-1.4173546599798765,0.5739283798323428,0.05,,False,2.139381298019894,-4.508731322771468,,,,,,,,,,,,,,
US_SEMICONDUCTORS,ADI,TXN,"Analog Devices, Inc.",Texas Instruments Incorporated,-1.3376470141863912,0.6117776839955431,0.05,,False,1.4450615977772558,-2.089188882861724,,,,,,,,,,,,,,
US_SEMICONDUCTORS,MPWR,MRVL,"Monolithic Power Systems, Inc.","Marvell Technology, Inc.",-1.3316846605398027,0.6145548012372942,0.05,,False,0.7059846811502213,3.5848753778466667,,,,,,,,,,,,,,
US_SEMICONDUCTORS,AVGO,TXN,Broadcom Inc.,Texas Instruments Incorporated,-1.1762913266665445,0.6837105434861088,0.05,,False,3.8143980842636895,-14.540287482806953,,,,,,,,,,,,,,
US_SEMICONDUCTORS,ON,SWKS,ON Semiconductor Corporation,"Skyworks Solutions, Inc.",-1.1436775605414944,0.6973433950571999,0.05,,False,2.8594658499105616,-8.10938686268225,,,,,,,,,,,,,,
US_SEMICONDUCTORS,AVGO,MRVL,Broadcom Inc.,"Marvell Technology, Inc.",-1.0275265209670075,0.7430927268373164,0.05,,False,0.8409009378735726,1.7663925573835533,,,,,,,,,,,,,,
US_SEMICONDUCTORS,SWKS,TXN,"Skyworks Solutions, Inc.",Texas Instruments Incorporated,-0.13297107958548685,0.946053843979871,0.05,,False,3.3909461943990657,-13.580441405474728,,,,,,,,,,,,,,
US_STAPLES,CLX,PG,Clorox Company (The),Procter & Gamble Company (The),-4.389412457147042,0.0003099044203534478,0.05,0.002131342895860562,True,3.4355550740462673,-12.49368863463164,9.124080055674398,-0.00019525342585181399,-0.07596899373201653,27.0,-1.1623091932888283,2.2608408009683334,False,,0.4,-0.05589547986725159,-0.4192214601879509,-0.42590845573731795,False,mixed signal
US_STAPLES,KHC,PG,The Kraft Heinz Company,Procter & Gamble Company (The),-3.922539733133752,0.0018750888229867504,0.05,0.002131342895860562,True,2.456744199261042,-9.126432996231575,11.727872308472175,-5.117038407723104e-05,-0.05910255179528328,35.0,-2.590855114357509,2.7651641265892977,True,2026-10-06 00:00:00,0.6,-0.034425376725913365,-0.2790583629816079,0.17013002604142735,False,mixed signal
US_STAPLES,GIS,PG,"General Mills, Inc.",Procter & Gamble Company (The),-3.887167569364324,0.002131342895860562,0.05,0.002131342895860562,True,4.508889495199116,-18.806118615702317,11.816992560805872,-0.00048016496690243956,-0.05865681788266061,35.0,-1.9835094089765204,2.5794815376977485,False,,0.4,-0.07166817523205497,-0.3924016533434773,-0.09215682601826969,False,mixed signal
US_STAPLES,KMB,PG,Kimberly-Clark Corporation,Procter & Gamble Company (The),-3.6963111035289793,0.004165341985039223,0.05,0.002131342895860562,False,2.5608455008511313,-8.141496998469748,,,,,,,,,,,,,,
US_STAPLES,KO,PG,Coca-Cola Company (The),Procter & Gamble Company (The),-3.592437215418303,0.005907268896980612,0.05,0.002131342895860562,False,-2.459733520589731,16.600397638846367,,,,,,,,,,,,,,
US_STAPLES,CHD,PG,"Church & Dwight Company, Inc.",Procter & Gamble Company (The),-3.1596264005752293,0.02244386595909475,0.05,0.002131342895860562,False,1.466634757150713,-2.8151318284183056,,,,,,,,,,,,,,
US_STAPLES,CLX,KO,Clorox Company (The),Coca-Cola Company (The),-3.118146547549557,0.025239085015669977,0.05,0.002131342895860562,False,-2.388317888817551,14.877635350486793,,,,,,,,,,,,,,
US_STAPLES,HSY,PG,The Hershey Company,Procter & Gamble Company (The),-3.0691693504305166,0.028920534249090076,0.05,0.002131342895860562,False,-4.2388126999569575,26.502609657159518,,,,,,,,,,,,,,
US_STAPLES,HSY,KMB,The Hershey Company,Kimberly-Clark Corporation,-3.0243375884806163,0.032683241060113125,0.05,0.002131342895860562,False,-0.6725550814351028,8.361588212876796,,,,,,,,,,,,,,
US_STAPLES,GIS,KO,"General Mills, Inc.",Coca-Cola Company (The),-2.9157284265279566,0.043549328825045704,0.05,0.002131342895860562,False,-2.817667003112441,15.779389722372038,,,,,,,,,,,,,,
US_STAPLES,KHC,KMB,The Kraft Heinz Company,Kimberly-Clark Corporation,-2.7122443775461784,0.07194331757030525,0.05,0.002131342895860562,False,0.9226203656384965,-1.1415436421676057,,,,,,,,,,,,,,
US_STAPLES,HSY,KHC,The Hershey Company,The Kraft Heinz Company,-2.654447097627396,0.08225800699886754,0.05,0.002131342895860562,False,-0.6458619016950015,7.260350343273215,,,,,,,,,,,,,,
US_STAPLES,CLX,GIS,Clorox Company (The),"General Mills, Inc.",-2.6470664583135837,0.08365442514871385,0.05,0.002131342895860562,False,0.8127873157835375,1.6380694990057894,,,,,,,,,,,,,,
US_STAPLES,MDLZ,PG,"Mondelez International, Inc.",Procter & Gamble Company (The),-2.5869073083628695,0.0957335659755843,0.05,0.002131342895860562,False,1.643628559834145,-4.1755633189585755,,,,,,,,,,,,,,
US_STAPLES,CHD,HSY,"Church & Dwight Company, Inc.",The Hershey Company,-2.575475418538398,0.0981726715953859,0.05,0.002131342895860562,False,-0.3238094357370327,6.240098144694119,,,,,,,,,,,,,,
US_STAPLES,KMB,MDLZ,Kimberly-Clark Corporation,"Mondelez International, Inc.",-2.545148105378678,0.10487206392277687,0.05,0.002131342895860562,False,2.0807261755874014,-3.7770715764682263,,,,,,,,,,,,,,
US_STAPLES,GIS,HSY,"General Mills, Inc.",The Hershey Company,-2.4097343564981375,0.139007786833804,0.05,0.002131342895860562,False,-4.143888199303994,25.30623834699488,,,,,,,,,,,,,,
US_STAPLES,KHC,KO,The Kraft Heinz Company,Coca-Cola Company (The),-2.4087997249740027,0.13926813940015548,0.05,0.002131342895860562,False,-1.5593849193665565,9.819915013780381,,,,,,,,,,,,,,
US_STAPLES,CLX,HSY,Clorox Company (The),The Hershey Company,-2.3741432615533613,0.1491676509919393,0.05,0.002131342895860562,False,-2.9569068926974746,20.08124125129533,,,,,,,,,,,,,,
US_STAPLES,KMB,KO,Kimberly-Clark Corporation,Coca-Cola Company (The),-2.3550392961184845,0.1548302369805341,0.05,0.002131342895860562,False,-1.7129378968377837,11.97688784551244,,,,,,,,,,,,,,
US_STAPLES,CHD,KHC,"Church & Dwight Company, Inc.",The Kraft Heinz Company,-2.3474590178449883,0.15711780726825036,0.05,0.002131342895860562,False,0.48369946252690754,3.0000317657216193,,,,,,,,,,,,,,
US_STAPLES,CHD,KO,"Church & Dwight Company, Inc.",Coca-Cola Company (The),-2.3405056640314705,0.15923657068530223,0.05,0.002131342895860562,False,-0.5357175314300242,6.827459766708082,,,,,,,,,,,,,,
US_STAPLES,HSY,PEP,The Hershey Company,"Pepsico, Inc.",-2.339284270439239,0.15961075883831283,0.05,0.002131342895860562,False,1.4895387042836037,-2.2304872793212933,,,,,,,,,,,,,,
US_STAPLES,HSY,MDLZ,The Hershey Company,"Mondelez International, Inc.",-2.3368566694419144,0.1603562724174657,0.05,0.002131342895860562,False,-8.386024923464122,39.524148942609045,,,,,,,,,,,,,,
US_STAPLES,KO,MDLZ,Coca-Cola Company (The),"Mondelez International, Inc.",-2.3321604006377368,0.16180525373071142,0.05,0.002131342895860562,False,-5.046904710248479,24.896482159077248,,,,,,,,,,,,,,
US_STAPLES,KHC,MDLZ,The Kraft Heinz Company,"Mondelez International, Inc.",-2.328086806896877,0.16306934063957262,0.05,0.002131342895860562,False,1.944278600948406,-4.726955233773968,,,,,,,,,,,,,,
US_STAPLES,CLX,KHC,Clorox Company (The),The Kraft Heinz Company,-2.321514034065467,0.16512311574417154,0.05,0.002131342895860562,False,1.5713452150889928,-0.2910980794377638,,,,,,,,,,,,,,
US_STAPLES,PEP,PG,"Pepsico, Inc.",Procter & Gamble Company (The),-2.231283322770534,0.19508792178372097,0.05,0.002131342895860562,False,4.023640214390032,-15.283177193819911,,,,,,,,,,,,,,
US_STAPLES,CHD,CL,"Church & Dwight Company, Inc.",Colgate-Palmolive Company,-2.2239872860156527,0.19765491768684246,0.05,0.002131342895860562,False,0.9723011098747553,0.22329275670870175,,,,,,,,,,,,,,
US_STAPLES,CHD,CLX,"Church & Dwight Company, Inc.",Clorox Company (The),-2.1608419010343956,0.22076317633644899,0.05,0.002131342895860562,False,0.3358494013251118,2.9551989727499057,,,,,,,,,,,,,,
US_STAPLES,CLX,MDLZ,Clorox Company (The),"Mondelez International, Inc.",-2.155664075831576,0.2227283211696014,0.05,0.002131342895860562,False,4.386647543392208,-13.173626600980663,,,,,,,,,,,,,,
US_STAPLES,CHD,GIS,"Church & Dwight Company, Inc.","General Mills, Inc.",-2.1507539074386974,0.2246016253043518,0.05,0.002131342895860562,False,0.1926171474948441,3.8176803886885864,,,,,,,,,,,,,,
US_STAPLES,GIS,MDLZ,"General Mills, Inc.","Mondelez International, Inc.",-2.1208011995397977,0.23623300908637224,0.05,0.002131342895860562,False,5.142730922545304,-17.18149169896826,,,,,,,,,,,,,,
US_STAPLES,KMB,PEP,Kimberly-Clark Corporation,"Pepsico, Inc.",-2.10933585778803,0.24077721493967857,0.05,0.002131342895860562,False,-9.794719683773575,53.40309171315389,,,,,,,,,,,,,,
US_STAPLES,CHD,MDLZ,"Church & Dwight Company, Inc.","Mondelez International, Inc.",-2.0980672142147876,0.24529249430900418,0.05,0.002131342895860562,False,1.0267551285430876,0.36002336252733347,,,,,,,,,,,,,,
US_STAPLES,CHD,KMB,"Church & Dwight Company, Inc.",Kimberly-Clark Corporation,-2.0934265167934347,0.24716603441923285,0.05,0.002131342895860562,False,0.41983425284090076,2.5733652800789786,,,,,,,,,,,,,,
US_STAPLES,CL,MDLZ,Colgate-Palmolive Company,"Mondelez International, Inc.",-2.078154689695298,0.2533889425008188,0.05,0.002131342895860562,False,1.0476410729180854,0.1748917399605565,,,,,,,,,,,,,,
US_STAPLES,GIS,KHC,"General Mills, Inc.",The Kraft Heinz Company,-2.041188262163413,0.2688104379042817,0.05,0.002131342895860562,False,1.860852933660317,-2.138986952418797,,,,,,,,,,,,,,
US_STAPLES,CL,PG,Colgate-Palmolive Company,Procter & Gamble Company (The),-1.9722584059549628,0.29886769283396697,0.05,0.002131342895860562,False,1.5963161560553327,-3.56737855361228,,,,,,,,,,,,,,
US_STAPLES,CLX,KMB,Clorox Company (The),Kimberly-Clark Corporation,-1.9653585337846866,0.3019656016287666,0.05,0.002131342895860562,False,1.468157613720093,-2.1722156656264877,,,,,,,,,,,,,,
US_STAPLES,CL,KO,Colgate-Palmolive Company,Coca-Cola Company (The),-1.9593135700496507,0.3046925149798321,0.05,0.002131342895860562,False,0.11693917610493575,3.97322451204409,,,,,,,,,,,,,,
US_STAPLES,CLX,PEP,Clorox Company (The),"Pepsico, Inc.",-1.9223202294996735,0.32163491194856086,0.05,0.002131342895860562,False,11.156638147781287,-50.62416671999873,,,,,,,,,,,,,,
US_STAPLES,GIS,PEP,"General Mills, Inc.","Pepsico, Inc.",-1.8975599542989727,0.3332098545005334,0.05,0.002131342895860562,False,12.73709948689042,-59.38562518242579,,,,,,,,,,,,,,
US_STAPLES,CL,HSY,Colgate-Palmolive Company,The Hershey Company,-1.8424896217223348,0.3595799980761194,0.05,0.002131342895860562,False,0.2085337225603838,3.38889814324535,,,,,,,,,,,,,,
US_STAPLES,GIS,KMB,"General Mills, Inc.",Kimberly-Clark Corporation,-1.8069109185652326,0.3770360525986933,0.05,0.002131342895860562,False,1.8061410810559146,-4.6870534573691005,,,,,,,,,,,,,,
US_STAPLES,CL,PEP,Colgate-Palmolive Company,"Pepsico, Inc.",-1.8015877420614301,0.37967370915451915,0.05,0.002131342895860562,False,0.9534730825331819,-0.26965894471874297,,,,,,,,,,,,,,
US_STAPLES,CHD,PEP,"Church & Dwight Company, Inc.","Pepsico, Inc.",-1.772612067380171,0.39414129157470945,0.05,0.002131342895860562,False,0.8486535721702984,0.3506074209776129,,,,,,,,,,,,,,
US_STAPLES,CL,KHC,Colgate-Palmolive Company,The Kraft Heinz Company,-1.6732930377211068,0.44492256136818403,0.05,0.002131342895860562,False,0.5318018392958644,2.7446980251073176,,,,,,,,,,,,,,
US_STAPLES,CL,GIS,Colgate-Palmolive Company,"General Mills, Inc.",-1.6553053438110397,0.45427502050304747,0.05,0.002131342895860562,False,0.19151306129659135,3.7224041801337213,,,,,,,,,,,,,,
US_STAPLES,CL,KMB,Colgate-Palmolive Company,Kimberly-Clark Corporation,-1.623948621597287,0.47065980095850873,0.05,0.002131342895860562,False,0.39036183065302194,2.613705946455172,,,,,,,,,,,,,,
US_STAPLES,CL,CLX,Colgate-Palmolive Company,Clorox Company (The),-1.6153047745863507,0.47519166682194974,0.05,0.002131342895860562,False,0.26222335117299433,3.2088349346373928,,,,,,,,,,,,,,
US_STAPLES,KO,PEP,Coca-Cola Company (The),"Pepsico, Inc.",-1.610740784727142,0.4775867639560726,0.05,0.002131342895860562,False,2.792576728004197,-9.651633694468767,,,,,,,,,,,,,,
US_STAPLES,KHC,PEP,The Kraft Heinz Company,"Pepsico, Inc.",-1.5717200530581756,0.49778201581803105,0.05,0.002131342895860562,False,2.7996418938201693,-10.669209177106257,,,,,,,,,,,,,,
US_STAPLES,MDLZ,PEP,"Mondelez International, Inc.","Pepsico, Inc.",-1.56461185655217,0.5013416071741404,0.05,0.002131342895860562,False,0.6562853962908974,0.8365788806810199,,,,,,,,,,,,,,
US_STAPLES,HSY,KO,The Hershey Company,Coca-Cola Company (The),-1.5455822425714891,0.5108541626134738,0.05,0.002131342895860562,False,1.2676276519237497,-0.18136780243629147,,,,,,,,,,,,,,
US_UTILITIES,PPL,WEC,PPL Corporation,"WEC Energy Group, Inc.",-4.524769887339181,0.00017733823779200614,0.05,0.010666441810886825,True,0.8023718284384861,-0.1932019972204908,8.350071628056634,-8.69734361012385e-05,-0.0830109263052233,25.0,1.0145034400853694,2.5490436774451455,False,,0.8,0.006331069460793395,0.5384349145951554,0.016338527502766764,False,mixed signal
US_UTILITIES,AEP,PEG,American Electric Power Company,Public Service Enterprise Group,-3.99480635944089,0.001437952178623571,0.05,0.010666441810886825,True,15.413267597563635,-62.6760680477474,13.148590875294586,-0.003780132625998569,-0.052716461188424935,39.0,-0.14560960552272612,2.846374796638287,False,,0.8,-0.5301222429465817,-1.1841104263127025,-0.88743198856442,True,reversion signs agree
US_UTILITIES,ES,FE,Eversource Energy (D/B/A),FirstEnergy Corp.,-3.971717447228721,0.0015660668512437856,0.05,0.010666441810886825,True,0.9852801368988406,0.4494932220373369,13.338401881008092,8.420713501868676e-05,-0.05196628402289214,40.0,-1.1496236253414223,3.0560145000768797,False,,0.8,-0.005225537730137176,-0.3696580456628157,-0.08425171368957907,False,mixed signal
US_UTILITIES,FE,PEG,FirstEnergy Corp.,Public Service Enterprise Group,-3.8959974135768993,0.002064502203676192,0.05,0.010666441810886825,True,6.988246484227356,-26.80345742625709,13.686606500449924,-0.0015670682291115067,-0.05064419588136469,41.0,-0.22266018292570985,2.760720178715054,False,,0.8,-0.23616682846171344,-1.2534144391005724,-0.9668086757035266,True,reversion signs agree
US_UTILITIES,AEP,DUK,American Electric Power Company,Duke Energy Corporation (Holdin,-3.894057518273863,0.0020790183759583003,0.05,0.010666441810886825,True,1.9064457999197955,-4.364397231370812,13.796452643171817,-0.0001722854669444795,-0.05024097124727202,41.0,1.3384657739899544,3.0602389227680806,False,,0.6,-0.007812503827223035,-0.452178791185077,-0.5047261033925736,True,reversion signs agree
US_UTILITIES,ES,PEG,Eversource Energy (D/B/A),Public Service Enterprise Group,-3.8842414046205853,0.002153931700509805,0.05,0.010666441810886825,True,8.589872088435273,-33.406044437348605,13.89141938140954,-0.0019866807543285334,-0.04989750590120135,42.0,-0.21604094046010727,2.7161986618990546,False,,0.8,-0.30035009565358867,-1.282359416541483,-0.9755126044772611,True,reversion signs agree
US_UTILITIES,EXC,PEG,Exelon Corporation,Public Service Enterprise Group,-3.8527541311991653,0.002411415166501464,0.05,0.010666441810886825,True,8.453047651179064,-33.2133299648947,13.763442421551591,-0.001866490028421777,-0.05036146912451027,41.0,-0.19585581195623336,2.790595979889001,False,,0.8,-0.2856205180388432,-1.242945639077203,-0.9329472101218292,True,reversion signs agree
US_UTILITIES,ED,PEG,"Consolidated Edison, Inc.",Public Service Enterprise Group,-3.7875693079820403,0.0030370887635793307,0.05,0.010666441810886825,True,6.013937828642945,-21.68819024649545,14.271767456833093,-0.0012738718072530994,-0.04856771823507239,43.0,-0.0735833802213965,2.675246502128964,False,,0.8,-0.2000779368100944,-1.174456955166815,-0.8742402810893248,True,reversion signs agree
US_UTILITIES,PEG,XEL,Public Service Enterprise Group,Xcel Energy Inc.,-3.7811622431123832,0.0031060384103577714,0.05,0.010666441810886825,True,0.14955880478194622,3.7366403324712834,13.723651106994133,0.00016990951711935067,-0.05050749069296065,41.0,0.20467286385292977,2.7702586739724717,False,,0.8,0.033348717827190254,1.2885476829670526,0.9646136869403057,True,reversion signs agree
US_UTILITIES,PPL,XEL,PPL Corporation,Xcel Energy Inc.,-3.7415128475060793,0.0035657156366314877,0.05,0.010666441810886825,True,0.7004998258627858,0.5443653726754185,12.711765896110748,-6.929844426000323e-07,-0.054528000769115674,38.0,1.1930757185660965,2.757351520000964,False,,0.6,0.008269219485306335,1.2912572529566961,0.8025541675266058,False,mixed signal
US_UTILITIES,AEE,PEG,Ameren Corporation,Public Service Enterprise Group,-3.711997347972013,0.0039475307394677495,0.05,0.010666441810886825,True,6.923078809214089,-25.702545967687946,14.210406203268967,-0.0011033674049740745,-0.04877743610175573,43.0,-0.1473491558196779,2.690588181764474,False,,0.8,-0.23010657196855616,-1.2226684034762507,-0.9021390633847157,True,reversion signs agree
US_UTILITIES,PEG,WEC,Public Service Enterprise Group,"WEC Energy Group, Inc.",-3.701080457858161,0.004097982174284918,0.05,0.010666441810886825,True,0.1643849164266255,3.611083391227614,14.161432939517574,0.0001573634440831282,-0.048946118907622224,42.0,0.15487746415487197,2.762604064007503,False,,0.8,0.0333648691597629,1.208341825642351,0.8825605813631023,True,reversion signs agree
US_UTILITIES,D,PEG,"Dominion Energy, Inc.",Public Service Enterprise Group,-3.6887561365209343,0.004274117785953348,0.05,0.010666441810886825,True,4.970703017467639,-17.70256591117816,14.546740729504025,-0.0006822043622900588,-0.04764965523542251,44.0,-0.2782676256952361,2.6105798311126733,False,,0.8,-0.16170579030334037,-1.3296848640132521,-0.9679876496536082,True,reversion signs agree
US_UTILITIES,DUK,SO,Duke Energy Corporation (Holdin,Southern Company (The),-3.662675275047742,0.004669865315476389,0.05,0.010666441810886825,True,1.1667004595543766,-0.46949716791704343,13.127933832666812,-3.2238593002127016e-05,-0.052799411498796314,39.0,-0.06712981872543151,2.190027511821818,False,,0.8,-0.004863779200113829,-0.5576174737650398,-0.2701603296918513,True,reversion signs agree
US_UTILITIES,PEG,PPL,Public Service Enterprise Group,PPL Corporation,-3.5661166149299737,0.0064428415428836785,0.05,0.010666441810886825,True,0.25192815212419617,3.485722269604343,14.987473705941015,0.00014509973247877993,-0.04624843346915649,45.0,0.039078209199953994,2.518650905680617,False,,0.8,0.03131142059907385,1.2262462400896514,0.9335877500580574,True,reversion signs agree
US_UTILITIES,DUK,PEG,Duke Energy Corporation (Holdin,Public Service Enterprise Group,-3.5627399027096294,0.006514641290735766,0.05,0.010666441810886825,True,3.846939741804033,-12.072043644735743,15.291622920158312,-0.0005821014291792692,-0.04532855565292537,46.0,-0.18908578450002975,2.5745544496039043,False,,0.8,-0.12639785165862832,-1.2585706611485294,-0.9222174219065864,True,reversion signs agree
US_UTILITIES,EXC,WEC,Exelon Corporation,"WEC Energy Group, Inc.",-3.408681931876801,0.010666441810886825,0.05,0.010666441810886825,True,0.9766183676834339,-0.7852251569334028,13.216498058465445,-0.00015486631637064824,-0.05244560075548681,40.0,-0.6799474087050058,3.2668073180900628,False,,0.8,0.002126852715508983,0.2362424091035079,-0.11688142649036493,True,reversion signs agree
US_UTILITIES,PEG,SO,Public Service Enterprise Group,Southern Company (The),-3.349022632542776,0.012824406518192043,0.05,0.010666441810886825,False,0.41227097533555745,2.529893381697394,,,,,,,,,,,,,,
US_UTILITIES,EXC,PPL,Exelon Corporation,PPL Corporation,-3.2432185924325636,0.01761540861942948,0.05,0.010666441810886825,False,1.2249041971022359,-0.5771976827026561,,,,,,,,,,,,,,
US_UTILITIES,AEP,D,American Electric Power Company,"Dominion Energy, Inc.",-3.1790299264315056,0.021231051667850973,0.05,0.010666441810886825,False,1.5044139474294675,-1.3762737577980566,,,,,,,,,,,,,,
US_UTILITIES,DUK,FE,Duke Energy Corporation (Holdin,FirstEnergy Corp.,-3.1668483958177758,0.02198562184228762,0.05,0.010666441810886825,False,0.7446755279388221,1.9591823847061063,,,,,,,,,,,,,,
US_UTILITIES,WEC,XEL,"WEC Energy Group, Inc.",Xcel Energy Inc.,-3.154014728864039,0.022805619896856685,0.05,0.010666441810886825,False,0.8787613966608756,0.8950344552667491,,,,,,,,,,,,,,
US_UTILITIES,DUK,ES,Duke Energy Corporation (Holdin,Eversource Energy (D/B/A),-3.1264682277058853,0.024655425168513302,0.05,0.010666441810886825,False,0.7447909942989126,1.6648330243144844,,,,,,,,,,,,,,
US_UTILITIES,ES,SO,Eversource Energy (D/B/A),Southern Company (The),-3.121198390301319,0.025023670693194628,0.05,0.010666441810886825,False,1.6160000707812656,-3.0865588686689653,,,,,,,,,,,,,,
US_UTILITIES,DUK,PPL,Duke Energy Corporation (Holdin,PPL Corporation,-3.111824206190148,0.025690429376682818,0.05,0.010666441810886825,False,0.8473483388128664,1.7642882786819203,,,,,,,,,,,,,,
US_UTILITIES,DUK,EXC,Duke Energy Corporation (Holdin,Exelon Corporation,-3.080372827718303,0.028040197507508583,0.05,0.010666441810886825,False,0.6931688537099343,2.1583646657442856,,,,,,,,,,,,,,
US_UTILITIES,AEP,ES,American Electric Power Company,Eversource Energy (D/B/A),-3.057548959592162,0.029858467150972783,0.05,0.010666441810886825,False,1.5190189728921206,-1.5989962064462437,,,,,,,,,,,,,,
US_UTILITIES,D,ES,"Dominion Energy, Inc.",Eversource Energy (D/B/A),-3.023450084737311,0.032761735788246524,0.05,0.010666441810886825,False,0.986924130627763,-0.0541396872237252,,,,,,,,,,,,,,
US_UTILITIES,DUK,WEC,Duke Energy Corporation (Holdin,"WEC Energy Group, Inc.",-2.9768147690282802,0.037117073738378165,0.05,0.010666441810886825,False,0.6749685736620108,1.623257233004718,,,,,,,,,,,,,,
US_UTILITIES,AEP,SO,American Electric Power Company,Southern Company (The),-2.8902268179246247,0.04649634626974217,0.05,0.010666441810886825,False,2.3612651467937913,-5.870617434619651,,,,,,,,,,,,,,
US_UTILITIES,PPL,SO,PPL Corporation,Southern Company (The),-2.872754341474825,0.04860927081393491,0.05,0.010666441810886825,False,1.4039018946861257,-2.7567193551856897,,,,,,,,,,,,,,
US_UTILITIES,DUK,XEL,Duke Energy Corporation (Holdin,Xcel Energy Inc.,-2.8490589932361177,0.05160052991380064,0.05,0.010666441810886825,False,0.5833969289985793,2.26854568522773,,,,,,,,,,,,,,
US_UTILITIES,AEE,EXC,Ameren Corporation,Exelon Corporation,-2.825655607225991,0.05470146747355711,0.05,0.010666441810886825,False,1.1408320237219995,0.3032113098783391,,,,,,,,,,,,,,
US_UTILITIES,AEE,DUK,Ameren Corporation,Duke Energy Corporation (Holdin,-2.7592436922166286,0.06433547192371529,0.05,0.010666441810886825,False,1.664988268132026,-3.3398184995593674,,,,,,,,,,,,,,
US_UTILITIES,AEE,WEC,Ameren Corporation,"WEC Energy Group, Inc.",-2.7024226779093308,0.07361997739846309,0.05,0.010666441810886825,False,1.1087779049462272,-0.5678011479375584,,,,,,,,,,,,,,
US_UTILITIES,AEP,FE,American Electric Power Company,FirstEnergy Corp.,-2.659325348681403,0.08134506863607027,0.05,0.010666441810886825,False,1.4631124946284104,-0.7911801831950793,,,,,,,,,,,,,,
US_UTILITIES,EXC,XEL,Exelon Corporation,Xcel Energy Inc.,-2.6401903029281777,0.0849719348962844,0.05,0.010666441810886825,False,0.8509495896284855,0.11959071328197668,,,,,,,,,,,,,,
US_UTILITIES,AEP,PPL,American Electric Power Company,PPL Corporation,-2.612103825948056,0.09052136777138864,0.05,0.010666441810886825,False,1.6738427586160627,-1.2056577430950162,,,,,,,,,,,,,,
US_UTILITIES,AEP,WEC,American Electric Power Company,"WEC Energy Group, Inc.",-2.6014068578047036,0.09270684702170712,0.05,0.010666441810886825,False,1.3112922085929009,-1.3826848055827288,,,,,,,,,,,,,,
US_UTILITIES,AEE,PPL,Ameren Corporation,PPL Corporation,-2.5941634010004107,0.09420958401624702,0.05,0.010666441810886825,False,1.3874276144128956,-0.3202825650081529,,,,,,,,,,,,,,
US_UTILITIES,AEE,SO,Ameren Corporation,Southern Company (The),-2.5916711380816966,0.09473092142261186,0.05,0.010666441810886825,False,2.031405492439465,-4.517897866745489,,,,,,,,,,,,,,
US_UTILITIES,AEE,XEL,Ameren Corporation,Xcel Energy Inc.,-2.586426690299126,0.09583517014573184,0.05,0.010666441810886825,False,0.9767663034709606,0.4143847512564953,,,,,,,,,,,,,,
US_UTILITIES,ED,ES,"Consolidated Edison, Inc.",Eversource Energy (D/B/A),-2.569169712007876,0.09953813267886924,0.05,0.010666441810886825,False,0.691809324230549,1.7342878702661726,,,,,,,,,,,,,,
US_UTILITIES,D,SO,"Dominion Energy, Inc.",Southern Company (The),-2.5585861770429426,0.10186225666355181,0.05,0.010666441810886825,False,1.5656582680726683,-2.970042880983735,,,,,,,,,,,,,,
US_UTILITIES,EXC,SO,Exelon Corporation,Southern Company (The),-2.53473473600043,0.1072500643674495,0.05,0.010666441810886825,False,1.73160940230265,-4.007280439596351,,,,,,,,,,,,,,
US_UTILITIES,AEE,AEP,Ameren Corporation,American Electric Power Company,-2.4902339422087265,0.11786863062570596,0.05,0.010666441810886825,False,0.8576857558659725,0.5448218761492725,,,,,,,,,,,,,,
US_UTILITIES,D,FE,"Dominion Energy, Inc.",FirstEnergy Corp.,-2.4604829446116994,0.1253876254488394,0.05,0.010666441810886825,False,0.9723507844839802,0.38964730394598,,,,,,,,,,,,,,
US_UTILITIES,SO,WEC,Southern Company (The),"WEC Energy Group, Inc.",-2.4533858931212595,0.1272317608221068,0.05,0.010666441810886825,False,0.5651271369150548,1.8555082399354377,,,,,,,,,,,,,,
US_UTILITIES,SO,XEL,Southern Company (The),Xcel Energy Inc.,-2.4347629982043273,0.13216418262475277,0.05,0.010666441810886825,False,0.47520593479534196,2.451799322091887,,,,,,,,,,,,,,
US_UTILITIES,AEP,ED,American Electric Power Company,"Consolidated Edison, Inc.",-2.4105850343568327,0.13877112161227678,0.05,0.010666441810886825,False,2.0979369982531,-4.958611204213615,,,,,,,,,,,,,,
US_UTILITIES,ES,XEL,Eversource Energy (D/B/A),Xcel Energy Inc.,-2.406673512165426,0.13986171164903782,0.05,0.010666441810886825,False,0.7292687684129852,1.0389815342438662,,,,,,,,,,,,,,
US_UTILITIES,D,DUK,"Dominion Energy, Inc.",Duke Energy Corporation (Holdin,-2.353969746283506,0.15515160136927414,0.05,0.010666441810886825,False,1.3061395689389632,-2.170434140573162,,,,,,,,,,,,,,
US_UTILITIES,ES,WEC,Eversource Energy (D/B/A),"WEC Energy Group, Inc.",-2.2985274620512506,0.17244333415435914,0.05,0.010666441810886825,False,0.8460705297021045,0.22158885751431168,,,,,,,,,,,,,,
US_UTILITIES,ES,EXC,Eversource Energy (D/B/A),Exelon Corporation,-2.27019591192456,0.18176059378070547,0.05,0.010666441810886825,False,0.872812151193253,0.8777467306670061,,,,,,,,,,,,,,
US_UTILITIES,ES,PPL,Eversource Energy (D/B/A),PPL Corporation,-2.2488926164614864,0.18898092176299058,0.05,0.010666441810886825,False,1.134833143981258,0.14358207285700386,,,,,,,,,,,,,,
US_UTILITIES,FE,XEL,FirstEnergy Corp.,Xcel Energy Inc.,-2.2332686759049984,0.1943931235777649,0.05,0.010666441810886825,False,0.7547898064701027,0.5364715070630766,,,,,,,,,,,,,,
US_UTILITIES,FE,PPL,FirstEnergy Corp.,PPL Corporation,-2.224704732948533,0.19740154372899943,0.05,0.010666441810886825,False,1.1402664730815586,-0.2700966461711287,,,,,,,,,,,,,,
US_UTILITIES,AEP,XEL,American Electric Power Company,Xcel Energy Inc.,-2.2137594103699154,0.20128953944208866,0.05,0.010666441810886825,False,1.1377286256615784,-0.14738522890893258,,,,,,,,,,,,,,
US_UTILITIES,FE,SO,FirstEnergy Corp.,Southern Company (The),-2.208202062563192,0.203282060948473,0.05,0.010666441810886825,False,1.6552369237883893,-3.6562073252250307,,,,,,,,,,,,,,
US_UTILITIES,ED,SO,"Consolidated Edison, Inc.",Southern Company (The),-2.1966391624986765,0.2074675075634752,0.05,0.010666441810886825,False,1.1903179124761956,-0.7237565658155356,,,,,,,,,,,,,,
US_UTILITIES,AEE,ES,Ameren Corporation,Eversource Energy (D/B/A),-2.1903311919302073,0.20977337338797292,0.05,0.010666441810886825,False,1.3650220196346796,-1.0828994716796174,,,,,,,,,,,,,,
US_UTILITIES,ED,FE,"Consolidated Edison, Inc.",FirstEnergy Corp.,-2.1399695595539563,0.22874919442962904,0.05,0.010666441810886825,False,0.7034732180513427,1.9638277234432513,,,,,,,,,,,,,,
US_UTILITIES,D,XEL,"Dominion Energy, Inc.",Xcel Energy Inc.,-2.1218712104155935,0.2358114990537939,0.05,0.010666441810886825,False,0.7425824460254883,0.8746716800277565,,,,,,,,,,,,,,
US_UTILITIES,AEE,D,Ameren Corporation,"Dominion Energy, Inc.",-2.069682309438945,0.2568789015072347,0.05,0.010666441810886825,False,1.319615668037901,-0.7531908425445293,,,,,,,,,,,,,,
US_UTILITIES,ED,EXC,"Consolidated Edison, Inc.",Exelon Corporation,-2.062667178114927,0.2597887522356265,0.05,0.010666441810886825,False,0.6532823402275402,2.1576906872364874,,,,,,,,,,,,,,
US_UTILITIES,FE,WEC,FirstEnergy Corp.,"WEC Energy Group, Inc.",-1.9314989104377303,0.31739115979547095,0.05,0.010666441810886825,False,0.8670854840148088,-0.2699134911728187,,,,,,,,,,,,,,
US_UTILITIES,D,PPL,"Dominion Energy, Inc.",PPL Corporation,-1.9218984354855275,0.3218305494875958,0.05,0.010666441810886825,False,1.104169275492708,0.1430371928431069,,,,,,,,,,,,,,
US_UTILITIES,AEE,FE,Ameren Corporation,FirstEnergy Corp.,-1.9138618317145382,0.3255684291818941,0.05,0.010666441810886825,False,1.310233807949549,-0.3400234452113713,,,,,,,,,,,,,,
US_UTILITIES,AEP,EXC,American Electric Power Company,Exelon Corporation,-1.911159277275531,0.32682978235149185,0.05,0.010666441810886825,False,1.3401240676483102,-0.31885060471314386,,,,,,,,,,,,,,
US_UTILITIES,D,ED,"Dominion Energy, Inc.","Consolidated Edison, Inc.",-1.907489716889298,0.32854595637254735,0.05,0.010666441810886825,False,1.397654916478392,-2.3955884669419447,,,,,,,,,,,,,,
US_UTILITIES,AEE,ED,Ameren Corporation,"Consolidated Edison, Inc.",-1.8972482829874326,0.33335671053479343,0.05,0.010666441810886825,False,1.8652832291361707,-4.0103597994996285,,,,,,,,,,,,,,
US_UTILITIES,D,WEC,"Dominion Energy, Inc.","WEC Energy Group, Inc.",-1.8128699713091379,0.3740910892955248,0.05,0.010666441810886825,False,0.8500018325661995,0.09543423454708488,,,,,,,,,,,,,,
US_UTILITIES,ED,PPL,"Consolidated Edison, Inc.",PPL Corporation,-1.812081830241816,0.3744801122445178,0.05,0.010666441810886825,False,0.809093030657961,1.7494732958352417,,,,,,,,,,,,,,
US_UTILITIES,DUK,ED,Duke Energy Corporation (Holdin,"Consolidated Edison, Inc.",-1.8000581114096808,0.3804328432863604,0.05,0.010666441810886825,False,1.0036917510852472,0.13198494348233414,,,,,,,,,,,,,,
US_UTILITIES,ED,XEL,"Consolidated Edison, Inc.",Xcel Energy Inc.,-1.7521763907899606,0.40444970368448774,0.05,0.010666441810886825,False,0.4917997536457868,2.5068119056757294,,,,,,,,,,,,,,
US_UTILITIES,ED,WEC,"Consolidated Edison, Inc.","WEC Energy Group, Inc.",-1.7335938741374408,0.41389227297819153,0.05,0.010666441810886825,False,0.6166334863773163,1.7432416709759395,,,,,,,,,,,,,,
US_UTILITIES,EXC,FE,Exelon Corporation,FirstEnergy Corp.,-1.707943446766173,0.4270244914187408,0.05,0.010666441810886825,False,1.1178641974194243,-0.44968956649672975,,,,,,,,,,,,,,
US_UTILITIES,D,EXC,"Dominion Energy, Inc.",Exelon Corporation,-1.4909288504002236,0.5379938391314346,0.05,0.010666441810886825,False,0.8657608469849718,0.7959201296095051,,,,,,,,,,,,,,
