sector,ticker_a,ticker_b,name_a,name_b,eg_adf_stat,eg_pvalue,fdr_level,bh_critical_pvalue,passes_bh,hedge_ratio_beta,intercept_alpha,half_life_days,ar1_alpha,ar1_beta,zscore_window,latest_zscore,max_abs_zscore,threshold_breached,breach_date,ar1_sign_agreement_recent,ar1_latest_residual,zscore_delta_latest,zscore_delta2_latest,zscore_turning_recent,momentum_read
CA_BANKS,BNS.TO,RY.TO,BANK OF NOVA SCOTIA,ROYAL BANK OF CANADA,-3.33475712704617,0.013394537694374918,0.05,,False,1.1125551853579185,-1.4519927245609443,,,,,,,,,,,,,,
CA_BANKS,NA.TO,RY.TO,NATIONAL BANK OF CANADA,ROYAL BANK OF CANADA,-3.1086932961558977,0.02591649901541402,0.05,,False,1.0974878105455825,-0.7781674535828706,,,,,,,,,,,,,,
CA_BANKS,CM.TO,NA.TO,CANADIAN IMPERIAL BANK OF COMME,NATIONAL BANK OF CANADA,-2.7321889599163907,0.06863187226838546,0.05,,False,1.2658968826190264,-1.67708961877302,,,,,,,,,,,,,,
CA_BANKS,BNS.TO,NA.TO,BANK OF NOVA SCOTIA,NATIONAL BANK OF CANADA,-2.591542455468489,0.09475789934053586,0.05,,False,1.0150408290731656,-0.669632298631833,,,,,,,,,,,,,,
CA_BANKS,BNS.TO,CM.TO,BANK OF NOVA SCOTIA,CANADIAN IMPERIAL BANK OF COMME,-2.480004910681437,0.12041545065921322,0.05,,False,0.8019211810819218,0.6747236223764093,,,,,,,,,,,,,,
CA_BANKS,BMO.TO,CM.TO,BANK OF MONTREAL,CANADIAN IMPERIAL BANK OF COMME,-2.3198805039252,0.16563625442761748,0.05,,False,0.8637328051378943,1.0425875993540528,,,,,,,,,,,,,,
CA_BANKS,RY.TO,TD.TO,ROYAL BANK OF CANADA,TORONTO-DOMINION BANK,-2.27287759384003,0.18086472821422922,0.05,,False,0.7210387085237687,1.9195808256865097,,,,,,,,,,,,,,
CA_BANKS,CM.TO,TD.TO,CANADIAN IMPERIAL BANK OF COMME,TORONTO-DOMINION BANK,-2.1997910105291125,0.20632131672060383,0.05,,False,1.0073302910280524,-0.02083249751289795,,,,,,,,,,,,,,
CA_BANKS,BMO.TO,TD.TO,BANK OF MONTREAL,TORONTO-DOMINION BANK,-2.177165830600231,0.21463706495362994,0.05,,False,0.8677642977536787,1.035112051221967,,,,,,,,,,,,,,
CA_BANKS,BMO.TO,RY.TO,BANK OF MONTREAL,ROYAL BANK OF CANADA,-2.1190007396780723,0.23694326194997456,0.05,,False,1.2037184995782964,-1.2762698738725629,,,,,,,,,,,,,,
CA_BANKS,BMO.TO,NA.TO,BANK OF MONTREAL,NATIONAL BANK OF CANADA,-2.060064508071939,0.26087295103594105,0.05,,False,1.0978218613945536,-0.4278634794505143,,,,,,,,,,,,,,
CA_BANKS,CM.TO,RY.TO,CANADIAN IMPERIAL BANK OF COMME,ROYAL BANK OF CANADA,-2.055106570801498,0.2629451761904088,0.05,,False,1.3873989044208948,-2.6522178105212095,,,,,,,,,,,,,,
CA_BANKS,NA.TO,TD.TO,NATIONAL BANK OF CANADA,TORONTO-DOMINION BANK,-1.9881622055701067,0.2917875586933534,0.05,,False,0.7902872348804375,1.3333234120605804,,,,,,,,,,,,,,
CA_BANKS,BMO.TO,BNS.TO,BANK OF MONTREAL,BANK OF NOVA SCOTIA,-1.9489698744073207,0.30938609840881315,0.05,,False,1.0797399461813864,0.30427726994691096,,,,,,,,,,,,,,
CA_BANKS,BNS.TO,TD.TO,BANK OF NOVA SCOTIA,TORONTO-DOMINION BANK,-1.787858403497539,0.3865061021962706,0.05,,False,0.8015403583912786,0.6866423506582491,,,,,,,,,,,,,,
CA_ENERGY,CNQ.TO,SU.TO,CDN NATURAL RES,SUNCOR ENERGY INC.,-2.8356612204180083,0.05335760201065698,0.05,,False,0.7642526295037799,0.7165627813444311,,,,,,,,,,,,,,
CA_ENERGY,CVE.TO,SU.TO,CENOVUS ENERGY INC.,SUNCOR ENERGY INC.,-2.488273281677766,0.11835369608427615,0.05,,False,1.155200414873034,-1.5233515733444842,,,,,,,,,,,,,,
CA_ENERGY,CVE.TO,IMO.TO,CENOVUS ENERGY INC.,IMPERIAL OIL,-2.3736646499482883,0.1493077253917695,0.05,,False,1.0447033268771697,-1.8001298901883502,,,,,,,,,,,,,,
CA_ENERGY,CNQ.TO,IMO.TO,CDN NATURAL RES,IMPERIAL OIL,-2.278474150092335,0.17900449173160554,0.05,,False,0.6745213041515322,0.6122412340871661,,,,,,,,,,,,,,
CA_ENERGY,CNQ.TO,CVE.TO,CDN NATURAL RES,CENOVUS ENERGY INC.,-2.175150075142634,0.21538783304590003,0.05,,False,0.6663142871201613,1.7094507419329634,,,,,,,,,,,,,,
CA_ENERGY,IMO.TO,SU.TO,IMPERIAL OIL,SUNCOR ENERGY INC.,-1.8315106571708162,0.3649335106942809,0.05,,False,1.102637190342524,0.27760304651014245,,,,,,,,,,,,,,
CH_FINANCIALS,BAER.SW,UBSG.SW,JULIUS BAER N,UBS GROUP N,-3.1493861492772006,0.02310778445348444,0.05,,False,0.7784177502067385,1.3735824286366731,,,,,,,,,,,,,,
CH_FINANCIALS,BAER.SW,ZURN.SW,JULIUS BAER N,ZURICH INSURANCE N,-2.6421114037479905,0.08460222881878665,0.05,,False,1.4925323830005168,-5.332094755592268,,,,,,,,,,,,,,
CH_FINANCIALS,BAER.SW,SLHN.SW,JULIUS BAER N,SWISS LIFE HOLDING AG N,-2.2564058240374005,0.18641347914719103,0.05,,False,0.9256199758572303,-2.1428380760004018,,,,,,,,,,,,,,
CH_FINANCIALS,UBSG.SW,ZURN.SW,UBS GROUP N,ZURICH INSURANCE N,-2.250167114682763,0.18854378551841033,0.05,,False,2.1537168186143907,-10.089682066959487,,,,,,,,,,,,,,
CH_FINANCIALS,SLHN.SW,UBSG.SW,SWISS LIFE HOLDING AG N,UBS GROUP N,-2.087379272652213,0.24961964837234346,0.05,,False,0.8107064736411608,3.900498157043254,,,,,,,,,,,,,,
CH_FINANCIALS,SLHN.SW,ZURN.SW,SWISS LIFE HOLDING AG N,ZURICH INSURANCE N,-2.078536960068818,0.2532321080826436,0.05,,False,1.5041346051981481,-2.7692975412865417,,,,,,,,,,,,,,
CH_PHARMA_LIFESCIENCE,LONN.SW,NOVN.SW,LONZA N,NOVARTIS N,-4.69162157621123,8.725598889989886e-05,0.05,8.725598889989886e-05,True,-0.24365460772884273,7.396184878934078,10.570478857942307,0.00046621316963231903,-0.06557386754897461,32.0,0.09827723414406031,3.2454268197167346,False,,0.0,0.007307716162929246,0.009278254948819425,-0.3861846708665633,True,mixed signal
CONSUMER,EZJ.L,MKS.L,EASYJET PLC ORD 27 2/7P,MARKS AND SPENCER GROUP PLC ORD,-4.043850516116796,0.00119752513133628,0.05,0.009592214872623843,True,3.511062575728833,-14.452617972846577,15.245167063732941,-0.0013897377002774591,-0.04546668315684701,46.0,1.012140974741783,2.5719403329562653,False,,0.8,-0.01560733316493894,-0.22707875594615845,0.060713623386542404,True,reversion signs agree
CONSUMER,ABF.L,DNLM.L,ASSOCIATED BRITISH FOODS PLC OR,DUNELM GROUP PLC ORD 1P,-3.9474295789124842,0.0017122334870821518,0.05,0.009592214872623843,True,0.5665148978456878,3.7024428365052717,12.482794332206808,-0.0001162437978244812,-0.05552820643464092,37.0,-0.9802738517480595,3.91219101796588,False,,0.4,0.007637587310910895,0.22611932135726465,-0.3079972100389782,True,mixed signal
CONSUMER,DOM.L,TSCO.L,DOMINO'S PIZZA GROUP PLC ORD 25,TESCO PLC ORD 6 1/3P,-3.942577025086233,0.001742914866788167,0.05,0.009592214872623843,True,-1.941303070352373,17.10833304546388,13.241648397798528,0.0005868496488079273,-0.05234598893859646,40.0,0.559411892927445,2.9854996641474894,False,,0.4,0.0038760656101742303,-0.05622650515205596,-0.5925181965985283,True,mixed signal
CONSUMER,DOM.L,MKS.L,DOMINO'S PIZZA GROUP PLC ORD 25,MARKS AND SPENCER GROUP PLC ORD,-3.932386297283367,0.0018090166121008534,0.05,0.009592214872623843,True,90.04230828867983,-523.5071259695438,15.654499200605366,-0.05000161164923197,-0.044277825287003816,47.0,0.9794658425269717,2.773896517640881,False,,0.4,-0.9571185013033411,-0.31056422949073526,-0.025586363797118206,True,mixed signal
CONSUMER,MKS.L,PETS.L,MARKS AND SPENCER GROUP PLC ORD,PETS AT HOME GROUP PLC ORD 1P,-3.9154323219187575,0.0019241639551485503,0.05,0.009592214872623843,True,-0.01588231356813401,5.961204792493283,15.659924267125293,0.0005284722739993782,-0.04426248612294132,47.0,-0.9678325088373696,2.757249609868011,False,,0.4,0.010937210968979394,0.32165613161058304,0.04115495726400109,True,mixed signal
CONSUMER,BME.L,MKS.L,B&M EUROPEAN VALUE RETAIL PLC O,MARKS AND SPENCER GROUP PLC ORD,-3.91374459787189,0.0019359909593493795,0.05,0.009592214872623843,True,-300.35830773491693,1770.1090636807182,15.69172917767062,0.1619438401592161,-0.044172772338328135,47.0,-0.9664144927429641,2.7539949806184216,False,,0.4,3.2155423574640913,0.3141578090291308,0.028161266448409883,True,mixed signal
CONSUMER,GRG.L,MKS.L,GREGGS PLC ORD 2P,MARKS AND SPENCER GROUP PLC ORD,-3.911815722706448,0.0019495903632717336,0.05,0.009592214872623843,True,-127.93310309262766,759.1730330393608,15.674562464072297,0.06862748231703338,-0.044221150169180774,47.0,-0.9608847638212777,2.735341376170544,False,,0.4,1.401793635564862,0.3198648666373932,0.036470426938030154,True,mixed signal
CONSUMER,MKS.L,WTB.L,MARKS AND SPENCER GROUP PLC ORD,WHITBREAD PLC ORD 76 122/153P,-3.90803382639492,0.001976511689662428,0.05,0.009592214872623843,True,0.2581856109187658,3.8277805565517085,16.364105231207837,0.0006425679341278205,-0.042357780689288804,49.0,-0.9100907777532439,2.756242215915233,False,,0.2,0.010213906847710971,0.2630354700630577,-0.059496006961865744,True,mixed signal
CONSUMER,DNLM.L,MKS.L,DUNELM GROUP PLC ORD 1P,MARKS AND SPENCER GROUP PLC ORD,-3.8951742092755066,0.0020706507137967975,0.05,0.009592214872623843,True,26.742218566504746,-150.15405811023595,15.959552381905318,-0.015101849380435564,-0.043431492561522234,48.0,0.9570714425725391,2.683220987869731,False,,0.4,-0.2880496108859476,-0.2879170154001429,0.015310255701033393,True,mixed signal
CONSUMER,IHG.L,MKS.L,INTERCONTINENTAL HOTELS GROUP P,MARKS AND SPENCER GROUP PLC ORD,-3.892750130447276,0.0020888547579457355,0.05,0.009592214872623843,True,14.013028316453491,-77.50747178150051,16.01185014237131,-0.006715043489413477,-0.04328963701238414,48.0,0.9965225211508408,2.6577453703010576,False,,0.4,-0.13639850780789753,-0.2868544658671517,0.012089918039301484,True,mixed signal
CONSUMER,ABF.L,MKS.L,ASSOCIATED BRITISH FOODS PLC OR,MARKS AND SPENCER GROUP PLC ORD,-3.88046834440723,0.002183385180853519,0.05,0.009592214872623843,True,-9.903211908307638,65.82002094268692,15.496353224427622,0.004967701565992082,-0.04472969675647979,46.0,-1.0239553180370364,2.8387139445431986,False,,0.4,0.11089587815744692,0.30948980552159133,-0.00012335140258157296,True,mixed signal
CONSUMER,MKS.L,NXT.L,MARKS AND SPENCER GROUP PLC ORD,NEXT PLC ORD 10P,-3.739027838009218,0.003596506282448452,0.05,0.009592214872623843,True,0.11654353056113662,4.784250843674333,16.952005620834683,0.0004359889536390495,-0.040888800774584455,51.0,-0.9396727029388362,2.5329342974948177,False,,0.8,0.007564237723574908,0.22401970913505276,-0.04900559948705363,True,reversion signs agree
CONSUMER,MKS.L,SBRY.L,MARKS AND SPENCER GROUP PLC ORD,SAINSBURY (J) PLC ORD 28 4/7P,-3.6506719298968138,0.004862995183847019,0.05,0.009592214872623843,True,0.14271026370906165,5.06421179600668,17.485026655406674,0.00047942506765008476,-0.039642329075066755,52.0,-0.9494266741527022,2.636510720294819,False,,0.4,0.00975884731654828,0.2733388609145151,0.052173266245185035,True,mixed signal
CONSUMER,MKS.L,TSCO.L,MARKS AND SPENCER GROUP PLC ORD,TESCO PLC ORD 6 1/3P,-3.615693749419585,0.005467988510557034,0.05,0.009592214872623843,True,0.1344900705216316,5.068832541745852,17.44513341287653,0.0004350978308354054,-0.03973298249747533,52.0,-0.9822270587823823,2.685831862465376,False,,0.8,0.01074155105083462,0.2959513079276255,0.0857729775160303,True,reversion signs agree
CONSUMER,BME.L,TSCO.L,B&M EUROPEAN VALUE RETAIL PLC O,TESCO PLC ORD 6 1/3P,-3.4561308026617796,0.009187870441281581,0.05,0.009592214872623843,True,-3.0565478524086354,23.878243443853577,15.625542297776764,0.0009507673480768113,-0.044359879954922764,47.0,0.9435881656046181,2.5050212569994756,False,,0.4,0.006309632230675544,-0.21121433744931895,-0.5977274662709519,True,mixed signal
CONSUMER,DNLM.L,WTB.L,DUNELM GROUP PLC ORD 1P,WHITBREAD PLC ORD 76 122/153P,-3.442512928754727,0.009592214872623843,0.05,0.009592214872623843,True,1.63102087775228,-5.980167492185695,17.23431863895792,7.468783078372506e-05,-0.04021900691757529,52.0,-0.795258792401047,2.5909481371506415,False,,0.8,-0.0055135699593106165,-0.10837051957999422,0.24914572375553673,False,mixed signal
CONSUMER,DOM.L,NXT.L,DOMINO'S PIZZA GROUP PLC ORD 25,NEXT PLC ORD 10P,-3.3398051992981888,0.013190273751856767,0.05,0.009592214872623843,False,-1.6558800319118168,20.969355399730887,,,,,,,,,,,,,,
CONSUMER,DOM.L,SBRY.L,DOMINO'S PIZZA GROUP PLC ORD 25,SAINSBURY (J) PLC ORD 28 4/7P,-3.3005698087056627,0.014853023232317493,0.05,0.009592214872623843,False,-2.3304418200546277,18.711389493818274,,,,,,,,,,,,,,
CONSUMER,ABF.L,PETS.L,ASSOCIATED BRITISH FOODS PLC OR,PETS AT HOME GROUP PLC ORD 1P,-3.1588563168482082,0.022493213131696423,0.05,0.009592214872623843,False,0.4691725514061014,5.088397844274587,,,,,,,,,,,,,,
CONSUMER,ABF.L,WTB.L,ASSOCIATED BRITISH FOODS PLC OR,WHITBREAD PLC ORD 76 122/153P,-3.092819166709265,0.027089186506583228,0.05,0.009592214872623843,False,0.8860883347485261,0.6151535074249956,,,,,,,,,,,,,,
CONSUMER,IHG.L,PETS.L,INTERCONTINENTAL HOTELS GROUP P,PETS AT HOME GROUP PLC ORD 1P,-3.04396745602107,0.03098744308647789,0.05,0.009592214872623843,False,-0.716268604721106,8.71265711748729,,,,,,,,,,,,,,
CONSUMER,ABF.L,IHG.L,ASSOCIATED BRITISH FOODS PLC OR,INTERCONTINENTAL HOTELS GROUP P,-2.8946070514522386,0.045978727737203934,0.05,0.009592214872623843,False,-0.608969125519113,10.573574667086739,,,,,,,,,,,,,,
CONSUMER,BME.L,DOM.L,B&M EUROPEAN VALUE RETAIL PLC O,DOMINO'S PIZZA GROUP PLC ORD 25,-2.8825211802905457,0.04741862754103578,0.05,0.009592214872623843,False,1.5639188056246585,-3.00069847005311,,,,,,,,,,,,,,
CONSUMER,PETS.L,TSCO.L,PETS AT HOME GROUP PLC ORD 1P,TESCO PLC ORD 6 1/3P,-2.7913084443769196,0.059526060516797805,0.05,0.009592214872623843,False,-1.4377455680111144,14.055820857507827,,,,,,,,,,,,,,
CONSUMER,ABF.L,TSCO.L,ASSOCIATED BRITISH FOODS PLC OR,TESCO PLC ORD 6 1/3P,-2.7574828307516412,0.06460837354378937,0.05,0.009592214872623843,False,-0.5462011385410654,10.913823671033287,,,,,,,,,,,,,,
CONSUMER,BME.L,NXT.L,B&M EUROPEAN VALUE RETAIL PLC O,NEXT PLC ORD 10P,-2.745785457136913,0.0664449152867383,0.05,0.009592214872623843,False,-2.671776435027018,30.562060091084074,,,,,,,,,,,,,,
CONSUMER,BME.L,GRG.L,B&M EUROPEAN VALUE RETAIL PLC O,GREGGS PLC ORD 2P,-2.6563242360632304,0.08190576890479095,0.05,0.009592214872623843,False,1.460718922855365,-5.526403100302901,,,,,,,,,,,,,,
CONSUMER,GRG.L,NXT.L,GREGGS PLC ORD 2P,NEXT PLC ORD 10P,-2.652369263156053,0.08264928188071496,0.05,0.009592214872623843,False,-1.8810750388849613,25.192475357383856,,,,,,,,,,,,,,
CONSUMER,ABF.L,BME.L,ASSOCIATED BRITISH FOODS PLC OR,B&M EUROPEAN VALUE RETAIL PLC O,-2.6388382376055075,0.08523288458450495,0.05,0.009592214872623843,False,0.16790106067327235,6.706856300845875,,,,,,,,,,,,,,
CONSUMER,DNLM.L,PETS.L,DUNELM GROUP PLC ORD 1P,PETS AT HOME GROUP PLC ORD 1P,-2.61502333167177,0.08993183305465036,0.05,0.009592214872623843,False,0.8299493622834624,2.4367974304322173,,,,,,,,,,,,,,
CONSUMER,IHG.L,WTB.L,INTERCONTINENTAL HOTELS GROUP P,WHITBREAD PLC ORD 76 122/153P,-2.6106135958734744,0.09082343426226891,0.05,0.009592214872623843,False,-1.659450971468732,17.973412254812782,,,,,,,,,,,,,,
CONSUMER,NXT.L,TSCO.L,NEXT PLC ORD 10P,TESCO PLC ORD 6 1/3P,-2.6094800681920547,0.09105371692096681,0.05,0.009592214872623843,False,1.1946945574706385,2.197912891265486,,,,,,,,,,,,,,
CONSUMER,GRG.L,TSCO.L,GREGGS PLC ORD 2P,TESCO PLC ORD 6 1/3P,-2.609072334354518,0.09113666015141703,0.05,0.009592214872623843,False,-2.296925560324512,21.355374031123176,,,,,,,,,,,,,,
CONSUMER,ABF.L,GRG.L,ASSOCIATED BRITISH FOODS PLC OR,GREGGS PLC ORD 2P,-2.602447894334112,0.09249239217430372,0.05,0.009592214872623843,False,0.24916127038569205,5.749327316578957,,,,,,,,,,,,,,
CONSUMER,ABF.L,NXT.L,ASSOCIATED BRITISH FOODS PLC OR,NEXT PLC ORD 10P,-2.599738638604446,0.09305129755669628,0.05,0.009592214872623843,False,-0.3605147988081933,11.014053618931754,,,,,,,,,,,,,,
CONSUMER,BME.L,SBRY.L,B&M EUROPEAN VALUE RETAIL PLC O,SAINSBURY (J) PLC ORD 28 4/7P,-2.5925776272933763,0.09454104513655226,0.05,0.009592214872623843,False,-4.251899335517758,29.71175209117324,,,,,,,,,,,,,,
CONSUMER,NXT.L,SBRY.L,NEXT PLC ORD 10P,SAINSBURY (J) PLC ORD 28 4/7P,-2.5608804538971954,0.1013549855391414,0.05,0.009592214872623843,False,1.4431824440824645,1.1602092689042447,,,,,,,,,,,,,,
CONSUMER,SBRY.L,TSCO.L,SAINSBURY (J) PLC ORD 28 4/7P,TESCO PLC ORD 6 1/3P,-2.4819428106339227,0.11992987796247306,0.05,0.009592214872623843,False,0.8663592985880438,0.48807528791201005,,,,,,,,,,,,,,
CONSUMER,ABF.L,DOM.L,ASSOCIATED BRITISH FOODS PLC OR,DOMINO'S PIZZA GROUP PLC ORD 25,-2.4686045419743654,0.12330122184883496,0.05,0.009592214872623843,False,0.20492042634852609,6.518707411309592,,,,,,,,,,,,,,
CONSUMER,EZJ.L,TSCO.L,EASYJET PLC ORD 27 2/7P,TESCO PLC ORD 6 1/3P,-2.467582007249816,0.12356250317525902,0.05,0.009592214872623843,False,-0.8559284283943017,11.303657839650755,,,,,,,,,,,,,,
CONSUMER,DNLM.L,IHG.L,DUNELM GROUP PLC ORD 1P,INTERCONTINENTAL HOTELS GROUP P,-2.4628031923444538,0.12478895910003002,0.05,0.009592214872623843,False,-1.2103181134643433,12.780816261715444,,,,,,,,,,,,,,
CONSUMER,DNLM.L,TSCO.L,DUNELM GROUP PLC ORD 1P,TESCO PLC ORD 6 1/3P,-2.4627060052234153,0.12481399330556397,0.05,0.009592214872623843,False,-1.3892717058847126,15.277108842604108,,,,,,,,,,,,,,
CONSUMER,EZJ.L,SBRY.L,EASYJET PLC ORD 27 2/7P,SAINSBURY (J) PLC ORD 28 4/7P,-2.4496611806730977,0.1282074468349213,0.05,0.009592214872623843,False,-1.1812284646370315,12.883627429170161,,,,,,,,,,,,,,
CONSUMER,PETS.L,WTB.L,PETS AT HOME GROUP PLC ORD 1P,WHITBREAD PLC ORD 76 122/153P,-2.4379620697236732,0.13130723248890952,0.05,0.009592214872623843,False,2.2679579601988586,-12.541921503528824,,,,,,,,,,,,,,
CONSUMER,ABF.L,SBRY.L,ASSOCIATED BRITISH FOODS PLC OR,SAINSBURY (J) PLC ORD 28 4/7P,-2.4081103293471666,0.1394604006461636,0.05,0.009592214872623843,False,-0.40042134101453186,9.914930831515093,,,,,,,,,,,,,,
CONSUMER,ABF.L,EZJ.L,ASSOCIATED BRITISH FOODS PLC OR,EASYJET PLC ORD 27 2/7P,-2.375101728692656,0.14888741429862296,0.05,0.009592214872623843,False,0.4886093182908153,4.623747526696041,,,,,,,,,,,,,,
CONSUMER,GRG.L,SBRY.L,GREGGS PLC ORD 2P,SAINSBURY (J) PLC ORD 28 4/7P,-2.3391686261766136,0.15964621904089416,0.05,0.009592214872623843,False,-3.5490326567248918,27.748876076234907,,,,,,,,,,,,,,
CONSUMER,BME.L,PETS.L,B&M EUROPEAN VALUE RETAIL PLC O,PETS AT HOME GROUP PLC ORD 1P,-2.2920795469955086,0.17453520146206664,0.05,0.009592214872623843,False,2.3576957942504535,-7.264177131460282,,,,,,,,,,,,,,
CONSUMER,DOM.L,EZJ.L,DOMINO'S PIZZA GROUP PLC ORD 25,EASYJET PLC ORD 27 2/7P,-2.2358689871560484,0.1934855206171313,0.05,0.009592214872623843,False,3.445871845076547,-15.801135600089427,,,,,,,,,,,,,,
CONSUMER,EZJ.L,GRG.L,EASYJET PLC ORD 27 2/7P,GREGGS PLC ORD 2P,-2.2199173450550034,0.19909618517572264,0.05,0.009592214872623843,False,0.19672350366185534,4.681029401225325,,,,,,,,,,,,,,
CONSUMER,NXT.L,PETS.L,NEXT PLC ORD 10P,PETS AT HOME GROUP PLC ORD 1P,-2.157989361582985,0.22184449705534764,0.05,0.009592214872623843,False,-0.8227823665869075,13.8331675723553,,,,,,,,,,,,,,
CONSUMER,EZJ.L,NXT.L,EASYJET PLC ORD 27 2/7P,NEXT PLC ORD 10P,-2.1423549979336642,0.22782785700179808,0.05,0.009592214872623843,False,-0.41382006559084716,10.04654562642876,,,,,,,,,,,,,,
CONSUMER,BME.L,WTB.L,B&M EUROPEAN VALUE RETAIL PLC O,WHITBREAD PLC ORD 76 122/153P,-2.120933032342168,0.23618105225009745,0.05,0.009592214872623843,False,6.197219948528119,-43.5739717459731,,,,,,,,,,,,,,
CONSUMER,PETS.L,SBRY.L,PETS AT HOME GROUP PLC ORD 1P,SAINSBURY (J) PLC ORD 28 4/7P,-2.11000362063152,0.24051116809031037,0.05,0.009592214872623843,False,-2.1238381229270553,17.503104054789496,,,,,,,,,,,,,,
CONSUMER,DNLM.L,NXT.L,DUNELM GROUP PLC ORD 1P,NEXT PLC ORD 10P,-2.105371751164189,0.2423600868404875,0.05,0.009592214872623843,False,-0.9742572498346985,16.068062181265972,,,,,,,,,,,,,,
CONSUMER,NXT.L,WTB.L,NEXT PLC ORD 10P,WHITBREAD PLC ORD 76 122/153P,-2.10149057732043,0.24391565545227617,0.05,0.009592214872623843,False,-2.523684421687486,29.366620811167678,,,,,,,,,,,,,,
CONSUMER,BME.L,EZJ.L,B&M EUROPEAN VALUE RETAIL PLC O,EASYJET PLC ORD 27 2/7P,-2.096184980699379,0.24605140456369162,0.05,0.009592214872623843,False,6.424242077433042,-34.103800291390506,,,,,,,,,,,,,,
CONSUMER,GRG.L,PETS.L,GREGGS PLC ORD 2P,PETS AT HOME GROUP PLC ORD 1P,-2.072177900065391,0.25584813705527903,0.05,0.009592214872623843,False,1.6484518442670533,-1.3767203028680832,,,,,,,,,,,,,,
CONSUMER,EZJ.L,PETS.L,EASYJET PLC ORD 27 2/7P,PETS AT HOME GROUP PLC ORD 1P,-2.0517612649019656,0.26434847104099124,0.05,0.009592214872623843,False,0.4621268086373805,3.6604102859074574,,,,,,,,,,,,,,
CONSUMER,TSCO.L,WTB.L,TESCO PLC ORD 6 1/3P,WHITBREAD PLC ORD 76 122/153P,-2.027530943445233,0.27463370290374733,0.05,0.009592214872623843,False,-1.9569756373333473,21.50877037167521,,,,,,,,,,,,,,
CONSUMER,DOM.L,GRG.L,DOMINO'S PIZZA GROUP PLC ORD 25,GREGGS PLC ORD 2P,-1.9980634348723834,0.2874228605215877,0.05,0.009592214872623843,False,0.9151233709243666,-1.4716150750427195,,,,,,,,,,,,,,
CONSUMER,DNLM.L,SBRY.L,DUNELM GROUP PLC ORD 1P,SAINSBURY (J) PLC ORD 28 4/7P,-1.9893429211425862,0.2912653174277534,0.05,0.009592214872623843,False,-3.2917479320147303,25.648654963860352,,,,,,,,,,,,,,
CONSUMER,GRG.L,WTB.L,GREGGS PLC ORD 2P,WHITBREAD PLC ORD 76 122/153P,-1.9406463129996523,0.31318788940902365,0.05,0.009592214872623843,False,5.1556365882143025,-33.28632514591685,,,,,,,,,,,,,,
CONSUMER,EZJ.L,IHG.L,EASYJET PLC ORD 27 2/7P,INTERCONTINENTAL HOTELS GROUP P,-1.8813923088279842,0.3408647462659661,0.05,0.009592214872623843,False,-0.6254002695199082,9.186400125568028,,,,,,,,,,,,,,
CONSUMER,SBRY.L,WTB.L,SAINSBURY (J) PLC ORD 28 4/7P,WHITBREAD PLC ORD 76 122/153P,-1.813243068171684,0.3739069812943863,0.05,0.009592214872623843,False,-2.199488816547215,23.118728564561994,,,,,,,,,,,,,,
CONSUMER,DOM.L,WTB.L,DOMINO'S PIZZA GROUP PLC ORD 25,WHITBREAD PLC ORD 76 122/153P,-1.7450760832220247,0.4080502145929685,0.05,0.009592214872623843,False,4.745094916791015,-32.147186631189584,,,,,,,,,,,,,,
CONSUMER,DOM.L,PETS.L,DOMINO'S PIZZA GROUP PLC ORD 25,PETS AT HOME GROUP PLC ORD 1P,-1.7233162101289197,0.41914106552100605,0.05,0.009592214872623843,False,1.5242967639677771,-2.8172123720785525,,,,,,,,,,,,,,
CONSUMER,IHG.L,TSCO.L,INTERCONTINENTAL HOTELS GROUP P,TESCO PLC ORD 6 1/3P,-1.6540231323518864,0.45494309555729706,0.05,0.009592214872623843,False,1.0212968033259393,-1.304055741567053,,,,,,,,,,,,,,
CONSUMER,EZJ.L,WTB.L,EASYJET PLC ORD 27 2/7P,WHITBREAD PLC ORD 76 122/153P,-1.5992179484063425,0.4839863107485162,0.05,0.009592214872623843,False,1.4155260174926894,-5.0488185872177915,,,,,,,,,,,,,,
CONSUMER,DOM.L,IHG.L,DOMINO'S PIZZA GROUP PLC ORD 25,INTERCONTINENTAL HOTELS GROUP P,-1.5738022565505705,0.49673872561704163,0.05,0.009592214872623843,False,-2.620955679581647,18.09802278208367,,,,,,,,,,,,,,
CONSUMER,IHG.L,SBRY.L,INTERCONTINENTAL HOTELS GROUP P,SAINSBURY (J) PLC ORD 28 4/7P,-1.5360658144034525,0.5156006887938722,0.05,0.009592214872623843,False,1.400977904791033,-3.14118223305414,,,,,,,,,,,,,,
CONSUMER,BME.L,DNLM.L,B&M EUROPEAN VALUE RETAIL PLC O,DUNELM GROUP PLC ORD 1P,-1.5258885600027865,0.5206679916522619,0.05,0.009592214872623843,False,3.937750782846173,-21.81212641666316,,,,,,,,,,,,,,
CONSUMER,DNLM.L,GRG.L,DUNELM GROUP PLC ORD 1P,GREGGS PLC ORD 2P,-1.4626232913734039,0.5519134419702072,0.05,0.009592214872623843,False,0.36042399636305944,4.215708125829475,,,,,,,,,,,,,,
CONSUMER,DNLM.L,DOM.L,DUNELM GROUP PLC ORD 1P,DOMINO'S PIZZA GROUP PLC ORD 25,-1.4599787800904391,0.5532082783128671,0.05,0.009592214872623843,False,0.37598564806733054,4.893120541390873,,,,,,,,,,,,,,
CONSUMER,IHG.L,NXT.L,INTERCONTINENTAL HOTELS GROUP P,NEXT PLC ORD 10P,-1.3060868978158957,0.626382969829447,0.05,0.009592214872623843,False,0.7581994118952293,-2.2784575812821677,,,,,,,,,,,,,,
CONSUMER,DNLM.L,EZJ.L,DUNELM GROUP PLC ORD 1P,EASYJET PLC ORD 27 2/7P,-1.1873594117507287,0.6790096000706969,0.05,0.009592214872623843,False,1.3905732482156785,-1.634274626199554,,,,,,,,,,,,,,
CONSUMER,BME.L,IHG.L,B&M EUROPEAN VALUE RETAIL PLC O,INTERCONTINENTAL HOTELS GROUP P,-1.1568039012757854,0.6918962871242679,0.05,0.009592214872623843,False,-3.7838989364060978,23.78566463033117,,,,,,,,,,,,,,
CONSUMER,GRG.L,IHG.L,GREGGS PLC ORD 2P,INTERCONTINENTAL HOTELS GROUP P,-0.6945163656313162,0.8481648142760676,0.05,0.009592214872623843,False,-3.1168403141106342,22.602261003684553,,,,,,,,,,,,,,
DE_AUTO,BMW.DE,VOW3.DE,BAYERISCHE MOTOREN WERKE AG   S,VOLKSWAGEN AG                 V,-3.1367539667191258,0.023950114484686362,0.05,,False,1.29617123372012,-1.463068958763932,,,,,,,,,,,,,,
DE_AUTO,BMW.DE,MBG.DE,BAYERISCHE MOTOREN WERKE AG   S,Mercedes-Benz Group AG        N,-2.9710459834671425,0.037688245360524904,0.05,,False,1.6034185484158123,-1.9620989872533015,,,,,,,,,,,,,,
DE_AUTO,MBG.DE,VOW3.DE,Mercedes-Benz Group AG        N,VOLKSWAGEN AG                 V,-2.763306535728272,0.06370933611134641,0.05,,False,0.8122903318621814,0.29381607230103457,,,,,,,,,,,,,,
DE_AUTO,CON.DE,MBG.DE,CONTINENTAL AG                I,Mercedes-Benz Group AG        N,-2.707191419343491,0.07280208523981822,0.05,,False,8.163735898197691,-27.966567057492796,,,,,,,,,,,,,,
DE_AUTO,CON.DE,PAH3.DE,CONTINENTAL AG                I,Porsche Automobil Holding SE  I,-2.3101699159757074,0.16870894736183317,0.05,,False,-6.412549822603266,26.449921824215096,,,,,,,,,,,,,,
DE_AUTO,MBG.DE,PAH3.DE,Mercedes-Benz Group AG        N,Porsche Automobil Holding SE  I,-2.2412026125602056,0.19163243978849598,0.05,,False,0.8620402579082593,0.8875052559116345,,,,,,,,,,,,,,
DE_AUTO,BMW.DE,PAH3.DE,BAYERISCHE MOTOREN WERKE AG   S,Porsche Automobil Holding SE  I,-1.9171341785585554,0.3240440783834956,0.05,,False,1.750361064529459,-1.8302100846619602,,,,,,,,,,,,,,
DE_AUTO,PAH3.DE,VOW3.DE,Porsche Automobil Holding SE  I,VOLKSWAGEN AG                 V,-1.5396354213026788,0.5138211655282776,0.05,,False,0.8989120126124794,-0.4955559567765997,,,,,,,,,,,,,,
DE_AUTO,CON.DE,VOW3.DE,CONTINENTAL AG                I,VOLKSWAGEN AG                 V,-1.3948069903266822,0.5847631649361017,0.05,,False,5.4261257380647905,-20.201393895346992,,,,,,,,,,,,,,
DE_AUTO,BMW.DE,CON.DE,BAYERISCHE MOTOREN WERKE AG   S,CONTINENTAL AG                I,-0.5506151703615391,0.8817551661828943,0.05,,False,0.31270737910124274,3.0701725089882457,,,,,,,,,,,,,,
DE_BANKS_INSURANCE,CBK.DE,HNR1.DE,Commerzbank AG                I,HANNOVER RUECK SE NA O.N.,-3.500497048392893,0.007974337978092548,0.05,0.009852049211218171,True,12.688441036826905,-66.35100677521355,18.66266552138255,-0.0013593232668731435,-0.037140845704263376,56.0,-0.9133544115100793,1.845746054288756,False,,0.4,0.07080339147709142,0.5014765801967573,2.0416761807418786,False,mixed signal
DE_BANKS_INSURANCE,DBK.DE,HNR1.DE,DEUTSCHE BANK AG              N,HANNOVER RUECK SE NA O.N.,-3.4340306428937772,0.009852049211218171,0.05,0.009852049211218171,True,10.346672359614866,-53.595756622540776,19.293021742087443,-0.0013303539129924345,-0.03592735185944745,58.0,-1.5043389203326702,2.0806920403025635,False,,0.4,0.059076420797369494,0.5763531199698932,2.224187451892753,False,mixed signal
DE_BANKS_INSURANCE,ALV.DE,CBK.DE,Allianz SE                    v,Commerzbank AG                I,-3.1287471179868906,0.024497632827774053,0.05,0.009852049211218171,False,0.3768324491275888,4.565910240598552,,,,,,,,,,,,,,
DE_BANKS_INSURANCE,CBK.DE,DBK.DE,Commerzbank AG                I,DEUTSCHE BANK AG              N,-3.0726972008072346,0.02864081321860142,0.05,0.009852049211218171,False,1.2342537010890116,-0.6493969775379536,,,,,,,,,,,,,,
DE_BANKS_INSURANCE,HNR1.DE,MUV2.DE,HANNOVER RUECK SE NA O.N.,MUENCHENER RUECKVERS.-GES. AG N,-2.9387470462442566,0.041024224669479595,0.05,0.009852049211218171,False,0.6421235174556955,1.4968426179977348,,,,,,,,,,,,,,
DE_BANKS_INSURANCE,ALV.DE,HNR1.DE,Allianz SE                    v,HANNOVER RUECK SE NA O.N.,-2.7890255883397117,0.05985856489385165,0.05,0.009852049211218171,False,3.7793048954709727,-14.946784879910622,,,,,,,,,,,,,,
DE_BANKS_INSURANCE,DBK.DE,MUV2.DE,DEUTSCHE BANK AG              N,MUENCHENER RUECKVERS.-GES. AG N,-2.6132829120308707,0.0902829181197512,0.05,0.009852049211218171,False,4.765655964412261,-26.46091431407751,,,,,,,,,,,,,,
DE_BANKS_INSURANCE,ALV.DE,DBK.DE,Allianz SE                    v,DEUTSCHE BANK AG              N,-2.0129017909019273,0.2809449222562379,0.05,0.009852049211218171,False,0.4577122126889593,4.344068966694459,,,,,,,,,,,,,,
DE_BANKS_INSURANCE,CBK.DE,MUV2.DE,Commerzbank AG                I,MUENCHENER RUECKVERS.-GES. AG N,-1.8048241663047264,0.37806927295968734,0.05,0.009852049211218171,False,6.2223191404351965,-35.41917871178595,,,,,,,,,,,,,,
DE_BANKS_INSURANCE,ALV.DE,MUV2.DE,Allianz SE                    v,MUENCHENER RUECKVERS.-GES. AG N,-1.4762558707257258,0.5452228230540355,0.05,0.009852049211218171,False,1.9950391299326558,-6.612331064988368,,,,,,,,,,,,,,
DE_CHEMICALS,BAS.DE,LXS.DE,BASF SE                       N,LANXESS AG                    I,-3.4448131809899185,0.009522817131026557,0.05,0.011882790083323718,True,-0.19707577475667004,4.3697102975805695,17.487534156004212,8.251499590897435e-05,-0.039636644845205835,52.0,-1.7291143747864903,2.2503013015429727,False,,0.4,-0.03962938182319588,-1.4005400535441535,-1.3956121959298757,False,mixed signal
DE_CHEMICALS,LXS.DE,WCH.DE,LANXESS AG                    I,Wacker Chemie AG              I,-3.3738636066125367,0.011882790083323718,0.05,0.011882790083323718,True,-2.8855326844828544,15.50274699371559,21.87182072705247,-0.0013682992016949408,-0.03169133421538228,63.0,-2.0478721854929645,2.526309843497354,False,,0.4,-0.021982314931016753,-0.04253825308918957,0.6504082039901267,False,mixed signal
DE_CHEMICALS,BAS.DE,SY1.DE,BASF SE                       N,Symrise AG                    I,-2.7192140461474543,0.0707720058320137,0.05,0.011882790083323718,False,-0.2879419288093765,5.048054888712677,,,,,,,,,,,,,,
DE_CHEMICALS,BAS.DE,WCH.DE,BASF SE                       N,Wacker Chemie AG              I,-2.684997918548547,0.07667045592015899,0.05,0.011882790083323718,False,0.4202633083418101,1.9525645568930403,,,,,,,,,,,,,,
DE_CHEMICALS,SY1.DE,WCH.DE,Symrise AG                    I,Wacker Chemie AG              I,-2.21477902564612,0.2009253157203445,0.05,0.011882790083323718,False,3.677398603153727,-11.335934040242897,,,,,,,,,,,,,,
DE_CHEMICALS,LXS.DE,SY1.DE,LANXESS AG                    I,Symrise AG                    I,-2.187946782417723,0.21064912753024256,0.05,0.011882790083323718,False,1.236890241647313,-2.4388171993187706,,,,,,,,,,,,,,
DE_HEALTHCARE,FRE.DE,MRK.DE,Fresenius SE & Co. KGaA       N,MERCK KGAA                    I,-2.8567726157829654,0.05061062310968168,0.05,,False,-1.2821325923562157,9.850921154983773,,,,,,,,,,,,,,
DE_HEALTHCARE,BAYN.DE,SHL.DE,Bayer AG                      N,Siemens Healthineers AG       N,-2.8465939843836963,0.05192019800202845,0.05,,False,-2.3952949829827945,12.46187820015902,,,,,,,,,,,,,,
DE_HEALTHCARE,FME.DE,MRK.DE,Fresenius Medical Care AG     I,MERCK KGAA                    I,-2.825120675566784,0.054774085475920005,0.05,,False,-0.6592402518313317,6.860326805005377,,,,,,,,,,,,,,
DE_HEALTHCARE,BAYN.DE,FME.DE,Bayer AG                      N,Fresenius Medical Care AG     I,-2.504898005804146,0.11428713097586507,0.05,,False,-6.091010186458054,25.738440472064955,,,,,,,,,,,,,,
DE_HEALTHCARE,FME.DE,SHL.DE,Fresenius Medical Care AG     I,Siemens Healthineers AG       N,-2.2757498802862166,0.17990842315497163,0.05,,False,0.35809865150875164,2.313520165037749,,,,,,,,,,,,,,
DE_HEALTHCARE,FME.DE,FRE.DE,Fresenius Medical Care AG     I,Fresenius SE & Co. KGaA       N,-1.903945385580416,0.33020735925478667,0.05,,False,0.4013127575686505,2.2082336655502717,,,,,,,,,,,,,,
DE_HEALTHCARE,BAYN.DE,FRE.DE,Bayer AG                      N,Fresenius SE & Co. KGaA       N,-1.6656777431090248,0.44887740144393234,0.05,,False,1.9842510767611878,-3.9179366254239847,,,,,,,,,,,,,,
DE_HEALTHCARE,FRE.DE,SHL.DE,Fresenius SE & Co. KGaA       N,Siemens Healthineers AG       N,-1.6175542249020882,0.4740117548847073,0.05,,False,-1.8346441774845714,10.643729157792974,,,,,,,,,,,,,,
DE_HEALTHCARE,BAYN.DE,MRK.DE,Bayer AG                      N,MERCK KGAA                    I,-1.2558069560807907,0.649140550922144,0.05,,False,-5.907628887870435,31.871765740734762,,,,,,,,,,,,,,
DE_HEALTHCARE,MRK.DE,SHL.DE,MERCK KGAA                    I,Siemens Healthineers AG       N,0.34249772682574015,0.979212414282913,0.05,,False,1.2342755190933345,0.13030670324792304,,,,,,,,,,,,,,
DE_INDUSTRIALS,KGX.DE,MTX.DE,KION GROUP AG                 I,MTU Aero Engines AG           N,-2.876802531632269,0.048112812002906645,0.05,,False,2.275415345005934,-9.38318080757961,,,,,,,,,,,,,,
DE_INDUSTRIALS,HEI.DE,MTX.DE,Heidelberg Materials AG       I,MTU Aero Engines AG           N,-2.7010138711882776,0.07386298930821511,0.05,,False,2.748421204790058,-10.848685372676854,,,,,,,,,,,,,,
DE_INDUSTRIALS,MTX.DE,SIE.DE,MTU Aero Engines AG           N,SIEMENS AG                    N,-2.1423080492083764,0.22784596875885427,0.05,,False,0.7381821313880644,1.8355370529740607,,,,,,,,,,,,,,
DE_INDUSTRIALS,HEI.DE,KGX.DE,Heidelberg Materials AG       I,KION GROUP AG                 I,-2.1340119376490323,0.23105992100303008,0.05,,False,1.2769877540272585,0.22425331452047725,,,,,,,,,,,,,,
DE_INDUSTRIALS,HEI.DE,SIE.DE,Heidelberg Materials AG       I,SIEMENS AG                    N,-1.2856816751348004,0.6356972415426064,0.05,,False,2.041868630566221,-5.873535808579137,,,,,,,,,,,,,,
DE_INDUSTRIALS,KGX.DE,SIE.DE,KION GROUP AG                 I,SIEMENS AG                    N,0.03641515768019333,0.9614419683107169,0.05,,False,1.8191785077210665,-5.952420423968441,,,,,,,,,,,,,,
DE_REAL_ESTATE,DWNI.DE,VNA.DE,Deutsche Wohnen SE            I,Vonovia SE                    N,-3.8416879031157993,0.0025084623820374034,0.05,0.021811738560234627,True,0.8323640844418404,0.39226731496107936,21.399635740978965,0.0002601930135047889,-0.03239060650142805,63.0,1.369611862112389,1.9542059696450562,False,,0.8,-8.409049983758342e-05,-0.05632275310496526,-0.05633644037213359,True,reversion signs agree
DE_REAL_ESTATE,GYC.DE,LEG.DE,Grand City Properties S.A.    A,LEG Immobilien SE             N,-3.455841904247313,0.009196287451713655,0.05,0.021811738560234627,True,0.6961455960701259,-0.5816809593499697,11.681876915210465,1.8755623433448582e-05,-0.05933525798901617,35.0,-2.311965216295803,4.226774422175274,True,2026-09-23 00:00:00,0.2,-0.012134481085653239,0.16218599522720334,-0.01450904694096744,True,mixed signal
DE_REAL_ESTATE,GYC.DE,VNA.DE,Grand City Properties S.A.    A,Vonovia SE                    N,-3.3959887961021864,0.011096375680013633,0.05,0.021811738560234627,True,0.9361791168827452,-0.6746906870851253,12.215622381136566,-0.00011399501542752941,-0.056742682356513176,37.0,-2.228841913564004,3.1148477067991287,False,,0.8,-0.008163010915491573,0.014065306127573951,0.015630297981632957,False,mixed signal
DE_REAL_ESTATE,DWNI.DE,LEG.DE,Deutsche Wohnen SE            I,LEG Immobilien SE             N,-3.246429021589128,0.017449646037216916,0.05,0.021811738560234627,True,0.5378316759514526,0.815793315038321,23.531927916871844,0.00033784580378027213,-0.029455605295432463,63.0,-1.891144359744779,3.391398836386964,False,,0.4,-0.001890851241859507,0.14271941032249735,0.09563350290857509,True,mixed signal
DE_REAL_ESTATE,DWNI.DE,GYC.DE,Deutsche Wohnen SE            I,Grand City Properties S.A.    A,-3.169622990128921,0.021811738560234627,0.05,0.021811738560234627,True,0.881655245776268,1.0096036475434067,21.592148441124923,0.0003591740136029818,-0.03210181619721364,63.0,2.106660454224336,2.6468893609099853,False,,0.8,0.00714189364510478,0.12833986909155404,-0.03040109996579643,False,mixed signal
DE_REAL_ESTATE,LEG.DE,VNA.DE,LEG Immobilien SE             N,Vonovia SE                    N,-2.634655483171897,0.08604410052944039,0.05,0.021811738560234627,False,1.3462787792005941,-0.13836228891655455,,,,,,,,,,,,,,
DE_REAL_ESTATE,AT1.DE,LEG.DE,Aroundtown SA                 B,LEG Immobilien SE             N,-2.5441576182187835,0.10509653032888627,0.05,0.021811738560234627,False,1.1339785959973634,-3.8001497059746767,,,,,,,,,,,,,,
DE_REAL_ESTATE,AT1.DE,DWNI.DE,Aroundtown SA                 B,Deutsche Wohnen SE            I,-1.7592899272494136,0.4008520769686554,0.05,0.021811738560234627,False,1.8679680419278384,-4.7806322801079775,,,,,,,,,,,,,,
DE_REAL_ESTATE,AT1.DE,VNA.DE,Aroundtown SA                 B,Vonovia SE                    N,-1.7442660760467257,0.40846155817448215,0.05,0.021811738560234627,False,2.037184406222262,-5.602888853183501,,,,,,,,,,,,,,
DE_REAL_ESTATE,AT1.DE,GYC.DE,Aroundtown SA                 B,Grand City Properties S.A.    A,-1.6696668009678446,0.44680489186339145,0.05,0.021811738560234627,False,2.5059161452158953,-4.907675859758553,,,,,,,,,,,,,,
DE_SOFTWARE,NEM.DE,SAP.DE,Nemetschek SE                 I,SAP SE                        I,-3.374679421785938,0.01185293570229794,0.05,0.01185293570229794,True,1.235378750808495,-2.0532151089136867,14.865100603887312,-0.00033056874316940356,-0.046629161754793855,45.0,-0.6372327113694701,3.9006984968893192,False,,0.4,-0.009490188007121272,0.058599340380369735,0.07913687846263018,True,mixed signal
DE_SOFTWARE,SAP.DE,TMV.DE,SAP SE                        I,TeamViewer SE                 I,-1.63483035531149,0.464963339118215,0.05,0.01185293570229794,False,0.4140611090007181,4.442246912396636,,,,,,,,,,,,,,
DE_SOFTWARE,NEM.DE,TMV.DE,Nemetschek SE                 I,TeamViewer SE                 I,-1.1596087459779583,0.690725345940118,0.05,0.01185293570229794,False,0.5504039203326252,3.351365529146951,,,,,,,,,,,,,,
DE_UTILITIES_ENERGY,ENR.DE,EOAN.DE,Siemens Energy AG             N,E.ON SE                       N,-2.0500345163240765,0.2650744093644781,0.05,,False,3.5831045788651594,-5.17319547669091,,,,,,,,,,,,,,
DE_UTILITIES_ENERGY,EOAN.DE,RWE.DE,E.ON SE                       N,RWE AG                        I,-1.9625546668355682,0.30322895592490234,0.05,,False,0.7276452470324839,0.023668120207221754,,,,,,,,,,,,,,
DE_UTILITIES_ENERGY,ENR.DE,RWE.DE,Siemens Energy AG             N,RWE AG                        I,-1.7817848030569237,0.38954179272070927,0.05,,False,2.7089071618383733,-5.455871347524286,,,,,,,,,,,,,,
ENERGY_UTILITIES,SSE.L,SVT.L,SSE PLC ORD 50P,SEVERN TRENT PLC ORD 97 17/19P,-4.95288150908074,2.748607719891026e-05,0.05,2.748607719891026e-05,True,2.371584972595838,-11.181682185763293,8.60362049157544,-0.00046659015198656875,-0.08056459268963184,26.0,-0.02302525455563397,3.2040670787595555,False,,0.2,-0.01051203207719933,-0.16848340318513863,0.08130722183223626,True,mixed signal
ENERGY_UTILITIES,GCP.L,HICL.L,GCP INFRASTRUCTURE INVESTMENTS ,HICL INFRASTRUCTURE PLC ORD 0.0,-4.125435307495931,0.0008788968321367452,0.05,2.748607719891026e-05,False,0.7285890140894579,0.8206190923190455,,,,,,,,,,,,,,
ENERGY_UTILITIES,NG.L,SVT.L,NATIONAL GRID PLC ORD 12 204/47,SEVERN TRENT PLC ORD 97 17/19P,-3.942640679242439,0.00174250911587512,0.05,2.748607719891026e-05,False,1.4356365650962803,-4.364159813081716,,,,,,,,,,,,,,
ENERGY_UTILITIES,BP.L,SVT.L,BP PLC $0.25,SEVERN TRENT PLC ORD 97 17/19P,-3.7759282099807012,0.003163429302426148,0.05,2.748607719891026e-05,False,2.164878890579949,-11.039645993637956,,,,,,,,,,,,,,
ENERGY_UTILITIES,TRIG.L,UKW.L,THE RENEWABLES INFRASTRUCTURE G,GREENCOAT UK WIND PLC ORD 1P,-3.6336946380273014,0.005148586312044057,0.05,2.748607719891026e-05,False,1.0797571907446193,-0.7309506157114347,,,,,,,,,,,,,,
ENERGY_UTILITIES,ENOG.L,UU.L,ENERGEAN PLC ORD 1P,UNITED UTILITIES GROUP PLC ORD ,-3.60946958204307,0.005582549079207047,0.05,2.748607719891026e-05,False,-0.6722552498015921,11.541104620954128,,,,,,,,,,,,,,
ENERGY_UTILITIES,ENOG.L,SVT.L,ENERGEAN PLC ORD 1P,SEVERN TRENT PLC ORD 97 17/19P,-3.5764943665890416,0.00622663632778167,0.05,2.748607719891026e-05,False,-1.2186188039124553,16.44430655200933,,,,,,,,,,,,,,
ENERGY_UTILITIES,ENOG.L,NG.L,ENERGEAN PLC ORD 1P,NATIONAL GRID PLC ORD 12 204/47,-3.5508329318208585,0.006773633205070209,0.05,2.748607719891026e-05,False,-0.6385309269365466,11.271112502870956,,,,,,,,,,,,,,
ENERGY_UTILITIES,HBR.L,PNN.L,HARBOUR ENERGY PLC ORD 0.002P,PENNON GROUP PLC ORD 61 1/20P,-3.4985162513532386,0.008025281735569986,0.05,2.748607719891026e-05,False,2.2279975328069552,-8.494555751762597,,,,,,,,,,,,,,
ENERGY_UTILITIES,NG.L,SSE.L,NATIONAL GRID PLC ORD 12 204/47,SSE PLC ORD 50P,-3.380134187131786,0.011655028105782266,0.05,2.748607719891026e-05,False,0.6076828837851821,2.387005182611018,,,,,,,,,,,,,,
ENERGY_UTILITIES,BP.L,NG.L,BP PLC $0.25,NATIONAL GRID PLC ORD 12 204/47,-3.3571696936802624,0.01250854225490015,0.05,2.748607719891026e-05,False,1.2464545403215306,-2.632370790833786,,,,,,,,,,,,,,
ENERGY_UTILITIES,CNA.L,SVT.L,CENTRICA PLC ORD 6 14/81P,SEVERN TRENT PLC ORD 97 17/19P,-3.276790366419432,0.015948363456776752,0.05,2.748607719891026e-05,False,2.624701890135703,-15.696326279135217,,,,,,,,,,,,,,
ENERGY_UTILITIES,FSFL.L,SVT.L,FORESIGHT SOLAR FUND LIMITED OR,SEVERN TRENT PLC ORD 97 17/19P,-3.25995009781517,0.016766418691102264,0.05,2.748607719891026e-05,False,-2.122573167856553,21.110372858881085,,,,,,,,,,,,,,
ENERGY_UTILITIES,BP.L,UU.L,BP PLC $0.25,UNITED UTILITIES GROUP PLC ORD ,-3.2393233923512446,0.017818376956712147,0.05,2.748607719891026e-05,False,1.3536398477495268,-3.4503395523497495,,,,,,,,,,,,,,
ENERGY_UTILITIES,GCP.L,INPP.L,GCP INFRASTRUCTURE INVESTMENTS ,INTERNATIONAL PUBLIC PARTNERSHI,-3.206425806504122,0.01961572829173587,0.05,2.748607719891026e-05,False,0.5889136880155973,1.472504852336388,,,,,,,,,,,,,,
ENERGY_UTILITIES,GCP.L,SSE.L,GCP INFRASTRUCTURE INVESTMENTS ,SSE PLC ORD 50P,-3.18328510726239,0.020972819385953828,0.05,2.748607719891026e-05,False,0.06448086289335246,3.8218322928790562,,,,,,,,,,,,,,
ENERGY_UTILITIES,CNA.L,UKW.L,CENTRICA PLC ORD 6 14/81P,GREENCOAT UK WIND PLC ORD 1P,-3.162034041175003,0.022290187814172007,0.05,2.748607719891026e-05,False,-1.385794879503993,11.611585764917734,,,,,,,,,,,,,,
ENERGY_UTILITIES,NG.L,UU.L,NATIONAL GRID PLC ORD 12 204/47,UNITED UTILITIES GROUP PLC ORD ,-3.1328591538321224,0.02421511359675636,0.05,2.748607719891026e-05,False,1.0430152177357939,-0.35388681205955397,,,,,,,,,,,,,,
ENERGY_UTILITIES,BP.L,SSE.L,BP PLC $0.25,SSE PLC ORD 50P,-3.111348819448264,0.025724645466724063,0.05,2.748607719891026e-05,False,0.652118986972069,1.1397039778433626,,,,,,,,,,,,,,
ENERGY_UTILITIES,ENOG.L,GCP.L,ENERGEAN PLC ORD 1P,GCP INFRASTRUCTURE INVESTMENTS ,-3.1014515466371875,0.026445953860048336,0.05,2.748607719891026e-05,False,-26.387906476483387,120.53313576498792,,,,,,,,,,,,,,
ENERGY_UTILITIES,BP.L,ENOG.L,BP PLC $0.25,ENERGEAN PLC ORD 1P,-3.0897699091274147,0.02731958255300082,0.05,2.748607719891026e-05,False,-3.2390995034066834,28.13644864619763,,,,,,,,,,,,,,
ENERGY_UTILITIES,ENOG.L,HICL.L,ENERGEAN PLC ORD 1P,HICL INFRASTRUCTURE PLC ORD 0.0,-3.08175412109056,0.027933263826278726,0.05,2.748607719891026e-05,False,-3.7108209718507905,24.58164860642554,,,,,,,,,,,,,,
ENERGY_UTILITIES,GCP.L,HBR.L,GCP INFRASTRUCTURE INVESTMENTS ,HARBOUR ENERGY PLC ORD 0.002P,-3.075721146514996,0.028402890112203705,0.05,2.748607719891026e-05,False,0.10725556663524687,3.7244545594044154,,,,,,,,,,,,,,
ENERGY_UTILITIES,CNA.L,ENOG.L,CENTRICA PLC ORD 6 14/81P,ENERGEAN PLC ORD 1P,-3.067710111837081,0.02903691681006656,0.05,2.748607719891026e-05,False,-3.2982921474590623,27.5176602352109,,,,,,,,,,,,,,
ENERGY_UTILITIES,ENOG.L,SSE.L,ENERGEAN PLC ORD 1P,SSE PLC ORD 50P,-3.059066363611242,0.029734536896324937,0.05,2.748607719891026e-05,False,-0.25905216143992277,8.77131161536671,,,,,,,,,,,,,,
ENERGY_UTILITIES,INPP.L,SVT.L,INTERNATIONAL PUBLIC PARTNERSHI,SEVERN TRENT PLC ORD 97 17/19P,-3.05322880678073,0.03021371944045828,0.05,2.748607719891026e-05,False,0.5895545476103702,0.15735543843431365,,,,,,,,,,,,,,
ENERGY_UTILITIES,BP.L,GCP.L,BP PLC $0.25,GCP INFRASTRUCTURE INVESTMENTS ,-3.039342887746803,0.03138006397827247,0.05,2.748607719891026e-05,False,9.493176465961799,-34.83910970539484,,,,,,,,,,,,,,
ENERGY_UTILITIES,GCP.L,SVT.L,GCP INFRASTRUCTURE INVESTMENTS ,SEVERN TRENT PLC ORD 97 17/19P,-3.032117374011359,0.032001964775008496,0.05,2.748607719891026e-05,False,0.038072115076384264,4.008662333741623,,,,,,,,,,,,,,
ENERGY_UTILITIES,GCP.L,NG.L,GCP INFRASTRUCTURE INVESTMENTS ,NATIONAL GRID PLC ORD 12 204/47,-3.024292296133843,0.03268724304886132,0.05,2.748607719891026e-05,False,0.017943331324115297,4.184290723564161,,,,,,,,,,,,,,
ENERGY_UTILITIES,INPP.L,SSE.L,INTERNATIONAL PUBLIC PARTNERSHI,SSE PLC ORD 50P,-3.010507618285723,0.033924704796788774,0.05,2.748607719891026e-05,False,0.2525661980693343,2.906949119187889,,,,,,,,,,,,,,
ENERGY_UTILITIES,CNA.L,UU.L,CENTRICA PLC ORD 6 14/81P,UNITED UTILITIES GROUP PLC ORD ,-2.999570026206299,0.034934573933110724,0.05,2.748607719891026e-05,False,1.7261288721650627,-7.092848666049094,,,,,,,,,,,,,,
ENERGY_UTILITIES,DCC.L,GCP.L,DCC ENERGY PLC ORD EUR0.25 (CDI,GCP INFRASTRUCTURE INVESTMENTS ,-2.996650909594727,0.03520834909194019,0.05,2.748607719891026e-05,False,5.177191047200758,-13.779031660958719,,,,,,,,,,,,,,
ENERGY_UTILITIES,CNA.L,GCP.L,CENTRICA PLC ORD 6 14/81P,GCP INFRASTRUCTURE INVESTMENTS ,-2.9895666064293525,0.03588030268053218,0.05,2.748607719891026e-05,False,-46.24191465829665,204.33512661674774,,,,,,,,,,,,,,
ENERGY_UTILITIES,GCP.L,UU.L,GCP INFRASTRUCTURE INVESTMENTS ,UNITED UTILITIES GROUP PLC ORD ,-2.976515763846392,0.03714649853982684,0.05,2.748607719891026e-05,False,-0.017693358000568052,4.434080551268014,,,,,,,,,,,,,,
ENERGY_UTILITIES,CNA.L,TRIG.L,CENTRICA PLC ORD 6 14/81P,THE RENEWABLES INFRASTRUCTURE G,-2.96382859948886,0.038413225324544706,0.05,2.748607719891026e-05,False,-1.2814143560806412,10.664621292907622,,,,,,,,,,,,,,
ENERGY_UTILITIES,SSE.L,UU.L,SSE PLC ORD 50P,UNITED UTILITIES GROUP PLC ORD ,-2.9147483497496434,0.043659648927022794,0.05,2.748607719891026e-05,False,1.7584818373535518,-4.806586191835078,,,,,,,,,,,,,,
ENERGY_UTILITIES,SVT.L,TRIG.L,SEVERN TRENT PLC ORD 97 17/19P,THE RENEWABLES INFRASTRUCTURE G,-2.8970860527956366,0.04568790070894449,0.05,2.748607719891026e-05,False,-0.38555012906361774,9.593638676751024,,,,,,,,,,,,,,
ENERGY_UTILITIES,GCP.L,TRIG.L,GCP INFRASTRUCTURE INVESTMENTS ,THE RENEWABLES INFRASTRUCTURE G,-2.893188917948011,0.04614578586471687,0.05,2.748607719891026e-05,False,0.1303870585654563,3.7383788635855764,,,,,,,,,,,,,,
ENERGY_UTILITIES,GCP.L,PNN.L,GCP INFRASTRUCTURE INVESTMENTS ,PENNON GROUP PLC ORD 61 1/20P,-2.8909300679829935,0.04641291880319751,0.05,2.748607719891026e-05,False,0.15961347524967356,3.3102128567850806,,,,,,,,,,,,,,
ENERGY_UTILITIES,SVT.L,UU.L,SEVERN TRENT PLC ORD 97 17/19P,UNITED UTILITIES GROUP PLC ORD ,-2.888249509468863,0.046731581865442004,0.05,2.748607719891026e-05,False,0.7269384284542907,2.7904155284155356,,,,,,,,,,,,,,
ENERGY_UTILITIES,GCP.L,UKW.L,GCP INFRASTRUCTURE INVESTMENTS ,GREENCOAT UK WIND PLC ORD 1P,-2.871129958724217,0.04880966411537045,0.05,2.748607719891026e-05,False,0.1308592771397579,3.6900707157613164,,,,,,,,,,,,,,
ENERGY_UTILITIES,ENOG.L,UKW.L,ENERGEAN PLC ORD 1P,GREENCOAT UK WIND PLC ORD 1P,-2.853284757184746,0.05105627914142786,0.05,2.748607719891026e-05,False,0.4489777831133214,4.686062437134293,,,,,,,,,,,,,,
ENERGY_UTILITIES,ENOG.L,PNN.L,ENERGEAN PLC ORD 1P,PENNON GROUP PLC ORD 61 1/20P,-2.8374015111817643,0.053126640226337236,0.05,2.748607719891026e-05,False,0.5470887851684367,3.3861809708273456,,,,,,,,,,,,,,
ENERGY_UTILITIES,FSFL.L,GCP.L,FORESIGHT SOLAR FUND LIMITED OR,GCP INFRASTRUCTURE INVESTMENTS ,-2.824331966965487,0.05488129761038083,0.05,2.748607719891026e-05,False,7.047640882373218,-26.04014486088497,,,,,,,,,,,,,,
ENERGY_UTILITIES,BP.L,FSFL.L,BP PLC $0.25,FORESIGHT SOLAR FUND LIMITED OR,-2.7831180943091254,0.06072598522648711,0.05,2.748607719891026e-05,False,-0.957787716130447,10.222253600560157,,,,,,,,,,,,,,
ENERGY_UTILITIES,HICL.L,INPP.L,HICL INFRASTRUCTURE PLC ORD 0.0,INTERNATIONAL PUBLIC PARTNERSHI,-2.7589919251482917,0.06437443445371543,0.05,2.748607719891026e-05,False,0.9035329945775452,0.43590543148974703,,,,,,,,,,,,,,
ENERGY_UTILITIES,DCC.L,HICL.L,DCC ENERGY PLC ORD EUR0.25 (CDI,HICL INFRASTRUCTURE PLC ORD 0.0,-2.7455591342455166,0.06648085683049004,0.05,2.748607719891026e-05,False,2.6815586882019136,-4.308532795927185,,,,,,,,,,,,,,
ENERGY_UTILITIES,BP.L,CNA.L,BP PLC $0.25,CENTRICA PLC ORD 6 14/81P,-2.6862367122648725,0.07645035000069932,0.05,2.748607719891026e-05,False,0.6392502850048064,2.844043272808428,,,,,,,,,,,,,,
ENERGY_UTILITIES,ENOG.L,INPP.L,ENERGEAN PLC ORD 1P,INTERNATIONAL PUBLIC PARTNERSHI,-2.670330769662758,0.07931455120501968,0.05,2.748607719891026e-05,False,-3.512383963542084,23.73264266998862,,,,,,,,,,,,,,
ENERGY_UTILITIES,PNN.L,TRIG.L,PENNON GROUP PLC ORD 61 1/20P,THE RENEWABLES INFRASTRUCTURE G,-2.6648536072905684,0.08032007523702966,0.05,2.748607719891026e-05,False,0.5777491165089311,3.730206046313104,,,,,,,,,,,,,,
ENERGY_UTILITIES,INPP.L,UU.L,INTERNATIONAL PUBLIC PARTNERSHI,UNITED UTILITIES GROUP PLC ORD ,-2.6409352213436286,0.08482843043651239,0.05,2.748607719891026e-05,False,0.3746714535521092,2.1816413908191343,,,,,,,,,,,,,,
ENERGY_UTILITIES,HICL.L,SSE.L,HICL INFRASTRUCTURE PLC ORD 0.0,SSE PLC ORD 50P,-2.6396318143450905,0.08507964831022191,0.05,2.748607719891026e-05,False,0.13875517372353316,3.739059570834196,,,,,,,,,,,,,,
ENERGY_UTILITIES,NG.L,UKW.L,NATIONAL GRID PLC ORD 12 204/47,GREENCOAT UK WIND PLC ORD 1P,-2.6385396417792775,0.08529059761900692,0.05,2.748607719891026e-05,False,-0.8172547169117145,10.853064100664785,,,,,,,,,,,,,,
ENERGY_UTILITIES,HBR.L,HICL.L,HARBOUR ENERGY PLC ORD 0.002P,HICL INFRASTRUCTURE PLC ORD 0.0,-2.6151938688854717,0.0898974882209968,0.05,2.748607719891026e-05,False,6.1955931822045045,-24.213101477533762,,,,,,,,,,,,,,
ENERGY_UTILITIES,CNA.L,NG.L,CENTRICA PLC ORD 6 14/81P,NATIONAL GRID PLC ORD 12 204/47,-2.5903771060278515,0.09500247890274682,0.05,2.748607719891026e-05,False,1.6483548622973077,-6.461188427957853,,,,,,,,,,,,,,
ENERGY_UTILITIES,BP.L,UKW.L,BP PLC $0.25,GREENCOAT UK WIND PLC ORD 1P,-2.5690051519314183,0.09957395916293116,0.05,2.748607719891026e-05,False,-0.9746328352967163,10.68698863008374,,,,,,,,,,,,,,
ENERGY_UTILITIES,HICL.L,SVT.L,HICL INFRASTRUCTURE PLC ORD 0.0,SEVERN TRENT PLC ORD 97 17/19P,-2.5441497373204593,0.1050983177636502,0.05,2.748607719891026e-05,False,0.33291639959202357,2.1571367972493705,,,,,,,,,,,,,,
ENERGY_UTILITIES,CNA.L,PNN.L,CENTRICA PLC ORD 6 14/81P,PENNON GROUP PLC ORD 61 1/20P,-2.5231247622878956,0.10994871901874664,0.05,2.748607719891026e-05,False,-4.037317402627147,30.329704408642883,,,,,,,,,,,,,,
ENERGY_UTILITIES,INPP.L,NG.L,INTERNATIONAL PUBLIC PARTNERSHI,NATIONAL GRID PLC ORD 12 204/47,-2.505972399488428,0.11402792997284367,0.05,2.748607719891026e-05,False,0.3308142324871134,2.5071440455439964,,,,,,,,,,,,,,
ENERGY_UTILITIES,CNA.L,FSFL.L,CENTRICA PLC ORD 6 14/81P,FORESIGHT SOLAR FUND LIMITED OR,-2.5039996731519274,0.11450419164200154,0.05,2.748607719891026e-05,False,-1.4383371298988301,11.282197588979578,,,,,,,,,,,,,,
ENERGY_UTILITIES,FSFL.L,TRIG.L,FORESIGHT SOLAR FUND LIMITED OR,THE RENEWABLES INFRASTRUCTURE G,-2.49004949865022,0.11791419927309094,0.05,2.748607719891026e-05,False,0.931483880384234,0.25156955381556667,,,,,,,,,,,,,,
ENERGY_UTILITIES,HICL.L,UU.L,HICL INFRASTRUCTURE PLC ORD 0.0,UNITED UTILITIES GROUP PLC ORD ,-2.4598770288935357,0.12554430638024427,0.05,2.748607719891026e-05,False,0.18368727217471456,3.496419563266791,,,,,,,,,,,,,,
ENERGY_UTILITIES,BP.L,TRIG.L,BP PLC $0.25,THE RENEWABLES INFRASTRUCTURE G,-2.442728929754703,0.13003775061689798,0.05,2.748607719891026e-05,False,-0.8410376796926492,9.757319596809678,,,,,,,,,,,,,,
ENERGY_UTILITIES,BP.L,HICL.L,BP PLC $0.25,HICL INFRASTRUCTURE PLC ORD 0.0,-2.4421695124944813,0.1301862707090372,0.05,2.748607719891026e-05,False,6.686168624567565,-25.945248435209145,,,,,,,,,,,,,,
ENERGY_UTILITIES,BP.L,PNN.L,BP PLC $0.25,PENNON GROUP PLC ORD 61 1/20P,-2.4289925189783133,0.13372010815051172,0.05,2.748607719891026e-05,False,5.609093646230978,-29.047637241485177,,,,,,,,,,,,,,
ENERGY_UTILITIES,HICL.L,NG.L,HICL INFRASTRUCTURE PLC ORD 0.0,NATIONAL GRID PLC ORD 12 204/47,-2.4078025363888598,0.13954629998174461,0.05,2.748607719891026e-05,False,0.13912734387538267,3.8170384802850994,,,,,,,,,,,,,,
ENERGY_UTILITIES,FSFL.L,PNN.L,FORESIGHT SOLAR FUND LIMITED OR,PENNON GROUP PLC ORD 61 1/20P,-2.386628097221876,0.14554615182723762,0.05,2.748607719891026e-05,False,3.343225290392825,-16.600622571345816,,,,,,,,,,,,,,
ENERGY_UTILITIES,DCC.L,SVT.L,DCC ENERGY PLC ORD EUR0.25 (CDI,SEVERN TRENT PLC ORD 97 17/19P,-2.3748172164713632,0.14897056156175603,0.05,2.748607719891026e-05,False,1.3806335741830296,-2.3806598908187038,,,,,,,,,,,,,,
ENERGY_UTILITIES,BP.L,INPP.L,BP PLC $0.25,INTERNATIONAL PUBLIC PARTNERSHI,-2.3704643573667155,0.15024671083272195,0.05,2.748607719891026e-05,False,3.5172434617824577,-10.871639892122415,,,,,,,,,,,,,,
ENERGY_UTILITIES,DCC.L,ENOG.L,DCC ENERGY PLC ORD EUR0.25 (CDI,ENERGEAN PLC ORD 1P,-2.3626433674173706,0.1525587437656027,0.05,2.748607719891026e-05,False,-0.24671194738798008,10.213140139006185,,,,,,,,,,,,,,
ENERGY_UTILITIES,FSFL.L,UKW.L,FORESIGHT SOLAR FUND LIMITED OR,GREENCOAT UK WIND PLC ORD 1P,-2.352290497818355,0.1556570900844258,0.05,2.748607719891026e-05,False,1.0134582455042522,-0.4656676604184833,,,,,,,,,,,,,,
ENERGY_UTILITIES,DCC.L,INPP.L,DCC ENERGY PLC ORD EUR0.25 (CDI,INTERNATIONAL PUBLIC PARTNERSHI,-2.2768537981855594,0.1795417727646934,0.05,2.748607719891026e-05,False,2.5865894824768367,-3.9283152243381725,,,,,,,,,,,,,,
ENERGY_UTILITIES,NG.L,TRIG.L,NATIONAL GRID PLC ORD 12 204/47,THE RENEWABLES INFRASTRUCTURE G,-2.255902516111728,0.18658475705658595,0.05,2.748607719891026e-05,False,-0.7185082790115147,10.13167724599734,,,,,,,,,,,,,,
ENERGY_UTILITIES,TRIG.L,UU.L,THE RENEWABLES INFRASTRUCTURE G,UNITED UTILITIES GROUP PLC ORD ,-2.2441170715274694,0.19062471750012694,0.05,2.748607719891026e-05,False,-1.5077684555095558,14.988392708996836,,,,,,,,,,,,,,
ENERGY_UTILITIES,FSFL.L,SSE.L,FORESIGHT SOLAR FUND LIMITED OR,SSE PLC ORD 50P,-2.2437298367030323,0.19075841244578523,0.05,2.748607719891026e-05,False,-0.6278940916582794,9.082178338714813,,,,,,,,,,,,,,
ENERGY_UTILITIES,CNA.L,HICL.L,CENTRICA PLC ORD 6 14/81P,HICL INFRASTRUCTURE PLC ORD 0.0,-2.1894607287570027,0.2100928172072583,0.05,2.748607719891026e-05,False,760.9515532639175,-3638.9092677355234,,,,,,,,,,,,,,
ENERGY_UTILITIES,FSFL.L,UU.L,FORESIGHT SOLAR FUND LIMITED OR,UNITED UTILITIES GROUP PLC ORD ,-2.177593874387918,0.21447784773526973,0.05,2.748607719891026e-05,False,-1.3516052200439557,13.841159866483329,,,,,,,,,,,,,,
ENERGY_UTILITIES,ENOG.L,TRIG.L,ENERGEAN PLC ORD 1P,THE RENEWABLES INFRASTRUCTURE G,-2.1695782907430647,0.21747142842316242,0.05,2.748607719891026e-05,False,0.36512994681414923,5.212047165914253,,,,,,,,,,,,,,
ENERGY_UTILITIES,HICL.L,PNN.L,HICL INFRASTRUCTURE PLC ORD 0.0,PENNON GROUP PLC ORD 61 1/20P,-2.1304255639849266,0.2324575919174966,0.05,2.748607719891026e-05,False,0.26276821244814164,3.1434109359590408,,,,,,,,,,,,,,
ENERGY_UTILITIES,PNN.L,UKW.L,PENNON GROUP PLC ORD 61 1/20P,GREENCOAT UK WIND PLC ORD 1P,-2.1261365331851976,0.23413565290329835,0.05,2.748607719891026e-05,False,0.6337747091483646,3.260812334693607,,,,,,,,,,,,,,
ENERGY_UTILITIES,HICL.L,TRIG.L,HICL INFRASTRUCTURE PLC ORD 0.0,THE RENEWABLES INFRASTRUCTURE G,-2.09558423462419,0.2462939062617966,0.05,2.748607719891026e-05,False,0.16092647207505045,4.083669191279811,,,,,,,,,,,,,,
ENERGY_UTILITIES,ENOG.L,FSFL.L,ENERGEAN PLC ORD 1P,FORESIGHT SOLAR FUND LIMITED OR,-2.0365077206754485,0.2707986109876753,0.05,2.748607719891026e-05,False,0.3190856583454025,5.429274832988776,,,,,,,,,,,,,,
ENERGY_UTILITIES,HICL.L,UKW.L,HICL INFRASTRUCTURE PLC ORD 0.0,GREENCOAT UK WIND PLC ORD 1P,-2.0319262282667148,0.2727523333625904,0.05,2.748607719891026e-05,False,0.13495191514085533,4.149778309710709,,,,,,,,,,,,,,
ENERGY_UTILITIES,HBR.L,INPP.L,HARBOUR ENERGY PLC ORD 0.002P,INTERNATIONAL PUBLIC PARTNERSHI,-2.0275337727942184,0.2746324896072342,0.05,2.748607719891026e-05,False,4.924634762512621,-18.26883369958341,,,,,,,,,,,,,,
ENERGY_UTILITIES,SVT.L,UKW.L,SEVERN TRENT PLC ORD 97 17/19P,GREENCOAT UK WIND PLC ORD 1P,-2.0258112080940207,0.2753716956187855,0.05,2.748607719891026e-05,False,-0.4715488974896771,10.137022189119442,,,,,,,,,,,,,,
ENERGY_UTILITIES,UKW.L,UU.L,GREENCOAT UK WIND PLC ORD 1P,UNITED UTILITIES GROUP PLC ORD ,-1.9673612535117628,0.3010648032802654,0.05,2.748607719891026e-05,False,-1.3020853448406966,13.894731262049133,,,,,,,,,,,,,,
ENERGY_UTILITIES,FSFL.L,NG.L,FORESIGHT SOLAR FUND LIMITED OR,NATIONAL GRID PLC ORD 12 204/47,-1.9434033846091496,0.31192616032408116,0.05,2.748607719891026e-05,False,-1.2604226702982264,13.135056918774946,,,,,,,,,,,,,,
ENERGY_UTILITIES,NG.L,PNN.L,NATIONAL GRID PLC ORD 12 204/47,PENNON GROUP PLC ORD 61 1/20P,-1.8898668815567075,0.3368429619128869,0.05,2.748607719891026e-05,False,2.89433891410367,-11.138511469791599,,,,,,,,,,,,,,
ENERGY_UTILITIES,SSE.L,UKW.L,SSE PLC ORD 50P,GREENCOAT UK WIND PLC ORD 1P,-1.8514367035751884,0.35524003573185703,0.05,2.748607719891026e-05,False,-1.7044517942360489,15.634091400799296,,,,,,,,,,,,,,
ENERGY_UTILITIES,HBR.L,SSE.L,HARBOUR ENERGY PLC ORD 0.002P,SSE PLC ORD 50P,-1.8447808233883598,0.35846663377693555,0.05,2.748607719891026e-05,False,1.0008340776183662,-2.1152563168260112,,,,,,,,,,,,,,
ENERGY_UTILITIES,PNN.L,SVT.L,PENNON GROUP PLC ORD 61 1/20P,SEVERN TRENT PLC ORD 97 17/19P,-1.788511552198299,0.38618012111054023,0.05,2.748607719891026e-05,False,3.17010376595195,-18.79689269489723,,,,,,,,,,,,,,
ENERGY_UTILITIES,PNN.L,SSE.L,PENNON GROUP PLC ORD 61 1/20P,SSE PLC ORD 50P,-1.7868509743698042,0.3870090832085316,0.05,2.748607719891026e-05,False,0.290642608064792,4.062728293987875,,,,,,,,,,,,,,
ENERGY_UTILITIES,FSFL.L,INPP.L,FORESIGHT SOLAR FUND LIMITED OR,INTERNATIONAL PUBLIC PARTNERSHI,-1.7511878484684038,0.40495041906370377,0.05,2.748607719891026e-05,False,-13.598807858579999,69.8448550148115,,,,,,,,,,,,,,
ENERGY_UTILITIES,CNA.L,INPP.L,CENTRICA PLC ORD 6 14/81P,INTERNATIONAL PUBLIC PARTNERSHI,-1.7354520503532487,0.4129452512162891,0.05,2.748607719891026e-05,False,9.394356597398671,-40.20670651700626,,,,,,,,,,,,,,
ENERGY_UTILITIES,BP.L,DCC.L,BP PLC $0.25,DCC ENERGY PLC ORD EUR0.25 (CDI,-1.7134210848591525,0.42421113366823904,0.05,2.748607719891026e-05,False,3.206329571351766,-21.28565024062457,,,,,,,,,,,,,,
ENERGY_UTILITIES,SSE.L,TRIG.L,SSE PLC ORD 50P,THE RENEWABLES INFRASTRUCTURE G,-1.710396841272112,0.4257638295926371,0.05,2.748607719891026e-05,False,-1.6200772900560774,14.662175378580912,,,,,,,,,,,,,,
ENERGY_UTILITIES,CNA.L,DCC.L,CENTRICA PLC ORD 6 14/81P,DCC ENERGY PLC ORD EUR0.25 (CDI,-1.704110587756722,0.4289958325955239,0.05,2.748607719891026e-05,False,-10.309796883222123,93.02028554771483,,,,,,,,,,,,,,
ENERGY_UTILITIES,DCC.L,UU.L,DCC ENERGY PLC ORD EUR0.25 (CDI,UNITED UTILITIES GROUP PLC ORD ,-1.6965307251815664,0.43290083228757226,0.05,2.748607719891026e-05,False,-0.03534820415339403,8.781296862232079,,,,,,,,,,,,,,
ENERGY_UTILITIES,INPP.L,UKW.L,INTERNATIONAL PUBLIC PARTNERSHI,GREENCOAT UK WIND PLC ORD 1P,-1.6527546104028408,0.4556042124471312,0.05,2.748607719891026e-05,False,-0.03667171850809777,4.991131254357085,,,,,,,,,,,,,,
ENERGY_UTILITIES,FSFL.L,HICL.L,FORESIGHT SOLAR FUND LIMITED OR,HICL INFRASTRUCTURE PLC ORD 0.0,-1.6197533621370523,0.4728586031208323,0.05,2.748607719891026e-05,False,7.4691703784429615,-31.435127471499943,,,,,,,,,,,,,,
ENERGY_UTILITIES,DCC.L,NG.L,DCC ENERGY PLC ORD EUR0.25 (CDI,NATIONAL GRID PLC ORD 12 204/47,-1.6171244117959283,0.47423717702257945,0.05,2.748607719891026e-05,False,-0.10810281895888402,9.28759487381669,,,,,,,,,,,,,,
ENERGY_UTILITIES,DCC.L,SSE.L,DCC ENERGY PLC ORD EUR0.25 (CDI,SSE PLC ORD 50P,-1.6056324390706183,0.48076355208223326,0.05,2.748607719891026e-05,False,0.026239250165583646,8.334126918033101,,,,,,,,,,,,,,
ENERGY_UTILITIES,INPP.L,PNN.L,INTERNATIONAL PUBLIC PARTNERSHI,PENNON GROUP PLC ORD 61 1/20P,-1.5956634335584798,0.48577153139578755,0.05,2.748607719891026e-05,False,0.3427615664157908,2.6713721575801777,,,,,,,,,,,,,,
ENERGY_UTILITIES,HBR.L,TRIG.L,HARBOUR ENERGY PLC ORD 0.002P,THE RENEWABLES INFRASTRUCTURE G,-1.5896339717813552,0.48879860953715265,0.05,2.748607719891026e-05,False,2.045293230152948,-3.5047713033038645,,,,,,,,,,,,,,
ENERGY_UTILITIES,CNA.L,HBR.L,CENTRICA PLC ORD 6 14/81P,HARBOUR ENERGY PLC ORD 0.002P,-1.568037971984614,0.4996262936187064,0.05,2.748607719891026e-05,False,-0.8609170215364184,9.747615641611604,,,,,,,,,,,,,,
ENERGY_UTILITIES,DCC.L,TRIG.L,DCC ENERGY PLC ORD EUR0.25 (CDI,THE RENEWABLES INFRASTRUCTURE G,-1.567027383257028,0.5001323307499499,0.05,2.748607719891026e-05,False,0.1380450039518188,7.927841056693557,,,,,,,,,,,,,,
ENERGY_UTILITIES,DCC.L,FSFL.L,DCC ENERGY PLC ORD EUR0.25 (CDI,FORESIGHT SOLAR FUND LIMITED OR,-1.5252832923060782,0.5209690524657488,0.05,2.748607719891026e-05,False,0.024760902915921465,8.42534243602234,,,,,,,,,,,,,,
ENERGY_UTILITIES,INPP.L,TRIG.L,INTERNATIONAL PUBLIC PARTNERSHI,THE RENEWABLES INFRASTRUCTURE G,-1.5141360859082325,0.526507190183781,0.05,2.748607719891026e-05,False,0.021999944793489466,4.721132495402643,,,,,,,,,,,,,,
ENERGY_UTILITIES,DCC.L,HBR.L,DCC ENERGY PLC ORD EUR0.25 (CDI,HARBOUR ENERGY PLC ORD 0.002P,-1.513135353552847,0.5270037495966653,0.05,2.748607719891026e-05,False,0.2642414212566331,7.091004033542474,,,,,,,,,,,,,,
ENERGY_UTILITIES,FSFL.L,HBR.L,FORESIGHT SOLAR FUND LIMITED OR,HARBOUR ENERGY PLC ORD 0.002P,-1.512606296000539,0.5272662230496523,0.05,2.748607719891026e-05,False,0.060366833400109066,4.0030621706130844,,,,,,,,,,,,,,
ENERGY_UTILITIES,HBR.L,UKW.L,HARBOUR ENERGY PLC ORD 0.002P,GREENCOAT UK WIND PLC ORD 1P,-1.5122207767432703,0.527457466251042,0.05,2.748607719891026e-05,False,2.431090861469497,-6.053982196666094,,,,,,,,,,,,,,
ENERGY_UTILITIES,ENOG.L,HBR.L,ENERGEAN PLC ORD 1P,HARBOUR ENERGY PLC ORD 0.002P,-1.4424649221733161,0.5617572241809274,0.05,2.748607719891026e-05,False,0.16219791352404644,5.9267851691501825,,,,,,,,,,,,,,
ENERGY_UTILITIES,BP.L,HBR.L,BP PLC $0.25,HARBOUR ENERGY PLC ORD 0.002P,-1.3410156923528391,0.6102050607426204,0.05,2.748607719891026e-05,False,0.5897493939817346,2.855255850414212,,,,,,,,,,,,,,
ENERGY_UTILITIES,DCC.L,UKW.L,DCC ENERGY PLC ORD EUR0.25 (CDI,GREENCOAT UK WIND PLC ORD 1P,-1.3385562909691076,0.6113534529481927,0.05,2.748607719891026e-05,False,0.1751239266124194,7.703517830432532,,,,,,,,,,,,,,
ENERGY_UTILITIES,HBR.L,SVT.L,HARBOUR ENERGY PLC ORD 0.002P,SEVERN TRENT PLC ORD 97 17/19P,-1.3293022299081039,0.6156621940571184,0.05,2.748607719891026e-05,False,13.210389104010954,-98.96641522575099,,,,,,,,,,,,,,
ENERGY_UTILITIES,CNA.L,SSE.L,CENTRICA PLC ORD 6 14/81P,SSE PLC ORD 50P,-1.2965517701465714,0.6307484027251145,0.05,2.748607719891026e-05,False,0.9755052569739675,-2.3285774827111103,,,,,,,,,,,,,,
ENERGY_UTILITIES,DCC.L,PNN.L,DCC ENERGY PLC ORD EUR0.25 (CDI,PENNON GROUP PLC ORD 61 1/20P,-1.1849675736493877,0.6800286246254802,0.05,2.748607719891026e-05,False,0.27089040659073005,6.836483305703654,,,,,,,,,,,,,,
ENERGY_UTILITIES,PNN.L,UU.L,PENNON GROUP PLC ORD 61 1/20P,UNITED UTILITIES GROUP PLC ORD ,-1.0121145636633695,0.7488201875211966,0.05,2.748607719891026e-05,False,0.9991707550926596,-0.7679975344588641,,,,,,,,,,,,,,
ENERGY_UTILITIES,HBR.L,NG.L,HARBOUR ENERGY PLC ORD 0.002P,NATIONAL GRID PLC ORD 12 204/47,-1.0043461965951133,0.7516758269150964,0.05,2.748607719891026e-05,False,25.710259833745575,-174.10196698631952,,,,,,,,,,,,,,
ENERGY_UTILITIES,HBR.L,UU.L,HARBOUR ENERGY PLC ORD 0.002P,UNITED UTILITIES GROUP PLC ORD ,-0.7570334241669977,0.8314186301837443,0.05,2.748607719891026e-05,False,25.588652218159673,-174.5645505492014,,,,,,,,,,,,,,
ES_BANKS,CABK.MC,SAN.MC,"CAIXABANK, S.A.",BANCO SANTANDER S.A.,-4.36718876040093,0.0003391377556126976,0.05,0.00910621924748806,True,0.8874731254835363,0.27383135682313386,9.382498895191015,9.923553766047083e-05,-0.07387660668046726,28.0,1.3358360520112804,2.882154098135902,False,,0.6,0.024977249160462157,2.357092411435257,3.479668239708339,False,mixed signal
ES_BANKS,BBVA.MC,CABK.MC,BANCO BILBAO VIZCAYA ARGENTARIA,"CAIXABANK, S.A.",-3.4727969528890097,0.008713836020838724,0.05,0.00910621924748806,True,1.0361096212935317,0.5241420638446859,14.729404597668712,-0.00017822556800444652,-0.0470587372329804,44.0,0.024576130818663555,3.401111135810379,False,,0.4,-0.011305856436185457,-0.7332415437366466,-1.408607751114429,True,mixed signal
ES_BANKS,BBVA.MC,SAN.MC,BANCO BILBAO VIZCAYA ARGENTARIA,BANCO SANTANDER S.A.,-3.458945704194464,0.00910621924748806,0.05,0.00910621924748806,True,0.9192834489075632,0.8083135598341871,13.885953856835071,-7.311208171593316e-05,-0.0499171456067282,42.0,1.8132219925693882,2.996481269560169,False,,0.2,0.013714819951767925,0.7582354201109496,0.31111583909365026,False,still diverging
ES_BANKS,BKT.MC,SAB.MC,"BANKINTER, S.A.",BANCO DE SABADELL,-3.056609072571123,0.02993545078994354,0.05,0.00910621924748806,False,1.0204809871184717,1.5423541644898602,,,,,,,,,,,,,,
ES_BANKS,BKT.MC,SAN.MC,"BANKINTER, S.A.",BANCO SANTANDER S.A.,-2.871057009693029,0.048818679479077226,0.05,0.00910621924748806,False,0.7878658830556593,0.8196137460408242,,,,,,,,,,,,,,
ES_BANKS,BBVA.MC,BKT.MC,BANCO BILBAO VIZCAYA ARGENTARIA,"BANKINTER, S.A.",-2.411246313464438,0.13858734674433099,0.05,0.00910621924748806,False,1.167724718238332,-0.15016271645191326,,,,,,,,,,,,,,
ES_BANKS,SAB.MC,SAN.MC,BANCO DE SABADELL,BANCO SANTANDER S.A.,-1.5356964283380805,0.5157847721034172,0.05,0.00910621924748806,False,0.7687331308105705,-0.7018729363073555,,,,,,,,,,,,,,
ES_BANKS,BBVA.MC,SAB.MC,BANCO BILBAO VIZCAYA ARGENTARIA,BANCO DE SABADELL,-1.5103136970968623,0.5284032707568498,0.05,0.00910621924748806,False,1.1957437153230015,1.6477186450196855,,,,,,,,,,,,,,
ES_BANKS,CABK.MC,SAB.MC,"CAIXABANK, S.A.",BANCO DE SABADELL,-1.1845406720819611,0.6802103213667037,0.05,0.00910621924748806,False,1.15354691565032,1.0848224972758964,,,,,,,,,,,,,,
ES_BANKS,BKT.MC,CABK.MC,"BANKINTER, S.A.","CAIXABANK, S.A.",-0.785528356138213,0.8233360873460819,0.05,0.00910621924748806,False,0.8876920520697472,0.5766566245979556,,,,,,,,,,,,,,
ES_UTILITIES,ENC.MC,IBE.MC,"ENCE ENERGIA Y CELULOSA, S.A.",ACCIONES IBERDROLA,-3.2521877289456254,0.017155729694575093,0.05,,False,-0.6247534655411724,2.7116931474612835,,,,,,,,,,,,,,
ES_UTILITIES,RED.MC,SLR.MC,"REDEIA CORPORACION, S.A.",SOLARIA ENERGIA Y MEDIO AMBIENT,-3.250610273375209,0.017235806293163507,0.05,,False,-0.10128102202334234,2.980122883524031,,,,,,,,,,,,,,
ES_UTILITIES,ENC.MC,SLR.MC,"ENCE ENERGIA Y CELULOSA, S.A.",SOLARIA ENERGIA Y MEDIO AMBIENT,-3.2016349648490063,0.01989023587370377,0.05,,False,-0.2617984995160011,1.6718101413702162,,,,,,,,,,,,,,
ES_UTILITIES,ENC.MC,RED.MC,"ENCE ENERGIA Y CELULOSA, S.A.","REDEIA CORPORACION, S.A.",-2.703910219829496,0.07336407098325459,0.05,,False,3.288225307462655,-7.94896900888464,,,,,,,,,,,,,,
ES_UTILITIES,IBE.MC,NTGY.MC,ACCIONES IBERDROLA,"NATURGY ENERGY GROUP, S.A.",-2.702234243491591,0.07365244468017954,0.05,,False,1.7693331775603587,-2.8593316750540505,,,,,,,,,,,,,,
ES_UTILITIES,IBE.MC,RED.MC,ACCIONES IBERDROLA,"REDEIA CORPORACION, S.A.",-2.637878090757173,0.08541857123570357,0.05,,False,-7.9898339097302005,24.497276830377864,,,,,,,,,,,,,,
ES_UTILITIES,NTGY.MC,SLR.MC,"NATURGY ENERGY GROUP, S.A.",SOLARIA ENERGIA Y MEDIO AMBIENT,-2.6354686378449386,0.08588592774500098,0.05,,False,0.16757844782379575,2.730361627636575,,,,,,,,,,,,,,
ES_UTILITIES,NTGY.MC,RED.MC,"NATURGY ENERGY GROUP, S.A.","REDEIA CORPORACION, S.A.",-2.3877512827718745,0.14522340441788495,0.05,,False,-9.038771121386128,27.79263900454128,,,,,,,,,,,,,,
ES_UTILITIES,IBE.MC,SLR.MC,ACCIONES IBERDROLA,SOLARIA ENERGIA Y MEDIO AMBIENT,-2.1975399240587485,0.20713953383817163,0.05,,False,0.3793276269786167,1.7640059244868653,,,,,,,,,,,,,,
ES_UTILITIES,ENC.MC,NTGY.MC,"ENCE ENERGIA Y CELULOSA, S.A.","NATURGY ENERGY GROUP, S.A.",-2.189253848567196,0.2101687828642927,0.05,,False,-1.2059574165622455,4.814871507343224,,,,,,,,,,,,,,
FINANCIALS,ABDN.L,MNG.L,ABERDEEN GROUP PLC ORD 13 61/63,M&G PLC,-4.808816275417851,5.231282741020905e-05,0.05,5.231282741020905e-05,True,0.9898207676429758,-0.2511120017080293,13.253404692994815,-0.00010965031492348251,-0.052299555971931755,40.0,1.9487880953756394,3.3147241943759216,False,,0.6,0.01730789113998396,0.4810430593947841,0.8960605144979155,False,mixed signal
FINANCIALS,BEZ.L,ICG.L,BEAZLEY PLC ORD 5P,ICG PLC ORD 26 1/4P,-4.27644552629403,0.00048783462568784423,0.05,5.231282741020905e-05,False,-2.1993092724180805,23.53318940917056,,,,,,,,,,,,,,
FINANCIALS,ASHM.L,INVP.L,ASHMORE GROUP PLC ORD 0.01P,INVESTEC PLC ORD GBP0.0002,-3.826145530078685,0.0026508585539263664,0.05,5.231282741020905e-05,False,1.9503676489708206,-7.164646367725338,,,,,,,,,,,,,,
FINANCIALS,BGEO.L,LGEN.L,LION FINANCE GROUP PLC ORD 1P,LEGAL & GENERAL GROUP PLC ORD 2,-3.797693767347824,0.0029309991020333758,0.05,5.231282741020905e-05,False,6.2112877276761855,-25.321297527901407,,,,,,,,,,,,,,
FINANCIALS,HSBA.L,LGEN.L,HSBC HOLDINGS PLC ORD $0.50 (UK,LEGAL & GENERAL GROUP PLC ORD 2,-3.78923099853342,0.003019437825989799,0.05,5.231282741020905e-05,False,4.257483157330092,-16.548759853528225,,,,,,,,,,,,,,
FINANCIALS,LGEN.L,MNG.L,LEGAL & GENERAL GROUP PLC ORD 2,M&G PLC,-3.6594761078251197,0.004720643528969094,0.05,5.231282741020905e-05,False,0.3431362687570649,3.6089469828948246,,,,,,,,,,,,,,
FINANCIALS,LGEN.L,STAN.L,LEGAL & GENERAL GROUP PLC ORD 2,STANDARD CHARTERED PLC ORD USD0,-3.6498132508337924,0.004877086081613323,0.05,5.231282741020905e-05,False,0.17745921147554927,4.228501215875891,,,,,,,,,,,,,,
FINANCIALS,ICG.L,LGEN.L,ICG PLC ORD 26 1/4P,LEGAL & GENERAL GROUP PLC ORD 2,-3.6071391900975396,0.005625999431713,0.05,5.231282741020905e-05,False,-2.4937865094341616,21.303605950894955,,,,,,,,,,,,,,
FINANCIALS,LGEN.L,LLOY.L,LEGAL & GENERAL GROUP PLC ORD 2,LLOYDS BANKING GROUP PLC ORD 10,-3.588598322755575,0.005982782023324655,0.05,5.231282741020905e-05,False,0.2537245557047108,4.394979963487368,,,,,,,,,,,,,,
FINANCIALS,BARC.L,LGEN.L,BARCLAYS PLC ORD 25P,LEGAL & GENERAL GROUP PLC ORD 2,-3.585400708753843,0.006046347588328854,0.05,5.231282741020905e-05,False,4.550485740250124,-19.191248991266406,,,,,,,,,,,,,,
FINANCIALS,BEZ.L,SDR.L,BEAZLEY PLC ORD 5P,SCHRODERS PLC ORD 20P,-3.5643022059344664,0.006481332223668722,0.05,5.231282741020905e-05,False,0.9536592771599122,1.1017508466582004,,,,,,,,,,,,,,
FINANCIALS,ABDN.L,LGEN.L,ABERDEEN GROUP PLC ORD 13 61/63,LEGAL & GENERAL GROUP PLC ORD 2,-3.5242620008375463,0.007385423956429745,0.05,5.231282741020905e-05,False,2.9460521523746728,-10.999013887402572,,,,,,,,,,,,,,
FINANCIALS,ICG.L,SDR.L,ICG PLC ORD 26 1/4P,SCHRODERS PLC ORD 20P,-3.3889705123944664,0.011340661942846492,0.05,5.231282741020905e-05,False,-0.3870828727847911,9.920785950290249,,,,,,,,,,,,,,
FINANCIALS,LGEN.L,NWG.L,LEGAL & GENERAL GROUP PLC ORD 2,NATWEST GROUP PLC ORD 107.69P,-3.346414113430807,0.01292702298198238,0.05,5.231282741020905e-05,False,0.25921634646374925,3.8909407396171614,,,,,,,,,,,,,,
FINANCIALS,PRU.L,STJ.L,PRUDENTIAL PLC ORD 5P,ST. JAMES'S PLACE PLC ORD 15P,-3.327434535263429,0.013695811009820143,0.05,5.231282741020905e-05,False,0.8724971227378933,0.6926258049655729,,,,,,,,,,,,,,
FINANCIALS,BGEO.L,LLOY.L,LION FINANCE GROUP PLC ORD 1P,LLOYDS BANKING GROUP PLC ORD 10,-3.308283701968198,0.014512229028144231,0.05,5.231282741020905e-05,False,1.5598484103337185,2.046927913259733,,,,,,,,,,,,,,
FINANCIALS,AV.L,PRU.L,AVIVA PLC ORD 32 17/19P,PRUDENTIAL PLC ORD 5P,-3.301105141324283,0.014829146858818816,0.05,5.231282741020905e-05,False,0.5918514895117613,2.350594737252788,,,,,,,,,,,,,,
FINANCIALS,LGEN.L,SDR.L,LEGAL & GENERAL GROUP PLC ORD 2,SCHRODERS PLC ORD 20P,-3.273087197677863,0.016125182327522962,0.05,5.231282741020905e-05,False,0.2537959563921036,3.974458925883634,,,,,,,,,,,,,,
FINANCIALS,ABDN.L,BGEO.L,ABERDEEN GROUP PLC ORD 13 61/63,LION FINANCE GROUP PLC ORD 1P,-3.2626963363932866,0.01663055225763658,0.05,5.231282741020905e-05,False,0.4514342774136332,1.212316896957784,,,,,,,,,,,,,,
FINANCIALS,BEZ.L,LGEN.L,BEAZLEY PLC ORD 5P,LEGAL & GENERAL GROUP PLC ORD 2,-3.255617716284738,0.016982737019722603,0.05,5.231282741020905e-05,False,3.811538457101065,-14.12901359449498,,,,,,,,,,,,,,
FINANCIALS,BARC.L,NWG.L,BARCLAYS PLC ORD 25P,NATWEST GROUP PLC ORD 107.69P,-3.240212123601655,0.01777188827777478,0.05,5.231282741020905e-05,False,1.198166125984899,-1.6006063171651626,,,,,,,,,,,,,,
FINANCIALS,NWG.L,STAN.L,NATWEST GROUP PLC ORD 107.69P,STANDARD CHARTERED PLC ORD USD0,-3.138396522363007,0.023839109106894994,0.05,5.231282741020905e-05,False,0.6871554505814935,1.2840099678478305,,,,,,,,,,,,,,
FINANCIALS,ABDN.L,LLOY.L,ABERDEEN GROUP PLC ORD 13 61/63,LLOYDS BANKING GROUP PLC ORD 10,-3.115309890595793,0.025440739598119034,0.05,5.231282741020905e-05,False,0.7275768776337808,2.0350238018993787,,,,,,,,,,,,,,
FINANCIALS,BARC.L,STAN.L,BARCLAYS PLC ORD 25P,STANDARD CHARTERED PLC ORD USD0,-3.107028713960721,0.02603738599657686,0.05,5.231282741020905e-05,False,0.8282566617636101,-0.09729416297659821,,,,,,,,,,,,,,
FINANCIALS,ABDN.L,STAN.L,ABERDEEN GROUP PLC ORD 13 61/63,STANDARD CHARTERED PLC ORD USD0,-3.0646732203567644,0.029280408989969673,0.05,5.231282741020905e-05,False,0.4959982862656028,1.6494542911065606,,,,,,,,,,,,,,
FINANCIALS,NWG.L,STJ.L,NATWEST GROUP PLC ORD 107.69P,ST. JAMES'S PLACE PLC ORD 15P,-3.013976646282973,0.03360961283078154,0.05,5.231282741020905e-05,False,0.8543085966867725,0.23708879898443058,,,,,,,,,,,,,,
FINANCIALS,BNKR.L,LGEN.L,BANKERS INVESTMENT TRUST PLC OR,LEGAL & GENERAL GROUP PLC ORD 2,-2.9715051940564767,0.03764250963743263,0.05,5.231282741020905e-05,False,1.450223725132458,-3.1503650440972137,,,,,,,,,,,,,,
FINANCIALS,ABDN.L,HSBA.L,ABERDEEN GROUP PLC ORD 13 61/63,HSBC HOLDINGS PLC ORD $0.50 (UK,-2.964749416346255,0.03832008367770872,0.05,5.231282741020905e-05,False,0.6642677290875447,0.6417163814158124,,,,,,,,,,,,,,
FINANCIALS,BGEO.L,NWG.L,LION FINANCE GROUP PLC ORD 1P,NATWEST GROUP PLC ORD 107.69P,-2.9509643400504117,0.03973444307784555,0.05,5.231282741020905e-05,False,1.6534324938480984,-1.421643509635711,,,,,,,,,,,,,,
FINANCIALS,ABDN.L,JUP.L,ABERDEEN GROUP PLC ORD 13 61/63,JUPITER FUND MANAGEMENT PLC ORD,-2.9141216248869237,0.0437303164815243,0.05,5.231282741020905e-05,False,0.47223615592798845,2.958681183384874,,,,,,,,,,,,,,
FINANCIALS,ICG.L,LLOY.L,ICG PLC ORD 26 1/4P,LLOYDS BANKING GROUP PLC ORD 10,-2.9009817552682193,0.045233951744989113,0.05,5.231282741020905e-05,False,-0.3040571901627971,8.920422085371083,,,,,,,,,,,,,,
FINANCIALS,ICG.L,MNG.L,ICG PLC ORD 26 1/4P,M&G PLC,-2.890390594276693,0.04647690619625728,0.05,5.231282741020905e-05,False,-0.4239706332515798,9.932490021408244,,,,,,,,,,,,,,
FINANCIALS,HSBA.L,ICG.L,HSBC HOLDINGS PLC ORD $0.50 (UK,ICG PLC ORD 26 1/4P,-2.8813186129824935,0.04756391580936141,0.05,5.231282741020905e-05,False,-3.5419961164458704,33.77300228303203,,,,,,,,,,,,,,
FINANCIALS,NWG.L,PRU.L,NATWEST GROUP PLC ORD 107.69P,PRUDENTIAL PLC ORD 5P,-2.871264565293406,0.04879303244142654,0.05,5.231282741020905e-05,False,0.9678453101044253,-0.36460452180364467,,,,,,,,,,,,,,
FINANCIALS,BARC.L,BGEO.L,BARCLAYS PLC ORD 25P,LION FINANCE GROUP PLC ORD 1P,-2.8539571322839055,0.050970117658401155,0.05,5.231282741020905e-05,False,0.7330574746201891,-0.6443630975877426,,,,,,,,,,,,,,
FINANCIALS,BGEO.L,ICG.L,LION FINANCE GROUP PLC ORD 1P,ICG PLC ORD 26 1/4P,-2.851365499303242,0.0513028802128994,0.05,5.231282741020905e-05,False,-5.272536468227999,48.89268885117154,,,,,,,,,,,,,,
FINANCIALS,BGEO.L,HSBA.L,LION FINANCE GROUP PLC ORD 1P,HSBC HOLDINGS PLC ORD $0.50 (UK,-2.839891262224519,0.052797636633734636,0.05,5.231282741020905e-05,False,1.4599124891164121,-1.1849867198574628,,,,,,,,,,,,,,
FINANCIALS,AV.L,STJ.L,AVIVA PLC ORD 32 17/19P,ST. JAMES'S PLACE PLC ORD 15P,-2.8227662324485663,0.05509464091599154,0.05,5.231282741020905e-05,False,0.5053979107259867,2.8370129623271954,,,,,,,,,,,,,,
FINANCIALS,ICG.L,INVP.L,ICG PLC ORD 26 1/4P,INVESTEC PLC ORD GBP0.0002,-2.7881098594541487,0.05999236486432888,0.05,5.231282741020905e-05,False,-2.608582343325491,24.119398852840195,,,,,,,,,,,,,,
FINANCIALS,ASHM.L,ICG.L,ASHMORE GROUP PLC ORD 0.01P,ICG PLC ORD 26 1/4P,-2.786041331647531,0.06029549412274136,0.05,5.231282741020905e-05,False,-2.1913495123118465,21.84646635557236,,,,,,,,,,,,,,
FINANCIALS,ASHM.L,JUP.L,ASHMORE GROUP PLC ORD 0.01P,JUPITER FUND MANAGEMENT PLC ORD,-2.7487387724217918,0.06597733361334099,0.05,5.231282741020905e-05,False,0.3250913372118497,3.6507832979755044,,,,,,,,,,,,,,
FINANCIALS,ABDN.L,ICG.L,ABERDEEN GROUP PLC ORD 13 61/63,ICG PLC ORD 26 1/4P,-2.7268990524985814,0.0694980971820292,0.05,5.231282741020905e-05,False,-2.8048148301633247,26.51288581037211,,,,,,,,,,,,,,
FINANCIALS,JUP.L,LGEN.L,JUPITER FUND MANAGEMENT PLC ORD,LEGAL & GENERAL GROUP PLC ORD 2,-2.7216554678682137,0.07036530640565783,0.05,5.231282741020905e-05,False,6.94123589888875,-33.41700291927644,,,,,,,,,,,,,,
FINANCIALS,ICG.L,NWG.L,ICG PLC ORD 26 1/4P,NATWEST GROUP PLC ORD 107.69P,-2.7122011410251488,0.07195063153699535,0.05,5.231282741020905e-05,False,-0.2819052618250004,9.346811919502846,,,,,,,,,,,,,,
FINANCIALS,LGEN.L,PRU.L,LEGAL & GENERAL GROUP PLC ORD 2,PRUDENTIAL PLC ORD 5P,-2.709198249381909,0.07246005045905135,0.05,5.231282741020905e-05,False,0.23767090348175016,3.885790616144858,,,,,,,,,,,,,,
FINANCIALS,ADM.L,AV.L,ADMIRAL GROUP PLC ORD 0.1P,AVIVA PLC ORD 32 17/19P,-2.7051878827937488,0.0731448331191747,0.05,5.231282741020905e-05,False,0.708220447240708,3.5133218402601676,,,,,,,,,,,,,,
FINANCIALS,ADM.L,AJB.L,ADMIRAL GROUP PLC ORD 0.1P,AJ BELL PLC ORD GBP0.000125,-2.700726450595274,0.07391264569988845,0.05,5.231282741020905e-05,False,0.933369908500852,2.26379605390074,,,,,,,,,,,,,,
FINANCIALS,BARC.L,ICG.L,BARCLAYS PLC ORD 25P,ICG PLC ORD 26 1/4P,-2.698564582785509,0.0742869884503706,0.05,5.231282741020905e-05,False,-4.592820091801101,40.73056548110964,,,,,,,,,,,,,,
FINANCIALS,ABDN.L,BARC.L,ABERDEEN GROUP PLC ORD 13 61/63,BARCLAYS PLC ORD 25P,-2.6877363088399435,0.076184571338828,0.05,5.231282741020905e-05,False,0.618917361744901,1.5911674557619175,,,,,,,,,,,,,,
FINANCIALS,JUP.L,STJ.L,JUPITER FUND MANAGEMENT PLC ORD,ST. JAMES'S PLACE PLC ORD 15P,-2.6863916938058816,0.07642284830347972,0.05,5.231282741020905e-05,False,1.4546459343752658,-5.408374576130961,,,,,,,,,,,,,,
FINANCIALS,AJB.L,ICG.L,AJ BELL PLC ORD GBP0.000125,ICG PLC ORD 26 1/4P,-2.682643058538884,0.07709023695157392,0.05,5.231282741020905e-05,False,-1.255910258186054,15.71002509904382,,,,,,,,,,,,,,
FINANCIALS,AV.L,ICG.L,AVIVA PLC ORD 32 17/19P,ICG PLC ORD 26 1/4P,-2.6574801348962813,0.08168945519944693,0.05,5.231282741020905e-05,False,-2.013395174208417,21.663958812657707,,,,,,,,,,,,,,
FINANCIALS,BGEO.L,STAN.L,LION FINANCE GROUP PLC ORD 1P,STANDARD CHARTERED PLC ORD USD0,-2.652041889343351,0.08271106142471202,0.05,5.231282741020905e-05,False,1.1253798628026366,0.7782623645033677,,,,,,,,,,,,,,
FINANCIALS,ADM.L,LGEN.L,ADMIRAL GROUP PLC ORD 0.1P,LEGAL & GENERAL GROUP PLC ORD 2,-2.650666029953044,0.08297109702558819,0.05,5.231282741020905e-05,False,1.9853721131397803,-2.893192201616973,,,,,,,,,,,,,,
FINANCIALS,BEZ.L,HSBA.L,BEAZLEY PLC ORD 5P,HSBC HOLDINGS PLC ORD $0.50 (UK,-2.6251612579378065,0.08790764799276113,0.05,5.231282741020905e-05,False,0.7729870287514722,1.522657793736557,,,,,,,,,,,,,,
FINANCIALS,ICG.L,STAN.L,ICG PLC ORD 26 1/4P,STANDARD CHARTERED PLC ORD USD0,-2.6155869391737996,0.08981836550616706,0.05,5.231282741020905e-05,False,-0.18039751376208354,8.88992623380454,,,,,,,,,,,,,,
FINANCIALS,ICG.L,JUP.L,ICG PLC ORD 26 1/4P,JUPITER FUND MANAGEMENT PLC ORD,-2.6018020832499267,0.09262538519309033,0.05,5.231282741020905e-05,False,-0.17354672787186382,8.422199735810677,,,,,,,,,,,,,,
FINANCIALS,JUP.L,MNG.L,JUPITER FUND MANAGEMENT PLC ORD,M&G PLC,-2.601293467039352,0.09273022868615494,0.05,5.231282741020905e-05,False,2.0229019759186677,-6.395382406439082,,,,,,,,,,,,,,
FINANCIALS,INVP.L,JUP.L,INVESTEC PLC ORD GBP0.0002,JUPITER FUND MANAGEMENT PLC ORD,-2.579032367667889,0.0974087469887916,0.05,5.231282741020905e-05,False,0.14865103851471737,5.630339862675788,,,,,,,,,,,,,,
FINANCIALS,INVP.L,SDR.L,INVESTEC PLC ORD GBP0.0002,SCHRODERS PLC ORD 20P,-2.5769726472567864,0.09785055877961385,0.05,5.231282741020905e-05,False,0.2734866433433783,4.694285738436579,,,,,,,,,,,,,,
FINANCIALS,BNKR.L,ICG.L,BANKERS INVESTMENT TRUST PLC OR,ICG PLC ORD 26 1/4P,-2.5568391858339203,0.10224980702971692,0.05,5.231282741020905e-05,False,-0.6536139974740266,9.78651219987552,,,,,,,,,,,,,,
FINANCIALS,AJB.L,INVP.L,AJ BELL PLC ORD GBP0.000125,INVESTEC PLC ORD GBP0.0002,-2.5561082306115095,0.10241229146384495,0.05,5.231282741020905e-05,False,1.7626412252194532,-4.999498190682587,,,,,,,,,,,,,,
FINANCIALS,ABDN.L,AJB.L,ABERDEEN GROUP PLC ORD 13 61/63,AJ BELL PLC ORD GBP0.000125,-2.5488068591942135,0.10404603605738388,0.05,5.231282741020905e-05,False,1.9505151294870184,-6.830253974121741,,,,,,,,,,,,,,
FINANCIALS,ICG.L,PRU.L,ICG PLC ORD 26 1/4P,PRUDENTIAL PLC ORD 5P,-2.53851438462106,0.10638231147977484,0.05,5.231282741020905e-05,False,-0.27610154148281946,9.471653772102881,,,,,,,,,,,,,,
FINANCIALS,LLOY.L,PRU.L,LLOYDS BANKING GROUP PLC ORD 10,PRUDENTIAL PLC ORD 5P,-2.537042366517816,0.10671963701818471,0.05,5.231282741020905e-05,False,1.0168216030696866,-2.548648276893128,,,,,,,,,,,,,,
FINANCIALS,BGEO.L,MNG.L,LION FINANCE GROUP PLC ORD 1P,M&G PLC,-2.5334513175729123,0.10754592227740967,0.05,5.231282741020905e-05,False,2.1054416001612424,-2.7629716539367184,,,,,,,,,,,,,,
FINANCIALS,BGEO.L,PRU.L,LION FINANCE GROUP PLC ORD 1P,PRUDENTIAL PLC ORD 5P,-2.533137212566157,0.10761842386947512,0.05,5.231282741020905e-05,False,1.6002865330901064,-2.024625383772511,,,,,,,,,,,,,,
FINANCIALS,ADM.L,BGEO.L,ADMIRAL GROUP PLC ORD 0.1P,LION FINANCE GROUP PLC ORD 1P,-2.530598209386153,0.1082058202374554,0.05,5.231282741020905e-05,False,0.2078057277855032,6.184677175755664,,,,,,,,,,,,,,
FINANCIALS,ADM.L,ICG.L,ADMIRAL GROUP PLC ORD 0.1P,ICG PLC ORD 26 1/4P,-2.5277232569937818,0.10887383121539163,0.05,5.231282741020905e-05,False,-0.9414369598570507,15.172124621290644,,,,,,,,,,,,,,
FINANCIALS,ABDN.L,NWG.L,ABERDEEN GROUP PLC ORD 13 61/63,NATWEST GROUP PLC ORD 107.69P,-2.524008993044903,0.10974141931337733,0.05,5.231282741020905e-05,False,0.7443263697589128,0.5834577355843482,,,,,,,,,,,,,,
FINANCIALS,BNKR.L,HSBA.L,BANKERS INVESTMENT TRUST PLC OR,HSBC HOLDINGS PLC ORD $0.50 (UK,-2.520967061659981,0.11045579837073594,0.05,5.231282741020905e-05,False,0.3404256932115479,2.48802125417582,,,,,,,,,,,,,,
FINANCIALS,HSBA.L,NWG.L,HSBC HOLDINGS PLC ORD $0.50 (UK,NATWEST GROUP PLC ORD 107.69P,-2.5072536820634665,0.11371938645860558,0.05,5.231282741020905e-05,False,1.125276052116912,-0.11709692755544321,,,,,,,,,,,,,,
FINANCIALS,LLOY.L,MNG.L,LLOYDS BANKING GROUP PLC ORD 10,M&G PLC,-2.4977104966227666,0.11603237993867421,0.05,5.231282741020905e-05,False,1.347106169577128,-3.068920773229104,,,,,,,,,,,,,,
FINANCIALS,BARC.L,MNG.L,BARCLAYS PLC ORD 25P,M&G PLC,-2.4847685778041804,0.11922441455076149,0.05,5.231282741020905e-05,False,1.5588555508663131,-2.754611143633106,,,,,,,,,,,,,,
FINANCIALS,LGEN.L,STJ.L,LEGAL & GENERAL GROUP PLC ORD 2,ST. JAMES'S PLACE PLC ORD 15P,-2.480314225540357,0.12033785014104331,0.05,5.231282741020905e-05,False,0.1948574267475709,4.137464758483032,,,,,,,,,,,,,,
FINANCIALS,ABDN.L,ADM.L,ABERDEEN GROUP PLC ORD 13 61/63,ADMIRAL GROUP PLC ORD 0.1P,-2.475655598611649,0.12151049034837402,0.05,5.231282741020905e-05,False,2.0451072029230457,-11.203245478976523,,,,,,,,,,,,,,
FINANCIALS,ABDN.L,PRU.L,ABERDEEN GROUP PLC ORD 13 61/63,PRUDENTIAL PLC ORD 5P,-2.4730279915443325,0.1221755752514998,0.05,5.231282741020905e-05,False,0.7374941056873929,0.19639183652617387,,,,,,,,,,,,,,
FINANCIALS,HSBA.L,STAN.L,HSBC HOLDINGS PLC ORD $0.50 (UK,STANDARD CHARTERED PLC ORD USD0,-2.43956231005082,0.13088007397249363,0.05,5.231282741020905e-05,False,0.7722125055928356,1.3350901061978036,,,,,,,,,,,,,,
FINANCIALS,ABDN.L,AV.L,ABERDEEN GROUP PLC ORD 13 61/63,AVIVA PLC ORD 32 17/19P,-2.4346025941932563,0.13220725648849335,0.05,5.231282741020905e-05,False,1.2891987395139528,-3.0066214751551863,,,,,,,,,,,,,,
FINANCIALS,MNG.L,NWG.L,M&G PLC,NATWEST GROUP PLC ORD 107.69P,-2.4339506970909217,0.13238241667966488,0.05,5.231282741020905e-05,False,0.764869061248541,0.7634737057676055,,,,,,,,,,,,,,
FINANCIALS,HSBA.L,SDR.L,HSBC HOLDINGS PLC ORD $0.50 (UK,SCHRODERS PLC ORD 20P,-2.4271239544047547,0.1342267457795716,0.05,5.231282741020905e-05,False,1.2343032628249053,-0.5479358078018022,,,,,,,,,,,,,,
FINANCIALS,AJB.L,SDR.L,AJ BELL PLC ORD GBP0.000125,SCHRODERS PLC ORD 20P,-2.4228238702791347,0.13539788322413482,0.05,5.231282741020905e-05,False,0.2913827368927678,4.416098011442154,,,,,,,,,,,,,,
FINANCIALS,BEZ.L,INVP.L,BEAZLEY PLC ORD 5P,INVESTEC PLC ORD GBP0.0002,-2.4175715673735403,0.1368382561053384,0.05,5.231282741020905e-05,False,5.482243059162649,-27.89941206773768,,,,,,,,,,,,,,
FINANCIALS,AJB.L,MNG.L,AJ BELL PLC ORD GBP0.000125,M&G PLC,-2.4172467033433156,0.13692770352228806,0.05,5.231282741020905e-05,False,0.4835925220393746,3.504146646774104,,,,,,,,,,,,,,
FINANCIALS,BARC.L,HSBA.L,BARCLAYS PLC ORD 25P,HSBC HOLDINGS PLC ORD $0.50 (UK,-2.4137605882333113,0.13789019073005865,0.05,5.231282741020905e-05,False,1.0719724127332249,-1.5251509476876253,,,,,,,,,,,,,,
FINANCIALS,ADM.L,LLOY.L,ADMIRAL GROUP PLC ORD 0.1P,LLOYDS BANKING GROUP PLC ORD 10,-2.3782457217001367,0.14797075836363383,0.05,5.231282741020905e-05,False,0.34250065667775836,6.530569792415493,,,,,,,,,,,,,,
FINANCIALS,AV.L,LGEN.L,AVIVA PLC ORD 32 17/19P,LEGAL & GENERAL GROUP PLC ORD 2,-2.3753063799181144,0.14882762607641076,0.05,5.231282741020905e-05,False,2.4946235538874566,-7.350078833903599,,,,,,,,,,,,,,
FINANCIALS,INVP.L,MNG.L,INVESTEC PLC ORD GBP0.0002,M&G PLC,-2.374875226361476,0.14895360582968298,0.05,5.231282741020905e-05,False,0.2977260504491723,4.6960286103432685,,,,,,,,,,,,,,
FINANCIALS,AJB.L,HSBA.L,AJ BELL PLC ORD GBP0.000125,HSBC HOLDINGS PLC ORD $0.50 (UK,-2.374440230396077,0.14908078383565115,0.05,5.231282741020905e-05,False,0.27656468926481753,4.268480410843322,,,,,,,,,,,,,,
FINANCIALS,BNKR.L,SDR.L,BANKERS INVESTMENT TRUST PLC OR,SCHRODERS PLC ORD 20P,-2.3590823448114078,0.1536195971927733,0.05,5.231282741020905e-05,False,0.37876071282761525,2.5494480422917642,,,,,,,,,,,,,,
FINANCIALS,AJB.L,BGEO.L,AJ BELL PLC ORD GBP0.000125,LION FINANCE GROUP PLC ORD 1P,-2.3439925343037102,0.15817164297416092,0.05,5.231282741020905e-05,False,0.19041234012147418,4.48439952316169,,,,,,,,,,,,,,
FINANCIALS,ADM.L,PRU.L,ADMIRAL GROUP PLC ORD 0.1P,PRUDENTIAL PLC ORD 5P,-2.343373454467498,0.15836035814414945,0.05,5.231282741020905e-05,False,0.3535854731098229,5.621646131211138,,,,,,,,,,,,,,
FINANCIALS,BEZ.L,BNKR.L,BEAZLEY PLC ORD 5P,BANKERS INVESTMENT TRUST PLC OR,-2.3384678385068263,0.1598612183852709,0.05,5.231282741020905e-05,False,2.802611191736142,-6.688934212802135,,,,,,,,,,,,,,
FINANCIALS,HSBA.L,LLOY.L,HSBC HOLDINGS PLC ORD $0.50 (UK,LLOYDS BANKING GROUP PLC ORD 10,-2.325651894338019,0.16382813104538313,0.05,5.231282741020905e-05,False,1.0694924166006554,2.2092741718001507,,,,,,,,,,,,,,
FINANCIALS,ADM.L,MNG.L,ADMIRAL GROUP PLC ORD 0.1P,M&G PLC,-2.321781475986767,0.1650392075290516,0.05,5.231282741020905e-05,False,0.4621940804499429,5.475017429838445,,,,,,,,,,,,,,
FINANCIALS,BARC.L,LLOY.L,BARCLAYS PLC ORD 25P,LLOYDS BANKING GROUP PLC ORD 10,-2.3040271000525308,0.17067244104535279,0.05,5.231282741020905e-05,False,1.1464899650269815,0.8430278433215239,,,,,,,,,,,,,,
FINANCIALS,AJB.L,JUP.L,AJ BELL PLC ORD GBP0.000125,JUPITER FUND MANAGEMENT PLC ORD,-2.289799001675074,0.17527910673894653,0.05,5.231282741020905e-05,False,0.19364653047718977,5.247124906391258,,,,,,,,,,,,,,
FINANCIALS,LLOY.L,NWG.L,LLOYDS BANKING GROUP PLC ORD 10,NATWEST GROUP PLC ORD 107.69P,-2.287425728623276,0.17605550034866102,0.05,5.231282741020905e-05,False,1.0502919700519404,-2.1636679595295973,,,,,,,,,,,,,,
FINANCIALS,AJB.L,STAN.L,AJ BELL PLC ORD GBP0.000125,STANDARD CHARTERED PLC ORD USD0,-2.2829843781501427,0.17751458650417629,0.05,5.231282741020905e-05,False,0.21476440715898368,4.6291815133303915,,,,,,,,,,,,,,
FINANCIALS,JUP.L,PRU.L,JUPITER FUND MANAGEMENT PLC ORD,PRUDENTIAL PLC ORD 5P,-2.282745146600323,0.17759340677461294,0.05,5.231282741020905e-05,False,1.5653467124753648,-5.874007790144279,,,,,,,,,,,,,,
FINANCIALS,BGEO.L,INVP.L,LION FINANCE GROUP PLC ORD 1P,INVESTEC PLC ORD GBP0.0002,-2.2772408224742944,0.1794133452872061,0.05,5.231282741020905e-05,False,11.40112292205978,-63.38219487333522,,,,,,,,,,,,,,
FINANCIALS,LLOY.L,STAN.L,LLOYDS BANKING GROUP PLC ORD 10,STANDARD CHARTERED PLC ORD USD0,-2.2749315738435794,0.18018053089358543,0.05,5.231282741020905e-05,False,0.7142378646395812,-0.7617906154803222,,,,,,,,,,,,,,
FINANCIALS,ABDN.L,BEZ.L,ABERDEEN GROUP PLC ORD 13 61/63,BEAZLEY PLC ORD 5P,-2.2723856495136188,0.18102885286786013,0.05,5.231282741020905e-05,False,0.8152633380294924,-0.3665539026844007,,,,,,,,,,,,,,
FINANCIALS,HSBA.L,INVP.L,HSBC HOLDINGS PLC ORD $0.50 (UK,INVESTEC PLC ORD GBP0.0002,-2.264224716820181,0.18376585917295368,0.05,5.231282741020905e-05,False,7.0565571183741085,-37.836635163942695,,,,,,,,,,,,,,
FINANCIALS,ABDN.L,INVP.L,ABERDEEN GROUP PLC ORD 13 61/63,INVESTEC PLC ORD GBP0.0002,-2.2634966148225164,0.1840113615391204,0.05,5.231282741020905e-05,False,3.6362534885011897,-17.83666110153136,,,,,,,,,,,,,,
FINANCIALS,BGEO.L,STJ.L,LION FINANCE GROUP PLC ORD 1P,ST. JAMES'S PLACE PLC ORD 15P,-2.2598060939628755,0.1852590411503396,0.05,5.231282741020905e-05,False,1.468568529804263,-1.4195325732362587,,,,,,,,,,,,,,
FINANCIALS,AJB.L,LGEN.L,AJ BELL PLC ORD GBP0.000125,LEGAL & GENERAL GROUP PLC ORD 2,-2.2586123992564335,0.18566378314034976,0.05,5.231282741020905e-05,False,2.4532765110463797,-7.316974629595364,,,,,,,,,,,,,,
FINANCIALS,JUP.L,LLOY.L,JUPITER FUND MANAGEMENT PLC ORD,LLOYDS BANKING GROUP PLC ORD 10,-2.2582905518487535,0.1857730096701926,0.05,5.231282741020905e-05,False,1.543646979269033,-1.9686577262433067,,,,,,,,,,,,,,
FINANCIALS,BNKR.L,MNG.L,BANKERS INVESTMENT TRUST PLC OR,M&G PLC,-2.2557654914732277,0.18663140491811753,0.05,5.231282741020905e-05,False,0.4821468845260057,2.1684202050464414,,,,,,,,,,,,,,
FINANCIALS,AJB.L,BEZ.L,AJ BELL PLC ORD GBP0.000125,BEAZLEY PLC ORD 5P,-2.2502723207661064,0.1885077305849418,0.05,5.231282741020905e-05,False,0.3115242114054191,4.038728480184927,,,,,,,,,,,,,,
FINANCIALS,BNKR.L,STAN.L,BANKERS INVESTMENT TRUST PLC OR,STANDARD CHARTERED PLC ORD USD0,-2.2370770851949673,0.193064779735039,0.05,5.231282741020905e-05,False,0.2567209836211565,2.9864312594660283,,,,,,,,,,,,,,
FINANCIALS,ADM.L,BARC.L,ADMIRAL GROUP PLC ORD 0.1P,BARCLAYS PLC ORD 25P,-2.232978552896457,0.19449455634259927,0.05,5.231282741020905e-05,False,0.2705465592725224,6.442431645171849,,,,,,,,,,,,,,
FINANCIALS,ADM.L,NWG.L,ADMIRAL GROUP PLC ORD 0.1P,NATWEST GROUP PLC ORD 107.69P,-2.231421020261597,0.195039681543625,0.05,5.231282741020905e-05,False,0.35519909538414945,5.817497054220903,,,,,,,,,,,,,,
FINANCIALS,ABDN.L,SDR.L,ABERDEEN GROUP PLC ORD 13 61/63,SCHRODERS PLC ORD 20P,-2.22620202250548,0.196873428413741,0.05,5.231282741020905e-05,False,0.8011956095748929,0.3897386305935715,,,,,,,,,,,,,,
FINANCIALS,ICG.L,STJ.L,ICG PLC ORD 26 1/4P,ST. JAMES'S PLACE PLC ORD 15P,-2.2259750966327765,0.19695341029007646,0.05,5.231282741020905e-05,False,-0.1612418879265988,8.726081937703988,,,,,,,,,,,,,,
FINANCIALS,ADM.L,HSBA.L,ADMIRAL GROUP PLC ORD 0.1P,HSBC HOLDINGS PLC ORD $0.50 (UK,-2.2258567163970286,0.1969951426104955,0.05,5.231282741020905e-05,False,0.27799429271028303,6.112049471385501,,,,,,,,,,,,,,
FINANCIALS,BEZ.L,BGEO.L,BEAZLEY PLC ORD 5P,LION FINANCE GROUP PLC ORD 1P,-2.220517697836004,0.19888316584434834,0.05,5.231282741020905e-05,False,0.49186408306471247,2.4810704687384666,,,,,,,,,,,,,,
FINANCIALS,INVP.L,STAN.L,INVESTEC PLC ORD GBP0.0002,STANDARD CHARTERED PLC ORD USD0,-2.2182114629187812,0.19970226428314536,0.05,5.231282741020905e-05,False,0.08402947570017417,5.732189298785959,,,,,,,,,,,,,,
FINANCIALS,AJB.L,BNKR.L,AJ BELL PLC ORD GBP0.000125,BANKERS INVESTMENT TRUST PLC OR,-2.213666177981582,0.20132286447424447,0.05,5.231282741020905e-05,False,1.3486344857821546,-0.33551324989655473,,,,,,,,,,,,,,
FINANCIALS,AJB.L,LLOY.L,AJ BELL PLC ORD GBP0.000125,LLOYDS BANKING GROUP PLC ORD 10,-2.207589275778025,0.2035025275745177,0.05,5.231282741020905e-05,False,0.2912479970828305,4.899126001207607,,,,,,,,,,,,,,
FINANCIALS,ABDN.L,BNKR.L,ABERDEEN GROUP PLC ORD 13 61/63,BANKERS INVESTMENT TRUST PLC OR,-2.203155486321296,0.2051021914310175,0.05,5.231282741020905e-05,False,2.1012425183002796,-4.935383307082907,,,,,,,,,,,,,,
FINANCIALS,AJB.L,BARC.L,AJ BELL PLC ORD GBP0.000125,BARCLAYS PLC ORD 25P,-2.1998854626013986,0.20628702994885173,0.05,5.231282741020905e-05,False,0.26643332375238465,4.612969476235952,,,,,,,,,,,,,,
FINANCIALS,ADM.L,STAN.L,ADMIRAL GROUP PLC ORD 0.1P,STANDARD CHARTERED PLC ORD USD0,-2.198693575389292,0.2067199552817643,0.05,5.231282741020905e-05,False,0.21434680069918893,6.485505573025934,,,,,,,,,,,,,,
FINANCIALS,INVP.L,LLOY.L,INVESTEC PLC ORD GBP0.0002,LLOYDS BANKING GROUP PLC ORD 10,-2.197875615317964,0.2070173892785377,0.05,5.231282741020905e-05,False,0.12266252687958681,5.800107398430656,,,,,,,,,,,,,,
FINANCIALS,ASHM.L,BGEO.L,ASHMORE GROUP PLC ORD 0.01P,LION FINANCE GROUP PLC ORD 1P,-2.1916787611716986,0.20927943702767549,0.05,5.231282741020905e-05,False,0.22293877164224105,3.2215353633827224,,,,,,,,,,,,,,
FINANCIALS,BARC.L,INVP.L,BARCLAYS PLC ORD 25P,INVESTEC PLC ORD GBP0.0002,-2.1844470218233796,0.21193863733529333,0.05,5.231282741020905e-05,False,9.31909096202116,-53.194037459818716,,,,,,,,,,,,,,
FINANCIALS,HSBA.L,MNG.L,HSBC HOLDINGS PLC ORD $0.50 (UK,M&G PLC,-2.1596660865690565,0.22120850736484599,0.05,5.231282741020905e-05,False,1.4508106083643189,-1.1283334451389235,,,,,,,,,,,,,,
FINANCIALS,ADM.L,STJ.L,ADMIRAL GROUP PLC ORD 0.1P,ST. JAMES'S PLACE PLC ORD 15P,-2.1596537040837096,0.221213200039575,0.05,5.231282741020905e-05,False,0.2918944680083413,5.982124865275667,,,,,,,,,,,,,,
FINANCIALS,ADM.L,SDR.L,ADMIRAL GROUP PLC ORD 0.1P,SCHRODERS PLC ORD 20P,-2.158400246633775,0.22168854396614196,0.05,5.231282741020905e-05,False,0.271083960660055,6.390939568707028,,,,,,,,,,,,,,
FINANCIALS,AJB.L,PRU.L,AJ BELL PLC ORD GBP0.000125,PRUDENTIAL PLC ORD 5P,-2.1460907706845735,0.22638944265663297,0.05,5.231282741020905e-05,False,0.2958354557817599,4.1589464495933335,,,,,,,,,,,,,,
FINANCIALS,BARC.L,STJ.L,BARCLAYS PLC ORD 25P,ST. JAMES'S PLACE PLC ORD 15P,-2.143597592371968,0.22734880523907575,0.05,5.231282741020905e-05,False,1.0325805738258382,-1.3790064312156547,,,,,,,,,,,,,,
FINANCIALS,ASHM.L,LLOY.L,ASHMORE GROUP PLC ORD 0.01P,LLOYDS BANKING GROUP PLC ORD 10,-2.143596039157909,0.2273494036658849,0.05,5.231282741020905e-05,False,0.42287478574682225,3.3526178444022317,,,,,,,,,,,,,,
FINANCIALS,INVP.L,PRU.L,INVESTEC PLC ORD GBP0.0002,PRUDENTIAL PLC ORD 5P,-2.140739536875669,0.22845156019533086,0.05,5.231282741020905e-05,False,0.1184091891852434,5.530212927565043,,,,,,,,,,,,,,
FINANCIALS,NWG.L,SDR.L,NATWEST GROUP PLC ORD 107.69P,SCHRODERS PLC ORD 20P,-2.1358082022316216,0.23036176531028574,0.05,5.231282741020905e-05,False,1.1097061799945673,-0.45958687428391887,,,,,,,,,,,,,,
FINANCIALS,AV.L,BGEO.L,AVIVA PLC ORD 32 17/19P,LION FINANCE GROUP PLC ORD 1P,-2.1265526545903053,0.23397253539955853,0.05,5.231282741020905e-05,False,0.3547205834307297,3.232450035756997,,,,,,,,,,,,,,
FINANCIALS,ASHM.L,BARC.L,ASHMORE GROUP PLC ORD 0.01P,BARCLAYS PLC ORD 25P,-2.1256600309139584,0.23432252171206325,0.05,5.231282741020905e-05,False,0.3187524364129894,3.332542166854116,,,,,,,,,,,,,,
FINANCIALS,ASHM.L,SDR.L,ASHMORE GROUP PLC ORD 0.01P,SCHRODERS PLC ORD 20P,-2.1212854917527713,0.23604217683457562,0.05,5.231282741020905e-05,False,0.6391120428223672,1.3582148419960278,,,,,,,,,,,,,,
FINANCIALS,INVP.L,NWG.L,INVESTEC PLC ORD GBP0.0002,NATWEST GROUP PLC ORD 107.69P,-2.1202893050061022,0.23643481620742457,0.05,5.231282741020905e-05,False,0.07433283051377429,5.871635703056677,,,,,,,,,,,,,,
FINANCIALS,AV.L,NWG.L,AVIVA PLC ORD 32 17/19P,NATWEST GROUP PLC ORD 107.69P,-2.1162611938045552,0.23802636489228945,0.05,5.231282741020905e-05,False,0.6003134871359137,2.64280452561933,,,,,,,,,,,,,,
FINANCIALS,BEZ.L,LLOY.L,BEAZLEY PLC ORD 5P,LLOYDS BANKING GROUP PLC ORD 10,-2.114650702877458,0.2386644338101755,0.05,5.231282741020905e-05,False,0.8171398485145628,3.2718059833422197,,,,,,,,,,,,,,
FINANCIALS,STAN.L,STJ.L,STANDARD CHARTERED PLC ORD USD0,ST. JAMES'S PLACE PLC ORD 15P,-2.107224299637602,0.2416196146475873,0.05,5.231282741020905e-05,False,1.266707434070835,-1.6867754285929468,,,,,,,,,,,,,,
FINANCIALS,MNG.L,STAN.L,M&G PLC,STANDARD CHARTERED PLC ORD USD0,-2.0975624894370286,0.24549586572786009,0.05,5.231282741020905e-05,False,0.5200585264473587,1.7849607104518674,,,,,,,,,,,,,,
FINANCIALS,AV.L,INVP.L,AVIVA PLC ORD 32 17/19P,INVESTEC PLC ORD GBP0.0002,-2.0947571768949116,0.24662798639945088,0.05,5.231282741020905e-05,False,7.396971440575188,-40.47745920066059,,,,,,,,,,,,,,
FINANCIALS,INVP.L,STJ.L,INVESTEC PLC ORD GBP0.0002,ST. JAMES'S PLACE PLC ORD 15P,-2.09352405795024,0.24712657121008258,0.05,5.231282741020905e-05,False,0.03168585521619149,6.110680428859087,,,,,,,,,,,,,,
FINANCIALS,BGEO.L,SDR.L,LION FINANCE GROUP PLC ORD 1P,SCHRODERS PLC ORD 20P,-2.0911027201528447,0.2481072601746397,0.05,5.231282741020905e-05,False,1.9266757140548003,-2.731298393072459,,,,,,,,,,,,,,
FINANCIALS,BEZ.L,STAN.L,BEAZLEY PLC ORD 5P,STANDARD CHARTERED PLC ORD USD0,-2.08946470163756,0.24877194556931226,0.05,5.231282741020905e-05,False,0.5497524172584716,2.890826018955449,,,,,,,,,,,,,,
FINANCIALS,BEZ.L,MNG.L,BEAZLEY PLC ORD 5P,M&G PLC,-2.074523200482709,0.2548815584168626,0.05,5.231282741020905e-05,False,1.1830825045000921,0.31201803020151786,,,,,,,,,,,,,,
FINANCIALS,ASHM.L,NWG.L,ASHMORE GROUP PLC ORD 0.01P,NATWEST GROUP PLC ORD 107.69P,-2.063820002287188,0.2593093160296793,0.05,5.231282741020905e-05,False,0.3461912100641724,3.0432225854454944,,,,,,,,,,,,,,
FINANCIALS,ADM.L,INVP.L,ADMIRAL GROUP PLC ORD 0.1P,INVESTEC PLC ORD GBP0.0002,-2.048818056340238,0.26558647068293884,0.05,5.231282741020905e-05,False,-4.748261413397697,38.075589736891786,,,,,,,,,,,,,,
FINANCIALS,JUP.L,NWG.L,JUPITER FUND MANAGEMENT PLC ORD,NATWEST GROUP PLC ORD 107.69P,-2.045860882913973,0.266833518577959,0.05,5.231282741020905e-05,False,1.6814145804866978,-5.680369694508911,,,,,,,,,,,,,,
FINANCIALS,AV.L,JUP.L,AVIVA PLC ORD 32 17/19P,JUPITER FUND MANAGEMENT PLC ORD,-2.036778731236934,0.27068327766159006,0.05,5.231282741020905e-05,False,0.3485149387182713,4.711000863537077,,,,,,,,,,,,,,
FINANCIALS,LLOY.L,SDR.L,LLOYDS BANKING GROUP PLC ORD 10,SCHRODERS PLC ORD 20P,-2.029729469172119,0.27369177880624895,0.05,5.231282741020905e-05,False,1.154169727760542,-2.5784605128704774,,,,,,,,,,,,,,
FINANCIALS,BGEO.L,JUP.L,LION FINANCE GROUP PLC ORD 1P,JUPITER FUND MANAGEMENT PLC ORD,-2.020610051903637,0.2776100586329602,0.05,5.231282741020905e-05,False,1.045473872833346,3.8713350765841943,,,,,,,,,,,,,,
FINANCIALS,AJB.L,AV.L,AJ BELL PLC ORD GBP0.000125,AVIVA PLC ORD 32 17/19P,-2.019893225809472,0.27791930103218393,0.05,5.231282741020905e-05,False,0.6705036863454518,1.8996325598745543,,,,,,,,,,,,,,
FINANCIALS,ADM.L,JUP.L,ADMIRAL GROUP PLC ORD 0.1P,JUPITER FUND MANAGEMENT PLC ORD,-2.0130195567548643,0.2808938157889655,0.05,5.231282741020905e-05,False,0.16549847006804866,7.233182106057343,,,,,,,,,,,,,,
FINANCIALS,AJB.L,ASHM.L,AJ BELL PLC ORD GBP0.000125,ASHMORE GROUP PLC ORD 0.01P,-2.0063380886074644,0.283801001698908,0.05,5.231282741020905e-05,False,0.36324604451599446,4.2772283974493535,,,,,,,,,,,,,,
FINANCIALS,BARC.L,SDR.L,BARCLAYS PLC ORD 25P,SCHRODERS PLC ORD 20P,-2.0047799534403277,0.28448119709307906,0.05,5.231282741020905e-05,False,1.3989045826436515,-2.56600287882725,,,,,,,,,,,,,,
FINANCIALS,SDR.L,STAN.L,SCHRODERS PLC ORD 20P,STANDARD CHARTERED PLC ORD USD0,-2.004383583316305,0.2846543645327515,0.05,5.231282741020905e-05,False,0.5671258596215135,1.9425933319140558,,,,,,,,,,,,,,
FINANCIALS,MNG.L,SDR.L,M&G PLC,SCHRODERS PLC ORD 20P,-2.0020070759523403,0.28569376032263005,0.05,5.231282741020905e-05,False,0.8205292155457881,0.5810390396484344,,,,,,,,,,,,,,
FINANCIALS,ASHM.L,BEZ.L,ASHMORE GROUP PLC ORD 0.01P,BEAZLEY PLC ORD 5P,-1.9913184025482484,0.2903926027408352,0.05,5.231282741020905e-05,False,0.611253317387057,1.0210482395725125,,,,,,,,,,,,,,
FINANCIALS,BNKR.L,INVP.L,BANKERS INVESTMENT TRUST PLC OR,INVESTEC PLC ORD GBP0.0002,-1.9901659100659874,0.2909015817950007,0.05,5.231282741020905e-05,False,1.0792417917670518,-2.0164348386194275,,,,,,,,,,,,,,
FINANCIALS,BARC.L,BEZ.L,BARCLAYS PLC ORD 25P,BEAZLEY PLC ORD 5P,-1.982471782391905,0.2943110977323625,0.05,5.231282741020905e-05,False,1.4726601762843943,-4.221495224938623,,,,,,,,,,,,,,
FINANCIALS,JUP.L,STAN.L,JUPITER FUND MANAGEMENT PLC ORD,STANDARD CHARTERED PLC ORD USD0,-1.9787195338857895,0.2959810754484614,0.05,5.231282741020905e-05,False,1.0876760316326857,-3.038700167690773,,,,,,,,,,,,,,
FINANCIALS,BARC.L,JUP.L,BARCLAYS PLC ORD 25P,JUPITER FUND MANAGEMENT PLC ORD,-1.9695902386941428,0.30006378570450054,0.05,5.231282741020905e-05,False,0.7480973811184323,2.2798039472775686,,,,,,,,,,,,,,
FINANCIALS,LLOY.L,STJ.L,LLOYDS BANKING GROUP PLC ORD 10,ST. JAMES'S PLACE PLC ORD 15P,-1.9688894071431438,0.30037834642526806,0.05,5.231282741020905e-05,False,0.8875963622223301,-1.8473112098512656,,,,,,,,,,,,,,
FINANCIALS,AJB.L,NWG.L,AJ BELL PLC ORD GBP0.000125,NATWEST GROUP PLC ORD 107.69P,-1.9663250021186316,0.3015307316945023,0.05,5.231282741020905e-05,False,0.3200337286692115,4.181554240894579,,,,,,,,,,,,,,
FINANCIALS,AV.L,LLOY.L,AVIVA PLC ORD 32 17/19P,LLOYDS BANKING GROUP PLC ORD 10,-1.9551399294685108,0.30658220362392,0.05,5.231282741020905e-05,False,0.571078745275741,3.8816074460278305,,,,,,,,,,,,,,
FINANCIALS,BEZ.L,NWG.L,BEAZLEY PLC ORD 5P,NATWEST GROUP PLC ORD 107.69P,-1.9438605552412438,0.31171717610640803,0.05,5.231282741020905e-05,False,0.8584783332333615,1.502284909702884,,,,,,,,,,,,,,
FINANCIALS,ABDN.L,STJ.L,ABERDEEN GROUP PLC ORD 13 61/63,ST. JAMES'S PLACE PLC ORD 15P,-1.94167155342279,0.3127184241744704,0.05,5.231282741020905e-05,False,0.5971327715860282,1.029607367677654,,,,,,,,,,,,,,
FINANCIALS,BGEO.L,BNKR.L,LION FINANCE GROUP PLC ORD 1P,BANKERS INVESTMENT TRUST PLC OR,-1.919237312107332,0.3230660882323928,0.05,5.231282741020905e-05,False,4.455353846651529,-12.658529676645445,,,,,,,,,,,,,,
FINANCIALS,BARC.L,PRU.L,BARCLAYS PLC ORD 25P,PRUDENTIAL PLC ORD 5P,-1.9176953372062895,0.3237829997248518,0.05,5.231282741020905e-05,False,1.1702203179870372,-2.109036823459048,,,,,,,,,,,,,,
FINANCIALS,ASHM.L,STAN.L,ASHMORE GROUP PLC ORD 0.01P,STANDARD CHARTERED PLC ORD USD0,-1.9104633505836837,0.32715494368467846,0.05,5.231282741020905e-05,False,0.2408913657362857,3.4663204271959307,,,,,,,,,,,,,,
FINANCIALS,ASHM.L,HSBA.L,ASHMORE GROUP PLC ORD 0.01P,HSBC HOLDINGS PLC ORD $0.50 (UK,-1.9080387776932028,0.32828891747286315,0.05,5.231282741020905e-05,False,0.4029326486637826,2.4275385409277455,,,,,,,,,,,,,,
FINANCIALS,ADM.L,BEZ.L,ADMIRAL GROUP PLC ORD 0.1P,BEAZLEY PLC ORD 5P,-1.9029690223082611,0.33066568061231005,0.05,5.231282741020905e-05,False,0.30980678509358367,5.903770810675082,,,,,,,,,,,,,,
FINANCIALS,BARC.L,BNKR.L,BARCLAYS PLC ORD 25P,BANKERS INVESTMENT TRUST PLC OR,-1.889906564396856,0.33682417768774253,0.05,5.231282741020905e-05,False,3.2385494419928276,-9.791432140289297,,,,,,,,,,,,,,
FINANCIALS,ASHM.L,LGEN.L,ASHMORE GROUP PLC ORD 0.01P,LEGAL & GENERAL GROUP PLC ORD 2,-1.8840801623659889,0.33958696503323244,0.05,5.231282741020905e-05,False,4.702650092342646,-20.650537218887273,,,,,,,,,,,,,,
FINANCIALS,HSBA.L,STJ.L,HSBC HOLDINGS PLC ORD $0.50 (UK,ST. JAMES'S PLACE PLC ORD 15P,-1.8527649877070997,0.35459750070053936,0.05,5.231282741020905e-05,False,0.9561741563768995,0.18559457846153382,,,,,,,,,,,,,,
FINANCIALS,ABDN.L,ASHM.L,ABERDEEN GROUP PLC ORD 13 61/63,ASHMORE GROUP PLC ORD 0.01P,-1.8414487414515994,0.3600862376620597,0.05,5.231282741020905e-05,False,1.306760036853335,-1.588445861722625,,,,,,,,,,,,,,
FINANCIALS,BEZ.L,JUP.L,BEAZLEY PLC ORD 5P,JUPITER FUND MANAGEMENT PLC ORD,-1.836228398219162,0.36262934491575044,0.05,5.231282741020905e-05,False,0.46713075369779206,4.6073054959306585,,,,,,,,,,,,,,
FINANCIALS,ASHM.L,PRU.L,ASHMORE GROUP PLC ORD 0.01P,PRUDENTIAL PLC ORD 5P,-1.8159305021894951,0.37258181405289204,0.05,5.231282741020905e-05,False,0.417572004039107,2.3588476915028833,,,,,,,,,,,,,,
FINANCIALS,BNKR.L,LLOY.L,BANKERS INVESTMENT TRUST PLC OR,LLOYDS BANKING GROUP PLC ORD 10,-1.8149891573176393,0.37304579443724345,0.05,5.231282741020905e-05,False,0.3400500617896078,3.3441665875112916,,,,,,,,,,,,,,
FINANCIALS,AV.L,STAN.L,AVIVA PLC ORD 32 17/19P,STANDARD CHARTERED PLC ORD USD0,-1.8147806302959182,0.3731486039408292,0.05,5.231282741020905e-05,False,0.3906735669199597,3.5692629411268944,,,,,,,,,,,,,,
FINANCIALS,ADM.L,BNKR.L,ADMIRAL GROUP PLC ORD 0.1P,BANKERS INVESTMENT TRUST PLC OR,-1.81002915645099,0.375493986632794,0.05,5.231282741020905e-05,False,1.3738896746829803,1.3961936681365534,,,,,,,,,,,,,,
FINANCIALS,INVP.L,LGEN.L,INVESTEC PLC ORD GBP0.0002,LEGAL & GENERAL GROUP PLC ORD 2,-1.8083328007893087,0.3763326074678889,0.05,5.231282741020905e-05,False,2.3342160497295983,-6.491841222195981,,,,,,,,,,,,,,
FINANCIALS,HSBA.L,JUP.L,HSBC HOLDINGS PLC ORD $0.50 (UK,JUPITER FUND MANAGEMENT PLC ORD,-1.8066371546825226,0.37717154498821015,0.05,5.231282741020905e-05,False,0.6921124629447402,3.576634670447951,,,,,,,,,,,,,,
FINANCIALS,ASHM.L,MNG.L,ASHMORE GROUP PLC ORD 0.01P,M&G PLC,-1.7445526293580607,0.4083160248589676,0.05,5.231282741020905e-05,False,0.7760985673950924,0.921040435361637,,,,,,,,,,,,,,
FINANCIALS,SDR.L,STJ.L,SCHRODERS PLC ORD 20P,ST. JAMES'S PLACE PLC ORD 15P,-1.7319163075154946,0.41474776581851586,0.05,5.231282741020905e-05,False,0.6641446627769084,1.363428456325222,,,,,,,,,,,,,,
FINANCIALS,ASHM.L,STJ.L,ASHMORE GROUP PLC ORD 0.01P,ST. JAMES'S PLACE PLC ORD 15P,-1.726336223030229,0.4175968826387914,0.05,5.231282741020905e-05,False,0.23023694447550044,3.5812439987571274,,,,,,,,,,,,,,
FINANCIALS,BNKR.L,JUP.L,BANKERS INVESTMENT TRUST PLC OR,JUPITER FUND MANAGEMENT PLC ORD,-1.7103492402895624,0.42578828017620973,0.05,5.231282741020905e-05,False,0.2331784170140565,3.717077313682803,,,,,,,,,,,,,,
FINANCIALS,BNKR.L,NWG.L,BANKERS INVESTMENT TRUST PLC OR,NATWEST GROUP PLC ORD 107.69P,-1.7084855543229387,0.42674585257237435,0.05,5.231282741020905e-05,False,0.3460381295160048,2.6771199960586776,,,,,,,,,,,,,,
FINANCIALS,ASHM.L,AV.L,ASHMORE GROUP PLC ORD 0.01P,AVIVA PLC ORD 32 17/19P,-1.7002007123878646,0.4310090667756125,0.05,5.231282741020905e-05,False,1.3274641766246726,-3.2514091640652847,,,,,,,,,,,,,,
FINANCIALS,AV.L,SDR.L,AVIVA PLC ORD 32 17/19P,SCHRODERS PLC ORD 20P,-1.6969841484121726,0.4326670004208694,0.05,5.231282741020905e-05,False,0.5116220256660968,3.2919346273058863,,,,,,,,,,,,,,
FINANCIALS,AV.L,BEZ.L,AVIVA PLC ORD 32 17/19P,BEAZLEY PLC ORD 5P,-1.6900064571321156,0.4362686668809838,0.05,5.231282741020905e-05,False,0.5383408655132205,2.688212748082896,,,,,,,,,,,,,,
FINANCIALS,PRU.L,STAN.L,PRUDENTIAL PLC ORD 5P,STANDARD CHARTERED PLC ORD USD0,-1.6807687915660117,0.44104721525530843,0.05,5.231282741020905e-05,False,0.6946373330515002,1.8127894949690528,,,,,,,,,,,,,,
FINANCIALS,AJB.L,STJ.L,AJ BELL PLC ORD GBP0.000125,ST. JAMES'S PLACE PLC ORD 15P,-1.6483135027728675,0.4579201309170797,0.05,5.231282741020905e-05,False,0.25770647045850925,4.3666967992079,,,,,,,,,,,,,,
FINANCIALS,BEZ.L,PRU.L,BEAZLEY PLC ORD 5P,PRUDENTIAL PLC ORD 5P,-1.6448678762702167,0.4597183342911479,0.05,5.231282741020905e-05,False,0.8140783740455947,1.3028946621369233,,,,,,,,,,,,,,
FINANCIALS,AV.L,HSBA.L,AVIVA PLC ORD 32 17/19P,HSBC HOLDINGS PLC ORD $0.50 (UK,-1.576143150070113,0.4955655212793391,0.05,5.231282741020905e-05,False,0.5024506546726204,2.917513770790112,,,,,,,,,,,,,,
FINANCIALS,JUP.L,SDR.L,JUPITER FUND MANAGEMENT PLC ORD,SCHRODERS PLC ORD 20P,-1.5746022611887223,0.49633781579423797,0.05,5.231282741020905e-05,False,1.859555605619248,-6.415295371791548,,,,,,,,,,,,,,
FINANCIALS,ADM.L,ASHM.L,ADMIRAL GROUP PLC ORD 0.1P,ASHMORE GROUP PLC ORD 0.01P,-1.4714284938905466,0.5475949540243726,0.05,5.231282741020905e-05,False,-0.015360305533739117,8.093079900602916,,,,,,,,,,,,,,
FINANCIALS,BEZ.L,STJ.L,BEAZLEY PLC ORD 5P,ST. JAMES'S PLACE PLC ORD 15P,-1.4653765416760383,0.5505642938181663,0.05,5.231282741020905e-05,False,0.6614187561605106,2.2067859009483763,,,,,,,,,,,,,,
FINANCIALS,MNG.L,STJ.L,M&G PLC,ST. JAMES'S PLACE PLC ORD 15P,-1.3706314006899147,0.5962720297489966,0.05,5.231282741020905e-05,False,0.6181608807012364,1.1902877196059078,,,,,,,,,,,,,,
FINANCIALS,AV.L,BARC.L,AVIVA PLC ORD 32 17/19P,BARCLAYS PLC ORD 25P,-1.3331881079347045,0.6138553003433258,0.05,5.231282741020905e-05,False,0.4915929727943545,3.4995330867151204,,,,,,,,,,,,,,
FINANCIALS,AV.L,MNG.L,AVIVA PLC ORD 32 17/19P,M&G PLC,-1.3248755641025483,0.6177162798275846,0.05,5.231282741020905e-05,False,0.7653275541402256,2.150849644221598,,,,,,,,,,,,,,
FINANCIALS,PRU.L,SDR.L,PRUDENTIAL PLC ORD 5P,SCHRODERS PLC ORD 20P,-1.3014768483987664,0.6284963831698247,0.05,5.231282741020905e-05,False,1.1458370927748034,-0.09372788093601425,,,,,,,,,,,,,,
FINANCIALS,MNG.L,PRU.L,M&G PLC,PRUDENTIAL PLC ORD 5P,-1.2136702107423154,0.6676876611795759,0.05,5.231282741020905e-05,False,0.7500314457796639,0.418601482454636,,,,,,,,,,,,,,
FINANCIALS,ASHM.L,BNKR.L,ASHMORE GROUP PLC ORD 0.01P,BANKERS INVESTMENT TRUST PLC OR,-1.1711648083927428,0.6858752929362413,0.05,5.231282741020905e-05,False,2.335101209537907,-6.06339460330512,,,,,,,,,,,,,,
FINANCIALS,AV.L,BNKR.L,AVIVA PLC ORD 32 17/19P,BANKERS INVESTMENT TRUST PLC OR,-1.150544621129002,0.6945004894119267,0.05,5.231282741020905e-05,False,1.8126517415555363,-2.376391561245886,,,,,,,,,,,,,,
FINANCIALS,BNKR.L,STJ.L,BANKERS INVESTMENT TRUST PLC OR,ST. JAMES'S PLACE PLC ORD 15P,-0.8770243281689769,0.7954444534487717,0.05,5.231282741020905e-05,False,0.2655981265497348,2.9681115365923008,,,,,,,,,,,,,,
FINANCIALS,HSBA.L,PRU.L,HSBC HOLDINGS PLC ORD $0.50 (UK,PRUDENTIAL PLC ORD 5P,-0.8556753011991941,0.8022186737919621,0.05,5.231282741020905e-05,False,1.092348268016283,-0.5493967725811375,,,,,,,,,,,,,,
FINANCIALS,BNKR.L,PRU.L,BANKERS INVESTMENT TRUST PLC OR,PRUDENTIAL PLC ORD 5P,-0.7537052166224882,0.8323441668648581,0.05,5.231282741020905e-05,False,0.33197664245702185,2.570804840157322,,,,,,,,,,,,,,
FR_BANKS,ACA.PA,GLE.PA,CREDIT AGRICOLE,SOCIETE GENERALE,-3.307643328134825,0.014540255427288883,0.05,0.014540255427288883,True,0.28641608272939034,1.5863421337701193,19.015352754680837,8.347348984623477e-05,-0.03645197591137611,57.0,-0.4009613225409282,2.4230169143406295,False,,0.4,0.006725203244388498,0.08061896468220181,-0.024148029417016548,True,mixed signal
FR_BANKS,ACA.PA,BNP.PA,CREDIT AGRICOLE,BNP PARIBAS ACT.A,-2.249781923847981,0.1886758316125962,0.05,0.014540255427288883,False,0.6682559664102846,-0.14437160552104444,,,,,,,,,,,,,,
FR_BANKS,BNP.PA,GLE.PA,BNP PARIBAS ACT.A,SOCIETE GENERALE,-1.5775665414731925,0.49485199927626256,0.05,0.014540255427288883,False,0.41746822260266464,2.6316928626680376,,,,,,,,,,,,,,
FR_LUXURY,CDI.PA,MC.PA,CHRISTIAN DIOR,LVMH,-3.382231032223958,0.011579736423415829,0.05,,False,0.9424075461915681,0.2937614998391975,,,,,,,,,,,,,,
FR_LUXURY,KER.PA,RMS.PA,KERING,HERMES INTL,-1.8339858245201508,0.36372393380869794,0.05,,False,-2.55252525262902,24.985933229891494,,,,,,,,,,,,,,
FR_LUXURY,CDI.PA,RMS.PA,CHRISTIAN DIOR,HERMES INTL,-1.5278432756713913,0.5196954748194026,0.05,,False,0.9193405877845158,-0.7966509090318024,,,,,,,,,,,,,,
FR_LUXURY,MC.PA,RMS.PA,LVMH,HERMES INTL,-1.3132039212402584,0.623110062334647,0.05,,False,1.069433935617358,-1.8751496190493633,,,,,,,,,,,,,,
FR_LUXURY,CDI.PA,KER.PA,CHRISTIAN DIOR,KERING,-1.153295752740431,0.6933573800575323,0.05,,False,0.5429474615183371,3.2645367527972295,,,,,,,,,,,,,,
FR_LUXURY,KER.PA,MC.PA,KERING,LVMH,-1.0903102493777417,0.7189205561535664,0.05,,False,1.7056419781070717,-5.281973744905529,,,,,,,,,,,,,,
FR_UTILITIES,ENGI.PA,RUI.PA,ENGIE,RUBIS,-3.248745496146426,0.017330890433694773,0.05,,False,1.5457036705162672,-2.1710110882490503,,,,,,,,,,,,,,
FR_UTILITIES,ENGI.PA,VIE.PA,ENGIE,VEOLIA ENVIRON.,-2.4127507090508513,0.13816990834059983,0.05,,False,2.9016715479191886,-6.837525300202039,,,,,,,,,,,,,,
FR_UTILITIES,ALO.PA,ENGI.PA,ALSTOM,ENGIE,-1.7171504882881108,0.42229839542797093,0.05,,False,0.18034320665853626,2.5082585426023307,,,,,,,,,,,,,,
FR_UTILITIES,RUI.PA,VIE.PA,RUBIS,VEOLIA ENVIRON.,-1.2538334831582045,0.6500202192485491,0.05,,False,2.0433735081964555,-3.5756771074025226,,,,,,,,,,,,,,
FR_UTILITIES,ALO.PA,RUI.PA,ALSTOM,RUBIS,-1.0916685734562774,0.7183829198515796,0.05,,False,0.499712084793088,1.393913079726257,,,,,,,,,,,,,,
FR_UTILITIES,ALO.PA,VIE.PA,ALSTOM,VEOLIA ENVIRON.,-0.31134325655334616,0.9238823524681815,0.05,,False,-25.32813800846277,87.8991525296531,,,,,,,,,,,,,,
HEALTHCARE,AZN.L,GSK.L,ASTRAZENECA PLC ORD SHS $0.25,GSK PLC ORD 31 1/4P,-3.767572021244557,0.0032570774067488422,0.05,0.02285892883057512,True,0.7943878751813619,3.5424364269091626,12.890870195605688,-0.00010028843578102772,-0.053770394864128664,39.0,2.012982878965473,2.980489382891222,False,,0.6,0.01773865539841178,0.8227222205451588,0.7687030476377059,False,mixed signal
HEALTHCARE,GSK.L,HIK.L,GSK PLC ORD 31 1/4P,HIKMA PHARMACEUTICALS PLC ORD S,-3.6572792514037378,0.004755803646153995,0.05,0.02285892883057512,True,-0.9514122271398615,14.49557362795435,15.182568105165988,0.00020102888384172725,-0.04565414597574547,46.0,-0.6605859357626538,3.1549198801301084,False,,0.6,-0.03140058490076811,-0.7999934715004939,-1.0804339712710656,False,mixed signal
HEALTHCARE,AZN.L,HIK.L,ASTRAZENECA PLC ORD SHS $0.25,HIKMA PHARMACEUTICALS PLC ORD S,-3.5891927082118125,0.005971033176534158,0.05,0.02285892883057512,True,-0.7113427607056606,14.725072533797967,17.35178729540038,7.538747210174758e-05,-0.03994673106347293,52.0,0.7328476709929131,3.0576353251770083,False,,0.6,-0.004997387259557561,-0.12623772556596113,-0.4362438707740782,True,reversion signs agree
HEALTHCARE,AZN.L,CTEC.L,ASTRAZENECA PLC ORD SHS $0.25,CONVATEC GROUP PLC ORD 10P,-3.392211587509697,0.011227260830679642,0.05,0.02285892883057512,True,-2.424460184828305,22.66542571017309,15.35445710217496,-0.0001147571328589839,-0.045143060151684615,46.0,-1.917991736809805,2.7104496016155037,False,,0.4,-0.024675230493151443,-0.11265619053047526,0.38263066162475035,False,mixed signal
HEALTHCARE,CTEC.L,GSK.L,CONVATEC GROUP PLC ORD 10P,GSK PLC ORD 31 1/4P,-3.1575287408059056,0.02257850509548044,0.05,0.02285892883057512,True,-0.2607016963980341,7.393476948953224,17.614665532427125,-4.1954944248399006e-05,-0.039350572923676545,53.0,-1.9791809915014618,2.4474592787811247,False,,0.4,-0.01694839681559488,-0.3362892532334252,0.08828195222925705,False,mixed signal
HEALTHCARE,CTEC.L,HIK.L,CONVATEC GROUP PLC ORD 10P,HIKMA PHARMACEUTICALS PLC ORD S,-3.1531943006777055,0.02285892883057512,0.05,0.02285892883057512,True,0.3132224770973845,3.12684655504542,17.5037766058988,-7.198662189255128e-05,-0.03959986442733471,53.0,-2.2210263026580708,2.3364261626222067,False,,0.4,-0.007039663833523105,-0.037387374834234155,0.6536182443016549,False,mixed signal
HEALTHCARE,CTEC.L,SN.L,CONVATEC GROUP PLC ORD 10P,SMITH & NEPHEW PLC ORD USD0.20,-2.8066867868212064,0.05732493825596465,0.05,0.02285892883057512,False,-0.15499142383718892,6.562369338783284,,,,,,,,,,,,,,
HEALTHCARE,HIK.L,SN.L,HIKMA PHARMACEUTICALS PLC ORD S,SMITH & NEPHEW PLC ORD USD0.20,-2.7499393575325275,0.06578800671118497,0.05,0.02285892883057512,False,-2.1886591059449283,22.908741370329466,,,,,,,,,,,,,,
HEALTHCARE,AZN.L,SN.L,ASTRAZENECA PLC ORD SHS $0.25,SMITH & NEPHEW PLC ORD USD0.20,-2.4357801242367825,0.13189128512415088,0.05,0.02285892883057512,False,1.263946167380377,0.4941501257559331,,,,,,,,,,,,,,
HEALTHCARE,GSK.L,SN.L,GSK PLC ORD 31 1/4P,SMITH & NEPHEW PLC ORD USD0.20,-2.1343824704664947,0.2309158029391627,0.05,0.02285892883057512,False,1.8628529743650026,-5.753001202270537,,,,,,,,,,,,,,
INDUSTRIALS,BBY.L,IMI.L,BALFOUR BEATTY PLC ORD 50P,IMI PLC ORD 28 4/7P,-3.932103925881866,0.0018108808988462188,0.05,,False,1.4395727976509987,-4.735438035654324,,,,,,,,,,,,,,
INDUSTRIALS,BA.L,BNZL.L,BAE SYSTEMS PLC ORD 2.5P,BUNZL PLC ORD 32 1/7P,-3.4320621030961953,0.00991324300424137,0.05,,False,-1.057770636853729,15.749095158328899,,,,,,,,,,,,,,
INDUSTRIALS,BA.L,MGNS.L,BAE SYSTEMS PLC ORD 2.5P,MORGAN SINDALL GROUP PLC ORD 5P,-3.136576150520515,0.023962158177042933,0.05,,False,1.1478999398780596,-2.10423479280231,,,,,,,,,,,,,,
INDUSTRIALS,BNZL.L,WEIR.L,BUNZL PLC ORD 32 1/7P,WEIR PLC ORD 12.5P,-3.100924977247336,0.026484811712323156,0.05,,False,-1.3599611968305585,18.513314548776496,,,,,,,,,,,,,,
INDUSTRIALS,BNZL.L,SMIN.L,BUNZL PLC ORD 32 1/7P,SMITHS GROUP PLC ORD 37.5P,-3.003472285131346,0.03457140246235031,0.05,,False,-1.225414765938352,17.274525237412764,,,,,,,,,,,,,,
INDUSTRIALS,BNZL.L,MGNS.L,BUNZL PLC ORD 32 1/7P,MORGAN SINDALL GROUP PLC ORD 5P,-2.932213162362174,0.04172823941226079,0.05,,False,-1.0671201066913298,16.728437855197377,,,,,,,,,,,,,,
INDUSTRIALS,BNZL.L,KIE.L,BUNZL PLC ORD 32 1/7P,KIER GROUP PLC ORD 1P,-2.8493729177194838,0.05155993556010478,0.05,,False,-0.9571668237351393,12.843275839201553,,,,,,,,,,,,,,
INDUSTRIALS,KIE.L,SMIN.L,KIER GROUP PLC ORD 1P,SMITHS GROUP PLC ORD 37.5P,-2.807047113257192,0.05727416768795328,0.05,,False,1.2664998368367273,-4.524216467146344,,,,,,,,,,,,,,
INDUSTRIALS,BBY.L,DPLM.L,BALFOUR BEATTY PLC ORD 50P,DIPLOMA PLC ORD 5P,-2.7866932777012674,0.0601998223560175,0.05,,False,1.5590638812306792,-6.952021217928355,,,,,,,,,,,,,,
INDUSTRIALS,BA.L,SMIN.L,BAE SYSTEMS PLC ORD 2.5P,SMITHS GROUP PLC ORD 37.5P,-2.730602788252021,0.0688907002504607,0.05,,False,1.2975410025111385,-2.533602032178382,,,,,,,,,,,,,,
INDUSTRIALS,IMI.L,SPX.L,IMI PLC ORD 28 4/7P,SPIRAX GROUP PLC ORD 26 12/13P,-2.698677964439677,0.07426731845673137,0.05,,False,13.85613031066811,-114.9135911909312,,,,,,,,,,,,,,
INDUSTRIALS,DPLM.L,SPX.L,DIPLOMA PLC ORD 5P,SPIRAX GROUP PLC ORD 26 12/13P,-2.694622023368474,0.07497352630871364,0.05,,False,14.378458112170357,-118.70169146750585,,,,,,,,,,,,,,
INDUSTRIALS,KIE.L,SPX.L,KIER GROUP PLC ORD 1P,SPIRAX GROUP PLC ORD 26 12/13P,-2.694105311671509,0.07506387395496662,0.05,,False,112.36317231502791,-988.9598905240554,,,,,,,,,,,,,,
INDUSTRIALS,BBY.L,SPX.L,BALFOUR BEATTY PLC ORD 50P,SPIRAX GROUP PLC ORD 26 12/13P,-2.6872013943210873,0.07627929244347036,0.05,,False,-669.496290581009,5929.704690219266,,,,,,,,,,,,,,
INDUSTRIALS,SPX.L,WEIR.L,SPIRAX GROUP PLC ORD 26 12/13P,WEIR PLC ORD 12.5P,-2.6776536272782088,0.07798563296670451,0.05,,False,-0.06760205090464487,9.375658238153273,,,,,,,,,,,,,,
INDUSTRIALS,SMIN.L,SPX.L,SMITHS GROUP PLC ORD 37.5P,SPIRAX GROUP PLC ORD 26 12/13P,-2.673439094228229,0.07874831421943179,0.05,,False,-17.181525295253767,159.67321952942828,,,,,,,,,,,,,,
INDUSTRIALS,BA.L,SPX.L,BAE SYSTEMS PLC ORD 2.5P,SPIRAX GROUP PLC ORD 26 12/13P,-2.673110408631735,0.07880803982416479,0.05,,False,-5.422151661645014,55.37718830611612,,,,,,,,,,,,,,
INDUSTRIALS,BNZL.L,SPX.L,BUNZL PLC ORD 32 1/7P,SPIRAX GROUP PLC ORD 26 12/13P,-2.6641062003026827,0.08045805806429307,0.05,,False,4.887245078062042,-35.35123390206582,,,,,,,,,,,,,,
INDUSTRIALS,MGNS.L,SMIN.L,MORGAN SINDALL GROUP PLC ORD 5P,SMITHS GROUP PLC ORD 37.5P,-2.626178846524943,0.08770643239637271,0.05,,False,1.1627748472494401,-0.6223130755684689,,,,,,,,,,,,,,
INDUSTRIALS,MRO.L,WEIR.L,MELROSE INDUSTRIES PLC ORD GBP0,WEIR PLC ORD 12.5P,-2.6246454320720485,0.08800978242785579,0.05,,False,0.6843661791413491,0.9363116256376971,,,,,,,,,,,,,,
INDUSTRIALS,IMI.L,MGNS.L,IMI PLC ORD 28 4/7P,MORGAN SINDALL GROUP PLC ORD 5P,-2.623303108280697,0.08827599487716031,0.05,,False,0.9492630729643085,-0.18447657776569226,,,,,,,,,,,,,,
INDUSTRIALS,DPLM.L,HILS.L,DIPLOMA PLC ORD 5P,HILL & SMITH PLC ORD 25P,-2.6220037879324005,0.08853427103466033,0.05,,False,1.5378796147007603,-3.2429287161035294,,,,,,,,,,,,,,
INDUSTRIALS,MGNS.L,SPX.L,MORGAN SINDALL GROUP PLC ORD 5P,SPIRAX GROUP PLC ORD 26 12/13P,-2.600674498732649,0.0928579423858395,0.05,,False,-5.8934777807084044,60.42634260053405,,,,,,,,,,,,,,
INDUSTRIALS,KIE.L,MGNS.L,KIER GROUP PLC ORD 1P,MORGAN SINDALL GROUP PLC ORD 5P,-2.5510544218874993,0.10354104559710398,0.05,,False,1.1040129800888219,-3.96905661116549,,,,,,,,,,,,,,
INDUSTRIALS,BBY.L,SMIN.L,BALFOUR BEATTY PLC ORD 50P,SMITHS GROUP PLC ORD 37.5P,-2.517314464561574,0.11131816351601931,0.05,,False,1.6232078696835597,-6.113648511126666,,,,,,,,,,,,,,
INDUSTRIALS,DPLM.L,IMI.L,DIPLOMA PLC ORD 5P,IMI PLC ORD 28 4/7P,-2.5057481220990683,0.11408200160447263,0.05,,False,0.9381084388539749,1.3084664836650859,,,,,,,,,,,,,,
INDUSTRIALS,BA.L,KIE.L,BAE SYSTEMS PLC ORD 2.5P,KIER GROUP PLC ORD 1P,-2.4471469912627657,0.1288690935271809,0.05,,False,1.0177842775053827,2.1363109220718304,,,,,,,,,,,,,,
INDUSTRIALS,BNZL.L,MRO.L,BUNZL PLC ORD 32 1/7P,MELROSE INDUSTRIES PLC ORD GBP0,-2.4122073913927653,0.13832056423864214,0.05,,False,-3.9359538217542087,32.61773737671951,,,,,,,,,,,,,,
INDUSTRIALS,MGNS.L,MRO.L,MORGAN SINDALL GROUP PLC ORD 5P,MELROSE INDUSTRIES PLC ORD GBP0,-2.4074460520781904,0.1396458351519867,0.05,,False,2.438686630002503,-7.038217800580378,,,,,,,,,,,,,,
INDUSTRIALS,BKG.L,MGNS.L,BERKELEY GROUP HOLDINGS (THE) P,MORGAN SINDALL GROUP PLC ORD 5P,-2.384200584108896,0.146245420099806,0.05,,False,-0.5414730631357557,12.777369503207627,,,,,,,,,,,,,,
INDUSTRIALS,BKG.L,SPX.L,BERKELEY GROUP HOLDINGS (THE) P,SPIRAX GROUP PLC ORD 26 12/13P,-2.3461838975269544,0.15750488906617477,0.05,,False,2.0053060534682277,-9.44999844833176,,,,,,,,,,,,,,
INDUSTRIALS,KIE.L,MRO.L,KIER GROUP PLC ORD 1P,MELROSE INDUSTRIES PLC ORD GBP0,-2.2999623704265484,0.17198010808856795,0.05,,False,2.552997252347896,-10.863862459187645,,,,,,,,,,,,,,
INDUSTRIALS,IMI.L,SMIN.L,IMI PLC ORD 28 4/7P,SMITHS GROUP PLC ORD 37.5P,-2.2485904189338295,0.18908466799962093,0.05,,False,1.0948980200594318,-0.7071922271150424,,,,,,,,,,,,,,
INDUSTRIALS,BA.L,WEIR.L,BAE SYSTEMS PLC ORD 2.5P,WEIR PLC ORD 12.5P,-2.2433790694822338,0.19087956910195497,0.05,,False,1.4603189844912894,-4.003992252108936,,,,,,,,,,,,,,
INDUSTRIALS,BKG.L,SMIN.L,BERKELEY GROUP HOLDINGS (THE) P,SMITHS GROUP PLC ORD 37.5P,-2.236551343279875,0.19324780592003182,0.05,,False,-0.6520980729603285,13.286566916476577,,,,,,,,,,,,,,
INDUSTRIALS,BKG.L,DPLM.L,BERKELEY GROUP HOLDINGS (THE) P,DIPLOMA PLC ORD 5P,-2.217933736671899,0.19980104789323438,0.05,,False,-0.6138494161987492,13.517140492331766,,,,,,,,,,,,,,
INDUSTRIALS,HILS.L,SPX.L,HILL & SMITH PLC ORD 25P,SPIRAX GROUP PLC ORD 26 12/13P,-2.2062062478780757,0.20400066310648368,0.05,,False,1.5333225607108563,-5.9224577211291285,,,,,,,,,,,,,,
INDUSTRIALS,BKG.L,MRO.L,BERKELEY GROUP HOLDINGS (THE) P,MELROSE INDUSTRIES PLC ORD GBP0,-2.195093692715549,0.20803098018846644,0.05,,False,-1.1736139242045294,15.665620116871297,,,,,,,,,,,,,,
INDUSTRIALS,BA.L,MRO.L,BAE SYSTEMS PLC ORD 2.5P,MELROSE INDUSTRIES PLC ORD GBP0,-2.1910593276619608,0.20950639338675153,0.05,,False,8.924136874521482,-48.66430770957153,,,,,,,,,,,,,,
INDUSTRIALS,MRO.L,SPX.L,MELROSE INDUSTRIES PLC ORD GBP0,SPIRAX GROUP PLC ORD 26 12/13P,-2.1884004069315486,0.21048234405409666,0.05,,False,1.690545180948721,-8.674308643369171,,,,,,,,,,,,,,
INDUSTRIALS,DPLM.L,MGNS.L,DIPLOMA PLC ORD 5P,MORGAN SINDALL GROUP PLC ORD 5P,-2.1854534625652873,0.21156730762388914,0.05,,False,0.8770042923960463,1.247298012352834,,,,,,,,,,,,,,
INDUSTRIALS,MGNS.L,WEIR.L,MORGAN SINDALL GROUP PLC ORD 5P,WEIR PLC ORD 12.5P,-2.1487527957797012,0.22536779491773729,0.05,,False,1.2619068594048637,-1.5748390111391704,,,,,,,,,,,,,,
INDUSTRIALS,BKG.L,IMI.L,BERKELEY GROUP HOLDINGS (THE) P,IMI PLC ORD 28 4/7P,-2.148099036645291,0.22561844126656216,0.05,,False,-0.5545609132192131,12.550406537940274,,,,,,,,,,,,,,
INDUSTRIALS,BBY.L,MRO.L,BALFOUR BEATTY PLC ORD 50P,MELROSE INDUSTRIES PLC ORD GBP0,-2.0992922343939657,0.24479929283706847,0.05,,False,5.745865927195144,-29.781449341728713,,,,,,,,,,,,,,
INDUSTRIALS,BBY.L,MGNS.L,BALFOUR BEATTY PLC ORD 50P,MORGAN SINDALL GROUP PLC ORD 5P,-2.0942194085485704,0.24684535054126078,0.05,,False,1.443547278364032,-5.638961964989209,,,,,,,,,,,,,,
INDUSTRIALS,BA.L,BBY.L,BAE SYSTEMS PLC ORD 2.5P,BALFOUR BEATTY PLC ORD 50P,-2.091986541602273,0.2477490384248212,0.05,,False,0.7686167418514946,2.5477705829108626,,,,,,,,,,,,,,
INDUSTRIALS,MRO.L,SMIN.L,MELROSE INDUSTRIES PLC ORD GBP0,SMITHS GROUP PLC ORD 37.5P,-2.0587547425556365,0.26141950511742684,0.05,,False,0.532389428800768,2.205141605281888,,,,,,,,,,,,,,
INDUSTRIALS,BBY.L,BKG.L,BALFOUR BEATTY PLC ORD 50P,BERKELEY GROUP HOLDINGS (THE) P,-2.033818742859542,0.2719443814816852,0.05,,False,-2.9033239573068985,30.393230222990482,,,,,,,,,,,,,,
INDUSTRIALS,BKG.L,WEIR.L,BERKELEY GROUP HOLDINGS (THE) P,WEIR PLC ORD 12.5P,-1.969612471627552,0.3000538093438859,0.05,,False,-0.68916202104436,13.675987962040619,,,,,,,,,,,,,,
INDUSTRIALS,BA.L,BKG.L,BAE SYSTEMS PLC ORD 2.5P,BERKELEY GROUP HOLDINGS (THE) P,-1.963652595376039,0.30273394945607035,0.05,,False,-2.310386321601657,26.56228158872814,,,,,,,,,,,,,,
INDUSTRIALS,BBY.L,HILS.L,BALFOUR BEATTY PLC ORD 50P,HILL & SMITH PLC ORD 25P,-1.947354833029882,0.31012204649185626,0.05,,False,2.686747006574786,-14.217692007647546,,,,,,,,,,,,,,
INDUSTRIALS,BKG.L,KIE.L,BERKELEY GROUP HOLDINGS (THE) P,KIER GROUP PLC ORD 1P,-1.9091945007200828,0.3277481668855985,0.05,,False,-0.332904695385335,10.015178510675408,,,,,,,,,,,,,,
INDUSTRIALS,IMI.L,KIE.L,IMI PLC ORD 28 4/7P,KIER GROUP PLC ORD 1P,-1.899493339682051,0.3322994972564315,0.05,,False,0.8631358243468226,3.211122399976073,,,,,,,,,,,,,,
INDUSTRIALS,HILS.L,IMI.L,HILL & SMITH PLC ORD 25P,IMI PLC ORD 28 4/7P,-1.8654955080348061,0.34846306831174845,0.05,,False,0.57783662305337,3.2065144422465757,,,,,,,,,,,,,,
INDUSTRIALS,KIE.L,WEIR.L,KIER GROUP PLC ORD 1P,WEIR PLC ORD 12.5P,-1.832580780104237,0.36441037039591817,0.05,,False,1.4111753417781225,-5.848429716789818,,,,,,,,,,,,,,
INDUSTRIALS,IMI.L,MRO.L,IMI PLC ORD 28 4/7P,MELROSE INDUSTRIES PLC ORD GBP0,-1.8203257644087278,0.3704182243265439,0.05,,False,2.5850355287813676,-8.56246686451586,,,,,,,,,,,,,,
INDUSTRIALS,DPLM.L,MRO.L,DIPLOMA PLC ORD 5P,MELROSE INDUSTRIES PLC ORD GBP0,-1.8147344681783213,0.3731713645143616,0.05,,False,3.140734528843341,-11.220622784961384,,,,,,,,,,,,,,
INDUSTRIALS,DPLM.L,KIE.L,DIPLOMA PLC ORD 5P,KIER GROUP PLC ORD 1P,-1.8039622483443998,0.3784963292642448,0.05,,False,0.7960764093189967,4.39144351168765,,,,,,,,,,,,,,
INDUSTRIALS,BKG.L,BNZL.L,BERKELEY GROUP HOLDINGS (THE) P,BUNZL PLC ORD 32 1/7P,-1.7998440855280515,0.380539103561946,0.05,,False,0.4345044175350482,4.86428316136061,,,,,,,,,,,,,,
INDUSTRIALS,BNZL.L,IMI.L,BUNZL PLC ORD 32 1/7P,IMI PLC ORD 28 4/7P,-1.7423845145158774,0.4094175299827404,0.05,,False,-1.1270830892709147,16.543531461351076,,,,,,,,,,,,,,
INDUSTRIALS,BKG.L,HILS.L,BERKELEY GROUP HOLDINGS (THE) P,HILL & SMITH PLC ORD 25P,-1.6961454079515896,0.43309956499916646,0.05,,False,-1.447554470964942,19.356603680143593,,,,,,,,,,,,,,
INDUSTRIALS,BBY.L,KIE.L,BALFOUR BEATTY PLC ORD 50P,KIER GROUP PLC ORD 1P,-1.648119236535072,0.45802148242210394,0.05,,False,1.2952504395752422,-0.3855976098639875,,,,,,,,,,,,,,
INDUSTRIALS,BA.L,IMI.L,BAE SYSTEMS PLC ORD 2.5P,IMI PLC ORD 28 4/7P,-1.5259577248927376,0.5206335867198414,0.05,,False,1.193686344602494,-1.7616154605137497,,,,,,,,,,,,,,
INDUSTRIALS,SMIN.L,WEIR.L,SMITHS GROUP PLC ORD 37.5P,WEIR PLC ORD 12.5P,-1.5047994451486086,0.5311358000397327,0.05,,False,1.0876567108899293,-0.8379489279956553,,,,,,,,,,,,,,
INDUSTRIALS,BBY.L,BNZL.L,BALFOUR BEATTY PLC ORD 50P,BUNZL PLC ORD 32 1/7P,-1.4998414451993307,0.5335897722446806,0.05,,False,-1.4028670009416053,17.385799622306315,,,,,,,,,,,,,,
INDUSTRIALS,BNZL.L,DPLM.L,BUNZL PLC ORD 32 1/7P,DIPLOMA PLC ORD 5P,-1.4312777677113366,0.5671927425235846,0.05,,False,-1.2735544487124306,18.729404097901313,,,,,,,,,,,,,,
INDUSTRIALS,HILS.L,MGNS.L,HILL & SMITH PLC ORD 25P,MORGAN SINDALL GROUP PLC ORD 5P,-1.4152981157454816,0.5749204340543068,0.05,,False,0.4058461844835454,4.2817677945965755,,,,,,,,,,,,,,
INDUSTRIALS,DPLM.L,SMIN.L,DIPLOMA PLC ORD 5P,SMITHS GROUP PLC ORD 37.5P,-1.3858038936903216,0.5890626714437749,0.05,,False,1.031794795090411,0.609338288697935,,,,,,,,,,,,,,
INDUSTRIALS,HILS.L,KIE.L,HILL & SMITH PLC ORD 25P,KIER GROUP PLC ORD 1P,-1.3122736545588878,0.6235385624192546,0.05,,False,0.4230742818935824,5.453738540582666,,,,,,,,,,,,,,
INDUSTRIALS,BA.L,DPLM.L,BAE SYSTEMS PLC ORD 2.5P,DIPLOMA PLC ORD 5P,-1.3102134775194942,0.6244867776749269,0.05,,False,1.3335349998133132,-3.946609441166413,,,,,,,,,,,,,,
INDUSTRIALS,HILS.L,SMIN.L,HILL & SMITH PLC ORD 25P,SMITHS GROUP PLC ORD 37.5P,-1.1303699477889395,0.7028100509106555,0.05,,False,0.5515469542833834,3.4192294514025336,,,,,,,,,,,,,,
INDUSTRIALS,BNZL.L,HILS.L,BUNZL PLC ORD 32 1/7P,HILL & SMITH PLC ORD 25P,-1.1265681037296817,0.7043614160764531,0.05,,False,-3.892719870954192,37.64339556279581,,,,,,,,,,,,,,
INDUSTRIALS,BA.L,HILS.L,BAE SYSTEMS PLC ORD 2.5P,HILL & SMITH PLC ORD 25P,-0.9127531103835557,0.7837436285617609,0.05,,False,3.573204096911886,-19.90777319838439,,,,,,,,,,,,,,
INDUSTRIALS,IMI.L,WEIR.L,IMI PLC ORD 28 4/7P,WEIR PLC ORD 12.5P,-0.6858397987530205,0.8503833346898493,0.05,,False,1.2081828706556712,-1.7598905711586106,,,,,,,,,,,,,,
INDUSTRIALS,BBY.L,WEIR.L,BALFOUR BEATTY PLC ORD 50P,WEIR PLC ORD 12.5P,-0.6023372040004912,0.870453039479675,0.05,,False,1.8597791605935192,-8.210412748224458,,,,,,,,,,,,,,
INDUSTRIALS,DPLM.L,WEIR.L,DIPLOMA PLC ORD 5P,WEIR PLC ORD 12.5P,-0.3303716560212996,0.9210912895288115,0.05,,False,1.1692636368260714,-0.6226305849937006,,,,,,,,,,,,,,
INDUSTRIALS,HILS.L,MRO.L,HILL & SMITH PLC ORD 25P,MELROSE INDUSTRIES PLC ORD GBP0,-0.272449900962638,0.929316632327428,0.05,,False,0.7534222586265799,2.910026662312017,,,,,,,,,,,,,,
INDUSTRIALS,HILS.L,WEIR.L,HILL & SMITH PLC ORD 25P,WEIR PLC ORD 12.5P,-0.21338504519626977,0.9369072352229921,0.05,,False,0.508412450417681,3.671747045753018,,,,,,,,,,,,,,
INVESTMENT_TRUSTS,ATT.L,FCIT.L,ALLIANZ TECHNOLOGY TRUST PLC OR,F&C INVESTMENT TRUST PLC ORD 6.,-4.311826537251518,0.0004237247746916904,0.05,0.0004237247746916904,True,2.4573901628727097,-7.803464947482874,13.183716701602135,-0.000375362402372632,-0.052576006921910834,40.0,1.7041103462180955,2.8508634790186447,False,,0.6,-0.0017827452270048122,-0.34517537110812846,-0.030511155793167433,False,mixed signal
INVESTMENT_TRUSTS,FCIT.L,RCP.L,F&C INVESTMENT TRUST PLC ORD 6.,"""RIT Capital Partners""",-3.9637195198900956,0.0016128665846139882,0.05,0.0004237247746916904,False,1.127859696234278,-2.9088100639891294,,,,,,,,,,,,,,
INVESTMENT_TRUSTS,FCIT.L,PCT.L,F&C INVESTMENT TRUST PLC ORD 6.,POLAR CAPITAL TECHNOLOGY TRUST ,-3.709992729500254,0.00397477289242931,0.05,0.0004237247746916904,False,0.3244894550533037,3.7244687680374993,,,,,,,,,,,,,,
INVESTMENT_TRUSTS,ATT.L,RCP.L,ALLIANZ TECHNOLOGY TRUST PLC OR,"""RIT Capital Partners""",-3.6623489886308995,0.004675021340377651,0.05,0.0004237247746916904,False,2.838722346435516,-15.46190863347477,,,,,,,,,,,,,,
INVESTMENT_TRUSTS,PCT.L,RCP.L,POLAR CAPITAL TECHNOLOGY TRUST ,"""RIT Capital Partners""",-3.4891331647278663,0.00827060287279853,0.05,0.0004237247746916904,False,3.5577264492625753,-21.065063547971334,,,,,,,,,,,,,,
INVESTMENT_TRUSTS,MNKS.L,RCP.L,MONKS INVESTMENT TRUST PLC ORD ,"""RIT Capital Partners""",-3.3481812881055486,0.012857425006579647,0.05,0.0004237247746916904,False,1.5435792875670196,-4.536858049573678,,,,,,,,,,,,,,
INVESTMENT_TRUSTS,HGT.L,SMT.L,HG CAPITAL TRUST PLC ORD 2.5P,SCOTTISH MORTGAGE INVESTMENT TR,-3.3275673517392397,0.013690293633218673,0.05,0.0004237247746916904,False,-0.6299069026112325,10.558800224103056,,,,,,,,,,,,,,
INVESTMENT_TRUSTS,JAM.L,JGGI.L,JPMORGAN AMERICAN INVESTMENT TR,JPMORGAN GLOBAL GROWTH & INCOME,-3.269583250716242,0.016294072090664396,0.05,0.0004237247746916904,False,1.8692282749665499,-4.873877075544194,,,,,,,,,,,,,,
INVESTMENT_TRUSTS,FCIT.L,HGT.L,F&C INVESTMENT TRUST PLC ORD 6.,HG CAPITAL TRUST PLC ORD 2.5P,-3.1878819983214655,0.0206969194217009,0.05,0.0004237247746916904,False,-0.6410154497948064,9.622936752462666,,,,,,,,,,,,,,
INVESTMENT_TRUSTS,3IN.L,BRWM.L,3I INFRASTRUCTURE PLC ORD NPV,BLACKROCK WORLD MINING TRUST PL,-3.119042485456372,0.02517568036166502,0.05,0.0004237247746916904,False,0.16296284422600837,4.787270600051382,,,,,,,,,,,,,,
INVESTMENT_TRUSTS,BRWM.L,RCP.L,BLACKROCK WORLD MINING TRUST PL,"""RIT Capital Partners""",-3.089846782694401,0.027313753564833978,0.05,0.0004237247746916904,False,3.921094802364055,-23.370342912221005,,,,,,,,,,,,,,
INVESTMENT_TRUSTS,3IN.L,HGT.L,3I INFRASTRUCTURE PLC ORD NPV,HG CAPITAL TRUST PLC ORD 2.5P,-3.0078938683125416,0.0341637595326444,0.05,0.0004237247746916904,False,-0.27480404046462703,7.533166102569469,,,,,,,,,,,,,,
INVESTMENT_TRUSTS,HGT.L,MNKS.L,HG CAPITAL TRUST PLC ORD 2.5P,MONKS INVESTMENT TRUST PLC ORD ,-2.957054672861621,0.03910427021599208,0.05,0.0004237247746916904,False,-1.018657863387865,13.50582978070666,,,,,,,,,,,,,,
INVESTMENT_TRUSTS,JGGI.L,RCP.L,JPMORGAN GLOBAL GROWTH & INCOME,"""RIT Capital Partners""",-2.9274006682778566,0.04225319806193621,0.05,0.0004237247746916904,False,0.3458323364356213,3.7113163436098437,,,,,,,,,,,,,,
INVESTMENT_TRUSTS,3IN.L,CTY.L,3I INFRASTRUCTURE PLC ORD NPV,CITY OF LONDON INVESTMENT TRUST,-2.897406800482126,0.04565038338154401,0.05,0.0004237247746916904,False,0.4835600689821437,2.847204265415432,,,,,,,,,,,,,,
INVESTMENT_TRUSTS,3IN.L,ATT.L,3I INFRASTRUCTURE PLC ORD NPV,ALLIANZ TECHNOLOGY TRUST PLC OR,-2.8782107436906372,0.04794109635002296,0.05,0.0004237247746916904,False,0.20639455703938775,4.573687648396398,,,,,,,,,,,,,,
INVESTMENT_TRUSTS,RCP.L,SMT.L,"""RIT Capital Partners""",SCOTTISH MORTGAGE INVESTMENT TR,-2.8740004076360215,0.0484560088647092,0.05,0.0004237247746916904,False,0.4290534524139596,4.615386701713393,,,,,,,,,,,,,,
INVESTMENT_TRUSTS,3IN.L,PCT.L,3I INFRASTRUCTURE PLC ORD NPV,POLAR CAPITAL TECHNOLOGY TRUST ,-2.872826905904452,0.04860033468994014,0.05,0.0004237247746916904,False,0.16536477017391854,4.847411341934111,,,,,,,,,,,,,,
INVESTMENT_TRUSTS,HGT.L,JAM.L,HG CAPITAL TRUST PLC ORD 2.5P,JPMORGAN AMERICAN INVESTMENT TR,-2.813397145131086,0.05638541735409369,0.05,0.0004237247746916904,False,-2.546988056690377,23.946146739315516,,,,,,,,,,,,,,
INVESTMENT_TRUSTS,3IN.L,JGGI.L,3I INFRASTRUCTURE PLC ORD NPV,JPMORGAN GLOBAL GROWTH & INCOME,-2.7946313578920194,0.05904474198810587,0.05,0.0004237247746916904,False,2.6871178368059203,-11.200968066445476,,,,,,,,,,,,,,
INVESTMENT_TRUSTS,FCIT.L,SMT.L,F&C INVESTMENT TRUST PLC ORD 6.,SCOTTISH MORTGAGE INVESTMENT TR,-2.788676594672851,0.05990952894087919,0.05,0.0004237247746916904,False,0.5083762505284135,2.126377662814364,,,,,,,,,,,,,,
INVESTMENT_TRUSTS,3IN.L,MNKS.L,3I INFRASTRUCTURE PLC ORD NPV,MONKS INVESTMENT TRUST PLC ORD ,-2.7825925264580373,0.06080364574773409,0.05,0.0004237247746916904,False,0.4049520264354923,2.921788189668916,,,,,,,,,,,,,,
INVESTMENT_TRUSTS,3IN.L,RCP.L,3I INFRASTRUCTURE PLC ORD NPV,"""RIT Capital Partners""",-2.6638184785469594,0.08051122534237637,0.05,0.0004237247746916904,False,0.6581383743910304,0.8332188569956411,,,,,,,,,,,,,,
INVESTMENT_TRUSTS,FCIT.L,JGGI.L,F&C INVESTMENT TRUST PLC ORD 6.,JPMORGAN GLOBAL GROWTH & INCOME,-2.5932243657138216,0.09440575519255695,0.05,0.0004237247746916904,False,2.9044008207335326,-12.749631664248874,,,,,,,,,,,,,,
INVESTMENT_TRUSTS,CTY.L,MNKS.L,CITY OF LONDON INVESTMENT TRUST,MONKS INVESTMENT TRUST PLC ORD ,-2.583833009832944,0.09638490376857611,0.05,0.0004237247746916904,False,0.8791870524677786,-0.14627115991035566,,,,,,,,,,,,,,
INVESTMENT_TRUSTS,JGGI.L,PCT.L,JPMORGAN GLOBAL GROWTH & INCOME,POLAR CAPITAL TECHNOLOGY TRUST ,-2.547583379402468,0.1043217108103035,0.05,0.0004237247746916904,False,0.09250674744049604,5.787079985814675,,,,,,,,,,,,,,
INVESTMENT_TRUSTS,BRWM.L,JGGI.L,BLACKROCK WORLD MINING TRUST PL,JPMORGAN GLOBAL GROWTH & INCOME,-2.513088327261129,0.11232218413184147,0.05,0.0004237247746916904,False,15.619434395532895,-92.59532224944176,,,,,,,,,,,,,,
INVESTMENT_TRUSTS,3IN.L,SMT.L,3I INFRASTRUCTURE PLC ORD NPV,SCOTTISH MORTGAGE INVESTMENT TR,-2.4814507128581575,0.12005304475334339,0.05,0.0004237247746916904,False,0.23147677826294977,4.2251491826622285,,,,,,,,,,,,,,
INVESTMENT_TRUSTS,ATT.L,JGGI.L,ALLIANZ TECHNOLOGY TRUST PLC OR,JPMORGAN GLOBAL GROWTH & INCOME,-2.4733895559455457,0.12208390044043121,0.05,0.0004237247746916904,False,8.276287925498716,-46.35638047757329,,,,,,,,,,,,,,
INVESTMENT_TRUSTS,HGT.L,JGGI.L,HG CAPITAL TRUST PLC ORD 2.5P,JPMORGAN GLOBAL GROWTH & INCOME,-2.4688656461490175,0.12323456838500207,0.05,0.0004237247746916904,False,-13.096111416901298,89.2092540729212,,,,,,,,,,,,,,
INVESTMENT_TRUSTS,3IN.L,FCIT.L,3I INFRASTRUCTURE PLC ORD NPV,F&C INVESTMENT TRUST PLC ORD 6.,-2.458013302091698,0.12602713153724265,0.05,0.0004237247746916904,False,0.5392528741316247,2.781446639824491,,,,,,,,,,,,,,
INVESTMENT_TRUSTS,JGGI.L,MNKS.L,JPMORGAN GLOBAL GROWTH & INCOME,MONKS INVESTMENT TRUST PLC ORD ,-2.4552639984143187,0.12674184003200634,0.05,0.0004237247746916904,False,0.2359643264155369,4.641987762562905,,,,,,,,,,,,,,
INVESTMENT_TRUSTS,ATT.L,PCT.L,ALLIANZ TECHNOLOGY TRUST PLC OR,POLAR CAPITAL TECHNOLOGY TRUST ,-2.4479917728476983,0.1286465015350688,0.05,0.0004237247746916904,False,0.8052914758583125,1.3017805048959579,,,,,,,,,,,,,,
INVESTMENT_TRUSTS,ATT.L,SMT.L,ALLIANZ TECHNOLOGY TRUST PLC OR,SCOTTISH MORTGAGE INVESTMENT TR,-2.422517394406277,0.1354816309013696,0.05,0.0004237247746916904,False,1.2573962447237645,-2.634639556632422,,,,,,,,,,,,,,
INVESTMENT_TRUSTS,JGGI.L,SMT.L,JPMORGAN GLOBAL GROWTH & INCOME,SCOTTISH MORTGAGE INVESTMENT TR,-2.4176832385538924,0.1368075184193333,0.05,0.0004237247746916904,False,0.13247197503462885,5.41822282416723,,,,,,,,,,,,,,
INVESTMENT_TRUSTS,CTY.L,RCP.L,CITY OF LONDON INVESTMENT TRUST,"""RIT Capital Partners""",-2.392501431209888,0.14386401904977097,0.05,0.0004237247746916904,False,1.3960939172090445,-4.431507187639503,,,,,,,,,,,,,,
INVESTMENT_TRUSTS,HGT.L,PCT.L,HG CAPITAL TRUST PLC ORD 2.5P,POLAR CAPITAL TECHNOLOGY TRUST ,-2.37824265585244,0.14797165030649673,0.05,0.0004237247746916904,False,-0.38595023306804976,8.482293895800373,,,,,,,,,,,,,,
INVESTMENT_TRUSTS,CTY.L,JGGI.L,CITY OF LONDON INVESTMENT TRUST,JPMORGAN GLOBAL GROWTH & INCOME,-2.377793301127169,0.1481024211783793,0.05,0.0004237247746916904,False,9.743438283201899,-55.596004631585224,,,,,,,,,,,,,,
INVESTMENT_TRUSTS,PCT.L,SMT.L,POLAR CAPITAL TECHNOLOGY TRUST ,SCOTTISH MORTGAGE INVESTMENT TR,-2.332001427046486,0.1618544593294859,0.05,0.0004237247746916904,False,1.5732972446556839,-4.97090002213401,,,,,,,,,,,,,,
INVESTMENT_TRUSTS,ATT.L,HGT.L,ALLIANZ TECHNOLOGY TRUST PLC OR,HG CAPITAL TRUST PLC ORD 2.5P,-2.3086812209316263,0.16918338996439164,0.05,0.0004237247746916904,False,-2.1008429229936545,19.08866838405782,,,,,,,,,,,,,,
INVESTMENT_TRUSTS,BRWM.L,CTY.L,BLACKROCK WORLD MINING TRUST PL,CITY OF LONDON INVESTMENT TRUST,-2.2935097312190655,0.17406975749746545,0.05,0.0004237247746916904,False,2.865142835730237,-11.273381750607406,,,,,,,,,,,,,,
INVESTMENT_TRUSTS,FCIT.L,MNKS.L,F&C INVESTMENT TRUST PLC ORD 6.,MONKS INVESTMENT TRUST PLC ORD ,-2.2830653947296446,0.1774878990149728,0.05,0.0004237247746916904,False,0.742213749377226,0.3231379874078417,,,,,,,,,,,,,,
INVESTMENT_TRUSTS,ATT.L,MNKS.L,ALLIANZ TECHNOLOGY TRUST PLC OR,MONKS INVESTMENT TRUST PLC ORD ,-2.2731288296814633,0.1807809476644952,0.05,0.0004237247746916904,False,1.8319507204664305,-7.067276242870976,,,,,,,,,,,,,,
INVESTMENT_TRUSTS,BRWM.L,FCIT.L,BLACKROCK WORLD MINING TRUST PL,F&C INVESTMENT TRUST PLC ORD 6.,-2.23288275562427,0.19452805643411608,0.05,0.0004237247746916904,False,3.661495498067775,-14.305309575811393,,,,,,,,,,,,,,
INVESTMENT_TRUSTS,BRWM.L,MNKS.L,BLACKROCK WORLD MINING TRUST PL,MONKS INVESTMENT TRUST PLC ORD ,-2.1737390606112212,0.2159143248778414,0.05,0.0004237247746916904,False,2.6586427757959137,-12.69766821313771,,,,,,,,,,,,,,
INVESTMENT_TRUSTS,CTY.L,HGT.L,CITY OF LONDON INVESTMENT TRUST,HG CAPITAL TRUST PLC ORD 2.5P,-2.163255688093407,0.21985068116201528,0.05,0.0004237247746916904,False,-0.844057437709588,11.3929349894545,,,,,,,,,,,,,,
INVESTMENT_TRUSTS,MNKS.L,PCT.L,MONKS INVESTMENT TRUST PLC ORD ,POLAR CAPITAL TECHNOLOGY TRUST ,-2.1432401500267813,0.22748654652565425,0.05,0.0004237247746916904,False,0.43466285460943765,4.59781049741977,,,,,,,,,,,,,,
INVESTMENT_TRUSTS,BRWM.L,HGT.L,BLACKROCK WORLD MINING TRUST PL,HG CAPITAL TRUST PLC ORD 2.5P,-2.125415145877379,0.23441859189570097,0.05,0.0004237247746916904,False,-2.8061842545882953,23.763271168264048,,,,,,,,,,,,,,
INVESTMENT_TRUSTS,3IN.L,JAM.L,3I INFRASTRUCTURE PLC ORD NPV,JPMORGAN AMERICAN INVESTMENT TR,-2.1059220755102634,0.2421399827904937,0.05,0.0004237247746916904,False,0.5671741396466811,1.8789825474481834,,,,,,,,,,,,,,
INVESTMENT_TRUSTS,HGT.L,RCP.L,HG CAPITAL TRUST PLC ORD 2.5P,"""RIT Capital Partners""",-2.0964257315213475,0.24595425967428908,0.05,0.0004237247746916904,False,-1.8519082213808027,20.252450624580625,,,,,,,,,,,,,,
INVESTMENT_TRUSTS,BRWM.L,JAM.L,BLACKROCK WORLD MINING TRUST PL,JPMORGAN AMERICAN INVESTMENT TR,-2.0873090112543737,0.2496482373548064,0.05,0.0004237247746916904,False,5.783232398270702,-33.91548717364696,,,,,,,,,,,,,,
INVESTMENT_TRUSTS,CTY.L,SMT.L,CITY OF LONDON INVESTMENT TRUST,SCOTTISH MORTGAGE INVESTMENT TR,-2.0718580392068056,0.25598012126469943,0.05,0.0004237247746916904,False,0.5842063536979127,2.114992817146927,,,,,,,,,,,,,,
INVESTMENT_TRUSTS,JAM.L,RCP.L,JPMORGAN AMERICAN INVESTMENT TR,"""RIT Capital Partners""",-2.054878797113585,0.26304059327282536,0.05,0.0004237247746916904,False,0.932183575846218,-0.10894340938690128,,,,,,,,,,,,,,
INVESTMENT_TRUSTS,3IN.L,PSH.L,3I INFRASTRUCTURE PLC ORD NPV,PERSHING SQUARE HOLDINGS LTD OR,-1.9667582549830245,0.30133588580215276,0.05,0.0004237247746916904,False,0.36515050536187055,2.8009744982095994,,,,,,,,,,,,,,
INVESTMENT_TRUSTS,ATT.L,CTY.L,ALLIANZ TECHNOLOGY TRUST PLC OR,CITY OF LONDON INVESTMENT TRUST,-1.9634442096125169,0.3028278708899651,0.05,0.0004237247746916904,False,2.1978616938188633,-7.468351383518357,,,,,,,,,,,,,,
INVESTMENT_TRUSTS,JAM.L,PCT.L,JPMORGAN AMERICAN INVESTMENT TR,POLAR CAPITAL TECHNOLOGY TRUST ,-1.920067058921531,0.3226806120869007,0.05,0.0004237247746916904,False,0.2350763865550608,5.571623915196806,,,,,,,,,,,,,,
INVESTMENT_TRUSTS,FCIT.L,JAM.L,F&C INVESTMENT TRUST PLC ORD 6.,JPMORGAN AMERICAN INVESTMENT TR,-1.9174444099414603,0.3238997316766352,0.05,0.0004237247746916904,False,1.211061538509383,-2.7850225951450476,,,,,,,,,,,,,,
INVESTMENT_TRUSTS,ATT.L,JAM.L,ALLIANZ TECHNOLOGY TRUST PLC OR,JPMORGAN AMERICAN INVESTMENT TR,-1.8865217720254548,0.33842801675054446,0.05,0.0004237247746916904,False,3.301545332895696,-16.918642519445562,,,,,,,,,,,,,,
INVESTMENT_TRUSTS,JAM.L,MNKS.L,JPMORGAN AMERICAN INVESTMENT TR,MONKS INVESTMENT TRUST PLC ORD ,-1.8180127147249456,0.37155625886454746,0.05,0.0004237247746916904,False,0.5833869842891356,2.7786434559235387,,,,,,,,,,,,,,
INVESTMENT_TRUSTS,BRWM.L,SMT.L,BLACKROCK WORLD MINING TRUST PL,SCOTTISH MORTGAGE INVESTMENT TR,-1.808928078838528,0.37603824590084134,0.05,0.0004237247746916904,False,1.785328321282398,-5.989850908315128,,,,,,,,,,,,,,
INVESTMENT_TRUSTS,HGT.L,PSH.L,HG CAPITAL TRUST PLC ORD 2.5P,PERSHING SQUARE HOLDINGS LTD OR,-1.7649345875354336,0.3980043440379506,0.05,0.0004237247746916904,False,-2.3963925278829175,26.09609602357009,,,,,,,,,,,,,,
INVESTMENT_TRUSTS,CTY.L,PCT.L,CITY OF LONDON INVESTMENT TRUST,POLAR CAPITAL TECHNOLOGY TRUST ,-1.757278783856938,0.40186821028519615,0.05,0.0004237247746916904,False,0.3661824838194945,3.9915895349465145,,,,,,,,,,,,,,
INVESTMENT_TRUSTS,JGGI.L,PSH.L,JPMORGAN GLOBAL GROWTH & INCOME,PERSHING SQUARE HOLDINGS LTD OR,-1.7385472444355994,0.4113691368907897,0.05,0.0004237247746916904,False,0.19783175110811774,4.6957986755334495,,,,,,,,,,,,,,
INVESTMENT_TRUSTS,JAM.L,SMT.L,JPMORGAN AMERICAN INVESTMENT TR,SCOTTISH MORTGAGE INVESTMENT TR,-1.7072903360018723,0.42736024507632947,0.05,0.0004237247746916904,False,0.3693832098315024,4.406297928656352,,,,,,,,,,,,,,
INVESTMENT_TRUSTS,CTY.L,JAM.L,CITY OF LONDON INVESTMENT TRUST,JPMORGAN AMERICAN INVESTMENT TR,-1.6496204420398346,0.4572383830339172,0.05,0.0004237247746916904,False,1.8628675931964414,-6.816754256959967,,,,,,,,,,,,,,
INVESTMENT_TRUSTS,MNKS.L,SMT.L,MONKS INVESTMENT TRUST PLC ORD ,SCOTTISH MORTGAGE INVESTMENT TR,-1.629308564007519,0.4678526592559881,0.05,0.0004237247746916904,False,0.6789971703985243,2.470957550047827,,,,,,,,,,,,,,
INVESTMENT_TRUSTS,BRWM.L,PSH.L,BLACKROCK WORLD MINING TRUST PL,PERSHING SQUARE HOLDINGS LTD OR,-1.5481083991661795,0.5095929370251068,0.05,0.0004237247746916904,False,4.72448447014968,-32.83795222793198,,,,,,,,,,,,,,
INVESTMENT_TRUSTS,CTY.L,FCIT.L,CITY OF LONDON INVESTMENT TRUST,F&C INVESTMENT TRUST PLC ORD 6.,-1.519387407617663,0.5238997979087534,0.05,0.0004237247746916904,False,1.2308976683980357,-0.7916535059630521,,,,,,,,,,,,,,
INVESTMENT_TRUSTS,ATT.L,BRWM.L,ALLIANZ TECHNOLOGY TRUST PLC OR,BLACKROCK WORLD MINING TRUST PL,-1.4449619239801366,0.5605412588217987,0.05,0.0004237247746916904,False,0.7327475896777401,1.4007450907473507,,,,,,,,,,,,,,
INVESTMENT_TRUSTS,BRWM.L,PCT.L,BLACKROCK WORLD MINING TRUST PL,POLAR CAPITAL TECHNOLOGY TRUST ,-1.3831381180490363,0.5903326909586983,0.05,0.0004237247746916904,False,1.0672327156869572,0.0550031925261667,,,,,,,,,,,,,,
INVESTMENT_TRUSTS,PSH.L,RCP.L,PERSHING SQUARE HOLDINGS LTD OR,"""RIT Capital Partners""",-1.3332293868245448,0.6138360874051446,0.05,0.0004237247746916904,False,1.567592044106509,-3.603951069040713,,,,,,,,,,,,,,
INVESTMENT_TRUSTS,CTY.L,PSH.L,CITY OF LONDON INVESTMENT TRUST,PERSHING SQUARE HOLDINGS LTD OR,-1.2430050961534915,0.6548279826301304,0.05,0.0004237247746916904,False,0.9802884193738511,-1.967492673881476,,,,,,,,,,,,,,
INVESTMENT_TRUSTS,PCT.L,PSH.L,POLAR CAPITAL TECHNOLOGY TRUST ,PERSHING SQUARE HOLDINGS LTD OR,-1.1213672280453069,0.7064761241859332,0.05,0.0004237247746916904,False,3.991037734768613,-27.197562102212146,,,,,,,,,,,,,,
INVESTMENT_TRUSTS,MNKS.L,PSH.L,MONKS INVESTMENT TRUST PLC ORD ,PERSHING SQUARE HOLDINGS LTD OR,-1.114621412194532,0.709205972906503,0.05,0.0004237247746916904,False,1.1526034088512038,-2.3841534081649653,,,,,,,,,,,,,,
INVESTMENT_TRUSTS,PSH.L,SMT.L,PERSHING SQUARE HOLDINGS LTD OR,SCOTTISH MORTGAGE INVESTMENT TR,-1.0270555422520165,0.7432689720828439,0.05,0.0004237247746916904,False,0.45957714488790247,5.114036556080665,,,,,,,,,,,,,,
INVESTMENT_TRUSTS,JAM.L,PSH.L,JPMORGAN AMERICAN INVESTMENT TR,PERSHING SQUARE HOLDINGS LTD OR,-0.9629855294158205,0.7665240338560387,0.05,0.0004237247746916904,False,0.5482834722090849,2.4197345161589174,,,,,,,,,,,,,,
INVESTMENT_TRUSTS,ATT.L,PSH.L,ALLIANZ TECHNOLOGY TRUST PLC OR,PERSHING SQUARE HOLDINGS LTD OR,-0.8356048940590458,0.8084390712213793,0.05,0.0004237247746916904,False,2.8714721883471124,-17.75295813536606,,,,,,,,,,,,,,
INVESTMENT_TRUSTS,FCIT.L,PSH.L,F&C INVESTMENT TRUST PLC ORD 6.,PERSHING SQUARE HOLDINGS LTD OR,-0.18079194203441368,0.9407727731109373,0.05,0.0004237247746916904,False,0.74400222906117,-0.5196431713052387,,,,,,,,,,,,,,
MATERIALS,ANTO.L,HOC.L,ANTOFAGASTA PLC ORD 5P,HOCHSCHILD MINING PLC ORD 1P,-2.7308592597662464,0.06884879714334144,0.05,,False,0.67721721152389,3.851923664297745,,,,,,,,,,,,,,
MATERIALS,AAL.L,RIO.L,ANGLO AMERICAN PLC ORD USD0.623,RIO TINTO PLC ORD 10P,-2.5850768387372725,0.09612097332140929,0.05,,False,1.1467765021392922,-1.9788625971472324,,,,,,,,,,,,,,
MATERIALS,FRES.L,JMAT.L,FRESNILLO PLC ORD USD0.50,JOHNSON MATTHEY PLC ORD 147 143,-2.4384555501784453,0.1311753987990656,0.05,,False,4.405330002870646,-26.860488558306876,,,,,,,,,,,,,,
MATERIALS,CRDA.L,FRES.L,CRODA INTERNATIONAL PLC ORD 10.,FRESNILLO PLC ORD USD0.50,-2.4028695513693807,0.14092813649986552,0.05,,False,-0.1533215000215568,9.151648538304341,,,,,,,,,,,,,,
MATERIALS,CRDA.L,JMAT.L,CRODA INTERNATIONAL PLC ORD 10.,JOHNSON MATTHEY PLC ORD 147 143,-2.39529868168633,0.14306772010547075,0.05,,False,-0.5841635549577423,12.563035626793972,,,,,,,,,,,,,,
MATERIALS,GLEN.L,RIO.L,GLENCORE PLC ORD USD0.01,RIO TINTO PLC ORD 10P,-2.3721650277759885,0.14974721207724734,0.05,,False,1.3434116141673214,-5.580626040944597,,,,,,,,,,,,,,
MATERIALS,AAL.L,HOC.L,ANGLO AMERICAN PLC ORD USD0.623,HOCHSCHILD MINING PLC ORD 1P,-2.3556957139239416,0.1546332333351419,0.05,,False,0.405331050649844,5.529130023203573,,,,,,,,,,,,,,
MATERIALS,FRES.L,HOC.L,FRESNILLO PLC ORD USD0.50,HOCHSCHILD MINING PLC ORD 1P,-2.3121358398575964,0.16808379018254171,0.05,,False,1.5467890562594433,-1.6344372855598763,,,,,,,,,,,,,,
MATERIALS,BHP.L,RIO.L,BHP GROUP LIMITED ORD NPV (DI),RIO TINTO PLC ORD 10P,-2.287274453835931,0.17610506593545422,0.05,,False,0.9208341632822664,-0.20889284909370787,,,,,,,,,,,,,,
MATERIALS,AAL.L,ANTO.L,ANGLO AMERICAN PLC ORD USD0.623,ANTOFAGASTA PLC ORD 5P,-2.271221423999831,0.1814176580119335,0.05,,False,0.6287710475491315,2.9893627356327546,,,,,,,,,,,,,,
MATERIALS,AAL.L,BHP.L,ANGLO AMERICAN PLC ORD USD0.623,BHP GROUP LIMITED ORD NPV (DI),-2.256741278322232,0.18629937956574177,0.05,,False,1.2594360011195593,-1.826925122196748,,,,,,,,,,,,,,
MATERIALS,CRDA.L,HOC.L,CRODA INTERNATIONAL PLC ORD 10.,HOCHSCHILD MINING PLC ORD 1P,-2.2095218006405535,0.20280776134832668,0.05,,False,-0.20616148870302528,9.224010838532719,,,,,,,,,,,,,,
MATERIALS,ANTO.L,CRDA.L,ANTOFAGASTA PLC ORD 5P,CRODA INTERNATIONAL PLC ORD 10.,-2.199042244609512,0.20659325044359106,0.05,,False,-4.516811869291315,44.054575604435236,,,,,,,,,,,,,,
MATERIALS,BHP.L,GLEN.L,BHP GROUP LIMITED ORD NPV (DI),GLENCORE PLC ORD USD0.01,-2.179192974003158,0.213883682918716,0.05,,False,0.6895688035342725,3.591797138396915,,,,,,,,,,,,,,
MATERIALS,AAL.L,GLEN.L,ANGLO AMERICAN PLC ORD USD0.623,GLENCORE PLC ORD USD0.01,-2.1773692352541723,0.2145613965093151,0.05,,False,0.8472990116408278,2.8225668323912467,,,,,,,,,,,,,,
MATERIALS,ANTO.L,FRES.L,ANTOFAGASTA PLC ORD 5P,FRESNILLO PLC ORD USD0.50,-2.121440618812154,0.2359810691435419,0.05,,False,0.4267727410889829,4.64773079047103,,,,,,,,,,,,,,
MATERIALS,AAL.L,CRDA.L,ANGLO AMERICAN PLC ORD USD0.623,CRODA INTERNATIONAL PLC ORD 10.,-2.120764249814858,0.23624757260431684,0.05,,False,-2.669557142088256,29.319174985399297,,,,,,,,,,,,,,
MATERIALS,ANTO.L,JMAT.L,ANTOFAGASTA PLC ORD 5P,JOHNSON MATTHEY PLC ORD 147 143,-2.1092532361610012,0.24081014451766425,0.05,,False,1.9140693703045697,-7.078893231512414,,,,,,,,,,,,,,
MATERIALS,HOC.L,JMAT.L,HOCHSCHILD MINING PLC ORD 1P,JOHNSON MATTHEY PLC ORD 147 143,-2.101035951757379,0.24409824418780202,0.05,,False,3.0931390904440432,-18.206966779661958,,,,,,,,,,,,,,
MATERIALS,BHP.L,CRDA.L,BHP GROUP LIMITED ORD NPV (DI),CRODA INTERNATIONAL PLC ORD 10.,-2.038123365187997,0.2701114354652728,0.05,,False,-4.628423814505991,44.89699639601109,,,,,,,,,,,,,,
MATERIALS,CRDA.L,RIO.L,CRODA INTERNATIONAL PLC ORD 10.,RIO TINTO PLC ORD 10P,-1.9998232650369063,0.28665059666740733,0.05,,False,-0.32909511487582027,10.861979344259023,,,,,,,,,,,,,,
MATERIALS,GLEN.L,HOC.L,GLENCORE PLC ORD USD0.01,HOCHSCHILD MINING PLC ORD 1P,-1.9211239959705255,0.322189893240991,0.05,,False,0.3420085365680985,3.9785389008392604,,,,,,,,,,,,,,
MATERIALS,AAL.L,FRES.L,ANGLO AMERICAN PLC ORD USD0.623,FRESNILLO PLC ORD USD0.50,-1.8064929586235934,0.3772429180753437,0.05,,False,0.24594465459890685,6.0743346751141365,,,,,,,,,,,,,,
MATERIALS,HOC.L,RIO.L,HOCHSCHILD MINING PLC ORD 1P,RIO TINTO PLC ORD 10P,-1.8024680306845275,0.37923707515479954,0.05,,False,2.9891763489805854,-19.895342975624565,,,,,,,,,,,,,,
MATERIALS,CRDA.L,GLEN.L,CRODA INTERNATIONAL PLC ORD 10.,GLENCORE PLC ORD USD0.01,-1.7927053339193917,0.38408925975984964,0.05,,False,0.14409867538855267,7.181791459434185,,,,,,,,,,,,,,
MATERIALS,ANTO.L,GLEN.L,ANTOFAGASTA PLC ORD 5P,GLENCORE PLC ORD USD0.01,-1.723789370800967,0.4188990296332515,0.05,,False,1.4994814367510199,-1.168554683015337,,,,,,,,,,,,,,
MATERIALS,AAL.L,JMAT.L,ANGLO AMERICAN PLC ORD USD0.623,JOHNSON MATTHEY PLC ORD 147 143,-1.6593814385772998,0.4521524379780676,0.05,,False,1.1749150881993538,-1.2401522936844263,,,,,,,,,,,,,,
MATERIALS,GLEN.L,JMAT.L,GLENCORE PLC ORD USD0.01,JOHNSON MATTHEY PLC ORD 147 143,-1.5753593110832498,0.49595839856797097,0.05,,False,1.613674837939329,-6.553217453616077,,,,,,,,,,,,,,
MATERIALS,BHP.L,HOC.L,BHP GROUP LIMITED ORD NPV (DI),HOCHSCHILD MINING PLC ORD 1P,-1.517716945029926,0.5247295254186827,0.05,,False,0.2789899491690191,6.0871333022053715,,,,,,,,,,,,,,
MATERIALS,ANTO.L,BHP.L,ANTOFAGASTA PLC ORD 5P,BHP GROUP LIMITED ORD NPV (DI),-1.4724282757627316,0.547103930272413,0.05,,False,2.094322884725265,-8.362155833245186,,,,,,,,,,,,,,
MATERIALS,FRES.L,GLEN.L,FRESNILLO PLC ORD USD0.50,GLENCORE PLC ORD USD0.01,-1.4653264544283862,0.5505888472367726,0.05,,False,6.319534224350546,-30.310855489104163,,,,,,,,,,,,,,
MATERIALS,ANTO.L,RIO.L,ANTOFAGASTA PLC ORD 5P,RIO TINTO PLC ORD 10P,-1.4559651037689014,0.5551715469314449,0.05,,False,1.863955670492603,-8.245677352859063,,,,,,,,,,,,,,
MATERIALS,JMAT.L,RIO.L,JOHNSON MATTHEY PLC ORD 147 143,RIO TINTO PLC ORD 10P,-1.3272258970239157,0.6166262343836556,0.05,,False,1.0118917900694266,-0.936236782178554,,,,,,,,,,,,,,
MATERIALS,BHP.L,JMAT.L,BHP GROUP LIMITED ORD NPV (DI),JOHNSON MATTHEY PLC ORD 147 143,-1.3061028859587482,0.6263756311935575,0.05,,False,0.8668178434516154,0.9776513559890958,,,,,,,,,,,,,,
MATERIALS,BHP.L,FRES.L,BHP GROUP LIMITED ORD NPV (DI),FRESNILLO PLC ORD USD0.50,-1.2812183064164766,0.6377205619838009,0.05,,False,0.1518261459912746,6.5891477251848976,,,,,,,,,,,,,,
MATERIALS,FRES.L,RIO.L,FRESNILLO PLC ORD USD0.50,RIO TINTO PLC ORD 10P,-1.1340131692885036,0.7013190620316396,0.05,,False,5.331024922773975,-38.47750482304317,,,,,,,,,,,,,,
NL_BANKS,ABN.AS,INGA.AS,ABN AMRO BANK N.V.,ING GROEP N.V.,-3.3524858618710067,0.012689282274114382,0.05,0.012689282274114382,True,1.4381980414526323,-1.1475335386198946,16.95055973376946,0.00016296030641424733,-0.040892288599711245,51.0,0.6923953562196052,2.795214164419752,False,,0.6,0.0026024550100632745,0.24104456778437705,0.3505693530204431,False,mixed signal
NL_SEMI_EQUIPMENT,ASML.AS,BESI.AS,ASML HOLDING,BE Semiconductor Industries N.V,-2.291145572981432,0.1748396050935736,0.05,,False,0.9260257061270831,2.16488221912262,,,,,,,,,,,,,,
REAL_ESTATE,LMP.L,PHP.L,LONDONMETRIC PROPERTY PLC ORD 1,PRIMARY HEALTH PROPERTIES PLC O,-3.7471075034013044,0.0034972774026694794,0.05,,False,1.010342625952308,0.6451376089060012,,,,,,,,,,,,,,
REAL_ESTATE,GPE.L,LMP.L,GREAT PORTLAND ESTATES PLC ORD ,LONDONMETRIC PROPERTY PLC ORD 1,-3.694812561468694,0.004186714596987764,0.05,,False,1.893541106235566,-4.184952249010827,,,,,,,,,,,,,,
REAL_ESTATE,BBOX.L,LAND.L,TRITAX BIG BOX REIT PLC ORD 1P,LAND SECURITIES GROUP PLC ORD 1,-3.326877440812207,0.013718974889213531,0.05,,False,1.1826731215971062,-2.57129496460481,,,,,,,,,,,,,,
REAL_ESTATE,BLND.L,LAND.L,BRITISH LAND COMPANY PLC ORD 25,LAND SECURITIES GROUP PLC ORD 1,-3.2532992607643014,0.01709950081031651,0.05,,False,1.2630396694742183,-2.135667029141559,,,,,,,,,,,,,,
REAL_ESTATE,GPE.L,LAND.L,GREAT PORTLAND ESTATES PLC ORD ,LAND SECURITIES GROUP PLC ORD 1,-3.2352418052636414,0.01803324973187402,0.05,,False,1.4578092419226916,-3.56749580388254,,,,,,,,,,,,,,
REAL_ESTATE,PHP.L,UTG.L,PRIMARY HEALTH PROPERTIES PLC O,UNITE GROUP PLC ORD 25P,-3.0400976365558487,0.031315699280562256,0.05,,False,-0.0024101592884757674,4.577208611705629,,,,,,,,,,,,,,
REAL_ESTATE,LAND.L,SGRO.L,LAND SECURITIES GROUP PLC ORD 1,SEGRO PLC ORD 10P,-3.022891730069599,0.03281120099562278,0.05,,False,0.4391135876768123,3.506073260763492,,,,,,,,,,,,,,
REAL_ESTATE,HMSO.L,LAND.L,HAMMERSON PLC ORD 5P,LAND SECURITIES GROUP PLC ORD 1,-2.9998405017667396,0.03490929808849027,0.05,,False,2.132453791213415,-7.951337016333469,,,,,,,,,,,,,,
REAL_ESTATE,LAND.L,UTG.L,LAND SECURITIES GROUP PLC ORD 1,UNITE GROUP PLC ORD 25P,-2.996178543553112,0.035252820663264614,0.05,,False,-0.006300067973317827,6.441811779221555,,,,,,,,,,,,,,
REAL_ESTATE,DLN.L,PHP.L,DERWENT LONDON PLC ORD 5P,PRIMARY HEALTH PROPERTIES PLC O,-2.995879394544342,0.03528100898134284,0.05,,False,8.190088838021584,-29.802719381656182,,,,,,,,,,,,,,
REAL_ESTATE,PHP.L,SGRO.L,PRIMARY HEALTH PROPERTIES PLC O,SEGRO PLC ORD 10P,-2.979894391280692,0.03681515032889874,0.05,,False,0.17026755785546813,3.4390822695451915,,,,,,,,,,,,,,
REAL_ESTATE,DLN.L,LMP.L,DERWENT LONDON PLC ORD 5P,LONDONMETRIC PROPERTY PLC ORD 1,-2.97133500051316,0.03765945486029507,0.05,,False,3.890379035486332,-12.883441856137072,,,,,,,,,,,,,,
REAL_ESTATE,LAND.L,PHP.L,LAND SECURITIES GROUP PLC ORD 1,PRIMARY HEALTH PROPERTIES PLC O,-2.9202497287619305,0.043043395546104285,0.05,,False,1.4571953727360154,-0.2463767444599183,,,,,,,,,,,,,,
REAL_ESTATE,LMP.L,UTG.L,LONDONMETRIC PROPERTY PLC ORD 1,UNITE GROUP PLC ORD 25P,-2.916129948182609,0.04350419943297716,0.05,,False,0.03524930435974705,5.022313861255893,,,,,,,,,,,,,,
REAL_ESTATE,GPE.L,PHP.L,GREAT PORTLAND ESTATES PLC ORD ,PRIMARY HEALTH PROPERTIES PLC O,-2.882107230584873,0.0474685974858132,0.05,,False,2.2588457566092193,-4.540322677756437,,,,,,,,,,,,,,
REAL_ESTATE,LAND.L,LMP.L,LAND SECURITIES GROUP PLC ORD 1,LONDONMETRIC PROPERTY PLC ORD 1,-2.874949578425803,0.04833953154385547,0.05,,False,1.3216970153280978,-0.5433460149143796,,,,,,,,,,,,,,
REAL_ESTATE,BLND.L,PHP.L,BRITISH LAND COMPANY PLC ORD 25,PRIMARY HEALTH PROPERTIES PLC O,-2.7854523822815267,0.06038202687518479,0.05,,False,1.973729880690135,-3.054583991783727,,,,,,,,,,,,,,
REAL_ESTATE,BLND.L,SGRO.L,BRITISH LAND COMPANY PLC ORD 25,SEGRO PLC ORD 10P,-2.784150212495839,0.060573707474597574,0.05,,False,0.6075984183371257,1.9434255206773532,,,,,,,,,,,,,,
REAL_ESTATE,BLND.L,LMP.L,BRITISH LAND COMPANY PLC ORD 25,LONDONMETRIC PROPERTY PLC ORD 1,-2.7434505425609124,0.06681646299866327,0.05,,False,1.791671276994722,-3.4645438531695136,,,,,,,,,,,,,,
REAL_ESTATE,LMP.L,SGRO.L,LONDONMETRIC PROPERTY PLC ORD 1,SEGRO PLC ORD 10P,-2.736002284597352,0.0680127951041528,0.05,,False,0.3123451413774287,3.1949033451254323,,,,,,,,,,,,,,
REAL_ESTATE,HMSO.L,PHP.L,HAMMERSON PLC ORD 5P,PRIMARY HEALTH PROPERTIES PLC O,-2.6665898874210447,0.08000024606500145,0.05,,False,4.750460489613995,-15.971351477946037,,,,,,,,,,,,,,
REAL_ESTATE,BBOX.L,PHP.L,TRITAX BIG BOX REIT PLC ORD 1P,PRIMARY HEALTH PROPERTIES PLC O,-2.6188208112491327,0.08916944250372744,0.05,,False,1.8427284667089925,-3.4070462692159014,,,,,,,,,,,,,,
REAL_ESTATE,BLND.L,UTG.L,BRITISH LAND COMPANY PLC ORD 25,UNITE GROUP PLC ORD 25P,-2.5610308154150645,0.10132180704671728,0.05,,False,0.017379938564480252,5.834275259787096,,,,,,,,,,,,,,
REAL_ESTATE,BBOX.L,UTG.L,TRITAX BIG BOX REIT PLC ORD 1P,UNITE GROUP PLC ORD 25P,-2.5591118985857397,0.10174584892298294,0.05,,False,-0.04987965249957169,5.325778805262423,,,,,,,,,,,,,,
REAL_ESTATE,BBOX.L,BLND.L,TRITAX BIG BOX REIT PLC ORD 1P,BRITISH LAND COMPANY PLC ORD 25,-2.4989270889570903,0.11573559389745358,0.05,,False,0.9122388271422127,-0.42797519100652703,,,,,,,,,,,,,,
REAL_ESTATE,HMSO.L,LMP.L,HAMMERSON PLC ORD 5P,LONDONMETRIC PROPERTY PLC ORD 1,-2.4958647772892673,0.11648371391099938,0.05,,False,4.031554449905326,-15.483245363714008,,,,,,,,,,,,,,
REAL_ESTATE,DLN.L,LAND.L,DERWENT LONDON PLC ORD 5P,LAND SECURITIES GROUP PLC ORD 1,-2.4838231289163293,0.11946010907017385,0.05,,False,3.2261518465484746,-13.093393398304329,,,,,,,,,,,,,,
REAL_ESTATE,HMSO.L,UTG.L,HAMMERSON PLC ORD 5P,UNITE GROUP PLC ORD 25P,-2.4821753009043546,0.11987172042589794,0.05,,False,-0.277170368562647,7.5167770889208345,,,,,,,,,,,,,,
REAL_ESTATE,BBOX.L,HMSO.L,TRITAX BIG BOX REIT PLC ORD 1P,HAMMERSON PLC ORD 5P,-2.3754356384808495,0.1487898722386627,0.05,,False,0.5820163819259532,1.6824073012123937,,,,,,,,,,,,,,
REAL_ESTATE,GPE.L,UTG.L,GREAT PORTLAND ESTATES PLC ORD ,UNITE GROUP PLC ORD 25P,-2.3590984859098336,0.1536147771349629,0.05,,False,0.03505148644024878,5.533058733689536,,,,,,,,,,,,,,
REAL_ESTATE,BLND.L,HMSO.L,BRITISH LAND COMPANY PLC ORD 25,HAMMERSON PLC ORD 5P,-2.282622628486161,0.17763378214350206,0.05,,False,0.5538431332505953,2.792930365936855,,,,,,,,,,,,,,
REAL_ESTATE,BBOX.L,GPE.L,TRITAX BIG BOX REIT PLC ORD 1P,GREAT PORTLAND ESTATES PLC ORD ,-2.1557489272921884,0.22269603234278118,0.05,,False,0.7868059270460678,0.4638732270576096,,,,,,,,,,,,,,
REAL_ESTATE,BLND.L,GPE.L,BRITISH LAND COMPANY PLC ORD 25,GREAT PORTLAND ESTATES PLC ORD ,-2.078648995881126,0.25318615339886313,0.05,,False,0.8566490717074692,1.011367327863737,,,,,,,,,,,,,,
REAL_ESTATE,GPE.L,SGRO.L,GREAT PORTLAND ESTATES PLC ORD ,SEGRO PLC ORD 10P,-2.034223821327285,0.2717716120953313,0.05,,False,0.5475644013180538,2.1539203559382303,,,,,,,,,,,,,,
REAL_ESTATE,BBOX.L,SGRO.L,TRITAX BIG BOX REIT PLC ORD 1P,SEGRO PLC ORD 10P,-2.019266541197313,0.2781898044283061,0.05,,False,0.5322547231568184,1.4900370892341877,,,,,,,,,,,,,,
REAL_ESTATE,BBOX.L,LMP.L,TRITAX BIG BOX REIT PLC ORD 1P,LONDONMETRIC PROPERTY PLC ORD 1,-1.957095267536197,0.30569618751321886,0.05,,False,1.5711976972979396,-3.2562518897031802,,,,,,,,,,,,,,
REAL_ESTATE,BLND.L,DLN.L,BRITISH LAND COMPANY PLC ORD 25,DERWENT LONDON PLC ORD 5P,-1.9275482769958994,0.3192145492623425,0.05,,False,0.4666047964887707,2.4229537887025185,,,,,,,,,,,,,,
REAL_ESTATE,GPE.L,HMSO.L,GREAT PORTLAND ESTATES PLC ORD ,HAMMERSON PLC ORD 5P,-1.901192250049664,0.3315004467022482,0.05,,False,0.6383615250765634,2.126185686131887,,,,,,,,,,,,,,
REAL_ESTATE,DLN.L,GPE.L,DERWENT LONDON PLC ORD 5P,GREAT PORTLAND ESTATES PLC ORD ,-1.895030925387468,0.3344023190419452,0.05,,False,2.057834436395579,-4.304155073979751,,,,,,,,,,,,,,
REAL_ESTATE,BBOX.L,DLN.L,TRITAX BIG BOX REIT PLC ORD 1P,DERWENT LONDON PLC ORD 5P,-1.8887615758571903,0.3373663492748983,0.05,,False,0.2599284476485797,3.0344760632711276,,,,,,,,,,,,,,
REAL_ESTATE,DLN.L,UTG.L,DERWENT LONDON PLC ORD 5P,UNITE GROUP PLC ORD 25P,-1.846125149183265,0.3578140138401784,0.05,,False,0.3917493488348285,4.983878400616221,,,,,,,,,,,,,,
REAL_ESTATE,DLN.L,HMSO.L,DERWENT LONDON PLC ORD 5P,HAMMERSON PLC ORD 5P,-1.7562467552573644,0.40238994897105856,0.05,,False,-2.5831818660900843,22.27271456756273,,,,,,,,,,,,,,
REAL_ESTATE,HMSO.L,SGRO.L,HAMMERSON PLC ORD 5P,SEGRO PLC ORD 10P,-1.5763929296710864,0.49544031907380864,0.05,,False,0.6729329894467322,1.2617547157457452,,,,,,,,,,,,,,
REAL_ESTATE,SGRO.L,UTG.L,SEGRO PLC ORD 10P,UNITE GROUP PLC ORD 25P,-1.325727185690036,0.6173214610941571,0.05,,False,0.16048826103121178,5.537923998907475,,,,,,,,,,,,,,
REAL_ESTATE,DLN.L,SGRO.L,DERWENT LONDON PLC ORD 5P,SEGRO PLC ORD 10P,-1.2975760507523908,0.6302805424667586,0.05,,False,1.1008170607936654,0.29950035796889907,,,,,,,,,,,,,,
TMT,ITV.L,WPP.L,ITV PLC ORD 10P,WPP PLC ORD 10P,-4.180736554729463,0.0007101573524709381,0.05,0.0124598772691788,True,-0.05689694730151337,4.7057757686102235,10.418466497455993,-8.206654689535154e-05,-0.06653063392095176,31.0,-1.3939116732162915,4.145589116055002,False,,0.6,-0.0007345511727937445,0.5995143050152745,0.2860645751022466,False,mixed signal
TMT,AAF.L,ITV.L,AIRTEL AFRICA PLC ORD USD0.50,ITV PLC ORD 10P,-4.101293393114712,0.0009637677460501238,0.05,0.0124598772691788,True,17.16462233974474,-69.49566476571557,10.851233725314197,0.0014459625672152117,-0.06387726945213092,33.0,1.2827433789023472,4.2712746181966335,False,,0.6,0.03982297745731589,-0.547771393677088,-0.22411756951264827,False,mixed signal
TMT,BT-A.L,ITV.L,BT GROUP PLC ORD 5P,ITV PLC ORD 10P,-4.093501147183637,0.0009927599442506286,0.05,0.0124598772691788,True,5.254544309681588,-17.729072484617856,10.99371317164245,0.0005188045272783193,-0.0630494146734583,33.0,1.498110559569681,4.098090319702896,False,,0.6,0.028769096035394154,-0.36423748003661416,-0.22385364019434362,False,mixed signal
TMT,ITV.L,VOD.L,ITV PLC ORD 10P,VODAFONE GROUP PLC ORD USD0.20 ,-4.084235534906919,0.001028295824854461,0.05,0.0124598772691788,True,0.15849002044792498,3.653680521658942,10.95547590244184,-8.969499539817266e-05,-0.06326947242934935,33.0,-1.4071692468583177,4.168591035464765,False,,0.6,-0.005815057084102999,0.3989298743265326,0.22753382377684872,False,mixed signal
TMT,ITV.L,SGE.L,ITV PLC ORD 10P,THE SAGE GROUP PLC ORD 1 4/77P,-4.063666953477145,0.0011114762143434312,0.05,0.0124598772691788,True,-0.17226415319878488,5.558527175423311,10.907281487242646,-5.0443339519014036e-05,-0.06354903202696867,33.0,-1.4632099172889328,4.079271996327405,False,,0.6,-3.42801005838618e-06,0.5274898726068316,0.334041817684795,False,mixed signal
TMT,AAF.L,WPP.L,AIRTEL AFRICA PLC ORD USD0.50,WPP PLC ORD 10P,-4.02385188240519,0.0012906386727964427,0.05,0.0124598772691788,True,-1.047151807165934,11.711035855508738,11.921773674180782,-0.00010691260537997644,-0.058141279938999986,36.0,-2.0390165899470656,3.2120154088150468,False,,0.4,0.03389195469737265,-0.3139541128040555,0.581302081687036,False,mixed signal
TMT,ITV.L,REL.L,ITV PLC ORD 10P,RELX PLC ORD 14 51/116P,-3.973702475821974,0.0015546487119868586,0.05,0.0124598772691788,True,-0.11890996680673163,5.320445926817552,11.420036432304265,-5.863537014740191e-05,-0.06069570659154949,34.0,-1.5580642458655571,4.172698192044204,False,,0.6,-0.002763653587370206,0.45778105850275574,0.1671738306794457,False,mixed signal
TMT,AUTO.L,ITV.L,AUTOTRADER GROUP PLC ORD 1P,ITV PLC ORD 10P,-3.9290165083237234,0.0018313814323964088,0.05,0.0124598772691788,True,-11.90418638954855,58.41117192510592,11.666488720248807,-0.000512162706077554,-0.05941352168428298,35.0,-1.7614335456579016,4.367612279401763,False,,0.6,-0.04148412404738226,0.4194935277943983,0.1438275257257493,False,mixed signal
TMT,EXPN.L,ITV.L,EXPERIAN PLC ORD USD0.10,ITV PLC ORD 10P,-3.8967720965132027,0.0020587315433280608,0.05,0.0124598772691788,True,-8.644579177052679,45.79058640760637,11.848717222808364,-0.00038355196556490276,-0.058499765630802746,36.0,-1.7845312207691677,4.287130109941111,False,,0.6,-0.029978063334396815,0.42910756917299997,0.22841675276155593,False,mixed signal
TMT,ITV.L,RMV.L,ITV PLC ORD 10P,RIGHTMOVE PLC ORD 0.1P,-3.772197815407586,0.0032049259443831793,0.05,0.0124598772691788,True,-0.06201610321810692,4.752506386430834,12.5184636975707,1.4102874184127994e-05,-0.05536998766825162,38.0,-1.8585391237950004,3.9877924577086454,False,,0.4,-0.002192745283977813,0.4409670862567814,0.30497919153293873,False,mixed signal
TMT,REL.L,VOD.L,RELX PLC ORD 14 51/116P,VODAFONE GROUP PLC ORD USD0.20 ,-3.6378972189301484,0.005076503837895378,0.05,0.0124598772691788,True,-0.937991556843617,12.267677957310243,15.981552804188931,-5.389121856180644e-05,-0.043371704179975816,48.0,0.24386184196844343,2.9491065813280803,False,,0.2,0.008809256600150622,0.06639234271987038,-0.19466548864793076,True,mixed signal
TMT,INF.L,ITV.L,INFORMA PLC ORD 0.1P,ITV PLC ORD 10P,-3.491667859222265,0.008203677387942126,0.05,0.0124598772691788,True,3.4989495759420386,-8.511390048147742,14.606225709374627,3.565042474180729e-05,-0.047455598342223806,44.0,1.3098363800008241,3.940180508634404,False,,0.6,0.0045143350276407035,-0.2909157521375012,0.11682090316652016,False,mixed signal
TMT,AUTO.L,EXPN.L,AUTOTRADER GROUP PLC ORD 1P,EXPERIAN PLC ORD USD0.10,-3.4858025699654283,0.008359288898250942,0.05,0.0124598772691788,True,1.533907238650778,-5.921718356426622,12.086737785450158,0.00012389052113788692,-0.057347746998726655,36.0,0.6267862899911034,2.7724593157878394,False,,0.8,0.00552241627492665,0.23307646180318847,-0.1243419100760143,True,reversion signs agree
TMT,AUTO.L,REL.L,AUTOTRADER GROUP PLC ORD 1P,RELX PLC ORD 14 51/116P,-3.358441087728082,0.0124598772691788,0.05,0.0124598772691788,True,1.2779139262347452,-3.8080778488408615,21.027882958429323,8.212279212124786e-05,-0.032963241327253416,63.0,-2.0696521878033067,2.1678263261198154,False,,0.6,-0.011319840849228938,-0.08601196422191526,0.3465609908155114,False,mixed signal
TMT,VOD.L,WPP.L,VODAFONE GROUP PLC ORD USD0.20 ,WPP PLC ORD 10P,-3.15265247674188,0.02289419397116267,0.05,0.0124598772691788,False,-0.3993982739336337,6.886748785832714,,,,,,,,,,,,,,
TMT,EXPN.L,RMV.L,EXPERIAN PLC ORD USD0.10,RIGHTMOVE PLC ORD 0.1P,-3.0429855825223098,0.0310704518250183,0.05,0.0124598772691788,False,0.6898588434660313,3.723701252262268,,,,,,,,,,,,,,
TMT,BT-A.L,WPP.L,BT GROUP PLC ORD 5P,WPP PLC ORD 10P,-2.910396998712809,0.044152257768381976,0.05,0.0124598772691788,False,-0.3269060546563041,7.169469792813336,,,,,,,,,,,,,,
TMT,EXPN.L,REL.L,EXPERIAN PLC ORD USD0.10,RELX PLC ORD 14 51/116P,-2.799137600566662,0.058397061322843065,0.05,0.0124598772691788,False,0.8281237009907012,1.4183974236978125,,,,,,,,,,,,,,
TMT,AUTO.L,RMV.L,AUTOTRADER GROUP PLC ORD 1P,RIGHTMOVE PLC ORD 0.1P,-2.7351804969393347,0.0681458307105913,0.05,0.0124598772691788,False,1.0910785184044849,-0.42033813386760066,,,,,,,,,,,,,,
TMT,REL.L,RMV.L,RELX PLC ORD 14 51/116P,RIGHTMOVE PLC ORD 0.1P,-2.7177151872062417,0.07102261430924811,0.05,0.0124598772691788,False,0.8440056398808581,2.7136177542350675,,,,,,,,,,,,,,
TMT,EXPN.L,VOD.L,EXPERIAN PLC ORD USD0.10,VODAFONE GROUP PLC ORD USD0.20 ,-2.577470861525826,0.09774355181730626,0.05,0.0124598772691788,False,-0.7528445286311146,11.471542709390501,,,,,,,,,,,,,,
TMT,RMV.L,VOD.L,RIGHTMOVE PLC ORD 0.1P,VODAFONE GROUP PLC ORD USD0.20 ,-2.5298914181344223,0.10836976202159304,0.05,0.0124598772691788,False,-1.13681583455127,11.4326903232472,,,,,,,,,,,,,,
TMT,AAF.L,INF.L,AIRTEL AFRICA PLC ORD USD0.50,INFORMA PLC ORD 0.1P,-2.43306273988055,0.13262127298834397,0.05,0.0124598772691788,False,32.65918160652638,-214.50775864537493,,,,,,,,,,,,,,
TMT,SGE.L,VOD.L,THE SAGE GROUP PLC ORD 1 4/77P,VODAFONE GROUP PLC ORD USD0.20 ,-2.426924336802208,0.1342809508263771,0.05,0.0124598772691788,False,-0.7534548318114916,10.319688861793676,,,,,,,,,,,,,,
TMT,AAF.L,BT-A.L,AIRTEL AFRICA PLC ORD USD0.50,BT GROUP PLC ORD 5P,-2.40752314150619,0.13962430648332047,0.05,0.0124598772691788,False,3.2652719138956936,-11.57446809637787,,,,,,,,,,,,,,
TMT,INF.L,VOD.L,INFORMA PLC ORD 0.1P,VODAFONE GROUP PLC ORD USD0.20 ,-2.402362278035644,0.1410707829464562,0.05,0.0124598772691788,False,0.06865254153670006,6.425300951442439,,,,,,,,,,,,,,
TMT,INF.L,REL.L,INFORMA PLC ORD 0.1P,RELX PLC ORD 14 51/116P,-2.3979072444352503,0.1423279449039776,0.05,0.0124598772691788,False,-0.021678350976185912,6.905307318929853,,,,,,,,,,,,,,
TMT,INF.L,WPP.L,INFORMA PLC ORD 0.1P,WPP PLC ORD 10P,-2.3731351517892616,0.14946279971130244,0.05,0.0124598772691788,False,-0.03028034805133887,6.915688041474533,,,,,,,,,,,,,,
TMT,REL.L,SGE.L,RELX PLC ORD 14 51/116P,THE SAGE GROUP PLC ORD 1 4/77P,-2.36729235654815,0.15118145203499728,0.05,0.0124598772691788,False,1.2055644622315846,-0.30474360410305223,,,,,,,,,,,,,,
TMT,BT-A.L,INF.L,BT GROUP PLC ORD 5P,INFORMA PLC ORD 0.1P,-2.362865171837868,0.15249283545064868,0.05,0.0124598772691788,False,23.13380609962037,-150.51894074540076,,,,,,,,,,,,,,
TMT,INF.L,RMV.L,INFORMA PLC ORD 0.1P,RIGHTMOVE PLC ORD 0.1P,-2.3158313981864507,0.16691285575937276,0.05,0.0124598772691788,False,0.013879230862793487,6.640674046432298,,,,,,,,,,,,,,
TMT,AUTO.L,INF.L,AUTOTRADER GROUP PLC ORD 1P,INFORMA PLC ORD 0.1P,-2.287162119564448,0.17614187856670743,0.05,0.0124598772691788,False,40.3001227033788,-264.63912534334025,,,,,,,,,,,,,,
TMT,RMV.L,SGE.L,RIGHTMOVE PLC ORD 0.1P,THE SAGE GROUP PLC ORD 1 4/77P,-2.2579231990172306,0.18589773083545508,0.05,0.0124598772691788,False,1.4620606029198342,-3.8113505396887595,,,,,,,,,,,,,,
TMT,AUTO.L,VOD.L,AUTOTRADER GROUP PLC ORD 1P,VODAFONE GROUP PLC ORD USD0.20 ,-2.220335274142273,0.19894787872661235,0.05,0.0124598772691788,False,-1.2132806330533374,11.93367663962858,,,,,,,,,,,,,,
TMT,INF.L,SGE.L,INFORMA PLC ORD 0.1P,THE SAGE GROUP PLC ORD 1 4/77P,-2.1411934416720557,0.22827621200786258,0.05,0.0124598772691788,False,0.04722483414009792,6.399740769982849,,,,,,,,,,,,,,
TMT,EXPN.L,INF.L,EXPERIAN PLC ORD USD0.10,INFORMA PLC ORD 0.1P,-2.1105311844510393,0.24030109941096045,0.05,0.0124598772691788,False,9.671411270297382,-56.94703228679224,,,,,,,,,,,,,,
TMT,BT-A.L,RMV.L,BT GROUP PLC ORD 5P,RIGHTMOVE PLC ORD 0.1P,-2.0418628681479474,0.26852453394835907,0.05,0.0124598772691788,False,-0.47150241604284915,8.1747144540439,,,,,,,,,,,,,,
TMT,AUTO.L,BT-A.L,AUTOTRADER GROUP PLC ORD 1P,BT GROUP PLC ORD 5P,-2.0008563151110517,0.2861977611017499,0.05,0.0124598772691788,False,-1.6458554555266056,15.049237455884773,,,,,,,,,,,,,,
TMT,EXPN.L,SGE.L,EXPERIAN PLC ORD USD0.10,THE SAGE GROUP PLC ORD 1 4/77P,-2.0008315957633696,0.28620859248820874,0.05,0.0124598772691788,False,0.9861651969348891,1.2511479032542203,,,,,,,,,,,,,,
TMT,REL.L,WPP.L,RELX PLC ORD 14 51/116P,WPP PLC ORD 10P,-1.9730192589153277,0.29852704770143573,0.05,0.0124598772691788,False,0.332792505212352,6.0652994882137605,,,,,,,,,,,,,,
TMT,BT-A.L,REL.L,BT GROUP PLC ORD 5P,RELX PLC ORD 14 51/116P,-1.9339870161017598,0.31624527524957347,0.05,0.0124598772691788,False,-0.8512941261889143,12.06465246647479,,,,,,,,,,,,,,
TMT,AAF.L,VOD.L,AIRTEL AFRICA PLC ORD USD0.50,VODAFONE GROUP PLC ORD USD0.20 ,-1.8981547929738087,0.3329296516538224,0.05,0.0124598772691788,False,2.633454642637345,-6.396333130206274,,,,,,,,,,,,,,
TMT,BT-A.L,EXPN.L,BT GROUP PLC ORD 5P,EXPERIAN PLC ORD USD0.10,-1.8317959123593872,0.36479403299573576,0.05,0.0124598772691788,False,-1.1576431402820169,14.577711426416808,,,,,,,,,,,,,,
TMT,BT-A.L,SGE.L,BT GROUP PLC ORD 5P,THE SAGE GROUP PLC ORD 1 4/77P,-1.8312087790044496,0.36508113834170264,0.05,0.0124598772691788,False,-1.1683551189646162,13.315933354446933,,,,,,,,,,,,,,
TMT,AUTO.L,SGE.L,AUTOTRADER GROUP PLC ORD 1P,THE SAGE GROUP PLC ORD 1 4/77P,-1.8052840779085624,0.3778414693384488,0.05,0.0124598772691788,False,1.653080287150856,-4.982762834835867,,,,,,,,,,,,,,
TMT,AAF.L,RMV.L,AIRTEL AFRICA PLC ORD USD0.50,RIGHTMOVE PLC ORD 0.1P,-1.7784315140466038,0.3912211945752571,0.05,0.0124598772691788,False,-3.445203771573279,27.307111270843183,,,,,,,,,,,,,,
TMT,AAF.L,EXPN.L,AIRTEL AFRICA PLC ORD USD0.50,EXPERIAN PLC ORD USD0.10,-1.7610382389817103,0.3999693813870882,0.05,0.0124598772691788,False,-4.1304012279489575,38.87651366267817,,,,,,,,,,,,,,
TMT,AAF.L,AUTO.L,AIRTEL AFRICA PLC ORD USD0.50,AUTOTRADER GROUP PLC ORD 1P,-1.7006196676185454,0.430793233782254,0.05,0.0124598772691788,False,-2.370690120425465,20.818792496763482,,,,,,,,,,,,,,
TMT,RMV.L,WPP.L,RIGHTMOVE PLC ORD 0.1P,WPP PLC ORD 10P,-1.6695805342052332,0.44684969139015546,0.05,0.0124598772691788,False,0.30386575705031055,4.527381124507887,,,,,,,,,,,,,,
TMT,BT-A.L,VOD.L,BT GROUP PLC ORD 5P,VODAFONE GROUP PLC ORD USD0.20 ,-1.645102291126671,0.45959595989797347,0.05,0.0124598772691788,False,0.8290383715684465,1.4859869691444505,,,,,,,,,,,,,,
TMT,AAF.L,REL.L,AIRTEL AFRICA PLC ORD USD0.50,RELX PLC ORD 14 51/116P,-1.6196496884267308,0.4729129576993951,0.05,0.0124598772691788,False,-3.2300375970785176,31.47304428814497,,,,,,,,,,,,,,
TMT,AUTO.L,WPP.L,AUTOTRADER GROUP PLC ORD 1P,WPP PLC ORD 10P,-1.5961719576615125,0.48551615980345886,0.05,0.0124598772691788,False,0.4361566265700806,3.875957581684616,,,,,,,,,,,,,,
TMT,EXPN.L,WPP.L,EXPERIAN PLC ORD USD0.10,WPP PLC ORD 10P,-1.5505963605582473,0.5083502926435755,0.05,0.0124598772691788,False,0.2578050930207098,6.55062185197224,,,,,,,,,,,,,,
TMT,SGE.L,WPP.L,THE SAGE GROUP PLC ORD 1 4/77P,WPP PLC ORD 10P,-1.475213562369447,0.5457352713704993,0.05,0.0124598772691788,False,0.22810222052467818,5.57875075949237,,,,,,,,,,,,,,
TMT,AAF.L,SGE.L,AIRTEL AFRICA PLC ORD USD0.50,THE SAGE GROUP PLC ORD 1 4/77P,-1.3727650187980054,0.5952610465441069,0.05,0.0124598772691788,False,-5.014412813011194,40.27961872232737,,,,,,,,,,,,,,
UK_HOUSEBUILDERS,BWY.L,TW.L,BELLWAY PLC ORD 12.5P,TAYLOR WIMPEY PLC ORD 1P,-2.3422829576665976,0.1586931525432344,0.05,,False,0.6510573527387937,4.750788955850675,,,,,,,,,,,,,,
UK_HOUSEBUILDERS,PSN.L,TW.L,PERSIMMON PLC ORD 10P,TAYLOR WIMPEY PLC ORD 1P,-2.1817253343740486,0.21294483334388503,0.05,,False,0.6133037621131006,4.253730649156258,,,,,,,,,,,,,,
UK_HOUSEBUILDERS,BWY.L,PSN.L,BELLWAY PLC ORD 12.5P,PERSIMMON PLC ORD 10P,-1.484417874538435,0.5412050298467208,0.05,,False,1.0763493022327915,0.1293973350030697,,,,,,,,,,,,,,
US_AIRLINES,DAL,LUV,"Delta Air Lines, Inc.",Southwest Airlines Company,-3.118185720563502,0.02523630990934176,0.05,,False,1.1041391107563279,0.17763342549455974,,,,,,,,,,,,,,
US_AIRLINES,JBLU,UAL,JetBlue Airways Corporation,"United Airlines Holdings, Inc.",-2.5926532608292256,0.09452521585057383,0.05,,False,-0.00959565690953664,1.7077336376977195,,,,,,,,,,,,,,
US_AIRLINES,ALK,JBLU,"Alaska Air Group, Inc.",JetBlue Airways Corporation,-2.4821676669290857,0.11987362973904198,0.05,,False,1.1259487004973587,2.0089963119927767,,,,,,,,,,,,,,
US_AIRLINES,AAL,JBLU,"American Airlines Group, Inc.",JetBlue Airways Corporation,-2.3662276714346175,0.15149610469279107,0.05,,False,0.8640885687805042,1.1001332576416993,,,,,,,,,,,,,,
US_AIRLINES,JBLU,LUV,JetBlue Airways Corporation,Southwest Airlines Company,-2.349328161900926,0.15655158627749244,0.05,,False,-0.8003084907704368,4.462067189090787,,,,,,,,,,,,,,
US_AIRLINES,DAL,JBLU,"Delta Air Lines, Inc.",JetBlue Airways Corporation,-2.3225092327962997,0.16481102509233186,0.05,,False,1.8889433871171508,0.8908475354758525,,,,,,,,,,,,,,
US_AIRLINES,AAL,UAL,"American Airlines Group, Inc.","United Airlines Holdings, Inc.",-1.8588550771582806,0.35165748308008304,0.05,,False,0.47535192330751985,0.43185599364291827,,,,,,,,,,,,,,
US_AIRLINES,AAL,DAL,"American Airlines Group, Inc.","Delta Air Lines, Inc.",-1.7496002878397792,0.40575493462762635,0.05,,False,0.789333688578871,-0.6469852599187393,,,,,,,,,,,,,,
US_AIRLINES,LUV,UAL,Southwest Airlines Company,"United Airlines Holdings, Inc.",-1.735703858541962,0.4128169636252627,0.05,,False,0.5350445020771873,1.1229764742628077,,,,,,,,,,,,,,
US_AIRLINES,AAL,LUV,"American Airlines Group, Inc.",Southwest Airlines Company,-1.5982751887995346,0.4844598491425689,0.05,,False,0.8034731704653468,-0.2689176722704376,,,,,,,,,,,,,,
US_AIRLINES,DAL,UAL,"Delta Air Lines, Inc.","United Airlines Holdings, Inc.",-1.5404222271304415,0.5134287794287951,0.05,,False,0.6519463398078804,1.146342646414512,,,,,,,,,,,,,,
US_AIRLINES,ALK,UAL,"Alaska Air Group, Inc.","United Airlines Holdings, Inc.",-1.5009242786456647,0.5330540620272275,0.05,,False,0.5034638031599331,1.6521526752080224,,,,,,,,,,,,,,
US_AIRLINES,AAL,ALK,"American Airlines Group, Inc.","Alaska Air Group, Inc.",-1.4620300867627072,0.5522039817913511,0.05,,False,0.8244789993680186,-0.663201804324903,,,,,,,,,,,,,,
US_AIRLINES,ALK,LUV,"Alaska Air Group, Inc.",Southwest Airlines Company,-0.7710794766168969,0.8274700147929696,0.05,,False,1.384108354589497,-0.9531742967462526,,,,,,,,,,,,,,
US_AIRLINES,ALK,DAL,"Alaska Air Group, Inc.","Delta Air Lines, Inc.",-0.5210414223921608,0.8878445876278794,0.05,,False,0.8763142930805632,0.3468458497925164,,,,,,,,,,,,,,
US_ASSET_MANAGERS,BX,KKR,Blackstone Inc.,KKR & Co. Inc.,-3.4300631450607755,0.00997572978260738,0.05,,False,0.8770009353916635,0.7380863568231311,,,,,,,,,,,,,,
US_ASSET_MANAGERS,BEN,KKR,"Franklin Templeton, Inc.",KKR & Co. Inc.,-2.7439534999063744,0.06673628885909916,0.05,,False,-1.08256274804753,8.268464221153607,,,,,,,,,,,,,,
US_ASSET_MANAGERS,APO,BEN,"Apollo Global Management, Inc. ","Franklin Templeton, Inc.",-2.5769677916514206,0.09785160210991362,0.05,,False,-0.20880648665866344,5.522648195036929,,,,,,,,,,,,,,
US_ASSET_MANAGERS,BEN,BX,"Franklin Templeton, Inc.",Blackstone Inc.,-2.552921057772772,0.10312304986838727,0.05,,False,-1.6834290459489212,11.39971624174965,,,,,,,,,,,,,,
US_ASSET_MANAGERS,BLK,KKR,"BlackRock, Inc.",KKR & Co. Inc.,-2.263193329413102,0.18411368710700687,0.05,,False,0.2380093320653922,5.745353431797797,,,,,,,,,,,,,,
US_ASSET_MANAGERS,APO,BX,"Apollo Global Management, Inc. ",Blackstone Inc.,-2.2164088726819653,0.2003439751545819,0.05,,False,0.8791935252728662,0.5333048363426602,,,,,,,,,,,,,,
US_ASSET_MANAGERS,BLK,TROW,"BlackRock, Inc.","T. Rowe Price Group, Inc.",-2.136309483444332,0.23016715601726162,0.05,,False,2.396298479315721,-4.06945952839984,,,,,,,,,,,,,,
US_ASSET_MANAGERS,APO,TROW,"Apollo Global Management, Inc. ","T. Rowe Price Group, Inc.",-2.110228991275742,0.24042141554616658,0.05,,False,2.534837306163082,-6.709476337940202,,,,,,,,,,,,,,
US_ASSET_MANAGERS,BEN,TROW,"Franklin Templeton, Inc.","T. Rowe Price Group, Inc.",-2.0814331346502293,0.25204566812741463,0.05,,False,7.276236089814038,-30.19195329090884,,,,,,,,,,,,,,
US_ASSET_MANAGERS,APO,BLK,"Apollo Global Management, Inc. ","BlackRock, Inc.",-1.9836409236449157,0.2937917255000002,0.05,,False,1.7326065770053976,-7.05195840972737,,,,,,,,,,,,,,
US_ASSET_MANAGERS,BEN,BLK,"Franklin Templeton, Inc.","BlackRock, Inc.",-1.8942927438045496,0.33475072921272436,0.05,,False,2.2008854379917713,-12.08083734445523,,,,,,,,,,,,,,
US_ASSET_MANAGERS,BLK,BX,"BlackRock, Inc.",Blackstone Inc.,-1.767000619222177,0.39696361359325144,0.05,,False,0.4852045420121174,4.487886239582719,,,,,,,,,,,,,,
US_ASSET_MANAGERS,APO,KKR,"Apollo Global Management, Inc. ",KKR & Co. Inc.,-1.6426926033888984,0.4608541781726143,0.05,,False,0.7472974877337458,1.29616215930651,,,,,,,,,,,,,,
US_ASSET_MANAGERS,BX,TROW,Blackstone Inc.,"T. Rowe Price Group, Inc.",-1.2472067600082655,0.652966284844783,0.05,,False,2.8528048824376673,-8.099288644543641,,,,,,,,,,,,,,
US_ASSET_MANAGERS,KKR,TROW,KKR & Co. Inc.,"T. Rowe Price Group, Inc.",-0.8172673731162823,0.8139972140005511,0.05,,False,3.525024142479754,-11.320972318057485,,,,,,,,,,,,,,
US_BANKS,KEY,USB,KeyCorp,U.S. Bancorp,-3.7750783498294873,0.0031728394179124974,0.05,,False,1.1916502143510816,-1.7243303616149022,,,,,,,,,,,,,,
US_BANKS,PNC,USB,"PNC Financial Services Group, I",U.S. Bancorp,-3.7617918841927467,0.003323338249567128,0.05,,False,0.9498947732552129,1.589529057941113,,,,,,,,,,,,,,
US_BANKS,KEY,PNC,KeyCorp,"PNC Financial Services Group, I",-3.66605441015557,0.004616771789679105,0.05,,False,1.254219464313166,-3.716900792644585,,,,,,,,,,,,,,
US_BANKS,COF,WFC,Capital One Financial Corporati,Wells Fargo & Company,-3.6175772939288287,0.005433743744224345,0.05,,False,1.0146410187455213,0.8730640380580494,,,,,,,,,,,,,,
US_BANKS,FITB,USB,Fifth Third Bancorp,U.S. Bancorp,-3.516588294878129,0.007571152618809757,0.05,,False,0.9443173127578209,0.12446701857477471,,,,,,,,,,,,,,
US_BANKS,CFG,TFC,"Citizens Financial Group, Inc.",Truist Financial Corporation,-3.458372768197087,0.009122785371977339,0.05,,False,1.9563555710612188,-3.4830952450216377,,,,,,,,,,,,,,
US_BANKS,TFC,USB,Truist Financial Corporation,U.S. Bancorp,-3.4553377451750653,0.009210992594678911,0.05,,False,0.8408218084066313,0.5270809388634636,,,,,,,,,,,,,,
US_BANKS,KEY,RF,KeyCorp,Regions Financial Corporation,-3.3857972562813563,0.011452676529624024,0.05,,False,1.1350578629837484,-0.7367980002467358,,,,,,,,,,,,,,
US_BANKS,KEY,TFC,KeyCorp,Truist Financial Corporation,-3.2845839401962422,0.015581794066033133,0.05,,False,1.4212453977192794,-2.4863203244760474,,,,,,,,,,,,,,
US_BANKS,CFG,KEY,"Citizens Financial Group, Inc.",KeyCorp,-3.255309118296624,0.016998238428431345,0.05,,False,1.3669432468389267,-0.03351236292963211,,,,,,,,,,,,,,
US_BANKS,FITB,PNC,Fifth Third Bancorp,"PNC Financial Services Group, I",-3.2253543921763255,0.018563182688391522,0.05,,False,0.9941241507996773,-1.4557069769076425,,,,,,,,,,,,,,
US_BANKS,PNC,ZION,"PNC Financial Services Group, I",Zions Bancorporation N.A.,-3.128117903983022,0.024541112927744684,0.05,,False,0.9515258054033567,1.4704741845876144,,,,,,,,,,,,,,
US_BANKS,C,PNFP,"Citigroup, Inc.","Pinnacle Financial Partners, In",-3.1142860205115186,0.025513864961468583,0.05,,False,-12.963963136346583,63.8180253544366,,,,,,,,,,,,,,
US_BANKS,C,TFC,"Citigroup, Inc.",Truist Financial Corporation,-3.0966278451861053,0.02680375162135014,0.05,,False,2.9208943157640705,-6.5109016793178744,,,,,,,,,,,,,,
US_BANKS,C,FHN,"Citigroup, Inc.",First Horizon Corporation,-3.0922786756161624,0.027129903094157817,0.05,,False,1.7167729159777627,-0.6942220354441382,,,,,,,,,,,,,,
US_BANKS,RF,TFC,Regions Financial Corporation,Truist Financial Corporation,-3.087719165411335,0.027475475520587832,0.05,,False,1.2482502727244353,-1.5267989919545761,,,,,,,,,,,,,,
US_BANKS,CFG,PNFP,"Citizens Financial Group, Inc.","Pinnacle Financial Partners, In",-3.0766482979517873,0.028330281485535784,0.05,,False,-14.893004891382773,72.06932331393703,,,,,,,,,,,,,,
US_BANKS,C,MTB,"Citigroup, Inc.",M&T Bank Corporation,-3.049805978179205,0.030497734675605345,0.05,,False,2.7568625897328998,-9.964247129920476,,,,,,,,,,,,,,
US_BANKS,C,HBAN,"Citigroup, Inc.",Huntington Bancshares Incorpora,-3.047290829622551,0.030707879892275528,0.05,,False,3.5071480336097665,-5.115589200121533,,,,,,,,,,,,,,
US_BANKS,BAC,HBAN,Bank of America Corporation,Huntington Bancshares Incorpora,-3.0371498170905524,0.031567726732451895,0.05,,False,1.3467067107459465,0.14905165077282057,,,,,,,,,,,,,,
US_BANKS,HBAN,WFC,Huntington Bancshares Incorpora,Wells Fargo & Company,-3.0053602931302335,0.034396839555314085,0.05,,False,0.5781693308691858,0.24391847351547735,,,,,,,,,,,,,,
US_BANKS,FHN,HBAN,First Horizon Corporation,Huntington Bancshares Incorpora,-2.995853963912939,0.03528340614479667,0.05,,False,1.7788701629697288,-1.8567579854602303,,,,,,,,,,,,,,
US_BANKS,JPM,PNFP,JP Morgan Chase & Co.,"Pinnacle Financial Partners, In",-2.9802535716945573,0.03678007155399426,0.05,,False,-23.81117710359584,114.64486549309515,,,,,,,,,,,,,,
US_BANKS,C,ZION,"Citigroup, Inc.",Zions Bancorporation N.A.,-2.9699697755294108,0.037795614749040175,0.05,,False,2.4780186365759627,-5.349624322424254,,,,,,,,,,,,,,
US_BANKS,BAC,PNFP,Bank of America Corporation,"Pinnacle Financial Partners, In",-2.9640152425027986,0.038394330842262285,0.05,,False,-19.669785555639358,93.92059176941915,,,,,,,,,,,,,,
US_BANKS,BAC,FHN,Bank of America Corporation,First Horizon Corporation,-2.957992213262579,0.03900800981611173,0.05,,False,0.7552307935672011,1.560177014544184,,,,,,,,,,,,,,
US_BANKS,FITB,KEY,Fifth Third Bancorp,KeyCorp,-2.9192728307686493,0.04315229412267776,0.05,,False,0.7905183867159243,1.496371668712547,,,,,,,,,,,,,,
US_BANKS,C,KEY,"Citigroup, Inc.",KeyCorp,-2.839655582747972,0.05282870844764625,0.05,,False,1.9581171212499586,-1.1256932671685114,,,,,,,,,,,,,,
US_BANKS,HBAN,JPM,Huntington Bancshares Incorpora,JP Morgan Chase & Co.,-2.8081030069374964,0.057125600907230525,0.05,,False,0.5641418407407015,-0.41894244715375883,,,,,,,,,,,,,,
US_BANKS,FHN,JPM,First Horizon Corporation,JP Morgan Chase & Co.,-2.8002793964520847,0.058233869356275135,0.05,,False,1.0411509516460937,-2.811439642281163,,,,,,,,,,,,,,
US_BANKS,BAC,RF,Bank of America Corporation,Regions Financial Corporation,-2.795866683384915,0.058866612850112444,0.05,,False,0.9725388772406182,0.752069292071023,,,,,,,,,,,,,,
US_BANKS,BAC,TFC,Bank of America Corporation,Truist Financial Corporation,-2.784267476353507,0.06055642600837041,0.05,,False,1.2360632188827745,-0.8155590746207868,,,,,,,,,,,,,,
US_BANKS,C,RF,"Citigroup, Inc.",Regions Financial Corporation,-2.7689506211855424,0.06284764981820608,0.05,,False,2.267852170148793,-2.7110182211194687,,,,,,,,,,,,,,
US_BANKS,CFG,RF,"Citizens Financial Group, Inc.",Regions Financial Corporation,-2.7607388119765623,0.06410448275203273,0.05,,False,1.5625467074555115,-1.0752750206114885,,,,,,,,,,,,,,
US_BANKS,MTB,ZION,M&T Bank Corporation,Zions Bancorporation N.A.,-2.727675207361575,0.0693704591231987,0.05,,False,0.9222270795357799,1.5816159448195668,,,,,,,,,,,,,,
US_BANKS,USB,ZION,U.S. Bancorp,Zions Bancorporation N.A.,-2.7248382276470777,0.06983790578670823,0.05,,False,1.0021959089925094,-0.12722480387767154,,,,,,,,,,,,,,
US_BANKS,FHN,WFC,First Horizon Corporation,Wells Fargo & Company,-2.7143063893636716,0.07159518819585178,0.05,,False,1.0432573488637826,-1.4861627493490572,,,,,,,,,,,,,,
US_BANKS,COF,PNFP,Capital One Financial Corporati,"Pinnacle Financial Partners, In",-2.6806794842459287,0.07744164732239939,0.05,,False,3.8994878034221996,-12.641190489982463,,,,,,,,,,,,,,
US_BANKS,BAC,CFG,Bank of America Corporation,"Citizens Financial Group, Inc.",-2.6655392689208317,0.08019365449244636,0.05,,False,0.6127206888664974,1.4585748484376775,,,,,,,,,,,,,,
US_BANKS,RF,USB,Regions Financial Corporation,U.S. Bancorp,-2.6616752655997624,0.0809081288817523,0.05,,False,1.0503324555056361,-0.8718424985054862,,,,,,,,,,,,,,
US_BANKS,KEY,MTB,KeyCorp,M&T Bank Corporation,-2.6563744414758177,0.08189636423632313,0.05,,False,1.3031607759223558,-3.966810789762968,,,,,,,,,,,,,,
US_BANKS,C,PNC,"Citigroup, Inc.","PNC Financial Services Group, I",-2.6482259555206777,0.08343383418374756,0.05,,False,2.598149885239038,-9.147196682742216,,,,,,,,,,,,,,
US_BANKS,KEY,PNFP,KeyCorp,"Pinnacle Financial Partners, In",-2.6433981769022887,0.08435529589352408,0.05,,False,10.45857362612947,-45.072020434999835,,,,,,,,,,,,,,
US_BANKS,BAC,C,Bank of America Corporation,"Citigroup, Inc.",-2.641835318779963,0.08465528290768431,0.05,,False,0.4458493358274217,1.8392696535898017,,,,,,,,,,,,,,
US_BANKS,MTB,USB,M&T Bank Corporation,U.S. Bancorp,-2.6338652303014682,0.08619803486945943,0.05,,False,0.9193517506059694,1.7019609765122756,,,,,,,,,,,,,,
US_BANKS,JPM,WFC,JP Morgan Chase & Co.,Wells Fargo & Company,-2.578813431837471,0.09745563663280493,0.05,,False,1.0014243109886756,1.275462741042559,,,,,,,,,,,,,,
US_BANKS,CFG,ZION,"Citizens Financial Group, Inc.",Zions Bancorporation N.A.,-2.5382696140169876,0.1064383472131692,0.05,,False,1.6784422495242988,-2.7791669048663334,,,,,,,,,,,,,,
US_BANKS,PNFP,WFC,"Pinnacle Financial Partners, In",Wells Fargo & Company,-2.5358959580516456,0.1069829016755739,0.05,,False,0.17068296974909425,3.84933273937209,,,,,,,,,,,,,,
US_BANKS,C,CFG,"Citigroup, Inc.","Citizens Financial Group, Inc.",-2.5179345260111727,0.111171416938254,0.05,,False,1.385734145626233,-0.8979229828205542,,,,,,,,,,,,,,
US_BANKS,PNC,RF,"PNC Financial Services Group, I",Regions Financial Corporation,-2.511484235355116,0.1127050323658787,0.05,,False,0.9048464210024133,2.376518338041113,,,,,,,,,,,,,,
US_BANKS,COF,HBAN,Capital One Financial Corporati,Huntington Bancshares Incorpora,-2.499676076363299,0.11555315877169364,0.05,,False,1.7574573116912036,0.4381002691086513,,,,,,,,,,,,,,
US_BANKS,CFG,USB,"Citizens Financial Group, Inc.",U.S. Bancorp,-2.494775884459841,0.11675058828506207,0.05,,False,1.6432849648880312,-2.445576661953505,,,,,,,,,,,,,,
US_BANKS,CFG,HBAN,"Citizens Financial Group, Inc.",Huntington Bancshares Incorpora,-2.486041199548592,0.11890769788075889,0.05,,False,2.371280055719127,-2.609146934983771,,,,,,,,,,,,,,
US_BANKS,KEY,ZION,KeyCorp,Zions Bancorporation N.A.,-2.4610851648877863,0.12523204114199293,0.05,,False,1.200191181804887,-1.8993208038505265,,,,,,,,,,,,,,
US_BANKS,PNC,TFC,"PNC Financial Services Group, I",Truist Financial Corporation,-2.451149543665361,0.12781692296608838,0.05,,False,1.1278706958225322,1.0010088943857474,,,,,,,,,,,,,,
US_BANKS,HBAN,MTB,Huntington Bancshares Incorpora,M&T Bank Corporation,-2.450600103525074,0.12796098722207921,0.05,,False,0.8426978260883683,-1.67820069877473,,,,,,,,,,,,,,
US_BANKS,FHN,PNFP,First Horizon Corporation,"Pinnacle Financial Partners, In",-2.449450455756226,0.1282628076203456,0.05,,False,6.105287997283482,-24.98235284301824,,,,,,,,,,,,,,
US_BANKS,BAC,ZION,Bank of America Corporation,Zions Bancorporation N.A.,-2.4373319166328744,0.1314757171300298,0.05,,False,1.0276780631668234,-0.24136441132044384,,,,,,,,,,,,,,
US_BANKS,CFG,PNC,"Citizens Financial Group, Inc.","PNC Financial Services Group, I",-2.4220917268947786,0.135598010391565,0.05,,False,1.7416861027121704,-5.256661740482349,,,,,,,,,,,,,,
US_BANKS,PNFP,RF,"Pinnacle Financial Partners, In",Regions Financial Corporation,-2.4108249267961006,0.1387044335125241,0.05,,False,0.19373644421671507,3.9707817840585786,,,,,,,,,,,,,,
US_BANKS,FITB,RF,Fifth Third Bancorp,Regions Financial Corporation,-2.3963112403907187,0.14278024172503984,0.05,,False,0.8982008690415796,0.9110321414801335,,,,,,,,,,,,,,
US_BANKS,BAC,MTB,Bank of America Corporation,M&T Bank Corporation,-2.3567350277845724,0.15432167013799042,0.05,,False,1.127554987212511,-2.072812572991141,,,,,,,,,,,,,,
US_BANKS,C,USB,"Citigroup, Inc.",U.S. Bancorp,-2.333579229154611,0.1613665498314083,0.05,,False,2.4392461143378785,-4.907397496588405,,,,,,,,,,,,,,
US_BANKS,HBAN,RF,Huntington Bancshares Incorpora,Regions Financial Corporation,-2.321392928929367,0.1651611212458543,0.05,,False,0.728842283267983,0.42673015880035736,,,,,,,,,,,,,,
US_BANKS,CFG,FITB,"Citizens Financial Group, Inc.",Fifth Third Bancorp,-2.320215983149038,0.16553078257867576,0.05,,False,1.7601189301494167,-2.7367273189373145,,,,,,,,,,,,,,
US_BANKS,C,FITB,"Citigroup, Inc.",Fifth Third Bancorp,-2.3077330020808344,0.16948605293146407,0.05,,False,2.6887627453962275,-5.6241367746883,,,,,,,,,,,,,,
US_BANKS,MTB,PNC,M&T Bank Corporation,"PNC Financial Services Group, I",-2.306192745491867,0.16997846621515794,0.05,,False,0.9702974912984224,0.15072933258888277,,,,,,,,,,,,,,
US_BANKS,RF,ZION,Regions Financial Corporation,Zions Bancorporation N.A.,-2.2699046774916227,0.18185806162881762,0.05,,False,1.053109917180907,-1.007329992434188,,,,,,,,,,,,,,
US_BANKS,BAC,JPM,Bank of America Corporation,JP Morgan Chase & Co.,-2.2621004335393864,0.1844827288908754,0.05,,False,0.789230664555275,-0.5793745640174879,,,,,,,,,,,,,,
US_BANKS,TFC,ZION,Truist Financial Corporation,Zions Bancorporation N.A.,-2.245002414048393,0.19031927600583504,0.05,,False,0.8400772089641043,0.4303341475767657,,,,,,,,,,,,,,
US_BANKS,C,JPM,"Citigroup, Inc.",JP Morgan Chase & Co.,-2.241796923681086,0.19142666811623554,0.05,,False,1.7766878852713177,-5.461072610319255,,,,,,,,,,,,,,
US_BANKS,CFG,MTB,"Citizens Financial Group, Inc.",M&T Bank Corporation,-2.235457731766399,0.19362888187709498,0.05,,False,1.8467149070211077,-5.797247742169535,,,,,,,,,,,,,,
US_BANKS,HBAN,KEY,Huntington Bancshares Incorpora,KeyCorp,-2.2299715376880918,0.19554786957573894,0.05,,False,0.6224243621249439,0.9557329112790338,,,,,,,,,,,,,,
US_BANKS,FITB,ZION,Fifth Third Bancorp,Zions Bancorporation N.A.,-2.182625511056038,0.2126117155955473,0.05,,False,0.944457573264899,0.011957499031610919,,,,,,,,,,,,,,
US_BANKS,HBAN,USB,Huntington Bancshares Incorpora,U.S. Bancorp,-2.171359820157521,0.2168038789019643,0.05,,False,0.7535140624501983,-0.16271557887840293,,,,,,,,,,,,,,
US_BANKS,BAC,PNC,Bank of America Corporation,"PNC Financial Services Group, I",-2.1605697355728646,0.22086620850685895,0.05,,False,1.0872708037316188,-1.867355774194721,,,,,,,,,,,,,,
US_BANKS,JPM,TFC,JP Morgan Chase & Co.,Truist Financial Corporation,-2.150161704791758,0.22482819947375593,0.05,,False,1.6700776449395023,-0.6885405071374038,,,,,,,,,,,,,,
US_BANKS,BAC,KEY,Bank of America Corporation,KeyCorp,-2.147270865010284,0.2259361965340918,0.05,,False,0.8467354598312387,1.4119866214645613,,,,,,,,,,,,,,
US_BANKS,PNFP,USB,"Pinnacle Financial Partners, In",U.S. Bancorp,-2.145938785103303,0.22644785633405967,0.05,,False,0.3256462097478291,3.3341948736754077,,,,,,,,,,,,,,
US_BANKS,FHN,TFC,First Horizon Corporation,Truist Financial Corporation,-2.124241360561,0.23487939846485112,0.05,,False,1.6769837416181765,-3.296731233029601,,,,,,,,,,,,,,
US_BANKS,JPM,MTB,JP Morgan Chase & Co.,M&T Bank Corporation,-2.070637434662505,0.2564841288175258,0.05,,False,1.5026429838113762,-2.278500832436702,,,,,,,,,,,,,,
US_BANKS,HBAN,ZION,Huntington Bancshares Incorpora,Zions Bancorporation N.A.,-1.9864127404257288,0.292562231642023,0.05,,False,0.7706873426917858,-0.3198335927267446,,,,,,,,,,,,,,
US_BANKS,HBAN,TFC,Huntington Bancshares Incorpora,Truist Financial Corporation,-1.9625468640901031,0.3032324752410719,0.05,,False,0.9226139946830766,-0.7341524492291858,,,,,,,,,,,,,,
US_BANKS,HBAN,PNC,Huntington Bancshares Incorpora,"PNC Financial Services Group, I",-1.949619457741388,0.30909032893045535,0.05,,False,0.8089785715844852,-1.5057711952015147,,,,,,,,,,,,,,
US_BANKS,MTB,RF,M&T Bank Corporation,Regions Financial Corporation,-1.939741520550383,0.3136024760176795,0.05,,False,0.8745112677786092,2.4675524194069056,,,,,,,,,,,,,,
US_BANKS,FHN,MTB,First Horizon Corporation,M&T Bank Corporation,-1.9026991880596058,0.33079239484620526,0.05,,False,1.498493060456684,-4.83915088456116,,,,,,,,,,,,,,
US_BANKS,BAC,FITB,Bank of America Corporation,Fifth Third Bancorp,-1.8878494685638711,0.3377985157082444,0.05,,False,1.0976348603972224,-0.28997897440661946,,,,,,,,,,,,,,
US_BANKS,FITB,MTB,Fifth Third Bancorp,M&T Bank Corporation,-1.8673356232239195,0.3475799784371896,0.05,,False,1.0252700859808022,-1.613866156581738,,,,,,,,,,,,,,
US_BANKS,MTB,TFC,M&T Bank Corporation,Truist Financial Corporation,-1.8504324602698392,0.35572612834395867,0.05,,False,1.0997403205218474,1.1018882063053956,,,,,,,,,,,,,,
US_BANKS,FHN,ZION,First Horizon Corporation,Zions Bancorporation N.A.,-1.8261318377530202,0.3675672921115121,0.05,,False,1.372768878720978,-2.432868838017638,,,,,,,,,,,,,,
US_BANKS,BAC,USB,Bank of America Corporation,U.S. Bancorp,-1.7989669552226608,0.3809746921518504,0.05,,False,1.025267634082037,-0.11029722479916426,,,,,,,,,,,,,,
US_BANKS,FITB,PNFP,Fifth Third Bancorp,"Pinnacle Financial Partners, In",-1.794553010509953,0.38316930641143065,0.05,,False,1.7662940968621894,-4.351500434410683,,,,,,,,,,,,,,
US_BANKS,JPM,RF,JP Morgan Chase & Co.,Regions Financial Corporation,-1.784099971246678,0.38838369780282944,0.05,,False,1.2640402033714517,1.5869349693456307,,,,,,,,,,,,,,
US_BANKS,FHN,RF,First Horizon Corporation,Regions Financial Corporation,-1.7636368462502834,0.3986584967502287,0.05,,False,1.301517467505495,-1.1134122917686873,,,,,,,,,,,,,,
US_BANKS,JPM,ZION,JP Morgan Chase & Co.,Zions Bancorporation N.A.,-1.7427706616584988,0.4092212860810937,0.05,,False,1.3637819422111084,0.18492232755130633,,,,,,,,,,,,,,
US_BANKS,FITB,TFC,Fifth Third Bancorp,Truist Financial Corporation,-1.6978111356217287,0.4322405970742662,0.05,,False,1.1210238012238254,-0.45975684722131627,,,,,,,,,,,,,,
US_BANKS,TFC,WFC,Truist Financial Corporation,Wells Fargo & Company,-1.6831528428454248,0.43981287290653354,0.05,,False,0.5863787312076704,1.2327819733417327,,,,,,,,,,,,,,
US_BANKS,COF,FHN,Capital One Financial Corporati,First Horizon Corporation,-1.6820507796411492,0.44038337274399014,0.05,,False,0.9702931147762759,2.3252598679057033,,,,,,,,,,,,,,
US_BANKS,COF,JPM,Capital One Financial Corporati,JP Morgan Chase & Co.,-1.6780553615819929,0.44245299887388956,0.05,,False,1.013953267708142,-0.42343782347669645,,,,,,,,,,,,,,
US_BANKS,FITB,HBAN,Fifth Third Bancorp,Huntington Bancshares Incorpora,-1.5774877400720173,0.4948915039879829,0.05,,False,1.2442673717045947,0.35274919126126836,,,,,,,,,,,,,,
US_BANKS,CFG,FHN,"Citizens Financial Group, Inc.",First Horizon Corporation,-1.5698790049588183,0.4987042613535617,0.05,,False,1.2403130972249343,0.14275154922646704,,,,,,,,,,,,,,
US_BANKS,FHN,USB,First Horizon Corporation,U.S. Bancorp,-1.5026033785929305,0.5322230938691174,0.05,,False,1.3947677719824132,-2.3543386944005174,,,,,,,,,,,,,,
US_BANKS,C,WFC,"Citigroup, Inc.",Wells Fargo & Company,-1.4752571895410682,0.5457138251085277,0.05,,False,1.8770685872663995,-3.614381435303817,,,,,,,,,,,,,,
US_BANKS,PNFP,ZION,"Pinnacle Financial Partners, In",Zions Bancorporation N.A.,-1.4282606959857742,0.568655126168094,0.05,,False,0.6353770880594872,2.073073409942374,,,,,,,,,,,,,,
US_BANKS,JPM,KEY,JP Morgan Chase & Co.,KeyCorp,-1.4205831029937264,0.5723695147583963,0.05,,False,1.0913044094209121,2.4708301503332812,,,,,,,,,,,,,,
US_BANKS,COF,TFC,Capital One Financial Corporati,Truist Financial Corporation,-1.4167278385288165,0.5742308307479854,0.05,,False,1.870598946335106,-1.785469223756846,,,,,,,,,,,,,,
US_BANKS,WFC,ZION,Wells Fargo & Company,Zions Bancorporation N.A.,-1.410632602527523,0.5771682337427195,0.05,,False,1.3753593877761512,-1.1423417325481227,,,,,,,,,,,,,,
US_BANKS,FHN,PNC,First Horizon Corporation,"PNC Financial Services Group, I",-1.3810229093622908,0.5913394063697361,0.05,,False,1.4667083641652332,-4.679783347991901,,,,,,,,,,,,,,
US_BANKS,FITB,JPM,Fifth Third Bancorp,JP Morgan Chase & Co.,-1.3673295630732099,0.5978346979868985,0.05,,False,0.6598609201352491,0.06577878034467188,,,,,,,,,,,,,,
US_BANKS,FHN,KEY,First Horizon Corporation,KeyCorp,-1.2974193047540103,0.630352156266961,0.05,,False,1.132629293464466,-0.22876350058843054,,,,,,,,,,,,,,
US_BANKS,JPM,PNC,JP Morgan Chase & Co.,"PNC Financial Services Group, I",-1.2629285691917655,0.6459573667719736,0.05,,False,1.4609736979422443,-2.067493481855305,,,,,,,,,,,,,,
US_BANKS,RF,WFC,Regions Financial Corporation,Wells Fargo & Company,-1.2581321741380458,0.6481027391474177,0.05,,False,0.7800706266987407,-0.19424562647882837,,,,,,,,,,,,,,
US_BANKS,C,COF,"Citigroup, Inc.",Capital One Financial Corporati,-1.2247698877169284,0.6628506142361223,0.05,,False,2.0044950466293683,-6.036404391320079,,,,,,,,,,,,,,
US_BANKS,PNC,PNFP,"PNC Financial Services Group, I","Pinnacle Financial Partners, In",-1.2074987396456258,0.6703616533761466,0.05,,False,1.4975820457740927,-1.6341372034230837,,,,,,,,,,,,,,
US_BANKS,CFG,JPM,"Citizens Financial Group, Inc.",JP Morgan Chase & Co.,-1.206439191130765,0.6708196186039136,0.05,,False,1.3064351122713147,-3.4282870795964757,,,,,,,,,,,,,,
US_BANKS,FHN,FITB,First Horizon Corporation,Fifth Third Bancorp,-1.1934877144197475,0.6763908400542341,0.05,,False,1.5204040030868629,-2.700454078956119,,,,,,,,,,,,,,
US_BANKS,JPM,USB,JP Morgan Chase & Co.,U.S. Bancorp,-1.1804756377054424,0.6819377093674717,0.05,,False,1.3743535376946707,0.30613597179129304,,,,,,,,,,,,,,
US_BANKS,MTB,WFC,M&T Bank Corporation,Wells Fargo & Company,-1.1681059105814866,0.6871631181884874,0.05,,False,0.6642308782252295,2.374618825850162,,,,,,,,,,,,,,
US_BANKS,BAC,WFC,Bank of America Corporation,Wells Fargo & Company,-1.1258644810269027,0.7046480237172127,0.05,,False,0.784096342393036,0.4540848088397107,,,,,,,,,,,,,,
US_BANKS,COF,MTB,Capital One Financial Corporati,M&T Bank Corporation,-1.085046292211772,0.7209982823077261,0.05,,False,1.6189920223425414,-3.2317852702961236,,,,,,,,,,,,,,
US_BANKS,KEY,WFC,KeyCorp,Wells Fargo & Company,-1.046839031872951,0.7358000243842299,0.05,,False,0.9110571698210019,-1.0671420677555536,,,,,,,,,,,,,,
US_BANKS,FITB,WFC,Fifth Third Bancorp,Wells Fargo & Company,-1.0344351992022056,0.7404986327128352,0.05,,False,0.6391073270343799,1.0003898270636684,,,,,,,,,,,,,,
US_BANKS,BAC,COF,Bank of America Corporation,Capital One Financial Corporati,-0.973161800215442,0.7629266476035259,0.05,,False,0.7539698795365865,-0.12236547924857666,,,,,,,,,,,,,,
US_BANKS,HBAN,PNFP,Huntington Bancshares Incorpora,"Pinnacle Financial Partners, In",-0.9285991014066678,0.7784085071727853,0.05,,False,0.7424163873437559,-0.6788652317778685,,,,,,,,,,,,,,
US_BANKS,CFG,WFC,"Citizens Financial Group, Inc.",Wells Fargo & Company,-0.9265913592154544,0.779089433182067,0.05,,False,1.3450443892813124,-1.919490246694552,,,,,,,,,,,,,,
US_BANKS,MTB,PNFP,M&T Bank Corporation,"Pinnacle Financial Partners, In",-0.9015428084228835,0.7874639241134592,0.05,,False,1.1406757733944768,-0.0036794014125609564,,,,,,,,,,,,,,
US_BANKS,PNC,WFC,"PNC Financial Services Group, I",Wells Fargo & Company,-0.8005129700673047,0.8189713401174634,0.05,,False,0.6691116347357553,2.3581996584478753,,,,,,,,,,,,,,
US_BANKS,COF,ZION,Capital One Financial Corporati,Zions Bancorporation N.A.,-0.7918988251909876,0.8214901515253763,0.05,,False,1.4645464203160479,-0.5585458630905027,,,,,,,,,,,,,,
US_BANKS,USB,WFC,U.S. Bancorp,Wells Fargo & Company,-0.743258679858086,0.8352242130130996,0.05,,False,0.7146095087813241,0.7654822743816072,,,,,,,,,,,,,,
US_BANKS,CFG,COF,"Citizens Financial Group, Inc.",Capital One Financial Corporati,-0.7399531175871503,0.836127650211546,0.05,,False,1.3904823711190448,-3.4154873096075185,,,,,,,,,,,,,,
US_BANKS,COF,RF,Capital One Financial Corporati,Regions Financial Corporation,-0.6946693252469635,0.8481254751823537,0.05,,False,1.3437309271536015,0.9902149076394879,,,,,,,,,,,,,,
US_BANKS,PNFP,TFC,"Pinnacle Financial Partners, In",Truist Financial Corporation,-0.68714864405991,0.8500503054530055,0.05,,False,1.5663546192923605,-1.2868567794304369,,,,,,,,,,,,,,
US_BANKS,COF,KEY,Capital One Financial Corporati,KeyCorp,-0.4582234075660443,0.8999143434397574,0.05,,False,1.1375230100856626,1.9939195084111692,,,,,,,,,,,,,,
US_BANKS,COF,PNC,Capital One Financial Corporati,"PNC Financial Services Group, I",-0.4285487392243157,0.9052219323337947,0.05,,False,1.6219958600848612,-3.2547706890762846,,,,,,,,,,,,,,
US_BANKS,COF,FITB,Capital One Financial Corporati,Fifth Third Bancorp,-0.3884155581842464,0.9120150707106595,0.05,,False,1.7421208064940734,-1.2930487044901096,,,,,,,,,,,,,,
US_BANKS,COF,USB,Capital One Financial Corporati,U.S. Bancorp,-0.24667371493500803,0.9327247173552611,0.05,,False,1.5296974181961849,-0.6343409733008505,,,,,,,,,,,,,,
US_DEFENSE_AEROSPACE,GD,LHX,General Dynamics Corporation,"L3Harris Technologies, Inc.",-3.0339993581302718,0.03183898252435375,0.05,,False,0.6397726474445744,2.154404720665063,,,,,,,,,,,,,,
US_DEFENSE_AEROSPACE,GD,RTX,General Dynamics Corporation,RTX Corporation,-2.9440341854903163,0.04046183058367577,0.05,,False,0.5136099438972223,3.1522647446425984,,,,,,,,,,,,,,
US_DEFENSE_AEROSPACE,LHX,RTX,"L3Harris Technologies, Inc.",RTX Corporation,-2.3528231372633734,0.1554966314621249,0.05,,False,0.8350398392759636,1.3995161319430656,,,,,,,,,,,,,,
US_DEFENSE_AEROSPACE,LHX,NOC,"L3Harris Technologies, Inc.",Northrop Grumman Corporation,-2.294839537009188,0.17363772565775187,0.05,,False,1.3219792623976416,-2.742458580314957,,,,,,,,,,,,,,
US_DEFENSE_AEROSPACE,LMT,NOC,Lockheed Martin Corporation,Northrop Grumman Corporation,-1.7363882740184817,0.41246833416556916,0.05,,False,0.7927759537810717,1.2247163692844794,,,,,,,,,,,,,,
US_DEFENSE_AEROSPACE,GD,NOC,General Dynamics Corporation,Northrop Grumman Corporation,-1.7058321750623027,0.42811009775688635,0.05,,False,0.8211910265741994,0.5539860229264093,,,,,,,,,,,,,,
US_DEFENSE_AEROSPACE,LHX,LMT,"L3Harris Technologies, Inc.",Lockheed Martin Corporation,-1.6630230981836738,0.45025766280617924,0.05,,False,1.8773509328610214,-6.084934546050156,,,,,,,,,,,,,,
US_DEFENSE_AEROSPACE,LMT,RTX,Lockheed Martin Corporation,RTX Corporation,-1.5651636559314082,0.5010653948364037,0.05,,False,0.32088596502979455,4.602414237518065,,,,,,,,,,,,,,
US_DEFENSE_AEROSPACE,GD,LMT,General Dynamics Corporation,Lockheed Martin Corporation,-1.491474895922869,0.5377242916581618,0.05,,False,0.9683688849165012,-0.2965015287743187,,,,,,,,,,,,,,
US_DEFENSE_AEROSPACE,NOC,RTX,Northrop Grumman Corporation,RTX Corporation,-0.8696353869436851,0.7978074191143081,0.05,,False,0.6241142599553378,3.170650021162105,,,,,,,,,,,,,,
US_GOLD_MINERS,AEM,KGC,Agnico Eagle Mines Limited,Kinross Gold Corporation,-2.881805954337692,0.047504993388290825,0.05,,False,0.7525690315492637,2.6942224656262397,,,,,,,,,,,,,,
US_GOLD_MINERS,AU,KGC,AngloGold Ashanti PLC,Kinross Gold Corporation,-2.7838479634028728,0.06061826904581742,0.05,,False,1.1174350061312845,0.7073789583741297,,,,,,,,,,,,,,
US_GOLD_MINERS,AEM,AU,Agnico Eagle Mines Limited,AngloGold Ashanti PLC,-2.437446912077501,0.1314449590764234,0.05,,False,0.671467710422907,2.2255565865306988,,,,,,,,,,,,,,
US_GOLD_MINERS,AU,NEM,AngloGold Ashanti PLC,Newmont Corporation,-2.420742567912885,0.13596734923816634,0.05,,False,1.4264134542061004,-2.1175228533227015,,,,,,,,,,,,,,
US_GOLD_MINERS,KGC,NEM,Kinross Gold Corporation,Newmont Corporation,-1.937466801947441,0.3146459169075171,0.05,,False,1.2794826863140314,-2.5404682851490556,,,,,,,,,,,,,,
US_GOLD_MINERS,AEM,NEM,Agnico Eagle Mines Limited,Newmont Corporation,-1.7820774619275868,0.38939533561793965,0.05,,False,0.9537519372214612,0.8205979801210033,,,,,,,,,,,,,,
US_GOLD_MINERS,GOLD,NEM,"Gold.com, Inc.",Newmont Corporation,-1.524622350384191,0.5212977653547801,0.05,,False,0.582618537481697,0.9719839655312659,,,,,,,,,,,,,,
US_GOLD_MINERS,AEM,GOLD,Agnico Eagle Mines Limited,"Gold.com, Inc.",-1.378145923709547,0.5927072439437868,0.05,,False,2.014603474715586,-2.057578156607666,,,,,,,,,,,,,,
US_GOLD_MINERS,AU,GOLD,AngloGold Ashanti PLC,"Gold.com, Inc.",-1.2930898146059135,0.6323277722086498,0.05,,False,3.697878704067658,-8.756466655174778,,,,,,,,,,,,,,
US_GOLD_MINERS,GOLD,KGC,"Gold.com, Inc.",Kinross Gold Corporation,-1.2668086009551531,0.6442173667505336,0.05,,False,0.2930807651823949,2.5848429277142264,,,,,,,,,,,,,,
US_HOMEBUILDERS,LEN,NVR,Lennar Corporation,"NVR, Inc.",-3.3415620365210636,0.013119835078890996,0.05,,False,1.7300568096120907,-10.680717373720515,,,,,,,,,,,,,,
US_HOMEBUILDERS,PHM,TOL,"PulteGroup, Inc.","Toll Brothers, Inc.",-2.5648669261978077,0.10047811538774826,0.05,,False,0.7747409070389987,0.9992637734977432,,,,,,,,,,,,,,
US_HOMEBUILDERS,DHI,PHM,"D.R. Horton, Inc.","PulteGroup, Inc.",-2.490489708554485,0.11780546243392703,0.05,,False,1.2298260768791691,-0.8729693931321529,,,,,,,,,,,,,,
US_HOMEBUILDERS,KBH,NVR,KB Home,"NVR, Inc.",-2.154416026279067,0.22320357302968286,0.05,,False,1.3456241750751838,-7.917802289126527,,,,,,,,,,,,,,
US_HOMEBUILDERS,KBH,MTH,KB Home,Meritage Homes Corporation,-1.9880398359889353,0.2918417109125295,0.05,,False,1.1820687654353532,-0.951617150042682,,,,,,,,,,,,,,
US_HOMEBUILDERS,DHI,MTH,"D.R. Horton, Inc.",Meritage Homes Corporation,-1.8751795796732058,0.34382597523456104,0.05,,False,0.9493803818943474,0.9245455392773394,,,,,,,,,,,,,,
US_HOMEBUILDERS,DHI,KBH,"D.R. Horton, Inc.",KB Home,-1.6509420024065191,0.4565491889069486,0.05,,False,0.7640618478797916,1.8498391026857064,,,,,,,,,,,,,,
US_HOMEBUILDERS,DHI,TOL,"D.R. Horton, Inc.","Toll Brothers, Inc.",-1.5899053375812606,0.488662404320089,0.05,,False,0.9485911829535323,0.3764347901511087,,,,,,,,,,,,,,
US_HOMEBUILDERS,MTH,PHM,Meritage Homes Corporation,"PulteGroup, Inc.",-1.5273396816583769,0.5199460593612817,0.05,,False,1.4533789551030607,-2.6473737101875017,,,,,,,,,,,,,,
US_HOMEBUILDERS,MTH,TOL,Meritage Homes Corporation,"Toll Brothers, Inc.",-1.4363727621281188,0.5647197542261966,0.05,,False,0.9950816438762159,-0.5574279598025536,,,,,,,,,,,,,,
US_HOMEBUILDERS,KBH,LEN,KB Home,Lennar Corporation,-1.268050361643323,0.6436596530766983,0.05,,False,0.7682959360587449,0.43510223340564247,,,,,,,,,,,,,,
US_HOMEBUILDERS,KBH,PHM,KB Home,"PulteGroup, Inc.",-1.2658672649459484,0.6446398773694337,0.05,,False,1.9147326438248888,-5.020001568905778,,,,,,,,,,,,,,
US_HOMEBUILDERS,LEN,PHM,Lennar Corporation,"PulteGroup, Inc.",-1.2170468360680047,0.6662199431942487,0.05,,False,3.4625512432630607,-11.731704451894739,,,,,,,,,,,,,,
US_HOMEBUILDERS,KBH,TOL,KB Home,"Toll Brothers, Inc.",-0.8936828259477922,0.7900456344659095,0.05,,False,1.3929524620289282,-2.6660223835074763,,,,,,,,,,,,,,
US_HOMEBUILDERS,DHI,LEN,"D.R. Horton, Inc.",Lennar Corporation,-0.8537085852082809,0.8028345545623193,0.05,,False,0.5031873365183892,2.584252436367017,,,,,,,,,,,,,,
US_HOMEBUILDERS,MTH,NVR,Meritage Homes Corporation,"NVR, Inc.",-0.784445632369512,0.8236484028032486,0.05,,False,1.1374089977517734,-5.884675013059698,,,,,,,,,,,,,,
US_HOMEBUILDERS,LEN,TOL,Lennar Corporation,"Toll Brothers, Inc.",-0.7760536628783122,0.8260551309523945,0.05,,False,3.3566233312089526,-11.554822029367891,,,,,,,,,,,,,,
US_HOMEBUILDERS,NVR,PHM,"NVR, Inc.","PulteGroup, Inc.",-0.5847596724001551,0.8743886642948958,0.05,,False,1.2875299946008023,2.7997574742329068,,,,,,,,,,,,,,
US_HOMEBUILDERS,DHI,NVR,"D.R. Horton, Inc.","NVR, Inc.",-0.5440010232099056,0.8831402529417204,0.05,,False,1.118505882453679,-5.008169724305721,,,,,,,,,,,,,,
US_HOMEBUILDERS,LEN,MTH,Lennar Corporation,Meritage Homes Corporation,-0.19175821538983595,0.939496912318099,0.05,,False,1.5800881288962072,-1.9830629970773233,,,,,,,,,,,,,,
US_HOMEBUILDERS,NVR,TOL,"NVR, Inc.","Toll Brothers, Inc.",0.17675729982619676,0.9709274346737712,0.05,,False,0.7096146828574229,5.488577495189649,,,,,,,,,,,,,,
US_INSURANCE,ALL,GL,Allstate Corporation (The),Globe Life Inc.,-4.815364885928385,5.082227202138062e-05,0.05,0.0016403313734142707,True,0.4512854411500373,3.09085855757881,7.770556465933691,0.0001434685882610384,-0.08920174296380438,23.0,-1.837607039392399,3.7946796158660714,True,2026-09-23 00:00:00,0.6,0.011217106430818602,0.49717804361150963,-0.29839804503869005,True,reversion signs agree
US_INSURANCE,AIG,PRU,"American International Group, I","Prudential Financial, Inc.",-4.731047631316452,7.354905108364679e-05,0.05,0.0016403313734142707,True,-0.6110815960239694,7.151627786571684,8.09885213633113,7.721354462926269e-05,-0.08558585450035747,24.0,-1.4186112193435854,2.6602013350290528,False,,0.6,-0.0035693562028192155,-0.5975098061858166,-0.3414812863844312,False,mixed signal
US_INSURANCE,ALL,TRV,Allstate Corporation (The),"The Travelers Companies, Inc.",-3.9591257539164477,0.0016403313734142707,0.05,0.0016403313734142707,True,0.6739190766281391,1.5217532635689364,6.993212904753415,0.0002089326492900709,-0.09911712827859144,21.0,-1.6967419193681408,3.102787434622128,True,2026-09-23 00:00:00,0.6,0.0033111873241697815,0.4866094499695628,-0.04843443141732906,True,reversion signs agree
US_INSURANCE,HIG,PRU,"The Hartford Insurance Group, I","Prudential Financial, Inc.",-3.6513861553702944,0.004851303025614287,0.05,0.0016403313734142707,False,-2.649054619380282,17.061192000024057,,,,,,,,,,,,,,
US_INSURANCE,ALL,PRU,Allstate Corporation (The),"Prudential Financial, Inc.",-3.4727974290415142,0.008713822797092485,0.05,0.0016403313734142707,False,-1.970047350782044,14.386919154684527,,,,,,,,,,,,,,
US_INSURANCE,AIG,UNM,"American International Group, I",Unum Group,-3.402923793696745,0.010859602583555561,0.05,0.0016403313734142707,False,0.21749997828707285,3.396487355916237,,,,,,,,,,,,,,
US_INSURANCE,GL,TRV,Globe Life Inc.,"The Travelers Companies, Inc.",-3.360896548538006,0.012366365088643088,0.05,0.0016403313734142707,False,1.4753463201131523,-3.377081854492636,,,,,,,,,,,,,,
US_INSURANCE,AFL,PRU,AFLAC Incorporated,"Prudential Financial, Inc.",-3.3542754197940368,0.012619955181780138,0.05,0.0016403313734142707,False,-0.9992335540681995,9.27750568293894,,,,,,,,,,,,,,
US_INSURANCE,AFL,TRV,AFLAC Incorporated,"The Travelers Companies, Inc.",-3.353973792166585,0.01263161658875631,0.05,0.0016403313734142707,False,0.49560622038801255,1.8980590957649603,,,,,,,,,,,,,,
US_INSURANCE,AFL,CB,AFLAC Incorporated,Chubb Limited,-3.348872620619051,0.01283028821304099,0.05,0.0016403313734142707,False,0.813334043393209,0.046689784012420965,,,,,,,,,,,,,,
US_INSURANCE,GL,PRU,Globe Life Inc.,"Prudential Financial, Inc.",-3.3163988586859734,0.014161170406477385,0.05,0.0016403313734142707,False,-5.752532273813106,31.454030920788632,,,,,,,,,,,,,,
US_INSURANCE,PRU,TRV,"Prudential Financial, Inc.","The Travelers Companies, Inc.",-3.314947513106312,0.014223399045373642,0.05,0.0016403313734142707,False,-0.26662666953204955,6.111330004208418,,,,,,,,,,,,,,
US_INSURANCE,PRU,UNM,"Prudential Financial, Inc.",Unum Group,-3.3120584804497324,0.014347989609647024,0.05,0.0016403313734142707,False,-0.1595432958450283,5.309451900349307,,,,,,,,,,,,,,
US_INSURANCE,AIG,GL,"American International Group, I",Globe Life Inc.,-3.2649747239465117,0.01651856625316876,0.05,0.0016403313734142707,False,0.16031133818605264,3.5498328346197794,,,,,,,,,,,,,,
US_INSURANCE,AFL,ALL,AFLAC Incorporated,Allstate Corporation (The),-3.2605525245745373,0.016736531364926234,0.05,0.0016403313734142707,False,0.7750288385313829,0.5703719762536767,,,,,,,,,,,,,,
US_INSURANCE,AIG,LNC,"American International Group, I",Lincoln National Corporation,-3.2378328960629292,0.017896582243482426,0.05,0.0016403313734142707,False,0.21083087539771372,3.5804803142359742,,,,,,,,,,,,,,
US_INSURANCE,AFL,GL,AFLAC Incorporated,Globe Life Inc.,-3.224274267360351,0.018621889842674957,0.05,0.0016403313734142707,False,0.3221282393828906,3.098959306549582,,,,,,,,,,,,,,
US_INSURANCE,AFL,PGR,AFLAC Incorporated,Progressive Corporation (The),-3.2023358783239244,0.01984986692809166,0.05,0.0016403313734142707,False,-0.14030684993205897,5.409473688890059,,,,,,,,,,,,,,
US_INSURANCE,MET,UNM,"MetLife, Inc.",Unum Group,-3.1883216072813525,0.02067070060184681,0.05,0.0016403313734142707,False,0.26615331744180565,3.1981999717925813,,,,,,,,,,,,,,
US_INSURANCE,GL,MET,Globe Life Inc.,"MetLife, Inc.",-3.1402377850336265,0.023715203107208007,0.05,0.0016403313734142707,False,5.27793670846037,-18.040711066749235,,,,,,,,,,,,,,
US_INSURANCE,AIG,PGR,"American International Group, I",Progressive Corporation (The),-3.12593255493772,0.024692642482347565,0.05,0.0016403313734142707,False,0.2854033440532101,2.7780406844467866,,,,,,,,,,,,,,
US_INSURANCE,AIG,HIG,"American International Group, I","The Hartford Insurance Group, I",-3.112406853160199,0.02564854657782071,0.05,0.0016403313734142707,False,0.3755948901725602,2.521166093948212,,,,,,,,,,,,,,
US_INSURANCE,MET,PGR,"MetLife, Inc.",Progressive Corporation (The),-3.0988558770879306,0.026637974644570392,0.05,0.0016403313734142707,False,0.22024383559501526,3.1392634657601137,,,,,,,,,,,,,,
US_INSURANCE,CB,PRU,Chubb Limited,"Prudential Financial, Inc.",-3.0977044954943707,0.026723533146189797,0.05,0.0016403313734142707,False,-1.8970727435852313,14.444937882437568,,,,,,,,,,,,,,
US_INSURANCE,HIG,PGR,"The Hartford Insurance Group, I",Progressive Corporation (The),-3.092111647300216,0.027142496374914112,0.05,0.0016403313734142707,False,-1.1689780998570136,11.118231628422837,,,,,,,,,,,,,,
US_INSURANCE,LNC,PRU,Lincoln National Corporation,"Prudential Financial, Inc.",-3.0795037192907593,0.02810765946106424,0.05,0.0016403313734142707,False,-23.016482801153735,110.09676265886847,,,,,,,,,,,,,,
US_INSURANCE,AIG,TRV,"American International Group, I","The Travelers Companies, Inc.",-3.0470487614106876,0.030728170000205987,0.05,0.0016403313734142707,False,0.2693247430628361,2.8262340122481526,,,,,,,,,,,,,,
US_INSURANCE,PGR,PRU,Progressive Corporation (The),"Prudential Financial, Inc.",-2.9405793708387282,0.040828585150767975,0.05,0.0016403313734142707,False,220.19543027614148,-1014.2243746672711,,,,,,,,,,,,,,
US_INSURANCE,CB,MET,Chubb Limited,"MetLife, Inc.",-2.930176435810672,0.04194974282949175,0.05,0.0016403313734142707,False,2.4000299193801093,-4.733423489674267,,,,,,,,,,,,,,
US_INSURANCE,AIG,ALL,"American International Group, I",Allstate Corporation (The),-2.8745202417318936,0.04839218889044861,0.05,0.0016403313734142707,False,0.4750571222397497,1.8210497466108624,,,,,,,,,,,,,,
US_INSURANCE,ALL,UNM,Allstate Corporation (The),Unum Group,-2.8451086537947403,0.05211360158239564,0.05,0.0016403313734142707,False,0.4754230349122141,3.241493611430663,,,,,,,,,,,,,,
US_INSURANCE,ALL,MET,Allstate Corporation (The),"MetLife, Inc.",-2.806528702885892,0.05734722406805077,0.05,0.0016403313734142707,False,1.6603253964335907,-1.9259214192408871,,,,,,,,,,,,,,
US_INSURANCE,PGR,TRV,Progressive Corporation (The),"The Travelers Companies, Inc.",-2.7895810157383867,0.059777527355124496,0.05,0.0016403313734142707,False,-0.3752908690822748,7.493833777606712,,,,,,,,,,,,,,
US_INSURANCE,HIG,LNC,"The Hartford Insurance Group, I",Lincoln National Corporation,-2.7834989887669033,0.0606697524536402,0.05,0.0016403313734142707,False,0.6602493008883347,2.4724528079766945,,,,,,,,,,,,,,
US_INSURANCE,AFL,LNC,AFLAC Incorporated,Lincoln National Corporation,-2.7349944451774073,0.06817597862743599,0.05,0.0016403313734142707,False,0.3032794748668945,3.583850052282507,,,,,,,,,,,,,,
US_INSURANCE,HIG,MET,"The Hartford Insurance Group, I","MetLife, Inc.",-2.7204309061166225,0.07056906471145633,0.05,0.0016403313734142707,False,3.603887004203238,-10.812826543059993,,,,,,,,,,,,,,
US_INSURANCE,CB,PGR,Chubb Limited,Progressive Corporation (The),-2.714282179393576,0.07159926779426158,0.05,0.0016403313734142707,False,-0.5077725886094874,8.40723037185554,,,,,,,,,,,,,,
US_INSURANCE,ALL,LNC,Allstate Corporation (The),Lincoln National Corporation,-2.70144824357867,0.07378799476285568,0.05,0.0016403313734142707,False,0.4689145497468372,3.6152962759017857,,,,,,,,,,,,,,
US_INSURANCE,MET,TRV,"MetLife, Inc.","The Travelers Companies, Inc.",-2.697408756445916,0.07448774171174186,0.05,0.0016403313734142707,False,0.2730988810988308,2.8140091016413793,,,,,,,,,,,,,,
US_INSURANCE,AFL,MET,AFLAC Incorporated,"MetLife, Inc.",-2.675636477201612,0.07834993867027137,0.05,0.0016403313734142707,False,1.1014803044047077,-0.11970897182398144,,,,,,,,,,,,,,
US_INSURANCE,LNC,PGR,Lincoln National Corporation,Progressive Corporation (The),-2.6667401941726303,0.07997260597424316,0.05,0.0016403313734142707,False,-3.4394874391106933,22.12323555369784,,,,,,,,,,,,,,
US_INSURANCE,AIG,CB,"American International Group, I",Chubb Limited,-2.6326125961465205,0.08644247437037422,0.05,0.0016403313734142707,False,0.36805681194167655,2.2386207515741434,,,,,,,,,,,,,,
US_INSURANCE,AFL,AIG,AFLAC Incorporated,"American International Group, I",-2.6324471685942448,0.08647479608396225,0.05,0.0016403313734142707,False,2.00785190495692,-4.027390551536856,,,,,,,,,,,,,,
US_INSURANCE,AFL,HIG,AFLAC Incorporated,"The Hartford Insurance Group, I",-2.6061162671257887,0.09173973696451726,0.05,0.0016403313734142707,False,0.5894642980364145,1.8242725935772937,,,,,,,,,,,,,,
US_INSURANCE,LNC,MET,Lincoln National Corporation,"MetLife, Inc.",-2.6037892954382857,0.0922166235139178,0.05,0.0016403313734142707,False,4.3319762945627085,-15.24352768636971,,,,,,,,,,,,,,
US_INSURANCE,AFL,UNM,AFLAC Incorporated,Unum Group,-2.5085946587615426,0.11339713178472671,0.05,0.0016403313734142707,False,0.2957549624662819,3.392014821177309,,,,,,,,,,,,,,
US_INSURANCE,GL,PGR,Globe Life Inc.,Progressive Corporation (The),-2.476217410419341,0.12136863244832324,0.05,0.0016403313734142707,False,-8.287216741834438,49.647047119274134,,,,,,,,,,,,,,
US_INSURANCE,LNC,TRV,Lincoln National Corporation,"The Travelers Companies, Inc.",-2.360770687134349,0.15311599220770467,0.05,0.0016403313734142707,False,1.2286540964192196,-3.3065310829589905,,,,,,,,,,,,,,
US_INSURANCE,CB,GL,Chubb Limited,Globe Life Inc.,-2.345755725894709,0.1576350141075819,0.05,0.0016403313734142707,False,0.3629332900978862,3.9123347030569775,,,,,,,,,,,,,,
US_INSURANCE,ALL,PGR,Allstate Corporation (The),Progressive Corporation (The),-2.2990145136787246,0.17228600746523093,0.05,0.0016403313734142707,False,0.016631064308142075,5.174476923078927,,,,,,,,,,,,,,
US_INSURANCE,GL,UNM,Globe Life Inc.,Unum Group,-2.2936951118680744,0.1740094873581069,0.05,0.0016403313734142707,False,1.1380603986620137,-0.026076265625165185,,,,,,,,,,,,,,
US_INSURANCE,MET,PRU,"MetLife, Inc.","Prudential Financial, Inc.",-2.286261975689503,0.17643704615952172,0.05,0.0016403313734142707,False,0.8800519912934429,0.2555399609235378,,,,,,,,,,,,,,
US_INSURANCE,GL,LNC,Globe Life Inc.,Lincoln National Corporation,-2.284377477370554,0.1770560596736669,0.05,0.0016403313734142707,False,1.3249777332683945,0.15655449485339012,,,,,,,,,,,,,,
US_INSURANCE,AIG,MET,"American International Group, I","MetLife, Inc.",-2.255189077032178,0.1868277193506357,0.05,0.0016403313734142707,False,0.5718503330860221,1.845451180675624,,,,,,,,,,,,,,
US_INSURANCE,ALL,CB,Allstate Corporation (The),Chubb Limited,-2.2035290169340365,0.20496712150469903,0.05,0.0016403313734142707,False,1.0627584751530548,-0.7511706791192339,,,,,,,,,,,,,,
US_INSURANCE,TRV,UNM,"The Travelers Companies, Inc.",Unum Group,-2.155016488132781,0.22297484329726136,0.05,0.0016403313734142707,False,0.7283661963438927,2.4543833415511367,,,,,,,,,,,,,,
US_INSURANCE,GL,HIG,Globe Life Inc.,"The Hartford Insurance Group, I",-2.0471625258698705,0.266284220860725,0.05,0.0016403313734142707,False,1.82012874006609,-3.9102027103528476,,,,,,,,,,,,,,
US_INSURANCE,CB,TRV,Chubb Limited,"The Travelers Companies, Inc.",-2.01994134893612,0.277898534795417,0.05,0.0016403313734142707,False,0.6103961875360528,2.2704692822349264,,,,,,,,,,,,,,
US_INSURANCE,HIG,TRV,"The Hartford Insurance Group, I","The Travelers Companies, Inc.",-1.9329433569418908,0.3167256926798601,0.05,0.0016403313734142707,False,0.8344174154800374,0.16047725305825367,,,,,,,,,,,,,,
US_INSURANCE,LNC,UNM,Lincoln National Corporation,Unum Group,-1.9088458133306572,0.3279112721577786,0.05,0.0016403313734142707,False,0.8338753566860899,-0.031236735117575964,,,,,,,,,,,,,,
US_INSURANCE,HIG,UNM,"The Hartford Insurance Group, I",Unum Group,-1.7670484036083776,0.396939553111582,0.05,0.0016403313734142707,False,0.5439016448432868,2.480184357917457,,,,,,,,,,,,,,
US_INSURANCE,CB,UNM,Chubb Limited,Unum Group,-1.682891385643057,0.439948205638428,0.05,0.0016403313734142707,False,0.32737126802745037,4.267395896240492,,,,,,,,,,,,,,
US_INSURANCE,PGR,UNM,Progressive Corporation (The),Unum Group,-1.6775932277367833,0.4426925177544936,0.05,0.0016403313734142707,False,0.1841983042161372,4.625836658185586,,,,,,,,,,,,,,
US_INSURANCE,CB,LNC,Chubb Limited,Lincoln National Corporation,-1.552296776907223,0.5075007253581801,0.05,0.0016403313734142707,False,0.3199375681043319,4.5351745757828725,,,,,,,,,,,,,,
US_INSURANCE,ALL,HIG,Allstate Corporation (The),"The Hartford Insurance Group, I",-1.290357919199382,0.6335719512049204,0.05,0.0016403313734142707,False,0.7976508150206054,1.4400953369650042,,,,,,,,,,,,,,
US_INSURANCE,CB,HIG,Chubb Limited,"The Hartford Insurance Group, I",-1.226996420329391,0.6618760767827578,0.05,0.0016403313734142707,False,0.7336407375709275,2.142926601136328,,,,,,,,,,,,,,
US_MEDIA_TELECOM,CMCSA,VZ,Comcast Corporation,Verizon Communications Inc.,-2.701102917328751,0.0738476105515763,0.05,,False,-1.8165488989024592,10.104983073534488,,,,,,,,,,,,,,
US_MEDIA_TELECOM,CHTR,TMUS,"Charter Communications, Inc.","T-Mobile US, Inc.",-2.5659242356918135,0.10024651540311647,0.05,,False,4.847625447476545,-20.342746813431216,,,,,,,,,,,,,,
US_MEDIA_TELECOM,CHTR,VZ,"Charter Communications, Inc.",Verizon Communications Inc.,-2.4962816717275356,0.11638165749492557,0.05,,False,-5.241852715858733,24.96737755816032,,,,,,,,,,,,,,
US_MEDIA_TELECOM,CMCSA,TMUS,Comcast Corporation,"T-Mobile US, Inc.",-2.359958743719034,0.1533580385081399,0.05,,False,1.5570390903320352,-4.9383984280048026,,,,,,,,,,,,,,
US_MEDIA_TELECOM,CHTR,T,"Charter Communications, Inc.",AT&T Inc.,-2.165982842574919,0.2188224899668399,0.05,,False,-7.671753520156765,29.86027242243422,,,,,,,,,,,,,,
US_MEDIA_TELECOM,CHTR,CMCSA,"Charter Communications, Inc.",Comcast Corporation,-2.051179113659967,0.26459309040038537,0.05,,False,2.8859728407241865,-4.192902888220201,,,,,,,,,,,,,,
US_MEDIA_TELECOM,TMUS,VZ,"T-Mobile US, Inc.",Verizon Communications Inc.,-1.735365003996213,0.41298960093705167,0.05,,False,-30.354519825822912,117.27513802320662,,,,,,,,,,,,,,
US_MEDIA_TELECOM,CMCSA,T,Comcast Corporation,AT&T Inc.,-1.73022374518669,0.41561140095716265,0.05,,False,-0.7587244730029711,5.802737515585086,,,,,,,,,,,,,,
US_MEDIA_TELECOM,T,TMUS,AT&T Inc.,"T-Mobile US, Inc.",-1.0631529279699337,0.7295402731909646,0.05,,False,1.4800802098658286,-4.776445093833615,,,,,,,,,,,,,,
US_MEDIA_TELECOM,T,VZ,AT&T Inc.,Verizon Communications Inc.,-0.9192805575324703,0.7815567638247993,0.05,,False,1.8901584879299937,-3.811947300807774,,,,,,,,,,,,,,
US_OIL_GAS,PSX,VLO,Phillips 66,Valero Energy Corporation,-3.7040262543216613,0.004056876377892774,0.05,,False,0.6197848716796649,1.7422688724378173,,,,,,,,,,,,,,
US_OIL_GAS,APA,DVN,APA Corporation,Devon Energy Corporation,-3.2479594759869626,0.01737110669033973,0.05,,False,1.7778394933744772,-3.245378389382189,,,,,,,,,,,,,,
US_OIL_GAS,FANG,OXY,"Diamondback Energy, Inc.",Occidental Petroleum Corporatio,-3.1590647904598903,0.022479844823912774,0.05,,False,1.0168122145099252,1.1438320143705667,,,,,,,,,,,,,,
US_OIL_GAS,EOG,OXY,"EOG Resources, Inc.",Occidental Petroleum Corporatio,-3.1099739925669336,0.025823819583438126,0.05,,False,0.5923606144653276,2.4789786191758125,,,,,,,,,,,,,,
US_OIL_GAS,DVN,XOM,Devon Energy Corporation,ExxonMobil Holdings Corporation,-3.0593480071705534,0.02971158268251005,0.05,,False,1.0726684578497367,-1.4933544241154837,,,,,,,,,,,,,,
US_OIL_GAS,APA,PSX,APA Corporation,Phillips 66,-3.015565697465124,0.033466108632586686,0.05,,False,1.725850503782089,-5.230706332425749,,,,,,,,,,,,,,
US_OIL_GAS,COP,DVN,ConocoPhillips,Devon Energy Corporation,-3.011174889048661,0.033863903169397906,0.05,,False,0.7442383196056013,1.903382859358894,,,,,,,,,,,,,,
US_OIL_GAS,PSX,XOM,Phillips 66,ExxonMobil Holdings Corporation,-2.9294217145018466,0.04203207081888898,0.05,,False,1.0935389573455652,-0.33362397903369434,,,,,,,,,,,,,,
US_OIL_GAS,COP,OXY,ConocoPhillips,Occidental Petroleum Corporatio,-2.763707990275516,0.06364773367686455,0.05,,False,0.8234663099909983,1.4072265788669522,,,,,,,,,,,,,,
US_OIL_GAS,MPC,VLO,Marathon Petroleum Corporation,Valero Energy Corporation,-2.682946036112539,0.07703612656106607,0.05,,False,0.7559392494001431,1.3389832384061053,,,,,,,,,,,,,,
US_OIL_GAS,COP,FANG,ConocoPhillips,"Diamondback Energy, Inc.",-2.677459982736732,0.07802054813758132,0.05,,False,0.8115134556037543,0.47246743634448674,,,,,,,,,,,,,,
US_OIL_GAS,COP,XOM,ConocoPhillips,ExxonMobil Holdings Corporation,-2.6451875373222222,0.08401284799518566,0.05,,False,0.7617645500123322,0.9656705053686045,,,,,,,,,,,,,,
US_OIL_GAS,APA,CVX,APA Corporation,Chevron Corporation,-2.549313140781471,0.10393212126530177,0.05,,False,2.4721476143861394,-9.233337184334607,,,,,,,,,,,,,,
US_OIL_GAS,OXY,XOM,Occidental Petroleum Corporatio,ExxonMobil Holdings Corporation,-2.485285229028559,0.11909576114905046,0.05,,False,0.920902033859199,-0.5164087754505045,,,,,,,,,,,,,,
US_OIL_GAS,DVN,VLO,Devon Energy Corporation,Valero Energy Corporation,-2.477041825258126,0.12116068677067615,0.05,,False,0.5219857541039331,0.9757083601872356,,,,,,,,,,,,,,
US_OIL_GAS,APA,XOM,APA Corporation,ExxonMobil Holdings Corporation,-2.4331906927161207,0.13258683518411918,0.05,,False,1.9602715350630717,-6.153290901379618,,,,,,,,,,,,,,
US_OIL_GAS,EOG,VLO,"EOG Resources, Inc.",Valero Energy Corporation,-2.4176179163382447,0.13682549787407078,0.05,,False,0.19316101713750716,3.7926670495664774,,,,,,,,,,,,,,
US_OIL_GAS,APA,COP,APA Corporation,ConocoPhillips,-2.412028477365057,0.13837020068410627,0.05,,False,2.4745534363766994,-8.18536728053728,,,,,,,,,,,,,,
US_OIL_GAS,CVX,XOM,Chevron Corporation,ExxonMobil Holdings Corporation,-2.3890445318676212,0.1448524133702242,0.05,,False,0.8342855669561826,1.0494570520361015,,,,,,,,,,,,,,
US_OIL_GAS,DVN,PSX,Devon Energy Corporation,Phillips 66,-2.3795400315424278,0.14759454284994517,0.05,,False,0.9676145846740292,-1.1014276069010092,,,,,,,,,,,,,,
US_OIL_GAS,MPC,PSX,Marathon Petroleum Corporation,Phillips 66,-2.3425322472928323,0.1586170327743403,0.05,,False,1.2253139314475996,-0.8134213226969562,,,,,,,,,,,,,,
US_OIL_GAS,OXY,VLO,Occidental Petroleum Corporatio,Valero Energy Corporation,-2.291084217551627,0.1748596146307676,0.05,,False,0.33897631770779674,2.1528297589903085,,,,,,,,,,,,,,
US_OIL_GAS,EOG,FANG,"EOG Resources, Inc.","Diamondback Energy, Inc.",-2.2861838350957076,0.17646268487434746,0.05,,False,0.5565332923247169,1.944556448160268,,,,,,,,,,,,,,
US_OIL_GAS,EOG,MPC,"EOG Resources, Inc.",Marathon Petroleum Corporation,-2.2796587897124945,0.1786123595507833,0.05,,False,0.27226480040637696,3.36440353921793,,,,,,,,,,,,,,
US_OIL_GAS,DVN,FANG,Devon Energy Corporation,"Diamondback Energy, Inc.",-2.263433603051286,0.18403261803337723,0.05,,False,1.0979707099587432,-1.9610532592766678,,,,,,,,,,,,,,
US_OIL_GAS,COP,EOG,ConocoPhillips,"EOG Resources, Inc.",-2.2449773011305107,0.19032793554561717,0.05,,False,1.3658722325147052,-1.9232549087196098,,,,,,,,,,,,,,
US_OIL_GAS,APA,VLO,APA Corporation,Valero Energy Corporation,-2.240451364810314,0.19189275285107027,0.05,,False,1.0510157320291753,-2.129972367242631,,,,,,,,,,,,,,
US_OIL_GAS,APA,OXY,APA Corporation,Occidental Petroleum Corporatio,-2.21764309569677,0.19990445834099968,0.05,,False,2.189483541014299,-5.288843053764898,,,,,,,,,,,,,,
US_OIL_GAS,COP,VLO,ConocoPhillips,Valero Energy Corporation,-2.1826393588115085,0.21260659363888657,0.05,,False,0.3538407809604717,2.8039310236235124,,,,,,,,,,,,,,
US_OIL_GAS,APA,FANG,APA Corporation,"Diamondback Energy, Inc.",-2.1712358828644134,0.21685027824481473,0.05,,False,2.0740182453255596,-7.350126220391109,,,,,,,,,,,,,,
US_OIL_GAS,APA,EOG,APA Corporation,"EOG Resources, Inc.",-2.1540649619379173,0.22333736718018338,0.05,,False,4.183920639593788,-16.775666634407084,,,,,,,,,,,,,,
US_OIL_GAS,VLO,XOM,Valero Energy Corporation,ExxonMobil Holdings Corporation,-2.1283407810953165,0.23327236192342282,0.05,,False,1.7952059846816821,-3.495824866872333,,,,,,,,,,,,,,
US_OIL_GAS,CVX,DVN,Chevron Corporation,Devon Energy Corporation,-2.1123585007658665,0.23957431165351922,0.05,,False,0.7257271169321264,2.3984603766627557,,,,,,,,,,,,,,
US_OIL_GAS,EOG,PSX,"EOG Resources, Inc.",Phillips 66,-2.1120771743405804,0.2396861216566939,0.05,,False,0.4168177764839543,2.7383499769224,,,,,,,,,,,,,,
US_OIL_GAS,FANG,XOM,"Diamondback Energy, Inc.",ExxonMobil Holdings Corporation,-2.099490350856586,0.24471958336404614,0.05,,False,0.9523496630640534,0.5428818774654385,,,,,,,,,,,,,,
US_OIL_GAS,CVX,PSX,Chevron Corporation,Phillips 66,-2.0988893629288867,0.24496142871762616,0.05,,False,0.7557409468013054,1.3389060847361578,,,,,,,,,,,,,,
US_OIL_GAS,DVN,MPC,Devon Energy Corporation,Marathon Petroleum Corporation,-2.0898113201113677,0.24863120808721334,0.05,,False,0.7323384222047444,-0.16404874807612657,,,,,,,,,,,,,,
US_OIL_GAS,COP,PSX,ConocoPhillips,Phillips 66,-2.0736027918088134,0.25526064625172606,0.05,,False,0.6813330791771756,1.2723316024855182,,,,,,,,,,,,,,
US_OIL_GAS,EOG,XOM,"EOG Resources, Inc.",ExxonMobil Holdings Corporation,-2.0537230191230162,0.2635250548440402,0.05,,False,0.4635933883328439,2.562289762758524,,,,,,,,,,,,,,
US_OIL_GAS,CVX,VLO,Chevron Corporation,Valero Energy Corporation,-2.0453857998763083,0.2670341583686537,0.05,,False,0.4595633814621489,2.7000789287551994,,,,,,,,,,,,,,
US_OIL_GAS,DVN,EOG,Devon Energy Corporation,"EOG Resources, Inc.",-2.0372815663592263,0.2704693572278002,0.05,,False,2.1025420426744894,-6.415292332735666,,,,,,,,,,,,,,
US_OIL_GAS,FANG,VLO,"Diamondback Energy, Inc.",Valero Energy Corporation,-2.0313995297025347,0.2729774192657184,0.05,,False,0.3779883470420183,3.1651520280862657,,,,,,,,,,,,,,
US_OIL_GAS,COP,CVX,ConocoPhillips,Chevron Corporation,-2.0230968121765205,0.27653866473626043,0.05,,False,0.9357569698446963,-0.10628428133139334,,,,,,,,,,,,,,
US_OIL_GAS,MPC,OXY,Marathon Petroleum Corporation,Occidental Petroleum Corporatio,-2.019220116428737,0.2782098488161361,0.05,,False,1.89177217712053,-2.156395955657344,,,,,,,,,,,,,,
US_OIL_GAS,DVN,OXY,Devon Energy Corporation,Occidental Petroleum Corporatio,-2.0101959349854064,0.282120508784075,0.05,,False,1.1216594242357505,-0.7253409761211445,,,,,,,,,,,,,,
US_OIL_GAS,CVX,OXY,Chevron Corporation,Occidental Petroleum Corporatio,-1.9754771775939486,0.2974279148334527,0.05,,False,0.7859480612745399,1.980393413741083,,,,,,,,,,,,,,
US_OIL_GAS,FANG,PSX,"Diamondback Energy, Inc.",Phillips 66,-1.9589920477510858,0.3048378889776255,0.05,,False,0.8438120045414228,0.9650830694472532,,,,,,,,,,,,,,
US_OIL_GAS,CVX,EOG,Chevron Corporation,"EOG Resources, Inc.",-1.9295033723674144,0.3183115840712357,0.05,,False,1.6226060741913042,-2.7182370863814844,,,,,,,,,,,,,,
US_OIL_GAS,COP,MPC,ConocoPhillips,Marathon Petroleum Corporation,-1.904411490146081,0.32998866099873714,0.05,,False,0.476129909726605,2.1357706489733035,,,,,,,,,,,,,,
US_OIL_GAS,OXY,PSX,Occidental Petroleum Corporatio,Phillips 66,-1.8542400923138087,0.353884487210786,0.05,,False,0.8135672306083466,-0.09657096925999786,,,,,,,,,,,,,,
US_OIL_GAS,MPC,XOM,Marathon Petroleum Corporation,ExxonMobil Holdings Corporation,-1.767150359686737,0.3968882175371036,0.05,,False,1.3777582352407913,-1.4019647784467395,,,,,,,,,,,,,,
US_OIL_GAS,FANG,MPC,"Diamondback Energy, Inc.",Marathon Petroleum Corporation,-1.7644781781269474,0.3982343681684727,0.05,,False,0.5650762519725101,2.160969473579795,,,,,,,,,,,,,,
US_OIL_GAS,APA,MPC,APA Corporation,Marathon Petroleum Corporation,-1.747084640896193,0.4070307367110187,0.05,,False,1.4473400797094835,-4.284835702786504,,,,,,,,,,,,,,
US_OIL_GAS,CVX,MPC,Chevron Corporation,Marathon Petroleum Corporation,-1.6637200434742636,0.4498952120762911,0.05,,False,0.5885007003303571,1.9860513493894958,,,,,,,,,,,,,,
US_OIL_GAS,CVX,FANG,Chevron Corporation,"Diamondback Energy, Inc.",-1.6357487048482242,0.46448307050275495,0.05,,False,0.7632879031082404,1.1452478503280465,,,,,,,,,,,,,,
US_PAYMENTS,AXP,SYF,American Express Company,Synchrony Financial,-2.983544885263363,0.0364599386664496,0.05,,False,0.6998484927838629,2.8021356179198214,,,,,,,,,,,,,,
US_PAYMENTS,SYF,V,Synchrony Financial,Visa Inc.,-1.7433914189833797,0.4089058678922932,0.05,,False,2.6769899755396986,-11.28775165636521,,,,,,,,,,,,,,
US_PAYMENTS,MA,SYF,Mastercard Incorporated,Synchrony Financial,-1.7040298467907236,0.42903738380037654,0.05,,False,0.2750356040234753,5.122662688037502,,,,,,,,,,,,,,
US_PAYMENTS,AXP,V,American Express Company,Visa Inc.,-1.6686724547668048,0.44732132434648625,0.05,,False,1.624879357519326,-3.664898578064422,,,,,,,,,,,,,,
US_PAYMENTS,AXP,MA,American Express Company,Mastercard Incorporated,-1.5217268193246842,0.5227373268741912,0.05,,False,2.1800952513600613,-7.950819960416682,,,,,,,,,,,,,,
US_PAYMENTS,MA,V,Mastercard Incorporated,Visa Inc.,-1.5067447202265363,0.5301722227964312,0.05,,False,0.8004667684052816,1.6481609970939095,,,,,,,,,,,,,,
US_PHARMA,MRK,PFE,"Merck & Company, Inc.","Pfizer, Inc.",-3.891947822041581,0.0020949123922233007,0.05,,False,2.6123409472899057,-3.7384975029847247,,,,,,,,,,,,,,
US_PHARMA,AMGN,LLY,Amgen Inc.,Eli Lilly and Company,-3.437743086589923,0.009737562871380187,0.05,,False,0.7146855497577982,0.87077212862875,,,,,,,,,,,,,,
US_PHARMA,BMY,MRK,Bristol-Myers Squibb Company,"Merck & Company, Inc.",-3.369459017450465,0.012045130928481156,0.05,,False,0.5137710627488814,1.5575897477424379,,,,,,,,,,,,,,
US_PHARMA,AMGN,JNJ,Amgen Inc.,Johnson & Johnson,-3.215032771822547,0.019130847490011274,0.05,,False,0.4865267276808869,3.1982073496715806,,,,,,,,,,,,,,
US_PHARMA,BMY,LLY,Bristol-Myers Squibb Company,Eli Lilly and Company,-3.1541761526322425,0.022795143741109747,0.05,,False,0.8022113357605045,-1.5284544630825483,,,,,,,,,,,,,,
US_PHARMA,ABBV,JNJ,AbbVie Inc.,Johnson & Johnson,-3.0575698743241437,0.02985675600273986,0.05,,False,0.5497962676267236,2.4312752174366943,,,,,,,,,,,,,,
US_PHARMA,LLY,MRK,Eli Lilly and Company,"Merck & Company, Inc.",-3.0541742938712235,0.030135664347004626,0.05,,False,0.7873580639671461,3.177449286492686,,,,,,,,,,,,,,
US_PHARMA,AMGN,PFE,Amgen Inc.,"Pfizer, Inc.",-3.0233890715020997,0.03276713793384651,0.05,,False,1.6858925695841234,0.3523863817395334,,,,,,,,,,,,,,
US_PHARMA,AMGN,MRK,Amgen Inc.,"Merck & Company, Inc.",-2.968872012437657,0.03790539921451732,0.05,,False,0.5524286694082625,3.188515680671414,,,,,,,,,,,,,,
US_PHARMA,JNJ,MRK,Johnson & Johnson,"Merck & Company, Inc.",-2.892033003299372,0.04628232560668464,0.05,,False,1.357669308228479,-1.0325299046197767,,,,,,,,,,,,,,
US_PHARMA,ABBV,LLY,AbbVie Inc.,Eli Lilly and Company,-2.8191341514912316,0.055592143653384114,0.05,,False,0.7340888261104346,0.29867464752569006,,,,,,,,,,,,,,
US_PHARMA,JNJ,LLY,Johnson & Johnson,Eli Lilly and Company,-2.801447664503823,0.058067276864629425,0.05,,False,1.6074497966424488,-5.720746693602292,,,,,,,,,,,,,,
US_PHARMA,JNJ,PFE,Johnson & Johnson,"Pfizer, Inc.",-2.722473081543788,0.07022952199633409,0.05,,False,4.605159612470404,-9.469283664522887,,,,,,,,,,,,,,
US_PHARMA,LLY,PFE,Eli Lilly and Company,"Pfizer, Inc.",-2.649270756424366,0.08323545207417854,0.05,,False,2.7572205025407515,-1.990091864812996,,,,,,,,,,,,,,
US_PHARMA,GILD,PFE,"Gilead Sciences, Inc.","Pfizer, Inc.",-2.5019909311122683,0.11499066093702653,0.05,,False,23.24909262757868,-69.18290462966874,,,,,,,,,,,,,,
US_PHARMA,BMY,PFE,Bristol-Myers Squibb Company,"Pfizer, Inc.",-2.4522016225790964,0.1275413939747358,0.05,,False,3.7758913434008896,-8.091402917700389,,,,,,,,,,,,,,
US_PHARMA,ABBV,AMGN,AbbVie Inc.,Amgen Inc.,-2.429644388900009,0.133543685142736,0.05,,False,1.165336900940829,-1.384218236474008,,,,,,,,,,,,,,
US_PHARMA,ABBV,PFE,AbbVie Inc.,"Pfizer, Inc.",-2.3066835432927926,0.16982145586595981,0.05,,False,3.451407116348992,-5.694760004085336,,,,,,,,,,,,,,
US_PHARMA,ABBV,GILD,AbbVie Inc.,"Gilead Sciences, Inc.",-2.2019873268154146,0.20552496271354087,0.05,,False,0.4537533046975306,3.157977610460067,,,,,,,,,,,,,,
US_PHARMA,ABBV,MRK,AbbVie Inc.,"Merck & Company, Inc.",-2.19101078160653,0.20952418681533286,0.05,,False,0.25542328408889187,4.101107134026977,,,,,,,,,,,,,,
US_PHARMA,BMY,JNJ,Bristol-Myers Squibb Company,Johnson & Johnson,-2.1088429127273614,0.24097372124924143,0.05,,False,0.47715748141856273,1.439414272571709,,,,,,,,,,,,,,
US_PHARMA,AMGN,BMY,Amgen Inc.,Bristol-Myers Squibb Company,-2.06309119887277,0.2596123536005168,0.05,,False,0.6710435724495101,3.0896144537773487,,,,,,,,,,,,,,
US_PHARMA,AMGN,GILD,Amgen Inc.,"Gilead Sciences, Inc.",-1.9655868993778138,0.30186281908893764,0.05,,False,0.28540123912795945,4.380570340936347,,,,,,,,,,,,,,
US_PHARMA,BMY,GILD,Bristol-Myers Squibb Company,"Gilead Sciences, Inc.",-1.9095507922723964,0.3275815420299333,0.05,,False,0.40162140667398083,2.0338024062175446,,,,,,,,,,,,,,
US_PHARMA,GILD,LLY,"Gilead Sciences, Inc.",Eli Lilly and Company,-1.791904665071595,0.38448814493942085,0.05,,False,3.0162666484875458,-15.762462059363195,,,,,,,,,,,,,,
US_PHARMA,ABBV,BMY,AbbVie Inc.,Bristol-Myers Squibb Company,-1.3802308692073664,0.5917161408811169,0.05,,False,0.7875984176355166,2.1943646455795256,,,,,,,,,,,,,,
US_PHARMA,GILD,MRK,"Gilead Sciences, Inc.","Merck & Company, Inc.",-1.2434026788860368,0.6546520283747129,0.05,,False,17.776547737653203,-76.36202841204098,,,,,,,,,,,,,,
US_PHARMA,GILD,JNJ,"Gilead Sciences, Inc.",Johnson & Johnson,-1.0668020877796855,0.7281277065253384,0.05,,False,1.185964902365723,-1.4690808719656037,,,,,,,,,,,,,,
US_RAILROADS,CNI,CP,Canadian National Railway Compa,Canadian Pacific Kansas City Li,-3.2118821413341587,0.019307114459748295,0.05,,False,1.2102838890678784,-0.64328850114065,,,,,,,,,,,,,,
US_RAILROADS,CNI,UNP,Canadian National Railway Compa,Union Pacific Corporation,-3.1454018767769245,0.023370652870849214,0.05,,False,1.2083746887027744,-1.9506412132968354,,,,,,,,,,,,,,
US_RAILROADS,CSX,UNP,CSX Corporation,Union Pacific Corporation,-3.125727134831506,0.024706927434105193,0.05,,False,2.2768645669989818,-8.843239149133666,,,,,,,,,,,,,,
US_RAILROADS,CP,UNP,Canadian Pacific Kansas City Li,Union Pacific Corporation,-3.085158146451345,0.027671228029565065,0.05,,False,0.9489837640925344,-0.8112565521395121,,,,,,,,,,,,,,
US_RAILROADS,CP,CSX,Canadian Pacific Kansas City Li,CSX Corporation,-2.7097556268371794,0.07236527995038815,0.05,,False,0.34080404202760617,3.143778997787506,,,,,,,,,,,,,,
US_RAILROADS,CSX,NSC,CSX Corporation,Norfolk Southern Corporation,-2.3063896088730638,0.1699154762281223,0.05,,False,1.1025134028166992,-2.5872929981602883,,,,,,,,,,,,,,
US_RAILROADS,CNI,CSX,Canadian National Railway Compa,CSX Corporation,-2.2908241832815506,0.17494443525312448,0.05,,False,0.3417562259098701,3.412107335748222,,,,,,,,,,,,,,
US_RAILROADS,CP,NSC,Canadian Pacific Kansas City Li,Norfolk Southern Corporation,-2.204981020797868,0.20444260332819036,0.05,,False,0.2141781505769632,3.1603411042311764,,,,,,,,,,,,,,
US_RAILROADS,NSC,UNP,Norfolk Southern Corporation,Union Pacific Corporation,-1.8724507392086525,0.3451300388265879,0.05,,False,2.516132289877696,-8.12755754239333,,,,,,,,,,,,,,
US_RAILROADS,CNI,NSC,Canadian National Railway Compa,Norfolk Southern Corporation,-1.5290983948456025,0.5190708331275082,0.05,,False,0.02294996822051426,4.495310029378832,,,,,,,,,,,,,,
US_REIT,AMT,SPG,American Tower Corporation (REI,"Simon Property Group, Inc.",-3.7134948337588805,0.003927291957833081,0.05,,False,-0.5800375515774376,8.211047566085117,,,,,,,,,,,,,,
US_REIT,AMT,DLR,American Tower Corporation (REI,"Digital Realty Trust, Inc.",-3.2914831964332496,0.015263494741597593,0.05,,False,-0.6947594570029272,8.783386489771162,,,,,,,,,,,,,,
US_REIT,AMT,PLD,American Tower Corporation (REI,"Prologis, Inc.",-3.267726519015532,0.01638419438647719,0.05,,False,-0.5064760485357421,7.652199474651065,,,,,,,,,,,,,,
US_REIT,AMT,WELL,American Tower Corporation (REI,Welltower Inc.,-3.177183831402557,0.02134394049985352,0.05,,False,-0.2108042872762391,6.311355917600824,,,,,,,,,,,,,,
US_REIT,AMT,O,American Tower Corporation (REI,Realty Income Corporation,-2.9209254141682472,0.04296820816622083,0.05,,False,-1.395868001956873,10.839966874858952,,,,,,,,,,,,,,
US_REIT,AMT,EQIX,American Tower Corporation (REI,"Equinix, Inc.",-2.829522473708745,0.054178865913077655,0.05,,False,-0.3585164652148756,7.664278860735388,,,,,,,,,,,,,,
US_REIT,O,PLD,Realty Income Corporation,"Prologis, Inc.",-2.717466347574451,0.0710642883217551,0.05,,False,0.6093561873324038,1.1135943310182803,,,,,,,,,,,,,,
US_REIT,EQIX,PSA,"Equinix, Inc.",Public Storage,-2.6664701866725444,0.0800222633307216,0.05,,False,2.698395844802996,-8.510524081226869,,,,,,,,,,,,,,
US_REIT,DLR,SPG,"Digital Realty Trust, Inc.","Simon Property Group, Inc.",-2.509178907709054,0.11325694108499523,0.05,,False,0.7558716035515429,1.2273549259516643,,,,,,,,,,,,,,
US_REIT,DLR,O,"Digital Realty Trust, Inc.",Realty Income Corporation,-2.4516564418721383,0.1276841175673445,0.05,,False,1.476891087161455,-0.8279600724517016,,,,,,,,,,,,,,
US_REIT,PSA,WELL,Public Storage,Welltower Inc.,-2.33868346626337,0.15979504336449513,0.05,,False,-0.048210879484832,5.894577619699557,,,,,,,,,,,,,,
US_REIT,DLR,WELL,"Digital Realty Trust, Inc.",Welltower Inc.,-2.3134165612906172,0.16767736791481092,0.05,,False,0.2931090607094027,3.6101167901313294,,,,,,,,,,,,,,
US_REIT,DLR,PSA,"Digital Realty Trust, Inc.",Public Storage,-2.2717662980651108,0.18123562324481796,0.05,,False,3.249447056052777,-13.275559869882304,,,,,,,,,,,,,,
US_REIT,PSA,SPG,Public Storage,"Simon Property Group, Inc.",-2.268524658404874,0.1823203822953064,0.05,,False,0.10445439215627568,5.117856592757691,,,,,,,,,,,,,,
US_REIT,O,SPG,Realty Income Corporation,"Simon Property Group, Inc.",-2.2511098592407826,0.18822085953911,0.05,,False,0.5877658894975784,1.0036025523816199,,,,,,,,,,,,,,
US_REIT,O,WELL,Realty Income Corporation,Welltower Inc.,-2.195817622614307,0.20776691908661798,0.05,,False,0.2863330923460236,2.5618356375950704,,,,,,,,,,,,,,
US_REIT,PLD,PSA,"Prologis, Inc.",Public Storage,-2.1731189830683033,0.2161459441832238,0.05,,False,4.884632659653571,-22.858494228157376,,,,,,,,,,,,,,
US_REIT,DLR,PLD,"Digital Realty Trust, Inc.","Prologis, Inc.",-2.146464099856594,0.2262459968434818,0.05,,False,0.6493471877127086,2.0062283082558015,,,,,,,,,,,,,,
US_REIT,DLR,EQIX,"Digital Realty Trust, Inc.","Equinix, Inc.",-2.106419032562095,0.2419413225435058,0.05,,False,0.7679796669232171,-0.08716989167211064,,,,,,,,,,,,,,
US_REIT,EQIX,O,"Equinix, Inc.",Realty Income Corporation,-2.0149864916684446,0.2800409492243182,0.05,,False,2.223250693011138,-2.1670492496044576,,,,,,,,,,,,,,
US_REIT,EQIX,SPG,"Equinix, Inc.","Simon Property Group, Inc.",-1.9466012449820278,0.31046572908155146,0.05,,False,0.994551300764836,1.658963538181501,,,,,,,,,,,,,,
US_REIT,PLD,SPG,"Prologis, Inc.","Simon Property Group, Inc.",-1.927549400346546,0.31921403010158833,0.05,,False,0.991429333355145,-0.31771233876854943,,,,,,,,,,,,,,
US_REIT,SPG,WELL,"Simon Property Group, Inc.",Welltower Inc.,-1.9090535188846152,0.32781410950660117,0.05,,False,0.489236233971312,2.640614926524054,,,,,,,,,,,,,,
US_REIT,O,PSA,Realty Income Corporation,Public Storage,-1.8511794447538203,0.3553645338135594,0.05,,False,1.6706303008770675,-5.4354563987646785,,,,,,,,,,,,,,
US_REIT,PLD,WELL,"Prologis, Inc.",Welltower Inc.,-1.820251393854075,0.37045479510683543,0.05,,False,0.40724243203325666,2.6926651870808183,,,,,,,,,,,,,,
US_REIT,EQIX,PLD,"Equinix, Inc.","Prologis, Inc.",-1.776497561208618,0.3921908367645075,0.05,,False,1.0062122804413771,1.9631358828546324,,,,,,,,,,,,,,
US_REIT,AMT,PSA,American Tower Corporation (REI,Public Storage,-1.4981087470150132,0.5344467063927771,0.05,,False,1.7227387056336765,-4.487776561696555,,,,,,,,,,,,,,
US_REIT,EQIX,WELL,"Equinix, Inc.",Welltower Inc.,-1.221376018439302,0.6643333630970883,0.05,,False,0.2786839320028898,5.333683966278862,,,,,,,,,,,,,,
US_RETAIL,BBY,KR,"Best Buy Co., Inc.",Kroger Company (The),-3.8760116362069383,0.0022186551949906334,0.05,,False,-1.2104359525849497,9.253212841963652,,,,,,,,,,,,,,
US_RETAIL,BBY,COST,"Best Buy Co., Inc.",Costco Wholesale Corporation,-3.4374118601006183,0.009747728858375805,0.05,,False,-3.4082071551660986,27.592463256306264,,,,,,,,,,,,,,
US_RETAIL,COST,KR,Costco Wholesale Corporation,Kroger Company (The),-3.1994930564785706,0.020014041858847163,0.05,,False,0.47258435625282486,4.8964627316440446,,,,,,,,,,,,,,
US_RETAIL,BBY,DLTR,"Best Buy Co., Inc.","Dollar Tree, Inc.",-3.1660792418444195,0.022034036725750047,0.05,,False,-0.35088379736602443,5.848800007530494,,,,,,,,,,,,,,
US_RETAIL,BBY,DG,"Best Buy Co., Inc.",Dollar General Corporation,-3.1337853338867268,0.024151869122065003,0.05,,False,-0.3709886006626472,5.969741510118638,,,,,,,,,,,,,,
US_RETAIL,DG,WMT,Dollar General Corporation,Walmart Inc.,-3.11480177407049,0.025477006993219246,0.05,,False,1.5502730239755635,-2.4863758608877324,,,,,,,,,,,,,,
US_RETAIL,BBY,WMT,"Best Buy Co., Inc.",Walmart Inc.,-2.9793362764548905,0.03686971357090907,0.05,,False,-0.5323082950645385,6.696143742391815,,,,,,,,,,,,,,
US_RETAIL,DG,DLTR,Dollar General Corporation,"Dollar Tree, Inc.",-2.9735174299116665,0.03744264773090921,0.05,,False,1.0348726737822058,-0.07735810337335636,,,,,,,,,,,,,,
US_RETAIL,TJX,WMT,"TJX Companies, Inc. (The)",Walmart Inc.,-2.920952748807765,0.042965168786451575,0.05,,False,0.7032965887477661,1.6571936039610269,,,,,,,,,,,,,,
US_RETAIL,COST,ROST,Costco Wholesale Corporation,"Ross Stores, Inc.",-2.852891322370257,0.051106751250466376,0.05,,False,0.11397924009174693,6.268790698848653,,,,,,,,,,,,,,
US_RETAIL,DLTR,WMT,"Dollar Tree, Inc.",Walmart Inc.,-2.849262739551169,0.05157417998839517,0.05,,False,1.3944262512808445,-1.853625283149217,,,,,,,,,,,,,,
US_RETAIL,DG,KR,Dollar General Corporation,Kroger Company (The),-2.8300633171743637,0.0541060977041547,0.05,,False,6.129274452865688,-20.676127656890664,,,,,,,,,,,,,,
US_RETAIL,DLTR,KR,"Dollar Tree, Inc.",Kroger Company (The),-2.810342795135066,0.05681149386465437,0.05,,False,4.734644255186796,-15.003346224230679,,,,,,,,,,,,,,
US_RETAIL,COST,TGT,Costco Wholesale Corporation,Target Corporation,-2.7976895453603086,0.05860455873403567,0.05,,False,-0.08960015950330942,7.2677176150091025,,,,,,,,,,,,,,
US_RETAIL,DLTR,TJX,"Dollar Tree, Inc.","TJX Companies, Inc. (The)",-2.786315103465987,0.06025530370354386,0.05,,False,2.0756334914171277,-5.592508313186483,,,,,,,,,,,,,,
US_RETAIL,COST,DLTR,Costco Wholesale Corporation,"Dollar Tree, Inc.",-2.775038564112255,0.06192874210670073,0.05,,False,0.010590617405726454,6.798081547930106,,,,,,,,,,,,,,
US_RETAIL,COST,DG,Costco Wholesale Corporation,Dollar General Corporation,-2.7613305619017514,0.06401324430375865,0.05,,False,-0.002266769827406539,6.85649237497286,,,,,,,,,,,,,,
US_RETAIL,COST,WMT,Costco Wholesale Corporation,Walmart Inc.,-2.724999907755915,0.06981119870346561,0.05,,False,0.240488916891637,5.745307421929945,,,,,,,,,,,,,,
US_RETAIL,KR,TGT,Kroger Company (The),Target Corporation,-2.716997925486597,0.07114278924083359,0.05,,False,-0.4894713965326024,6.428897025832407,,,,,,,,,,,,,,
US_RETAIL,DG,TJX,Dollar General Corporation,"TJX Companies, Inc. (The)",-2.6762642755229695,0.0782364127489263,0.05,,False,2.287722685600694,-6.546133218451071,,,,,,,,,,,,,,
US_RETAIL,COST,TJX,Costco Wholesale Corporation,"TJX Companies, Inc. (The)",-2.588075301074486,0.09548699149828155,0.05,,False,0.25141727563139327,5.620073769717472,,,,,,,,,,,,,,
US_RETAIL,BBY,TJX,"Best Buy Co., Inc.","TJX Companies, Inc. (The)",-2.5852640523836308,0.09608129589521702,0.05,,False,-0.8880668616495226,8.590151636089765,,,,,,,,,,,,,,
US_RETAIL,KR,ROST,Kroger Company (The),"Ross Stores, Inc.",-2.3520664270984697,0.1557246259776227,0.05,,False,0.21968767419521107,3.0127427132425293,,,,,,,,,,,,,,
US_RETAIL,ROST,WMT,"Ross Stores, Inc.",Walmart Inc.,-2.325284162345412,0.1639429357582063,0.05,,False,0.9975722417811824,0.4985817994941746,,,,,,,,,,,,,,
US_RETAIL,BBY,TGT,"Best Buy Co., Inc.",Target Corporation,-2.2697402561490954,0.1819131039495252,0.05,,False,0.5132041831268124,1.844500911232942,,,,,,,,,,,,,,
US_RETAIL,BBY,ROST,"Best Buy Co., Inc.","Ross Stores, Inc.",-2.262137098655849,0.18447034021006808,0.05,,False,-0.375825809451235,6.163114853780075,,,,,,,,,,,,,,
US_RETAIL,KR,WMT,Kroger Company (The),Walmart Inc.,-2.1008257819453156,0.24418268010678607,0.05,,False,0.5003910412980407,1.8350324912279388,,,,,,,,,,,,,,
US_RETAIL,KR,TJX,Kroger Company (The),"TJX Companies, Inc. (The)",-1.865796179963862,0.34831870996191366,0.05,,False,0.7198030289253947,0.6154311906037426,,,,,,,,,,,,,,
US_RETAIL,ROST,TJX,"Ross Stores, Inc.","TJX Companies, Inc. (The)",-1.8032401523950585,0.3788542386118779,0.05,,False,1.4597058289138989,-2.053323746857048,,,,,,,,,,,,,,
US_RETAIL,DG,ROST,Dollar General Corporation,"Ross Stores, Inc.",-1.782178317190315,0.3893448682112034,0.05,,False,1.4478752346579011,-2.7234885435083385,,,,,,,,,,,,,,
US_RETAIL,DG,TGT,Dollar General Corporation,Target Corporation,-1.776818876341666,0.39202968211851863,0.05,,False,-2.5791193537457944,16.747118937971383,,,,,,,,,,,,,,
US_RETAIL,DLTR,ROST,"Dollar Tree, Inc.","Ross Stores, Inc.",-1.7209591610575805,0.4203473208727991,0.05,,False,1.3800439602640282,-2.460526107314842,,,,,,,,,,,,,,
US_RETAIL,ROST,TGT,"Ross Stores, Inc.",Target Corporation,-1.5685972408638165,0.49934622077198193,0.05,,False,1.207552474567331,-0.6183988256262785,,,,,,,,,,,,,,
US_RETAIL,DLTR,TGT,"Dollar Tree, Inc.",Target Corporation,-1.5211920493413988,0.5230031062706018,0.05,,False,-1.8797495534503166,13.375193583175442,,,,,,,,,,,,,,
US_RETAIL,TGT,WMT,Target Corporation,Walmart Inc.,-1.1840206452843562,0.6804315794697514,0.05,,False,-0.9032313152824623,8.840330350141183,,,,,,,,,,,,,,
US_RETAIL,TGT,TJX,Target Corporation,"TJX Companies, Inc. (The)",-0.9632493507689327,0.7664312329970298,0.05,,False,-2.3335171185583725,16.08495285874212,,,,,,,,,,,,,,
US_SEMICONDUCTORS,NVDA,QCOM,NVIDIA Corporation,QUALCOMM Incorporated,-3.859585697192578,0.0023532479681612124,0.05,,False,4.505880613465981,-17.80324589624005,,,,,,,,,,,,,,
US_SEMICONDUCTORS,AVGO,NVDA,Broadcom Inc.,NVIDIA Corporation,-3.6236583402747438,0.005324509953080744,0.05,,False,1.6139049754513337,-2.5863706724419906,,,,,,,,,,,,,,
US_SEMICONDUCTORS,ADI,MU,"Analog Devices, Inc.","Micron Technology, Inc.",-3.413605595133012,0.010503710195896132,0.05,,False,0.29748636122875116,3.9865783566301927,,,,,,,,,,,,,,
US_SEMICONDUCTORS,MRVL,QCOM,"Marvell Technology, Inc.",QUALCOMM Incorporated,-3.246472471553415,0.01744741200511843,0.05,,False,4.805087785172891,-19.876556891031626,,,,,,,,,,,,,,
US_SEMICONDUCTORS,INTC,MU,Intel Corporation,"Micron Technology, Inc.",-3.1483391539316052,0.02317661279345705,0.05,,False,0.6977653157672439,-0.13213677401389168,,,,,,,,,,,,,,
US_SEMICONDUCTORS,ADI,INTC,"Analog Devices, Inc.",Intel Corporation,-3.0156621778276556,0.03345741240597114,0.05,,False,0.41402648593854807,4.0853268987244,,,,,,,,,,,,,,
US_SEMICONDUCTORS,AMD,QCOM,"Advanced Micro Devices, Inc.",QUALCOMM Incorporated,-2.9414493543363913,0.04073596920635704,0.05,,False,5.5384268728873085,-22.919762890274402,,,,,,,,,,,,,,
US_SEMICONDUCTORS,ON,QCOM,ON Semiconductor Corporation,QUALCOMM Incorporated,-2.8988770073835965,0.04547874216568488,0.05,,False,3.269935351484952,-12.465330882519694,,,,,,,,,,,,,,
US_SEMICONDUCTORS,INTC,QCOM,Intel Corporation,QUALCOMM Incorporated,-2.8500629138520126,0.05147080249241735,0.05,,False,8.307026848929167,-38.64998547569761,,,,,,,,,,,,,,
US_SEMICONDUCTORS,QCOM,TXN,QUALCOMM Incorporated,Texas Instruments Incorporated,-2.8458271201506546,0.05201997713271663,0.05,,False,0.6129531217919639,1.8441527660431398,,,,,,,,,,,,,,
US_SEMICONDUCTORS,MPWR,QCOM,"Monolithic Power Systems, Inc.",QUALCOMM Incorporated,-2.7785482871525633,0.0614039293199604,0.05,,False,4.958583942445172,-18.376900571553257,,,,,,,,,,,,,,
US_SEMICONDUCTORS,ADI,QCOM,"Analog Devices, Inc.",QUALCOMM Incorporated,-2.7749498159089567,0.06194205945348459,0.05,,False,3.919159140427808,-14.348221072103456,,,,,,,,,,,,,,
US_SEMICONDUCTORS,MU,QCOM,"Micron Technology, Inc.",QUALCOMM Incorporated,-2.7688711842175238,0.0628597121010848,0.05,,False,15.592275527003213,-73.88521170902285,,,,,,,,,,,,,,
US_SEMICONDUCTORS,AMD,INTC,"Advanced Micro Devices, Inc.",Intel Corporation,-2.6739531735042203,0.0786549718626473,0.05,,False,0.7899433577133378,2.424401674073786,,,,,,,,,,,,,,
US_SEMICONDUCTORS,AVGO,QCOM,Broadcom Inc.,QUALCOMM Incorporated,-2.6175139599217316,0.08943124414657527,0.05,,False,12.50498596273216,-57.83577364705812,,,,,,,,,,,,,,
US_SEMICONDUCTORS,MRVL,TXN,"Marvell Technology, Inc.",Texas Instruments Incorporated,-2.495399967853885,0.11659757789082542,0.05,,False,2.6514023017522237,-9.469858070826586,,,,,,,,,,,,,,
US_SEMICONDUCTORS,AVGO,SWKS,Broadcom Inc.,"Skyworks Solutions, Inc.",-2.363227187456483,0.15238530642495013,0.05,,False,-2.7853018885705767,17.448429549141427,,,,,,,,,,,,,,
US_SEMICONDUCTORS,NVDA,SWKS,NVIDIA Corporation,"Skyworks Solutions, Inc.",-2.337278441846368,0.16022657562207232,0.05,,False,-1.5248703089903195,11.554044043448418,,,,,,,,,,,,,,
US_SEMICONDUCTORS,ADI,AMD,"Analog Devices, Inc.","Advanced Micro Devices, Inc.",-2.2625755688453464,0.18432222888189154,0.05,,False,0.5047426522471539,2.9143500145988552,,,,,,,,,,,,,,
US_SEMICONDUCTORS,INTC,MPWR,Intel Corporation,"Monolithic Power Systems, Inc.",-2.2567039273532243,0.18631208166414992,0.05,,False,1.8537471806040424,-9.068062036523534,,,,,,,,,,,,,,
US_SEMICONDUCTORS,ON,TXN,ON Semiconductor Corporation,Texas Instruments Incorporated,-2.2369064401986973,0.19312417402422055,0.05,,False,1.8372306122728346,-5.556471535842231,,,,,,,,,,,,,,
US_SEMICONDUCTORS,MU,TXN,"Micron Technology, Inc.",Texas Instruments Incorporated,-2.219853920993409,0.1991186980041631,0.05,,False,6.234894452335523,-27.66012613465076,,,,,,,,,,,,,,
US_SEMICONDUCTORS,INTC,SWKS,Intel Corporation,"Skyworks Solutions, Inc.",-2.2085437184127747,0.20315920645427932,0.05,,False,-8.930025701299,41.65462097173124,,,,,,,,,,,,,,
US_SEMICONDUCTORS,AMD,TXN,"Advanced Micro Devices, Inc.",Texas Instruments Incorporated,-2.1838367114262747,0.21216400992586665,0.05,,False,3.266797345770104,-12.032995797956204,,,,,,,,,,,,,,
US_SEMICONDUCTORS,MU,SWKS,"Micron Technology, Inc.","Skyworks Solutions, Inc.",-2.181282781988783,0.21310872169766842,0.05,,False,-10.036752661943897,48.0713147858188,,,,,,,,,,,,,,
US_SEMICONDUCTORS,INTC,TXN,Intel Corporation,Texas Instruments Incorporated,-2.1717357906144756,0.21666316123108487,0.05,,False,4.075732219453111,-17.98762475005629,,,,,,,,,,,,,,
US_SEMICONDUCTORS,AMD,MU,"Advanced Micro Devices, Inc.","Micron Technology, Inc.",-2.16786728802966,0.21811373412589985,0.05,,False,0.5446133262042031,2.3537534121476766,,,,,,,,,,,,,,
US_SEMICONDUCTORS,ADI,MPWR,"Analog Devices, Inc.","Monolithic Power Systems, Inc.",-2.158860474047161,0.22151394174441658,0.05,,False,0.7353437482380171,0.5479539427701896,,,,,,,,,,,,,,
US_SEMICONDUCTORS,ADI,NVDA,"Analog Devices, Inc.",NVIDIA Corporation,-2.155439351624052,0.22281384995171338,0.05,,False,1.031116986888403,0.32544984925625897,,,,,,,,,,,,,,
US_SEMICONDUCTORS,ADI,SWKS,"Analog Devices, Inc.","Skyworks Solutions, Inc.",-2.1547652732344753,0.22307051958141194,0.05,,False,-1.7821968357861429,13.137062770709417,,,,,,,,,,,,,,
US_SEMICONDUCTORS,MPWR,SWKS,"Monolithic Power Systems, Inc.","Skyworks Solutions, Inc.",-2.152087118163354,0.22409204838937136,0.05,,False,-7.776544346023353,40.02460388703217,,,,,,,,,,,,,,
US_SEMICONDUCTORS,MPWR,NVDA,"Monolithic Power Systems, Inc.",NVIDIA Corporation,-2.136277549451157,0.23017955063546341,0.05,,False,1.4884415285120174,-0.7361955983443096,,,,,,,,,,,,,,
US_SEMICONDUCTORS,AMD,SWKS,"Advanced Micro Devices, Inc.","Skyworks Solutions, Inc.",-2.1180746908435353,0.2373090600263289,0.05,,False,-16.669218647326467,76.47076414115352,,,,,,,,,,,,,,
US_SEMICONDUCTORS,MRVL,SWKS,"Marvell Technology, Inc.","Skyworks Solutions, Inc.",-2.0721084138088646,0.2558768059400484,0.05,,False,-47.59898209806166,208.14307944169255,,,,,,,,,,,,,,
US_SEMICONDUCTORS,AMD,MPWR,"Advanced Micro Devices, Inc.","Monolithic Power Systems, Inc.",-2.0683932878902747,0.25741221695493477,0.05,,False,1.433816101748582,-4.532726364754419,,,,,,,,,,,,,,
US_SEMICONDUCTORS,INTC,MRVL,Intel Corporation,"Marvell Technology, Inc.",-2.0461490468584422,0.2667118594206626,0.05,,False,1.6382644303522154,-3.8825512211642836,,,,,,,,,,,,,,
US_SEMICONDUCTORS,QCOM,SWKS,QUALCOMM Incorporated,"Skyworks Solutions, Inc.",-2.0036065443351614,0.28499399759122235,0.05,,False,0.46216803942168055,3.0897069386179363,,,,,,,,,,,,,,
US_SEMICONDUCTORS,ADI,TXN,"Analog Devices, Inc.",Texas Instruments Incorporated,-1.972398019883581,0.29880517123083283,0.05,,False,1.4886138833075258,-2.3164181006446185,,,,,,,,,,,,,,
US_SEMICONDUCTORS,NVDA,ON,NVIDIA Corporation,ON Semiconductor Corporation,-1.8868383753366864,0.33827785999021764,0.05,,False,0.5542591146041109,2.7544259268942395,,,,,,,,,,,,,,
US_SEMICONDUCTORS,MRVL,ON,"Marvell Technology, Inc.",ON Semiconductor Corporation,-1.8389369451931508,0.36130900513000036,0.05,,False,1.413002573868404,-1.3272857455695624,,,,,,,,,,,,,,
US_SEMICONDUCTORS,AMD,ON,"Advanced Micro Devices, Inc.",ON Semiconductor Corporation,-1.8053422836773236,0.37781264229608785,0.05,,False,1.745410843582887,-2.018774197819533,,,,,,,,,,,,,,
US_SEMICONDUCTORS,AVGO,MPWR,Broadcom Inc.,"Monolithic Power Systems, Inc.",-1.7604725393358256,0.40025492881229435,0.05,,False,1.2294115899983669,-2.767620908979012,,,,,,,,,,,,,,
US_SEMICONDUCTORS,AMD,MRVL,"Advanced Micro Devices, Inc.","Marvell Technology, Inc.",-1.7553765343829415,0.40283004601530625,0.05,,False,1.2387119897045238,-0.3947293924396851,,,,,,,,,,,,,,
US_SEMICONDUCTORS,INTC,NVDA,Intel Corporation,NVIDIA Corporation,-1.754929163923033,0.4030563514968714,0.05,,False,2.9258498825330137,-11.270941467902597,,,,,,,,,,,,,,
US_SEMICONDUCTORS,MU,NVDA,"Micron Technology, Inc.",NVIDIA Corporation,-1.7304446590407707,0.4154986509040025,0.05,,False,3.9259013720930316,-14.619360123577565,,,,,,,,,,,,,,
US_SEMICONDUCTORS,MPWR,MU,"Monolithic Power Systems, Inc.","Micron Technology, Inc.",-1.689767734847297,0.4363920091395471,0.05,,False,0.3762887573343859,4.821077266897641,,,,,,,,,,,,,,
US_SEMICONDUCTORS,MPWR,ON,"Monolithic Power Systems, Inc.",ON Semiconductor Corporation,-1.6762926417115884,0.44336674395932246,0.05,,False,1.1133418758942186,2.1800837572489904,,,,,,,,,,,,,,
US_SEMICONDUCTORS,MU,ON,"Micron Technology, Inc.",ON Semiconductor Corporation,-1.6729099103309688,0.44512136092049953,0.05,,False,4.004028199355458,-11.308721407107495,,,,,,,,,,,,,,
US_SEMICONDUCTORS,INTC,ON,Intel Corporation,ON Semiconductor Corporation,-1.656778613002618,0.4535076193311641,0.05,,False,2.43498539598618,-6.549981706316878,,,,,,,,,,,,,,
US_SEMICONDUCTORS,MPWR,TXN,"Monolithic Power Systems, Inc.",Texas Instruments Incorporated,-1.6310121437091143,0.4669609611837207,0.05,,False,2.2390250375178367,-5.023970895668942,,,,,,,,,,,,,,
US_SEMICONDUCTORS,AVGO,INTC,Broadcom Inc.,Intel Corporation,-1.6293952993937262,0.46780725362172615,0.05,,False,0.572843043138997,3.5575507041223773,,,,,,,,,,,,,,
US_SEMICONDUCTORS,ON,SWKS,ON Semiconductor Corporation,"Skyworks Solutions, Inc.",-1.5949622799578451,0.48612362126384173,0.05,,False,2.5518065090781668,-6.814577488485819,,,,,,,,,,,,,,
US_SEMICONDUCTORS,AMD,NVDA,"Advanced Micro Devices, Inc.",NVIDIA Corporation,-1.5909030659209342,0.48816159186217817,0.05,,False,2.126987892957869,-5.552267979373763,,,,,,,,,,,,,,
US_SEMICONDUCTORS,ADI,AVGO,"Analog Devices, Inc.",Broadcom Inc.,-1.5406364457404313,0.5133219378967125,0.05,,False,0.5773524565967727,2.318231221896255,,,,,,,,,,,,,,
US_SEMICONDUCTORS,AVGO,MU,Broadcom Inc.,"Micron Technology, Inc.",-1.5401036532716827,0.513587660973813,0.05,,False,0.4030012725018533,3.46498891848261,,,,,,,,,,,,,,
US_SEMICONDUCTORS,ADI,MRVL,"Analog Devices, Inc.","Marvell Technology, Inc.",-1.472466550633856,0.5470851295794235,0.05,,False,0.5394393889661926,3.0987844657106636,,,,,,,,,,,,,,
US_SEMICONDUCTORS,NVDA,TXN,NVIDIA Corporation,Texas Instruments Incorporated,-1.4277799631372743,0.5688879976063794,0.05,,False,1.7647176616707843,-4.250214341220256,,,,,,,,,,,,,,
US_SEMICONDUCTORS,AMD,AVGO,"Advanced Micro Devices, Inc.",Broadcom Inc.,-1.3340688204710727,0.613445294720883,0.05,,False,1.2946324884868419,-2.0148976337636997,,,,,,,,,,,,,,
US_SEMICONDUCTORS,ADI,ON,"Analog Devices, Inc.",ON Semiconductor Corporation,-1.3235934533431974,0.6183103560291435,0.05,,False,0.7412219818165832,2.4690149698273274,,,,,,,,,,,,,,
US_SEMICONDUCTORS,AVGO,ON,Broadcom Inc.,ON Semiconductor Corporation,-1.2991643255501513,0.6295545489813775,0.05,,False,2.63758042361938,-5.295075743530811,,,,,,,,,,,,,,
US_SEMICONDUCTORS,MRVL,MU,"Marvell Technology, Inc.","Micron Technology, Inc.",-1.2346025814616473,0.6585363089791745,0.05,,False,0.3848741860630369,2.49961238788347,,,,,,,,,,,,,,
US_SEMICONDUCTORS,AVGO,TXN,Broadcom Inc.,Texas Instruments Incorporated,-1.093007597093697,0.7178523238081926,0.05,,False,4.2514764587938,-16.82532678071325,,,,,,,,,,,,,,
US_SEMICONDUCTORS,MRVL,NVDA,"Marvell Technology, Inc.",NVIDIA Corporation,-1.0897812329587555,0.7191297796545583,0.05,,False,2.1793390885982324,-6.488381582506342,,,,,,,,,,,,,,
US_SEMICONDUCTORS,MPWR,MRVL,"Monolithic Power Systems, Inc.","Marvell Technology, Inc.",-1.0635822607775385,0.7293743148949238,0.05,,False,0.7507120283885006,3.392314531887097,,,,,,,,,,,,,,
US_SEMICONDUCTORS,SWKS,TXN,"Skyworks Solutions, Inc.",Texas Instruments Incorporated,-0.6804175097383252,0.8517568522499963,0.05,,False,4.293823415078243,-18.29953072163735,,,,,,,,,,,,,,
US_SEMICONDUCTORS,AVGO,MRVL,Broadcom Inc.,"Marvell Technology, Inc.",-0.39055239926113383,0.9116642780779576,0.05,,False,0.9426342242205369,1.3148280107649883,,,,,,,,,,,,,,
US_STAPLES,CLX,PG,Clorox Company (The),Procter & Gamble Company (The),-4.458715884513442,0.00023332122503003696,0.05,0.00023332122503003696,True,3.3826790713585875,-12.226431730473763,9.022385111413143,-2.2859680354349185e-05,-0.07682527092344213,27.0,-1.1149124208586783,2.26596110516763,False,,0.6,-0.010202462899551241,0.13700588964001903,-0.07216593859095921,True,reversion signs agree
US_STAPLES,KHC,PG,The Kraft Heinz Company,Procter & Gamble Company (The),-3.863057385812793,0.0023241877110611606,0.05,0.00023332122503003696,False,2.480207140109312,-9.244239765493589,,,,,,,,,,,,,,
US_STAPLES,GIS,PG,"General Mills, Inc.",Procter & Gamble Company (The),-3.796842499919614,0.002939786062391022,0.05,0.00023332122503003696,False,4.459346274531918,-18.55344868294528,,,,,,,,,,,,,,
US_STAPLES,KMB,PG,Kimberly-Clark Corporation,Procter & Gamble Company (The),-3.6480749949112905,0.004905724704913305,0.05,0.00023332122503003696,False,2.5767837845642805,-8.221817895174592,,,,,,,,,,,,,,
US_STAPLES,KO,PG,Coca-Cola Company (The),Procter & Gamble Company (The),-3.4752805769939155,0.008645105014503966,0.05,0.00023332122503003696,False,-2.3981807942924234,16.287946185896722,,,,,,,,,,,,,,
US_STAPLES,HSY,PG,The Hershey Company,Procter & Gamble Company (The),-3.090203103229851,0.027286749245824627,0.05,0.00023332122503003696,False,-4.242972826273466,26.52632897775404,,,,,,,,,,,,,,
US_STAPLES,CHD,PG,"Church & Dwight Company, Inc.",Procter & Gamble Company (The),-2.9768377606920136,0.03711481196356614,0.05,0.00023332122503003696,False,1.4768177392013253,-2.866801972417223,,,,,,,,,,,,,,
US_STAPLES,HSY,KMB,The Hershey Company,Kimberly-Clark Corporation,-2.910191331959302,0.04417565473927866,0.05,0.00023332122503003696,False,-0.6694767949515433,8.34782369043577,,,,,,,,,,,,,,
US_STAPLES,CLX,GIS,Clorox Company (The),"General Mills, Inc.",-2.899767496690414,0.0453750411245867,0.05,0.00023332122503003696,False,0.8085440908285185,1.6528466202760201,,,,,,,,,,,,,,
US_STAPLES,CLX,KO,Clorox Company (The),Coca-Cola Company (The),-2.835909636820069,0.05332458341209805,0.05,0.00023332122503003696,False,-2.450336395536542,15.132168253730079,,,,,,,,,,,,,,
US_STAPLES,GIS,KO,"General Mills, Inc.",Coca-Cola Company (The),-2.7546589443527685,0.06504796376394209,0.05,0.00023332122503003696,False,-2.864662271578397,15.971660094299914,,,,,,,,,,,,,,
US_STAPLES,CLX,KHC,Clorox Company (The),The Kraft Heinz Company,-2.7124738044448535,0.07190451717502477,0.05,0.00023332122503003696,False,1.533805717693806,-0.16914463164356075,,,,,,,,,,,,,,
US_STAPLES,KHC,KMB,The Kraft Heinz Company,Kimberly-Clark Corporation,-2.691332582273489,0.07555015739653206,0.05,0.00023332122503003696,False,0.9247703777856416,-1.1513005194058747,,,,,,,,,,,,,,
US_STAPLES,HSY,KHC,The Hershey Company,The Kraft Heinz Company,-2.653795078423221,0.08238063217125025,0.05,0.00023332122503003696,False,-0.6382182877604241,7.236590970083781,,,,,,,,,,,,,,
US_STAPLES,CHD,HSY,"Church & Dwight Company, Inc.",The Hershey Company,-2.5979424183179316,0.09342327387021093,0.05,0.00023332122503003696,False,-0.32977206017488425,6.271473358867899,,,,,,,,,,,,,,
US_STAPLES,MDLZ,PG,"Mondelez International, Inc.",Procter & Gamble Company (The),-2.5642315122842056,0.10061749553759236,0.05,0.00023332122503003696,False,1.6507080422057414,-4.202965740656602,,,,,,,,,,,,,,
US_STAPLES,KHC,KO,The Kraft Heinz Company,Coca-Cola Company (The),-2.552381995529561,0.10324363109116486,0.05,0.00023332122503003696,False,-1.6016137305217253,9.993163533593108,,,,,,,,,,,,,,
US_STAPLES,KMB,MDLZ,Kimberly-Clark Corporation,"Mondelez International, Inc.",-2.4956052205911825,0.116547287171404,0.05,0.00023332122503003696,False,2.0873115968770426,-3.821972421476585,,,,,,,,,,,,,,
US_STAPLES,GIS,KHC,"General Mills, Inc.",The Kraft Heinz Company,-2.456898880026199,0.12631648264678497,0.05,0.00023332122503003696,False,1.8187984121709846,-2.000032489364881,,,,,,,,,,,,,,
US_STAPLES,CLX,HSY,Clorox Company (The),The Hershey Company,-2.44168878591722,0.13031399694786416,0.05,0.00023332122503003696,False,-2.8510141487152207,19.536508153782297,,,,,,,,,,,,,,
US_STAPLES,KMB,KO,Kimberly-Clark Corporation,Coca-Cola Company (The),-2.3923306681395444,0.14391273156200896,0.05,0.00023332122503003696,False,-1.7499518546864006,12.127154353531406,,,,,,,,,,,,,,
US_STAPLES,CHD,CL,"Church & Dwight Company, Inc.",Colgate-Palmolive Company,-2.366435041842718,0.15143478358027818,0.05,0.00023332122503003696,False,0.9788864822867115,0.19458185536319839,,,,,,,,,,,,,,
US_STAPLES,HSY,MDLZ,The Hershey Company,"Mondelez International, Inc.",-2.3512589422953853,0.15596817331680485,0.05,0.00023332122503003696,False,-8.281180922834638,39.17252908606562,,,,,,,,,,,,,,
US_STAPLES,GIS,HSY,"General Mills, Inc.",The Hershey Company,-2.340401699731323,0.15926839789247732,0.05,0.00023332122503003696,False,-4.016737096908405,24.654188540414623,,,,,,,,,,,,,,
US_STAPLES,HSY,PEP,The Hershey Company,"Pepsico, Inc.",-2.3322346631804267,0.16178227144823704,0.05,0.00023332122503003696,False,1.4873755045568033,-2.22182808386225,,,,,,,,,,,,,,
US_STAPLES,KO,MDLZ,Coca-Cola Company (The),"Mondelez International, Inc.",-2.3028113015850145,0.17106287390570046,0.05,0.00023332122503003696,False,-4.412840452451336,22.336160617461534,,,,,,,,,,,,,,
US_STAPLES,PEP,PG,"Pepsico, Inc.",Procter & Gamble Company (The),-2.2371853409592672,0.19302710659189787,0.05,0.00023332122503003696,False,4.080856378747782,-15.573000924792828,,,,,,,,,,,,,,
US_STAPLES,KHC,MDLZ,The Kraft Heinz Company,"Mondelez International, Inc.",-2.2200813540009596,0.1990379765253374,0.05,0.00023332122503003696,False,1.9563541573319791,-4.792796305752613,,,,,,,,,,,,,,
US_STAPLES,CL,MDLZ,Colgate-Palmolive Company,"Mondelez International, Inc.",-2.21146714584319,0.2021099005808289,0.05,0.00023332122503003696,False,1.0459296281548758,0.1719871110652278,,,,,,,,,,,,,,
US_STAPLES,CHD,KHC,"Church & Dwight Company, Inc.",The Kraft Heinz Company,-2.183932870362862,0.21212849095579867,0.05,0.00023332122503003696,False,0.4868563810302868,2.989451750653772,,,,,,,,,,,,,,
US_STAPLES,CHD,KO,"Church & Dwight Company, Inc.",Coca-Cola Company (The),-2.175675626246341,0.215191936091711,0.05,0.00023332122503003696,False,-0.616996246086719,7.168449615399206,,,,,,,,,,,,,,
US_STAPLES,CLX,KMB,Clorox Company (The),Kimberly-Clark Corporation,-2.150439565766938,0.22472187393213838,0.05,0.00023332122503003696,False,1.433804195380176,-2.008082933167567,,,,,,,,,,,,,,
US_STAPLES,CLX,MDLZ,Clorox Company (The),"Mondelez International, Inc.",-2.1418039632901835,0.22804048796752907,0.05,0.00023332122503003696,False,4.283013612699259,-12.785902164210043,,,,,,,,,,,,,,
US_STAPLES,KMB,PEP,Kimberly-Clark Corporation,"Pepsico, Inc.",-2.1340141700554245,0.23105905255276238,0.05,0.00023332122503003696,False,-10.435850443802478,56.60188530569625,,,,,,,,,,,,,,
US_STAPLES,CL,KO,Colgate-Palmolive Company,Coca-Cola Company (The),-2.0946434115919574,0.2466739608152554,0.05,0.00023332122503003696,False,-0.0544392746254437,4.696287851093659,,,,,,,,,,,,,,
US_STAPLES,CL,PG,Colgate-Palmolive Company,Procter & Gamble Company (The),-2.079273687119218,0.2529300045273486,0.05,0.00023332122503003696,False,1.587326070901861,-3.523338775064663,,,,,,,,,,,,,,
US_STAPLES,CHD,MDLZ,"Church & Dwight Company, Inc.","Mondelez International, Inc.",-2.058146169747772,0.2616736718903262,0.05,0.00023332122503003696,False,1.0367684982923908,0.30987720808591845,,,,,,,,,,,,,,
US_STAPLES,GIS,MDLZ,"General Mills, Inc.","Mondelez International, Inc.",-2.045453662471251,0.2670054932376689,0.05,0.00023332122503003696,False,5.02739799773223,-16.74989047191857,,,,,,,,,,,,,,
US_STAPLES,GIS,KMB,"General Mills, Inc.",Kimberly-Clark Corporation,-2.0299721480230364,0.27358791240062863,0.05,0.00023332122503003696,False,1.7662390294936279,-4.4941965556543195,,,,,,,,,,,,,,
US_STAPLES,CHD,KMB,"Church & Dwight Company, Inc.",Kimberly-Clark Corporation,-2.018975955825743,0.278315280256061,0.05,0.00023332122503003696,False,0.42363591709821724,2.555227955972807,,,,,,,,,,,,,,
US_STAPLES,CHD,GIS,"Church & Dwight Company, Inc.","General Mills, Inc.",-1.9770400677500775,0.2967300669905307,0.05,0.00023332122503003696,False,0.2028905742246685,3.777078591918574,,,,,,,,,,,,,,
US_STAPLES,CL,HSY,Colgate-Palmolive Company,The Hershey Company,-1.9597569647941957,0.3044920923596852,0.05,0.00023332122503003696,False,0.2033232844172742,3.415871163904743,,,,,,,,,,,,,,
US_STAPLES,CLX,PEP,Clorox Company (The),"Pepsico, Inc.",-1.9565097652200227,0.3059613645758639,0.05,0.00023332122503003696,False,11.157148981917342,-50.63603040932602,,,,,,,,,,,,,,
US_STAPLES,CHD,CLX,"Church & Dwight Company, Inc.",Clorox Company (The),-1.928761547347794,0.3186540586293706,0.05,0.00023332122503003696,False,0.3484749261026666,2.894036264111162,,,,,,,,,,,,,,
US_STAPLES,GIS,PEP,"General Mills, Inc.","Pepsico, Inc.",-1.9103029966633587,0.3272298871627848,0.05,0.00023332122503003696,False,12.311264284687923,-57.27794073690403,,,,,,,,,,,,,,
US_STAPLES,CL,CLX,Colgate-Palmolive Company,Clorox Company (The),-1.812499877129044,0.3742737479628146,0.05,0.00023332122503003696,False,0.2799508210079814,3.1227409126121963,,,,,,,,,,,,,,
US_STAPLES,HSY,KO,The Hershey Company,Coca-Cola Company (The),-1.77043130720807,0.39523736046790076,0.05,0.00023332122503003696,False,1.3047880605018367,-0.33278251225894273,,,,,,,,,,,,,,
US_STAPLES,CHD,PEP,"Church & Dwight Company, Inc.","Pepsico, Inc.",-1.6994792335862943,0.4313808113489591,0.05,0.00023332122503003696,False,0.8584147784636175,0.3017935755943695,,,,,,,,,,,,,,
US_STAPLES,KHC,PEP,The Kraft Heinz Company,"Pepsico, Inc.",-1.699274203067151,0.4314864680324585,0.05,0.00023332122503003696,False,2.781899960445056,-10.582190981401375,,,,,,,,,,,,,,
US_STAPLES,CL,GIS,Colgate-Palmolive Company,"General Mills, Inc.",-1.6937090817940819,0.43435662726224145,0.05,0.00023332122503003696,False,0.20769933388750858,3.658082857273913,,,,,,,,,,,,,,
US_STAPLES,CL,KMB,Colgate-Palmolive Company,Kimberly-Clark Corporation,-1.6868371597307354,0.43790680971604007,0.05,0.00023332122503003696,False,0.3951719870403191,2.5901272741708024,,,,,,,,,,,,,,
US_STAPLES,KO,PEP,Coca-Cola Company (The),"Pepsico, Inc.",-1.6076469233452235,0.4797511626845417,0.05,0.00023332122503003696,False,2.4126752830944738,-7.771683323954331,,,,,,,,,,,,,,
US_STAPLES,CL,KHC,Colgate-Palmolive Company,The Kraft Heinz Company,-1.5851845071339046,0.4910314268829597,0.05,0.00023332122503003696,False,0.5339222117720805,2.7366697175310266,,,,,,,,,,,,,,
US_STAPLES,MDLZ,PEP,"Mondelez International, Inc.","Pepsico, Inc.",-1.5599619194046912,0.5036684112183956,0.05,0.00023332122503003696,False,0.6500103984125682,0.8764449084429753,,,,,,,,,,,,,,
US_STAPLES,CL,PEP,Colgate-Palmolive Company,"Pepsico, Inc.",-1.5508261997960113,0.5082354724572489,0.05,0.00023332122503003696,False,0.9490192431166987,-0.2486690225040462,,,,,,,,,,,,,,
US_UTILITIES,PPL,WEC,PPL Corporation,"WEC Energy Group, Inc.",-4.752338360377513,6.703072624367193e-05,0.05,6.703072624367193e-05,True,0.8063673206718144,-0.21097395187959167,7.807610719753276,-8.294953959025558e-05,-0.08877839910822924,23.0,-2.442356602069698,2.553981950659564,False,,0.0,-0.011361343547083198,-0.1428559058708192,0.10473530076716964,False,still diverging
US_UTILITIES,ES,FE,Eversource Energy (D/B/A),FirstEnergy Corp.,-4.000428219864394,0.00140827062737128,0.05,6.703072624367193e-05,False,0.980932707199024,0.4650111505128507,,,,,,,,,,,,,,
US_UTILITIES,DUK,SO,Duke Energy Corporation (Holdin,Southern Company (The),-3.710480628944496,0.003968126697614052,0.05,6.703072624367193e-05,False,1.170899846593567,-0.4880145313893953,,,,,,,,,,,,,,
US_UTILITIES,PPL,XEL,PPL Corporation,Xcel Energy Inc.,-3.6894170953418106,0.004264498791024772,0.05,6.703072624367193e-05,False,0.7143347593530496,0.4859587089774542,,,,,,,,,,,,,,
US_UTILITIES,AEP,PEG,American Electric Power Company,Public Service Enterprise Group,-3.558332617416982,0.0066094428468849616,0.05,6.703072624367193e-05,False,10.843594758902572,-42.69469036860129,,,,,,,,,,,,,,
US_UTILITIES,FE,PEG,FirstEnergy Corp.,Public Service Enterprise Group,-3.466764287548938,0.008882828080287555,0.05,6.703072624367193e-05,False,5.4458402138759405,-20.05689406448141,,,,,,,,,,,,,,
US_UTILITIES,PEG,XEL,Public Service Enterprise Group,Xcel Energy Inc.,-3.4623217743338777,0.009009148357505149,0.05,6.703072624367193e-05,False,0.18092177191073555,3.6030098172799576,,,,,,,,,,,,,,
US_UTILITIES,ES,PEG,Eversource Energy (D/B/A),Public Service Enterprise Group,-3.4408598388758316,0.009642367041860769,0.05,6.703072624367193e-05,False,6.153179437641738,-22.751513051360504,,,,,,,,,,,,,,
US_UTILITIES,EXC,PEG,Exelon Corporation,Public Service Enterprise Group,-3.436555387650307,0.009774059680718743,0.05,6.703072624367193e-05,False,6.256876103373562,-23.609799267280565,,,,,,,,,,,,,,
US_UTILITIES,PEG,WEC,Public Service Enterprise Group,"WEC Energy Group, Inc.",-3.3868772062321666,0.011414444753707904,0.05,6.703072624367193e-05,False,0.20325182369719155,3.4310033357033043,,,,,,,,,,,,,,
US_UTILITIES,AEE,PEG,Ameren Corporation,Public Service Enterprise Group,-3.3774961188619,0.011750371626376531,0.05,6.703072624367193e-05,False,5.569426095386032,-19.783505138867344,,,,,,,,,,,,,,
US_UTILITIES,ED,PEG,"Consolidated Edison, Inc.",Public Service Enterprise Group,-3.357187193596989,0.012507871270254291,0.05,6.703072624367193e-05,False,4.047942890769151,-13.094031370064412,,,,,,,,,,,,,,
US_UTILITIES,D,PEG,"Dominion Energy, Inc.",Public Service Enterprise Group,-3.3539602773400783,0.012632139317138854,0.05,6.703072624367193e-05,False,3.9018232656304965,-13.03004741255845,,,,,,,,,,,,,,
US_UTILITIES,AEP,DUK,American Electric Power Company,Duke Energy Corporation (Holdin,-3.332525155003425,0.013485740459268269,0.05,6.703072624367193e-05,False,1.8350597618666342,-4.025640474322818,,,,,,,,,,,,,,
US_UTILITIES,DUK,EXC,Duke Energy Corporation (Holdin,Exelon Corporation,-3.2986209205737254,0.014940232035996944,0.05,6.703072624367193e-05,False,0.701290722240487,2.127546154423581,,,,,,,,,,,,,,
US_UTILITIES,PEG,PPL,Public Service Enterprise Group,PPL Corporation,-3.292230808725697,0.015229349550623321,0.05,6.703072624367193e-05,False,0.2957760763558796,3.3311378760954495,,,,,,,,,,,,,,
US_UTILITIES,EXC,WEC,Exelon Corporation,"WEC Energy Group, Inc.",-3.2601433548863983,0.016756825812120776,0.05,6.703072624367193e-05,False,0.9568947760950858,-0.6932892349438085,,,,,,,,,,,,,,
US_UTILITIES,AEP,D,American Electric Power Company,"Dominion Energy, Inc.",-3.260122923648653,0.01675783974863826,0.05,6.703072624367193e-05,False,1.5054350044565628,-1.3784541311102174,,,,,,,,,,,,,,
US_UTILITIES,DUK,PEG,Duke Energy Corporation (Holdin,Public Service Enterprise Group,-3.22968599866772,0.01832937123353164,0.05,6.703072624367193e-05,False,3.0411304472156293,-8.549068886496215,,,,,,,,,,,,,,
US_UTILITIES,DUK,PPL,Duke Energy Corporation (Holdin,PPL Corporation,-3.2146956364489547,0.019149641762331117,0.05,6.703072624367193e-05,False,0.8362775288612018,1.8026587339852584,,,,,,,,,,,,,,
US_UTILITIES,EXC,PPL,Exelon Corporation,PPL Corporation,-3.144047670139243,0.023460585113055113,0.05,6.703072624367193e-05,False,1.1939517082165612,-0.4684109039633064,,,,,,,,,,,,,,
US_UTILITIES,PEG,SO,Public Service Enterprise Group,Southern Company (The),-3.1364125238345273,0.02397324541445148,0.05,6.703072624367193e-05,False,0.4889232186398969,2.187625056083887,,,,,,,,,,,,,,
US_UTILITIES,WEC,XEL,"WEC Energy Group, Inc.",Xcel Energy Inc.,-3.099461441389912,0.02659306991225662,0.05,6.703072624367193e-05,False,0.8911201084602657,0.8421195673362107,,,,,,,,,,,,,,
US_UTILITIES,DUK,XEL,Duke Energy Corporation (Holdin,Xcel Energy Inc.,-3.0741361746888045,0.028527383598931883,0.05,6.703072624367193e-05,False,0.5876454345996722,2.2501477023342913,,,,,,,,,,,,,,
US_UTILITIES,AEP,ES,American Electric Power Company,Eversource Energy (D/B/A),-3.0464311784630183,0.0307799873790548,0.05,6.703072624367193e-05,False,1.5149500633004878,-1.582082195460809,,,,,,,,,,,,,,
US_UTILITIES,PPL,SO,PPL Corporation,Southern Company (The),-3.0305768956064782,0.032135898933463594,0.05,6.703072624367193e-05,False,1.4249045187976987,-2.849527359003198,,,,,,,,,,,,,,
US_UTILITIES,D,ES,"Dominion Energy, Inc.",Eversource Energy (D/B/A),-3.0245194716578276,0.032667174219614396,0.05,6.703072624367193e-05,False,0.9837719638537691,-0.04243459602725874,,,,,,,,,,,,,,
US_UTILITIES,DUK,ES,Duke Energy Corporation (Holdin,Eversource Energy (D/B/A),-3.012402059514515,0.03375232425588011,0.05,6.703072624367193e-05,False,0.7770197255744562,1.531421670225356,,,,,,,,,,,,,,
US_UTILITIES,DUK,WEC,Duke Energy Corporation (Holdin,"WEC Energy Group, Inc.",-2.950661359967697,0.03976601344242703,0.05,6.703072624367193e-05,False,0.6695091166128718,1.648494138067814,,,,,,,,,,,,,,
US_UTILITIES,ES,SO,Eversource Energy (D/B/A),Southern Company (The),-2.9141216376517614,0.043730315041233175,0.05,6.703072624367193e-05,False,1.5552591546653636,-2.814418925079279,,,,,,,,,,,,,,
US_UTILITIES,DUK,FE,Duke Energy Corporation (Holdin,FirstEnergy Corp.,-2.799981198544427,0.058276453773030076,0.05,6.703072624367193e-05,False,0.7708656150428596,1.860499659325443,,,,,,,,,,,,,,
US_UTILITIES,AEE,XEL,Ameren Corporation,Xcel Energy Inc.,-2.7062426246387097,0.0729642380160441,0.05,6.703072624367193e-05,False,0.9826805654031997,0.3884901145837256,,,,,,,,,,,,,,
US_UTILITIES,AEE,DUK,Ameren Corporation,Duke Energy Corporation (Holdin,-2.6754779615985176,0.07837862377750988,0.05,6.703072624367193e-05,False,1.6636353014535297,-3.3336098974422805,,,,,,,,,,,,,,
US_UTILITIES,AEE,PPL,Ameren Corporation,PPL Corporation,-2.662186992650996,0.0808132229287245,0.05,6.703072624367193e-05,False,1.3686483534402911,-0.25548294960410445,,,,,,,,,,,,,,
US_UTILITIES,AEP,SO,American Electric Power Company,Southern Company (The),-2.637377043004169,0.08551559548630694,0.05,6.703072624367193e-05,False,2.2760861981300486,-5.489016923505562,,,,,,,,,,,,,,
US_UTILITIES,AEP,FE,American Electric Power Company,FirstEnergy Corp.,-2.6308207313922334,0.08679307296911526,0.05,6.703072624367193e-05,False,1.452491668558631,-0.7526316668108457,,,,,,,,,,,,,,
US_UTILITIES,EXC,XEL,Exelon Corporation,Xcel Energy Inc.,-2.6281005767723427,0.08732740576740522,0.05,6.703072624367193e-05,False,0.8456989964800635,0.14211209978407124,,,,,,,,,,,,,,
US_UTILITIES,AEE,EXC,Ameren Corporation,Exelon Corporation,-2.614430638066604,0.09005127546486696,0.05,6.703072624367193e-05,False,1.155342531946524,0.24797224770982673,,,,,,,,,,,,,,
US_UTILITIES,D,FE,"Dominion Energy, Inc.",FirstEnergy Corp.,-2.6010242500873626,0.09278576050546372,0.05,6.703072624367193e-05,False,0.9650515321550943,0.4148909701872583,,,,,,,,,,,,,,
US_UTILITIES,AEE,SO,Ameren Corporation,Southern Company (The),-2.599784830629877,0.09304174672690102,0.05,6.703072624367193e-05,False,2.0305246672430366,-4.513490824927104,,,,,,,,,,,,,,
US_UTILITIES,D,SO,"Dominion Energy, Inc.",Southern Company (The),-2.5772093471287945,0.09779970903176588,0.05,6.703072624367193e-05,False,1.5002411867334056,-2.6784665169447575,,,,,,,,,,,,,,
US_UTILITIES,ED,ES,"Consolidated Edison, Inc.",Eversource Energy (D/B/A),-2.537650863730121,0.1065800975056348,0.05,6.703072624367193e-05,False,0.7032768770439703,1.6863610682095889,,,,,,,,,,,,,,
US_UTILITIES,SO,WEC,Southern Company (The),"WEC Energy Group, Inc.",-2.501749552395838,0.1150492199026747,0.05,6.703072624367193e-05,False,0.5595386314994324,1.88106663087511,,,,,,,,,,,,,,
US_UTILITIES,SO,XEL,Southern Company (The),Xcel Energy Inc.,-2.4841769048450524,0.11937187487663453,0.05,6.703072624367193e-05,False,0.4789182579254888,2.4353978757049846,,,,,,,,,,,,,,
US_UTILITIES,ES,XEL,Eversource Energy (D/B/A),Xcel Energy Inc.,-2.4693303721720348,0.12311600037958903,0.05,6.703072624367193e-05,False,0.7032424538427416,1.1488225187478256,,,,,,,,,,,,,,
US_UTILITIES,D,XEL,"Dominion Energy, Inc.",Xcel Energy Inc.,-2.441175498358506,0.1304504742585863,0.05,6.703072624367193e-05,False,0.7173287146919957,0.9801309874449182,,,,,,,,,,,,,,
US_UTILITIES,AEE,WEC,Ameren Corporation,"WEC Energy Group, Inc.",-2.4282526540547176,0.13392054881797144,0.05,6.703072624367193e-05,False,1.10032004868499,-0.528981180042627,,,,,,,,,,,,,,
US_UTILITIES,D,DUK,"Dominion Energy, Inc.",Duke Energy Corporation (Holdin,-2.4200142098363187,0.13616703947807396,0.05,6.703072624367193e-05,False,1.2485852792721637,-1.8985709890050497,,,,,,,,,,,,,,
US_UTILITIES,EXC,SO,Exelon Corporation,Southern Company (The),-2.389315413680221,0.14477479079594568,0.05,6.703072624367193e-05,False,1.7138645381028392,-3.9267506167305504,,,,,,,,,,,,,,
US_UTILITIES,FE,SO,FirstEnergy Corp.,Southern Company (The),-2.384277666907547,0.14622317945055796,0.05,6.703072624367193e-05,False,1.6004261186316253,-3.409739314855386,,,,,,,,,,,,,,
US_UTILITIES,AEE,D,Ameren Corporation,"Dominion Energy, Inc.",-2.348673580481005,0.15674971868593096,0.05,6.703072624367193e-05,False,1.3782098143524675,-0.9874427880023928,,,,,,,,,,,,,,
US_UTILITIES,D,PPL,"Dominion Energy, Inc.",PPL Corporation,-2.338457203633245,0.15986448265805414,0.05,6.703072624367193e-05,False,1.0348745471255463,0.3847214211153238,,,,,,,,,,,,,,
US_UTILITIES,AEE,AEP,Ameren Corporation,American Electric Power Company,-2.3344737112714165,0.1610903930428753,0.05,6.703072624367193e-05,False,0.8951407347274872,0.3692331871305603,,,,,,,,,,,,,,
US_UTILITIES,FE,XEL,FirstEnergy Corp.,Xcel Energy Inc.,-2.308798253987599,0.16914605933787397,0.05,6.703072624367193e-05,False,0.7313594414533302,0.6361294146048917,,,,,,,,,,,,,,
US_UTILITIES,AEP,ED,American Electric Power Company,"Consolidated Edison, Inc.",-2.266593976890007,0.18296847662920196,0.05,6.703072624367193e-05,False,2.065990116598045,-4.810900428743763,,,,,,,,,,,,,,
US_UTILITIES,ES,WEC,Eversource Energy (D/B/A),"WEC Energy Group, Inc.",-2.2653518854732217,0.18338622290228734,0.05,6.703072624367193e-05,False,0.798703500262701,0.4403524937529135,,,,,,,,,,,,,,
US_UTILITIES,AEP,PPL,American Electric Power Company,PPL Corporation,-2.2557216519112093,0.18664633100659583,0.05,6.703072624367193e-05,False,1.5772588878093818,-0.8669240501469719,,,,,,,,,,,,,,
US_UTILITIES,AEE,ES,Ameren Corporation,Eversource Energy (D/B/A),-2.2265081371645636,0.19676556869630346,0.05,6.703072624367193e-05,False,1.4312171921278667,-1.3562210343564427,,,,,,,,,,,,,,
US_UTILITIES,ES,PPL,Eversource Energy (D/B/A),PPL Corporation,-2.2236429565550093,0.19777659493680527,0.05,6.703072624367193e-05,False,1.0598713592040294,0.40645613898901267,,,,,,,,,,,,,,
US_UTILITIES,ES,EXC,Eversource Energy (D/B/A),Exelon Corporation,-2.2221413206424323,0.1983077931985981,0.05,6.703072624367193e-05,False,0.8459191210860553,0.977327256429974,,,,,,,,,,,,,,
US_UTILITIES,ED,SO,"Consolidated Edison, Inc.",Southern Company (The),-2.20758185643793,0.20350519780623738,0.05,6.703072624367193e-05,False,1.1588877794505952,-0.5831253000839434,,,,,,,,,,,,,,
US_UTILITIES,ED,EXC,"Consolidated Edison, Inc.",Exelon Corporation,-2.0836393259169816,0.2511439941409529,0.05,6.703072624367193e-05,False,0.6446151197593334,2.1892421395815798,,,,,,,,,,,,,,
US_UTILITIES,AEP,WEC,American Electric Power Company,"WEC Energy Group, Inc.",-2.0817624903999246,0.25191094397497205,0.05,6.703072624367193e-05,False,1.244795775864746,-1.0751538948540746,,,,,,,,,,,,,,
US_UTILITIES,ED,FE,"Consolidated Edison, Inc.",FirstEnergy Corp.,-2.0267208197503024,0.27498122158623706,0.05,6.703072624367193e-05,False,0.7101883847458165,1.9377421781656543,,,,,,,,,,,,,,
US_UTILITIES,AEE,ED,Ameren Corporation,"Consolidated Edison, Inc.",-1.9987618175246387,0.2871162627996934,0.05,6.703072624367193e-05,False,1.9141502955330607,-4.234080065493534,,,,,,,,,,,,,,
US_UTILITIES,FE,WEC,FirstEnergy Corp.,"WEC Energy Group, Inc.",-1.9937349504988482,0.28932684343615367,0.05,6.703072624367193e-05,False,0.8236472260895518,-0.06849173779909501,,,,,,,,,,,,,,
US_UTILITIES,AEE,FE,Ameren Corporation,FirstEnergy Corp.,-1.9890286377783395,0.29140428163378074,0.05,6.703072624367193e-05,False,1.3650230580746419,-0.5458563767829565,,,,,,,,,,,,,,
US_UTILITIES,D,WEC,"Dominion Energy, Inc.","WEC Energy Group, Inc.",-1.9717727019042424,0.299085250083274,0.05,6.703072624367193e-05,False,0.8056562417323866,0.2991071016128002,,,,,,,,,,,,,,
US_UTILITIES,ED,PPL,"Consolidated Edison, Inc.",PPL Corporation,-1.9609929190382478,0.30393375592206906,0.05,6.703072624367193e-05,False,0.7731603798088895,1.8749711043137527,,,,,,,,,,,,,,
US_UTILITIES,FE,PPL,FirstEnergy Corp.,PPL Corporation,-1.9181367390860753,0.32357770480245696,0.05,6.703072624367193e-05,False,1.0778050615785149,-0.05035326107029636,,,,,,,,,,,,,,
US_UTILITIES,D,ED,"Dominion Energy, Inc.","Consolidated Edison, Inc.",-1.896870271125182,0.3335348634049078,0.05,6.703072624367193e-05,False,1.3698945737877049,-2.2687669702263547,,,,,,,,,,,,,,
US_UTILITIES,DUK,ED,Duke Energy Corporation (Holdin,"Consolidated Edison, Inc.",-1.85338953044045,0.3542955488648066,0.05,6.703072624367193e-05,False,1.0336725459102711,-0.005630129980881193,,,,,,,,,,,,,,
US_UTILITIES,ED,WEC,"Consolidated Edison, Inc.","WEC Energy Group, Inc.",-1.8518227232100017,0.3550532575428904,0.05,6.703072624367193e-05,False,0.5945984282023518,1.844664000719558,,,,,,,,,,,,,,
US_UTILITIES,ED,XEL,"Consolidated Edison, Inc.",Xcel Energy Inc.,-1.8257142135544093,0.3677720826844314,0.05,6.703072624367193e-05,False,0.48495230669170686,2.5349094043049076,,,,,,,,,,,,,,
US_UTILITIES,AEP,XEL,American Electric Power Company,Xcel Energy Inc.,-1.8240603350554407,0.3685835140580196,0.05,6.703072624367193e-05,False,1.0964078548528147,0.027364882976079308,,,,,,,,,,,,,,
US_UTILITIES,EXC,FE,Exelon Corporation,FirstEnergy Corp.,-1.6139029605179454,0.47592715390968404,0.05,6.703072624367193e-05,False,1.1466737685027353,-0.5574897437355029,,,,,,,,,,,,,,
US_UTILITIES,AEP,EXC,American Electric Power Company,Exelon Corporation,-1.5435461981913863,0.5118703191586575,0.05,6.703072624367193e-05,False,1.2993081903057437,-0.16747807255514502,,,,,,,,,,,,,,
US_UTILITIES,D,EXC,"Dominion Energy, Inc.",Exelon Corporation,-1.0912741075365604,0.7185391159265058,0.05,6.703072624367193e-05,False,0.8385025309767251,0.8956105022720968,,,,,,,,,,,,,,
