sector,ticker_a,ticker_b,name_a,name_b,eg_adf_stat,eg_pvalue,fdr_level,bh_critical_pvalue,passes_bh,hedge_ratio_beta,intercept_alpha,half_life_days,ar1_alpha,ar1_beta,zscore_window,latest_zscore,max_abs_zscore,threshold_breached,breach_date,ar1_sign_agreement_recent,ar1_latest_residual,zscore_delta_latest,zscore_delta2_latest,zscore_turning_recent,momentum_read
CA_BANKS,BNS.TO,RY.TO,BANK OF NOVA SCOTIA,ROYAL BANK OF CANADA,-3.741646482094587,0.003564066698171379,0.05,,False,1.1140572516942189,-1.4590561883222675,,,,,,,,,,,,,,
CA_BANKS,NA.TO,RY.TO,NATIONAL BANK OF CANADA,ROYAL BANK OF CANADA,-3.115719774622489,0.025411516030997783,0.05,,False,1.099338149531044,-0.7874227293726159,,,,,,,,,,,,,,
CA_BANKS,BNS.TO,NA.TO,BANK OF NOVA SCOTIA,NATIONAL BANK OF CANADA,-2.636461117742643,0.08569317881722732,0.05,,False,1.0147431812061312,-0.6677793388845767,,,,,,,,,,,,,,
CA_BANKS,CM.TO,NA.TO,CANADIAN IMPERIAL BANK OF COMME,NATIONAL BANK OF CANADA,-2.603771555480664,0.09222026641549119,0.05,,False,1.2793807392632257,-1.7433973013352393,,,,,,,,,,,,,,
CA_BANKS,BNS.TO,CM.TO,BANK OF NOVA SCOTIA,CANADIAN IMPERIAL BANK OF COMME,-2.3922815957033223,0.14392673230016806,0.05,,False,0.7931481788644733,0.7150161617529665,,,,,,,,,,,,,,
CA_BANKS,BMO.TO,CM.TO,BANK OF MONTREAL,CANADIAN IMPERIAL BANK OF COMME,-2.298000825750607,0.17261355571860715,0.05,,False,0.8527654598382601,1.0929143485118376,,,,,,,,,,,,,,
CA_BANKS,RY.TO,TD.TO,ROYAL BANK OF CANADA,TORONTO-DOMINION BANK,-2.2906416683126167,0.17500398622941649,0.05,,False,0.7218830210967371,1.9146548938372132,,,,,,,,,,,,,,
CA_BANKS,BMO.TO,RY.TO,BANK OF MONTREAL,ROYAL BANK OF CANADA,-2.2292799217485766,0.1957906486162599,0.05,,False,1.2034935382602727,-1.2742551475252384,,,,,,,,,,,,,,
CA_BANKS,BMO.TO,TD.TO,BANK OF MONTREAL,TORONTO-DOMINION BANK,-2.167620585528695,0.21820644112158227,0.05,,False,0.8687298289545352,1.0302557146901856,,,,,,,,,,,,,,
CA_BANKS,BMO.TO,NA.TO,BANK OF MONTREAL,NATIONAL BANK OF CANADA,-2.063180809886978,0.2595750826381277,0.05,,False,1.0956955687453354,-0.4169307269774043,,,,,,,,,,,,,,
CA_BANKS,NA.TO,TD.TO,NATIONAL BANK OF CANADA,TORONTO-DOMINION BANK,-2.0321784712933777,0.27264457181417046,0.05,,False,0.7926357010294457,1.3218022002803291,,,,,,,,,,,,,,
CA_BANKS,CM.TO,TD.TO,CANADIAN IMPERIAL BANK OF COMME,TORONTO-DOMINION BANK,-2.0213536026579644,0.2772894787373871,0.05,,False,1.0218212713917747,-0.08762850649921816,,,,,,,,,,,,,,
CA_BANKS,BMO.TO,BNS.TO,BANK OF MONTREAL,BANK OF NOVA SCOTIA,-1.972483039555955,0.29876710107345633,0.05,,False,1.0779463077817744,0.3120717693119426,,,,,,,,,,,,,,
CA_BANKS,CM.TO,RY.TO,CANADIAN IMPERIAL BANK OF COMME,ROYAL BANK OF CANADA,-1.8227420951376414,0.36923075002028516,0.05,,False,1.4041229569829223,-2.7385732636589273,,,,,,,,,,,,,,
CA_BANKS,BNS.TO,TD.TO,BANK OF NOVA SCOTIA,TORONTO-DOMINION BANK,-1.6992697379890886,0.4314887690528848,0.05,,False,0.8037224939708346,0.6762451853073084,,,,,,,,,,,,,,
CA_ENERGY,CNQ.TO,SU.TO,CDN NATURAL RES,SUNCOR ENERGY INC.,-2.61514120518955,0.08990809318995502,0.05,,False,0.7610286976237766,0.7306083987815817,,,,,,,,,,,,,,
CA_ENERGY,CVE.TO,SU.TO,CENOVUS ENERGY INC.,SUNCOR ENERGY INC.,-2.3348938492557054,0.1609607939524479,0.05,,False,1.144702422201198,-1.4789837994608779,,,,,,,,,,,,,,
CA_ENERGY,CVE.TO,IMO.TO,CENOVUS ENERGY INC.,IMPERIAL OIL,-2.327458213174712,0.16326499914348858,0.05,,False,1.0295381205370109,-1.7258389822339244,,,,,,,,,,,,,,
CA_ENERGY,CNQ.TO,CVE.TO,CDN NATURAL RES,CENOVUS ENERGY INC.,-2.207851951615301,0.20340800437986256,0.05,,False,0.6700388181787363,1.6974806293725586,,,,,,,,,,,,,,
CA_ENERGY,CNQ.TO,IMO.TO,CDN NATURAL RES,IMPERIAL OIL,-2.1617701708685177,0.22041198611723312,0.05,,False,0.6678579533050334,0.6450697167392176,,,,,,,,,,,,,,
CA_ENERGY,IMO.TO,SU.TO,IMPERIAL OIL,SUNCOR ENERGY INC.,-1.859148596656095,0.3515160340254646,0.05,,False,1.1067153463701382,0.2605580027929415,,,,,,,,,,,,,,
CH_FINANCIALS,BAER.SW,UBSG.SW,JULIUS BAER N,UBS GROUP N,-2.9650773819604423,0.038286955397935904,0.05,,False,0.787449353094571,1.3430347149687085,,,,,,,,,,,,,,
CH_FINANCIALS,BAER.SW,ZURN.SW,JULIUS BAER N,ZURICH INSURANCE N,-2.7250203888650004,0.06980781611738249,0.05,,False,1.4547218991411834,-5.095319962417229,,,,,,,,,,,,,,
CH_FINANCIALS,BAER.SW,SLHN.SW,JULIUS BAER N,SWISS LIFE HOLDING AG N,-2.4486880324969214,0.12846325295665034,0.05,,False,0.8980577351926532,-1.960564324563304,,,,,,,,,,,,,,
CH_FINANCIALS,UBSG.SW,ZURN.SW,UBS GROUP N,ZURICH INSURANCE N,-2.297975613542378,0.1726217077352969,0.05,,False,2.0834486074643253,-9.649037630335064,,,,,,,,,,,,,,
CH_FINANCIALS,SLHN.SW,UBSG.SW,SWISS LIFE HOLDING AG N,UBS GROUP N,-2.208763923205127,0.20308004883335407,0.05,,False,0.8465982724836435,3.7798940550628517,,,,,,,,,,,,,,
CH_FINANCIALS,SLHN.SW,ZURN.SW,SWISS LIFE HOLDING AG N,ZURICH INSURANCE N,-2.178015396845741,0.21432112734906789,0.05,,False,1.5053948231148238,-2.7764775201824063,,,,,,,,,,,,,,
CH_PHARMA_LIFESCIENCE,LONN.SW,NOVN.SW,LONZA N,NOVARTIS N,-4.766780691147363,6.292827929316827e-05,0.05,6.292827929316827e-05,True,-0.2484135199899354,7.415780948904318,11.25453033054754,0.00033233998929220986,-0.061588281358891966,34.0,-1.1645469747280455,3.174883649363131,False,,0.0,0.014282721885006544,0.31295976368843315,0.12783498618723876,True,mixed signal
CONSUMER,ABF.L,DNLM.L,ASSOCIATED BRITISH FOODS PLC OR,DUNELM GROUP PLC ORD 1P,-4.021493238101315,0.0013020549840929685,0.05,0.005468511669894234,True,0.5857841532708865,3.569225802743701,12.63159455118496,-0.00021084333857795308,-0.05487408400825545,38.0,-1.885197340187213,4.047869163052843,False,,0.8,-0.013182980949321951,-0.6202508067913475,-0.4596129783493357,False,mixed signal
CONSUMER,EZJ.L,MKS.L,EASYJET PLC ORD 27 2/7P,MARKS AND SPENCER GROUP PLC ORD,-3.730021873269279,0.0037101485967782734,0.05,0.005468511669894234,True,3.2939732469096445,-13.170894044496368,16.59356241621785,-0.0012278681295463723,-0.041772053714185714,50.0,2.3817486192716877,2.3817486192716877,False,,0.2,0.09912241831096942,0.5447811237875604,0.16993597554839046,False,still diverging
CONSUMER,MKS.L,WTB.L,MARKS AND SPENCER GROUP PLC ORD,WHITBREAD PLC ORD 76 122/153P,-3.7262511785045533,0.003758699026257751,0.05,0.005468511669894234,True,0.26843353378429036,3.7434913131009315,17.665144091270754,0.0005365742040739435,-0.03923812774912289,53.0,-2.7735449401226373,2.7735449401226373,True,2026-09-18 00:00:00,0.8,-0.02088678480341117,-0.6622242195931811,-0.0745749461923868,False,mixed signal
CONSUMER,DOM.L,MKS.L,DOMINO'S PIZZA GROUP PLC ORD 25,MARKS AND SPENCER GROUP PLC ORD,-3.6926867130564167,0.004217205969499106,0.05,0.005468511669894234,True,340.78030450615734,-1995.668699930971,17.165109040099267,-0.15033716386175727,-0.04038116967044544,51.0,2.6157278642660287,2.6157278642660287,True,2026-09-18 00:00:00,0.8,8.93635915794309,0.6606538614189492,0.21199056289856144,False,mixed signal
CONSUMER,GRG.L,MKS.L,GREGGS PLC ORD 2P,MARKS AND SPENCER GROUP PLC ORD,-3.675880352613318,0.004465497506070057,0.05,0.005468511669894234,True,-55.12281100861016,331.2905481376425,17.137527724942895,0.02306586813763524,-0.040446159544419054,51.0,-2.5401715399165625,2.5401715399165625,True,2026-09-18 00:00:00,0.8,-1.4480656043706073,-0.6575793181651974,-0.23167401353034944,False,mixed signal
CONSUMER,MKS.L,PETS.L,MARKS AND SPENCER GROUP PLC ORD,PETS AT HOME GROUP PLC ORD 1P,-3.671688306381984,0.00452947379227246,0.05,0.005468511669894234,True,-0.033850590019102435,6.056563274662474,17.13765012261518,0.0004009068746389535,-0.040445870676590286,51.0,-2.5800608064234622,2.5800608064234622,True,2026-09-18 00:00:00,0.8,-0.027716681661562503,-0.7051460758532593,-0.2718958255569288,False,mixed signal
CONSUMER,DNLM.L,MKS.L,DUNELM GROUP PLC ORD 1P,MARKS AND SPENCER GROUP PLC ORD,-3.670489755363571,0.00454791840399808,0.05,0.005468511669894234,True,21.73812310515365,-120.6975096355892,17.448698111152883,-0.010114227597067649,-0.03972486521025305,52.0,2.584405476906372,2.584405476906372,True,2026-09-18 00:00:00,0.8,0.5532183694688836,0.6807403684788884,0.1779702549955906,False,mixed signal
CONSUMER,BME.L,MKS.L,B&M EUROPEAN VALUE RETAIL PLC O,MARKS AND SPENCER GROUP PLC ORD,-3.6686550089818133,0.004576286233760783,0.05,0.005468511669894234,True,-87.19422943593297,517.5952678536479,17.186845415639798,0.03644660391049209,-0.0403300992007056,52.0,-2.562836995987478,2.562836995987478,True,2026-09-18 00:00:00,0.8,-2.3352510195226506,-0.6582952977509846,-0.22391831314466026,False,mixed signal
CONSUMER,IHG.L,MKS.L,INTERCONTINENTAL HOTELS GROUP P,MARKS AND SPENCER GROUP PLC ORD,-3.630635829322522,0.005201634956615545,0.05,0.005468511669894234,True,11.35152361020725,-61.84708778387141,17.730326866409722,-0.004135428286746005,-0.03909387490611464,53.0,2.523421422132845,2.523421422132845,True,2026-09-18 00:00:00,0.6,0.29516907376269785,0.6408436438553742,0.1671186452297342,False,mixed signal
CONSUMER,DOM.L,TSCO.L,DOMINO'S PIZZA GROUP PLC ORD 25,TESCO PLC ORD 6 1/3P,-3.627190704949689,0.005261978318176877,0.05,0.005468511669894234,True,-1.9106634424404547,16.922344501793983,14.779574551550532,0.00038363201438636847,-0.04689899415861243,44.0,0.5921935404530071,2.811950662727234,False,,0.6,-0.01729103171050204,-0.43016569938026483,-0.9828435275437176,True,reversion signs agree
CONSUMER,ABF.L,MKS.L,ASSOCIATED BRITISH FOODS PLC OR,MARKS AND SPENCER GROUP PLC ORD,-3.6156650575923277,0.005468511669894234,0.05,0.005468511669894234,True,-5.102392302017646,37.605455936556005,16.74121138402536,0.0016807161266608809,-0.04140364545073206,50.0,-2.7388344359325374,2.7388344359325374,True,2026-09-18 00:00:00,0.6,-0.1586776330074996,-0.6052379616136441,-0.25276878460994134,False,mixed signal
CONSUMER,MKS.L,NXT.L,MARKS AND SPENCER GROUP PLC ORD,NEXT PLC ORD 10P,-3.4652993331500204,0.008924306586443036,0.05,0.005468511669894234,False,0.1401963384720507,4.5610119596783045,,,,,,,,,,,,,,
CONSUMER,MKS.L,SBRY.L,MARKS AND SPENCER GROUP PLC ORD,SAINSBURY (J) PLC ORD 28 4/7P,-3.3921208019182028,0.011230423511318956,0.05,0.005468511669894234,False,0.17677445702407008,4.868506462103304,,,,,,,,,,,,,,
CONSUMER,BME.L,TSCO.L,B&M EUROPEAN VALUE RETAIL PLC O,TESCO PLC ORD 6 1/3P,-3.355209018193205,0.01258392124591557,0.05,0.005468511669894234,False,-3.0268848415663965,23.696474374418578,,,,,,,,,,,,,,
CONSUMER,MKS.L,TSCO.L,MARKS AND SPENCER GROUP PLC ORD,TESCO PLC ORD 6 1/3P,-3.3355462917263488,0.01336242170028038,0.05,0.005468511669894234,False,0.17217598866808861,4.841103549891436,,,,,,,,,,,,,,
CONSUMER,DNLM.L,WTB.L,DUNELM GROUP PLC ORD 1P,WHITBREAD PLC ORD 76 122/153P,-3.3344925525495888,0.013405320143517549,0.05,0.005468511669894234,False,1.6105941337404661,-5.818262627206707,,,,,,,,,,,,,,
CONSUMER,DOM.L,NXT.L,DOMINO'S PIZZA GROUP PLC ORD 25,NEXT PLC ORD 10P,-3.2824665304439833,0.01568064550130092,0.05,0.005468511669894234,False,-1.655278789211798,20.961162192972992,,,,,,,,,,,,,,
CONSUMER,ABF.L,PETS.L,ASSOCIATED BRITISH FOODS PLC OR,PETS AT HOME GROUP PLC ORD 1P,-3.256034958094324,0.016961797949937508,0.05,0.005468511669894234,False,0.4813778082846871,5.02190468574772,,,,,,,,,,,,,,
CONSUMER,DOM.L,SBRY.L,DOMINO'S PIZZA GROUP PLC ORD 25,SAINSBURY (J) PLC ORD 28 4/7P,-3.2259862537626938,0.018528914611180346,0.05,0.005468511669894234,False,-2.3139205572881516,18.6182387253374,,,,,,,,,,,,,,
CONSUMER,IHG.L,PETS.L,INTERCONTINENTAL HOTELS GROUP P,PETS AT HOME GROUP PLC ORD 1P,-3.222980250306741,0.018692435913773776,0.05,0.005468511669894234,False,-0.6899284453299946,8.56846364760801,,,,,,,,,,,,,,
CONSUMER,ABF.L,IHG.L,ASSOCIATED BRITISH FOODS PLC OR,INTERCONTINENTAL HOTELS GROUP P,-3.193021608920961,0.020392186012822347,0.05,0.005468511669894234,False,-0.6537870622032803,10.788895890382022,,,,,,,,,,,,,,
CONSUMER,ABF.L,WTB.L,ASSOCIATED BRITISH FOODS PLC OR,WHITBREAD PLC ORD 76 122/153P,-3.130244611036925,0.02439441967393389,0.05,0.005468511669894234,False,0.9153833530859176,0.38364047459755035,,,,,,,,,,,,,,
CONSUMER,EZJ.L,TSCO.L,EASYJET PLC ORD 27 2/7P,TESCO PLC ORD 6 1/3P,-3.0578154135563316,0.029836673351814898,0.05,0.005468511669894234,False,-0.8043251012804692,10.989195900099165,,,,,,,,,,,,,,
CONSUMER,BME.L,DOM.L,B&M EUROPEAN VALUE RETAIL PLC O,DOMINO'S PIZZA GROUP PLC ORD 25,-2.9407190286471665,0.040813705738979564,0.05,0.005468511669894234,False,1.5783937554030183,-3.080159125305398,,,,,,,,,,,,,,
CONSUMER,BME.L,NXT.L,B&M EUROPEAN VALUE RETAIL PLC O,NEXT PLC ORD 10P,-2.846970016271555,0.05187132865009993,0.05,0.005468511669894234,False,-2.6844339606692746,30.675899481856412,,,,,,,,,,,,,,
CONSUMER,ABF.L,TSCO.L,ASSOCIATED BRITISH FOODS PLC OR,TESCO PLC ORD 6 1/3P,-2.750653185518444,0.06567564569968952,0.05,0.005468511669894234,False,-0.5555949539948449,10.970334836336402,,,,,,,,,,,,,,
CONSUMER,EZJ.L,SBRY.L,EASYJET PLC ORD 27 2/7P,SAINSBURY (J) PLC ORD 28 4/7P,-2.7305732700301775,0.06889552433278333,0.05,0.005468511669894234,False,-1.1412254076359094,12.652166295974157,,,,,,,,,,,,,,
CONSUMER,GRG.L,TSCO.L,GREGGS PLC ORD 2P,TESCO PLC ORD 6 1/3P,-2.698365472593909,0.07432154100431047,0.05,0.005468511669894234,False,-2.2648020599324603,21.15918379157675,,,,,,,,,,,,,,
CONSUMER,GRG.L,NXT.L,GREGGS PLC ORD 2P,NEXT PLC ORD 10P,-2.6840673121648484,0.07683613173579276,0.05,0.005468511669894234,False,-1.8881832321935268,25.255420861594075,,,,,,,,,,,,,,
CONSUMER,BME.L,GRG.L,B&M EUROPEAN VALUE RETAIL PLC O,GREGGS PLC ORD 2P,-2.6606100561043116,0.08110596430922917,0.05,0.005468511669894234,False,1.4642652474849727,-5.553070545521228,,,,,,,,,,,,,,
CONSUMER,ABF.L,NXT.L,ASSOCIATED BRITISH FOODS PLC OR,NEXT PLC ORD 10P,-2.6353652817796154,0.08590601978401352,0.05,0.005468511669894234,False,-0.38014056611144476,11.198330254076518,,,,,,,,,,,,,,
CONSUMER,PETS.L,TSCO.L,PETS AT HOME GROUP PLC ORD 1P,TESCO PLC ORD 6 1/3P,-2.629413394598514,0.08706920576407584,0.05,0.005468511669894234,False,-1.4044071746325293,13.855706098411364,,,,,,,,,,,,,,
CONSUMER,EZJ.L,NXT.L,EASYJET PLC ORD 27 2/7P,NEXT PLC ORD 10P,-2.6025746932094034,0.09246629747949953,0.05,0.005468511669894234,False,-0.4229281140074487,10.127751674408747,,,,,,,,,,,,,,
CONSUMER,ABF.L,BME.L,ASSOCIATED BRITISH FOODS PLC OR,B&M EUROPEAN VALUE RETAIL PLC O,-2.5937098430991936,0.09430429650814998,0.05,0.005468511669894234,False,0.17156681184391526,6.687516157158273,,,,,,,,,,,,,,
CONSUMER,DNLM.L,PETS.L,DUNELM GROUP PLC ORD 1P,PETS AT HOME GROUP PLC ORD 1P,-2.5864775054123252,0.09582442378049388,0.05,0.005468511669894234,False,0.8080069892451256,2.554805738634742,,,,,,,,,,,,,,
CONSUMER,NXT.L,TSCO.L,NEXT PLC ORD 10P,TESCO PLC ORD 6 1/3P,-2.584587330060174,0.09622477722021722,0.05,0.005468511669894234,False,1.1716292234169154,2.33608877739465,,,,,,,,,,,,,,
CONSUMER,SBRY.L,TSCO.L,SAINSBURY (J) PLC ORD 28 4/7P,TESCO PLC ORD 6 1/3P,-2.5789088650632515,0.09743519551759067,0.05,0.005468511669894234,False,0.8550100900462175,0.5575267430698867,,,,,,,,,,,,,,
CONSUMER,IHG.L,WTB.L,INTERCONTINENTAL HOTELS GROUP P,WHITBREAD PLC ORD 76 122/153P,-2.572740420814144,0.09876315853381223,0.05,0.005468511669894234,False,-1.59526137776559,17.46285400814066,,,,,,,,,,,,,,
CONSUMER,BME.L,SBRY.L,B&M EUROPEAN VALUE RETAIL PLC O,SAINSBURY (J) PLC ORD 28 4/7P,-2.5548730566259255,0.10268730214376176,0.05,0.005468511669894234,False,-4.251834090997282,29.711105806106616,,,,,,,,,,,,,,
CONSUMER,ABF.L,GRG.L,ASSOCIATED BRITISH FOODS PLC OR,GREGGS PLC ORD 2P,-2.5426616527293384,0.10543623416930553,0.05,0.005468511669894234,False,0.2545309677807801,5.709640103293084,,,,,,,,,,,,,,
CONSUMER,DOM.L,EZJ.L,DOMINO'S PIZZA GROUP PLC ORD 25,EASYJET PLC ORD 27 2/7P,-2.5169840742153187,0.11139641408852141,0.05,0.005468511669894234,False,3.3993302645403967,-15.501660199909871,,,,,,,,,,,,,,
CONSUMER,BME.L,EZJ.L,B&M EUROPEAN VALUE RETAIL PLC O,EASYJET PLC ORD 27 2/7P,-2.5142109982085796,0.11205481222339059,0.05,0.005468511669894234,False,6.517976149221904,-34.661252496037264,,,,,,,,,,,,,,
CONSUMER,DNLM.L,IHG.L,DUNELM GROUP PLC ORD 1P,INTERCONTINENTAL HOTELS GROUP P,-2.4772837276280906,0.12109972027161414,0.05,0.005468511669894234,False,-1.2391606628158545,12.917009909581068,,,,,,,,,,,,,,
CONSUMER,ABF.L,EZJ.L,ASSOCIATED BRITISH FOODS PLC OR,EASYJET PLC ORD 27 2/7P,-2.436525388113682,0.13169158656565805,0.05,0.005468511669894234,False,0.5167887988075575,4.453218266832293,,,,,,,,,,,,,,
CONSUMER,EZJ.L,GRG.L,EASYJET PLC ORD 27 2/7P,GREGGS PLC ORD 2P,-2.4278186248987788,0.13403823417948818,0.05,0.005468511669894234,False,0.19519443332975717,4.689561730776386,,,,,,,,,,,,,,
CONSUMER,PETS.L,WTB.L,PETS AT HOME GROUP PLC ORD 1P,WHITBREAD PLC ORD 76 122/153P,-2.4223092090778278,0.1355385408130062,0.05,0.005468511669894234,False,2.2946801408250592,-12.752718303384182,,,,,,,,,,,,,,
CONSUMER,ABF.L,DOM.L,ASSOCIATED BRITISH FOODS PLC OR,DOMINO'S PIZZA GROUP PLC ORD 25,-2.4099461862373763,0.13894882732356145,0.05,0.005468511669894234,False,0.2120459244855821,6.481007042872638,,,,,,,,,,,,,,
CONSUMER,EZJ.L,IHG.L,EASYJET PLC ORD 27 2/7P,INTERCONTINENTAL HOTELS GROUP P,-2.3858986681632266,0.14575602326970993,0.05,0.005468511669894234,False,-0.7562702055616202,9.811271975613796,,,,,,,,,,,,,,
CONSUMER,ABF.L,SBRY.L,ASSOCIATED BRITISH FOODS PLC OR,SAINSBURY (J) PLC ORD 28 4/7P,-2.3655218524736488,0.1517049505918373,0.05,0.005468511669894234,False,-0.44012527331176154,10.142001039071879,,,,,,,,,,,,,,
CONSUMER,NXT.L,SBRY.L,NEXT PLC ORD 10P,SAINSBURY (J) PLC ORD 28 4/7P,-2.362197778016161,0.15269120871259984,0.05,0.005468511669894234,False,1.4314487175960366,1.2249533693023231,,,,,,,,,,,,,,
CONSUMER,EZJ.L,PETS.L,EASYJET PLC ORD 27 2/7P,PETS AT HOME GROUP PLC ORD 1P,-2.3436673630296143,0.15827074619882514,0.05,0.005468511669894234,False,0.46750669376240145,3.6266644157156813,,,,,,,,,,,,,,
CONSUMER,GRG.L,SBRY.L,GREGGS PLC ORD 2P,SAINSBURY (J) PLC ORD 28 4/7P,-2.3233254340882223,0.16455536676310234,0.05,0.005468511669894234,False,-3.527926767359276,27.627441042613775,,,,,,,,,,,,,,
CONSUMER,BME.L,PETS.L,B&M EUROPEAN VALUE RETAIL PLC O,PETS AT HOME GROUP PLC ORD 1P,-2.3080221196408988,0.16939373055828122,0.05,0.005468511669894234,False,2.372078078803776,-7.346841717401757,,,,,,,,,,,,,,
CONSUMER,TSCO.L,WTB.L,TESCO PLC ORD 6 1/3P,WHITBREAD PLC ORD 76 122/153P,-2.2964832137351574,0.173104713904351,0.05,0.005468511669894234,False,-2.065892091717133,22.37209818014882,,,,,,,,,,,,,,
CONSUMER,DNLM.L,TSCO.L,DUNELM GROUP PLC ORD 1P,TESCO PLC ORD 6 1/3P,-2.261299463471865,0.18475350255537376,0.05,0.005468511669894234,False,-1.301250751640279,14.747349480179594,,,,,,,,,,,,,,
CONSUMER,BME.L,WTB.L,B&M EUROPEAN VALUE RETAIL PLC O,WHITBREAD PLC ORD 76 122/153P,-2.2024976930918814,0.20534018762121314,0.05,0.005468511669894234,False,6.298638111353995,-44.38149047203429,,,,,,,,,,,,,,
CONSUMER,EZJ.L,WTB.L,EASYJET PLC ORD 27 2/7P,WHITBREAD PLC ORD 76 122/153P,-2.167046225972054,0.21842236985585667,0.05,0.005468511669894234,False,1.3889393529185081,-4.842572539939646,,,,,,,,,,,,,,
CONSUMER,NXT.L,PETS.L,NEXT PLC ORD 10P,PETS AT HOME GROUP PLC ORD 1P,-2.128639676407723,0.23315544486553508,0.05,0.005468511669894234,False,-0.8237006897909905,13.837787772685758,,,,,,,,,,,,,,
CONSUMER,NXT.L,WTB.L,NEXT PLC ORD 10P,WHITBREAD PLC ORD 76 122/153P,-2.0831409878597595,0.2513475060614053,0.05,0.005468511669894234,False,-2.5776200273295067,29.79422453551483,,,,,,,,,,,,,,
CONSUMER,PETS.L,SBRY.L,PETS AT HOME GROUP PLC ORD 1P,SAINSBURY (J) PLC ORD 28 4/7P,-2.0282360830502233,0.27433140929836525,0.05,0.005468511669894234,False,-2.0890069007894754,17.306445802365367,,,,,,,,,,,,,,
CONSUMER,DOM.L,GRG.L,DOMINO'S PIZZA GROUP PLC ORD 25,GREGGS PLC ORD 2P,-2.019106509661828,0.27825890295026723,0.05,0.005468511669894234,False,0.9085662245952764,-1.4214481777030228,,,,,,,,,,,,,,
CONSUMER,GRG.L,PETS.L,GREGGS PLC ORD 2P,PETS AT HOME GROUP PLC ORD 1P,-2.0171070674746208,0.27912298363100674,0.05,0.005468511669894234,False,1.6572722399653066,-1.4280895287046729,,,,,,,,,,,,,,
CONSUMER,DOM.L,WTB.L,DOMINO'S PIZZA GROUP PLC ORD 25,WHITBREAD PLC ORD 76 122/153P,-2.0160347732363237,0.2795869664471843,0.05,0.005468511669894234,False,4.812178442686155,-32.682560830214456,,,,,,,,,,,,,,
CONSUMER,GRG.L,WTB.L,GREGGS PLC ORD 2P,WHITBREAD PLC ORD 76 122/153P,-2.006025896722099,0.28393721992040905,0.05,0.005468511669894234,False,5.232062455477651,-33.896443724744174,,,,,,,,,,,,,,
CONSUMER,DNLM.L,NXT.L,DUNELM GROUP PLC ORD 1P,NEXT PLC ORD 10P,-1.9944804035238655,0.2889984817985367,0.05,0.005468511669894234,False,-0.9133496340579084,15.496712748656797,,,,,,,,,,,,,,
CONSUMER,IHG.L,TSCO.L,INTERCONTINENTAL HOTELS GROUP P,TESCO PLC ORD 6 1/3P,-1.965702861574669,0.30181063350043147,0.05,0.005468511669894234,False,0.9538691285786148,-0.9007210088642799,,,,,,,,,,,,,,
CONSUMER,DNLM.L,SBRY.L,DUNELM GROUP PLC ORD 1P,SAINSBURY (J) PLC ORD 28 4/7P,-1.906992302647882,0.32877889457517906,0.05,0.005468511669894234,False,-3.1671999001122257,24.937995505344773,,,,,,,,,,,,,,
CONSUMER,DNLM.L,EZJ.L,DUNELM GROUP PLC ORD 1P,EASYJET PLC ORD 27 2/7P,-1.8869476175183357,0.33822605586681764,0.05,0.005468511669894234,False,1.347408252801855,-1.3621544879140686,,,,,,,,,,,,,,
CONSUMER,SBRY.L,WTB.L,SAINSBURY (J) PLC ORD 28 4/7P,WHITBREAD PLC ORD 76 122/153P,-1.8253085877802155,0.3679710303949011,0.05,0.005468511669894234,False,-2.3084530933197005,23.98487536037536,,,,,,,,,,,,,,
CONSUMER,DOM.L,IHG.L,DOMINO'S PIZZA GROUP PLC ORD 25,INTERCONTINENTAL HOTELS GROUP P,-1.6508961534314488,0.45657309609708613,0.05,0.005468511669894234,False,-2.7382825613899673,18.655949655062948,,,,,,,,,,,,,,
CONSUMER,DOM.L,PETS.L,DOMINO'S PIZZA GROUP PLC ORD 25,PETS AT HOME GROUP PLC ORD 1P,-1.597948842337481,0.484623761899986,0.05,0.005468511669894234,False,1.5248863505937862,-2.8232017652909613,,,,,,,,,,,,,,
CONSUMER,BME.L,DNLM.L,B&M EUROPEAN VALUE RETAIL PLC O,DUNELM GROUP PLC ORD 1P,-1.5383006194506785,0.5144867208064876,0.05,0.005468511669894234,False,4.1125691287231945,-23.031164729251387,,,,,,,,,,,,,,
CONSUMER,DNLM.L,GRG.L,DUNELM GROUP PLC ORD 1P,GREGGS PLC ORD 2P,-1.430131557767134,0.567748493383374,0.05,0.005468511669894234,False,0.3436300741771989,4.34422827295119,,,,,,,,,,,,,,
CONSUMER,DNLM.L,DOM.L,DUNELM GROUP PLC ORD 1P,DOMINO'S PIZZA GROUP PLC ORD 25,-1.4038284248334156,0.5804393535109194,0.05,0.005468511669894234,False,0.357204755665926,4.99694225251052,,,,,,,,,,,,,,
CONSUMER,BME.L,IHG.L,B&M EUROPEAN VALUE RETAIL PLC O,INTERCONTINENTAL HOTELS GROUP P,-1.401536743649737,0.5815391629531265,0.05,0.005468511669894234,False,-3.902355299875685,24.346549406217818,,,,,,,,,,,,,,
CONSUMER,IHG.L,SBRY.L,INTERCONTINENTAL HOTELS GROUP P,SAINSBURY (J) PLC ORD 28 4/7P,-1.357005809043955,0.6027058468872898,0.05,0.005468511669894234,False,1.2892014143878718,-2.5083086055231165,,,,,,,,,,,,,,
CONSUMER,IHG.L,NXT.L,INTERCONTINENTAL HOTELS GROUP P,NEXT PLC ORD 10P,-1.286711817657595,0.6352295344594291,0.05,0.005468511669894234,False,0.7093141544793348,-1.8222060385951702,,,,,,,,,,,,,,
CONSUMER,GRG.L,IHG.L,GREGGS PLC ORD 2P,INTERCONTINENTAL HOTELS GROUP P,-0.8188240166526025,0.813530025712031,0.05,0.005468511669894234,False,-3.246331694601222,23.216576415248888,,,,,,,,,,,,,,
DE_AUTO,CON.DE,MBG.DE,CONTINENTAL AG                I,Mercedes-Benz Group AG        N,-2.8431036553585365,0.05237560642495336,0.05,,False,8.089999180367512,-27.70825084897134,,,,,,,,,,,,,,
DE_AUTO,BMW.DE,MBG.DE,BAYERISCHE MOTOREN WERKE AG   S,Mercedes-Benz Group AG        N,-2.7210141755143784,0.07047195443808645,0.05,,False,1.5696388853471097,-1.8308028949797528,,,,,,,,,,,,,,
DE_AUTO,BMW.DE,VOW3.DE,BAYERISCHE MOTOREN WERKE AG   S,VOLKSWAGEN AG                 V,-2.682084177812183,0.07719012889775788,0.05,,False,1.278775543212995,-1.3855352612184113,,,,,,,,,,,,,,
DE_AUTO,CON.DE,PAH3.DE,CONTINENTAL AG                I,Porsche Automobil Holding SE  I,-2.6591810469733503,0.08137195983130097,0.05,,False,-6.735253078711994,27.598687424685806,,,,,,,,,,,,,,
DE_AUTO,MBG.DE,VOW3.DE,Mercedes-Benz Group AG        N,VOLKSWAGEN AG                 V,-2.6407697238980448,0.08486029633277364,0.05,,False,0.8205567717145708,0.25755425052269754,,,,,,,,,,,,,,
DE_AUTO,CON.DE,VOW3.DE,CONTINENTAL AG                I,VOLKSWAGEN AG                 V,-2.411214052142943,0.13859630840835935,0.05,,False,5.2628918561603815,-19.496529209657847,,,,,,,,,,,,,,
DE_AUTO,MBG.DE,PAH3.DE,Mercedes-Benz Group AG        N,Porsche Automobil Holding SE  I,-2.2694091417037985,0.1820239823665526,0.05,,False,0.8767819436123087,0.8352602283329671,,,,,,,,,,,,,,
DE_AUTO,BMW.DE,PAH3.DE,BAYERISCHE MOTOREN WERKE AG   S,Porsche Automobil Holding SE  I,-1.9172546678868931,0.3239880127771815,0.05,,False,1.7780536602381174,-1.9304902036879943,,,,,,,,,,,,,,
DE_AUTO,PAH3.DE,VOW3.DE,Porsche Automobil Holding SE  I,VOLKSWAGEN AG                 V,-1.2157707122795567,0.6667750239097799,0.05,,False,0.8922103644291923,-0.46435479331492235,,,,,,,,,,,,,,
DE_AUTO,BMW.DE,CON.DE,BAYERISCHE MOTOREN WERKE AG   S,CONTINENTAL AG                I,-1.1915989998000123,0.6771991291214388,0.05,,False,0.3227072713821718,3.036629847307438,,,,,,,,,,,,,,
DE_BANKS_INSURANCE,CBK.DE,HNR1.DE,Commerzbank AG                I,HANNOVER RUECK SE NA O.N.,-3.331779468480702,0.013516332856846358,0.05,,False,12.054130345232288,-62.87453865086999,,,,,,,,,,,,,,
DE_BANKS_INSURANCE,ALV.DE,CBK.DE,Allianz SE                    v,Commerzbank AG                I,-3.2666924795221592,0.016434574217307107,0.05,,False,0.37712941787371035,4.563137934362125,,,,,,,,,,,,,,
DE_BANKS_INSURANCE,DBK.DE,HNR1.DE,DEUTSCHE BANK AG              N,HANNOVER RUECK SE NA O.N.,-3.244940169694886,0.017526348637559374,0.05,,False,9.879540095283915,-51.034588159891996,,,,,,,,,,,,,,
DE_BANKS_INSURANCE,CBK.DE,DBK.DE,Commerzbank AG                I,DEUTSCHE BANK AG              N,-3.1217692842936158,0.024983550378923722,0.05,,False,1.231099226188895,-0.6405930513450206,,,,,,,,,,,,,,
DE_BANKS_INSURANCE,HNR1.DE,MUV2.DE,HANNOVER RUECK SE NA O.N.,MUENCHENER RUECKVERS.-GES. AG N,-2.9623001503413597,0.03856824896586872,0.05,,False,0.6435932794167997,1.4875194514892303,,,,,,,,,,,,,,
DE_BANKS_INSURANCE,ALV.DE,HNR1.DE,Allianz SE                    v,HANNOVER RUECK SE NA O.N.,-2.6029471542861966,0.09238967917794072,0.05,,False,3.5849099128625035,-13.884172207584754,,,,,,,,,,,,,,
DE_BANKS_INSURANCE,DBK.DE,MUV2.DE,DEUTSCHE BANK AG              N,MUENCHENER RUECKVERS.-GES. AG N,-2.3564195775608954,0.15441618912143967,0.05,,False,4.620313192700156,-25.56226447862733,,,,,,,,,,,,,,
DE_BANKS_INSURANCE,ALV.DE,DBK.DE,Allianz SE                    v,DEUTSCHE BANK AG              N,-2.205416385539475,0.20428549801600976,0.05,,False,0.4574729674628981,4.3425562400937165,,,,,,,,,,,,,,
DE_BANKS_INSURANCE,CBK.DE,MUV2.DE,Commerzbank AG                I,MUENCHENER RUECKVERS.-GES. AG N,-1.7232008913189218,0.41920006021056044,0.05,,False,5.9778200957387355,-33.90678866604523,,,,,,,,,,,,,,
DE_BANKS_INSURANCE,ALV.DE,MUV2.DE,Allianz SE                    v,MUENCHENER RUECKVERS.-GES. AG N,-1.261490894253693,0.6466010707349912,0.05,,False,1.9206129603490287,-6.154529258496483,,,,,,,,,,,,,,
DE_CHEMICALS,BAS.DE,LXS.DE,BASF SE                       N,LANXESS AG                    I,-3.341160889344694,0.013135889276358831,0.05,,False,-0.19232559542237848,4.353996777703204,,,,,,,,,,,,,,
DE_CHEMICALS,LXS.DE,WCH.DE,LANXESS AG                    I,Wacker Chemie AG              I,-3.0417808124377554,0.031172562864201826,0.05,,False,-2.9951446662054857,15.980437750301654,,,,,,,,,,,,,,
DE_CHEMICALS,LXS.DE,SY1.DE,LANXESS AG                    I,Symrise AG                    I,-2.712110860592133,0.07196590543679895,0.05,,False,1.1921780115390814,-2.237932549551685,,,,,,,,,,,,,,
DE_CHEMICALS,BAS.DE,SY1.DE,BASF SE                       N,Symrise AG                    I,-2.6309738784224717,0.08676306504121789,0.05,,False,-0.2834727662708099,5.027051786486813,,,,,,,,,,,,,,
DE_CHEMICALS,BAS.DE,WCH.DE,BASF SE                       N,Wacker Chemie AG              I,-2.345370708471344,0.15775208739568225,0.05,,False,0.39216837514655306,2.0712565398442773,,,,,,,,,,,,,,
DE_CHEMICALS,SY1.DE,WCH.DE,Symrise AG                    I,Wacker Chemie AG              I,-1.811550737846683,0.3747423393760586,0.05,,False,2.978203289310362,-8.329086249867245,,,,,,,,,,,,,,
DE_HEALTHCARE,FRE.DE,MRK.DE,Fresenius SE & Co. KGaA       N,MERCK KGAA                    I,-3.3985736236747166,0.011007592891040363,0.05,,False,-1.321527711873975,10.036946711869764,,,,,,,,,,,,,,
DE_HEALTHCARE,BAYN.DE,SHL.DE,Bayer AG                      N,Siemens Healthineers AG       N,-2.970449391755632,0.03774773346868742,0.05,,False,-2.4326979660666965,12.6099678694981,,,,,,,,,,,,,,
DE_HEALTHCARE,FME.DE,MRK.DE,Fresenius Medical Care AG     I,MERCK KGAA                    I,-2.8437175831862427,0.05229526654579539,0.05,,False,-0.6787743153276888,6.9525720381240905,,,,,,,,,,,,,,
DE_HEALTHCARE,BAYN.DE,FME.DE,Bayer AG                      N,Fresenius Medical Care AG     I,-2.4360147503114242,0.13182839196462992,0.05,,False,-5.767898625575305,24.530419643261673,,,,,,,,,,,,,,
DE_HEALTHCARE,BAYN.DE,FRE.DE,Bayer AG                      N,Fresenius SE & Co. KGaA       N,-2.067793151462541,0.2576607255225008,0.05,,False,1.8261763320509714,-3.337174188057198,,,,,,,,,,,,,,
DE_HEALTHCARE,FME.DE,SHL.DE,Fresenius Medical Care AG     I,Siemens Healthineers AG       N,-1.9677573911813688,0.3008867817290419,0.05,,False,0.4056608931442389,2.128076240358799,,,,,,,,,,,,,,
DE_HEALTHCARE,FME.DE,FRE.DE,Fresenius Medical Care AG     I,Fresenius SE & Co. KGaA       N,-1.8665625953678024,0.3479508502381147,0.05,,False,0.40474969721276083,2.195218223994926,,,,,,,,,,,,,,
DE_HEALTHCARE,BAYN.DE,MRK.DE,Bayer AG                      N,MERCK KGAA                    I,-1.7987878919698816,0.3810636374433938,0.05,,False,-4.945132187756558,27.219398330939008,,,,,,,,,,,,,,
DE_HEALTHCARE,FRE.DE,SHL.DE,Fresenius SE & Co. KGaA       N,Siemens Healthineers AG       N,-1.6128965502390178,0.4764552729205902,0.05,,False,-1.9713777824397645,11.169293630939704,,,,,,,,,,,,,,
DE_HEALTHCARE,MRK.DE,SHL.DE,MERCK KGAA                    I,Siemens Healthineers AG       N,-0.3207690575557614,0.9225108696881567,0.05,,False,1.2739484447691225,-0.026641234122208424,,,,,,,,,,,,,,
DE_INDUSTRIALS,KGX.DE,MTX.DE,KION GROUP AG                 I,MTU Aero Engines AG           N,-3.7181160641683286,0.0038654323915719934,0.05,0.0038654323915719934,True,2.1843877175917097,-8.845709406973093,20.276645231692562,-0.0016438804098010125,-0.03418450994430531,61.0,0.8194102566473687,2.8432755205734614,False,,0.2,-0.03566057428266771,-0.34077810627587946,-0.050549832121099536,True,mixed signal
DE_INDUSTRIALS,HEI.DE,MTX.DE,Heidelberg Materials AG       I,MTU Aero Engines AG           N,-3.2471203076933803,0.017414132425139832,0.05,0.0038654323915719934,False,2.660814480381515,-10.335848230332726,,,,,,,,,,,,,,
DE_INDUSTRIALS,MTX.DE,SIE.DE,MTU Aero Engines AG           N,SIEMENS AG                    N,-2.1395171942096334,0.2289241638402431,0.05,0.0038654323915719934,False,0.7888547958167477,1.5639852162277421,,,,,,,,,,,,,,
DE_INDUSTRIALS,HEI.DE,KGX.DE,Heidelberg Materials AG       I,KION GROUP AG                 I,-2.012927026583718,0.28093397040038076,0.05,0.0038654323915719934,False,1.3001831991827435,0.12948045629999516,,,,,,,,,,,,,,
DE_INDUSTRIALS,HEI.DE,SIE.DE,Heidelberg Materials AG       I,SIEMENS AG                    N,-1.762267589796122,0.39934906087188377,0.05,0.0038654323915719934,False,2.0713937851650734,-6.026966268035115,,,,,,,,,,,,,,
DE_INDUSTRIALS,KGX.DE,SIE.DE,KION GROUP AG                 I,SIEMENS AG                    N,-0.4353118039311701,0.904033933354488,0.05,0.0038654323915719934,False,1.8007694736528626,-5.843797382427653,,,,,,,,,,,,,,
DE_REAL_ESTATE,GYC.DE,LEG.DE,Grand City Properties S.A.    A,LEG Immobilien SE             N,-3.528129548111071,0.007293382128814369,0.05,,False,0.693285612208327,-0.5698686308220555,,,,,,,,,,,,,,
DE_REAL_ESTATE,GYC.DE,VNA.DE,Grand City Properties S.A.    A,Vonovia SE                    N,-3.2817584319116344,0.015713825977454444,0.05,,False,0.9371349789172908,-0.6774226087787043,,,,,,,,,,,,,,
DE_REAL_ESTATE,DWNI.DE,LEG.DE,Deutsche Wohnen SE            I,LEG Immobilien SE             N,-3.1174105772838865,0.02529127167832627,0.05,,False,0.5392002918706359,0.808030810988495,,,,,,,,,,,,,,
DE_REAL_ESTATE,LEG.DE,VNA.DE,LEG Immobilien SE             N,Vonovia SE                    N,-2.952015024775239,0.039625124772477344,0.05,,False,1.3544671109109692,-0.16396443288684726,,,,,,,,,,,,,,
DE_REAL_ESTATE,DWNI.DE,VNA.DE,Deutsche Wohnen SE            I,Vonovia SE                    N,-2.833848989270238,0.053598983232758024,0.05,,False,0.8605721742851594,0.29955246643769584,,,,,,,,,,,,,,
DE_REAL_ESTATE,DWNI.DE,GYC.DE,Deutsche Wohnen SE            I,Grand City Properties S.A.    A,-2.7581818189483633,0.06449993203370068,0.05,,False,0.9154669352382286,0.9282770536175171,,,,,,,,,,,,,,
DE_REAL_ESTATE,AT1.DE,DWNI.DE,Aroundtown SA                 B,Deutsche Wohnen SE            I,-1.6763350223261282,0.44334477036896663,0.05,,False,1.8970409073007124,-4.871790764939069,,,,,,,,,,,,,,
DE_REAL_ESTATE,AT1.DE,VNA.DE,Aroundtown SA                 B,Vonovia SE                    N,-1.509178584197879,0.5289660368149935,0.05,,False,2.3106749578595047,-6.490691065134541,,,,,,,,,,,,,,
DE_REAL_ESTATE,AT1.DE,GYC.DE,Aroundtown SA                 B,Grand City Properties S.A.    A,-1.439686631104177,0.563109006751796,0.05,,False,2.9255956270896992,-5.898925859854127,,,,,,,,,,,,,,
DE_REAL_ESTATE,AT1.DE,LEG.DE,Aroundtown SA                 B,LEG Immobilien SE             N,-1.3607063853408987,0.6009623745965122,0.05,,False,1.7274891391542808,-6.301468097143059,,,,,,,,,,,,,,
DE_SOFTWARE,NEM.DE,SAP.DE,Nemetschek SE                 I,SAP SE                        I,-3.31470285952324,0.014233912680974141,0.05,0.014233912680974141,True,1.2277777193247943,-2.0107285968214708,15.243942891194834,-0.00032393772903132175,-0.04547033438181661,46.0,-0.9141461980673662,3.929726252018606,False,,0.6,0.024375869250691316,0.3957531161094243,0.33769442572413033,True,reversion signs agree
DE_SOFTWARE,SAP.DE,TMV.DE,SAP SE                        I,TeamViewer SE                 I,-1.705400232091573,0.4283322847180644,0.05,0.014233912680974141,False,0.39637750252075915,4.479875972910926,,,,,,,,,,,,,,
DE_SOFTWARE,NEM.DE,TMV.DE,Nemetschek SE                 I,TeamViewer SE                 I,-1.1997369957178465,0.6737088394994453,0.05,0.014233912680974141,False,0.5285769916586672,3.39939240782224,,,,,,,,,,,,,,
DE_UTILITIES_ENERGY,ENR.DE,EOAN.DE,Siemens Energy AG             N,E.ON SE                       N,-2.161962247155978,0.2203393607767839,0.05,,False,3.643729216950049,-5.337375875581572,,,,,,,,,,,,,,
DE_UTILITIES_ENERGY,EOAN.DE,RWE.DE,E.ON SE                       N,RWE AG                        I,-1.9154617885737353,0.3248227210980653,0.05,,False,0.7355814298369121,-0.005182756691228363,,,,,,,,,,,,,,
DE_UTILITIES_ENERGY,ENR.DE,RWE.DE,Siemens Energy AG             N,RWE AG                        I,-1.723649078090326,0.4189707896709896,0.05,,False,2.7997621500022114,-5.787337912479383,,,,,,,,,,,,,,
ENERGY_UTILITIES,SSE.L,SVT.L,SSE PLC ORD 50P,SEVERN TRENT PLC ORD 97 17/19P,-4.38729589903935,0.00031258220702876983,0.05,0.00031258220702876983,True,2.350250296917488,-11.011294369722012,10.001891855730465,-0.0002562179034622177,-0.06930160719172491,30.0,0.14425212225738357,3.2015593062289915,False,,0.4,-0.008400103031045606,-0.13923865433144808,0.2073571269199955,True,mixed signal
ENERGY_UTILITIES,NG.L,SVT.L,NATIONAL GRID PLC ORD 12 204/47,SEVERN TRENT PLC ORD 97 17/19P,-4.030384531653333,0.0012595047424424088,0.05,0.00031258220702876983,False,1.438364319177744,-4.3862910187049335,,,,,,,,,,,,,,
ENERGY_UTILITIES,GCP.L,HICL.L,GCP INFRASTRUCTURE INVESTMENTS ,HICL INFRASTRUCTURE PLC ORD 0.0,-3.9809948724222277,0.0015133632626563997,0.05,0.00031258220702876983,False,0.7546554294461825,0.6964805940533334,,,,,,,,,,,,,,
ENERGY_UTILITIES,ENOG.L,UU.L,ENERGEAN PLC ORD 1P,UNITED UTILITIES GROUP PLC ORD ,-3.871353815287709,0.0022560793565196543,0.05,0.00031258220702876983,False,-0.6227488179315002,11.19451839158349,,,,,,,,,,,,,,
ENERGY_UTILITIES,ENOG.L,NG.L,ENERGEAN PLC ORD 1P,NATIONAL GRID PLC ORD 12 204/47,-3.8643256149927643,0.0023136547810673385,0.05,0.00031258220702876983,False,-0.5873573268380853,10.915163493013868,,,,,,,,,,,,,,
ENERGY_UTILITIES,ENOG.L,SVT.L,ENERGEAN PLC ORD 1P,SEVERN TRENT PLC ORD 97 17/19P,-3.7600802407177225,0.0033431959504996206,0.05,0.00031258220702876983,False,-1.1012553527818356,15.517878524902539,,,,,,,,,,,,,,
ENERGY_UTILITIES,TRIG.L,UKW.L,THE RENEWABLES INFRASTRUCTURE G,GREENCOAT UK WIND PLC ORD 1P,-3.6392144783311107,0.0050541000200598814,0.05,0.00031258220702876983,False,1.0819922173416996,-0.7416051791725851,,,,,,,,,,,,,,
ENERGY_UTILITIES,NG.L,UU.L,NATIONAL GRID PLC ORD 12 204/47,UNITED UTILITIES GROUP PLC ORD ,-3.5406524032092213,0.007002411457053195,0.05,0.00031258220702876983,False,1.0522971093296498,-0.4196469191035881,,,,,,,,,,,,,,
ENERGY_UTILITIES,CNA.L,ENOG.L,CENTRICA PLC ORD 6 14/81P,ENERGEAN PLC ORD 1P,-3.484097126585804,0.008405030833863467,0.05,0.00031258220702876983,False,-3.443998123882487,28.519508882500066,,,,,,,,,,,,,,
ENERGY_UTILITIES,HBR.L,PNN.L,HARBOUR ENERGY PLC ORD 0.002P,PENNON GROUP PLC ORD 61 1/20P,-3.367222318057846,0.01212832108478947,0.05,0.00031258220702876983,False,2.2545759841319537,-8.662748954629162,,,,,,,,,,,,,,
ENERGY_UTILITIES,BP.L,ENOG.L,BP PLC $0.25,ENERGEAN PLC ORD 1P,-3.35676059886387,0.012524236933540153,0.05,0.00031258220702876983,False,-3.773540063655275,31.789670678151158,,,,,,,,,,,,,,
ENERGY_UTILITIES,NG.L,SSE.L,NATIONAL GRID PLC ORD 12 204/47,SSE PLC ORD 50P,-3.3399295216349585,0.013185278184415046,0.05,0.00031258220702876983,False,0.6145086776052437,2.3337390924210837,,,,,,,,,,,,,,
ENERGY_UTILITIES,BP.L,SVT.L,BP PLC $0.25,SEVERN TRENT PLC ORD 97 17/19P,-3.327060505680322,0.013711359270007151,0.05,0.00031258220702876983,False,2.196373781421614,-11.284452744412057,,,,,,,,,,,,,,
ENERGY_UTILITIES,ENOG.L,SSE.L,ENERGEAN PLC ORD 1P,SSE PLC ORD 50P,-3.302890059174474,0.014749781986372995,0.05,0.00031258220702876983,False,-0.2394361030011168,8.625668421696078,,,,,,,,,,,,,,
ENERGY_UTILITIES,ENOG.L,UKW.L,ENERGEAN PLC ORD 1P,GREENCOAT UK WIND PLC ORD 1P,-3.245712857590872,0.01748650457418096,0.05,0.00031258220702876983,False,0.4212024269002016,4.8199891798969805,,,,,,,,,,,,,,
ENERGY_UTILITIES,GCP.L,INPP.L,GCP INFRASTRUCTURE INVESTMENTS ,INTERNATIONAL PUBLIC PARTNERSHI,-3.2409245441231964,0.017734698910783834,0.05,0.00031258220702876983,False,0.6132447091829724,1.3559958922137634,,,,,,,,,,,,,,
ENERGY_UTILITIES,FSFL.L,SVT.L,FORESIGHT SOLAR FUND LIMITED OR,SEVERN TRENT PLC ORD 97 17/19P,-3.2147259130635475,0.01914795327522311,0.05,0.00031258220702876983,False,-2.11499957364368,21.04875425608038,,,,,,,,,,,,,,
ENERGY_UTILITIES,CNA.L,UKW.L,CENTRICA PLC ORD 6 14/81P,GREENCOAT UK WIND PLC ORD 1P,-3.16594438676162,0.022042534775986777,0.05,0.00031258220702876983,False,-1.3806854197353484,11.588213068227443,,,,,,,,,,,,,,
ENERGY_UTILITIES,BP.L,NG.L,BP PLC $0.25,NATIONAL GRID PLC ORD 12 204/47,-3.132177954782049,0.02426172058381591,0.05,0.00031258220702876983,False,1.241627234803862,-2.594604636552643,,,,,,,,,,,,,,
ENERGY_UTILITIES,GCP.L,HBR.L,GCP INFRASTRUCTURE INVESTMENTS ,HARBOUR ENERGY PLC ORD 0.002P,-3.1320963158771633,0.024267311427265955,0.05,0.00031258220702876983,False,0.11105384821510332,3.7034509160587286,,,,,,,,,,,,,,
ENERGY_UTILITIES,CNA.L,SVT.L,CENTRICA PLC ORD 6 14/81P,SEVERN TRENT PLC ORD 97 17/19P,-3.116650134373667,0.025345291173249414,0.05,0.00031258220702876983,False,2.611630179535432,-15.590353293403655,,,,,,,,,,,,,,
ENERGY_UTILITIES,ENOG.L,PNN.L,ENERGEAN PLC ORD 1P,PENNON GROUP PLC ORD 61 1/20P,-3.10063881631574,0.02650594932272194,0.05,0.00031258220702876983,False,0.4866068335681867,3.767221971342708,,,,,,,,,,,,,,
ENERGY_UTILITIES,GCP.L,SSE.L,GCP INFRASTRUCTURE INVESTMENTS ,SSE PLC ORD 50P,-3.06570630994096,0.029197382940311913,0.05,0.00031258220702876983,False,0.0598806681904617,3.85687761934725,,,,,,,,,,,,,,
ENERGY_UTILITIES,BP.L,SSE.L,BP PLC $0.25,SSE PLC ORD 50P,-3.0302466777535284,0.03216467098902244,0.05,0.00031258220702876983,False,0.6552352587065061,1.1178519607845478,,,,,,,,,,,,,,
ENERGY_UTILITIES,BP.L,GCP.L,BP PLC $0.25,GCP INFRASTRUCTURE INVESTMENTS ,-3.011156624442519,0.03386556620981899,0.05,0.00031258220702876983,False,9.47338777697191,-34.75469285598066,,,,,,,,,,,,,,
ENERGY_UTILITIES,CNA.L,TRIG.L,CENTRICA PLC ORD 6 14/81P,THE RENEWABLES INFRASTRUCTURE G,-2.961763004890912,0.038622853659585545,0.05,0.00031258220702876983,False,-1.2734330352038592,10.630372530480766,,,,,,,,,,,,,,
ENERGY_UTILITIES,ENOG.L,HICL.L,ENERGEAN PLC ORD 1P,HICL INFRASTRUCTURE PLC ORD 0.0,-2.9504878455343397,0.03978410300796951,0.05,0.00031258220702876983,False,-4.2935704112807676,27.372215171429687,,,,,,,,,,,,,,
ENERGY_UTILITIES,DCC.L,GCP.L,DCC ENERGY PLC ORD EUR0.25 (CDI,GCP INFRASTRUCTURE INVESTMENTS ,-2.945606479709167,0.04029583389183392,0.05,0.00031258220702876983,False,5.087476703071687,-13.39389903014129,,,,,,,,,,,,,,
ENERGY_UTILITIES,INPP.L,SSE.L,INTERNATIONAL PUBLIC PARTNERSHI,SSE PLC ORD 50P,-2.9369212157325646,0.04121994894534323,0.05,0.00031258220702876983,False,0.24551166457258086,2.9599840289252066,,,,,,,,,,,,,,
ENERGY_UTILITIES,ENOG.L,GCP.L,ENERGEAN PLC ORD 1P,GCP INFRASTRUCTURE INVESTMENTS ,-2.923157813611093,0.04272057309622409,0.05,0.00031258220702876983,False,-261.16894145120557,1132.3701441376702,,,,,,,,,,,,,,
ENERGY_UTILITIES,GCP.L,SVT.L,GCP INFRASTRUCTURE INVESTMENTS ,SEVERN TRENT PLC ORD 97 17/19P,-2.9190734274864023,0.04317455052086329,0.05,0.00031258220702876983,False,0.011449470256704309,4.219201318476856,,,,,,,,,,,,,,
ENERGY_UTILITIES,CNA.L,GCP.L,CENTRICA PLC ORD 6 14/81P,GCP INFRASTRUCTURE INVESTMENTS ,-2.9152872635617975,0.04359895860968399,0.05,0.00031258220702876983,False,-37.28970998565891,165.75508077216352,,,,,,,,,,,,,,
ENERGY_UTILITIES,GCP.L,NG.L,GCP INFRASTRUCTURE INVESTMENTS ,NATIONAL GRID PLC ORD 12 204/47,-2.912158825829996,0.04395225099889556,0.05,0.00031258220702876983,False,-0.0011945291436578239,4.3180202458590475,,,,,,,,,,,,,,
ENERGY_UTILITIES,GCP.L,UU.L,GCP INFRASTRUCTURE INVESTMENTS ,UNITED UTILITIES GROUP PLC ORD ,-2.8964451786431313,0.04576293920087609,0.05,0.00031258220702876983,False,-0.0348255170375483,4.554588410052817,,,,,,,,,,,,,,
ENERGY_UTILITIES,GCP.L,TRIG.L,GCP INFRASTRUCTURE INVESTMENTS ,THE RENEWABLES INFRASTRUCTURE G,-2.870350414218096,0.04890607469469009,0.05,0.00031258220702876983,False,0.13666032412391352,3.7106330990466416,,,,,,,,,,,,,,
ENERGY_UTILITIES,BP.L,UU.L,BP PLC $0.25,UNITED UTILITIES GROUP PLC ORD ,-2.8610029034722704,0.050074397426040966,0.05,0.00031258220702876983,False,1.3665398489825447,-3.537446054997271,,,,,,,,,,,,,,
ENERGY_UTILITIES,CNA.L,UU.L,CENTRICA PLC ORD 6 14/81P,UNITED UTILITIES GROUP PLC ORD ,-2.8565844553492488,0.050634583226902785,0.05,0.00031258220702876983,False,1.7285519186169833,-7.107554326974821,,,,,,,,,,,,,,
ENERGY_UTILITIES,SSE.L,UU.L,SSE PLC ORD 50P,UNITED UTILITIES GROUP PLC ORD ,-2.8412698722158396,0.05261618117572012,0.05,0.00031258220702876983,False,1.7510247125664598,-4.752111534060643,,,,,,,,,,,,,,
ENERGY_UTILITIES,SVT.L,TRIG.L,SEVERN TRENT PLC ORD 97 17/19P,THE RENEWABLES INFRASTRUCTURE G,-2.836567023022946,0.05323728664462706,0.05,0.00031258220702876983,False,-0.3882781959909161,9.604604798079425,,,,,,,,,,,,,,
ENERGY_UTILITIES,GCP.L,UKW.L,GCP INFRASTRUCTURE INVESTMENTS ,GREENCOAT UK WIND PLC ORD 1P,-2.835467476514139,0.053383365342140644,0.05,0.00031258220702876983,False,0.13859851909725004,3.6531797292973973,,,,,,,,,,,,,,
ENERGY_UTILITIES,GCP.L,PNN.L,GCP INFRASTRUCTURE INVESTMENTS ,PENNON GROUP PLC ORD 61 1/20P,-2.817216031972524,0.05585635026972154,0.05,0.00031258220702876983,False,0.1727047851921542,3.2279374499653413,,,,,,,,,,,,,,
ENERGY_UTILITIES,FSFL.L,GCP.L,FORESIGHT SOLAR FUND LIMITED OR,GCP INFRASTRUCTURE INVESTMENTS ,-2.7673470754502816,0.06309150484255792,0.05,0.00031258220702876983,False,6.731401382327182,-24.67542360222432,,,,,,,,,,,,,,
ENERGY_UTILITIES,INPP.L,SVT.L,INTERNATIONAL PUBLIC PARTNERSHI,SEVERN TRENT PLC ORD 97 17/19P,-2.7647120870471382,0.06349386658469983,0.05,0.00031258220702876983,False,0.5523172305754367,0.4517502372906135,,,,,,,,,,,,,,
ENERGY_UTILITIES,HICL.L,INPP.L,HICL INFRASTRUCTURE PLC ORD 0.0,INTERNATIONAL PUBLIC PARTNERSHI,-2.7277429261692476,0.06935933167955889,0.05,0.00031258220702876983,False,0.9064491746437037,0.42198031889932075,,,,,,,,,,,,,,
ENERGY_UTILITIES,SVT.L,UU.L,SEVERN TRENT PLC ORD 97 17/19P,UNITED UTILITIES GROUP PLC ORD ,-2.713210902408608,0.07177997239442419,0.05,0.00031258220702876983,False,0.731942052091411,2.755291010350212,,,,,,,,,,,,,,
ENERGY_UTILITIES,DCC.L,HICL.L,DCC ENERGY PLC ORD EUR0.25 (CDI,HICL INFRASTRUCTURE PLC ORD 0.0,-2.6546896254486345,0.082212431174703,0.05,0.00031258220702876983,False,2.848020379101651,-5.104478985715716,,,,,,,,,,,,,,
ENERGY_UTILITIES,HBR.L,HICL.L,HARBOUR ENERGY PLC ORD 0.002P,HICL INFRASTRUCTURE PLC ORD 0.0,-2.6528538025608555,0.0825579092611568,0.05,0.00031258220702876983,False,6.203389551106997,-24.242206361183126,,,,,,,,,,,,,,
ENERGY_UTILITIES,NG.L,UKW.L,NATIONAL GRID PLC ORD 12 204/47,GREENCOAT UK WIND PLC ORD 1P,-2.6473409729645874,0.08360215855912329,0.05,0.00031258220702876983,False,-0.821195971656607,10.87028969336115,,,,,,,,,,,,,,
ENERGY_UTILITIES,CNA.L,NG.L,CENTRICA PLC ORD 6 14/81P,NATIONAL GRID PLC ORD 12 204/47,-2.642848206344376,0.08446076707622852,0.05,0.00031258220702876983,False,1.6379624936088073,-6.385527725182104,,,,,,,,,,,,,,
ENERGY_UTILITIES,PNN.L,TRIG.L,PENNON GROUP PLC ORD 61 1/20P,THE RENEWABLES INFRASTRUCTURE G,-2.629865073426204,0.08698050808198926,0.05,0.00031258220702876983,False,0.5720616983724051,3.7559211354608,,,,,,,,,,,,,,
ENERGY_UTILITIES,BP.L,FSFL.L,BP PLC $0.25,FORESIGHT SOLAR FUND LIMITED OR,-2.624049499909173,0.08812789223417472,0.05,0.00031258220702876983,False,-0.9430474263095537,10.160492148131071,,,,,,,,,,,,,,
ENERGY_UTILITIES,CNA.L,PNN.L,CENTRICA PLC ORD 6 14/81P,PENNON GROUP PLC ORD 61 1/20P,-2.5695652371660604,0.09945206264881501,0.05,0.00031258220702876983,False,-4.046005675640748,30.390638378184754,,,,,,,,,,,,,,
ENERGY_UTILITIES,ENOG.L,TRIG.L,ENERGEAN PLC ORD 1P,THE RENEWABLES INFRASTRUCTURE G,-2.5265635235704673,0.10914417266644227,0.05,0.00031258220702876983,False,0.3444364474420888,5.30527366030742,,,,,,,,,,,,,,
ENERGY_UTILITIES,HICL.L,SSE.L,HICL INFRASTRUCTURE PLC ORD 0.0,SSE PLC ORD 50P,-2.5187337738760025,0.1109824759123994,0.05,0.00031258220702876983,False,0.130940676088927,3.7977380440392268,,,,,,,,,,,,,,
ENERGY_UTILITIES,CNA.L,FSFL.L,CENTRICA PLC ORD 6 14/81P,FORESIGHT SOLAR FUND LIMITED OR,-2.510788488024383,0.11287138735311197,0.05,0.00031258220702876983,False,-1.4268298940731667,11.233281607945631,,,,,,,,,,,,,,
ENERGY_UTILITIES,INPP.L,UU.L,INTERNATIONAL PUBLIC PARTNERSHI,UNITED UTILITIES GROUP PLC ORD ,-2.510328520506784,0.11298146688041222,0.05,0.00031258220702876983,False,0.35150678444864863,2.3445556734628434,,,,,,,,,,,,,,
ENERGY_UTILITIES,ENOG.L,INPP.L,ENERGEAN PLC ORD 1P,INTERNATIONAL PUBLIC PARTNERSHI,-2.5079427912875105,0.11355369952759786,0.05,0.00031258220702876983,False,-4.255180306347162,27.310132117611506,,,,,,,,,,,,,,
ENERGY_UTILITIES,FSFL.L,TRIG.L,FORESIGHT SOLAR FUND LIMITED OR,THE RENEWABLES INFRASTRUCTURE G,-2.486524061869179,0.11878769027788405,0.05,0.00031258220702876983,False,0.9321775481254925,0.24858662163912193,,,,,,,,,,,,,,
ENERGY_UTILITIES,BP.L,INPP.L,BP PLC $0.25,INTERNATIONAL PUBLIC PARTNERSHI,-2.4573948531263796,0.1261876474981018,0.05,0.00031258220702876983,False,3.6332593413590137,-11.426956671157203,,,,,,,,,,,,,,
ENERGY_UTILITIES,INPP.L,NG.L,INTERNATIONAL PUBLIC PARTNERSHI,NATIONAL GRID PLC ORD 12 204/47,-2.4452889992623215,0.12935963693978814,0.05,0.00031258220702876983,False,0.3018079500639953,2.709712995668095,,,,,,,,,,,,,,
ENERGY_UTILITIES,BP.L,UKW.L,BP PLC $0.25,GREENCOAT UK WIND PLC ORD 1P,-2.423719867353242,0.13515325530758726,0.05,0.00031258220702876983,False,-0.9632766382601744,10.63536388043321,,,,,,,,,,,,,,
ENERGY_UTILITIES,ENOG.L,FSFL.L,ENERGEAN PLC ORD 1P,FORESIGHT SOLAR FUND LIMITED OR,-2.4125233766002516,0.13823293085637428,0.05,0.00031258220702876983,False,0.2963068848546832,5.530682718155065,,,,,,,,,,,,,,
ENERGY_UTILITIES,BP.L,HICL.L,BP PLC $0.25,HICL INFRASTRUCTURE PLC ORD 0.0,-2.407016238392574,0.13976591191377735,0.05,0.00031258220702876983,False,7.01795446592495,-27.52854438025325,,,,,,,,,,,,,,
ENERGY_UTILITIES,FSFL.L,UKW.L,FORESIGHT SOLAR FUND LIMITED OR,GREENCOAT UK WIND PLC ORD 1P,-2.3763031722170744,0.14853665632310842,0.05,0.00031258220702876983,False,1.0164270736716878,-0.4797537853244558,,,,,,,,,,,,,,
ENERGY_UTILITIES,HBR.L,SVT.L,HARBOUR ENERGY PLC ORD 0.002P,SEVERN TRENT PLC ORD 97 17/19P,-2.3654398693618237,0.15172922168365027,0.05,0.00031258220702876983,False,16.06575634615276,-121.50223384951545,,,,,,,,,,,,,,
ENERGY_UTILITIES,FSFL.L,PNN.L,FORESIGHT SOLAR FUND LIMITED OR,PENNON GROUP PLC ORD 61 1/20P,-2.352346656099448,0.15564016690512134,0.05,0.00031258220702876983,False,3.3317230713299004,-16.533626176981645,,,,,,,,,,,,,,
ENERGY_UTILITIES,BP.L,PNN.L,BP PLC $0.25,PENNON GROUP PLC ORD 61 1/20P,-2.347305736756969,0.15716430333651826,0.05,0.00031258220702876983,False,4.595993971686329,-22.714625463759564,,,,,,,,,,,,,,
ENERGY_UTILITIES,HICL.L,SVT.L,HICL INFRASTRUCTURE PLC ORD 0.0,SEVERN TRENT PLC ORD 97 17/19P,-2.3368506853986384,0.16035811305336478,0.05,0.00031258220702876983,False,0.2921212949063322,2.4793665513495045,,,,,,,,,,,,,,
ENERGY_UTILITIES,HICL.L,UU.L,HICL INFRASTRUCTURE PLC ORD 0.0,UNITED UTILITIES GROUP PLC ORD ,-2.332668624332036,0.16164801661439904,0.05,0.00031258220702876983,False,0.1598376422079857,3.6638415717540815,,,,,,,,,,,,,,
ENERGY_UTILITIES,HICL.L,NG.L,HICL INFRASTRUCTURE PLC ORD 0.0,NATIONAL GRID PLC ORD 12 204/47,-2.293175437678026,0.17417847678534343,0.05,0.00031258220702876983,False,0.11287764535859919,3.999937886390139,,,,,,,,,,,,,,
ENERGY_UTILITIES,NG.L,TRIG.L,NATIONAL GRID PLC ORD 12 204/47,THE RENEWABLES INFRASTRUCTURE G,-2.2778578797358526,0.17920871093559665,0.05,0.00031258220702876983,False,-0.7215557935723714,10.143446276907293,,,,,,,,,,,,,,
ENERGY_UTILITIES,TRIG.L,UU.L,THE RENEWABLES INFRASTRUCTURE G,UNITED UTILITIES GROUP PLC ORD ,-2.265820489754846,0.18322854613153788,0.05,0.00031258220702876983,False,-1.5190718430240389,15.066191330701134,,,,,,,,,,,,,,
ENERGY_UTILITIES,FSFL.L,UU.L,FORESIGHT SOLAR FUND LIMITED OR,UNITED UTILITIES GROUP PLC ORD ,-2.2628643356561766,0.18422472858544642,0.05,0.00031258220702876983,False,-1.3634198023996384,13.922873386803065,,,,,,,,,,,,,,
ENERGY_UTILITIES,HBR.L,INPP.L,HARBOUR ENERGY PLC ORD 0.002P,INTERNATIONAL PUBLIC PARTNERSHI,-2.2336680238130087,0.19425355920255333,0.05,0.00031258220702876983,False,4.974111521759864,-18.49885817154728,,,,,,,,,,,,,,
ENERGY_UTILITIES,BP.L,CNA.L,BP PLC $0.25,CENTRICA PLC ORD 6 14/81P,-2.2225481006889436,0.19816380652004068,0.05,0.00031258220702876983,False,0.6328336937446677,2.87786255348649,,,,,,,,,,,,,,
ENERGY_UTILITIES,FSFL.L,SSE.L,FORESIGHT SOLAR FUND LIMITED OR,SSE PLC ORD 50P,-2.1970572393262655,0.20731524243727262,0.05,0.00031258220702876983,False,-0.641165495460474,9.183124355929722,,,,,,,,,,,,,,
ENERGY_UTILITIES,DCC.L,INPP.L,DCC ENERGY PLC ORD EUR0.25 (CDI,INTERNATIONAL PUBLIC PARTNERSHI,-2.178373445883968,0.21418806157764597,0.05,0.00031258220702876983,False,2.861484789175549,-5.250801000487,,,,,,,,,,,,,,
ENERGY_UTILITIES,BP.L,TRIG.L,BP PLC $0.25,THE RENEWABLES INFRASTRUCTURE G,-2.1546527157015563,0.22311339565659782,0.05,0.00031258220702876983,False,-0.8241634058812282,9.685303533519566,,,,,,,,,,,,,,
ENERGY_UTILITIES,UKW.L,UU.L,GREENCOAT UK WIND PLC ORD 1P,UNITED UTILITIES GROUP PLC ORD ,-2.1357192227910193,0.23039631946915828,0.05,0.00031258220702876983,False,-1.3096424540807416,13.946633508269656,,,,,,,,,,,,,,
ENERGY_UTILITIES,SVT.L,UKW.L,SEVERN TRENT PLC ORD 97 17/19P,GREENCOAT UK WIND PLC ORD 1P,-2.13529871299625,0.23055966138365191,0.05,0.00031258220702876983,False,-0.4740503447357875,10.148035234158112,,,,,,,,,,,,,,
ENERGY_UTILITIES,CNA.L,HICL.L,CENTRICA PLC ORD 6 14/81P,HICL INFRASTRUCTURE PLC ORD 0.0,-2.094937462437381,0.2465551401091765,0.05,0.00031258220702876983,False,-196.49116741680825,945.8248389151917,,,,,,,,,,,,,,
ENERGY_UTILITIES,PNN.L,UKW.L,PENNON GROUP PLC ORD 61 1/20P,GREENCOAT UK WIND PLC ORD 1P,-2.0897200220051646,0.2486682734555712,0.05,0.00031258220702876983,False,0.6278953980853826,3.2893826243325766,,,,,,,,,,,,,,
ENERGY_UTILITIES,ENOG.L,HBR.L,ENERGEAN PLC ORD 1P,HARBOUR ENERGY PLC ORD 0.002P,-2.045787698499425,0.2668644209052763,0.05,0.00031258220702876983,False,0.1587666673069624,5.9484162570764925,,,,,,,,,,,,,,
ENERGY_UTILITIES,FSFL.L,NG.L,FORESIGHT SOLAR FUND LIMITED OR,NATIONAL GRID PLC ORD 12 204/47,-2.009443984874713,0.28244765478346995,0.05,0.00031258220702876983,False,-1.25706562338864,13.10974126965586,,,,,,,,,,,,,,
ENERGY_UTILITIES,HBR.L,SSE.L,HARBOUR ENERGY PLC ORD 0.002P,SSE PLC ORD 50P,-2.003324282976033,0.285117421866776,0.05,0.00031258220702876983,False,1.0641336022634074,-2.587848455569551,,,,,,,,,,,,,,
ENERGY_UTILITIES,HICL.L,TRIG.L,HICL INFRASTRUCTURE PLC ORD 0.0,THE RENEWABLES INFRASTRUCTURE G,-1.9661597106593693,0.30160508412740467,0.05,0.00031258220702876983,False,0.1654762151912814,4.062519306532532,,,,,,,,,,,,,,
ENERGY_UTILITIES,HICL.L,PNN.L,HICL INFRASTRUCTURE PLC ORD 0.0,PENNON GROUP PLC ORD 61 1/20P,-1.929991238736593,0.3180864460850853,0.05,0.00031258220702876983,False,0.2760036378466573,3.0591206183865047,,,,,,,,,,,,,,
ENERGY_UTILITIES,DCC.L,HBR.L,DCC ENERGY PLC ORD EUR0.25 (CDI,HARBOUR ENERGY PLC ORD 0.002P,-1.9209265077253541,0.3222815580134749,0.05,0.00031258220702876983,False,0.26558913204814344,7.081684570460246,,,,,,,,,,,,,,
ENERGY_UTILITIES,BP.L,DCC.L,BP PLC $0.25,DCC ENERGY PLC ORD EUR0.25 (CDI,-1.9121429064664943,0.3263704433749492,0.05,0.00031258220702876983,False,3.3931931378116835,-22.876456168511705,,,,,,,,,,,,,,
ENERGY_UTILITIES,SSE.L,UKW.L,SSE PLC ORD 50P,GREENCOAT UK WIND PLC ORD 1P,-1.8998674283735932,0.332123479168445,0.05,0.00031258220702876983,False,-1.6756136909492614,15.498685319602206,,,,,,,,,,,,,,
ENERGY_UTILITIES,HICL.L,UKW.L,HICL INFRASTRUCTURE PLC ORD 0.0,GREENCOAT UK WIND PLC ORD 1P,-1.8988580105574535,0.3325985291766731,0.05,0.00031258220702876983,False,0.1425406491640427,4.1127072547553905,,,,,,,,,,,,,,
ENERGY_UTILITIES,CNA.L,DCC.L,CENTRICA PLC ORD 6 14/81P,DCC ENERGY PLC ORD EUR0.25 (CDI,-1.8189765574703625,0.3710818864528078,0.05,0.00031258220702876983,False,-9.081402019305388,82.52633886268961,,,,,,,,,,,,,,
ENERGY_UTILITIES,DCC.L,SVT.L,DCC ENERGY PLC ORD EUR0.25 (CDI,SEVERN TRENT PLC ORD 97 17/19P,-1.7974587952393797,0.3817240591270931,0.05,0.00031258220702876983,False,-0.1879023176432315,10.01642224877798,,,,,,,,,,,,,,
ENERGY_UTILITIES,PNN.L,SVT.L,PENNON GROUP PLC ORD 61 1/20P,SEVERN TRENT PLC ORD 97 17/19P,-1.7715271603855887,0.394686453484012,0.05,0.00031258220702876983,False,3.158570085591546,-18.69734620638077,,,,,,,,,,,,,,
ENERGY_UTILITIES,SSE.L,TRIG.L,SSE PLC ORD 50P,THE RENEWABLES INFRASTRUCTURE G,-1.7676395805241831,0.3966419206770919,0.05,0.00031258220702876983,False,-1.5786100871696687,14.481592316357364,,,,,,,,,,,,,,
ENERGY_UTILITIES,DCC.L,UU.L,DCC ENERGY PLC ORD EUR0.25 (CDI,UNITED UTILITIES GROUP PLC ORD ,-1.7487540671426247,0.406183960708155,0.05,0.00031258220702876983,False,-0.11171967851686045,9.317163080402498,,,,,,,,,,,,,,
ENERGY_UTILITIES,CNA.L,INPP.L,CENTRICA PLC ORD 6 14/81P,INTERNATIONAL PUBLIC PARTNERSHI,-1.746893335112261,0.4071278050588077,0.05,0.00031258220702876983,False,10.11405692558152,-43.66594041594546,,,,,,,,,,,,,,
ENERGY_UTILITIES,FSFL.L,INPP.L,FORESIGHT SOLAR FUND LIMITED OR,INTERNATIONAL PUBLIC PARTNERSHI,-1.742496485936584,0.4093606221733965,0.05,0.00031258220702876983,False,-16.125993356368586,82.0054317273494,,,,,,,,,,,,,,
ENERGY_UTILITIES,DCC.L,NG.L,DCC ENERGY PLC ORD EUR0.25 (CDI,NATIONAL GRID PLC ORD 12 204/47,-1.7076590695358551,0.42717067708597817,0.05,0.00031258220702876983,False,-0.17011066855155418,9.718967055658986,,,,,,,,,,,,,,
ENERGY_UTILITIES,DCC.L,TRIG.L,DCC ENERGY PLC ORD EUR0.25 (CDI,THE RENEWABLES INFRASTRUCTURE G,-1.6832291918711726,0.4397733556406419,0.05,0.00031258220702876983,False,0.15453228715166814,7.854116576813397,,,,,,,,,,,,,,
ENERGY_UTILITIES,NG.L,PNN.L,NATIONAL GRID PLC ORD 12 204/47,PENNON GROUP PLC ORD 61 1/20P,-1.6642254907765783,0.44963238639790476,0.05,0.00031258220702876983,False,3.755205154728889,-16.540384184402804,,,,,,,,,,,,,,
ENERGY_UTILITIES,DCC.L,UKW.L,DCC ENERGY PLC ORD EUR0.25 (CDI,GREENCOAT UK WIND PLC ORD 1P,-1.6564781414310235,0.4536641105845352,0.05,0.00031258220702876983,False,0.19489624530460514,7.608338272172018,,,,,,,,,,,,,,
ENERGY_UTILITIES,DCC.L,SSE.L,DCC ENERGY PLC ORD EUR0.25 (CDI,SSE PLC ORD 50P,-1.6446169914805708,0.4598493127577141,0.05,0.00031258220702876983,False,0.004849991097779056,8.494832260466255,,,,,,,,,,,,,,
ENERGY_UTILITIES,INPP.L,UKW.L,INTERNATIONAL PUBLIC PARTNERSHI,GREENCOAT UK WIND PLC ORD 1P,-1.6280592577186692,0.4685067377046196,0.05,0.00031258220702876983,False,-0.02450786159103133,4.93257505662457,,,,,,,,,,,,,,
ENERGY_UTILITIES,DCC.L,FSFL.L,DCC ENERGY PLC ORD EUR0.25 (CDI,FORESIGHT SOLAR FUND LIMITED OR,-1.564519549199668,0.5013878112237045,0.05,0.00031258220702876983,False,0.05015529805715217,8.314094897874483,,,,,,,,,,,,,,
ENERGY_UTILITIES,PNN.L,SSE.L,PENNON GROUP PLC ORD 61 1/20P,SSE PLC ORD 50P,-1.5554709669788984,0.5059142500809108,0.05,0.00031258220702876983,False,0.30389088781064494,3.965591190310855,,,,,,,,,,,,,,
ENERGY_UTILITIES,INPP.L,PNN.L,INTERNATIONAL PUBLIC PARTNERSHI,PENNON GROUP PLC ORD 61 1/20P,-1.5351337359354613,0.516065166364086,0.05,0.00031258220702876983,False,0.3536507092952565,2.6013807451134467,,,,,,,,,,,,,,
ENERGY_UTILITIES,HBR.L,TRIG.L,HARBOUR ENERGY PLC ORD 0.002P,THE RENEWABLES INFRASTRUCTURE G,-1.50544026121709,0.5308184233344962,0.05,0.00031258220702876983,False,2.0255957446570303,-3.420280634950913,,,,,,,,,,,,,,
ENERGY_UTILITIES,INPP.L,TRIG.L,INTERNATIONAL PUBLIC PARTNERSHI,THE RENEWABLES INFRASTRUCTURE G,-1.4913495349431438,0.5377861775269674,0.05,0.00031258220702876983,False,0.03032345452074782,4.68356576944083,,,,,,,,,,,,,,
ENERGY_UTILITIES,CNA.L,HBR.L,CENTRICA PLC ORD 6 14/81P,HARBOUR ENERGY PLC ORD 0.002P,-1.475610591143244,0.5455400903689942,0.05,0.00031258220702876983,False,-0.7973329730565049,9.400849853415616,,,,,,,,,,,,,,
ENERGY_UTILITIES,FSFL.L,HBR.L,FORESIGHT SOLAR FUND LIMITED OR,HARBOUR ENERGY PLC ORD 0.002P,-1.4614558063083058,0.552485204523071,0.05,0.00031258220702876983,False,0.08977930559636041,3.844679049879201,,,,,,,,,,,,,,
ENERGY_UTILITIES,HBR.L,UKW.L,HARBOUR ENERGY PLC ORD 0.002P,GREENCOAT UK WIND PLC ORD 1P,-1.4438837042656036,0.5610664401945038,0.05,0.00031258220702876983,False,2.4143124373008753,-5.977025517905943,,,,,,,,,,,,,,
ENERGY_UTILITIES,FSFL.L,HICL.L,FORESIGHT SOLAR FUND LIMITED OR,HICL INFRASTRUCTURE PLC ORD 0.0,-1.4429772765914461,0.5615078031102315,0.05,0.00031258220702876983,False,7.17011805647724,-29.994905362679596,,,,,,,,,,,,,,
ENERGY_UTILITIES,CNA.L,SSE.L,CENTRICA PLC ORD 6 14/81P,SSE PLC ORD 50P,-1.4290811365975613,0.5682576072286585,0.05,0.00031258220702876983,False,0.9870989773955993,-2.4159255865677665,,,,,,,,,,,,,,
ENERGY_UTILITIES,BP.L,HBR.L,BP PLC $0.25,HARBOUR ENERGY PLC ORD 0.002P,-1.4007215938977362,0.5819301284865569,0.05,0.00031258220702876983,False,0.5805036554459386,2.9036877544631507,,,,,,,,,,,,,,
ENERGY_UTILITIES,HBR.L,NG.L,HARBOUR ENERGY PLC ORD 0.002P,NATIONAL GRID PLC ORD 12 204/47,-1.277901026505288,0.6392210097464622,0.05,0.00031258220702876983,False,86.76483979700014,-600.2044638443779,,,,,,,,,,,,,,
ENERGY_UTILITIES,DCC.L,PNN.L,DCC ENERGY PLC ORD EUR0.25 (CDI,PENNON GROUP PLC ORD 61 1/20P,-1.2192458026667128,0.665262347055177,0.05,0.00031258220702876983,False,0.3077599906596903,6.603837948798831,,,,,,,,,,,,,,
ENERGY_UTILITIES,HBR.L,UU.L,HARBOUR ENERGY PLC ORD 0.002P,UNITED UTILITIES GROUP PLC ORD ,-1.164181950787263,0.6888109200185027,0.05,0.00031258220702876983,False,46.53945620587004,-321.8246832924977,,,,,,,,,,,,,,
ENERGY_UTILITIES,PNN.L,UU.L,PENNON GROUP PLC ORD 61 1/20P,UNITED UTILITIES GROUP PLC ORD ,-0.928432797998179,0.7784649634939314,0.05,0.00031258220702876983,False,0.9942969455646653,-0.728737221999463,,,,,,,,,,,,,,
ENERGY_UTILITIES,DCC.L,ENOG.L,DCC ENERGY PLC ORD EUR0.25 (CDI,ENERGEAN PLC ORD 1P,-0.8378687008019089,0.8077446243248388,0.05,0.00031258220702876983,False,0.3510630156660616,6.1389750521489885,,,,,,,,,,,,,,
ES_BANKS,CABK.MC,SAN.MC,"CAIXABANK, S.A.",BANCO SANTANDER S.A.,-4.28331406897892,0.0004747137186949299,0.05,0.0004747137186949299,True,0.886816400243402,0.27413684726354237,9.47984720582301,0.00020533132282314425,-0.07311796967931916,28.0,0.1365515618792774,2.882190305416779,False,,0.6,0.008148196441395552,0.2930699894247417,0.8646099115799049,True,reversion signs agree
ES_BANKS,BBVA.MC,SAN.MC,BANCO BILBAO VIZCAYA ARGENTARIA,BANCO SANTANDER S.A.,-3.417483702132232,0.010377098355609456,0.05,0.0004747137186949299,False,0.9192014683750211,0.8088619643731612,,,,,,,,,,,,,,
ES_BANKS,BKT.MC,SAN.MC,"BANKINTER, S.A.",BANCO SANTANDER S.A.,-3.22554837541077,0.018552656411978674,0.05,0.0004747137186949299,False,0.7931390971833134,0.8104568066741111,,,,,,,,,,,,,,
ES_BANKS,BKT.MC,SAB.MC,"BANKINTER, S.A.",BANCO DE SABADELL,-3.1045898533573046,0.02621537816761662,0.05,0.0004747137186949299,False,1.018811060741978,1.5443007010828018,,,,,,,,,,,,,,
ES_BANKS,BBVA.MC,CABK.MC,BANCO BILBAO VIZCAYA ARGENTARIA,"CAIXABANK, S.A.",-2.921731904584073,0.04287860849632361,0.05,0.0004747137186949299,False,1.0367937447750586,0.5241736928304395,,,,,,,,,,,,,,
ES_BANKS,BBVA.MC,BKT.MC,BANCO BILBAO VIZCAYA ARGENTARIA,"BANKINTER, S.A.",-2.5809056596476276,0.09700824487840293,0.05,0.0004747137186949299,False,1.1599034728162456,-0.1326427353560491,,,,,,,,,,,,,,
ES_BANKS,SAB.MC,SAN.MC,BANCO DE SABADELL,BANCO SANTANDER S.A.,-1.660476424463529,0.4515825520535982,0.05,0.0004747137186949299,False,0.7751785259776124,-0.7139816940015787,,,,,,,,,,,,,,
ES_BANKS,BBVA.MC,SAB.MC,BANCO BILBAO VIZCAYA ARGENTARIA,BANCO DE SABADELL,-1.5947000984908908,0.48625527273215585,0.05,0.0004747137186949299,False,1.1856813910280342,1.6555818404958424,,,,,,,,,,,,,,
ES_BANKS,CABK.MC,SAB.MC,"CAIXABANK, S.A.",BANCO DE SABADELL,-1.14866783530276,0.6952789392453009,0.05,0.0004747137186949299,False,1.1428642849110113,1.0918200454615672,,,,,,,,,,,,,,
ES_BANKS,BKT.MC,CABK.MC,"BANKINTER, S.A.","CAIXABANK, S.A.",-0.9343341775954666,0.7764555547832694,0.05,0.0004747137186949299,False,0.8943375744776308,0.5653351664110304,,,,,,,,,,,,,,
ES_UTILITIES,RED.MC,SLR.MC,"REDEIA CORPORACION, S.A.",SOLARIA ENERGIA Y MEDIO AMBIENT,-3.325166664713468,0.013790325239381902,0.05,,False,-0.1021801304454896,2.981517394250815,,,,,,,,,,,,,,
ES_UTILITIES,ENC.MC,SLR.MC,"ENCE ENERGIA Y CELULOSA, S.A.",SOLARIA ENERGIA Y MEDIO AMBIENT,-3.2846364643510806,0.015579348955287283,0.05,,False,-0.2610943828107404,1.6721862714645876,,,,,,,,,,,,,,
ES_UTILITIES,ENC.MC,IBE.MC,"ENCE ENERGIA Y CELULOSA, S.A.",ACCIONES IBERDROLA,-3.245799986975205,0.01748201668050527,0.05,,False,-0.623300741863176,2.707015344091176,,,,,,,,,,,,,,
ES_UTILITIES,IBE.MC,NTGY.MC,ACCIONES IBERDROLA,"NATURGY ENERGY GROUP, S.A.",-3.0256949670163293,0.032563497061007536,0.05,,False,1.7206895735871799,-2.705254264680789,,,,,,,,,,,,,,
ES_UTILITIES,ENC.MC,RED.MC,"ENCE ENERGIA Y CELULOSA, S.A.","REDEIA CORPORACION, S.A.",-2.832609194164777,0.053764632061746316,0.05,,False,3.357068105312821,-8.132242589369701,,,,,,,,,,,,,,
ES_UTILITIES,NTGY.MC,SLR.MC,"NATURGY ENERGY GROUP, S.A.",SOLARIA ENERGIA Y MEDIO AMBIENT,-2.7812313162466995,0.06100515787973806,0.05,,False,0.16698157700889582,2.7281213840110943,,,,,,,,,,,,,,
ES_UTILITIES,IBE.MC,RED.MC,ACCIONES IBERDROLA,"REDEIA CORPORACION, S.A.",-2.692049374816223,0.07542420827999308,0.05,,False,-8.511271394625972,25.91031253490739,,,,,,,,,,,,,,
ES_UTILITIES,NTGY.MC,RED.MC,"NATURGY ENERGY GROUP, S.A.","REDEIA CORPORACION, S.A.",-2.3869546568888107,0.1454522629280074,0.05,,False,-11.823197649874785,35.377677021768264,,,,,,,,,,,,,,
ES_UTILITIES,IBE.MC,SLR.MC,ACCIONES IBERDROLA,SOLARIA ENERGIA Y MEDIO AMBIENT,-2.300250262152628,0.17188726969511514,0.05,,False,0.37699003928153335,1.7649388511520956,,,,,,,,,,,,,,
ES_UTILITIES,ENC.MC,NTGY.MC,"ENCE ENERGIA Y CELULOSA, S.A.","NATURGY ENERGY GROUP, S.A.",-1.904489656085628,0.3299519914809491,0.05,,False,-1.1571007532628177,4.659280823871372,,,,,,,,,,,,,,
FINANCIALS,ABDN.L,MNG.L,ABERDEEN GROUP PLC ORD 13 61/63,M&G PLC,-4.8013594585525095,5.406120181450211e-05,0.05,5.406120181450211e-05,True,0.9952384193183429,-0.28064180794517224,13.191474968037312,-2.6188843921722693e-06,-0.0525450855373965,40.0,0.9753532279870747,3.3194985562175856,False,,0.8,0.011414669867639112,0.47622492363463154,0.4080859616910749,True,reversion signs agree
FINANCIALS,BEZ.L,ICG.L,BEAZLEY PLC ORD 5P,ICG PLC ORD 26 1/4P,-4.247428729257548,0.0005471337169968046,0.05,5.406120181450211e-05,False,-2.218676818290722,23.680199772696195,,,,,,,,,,,,,,
FINANCIALS,BGEO.L,LGEN.L,LION FINANCE GROUP PLC ORD 1P,LEGAL & GENERAL GROUP PLC ORD 2,-3.8270237144219847,0.0026426181844222867,0.05,5.406120181450211e-05,False,6.375210390081553,-26.217420138475127,,,,,,,,,,,,,,
FINANCIALS,HSBA.L,LGEN.L,HSBC HOLDINGS PLC ORD $0.50 (UK,LEGAL & GENERAL GROUP PLC ORD 2,-3.7905844659879753,0.003005130701156848,0.05,5.406120181450211e-05,False,4.354566352385096,-17.079460318921342,,,,,,,,,,,,,,
FINANCIALS,LGEN.L,STAN.L,LEGAL & GENERAL GROUP PLC ORD 2,STANDARD CHARTERED PLC ORD USD0,-3.633094193621346,0.0051589607814272334,0.05,5.406120181450211e-05,False,0.17180464253089908,4.268303028953811,,,,,,,,,,,,,,
FINANCIALS,ASHM.L,INVP.L,ASHMORE GROUP PLC ORD 0.01P,INVESTEC PLC ORD GBP0.0002,-3.6290600542513527,0.005229157048682773,0.05,5.406120181450211e-05,False,1.9623344974337844,-7.240181140634732,,,,,,,,,,,,,,
FINANCIALS,LGEN.L,MNG.L,LEGAL & GENERAL GROUP PLC ORD 2,M&G PLC,-3.6254231079579493,0.0052931852340815716,0.05,5.406120181450211e-05,False,0.33702222066026444,3.6418816471759894,,,,,,,,,,,,,,
FINANCIALS,BARC.L,LGEN.L,BARCLAYS PLC ORD 25P,LEGAL & GENERAL GROUP PLC ORD 2,-3.6151914874142155,0.005477153196850563,0.05,5.406120181450211e-05,False,4.7030149926292495,-20.02734360417802,,,,,,,,,,,,,,
FINANCIALS,LGEN.L,LLOY.L,LEGAL & GENERAL GROUP PLC ORD 2,LLOYDS BANKING GROUP PLC ORD 10,-3.571494201882098,0.006329973734631754,0.05,5.406120181450211e-05,False,0.24748594660473755,4.421368549078522,,,,,,,,,,,,,,
FINANCIALS,ICG.L,LGEN.L,ICG PLC ORD 26 1/4P,LEGAL & GENERAL GROUP PLC ORD 2,-3.497810488394268,0.008043503730995327,0.05,5.406120181450211e-05,False,-2.6353583192498107,22.077939506224887,,,,,,,,,,,,,,
FINANCIALS,ABDN.L,LGEN.L,ABERDEEN GROUP PLC ORD 13 61/63,LEGAL & GENERAL GROUP PLC ORD 2,-3.4914952333811504,0.008208219866575899,0.05,5.406120181450211e-05,False,3.012250655583965,-11.360412343544862,,,,,,,,,,,,,,
FINANCIALS,ICG.L,SDR.L,ICG PLC ORD 26 1/4P,SCHRODERS PLC ORD 20P,-3.425985017227482,0.010104303288701393,0.05,5.406120181450211e-05,False,-0.38577057033349654,9.91375211220944,,,,,,,,,,,,,,
FINANCIALS,LGEN.L,NWG.L,LEGAL & GENERAL GROUP PLC ORD 2,NATWEST GROUP PLC ORD 107.69P,-3.3697521704718976,0.012034265255623875,0.05,5.406120181450211e-05,False,0.24896182763159894,3.9538941514702888,,,,,,,,,,,,,,
FINANCIALS,BEZ.L,SDR.L,BEAZLEY PLC ORD 5P,SCHRODERS PLC ORD 20P,-3.326444312655507,0.013737008196705902,0.05,5.406120181450211e-05,False,0.9651343709587507,1.0314953687501625,,,,,,,,,,,,,,
FINANCIALS,BGEO.L,LLOY.L,LION FINANCE GROUP PLC ORD 1P,LLOYDS BANKING GROUP PLC ORD 10,-3.3218610708976866,0.013929119331941709,0.05,5.406120181450211e-05,False,1.5640432183428197,2.0290956711842965,,,,,,,,,,,,,,
FINANCIALS,AV.L,PRU.L,AVIVA PLC ORD 32 17/19P,PRUDENTIAL PLC ORD 5P,-3.3145993472141657,0.014238363038406393,0.05,5.406120181450211e-05,False,0.5945718300782077,2.331100045690138,,,,,,,,,,,,,,
FINANCIALS,NWG.L,PRU.L,NATWEST GROUP PLC ORD 107.69P,PRUDENTIAL PLC ORD 5P,-3.3070406618025907,0.014566675127831453,0.05,5.406120181450211e-05,False,0.9776484829152012,-0.43516657198366104,,,,,,,,,,,,,,
FINANCIALS,PRU.L,STJ.L,PRUDENTIAL PLC ORD 5P,ST. JAMES'S PLACE PLC ORD 15P,-3.2924238376055723,0.015220544404454483,0.05,5.406120181450211e-05,False,0.8402897350504641,0.9199674216068594,,,,,,,,,,,,,,
FINANCIALS,NWG.L,STAN.L,NATWEST GROUP PLC ORD 107.69P,STANDARD CHARTERED PLC ORD USD0,-3.2286946113933173,0.018382656058785148,0.05,5.406120181450211e-05,False,0.6930413923390342,1.2418307861612048,,,,,,,,,,,,,,
FINANCIALS,BARC.L,NWG.L,BARCLAYS PLC ORD 25P,NATWEST GROUP PLC ORD 107.69P,-3.2063688976043547,0.01961896961273206,0.05,5.406120181450211e-05,False,1.1879847264995929,-1.5377956551722765,,,,,,,,,,,,,,
FINANCIALS,BEZ.L,LGEN.L,BEAZLEY PLC ORD 5P,LEGAL & GENERAL GROUP PLC ORD 2,-3.196260209414867,0.020202176092009704,0.05,5.406120181450211e-05,False,3.925869263631008,-14.754201928320484,,,,,,,,,,,,,,
FINANCIALS,ABDN.L,BGEO.L,ABERDEEN GROUP PLC ORD 13 61/63,LION FINANCE GROUP PLC ORD 1P,-3.1850085782779614,0.020869006607241104,0.05,5.406120181450211e-05,False,0.4478400252406409,1.243888327431884,,,,,,,,,,,,,,
FINANCIALS,LGEN.L,SDR.L,LEGAL & GENERAL GROUP PLC ORD 2,SCHRODERS PLC ORD 20P,-3.180559750463808,0.021137895879622965,0.05,5.406120181450211e-05,False,0.24790243772785714,4.008606429173337,,,,,,,,,,,,,,
FINANCIALS,BARC.L,STAN.L,BARCLAYS PLC ORD 25P,STANDARD CHARTERED PLC ORD USD0,-3.097303811015777,0.02675336303056096,0.05,5.406120181450211e-05,False,0.8281800267936786,-0.09709541069504013,,,,,,,,,,,,,,
FINANCIALS,ABDN.L,LLOY.L,ABERDEEN GROUP PLC ORD 13 61/63,LLOYDS BANKING GROUP PLC ORD 10,-3.0408720716248765,0.03124977245830915,0.05,5.406120181450211e-05,False,0.7241126814045797,2.050268814817169,,,,,,,,,,,,,,
FINANCIALS,LLOY.L,PRU.L,LLOYDS BANKING GROUP PLC ORD 10,PRUDENTIAL PLC ORD 5P,-3.007634638654171,0.03418754625327607,0.05,5.406120181450211e-05,False,1.012229357439464,-2.5210452960131455,,,,,,,,,,,,,,
FINANCIALS,BNKR.L,LGEN.L,BANKERS INVESTMENT TRUST PLC OR,LEGAL & GENERAL GROUP PLC ORD 2,-2.978837138249126,0.0369185686769215,0.05,5.406120181450211e-05,False,1.4726335774535906,-3.2728190405362056,,,,,,,,,,,,,,
FINANCIALS,ICG.L,LLOY.L,ICG PLC ORD 26 1/4P,LLOYDS BANKING GROUP PLC ORD 10,-2.9504315213875474,0.03978997650347156,0.05,5.406120181450211e-05,False,-0.29796417787365276,8.894660049617418,,,,,,,,,,,,,,
FINANCIALS,HSBA.L,ICG.L,HSBC HOLDINGS PLC ORD $0.50 (UK,ICG PLC ORD 26 1/4P,-2.9265101111082292,0.04235094319609096,0.05,5.406120181450211e-05,False,-3.600907734632858,34.22307701349896,,,,,,,,,,,,,,
FINANCIALS,ASHM.L,ICG.L,ASHMORE GROUP PLC ORD 0.01P,ICG PLC ORD 26 1/4P,-2.9252577461736218,0.04248871805997728,0.05,5.406120181450211e-05,False,-2.2462282280446795,22.268350345809154,,,,,,,,,,,,,,
FINANCIALS,ICG.L,MNG.L,ICG PLC ORD 26 1/4P,M&G PLC,-2.925109381800742,0.04250506459240889,0.05,5.406120181450211e-05,False,-0.4190237260689665,9.905901972397992,,,,,,,,,,,,,,
FINANCIALS,BGEO.L,NWG.L,LION FINANCE GROUP PLC ORD 1P,NATWEST GROUP PLC ORD 107.69P,-2.9220449201254857,0.042843874940052686,0.05,5.406120181450211e-05,False,1.6349718082704767,-1.3056013285792591,,,,,,,,,,,,,,
FINANCIALS,BGEO.L,ICG.L,LION FINANCE GROUP PLC ORD 1P,ICG PLC ORD 26 1/4P,-2.9211622057718514,0.04294188488928428,0.05,5.406120181450211e-05,False,-5.38198305791954,49.728840193915886,,,,,,,,,,,,,,
FINANCIALS,BGEO.L,HSBA.L,LION FINANCE GROUP PLC ORD 1P,HSBC HOLDINGS PLC ORD $0.50 (UK,-2.854790921831082,0.05086343755160056,0.05,5.406120181450211e-05,False,1.470610779791961,-1.2575702858607958,,,,,,,,,,,,,,
FINANCIALS,ABDN.L,HSBA.L,ABERDEEN GROUP PLC ORD 13 61/63,HSBC HOLDINGS PLC ORD $0.50 (UK,-2.848319657324991,0.051696238830827065,0.05,5.406120181450211e-05,False,0.6640258434174732,0.6436150620448711,,,,,,,,,,,,,,
FINANCIALS,BARC.L,BGEO.L,BARCLAYS PLC ORD 25P,LION FINANCE GROUP PLC ORD 1P,-2.8429602575885173,0.05239438631209894,0.05,5.406120181450211e-05,False,0.7351679403856413,-0.6643728005604261,,,,,,,,,,,,,,
FINANCIALS,ABDN.L,STAN.L,ABERDEEN GROUP PLC ORD 13 61/63,STANDARD CHARTERED PLC ORD USD0,-2.805564821034401,0.057483259183282745,0.05,5.406120181450211e-05,False,0.4897662844566067,1.6943305399961295,,,,,,,,,,,,,,
FINANCIALS,ADM.L,AV.L,ADMIRAL GROUP PLC ORD 0.1P,AVIVA PLC ORD 32 17/19P,-2.8027076929970853,0.05788803312214529,0.05,5.406120181450211e-05,False,0.7047024415138566,3.5349471341314906,,,,,,,,,,,,,,
FINANCIALS,ABDN.L,ICG.L,ABERDEEN GROUP PLC ORD 13 61/63,ICG PLC ORD 26 1/4P,-2.783870590013306,0.0606149322138966,0.05,5.406120181450211e-05,False,-2.8821236706241473,27.103669937848508,,,,,,,,,,,,,,
FINANCIALS,AV.L,STJ.L,AVIVA PLC ORD 32 17/19P,ST. JAMES'S PLACE PLC ORD 15P,-2.779481358346526,0.061265011582791934,0.05,5.406120181450211e-05,False,0.4908712255754287,2.9388527028981897,,,,,,,,,,,,,,
FINANCIALS,ICG.L,NWG.L,ICG PLC ORD 26 1/4P,NATWEST GROUP PLC ORD 107.69P,-2.7690842459313734,0.06282736347489194,0.05,5.406120181450211e-05,False,-0.27074743306226434,9.278447372191417,,,,,,,,,,,,,,
FINANCIALS,NWG.L,STJ.L,NATWEST GROUP PLC ORD 107.69P,ST. JAMES'S PLACE PLC ORD 15P,-2.7613093473854726,0.06401651344152272,0.05,5.406120181450211e-05,False,0.8361453535202678,0.3624861094901677,,,,,,,,,,,,,,
FINANCIALS,BARC.L,ICG.L,BARCLAYS PLC ORD 25P,ICG PLC ORD 26 1/4P,-2.7590001354751017,0.0643731635554582,0.05,5.406120181450211e-05,False,-4.750402265418943,41.93233686332452,,,,,,,,,,,,,,
FINANCIALS,AV.L,ICG.L,AVIVA PLC ORD 32 17/19P,ICG PLC ORD 26 1/4P,-2.751802752650506,0.06549501985803291,0.05,5.406120181450211e-05,False,-2.096300553241757,22.296854549821354,,,,,,,,,,,,,,
FINANCIALS,LGEN.L,PRU.L,LEGAL & GENERAL GROUP PLC ORD 2,PRUDENTIAL PLC ORD 5P,-2.7122694409818804,0.07193907806501712,0.05,5.406120181450211e-05,False,0.2338369884574192,3.9101930896067936,,,,,,,,,,,,,,
FINANCIALS,ICG.L,PRU.L,ICG PLC ORD 26 1/4P,PRUDENTIAL PLC ORD 5P,-2.711173146132385,0.07212470274675324,0.05,5.406120181450211e-05,False,-0.27192538037177405,9.445148594553817,,,,,,,,,,,,,,
FINANCIALS,BARC.L,HSBA.L,BARCLAYS PLC ORD 25P,HSBC HOLDINGS PLC ORD $0.50 (UK,-2.685523092294221,0.07657708346167239,0.05,5.406120181450211e-05,False,1.083240884559548,-1.6032120507051255,,,,,,,,,,,,,,
FINANCIALS,ICG.L,STAN.L,ICG PLC ORD 26 1/4P,STANDARD CHARTERED PLC ORD USD0,-2.6826205347913046,0.07709426078218254,0.05,5.406120181450211e-05,False,-0.17490403055299317,8.851574732678113,,,,,,,,,,,,,,
FINANCIALS,ICG.L,INVP.L,ICG PLC ORD 26 1/4P,INVESTEC PLC ORD GBP0.0002,-2.6813358391099893,0.07732404314169235,0.05,5.406120181450211e-05,False,-2.751457842488998,25.024465471429252,,,,,,,,,,,,,,
FINANCIALS,BGEO.L,MNG.L,LION FINANCE GROUP PLC ORD 1P,M&G PLC,-2.678434495448451,0.07784496268728244,0.05,5.406120181450211e-05,False,2.1324852654223894,-2.9113001335629836,,,,,,,,,,,,,,
FINANCIALS,ABDN.L,PRU.L,ABERDEEN GROUP PLC ORD 13 61/63,PRUDENTIAL PLC ORD 5P,-2.648845100851665,0.08331622924617704,0.05,5.406120181450211e-05,False,0.7316453366894141,0.23369159448947663,,,,,,,,,,,,,,
FINANCIALS,AJB.L,ICG.L,AJ BELL PLC ORD GBP0.000125,ICG PLC ORD 26 1/4P,-2.6247333859808917,0.08799236091369511,0.05,5.406120181450211e-05,False,-1.4049910244672543,16.842983978910986,,,,,,,,,,,,,,
FINANCIALS,ABDN.L,BARC.L,ABERDEEN GROUP PLC ORD 13 61/63,BARCLAYS PLC ORD 25P,-2.611993319873757,0.09054374053295045,0.05,5.406120181450211e-05,False,0.6114318959854333,1.6354702881505516,,,,,,,,,,,,,,
FINANCIALS,BGEO.L,STAN.L,LION FINANCE GROUP PLC ORD 1P,STANDARD CHARTERED PLC ORD USD0,-2.591583253919216,0.0947493454335469,0.05,5.406120181450211e-05,False,1.1219066678146639,0.8044546731897846,,,,,,,,,,,,,,
FINANCIALS,BARC.L,PRU.L,BARCLAYS PLC ORD 25P,PRUDENTIAL PLC ORD 5P,-2.580832446808796,0.0970238738838281,0.05,5.406120181450211e-05,False,1.1716283211287606,-2.123710535137662,,,,,,,,,,,,,,
FINANCIALS,INVP.L,SDR.L,INVESTEC PLC ORD GBP0.0002,SCHRODERS PLC ORD 20P,-2.5722967220125184,0.09885920716901159,0.05,5.406120181450211e-05,False,0.274025886631662,4.691561388874927,,,,,,,,,,,,,,
FINANCIALS,BEZ.L,HSBA.L,BEAZLEY PLC ORD 5P,HSBC HOLDINGS PLC ORD $0.50 (UK,-2.5710690288320084,0.09912533895565234,0.05,5.406120181450211e-05,False,0.7729358973328893,1.5225898651178102,,,,,,,,,,,,,,
FINANCIALS,BGEO.L,PRU.L,LION FINANCE GROUP PLC ORD 1P,PRUDENTIAL PLC ORD 5P,-2.566051865485875,0.10021858593432464,0.05,5.406120181450211e-05,False,1.5964382120479792,-2.003634897248773,,,,,,,,,,,,,,
FINANCIALS,LLOY.L,MNG.L,LLOYDS BANKING GROUP PLC ORD 10,M&G PLC,-2.5337864933403953,0.10746859750702675,0.05,5.406120181450211e-05,False,1.360775142278333,-3.1440889808729873,,,,,,,,,,,,,,
FINANCIALS,ADM.L,AJB.L,ADMIRAL GROUP PLC ORD 0.1P,AJ BELL PLC ORD GBP0.000125,-2.5270877668894767,0.10902190605241047,0.05,5.406120181450211e-05,False,0.9382682311505528,2.2348369249043962,,,,,,,,,,,,,,
FINANCIALS,ADM.L,PRU.L,ADMIRAL GROUP PLC ORD 0.1P,PRUDENTIAL PLC ORD 5P,-2.5163695829241925,0.11154206083312646,0.05,5.406120181450211e-05,False,0.35389863348048417,5.617821040777798,,,,,,,,,,,,,,
FINANCIALS,HSBA.L,NWG.L,HSBC HOLDINGS PLC ORD $0.50 (UK,NATWEST GROUP PLC ORD 107.69P,-2.4960731421821993,0.11643269759890851,0.05,5.406120181450211e-05,False,1.1036462047157054,0.01746524144724404,,,,,,,,,,,,,,
FINANCIALS,HSBA.L,STAN.L,HSBC HOLDINGS PLC ORD $0.50 (UK,STANDARD CHARTERED PLC ORD USD0,-2.492130021178287,0.11740093719649264,0.05,5.406120181450211e-05,False,0.7640978486912541,1.3935211432250805,,,,,,,,,,,,,,
FINANCIALS,AJB.L,INVP.L,AJ BELL PLC ORD GBP0.000125,INVESTEC PLC ORD GBP0.0002,-2.475747821642581,0.12148719563755928,0.05,5.406120181450211e-05,False,1.8345223608133097,-5.457497576613292,,,,,,,,,,,,,,
FINANCIALS,ADM.L,BGEO.L,ADMIRAL GROUP PLC ORD 0.1P,LION FINANCE GROUP PLC ORD 1P,-2.4670052932485045,0.12371004508871442,0.05,5.406120181450211e-05,False,0.20824291069993695,6.180104380503874,,,,,,,,,,,,,,
FINANCIALS,HSBA.L,SDR.L,HSBC HOLDINGS PLC ORD $0.50 (UK,SCHRODERS PLC ORD 20P,-2.4616441884319102,0.12508774256247862,0.05,5.406120181450211e-05,False,1.2515146007724927,-0.6524331093299285,,,,,,,,,,,,,,
FINANCIALS,ABDN.L,NWG.L,ABERDEEN GROUP PLC ORD 13 61/63,NATWEST GROUP PLC ORD 107.69P,-2.4354305449614717,0.13198503235108827,0.05,5.406120181450211e-05,False,0.727808855543982,0.6863389093352188,,,,,,,,,,,,,,
FINANCIALS,BNKR.L,HSBA.L,BANKERS INVESTMENT TRUST PLC OR,HSBC HOLDINGS PLC ORD $0.50 (UK,-2.428679948263811,0.13380476203587865,0.05,5.406120181450211e-05,False,0.3362811454767088,2.5161214320208565,,,,,,,,,,,,,,
FINANCIALS,LLOY.L,NWG.L,LLOYDS BANKING GROUP PLC ORD 10,NATWEST GROUP PLC ORD 107.69P,-2.4270248915763464,0.13425364377697818,0.05,5.406120181450211e-05,False,1.0351587450856428,-2.0691726006958726,,,,,,,,,,,,,,
FINANCIALS,ADM.L,STJ.L,ADMIRAL GROUP PLC ORD 0.1P,ST. JAMES'S PLACE PLC ORD 15P,-2.4085213075366556,0.13934576280924782,0.05,5.406120181450211e-05,False,0.2848160702890347,6.030716606820251,,,,,,,,,,,,,,
FINANCIALS,BNKR.L,ICG.L,BANKERS INVESTMENT TRUST PLC OR,ICG PLC ORD 26 1/4P,-2.4048764989408236,0.14036478073680547,0.05,5.406120181450211e-05,False,-0.6305234211564816,9.609878609780019,,,,,,,,,,,,,,
FINANCIALS,BARC.L,LLOY.L,BARCLAYS PLC ORD 25P,LLOYDS BANKING GROUP PLC ORD 10,-2.4042698437791783,0.14053490177730632,0.05,5.406120181450211e-05,False,1.1532068210538662,0.8127747642671874,,,,,,,,,,,,,,
FINANCIALS,LGEN.L,STJ.L,LEGAL & GENERAL GROUP PLC ORD 2,ST. JAMES'S PLACE PLC ORD 15P,-2.400306681869531,0.14164986870549534,0.05,5.406120181450211e-05,False,0.18578615494436376,4.199729282369889,,,,,,,,,,,,,,
FINANCIALS,ADM.L,ICG.L,ADMIRAL GROUP PLC ORD 0.1P,ICG PLC ORD 26 1/4P,-2.3778588628535062,0.1480833364145307,0.05,5.406120181450211e-05,False,-0.9812562869723903,15.474636770524699,,,,,,,,,,,,,,
FINANCIALS,ADM.L,LGEN.L,ADMIRAL GROUP PLC ORD 0.1P,LEGAL & GENERAL GROUP PLC ORD 2,-2.363526836106066,0.15229634204231546,0.05,5.406120181450211e-05,False,2.0723785351978155,-3.3692773029297527,,,,,,,,,,,,,,
FINANCIALS,ABDN.L,AJB.L,ABERDEEN GROUP PLC ORD 13 61/63,AJ BELL PLC ORD GBP0.000125,-2.355023320834052,0.154835033635144,0.05,5.406120181450211e-05,False,1.9481480534700313,-6.811859766975268,,,,,,,,,,,,,,
FINANCIALS,ICG.L,STJ.L,ICG PLC ORD 26 1/4P,ST. JAMES'S PLACE PLC ORD 15P,-2.3541717736077907,0.1550908635249958,0.05,5.406120181450211e-05,False,-0.15543060041686382,8.687069230455787,,,,,,,,,,,,,,
FINANCIALS,ADM.L,LLOY.L,ADMIRAL GROUP PLC ORD 0.1P,LLOYDS BANKING GROUP PLC ORD 10,-2.340069841610035,0.15937002079981827,0.05,5.406120181450211e-05,False,0.3440618562766391,6.523276547231915,,,,,,,,,,,,,,
FINANCIALS,ABDN.L,AV.L,ABERDEEN GROUP PLC ORD 13 61/63,AVIVA PLC ORD 32 17/19P,-2.328707651512668,0.16287625112444615,0.05,5.406120181450211e-05,False,1.2687954653203148,-2.877780543537466,,,,,,,,,,,,,,
FINANCIALS,AV.L,LGEN.L,AVIVA PLC ORD 32 17/19P,LEGAL & GENERAL GROUP PLC ORD 2,-2.3184649817906493,0.16608178475609958,0.05,5.406120181450211e-05,False,2.569398781922804,-7.757994046466683,,,,,,,,,,,,,,
FINANCIALS,BNKR.L,SDR.L,BANKERS INVESTMENT TRUST PLC OR,SCHRODERS PLC ORD 20P,-2.3162496471312397,0.1667806826306803,0.05,5.406120181450211e-05,False,0.3759017356591551,2.5656051804607753,,,,,,,,,,,,,,
FINANCIALS,INVP.L,MNG.L,INVESTEC PLC ORD GBP0.0002,M&G PLC,-2.313643472362003,0.16760542962419306,0.05,5.406120181450211e-05,False,0.29354294950756477,4.719656311680248,,,,,,,,,,,,,,
FINANCIALS,AJB.L,MNG.L,AJ BELL PLC ORD GBP0.000125,M&G PLC,-2.311724507147686,0.16821446297679266,0.05,5.406120181450211e-05,False,0.4854458566680845,3.4920028983368647,,,,,,,,,,,,,,
FINANCIALS,ABDN.L,SDR.L,ABERDEEN GROUP PLC ORD 13 61/63,SCHRODERS PLC ORD 20P,-2.3116682586020323,0.16823233743062682,0.05,5.406120181450211e-05,False,0.8101398826042474,0.3353673999587343,,,,,,,,,,,,,,
FINANCIALS,ABDN.L,ADM.L,ABERDEEN GROUP PLC ORD 13 61/63,ADMIRAL GROUP PLC ORD 0.1P,-2.309723637279828,0.1688510807160708,0.05,5.406120181450211e-05,False,2.026905870391141,-11.05624017005723,,,,,,,,,,,,,,
FINANCIALS,HSBA.L,LLOY.L,HSBC HOLDINGS PLC ORD $0.50 (UK,LLOYDS BANKING GROUP PLC ORD 10,-2.2816486799526716,0.1779549597615177,0.05,5.406120181450211e-05,False,1.064437107497023,2.2309905822870224,,,,,,,,,,,,,,
FINANCIALS,BEZ.L,INVP.L,BEAZLEY PLC ORD 5P,INVESTEC PLC ORD GBP0.0002,-2.273281759839773,0.1807299620124398,0.05,5.406120181450211e-05,False,5.75374231751609,-29.619953134601268,,,,,,,,,,,,,,
FINANCIALS,MNG.L,NWG.L,M&G PLC,NATWEST GROUP PLC ORD 107.69P,-2.251386047236936,0.1881263227618179,0.05,5.406120181450211e-05,False,0.7441690895070351,0.8920849716478756,,,,,,,,,,,,,,
FINANCIALS,ADM.L,NWG.L,ADMIRAL GROUP PLC ORD 0.1P,NATWEST GROUP PLC ORD 107.69P,-2.2497705169802185,0.18867974288177414,0.05,5.406120181450211e-05,False,0.3519412286688796,5.837395580889459,,,,,,,,,,,,,,
FINANCIALS,LLOY.L,STAN.L,LLOYDS BANKING GROUP PLC ORD 10,STANDARD CHARTERED PLC ORD USD0,-2.2485809664804415,0.18908791368012323,0.05,5.406120181450211e-05,False,0.7098651185653839,-0.729990576330839,,,,,,,,,,,,,,
FINANCIALS,BARC.L,MNG.L,BARCLAYS PLC ORD 25P,M&G PLC,-2.2479254571936935,0.1893130835278239,0.05,5.406120181450211e-05,False,1.5862218984433303,-2.906111750468087,,,,,,,,,,,,,,
FINANCIALS,AJB.L,SDR.L,AJ BELL PLC ORD GBP0.000125,SCHRODERS PLC ORD 20P,-2.243383356082931,0.190878088189466,0.05,5.406120181450211e-05,False,0.28407158367087765,4.456858698746043,,,,,,,,,,,,,,
FINANCIALS,AJB.L,HSBA.L,AJ BELL PLC ORD GBP0.000125,HSBC HOLDINGS PLC ORD $0.50 (UK,-2.2418106468199968,0.1914219183637661,0.05,5.406120181450211e-05,False,0.27543224010176287,4.273917134686826,,,,,,,,,,,,,,
FINANCIALS,BEZ.L,BNKR.L,BEAZLEY PLC ORD 5P,BANKERS INVESTMENT TRUST PLC OR,-2.233264792749641,0.19439448098160805,0.05,5.406120181450211e-05,False,2.861455087024798,-6.9706811995888165,,,,,,,,,,,,,,
FINANCIALS,AJB.L,LGEN.L,AJ BELL PLC ORD GBP0.000125,LEGAL & GENERAL GROUP PLC ORD 2,-2.22105708979818,0.1986919006196276,0.05,5.406120181450211e-05,False,2.620263858311219,-8.23266874297677,,,,,,,,,,,,,,
FINANCIALS,AV.L,NWG.L,AVIVA PLC ORD 32 17/19P,NATWEST GROUP PLC ORD 107.69P,-2.216345709239839,0.20036648465150886,0.05,5.406120181450211e-05,False,0.5977348638262421,2.6601605649123132,,,,,,,,,,,,,,
FINANCIALS,HSBA.L,MNG.L,HSBC HOLDINGS PLC ORD $0.50 (UK,M&G PLC,-2.2129636310153815,0.2015740955786534,0.05,5.406120181450211e-05,False,1.4591589847070607,-1.1744054720118209,,,,,,,,,,,,,,
FINANCIALS,ADM.L,STAN.L,ADMIRAL GROUP PLC ORD 0.1P,STANDARD CHARTERED PLC ORD USD0,-2.207982620150663,0.20336099397222512,0.05,5.406120181450211e-05,False,0.21435988813600035,6.484786746193938,,,,,,,,,,,,,,
FINANCIALS,ADM.L,BARC.L,ADMIRAL GROUP PLC ORD 0.1P,BARCLAYS PLC ORD 25P,-2.207902775789461,0.2033897186345806,0.05,5.406120181450211e-05,False,0.2705151122274319,6.442182525386325,,,,,,,,,,,,,,
FINANCIALS,ABDN.L,INVP.L,ABERDEEN GROUP PLC ORD 13 61/63,INVESTEC PLC ORD GBP0.0002,-2.2068695268329277,0.20376166917737815,0.05,5.406120181450211e-05,False,3.7339054247742065,-18.45664016627333,,,,,,,,,,,,,,
FINANCIALS,AJB.L,BGEO.L,AJ BELL PLC ORD GBP0.000125,LION FINANCE GROUP PLC ORD 1P,-2.2061099668755637,0.20403536992888222,0.05,5.406120181450211e-05,False,0.18969829339265518,4.488288407654049,,,,,,,,,,,,,,
FINANCIALS,BEZ.L,BGEO.L,BEAZLEY PLC ORD 5P,LION FINANCE GROUP PLC ORD 1P,-2.198614508001949,0.20674869478569247,0.05,5.406120181450211e-05,False,0.4876918840679525,2.516675730175253,,,,,,,,,,,,,,
FINANCIALS,ADM.L,HSBA.L,ADMIRAL GROUP PLC ORD 0.1P,HSBC HOLDINGS PLC ORD $0.50 (UK,-2.1936578001668576,0.20855535707297035,0.05,5.406120181450211e-05,False,0.280143161417251,6.096558834195072,,,,,,,,,,,,,,
FINANCIALS,AJB.L,BEZ.L,AJ BELL PLC ORD GBP0.000125,BEAZLEY PLC ORD 5P,-2.182386232131025,0.21270023125387177,0.05,5.406120181450211e-05,False,0.30951182575584596,4.049988474724162,,,,,,,,,,,,,,
FINANCIALS,AJB.L,STAN.L,AJ BELL PLC ORD GBP0.000125,STANDARD CHARTERED PLC ORD USD0,-2.1810171256552295,0.2132071383872679,0.05,5.406120181450211e-05,False,0.2138410498096067,4.63365105257206,,,,,,,,,,,,,,
FINANCIALS,ABDN.L,BEZ.L,ABERDEEN GROUP PLC ORD 13 61/63,BEAZLEY PLC ORD 5P,-2.1801739234664317,0.2135197022305636,0.05,5.406120181450211e-05,False,0.8139411088561377,-0.35722033194520986,,,,,,,,,,,,,,
FINANCIALS,ASHM.L,BGEO.L,ASHMORE GROUP PLC ORD 0.01P,LION FINANCE GROUP PLC ORD 1P,-2.1765483259093465,0.21486688316573532,0.05,5.406120181450211e-05,False,0.22052042181660506,3.243773053534353,,,,,,,,,,,,,,
FINANCIALS,BNKR.L,MNG.L,BANKERS INVESTMENT TRUST PLC OR,M&G PLC,-2.171446533232077,0.21677141909032072,0.05,5.406120181450211e-05,False,0.478359872049194,2.1888373731674178,,,,,,,,,,,,,,
FINANCIALS,BGEO.L,SDR.L,LION FINANCE GROUP PLC ORD 1P,SCHRODERS PLC ORD 20P,-2.161960953901959,0.22033984971618092,0.05,5.406120181450211e-05,False,1.9767960824303186,-3.0322407512572553,,,,,,,,,,,,,,
FINANCIALS,HSBA.L,INVP.L,HSBC HOLDINGS PLC ORD $0.50 (UK,INVESTEC PLC ORD GBP0.0002,-2.1584454014505847,0.22167140932761975,0.05,5.406120181450211e-05,False,7.384439038190195,-39.914129298679555,,,,,,,,,,,,,,
FINANCIALS,ASHM.L,SDR.L,ASHMORE GROUP PLC ORD 0.01P,SCHRODERS PLC ORD 20P,-2.1421005281550713,0.22792603600594025,0.05,5.406120181450211e-05,False,0.6542304571499785,1.2694845806892672,,,,,,,,,,,,,,
FINANCIALS,BGEO.L,INVP.L,LION FINANCE GROUP PLC ORD 1P,INVESTEC PLC ORD GBP0.0002,-2.142024877971091,0.2279552280815752,0.05,5.406120181450211e-05,False,12.0662369841301,-67.59400904998228,,,,,,,,,,,,,,
FINANCIALS,ASHM.L,LLOY.L,ASHMORE GROUP PLC ORD 0.01P,LLOYDS BANKING GROUP PLC ORD 10,-2.139920495532213,0.2287681679362168,0.05,5.406120181450211e-05,False,0.4212354221832368,3.3612542886247314,,,,,,,,,,,,,,
FINANCIALS,ADM.L,MNG.L,ADMIRAL GROUP PLC ORD 0.1P,M&G PLC,-2.12531304270453,0.23445865456728027,0.05,5.406120181450211e-05,False,0.46895981748186477,5.4372957368765436,,,,,,,,,,,,,,
FINANCIALS,BEZ.L,STAN.L,BEAZLEY PLC ORD 5P,STANDARD CHARTERED PLC ORD USD0,-2.1165906445065166,0.23789596094325954,0.05,5.406120181450211e-05,False,0.5427037531188978,2.9406134254717347,,,,,,,,,,,,,,
FINANCIALS,ABDN.L,BNKR.L,ABERDEEN GROUP PLC ORD 13 61/63,BANKERS INVESTMENT TRUST PLC OR,-2.1100392171331506,0.2404969906975768,0.05,5.406120181450211e-05,False,2.129693651199685,-5.071264960374557,,,,,,,,,,,,,,
FINANCIALS,ADM.L,SDR.L,ADMIRAL GROUP PLC ORD 0.1P,SCHRODERS PLC ORD 20P,-2.1052604944019198,0.24240459840257061,0.05,5.406120181450211e-05,False,0.27107870686476904,6.389393529870345,,,,,,,,,,,,,,
FINANCIALS,BEZ.L,LLOY.L,BEAZLEY PLC ORD 5P,LLOYDS BANKING GROUP PLC ORD 10,-2.1039835951207073,0.24291579797225865,0.05,5.406120181450211e-05,False,0.8124057839103161,3.291683546516031,,,,,,,,,,,,,,
FINANCIALS,BNKR.L,INVP.L,BANKERS INVESTMENT TRUST PLC OR,INVESTEC PLC ORD GBP0.0002,-2.0994292770707728,0.24474415398320598,0.05,5.406120181450211e-05,False,1.0577084077164918,-1.881989600459523,,,,,,,,,,,,,,
FINANCIALS,ASHM.L,BARC.L,ASHMORE GROUP PLC ORD 0.01P,BARCLAYS PLC ORD 25P,-2.098872658532947,0.24496815274413658,0.05,5.406120181450211e-05,False,0.31286217983327796,3.368246889782041,,,,,,,,,,,,,,
FINANCIALS,AJB.L,BNKR.L,AJ BELL PLC ORD GBP0.000125,BANKERS INVESTMENT TRUST PLC OR,-2.08753749186797,0.24955527663709481,0.05,5.406120181450211e-05,False,1.3880365334842037,-0.5258607984598465,,,,,,,,,,,,,,
FINANCIALS,AJB.L,BARC.L,AJ BELL PLC ORD GBP0.000125,BARCLAYS PLC ORD 25P,-2.084061233648862,0.2509717678203285,0.05,5.406120181450211e-05,False,0.265115417391615,4.61866100027583,,,,,,,,,,,,,,
FINANCIALS,AJB.L,LLOY.L,AJ BELL PLC ORD GBP0.000125,LLOYDS BANKING GROUP PLC ORD 10,-2.0764694717596464,0.25408098930737577,0.05,5.406120181450211e-05,False,0.28993996539716166,4.902411514864494,,,,,,,,,,,,,,
FINANCIALS,BARC.L,SDR.L,BARCLAYS PLC ORD 25P,SCHRODERS PLC ORD 20P,-2.071570143267014,0.2560989483105038,0.05,5.406120181450211e-05,False,1.4468969266317662,-2.8554213079646136,,,,,,,,,,,,,,
FINANCIALS,INVP.L,STAN.L,INVESTEC PLC ORD GBP0.0002,STANDARD CHARTERED PLC ORD USD0,-2.063427223682731,0.25947260962374674,0.05,5.406120181450211e-05,False,0.07746477195758762,5.779014770738669,,,,,,,,,,,,,,
FINANCIALS,INVP.L,LLOY.L,INVESTEC PLC ORD GBP0.0002,LLOYDS BANKING GROUP PLC ORD 10,-2.0548691961236836,0.2630446156577514,0.05,5.406120181450211e-05,False,0.11478318837530715,5.83422045372882,,,,,,,,,,,,,,
FINANCIALS,BARC.L,INVP.L,BARCLAYS PLC ORD 25P,INVESTEC PLC ORD GBP0.0002,-2.0470648512079226,0.26632541854938374,0.05,5.406120181450211e-05,False,10.116415839616357,-58.24315527386345,,,,,,,,,,,,,,
FINANCIALS,ASHM.L,NWG.L,ASHMORE GROUP PLC ORD 0.01P,NATWEST GROUP PLC ORD 107.69P,-2.0440314110783255,0.2676066006906843,0.05,5.406120181450211e-05,False,0.3316615549171038,3.1342137872468787,,,,,,,,,,,,,,
FINANCIALS,BEZ.L,NWG.L,BEAZLEY PLC ORD 5P,NATWEST GROUP PLC ORD 107.69P,-2.034468223100057,0.27166740111879684,0.05,5.406120181450211e-05,False,0.8371458910449923,1.6342830567213218,,,,,,,,,,,,,,
FINANCIALS,AJB.L,PRU.L,AJ BELL PLC ORD GBP0.000125,PRUDENTIAL PLC ORD 5P,-2.0309195998151073,0.27318260477070383,0.05,5.406120181450211e-05,False,0.29549665348936904,4.1578634435989805,,,,,,,,,,,,,,
FINANCIALS,BARC.L,BEZ.L,BARCLAYS PLC ORD 25P,BEAZLEY PLC ORD 5P,-2.0264081833958945,0.27511539556980036,0.05,5.406120181450211e-05,False,1.493116860441695,-4.360646197536157,,,,,,,,,,,,,,
FINANCIALS,MNG.L,STAN.L,M&G PLC,STANDARD CHARTERED PLC ORD USD0,-2.025556770116874,0.27548097221681744,0.05,5.406120181450211e-05,False,0.5107961030798417,1.851408115664832,,,,,,,,,,,,,,
FINANCIALS,BEZ.L,MNG.L,BEAZLEY PLC ORD 5P,M&G PLC,-2.019947974795638,0.27789567564850853,0.05,5.406120181450211e-05,False,1.19278603542185,0.25845074728869033,,,,,,,,,,,,,,
FINANCIALS,NWG.L,SDR.L,NATWEST GROUP PLC ORD 107.69P,SCHRODERS PLC ORD 20P,-2.0033420654411698,0.2851096453245363,0.05,5.406120181450211e-05,False,1.163185685893704,-0.7816456337398101,,,,,,,,,,,,,,
FINANCIALS,LLOY.L,SDR.L,LLOYDS BANKING GROUP PLC ORD 10,SCHRODERS PLC ORD 20P,-1.9968023278345073,0.2879769246956919,0.05,5.406120181450211e-05,False,1.1775335919807677,-2.719523874550605,,,,,,,,,,,,,,
FINANCIALS,MNG.L,SDR.L,M&G PLC,SCHRODERS PLC ORD 20P,-1.9653534840346705,0.3019678746081849,0.05,5.406120181450211e-05,False,0.8243995135907575,0.5568554564226247,,,,,,,,,,,,,,
FINANCIALS,INVP.L,PRU.L,INVESTEC PLC ORD GBP0.0002,PRUDENTIAL PLC ORD 5P,-1.954109820158907,0.3070494706091471,0.05,5.406120181450211e-05,False,0.11411086150277196,5.558883570320828,,,,,,,,,,,,,,
FINANCIALS,PRU.L,STAN.L,PRUDENTIAL PLC ORD 5P,STANDARD CHARTERED PLC ORD USD0,-1.9540359269628826,0.3070830023954364,0.05,5.406120181450211e-05,False,0.6937197206376101,1.8232934672197523,,,,,,,,,,,,,,
FINANCIALS,AV.L,LLOY.L,AVIVA PLC ORD 32 17/19P,LLOYDS BANKING GROUP PLC ORD 10,-1.9534925523835904,0.30732963287479065,0.05,5.406120181450211e-05,False,0.5778297101014844,3.853254439837413,,,,,,,,,,,,,,
FINANCIALS,INVP.L,NWG.L,INVESTEC PLC ORD GBP0.0002,NATWEST GROUP PLC ORD 107.69P,-1.947770571659403,0.30993252156431395,0.05,5.406120181450211e-05,False,0.06367334812314171,5.937236063833208,,,,,,,,,,,,,,
FINANCIALS,ASHM.L,HSBA.L,ASHMORE GROUP PLC ORD 0.01P,HSBC HOLDINGS PLC ORD $0.50 (UK,-1.9467220838609127,0.31041060692246236,0.05,5.406120181450211e-05,False,0.40484761393940166,2.4161134829527264,,,,,,,,,,,,,,
FINANCIALS,ASHM.L,STAN.L,ASHMORE GROUP PLC ORD 0.01P,STANDARD CHARTERED PLC ORD USD0,-1.9425757264148769,0.3123046721803512,0.05,5.406120181450211e-05,False,0.23642905102473988,3.4992878407929693,,,,,,,,,,,,,,
FINANCIALS,AJB.L,AV.L,AJ BELL PLC ORD GBP0.000125,AVIVA PLC ORD 32 17/19P,-1.9367751392441792,0.3149635130358873,0.05,5.406120181450211e-05,False,0.6646394850948641,1.9345644417657208,,,,,,,,,,,,,,
FINANCIALS,BNKR.L,STAN.L,BANKERS INVESTMENT TRUST PLC OR,STANDARD CHARTERED PLC ORD USD0,-1.9278935371087191,0.3190550043123844,0.05,5.406120181450211e-05,False,0.25065579754629835,3.029551224218161,,,,,,,,,,,,,,
FINANCIALS,ADM.L,BEZ.L,ADMIRAL GROUP PLC ORD 0.1P,BEAZLEY PLC ORD 5P,-1.9219624193581264,0.3218008688362137,0.05,5.406120181450211e-05,False,0.31217293894535453,5.886712067432921,,,,,,,,,,,,,,
FINANCIALS,ASHM.L,BEZ.L,ASHMORE GROUP PLC ORD 0.01P,BEAZLEY PLC ORD 5P,-1.921938049796586,0.3218121731697361,0.05,5.406120181450211e-05,False,0.6154632989269377,0.9948263699363578,,,,,,,,,,,,,,
FINANCIALS,AJB.L,NWG.L,AJ BELL PLC ORD GBP0.000125,NATWEST GROUP PLC ORD 107.69P,-1.9208703072545552,0.32230764580524257,0.05,5.406120181450211e-05,False,0.31733349463179206,4.196268583258659,,,,,,,,,,,,,,
FINANCIALS,AV.L,INVP.L,AVIVA PLC ORD 32 17/19P,INVESTEC PLC ORD GBP0.0002,-1.9080714976608335,0.32827360268122596,0.05,5.406120181450211e-05,False,8.307683281848533,-46.23994446658635,,,,,,,,,,,,,,
FINANCIALS,AV.L,BGEO.L,AVIVA PLC ORD 32 17/19P,LION FINANCE GROUP PLC ORD 1P,-1.897318835264662,0.3333234646167976,0.05,5.406120181450211e-05,False,0.3580896121869799,3.203440149908807,,,,,,,,,,,,,,
FINANCIALS,INVP.L,STJ.L,INVESTEC PLC ORD GBP0.0002,ST. JAMES'S PLACE PLC ORD 15P,-1.891258069060258,0.33618470044610727,0.05,5.406120181450211e-05,False,0.025849805726620097,6.150721668670258,,,,,,,,,,,,,,
FINANCIALS,SDR.L,STAN.L,SCHRODERS PLC ORD 20P,STANDARD CHARTERED PLC ORD USD0,-1.887736440284993,0.33785208627554925,0.05,5.406120181450211e-05,False,0.5479288947708185,2.080444445121557,,,,,,,,,,,,,,
FINANCIALS,ABDN.L,ASHM.L,ABERDEEN GROUP PLC ORD 13 61/63,ASHMORE GROUP PLC ORD 0.01P,-1.8801359178819834,0.34146272056129046,0.05,5.406120181450211e-05,False,1.2949002562441492,-1.5299123369167091,,,,,,,,,,,,,,
FINANCIALS,ADM.L,INVP.L,ADMIRAL GROUP PLC ORD 0.1P,INVESTEC PLC ORD GBP0.0002,-1.8640780781724158,0.34914393336331656,0.05,5.406120181450211e-05,False,-4.127144107092501,34.13716783922485,,,,,,,,,,,,,,
FINANCIALS,BGEO.L,STJ.L,LION FINANCE GROUP PLC ORD 1P,ST. JAMES'S PLACE PLC ORD 15P,-1.8547487381635648,0.3536387587405787,0.05,5.406120181450211e-05,False,1.412511234908046,-1.0288043880143185,,,,,,,,,,,,,,
FINANCIALS,STAN.L,STJ.L,STANDARD CHARTERED PLC ORD USD0,ST. JAMES'S PLACE PLC ORD 15P,-1.8540314707776302,0.3539852926969148,0.05,5.406120181450211e-05,False,1.22496704940458,-1.3972851944267468,,,,,,,,,,,,,,
FINANCIALS,AJB.L,ASHM.L,AJ BELL PLC ORD GBP0.000125,ASHMORE GROUP PLC ORD 0.01P,-1.8489061843885746,0.35646540923392944,0.05,5.406120181450211e-05,False,0.35433873843846164,4.319534954791768,,,,,,,,,,,,,,
FINANCIALS,ASHM.L,PRU.L,ASHMORE GROUP PLC ORD 0.01P,PRUDENTIAL PLC ORD 5P,-1.8224343687234006,0.3693818997462043,0.05,5.406120181450211e-05,False,0.4143837900104024,2.3804566468178208,,,,,,,,,,,,,,
FINANCIALS,INVP.L,LGEN.L,INVESTEC PLC ORD GBP0.0002,LEGAL & GENERAL GROUP PLC ORD 2,-1.8174592417927182,0.37182876084707234,0.05,5.406120181450211e-05,False,2.642049420756222,-8.177675426274059,,,,,,,,,,,,,,
FINANCIALS,AV.L,STAN.L,AVIVA PLC ORD 32 17/19P,STANDARD CHARTERED PLC ORD USD0,-1.8170398481330985,0.3720352976863058,0.05,5.406120181450211e-05,False,0.39338291409239245,3.551015877455115,,,,,,,,,,,,,,
FINANCIALS,BGEO.L,BNKR.L,LION FINANCE GROUP PLC ORD 1P,BANKERS INVESTMENT TRUST PLC OR,-1.813824752422299,0.3736200094138017,0.05,5.406120181450211e-05,False,4.541310422244692,-13.070408552300055,,,,,,,,,,,,,,
FINANCIALS,ASHM.L,LGEN.L,ASHMORE GROUP PLC ORD 0.01P,LEGAL & GENERAL GROUP PLC ORD 2,-1.7821273110162477,0.38937039114356053,0.05,5.406120181450211e-05,False,4.8951033357639036,-21.697907774813253,,,,,,,,,,,,,,
FINANCIALS,ASHM.L,MNG.L,ASHMORE GROUP PLC ORD 0.01P,M&G PLC,-1.7582470603482536,0.4013788888772384,0.05,5.406120181450211e-05,False,0.7897538301896204,0.8485914846545617,,,,,,,,,,,,,,
FINANCIALS,LLOY.L,STJ.L,LLOYDS BANKING GROUP PLC ORD 10,ST. JAMES'S PLACE PLC ORD 15P,-1.7512298264931354,0.4049291526407492,0.05,5.406120181450211e-05,False,0.85256427699258,-1.6037187685312126,,,,,,,,,,,,,,
FINANCIALS,ASHM.L,STJ.L,ASHMORE GROUP PLC ORD 0.01P,ST. JAMES'S PLACE PLC ORD 15P,-1.7497993478179306,0.4056540325679261,0.05,5.406120181450211e-05,False,0.21335889840146516,3.699044862201717,,,,,,,,,,,,,,
FINANCIALS,BARC.L,BNKR.L,BARCLAYS PLC ORD 25P,BANKERS INVESTMENT TRUST PLC OR,-1.737684955906573,0.4118080545383579,0.05,5.406120181450211e-05,False,3.320009512207733,-10.18370391159784,,,,,,,,,,,,,,
FINANCIALS,BARC.L,STJ.L,BARCLAYS PLC ORD 25P,ST. JAMES'S PLACE PLC ORD 15P,-1.7063889858460155,0.4278237219958813,0.05,5.406120181450211e-05,False,0.9998609583813923,-1.1525823654179357,,,,,,,,,,,,,,
FINANCIALS,AV.L,BEZ.L,AVIVA PLC ORD 32 17/19P,BEAZLEY PLC ORD 5P,-1.6927567812763873,0.43484821207875646,0.05,5.406120181450211e-05,False,0.55198941908983,2.5956220203347615,,,,,,,,,,,,,,
FINANCIALS,ADM.L,ASHM.L,ADMIRAL GROUP PLC ORD 0.1P,ASHMORE GROUP PLC ORD 0.01P,-1.67752025143223,0.4427303430764643,0.05,5.406120181450211e-05,False,-0.022960899155269235,8.129611681935796,,,,,,,,,,,,,,
FINANCIALS,ASHM.L,AV.L,ASHMORE GROUP PLC ORD 0.01P,AVIVA PLC ORD 32 17/19P,-1.6641754421372204,0.44965840967641535,0.05,5.406120181450211e-05,False,1.2952309325023386,-3.0440005903701817,,,,,,,,,,,,,,
FINANCIALS,BNKR.L,LLOY.L,BANKERS INVESTMENT TRUST PLC OR,LLOYDS BANKING GROUP PLC ORD 10,-1.661218751656137,0.4511962848504532,0.05,5.406120181450211e-05,False,0.3338284912271798,3.3706370593706807,,,,,,,,,,,,,,
FINANCIALS,BEZ.L,PRU.L,BEAZLEY PLC ORD 5P,PRUDENTIAL PLC ORD 5P,-1.6450358889144343,0.45963062408205135,0.05,5.406120181450211e-05,False,0.8048517639538986,1.361821016138543,,,,,,,,,,,,,,
FINANCIALS,ABDN.L,STJ.L,ABERDEEN GROUP PLC ORD 13 61/63,ST. JAMES'S PLACE PLC ORD 15P,-1.617529664603326,0.47402463553853663,0.05,5.406120181450211e-05,False,0.5694562402771837,1.2219486133304964,,,,,,,,,,,,,,
FINANCIALS,AV.L,SDR.L,AVIVA PLC ORD 32 17/19P,SCHRODERS PLC ORD 20P,-1.6159909946586282,0.47483168155193145,0.05,5.406120181450211e-05,False,0.5287209172750443,3.189057008802358,,,,,,,,,,,,,,
FINANCIALS,HSBA.L,STJ.L,HSBC HOLDINGS PLC ORD $0.50 (UK,ST. JAMES'S PLACE PLC ORD 15P,-1.55056721709792,0.5083648514780481,0.05,5.406120181450211e-05,False,0.9129170364732919,0.48628345650727667,,,,,,,,,,,,,,
FINANCIALS,BNKR.L,NWG.L,BANKERS INVESTMENT TRUST PLC OR,NATWEST GROUP PLC ORD 107.69P,-1.5485078350724004,0.509393465947245,0.05,5.406120181450211e-05,False,0.33403922611153025,2.751062617691915,,,,,,,,,,,,,,
FINANCIALS,BEZ.L,STJ.L,BEAZLEY PLC ORD 5P,ST. JAMES'S PLACE PLC ORD 15P,-1.499785389466928,0.533617501000028,0.05,5.406120181450211e-05,False,0.6275724869010031,2.4410493753352362,,,,,,,,,,,,,,
FINANCIALS,AJB.L,STJ.L,AJ BELL PLC ORD GBP0.000125,ST. JAMES'S PLACE PLC ORD 15P,-1.498959212228257,0.5340261387660532,0.05,5.406120181450211e-05,False,0.25717036909457003,4.368067619688587,,,,,,,,,,,,,,
FINANCIALS,SDR.L,STJ.L,SCHRODERS PLC ORD 20P,ST. JAMES'S PLACE PLC ORD 15P,-1.4952458297902549,0.5358618342600835,0.05,5.406120181450211e-05,False,0.6041939978888706,1.7805897224756162,,,,,,,,,,,,,,
FINANCIALS,AV.L,HSBA.L,AVIVA PLC ORD 32 17/19P,HSBC HOLDINGS PLC ORD $0.50 (UK,-1.4798695599929614,0.5434450403553774,0.05,5.406120181450211e-05,False,0.5119690491578941,2.853153911023286,,,,,,,,,,,,,,
FINANCIALS,ADM.L,BNKR.L,ADMIRAL GROUP PLC ORD 0.1P,BANKERS INVESTMENT TRUST PLC OR,-1.444334161958291,0.5608470525995398,0.05,5.406120181450211e-05,False,1.4337889993613184,1.108727291929176,,,,,,,,,,,,,,
FINANCIALS,MNG.L,PRU.L,M&G PLC,PRUDENTIAL PLC ORD 5P,-1.3462920974616577,0.6077367165477813,0.05,5.406120181450211e-05,False,0.7406066581971724,0.47987180260362994,,,,,,,,,,,,,,
FINANCIALS,PRU.L,SDR.L,PRUDENTIAL PLC ORD 5P,SCHRODERS PLC ORD 20P,-1.3124053030585594,0.6234779350868506,0.05,5.406120181450211e-05,False,1.1756100872594155,-0.26966067120809445,,,,,,,,,,,,,,
FINANCIALS,AV.L,BARC.L,AVIVA PLC ORD 32 17/19P,BARCLAYS PLC ORD 25P,-1.2911630284903721,0.6332054788485573,0.05,5.406120181450211e-05,False,0.4947606616825642,3.4825458061731123,,,,,,,,,,,,,,
FINANCIALS,AV.L,MNG.L,AVIVA PLC ORD 32 17/19P,M&G PLC,-1.2616654007597323,0.6465229668061476,0.05,5.406120181450211e-05,False,0.7826769110723658,2.0563671552527643,,,,,,,,,,,,,,
FINANCIALS,MNG.L,STJ.L,M&G PLC,ST. JAMES'S PLACE PLC ORD 15P,-1.2011055718526011,0.6731199421017818,0.05,5.406120181450211e-05,False,0.5865021769652411,1.4102233895011622,,,,,,,,,,,,,,
FINANCIALS,ASHM.L,BNKR.L,ASHMORE GROUP PLC ORD 0.01P,BANKERS INVESTMENT TRUST PLC OR,-1.0873418680258713,0.7200933337593938,0.05,5.406120181450211e-05,False,2.3931943324911775,-6.33801454286751,,,,,,,,,,,,,,
FINANCIALS,HSBA.L,PRU.L,HSBC HOLDINGS PLC ORD $0.50 (UK,PRUDENTIAL PLC ORD 5P,-1.0002262489918143,0.7531817731353787,0.05,5.406120181450211e-05,False,1.0812830784363432,-0.4783896844987723,,,,,,,,,,,,,,
FINANCIALS,AV.L,BNKR.L,AVIVA PLC ORD 32 17/19P,BANKERS INVESTMENT TRUST PLC OR,-0.9932567154770733,0.7557158066119644,0.05,5.406120181450211e-05,False,1.8640556350287159,-2.6219328249317844,,,,,,,,,,,,,,
FINANCIALS,BNKR.L,PRU.L,BANKERS INVESTMENT TRUST PLC OR,PRUDENTIAL PLC ORD 5P,-0.61850152636935,0.8667463988106249,0.05,5.406120181450211e-05,False,0.3274824992348389,2.599550159913747,,,,,,,,,,,,,,
FINANCIALS,BNKR.L,STJ.L,BANKERS INVESTMENT TRUST PLC OR,ST. JAMES'S PLACE PLC ORD 15P,-0.45855345325145,0.8998539181819165,0.05,5.406120181450211e-05,False,0.253110424925461,3.0542419180373477,,,,,,,,,,,,,,
FR_BANKS,ACA.PA,GLE.PA,CREDIT AGRICOLE,SOCIETE GENERALE,-3.435427205392083,0.009808840824806264,0.05,0.009808840824806264,True,0.2856525954762723,1.588618407510495,18.360772906505456,0.00012056431617564565,-0.03775152517214318,55.0,-0.2913481178829624,2.47545006141787,False,,0.8,-0.0029889514940372075,-0.22786835032052505,-0.1438616558160504,False,mixed signal
FR_BANKS,ACA.PA,BNP.PA,CREDIT AGRICOLE,BNP PARIBAS ACT.A,-2.458603767070851,0.12587401725537606,0.05,0.009808840824806264,False,0.6801690363368065,-0.21660214290855695,,,,,,,,,,,,,,
FR_BANKS,BNP.PA,GLE.PA,BNP PARIBAS ACT.A,SOCIETE GENERALE,-1.7095282424318163,0.4262100470950164,0.05,0.009808840824806264,False,0.40935555800131573,2.693774514591746,,,,,,,,,,,,,,
FR_LUXURY,CDI.PA,MC.PA,CHRISTIAN DIOR,LVMH,-3.217500684322552,0.018993758138407573,0.05,,False,0.9428990304898944,0.2909600322369261,,,,,,,,,,,,,,
FR_LUXURY,KER.PA,RMS.PA,KERING,HERMES INTL,-1.9182342638259302,0.32353235424843885,0.05,,False,-2.891431272950557,27.588149424849778,,,,,,,,,,,,,,
FR_LUXURY,CDI.PA,RMS.PA,CHRISTIAN DIOR,HERMES INTL,-1.4831950729741126,0.5418075132006629,0.05,,False,1.012767923190008,-1.5101085997651644,,,,,,,,,,,,,,
FR_LUXURY,MC.PA,RMS.PA,LVMH,HERMES INTL,-1.2997859756158647,0.6292702244082043,0.05,,False,1.177241607499055,-2.6991275108369894,,,,,,,,,,,,,,
FR_LUXURY,CDI.PA,KER.PA,CHRISTIAN DIOR,KERING,-0.9023746033977134,0.7871894208442158,0.05,,False,0.5553540363046362,3.1993682829252954,,,,,,,,,,,,,,
FR_LUXURY,KER.PA,MC.PA,KERING,LVMH,-0.8753553118184652,0.795979903870678,0.05,,False,1.6743507143840222,-5.088942022212802,,,,,,,,,,,,,,
FR_UTILITIES,ENGI.PA,RUI.PA,ENGIE,RUBIS,-3.1383577219272927,0.02384172614517815,0.05,,False,1.5508448720280665,-2.1923493170752155,,,,,,,,,,,,,,
FR_UTILITIES,ENGI.PA,VIE.PA,ENGIE,VEOLIA ENVIRON.,-2.4766096406808082,0.12126966595338273,0.05,,False,3.0031899056774796,-7.1760495778575795,,,,,,,,,,,,,,
FR_UTILITIES,ALO.PA,ENGI.PA,ALSTOM,ENGIE,-1.8783691282006931,0.3423043656664885,0.05,,False,0.22955850839707992,2.369027799032684,,,,,,,,,,,,,,
FR_UTILITIES,RUI.PA,VIE.PA,RUBIS,VEOLIA ENVIRON.,-1.5724078053975517,0.4974374448202135,0.05,,False,2.1073411530876762,-3.785416143439326,,,,,,,,,,,,,,
FR_UTILITIES,ALO.PA,RUI.PA,ALSTOM,RUBIS,-1.2685703127132792,0.6434260053027021,0.05,,False,0.5378514494986325,1.271463937358408,,,,,,,,,,,,,,
FR_UTILITIES,ALO.PA,VIE.PA,ALSTOM,VEOLIA ENVIRON.,0.1584612388770694,0.9698331804632607,0.05,,False,19.507927779060285,-62.26676925909793,,,,,,,,,,,,,,
HEALTHCARE,GSK.L,HIK.L,GSK PLC ORD 31 1/4P,HIKMA PHARMACEUTICALS PLC ORD S,-3.760035576534357,0.0033437155791155447,0.05,0.027410940597437598,True,-0.9445864826404251,14.44417854053781,14.541570632399795,-0.0001256521181297921,-0.047666596551514,44.0,-0.1394544093560477,3.1384959827702326,False,,0.4,-0.005990828807480531,-0.21788903387374722,-1.0535711446857934,True,mixed signal
HEALTHCARE,AZN.L,HIK.L,ASTRAZENECA PLC ORD SHS $0.25,HIKMA PHARMACEUTICALS PLC ORD S,-3.579482786591762,0.006165606953506359,0.05,0.027410940597437598,True,-0.7066682662231528,14.69040262109268,16.77112132323769,-0.0002558090346689763,-0.04132980539587035,50.0,0.8028842305195832,3.0113776249485524,False,,1.0,0.005700296854975773,0.2978844607079183,-0.7050384069173128,False,mixed signal
HEALTHCARE,AZN.L,GSK.L,ASTRAZENECA PLC ORD SHS $0.25,GSK PLC ORD 31 1/4P,-3.565377866932768,0.006458488236875071,0.05,0.027410940597437598,True,0.7959584764427682,3.531508447184641,13.703864491817436,-0.00017814555887432287,-0.05058041700381836,41.0,1.432837184683304,3.043086772541325,False,,0.6,0.009722474955609338,0.6121874272072281,0.23620395140564993,False,mixed signal
HEALTHCARE,AZN.L,CTEC.L,ASTRAZENECA PLC ORD SHS $0.25,CONVATEC GROUP PLC ORD 10P,-3.2832751697170215,0.01564282920646619,0.05,0.027410940597437598,True,-2.4840165689018496,22.992656088512526,15.777281980743284,-0.00040245464427640816,-0.04393324410414641,47.0,-1.3222316193330301,2.638064446711224,False,,0.6,-0.0546873660052339,-0.7281646099435746,-1.447609639601442,False,mixed signal
HEALTHCARE,CTEC.L,HIK.L,CONVATEC GROUP PLC ORD 10P,HIKMA PHARMACEUTICALS PLC ORD S,-3.1695505509702304,0.021816263107051124,0.05,0.027410940597437598,True,0.30594140390144436,3.181736512208009,17.2727213112973,-4.872655501565222e-05,-0.04012958746150726,52.0,-1.6253400229575143,2.3229989394438153,False,,0.6,-0.02402682845395396,-0.7909406532690958,-1.005638002255096,False,mixed signal
HEALTHCARE,CTEC.L,GSK.L,CONVATEC GROUP PLC ORD 10P,GSK PLC ORD 31 1/4P,-3.0885668982509813,0.027410940597437598,0.05,0.027410940597437598,True,-0.2517618029995197,7.327997738017637,17.911837937851466,-0.00011556710489931248,-0.03869771393449134,54.0,-1.4029822295421632,2.4711496802314614,False,,0.6,-0.02570108389590174,-0.7125389199554403,-1.2262533308923393,False,mixed signal
HEALTHCARE,CTEC.L,SN.L,CONVATEC GROUP PLC ORD 10P,SMITH & NEPHEW PLC ORD USD0.20,-2.7257672444139223,0.06968455723417083,0.05,0.027410940597437598,False,-0.1423189187106823,6.473901380259903,,,,,,,,,,,,,,
HEALTHCARE,AZN.L,SN.L,ASTRAZENECA PLC ORD SHS $0.25,SMITH & NEPHEW PLC ORD USD0.20,-2.60388502208368,0.0921969679472992,0.05,0.027410940597437598,False,1.2264691140527437,0.7589880642506674,,,,,,,,,,,,,,
HEALTHCARE,HIK.L,SN.L,HIKMA PHARMACEUTICALS PLC ORD S,SMITH & NEPHEW PLC ORD USD0.20,-2.5462965372300563,0.10461225558098108,0.05,0.027410940597437598,False,-2.119888334466167,22.422867488461808,,,,,,,,,,,,,,
HEALTHCARE,GSK.L,SN.L,GSK PLC ORD 31 1/4P,SMITH & NEPHEW PLC ORD USD0.20,-2.162864874263609,0.21999826633606134,0.05,0.027410940597437598,False,1.7941664446946952,-5.268435812799897,,,,,,,,,,,,,,
INDUSTRIALS,BBY.L,IMI.L,BALFOUR BEATTY PLC ORD 50P,IMI PLC ORD 28 4/7P,-3.9225306489282716,0.0018751507998696036,0.05,,False,1.4497754606560729,-4.815178673230239,,,,,,,,,,,,,,
INDUSTRIALS,BA.L,BNZL.L,BAE SYSTEMS PLC ORD 2.5P,BUNZL PLC ORD 32 1/7P,-3.359433589315435,0.012422004215001446,0.05,,False,-1.0609162092741709,15.77215685864709,,,,,,,,,,,,,,
INDUSTRIALS,BNZL.L,SMIN.L,BUNZL PLC ORD 32 1/7P,SMITHS GROUP PLC ORD 37.5P,-3.0862850838348943,0.027584943458041356,0.05,,False,-1.2247845048881034,17.266046593821034,,,,,,,,,,,,,,
INDUSTRIALS,BA.L,MGNS.L,BAE SYSTEMS PLC ORD 2.5P,MORGAN SINDALL GROUP PLC ORD 5P,-3.0527267643579,0.030255235741888608,0.05,,False,1.1224101750737894,-1.8890769784179273,,,,,,,,,,,,,,
INDUSTRIALS,BNZL.L,WEIR.L,BUNZL PLC ORD 32 1/7P,WEIR PLC ORD 12.5P,-2.975016508572303,0.037294334704440595,0.05,,False,-1.3471130249492351,18.411933108543742,,,,,,,,,,,,,,
INDUSTRIALS,BNZL.L,KIE.L,BUNZL PLC ORD 32 1/7P,KIER GROUP PLC ORD 1P,-2.9437217570756267,0.0404948835494196,0.05,,False,-0.9541277714068831,12.824549982244264,,,,,,,,,,,,,,
INDUSTRIALS,BNZL.L,MGNS.L,BUNZL PLC ORD 32 1/7P,MORGAN SINDALL GROUP PLC ORD 5P,-2.9020819581897697,0.04510642916671064,0.05,,False,-1.0413667429268305,16.509780536059978,,,,,,,,,,,,,,
INDUSTRIALS,BBY.L,DPLM.L,BALFOUR BEATTY PLC ORD 50P,DIPLOMA PLC ORD 5P,-2.7869936957394916,0.06015577793850277,0.05,,False,1.585033675274897,-7.173271333783866,,,,,,,,,,,,,,
INDUSTRIALS,KIE.L,SMIN.L,KIER GROUP PLC ORD 1P,SMITHS GROUP PLC ORD 37.5P,-2.74727108173952,0.06620937434631165,0.05,,False,1.270770209394644,-4.556289050254339,,,,,,,,,,,,,,
INDUSTRIALS,IMI.L,SPX.L,IMI PLC ORD 28 4/7P,SPIRAX GROUP PLC ORD 26 12/13P,-2.7202207873987985,0.07060407405963694,0.05,,False,17.051708922294676,-143.22842350209783,,,,,,,,,,,,,,
INDUSTRIALS,DPLM.L,SPX.L,DIPLOMA PLC ORD 5P,SPIRAX GROUP PLC ORD 26 12/13P,-2.7186550880554483,0.07086538106138195,0.05,,False,17.697999687820055,-148.11501870225044,,,,,,,,,,,,,,
INDUSTRIALS,BA.L,SPX.L,BAE SYSTEMS PLC ORD 2.5P,SPIRAX GROUP PLC ORD 26 12/13P,-2.7104458359400927,0.07224806035572003,0.05,,False,-5.082539981459611,52.380278530850255,,,,,,,,,,,,,,
INDUSTRIALS,KIE.L,SPX.L,KIER GROUP PLC ORD 1P,SPIRAX GROUP PLC ORD 26 12/13P,-2.697280940782064,0.07450996806077413,0.05,,False,-121.52368867257564,1080.6183842191588,,,,,,,,,,,,,,
INDUSTRIALS,SPX.L,WEIR.L,SPIRAX GROUP PLC ORD 26 12/13P,WEIR PLC ORD 12.5P,-2.69123752452784,0.07556687264073533,0.05,,False,-0.09996391504044853,9.630468980739048,,,,,,,,,,,,,,
INDUSTRIALS,BBY.L,SPX.L,BALFOUR BEATTY PLC ORD 50P,SPIRAX GROUP PLC ORD 26 12/13P,-2.6774916342099035,0.07801484036438297,0.05,,False,-61.589086804472025,551.3544301488478,,,,,,,,,,,,,,
INDUSTRIALS,MRO.L,WEIR.L,MELROSE INDUSTRIES PLC ORD GBP0,WEIR PLC ORD 12.5P,-2.6688802512075904,0.0795798789852945,0.05,,False,0.6614944387009222,1.1178376296742174,,,,,,,,,,,,,,
INDUSTRIALS,SMIN.L,SPX.L,SMITHS GROUP PLC ORD 37.5P,SPIRAX GROUP PLC ORD 26 12/13P,-2.668589892114992,0.0796330747064703,0.05,,False,-11.938554689894747,113.30763703209026,,,,,,,,,,,,,,
INDUSTRIALS,BA.L,SMIN.L,BAE SYSTEMS PLC ORD 2.5P,SMITHS GROUP PLC ORD 37.5P,-2.6681122617825963,0.0797206403681846,0.05,,False,1.3011177439670656,-2.5588694011317425,,,,,,,,,,,,,,
INDUSTRIALS,BNZL.L,SPX.L,BUNZL PLC ORD 32 1/7P,SPIRAX GROUP PLC ORD 26 12/13P,-2.6586375094601578,0.08147331255632456,0.05,,False,4.665495210298774,-33.39804263549014,,,,,,,,,,,,,,
INDUSTRIALS,BBY.L,SMIN.L,BALFOUR BEATTY PLC ORD 50P,SMITHS GROUP PLC ORD 37.5P,-2.6151328327915633,0.08990977924136251,0.05,,False,1.6142849712862182,-6.047371959793267,,,,,,,,,,,,,,
INDUSTRIALS,MGNS.L,SPX.L,MORGAN SINDALL GROUP PLC ORD 5P,SPIRAX GROUP PLC ORD 26 12/13P,-2.592106371886655,0.09463971951366323,0.05,,False,-5.163082148066811,53.96890973988199,,,,,,,,,,,,,,
INDUSTRIALS,MGNS.L,MRO.L,MORGAN SINDALL GROUP PLC ORD 5P,MELROSE INDUSTRIES PLC ORD GBP0,-2.577439935251642,0.09775019159975518,0.05,,False,2.5694276438086603,-7.87038770626952,,,,,,,,,,,,,,
INDUSTRIALS,DPLM.L,IMI.L,DIPLOMA PLC ORD 5P,IMI PLC ORD 28 4/7P,-2.5322845472355295,0.10781542033880659,0.05,,False,0.929630715825201,1.372881961900081,,,,,,,,,,,,,,
INDUSTRIALS,DPLM.L,HILS.L,DIPLOMA PLC ORD 5P,HILL & SMITH PLC ORD 25P,-2.4935841775061363,0.11704317807655734,0.05,,False,1.5669803812566705,-3.465148563129313,,,,,,,,,,,,,,
INDUSTRIALS,BA.L,KIE.L,BAE SYSTEMS PLC ORD 2.5P,KIER GROUP PLC ORD 1P,-2.492285903414033,0.11736254769629362,0.05,,False,1.01762293743118,2.1385949771726827,,,,,,,,,,,,,,
INDUSTRIALS,MGNS.L,SMIN.L,MORGAN SINDALL GROUP PLC ORD 5P,SMITHS GROUP PLC ORD 37.5P,-2.480499185070476,0.12029146526440121,0.05,,False,1.190293564323462,-0.8346352511249382,,,,,,,,,,,,,,
INDUSTRIALS,BNZL.L,MRO.L,BUNZL PLC ORD 32 1/7P,MELROSE INDUSTRIES PLC ORD GBP0,-2.467020038796053,0.12370627110461174,0.05,,False,-4.006224592585327,33.0673513560625,,,,,,,,,,,,,,
INDUSTRIALS,KIE.L,MRO.L,KIER GROUP PLC ORD 1P,MELROSE INDUSTRIES PLC ORD GBP0,-2.4603577486996215,0.12541998761021217,0.05,,False,2.5726733820787446,-10.996378441476217,,,,,,,,,,,,,,
INDUSTRIALS,MGNS.L,WEIR.L,MORGAN SINDALL GROUP PLC ORD 5P,WEIR PLC ORD 12.5P,-2.428683828917068,0.133803710798425,0.05,,False,1.2746512464785429,-1.6785831835502503,,,,,,,,,,,,,,
INDUSTRIALS,KIE.L,MGNS.L,KIER GROUP PLC ORD 1P,MORGAN SINDALL GROUP PLC ORD 5P,-2.360269261198109,0.1532654396386478,0.05,,False,1.083982879272555,-3.8007395491004203,,,,,,,,,,,,,,
INDUSTRIALS,BA.L,WEIR.L,BAE SYSTEMS PLC ORD 2.5P,WEIR PLC ORD 12.5P,-2.3317628756504822,0.16192831507656608,0.05,,False,1.4474961691776582,-3.904468723588243,,,,,,,,,,,,,,
INDUSTRIALS,BKG.L,MGNS.L,BERKELEY GROUP HOLDINGS (THE) P,MORGAN SINDALL GROUP PLC ORD 5P,-2.2941280728250457,0.17386877931545563,0.05,,False,-0.5340288566936653,12.715063945119779,,,,,,,,,,,,,,
INDUSTRIALS,BKG.L,MRO.L,BERKELEY GROUP HOLDINGS (THE) P,MELROSE INDUSTRIES PLC ORD GBP0,-2.282771455939432,0.17758473742845254,0.05,,False,-1.2719414193795644,16.28832419034338,,,,,,,,,,,,,,
INDUSTRIALS,BA.L,MRO.L,BAE SYSTEMS PLC ORD 2.5P,MELROSE INDUSTRIES PLC ORD GBP0,-2.277694450659368,0.17926289378891597,0.05,,False,9.003554696566258,-49.18167536387502,,,,,,,,,,,,,,
INDUSTRIALS,BKG.L,SPX.L,BERKELEY GROUP HOLDINGS (THE) P,SPIRAX GROUP PLC ORD 26 12/13P,-2.2774477656278593,0.17934469962928495,0.05,,False,1.88110842691579,-8.35244563890869,,,,,,,,,,,,,,
INDUSTRIALS,IMI.L,SMIN.L,IMI PLC ORD 28 4/7P,SMITHS GROUP PLC ORD 37.5P,-2.262427076755839,0.18437237946127405,0.05,,False,1.0821860140526895,-0.6104179829899108,,,,,,,,,,,,,,
INDUSTRIALS,BBY.L,MRO.L,BALFOUR BEATTY PLC ORD 50P,MELROSE INDUSTRIES PLC ORD GBP0,-2.231402858366917,0.19504604385151947,0.05,,False,5.476794653679764,-28.1088249454551,,,,,,,,,,,,,,
INDUSTRIALS,HILS.L,SPX.L,HILL & SMITH PLC ORD 25P,SPIRAX GROUP PLC ORD 26 12/13P,-2.198980061664737,0.20661584388281345,0.05,,False,1.3826846764278995,-4.5962158295542475,,,,,,,,,,,,,,
INDUSTRIALS,BKG.L,SMIN.L,BERKELEY GROUP HOLDINGS (THE) P,SMITHS GROUP PLC ORD 37.5P,-2.191567213079523,0.2093202962036529,0.05,,False,-0.6596135400312984,13.344219298893014,,,,,,,,,,,,,,
INDUSTRIALS,BKG.L,DPLM.L,BERKELEY GROUP HOLDINGS (THE) P,DIPLOMA PLC ORD 5P,-2.177264559074625,0.21460033498025388,0.05,,False,-0.641029444211307,13.74785905223418,,,,,,,,,,,,,,
INDUSTRIALS,MRO.L,SMIN.L,MELROSE INDUSTRIES PLC ORD GBP0,SMITHS GROUP PLC ORD 37.5P,-2.167463647018913,0.2182654287229865,0.05,,False,0.53198379119037,2.212107545126079,,,,,,,,,,,,,,
INDUSTRIALS,BKG.L,IMI.L,BERKELEY GROUP HOLDINGS (THE) P,IMI PLC ORD 28 4/7P,-2.100365681745596,0.24436758445956425,0.05,,False,-0.5708933593513986,12.675744757910799,,,,,,,,,,,,,,
INDUSTRIALS,MRO.L,SPX.L,MELROSE INDUSTRIES PLC ORD GBP0,SPIRAX GROUP PLC ORD 26 12/13P,-2.1002075455269735,0.24443115459169273,0.05,,False,1.6035451120844377,-7.906349430036383,,,,,,,,,,,,,,
INDUSTRIALS,IMI.L,MGNS.L,IMI PLC ORD 28 4/7P,MORGAN SINDALL GROUP PLC ORD 5P,-2.0488515753762906,0.2655723538353376,0.05,,False,0.9141397942368368,0.10732331513678695,,,,,,,,,,,,,,
INDUSTRIALS,KIE.L,WEIR.L,KIER GROUP PLC ORD 1P,WEIR PLC ORD 12.5P,-2.0233798566236327,0.2764168567334525,0.05,,False,1.3973762247797619,-5.742735138928245,,,,,,,,,,,,,,
INDUSTRIALS,BA.L,BBY.L,BAE SYSTEMS PLC ORD 2.5P,BALFOUR BEATTY PLC ORD 50P,-1.995276347535265,0.28864808927615176,0.05,,False,0.7777271438604365,2.4937515561628736,,,,,,,,,,,,,,
INDUSTRIALS,BBY.L,BKG.L,BALFOUR BEATTY PLC ORD 50P,BERKELEY GROUP HOLDINGS (THE) P,-1.9811708098853194,0.2948895742395043,0.05,,False,-2.8403176826839216,29.870027643946248,,,,,,,,,,,,,,
INDUSTRIALS,BKG.L,WEIR.L,BERKELEY GROUP HOLDINGS (THE) P,WEIR PLC ORD 12.5P,-1.9408863212825473,0.313077958085783,0.05,,False,-0.6922319196583481,13.701543058180594,,,,,,,,,,,,,,
INDUSTRIALS,BA.L,BKG.L,BAE SYSTEMS PLC ORD 2.5P,BERKELEY GROUP HOLDINGS (THE) P,-1.9349412877242462,0.31580630193909187,0.05,,False,-2.2874063311406614,26.374910921955316,,,,,,,,,,,,,,
INDUSTRIALS,IMI.L,MRO.L,IMI PLC ORD 28 4/7P,MELROSE INDUSTRIES PLC ORD GBP0,-1.9061358147273135,0.32918015826976255,0.05,,False,2.4589318459648917,-7.779336659744897,,,,,,,,,,,,,,
INDUSTRIALS,DPLM.L,MGNS.L,DIPLOMA PLC ORD 5P,MORGAN SINDALL GROUP PLC ORD 5P,-1.884993261215236,0.3391533504990908,0.05,,False,0.8339449708776895,1.6039918445624517,,,,,,,,,,,,,,
INDUSTRIALS,BNZL.L,IMI.L,BUNZL PLC ORD 32 1/7P,IMI PLC ORD 28 4/7P,-1.8757937251203747,0.34353277040410535,0.05,,False,-1.141436678396452,16.649383653923778,,,,,,,,,,,,,,
INDUSTRIALS,DPLM.L,MRO.L,DIPLOMA PLC ORD 5P,MELROSE INDUSTRIES PLC ORD GBP0,-1.8731543517114737,0.34479359826246603,0.05,,False,2.793592568395076,-9.049643735144276,,,,,,,,,,,,,,
INDUSTRIALS,BKG.L,KIE.L,BERKELEY GROUP HOLDINGS (THE) P,KIER GROUP PLC ORD 1P,-1.8543510049589809,0.3538308991286043,0.05,,False,-0.3397858839160855,10.052030975523499,,,,,,,,,,,,,,
INDUSTRIALS,BBY.L,MGNS.L,BALFOUR BEATTY PLC ORD 50P,MORGAN SINDALL GROUP PLC ORD 5P,-1.7870023297306945,0.3869335017021232,0.05,,False,1.4026580113197058,-5.299916234652496,,,,,,,,,,,,,,
INDUSTRIALS,BKG.L,BNZL.L,BERKELEY GROUP HOLDINGS (THE) P,BUNZL PLC ORD 32 1/7P,-1.7787806770974173,0.3910462153089109,0.05,,False,0.44071817845746414,4.817451392743227,,,,,,,,,,,,,,
INDUSTRIALS,BBY.L,BNZL.L,BALFOUR BEATTY PLC ORD 50P,BUNZL PLC ORD 32 1/7P,-1.7533477623440612,0.40385662193277405,0.05,,False,-1.3880536850241576,17.26215584896847,,,,,,,,,,,,,,
INDUSTRIALS,HILS.L,IMI.L,HILL & SMITH PLC ORD 25P,IMI PLC ORD 28 4/7P,-1.7249695240546885,0.4182955089175216,0.05,,False,0.559864304569377,3.3437802017258367,,,,,,,,,,,,,,
INDUSTRIALS,BBY.L,HILS.L,BALFOUR BEATTY PLC ORD 50P,HILL & SMITH PLC ORD 25P,-1.706379990304043,0.4278283481562317,0.05,,False,2.80519617876971,-15.121787994280567,,,,,,,,,,,,,,
INDUSTRIALS,IMI.L,KIE.L,IMI PLC ORD 28 4/7P,KIER GROUP PLC ORD 1P,-1.6803432654911514,0.4412676099996852,0.05,,False,0.8497676491295175,3.2791795344987715,,,,,,,,,,,,,,
INDUSTRIALS,DPLM.L,KIE.L,DIPLOMA PLC ORD 5P,KIER GROUP PLC ORD 1P,-1.6360363386786443,0.46433266272217155,0.05,,False,0.7760651608995962,4.493219507853179,,,,,,,,,,,,,,
INDUSTRIALS,BBY.L,KIE.L,BALFOUR BEATTY PLC ORD 50P,KIER GROUP PLC ORD 1P,-1.579087076278674,0.4940896592252211,0.05,,False,1.2825090088723492,-0.32246293242541846,,,,,,,,,,,,,,
INDUSTRIALS,BNZL.L,DPLM.L,BUNZL PLC ORD 32 1/7P,DIPLOMA PLC ORD 5P,-1.5527875741089232,0.5072554712761717,0.05,,False,-1.304989392707533,18.99136264667319,,,,,,,,,,,,,,
INDUSTRIALS,SMIN.L,WEIR.L,SMITHS GROUP PLC ORD 37.5P,WEIR PLC ORD 12.5P,-1.4889730173664997,0.5389590062241072,0.05,,False,1.0760761788708777,-0.7496782081360909,,,,,,,,,,,,,,
INDUSTRIALS,BKG.L,HILS.L,BERKELEY GROUP HOLDINGS (THE) P,HILL & SMITH PLC ORD 25P,-1.455147931437371,0.5555709702159022,0.05,,False,-1.7588492671619806,21.732582856221374,,,,,,,,,,,,,,
INDUSTRIALS,DPLM.L,SMIN.L,DIPLOMA PLC ORD 5P,SMITHS GROUP PLC ORD 37.5P,-1.4029818723865788,0.580845739456452,0.05,,False,1.0084013904094247,0.7872910132341495,,,,,,,,,,,,,,
INDUSTRIALS,BA.L,IMI.L,BAE SYSTEMS PLC ORD 2.5P,IMI PLC ORD 28 4/7P,-1.371961236738549,0.5956420168802955,0.05,,False,1.2125050246404336,-1.9032339063177393,,,,,,,,,,,,,,
INDUSTRIALS,BA.L,DPLM.L,BAE SYSTEMS PLC ORD 2.5P,DIPLOMA PLC ORD 5P,-1.203630673251761,0.6720319411065384,0.05,,False,1.3697670797467825,-4.250890939726304,,,,,,,,,,,,,,
INDUSTRIALS,BNZL.L,HILS.L,BUNZL PLC ORD 32 1/7P,HILL & SMITH PLC ORD 25P,-1.0065531385014943,0.7508666967841915,0.05,,False,-3.993624367562915,38.40187278654672,,,,,,,,,,,,,,
INDUSTRIALS,HILS.L,MGNS.L,HILL & SMITH PLC ORD 25P,MORGAN SINDALL GROUP PLC ORD 5P,-0.9770982461856936,0.7615252845745002,0.05,,False,0.36734166558136194,4.599535819099791,,,,,,,,,,,,,,
INDUSTRIALS,HILS.L,KIE.L,HILL & SMITH PLC ORD 25P,KIER GROUP PLC ORD 1P,-0.9624024153287564,0.7667290606757933,0.05,,False,0.4031956112488704,5.554925375508411,,,,,,,,,,,,,,
INDUSTRIALS,HILS.L,SMIN.L,HILL & SMITH PLC ORD 25P,SMITHS GROUP PLC ORD 37.5P,-0.926579126562336,0.7790935774900405,0.05,,False,0.5198771140410157,3.6603736499062505,,,,,,,,,,,,,,
INDUSTRIALS,BBY.L,WEIR.L,BALFOUR BEATTY PLC ORD 50P,WEIR PLC ORD 12.5P,-0.6923226748629068,0.8487281285021022,0.05,,False,1.8048580843000654,-7.786849370156073,,,,,,,,,,,,,,
INDUSTRIALS,BA.L,HILS.L,BAE SYSTEMS PLC ORD 2.5P,HILL & SMITH PLC ORD 25P,-0.6216548798706076,0.8660134544973617,0.05,,False,3.7507082658184756,-21.254446738216988,,,,,,,,,,,,,,
INDUSTRIALS,IMI.L,WEIR.L,IMI PLC ORD 28 4/7P,WEIR PLC ORD 12.5P,-0.47734612769979373,0.8963619497103916,0.05,,False,1.1760670374628766,-1.5119411170998989,,,,,,,,,,,,,,
INDUSTRIALS,DPLM.L,WEIR.L,DIPLOMA PLC ORD 5P,WEIR PLC ORD 12.5P,-0.2706611990777022,0.9295580258925316,0.05,,False,1.1146838812093043,-0.1996236684451862,,,,,,,,,,,,,,
INDUSTRIALS,HILS.L,MRO.L,HILL & SMITH PLC ORD 25P,MELROSE INDUSTRIES PLC ORD GBP0,0.030540123508774646,0.9609860303039162,0.05,,False,0.699758925466761,3.242460053032578,,,,,,,,,,,,,,
INDUSTRIALS,HILS.L,WEIR.L,HILL & SMITH PLC ORD 25P,WEIR PLC ORD 12.5P,0.10312689382292484,0.9662739343190855,0.05,,False,0.48333995480366704,3.8649236614193674,,,,,,,,,,,,,,
INVESTMENT_TRUSTS,FCIT.L,RCP.L,F&C INVESTMENT TRUST PLC ORD 6.,"""RIT Capital Partners""",-3.82033334628668,0.0027059967232858804,0.05,,False,1.1237555283921021,-2.878191053179046,,,,,,,,,,,,,,
INVESTMENT_TRUSTS,ATT.L,FCIT.L,ALLIANZ TECHNOLOGY TRUST PLC OR,F&C INVESTMENT TRUST PLC ORD 6.,-3.6252896964434367,0.005295547428762822,0.05,,False,2.4312145848614866,-7.653684410231728,,,,,,,,,,,,,,
INVESTMENT_TRUSTS,ATT.L,RCP.L,ALLIANZ TECHNOLOGY TRUST PLC OR,"""RIT Capital Partners""",-3.619533614259385,0.00539838222862754,0.05,,False,2.792800458561141,-15.112590290777211,,,,,,,,,,,,,,
INVESTMENT_TRUSTS,PCT.L,RCP.L,POLAR CAPITAL TECHNOLOGY TRUST ,"""RIT Capital Partners""",-3.4615004900190938,0.009032676681429458,0.05,,False,3.5092188843869443,-20.695777606883127,,,,,,,,,,,,,,
INVESTMENT_TRUSTS,MNKS.L,RCP.L,MONKS INVESTMENT TRUST PLC ORD ,"""RIT Capital Partners""",-3.364357948669444,0.012235601063804873,0.05,,False,1.5435150604196615,-4.536077313594308,,,,,,,,,,,,,,
INVESTMENT_TRUSTS,JAM.L,JGGI.L,JPMORGAN AMERICAN INVESTMENT TR,JPMORGAN GLOBAL GROWTH & INCOME,-3.329381961421161,0.013615108864844893,0.05,,False,1.8795120179880342,-4.9403140907686955,,,,,,,,,,,,,,
INVESTMENT_TRUSTS,HGT.L,SMT.L,HG CAPITAL TRUST PLC ORD 2.5P,SCOTTISH MORTGAGE INVESTMENT TR,-3.2525228569002,0.01713875959338854,0.05,,False,-0.6147904412774251,10.45330350226315,,,,,,,,,,,,,,
INVESTMENT_TRUSTS,FCIT.L,PCT.L,F&C INVESTMENT TRUST PLC ORD 6.,POLAR CAPITAL TECHNOLOGY TRUST ,-3.2436350568315366,0.017593827996166697,0.05,,False,0.32711250566021033,3.7080822985147086,,,,,,,,,,,,,,
INVESTMENT_TRUSTS,BRWM.L,RCP.L,BLACKROCK WORLD MINING TRUST PL,"""RIT Capital Partners""",-3.2376523412948863,0.017906076182678404,0.05,,False,3.934212583866215,-23.465897344408088,,,,,,,,,,,,,,
INVESTMENT_TRUSTS,3IN.L,BRWM.L,3I INFRASTRUCTURE PLC ORD NPV,BLACKROCK WORLD MINING TRUST PL,-3.1536704442094123,0.022827977359303194,0.05,,False,0.16209139139653408,4.792131715619078,,,,,,,,,,,,,,
INVESTMENT_TRUSTS,3IN.L,HGT.L,3I INFRASTRUCTURE PLC ORD NPV,HG CAPITAL TRUST PLC ORD 2.5P,-3.116391072842285,0.025363716754085382,0.05,,False,-0.270464212078371,7.505546108120274,,,,,,,,,,,,,,
INVESTMENT_TRUSTS,FCIT.L,HGT.L,F&C INVESTMENT TRUST PLC ORD 6.,HG CAPITAL TRUST PLC ORD 2.5P,-3.0622202311592126,0.029478355462241198,0.05,,False,-0.6429508836406788,9.633400760201022,,,,,,,,,,,,,,
INVESTMENT_TRUSTS,3IN.L,MNKS.L,3I INFRASTRUCTURE PLC ORD NPV,MONKS INVESTMENT TRUST PLC ORD ,-3.0244757829895628,0.03267103289243181,0.05,,False,0.4039876415659018,2.9285053540620307,,,,,,,,,,,,,,
INVESTMENT_TRUSTS,JGGI.L,RCP.L,JPMORGAN GLOBAL GROWTH & INCOME,"""RIT Capital Partners""",-2.952987505947757,0.03952416764250485,0.05,,False,0.33543993957990853,3.790696846541115,,,,,,,,,,,,,,
INVESTMENT_TRUSTS,3IN.L,CTY.L,3I INFRASTRUCTURE PLC ORD NPV,CITY OF LONDON INVESTMENT TRUST,-2.9082237098307386,0.04440001542070917,0.05,,False,0.47984781779555863,2.87003093732105,,,,,,,,,,,,,,
INVESTMENT_TRUSTS,HGT.L,MNKS.L,HG CAPITAL TRUST PLC ORD 2.5P,MONKS INVESTMENT TRUST PLC ORD ,-2.8999830637264963,0.04534996696577385,0.05,,False,-0.993920732882522,13.327142488646441,,,,,,,,,,,,,,
INVESTMENT_TRUSTS,RCP.L,SMT.L,"""RIT Capital Partners""",SCOTTISH MORTGAGE INVESTMENT TR,-2.8914248687842803,0.046354294194187774,0.05,,False,0.42948978567921076,4.612050515778778,,,,,,,,,,,,,,
INVESTMENT_TRUSTS,3IN.L,PCT.L,3I INFRASTRUCTURE PLC ORD NPV,POLAR CAPITAL TECHNOLOGY TRUST ,-2.8253199686408315,0.054747021871934115,0.05,,False,0.16669405835156687,4.839179917485445,,,,,,,,,,,,,,
INVESTMENT_TRUSTS,3IN.L,ATT.L,3I INFRASTRUCTURE PLC ORD NPV,ALLIANZ TECHNOLOGY TRUST PLC OR,-2.8141501156431974,0.056280779665933006,0.05,,False,0.20854626847754934,4.560279054702786,,,,,,,,,,,,,,
INVESTMENT_TRUSTS,3IN.L,JGGI.L,3I INFRASTRUCTURE PLC ORD NPV,JPMORGAN GLOBAL GROWTH & INCOME,-2.7731857978995027,0.06220724313840545,0.05,,False,2.862895055846696,-12.315890550959798,,,,,,,,,,,,,,
INVESTMENT_TRUSTS,HGT.L,JAM.L,HG CAPITAL TRUST PLC ORD 2.5P,JPMORGAN AMERICAN INVESTMENT TR,-2.7119861204849625,0.07198701355333292,0.05,,False,-2.5781277502008053,24.16094137315026,,,,,,,,,,,,,,
INVESTMENT_TRUSTS,BRWM.L,CTY.L,BLACKROCK WORLD MINING TRUST PL,CITY OF LONDON INVESTMENT TRUST,-2.6641521323570574,0.08044957295509009,0.05,,False,2.857693867906319,-11.223759884084323,,,,,,,,,,,,,,
INVESTMENT_TRUSTS,3IN.L,RCP.L,3I INFRASTRUCTURE PLC ORD NPV,"""RIT Capital Partners""",-2.653100751894531,0.08251137079868992,0.05,,False,0.6571403124692787,0.8407764801151592,,,,,,,,,,,,,,
INVESTMENT_TRUSTS,FCIT.L,JGGI.L,F&C INVESTMENT TRUST PLC ORD 6.,JPMORGAN GLOBAL GROWTH & INCOME,-2.6416421955306686,0.0846924099591278,0.05,,False,2.9744042084866833,-13.195465608535978,,,,,,,,,,,,,,
INVESTMENT_TRUSTS,FCIT.L,SMT.L,F&C INVESTMENT TRUST PLC ORD 6.,SCOTTISH MORTGAGE INVESTMENT TR,-2.5898760270034265,0.0951077919085268,0.05,,False,0.5074525585898597,2.132004427776436,,,,,,,,,,,,,,
INVESTMENT_TRUSTS,3IN.L,FCIT.L,3I INFRASTRUCTURE PLC ORD NPV,F&C INVESTMENT TRUST PLC ORD 6.,-2.5662553011412244,0.1001740799218831,0.05,,False,0.5396867221446747,2.779157773079838,,,,,,,,,,,,,,
INVESTMENT_TRUSTS,JGGI.L,PCT.L,JPMORGAN GLOBAL GROWTH & INCOME,POLAR CAPITAL TECHNOLOGY TRUST ,-2.5599536425134906,0.10155967555558199,0.05,,False,0.09160705105788321,5.792756581399415,,,,,,,,,,,,,,
INVESTMENT_TRUSTS,CTY.L,MNKS.L,CITY OF LONDON INVESTMENT TRUST,MONKS INVESTMENT TRUST PLC ORD ,-2.53346730952131,0.10754223200151297,0.05,,False,0.8853929580324132,-0.1910132572765999,,,,,,,,,,,,,,
INVESTMENT_TRUSTS,BRWM.L,JGGI.L,BLACKROCK WORLD MINING TRUST PL,JPMORGAN GLOBAL GROWTH & INCOME,-2.5316219117885685,0.10796869943539134,0.05,,False,16.078854350128093,-95.50677150548272,,,,,,,,,,,,,,
INVESTMENT_TRUSTS,3IN.L,SMT.L,3I INFRASTRUCTURE PLC ORD NPV,SCOTTISH MORTGAGE INVESTMENT TR,-2.495418093264621,0.11659313618490302,0.05,,False,0.23021768910205095,4.23344948105924,,,,,,,,,,,,,,
INVESTMENT_TRUSTS,ATT.L,JGGI.L,ALLIANZ TECHNOLOGY TRUST PLC OR,JPMORGAN GLOBAL GROWTH & INCOME,-2.4753009702513094,0.12160009676691441,0.05,,False,8.31427723924799,-46.60015949050619,,,,,,,,,,,,,,
INVESTMENT_TRUSTS,JGGI.L,MNKS.L,JPMORGAN GLOBAL GROWTH & INCOME,MONKS INVESTMENT TRUST PLC ORD ,-2.4748967364786063,0.12170229633121266,0.05,,False,0.23030105098084203,4.6831037201763,,,,,,,,,,,,,,
INVESTMENT_TRUSTS,HGT.L,PCT.L,HG CAPITAL TRUST PLC ORD 2.5P,POLAR CAPITAL TECHNOLOGY TRUST ,-2.463732212314003,0.12454983955933824,0.05,,False,-0.3815178679236169,8.455499624682401,,,,,,,,,,,,,,
INVESTMENT_TRUSTS,HGT.L,JGGI.L,HG CAPITAL TRUST PLC ORD 2.5P,JPMORGAN GLOBAL GROWTH & INCOME,-2.4634763720448123,0.12461565669884839,0.05,,False,-14.580597835926877,98.61852153186948,,,,,,,,,,,,,,
INVESTMENT_TRUSTS,3IN.L,PSH.L,3I INFRASTRUCTURE PLC ORD NPV,PERSHING SQUARE HOLDINGS LTD OR,-2.454723729563898,0.12688263352284196,0.05,,False,0.37140353741500925,2.7470871994555193,,,,,,,,,,,,,,
INVESTMENT_TRUSTS,ATT.L,PCT.L,ALLIANZ TECHNOLOGY TRUST PLC OR,POLAR CAPITAL TECHNOLOGY TRUST ,-2.4409194195565984,0.1305186012415187,0.05,,False,0.8037300640769878,1.3109742334664407,,,,,,,,,,,,,,
INVESTMENT_TRUSTS,JGGI.L,SMT.L,JPMORGAN GLOBAL GROWTH & INCOME,SCOTTISH MORTGAGE INVESTMENT TR,-2.4307888322984863,0.1332343556217036,0.05,,False,0.12835052489446824,5.447116679028174,,,,,,,,,,,,,,
INVESTMENT_TRUSTS,CTY.L,HGT.L,CITY OF LONDON INVESTMENT TRUST,HG CAPITAL TRUST PLC ORD 2.5P,-2.40020983918621,0.1416771918869858,0.05,,False,-0.8668650754168008,11.53304521133334,,,,,,,,,,,,,,
INVESTMENT_TRUSTS,CTY.L,JGGI.L,CITY OF LONDON INVESTMENT TRUST,JPMORGAN GLOBAL GROWTH & INCOME,-2.3828152085172087,0.14664554674319008,0.05,,False,10.93377242605322,-63.14197005314681,,,,,,,,,,,,,,
INVESTMENT_TRUSTS,ATT.L,HGT.L,ALLIANZ TECHNOLOGY TRUST PLC OR,HG CAPITAL TRUST PLC ORD 2.5P,-2.3757448897550524,0.1486995733150186,0.05,,False,-2.1227329815757345,19.223112339983153,,,,,,,,,,,,,,
INVESTMENT_TRUSTS,FCIT.L,MNKS.L,F&C INVESTMENT TRUST PLC ORD 6.,MONKS INVESTMENT TRUST PLC ORD ,-2.331551078446104,0.1619939069915814,0.05,,False,0.7398620961609967,0.33930784669756076,,,,,,,,,,,,,,
INVESTMENT_TRUSTS,CTY.L,RCP.L,CITY OF LONDON INVESTMENT TRUST,"""RIT Capital Partners""",-2.301583076923587,0.17145790604719974,0.05,,False,1.4058506754857671,-4.5054054954334575,,,,,,,,,,,,,,
INVESTMENT_TRUSTS,3IN.L,JAM.L,3I INFRASTRUCTURE PLC ORD NPV,JPMORGAN AMERICAN INVESTMENT TR,-2.275656388457887,0.17993949782415164,0.05,,False,0.5629445429219956,1.9080789516884176,,,,,,,,,,,,,,
INVESTMENT_TRUSTS,BRWM.L,MNKS.L,BLACKROCK WORLD MINING TRUST PL,MONKS INVESTMENT TRUST PLC ORD ,-2.189884949012077,0.20993709847872144,0.05,,False,2.667203598732918,-12.755481824237311,,,,,,,,,,,,,,
INVESTMENT_TRUSTS,BRWM.L,HGT.L,BLACKROCK WORLD MINING TRUST PL,HG CAPITAL TRUST PLC ORD 2.5P,-2.1645514585553047,0.21936178370859222,0.05,,False,-2.864545257914647,24.126151364573946,,,,,,,,,,,,,,
INVESTMENT_TRUSTS,BRWM.L,FCIT.L,BLACKROCK WORLD MINING TRUST PL,F&C INVESTMENT TRUST PLC ORD 6.,-2.153345407334592,0.2236117480734876,0.05,,False,3.697864898612424,-14.504536648729598,,,,,,,,,,,,,,
INVESTMENT_TRUSTS,PCT.L,SMT.L,POLAR CAPITAL TECHNOLOGY TRUST ,SCOTTISH MORTGAGE INVESTMENT TR,-2.1461235544653845,0.22637684382337592,0.05,,False,1.5526484187878296,-4.8274715780103605,,,,,,,,,,,,,,
INVESTMENT_TRUSTS,HGT.L,RCP.L,HG CAPITAL TRUST PLC ORD 2.5P,"""RIT Capital Partners""",-2.138414291115307,0.22935108785080133,0.05,,False,-1.8379997907767254,20.145105142412703,,,,,,,,,,,,,,
INVESTMENT_TRUSTS,ATT.L,CTY.L,ALLIANZ TECHNOLOGY TRUST PLC OR,CITY OF LONDON INVESTMENT TRUST,-2.1155314973787456,0.23831534364876278,0.05,,False,2.146551593134366,-7.151023949111179,,,,,,,,,,,,,,
INVESTMENT_TRUSTS,JAM.L,RCP.L,JPMORGAN AMERICAN INVESTMENT TR,"""RIT Capital Partners""",-2.085384374982905,0.2504320840082487,0.05,,False,0.9302451906488874,-0.09405785476091033,,,,,,,,,,,,,,
INVESTMENT_TRUSTS,ATT.L,SMT.L,ALLIANZ TECHNOLOGY TRUST PLC OR,SCOTTISH MORTGAGE INVESTMENT TR,-2.059234488896382,0.2612192378418362,0.05,,False,1.2381549933493017,-2.5011382629412147,,,,,,,,,,,,,,
INVESTMENT_TRUSTS,BRWM.L,JAM.L,BLACKROCK WORLD MINING TRUST PL,JPMORGAN AMERICAN INVESTMENT TR,-2.0375719492572086,0.27034586145002143,0.05,,False,5.861780688289075,-34.456840428928935,,,,,,,,,,,,,,
INVESTMENT_TRUSTS,BRWM.L,SMT.L,BLACKROCK WORLD MINING TRUST PL,SCOTTISH MORTGAGE INVESTMENT TR,-1.9385182756097317,0.31416339112422753,0.05,,False,1.7920309021266445,-6.033044591293581,,,,,,,,,,,,,,
INVESTMENT_TRUSTS,CTY.L,SMT.L,CITY OF LONDON INVESTMENT TRUST,SCOTTISH MORTGAGE INVESTMENT TR,-1.8991326684937353,0.33246924078878665,0.05,,False,0.5890598762203253,2.0809922492695083,,,,,,,,,,,,,,
INVESTMENT_TRUSTS,ATT.L,MNKS.L,ALLIANZ TECHNOLOGY TRUST PLC OR,MONKS INVESTMENT TRUST PLC ORD ,-1.8958438299975964,0.3340188233002572,0.05,,False,1.8005377334347383,-6.841519624043794,,,,,,,,,,,,,,
INVESTMENT_TRUSTS,FCIT.L,JAM.L,F&C INVESTMENT TRUST PLC ORD 6.,JPMORGAN AMERICAN INVESTMENT TR,-1.895260694068114,0.33429390399860603,0.05,,False,1.2088236035088065,-2.770167648615793,,,,,,,,,,,,,,
INVESTMENT_TRUSTS,JAM.L,PCT.L,JPMORGAN AMERICAN INVESTMENT TR,POLAR CAPITAL TECHNOLOGY TRUST ,-1.8629987042649085,0.34966277681196756,0.05,,False,0.23722406369964663,5.558581569383978,,,,,,,,,,,,,,
INVESTMENT_TRUSTS,MNKS.L,PCT.L,MONKS INVESTMENT TRUST PLC ORD ,POLAR CAPITAL TECHNOLOGY TRUST ,-1.8399807453117316,0.3608006779614642,0.05,,False,0.4411674966812664,4.558975418524945,,,,,,,,,,,,,,
INVESTMENT_TRUSTS,JAM.L,MNKS.L,JPMORGAN AMERICAN INVESTMENT TR,MONKS INVESTMENT TRUST PLC ORD ,-1.8320289883997485,0.3646800837079491,0.05,,False,0.5818742468952827,2.789438209754926,,,,,,,,,,,,,,
INVESTMENT_TRUSTS,CTY.L,PCT.L,CITY OF LONDON INVESTMENT TRUST,POLAR CAPITAL TECHNOLOGY TRUST ,-1.828140063196207,0.3665831146434211,0.05,,False,0.37385417816105065,3.9455674415686035,,,,,,,,,,,,,,
INVESTMENT_TRUSTS,HGT.L,PSH.L,HG CAPITAL TRUST PLC ORD 2.5P,PERSHING SQUARE HOLDINGS LTD OR,-1.8071489104389247,0.3769182787155332,0.05,,False,-1.9007983018375407,21.980407166774807,,,,,,,,,,,,,,
INVESTMENT_TRUSTS,ATT.L,JAM.L,ALLIANZ TECHNOLOGY TRUST PLC OR,JPMORGAN AMERICAN INVESTMENT TR,-1.801083231836453,0.3799240318413827,0.05,,False,3.259571123406394,-16.62549112845712,,,,,,,,,,,,,,
INVESTMENT_TRUSTS,JGGI.L,PSH.L,JPMORGAN GLOBAL GROWTH & INCOME,PERSHING SQUARE HOLDINGS LTD OR,-1.781076292015609,0.38989643266100343,0.05,,False,0.20327442839178278,4.649953377855978,,,,,,,,,,,,,,
INVESTMENT_TRUSTS,JAM.L,SMT.L,JPMORGAN AMERICAN INVESTMENT TR,SCOTTISH MORTGAGE INVESTMENT TR,-1.70497508013371,0.4285510061150618,0.05,,False,0.3683900938913905,4.412940203829271,,,,,,,,,,,,,,
INVESTMENT_TRUSTS,MNKS.L,SMT.L,MONKS INVESTMENT TRUST PLC ORD ,SCOTTISH MORTGAGE INVESTMENT TR,-1.6081518763446598,0.4794973769210706,0.05,,False,0.6801139540586966,2.4630933810317845,,,,,,,,,,,,,,
INVESTMENT_TRUSTS,CTY.L,JAM.L,CITY OF LONDON INVESTMENT TRUST,JPMORGAN AMERICAN INVESTMENT TR,-1.604031265190733,0.48156814023918704,0.05,,False,1.8960750477346489,-7.047665818437755,,,,,,,,,,,,,,
INVESTMENT_TRUSTS,ATT.L,BRWM.L,ALLIANZ TECHNOLOGY TRUST PLC OR,BLACKROCK WORLD MINING TRUST PL,-1.5858416680521996,0.4907017105559689,0.05,,False,0.7199725052973359,1.4802966564848887,,,,,,,,,,,,,,
INVESTMENT_TRUSTS,BRWM.L,PCT.L,BLACKROCK WORLD MINING TRUST PL,POLAR CAPITAL TECHNOLOGY TRUST ,-1.569614233101094,0.4988368780603395,0.05,,False,1.0832667718499456,-0.03759947496868854,,,,,,,,,,,,,,
INVESTMENT_TRUSTS,BRWM.L,PSH.L,BLACKROCK WORLD MINING TRUST PL,PERSHING SQUARE HOLDINGS LTD OR,-1.531721710036352,0.5177648008904615,0.05,,False,4.5429014605229385,-31.337723345341182,,,,,,,,,,,,,,
INVESTMENT_TRUSTS,PSH.L,RCP.L,PERSHING SQUARE HOLDINGS LTD OR,"""RIT Capital Partners""",-1.5109749989631158,0.5280753463776089,0.05,,False,1.5594504888598366,-3.5374928720781753,,,,,,,,,,,,,,
INVESTMENT_TRUSTS,CTY.L,PSH.L,CITY OF LONDON INVESTMENT TRUST,PERSHING SQUARE HOLDINGS LTD OR,-1.3506349765779624,0.6057004450375778,0.05,,False,0.9826146948773404,-1.990750362543233,,,,,,,,,,,,,,
INVESTMENT_TRUSTS,CTY.L,FCIT.L,CITY OF LONDON INVESTMENT TRUST,F&C INVESTMENT TRUST PLC ORD 6.,-1.3137295851888677,0.6228678383543715,0.05,,False,1.244313990806171,-0.8666813142175398,,,,,,,,,,,,,,
INVESTMENT_TRUSTS,MNKS.L,PSH.L,MONKS INVESTMENT TRUST PLC ORD ,PERSHING SQUARE HOLDINGS LTD OR,-1.1091505849849088,0.711408996042363,0.05,,False,1.140150704919777,-2.2850018502093743,,,,,,,,,,,,,,
INVESTMENT_TRUSTS,PSH.L,SMT.L,PERSHING SQUARE HOLDINGS LTD OR,SCOTTISH MORTGAGE INVESTMENT TR,-1.0885361423336946,0.7196218401835648,0.05,,False,0.47487146243732753,5.010756674272606,,,,,,,,,,,,,,
INVESTMENT_TRUSTS,PCT.L,PSH.L,POLAR CAPITAL TECHNOLOGY TRUST ,PERSHING SQUARE HOLDINGS LTD OR,-1.0405266720853033,0.7381977588908851,0.05,,False,3.707954631897363,-24.85534894039978,,,,,,,,,,,,,,
INVESTMENT_TRUSTS,JAM.L,PSH.L,JPMORGAN AMERICAN INVESTMENT TR,PERSHING SQUARE HOLDINGS LTD OR,-0.8668302174268449,0.7986994050340532,0.05,,False,0.552588867511255,2.381413193902783,,,,,,,,,,,,,,
INVESTMENT_TRUSTS,ATT.L,PSH.L,ALLIANZ TECHNOLOGY TRUST PLC OR,PERSHING SQUARE HOLDINGS LTD OR,-0.746128369533536,0.8344368321198583,0.05,,False,2.6702513831784938,-16.088945763771633,,,,,,,,,,,,,,
INVESTMENT_TRUSTS,FCIT.L,PSH.L,F&C INVESTMENT TRUST PLC ORD 6.,PERSHING SQUARE HOLDINGS LTD OR,-0.0062276546284391375,0.9580140231643424,0.05,,False,0.7425949827463844,-0.5118365448925077,,,,,,,,,,,,,,
MATERIALS,ANTO.L,HOC.L,ANTOFAGASTA PLC ORD 5P,HOCHSCHILD MINING PLC ORD 1P,-2.63813324143352,0.08536919601261961,0.05,,False,0.6661063679148043,3.9167408337676846,,,,,,,,,,,,,,
MATERIALS,AAL.L,RIO.L,ANGLO AMERICAN PLC ORD USD0.623,RIO TINTO PLC ORD 10P,-2.426297764115669,0.13445119507708703,0.05,,False,1.146470321771046,-1.976653451929625,,,,,,,,,,,,,,
MATERIALS,AAL.L,ANTO.L,ANGLO AMERICAN PLC ORD USD0.623,ANTOFAGASTA PLC ORD 5P,-2.4196945174210525,0.13625475407944865,0.05,,False,0.6264786188847687,3.006665384683645,,,,,,,,,,,,,,
MATERIALS,AAL.L,HOC.L,ANGLO AMERICAN PLC ORD USD0.623,HOCHSCHILD MINING PLC ORD 1P,-2.392248559362672,0.1439361583596479,0.05,,False,0.39688787588211966,5.577602941473275,,,,,,,,,,,,,,
MATERIALS,FRES.L,JMAT.L,FRESNILLO PLC ORD USD0.50,JOHNSON MATTHEY PLC ORD 147 143,-2.3715266069246472,0.14993458465657744,0.05,,False,4.444784176505222,-27.171518748895135,,,,,,,,,,,,,,
MATERIALS,CRDA.L,JMAT.L,CRODA INTERNATIONAL PLC ORD 10.,JOHNSON MATTHEY PLC ORD 147 143,-2.3180789408415428,0.16620343059615889,0.05,,False,-0.605662313603605,12.730656715000592,,,,,,,,,,,,,,
MATERIALS,BHP.L,RIO.L,BHP GROUP LIMITED ORD NPV (DI),RIO TINTO PLC ORD 10P,-2.3050577572009567,0.17034193271211057,0.05,,False,0.9143033282323043,-0.1530177129548571,,,,,,,,,,,,,,
MATERIALS,ANTO.L,JMAT.L,ANTOFAGASTA PLC ORD 5P,JOHNSON MATTHEY PLC ORD 147 143,-2.291662731009308,0.17467100765257737,0.05,,False,1.8944960420627155,-6.9285076984409955,,,,,,,,,,,,,,
MATERIALS,FRES.L,HOC.L,FRESNILLO PLC ORD USD0.50,HOCHSCHILD MINING PLC ORD 1P,-2.2712358576477474,0.18141283438032813,0.05,,False,1.5478129984793942,-1.6408948547871631,,,,,,,,,,,,,,
MATERIALS,CRDA.L,FRES.L,CRODA INTERNATIONAL PLC ORD 10.,FRESNILLO PLC ORD USD0.50,-2.2155757003434497,0.20064102102742315,0.05,,False,-0.15680364656804008,9.176965365881383,,,,,,,,,,,,,,
MATERIALS,ANTO.L,CRDA.L,ANTOFAGASTA PLC ORD 5P,CRODA INTERNATIONAL PLC ORD 10.,-2.141764652478853,0.228055661593011,0.05,,False,-4.337622399210036,42.61948291655435,,,,,,,,,,,,,,
MATERIALS,GLEN.L,RIO.L,GLENCORE PLC ORD USD0.01,RIO TINTO PLC ORD 10P,-2.114821929336782,0.2385965473352213,0.05,,False,1.35722346959115,-5.696189851404426,,,,,,,,,,,,,,
MATERIALS,BHP.L,GLEN.L,BHP GROUP LIMITED ORD NPV (DI),GLENCORE PLC ORD USD0.01,-2.113065677392527,0.2392933863969719,0.05,,False,0.6786716044642006,3.654456230896608,,,,,,,,,,,,,,
MATERIALS,HOC.L,JMAT.L,HOCHSCHILD MINING PLC ORD 1P,JOHNSON MATTHEY PLC ORD 147 143,-2.08348841599586,0.2512056130824896,0.05,,False,3.1179130240192197,-18.40141400465372,,,,,,,,,,,,,,
MATERIALS,AAL.L,CRDA.L,ANGLO AMERICAN PLC ORD USD0.623,CRODA INTERNATIONAL PLC ORD 10.,-2.061901240840717,0.260107560984244,0.05,,False,-2.49084484733541,27.88489928798274,,,,,,,,,,,,,,
MATERIALS,ANTO.L,FRES.L,ANTOFAGASTA PLC ORD 5P,FRESNILLO PLC ORD USD0.50,-2.031257868594655,0.27303797539917474,0.05,,False,0.4186148858031109,4.707941298737821,,,,,,,,,,,,,,
MATERIALS,AAL.L,BHP.L,ANGLO AMERICAN PLC ORD USD0.623,BHP GROUP LIMITED ORD NPV (DI),-2.031147570546563,0.2730851296720277,0.05,,False,1.2694508854912419,-1.9041284036281834,,,,,,,,,,,,,,
MATERIALS,BHP.L,CRDA.L,BHP GROUP LIMITED ORD NPV (DI),CRODA INTERNATIONAL PLC ORD 10.,-1.9828237184119657,0.29415470740789945,0.05,,False,-3.924096633365448,39.24220977263038,,,,,,,,,,,,,,
MATERIALS,CRDA.L,HOC.L,CRODA INTERNATIONAL PLC ORD 10.,HOCHSCHILD MINING PLC ORD 1P,-1.9659933772055396,0.3016799143363801,0.05,,False,-0.21179751725155657,9.256853319217946,,,,,,,,,,,,,,
MATERIALS,CRDA.L,RIO.L,CRODA INTERNATIONAL PLC ORD 10.,RIO TINTO PLC ORD 10P,-1.9309449623099981,0.31764653969424206,0.05,,False,-0.36397616444537323,11.162638595316404,,,,,,,,,,,,,,
MATERIALS,CRDA.L,GLEN.L,CRODA INTERNATIONAL PLC ORD 10.,GLENCORE PLC ORD USD0.01,-1.843661944340352,0.3590101626326195,0.05,,False,0.16106478091105733,7.08368504624632,,,,,,,,,,,,,,
MATERIALS,AAL.L,GLEN.L,ANGLO AMERICAN PLC ORD USD0.623,GLENCORE PLC ORD USD0.01,-1.7863755650278983,0.3872465180143057,0.05,,False,0.8373483023257738,2.878818691646031,,,,,,,,,,,,,,
MATERIALS,AAL.L,JMAT.L,ANGLO AMERICAN PLC ORD USD0.623,JOHNSON MATTHEY PLC ORD 147 143,-1.773268493848259,0.3938115570415908,0.05,,False,1.1566367622654379,-1.0998693812179603,,,,,,,,,,,,,,
MATERIALS,HOC.L,RIO.L,HOCHSCHILD MINING PLC ORD 1P,RIO TINTO PLC ORD 10P,-1.7225979622932053,0.41950854210592525,0.05,,False,3.061376360578878,-20.515094794470045,,,,,,,,,,,,,,
MATERIALS,AAL.L,FRES.L,ANGLO AMERICAN PLC ORD USD0.623,FRESNILLO PLC ORD USD0.50,-1.7151851559962874,0.4233060986677385,0.05,,False,0.2401072330890924,6.116521996609294,,,,,,,,,,,,,,
MATERIALS,GLEN.L,HOC.L,GLENCORE PLC ORD USD0.01,HOCHSCHILD MINING PLC ORD 1P,-1.6226773123319278,0.4713259663838221,0.05,,False,0.3282977970876774,4.059307252369619,,,,,,,,,,,,,,
MATERIALS,GLEN.L,JMAT.L,GLENCORE PLC ORD USD0.01,JOHNSON MATTHEY PLC ORD 147 143,-1.5553143285755149,0.5059925560136741,0.05,,False,1.6168950619337417,-6.575666756173432,,,,,,,,,,,,,,
MATERIALS,ANTO.L,GLEN.L,ANTOFAGASTA PLC ORD 5P,GLENCORE PLC ORD USD0.01,-1.5265533021512439,0.5203373076963079,0.05,,False,1.4965741411722626,-1.1549693099565594,,,,,,,,,,,,,,
MATERIALS,JMAT.L,RIO.L,JOHNSON MATTHEY PLC ORD 147 143,RIO TINTO PLC ORD 10P,-1.406314443168571,0.5792451791575097,0.05,,False,1.0303191704754289,-1.0934587973979513,,,,,,,,,,,,,,
MATERIALS,BHP.L,JMAT.L,BHP GROUP LIMITED ORD NPV (DI),JOHNSON MATTHEY PLC ORD 147 143,-1.3340910331504836,0.6134349515632183,0.05,,False,0.8405103366451618,1.1803661793124043,,,,,,,,,,,,,,
MATERIALS,ANTO.L,RIO.L,ANTOFAGASTA PLC ORD 5P,RIO TINTO PLC ORD 10P,-1.3271927024375614,0.6166416384653999,0.05,,False,1.8716505175839482,-8.311504827292659,,,,,,,,,,,,,,
MATERIALS,BHP.L,HOC.L,BHP GROUP LIMITED ORD NPV (DI),HOCHSCHILD MINING PLC ORD 1P,-1.2808934613993215,0.6378676193673173,0.05,,False,0.2688935925984304,6.144830696827208,,,,,,,,,,,,,,
MATERIALS,ANTO.L,BHP.L,ANTOFAGASTA PLC ORD 5P,BHP GROUP LIMITED ORD NPV (DI),-1.2107128156403142,0.6689704348880255,0.05,,False,2.122184362995286,-8.575711350193664,,,,,,,,,,,,,,
MATERIALS,FRES.L,GLEN.L,FRESNILLO PLC ORD USD0.50,GLENCORE PLC ORD USD0.01,-1.1119832231738025,0.7102695525483192,0.05,,False,6.717268960343225,-32.68243340773519,,,,,,,,,,,,,,
MATERIALS,FRES.L,RIO.L,FRESNILLO PLC ORD USD0.50,RIO TINTO PLC ORD 10P,-0.9303212744931145,0.7778232888799836,0.05,,False,5.488926181620138,-39.83090480621314,,,,,,,,,,,,,,
MATERIALS,BHP.L,FRES.L,BHP GROUP LIMITED ORD NPV (DI),FRESNILLO PLC ORD USD0.50,-0.8536500837832935,0.8028528532854504,0.05,,False,0.1451118725789496,6.637175289035481,,,,,,,,,,,,,,
NL_BANKS,ABN.AS,INGA.AS,ABN AMRO BANK N.V.,ING GROEP N.V.,-3.211990496412494,0.01930102893428782,0.05,0.01930102893428782,True,1.4438843413453253,-1.164752668834078,17.844904941433356,0.00012334910745543675,-0.0388428620289568,54.0,0.2744359283850891,2.857548446702937,False,,0.6,0.008650998790200586,0.44939008047289475,0.25520795906035015,True,reversion signs agree
NL_SEMI_EQUIPMENT,ASML.AS,BESI.AS,ASML HOLDING,BE Semiconductor Industries N.V,-2.216451843183585,0.20032866271428834,0.05,,False,0.9296802222624441,2.1474896479618657,,,,,,,,,,,,,,
REAL_ESTATE,LMP.L,PHP.L,LONDONMETRIC PROPERTY PLC ORD 1,PRIMARY HEALTH PROPERTIES PLC O,-3.7857135610075763,0.003056913161761177,0.05,,False,1.0031757158778478,0.6784629710060956,,,,,,,,,,,,,,
REAL_ESTATE,GPE.L,LMP.L,GREAT PORTLAND ESTATES PLC ORD ,LONDONMETRIC PROPERTY PLC ORD 1,-3.6238380232609684,0.005321312883417278,0.05,,False,1.8973422337947032,-4.20507321264069,,,,,,,,,,,,,,
REAL_ESTATE,GPE.L,LAND.L,GREAT PORTLAND ESTATES PLC ORD ,LAND SECURITIES GROUP PLC ORD 1,-3.3614972780131196,0.012343582316483779,0.05,,False,1.4708719262529644,-3.6502007856282734,,,,,,,,,,,,,,
REAL_ESTATE,BBOX.L,LAND.L,TRITAX BIG BOX REIT PLC ORD 1P,LAND SECURITIES GROUP PLC ORD 1,-3.342301416931683,0.013090290059406687,0.05,,False,1.1842455593531742,-2.5813132225646678,,,,,,,,,,,,,,
REAL_ESTATE,BLND.L,LAND.L,BRITISH LAND COMPANY PLC ORD 25,LAND SECURITIES GROUP PLC ORD 1,-3.3128972263868643,0.014311719546447001,0.05,,False,1.2707687401641927,-2.184727631240066,,,,,,,,,,,,,,
REAL_ESTATE,LAND.L,UTG.L,LAND SECURITIES GROUP PLC ORD 1,UNITE GROUP PLC ORD 25P,-3.0282498288597126,0.0323391237818323,0.05,,False,-0.0009490954941924363,6.406254448226536,,,,,,,,,,,,,,
REAL_ESTATE,LAND.L,SGRO.L,LAND SECURITIES GROUP PLC ORD 1,SEGRO PLC ORD 10P,-3.017925636966317,0.033253944609183295,0.05,,False,0.4273591160471813,3.582890668169977,,,,,,,,,,,,,,
REAL_ESTATE,PHP.L,SGRO.L,PRIMARY HEALTH PROPERTIES PLC O,SEGRO PLC ORD 10P,-2.95133200295198,0.039696160977328525,0.05,,False,0.15780557848089322,3.5207249648183305,,,,,,,,,,,,,,
REAL_ESTATE,PHP.L,UTG.L,PRIMARY HEALTH PROPERTIES PLC O,UNITE GROUP PLC ORD 25P,-2.9457240305420096,0.040283446246161474,0.05,,False,-0.004665501280250826,4.5916217740068435,,,,,,,,,,,,,,
REAL_ESTATE,LAND.L,LMP.L,LAND SECURITIES GROUP PLC ORD 1,LONDONMETRIC PROPERTY PLC ORD 1,-2.9321033233106513,0.04174015997997073,0.05,,False,1.3068704530165458,-0.4661713283602156,,,,,,,,,,,,,,
REAL_ESTATE,GPE.L,PHP.L,GREAT PORTLAND ESTATES PLC ORD ,PRIMARY HEALTH PROPERTIES PLC O,-2.9179499207023487,0.043300129301665984,0.05,,False,2.275507038923398,-4.615113682581104,,,,,,,,,,,,,,
REAL_ESTATE,DLN.L,PHP.L,DERWENT LONDON PLC ORD 5P,PRIMARY HEALTH PROPERTIES PLC O,-2.910144647995927,0.044180967013536104,0.05,,False,8.886823007810612,-32.975454618506284,,,,,,,,,,,,,,
REAL_ESTATE,HMSO.L,LAND.L,HAMMERSON PLC ORD 5P,LAND SECURITIES GROUP PLC ORD 1,-2.8703652533968635,0.048904237987748914,0.05,,False,2.12287177798385,-7.8918534342371744,,,,,,,,,,,,,,
REAL_ESTATE,LMP.L,UTG.L,LONDONMETRIC PROPERTY PLC ORD 1,UNITE GROUP PLC ORD 25P,-2.8604474783720772,0.050144534891866474,0.05,,False,0.034972949176002244,5.024157229873957,,,,,,,,,,,,,,
REAL_ESTATE,LAND.L,PHP.L,LAND SECURITIES GROUP PLC ORD 1,PRIMARY HEALTH PROPERTIES PLC O,-2.856309949588592,0.05066955516208343,0.05,,False,1.4324254299981571,-0.1332315522944354,,,,,,,,,,,,,,
REAL_ESTATE,DLN.L,LMP.L,DERWENT LONDON PLC ORD 5P,LONDONMETRIC PROPERTY PLC ORD 1,-2.844748614857239,0.052160570709240336,0.05,,False,3.964190332690675,-13.270445140381664,,,,,,,,,,,,,,
REAL_ESTATE,LMP.L,SGRO.L,LONDONMETRIC PROPERTY PLC ORD 1,SEGRO PLC ORD 10P,-2.843568924443842,0.0523147110721009,0.05,,False,0.31035777199789005,3.2080563502313013,,,,,,,,,,,,,,
REAL_ESTATE,BLND.L,PHP.L,BRITISH LAND COMPANY PLC ORD 25,PRIMARY HEALTH PROPERTIES PLC O,-2.8295653622331316,0.054173092527237156,0.05,,False,1.9732844037729633,-3.051876106464264,,,,,,,,,,,,,,
REAL_ESTATE,BLND.L,SGRO.L,BRITISH LAND COMPANY PLC ORD 25,SEGRO PLC ORD 10P,-2.7058279292351624,0.07303520086416557,0.05,,False,0.5999546786216085,1.9933474171886432,,,,,,,,,,,,,,
REAL_ESTATE,DLN.L,LAND.L,DERWENT LONDON PLC ORD 5P,LAND SECURITIES GROUP PLC ORD 1,-2.6929411897543787,0.07526773688899549,0.05,,False,3.271412617151392,-13.380016750212878,,,,,,,,,,,,,,
REAL_ESTATE,HMSO.L,UTG.L,HAMMERSON PLC ORD 5P,UNITE GROUP PLC ORD 25P,-2.671270177922216,0.07914308562981359,0.05,,False,-0.2699078933188902,7.46777469271057,,,,,,,,,,,,,,
REAL_ESTATE,BBOX.L,PHP.L,TRITAX BIG BOX REIT PLC ORD 1P,PRIMARY HEALTH PROPERTIES PLC O,-2.6679511523869746,0.07975019413118911,0.05,,False,1.8168038815079437,-3.288508602417477,,,,,,,,,,,,,,
REAL_ESTATE,BLND.L,LMP.L,BRITISH LAND COMPANY PLC ORD 25,LONDONMETRIC PROPERTY PLC ORD 1,-2.6073113429192127,0.09149555740786702,0.05,,False,1.7801198818195636,-3.404387636002986,,,,,,,,,,,,,,
REAL_ESTATE,BBOX.L,UTG.L,TRITAX BIG BOX REIT PLC ORD 1P,UNITE GROUP PLC ORD 25P,-2.5179335027433827,0.11117165899073467,0.05,,False,-0.04461634454397164,5.290996115496853,,,,,,,,,,,,,,
REAL_ESTATE,BBOX.L,BLND.L,TRITAX BIG BOX REIT PLC ORD 1P,BRITISH LAND COMPANY PLC ORD 25,-2.5102067559078156,0.11301062095337133,0.05,,False,0.9066247068442921,-0.3949191313370948,,,,,,,,,,,,,,
REAL_ESTATE,HMSO.L,PHP.L,HAMMERSON PLC ORD 5P,PRIMARY HEALTH PROPERTIES PLC O,-2.459864865428339,0.12554745313187032,0.05,,False,4.383139640303406,-14.296805794502419,,,,,,,,,,,,,,
REAL_ESTATE,BLND.L,UTG.L,BRITISH LAND COMPANY PLC ORD 25,UNITE GROUP PLC ORD 25P,-2.423227450173289,0.1352876573942674,0.05,,False,0.024726759310384566,5.7857698487928,,,,,,,,,,,,,,
REAL_ESTATE,GPE.L,UTG.L,GREAT PORTLAND ESTATES PLC ORD ,UNITE GROUP PLC ORD 25P,-2.3920920126981766,0.14398083079274399,0.05,,False,0.03899322131977696,5.507234862476477,,,,,,,,,,,,,,
REAL_ESTATE,HMSO.L,LMP.L,HAMMERSON PLC ORD 5P,LONDONMETRIC PROPERTY PLC ORD 1,-2.314100452446553,0.1674606152109147,0.05,,False,3.792125971584419,-14.228953155637459,,,,,,,,,,,,,,
REAL_ESTATE,BBOX.L,GPE.L,TRITAX BIG BOX REIT PLC ORD 1P,GREAT PORTLAND ESTATES PLC ORD ,-2.2418800604479743,0.1913978945932266,0.05,,False,0.7784927054066028,0.5111101772125854,,,,,,,,,,,,,,
REAL_ESTATE,BLND.L,HMSO.L,BRITISH LAND COMPANY PLC ORD 25,HAMMERSON PLC ORD 5P,-2.240915000682332,0.19173207253836816,0.05,,False,0.5616934104751639,2.749616111131556,,,,,,,,,,,,,,
REAL_ESTATE,BBOX.L,SGRO.L,TRITAX BIG BOX REIT PLC ORD 1P,SEGRO PLC ORD 10P,-2.2322234674589354,0.19475870851331523,0.05,,False,0.5188921491954902,1.5773716836291065,,,,,,,,,,,,,,
REAL_ESTATE,BBOX.L,HMSO.L,TRITAX BIG BOX REIT PLC ORD 1P,HAMMERSON PLC ORD 5P,-2.165338631640851,0.21906510515715705,0.05,,False,0.5894549548071214,1.6411905359095842,,,,,,,,,,,,,,
REAL_ESTATE,GPE.L,SGRO.L,GREAT PORTLAND ESTATES PLC ORD ,SEGRO PLC ORD 10P,-2.0856668042818174,0.25031697177480583,0.05,,False,0.5441279395534209,2.1765453851206704,,,,,,,,,,,,,,
REAL_ESTATE,BLND.L,GPE.L,BRITISH LAND COMPANY PLC ORD 25,GREAT PORTLAND ESTATES PLC ORD ,-2.0739003179958075,0.25513806991573934,0.05,,False,0.8523321599039849,1.035878900302742,,,,,,,,,,,,,,
REAL_ESTATE,BBOX.L,DLN.L,TRITAX BIG BOX REIT PLC ORD 1P,DERWENT LONDON PLC ORD 5P,-2.0671991253045316,0.2579068352890328,0.05,,False,0.256212841756679,3.0616584063537955,,,,,,,,,,,,,,
REAL_ESTATE,BBOX.L,LMP.L,TRITAX BIG BOX REIT PLC ORD 1P,LONDONMETRIC PROPERTY PLC ORD 1,-1.993596637462414,0.28938778927195785,0.05,,False,1.5528221117451657,-3.160519342863835,,,,,,,,,,,,,,
REAL_ESTATE,DLN.L,HMSO.L,DERWENT LONDON PLC ORD 5P,HAMMERSON PLC ORD 5P,-1.9734187405500447,0.29834827075370446,0.05,,False,-2.7712633389104497,23.338230714301964,,,,,,,,,,,,,,
REAL_ESTATE,DLN.L,GPE.L,DERWENT LONDON PLC ORD 5P,GREAT PORTLAND ESTATES PLC ORD ,-1.9292128830281055,0.3184456725296272,0.05,,False,2.0795992432229125,-4.428491654300342,,,,,,,,,,,,,,
REAL_ESTATE,BLND.L,DLN.L,BRITISH LAND COMPANY PLC ORD 25,DERWENT LONDON PLC ORD 5P,-1.9260443113911683,0.31990996126008897,0.05,,False,0.4625612849928665,2.4526009195249365,,,,,,,,,,,,,,
REAL_ESTATE,SGRO.L,UTG.L,SEGRO PLC ORD 10P,UNITE GROUP PLC ORD 25P,-1.918734971800998,0.3232995624839069,0.05,,False,0.18044955536568444,5.406451225259063,,,,,,,,,,,,,,
REAL_ESTATE,DLN.L,SGRO.L,DERWENT LONDON PLC ORD 5P,SEGRO PLC ORD 10P,-1.8491889598391604,0.3563283957141354,0.05,,False,1.1038548377863702,0.28053450874809727,,,,,,,,,,,,,,
REAL_ESTATE,GPE.L,HMSO.L,GREAT PORTLAND ESTATES PLC ORD ,HAMMERSON PLC ORD 5P,-1.8415110915844886,0.3600559054338552,0.05,,False,0.670458771459487,1.9454355865979043,,,,,,,,,,,,,,
REAL_ESTATE,DLN.L,UTG.L,DERWENT LONDON PLC ORD 5P,UNITE GROUP PLC ORD 25P,-1.820644752896614,0.3702613808704236,0.05,,False,0.40108552208256076,4.92208399680037,,,,,,,,,,,,,,
REAL_ESTATE,HMSO.L,SGRO.L,HAMMERSON PLC ORD 5P,SEGRO PLC ORD 10P,-1.5654565527984297,0.5009187724576621,0.05,,False,0.5562944565855662,2.0275032713738765,,,,,,,,,,,,,,
TMT,ITV.L,WPP.L,ITV PLC ORD 10P,WPP PLC ORD 10P,-4.186700522503913,0.0006939008447760921,0.05,0.00784699614811917,True,-0.05547187953179404,4.697513308092302,10.460599283640791,-0.0001343613912025635,-0.06626266447697218,31.0,-1.798424298123371,4.150353895896751,False,,0.4,-0.018094310385177406,-0.47023656569846217,-0.49652985730780586,False,mixed signal
TMT,AAF.L,ITV.L,AIRTEL AFRICA PLC ORD USD0.50,ITV PLC ORD 10P,-4.1063231034820085,0.0009454769159793865,0.05,0.00784699614811917,True,17.635005981947653,-71.55360199173887,10.89587211779742,0.002576544338747244,-0.06361557597833331,33.0,1.6310898698288598,4.275976003333878,False,,0.2,0.20926044579954664,0.05095024137027293,-0.11598053656557217,False,still diverging
TMT,BT-A.L,ITV.L,BT GROUP PLC ORD 5P,ITV PLC ORD 10P,-4.092713521805529,0.0009957354008388493,0.05,0.00784699614811917,True,5.463789568280569,-18.643350065335774,11.068450376760431,0.0007749920597894448,-0.06262368777614008,33.0,1.6172757402219358,4.1166552847336995,False,,0.4,0.04455084112772825,-0.1594352948626736,-0.3529643957118942,False,mixed signal
TMT,ITV.L,VOD.L,ITV PLC ORD 10P,VODAFONE GROUP PLC ORD USD0.20 ,-4.0795145158935195,0.0010468562969920244,0.05,0.00784699614811917,True,0.15504180435766785,3.6695031668184983,11.022311235838211,-0.00015208875464219673,-0.06288582909056584,33.0,-1.7043990759388543,4.176678992221174,False,,0.2,-0.014035221746659759,-0.006186536474356075,0.0328238873781983,False,still diverging
TMT,ITV.L,SGE.L,ITV PLC ORD 10P,THE SAGE GROUP PLC ORD 1 4/77P,-4.062532351108085,0.001116242801264401,0.05,0.00784699614811917,True,-0.17391580223638994,5.570477646771797,10.919473275301698,-0.0001242964574225988,-0.06347807839117534,33.0,-1.855133263229212,4.076831087169109,False,,0.6,-0.021252530169976656,-0.5527343914994054,-0.7171766901566581,False,mixed signal
TMT,ITV.L,REL.L,ITV PLC ORD 10P,RELX PLC ORD 14 51/116P,-3.9798362363742963,0.0015198539213578536,0.05,0.00784699614811917,True,-0.11807329748060953,5.3140740237880655,11.426841281713648,-0.0001257793353778663,-0.060659561419583855,34.0,-1.9596717961475083,4.1741406252139,False,,0.4,-0.021314469634505666,-0.5891734508442121,-0.5392300534807701,False,mixed signal
TMT,AUTO.L,ITV.L,AUTOTRADER GROUP PLC ORD 1P,ITV PLC ORD 10P,-3.9414082181384233,0.0017503808070365276,0.05,0.00784699614811917,True,-12.167150856930423,59.56047833732574,11.660855979595436,-0.0012840741605239742,-0.0594422212033866,35.0,-1.896072043930762,4.3673545109419045,False,,0.2,-0.2331736008265301,-0.48000301445065374,-0.3691112930462692,False,still diverging
TMT,EXPN.L,ITV.L,EXPERIAN PLC ORD USD0.10,ITV PLC ORD 10P,-3.907777835729095,0.001978346342341913,0.05,0.00784699614811917,True,-8.814500299462951,46.53371300141721,11.841706550231194,-0.0009738469402479015,-0.0585343993806714,36.0,-1.9149762214699464,4.287878274963271,False,,0.4,-0.17830262513173548,-0.5467395885869395,-0.5083795661097446,False,mixed signal
TMT,AAF.L,WPP.L,AIRTEL AFRICA PLC ORD USD0.50,WPP PLC ORD 10P,-3.900968507820021,0.0020277309724162575,0.05,0.00784699614811917,True,-1.0506482333594718,11.733139049499432,11.757533298417412,6.799298189255081e-05,-0.058953452477420946,35.0,-0.3635352470762473,3.18429253019327,False,,0.4,-0.10754733709829423,-1.4482778582099676,-1.9065128111420169,True,mixed signal
TMT,ITV.L,RMV.L,ITV PLC ORD 10P,RIGHTMOVE PLC ORD 0.1P,-3.800856966575121,0.00289855926413103,0.05,0.00784699614811917,True,-0.06108902787664931,4.746635655331207,12.43607352585523,-5.6801454282929586e-05,-0.055736819110859794,37.0,-1.699123108741901,4.211544729184135,False,,0.2,-0.017262889226858,-0.4203541314563195,-0.3656212333441955,False,still diverging
TMT,AUTO.L,EXPN.L,AUTOTRADER GROUP PLC ORD 1P,EXPERIAN PLC ORD USD0.10,-3.7825151829556565,0.0030913599953127317,0.05,0.00784699614811917,True,1.547592794876648,-6.0339220351801295,11.996956122086432,0.00018239061839296622,-0.057776920537690325,36.0,0.5778027193041563,2.784977221205283,False,,0.6,0.02082840343181162,0.6737565999375015,1.137640146535172,True,reversion signs agree
TMT,REL.L,VOD.L,RELX PLC ORD 14 51/116P,VODAFONE GROUP PLC ORD USD0.20 ,-3.691535360929369,0.004233804566325911,0.05,0.00784699614811917,True,-0.9213122029358899,12.19426511413878,15.866965645806415,-9.56110318842556e-05,-0.04368492350918663,48.0,0.1965598339050728,2.9579728585076137,False,,0.4,-0.061198648977645015,-1.344167172018837,-1.5746797616130834,True,mixed signal
TMT,INF.L,ITV.L,INFORMA PLC ORD 0.1P,ITV PLC ORD 10P,-3.5054986026488923,0.00784699614811917,0.05,0.00784699614811917,True,3.585350650711308,-8.887815656954789,14.525756400746753,0.00010741800640868559,-0.04771849130860486,44.0,1.4612101128334134,3.9532027331447943,False,,0.2,0.035170399596507945,0.07180665116010032,-0.03486627064957659,False,still diverging
TMT,AUTO.L,REL.L,AUTOTRADER GROUP PLC ORD 1P,RELX PLC ORD 14 51/116P,-3.3141188794632312,0.01425903611940015,0.05,0.00784699614811917,False,1.2873731893303195,-3.8853584567520887,,,,,,,,,,,,,,
TMT,VOD.L,WPP.L,VODAFONE GROUP PLC ORD USD0.20 ,WPP PLC ORD 10P,-3.161966768824945,0.022294469358222217,0.05,0.00784699614811917,False,-0.4002247151646719,6.891997213588581,,,,,,,,,,,,,,
TMT,EXPN.L,RMV.L,EXPERIAN PLC ORD USD0.10,RIGHTMOVE PLC ORD 0.1P,-2.9145440051711136,0.04368267975151556,0.05,0.00784699614811917,False,0.6810025309164826,3.782475037085103,,,,,,,,,,,,,,
TMT,BT-A.L,WPP.L,BT GROUP PLC ORD 5P,WPP PLC ORD 10P,-2.8672693599709542,0.04928866219457427,0.05,0.00784699614811917,False,-0.33148311230466027,7.197825096371201,,,,,,,,,,,,,,
TMT,EXPN.L,REL.L,EXPERIAN PLC ORD USD0.10,RELX PLC ORD 14 51/116P,-2.7815865637283768,0.06095251548972859,0.05,0.00784699614811917,False,0.8263197906857301,1.4332538741739285,,,,,,,,,,,,,,
TMT,REL.L,RMV.L,RELX PLC ORD 14 51/116P,RIGHTMOVE PLC ORD 0.1P,-2.714041226301278,0.07163988062023112,0.05,0.00784699614811917,False,0.8361810796986774,2.765941297521148,,,,,,,,,,,,,,
TMT,INF.L,WPP.L,INFORMA PLC ORD 0.1P,WPP PLC ORD 10P,-2.5651056145151876,0.10042579613379121,0.05,0.00784699614811917,False,-0.02789279559497049,6.900923662124299,,,,,,,,,,,,,,
TMT,EXPN.L,VOD.L,EXPERIAN PLC ORD USD0.10,VODAFONE GROUP PLC ORD USD0.20 ,-2.559308844575193,0.10170226612758931,0.05,0.00784699614811917,False,-0.7366152019213763,11.400363091030869,,,,,,,,,,,,,,
TMT,AAF.L,INF.L,AIRTEL AFRICA PLC ORD USD0.50,INFORMA PLC ORD 0.1P,-2.5130223418376127,0.11233791376562091,0.05,0.00784699614811917,False,35.178200265326076,-231.45669432045955,,,,,,,,,,,,,,
TMT,INF.L,VOD.L,INFORMA PLC ORD 0.1P,VODAFONE GROUP PLC ORD USD0.20 ,-2.488365612452675,0.11833082061987787,0.05,0.00784699614811917,False,0.06274921638598814,6.451334717103371,,,,,,,,,,,,,,
TMT,INF.L,REL.L,INFORMA PLC ORD 0.1P,RELX PLC ORD 14 51/116P,-2.4745371503871096,0.12179326077587344,0.05,0.00784699614811917,False,-0.013064135085316704,6.835108711188022,,,,,,,,,,,,,,
TMT,BT-A.L,INF.L,BT GROUP PLC ORD 5P,INFORMA PLC ORD 0.1P,-2.4585360413276924,0.12589157244041826,0.05,0.00784699614811917,False,27.46311082434689,-179.64579852746573,,,,,,,,,,,,,,
TMT,AUTO.L,RMV.L,AUTOTRADER GROUP PLC ORD 1P,RIGHTMOVE PLC ORD 0.1P,-2.4448660578867445,0.12947148945333942,0.05,0.00784699614811917,False,1.0912475828442354,-0.41907050168388693,,,,,,,,,,,,,,
TMT,INF.L,RMV.L,INFORMA PLC ORD 0.1P,RIGHTMOVE PLC ORD 0.1P,-2.419075135591007,0.13642480988777866,0.05,0.00784699614811917,False,0.019229566353965784,6.606032918667472,,,,,,,,,,,,,,
TMT,AUTO.L,INF.L,AUTOTRADER GROUP PLC ORD 1P,INFORMA PLC ORD 0.1P,-2.3931478793489314,0.1436797161818007,0.05,0.00784699614811917,False,31.62795613958269,-206.263499067481,,,,,,,,,,,,,,
TMT,RMV.L,VOD.L,RIGHTMOVE PLC ORD 0.1P,VODAFONE GROUP PLC ORD USD0.20 ,-2.3603579999074533,0.15323898415320397,0.05,0.00784699614811917,False,-1.125560698575322,11.380584984082118,,,,,,,,,,,,,,
TMT,SGE.L,VOD.L,THE SAGE GROUP PLC ORD 1 4/77P,VODAFONE GROUP PLC ORD USD0.20 ,-2.360192777920532,0.15328824398039043,0.05,0.00784699614811917,False,-0.7366132323056971,10.244974400127672,,,,,,,,,,,,,,
TMT,AUTO.L,VOD.L,AUTOTRADER GROUP PLC ORD 1P,VODAFONE GROUP PLC ORD USD0.20 ,-2.3567926960319836,0.15430439521800243,0.05,0.00784699614811917,False,-1.2005445180582612,11.877267069747262,,,,,,,,,,,,,,
TMT,REL.L,SGE.L,RELX PLC ORD 14 51/116P,THE SAGE GROUP PLC ORD 1 4/77P,-2.348373398761767,0.15684063719082897,0.05,0.00784699614811917,False,1.2068314218915115,-0.3128540222359657,,,,,,,,,,,,,,
TMT,INF.L,SGE.L,INFORMA PLC ORD 0.1P,THE SAGE GROUP PLC ORD 1 4/77P,-2.3329850520736257,0.16155017118473775,0.05,0.00784699614811917,False,0.06038147361094811,6.307336844209411,,,,,,,,,,,,,,
TMT,AAF.L,BT-A.L,AIRTEL AFRICA PLC ORD USD0.50,BT GROUP PLC ORD 5P,-2.28444982705127,0.1770322678991469,0.05,0.00784699614811917,False,3.232206270918514,-11.403730080160052,,,,,,,,,,,,,,
TMT,RMV.L,SGE.L,RIGHTMOVE PLC ORD 0.1P,THE SAGE GROUP PLC ORD 1 4/77P,-2.2376060722283784,0.19288073653860816,0.05,0.00784699614811917,False,1.4783661918228266,-3.927134351734951,,,,,,,,,,,,,,
TMT,EXPN.L,INF.L,EXPERIAN PLC ORD USD0.10,INFORMA PLC ORD 0.1P,-2.223693911700521,0.19775858567600524,0.05,0.00784699614811917,False,8.240071075646794,-47.308108771568094,,,,,,,,,,,,,,
TMT,AAF.L,VOD.L,AIRTEL AFRICA PLC ORD USD0.50,VODAFONE GROUP PLC ORD USD0.20 ,-2.1786915329815497,0.21406989003918214,0.05,0.00784699614811917,False,2.637005566676378,-6.411852274366079,,,,,,,,,,,,,,
TMT,EXPN.L,SGE.L,EXPERIAN PLC ORD USD0.10,THE SAGE GROUP PLC ORD 1 4/77P,-1.97207460869704,0.2989500103698415,0.05,0.00784699614811917,False,0.984026296057337,1.2669494717636551,,,,,,,,,,,,,,
TMT,AUTO.L,BT-A.L,AUTOTRADER GROUP PLC ORD 1P,BT GROUP PLC ORD 5P,-1.8717952523777428,0.3454435902872528,0.05,0.00784699614811917,False,-1.6015233652291387,14.820146739059862,,,,,,,,,,,,,,
TMT,BT-A.L,RMV.L,BT GROUP PLC ORD 5P,RIGHTMOVE PLC ORD 0.1P,-1.846834351942688,0.3574699104545491,0.05,0.00784699614811917,False,-0.47756903233126435,8.211335379067265,,,,,,,,,,,,,,
TMT,BT-A.L,REL.L,BT GROUP PLC ORD 5P,RELX PLC ORD 14 51/116P,-1.7528109565826313,0.4041283817776576,0.05,0.00784699614811917,False,-0.8878386544322502,12.361559106731153,,,,,,,,,,,,,,
TMT,AUTO.L,SGE.L,AUTOTRADER GROUP PLC ORD 1P,THE SAGE GROUP PLC ORD 1 4/77P,-1.7513236098269684,0.40488164241258645,0.05,0.00784699614811917,False,1.6747917929489504,-5.13429498143781,,,,,,,,,,,,,,
TMT,REL.L,WPP.L,RELX PLC ORD 14 51/116P,WPP PLC ORD 10P,-1.7332048651535121,0.4140906085167125,0.05,0.00784699614811917,False,0.3260865784687603,6.107322660440537,,,,,,,,,,,,,,
TMT,AAF.L,EXPN.L,AIRTEL AFRICA PLC ORD USD0.50,EXPERIAN PLC ORD USD0.10,-1.6980313334847525,0.4321270774808237,0.05,0.00784699614811917,False,-4.237796829133915,39.75554256282595,,,,,,,,,,,,,,
TMT,AAF.L,AUTO.L,AIRTEL AFRICA PLC ORD USD0.50,AUTOTRADER GROUP PLC ORD 1P,-1.6853271113899078,0.4386878046231991,0.05,0.00784699614811917,False,-2.4045952395956967,21.04242147636656,,,,,,,,,,,,,,
TMT,BT-A.L,EXPN.L,BT GROUP PLC ORD 5P,EXPERIAN PLC ORD USD0.10,-1.6402755337071522,0.4621168220518548,0.05,0.00784699614811917,False,-1.2150931129774305,15.046352267945515,,,,,,,,,,,,,,
TMT,BT-A.L,SGE.L,BT GROUP PLC ORD 5P,THE SAGE GROUP PLC ORD 1 4/77P,-1.613853835922422,0.4759529306050573,0.05,0.00784699614811917,False,-1.2401015233579546,13.817131083934502,,,,,,,,,,,,,,
TMT,AAF.L,RMV.L,AIRTEL AFRICA PLC ORD USD0.50,RIGHTMOVE PLC ORD 0.1P,-1.5676339657659544,0.4998286013333883,0.05,0.00784699614811917,False,-3.582775481477238,28.184902361599207,,,,,,,,,,,,,,
TMT,SGE.L,WPP.L,THE SAGE GROUP PLC ORD 1 4/77P,WPP PLC ORD 10P,-1.523497302259369,0.5218571993521752,0.05,0.00784699614811917,False,0.22062004826450124,5.625328745800777,,,,,,,,,,,,,,
TMT,AAF.L,REL.L,AIRTEL AFRICA PLC ORD USD0.50,RELX PLC ORD 14 51/116P,-1.484066043575804,0.5413783992036959,0.05,0.00784699614811917,False,-3.305356472482372,32.08749956957598,,,,,,,,,,,,,,
TMT,RMV.L,WPP.L,RIGHTMOVE PLC ORD 0.1P,WPP PLC ORD 10P,-1.4206491020497203,0.5723376279022006,0.05,0.00784699614811917,False,0.2929181878192784,4.593947764700974,,,,,,,,,,,,,,
TMT,AUTO.L,WPP.L,AUTOTRADER GROUP PLC ORD 1P,WPP PLC ORD 10P,-1.4132577825061343,0.5759039265074036,0.05,0.00784699614811917,False,0.43102115110796957,3.907881205533706,,,,,,,,,,,,,,
TMT,BT-A.L,VOD.L,BT GROUP PLC ORD 5P,VODAFONE GROUP PLC ORD USD0.20 ,-1.4118721536145156,0.5765714106241127,0.05,0.00784699614811917,False,0.8385863924413178,1.443795939456396,,,,,,,,,,,,,,
TMT,EXPN.L,WPP.L,EXPERIAN PLC ORD USD0.10,WPP PLC ORD 10P,-1.323951620306239,0.6181444353889615,0.05,0.00784699614811917,False,0.2516738646409566,6.5893855956809535,,,,,,,,,,,,,,
TMT,AAF.L,SGE.L,AIRTEL AFRICA PLC ORD USD0.50,THE SAGE GROUP PLC ORD 1 4/77P,-1.268364298676639,0.6435185893510071,0.05,0.00784699614811917,False,-5.210887976864502,41.65590298256645,,,,,,,,,,,,,,
UK_HOUSEBUILDERS,BWY.L,TW.L,BELLWAY PLC ORD 12.5P,TAYLOR WIMPEY PLC ORD 1P,-2.2589367283099575,0.18555375686586228,0.05,,False,0.6412946823375124,4.795970013663728,,,,,,,,,,,,,,
UK_HOUSEBUILDERS,PSN.L,TW.L,PERSIMMON PLC ORD 10P,TAYLOR WIMPEY PLC ORD 1P,-2.2466923279424744,0.1897371392044594,0.05,,False,0.6116778920720161,4.260257450493131,,,,,,,,,,,,,,
UK_HOUSEBUILDERS,BWY.L,PSN.L,BELLWAY PLC ORD 12.5P,PERSIMMON PLC ORD 10P,-1.2775668398693354,0.6393720082508488,0.05,,False,1.0662020534175578,0.20218595303127707,,,,,,,,,,,,,,
US_AIRLINES,DAL,LUV,"Delta Air Lines, Inc.",Southwest Airlines Company,-3.1102342757515347,0.025805018689931385,0.05,,False,1.1025462139789834,0.18385602924379185,,,,,,,,,,,,,,
US_AIRLINES,JBLU,UAL,JetBlue Airways Corporation,"United Airlines Holdings, Inc.",-2.630203651520771,0.08691406626152676,0.05,,False,-0.02279470571812034,1.765808191537852,,,,,,,,,,,,,,
US_AIRLINES,JBLU,LUV,JetBlue Airways Corporation,Southwest Airlines Company,-2.421183593152711,0.1358465373901946,0.05,,False,-1.0464744694055468,5.315686840385071,,,,,,,,,,,,,,
US_AIRLINES,ALK,JBLU,"Alaska Air Group, Inc.",JetBlue Airways Corporation,-2.3951251198508783,0.14311703754568084,0.05,,False,1.13748901759398,1.9878285850350121,,,,,,,,,,,,,,
US_AIRLINES,AAL,JBLU,"American Airlines Group, Inc.",JetBlue Airways Corporation,-2.3263647466161803,0.16360573684268254,0.05,,False,0.8419580292483989,1.1331049737413572,,,,,,,,,,,,,,
US_AIRLINES,DAL,JBLU,"Delta Air Lines, Inc.",JetBlue Airways Corporation,-2.1550197212602518,0.22297361210838923,0.05,,False,1.6979081234082203,1.2031935585857063,,,,,,,,,,,,,,
US_AIRLINES,AAL,UAL,"American Airlines Group, Inc.","United Airlines Holdings, Inc.",-1.9548582270099606,0.3067099524102456,0.05,,False,0.46003833693853735,0.5000291180925331,,,,,,,,,,,,,,
US_AIRLINES,LUV,UAL,Southwest Airlines Company,"United Airlines Holdings, Inc.",-1.7078910220827093,0.4270514396779975,0.05,,False,0.5143735730360421,1.2133153338144163,,,,,,,,,,,,,,
US_AIRLINES,AAL,DAL,"American Airlines Group, Inc.","Delta Air Lines, Inc.",-1.6830840522323385,0.43984847870027566,0.05,,False,0.7980322625974916,-0.6812621301202291,,,,,,,,,,,,,,
US_AIRLINES,AAL,ALK,"American Airlines Group, Inc.","Alaska Air Group, Inc.",-1.632655494592694,0.4661010291648156,0.05,,False,0.8059309848275601,-0.5934541530206139,,,,,,,,,,,,,,
US_AIRLINES,AAL,LUV,"American Airlines Group, Inc.",Southwest Airlines Company,-1.567698762411925,0.499796154841831,0.05,,False,0.8104911894518239,-0.29251458007194486,,,,,,,,,,,,,,
US_AIRLINES,ALK,UAL,"Alaska Air Group, Inc.","United Airlines Holdings, Inc.",-1.4046406258564708,0.5800493331165301,0.05,,False,0.5046674143133137,1.649394809663098,,,,,,,,,,,,,,
US_AIRLINES,DAL,UAL,"Delta Air Lines, Inc.","United Airlines Holdings, Inc.",-1.3628190749501685,0.5999657014548826,0.05,,False,0.6290821840616372,1.2475136185611477,,,,,,,,,,,,,,
US_AIRLINES,ALK,LUV,"Alaska Air Group, Inc.",Southwest Airlines Company,-0.4436492165596502,0.902551889424318,0.05,,False,1.679139620500636,-1.976086074142661,,,,,,,,,,,,,,
US_AIRLINES,ALK,DAL,"Alaska Air Group, Inc.","Delta Air Lines, Inc.",-0.37793524837835696,0.9137181294448836,0.05,,False,0.9527655421464599,0.041912182057552094,,,,,,,,,,,,,,
US_ASSET_MANAGERS,BX,KKR,Blackstone Inc.,KKR & Co. Inc.,-3.5837491726151387,0.0060794176892828514,0.05,,False,0.8885321465035178,0.6812932524245232,,,,,,,,,,,,,,
US_ASSET_MANAGERS,BEN,KKR,"Franklin Templeton, Inc.",KKR & Co. Inc.,-2.6906459311557973,0.07567096578618263,0.05,,False,-1.036340768162561,8.043282388519765,,,,,,,,,,,,,,
US_ASSET_MANAGERS,BEN,BX,"Franklin Templeton, Inc.",Blackstone Inc.,-2.522202372547688,0.11016527603527637,0.05,,False,-1.6043490936116986,11.003434610378088,,,,,,,,,,,,,,
US_ASSET_MANAGERS,APO,BEN,"Apollo Global Management, Inc. ","Franklin Templeton, Inc.",-2.5068974520119833,0.11380510740369754,0.05,,False,-0.2136318030764254,5.535433071019193,,,,,,,,,,,,,,
US_ASSET_MANAGERS,BLK,TROW,"BlackRock, Inc.","T. Rowe Price Group, Inc.",-2.4763858765125164,0.1213261182864015,0.05,,False,2.9260231877913876,-6.493990294884829,,,,,,,,,,,,,,
US_ASSET_MANAGERS,APO,TROW,"Apollo Global Management, Inc. ","T. Rowe Price Group, Inc.",-2.384330076170196,0.14620805919729724,0.05,,False,2.596795090915414,-6.993456043846927,,,,,,,,,,,,,,
US_ASSET_MANAGERS,BEN,BLK,"Franklin Templeton, Inc.","BlackRock, Inc.",-2.3237822605047995,0.16441239300224803,0.05,,False,1.9782879144743204,-10.547297959594337,,,,,,,,,,,,,,
US_ASSET_MANAGERS,BEN,TROW,"Franklin Templeton, Inc.","T. Rowe Price Group, Inc.",-2.224593762271797,0.19744072063324786,0.05,,False,7.873360439730652,-32.926360775897486,,,,,,,,,,,,,,
US_ASSET_MANAGERS,BLK,KKR,"BlackRock, Inc.",KKR & Co. Inc.,-2.1940598884260214,0.208408434474546,0.05,,False,0.27718984174875116,5.554174372444824,,,,,,,,,,,,,,
US_ASSET_MANAGERS,APO,BLK,"Apollo Global Management, Inc. ","BlackRock, Inc.",-2.038748045881385,0.26984599429919404,0.05,,False,1.5998566313953677,-6.134155223222899,,,,,,,,,,,,,,
US_ASSET_MANAGERS,APO,BX,"Apollo Global Management, Inc. ",Blackstone Inc.,-1.8832413096694647,0.33998552922516084,0.05,,False,0.8848285966599421,0.5045835310825098,,,,,,,,,,,,,,
US_ASSET_MANAGERS,BX,TROW,Blackstone Inc.,"T. Rowe Price Group, Inc.",-1.8552303469798817,0.3534061549298284,0.05,,False,2.8584991411832594,-8.125147809435905,,,,,,,,,,,,,,
US_ASSET_MANAGERS,BLK,BX,"BlackRock, Inc.",Blackstone Inc.,-1.5059693773411962,0.5305563335913854,0.05,,False,0.5340867152950712,4.24342700085118,,,,,,,,,,,,,,
US_ASSET_MANAGERS,KKR,TROW,KKR & Co. Inc.,"T. Rowe Price Group, Inc.",-1.2561199702322676,0.6490009289192549,0.05,,False,3.3676696053951134,-10.599628434124963,,,,,,,,,,,,,,
US_ASSET_MANAGERS,APO,KKR,"Apollo Global Management, Inc. ",KKR & Co. Inc.,-1.0389351667716606,0.7388001328955018,0.05,,False,0.7653233888403005,1.2075632062126433,,,,,,,,,,,,,,
US_BANKS,KEY,PNC,KeyCorp,"PNC Financial Services Group, I",-3.697475056878182,0.004148810224107186,0.05,,False,1.2553654554064178,-3.7225726261190846,,,,,,,,,,,,,,
US_BANKS,KEY,USB,KeyCorp,U.S. Bancorp,-3.690138319017429,0.004254025320999013,0.05,,False,1.1992301137410026,-1.7534162440981658,,,,,,,,,,,,,,
US_BANKS,COF,WFC,Capital One Financial Corporati,Wells Fargo & Company,-3.607276753397385,0.005623426051073665,0.05,,False,1.0249255637656376,0.8290285685496279,,,,,,,,,,,,,,
US_BANKS,FITB,USB,Fifth Third Bancorp,U.S. Bancorp,-3.599858349494755,0.00576373638238067,0.05,,False,0.9412773259806534,0.13589959700552745,,,,,,,,,,,,,,
US_BANKS,TFC,USB,Truist Financial Corporation,U.S. Bancorp,-3.5085145641734456,0.007771095776984607,0.05,,False,0.8587845140445014,0.45861381407826807,,,,,,,,,,,,,,
US_BANKS,CFG,TFC,"Citizens Financial Group, Inc.",Truist Financial Corporation,-3.5005734411979383,0.007972379084320866,0.05,,False,1.9163022927785467,-3.3328597711219055,,,,,,,,,,,,,,
US_BANKS,PNC,USB,"PNC Financial Services Group, I",U.S. Bancorp,-3.426190737144639,0.010097782154699574,0.05,,False,0.954988525288431,1.5697205611089378,,,,,,,,,,,,,,
US_BANKS,CFG,KEY,"Citizens Financial Group, Inc.",KeyCorp,-3.349033206988395,0.012823992003561855,0.05,,False,1.358959461389603,-0.010076826329040944,,,,,,,,,,,,,,
US_BANKS,HBAN,WFC,Huntington Bancshares Incorpora,Wells Fargo & Company,-3.3418757271409127,0.013107293062087839,0.05,,False,0.592130650784881,0.18232526881147315,,,,,,,,,,,,,,
US_BANKS,KEY,RF,KeyCorp,Regions Financial Corporation,-3.198026376003311,0.020099204929246276,0.05,,False,1.1273939617909938,-0.7129463914802607,,,,,,,,,,,,,,
US_BANKS,C,TFC,"Citigroup, Inc.",Truist Financial Corporation,-3.1773834208576037,0.021331710528973306,0.05,,False,2.84227747105301,-6.214002221583162,,,,,,,,,,,,,,
US_BANKS,C,HBAN,"Citigroup, Inc.",Huntington Bancshares Incorpora,-3.161721842588067,0.022310063688942446,0.05,,False,3.362747922422764,-4.717717052352886,,,,,,,,,,,,,,
US_BANKS,C,PNFP,"Citigroup, Inc.","Pinnacle Financial Partners, In",-3.148793609610838,0.023146715634260868,0.05,,False,-16.008856159125692,77.71370216467791,,,,,,,,,,,,,,
US_BANKS,PNC,ZION,"PNC Financial Services Group, I",Zions Bancorporation N.A.,-3.1377512146252786,0.023882666508279433,0.05,,False,0.9509340807730162,1.4730304601732986,,,,,,,,,,,,,,
US_BANKS,RF,TFC,Regions Financial Corporation,Truist Financial Corporation,-3.1370780423386453,0.023928177911352974,0.05,,False,1.238577562382018,-1.4907452286891365,,,,,,,,,,,,,,
US_BANKS,FHN,HBAN,First Horizon Corporation,Huntington Bancshares Incorpora,-3.1326567288280835,0.024228955251554336,0.05,,False,1.7441706817796345,-1.76112740607239,,,,,,,,,,,,,,
US_BANKS,BAC,HBAN,Bank of America Corporation,Huntington Bancshares Incorpora,-3.1190858585721895,0.025172614370669075,0.05,,False,1.290057269631867,0.30444032833438905,,,,,,,,,,,,,,
US_BANKS,FITB,PNC,Fifth Third Bancorp,"PNC Financial Services Group, I",-3.0890030203728687,0.02737779077541639,0.05,,False,0.9856536588826583,-1.4113417761944862,,,,,,,,,,,,,,
US_BANKS,FITB,KEY,Fifth Third Bancorp,KeyCorp,-3.0599108453237847,0.029665756122620377,0.05,,False,0.782971243778432,1.517623745436862,,,,,,,,,,,,,,
US_BANKS,CFG,PNFP,"Citizens Financial Group, Inc.","Pinnacle Financial Partners, In",-3.03969878905851,0.03134969884754568,0.05,,False,-31.59155373451656,148.47052611078058,,,,,,,,,,,,,,
US_BANKS,FHN,WFC,First Horizon Corporation,Wells Fargo & Company,-3.026895895082151,0.03245786512562683,0.05,,False,1.0486926685299387,-1.5112744977827237,,,,,,,,,,,,,,
US_BANKS,C,ZION,"Citigroup, Inc.",Zions Bancorporation N.A.,-3.0264063633402243,0.03250088849703182,0.05,,False,2.452858519114514,-5.245590739253674,,,,,,,,,,,,,,
US_BANKS,KEY,TFC,KeyCorp,Truist Financial Corporation,-3.0239361734231247,0.03271872419469492,0.05,,False,1.4000453405139608,-2.4073760775892272,,,,,,,,,,,,,,
US_BANKS,C,FHN,"Citigroup, Inc.",First Horizon Corporation,-3.0150897201645317,0.03350903871161222,0.05,,False,1.6746051947339606,-0.5673408404092504,,,,,,,,,,,,,,
US_BANKS,COF,HBAN,Capital One Financial Corporati,Huntington Bancshares Incorpora,-2.9330494729419216,0.04163756972956549,0.05,,False,1.727403155745489,0.522974226194429,,,,,,,,,,,,,,
US_BANKS,HBAN,JPM,Huntington Bancshares Incorpora,JP Morgan Chase & Co.,-2.9217874179388863,0.04287244678539402,0.05,,False,0.5795264293199454,-0.5054927517516767,,,,,,,,,,,,,,
US_BANKS,BAC,TFC,Bank of America Corporation,Truist Financial Corporation,-2.909797258247755,0.044220513947657906,0.05,,False,1.2019169289439644,-0.686928163090597,,,,,,,,,,,,,,
US_BANKS,USB,ZION,U.S. Bancorp,Zions Bancorporation N.A.,-2.9026735609819387,0.04503798086676942,0.05,,False,0.9959943757252695,-0.10219299330786713,,,,,,,,,,,,,,
US_BANKS,BAC,FHN,Bank of America Corporation,First Horizon Corporation,-2.8895544344038435,0.04657622796163127,0.05,,False,0.7370092441026119,1.6148755325015034,,,,,,,,,,,,,,
US_BANKS,JPM,PNFP,JP Morgan Chase & Co.,"Pinnacle Financial Partners, In",-2.8663672086309653,0.04940115136274217,0.05,,False,35.46674103454813,-156.81174102917043,,,,,,,,,,,,,,
US_BANKS,C,MTB,"Citigroup, Inc.",M&T Bank Corporation,-2.8568028804046626,0.05060677011972241,0.05,,False,2.7004017199928256,-9.6645208160365,,,,,,,,,,,,,,
US_BANKS,C,RF,"Citigroup, Inc.",Regions Financial Corporation,-2.7553673891585,0.06493745640919575,0.05,,False,2.2244787361139693,-2.5719835868706564,,,,,,,,,,,,,,
US_BANKS,BAC,PNFP,Bank of America Corporation,"Pinnacle Financial Partners, In",-2.7425709651823524,0.06695685755400892,0.05,,False,9.95625453973765,-41.77103387203906,,,,,,,,,,,,,,
US_BANKS,C,KEY,"Citigroup, Inc.",KeyCorp,-2.739621091900285,0.06742942698305675,0.05,,False,1.9341637281093167,-1.054959053378341,,,,,,,,,,,,,,
US_BANKS,KEY,PNFP,KeyCorp,"Pinnacle Financial Partners, In",-2.71821526756708,0.07093892287377006,0.05,,False,5.165321847624414,-20.816221753039056,,,,,,,,,,,,,,
US_BANKS,KEY,MTB,KeyCorp,M&T Bank Corporation,-2.6929586867485282,0.07526466955660284,0.05,,False,1.2893008585088843,-3.893887249506131,,,,,,,,,,,,,,
US_BANKS,CFG,ZION,"Citizens Financial Group, Inc.",Zions Bancorporation N.A.,-2.692891432329803,0.07527646021542019,0.05,,False,1.669195365720246,-2.7408160010820386,,,,,,,,,,,,,,
US_BANKS,CFG,RF,"Citizens Financial Group, Inc.",Regions Financial Corporation,-2.689092223640434,0.07594488501856181,0.05,,False,1.5426768319377064,-1.0122508093434148,,,,,,,,,,,,,,
US_BANKS,FHN,PNFP,First Horizon Corporation,"Pinnacle Financial Partners, In",-2.673370237011351,0.07876082335325452,0.05,,False,4.478067946553082,-17.522120522867915,,,,,,,,,,,,,,
US_BANKS,BAC,JPM,Bank of America Corporation,JP Morgan Chase & Co.,-2.6704779956362943,0.07928765954522754,0.05,,False,0.7742810614661991,-0.4959540361044814,,,,,,,,,,,,,,
US_BANKS,PNC,RF,"PNC Financial Services Group, I",Regions Financial Corporation,-2.64759037108453,0.08355469610915345,0.05,,False,0.8980023530925724,2.3975928290758155,,,,,,,,,,,,,,
US_BANKS,BAC,RF,Bank of America Corporation,Regions Financial Corporation,-2.6362807417418623,0.08572818455344527,0.05,,False,0.9532127599619428,0.8137336465114902,,,,,,,,,,,,,,
US_BANKS,MTB,ZION,M&T Bank Corporation,Zions Bancorporation N.A.,-2.6213516356896647,0.08866412429409132,0.05,,False,0.9324002327575591,1.5415323684231317,,,,,,,,,,,,,,
US_BANKS,BAC,ZION,Bank of America Corporation,Zions Bancorporation N.A.,-2.6119802484548473,0.09054638721870384,0.05,,False,1.0146244742712558,-0.18826817930975537,,,,,,,,,,,,,,
US_BANKS,BAC,C,Bank of America Corporation,"Citigroup, Inc.",-2.6078001078064412,0.09139583636063814,0.05,,False,0.4464675562986812,1.8364514767243472,,,,,,,,,,,,,,
US_BANKS,CFG,USB,"Citizens Financial Group, Inc.",U.S. Bancorp,-2.5920279653327696,0.09465614440486786,0.05,,False,1.6439598167203797,-2.44739916664072,,,,,,,,,,,,,,
US_BANKS,COF,PNFP,Capital One Financial Corporati,"Pinnacle Financial Partners, In",-2.5530192671422056,0.10310109315642102,0.05,,False,3.2976978268513597,-9.879619618608526,,,,,,,,,,,,,,
US_BANKS,CFG,HBAN,"Citizens Financial Group, Inc.",Huntington Bancshares Incorpora,-2.552029660359401,0.10332250135795751,0.05,,False,2.277494584863826,-2.35199489671774,,,,,,,,,,,,,,
US_BANKS,KEY,ZION,KeyCorp,Zions Bancorporation N.A.,-2.547565689582684,0.1043257007151483,0.05,,False,1.2005033064579758,-1.8999200691854994,,,,,,,,,,,,,,
US_BANKS,CFG,FITB,"Citizens Financial Group, Inc.",Fifth Third Bancorp,-2.5389399173811786,0.1062849462889569,0.05,,False,1.7666206243118447,-2.7598204545421754,,,,,,,,,,,,,,
US_BANKS,RF,USB,Regions Financial Corporation,U.S. Bancorp,-2.5340992960550994,0.10739647176911582,0.05,,False,1.0643327638387825,-0.9252457246042809,,,,,,,,,,,,,,
US_BANKS,PNC,TFC,"PNC Financial Services Group, I",Truist Financial Corporation,-2.5300636090720823,0.10832980484173937,0.05,,False,1.110424388745154,1.065715037118947,,,,,,,,,,,,,,
US_BANKS,JPM,WFC,JP Morgan Chase & Co.,Wells Fargo & Company,-2.527716012479364,0.10887551840389575,0.05,,False,1.0018694904868666,1.2719898291733625,,,,,,,,,,,,,,
US_BANKS,BAC,CFG,Bank of America Corporation,"Citizens Financial Group, Inc.",-2.5273512961760733,0.10896048313055418,0.05,,False,0.6085145169276452,1.4752024331950504,,,,,,,,,,,,,,
US_BANKS,MTB,USB,M&T Bank Corporation,U.S. Bancorp,-2.5082987877661105,0.11346817521768177,0.05,,False,0.9352818594114247,1.6405199310178595,,,,,,,,,,,,,,
US_BANKS,C,PNC,"Citigroup, Inc.","PNC Financial Services Group, I",-2.4984857250723254,0.11584319907943835,0.05,,False,2.572314392556887,-9.008056236116317,,,,,,,,,,,,,,
US_BANKS,CFG,PNC,"Citizens Financial Group, Inc.","PNC Financial Services Group, I",-2.485268907973984,0.11909982375860523,0.05,,False,1.7332728663390975,-5.211341341132904,,,,,,,,,,,,,,
US_BANKS,FHN,JPM,First Horizon Corporation,JP Morgan Chase & Co.,-2.4821481702675676,0.11987850609827527,0.05,,False,1.0460470070682115,-2.8388806035752046,,,,,,,,,,,,,,
US_BANKS,CFG,MTB,"Citizens Financial Group, Inc.",M&T Bank Corporation,-2.4568015311923546,0.1263417814267957,0.05,,False,1.8163912490686158,-5.637042933528194,,,,,,,,,,,,,,
US_BANKS,C,FITB,"Citigroup, Inc.",Fifth Third Bancorp,-2.4433166381099847,0.12988185132109126,0.05,,False,2.6858465708018673,-5.608982574458158,,,,,,,,,,,,,,
US_BANKS,PNFP,WFC,"Pinnacle Financial Partners, In",Wells Fargo & Company,-2.4282194089392077,0.1339295604829659,0.05,,False,0.22473918771135673,3.615836279390081,,,,,,,,,,,,,,
US_BANKS,C,CFG,"Citigroup, Inc.","Citizens Financial Group, Inc.",-2.4262759942577734,0.13445711288166862,0.05,,False,1.375281033573164,-0.8564407284841256,,,,,,,,,,,,,,
US_BANKS,C,USB,"Citigroup, Inc.",U.S. Bancorp,-2.4049816414228005,0.14033531105981,0.05,,False,2.4261087892876803,-4.853927701229149,,,,,,,,,,,,,,
US_BANKS,FITB,RF,Fifth Third Bancorp,Regions Financial Corporation,-2.400820190600344,0.14150504975991118,0.05,,False,0.8836070994390767,0.9566088510981516,,,,,,,,,,,,,,
US_BANKS,HBAN,MTB,Huntington Bancshares Incorpora,M&T Bank Corporation,-2.374837659866484,0.1489645860003349,0.05,,False,0.8592337892841722,-1.7642209897240093,,,,,,,,,,,,,,
US_BANKS,MTB,PNC,M&T Bank Corporation,"PNC Financial Services Group, I",-2.367999264517154,0.15097278692057992,0.05,,False,0.981457663033583,0.09226298260051458,,,,,,,,,,,,,,
US_BANKS,PNFP,RF,"Pinnacle Financial Partners, In",Regions Financial Corporation,-2.359184663368688,0.15358904458073086,0.05,,False,0.35278579938206345,3.469017371891365,,,,,,,,,,,,,,
US_BANKS,BAC,MTB,Bank of America Corporation,M&T Bank Corporation,-2.347483796945643,0.15711029170103546,0.05,,False,1.099639516653552,-1.925490192917123,,,,,,,,,,,,,,
US_BANKS,HBAN,RF,Huntington Bancshares Incorpora,Regions Financial Corporation,-2.3434112075486047,0.1583488453769618,0.05,,False,0.746456468061061,0.37099968970773745,,,,,,,,,,,,,,
US_BANKS,RF,ZION,Regions Financial Corporation,Zions Bancorporation N.A.,-2.3092152531571224,0.16901309215069166,0.05,,False,1.0606609442656283,-1.0363443635088538,,,,,,,,,,,,,,
US_BANKS,JPM,TFC,JP Morgan Chase & Co.,Truist Financial Corporation,-2.260941773907421,0.18487450606263373,0.05,,False,1.649283197998615,-0.609560724399012,,,,,,,,,,,,,,
US_BANKS,FITB,ZION,Fifth Third Bancorp,Zions Bancorporation N.A.,-2.249861524319522,0.18864853909442458,0.05,,False,0.935450219589894,0.047813797627260346,,,,,,,,,,,,,,
US_BANKS,BAC,PNC,Bank of America Corporation,"PNC Financial Services Group, I",-2.236109056496915,0.19340186540768828,0.05,,False,1.0742756184633513,-1.7980649722232744,,,,,,,,,,,,,,
US_BANKS,TFC,ZION,Truist Financial Corporation,Zions Bancorporation N.A.,-2.1993958630505928,0.20646479678483493,0.05,,False,0.8533168429348886,0.3788439031920081,,,,,,,,,,,,,,
US_BANKS,FHN,TFC,First Horizon Corporation,Truist Financial Corporation,-2.186881180815722,0.2110412385262122,0.05,,False,1.6669711715633935,-3.2585108375377994,,,,,,,,,,,,,,
US_BANKS,FHN,MTB,First Horizon Corporation,M&T Bank Corporation,-2.147094677054766,0.22600383149657344,0.05,,False,1.496918586805392,-4.829196132448775,,,,,,,,,,,,,,
US_BANKS,FITB,TFC,Fifth Third Bancorp,Truist Financial Corporation,-2.133553184738095,0.23123842607858525,0.05,,False,1.0941522575265583,-0.3596375513189778,,,,,,,,,,,,,,
US_BANKS,JPM,MTB,JP Morgan Chase & Co.,M&T Bank Corporation,-2.1314584697238983,0.23205453876183224,0.05,,False,1.4916690813244007,-2.219051588760143,,,,,,,,,,,,,,
US_BANKS,HBAN,KEY,Huntington Bancshares Incorpora,KeyCorp,-2.1218244577124814,0.23582990714351143,0.05,,False,0.6436446947083756,0.8953287295088643,,,,,,,,,,,,,,
US_BANKS,BAC,KEY,Bank of America Corporation,KeyCorp,-2.0964895240256545,0.24592852257045783,0.05,,False,0.8354135515114546,1.4450948880497179,,,,,,,,,,,,,,
US_BANKS,HBAN,USB,Huntington Bancshares Incorpora,U.S. Bancorp,-2.0939697691999024,0.24694629113387956,0.05,,False,0.7850088869517375,-0.2834519359833818,,,,,,,,,,,,,,
US_BANKS,MTB,RF,M&T Bank Corporation,Regions Financial Corporation,-2.082081835336967,0.2517803536123149,0.05,,False,0.8779037861617822,2.4562380396412276,,,,,,,,,,,,,,
US_BANKS,COF,JPM,Capital One Financial Corporati,JP Morgan Chase & Co.,-2.0670762158450433,0.25795777397053943,0.05,,False,1.0241647299540442,-0.47863942474293,,,,,,,,,,,,,,
US_BANKS,BAC,FITB,Bank of America Corporation,Fifth Third Bancorp,-2.0613147840830566,0.2603518100463178,0.05,,False,1.0950693214051404,-0.2790885426888039,,,,,,,,,,,,,,
US_BANKS,C,JPM,"Citigroup, Inc.",JP Morgan Chase & Co.,-2.016114236368113,0.2795525688117354,0.05,,False,1.741193320984923,-5.2628178485143655,,,,,,,,,,,,,,
US_BANKS,FHN,ZION,First Horizon Corporation,Zions Bancorporation N.A.,-2.007599771375844,0.2832508382191826,0.05,,False,1.3872148094667485,-2.488097374597472,,,,,,,,,,,,,,
US_BANKS,TFC,WFC,Truist Financial Corporation,Wells Fargo & Company,-1.9968112493786427,0.287973003121774,0.05,,False,0.5946125947824191,1.195833082737408,,,,,,,,,,,,,,
US_BANKS,BAC,USB,Bank of America Corporation,U.S. Bancorp,-1.9515171606751327,0.30822703756769865,0.05,,False,1.0190295881806892,-0.08540458692525998,,,,,,,,,,,,,,
US_BANKS,HBAN,PNC,Huntington Bancshares Incorpora,"PNC Financial Services Group, I",-1.9464107197132356,0.3105526490029048,0.05,,False,0.8361983297733264,-1.6478595783419934,,,,,,,,,,,,,,
US_BANKS,HBAN,TFC,Huntington Bancshares Incorpora,Truist Financial Corporation,-1.9444664533467209,0.3114403069434403,0.05,,False,0.9373917406379086,-0.7898527229914549,,,,,,,,,,,,,,
US_BANKS,JPM,RF,JP Morgan Chase & Co.,Regions Financial Corporation,-1.9073363222473834,0.3286177829797234,0.05,,False,1.2621614674317745,1.5938103379148787,,,,,,,,,,,,,,
US_BANKS,JPM,ZION,JP Morgan Chase & Co.,Zions Bancorporation N.A.,-1.8978133559974852,0.3330904752912709,0.05,,False,1.372079721003414,0.15431588528276308,,,,,,,,,,,,,,
US_BANKS,PNFP,USB,"Pinnacle Financial Partners, In",U.S. Bancorp,-1.863500960959627,0.3494213083018213,0.05,,False,0.5405912379961297,2.5113313219805002,,,,,,,,,,,,,,
US_BANKS,FHN,RF,First Horizon Corporation,Regions Financial Corporation,-1.8356884519358334,0.36289277456962055,0.05,,False,1.3062340022703856,-1.1275177364344051,,,,,,,,,,,,,,
US_BANKS,COF,FHN,Capital One Financial Corporati,First Horizon Corporation,-1.7876727833796493,0.38659876056223286,0.05,,False,0.975802532291741,2.31062231244771,,,,,,,,,,,,,,
US_BANKS,HBAN,ZION,Huntington Bancshares Incorpora,Zions Bancorporation N.A.,-1.7783439498215885,0.3912650804512786,0.05,,False,0.7957279100414412,-0.41831488592444144,,,,,,,,,,,,,,
US_BANKS,MTB,TFC,M&T Bank Corporation,Truist Financial Corporation,-1.7625617594679979,0.3992006694564134,0.05,,False,1.094881170377496,1.1193323840858964,,,,,,,,,,,,,,
US_BANKS,FITB,MTB,Fifth Third Bancorp,M&T Bank Corporation,-1.7337548380231202,0.41381021356817804,0.05,,False,1.0041558142644484,-1.5033760788257493,,,,,,,,,,,,,,
US_BANKS,WFC,ZION,Wells Fargo & Company,Zions Bancorporation N.A.,-1.708075440189582,0.4269566437080329,0.05,,False,1.3807908067074826,-1.1600126404167295,,,,,,,,,,,,,,
US_BANKS,COF,TFC,Capital One Financial Corporati,Truist Financial Corporation,-1.687099543946928,0.4377711365505046,0.05,,False,1.8485404841035586,-1.6994229954475708,,,,,,,,,,,,,,
US_BANKS,MTB,WFC,M&T Bank Corporation,Wells Fargo & Company,-1.641240081455883,0.46161288781688187,0.05,,False,0.6700708265998669,2.347092572072238,,,,,,,,,,,,,,
US_BANKS,FITB,JPM,Fifth Third Bancorp,JP Morgan Chase & Co.,-1.6309749002567082,0.46698045267800137,0.05,,False,0.6479580861955418,0.13070161473644326,,,,,,,,,,,,,,
US_BANKS,CFG,FHN,"Citizens Financial Group, Inc.",First Horizon Corporation,-1.6179066037468217,0.47382695474706926,0.05,,False,1.217309652575098,0.2112130529558085,,,,,,,,,,,,,,
US_BANKS,FHN,USB,First Horizon Corporation,U.S. Bancorp,-1.6060042431903487,0.4805767093417452,0.05,,False,1.4201831763055193,-2.4504827279644372,,,,,,,,,,,,,,
US_BANKS,COF,MTB,Capital One Financial Corporati,M&T Bank Corporation,-1.5944936679214607,0.4863589275679393,0.05,,False,1.610421668324358,-3.1827481057048708,,,,,,,,,,,,,,
US_BANKS,FITB,HBAN,Fifth Third Bancorp,Huntington Bancshares Incorpora,-1.583145760951942,0.49205419048724514,0.05,,False,1.1890874086450505,0.5028975775129458,,,,,,,,,,,,,,
US_BANKS,FHN,PNC,First Horizon Corporation,"PNC Financial Services Group, I",-1.5813762457518392,0.4929417232346017,0.05,,False,1.483125362583975,-4.76398721097102,,,,,,,,,,,,,,
US_BANKS,FITB,WFC,Fifth Third Bancorp,Wells Fargo & Company,-1.540877668372763,0.5132016234804183,0.05,,False,0.6296786636026109,1.0383599584757817,,,,,,,,,,,,,,
US_BANKS,JPM,PNC,JP Morgan Chase & Co.,"PNC Financial Services Group, I",-1.5009491657894574,0.5330417480169638,0.05,,False,1.470581086084736,-2.1157329732191945,,,,,,,,,,,,,,
US_BANKS,FHN,FITB,First Horizon Corporation,Fifth Third Bancorp,-1.4914521331689665,0.5377355288927642,0.05,,False,1.5536035104103196,-2.822918563810318,,,,,,,,,,,,,,
US_BANKS,JPM,KEY,JP Morgan Chase & Co.,KeyCorp,-1.4808142567168845,0.542980005414908,0.05,,False,1.0989680351159121,2.450231499805241,,,,,,,,,,,,,,
US_BANKS,RF,WFC,Regions Financial Corporation,Wells Fargo & Company,-1.4741674212904503,0.546249456881144,0.05,,False,0.7823974184113188,-0.20626454854531184,,,,,,,,,,,,,,
US_BANKS,JPM,USB,JP Morgan Chase & Co.,U.S. Bancorp,-1.3574232763445493,0.602509310284264,0.05,,False,1.3939846224076242,0.23244439563261032,,,,,,,,,,,,,,
US_BANKS,FHN,KEY,First Horizon Corporation,KeyCorp,-1.3048997976216323,0.6269276794946307,0.05,,False,1.145644076900452,-0.2647000952389509,,,,,,,,,,,,,,
US_BANKS,COF,RF,Capital One Financial Corporati,Regions Financial Corporation,-1.302084650804207,0.6282180445322914,0.05,,False,1.3511602081545646,0.9697600150135397,,,,,,,,,,,,,,
US_BANKS,C,WFC,"Citigroup, Inc.",Wells Fargo & Company,-1.280555572674664,0.638020552695873,0.05,,False,1.8303441459317187,-3.4158550938718673,,,,,,,,,,,,,,
US_BANKS,BAC,WFC,Bank of America Corporation,Wells Fargo & Company,-1.2777861097278487,0.6392729368879149,0.05,,False,0.770383126579969,0.5118135538662405,,,,,,,,,,,,,,
US_BANKS,CFG,JPM,"Citizens Financial Group, Inc.",JP Morgan Chase & Co.,-1.2718380526291027,0.6419559618816681,0.05,,False,1.2878322264568434,-3.325062860935677,,,,,,,,,,,,,,
US_BANKS,BAC,COF,Bank of America Corporation,Capital One Financial Corporati,-1.1884456552664069,0.6785462454952861,0.05,,False,0.7327144068017643,-0.012530956957712558,,,,,,,,,,,,,,
US_BANKS,FITB,PNFP,Fifth Third Bancorp,"Pinnacle Financial Partners, In",-1.1677692430463373,0.6873046825099739,0.05,,False,1.1977547773402122,-1.7488294380342801,,,,,,,,,,,,,,
US_BANKS,KEY,WFC,KeyCorp,Wells Fargo & Company,-1.1424681163334047,0.6978425518744422,0.05,,False,0.9051926125591874,-1.0445015556626114,,,,,,,,,,,,,,
US_BANKS,PNC,PNFP,"PNC Financial Services Group, I","Pinnacle Financial Partners, In",-1.1324803815886912,0.7019468734705936,0.05,,False,1.213753857917591,-0.33583276029851916,,,,,,,,,,,,,,
US_BANKS,PNC,WFC,"PNC Financial Services Group, I",Wells Fargo & Company,-1.1282949705253822,0.7036573335573069,0.05,,False,0.6665200513941013,2.3668436189144586,,,,,,,,,,,,,,
US_BANKS,COF,ZION,Capital One Financial Corporati,Zions Bancorporation N.A.,-1.095332001786682,0.7169298542522521,0.05,,False,1.4801107224492696,-0.6157019717629293,,,,,,,,,,,,,,
US_BANKS,HBAN,PNFP,Huntington Bancshares Incorpora,"Pinnacle Financial Partners, In",-1.0717009591038895,0.7262243171091906,0.05,,False,0.7678073556707774,-0.7972642072234524,,,,,,,,,,,,,,
US_BANKS,COF,PNC,Capital One Financial Corporati,"PNC Financial Services Group, I",-1.0620321551440537,0.7299732131155154,0.05,,False,1.6365581077728193,-3.3265270251578656,,,,,,,,,,,,,,
US_BANKS,USB,WFC,U.S. Bancorp,Wells Fargo & Company,-1.0128616644797266,0.7485444471124083,0.05,,False,0.706104847543047,0.7997100231958925,,,,,,,,,,,,,,
US_BANKS,CFG,WFC,"Citizens Financial Group, Inc.",Wells Fargo & Company,-0.987595816318196,0.7577615140755096,0.05,,False,1.322304839743915,-1.8242603268809394,,,,,,,,,,,,,,
US_BANKS,PNFP,ZION,"Pinnacle Financial Partners, In",Zions Bancorporation N.A.,-0.9279213926414093,0.7786385126009103,0.05,,False,0.7403937010636781,1.6600644179683917,,,,,,,,,,,,,,
US_BANKS,C,COF,"Citigroup, Inc.",Capital One Financial Corporati,-0.895248532514828,0.789533116580521,0.05,,False,1.9170169582086387,-5.580874540776473,,,,,,,,,,,,,,
US_BANKS,PNFP,TFC,"Pinnacle Financial Partners, In",Truist Financial Corporation,-0.7725026365894966,0.8270660888662116,0.05,,False,1.453034885713771,-0.8591253806105383,,,,,,,,,,,,,,
US_BANKS,MTB,PNFP,M&T Bank Corporation,"Pinnacle Financial Partners, In",-0.7330023583812412,0.8380150158142228,0.05,,False,1.070683477374933,0.314626106708765,,,,,,,,,,,,,,
US_BANKS,CFG,COF,"Citizens Financial Group, Inc.",Capital One Financial Corporati,-0.72354083982958,0.840557343792653,0.05,,False,1.3383840141289483,-3.145524337722722,,,,,,,,,,,,,,
US_BANKS,COF,FITB,Capital One Financial Corporati,Fifth Third Bancorp,-0.7151563508199221,0.8427845451860114,0.05,,False,1.777447275727245,-1.4203862866280463,,,,,,,,,,,,,,
US_BANKS,COF,KEY,Capital One Financial Corporati,KeyCorp,-0.5615778209516872,0.8794296936519944,0.05,,False,1.1593198153845528,1.935103813780104,,,,,,,,,,,,,,
US_BANKS,COF,USB,Capital One Financial Corporati,U.S. Bancorp,-0.5494985776609913,0.8819899397450089,0.05,,False,1.5610565871836823,-0.7505622224996609,,,,,,,,,,,,,,
US_DEFENSE_AEROSPACE,GD,LHX,General Dynamics Corporation,"L3Harris Technologies, Inc.",-3.0245859730055913,0.03266130142602167,0.05,,False,0.6337394019413891,2.1878529835724367,,,,,,,,,,,,,,
US_DEFENSE_AEROSPACE,GD,RTX,General Dynamics Corporation,RTX Corporation,-2.561555384401889,0.10120612098708254,0.05,,False,0.5043577609868731,3.199357858076227,,,,,,,,,,,,,,
US_DEFENSE_AEROSPACE,LHX,NOC,"L3Harris Technologies, Inc.",Northrop Grumman Corporation,-2.477011897915717,0.12116823090268442,0.05,,False,1.3043576228973275,-2.6324052258928923,,,,,,,,,,,,,,
US_DEFENSE_AEROSPACE,LHX,RTX,"L3Harris Technologies, Inc.",RTX Corporation,-2.122583231010495,0.2355312572174202,0.05,,False,0.8320747986144678,1.4162798361663995,,,,,,,,,,,,,,
US_DEFENSE_AEROSPACE,GD,NOC,General Dynamics Corporation,Northrop Grumman Corporation,-1.8808747989221746,0.34111099936887596,0.05,,False,0.8030227273460104,0.6675644124949285,,,,,,,,,,,,,,
US_DEFENSE_AEROSPACE,LMT,NOC,Lockheed Martin Corporation,Northrop Grumman Corporation,-1.729625708017382,0.4159166694255796,0.05,,False,0.782534117623657,1.289156803882027,,,,,,,,,,,,,,
US_DEFENSE_AEROSPACE,LHX,LMT,"L3Harris Technologies, Inc.",Lockheed Martin Corporation,-1.664590351333065,0.44944268243582897,0.05,,False,1.865800091895255,-6.013904524932606,,,,,,,,,,,,,,
US_DEFENSE_AEROSPACE,LMT,RTX,Lockheed Martin Corporation,RTX Corporation,-1.5604657005628892,0.5034163921208739,0.05,,False,0.3259711440919372,4.577805596783847,,,,,,,,,,,,,,
US_DEFENSE_AEROSPACE,GD,LMT,General Dynamics Corporation,Lockheed Martin Corporation,-1.4963595591226082,0.5353114381128126,0.05,,False,0.9503620837719879,-0.18559549050793933,,,,,,,,,,,,,,
US_DEFENSE_AEROSPACE,NOC,RTX,Northrop Grumman Corporation,RTX Corporation,-1.4586917898706666,0.5538380610873604,0.05,,False,0.6339478141613923,3.123678307576533,,,,,,,,,,,,,,
US_GOLD_MINERS,AEM,KGC,Agnico Eagle Mines Limited,Kinross Gold Corporation,-2.790895482217394,0.05958609862291549,0.05,,False,0.7550731260858532,2.687048479902568,,,,,,,,,,,,,,
US_GOLD_MINERS,AU,KGC,AngloGold Ashanti PLC,Kinross Gold Corporation,-2.481225997607893,0.12010931944185149,0.05,,False,1.1120248971251125,0.7225001229398256,,,,,,,,,,,,,,
US_GOLD_MINERS,AU,NEM,AngloGold Ashanti PLC,Newmont Corporation,-2.37367825812745,0.14930374144150255,0.05,,False,1.4301621165293177,-2.1341138336952605,,,,,,,,,,,,,,
US_GOLD_MINERS,AEM,AU,Agnico Eagle Mines Limited,AngloGold Ashanti PLC,-2.2490085131979916,0.1889411435195436,0.05,,False,0.6770280353012167,2.20405521740836,,,,,,,,,,,,,,
US_GOLD_MINERS,KGC,NEM,Kinross Gold Corporation,Newmont Corporation,-1.8275811369937005,0.36685692995550256,0.05,,False,1.2892921048628427,-2.582210772499126,,,,,,,,,,,,,,
US_GOLD_MINERS,AEM,NEM,Agnico Eagle Mines Limited,Newmont Corporation,-1.5780765222932838,0.4945963275848235,0.05,,False,0.9644893882993941,0.7749356474104356,,,,,,,,,,,,,,
US_GOLD_MINERS,GOLD,NEM,"Gold.com, Inc.",Newmont Corporation,-1.48307386158345,0.5418672244829191,0.05,,False,0.5700342762831146,1.0266916890211655,,,,,,,,,,,,,,
US_GOLD_MINERS,AEM,GOLD,Agnico Eagle Mines Limited,"Gold.com, Inc.",-1.2960198314413727,0.6309912726249356,0.05,,False,2.145285677871578,-2.505984026665411,,,,,,,,,,,,,,
US_GOLD_MINERS,AU,GOLD,AngloGold Ashanti PLC,"Gold.com, Inc.",-1.252774027725385,0.6504920308575239,0.05,,False,3.8456443425659352,-9.26241865793438,,,,,,,,,,,,,,
US_GOLD_MINERS,GOLD,KGC,"Gold.com, Inc.",Kinross Gold Corporation,-1.2186494202135372,0.6655221947457083,0.05,,False,0.27860441537769726,2.6259751121253245,,,,,,,,,,,,,,
US_HOMEBUILDERS,LEN,NVR,Lennar Corporation,"NVR, Inc.",-3.6431928569227616,0.004986981329270913,0.05,,False,1.7346109230287685,-10.719341807371713,,,,,,,,,,,,,,
US_HOMEBUILDERS,KBH,LEN,KB Home,Lennar Corporation,-2.92615425238498,0.04239005392957973,0.05,,False,0.774939571200733,0.40127753889153794,,,,,,,,,,,,,,
US_HOMEBUILDERS,DHI,PHM,"D.R. Horton, Inc.","PulteGroup, Inc.",-2.641637465596395,0.08469331942584918,0.05,,False,1.2330740253840005,-0.8878427410684502,,,,,,,,,,,,,,
US_HOMEBUILDERS,KBH,NVR,KB Home,"NVR, Inc.",-2.3864868116299673,0.14558678593651447,0.05,,False,1.356081091747476,-8.011689730385633,,,,,,,,,,,,,,
US_HOMEBUILDERS,PHM,TOL,"PulteGroup, Inc.","Toll Brothers, Inc.",-2.3403100263159087,0.1592964660409356,0.05,,False,0.7770903306671398,0.9884195957159747,,,,,,,,,,,,,,
US_HOMEBUILDERS,KBH,MTH,KB Home,Meritage Homes Corporation,-2.143480519049084,0.2273939142314806,0.05,,False,1.1824261837361418,-0.9513221361298863,,,,,,,,,,,,,,
US_HOMEBUILDERS,DHI,MTH,"D.R. Horton, Inc.",Meritage Homes Corporation,-1.8069968509112266,0.3769935261656158,0.05,,False,0.9496827983150874,0.921971591433695,,,,,,,,,,,,,,
US_HOMEBUILDERS,LEN,MTH,Lennar Corporation,Meritage Homes Corporation,-1.5884679733472402,0.4893838155585081,0.05,,False,1.5547326060714175,-1.8693916464543978,,,,,,,,,,,,,,
US_HOMEBUILDERS,DHI,TOL,"D.R. Horton, Inc.","Toll Brothers, Inc.",-1.5423668171037601,0.5124587740952042,0.05,,False,0.9549516395794361,0.3468121485440516,,,,,,,,,,,,,,
US_HOMEBUILDERS,MTH,NVR,Meritage Homes Corporation,"NVR, Inc.",-1.4934504856295885,0.536748766150611,0.05,,False,1.1426839523153483,-5.933696334101306,,,,,,,,,,,,,,
US_HOMEBUILDERS,LEN,PHM,Lennar Corporation,"PulteGroup, Inc.",-1.4890684602567865,0.5389119179370906,0.05,,False,3.3475713380346597,-11.172538146044905,,,,,,,,,,,,,,
US_HOMEBUILDERS,MTH,PHM,Meritage Homes Corporation,"PulteGroup, Inc.",-1.3403309407221506,0.6105249355852521,0.05,,False,1.464433322544854,-2.697834363147905,,,,,,,,,,,,,,
US_HOMEBUILDERS,DHI,KBH,"D.R. Horton, Inc.",KB Home,-1.234588556672779,0.6585424821048877,0.05,,False,0.7635055664283642,1.849444037141498,,,,,,,,,,,,,,
US_HOMEBUILDERS,KBH,PHM,KB Home,"PulteGroup, Inc.",-1.1328282036933486,0.701804475642642,0.05,,False,1.9205690717360666,-5.042975403686561,,,,,,,,,,,,,,
US_HOMEBUILDERS,MTH,TOL,Meritage Homes Corporation,"Toll Brothers, Inc.",-1.0722225737385103,0.7260211746590057,0.05,,False,1.0048362853007877,-0.6021687668540325,,,,,,,,,,,,,,
US_HOMEBUILDERS,DHI,LEN,"D.R. Horton, Inc.",Lennar Corporation,-0.9783044594194017,0.761094783515802,0.05,,False,0.5131731882695182,2.5325330816805423,,,,,,,,,,,,,,
US_HOMEBUILDERS,LEN,TOL,Lennar Corporation,"Toll Brothers, Inc.",-0.8571617178554002,0.8017522851418659,0.05,,False,3.1789986254883758,-10.675499141877959,,,,,,,,,,,,,,
US_HOMEBUILDERS,NVR,PHM,"NVR, Inc.","PulteGroup, Inc.",-0.7931385909315793,0.821129250499121,0.05,,False,1.2658692490204753,2.906734127323441,,,,,,,,,,,,,,
US_HOMEBUILDERS,DHI,NVR,"D.R. Horton, Inc.","NVR, Inc.",-0.46990027246594795,0.8977576281941027,0.05,,False,1.1270603861015223,-5.087767410260709,,,,,,,,,,,,,,
US_HOMEBUILDERS,KBH,TOL,KB Home,"Toll Brothers, Inc.",-0.44043985488886084,0.9031246761053502,0.05,,False,1.4068423740346714,-2.7279044988796928,,,,,,,,,,,,,,
US_HOMEBUILDERS,NVR,TOL,"NVR, Inc.","Toll Brothers, Inc.",0.4155414080322872,0.9820669221524163,0.05,,False,0.7230038161869496,5.426918604140892,,,,,,,,,,,,,,
US_INSURANCE,ALL,TRV,Allstate Corporation (The),"The Travelers Companies, Inc.",-5.289804223559371,5.748310542081372e-06,0.05,0.006501220546921717,True,0.681405607623881,1.4791794284214124,7.017873280081481,0.0001662506996582384,-0.09876883678240161,21.0,-2.1447184083114017,2.5160555713455324,False,,0.8,-0.0029000064733286125,0.15698446365498908,0.48601102895875115,False,mixed signal
US_INSURANCE,AIG,PRU,"American International Group, I","Prudential Financial, Inc.",-4.839621205322581,4.564853797244166e-05,0.05,0.006501220546921717,True,-0.6256900454970216,7.218441570993749,7.969384249812713,0.00015492273939829958,-0.08697625297415353,24.0,-0.6540303551120407,2.6558235622167947,False,,0.8,0.007092205620092738,0.009723162678272335,-0.027445801367182776,False,mixed signal
US_INSURANCE,ALL,GL,Allstate Corporation (The),Globe Life Inc.,-4.836068914981346,4.637327097977498e-05,0.05,0.006501220546921717,True,0.45417588288214344,3.07644803405873,7.837478114052748,3.585717461133029e-05,-0.08844007861624764,24.0,-2.3919227029253363,2.62450001179416,False,,0.8,-7.218643643702727e-05,-0.6931652766821763,0.1766917287875428,False,mixed signal
US_INSURANCE,ALL,PRU,Allstate Corporation (The),"Prudential Financial, Inc.",-3.9296932491999486,0.0018268695166973137,0.05,0.006501220546921717,True,-2.0209778858269827,14.618123399432083,12.08685059239675,0.0008940705762770702,-0.057347211770448325,36.0,-2.0339911384813596,2.5301425200468755,False,,0.6,0.009309965443800139,-0.36883842848704584,-0.5688791131705153,False,mixed signal
US_INSURANCE,HIG,PRU,"The Hartford Insurance Group, I","Prudential Financial, Inc.",-3.8793551481660433,0.0021921459950075563,0.05,0.006501220546921717,True,-2.7493733573241657,17.522105874142138,12.311676704722602,0.0007724115360603768,-0.05629998230006014,37.0,-2.070333910042145,2.6664741014737547,False,,0.6,0.008884316363058802,-0.18322253576694592,-0.4960742618524785,False,mixed signal
US_INSURANCE,AFL,PRU,AFLAC Incorporated,"Prudential Financial, Inc.",-3.7539836674990568,0.0034148138088966207,0.05,0.006501220546921717,True,-1.3879832717614151,11.073990863583607,13.732690933745813,0.0007391159151947714,-0.050474243096569726,41.0,-1.3673489644741141,2.4549009114603018,False,,0.4,0.003338266547295767,-0.18045238982648892,-0.41597739307031656,False,mixed signal
US_INSURANCE,GL,PRU,Globe Life Inc.,"Prudential Financial, Inc.",-3.610090168260078,0.005571029682233179,0.05,0.006501220546921717,True,-5.698740177668511,31.195469619357134,13.832871031976861,0.0019921607968662242,-0.0501086997021534,41.0,-1.5119933468312279,2.2415219875742354,False,,0.6,0.02438842932498983,-0.24620511190388106,-0.6458809092304634,False,mixed signal
US_INSURANCE,PRU,TRV,"Prudential Financial, Inc.","The Travelers Companies, Inc.",-3.5799205516370805,0.006156712572927206,0.05,0.006501220546921717,True,-0.2708678666611276,6.133383613481792,13.993655185378094,0.00030474835015856705,-0.049532961286927496,42.0,-1.2985827813096082,2.5085793254536233,False,,0.6,0.0036493597082048,-0.5098480553604232,-0.9099334205240994,False,mixed signal
US_INSURANCE,AFL,PGR,AFLAC Incorporated,Progressive Corporation (The),-3.5633685080439856,0.006501220546921717,0.05,0.006501220546921717,True,-0.06895054480340233,5.020111284031391,21.895230593750593,0.0006507122333415652,-0.03165745058459378,63.0,-1.1605415259326,2.6929742256784612,False,,0.6,-0.003038205404076785,-0.20909215687758353,-0.13017912512359398,False,mixed signal
US_INSURANCE,PRU,UNM,"Prudential Financial, Inc.",Unum Group,-3.482084406887631,0.008459303412550176,0.05,0.006501220546921717,False,-0.1572105161178124,5.29824596462272,,,,,,,,,,,,,,
US_INSURANCE,AFL,TRV,AFLAC Incorporated,"The Travelers Companies, Inc.",-3.457403578828462,0.00915087042744481,0.05,0.006501220546921717,False,0.5134370895386938,1.7980827393243115,,,,,,,,,,,,,,
US_INSURANCE,CB,PRU,Chubb Limited,"Prudential Financial, Inc.",-3.392775708569876,0.011207626415005754,0.05,0.006501220546921717,False,-1.7912755791858652,13.952006125531568,,,,,,,,,,,,,,
US_INSURANCE,GL,TRV,Globe Life Inc.,"The Travelers Companies, Inc.",-3.357335469119338,0.012502187347118006,0.05,0.006501220546921717,False,1.4851626674692697,-3.432784132538412,,,,,,,,,,,,,,
US_INSURANCE,HIG,PGR,"The Hartford Insurance Group, I",Progressive Corporation (The),-3.3520289072223584,0.012707038620818114,0.05,0.006501220546921717,False,-1.2996350408521162,11.820614974274477,,,,,,,,,,,,,,
US_INSURANCE,AFL,ALL,AFLAC Incorporated,Allstate Corporation (The),-3.321363980412531,0.01395009739153307,0.05,0.006501220546921717,False,0.7945550548797278,0.4675449680607393,,,,,,,,,,,,,,
US_INSURANCE,MET,UNM,"MetLife, Inc.",Unum Group,-3.269418909727337,0.016302031299566835,0.05,0.006501220546921717,False,0.2669303336648737,3.193955691664983,,,,,,,,,,,,,,
US_INSURANCE,AIG,UNM,"American International Group, I",Unum Group,-3.245932343717396,0.01747520112836952,0.05,0.006501220546921717,False,0.21898537582216368,3.390905362127381,,,,,,,,,,,,,,
US_INSURANCE,AFL,CB,AFLAC Incorporated,Chubb Limited,-3.242313795236599,0.017662373853999835,0.05,0.006501220546921717,False,0.8574742487508369,-0.20425830860226846,,,,,,,,,,,,,,
US_INSURANCE,AFL,GL,AFLAC Incorporated,Globe Life Inc.,-3.2155874211269424,0.01909996248144752,0.05,0.006501220546921717,False,0.33341384516016553,3.0439654108271603,,,,,,,,,,,,,,
US_INSURANCE,ALL,LNC,Allstate Corporation (The),Lincoln National Corporation,-3.206732038505795,0.01959829445515484,0.05,0.006501220546921717,False,0.479549803814155,3.5751197194046176,,,,,,,,,,,,,,
US_INSURANCE,AIG,LNC,"American International Group, I",Lincoln National Corporation,-3.1920092352541105,0.02045190034715879,0.05,0.006501220546921717,False,0.2148872717680732,3.5661387498611967,,,,,,,,,,,,,,
US_INSURANCE,CB,PGR,Chubb Limited,Progressive Corporation (The),-3.1810629108984254,0.02110733451158016,0.05,0.006501220546921717,False,-0.44909419671371853,8.086731010788466,,,,,,,,,,,,,,
US_INSURANCE,AIG,GL,"American International Group, I",Globe Life Inc.,-3.1667974559648293,0.021988825430640777,0.05,0.006501220546921717,False,0.16704131931587324,3.518078401379671,,,,,,,,,,,,,,
US_INSURANCE,AIG,PGR,"American International Group, I",Progressive Corporation (The),-3.1242672792520603,0.024808651297903682,0.05,0.006501220546921717,False,0.2914227914134457,2.7451689353613213,,,,,,,,,,,,,,
US_INSURANCE,LNC,PRU,Lincoln National Corporation,"Prudential Financial, Inc.",-3.100919447734499,0.02648522001908953,0.05,0.006501220546921717,False,-21.785292399858662,104.38688450354066,,,,,,,,,,,,,,
US_INSURANCE,AFL,LNC,AFLAC Incorporated,Lincoln National Corporation,-3.0841363551920296,0.027749661709751842,0.05,0.006501220546921717,False,0.3200369717293231,3.5225136855046033,,,,,,,,,,,,,,
US_INSURANCE,AIG,HIG,"American International Group, I","The Hartford Insurance Group, I",-3.061673390004095,0.029522638686281653,0.05,0.006501220546921717,False,0.3751613546708714,2.523658819957006,,,,,,,,,,,,,,
US_INSURANCE,ALL,UNM,Allstate Corporation (The),Unum Group,-3.060017049872157,0.029657115660706043,0.05,0.006501220546921717,False,0.47533836548228625,3.240812033229983,,,,,,,,,,,,,,
US_INSURANCE,GL,MET,Globe Life Inc.,"MetLife, Inc.",-3.0059293286727895,0.03434437356582761,0.05,0.006501220546921717,False,5.178598046437949,-17.604723191009477,,,,,,,,,,,,,,
US_INSURANCE,AIG,TRV,"American International Group, I","The Travelers Companies, Inc.",-2.9822395211525126,0.036586624360451174,0.05,0.006501220546921717,False,0.2789892519895071,2.7731625579752173,,,,,,,,,,,,,,
US_INSURANCE,PGR,PRU,Progressive Corporation (The),"Prudential Financial, Inc.",-2.932348711053889,0.04171353255377267,0.05,0.006501220546921717,False,233.70111292361247,-1076.7001186777045,,,,,,,,,,,,,,
US_INSURANCE,PGR,TRV,Progressive Corporation (The),"The Travelers Companies, Inc.",-2.912338606773612,0.04393188423468788,0.05,0.006501220546921717,False,-0.3066669066563247,7.110136554456805,,,,,,,,,,,,,,
US_INSURANCE,AIG,ALL,"American International Group, I",Allstate Corporation (The),-2.909590615005216,0.0442440522065564,0.05,0.006501220546921717,False,0.4815521833830398,1.7881602756196404,,,,,,,,,,,,,,
US_INSURANCE,HIG,LNC,"The Hartford Insurance Group, I",Lincoln National Corporation,-2.830395007611911,0.05406150964991323,0.05,0.006501220546921717,False,0.6711458872442193,2.4330921272512462,,,,,,,,,,,,,,
US_INSURANCE,LNC,MET,Lincoln National Corporation,"MetLife, Inc.",-2.807220452835146,0.057249756881166784,0.05,0.006501220546921717,False,4.201457253762258,-14.669907206393724,,,,,,,,,,,,,,
US_INSURANCE,LNC,PGR,Lincoln National Corporation,Progressive Corporation (The),-2.761011342725965,0.06406244986697547,0.05,0.006501220546921717,False,-3.845049618763973,24.309838893980302,,,,,,,,,,,,,,
US_INSURANCE,AFL,UNM,AFLAC Incorporated,Unum Group,-2.7211801688713972,0.07044433713501266,0.05,0.006501220546921717,False,0.3088931006849717,3.334812304522788,,,,,,,,,,,,,,
US_INSURANCE,MET,PGR,"MetLife, Inc.",Progressive Corporation (The),-2.721006742927445,0.07047319124314881,0.05,0.006501220546921717,False,0.2564651362822395,2.9409871054730576,,,,,,,,,,,,,,
US_INSURANCE,ALL,MET,Allstate Corporation (The),"MetLife, Inc.",-2.7183692153708043,0.07091317456740119,0.05,0.006501220546921717,False,1.6641888736992745,-1.942332278934579,,,,,,,,,,,,,,
US_INSURANCE,AFL,HIG,AFLAC Incorporated,"The Hartford Insurance Group, I",-2.70596260283946,0.07301214947236724,0.05,0.006501220546921717,False,0.6057400382098248,1.7447007189403547,,,,,,,,,,,,,,
US_INSURANCE,MET,TRV,"MetLife, Inc.","The Travelers Companies, Inc.",-2.6924388551583402,0.07535584135021307,0.05,0.006501220546921717,False,0.2797696125588225,2.7755850930978334,,,,,,,,,,,,,,
US_INSURANCE,AFL,MET,AFLAC Incorporated,"MetLife, Inc.",-2.6824694678451673,0.0771212529149738,0.05,0.006501220546921717,False,1.15142487810995,-0.3362325703490434,,,,,,,,,,,,,,
US_INSURANCE,AFL,AIG,AFLAC Incorporated,"American International Group, I",-2.5849226731986814,0.09615365603018933,0.05,0.006501220546921717,False,2.0530681225182024,-4.224730741658868,,,,,,,,,,,,,,
US_INSURANCE,AIG,CB,"American International Group, I",Chubb Limited,-2.5716522326022853,0.09899884785833285,0.05,0.006501220546921717,False,0.3994208120318556,2.061441665277825,,,,,,,,,,,,,,
US_INSURANCE,HIG,MET,"The Hartford Insurance Group, I","MetLife, Inc.",-2.5605729146436866,0.10142287218182311,0.05,0.006501220546921717,False,3.4142056644455,-9.985216606642712,,,,,,,,,,,,,,
US_INSURANCE,LNC,TRV,Lincoln National Corporation,"The Travelers Companies, Inc.",-2.5575962410205375,0.10208172625763468,0.05,0.006501220546921717,False,1.2287823574248653,-3.3044069863159224,,,,,,,,,,,,,,
US_INSURANCE,ALL,PGR,Allstate Corporation (The),Progressive Corporation (The),-2.4724273442710083,0.12232798093114128,0.05,0.006501220546921717,False,0.16719485942848736,4.356111545679179,,,,,,,,,,,,,,
US_INSURANCE,GL,LNC,Globe Life Inc.,Lincoln National Corporation,-2.4719428464321203,0.12245101662449898,0.05,0.006501220546921717,False,1.3285134408010189,0.13983074247706728,,,,,,,,,,,,,,
US_INSURANCE,CB,MET,Chubb Limited,"MetLife, Inc.",-2.468599359196838,0.12330254515065814,0.05,0.006501220546921717,False,2.2863731110241536,-4.237704785780154,,,,,,,,,,,,,,
US_INSURANCE,ALL,CB,Allstate Corporation (The),Chubb Limited,-2.3970123800062364,0.14258141853503947,0.05,0.006501220546921717,False,1.0988435463938098,-0.9567170521763186,,,,,,,,,,,,,,
US_INSURANCE,CB,GL,Chubb Limited,Globe Life Inc.,-2.359634830840003,0.15345467334551183,0.05,0.006501220546921717,False,0.3519500493259701,3.9654803550007074,,,,,,,,,,,,,,
US_INSURANCE,ALL,HIG,Allstate Corporation (The),"The Hartford Insurance Group, I",-2.275143281417763,0.18011010668275867,0.05,0.006501220546921717,False,0.7977678235629804,1.4377411122220765,,,,,,,,,,,,,,
US_INSURANCE,GL,PGR,Globe Life Inc.,Progressive Corporation (The),-2.2622211139810884,0.184441954545291,0.05,0.006501220546921717,False,-12.981713460716612,75.01896721035219,,,,,,,,,,,,,,
US_INSURANCE,TRV,UNM,"The Travelers Companies, Inc.",Unum Group,-2.231015523631267,0.19518176308789625,0.05,0.006501220546921717,False,0.7147020873527227,2.512567491648687,,,,,,,,,,,,,,
US_INSURANCE,MET,PRU,"MetLife, Inc.","Prudential Financial, Inc.",-2.1665932495218865,0.21859275700020814,0.05,0.006501220546921717,False,0.8983730172021384,0.16831043411481428,,,,,,,,,,,,,,
US_INSURANCE,HIG,TRV,"The Hartford Insurance Group, I","The Travelers Companies, Inc.",-2.125912133368257,0.23422364432169496,0.05,0.006501220546921717,False,0.8468940653041689,0.0921526540949813,,,,,,,,,,,,,,
US_INSURANCE,AIG,MET,"American International Group, I","MetLife, Inc.",-2.1135626339758,0.23909608567877894,0.05,0.006501220546921717,False,0.6023926400992402,1.7141139732465436,,,,,,,,,,,,,,
US_INSURANCE,GL,UNM,Globe Life Inc.,Unum Group,-2.074351053868157,0.2549524362866597,0.05,0.006501220546921717,False,1.1223524123437607,0.040027945090399086,,,,,,,,,,,,,,
US_INSURANCE,CB,TRV,Chubb Limited,"The Travelers Companies, Inc.",-1.9955681298989638,0.28851969438076763,0.05,0.006501220546921717,False,0.5993737884647703,2.3318580545158856,,,,,,,,,,,,,,
US_INSURANCE,LNC,UNM,Lincoln National Corporation,Unum Group,-1.8738953810096826,0.3444394141605037,0.05,0.006501220546921717,False,0.8157060580601212,0.048564594958757645,,,,,,,,,,,,,,
US_INSURANCE,CB,UNM,Chubb Limited,Unum Group,-1.8716649987286553,0.34550591107394957,0.05,0.006501220546921717,False,0.31372986564755334,4.3249094470840195,,,,,,,,,,,,,,
US_INSURANCE,GL,HIG,Globe Life Inc.,"The Hartford Insurance Group, I",-1.8286861081038805,0.36631568406326354,0.05,0.006501220546921717,False,1.7954583315542303,-3.794680534809565,,,,,,,,,,,,,,
US_INSURANCE,CB,LNC,Chubb Limited,Lincoln National Corporation,-1.6258194381238786,0.4696797333369099,0.05,0.006501220546921717,False,0.3170849335585402,4.543534819428451,,,,,,,,,,,,,,
US_INSURANCE,HIG,UNM,"The Hartford Insurance Group, I",Unum Group,-1.6159326154436662,0.47486230544241703,0.05,0.006501220546921717,False,0.547299373257673,2.4663590148736345,,,,,,,,,,,,,,
US_INSURANCE,CB,HIG,Chubb Limited,"The Hartford Insurance Group, I",-1.490944402561014,0.5379861625386839,0.05,0.006501220546921717,False,0.7109620402434743,2.251160087598212,,,,,,,,,,,,,,
US_INSURANCE,PGR,UNM,Progressive Corporation (The),Unum Group,-1.2376776689392224,0.6571814516312605,0.05,0.006501220546921717,False,0.2183699461645622,4.480627279384877,,,,,,,,,,,,,,
US_MEDIA_TELECOM,CMCSA,VZ,Comcast Corporation,Verizon Communications Inc.,-2.7517396272132797,0.0655049281062778,0.05,,False,-1.7375917926808182,9.812759298980085,,,,,,,,,,,,,,
US_MEDIA_TELECOM,CHTR,VZ,"Charter Communications, Inc.",Verizon Communications Inc.,-2.6104308479095026,0.09086053022538315,0.05,,False,-5.178975425224157,24.729189616431814,,,,,,,,,,,,,,
US_MEDIA_TELECOM,CHTR,TMUS,"Charter Communications, Inc.","T-Mobile US, Inc.",-2.5099000495337744,0.11308408035564604,0.05,,False,4.8239486474897895,-20.205237438288858,,,,,,,,,,,,,,
US_MEDIA_TELECOM,CMCSA,TMUS,Comcast Corporation,"T-Mobile US, Inc.",-2.2053367546408866,0.20431422786711617,0.05,,False,1.403662649242622,-4.1118379135612075,,,,,,,,,,,,,,
US_MEDIA_TELECOM,CHTR,T,"Charter Communications, Inc.",AT&T Inc.,-2.0558329760674128,0.26264100335421003,0.05,,False,-6.670268969069252,26.685320909613907,,,,,,,,,,,,,,
US_MEDIA_TELECOM,CHTR,CMCSA,"Charter Communications, Inc.",Comcast Corporation,-1.9543414184822108,0.3069443856621884,0.05,,False,2.9089138310738445,-4.273858738643017,,,,,,,,,,,,,,
US_MEDIA_TELECOM,TMUS,VZ,"T-Mobile US, Inc.",Verizon Communications Inc.,-1.6459517027200303,0.45915257752806543,0.05,,False,11.353906021879096,-36.47078352800247,,,,,,,,,,,,,,
US_MEDIA_TELECOM,CMCSA,T,Comcast Corporation,AT&T Inc.,-1.570932797818755,0.4981764044134451,0.05,,False,-0.6809901260795083,5.558788159924352,,,,,,,,,,,,,,
US_MEDIA_TELECOM,T,TMUS,AT&T Inc.,"T-Mobile US, Inc.",-1.1356579378855074,0.7006445493104814,0.05,,False,1.5174892921429917,-4.979193473803937,,,,,,,,,,,,,,
US_MEDIA_TELECOM,T,VZ,AT&T Inc.,Verizon Communications Inc.,-0.9965398285033653,0.75452422615427,0.05,,False,1.9313737218392208,-3.961816822192476,,,,,,,,,,,,,,
US_OIL_GAS,PSX,VLO,Phillips 66,Valero Energy Corporation,-3.7675120769354997,0.0032577583091648946,0.05,,False,0.6218191597369281,1.7326386108231402,,,,,,,,,,,,,,
US_OIL_GAS,EOG,OXY,"EOG Resources, Inc.",Occidental Petroleum Corporatio,-3.418737969282011,0.010336441717286886,0.05,,False,0.5735034715489793,2.549297042688254,,,,,,,,,,,,,,
US_OIL_GAS,PSX,XOM,Phillips 66,ExxonMobil Holdings Corporation,-3.2719024845428777,0.016182112468876266,0.05,,False,1.079222860994612,-0.2652939617193306,,,,,,,,,,,,,,
US_OIL_GAS,FANG,OXY,"Diamondback Energy, Inc.",Occidental Petroleum Corporatio,-3.202618288410662,0.01983362175998557,0.05,,False,1.0035119389005693,1.1935465173488433,,,,,,,,,,,,,,
US_OIL_GAS,APA,DVN,APA Corporation,Devon Energy Corporation,-3.141347067993035,0.023640823685710542,0.05,,False,1.7621050643539296,-3.191503184261169,,,,,,,,,,,,,,
US_OIL_GAS,APA,PSX,APA Corporation,Phillips 66,-3.059390589912973,0.029708113464704658,0.05,,False,1.7403361714148387,-5.298881223037155,,,,,,,,,,,,,,
US_OIL_GAS,COP,DVN,ConocoPhillips,Devon Energy Corporation,-3.0039002045830787,0.03453177208366739,0.05,,False,0.7415027897975194,1.9127618341597965,,,,,,,,,,,,,,
US_OIL_GAS,DVN,XOM,Devon Energy Corporation,ExxonMobil Holdings Corporation,-3.000111649460133,0.034883974935997486,0.05,,False,1.0801784807679657,-1.5258096985318783,,,,,,,,,,,,,,
US_OIL_GAS,VLO,XOM,Valero Energy Corporation,ExxonMobil Holdings Corporation,-2.712286763250376,0.07193614810173221,0.05,,False,1.764716830161117,-3.3513590898658387,,,,,,,,,,,,,,
US_OIL_GAS,COP,OXY,ConocoPhillips,Occidental Petroleum Corporatio,-2.6840793194637915,0.0768339922841189,0.05,,False,0.8113529780777496,1.4525039299906592,,,,,,,,,,,,,,
US_OIL_GAS,COP,FANG,ConocoPhillips,"Diamondback Energy, Inc.",-2.6735174839133578,0.07873407524124215,0.05,,False,0.8112179199116561,0.47380035588020775,,,,,,,,,,,,,,
US_OIL_GAS,MPC,VLO,Marathon Petroleum Corporation,Valero Energy Corporation,-2.6653460602788432,0.08022926209490588,0.05,,False,0.7546575216462152,1.3454926422109912,,,,,,,,,,,,,,
US_OIL_GAS,COP,EOG,ConocoPhillips,"EOG Resources, Inc.",-2.53913908439468,0.10623939832455898,0.05,,False,1.3782881468314385,-1.980475586530691,,,,,,,,,,,,,,
US_OIL_GAS,CVX,VLO,Chevron Corporation,Valero Energy Corporation,-2.5239841148038686,0.10974724779428302,0.05,,False,0.4674043261544828,2.661190904259627,,,,,,,,,,,,,,
US_OIL_GAS,APA,XOM,APA Corporation,ExxonMobil Holdings Corporation,-2.5055231944988816,0.11413624908547515,0.05,,False,1.959891283004641,-6.148453892897763,,,,,,,,,,,,,,
US_OIL_GAS,EOG,FANG,"EOG Resources, Inc.","Diamondback Energy, Inc.",-2.4990877753200595,0.11569643667414353,0.05,,False,0.5475541143577672,1.988522059142758,,,,,,,,,,,,,,
US_OIL_GAS,EOG,VLO,"EOG Resources, Inc.",Valero Energy Corporation,-2.467932946922094,0.12347278444454407,0.05,,False,0.19081957003682956,3.8038034025666834,,,,,,,,,,,,,,
US_OIL_GAS,COP,XOM,ConocoPhillips,ExxonMobil Holdings Corporation,-2.4642761385329384,0.12440999397986252,0.05,,False,0.7606919215860349,0.9725661216899253,,,,,,,,,,,,,,
US_OIL_GAS,APA,CVX,APA Corporation,Chevron Corporation,-2.4433217095390773,0.12988050662891093,0.05,,False,2.474042645640847,-9.240551889597072,,,,,,,,,,,,,,
US_OIL_GAS,APA,COP,APA Corporation,ConocoPhillips,-2.416788164278139,0.13705402776555387,0.05,,False,2.455995090454454,-8.10192704320946,,,,,,,,,,,,,,
US_OIL_GAS,CVX,PSX,Chevron Corporation,Phillips 66,-2.3985280163087914,0.1421522962954362,0.05,,False,0.7649382202315855,1.2943485807654094,,,,,,,,,,,,,,
US_OIL_GAS,MPC,PSX,Marathon Petroleum Corporation,Phillips 66,-2.3639937124732358,0.1521578004245876,0.05,,False,1.2193336098217353,-0.7850108461171166,,,,,,,,,,,,,,
US_OIL_GAS,CVX,XOM,Chevron Corporation,ExxonMobil Holdings Corporation,-2.363444378077189,0.1523208198722908,0.05,,False,0.8330824179062969,1.0555932563286348,,,,,,,,,,,,,,
US_OIL_GAS,DVN,EOG,Devon Energy Corporation,"EOG Resources, Inc.",-2.359146563181673,0.15360042091246784,0.05,,False,2.1564727388537945,-6.668504076836437,,,,,,,,,,,,,,
US_OIL_GAS,APA,EOG,APA Corporation,"EOG Resources, Inc.",-2.3275120535709135,0.16324823431198,0.05,,False,4.240461667507584,-17.040514425160872,,,,,,,,,,,,,,
US_OIL_GAS,DVN,PSX,Devon Energy Corporation,Phillips 66,-2.3185707075355535,0.16604847991895538,0.05,,False,0.9869596098608583,-1.192607501577453,,,,,,,,,,,,,,
US_OIL_GAS,DVN,VLO,Devon Energy Corporation,Valero Energy Corporation,-2.3165937431159684,0.16667199613589773,0.05,,False,0.5317644857717427,0.9295133369773172,,,,,,,,,,,,,,
US_OIL_GAS,OXY,XOM,Occidental Petroleum Corporatio,ExxonMobil Holdings Corporation,-2.3067312067456403,0.16980621313029787,0.05,,False,0.941305199658473,-0.609313384893702,,,,,,,,,,,,,,
US_OIL_GAS,DVN,FANG,Devon Energy Corporation,"Diamondback Energy, Inc.",-2.2754625440923855,0.18000393881238952,0.05,,False,1.1013155969375297,-1.9775801008910427,,,,,,,,,,,,,,
US_OIL_GAS,EOG,PSX,"EOG Resources, Inc.",Phillips 66,-2.1672532580121784,0.21834452174849034,0.05,,False,0.41589974715786077,2.7422834641452236,,,,,,,,,,,,,,
US_OIL_GAS,COP,VLO,ConocoPhillips,Valero Energy Corporation,-2.148237982504454,0.22556515644820546,0.05,,False,0.3605324002900089,2.7718280702384708,,,,,,,,,,,,,,
US_OIL_GAS,APA,VLO,APA Corporation,Valero Energy Corporation,-2.1104832915923786,0.2403201652905364,0.05,,False,1.0639571059538082,-2.1918994776773992,,,,,,,,,,,,,,
US_OIL_GAS,EOG,XOM,"EOG Resources, Inc.",ExxonMobil Holdings Corporation,-2.0888148784099125,0.24903591538106956,0.05,,False,0.45751739086259774,2.5907824286570635,,,,,,,,,,,,,,
US_OIL_GAS,COP,PSX,ConocoPhillips,Phillips 66,-2.0883164246430286,0.24923850411503778,0.05,,False,0.6929435109903948,1.217426688343438,,,,,,,,,,,,,,
US_OIL_GAS,CVX,DVN,Chevron Corporation,Devon Energy Corporation,-2.0875707996703015,0.24954172650699546,0.05,,False,0.715633253783707,2.432767725105053,,,,,,,,,,,,,,
US_OIL_GAS,OXY,VLO,Occidental Petroleum Corporatio,Valero Energy Corporation,-2.0857653508215686,0.25027681334036583,0.05,,False,0.34818563317633106,2.109702895643413,,,,,,,,,,,,,,
US_OIL_GAS,MPC,XOM,Marathon Petroleum Corporation,ExxonMobil Holdings Corporation,-2.0580748331277774,0.26170347410588973,0.05,,False,1.351316357369281,-1.2765167990319446,,,,,,,,,,,,,,
US_OIL_GAS,DVN,OXY,Devon Energy Corporation,Occidental Petroleum Corporatio,-2.0570126469955627,0.2621474432941666,0.05,,False,1.1095567607578534,-0.6799927092994258,,,,,,,,,,,,,,
US_OIL_GAS,APA,FANG,APA Corporation,"Diamondback Energy, Inc.",-2.0534426997003257,0.2636426285175367,0.05,,False,2.0619254369609648,-7.290877735503459,,,,,,,,,,,,,,
US_OIL_GAS,APA,OXY,APA Corporation,Occidental Petroleum Corporatio,-2.0438814758122166,0.26767001277843017,0.05,,False,2.1471642188598894,-5.130990925503772,,,,,,,,,,,,,,
US_OIL_GAS,FANG,XOM,"Diamondback Energy, Inc.",ExxonMobil Holdings Corporation,-1.995241741696219,0.2886633190417289,0.05,,False,0.9531670211360269,0.5414638517634192,,,,,,,,,,,,,,
US_OIL_GAS,DVN,MPC,Devon Energy Corporation,Marathon Petroleum Corporation,-1.9868169471570758,0.29238315461446496,0.05,,False,0.752205598023164,-0.26306738706872856,,,,,,,,,,,,,,
US_OIL_GAS,CVX,EOG,Chevron Corporation,"EOG Resources, Inc.",-1.9641226417079083,0.3025221473146006,0.05,,False,1.6374058747258078,-2.7879649476334496,,,,,,,,,,,,,,
US_OIL_GAS,COP,CVX,ConocoPhillips,Chevron Corporation,-1.9343107807947637,0.31609630880366657,0.05,,False,0.9382356535121821,-0.11724516965246945,,,,,,,,,,,,,,
US_OIL_GAS,FANG,VLO,"Diamondback Energy, Inc.",Valero Energy Corporation,-1.93170093098802,0.3172980484450006,0.05,,False,0.3812546603001315,3.1505153699254222,,,,,,,,,,,,,,
US_OIL_GAS,CVX,MPC,Chevron Corporation,Marathon Petroleum Corporation,-1.927802367113701,0.31909713046156774,0.05,,False,0.5994767528471229,1.9300525121424683,,,,,,,,,,,,,,
US_OIL_GAS,COP,MPC,ConocoPhillips,Marathon Petroleum Corporation,-1.885370616781257,0.3389742199743802,0.05,,False,0.4874481190316301,2.079140504901817,,,,,,,,,,,,,,
US_OIL_GAS,MPC,OXY,Marathon Petroleum Corporation,Occidental Petroleum Corporatio,-1.88097683062025,0.3410624424154901,0.05,,False,1.8054997445765575,-1.8299242153018236,,,,,,,,,,,,,,
US_OIL_GAS,CVX,OXY,Chevron Corporation,Occidental Petroleum Corporatio,-1.8771911117852482,0.34286602166266134,0.05,,False,0.7572656834356348,2.088096832724141,,,,,,,,,,,,,,
US_OIL_GAS,APA,MPC,APA Corporation,Marathon Petroleum Corporation,-1.8135004921061815,0.3737799722589731,0.05,,False,1.4697879329334942,-4.396930779783043,,,,,,,,,,,,,,
US_OIL_GAS,OXY,PSX,Occidental Petroleum Corporatio,Phillips 66,-1.8070565204520803,0.3769639977449798,0.05,,False,0.8463125372301431,-0.2520894016839126,,,,,,,,,,,,,,
US_OIL_GAS,FANG,PSX,"Diamondback Energy, Inc.",Phillips 66,-1.7605096938913463,0.4002361724305638,0.05,,False,0.859900026084865,0.8889863244135379,,,,,,,,,,,,,,
US_OIL_GAS,EOG,MPC,"EOG Resources, Inc.",Marathon Petroleum Corporation,-1.7367180379040417,0.41230038773419764,0.05,,False,0.27001864752658167,3.3753641811373374,,,,,,,,,,,,,,
US_OIL_GAS,FANG,MPC,"Diamondback Energy, Inc.",Marathon Petroleum Corporation,-1.6613253011341595,0.4511408473786713,0.05,,False,0.5774280401635976,2.099500356852466,,,,,,,,,,,,,,
US_OIL_GAS,CVX,FANG,Chevron Corporation,"Diamondback Energy, Inc.",-1.5777451131740536,0.4947624764768445,0.05,,False,0.7543322107573239,1.1888638347609333,,,,,,,,,,,,,,
US_PAYMENTS,AXP,SYF,American Express Company,Synchrony Financial,-2.9870115359614466,0.03612529184710422,0.05,,False,0.7013790890876275,2.795839830864715,,,,,,,,,,,,,,
US_PAYMENTS,SYF,V,Synchrony Financial,Visa Inc.,-1.7143235483792985,0.4237480739594903,0.05,,False,2.643795964292409,-11.097063522900292,,,,,,,,,,,,,,
US_PAYMENTS,MA,SYF,Mastercard Incorporated,Synchrony Financial,-1.66166364741799,0.45096481511483644,0.05,,False,0.28887021612171593,5.066149360007207,,,,,,,,,,,,,,
US_PAYMENTS,MA,V,Mastercard Incorporated,Visa Inc.,-1.6507210305415434,0.4566644130665798,0.05,,False,0.8059887643000166,1.6170022529332426,,,,,,,,,,,,,,
US_PAYMENTS,AXP,V,American Express Company,Visa Inc.,-1.624326467979089,0.47046183487086335,0.05,,False,1.6216816352264463,-3.6473276512248622,,,,,,,,,,,,,,
US_PAYMENTS,AXP,MA,American Express Company,Mastercard Incorporated,-1.4288197860674987,0.568384248776117,0.05,,False,2.1176717510043384,-7.562068629534026,,,,,,,,,,,,,,
US_PHARMA,MRK,PFE,"Merck & Company, Inc.","Pfizer, Inc.",-4.564695896105351,0.00014997124379461673,0.05,0.00014997124379461673,True,2.6111555495412,-3.734531260726677,9.55313717396296,-0.0003536302460553451,-0.07255702162940939,29.0,1.3215150343791047,3.810385750333211,False,,0.2,0.014124248963926441,0.23051260568215204,0.2983236927993096,False,still diverging
US_PHARMA,AMGN,LLY,Amgen Inc.,Eli Lilly and Company,-3.5491903644859306,0.006810082225827124,0.05,0.00014997124379461673,False,0.7224539257110728,0.8180868647382171,,,,,,,,,,,,,,
US_PHARMA,BMY,MRK,Bristol-Myers Squibb Company,"Merck & Company, Inc.",-3.3063648748398315,0.01459635064076982,0.05,0.00014997124379461673,False,0.49554969431112994,1.6367314759285017,,,,,,,,,,,,,,
US_PHARMA,AMGN,PFE,Amgen Inc.,"Pfizer, Inc.",-3.2635797395641464,0.016587052905126715,0.05,0.00014997124379461673,False,1.6568616452664815,0.4427712457574593,,,,,,,,,,,,,,
US_PHARMA,AMGN,MRK,Amgen Inc.,"Merck & Company, Inc.",-3.185139295048919,0.02086115116412752,0.05,0.00014997124379461673,False,0.5376723410720541,3.2538191678589437,,,,,,,,,,,,,,
US_PHARMA,BMY,LLY,Bristol-Myers Squibb Company,Eli Lilly and Company,-3.0607490377284705,0.029597621836801216,0.05,0.00014997124379461673,False,0.8847493294462068,-2.0885111776475136,,,,,,,,,,,,,,
US_PHARMA,AMGN,JNJ,Amgen Inc.,Johnson & Johnson,-3.0270563511663773,0.032443773674275055,0.05,0.00014997124379461673,False,0.4841645002242433,3.211067567405831,,,,,,,,,,,,,,
US_PHARMA,LLY,PFE,Eli Lilly and Company,"Pfizer, Inc.",-3.023827670082212,0.03272832096745068,0.05,0.00014997124379461673,False,2.642991604771095,-1.629637010996162,,,,,,,,,,,,,,
US_PHARMA,LLY,MRK,Eli Lilly and Company,"Merck & Company, Inc.",-2.9345599497391754,0.041474225952281125,0.05,0.00014997124379461673,False,0.7631263579031242,3.285367012651974,,,,,,,,,,,,,,
US_PHARMA,ABBV,JNJ,AbbVie Inc.,Johnson & Johnson,-2.884256844637546,0.047209579549118454,0.05,0.00014997124379461673,False,0.5531983707061715,2.412768229039896,,,,,,,,,,,,,,
US_PHARMA,JNJ,PFE,Johnson & Johnson,"Pfizer, Inc.",-2.8294857112053133,0.054183815052022376,0.05,0.00014997124379461673,False,4.5031613994608595,-9.15040367418565,,,,,,,,,,,,,,
US_PHARMA,JNJ,LLY,Johnson & Johnson,Eli Lilly and Company,-2.8175215834129186,0.05581419451095856,0.05,0.00014997124379461673,False,1.6514821064196312,-6.019911678690685,,,,,,,,,,,,,,
US_PHARMA,ABBV,LLY,AbbVie Inc.,Eli Lilly and Company,-2.753118234254487,0.06528881341219606,0.05,0.00014997124379461673,False,0.7483222700339546,0.20027930922539028,,,,,,,,,,,,,,
US_PHARMA,ABBV,GILD,AbbVie Inc.,"Gilead Sciences, Inc.",-2.648594558912575,0.08336380343057986,0.05,0.00014997124379461673,False,0.4437128192227744,3.20363005995179,,,,,,,,,,,,,,
US_PHARMA,JNJ,MRK,Johnson & Johnson,"Merck & Company, Inc.",-2.640759002775631,0.08486236096435856,0.05,0.00014997124379461673,False,1.37011884475761,-1.0946554794421113,,,,,,,,,,,,,,
US_PHARMA,GILD,PFE,"Gilead Sciences, Inc.","Pfizer, Inc.",-2.452096384336272,0.127568935423231,0.05,0.00014997124379461673,False,23.693733150041723,-70.59900959592075,,,,,,,,,,,,,,
US_PHARMA,BMY,PFE,Bristol-Myers Squibb Company,"Pfizer, Inc.",-2.3821040382994094,0.14685124639849945,0.05,0.00014997124379461673,False,3.9588279192494324,-8.675794664020158,,,,,,,,,,,,,,
US_PHARMA,ABBV,PFE,AbbVie Inc.,"Pfizer, Inc.",-2.37251693145239,0.1496440004352128,0.05,0.00014997124379461673,False,3.406277137532915,-5.555090300232641,,,,,,,,,,,,,,
US_PHARMA,ABBV,MRK,AbbVie Inc.,"Merck & Company, Inc.",-2.3168600910362174,0.16658790016493585,0.05,0.00014997124379461673,False,0.19106671964446176,4.390360693630183,,,,,,,,,,,,,,
US_PHARMA,ABBV,AMGN,AbbVie Inc.,Amgen Inc.,-2.1933111830324203,0.20868206243423826,0.05,0.00014997124379461673,False,1.183495181838324,-1.4894997686244151,,,,,,,,,,,,,,
US_PHARMA,GILD,LLY,"Gilead Sciences, Inc.",Eli Lilly and Company,-2.06233851165662,0.25992552773915534,0.05,0.00014997124379461673,False,3.4115022517469917,-18.434465861759207,,,,,,,,,,,,,,
US_PHARMA,BMY,JNJ,Bristol-Myers Squibb Company,Johnson & Johnson,-2.059102691631371,0.2612742474059727,0.05,0.00014997124379461673,False,0.5037893595575579,1.3009938558328922,,,,,,,,,,,,,,
US_PHARMA,AMGN,GILD,Amgen Inc.,"Gilead Sciences, Inc.",-1.981867714792267,0.29457962523537373,0.05,0.00014997124379461673,False,0.2694691893319789,4.45441823682564,,,,,,,,,,,,,,
US_PHARMA,BMY,GILD,Bristol-Myers Squibb Company,"Gilead Sciences, Inc.",-1.914107085230331,0.32545407140322213,0.05,0.00014997124379461673,False,0.4107021578955008,1.9905262308045355,,,,,,,,,,,,,,
US_PHARMA,AMGN,BMY,Amgen Inc.,Bristol-Myers Squibb Company,-1.8501130699610993,0.3558807808677451,0.05,0.00014997124379461673,False,0.6230163897800232,3.2773243046693357,,,,,,,,,,,,,,
US_PHARMA,ABBV,BMY,AbbVie Inc.,Bristol-Myers Squibb Company,-1.5938262737657025,0.48669403388937915,0.05,0.00014997124379461673,False,0.7468736785343826,2.35205346299788,,,,,,,,,,,,,,
US_PHARMA,GILD,MRK,"Gilead Sciences, Inc.","Merck & Company, Inc.",-1.3825099701609616,0.5906317457056547,0.05,0.00014997124379461673,False,-55.61612503213192,258.067483040468,,,,,,,,,,,,,,
US_PHARMA,GILD,JNJ,"Gilead Sciences, Inc.",Johnson & Johnson,-1.1768210791732823,0.683486389537877,0.05,0.00014997124379461673,False,1.2329583983585894,-1.711371421469412,,,,,,,,,,,,,,
US_RAILROADS,CNI,CP,Canadian National Railway Compa,Canadian Pacific Kansas City Li,-3.914458927184069,0.0019309769785960278,0.05,0.0019309769785960278,True,1.2265110262273755,-0.712773813444274,16.36880226277952,-0.0003630202700982488,-0.042345626114384055,49.0,0.1329970032782942,2.736818803317864,False,,0.6,0.007533676541881011,0.35451314816674273,0.9227592556653829,False,mixed signal
US_RAILROADS,CSX,UNP,CSX Corporation,Union Pacific Corporation,-3.0979139614658484,0.026707950328165014,0.05,0.0019309769785960278,False,2.2588167748138055,-8.744171102603772,,,,,,,,,,,,,,
US_RAILROADS,CNI,UNP,Canadian National Railway Compa,Union Pacific Corporation,-2.999757684027334,0.03491703573579691,0.05,0.0019309769785960278,False,1.2383204337461777,-2.111241909988541,,,,,,,,,,,,,,
US_RAILROADS,CP,UNP,Canadian Pacific Kansas City Li,Union Pacific Corporation,-2.9189089428292756,0.0431929166640216,0.05,0.0019309769785960278,False,0.9463244552260214,-0.795956760335109,,,,,,,,,,,,,,
US_RAILROADS,CP,CSX,Canadian Pacific Kansas City Li,CSX Corporation,-2.673159898846064,0.07879904466362841,0.05,0.0019309769785960278,False,0.33961043763116366,3.148170488795087,,,,,,,,,,,,,,
US_RAILROADS,CNI,CSX,Canadian National Railway Compa,CSX Corporation,-2.559188853897486,0.10172881755984448,0.05,0.0019309769785960278,False,0.3285687359557144,3.4598203898105973,,,,,,,,,,,,,,
US_RAILROADS,CP,NSC,Canadian Pacific Kansas City Li,Norfolk Southern Corporation,-2.2028770176572543,0.20520292302161625,0.05,0.0019309769785960278,False,0.19724927891083507,3.2540661218556286,,,,,,,,,,,,,,
US_RAILROADS,NSC,UNP,Norfolk Southern Corporation,Union Pacific Corporation,-2.028325413104826,0.2742931261032523,0.05,0.0019309769785960278,False,2.579176826836448,-8.468819846782987,,,,,,,,,,,,,,
US_RAILROADS,CNI,NSC,Canadian National Railway Compa,Norfolk Southern Corporation,-1.9930721804190048,0.2896189437573384,0.05,0.0019309769785960278,False,-0.026895882575320607,4.772121004314563,,,,,,,,,,,,,,
US_RAILROADS,CSX,NSC,CSX Corporation,Norfolk Southern Corporation,-1.6692732067780265,0.44700929812613416,0.05,0.0019309769785960278,False,1.065407771267104,-2.3808945959667236,,,,,,,,,,,,,,
US_REIT,AMT,SPG,American Tower Corporation (REI,"Simon Property Group, Inc.",-3.6876977139711964,0.00428956239304797,0.05,,False,-0.5737380500458439,8.176351299106585,,,,,,,,,,,,,,
US_REIT,AMT,PLD,American Tower Corporation (REI,"Prologis, Inc.",-3.190832709654611,0.020521488074486463,0.05,,False,-0.5013477129317,7.626611001809099,,,,,,,,,,,,,,
US_REIT,AMT,DLR,American Tower Corporation (REI,"Digital Realty Trust, Inc.",-3.1509238126715635,0.02300702047530441,0.05,,False,-0.678892165156541,8.700829050005462,,,,,,,,,,,,,,
US_REIT,AMT,WELL,American Tower Corporation (REI,Welltower Inc.,-3.0164926596808925,0.03338263628380946,0.05,,False,-0.19609541454967638,6.235977290100742,,,,,,,,,,,,,,
US_REIT,AMT,O,American Tower Corporation (REI,Realty Income Corporation,-2.902457788646942,0.04506293568808856,0.05,,False,-1.3557207810976337,10.675964206030063,,,,,,,,,,,,,,
US_REIT,AMT,EQIX,American Tower Corporation (REI,"Equinix, Inc.",-2.7412915637402664,0.06716149135316558,0.05,,False,-0.3457843039359939,7.57742809123846,,,,,,,,,,,,,,
US_REIT,EQIX,PSA,"Equinix, Inc.",Public Storage,-2.7367235593338646,0.06789620199242934,0.05,,False,2.699326148847145,-8.514833162655535,,,,,,,,,,,,,,
US_REIT,PSA,WELL,Public Storage,Welltower Inc.,-2.6311097578143148,0.08673644729700175,0.05,,False,-0.048719686839922095,5.894919775903237,,,,,,,,,,,,,,
US_REIT,DLR,SPG,"Digital Realty Trust, Inc.","Simon Property Group, Inc.",-2.5637223521935777,0.10072928717043422,0.05,,False,0.7627794953566609,1.1926887311070988,,,,,,,,,,,,,,
US_REIT,O,PLD,Realty Income Corporation,"Prologis, Inc.",-2.4578651637346467,0.12606556673235803,0.05,,False,0.6240028227113193,1.043457530836902,,,,,,,,,,,,,,
US_REIT,PSA,SPG,Public Storage,"Simon Property Group, Inc.",-2.4288340991850377,0.13376300836056754,0.05,,False,0.09080472235356744,5.186192127240816,,,,,,,,,,,,,,
US_REIT,DLR,PSA,"Digital Realty Trust, Inc.",Public Storage,-2.3868156902537443,0.1454922119020115,0.05,,False,3.3894328544348675,-14.063622666072956,,,,,,,,,,,,,,
US_REIT,PLD,PSA,"Prologis, Inc.",Public Storage,-2.3674401727110808,0.15113780305715524,0.05,,False,5.125729569604958,-24.214769170973177,,,,,,,,,,,,,,
US_REIT,DLR,WELL,"Digital Realty Trust, Inc.",Welltower Inc.,-2.290243250557595,0.1751340289174565,0.05,,False,0.28903755205600806,3.629733363830181,,,,,,,,,,,,,,
US_REIT,DLR,O,"Digital Realty Trust, Inc.",Realty Income Corporation,-2.2854469093253447,0.17670459949820166,0.05,,False,1.432808916804334,-0.6508348959389307,,,,,,,,,,,,,,
US_REIT,O,WELL,Realty Income Corporation,Welltower Inc.,-2.2160631579642476,0.20046719683186603,0.05,,False,0.2886385491024959,2.5498769631873905,,,,,,,,,,,,,,
US_REIT,O,SPG,Realty Income Corporation,"Simon Property Group, Inc.",-2.2067975086065412,0.2037876103791858,0.05,,False,0.6068409740905559,0.9065973285714843,,,,,,,,,,,,,,
US_REIT,PLD,SPG,"Prologis, Inc.","Simon Property Group, Inc.",-2.192944410383498,0.20881618788297646,0.05,,False,0.9929200288263684,-0.3235467641829901,,,,,,,,,,,,,,
US_REIT,DLR,PLD,"Digital Realty Trust, Inc.","Prologis, Inc.",-2.139472602330617,0.22894141575890598,0.05,,False,0.6518463217599431,1.9932489185398001,,,,,,,,,,,,,,
US_REIT,SPG,WELL,"Simon Property Group, Inc.",Welltower Inc.,-2.116726863505405,0.23784205462014263,0.05,,False,0.47995193846390705,2.686216744497189,,,,,,,,,,,,,,
US_REIT,EQIX,SPG,"Equinix, Inc.","Simon Property Group, Inc.",-2.012265196271898,0.28122126715123064,0.05,,False,0.9838000340236651,1.7147688533165804,,,,,,,,,,,,,,
US_REIT,EQIX,O,"Equinix, Inc.",Realty Income Corporation,-2.0029877610947198,0.2852646086074535,0.05,,False,2.119754616688247,-1.7509664854460008,,,,,,,,,,,,,,
US_REIT,DLR,EQIX,"Digital Realty Trust, Inc.","Equinix, Inc.",-2.0021680882150377,0.28562327792952874,0.05,,False,0.7810495129825443,-0.17529513277652597,,,,,,,,,,,,,,
US_REIT,AMT,PSA,American Tower Corporation (REI,Public Storage,-1.7980604182253683,0.3814250664360686,0.05,,False,1.6766603205488844,-4.223934614511631,,,,,,,,,,,,,,
US_REIT,EQIX,PLD,"Equinix, Inc.","Prologis, Inc.",-1.7646168109285199,0.3981644947290106,0.05,,False,0.991528975073647,2.0319570101535422,,,,,,,,,,,,,,
US_REIT,O,PSA,Realty Income Corporation,Public Storage,-1.7599348285499186,0.40052640655478555,0.05,,False,1.7683720029765722,-5.987174936994093,,,,,,,,,,,,,,
US_REIT,PLD,WELL,"Prologis, Inc.",Welltower Inc.,-1.6983063851201938,0.4319852887972623,0.05,,False,0.3954550191380075,2.752044200687335,,,,,,,,,,,,,,
US_REIT,EQIX,WELL,"Equinix, Inc.",Welltower Inc.,-1.0478218070416603,0.7354254931632122,0.05,,False,0.2638985107271144,5.406303227036145,,,,,,,,,,,,,,
US_RETAIL,BBY,KR,"Best Buy Co., Inc.",Kroger Company (The),-3.524615530458161,0.007376967205989783,0.05,,False,-1.179734849848539,9.125277184757373,,,,,,,,,,,,,,
US_RETAIL,BBY,COST,"Best Buy Co., Inc.",Costco Wholesale Corporation,-3.4626151324348307,0.009000757498893088,0.05,,False,-3.3098655005302593,26.91615822021314,,,,,,,,,,,,,,
US_RETAIL,KR,TGT,Kroger Company (The),Target Corporation,-3.224366167461167,0.018616888567959674,0.05,,False,-0.5062930011246832,6.506288404797507,,,,,,,,,,,,,,
US_RETAIL,BBY,DLTR,"Best Buy Co., Inc.","Dollar Tree, Inc.",-3.219400530785681,0.018888808729011306,0.05,,False,-0.3547191637345329,5.866476120008813,,,,,,,,,,,,,,
US_RETAIL,COST,KR,Costco Wholesale Corporation,Kroger Company (The),-3.189447748571096,0.0206036677987045,0.05,,False,0.4719785726307128,4.898614274458413,,,,,,,,,,,,,,
US_RETAIL,BBY,WMT,"Best Buy Co., Inc.",Walmart Inc.,-3.1689477847177,0.02185394342494717,0.05,,False,-0.5305804759928154,6.685864346827522,,,,,,,,,,,,,,
US_RETAIL,DG,WMT,Dollar General Corporation,Walmart Inc.,-3.1476781859761913,0.02322015529580065,0.05,,False,1.546691531258204,-2.460828196437678,,,,,,,,,,,,,,
US_RETAIL,BBY,DG,"Best Buy Co., Inc.",Dollar General Corporation,-3.067210964441615,0.029076818349503108,0.05,,False,-0.3683044240123355,5.958148754686651,,,,,,,,,,,,,,
US_RETAIL,DG,DLTR,Dollar General Corporation,"Dollar Tree, Inc.",-3.047049387319321,0.03072811752196084,0.05,,False,1.0407327525901195,-0.10254159518358907,,,,,,,,,,,,,,
US_RETAIL,DLTR,WMT,"Dollar Tree, Inc.",Walmart Inc.,-2.793913669897236,0.05914843014735959,0.05,,False,1.3674366924777592,-1.7232699352105234,,,,,,,,,,,,,,
US_RETAIL,COST,TGT,Costco Wholesale Corporation,Target Corporation,-2.760228089928817,0.06418331194557994,0.05,,False,-0.09768001495511461,7.3045999485714965,,,,,,,,,,,,,,
US_RETAIL,COST,ROST,Costco Wholesale Corporation,"Ross Stores, Inc.",-2.73195085793334,0.0686706756867037,0.05,,False,0.12041273120448127,6.235612628306132,,,,,,,,,,,,,,
US_RETAIL,COST,WMT,Costco Wholesale Corporation,Walmart Inc.,-2.6891034760686776,0.07594289840560842,0.05,,False,0.24330903497296838,5.732663201771318,,,,,,,,,,,,,,
US_RETAIL,COST,DLTR,Costco Wholesale Corporation,"Dollar Tree, Inc.",-2.672561720660078,0.07890782132601415,0.05,,False,0.006531515657275345,6.815356479624277,,,,,,,,,,,,,,
US_RETAIL,DLTR,KR,"Dollar Tree, Inc.",Kroger Company (The),-2.664055771352348,0.08046737469939436,0.05,,False,4.71613332496377,-14.920244746007064,,,,,,,,,,,,,,
US_RETAIL,COST,DG,Costco Wholesale Corporation,Dollar General Corporation,-2.6625726093901023,0.08074176318912324,0.05,,False,-0.006698999324500847,6.875810892485533,,,,,,,,,,,,,,
US_RETAIL,BBY,TJX,"Best Buy Co., Inc.","TJX Companies, Inc. (The)",-2.6481829889021125,0.08344200036815436,0.05,,False,-0.9003690011067105,8.647164242649641,,,,,,,,,,,,,,
US_RETAIL,DG,KR,Dollar General Corporation,Kroger Company (The),-2.6064350095808972,0.09167456214153658,0.05,,False,6.389584662858207,-21.739229198392515,,,,,,,,,,,,,,
US_RETAIL,TJX,WMT,"TJX Companies, Inc. (The)",Walmart Inc.,-2.6003285297609415,0.0929293860273111,0.05,,False,0.6910771809433464,1.713027648261035,,,,,,,,,,,,,,
US_RETAIL,DLTR,TJX,"Dollar Tree, Inc.","TJX Companies, Inc. (The)",-2.539866822618576,0.10607309479348659,0.05,,False,2.1162875005482644,-5.783185226272344,,,,,,,,,,,,,,
US_RETAIL,COST,TJX,Costco Wholesale Corporation,"TJX Companies, Inc. (The)",-2.466630838073859,0.12380591152370679,0.05,,False,0.26414040505412356,5.557977545558725,,,,,,,,,,,,,,
US_RETAIL,BBY,ROST,"Best Buy Co., Inc.","Ross Stores, Inc.",-2.3374458098381425,0.16017512918513832,0.05,,False,-0.41037760779291654,6.336969947454744,,,,,,,,,,,,,,
US_RETAIL,DG,TJX,Dollar General Corporation,"TJX Companies, Inc. (The)",-2.312784181605496,0.16787796325873455,0.05,,False,2.355838043120999,-6.868440121617952,,,,,,,,,,,,,,
US_RETAIL,BBY,TGT,"Best Buy Co., Inc.",Target Corporation,-2.2690229934631145,0.18215334580232678,0.05,,False,0.520563740351249,1.8106530761064294,,,,,,,,,,,,,,
US_RETAIL,KR,ROST,Kroger Company (The),"Ross Stores, Inc.",-1.9989696439525875,0.2870250570562698,0.05,,False,0.2578843304340293,2.818780748834985,,,,,,,,,,,,,,
US_RETAIL,ROST,WMT,"Ross Stores, Inc.",Walmart Inc.,-1.9588416816529683,0.30490588745687186,0.05,,False,0.9529929600168761,0.7037142216230903,,,,,,,,,,,,,,
US_RETAIL,KR,WMT,Kroger Company (The),Walmart Inc.,-1.8906635362981856,0.33646594471256397,0.05,,False,0.5146846270992373,1.770899969007174,,,,,,,,,,,,,,
US_RETAIL,DLTR,TGT,"Dollar Tree, Inc.",Target Corporation,-1.866781412999558,0.3478458526771043,0.05,,False,-1.842336034054519,13.197652220055113,,,,,,,,,,,,,,
US_RETAIL,ROST,TJX,"Ross Stores, Inc.","TJX Companies, Inc. (The)",-1.853725244531566,0.3541332813546416,0.05,,False,1.4348570015175253,-1.9307103397002239,,,,,,,,,,,,,,
US_RETAIL,DG,TGT,Dollar General Corporation,Target Corporation,-1.7997268867838674,0.3805972951667754,0.05,,False,-2.609325297926502,16.8888964590378,,,,,,,,,,,,,,
US_RETAIL,TGT,WMT,Target Corporation,Walmart Inc.,-1.4373369435800434,0.5642512851011738,0.05,,False,-0.8648438964255477,8.659434753445305,,,,,,,,,,,,,,
US_RETAIL,KR,TJX,Kroger Company (The),"TJX Companies, Inc. (The)",-1.3690988424172084,0.5969976289291531,0.05,,False,0.7585480195419865,0.42791789423783966,,,,,,,,,,,,,,
US_RETAIL,DLTR,ROST,"Dollar Tree, Inc.","Ross Stores, Inc.",-1.3371677190500446,0.6120012278208953,0.05,,False,1.4272613909883014,-2.6944352574378687,,,,,,,,,,,,,,
US_RETAIL,DG,ROST,Dollar General Corporation,"Ross Stores, Inc.",-1.3324204053089466,0.614212550202196,0.05,,False,1.5049422506842447,-3.005628900251981,,,,,,,,,,,,,,
US_RETAIL,ROST,TGT,"Ross Stores, Inc.",Target Corporation,-1.0971168693668991,0.7162202937292972,0.05,,False,1.1150330439643357,-0.1869613700089765,,,,,,,,,,,,,,
US_RETAIL,TGT,TJX,Target Corporation,"TJX Companies, Inc. (The)",-0.9347026126389479,0.7763296924967042,0.05,,False,-2.1690549240622166,15.274006218814026,,,,,,,,,,,,,,
US_SEMICONDUCTORS,ADI,MU,"Analog Devices, Inc.","Micron Technology, Inc.",-3.619412403708294,0.0054005670816041915,0.05,,False,0.29980412617055663,3.97477672257608,,,,,,,,,,,,,,
US_SEMICONDUCTORS,ON,QCOM,ON Semiconductor Corporation,QUALCOMM Incorporated,-3.5004623207807923,0.007975228620059331,0.05,,False,3.243661961378422,-12.337991385642415,,,,,,,,,,,,,,
US_SEMICONDUCTORS,AVGO,NVDA,Broadcom Inc.,NVIDIA Corporation,-3.474152887724414,0.008676251790792636,0.05,,False,1.6219733548839579,-2.6262730790795414,,,,,,,,,,,,,,
US_SEMICONDUCTORS,MRVL,QCOM,"Marvell Technology, Inc.",QUALCOMM Incorporated,-3.2888147404316617,0.015385919561560444,0.05,,False,4.8928643684873885,-20.336288959164758,,,,,,,,,,,,,,
US_SEMICONDUCTORS,ADI,INTC,"Analog Devices, Inc.",Intel Corporation,-3.1550571141128887,0.022738044013267983,0.05,,False,0.4194490698825354,4.066731604768182,,,,,,,,,,,,,,
US_SEMICONDUCTORS,QCOM,TXN,QUALCOMM Incorporated,Texas Instruments Incorporated,-3.1422783444723708,0.023578535547258528,0.05,,False,0.6453314684505922,1.6774681699716805,,,,,,,,,,,,,,
US_SEMICONDUCTORS,AMD,QCOM,"Advanced Micro Devices, Inc.",QUALCOMM Incorporated,-3.0954886289219696,0.026888856561431404,0.05,,False,5.644551187456398,-23.471093094400697,,,,,,,,,,,,,,
US_SEMICONDUCTORS,INTC,MU,Intel Corporation,"Micron Technology, Inc.",-3.0916198879665835,0.02717960220175419,0.05,,False,0.6926657046993047,-0.10645854301223512,,,,,,,,,,,,,,
US_SEMICONDUCTORS,INTC,QCOM,Intel Corporation,QUALCOMM Incorporated,-2.884402700352172,0.04719204703651007,0.05,,False,8.60198894344625,-40.16175810499934,,,,,,,,,,,,,,
US_SEMICONDUCTORS,AMD,INTC,"Advanced Micro Devices, Inc.",Intel Corporation,-2.676963984623179,0.078110035316723,0.05,,False,0.7911640965621453,2.419832205675931,,,,,,,,,,,,,,
US_SEMICONDUCTORS,MU,QCOM,"Micron Technology, Inc.",QUALCOMM Incorporated,-2.662681108293418,0.08072166585839358,0.05,,False,17.070828875434685,-81.402862043352,,,,,,,,,,,,,,
US_SEMICONDUCTORS,ADI,QCOM,"Analog Devices, Inc.",QUALCOMM Incorporated,-2.647784254823283,0.08351781298449024,0.05,,False,4.265980176709565,-16.112951347181117,,,,,,,,,,,,,,
US_SEMICONDUCTORS,AMD,MPWR,"Advanced Micro Devices, Inc.","Monolithic Power Systems, Inc.",-2.6316838389215413,0.0866240589686168,0.05,,False,1.397524573053622,-4.291915187090423,,,,,,,,,,,,,,
US_SEMICONDUCTORS,MPWR,QCOM,"Monolithic Power Systems, Inc.",QUALCOMM Incorporated,-2.609934752834496,0.09096129122810309,0.05,,False,5.227421627726926,-19.74626814149757,,,,,,,,,,,,,,
US_SEMICONDUCTORS,INTC,MPWR,Intel Corporation,"Monolithic Power Systems, Inc.",-2.5849138759689225,0.09615552127662386,0.05,,False,1.801229298836436,-8.71816745588246,,,,,,,,,,,,,,
US_SEMICONDUCTORS,NVDA,QCOM,NVIDIA Corporation,QUALCOMM Incorporated,-2.497335427689685,0.11612399081742847,0.05,,False,5.103513685792946,-20.837270963312903,,,,,,,,,,,,,,
US_SEMICONDUCTORS,ON,TXN,ON Semiconductor Corporation,Texas Instruments Incorporated,-2.4434479113251313,0.12984704739509212,0.05,,False,1.8858615366615672,-5.807452166276997,,,,,,,,,,,,,,
US_SEMICONDUCTORS,MRVL,TXN,"Marvell Technology, Inc.",Texas Instruments Incorporated,-2.4346597510168184,0.13219190680383286,0.05,,False,2.6742507217941984,-9.589925295625136,,,,,,,,,,,,,,
US_SEMICONDUCTORS,AMD,TXN,"Advanced Micro Devices, Inc.",Texas Instruments Incorporated,-2.3979336626086596,0.14232046670497367,0.05,,False,3.3711495519006824,-12.576502113372207,,,,,,,,,,,,,,
US_SEMICONDUCTORS,ADI,AMD,"Analog Devices, Inc.","Advanced Micro Devices, Inc.",-2.3506845013106568,0.15614159180098613,0.05,,False,0.5092917134211872,2.8909701977134423,,,,,,,,,,,,,,
US_SEMICONDUCTORS,AVGO,QCOM,Broadcom Inc.,QUALCOMM Incorporated,-2.3316228043864546,0.16197169200443334,0.05,,False,16.60406584838568,-78.61786847751074,,,,,,,,,,,,,,
US_SEMICONDUCTORS,AVGO,SWKS,Broadcom Inc.,"Skyworks Solutions, Inc.",-2.28596165742437,0.17653559714096728,0.05,,False,-2.6869059983798502,17.029670997752433,,,,,,,,,,,,,,
US_SEMICONDUCTORS,NVDA,SWKS,NVIDIA Corporation,"Skyworks Solutions, Inc.",-2.252365537930144,0.18779130051152365,0.05,,False,-1.4472246489294567,11.22213782248802,,,,,,,,,,,,,,
US_SEMICONDUCTORS,ADI,MPWR,"Analog Devices, Inc.","Monolithic Power Systems, Inc.",-2.155705996608198,0.22271236855400983,0.05,,False,0.7259406619591422,0.6094153268350988,,,,,,,,,,,,,,
US_SEMICONDUCTORS,AMD,MU,"Advanced Micro Devices, Inc.","Micron Technology, Inc.",-2.1530707431216007,0.2237165368129243,0.05,,False,0.5408808365159476,2.372009745665492,,,,,,,,,,,,,,
US_SEMICONDUCTORS,MU,TXN,"Micron Technology, Inc.",Texas Instruments Incorporated,-2.1303778447697597,0.23247622257826556,0.05,,False,6.494355033887878,-29.011876659534128,,,,,,,,,,,,,,
US_SEMICONDUCTORS,MPWR,MU,"Monolithic Power Systems, Inc.","Micron Technology, Inc.",-2.0665626564989514,0.25817067435393504,0.05,,False,0.3841729135432658,4.782950918682669,,,,,,,,,,,,,,
US_SEMICONDUCTORS,INTC,SWKS,Intel Corporation,"Skyworks Solutions, Inc.",-2.055926633877358,0.26260179941988826,0.05,,False,-8.107138065769384,38.14413451609215,,,,,,,,,,,,,,
US_SEMICONDUCTORS,MPWR,SWKS,"Monolithic Power Systems, Inc.","Skyworks Solutions, Inc.",-2.0556423485749176,0.2627208074555911,0.05,,False,-7.1571751953244735,37.3910405825103,,,,,,,,,,,,,,
US_SEMICONDUCTORS,MRVL,ON,"Marvell Technology, Inc.",ON Semiconductor Corporation,-2.045958000232589,0.2667925135137509,0.05,,False,1.3691684398831385,-1.1542535609671951,,,,,,,,,,,,,,
US_SEMICONDUCTORS,MU,SWKS,"Micron Technology, Inc.","Skyworks Solutions, Inc.",-2.0227625816503307,0.2766825371538424,0.05,,False,-9.23731415698645,44.658855047596006,,,,,,,,,,,,,,
US_SEMICONDUCTORS,AMD,SWKS,"Advanced Micro Devices, Inc.","Skyworks Solutions, Inc.",-2.0189420961483973,0.278329902924243,0.05,,False,-14.77120923442064,68.38331459483385,,,,,,,,,,,,,,
US_SEMICONDUCTORS,MRVL,SWKS,"Marvell Technology, Inc.","Skyworks Solutions, Inc.",-1.9969821950922635,0.28789786711255905,0.05,,False,-31.672267372306177,140.07916677945644,,,,,,,,,,,,,,
US_SEMICONDUCTORS,ADI,NVDA,"Analog Devices, Inc.",NVIDIA Corporation,-1.9510692338175166,0.3084307015759763,0.05,,False,1.0036280637134218,0.4618308980338748,,,,,,,,,,,,,,
US_SEMICONDUCTORS,AMD,ON,"Advanced Micro Devices, Inc.",ON Semiconductor Corporation,-1.939938278362885,0.31351229731047814,0.05,,False,1.7426932775543404,-2.011093109478179,,,,,,,,,,,,,,
US_SEMICONDUCTORS,MU,NVDA,"Micron Technology, Inc.",NVIDIA Corporation,-1.9355831491549291,0.31551120001506194,0.05,,False,3.7907185552664613,-13.94413369868338,,,,,,,,,,,,,,
US_SEMICONDUCTORS,MPWR,NVDA,"Monolithic Power Systems, Inc.",NVIDIA Corporation,-1.9084864200625755,0.32807942318813443,0.05,,False,1.4722796951763524,-0.6543508057214682,,,,,,,,,,,,,,
US_SEMICONDUCTORS,INTC,TXN,Intel Corporation,Texas Instruments Incorporated,-1.8917946890740869,0.3359309390296562,0.05,,False,4.195298450073149,-18.609627638298782,,,,,,,,,,,,,,
US_SEMICONDUCTORS,ADI,SWKS,"Analog Devices, Inc.","Skyworks Solutions, Inc.",-1.8319845341055954,0.36470181606657437,0.05,,False,-1.5687796277038046,12.222698192378443,,,,,,,,,,,,,,
US_SEMICONDUCTORS,INTC,NVDA,Intel Corporation,NVIDIA Corporation,-1.824508251028487,0.36836369019778425,0.05,,False,2.8056956096020627,-10.669578814985735,,,,,,,,,,,,,,
US_SEMICONDUCTORS,INTC,MRVL,Intel Corporation,"Marvell Technology, Inc.",-1.816834643392572,0.3721363691836569,0.05,,False,1.6997136346965107,-4.148995367019712,,,,,,,,,,,,,,
US_SEMICONDUCTORS,ADI,TXN,"Analog Devices, Inc.",Texas Instruments Incorporated,-1.7967120347699295,0.38209529463871694,0.05,,False,1.5283329274084696,-2.523552530139546,,,,,,,,,,,,,,
US_SEMICONDUCTORS,AMD,NVDA,"Advanced Micro Devices, Inc.",NVIDIA Corporation,-1.7513455831701819,0.40487051105311983,0.05,,False,2.0417642391563855,-5.127075876867272,,,,,,,,,,,,,,
US_SEMICONDUCTORS,AVGO,MU,Broadcom Inc.,"Micron Technology, Inc.",-1.7011646522875417,0.43051251309358884,0.05,,False,0.41900585729294976,3.3854462732210404,,,,,,,,,,,,,,
US_SEMICONDUCTORS,NVDA,ON,NVIDIA Corporation,ON Semiconductor Corporation,-1.6721908433639572,0.4454945241254972,0.05,,False,0.56679401553682,2.7015644382748047,,,,,,,,,,,,,,
US_SEMICONDUCTORS,AVGO,INTC,Broadcom Inc.,Intel Corporation,-1.6126571928974185,0.47658088759368916,0.05,,False,0.6029512327434425,3.4565893022745717,,,,,,,,,,,,,,
US_SEMICONDUCTORS,MPWR,ON,"Monolithic Power Systems, Inc.",ON Semiconductor Corporation,-1.6075404415898098,0.479804678695294,0.05,,False,1.1346964136058018,2.0923727375983177,,,,,,,,,,,,,,
US_SEMICONDUCTORS,INTC,ON,Intel Corporation,ON Semiconductor Corporation,-1.5255610755390703,0.5208308871565241,0.05,,False,2.450876459884164,-6.617928958386896,,,,,,,,,,,,,,
US_SEMICONDUCTORS,ADI,MRVL,"Analog Devices, Inc.","Marvell Technology, Inc.",-1.504233750078664,0.5314159332743543,0.05,,False,0.5540095915782408,3.0350658811107993,,,,,,,,,,,,,,
US_SEMICONDUCTORS,ADI,ON,"Analog Devices, Inc.",ON Semiconductor Corporation,-1.4935088449712641,0.5367199417087302,0.05,,False,0.7346519754483405,2.4934959335620204,,,,,,,,,,,,,,
US_SEMICONDUCTORS,AMD,MRVL,"Advanced Micro Devices, Inc.","Marvell Technology, Inc.",-1.4863077625126369,0.5402734926131649,0.05,,False,1.28056988700746,-0.576537914264037,,,,,,,,,,,,,,
US_SEMICONDUCTORS,MU,ON,"Micron Technology, Inc.",ON Semiconductor Corporation,-1.4326210880795462,0.5665411425716567,0.05,,False,4.125022727550086,-11.805752937333747,,,,,,,,,,,,,,
US_SEMICONDUCTORS,AVGO,MPWR,Broadcom Inc.,"Monolithic Power Systems, Inc.",-1.4135750713292132,0.5757510339829346,0.05,,False,1.2586852620746998,-2.964276795483914,,,,,,,,,,,,,,
US_SEMICONDUCTORS,QCOM,SWKS,QUALCOMM Incorporated,"Skyworks Solutions, Inc.",-1.3896930926633577,0.5872072834198044,0.05,,False,0.4717059272968752,3.047723958423932,,,,,,,,,,,,,,
US_SEMICONDUCTORS,MPWR,TXN,"Monolithic Power Systems, Inc.",Texas Instruments Incorporated,-1.3545414576287518,0.6038652560278353,0.05,,False,2.339735481759172,-5.547215046200798,,,,,,,,,,,,,,
US_SEMICONDUCTORS,AMD,AVGO,"Advanced Micro Devices, Inc.",Broadcom Inc.,-1.2994318205708952,0.6294322163547065,0.05,,False,1.2309388539125183,-1.6670871233739195,,,,,,,,,,,,,,
US_SEMICONDUCTORS,NVDA,TXN,NVIDIA Corporation,Texas Instruments Incorporated,-1.2240455940217494,0.6631673276817419,0.05,,False,1.9072307531695682,-4.994066588682859,,,,,,,,,,,,,,
US_SEMICONDUCTORS,ADI,AVGO,"Analog Devices, Inc.",Broadcom Inc.,-1.2226059747215106,0.6637963878908966,0.05,,False,0.5581964930791233,2.4215171268381366,,,,,,,,,,,,,,
US_SEMICONDUCTORS,ON,SWKS,ON Semiconductor Corporation,"Skyworks Solutions, Inc.",-1.2110241624105211,0.6688355077129243,0.05,,False,2.2962927959344235,-5.733234483659151,,,,,,,,,,,,,,
US_SEMICONDUCTORS,MPWR,MRVL,"Monolithic Power Systems, Inc.","Marvell Technology, Inc.",-1.067507017199142,0.7278543143237216,0.05,,False,0.7990386689506049,3.181424275421845,,,,,,,,,,,,,,
US_SEMICONDUCTORS,MRVL,MU,"Marvell Technology, Inc.","Micron Technology, Inc.",-0.9897119781934016,0.7569981015586238,0.05,,False,0.36461048252068007,2.5973992535697286,,,,,,,,,,,,,,
US_SEMICONDUCTORS,MRVL,NVDA,"Marvell Technology, Inc.",NVIDIA Corporation,-0.97191920551241,0.7633678732427146,0.05,,False,2.020127505672685,-5.692767785309663,,,,,,,,,,,,,,
US_SEMICONDUCTORS,AVGO,ON,Broadcom Inc.,ON Semiconductor Corporation,-0.6162330123966463,0.8672716821217205,0.05,,False,3.290018168810684,-7.96302517535961,,,,,,,,,,,,,,
US_SEMICONDUCTORS,AVGO,TXN,Broadcom Inc.,Texas Instruments Incorporated,-0.5465316970190857,0.8826118868490972,0.05,,False,4.662912714485369,-18.971179406758587,,,,,,,,,,,,,,
US_SEMICONDUCTORS,AVGO,MRVL,Broadcom Inc.,"Marvell Technology, Inc.",-0.3515199522095768,0.9178839807662289,0.05,,False,1.047972579305936,0.8518275899216929,,,,,,,,,,,,,,
US_SEMICONDUCTORS,SWKS,TXN,"Skyworks Solutions, Inc.",Texas Instruments Incorporated,-0.011015769640839721,0.9576115531880506,0.05,,False,6.112331447697284,-27.82771640385039,,,,,,,,,,,,,,
US_STAPLES,CLX,PG,Clorox Company (The),Procter & Gamble Company (The),-4.352483183898794,0.0003598968407895195,0.05,0.0003598968407895195,True,3.326908742952611,-11.944830817427423,9.178656485264325,-0.00014893734789035783,-0.0755172809520373,28.0,-1.6606533153224918,2.2826318517127286,False,,0.2,-0.001356731486097551,0.32077964569653417,0.18116833005716848,True,mixed signal
US_STAPLES,KHC,PG,The Kraft Heinz Company,Procter & Gamble Company (The),-3.793414329507339,0.002975418302684159,0.05,0.0003598968407895195,False,2.478048787829324,-9.232524703521493,,,,,,,,,,,,,,
US_STAPLES,GIS,PG,"General Mills, Inc.",Procter & Gamble Company (The),-3.611848235085886,0.005538513311177956,0.05,0.0003598968407895195,False,4.381872517616227,-18.160670008125784,,,,,,,,,,,,,,
US_STAPLES,KMB,PG,Kimberly-Clark Corporation,Procter & Gamble Company (The),-3.5958850855533155,0.005840185134192397,0.05,0.0003598968407895195,False,2.5772730132531514,-8.223883123001121,,,,,,,,,,,,,,
US_STAPLES,KO,PG,Coca-Cola Company (The),Procter & Gamble Company (The),-3.5051387406785173,0.007856096926150117,0.05,0.0003598968407895195,False,-2.3759502836345674,16.174415513364988,,,,,,,,,,,,,,
US_STAPLES,CHD,PG,"Church & Dwight Company, Inc.",Procter & Gamble Company (The),-3.2340313261584113,0.018097408798172458,0.05,0.0003598968407895195,False,1.4915040945430025,-2.9407656312650685,,,,,,,,,,,,,,
US_STAPLES,CLX,KO,Clorox Company (The),Coca-Cola Company (The),-3.1071866955399696,0.026025892126664545,0.05,0.0003598968407895195,False,-2.4714745916298924,15.216572177382425,,,,,,,,,,,,,,
US_STAPLES,HSY,PG,The Hershey Company,Procter & Gamble Company (The),-3.0358785545397895,0.03167694569401896,0.05,0.0003598968407895195,False,-4.227393538685851,26.45020383298242,,,,,,,,,,,,,,
US_STAPLES,GIS,KO,"General Mills, Inc.",Coca-Cola Company (The),-3.0350839183262037,0.03174537882590254,0.05,0.0003598968407895195,False,-2.8641099661226126,15.965976009570463,,,,,,,,,,,,,,
US_STAPLES,HSY,KMB,The Hershey Company,Kimberly-Clark Corporation,-2.8949829387027766,0.04593453173441854,0.05,0.0003598968407895195,False,-0.6714509069924331,8.35822690084778,,,,,,,,,,,,,,
US_STAPLES,KHC,KO,The Kraft Heinz Company,Coca-Cola Company (The),-2.880639756569647,0.04764609408379001,0.05,0.0003598968407895195,False,-1.61420686441283,10.04364592349959,,,,,,,,,,,,,,
US_STAPLES,KMB,KO,Kimberly-Clark Corporation,Coca-Cola Company (The),-2.818359847036136,0.0556986755176907,0.05,0.0003598968407895195,False,-1.762951750988248,12.178499983887804,,,,,,,,,,,,,,
US_STAPLES,KHC,KMB,The Kraft Heinz Company,Kimberly-Clark Corporation,-2.679921745603542,0.07757759205738121,0.05,0.0003598968407895195,False,0.9237754249135747,-1.1460323416630924,,,,,,,,,,,,,,
US_STAPLES,CLX,KHC,Clorox Company (The),The Kraft Heinz Company,-2.6645758139756963,0.08037133851644263,0.05,0.0003598968407895195,False,1.5150363769924706,-0.10900626421387205,,,,,,,,,,,,,,
US_STAPLES,MDLZ,PG,"Mondelez International, Inc.",Procter & Gamble Company (The),-2.6085389521459232,0.09124525112123377,0.05,0.0003598968407895195,False,1.6517168650506768,-4.208833003881372,,,,,,,,,,,,,,
US_STAPLES,CHD,HSY,"Church & Dwight Company, Inc.",The Hershey Company,-2.572147715256105,0.09889147896348854,0.05,0.0003598968407895195,False,-0.34038439693362027,6.3271003826347325,,,,,,,,,,,,,,
US_STAPLES,CLX,GIS,Clorox Company (The),"General Mills, Inc.",-2.533649614430771,0.10750017032345927,0.05,0.0003598968407895195,False,0.8065239670269218,1.659196836568229,,,,,,,,,,,,,,
US_STAPLES,HSY,KHC,The Hershey Company,The Kraft Heinz Company,-2.5187958672092656,0.1109678071609645,0.05,0.0003598968407895195,False,-0.6434958624436273,7.2549174569111905,,,,,,,,,,,,,,
US_STAPLES,KMB,MDLZ,Kimberly-Clark Corporation,"Mondelez International, Inc.",-2.4918589428050013,0.11746771838029613,0.05,0.0003598968407895195,False,2.083412803928574,-3.804452688563714,,,,,,,,,,,,,,
US_STAPLES,CHD,CL,"Church & Dwight Company, Inc.",Colgate-Palmolive Company,-2.4513948575967452,0.12775263915513052,0.05,0.0003598968407895195,False,0.9885607501213262,0.15214312735096325,,,,,,,,,,,,,,
US_STAPLES,CHD,KO,"Church & Dwight Company, Inc.",Coca-Cola Company (The),-2.4046417448179156,0.14043059423213666,0.05,0.0003598968407895195,False,-0.6720739032989091,7.399474622800957,,,,,,,,,,,,,,
US_STAPLES,GIS,HSY,"General Mills, Inc.",The Hershey Company,-2.389205222540559,0.1448063630979835,0.05,0.0003598968407895195,False,-3.880870814287381,23.956278334771213,,,,,,,,,,,,,,
US_STAPLES,GIS,KHC,"General Mills, Inc.",The Kraft Heinz Company,-2.387837431204497,0.14519867047218954,0.05,0.0003598968407895195,False,1.7951209605858467,-1.9220770468895751,,,,,,,,,,,,,,
US_STAPLES,KO,MDLZ,Coca-Cola Company (The),"Mondelez International, Inc.",-2.3336503983242745,0.16134456566149702,0.05,0.0003598968407895195,False,-4.09029405923326,21.00956320797011,,,,,,,,,,,,,,
US_STAPLES,CHD,CLX,"Church & Dwight Company, Inc.",Clorox Company (The),-2.3254588898679205,0.16388837957664704,0.05,0.0003598968407895195,False,0.36053133349651995,2.8359829775144054,,,,,,,,,,,,,,
US_STAPLES,CLX,HSY,Clorox Company (The),The Hershey Company,-2.3129044546230464,0.1678397993164894,0.05,0.0003598968407895195,False,-2.7561348430367683,19.048202872394295,,,,,,,,,,,,,,
US_STAPLES,HSY,MDLZ,The Hershey Company,"Mondelez International, Inc.",-2.289314372187601,0.17543746294018386,0.05,0.0003598968407895195,False,-8.180578868713658,38.76098570040739,,,,,,,,,,,,,,
US_STAPLES,CHD,KHC,"Church & Dwight Company, Inc.",The Kraft Heinz Company,-2.2784172291655946,0.17902334768630768,0.05,0.0003598968407895195,False,0.4989197329572243,2.9500576578525157,,,,,,,,,,,,,,
US_STAPLES,CL,PG,Colgate-Palmolive Company,Procter & Gamble Company (The),-2.275525112857577,0.1799831369901851,0.05,0.0003598968407895195,False,1.5841755523920817,-3.5083468775514364,,,,,,,,,,,,,,
US_STAPLES,HSY,PEP,The Hershey Company,"Pepsico, Inc.",-2.2690455106921124,0.18214580065014996,0.05,0.0003598968407895195,False,1.4859364736801497,-2.216273555735074,,,,,,,,,,,,,,
US_STAPLES,CL,MDLZ,Colgate-Palmolive Company,"Mondelez International, Inc.",-2.261212715895171,0.18478284380088866,0.05,0.0003598968407895195,False,1.0468883739113495,0.1679205848785461,,,,,,,,,,,,,,
US_STAPLES,CLX,KMB,Clorox Company (The),Kimberly-Clark Corporation,-2.2563375048297676,0.1864367224556721,0.05,0.0003598968407895195,False,1.4119068503648644,-1.9039767924815996,,,,,,,,,,,,,,
US_STAPLES,PEP,PG,"Pepsico, Inc.",Procter & Gamble Company (The),-2.232188220580534,0.1947710445809131,0.05,0.0003598968407895195,False,4.086592558730084,-15.603515968000814,,,,,,,,,,,,,,
US_STAPLES,KHC,MDLZ,The Kraft Heinz Company,"Mondelez International, Inc.",-2.1990070865825118,0.20660602450767174,0.05,0.0003598968407895195,False,1.9487813783686123,-4.759767898597069,,,,,,,,,,,,,,
US_STAPLES,CHD,MDLZ,"Church & Dwight Company, Inc.","Mondelez International, Inc.",-2.164786244832162,0.21927326922345858,0.05,0.0003598968407895195,False,1.056905259053822,0.2278327865665526,,,,,,,,,,,,,,
US_STAPLES,GIS,KMB,"General Mills, Inc.",Kimberly-Clark Corporation,-2.119891925748597,0.23659154698092633,0.05,0.0003598968407895195,False,1.7385087973289906,-4.360459813845635,,,,,,,,,,,,,,
US_STAPLES,CL,KO,Colgate-Palmolive Company,Coca-Cola Company (The),-2.109702961227778,0.24063093422833193,0.05,0.0003598968407895195,False,-0.15698819780251827,5.12828297565069,,,,,,,,,,,,,,
US_STAPLES,CLX,MDLZ,Clorox Company (The),"Mondelez International, Inc.",-2.1049106565215925,0.24254459219008218,0.05,0.0003598968407895195,False,4.162992784867627,-12.291100781907101,,,,,,,,,,,,,,
US_STAPLES,CHD,GIS,"Church & Dwight Company, Inc.","General Mills, Inc.",-2.078114699900912,0.25340535230661054,0.05,0.0003598968407895195,False,0.21453253702736175,3.7314517041983546,,,,,,,,,,,,,,
US_STAPLES,CHD,KMB,"Church & Dwight Company, Inc.",Kimberly-Clark Corporation,-2.048813887300932,0.2655882265404331,0.05,0.0003598968407895195,False,0.4328116145037665,2.5116754343893244,,,,,,,,,,,,,,
US_STAPLES,KMB,PEP,Kimberly-Clark Corporation,"Pepsico, Inc.",-2.0391122019084085,0.2696913208759383,0.05,0.0003598968407895195,False,-10.727507178350594,58.06237129941718,,,,,,,,,,,,,,
US_STAPLES,GIS,MDLZ,"General Mills, Inc.","Mondelez International, Inc.",-2.0337293624251496,0.27198251090855685,0.05,0.0003598968407895195,False,4.887365232902331,-16.17050229299204,,,,,,,,,,,,,,
US_STAPLES,CLX,PEP,Clorox Company (The),"Pepsico, Inc.",-1.88157808865829,0.3407763627288336,0.05,0.0003598968407895195,False,11.139529502113998,-50.555266388488356,,,,,,,,,,,,,,
US_STAPLES,CL,HSY,Colgate-Palmolive Company,The Hershey Company,-1.878451680845285,0.3422650206434966,0.05,0.0003598968407895195,False,0.19954317960820125,3.4355758631962146,,,,,,,,,,,,,,
US_STAPLES,HSY,KO,The Hershey Company,Coca-Cola Company (The),-1.8502903342440589,0.35579494413840934,0.05,0.0003598968407895195,False,1.314961256508056,-0.3719147851296487,,,,,,,,,,,,,,
US_STAPLES,GIS,PEP,"General Mills, Inc.","Pepsico, Inc.",-1.8487257009690454,0.35655286995701346,0.05,0.0003598968407895195,False,11.931216008224881,-55.394474838536446,,,,,,,,,,,,,,
US_STAPLES,CL,CLX,Colgate-Palmolive Company,Clorox Company (The),-1.824148997697871,0.3685399971893615,0.05,0.0003598968407895195,False,0.2928838556351319,3.059903584591278,,,,,,,,,,,,,,
US_STAPLES,CHD,PEP,"Church & Dwight Company, Inc.","Pepsico, Inc.",-1.777218834369331,0.39182911448136126,0.05,0.0003598968407895195,False,0.8800733728004869,0.19429098806749856,,,,,,,,,,,,,,
US_STAPLES,CL,GIS,Colgate-Palmolive Company,"General Mills, Inc.",-1.716326742584509,0.4227206866802621,0.05,0.0003598968407895195,False,0.21974719137098392,3.6100743194080067,,,,,,,,,,,,,,
US_STAPLES,KHC,PEP,The Kraft Heinz Company,"Pepsico, Inc.",-1.6740851498145655,0.44451160331266376,0.05,0.0003598968407895195,False,2.7419055266493415,-10.383482698723506,,,,,,,,,,,,,,
US_STAPLES,CL,KHC,Colgate-Palmolive Company,The Kraft Heinz Company,-1.6556481393009022,0.45409644286944806,0.05,0.0003598968407895195,False,0.5412473462391238,2.7117559195484766,,,,,,,,,,,,,,
US_STAPLES,CL,PEP,Colgate-Palmolive Company,"Pepsico, Inc.",-1.6527815241565993,0.4555901839882499,0.05,0.0003598968407895195,False,0.9470564185063682,-0.23963397800018083,,,,,,,,,,,,,,
US_STAPLES,CL,KMB,Colgate-Palmolive Company,Kimberly-Clark Corporation,-1.6521633703627248,0.45591240843252273,0.05,0.0003598968407895195,False,0.4016087027026615,2.558871053135401,,,,,,,,,,,,,,
US_STAPLES,KO,PEP,Coca-Cola Company (The),"Pepsico, Inc.",-1.5753034845820795,0.49598637872173335,0.05,0.0003598968407895195,False,2.330535511034831,-7.368670906571383,,,,,,,,,,,,,,
US_STAPLES,MDLZ,PEP,"Mondelez International, Inc.","Pepsico, Inc.",-1.5712588518871204,0.49801306668486583,0.05,0.0003598968407895195,False,0.6430408412723227,0.9107409135821376,,,,,,,,,,,,,,
US_UTILITIES,PPL,WEC,PPL Corporation,"WEC Energy Group, Inc.",-4.7869522580115715,5.7599338735047995e-05,0.05,0.0012318355695443044,True,0.8050608504020602,-0.20458984149754444,7.725132177031401,-8.291079363609706e-05,-0.08972625512102325,23.0,-0.6250475934857044,2.5545201735844416,False,,0.4,0.0015180389589736416,0.5597675991300878,1.0880520400780027,True,mixed signal
US_UTILITIES,ES,FE,Eversource Energy (D/B/A),FirstEnergy Corp.,-4.03631786485981,0.0012318355695443044,0.05,0.0012318355695443044,True,0.9778735086353292,0.48799151483448044,13.013715799674483,6.184640892457858e-07,-0.05326281833950018,39.0,-1.1841155277648057,3.167251007094902,True,2026-09-15 00:00:00,0.8,-0.003803134962918932,-0.35943115341484744,-1.2695626160852616,True,reversion signs agree
US_UTILITIES,DUK,SO,Duke Energy Corporation (Holdin,Southern Company (The),-3.77995918890144,0.003119144466376334,0.05,0.0012318355695443044,False,1.1736046425513158,-0.49995332042661556,,,,,,,,,,,,,,
US_UTILITIES,PPL,XEL,PPL Corporation,Xcel Energy Inc.,-3.6788063285803827,0.004421332991695595,0.05,0.0012318355695443044,False,0.7200920013913895,0.46181441894467223,,,,,,,,,,,,,,
US_UTILITIES,AEP,PEG,American Electric Power Company,Public Service Enterprise Group,-3.6364407012009554,0.005101381323874735,0.05,0.0012318355695443044,False,9.04099127895583,-34.81250430907717,,,,,,,,,,,,,,
US_UTILITIES,FE,PEG,FirstEnergy Corp.,Public Service Enterprise Group,-3.550135354602167,0.006789091047936894,0.05,0.0012318355695443044,False,4.72698052759301,-16.912580005052387,,,,,,,,,,,,,,
US_UTILITIES,ES,PEG,Eversource Energy (D/B/A),Public Service Enterprise Group,-3.5405600810336177,0.007004517673828818,0.05,0.0012318355695443044,False,5.216718791266389,-18.64450771181869,,,,,,,,,,,,,,
US_UTILITIES,EXC,PEG,Exelon Corporation,Public Service Enterprise Group,-3.520263614305672,0.007481679157593181,0.05,0.0012318355695443044,False,5.3798468790032485,-19.774281097513423,,,,,,,,,,,,,,
US_UTILITIES,PEG,XEL,Public Service Enterprise Group,Xcel Energy Inc.,-3.5118163552755397,0.0076887605099718054,0.05,0.0012318355695443044,False,0.20078435198369948,3.5183730530148964,,,,,,,,,,,,,,
US_UTILITIES,PEG,WEC,Public Service Enterprise Group,"WEC Energy Group, Inc.",-3.4162793612234092,0.010416270903035115,0.05,0.0012318355695443044,False,0.2262148090063654,3.3245642518755707,,,,,,,,,,,,,,
US_UTILITIES,AEE,PEG,Ameren Corporation,Public Service Enterprise Group,-3.3776548502840105,0.011744615306582957,0.05,0.0012318355695443044,False,4.972621511123501,-17.174057435509035,,,,,,,,,,,,,,
US_UTILITIES,ED,PEG,"Consolidated Edison, Inc.",Public Service Enterprise Group,-3.363645892632748,0.012262400258054432,0.05,0.0012318355695443044,False,3.350151980848663,-10.043747372847161,,,,,,,,,,,,,,
US_UTILITIES,PEG,PPL,Public Service Enterprise Group,PPL Corporation,-3.338133600634078,0.013257605462586737,0.05,0.0012318355695443044,False,0.32260155121509243,3.236520526765332,,,,,,,,,,,,,,
US_UTILITIES,EXC,WEC,Exelon Corporation,"WEC Energy Group, Inc.",-3.310683312255823,0.01440763183359787,0.05,0.0012318355695443044,False,0.9436907703264847,-0.6318233435476808,,,,,,,,,,,,,,
US_UTILITIES,D,PEG,"Dominion Energy, Inc.",Public Service Enterprise Group,-3.2807052378529735,0.01576329134210856,0.05,0.0012318355695443044,False,3.3981214628459724,-10.828753726932693,,,,,,,,,,,,,,
US_UTILITIES,DUK,PEG,Duke Energy Corporation (Holdin,Public Service Enterprise Group,-3.25412682960203,0.017057741669609605,0.05,0.0012318355695443044,False,2.7057196597573374,-7.0826504871487215,,,,,,,,,,,,,,
US_UTILITIES,DUK,PPL,Duke Energy Corporation (Holdin,PPL Corporation,-3.2505257910584664,0.017240104104099072,0.05,0.0012318355695443044,False,0.8329912959842882,1.8139388417975137,,,,,,,,,,,,,,
US_UTILITIES,AEP,DUK,American Electric Power Company,Duke Energy Corporation (Holdin,-3.1488839325122493,0.02314077755764104,0.05,0.0012318355695443044,False,1.790690959385596,-3.8154400684545173,,,,,,,,,,,,,,
US_UTILITIES,PPL,SO,PPL Corporation,Southern Company (The),-3.1232965499941945,0.02487649198605352,0.05,0.0012318355695443044,False,1.4324513649709028,-2.8826916638285858,,,,,,,,,,,,,,
US_UTILITIES,PEG,SO,Public Service Enterprise Group,Southern Company (The),-3.096453097207477,0.02681679111407142,0.05,0.0012318355695443044,False,0.5339273125232578,1.9866891217478089,,,,,,,,,,,,,,
US_UTILITIES,WEC,XEL,"WEC Energy Group, Inc.",Xcel Energy Inc.,-3.0821876250027858,0.027899775892513103,0.05,0.0012318355695443044,False,0.8993939899953127,0.8069545936062927,,,,,,,,,,,,,,
US_UTILITIES,DUK,EXC,Duke Energy Corporation (Holdin,Exelon Corporation,-3.079034913601935,0.028144106728914896,0.05,0.0012318355695443044,False,0.7069727555416547,2.1060410077485177,,,,,,,,,,,,,,
US_UTILITIES,AEP,ES,American Electric Power Company,Eversource Energy (D/B/A),-3.0739330004416487,0.02854337584235944,0.05,0.0012318355695443044,False,1.5125633237375602,-1.590345148485162,,,,,,,,,,,,,,
US_UTILITIES,DUK,WEC,Duke Energy Corporation (Holdin,"WEC Energy Group, Inc.",-3.028983458135217,0.03227493788122935,0.05,0.0012318355695443044,False,0.6659051841122269,1.6651462104529493,,,,,,,,,,,,,,
US_UTILITIES,DUK,XEL,Duke Energy Corporation (Holdin,Xcel Energy Inc.,-3.0285144562984914,0.0323159588055852,0.05,0.0012318355695443044,False,0.5903910256299987,2.2384191272139105,,,,,,,,,,,,,,
US_UTILITIES,AEE,EXC,Ameren Corporation,Exelon Corporation,-3.0126454481249456,0.03373023146926673,0.05,0.0012318355695443044,False,1.1663471085316235,0.2059950235340935,,,,,,,,,,,,,,
US_UTILITIES,ES,SO,Eversource Energy (D/B/A),Southern Company (The),-3.0081910160966485,0.03413651069054547,0.05,0.0012318355695443044,False,1.5188403158233694,-2.639465432282533,,,,,,,,,,,,,,
US_UTILITIES,DUK,ES,Duke Energy Corporation (Holdin,Eversource Energy (D/B/A),-3.0064613448244732,0.03429538203259939,0.05,0.0012318355695443044,False,0.7977301024482163,1.436286165712814,,,,,,,,,,,,,,
US_UTILITIES,AEE,PPL,Ameren Corporation,PPL Corporation,-2.976280927456119,0.037169622306677655,0.05,0.0012318355695443044,False,1.3641428133333153,-0.24056035017470734,,,,,,,,,,,,,,
US_UTILITIES,AEP,D,American Electric Power Company,"Dominion Energy, Inc.",-2.946676215367726,0.040183221212405626,0.05,0.0012318355695443044,False,1.5135291161906088,-1.4095666787263044,,,,,,,,,,,,,,
US_UTILITIES,EXC,PPL,Exelon Corporation,PPL Corporation,-2.8441136877594757,0.052243485065991746,0.05,0.0012318355695443044,False,1.1792685226128479,-0.4167322049350135,,,,,,,,,,,,,,
US_UTILITIES,AEE,DUK,Ameren Corporation,Duke Energy Corporation (Holdin,-2.8216368868959436,0.055248942227323045,0.05,0.0012318355695443044,False,1.6640326584243337,-3.335894763627084,,,,,,,,,,,,,,
US_UTILITIES,D,ES,"Dominion Energy, Inc.",Eversource Energy (D/B/A),-2.8009184605234108,0.05814269224291944,0.05,0.0012318355695443044,False,0.9766398143411702,-0.025702470919581444,,,,,,,,,,,,,,
US_UTILITIES,AEE,XEL,Ameren Corporation,Xcel Energy Inc.,-2.7277003394837216,0.06936632928811035,0.05,0.0012318355695443044,False,0.9872907287339966,0.3684164555472229,,,,,,,,,,,,,,
US_UTILITIES,AEP,FE,American Electric Power Company,FirstEnergy Corp.,-2.7140081566546854,0.0716454559605557,0.05,0.0012318355695443044,False,1.4456293354445602,-0.7277398427792727,,,,,,,,,,,,,,
US_UTILITIES,AEE,WEC,Ameren Corporation,"WEC Energy Group, Inc.",-2.698901832287335,0.07422849287374281,0.05,0.0012318355695443044,False,1.0954795914951843,-0.507057724282495,,,,,,,,,,,,,,
US_UTILITIES,DUK,FE,Duke Energy Corporation (Holdin,FirstEnergy Corp.,-2.690880019597417,0.07562976350931402,0.05,0.0012318355695443044,False,0.7878110715575513,1.796810562484382,,,,,,,,,,,,,,
US_UTILITIES,EXC,XEL,Exelon Corporation,Xcel Energy Inc.,-2.656256433987405,0.08191847118508594,0.05,0.0012318355695443044,False,0.8418759828716827,0.1586698410564069,,,,,,,,,,,,,,
US_UTILITIES,AEE,SO,Ameren Corporation,Southern Company (The),-2.602167895856683,0.09255003474783091,0.05,0.0012318355695443044,False,2.0319417522425054,-4.519813078322328,,,,,,,,,,,,,,
US_UTILITIES,AEP,SO,American Electric Power Company,Southern Company (The),-2.5940242612021387,0.09423863160652962,0.05,0.0012318355695443044,False,2.2225612084860016,-5.249628486331472,,,,,,,,,,,,,,
US_UTILITIES,ES,XEL,Eversource Energy (D/B/A),Xcel Energy Inc.,-2.558645828599793,0.10184904327210931,0.05,0.0012318355695443044,False,0.6871456837220962,1.22870798880294,,,,,,,,,,,,,,
US_UTILITIES,D,FE,"Dominion Energy, Inc.",FirstEnergy Corp.,-2.5432669930312004,0.10529867419247052,0.05,0.0012318355695443044,False,0.9552368002789099,0.45012097060084333,,,,,,,,,,,,,,
US_UTILITIES,SO,WEC,Southern Company (The),"WEC Energy Group, Inc.",-2.534774253133892,0.10724096443679809,0.05,0.0012318355695443044,False,0.5558295758092666,1.8980425238771441,,,,,,,,,,,,,,
US_UTILITIES,ED,ES,"Consolidated Edison, Inc.",Eversource Energy (D/B/A),-2.50705654673273,0.11376681793672472,0.05,0.0012318355695443044,False,0.7110130742262065,1.6457609673041467,,,,,,,,,,,,,,
US_UTILITIES,SO,XEL,Southern Company (The),Xcel Energy Inc.,-2.504299050448708,0.11443182035168353,0.05,0.0012318355695443044,False,0.48112951261566117,2.425742636552051,,,,,,,,,,,,,,
US_UTILITIES,EXC,SO,Exelon Corporation,Southern Company (The),-2.394195505440088,0.14338139100411879,0.05,0.0012318355695443044,False,1.7018694138652126,-3.8724299094886447,,,,,,,,,,,,,,
US_UTILITIES,ES,WEC,Eversource Energy (D/B/A),"WEC Energy Group, Inc.",-2.369012332331488,0.15067409945677035,0.05,0.0012318355695443044,False,0.7701674308595896,0.5838704585700776,,,,,,,,,,,,,,
US_UTILITIES,AEE,ES,Ameren Corporation,Eversource Energy (D/B/A),-2.3352609202098344,0.16084762275718256,0.05,0.0012318355695443044,False,1.4764334838267035,-1.5604986583854208,,,,,,,,,,,,,,
US_UTILITIES,FE,SO,FirstEnergy Corp.,Southern Company (The),-2.314148986586811,0.16744523998776673,0.05,0.0012318355695443044,False,1.5667697687982713,-3.2586295922083313,,,,,,,,,,,,,,
US_UTILITIES,ES,PPL,Eversource Energy (D/B/A),PPL Corporation,-2.3083768721628974,0.1692804956343794,0.05,0.0012318355695443044,False,1.0224048186284405,0.5496436328085115,,,,,,,,,,,,,,
US_UTILITIES,ES,EXC,Eversource Energy (D/B/A),Exelon Corporation,-2.2528930820340793,0.18761102176839195,0.05,0.0012318355695443044,False,0.8303699396435056,1.0466909594287013,,,,,,,,,,,,,,
US_UTILITIES,AEP,ED,American Electric Power Company,"Consolidated Edison, Inc.",-2.2401770397728997,0.19198786543174545,0.05,0.0012318355695443044,False,2.0440540092900656,-4.710083159783535,,,,,,,,,,,,,,
US_UTILITIES,AEP,PPL,American Electric Power Company,PPL Corporation,-2.2214782506839077,0.19854264089718415,0.05,0.0012318355695443044,False,1.5270686729058247,-0.6911817430057887,,,,,,,,,,,,,,
US_UTILITIES,D,XEL,"Dominion Energy, Inc.",Xcel Energy Inc.,-2.214717271693522,0.2009473633795512,0.05,0.0012318355695443044,False,0.6986012508656683,1.0583412457218264,,,,,,,,,,,,,,
US_UTILITIES,ED,EXC,"Consolidated Edison, Inc.",Exelon Corporation,-2.1944824557818303,0.2082540984692668,0.05,0.0012318355695443044,False,0.6399803580623518,2.206156358433237,,,,,,,,,,,,,,
US_UTILITIES,ED,SO,"Consolidated Edison, Inc.",Southern Company (The),-2.165843506773754,0.2188749510851023,0.05,0.0012318355695443044,False,1.1404600871224941,-0.500600597944012,,,,,,,,,,,,,,
US_UTILITIES,D,SO,"Dominion Energy, Inc.",Southern Company (The),-2.12530208476194,0.23446295442310394,0.05,0.0012318355695443044,False,1.4525014296209737,-2.466065383655356,,,,,,,,,,,,,,
US_UTILITIES,D,DUK,"Dominion Energy, Inc.",Duke Energy Corporation (Holdin,-2.123963585856718,0.2349885256645068,0.05,0.0012318355695443044,False,1.2075581853941888,-1.7050913591121857,,,,,,,,,,,,,,
US_UTILITIES,AEE,D,Ameren Corporation,"Dominion Energy, Inc.",-2.090558733336974,0.24832789021593094,0.05,0.0012318355695443044,False,1.4246973805643874,-1.1731442558113923,,,,,,,,,,,,,,
US_UTILITIES,FE,XEL,FirstEnergy Corp.,Xcel Energy Inc.,-2.0862963967376142,0.25006047113518287,0.05,0.0012318355695443044,False,0.7175682767536451,0.6947714468522554,,,,,,,,,,,,,,
US_UTILITIES,AEE,AEP,Ameren Corporation,American Electric Power Company,-2.082529271324478,0.2515974470495491,0.05,0.0012318355695443044,False,0.9201320703154419,0.25215483625592316,,,,,,,,,,,,,,
US_UTILITIES,ED,FE,"Consolidated Edison, Inc.",FirstEnergy Corp.,-2.069851602548234,0.25680890453129523,0.05,0.0012318355695443044,False,0.7146671561465696,1.920616472633188,,,,,,,,,,,,,,
US_UTILITIES,AEP,WEC,American Electric Power Company,"WEC Energy Group, Inc.",-2.0323420580903506,0.2725746975389586,0.05,0.0012318355695443044,False,1.204211943067,-0.8878549979932622,,,,,,,,,,,,,,
US_UTILITIES,ED,PPL,"Consolidated Edison, Inc.",PPL Corporation,-2.021435775862278,0.2772540619658863,0.05,0.0012318355695443044,False,0.7559026367341698,1.9352801511374298,,,,,,,,,,,,,,
US_UTILITIES,AEE,ED,Ameren Corporation,"Consolidated Edison, Inc.",-2.0098009794285465,0.28229231493634,0.05,0.0012318355695443044,False,1.9469530665931214,-4.384661746136785,,,,,,,,,,,,,,
US_UTILITIES,DUK,ED,Duke Energy Corporation (Holdin,"Consolidated Edison, Inc.",-1.9135372182490493,0.32571981903124175,0.05,0.0012318355695443044,False,1.0522555668964977,-0.09100589249721303,,,,,,,,,,,,,,
US_UTILITIES,FE,PPL,FirstEnergy Corp.,PPL Corporation,-1.9008204370080304,0.3316752497432707,0.05,0.0012318355695443044,False,1.0464397178387268,0.05989664459269406,,,,,,,,,,,,,,
US_UTILITIES,ED,WEC,"Consolidated Edison, Inc.","WEC Energy Group, Inc.",-1.8899113279444895,0.33682192285044377,0.05,0.0012318355695443044,False,0.581274074546716,1.9060469375811073,,,,,,,,,,,,,,
US_UTILITIES,ED,XEL,"Consolidated Edison, Inc.",Xcel Energy Inc.,-1.8870288981151537,0.3381875137095994,0.05,0.0012318355695443044,False,0.48059421280214976,2.553009641326346,,,,,,,,,,,,,,
US_UTILITIES,AEP,XEL,American Electric Power Company,Xcel Energy Inc.,-1.8564741066876598,0.3528057371171802,0.05,0.0012318355695443044,False,1.0717445718574705,0.13159530431014588,,,,,,,,,,,,,,
US_UTILITIES,AEE,FE,Ameren Corporation,FirstEnergy Corp.,-1.848958974970846,0.35643982897106063,0.05,0.0012318355695443044,False,1.400858717338146,-0.6804089004401952,,,,,,,,,,,,,,
US_UTILITIES,FE,WEC,FirstEnergy Corp.,"WEC Energy Group, Inc.",-1.791106014825649,0.3848861650353103,0.05,0.0012318355695443044,False,0.7979554240387815,0.050402211210129,,,,,,,,,,,,,,
US_UTILITIES,D,WEC,"Dominion Energy, Inc.","WEC Energy Group, Inc.",-1.733891597912413,0.41374049692276216,0.05,0.0012318355695443044,False,0.775333068779317,0.43804221465110427,,,,,,,,,,,,,,
US_UTILITIES,AEP,EXC,American Electric Power Company,Exelon Corporation,-1.709722726173262,0.4261101265078697,0.05,0.0012318355695443044,False,1.2755689381712505,-0.07976265868781418,,,,,,,,,,,,,,
US_UTILITIES,D,ED,"Dominion Energy, Inc.","Consolidated Edison, Inc.",-1.6801666730727056,0.4413590803012838,0.05,0.0012318355695443044,False,1.3428819110346997,-2.145692855920071,,,,,,,,,,,,,,
US_UTILITIES,EXC,FE,Exelon Corporation,FirstEnergy Corp.,-1.6346576312034335,0.4650536771146435,0.05,0.0012318355695443044,False,1.1632533770124465,-0.6193318596987911,,,,,,,,,,,,,,
US_UTILITIES,D,PPL,"Dominion Energy, Inc.",PPL Corporation,-1.588546557426792,0.4893443767148926,0.05,0.0012318355695443044,False,0.9946566560256365,0.524617672610181,,,,,,,,,,,,,,
US_UTILITIES,D,EXC,"Dominion Energy, Inc.",Exelon Corporation,-0.9593398783870924,0.7678038946120975,0.05,0.0012318355695443044,False,0.8184545775040947,0.9687955835832986,,,,,,,,,,,,,,
